id,radius,length,pd_radius,pd_length,sld,sld_solvent,model_scale,model_abs
cyl_000000,94.024399,300.110836,0.039017,0.027566,1.643748,1.0,1.0,0.0
cyl_000001,116.996194,803.890961,0.04939,0.063988,6.556736,1.0,1.0,0.0
cyl_000002,52.774327,700.637445,0.157854,0.23512,1.843783,1.0,1.0,0.0
cyl_000003,90.211514,345.205794,0.200017,0.195002,7.469889,1.0,1.0,0.0
cyl_000004,111.314553,414.78544,0.186012,0.106963,4.786471,1.0,1.0,0.0
cyl_000005,186.193695,266.0578,0.169837,0.268145,7.216766,1.0,1.0,0.0
cyl_000006,42.938445,398.544573,0.034421,0.007459,5.841979,1.0,1.0,0.0
cyl_000007,37.483874,304.760013,0.272001,0.008902,5.598114,1.0,1.0,0.0
cyl_000008,22.453464,622.850783,0.056127,0.227541,2.273479,1.0,1.0,0.0
cyl_000009,75.431109,563.309916,0.229534,0.097768,7.995202,1.0,1.0,0.0
cyl_000010,21.760949,255.960454,0.138958,0.222978,4.96102,1.0,1.0,0.0
cyl_000011,29.87267,799.111143,0.150455,0.227638,4.568808,1.0,1.0,0.0
cyl_000012,156.789535,209.966828,0.193694,0.175613,1.916366,1.0,1.0,0.0
cyl_000013,93.093323,291.22341,0.100729,0.016119,4.695935,1.0,1.0,0.0
cyl_000014,30.668882,445.391681,0.285275,0.122474,6.345253,1.0,1.0,0.0
cyl_000015,198.020284,446.324099,0.052263,0.250637,1.675134,1.0,1.0,0.0
cyl_000016,31.468925,678.907763,0.064859,0.007338,7.232762,1.0,1.0,0.0
cyl_000017,32.284253,290.559717,0.227668,0.071333,2.981135,1.0,1.0,0.0
cyl_000018,44.43116,451.25178,0.086463,0.070683,2.210642,1.0,1.0,0.0
cyl_000019,94.485216,265.355762,0.008274,0.183749,6.045982,1.0,1.0,0.0
cyl_000020,73.997318,301.931945,0.015014,0.07777,3.535192,1.0,1.0,0.0
cyl_000021,30.242951,713.759908,0.172823,0.0806,3.838432,1.0,1.0,0.0
cyl_000022,46.837782,718.92675,0.161672,0.249823,3.698093,1.0,1.0,0.0
cyl_000023,42.611484,931.315409,0.173228,0.076197,7.65718,1.0,1.0,0.0
cyl_000024,90.681608,503.012805,0.226054,0.067325,3.803434,1.0,1.0,0.0
cyl_000025,82.305822,272.855567,0.002934,0.211195,6.846593,1.0,1.0,0.0
cyl_000026,172.393871,666.179518,0.256485,0.0821,5.570761,1.0,1.0,0.0
cyl_000027,102.443725,310.333106,0.079393,0.127232,6.516322,1.0,1.0,0.0
cyl_000028,75.327228,775.250384,0.074977,0.096961,3.638488,1.0,1.0,0.0
cyl_000029,122.069015,759.479736,0.284755,0.021533,2.648505,1.0,1.0,0.0
cyl_000030,184.32458,475.826694,0.191777,0.168445,7.387935,1.0,1.0,0.0
cyl_000031,36.797477,292.551066,0.015383,0.115948,2.838812,1.0,1.0,0.0
cyl_000032,165.66967,398.611912,0.007445,0.031687,6.580473,1.0,1.0,0.0
cyl_000033,81.189915,758.104205,0.053846,0.097336,6.380174,1.0,1.0,0.0
cyl_000034,91.365103,795.470788,0.096193,0.031896,4.304588,1.0,1.0,0.0
cyl_000035,131.244608,507.160132,0.23094,0.165289,3.005475,1.0,1.0,0.0
cyl_000036,28.298539,287.12512,0.285392,0.053947,7.979757,1.0,1.0,0.0
cyl_000037,171.785033,968.620738,0.013371,0.095952,1.545271,1.0,1.0,0.0
cyl_000038,68.044264,484.366113,0.066809,0.026559,3.776239,1.0,1.0,0.0
cyl_000039,126.622947,650.724028,0.025914,0.042346,1.970406,1.0,1.0,0.0
cyl_000040,32.588577,725.840179,0.260519,0.275348,4.472706,1.0,1.0,0.0
cyl_000041,95.851371,633.029642,0.203892,0.280837,1.504685,1.0,1.0,0.0
cyl_000042,81.833635,264.464956,0.251854,0.066928,3.54286,1.0,1.0,0.0
cyl_000043,23.408164,221.464478,0.072338,0.077361,7.949661,1.0,1.0,0.0
cyl_000044,43.405895,574.348668,0.199829,0.087513,2.462477,1.0,1.0,0.0
cyl_000045,123.468128,638.337052,0.299498,0.059484,7.310678,1.0,1.0,0.0
cyl_000046,145.563569,511.857838,0.211036,0.038424,3.999642,1.0,1.0,0.0
cyl_000047,30.130636,443.582635,0.164674,0.226995,5.84543,1.0,1.0,0.0
cyl_000048,164.141752,297.409855,0.193454,0.100635,6.643052,1.0,1.0,0.0
cyl_000049,38.612524,514.674048,0.18192,0.05606,3.412522,1.0,1.0,0.0
cyl_000050,29.093889,330.536662,0.198728,0.178371,3.467955,1.0,1.0,0.0
cyl_000051,43.00433,450.472763,0.157133,0.05303,5.324803,1.0,1.0,0.0
cyl_000052,138.564664,428.076118,0.112678,0.027144,0.890513,1.0,1.0,0.0
cyl_000053,139.441524,683.229126,0.277231,0.167737,2.073297,1.0,1.0,0.0
cyl_000054,95.599652,657.12,0.113931,0.259554,4.74495,1.0,1.0,0.0
cyl_000055,44.32283,768.739953,0.061878,0.125097,4.44861,1.0,1.0,0.0
cyl_000056,39.00866,880.527009,0.162576,0.25496,7.20337,1.0,1.0,0.0
cyl_000057,44.999685,585.132356,0.137485,0.13928,6.034039,1.0,1.0,0.0
cyl_000058,62.819933,898.780071,0.187726,0.095282,4.231905,1.0,1.0,0.0
cyl_000059,147.759039,326.373721,0.225703,0.182044,2.533613,1.0,1.0,0.0
cyl_000060,54.054658,392.934295,0.293409,0.082621,1.271066,1.0,1.0,0.0
cyl_000061,88.661306,203.35217,0.091678,0.291994,6.651353,1.0,1.0,0.0
cyl_000062,24.224246,547.87007,0.176236,0.242583,0.65266,1.0,1.0,0.0
cyl_000063,142.873163,273.347235,0.233243,0.14757,3.734815,1.0,1.0,0.0
cyl_000064,25.347617,724.537107,0.068668,0.056965,5.608369,1.0,1.0,0.0
cyl_000065,50.043493,232.233859,0.251269,0.269581,2.970854,1.0,1.0,0.0
cyl_000066,99.070952,581.741998,0.136707,0.221962,2.537622,1.0,1.0,0.0
cyl_000067,41.502199,774.572201,0.276422,0.232323,3.745032,1.0,1.0,0.0
cyl_000068,158.31958,249.783447,0.026522,0.067965,1.146932,1.0,1.0,0.0
cyl_000069,93.709242,387.812027,0.133168,0.091373,1.679534,1.0,1.0,0.0
cyl_000070,141.367113,203.971225,0.250977,0.231888,6.803648,1.0,1.0,0.0
cyl_000071,69.718564,513.122381,0.126622,0.297316,4.258219,1.0,1.0,0.0
cyl_000072,118.936635,590.704255,0.033906,0.182805,2.840174,1.0,1.0,0.0
cyl_000073,41.801073,415.97544,0.078061,0.239556,4.347573,1.0,1.0,0.0
cyl_000074,179.029037,461.729302,0.10547,0.003661,4.915685,1.0,1.0,0.0
cyl_000075,131.226622,292.138098,0.053478,0.042137,6.570721,1.0,1.0,0.0
cyl_000076,26.933794,201.189575,0.224752,0.107642,4.176614,1.0,1.0,0.0
cyl_000077,30.554342,498.427029,0.13033,0.279088,1.765448,1.0,1.0,0.0
cyl_000078,24.449489,467.051159,0.214441,0.025594,4.07831,1.0,1.0,0.0
cyl_000079,23.36312,294.921862,0.059037,0.015056,4.035164,1.0,1.0,0.0
cyl_000080,65.305511,530.186868,0.018734,0.055517,5.770588,1.0,1.0,0.0
cyl_000081,47.47905,346.184801,0.193835,0.003017,3.219337,1.0,1.0,0.0
cyl_000082,40.762222,264.792312,0.135118,0.196285,7.514394,1.0,1.0,0.0
cyl_000083,32.537868,878.040967,0.088574,0.184292,7.095117,1.0,1.0,0.0
cyl_000084,49.754868,229.165526,0.099166,0.234239,2.821872,1.0,1.0,0.0
cyl_000085,183.343585,263.420124,0.079721,0.209686,6.328902,1.0,1.0,0.0
cyl_000086,82.201505,213.541005,0.263191,0.077543,3.907767,1.0,1.0,0.0
cyl_000087,115.306349,962.61163,0.180926,0.145087,0.676046,1.0,1.0,0.0
cyl_000088,59.925244,340.582838,0.184474,0.187795,4.650257,1.0,1.0,0.0
cyl_000089,146.096565,625.378267,0.119268,0.105552,7.140325,1.0,1.0,0.0
cyl_000090,22.923848,435.705107,0.164144,0.193677,3.480408,1.0,1.0,0.0
cyl_000091,88.067594,345.06273,0.05989,0.014136,3.320687,1.0,1.0,0.0
cyl_000092,31.817377,238.596238,0.089116,0.123727,7.844354,1.0,1.0,0.0
cyl_000093,121.582227,200.046318,0.064187,0.23595,3.037528,1.0,1.0,0.0
cyl_000094,87.520248,459.309249,0.059823,0.12607,5.306145,1.0,1.0,0.0
cyl_000095,98.078939,937.336389,0.09684,0.161675,6.573636,1.0,1.0,0.0
cyl_000096,156.462147,649.036639,0.121926,0.197906,7.368235,1.0,1.0,0.0
cyl_000097,133.02999,532.055241,0.297923,0.093794,3.208064,1.0,1.0,0.0
cyl_000098,86.679359,427.821259,0.005092,0.257119,7.287412,1.0,1.0,0.0
cyl_000099,65.478403,634.559319,0.25449,0.071582,7.775827,1.0,1.0,0.0
cyl_000100,189.173946,991.659885,0.272403,0.037526,7.761072,1.0,1.0,0.0
cyl_000101,40.798016,207.548443,0.077581,0.156129,2.703808,1.0,1.0,0.0
cyl_000102,22.536148,264.99797,0.278559,0.296039,6.261207,1.0,1.0,0.0
cyl_000103,94.799199,293.916786,0.111253,0.205705,6.656502,1.0,1.0,0.0
cyl_000104,93.605279,965.278108,0.17717,0.123111,1.711382,1.0,1.0,0.0
cyl_000105,72.364946,883.619006,0.051645,0.161407,0.648874,1.0,1.0,0.0
cyl_000106,117.847857,533.32109,0.280735,0.006452,2.650691,1.0,1.0,0.0
cyl_000107,79.137008,408.912418,0.168321,0.247272,4.522537,1.0,1.0,0.0
cyl_000108,58.020035,324.483963,0.188377,0.258333,3.76796,1.0,1.0,0.0
cyl_000109,55.720478,344.665937,0.282044,0.017752,4.221117,1.0,1.0,0.0
cyl_000110,31.00058,374.402558,0.233323,0.192157,4.21926,1.0,1.0,0.0
cyl_000111,26.491098,475.678294,0.116767,0.004287,0.525492,1.0,1.0,0.0
cyl_000112,38.138113,778.891044,0.09792,0.081889,4.366068,1.0,1.0,0.0
cyl_000113,129.693279,874.984921,0.234186,0.059158,7.099623,1.0,1.0,0.0
cyl_000114,162.915212,361.464511,0.082174,0.141451,5.031271,1.0,1.0,0.0
cyl_000115,66.173454,273.947214,0.108758,0.206408,0.683716,1.0,1.0,0.0
cyl_000116,37.959014,922.983674,0.133556,0.118524,4.062402,1.0,1.0,0.0
cyl_000117,45.208337,255.668477,0.104158,0.14909,6.02931,1.0,1.0,0.0
cyl_000118,37.648473,320.525261,0.125001,0.01706,1.968501,1.0,1.0,0.0
cyl_000119,20.586118,787.117311,0.174538,0.034387,5.773048,1.0,1.0,0.0
cyl_000120,25.149412,294.327751,0.071846,0.164652,6.01235,1.0,1.0,0.0
cyl_000121,165.224639,319.473637,0.027368,0.001158,1.366352,1.0,1.0,0.0
cyl_000122,117.171156,450.271107,0.026895,0.220198,1.352098,1.0,1.0,0.0
cyl_000123,113.400296,338.354583,0.145166,0.24574,6.28329,1.0,1.0,0.0
cyl_000124,135.29755,946.070877,0.085824,0.067627,3.825583,1.0,1.0,0.0
cyl_000125,111.056193,378.564837,0.226276,0.075362,6.547203,1.0,1.0,0.0
cyl_000126,69.833314,382.429116,0.192191,0.034971,6.168265,1.0,1.0,0.0
cyl_000127,35.932402,914.867411,0.154882,0.071176,1.621747,1.0,1.0,0.0
cyl_000128,168.311304,226.906961,0.122836,0.009264,7.251781,1.0,1.0,0.0
cyl_000129,42.471877,262.580776,0.109965,0.122652,4.461814,1.0,1.0,0.0
cyl_000130,66.272221,219.477096,0.207564,0.221213,7.90994,1.0,1.0,0.0
cyl_000131,110.79136,271.971752,0.159523,0.018282,2.859252,1.0,1.0,0.0
cyl_000132,48.660581,555.403367,0.135915,0.285144,4.670886,1.0,1.0,0.0
cyl_000133,21.839768,357.518834,0.266501,0.018657,4.973671,1.0,1.0,0.0
cyl_000134,106.44782,681.732487,0.223696,0.125829,7.005527,1.0,1.0,0.0
cyl_000135,22.230551,239.251446,0.27404,0.298951,4.543972,1.0,1.0,0.0
cyl_000136,77.164926,407.664546,0.278313,0.134588,3.213341,1.0,1.0,0.0
cyl_000137,33.320976,488.738131,0.175264,0.098932,7.456465,1.0,1.0,0.0
cyl_000138,56.235576,253.042008,0.151652,0.013018,1.539237,1.0,1.0,0.0
cyl_000139,39.197225,311.26502,0.22068,0.121608,4.795972,1.0,1.0,0.0
cyl_000140,57.301278,270.900042,0.288726,0.146329,3.902834,1.0,1.0,0.0
cyl_000141,183.575943,274.301074,0.060408,0.251556,4.905032,1.0,1.0,0.0
cyl_000142,138.001759,734.673979,0.236592,0.054804,2.615711,1.0,1.0,0.0
cyl_000143,114.664935,472.80821,0.206086,0.105681,3.978996,1.0,1.0,0.0
cyl_000144,23.98606,294.743131,0.121716,0.026511,0.97073,1.0,1.0,0.0
cyl_000145,178.314925,846.406125,0.218017,0.167272,4.577061,1.0,1.0,0.0
cyl_000146,65.122153,310.073915,0.008743,0.039083,1.832737,1.0,1.0,0.0
cyl_000147,26.005457,928.961057,0.180216,0.15697,7.049159,1.0,1.0,0.0
cyl_000148,61.488714,409.120626,0.139482,0.116762,2.166082,1.0,1.0,0.0
cyl_000149,70.649015,653.876837,0.212664,0.081036,0.934786,1.0,1.0,0.0
cyl_000150,167.412379,644.910965,0.102702,0.052761,2.627034,1.0,1.0,0.0
cyl_000151,29.23909,265.214064,0.264081,0.15863,6.941515,1.0,1.0,0.0
cyl_000152,197.251369,502.385422,0.064354,0.181824,2.128706,1.0,1.0,0.0
cyl_000153,55.819455,769.95544,0.277195,0.21281,5.53068,1.0,1.0,0.0
cyl_000154,32.725543,549.690495,0.131088,0.111283,6.622116,1.0,1.0,0.0
cyl_000155,111.695655,653.743687,0.221732,0.22427,6.31057,1.0,1.0,0.0
cyl_000156,131.477064,223.042678,0.073606,0.153918,6.154859,1.0,1.0,0.0
cyl_000157,39.977571,226.974657,0.139809,0.297648,5.453821,1.0,1.0,0.0
cyl_000158,166.077268,274.570925,0.214078,0.062709,3.821987,1.0,1.0,0.0
cyl_000159,51.15105,258.185217,0.272106,0.266306,7.69916,1.0,1.0,0.0
cyl_000160,48.526992,346.997526,0.270843,0.224517,4.094611,1.0,1.0,0.0
cyl_000161,35.447997,533.657767,0.259086,0.222705,7.115126,1.0,1.0,0.0
cyl_000162,23.184454,315.808128,0.289363,0.107846,1.639054,1.0,1.0,0.0
cyl_000163,89.281526,250.976058,0.265992,0.292926,5.194261,1.0,1.0,0.0
cyl_000164,39.17293,812.762095,0.186722,0.031562,6.598745,1.0,1.0,0.0
cyl_000165,39.40796,299.500665,0.065839,0.183929,6.142628,1.0,1.0,0.0
cyl_000166,164.305028,789.154033,0.110243,0.042798,4.261718,1.0,1.0,0.0
cyl_000167,87.887806,424.506997,0.074024,0.053111,4.804149,1.0,1.0,0.0
cyl_000168,76.099492,270.456568,0.15761,0.151643,7.681245,1.0,1.0,0.0
cyl_000169,60.584898,366.489302,0.059155,0.280304,4.32596,1.0,1.0,0.0
cyl_000170,31.87678,317.033696,0.034945,0.149785,2.870052,1.0,1.0,0.0
cyl_000171,31.972513,468.736232,0.02428,0.256896,6.553644,1.0,1.0,0.0
cyl_000172,145.921449,539.992945,0.107038,0.254687,1.047974,1.0,1.0,0.0
cyl_000173,145.495963,262.813235,0.246302,0.009918,7.205289,1.0,1.0,0.0
cyl_000174,109.999366,718.360008,0.106535,0.020454,4.333282,1.0,1.0,0.0
cyl_000175,25.736186,489.519576,0.237226,0.150321,5.225518,1.0,1.0,0.0
cyl_000176,35.548067,288.541766,0.243396,0.073716,5.853762,1.0,1.0,0.0
cyl_000177,31.895241,477.256103,0.29288,0.001696,5.832067,1.0,1.0,0.0
cyl_000178,23.005001,403.70806,0.147344,0.205352,0.536208,1.0,1.0,0.0
cyl_000179,57.181784,315.946338,0.291531,0.131904,1.864912,1.0,1.0,0.0
cyl_000180,26.747457,783.941422,0.083271,0.127682,2.711925,1.0,1.0,0.0
cyl_000181,46.071803,201.947901,0.011861,0.24144,1.451564,1.0,1.0,0.0
cyl_000182,53.762641,442.665807,0.036905,0.275415,5.523836,1.0,1.0,0.0
cyl_000183,34.301271,398.218809,0.090642,0.143789,5.580456,1.0,1.0,0.0
cyl_000184,34.570299,542.718043,0.088294,0.12804,2.572715,1.0,1.0,0.0
cyl_000185,27.352675,335.380515,0.024049,0.118158,3.788791,1.0,1.0,0.0
cyl_000186,91.099972,886.570351,0.295075,0.296908,1.370795,1.0,1.0,0.0
cyl_000187,38.504972,794.965034,0.176348,0.178883,5.505603,1.0,1.0,0.0
cyl_000188,51.279219,312.72641,0.044634,0.177837,1.83109,1.0,1.0,0.0
cyl_000189,151.52542,208.80192,0.140038,0.179927,3.948854,1.0,1.0,0.0
cyl_000190,171.497745,372.068265,0.006296,0.29081,5.251477,1.0,1.0,0.0
cyl_000191,29.747819,226.54775,0.024493,0.257882,4.873221,1.0,1.0,0.0
cyl_000192,30.643181,233.692796,0.014932,0.26621,5.684954,1.0,1.0,0.0
cyl_000193,187.711365,205.841902,0.023115,0.00616,4.135265,1.0,1.0,0.0
cyl_000194,42.86546,277.243443,0.035266,0.029479,2.991315,1.0,1.0,0.0
cyl_000195,24.391834,336.41597,0.04953,0.166025,7.952011,1.0,1.0,0.0
cyl_000196,26.533598,673.973599,0.218276,0.112406,2.032588,1.0,1.0,0.0
cyl_000197,54.733853,249.258739,0.093837,0.176312,4.816891,1.0,1.0,0.0
cyl_000198,33.935548,649.585003,0.194938,0.044827,6.744414,1.0,1.0,0.0
cyl_000199,33.069895,568.965795,0.223462,0.194028,5.116792,1.0,1.0,0.0
cyl_000200,85.275363,670.924903,0.274836,0.083885,6.73329,1.0,1.0,0.0
cyl_000201,89.372604,740.40703,0.213116,0.009695,5.943778,1.0,1.0,0.0
cyl_000202,21.748903,252.000879,0.207637,0.002836,1.983841,1.0,1.0,0.0
cyl_000203,105.658636,457.373796,0.099084,0.124782,7.866397,1.0,1.0,0.0
cyl_000204,97.820479,323.818573,0.026301,0.171848,6.867935,1.0,1.0,0.0
cyl_000205,74.533243,822.914224,0.122133,0.054342,6.294927,1.0,1.0,0.0
cyl_000206,26.566842,250.085933,0.223134,0.191571,3.923535,1.0,1.0,0.0
cyl_000207,36.868179,422.769941,0.080211,0.157624,1.695183,1.0,1.0,0.0
cyl_000208,26.351909,556.585029,0.093248,0.076003,5.876753,1.0,1.0,0.0
cyl_000209,60.36123,722.602102,0.056497,0.038607,1.575255,1.0,1.0,0.0
cyl_000210,94.922224,251.781072,0.001745,0.287539,0.980721,1.0,1.0,0.0
cyl_000211,129.128373,935.608867,0.046912,0.148233,1.941517,1.0,1.0,0.0
cyl_000212,60.273702,577.009747,0.127973,0.19747,3.524668,1.0,1.0,0.0
cyl_000213,34.770552,220.476282,0.146759,0.162669,2.964276,1.0,1.0,0.0
cyl_000214,27.605438,339.736632,0.036624,0.032744,1.131915,1.0,1.0,0.0
cyl_000215,24.528479,405.139179,0.195777,0.196552,5.871634,1.0,1.0,0.0
cyl_000216,78.10902,299.791517,0.256154,0.202559,5.912576,1.0,1.0,0.0
cyl_000217,29.437937,457.834988,0.085171,0.018308,4.592513,1.0,1.0,0.0
cyl_000218,36.254959,427.016215,0.204266,0.020094,2.104288,1.0,1.0,0.0
cyl_000219,192.99395,895.440901,0.283903,0.059251,6.060503,1.0,1.0,0.0
cyl_000220,63.122012,922.315568,0.153017,0.081695,3.83505,1.0,1.0,0.0
cyl_000221,37.883199,636.887832,0.274284,0.144584,6.819786,1.0,1.0,0.0
cyl_000222,22.736746,281.00705,0.297127,0.257545,0.928077,1.0,1.0,0.0
cyl_000223,44.590623,214.305528,0.185089,0.206711,0.565215,1.0,1.0,0.0
cyl_000224,64.362754,261.080753,0.059251,0.034751,2.116972,1.0,1.0,0.0
cyl_000225,33.479136,670.559026,0.102055,0.006867,2.202251,1.0,1.0,0.0
cyl_000226,147.326509,703.259041,0.211156,0.187508,0.555457,1.0,1.0,0.0
cyl_000227,75.850391,310.768493,0.035122,0.244972,4.75604,1.0,1.0,0.0
cyl_000228,90.57543,210.424352,0.235468,0.046255,7.034421,1.0,1.0,0.0
cyl_000229,37.366841,247.953069,0.045402,0.11793,4.426423,1.0,1.0,0.0
cyl_000230,123.23419,318.173007,0.067495,0.006334,5.669139,1.0,1.0,0.0
cyl_000231,112.460418,988.793092,0.19233,0.042177,7.9552,1.0,1.0,0.0
cyl_000232,24.611214,529.031843,0.293906,0.267211,2.717898,1.0,1.0,0.0
cyl_000233,61.956809,526.679601,0.221951,0.103024,3.289719,1.0,1.0,0.0
cyl_000234,33.803832,405.06704,0.224943,0.117259,0.91025,1.0,1.0,0.0
cyl_000235,66.702961,627.099023,0.284303,0.182225,2.25525,1.0,1.0,0.0
cyl_000236,159.943027,346.330564,0.136929,0.224633,5.32203,1.0,1.0,0.0
cyl_000237,42.01306,273.11631,0.147275,0.159529,1.878581,1.0,1.0,0.0
cyl_000238,29.33075,490.463578,0.1143,0.274701,5.732151,1.0,1.0,0.0
cyl_000239,43.484744,236.092799,0.217129,0.097998,7.02747,1.0,1.0,0.0
cyl_000240,52.709986,690.355879,0.111864,0.194427,4.557124,1.0,1.0,0.0
cyl_000241,61.249982,377.612827,0.030454,0.151715,7.536567,1.0,1.0,0.0
cyl_000242,30.880762,396.378264,0.05466,0.074816,0.859932,1.0,1.0,0.0
cyl_000243,131.012329,455.54684,0.063784,0.053551,3.473047,1.0,1.0,0.0
cyl_000244,196.563625,339.085096,0.083721,0.113647,3.633626,1.0,1.0,0.0
cyl_000245,42.148272,781.681414,0.120394,0.272166,0.610472,1.0,1.0,0.0
cyl_000246,136.733628,594.973201,0.032372,0.271061,3.10602,1.0,1.0,0.0
cyl_000247,27.515036,357.697811,0.032658,0.031271,3.240705,1.0,1.0,0.0
cyl_000248,83.9164,884.415586,0.268594,0.223247,2.034618,1.0,1.0,0.0
cyl_000249,73.202626,327.799495,0.093928,0.051874,1.08012,1.0,1.0,0.0
cyl_000250,69.614407,872.434778,0.26481,0.03632,7.733152,1.0,1.0,0.0
cyl_000251,32.875793,204.429567,0.270681,0.274092,6.541607,1.0,1.0,0.0
cyl_000252,68.254797,656.661093,0.076883,0.103771,6.335942,1.0,1.0,0.0
cyl_000253,43.293632,474.760925,0.248884,0.065494,5.729519,1.0,1.0,0.0
cyl_000254,49.02312,350.914745,0.014496,0.076642,7.526109,1.0,1.0,0.0
cyl_000255,20.894543,823.845216,0.254107,0.265844,6.379282,1.0,1.0,0.0
cyl_000256,83.725183,404.576064,0.037063,0.139376,5.405243,1.0,1.0,0.0
cyl_000257,88.857617,829.449842,0.123613,0.104176,4.512686,1.0,1.0,0.0
cyl_000258,114.359979,756.010764,0.000979,0.199301,0.939014,1.0,1.0,0.0
cyl_000259,109.36659,708.399185,0.294925,0.189288,1.630898,1.0,1.0,0.0
cyl_000260,47.398522,349.488769,0.250625,0.297049,3.330457,1.0,1.0,0.0
cyl_000261,80.727391,869.210824,0.275208,0.285257,3.811283,1.0,1.0,0.0
cyl_000262,33.182954,661.012566,0.152154,0.163182,6.160941,1.0,1.0,0.0
cyl_000263,136.49983,692.55247,0.261904,0.12717,6.163759,1.0,1.0,0.0
cyl_000264,47.148199,809.983006,0.07577,0.164796,1.899284,1.0,1.0,0.0
cyl_000265,23.30511,219.357638,0.156034,0.017302,7.210013,1.0,1.0,0.0
cyl_000266,25.274169,220.150804,0.181106,0.159336,0.664726,1.0,1.0,0.0
cyl_000267,28.439319,376.959954,0.201327,0.218292,5.34665,1.0,1.0,0.0
cyl_000268,129.209369,463.005089,0.030614,0.14212,7.119628,1.0,1.0,0.0
cyl_000269,46.00899,229.928774,0.027028,0.2688,4.976883,1.0,1.0,0.0
cyl_000270,20.046278,350.055326,0.269042,0.061016,2.575529,1.0,1.0,0.0
cyl_000271,37.059604,340.417909,0.039212,0.278919,7.172381,1.0,1.0,0.0
cyl_000272,33.020921,273.614283,0.08402,0.048491,1.79207,1.0,1.0,0.0
cyl_000273,28.104827,240.440321,0.211672,0.241533,5.182636,1.0,1.0,0.0
cyl_000274,84.59414,893.179575,0.279854,0.062905,6.993229,1.0,1.0,0.0
cyl_000275,62.238688,296.011351,0.0162,0.161176,5.858265,1.0,1.0,0.0
cyl_000276,180.762453,253.324673,0.298359,0.023852,2.876633,1.0,1.0,0.0
cyl_000277,28.760643,391.840044,0.284401,0.029088,5.697812,1.0,1.0,0.0
cyl_000278,25.300394,423.200722,0.132877,0.246937,6.698534,1.0,1.0,0.0
cyl_000279,92.823587,480.941705,0.023967,0.28037,1.796985,1.0,1.0,0.0
cyl_000280,50.291214,638.924848,0.265324,0.152718,3.026875,1.0,1.0,0.0
cyl_000281,72.52539,771.312814,0.027246,0.088817,2.418857,1.0,1.0,0.0
cyl_000282,25.60499,366.921008,0.231269,0.043078,7.088801,1.0,1.0,0.0
cyl_000283,25.397853,333.854321,0.248251,0.087066,4.827382,1.0,1.0,0.0
cyl_000284,112.61709,327.071667,0.106205,0.230641,6.018281,1.0,1.0,0.0
cyl_000285,32.754632,447.153493,0.240823,0.062404,1.880841,1.0,1.0,0.0
cyl_000286,105.059432,687.334367,0.227283,0.120255,2.829256,1.0,1.0,0.0
cyl_000287,99.749601,521.968792,0.020237,0.004597,2.279086,1.0,1.0,0.0
cyl_000288,84.689116,857.591322,0.00527,0.142443,2.524754,1.0,1.0,0.0
cyl_000289,65.692038,484.849024,0.064262,0.021029,1.325958,1.0,1.0,0.0
cyl_000290,108.355033,875.778523,0.00342,0.219936,7.040323,1.0,1.0,0.0
cyl_000291,41.200484,442.257334,0.258277,0.033652,2.370283,1.0,1.0,0.0
cyl_000292,20.202878,721.694312,0.123416,0.219258,5.474005,1.0,1.0,0.0
cyl_000293,75.882734,296.407864,0.269455,0.012012,6.234844,1.0,1.0,0.0
cyl_000294,32.184464,373.857476,0.108958,0.206028,1.801824,1.0,1.0,0.0
cyl_000295,49.278602,288.289335,0.265439,0.059556,6.39912,1.0,1.0,0.0
cyl_000296,181.12358,591.313116,0.068375,0.270507,7.064495,1.0,1.0,0.0
cyl_000297,32.937728,525.004418,0.100841,0.108646,6.341045,1.0,1.0,0.0
cyl_000298,52.618186,296.948052,0.069853,0.023344,7.320171,1.0,1.0,0.0
cyl_000299,83.532049,467.479655,0.23803,0.14521,5.142386,1.0,1.0,0.0
cyl_000300,32.918967,270.391125,0.128266,0.253496,5.088478,1.0,1.0,0.0
cyl_000301,106.619043,396.342657,0.155589,0.132968,6.00845,1.0,1.0,0.0
cyl_000302,186.664596,807.996781,0.276755,0.244805,5.807946,1.0,1.0,0.0
cyl_000303,97.453213,605.842068,0.161968,0.084239,4.629986,1.0,1.0,0.0
cyl_000304,101.563973,389.26511,0.114035,0.040784,4.718003,1.0,1.0,0.0
cyl_000305,25.988884,856.074788,0.285051,0.082987,2.276509,1.0,1.0,0.0
cyl_000306,106.250986,776.473215,0.117598,0.286667,2.115121,1.0,1.0,0.0
cyl_000307,55.263857,503.744371,0.145484,0.064088,1.103506,1.0,1.0,0.0
cyl_000308,46.672278,591.180005,0.184157,0.197359,4.066341,1.0,1.0,0.0
cyl_000309,184.908561,479.843526,0.056893,0.069181,2.503513,1.0,1.0,0.0
cyl_000310,42.292955,205.965497,0.296026,0.082014,7.707918,1.0,1.0,0.0
cyl_000311,42.520241,217.764544,0.104301,0.041953,6.871555,1.0,1.0,0.0
cyl_000312,163.301085,905.718025,0.183344,0.210847,6.359054,1.0,1.0,0.0
cyl_000313,67.647324,222.519859,0.013687,0.081401,6.047862,1.0,1.0,0.0
cyl_000314,39.267681,457.571038,0.255408,0.086239,6.211325,1.0,1.0,0.0
cyl_000315,53.580326,229.495863,0.261351,0.214889,3.882278,1.0,1.0,0.0
cyl_000316,25.873983,294.071401,0.279533,0.041078,3.095495,1.0,1.0,0.0
cyl_000317,35.878542,289.844141,0.090303,0.248263,3.45312,1.0,1.0,0.0
cyl_000318,28.044016,509.13863,0.075946,0.284443,4.316393,1.0,1.0,0.0
cyl_000319,82.019753,400.799269,0.001061,0.002214,5.458423,1.0,1.0,0.0
cyl_000320,190.106702,971.639359,0.260557,0.09934,0.586646,1.0,1.0,0.0
cyl_000321,22.297354,304.376724,0.25726,0.017179,4.526819,1.0,1.0,0.0
cyl_000322,84.350603,331.042199,0.29113,0.122777,3.720988,1.0,1.0,0.0
cyl_000323,77.945062,819.206054,0.153881,0.178655,4.918235,1.0,1.0,0.0
cyl_000324,101.449218,254.268397,0.098395,0.215831,6.083291,1.0,1.0,0.0
cyl_000325,20.975807,334.23072,0.078183,0.19182,3.04196,1.0,1.0,0.0
cyl_000326,151.693047,256.305755,0.043516,0.076742,6.485513,1.0,1.0,0.0
cyl_000327,30.464386,980.681455,0.097361,0.160199,7.757321,1.0,1.0,0.0
cyl_000328,101.027838,440.900911,0.135197,0.077608,2.427434,1.0,1.0,0.0
cyl_000329,88.318798,960.941785,0.298332,0.272705,0.792156,1.0,1.0,0.0
cyl_000330,192.504123,276.81463,0.12134,0.109575,0.936265,1.0,1.0,0.0
cyl_000331,45.840674,244.19931,0.051361,0.060135,6.863742,1.0,1.0,0.0
cyl_000332,25.53664,430.674277,0.142447,0.133979,1.93837,1.0,1.0,0.0
cyl_000333,21.598393,272.062984,0.158699,0.040844,5.451632,1.0,1.0,0.0
cyl_000334,25.580547,559.101884,0.009169,0.221817,0.518661,1.0,1.0,0.0
cyl_000335,26.903628,336.011284,0.255258,0.184417,4.946035,1.0,1.0,0.0
cyl_000336,80.581568,748.300284,0.271469,0.144773,2.486073,1.0,1.0,0.0
cyl_000337,26.834484,557.724649,0.114342,0.096788,5.289701,1.0,1.0,0.0
cyl_000338,40.271503,277.712355,0.279323,0.162307,5.948098,1.0,1.0,0.0
cyl_000339,56.821146,694.455664,0.294607,0.08584,5.718591,1.0,1.0,0.0
cyl_000340,34.813696,224.04953,0.016956,0.203963,6.826071,1.0,1.0,0.0
cyl_000341,94.192593,319.811354,0.196162,0.001314,7.180246,1.0,1.0,0.0
cyl_000342,46.739115,927.248766,0.067044,0.181507,4.375549,1.0,1.0,0.0
cyl_000343,51.388598,619.153904,0.178996,0.141879,3.055637,1.0,1.0,0.0
cyl_000344,34.32441,201.337923,0.039475,0.123568,7.74323,1.0,1.0,0.0
cyl_000345,190.287383,489.845727,0.042117,0.201773,0.529064,1.0,1.0,0.0
cyl_000346,20.694375,736.035076,0.279026,0.16922,6.709349,1.0,1.0,0.0
cyl_000347,25.031258,376.730966,0.256025,0.126539,4.964733,1.0,1.0,0.0
cyl_000348,29.609546,228.453705,0.007675,0.244537,5.691713,1.0,1.0,0.0
cyl_000349,169.099228,238.500771,0.207991,0.128799,3.65397,1.0,1.0,0.0
cyl_000350,40.310481,250.836919,0.048522,0.236383,5.425162,1.0,1.0,0.0
cyl_000351,195.581263,319.140842,0.113837,0.206315,1.493824,1.0,1.0,0.0
cyl_000352,29.396461,331.828431,0.005645,0.055322,4.402624,1.0,1.0,0.0
cyl_000353,157.009182,707.967143,0.275391,0.038241,7.305998,1.0,1.0,0.0
cyl_000354,43.978238,737.235673,0.101329,0.188764,6.793977,1.0,1.0,0.0
cyl_000355,23.434146,452.457978,0.157308,0.294429,7.262454,1.0,1.0,0.0
cyl_000356,61.905544,210.598512,0.297658,0.075156,6.075909,1.0,1.0,0.0
cyl_000357,132.409097,353.968358,0.116632,0.290085,1.721426,1.0,1.0,0.0
cyl_000358,39.385385,244.912698,0.139766,0.010348,1.560452,1.0,1.0,0.0
cyl_000359,29.628967,491.294306,0.231733,0.10896,3.865541,1.0,1.0,0.0
cyl_000360,27.915776,744.865412,0.218442,0.225439,3.3003,1.0,1.0,0.0
cyl_000361,114.884525,468.255387,0.042346,0.118368,0.759387,1.0,1.0,0.0
cyl_000362,77.308839,329.721764,0.168663,0.160661,2.374066,1.0,1.0,0.0
cyl_000363,194.477495,272.384917,0.201105,0.167957,2.35572,1.0,1.0,0.0
cyl_000364,124.822112,389.95228,0.298189,0.209103,2.456473,1.0,1.0,0.0
cyl_000365,20.809263,631.430232,0.132113,0.165484,2.209437,1.0,1.0,0.0
cyl_000366,112.735173,300.315544,0.235864,0.108298,1.124998,1.0,1.0,0.0
cyl_000367,55.009917,564.61454,0.00285,0.163227,6.91085,1.0,1.0,0.0
cyl_000368,148.495535,853.821892,0.241861,0.299923,2.778751,1.0,1.0,0.0
cyl_000369,20.953974,257.076708,0.296725,0.005967,3.40379,1.0,1.0,0.0
cyl_000370,33.690281,929.913281,0.001286,0.065922,0.961928,1.0,1.0,0.0
cyl_000371,167.774956,726.567763,0.000189,0.281423,7.247292,1.0,1.0,0.0
cyl_000372,34.933425,371.436755,0.071061,0.088014,6.895577,1.0,1.0,0.0
cyl_000373,35.034951,811.703172,0.271667,0.049299,4.019108,1.0,1.0,0.0
cyl_000374,122.48793,212.734577,0.173698,0.176441,2.180586,1.0,1.0,0.0
cyl_000375,96.880624,559.452328,0.138553,0.141351,5.706601,1.0,1.0,0.0
cyl_000376,65.804938,472.741281,0.229344,0.204625,1.293155,1.0,1.0,0.0
cyl_000377,152.772055,557.449342,0.05199,0.051456,3.282415,1.0,1.0,0.0
cyl_000378,37.44176,215.91572,0.286158,0.245991,3.956608,1.0,1.0,0.0
cyl_000379,21.04321,360.200329,0.054231,0.261545,6.026992,1.0,1.0,0.0
cyl_000380,104.363296,222.213434,0.212442,0.113249,0.602639,1.0,1.0,0.0
cyl_000381,52.788111,510.290546,0.209719,0.088529,2.68398,1.0,1.0,0.0
cyl_000382,110.653123,269.723295,0.201975,0.17958,1.171773,1.0,1.0,0.0
cyl_000383,49.18049,239.577052,0.129433,0.264159,4.883582,1.0,1.0,0.0
cyl_000384,47.342138,614.388661,0.101919,0.150067,6.503895,1.0,1.0,0.0
cyl_000385,41.47409,855.203818,0.212318,0.217189,3.515906,1.0,1.0,0.0
cyl_000386,26.819865,436.831497,0.082627,0.279768,2.591624,1.0,1.0,0.0
cyl_000387,137.828716,225.581732,0.195225,0.052417,2.138087,1.0,1.0,0.0
cyl_000388,71.408201,219.685636,0.169449,0.040247,5.09446,1.0,1.0,0.0
cyl_000389,37.922506,613.869701,0.136536,0.218405,6.042418,1.0,1.0,0.0
cyl_000390,87.085533,293.131889,0.029048,0.113479,2.176607,1.0,1.0,0.0
cyl_000391,70.460704,791.691781,0.161044,0.055029,2.366479,1.0,1.0,0.0
cyl_000392,75.588032,413.805818,0.062594,0.258145,4.718852,1.0,1.0,0.0
cyl_000393,60.955142,248.42564,0.285611,0.254192,4.64442,1.0,1.0,0.0
cyl_000394,107.981754,315.087612,0.190532,0.144707,6.091974,1.0,1.0,0.0
cyl_000395,105.968854,751.495152,0.099728,0.272063,3.441732,1.0,1.0,0.0
cyl_000396,115.16366,659.923757,0.084954,0.285896,7.604032,1.0,1.0,0.0
cyl_000397,21.302631,322.252474,0.140293,0.239257,3.497258,1.0,1.0,0.0
cyl_000398,81.580398,652.867063,0.090196,0.188852,1.340374,1.0,1.0,0.0
cyl_000399,72.152903,257.19397,0.145984,0.106544,0.63883,1.0,1.0,0.0
cyl_000400,38.443579,344.440014,0.177747,0.034265,3.46087,1.0,1.0,0.0
cyl_000401,127.212705,473.309191,0.204501,0.002981,0.579858,1.0,1.0,0.0
cyl_000402,147.227203,433.725461,3e-05,0.092075,2.934048,1.0,1.0,0.0
cyl_000403,82.795063,738.50667,0.184608,0.056663,6.306565,1.0,1.0,0.0
cyl_000404,50.598888,208.491326,0.15688,0.033355,1.300642,1.0,1.0,0.0
cyl_000405,34.461887,762.85937,0.193603,0.199706,5.643225,1.0,1.0,0.0
cyl_000406,82.521755,355.418428,0.14042,0.157231,1.771279,1.0,1.0,0.0
cyl_000407,103.376108,207.718958,0.189654,0.024315,6.549061,1.0,1.0,0.0
cyl_000408,78.636063,360.88776,0.141952,0.253811,6.859199,1.0,1.0,0.0
cyl_000409,93.20162,250.181555,0.282684,0.128108,3.481816,1.0,1.0,0.0
cyl_000410,90.86578,334.714281,0.198152,0.000605,0.677978,1.0,1.0,0.0
cyl_000411,71.996239,344.279438,0.149929,0.174234,5.162354,1.0,1.0,0.0
cyl_000412,32.300327,278.500164,0.259416,0.247787,2.493496,1.0,1.0,0.0
cyl_000413,77.851754,377.304632,0.089374,0.132586,6.364205,1.0,1.0,0.0
cyl_000414,162.170832,309.804814,0.026042,0.172994,2.110485,1.0,1.0,0.0
cyl_000415,52.902938,266.268398,0.079112,0.293544,5.170576,1.0,1.0,0.0
cyl_000416,117.941412,206.088367,0.242696,0.27313,5.73665,1.0,1.0,0.0
cyl_000417,70.314661,332.247945,0.039433,0.11402,2.741515,1.0,1.0,0.0
cyl_000418,53.059648,733.542334,0.154098,0.00025,0.913878,1.0,1.0,0.0
cyl_000419,141.077113,696.352774,0.140664,0.240287,7.577522,1.0,1.0,0.0
cyl_000420,23.14284,275.251834,0.062257,0.048641,0.781856,1.0,1.0,0.0
cyl_000421,145.152827,919.965584,0.219258,0.164169,3.408755,1.0,1.0,0.0
cyl_000422,21.184024,456.902409,0.028858,0.029243,7.834097,1.0,1.0,0.0
cyl_000423,63.005115,580.45367,0.035786,0.059927,4.866375,1.0,1.0,0.0
cyl_000424,75.228104,805.950107,0.043985,0.027213,7.34951,1.0,1.0,0.0
cyl_000425,21.379983,282.049573,0.031252,0.20476,1.143389,1.0,1.0,0.0
cyl_000426,41.758052,257.550564,0.22257,0.146922,5.156473,1.0,1.0,0.0
cyl_000427,76.440755,200.370639,0.003827,0.266661,2.291546,1.0,1.0,0.0
cyl_000428,66.079217,260.579301,0.137061,0.147967,5.868416,1.0,1.0,0.0
cyl_000429,41.674181,592.819157,0.238943,0.091032,6.478016,1.0,1.0,0.0
cyl_000430,30.550955,615.002938,0.241361,0.113866,6.238061,1.0,1.0,0.0
cyl_000431,69.532219,469.651685,0.220571,0.053736,0.867678,1.0,1.0,0.0
cyl_000432,175.254079,218.187784,0.250163,0.102416,0.991461,1.0,1.0,0.0
cyl_000433,56.08111,217.613798,0.253228,0.073511,3.561983,1.0,1.0,0.0
cyl_000434,49.803209,306.860457,0.255688,0.189945,4.496475,1.0,1.0,0.0
cyl_000435,44.135647,835.323868,0.240252,0.128499,2.438975,1.0,1.0,0.0
cyl_000436,174.268391,271.390796,0.21492,0.231119,2.048988,1.0,1.0,0.0
cyl_000437,161.609613,290.87211,0.208365,0.177252,6.781675,1.0,1.0,0.0
cyl_000438,56.593161,268.697033,0.18697,0.219693,7.454873,1.0,1.0,0.0
cyl_000439,23.536744,817.081382,0.189188,0.147762,1.318332,1.0,1.0,0.0
cyl_000440,28.52242,356.746812,0.164091,0.166579,7.111773,1.0,1.0,0.0
cyl_000441,59.299447,569.501174,0.042875,0.276932,1.262913,1.0,1.0,0.0
cyl_000442,170.509902,415.412483,0.083508,0.190567,2.635102,1.0,1.0,0.0
cyl_000443,64.440644,717.546125,0.143124,0.041163,1.779571,1.0,1.0,0.0
cyl_000444,53.340502,589.896082,0.164741,0.115648,1.345845,1.0,1.0,0.0
cyl_000445,35.189722,269.346173,0.134531,0.154095,2.471194,1.0,1.0,0.0
cyl_000446,30.770163,510.4028,0.126982,0.183888,5.168548,1.0,1.0,0.0
cyl_000447,156.514329,643.637149,0.126198,0.044861,4.799394,1.0,1.0,0.0
cyl_000448,34.036334,305.354603,0.100124,0.011709,7.68443,1.0,1.0,0.0
cyl_000449,66.663621,364.153521,0.037976,0.254808,6.973924,1.0,1.0,0.0
cyl_000450,23.083261,231.440648,0.217396,0.043563,3.388087,1.0,1.0,0.0
cyl_000451,100.413926,225.988241,0.265902,0.013724,7.241062,1.0,1.0,0.0
cyl_000452,174.778521,667.129909,0.06756,0.16573,6.405499,1.0,1.0,0.0
cyl_000453,125.613012,338.906391,0.232737,0.01754,7.235049,1.0,1.0,0.0
cyl_000454,54.135817,241.781721,0.219473,0.286646,2.731317,1.0,1.0,0.0
cyl_000455,161.799463,268.353915,0.171778,0.294676,4.620584,1.0,1.0,0.0
cyl_000456,156.276591,465.908341,0.124219,0.20712,1.859652,1.0,1.0,0.0
cyl_000457,52.589945,597.667519,0.152774,0.033782,6.084985,1.0,1.0,0.0
cyl_000458,36.683565,251.217189,0.057325,0.217714,3.91347,1.0,1.0,0.0
cyl_000459,38.044662,306.191665,0.078539,0.054234,3.566242,1.0,1.0,0.0
cyl_000460,172.710286,655.76014,0.098152,0.186267,2.776072,1.0,1.0,0.0
cyl_000461,58.912084,860.590797,0.177884,0.1343,4.767401,1.0,1.0,0.0
cyl_000462,49.550692,568.52075,0.005145,0.218564,3.079113,1.0,1.0,0.0
cyl_000463,58.338797,302.427159,0.137667,0.253551,2.105589,1.0,1.0,0.0
cyl_000464,26.638176,285.761737,0.22214,0.277461,7.415509,1.0,1.0,0.0
cyl_000465,28.335369,870.762466,0.139346,0.173865,5.756601,1.0,1.0,0.0
cyl_000466,86.194606,460.119719,0.172773,0.1511,6.125372,1.0,1.0,0.0
cyl_000467,22.852792,486.609609,0.021371,0.143158,6.172516,1.0,1.0,0.0
cyl_000468,162.45515,359.601351,0.037239,0.131267,5.679203,1.0,1.0,0.0
cyl_000469,108.258192,337.23633,0.024796,0.288955,7.996701,1.0,1.0,0.0
cyl_000470,110.10272,872.119638,0.221134,0.25077,7.553855,1.0,1.0,0.0
cyl_000471,29.074588,202.399041,0.077731,0.138209,1.438663,1.0,1.0,0.0
cyl_000472,21.15512,912.807842,0.087738,0.202052,7.39037,1.0,1.0,0.0
cyl_000473,59.2602,754.465067,0.061374,0.049111,4.833296,1.0,1.0,0.0
cyl_000474,76.83267,236.322584,0.086331,0.213689,6.780772,1.0,1.0,0.0
cyl_000475,36.919812,933.459284,0.123775,0.043757,5.070829,1.0,1.0,0.0
cyl_000476,33.749395,431.850852,0.095636,0.015242,2.608018,1.0,1.0,0.0
cyl_000477,79.675725,227.80106,0.257145,0.003348,1.38449,1.0,1.0,0.0
cyl_000478,189.52135,974.140676,0.048605,0.226321,4.988464,1.0,1.0,0.0
cyl_000479,24.208546,778.010503,0.14642,0.278157,0.731908,1.0,1.0,0.0
cyl_000480,182.167353,873.759971,0.103942,0.200141,5.153478,1.0,1.0,0.0
cyl_000481,43.952552,388.941026,0.000524,0.200376,6.722056,1.0,1.0,0.0
cyl_000482,95.74334,953.345747,0.138393,0.288839,3.513355,1.0,1.0,0.0
cyl_000483,52.163359,447.480305,0.232434,0.228415,4.032229,1.0,1.0,0.0
cyl_000484,148.73005,211.975102,0.032795,0.180959,1.403436,1.0,1.0,0.0
cyl_000485,35.344789,308.574554,0.055215,0.202418,5.884159,1.0,1.0,0.0
cyl_000486,98.878154,964.851039,0.146181,0.043891,4.270929,1.0,1.0,0.0
cyl_000487,115.529633,348.51417,0.254818,0.192511,7.931068,1.0,1.0,0.0
cyl_000488,36.424617,593.658031,0.042192,0.019313,6.840772,1.0,1.0,0.0
cyl_000489,26.582925,379.727627,0.180874,0.136491,5.796645,1.0,1.0,0.0
cyl_000490,199.865253,885.152128,0.235293,0.17134,1.182994,1.0,1.0,0.0
cyl_000491,63.412933,284.305643,0.289667,0.060836,0.786403,1.0,1.0,0.0
cyl_000492,89.112961,691.699558,0.137142,0.055922,3.612959,1.0,1.0,0.0
cyl_000493,30.499982,315.602512,0.275495,0.179102,5.20345,1.0,1.0,0.0
cyl_000494,57.08003,932.782069,0.106405,0.215878,4.237364,1.0,1.0,0.0
cyl_000495,199.085397,720.195429,0.077022,0.002027,3.178795,1.0,1.0,0.0
cyl_000496,42.382111,553.969212,0.225782,0.110601,5.266433,1.0,1.0,0.0
cyl_000497,25.683758,252.615331,0.17951,0.039715,4.897598,1.0,1.0,0.0
cyl_000498,148.242995,333.962862,0.226989,0.168082,4.499492,1.0,1.0,0.0
cyl_000499,23.064095,500.71517,0.2832,0.094617,4.84415,1.0,1.0,0.0
cyl_000500,165.479538,269.853983,0.053,0.030501,7.486226,1.0,1.0,0.0
cyl_000501,124.331975,582.768542,0.048011,0.114936,4.007324,1.0,1.0,0.0
cyl_000502,35.063417,269.385697,0.00181,0.187977,5.142648,1.0,1.0,0.0
cyl_000503,168.210206,637.808975,0.143897,0.148571,3.616271,1.0,1.0,0.0
cyl_000504,67.313173,853.223243,0.041022,0.032587,4.393347,1.0,1.0,0.0
cyl_000505,77.667667,315.362917,0.238145,0.237049,6.649312,1.0,1.0,0.0
cyl_000506,76.256976,804.134626,0.091017,0.203823,0.829016,1.0,1.0,0.0
cyl_000507,52.537867,856.693291,0.24199,0.075672,5.538632,1.0,1.0,0.0
cyl_000508,50.823169,312.412817,0.246928,0.07462,1.482304,1.0,1.0,0.0
cyl_000509,115.980637,341.100497,0.144435,0.07687,4.385504,1.0,1.0,0.0
cyl_000510,119.830244,482.951277,0.287003,0.008026,3.264529,1.0,1.0,0.0
cyl_000511,89.615588,566.143905,0.013062,0.22884,7.610235,1.0,1.0,0.0
cyl_000512,39.525781,231.548331,0.151859,0.297173,2.300054,1.0,1.0,0.0
cyl_000513,177.029903,624.336032,0.06774,0.055457,3.620285,1.0,1.0,0.0
cyl_000514,164.008987,690.83539,0.264943,0.145424,0.599274,1.0,1.0,0.0
cyl_000515,28.821158,615.989202,0.089786,0.252996,3.586225,1.0,1.0,0.0
cyl_000516,60.017283,228.048584,0.168877,0.093743,0.51916,1.0,1.0,0.0
cyl_000517,100.020651,985.555986,0.037851,0.064451,3.023472,1.0,1.0,0.0
cyl_000518,101.175836,620.749868,0.082426,0.183539,7.184583,1.0,1.0,0.0
cyl_000519,79.981136,934.787958,0.141338,0.104697,5.742133,1.0,1.0,0.0
cyl_000520,20.846812,743.341136,0.085464,0.041712,3.883506,1.0,1.0,0.0
cyl_000521,97.623548,419.751829,0.288421,0.15847,6.147483,1.0,1.0,0.0
cyl_000522,25.633276,352.093623,0.219852,0.229783,4.518112,1.0,1.0,0.0
cyl_000523,30.287711,201.880811,0.299296,0.222487,4.410024,1.0,1.0,0.0
cyl_000524,89.983584,267.974526,0.204979,0.120482,5.334315,1.0,1.0,0.0
cyl_000525,27.199783,216.777983,0.148032,0.222363,7.398072,1.0,1.0,0.0
cyl_000526,140.907914,645.106854,0.284977,0.067877,4.119263,1.0,1.0,0.0
cyl_000527,199.38068,234.375964,0.014214,0.084103,7.676288,1.0,1.0,0.0
cyl_000528,61.872448,348.18719,0.016438,0.048884,2.222668,1.0,1.0,0.0
cyl_000529,196.323116,282.352552,0.019754,0.193876,3.82969,1.0,1.0,0.0
cyl_000530,98.497548,921.597813,0.10751,0.223964,0.876162,1.0,1.0,0.0
cyl_000531,152.538009,866.469531,0.269598,0.108796,6.587316,1.0,1.0,0.0
cyl_000532,71.844298,421.89792,0.064042,0.170616,5.493219,1.0,1.0,0.0
cyl_000533,31.942785,478.844506,0.222274,0.205292,1.394767,1.0,1.0,0.0
cyl_000534,179.457229,229.63189,0.20954,0.050326,2.377752,1.0,1.0,0.0
cyl_000535,120.913375,377.914202,0.265188,0.155344,2.041971,1.0,1.0,0.0
cyl_000536,26.198847,246.17867,0.189896,0.084949,1.548145,1.0,1.0,0.0
cyl_000537,192.899223,200.775614,0.011387,0.117115,6.534909,1.0,1.0,0.0
cyl_000538,91.131381,210.17629,0.0174,0.296755,5.135907,1.0,1.0,0.0
cyl_000539,69.487796,253.448602,0.193973,0.264931,1.602187,1.0,1.0,0.0
cyl_000540,27.934193,572.107965,0.038675,0.160514,4.171446,1.0,1.0,0.0
cyl_000541,67.253267,918.55066,0.075356,0.073488,7.281466,1.0,1.0,0.0
cyl_000542,28.360631,466.143858,0.130532,0.166094,6.393302,1.0,1.0,0.0
cyl_000543,31.356552,761.616558,0.212982,0.082249,0.607068,1.0,1.0,0.0
cyl_000544,20.286309,236.656937,0.266158,0.14274,4.243514,1.0,1.0,0.0
cyl_000545,102.981955,520.515124,0.259212,0.2525,5.671725,1.0,1.0,0.0
cyl_000546,33.967486,543.48386,0.022377,0.078232,3.138529,1.0,1.0,0.0
cyl_000547,67.41448,231.22606,0.274183,0.156515,2.863192,1.0,1.0,0.0
cyl_000548,45.602917,480.632386,0.11493,0.28305,1.730204,1.0,1.0,0.0
cyl_000549,83.073465,658.719241,0.0484,0.034855,7.271813,1.0,1.0,0.0
cyl_000550,125.057944,842.104466,0.0585,0.090366,7.715583,1.0,1.0,0.0
cyl_000551,97.097215,462.357434,0.251152,0.136181,5.497034,1.0,1.0,0.0
cyl_000552,43.653278,270.171947,0.286799,0.261746,6.684279,1.0,1.0,0.0
cyl_000553,184.275551,299.29025,0.047576,0.172922,6.903665,1.0,1.0,0.0
cyl_000554,173.22324,522.884135,0.195451,0.112223,7.784993,1.0,1.0,0.0
cyl_000555,125.899913,555.114829,0.218851,0.22055,5.339332,1.0,1.0,0.0
cyl_000556,126.709407,426.665364,0.150876,0.243185,5.859226,1.0,1.0,0.0
cyl_000557,21.925258,318.207171,0.131137,0.03678,2.243506,1.0,1.0,0.0
cyl_000558,144.072589,343.917524,0.247557,0.120106,7.070147,1.0,1.0,0.0
cyl_000559,127.959037,621.230607,0.163693,0.278625,2.362106,1.0,1.0,0.0
cyl_000560,29.572776,797.074048,0.042489,0.022748,5.172596,1.0,1.0,0.0
cyl_000561,92.452692,290.26887,0.029658,0.288529,7.557657,1.0,1.0,0.0
cyl_000562,27.760497,221.886234,0.112596,0.191447,5.988655,1.0,1.0,0.0
cyl_000563,41.217174,471.334207,0.197437,0.18306,5.543403,1.0,1.0,0.0
cyl_000564,50.493239,358.16415,0.06303,0.275718,3.344289,1.0,1.0,0.0
cyl_000565,45.146234,464.188128,0.03756,0.231286,6.51309,1.0,1.0,0.0
cyl_000566,31.714109,481.765793,0.247085,0.202731,1.890924,1.0,1.0,0.0
cyl_000567,36.385662,788.062371,0.038257,0.274802,3.310908,1.0,1.0,0.0
cyl_000568,138.766127,298.870884,0.069976,0.230395,1.082313,1.0,1.0,0.0
cyl_000569,48.382332,633.459403,0.277859,0.000959,6.149631,1.0,1.0,0.0
cyl_000570,48.643013,995.430805,0.127719,0.17404,6.108982,1.0,1.0,0.0
cyl_000571,134.575363,263.74175,0.287727,0.106075,3.795915,1.0,1.0,0.0
cyl_000572,96.064288,219.076674,0.055461,0.163524,7.889826,1.0,1.0,0.0
cyl_000573,117.689819,704.901153,0.056802,0.288166,6.45373,1.0,1.0,0.0
cyl_000574,129.931412,368.840253,0.117254,0.019392,3.806433,1.0,1.0,0.0
cyl_000575,62.467289,842.774722,0.142291,0.034013,4.22408,1.0,1.0,0.0
cyl_000576,122.301435,397.850439,0.118461,0.269763,4.04666,1.0,1.0,0.0
cyl_000577,29.508289,417.964652,0.12874,0.277535,7.450419,1.0,1.0,0.0
cyl_000578,182.414564,394.581577,0.276742,0.243726,4.300262,1.0,1.0,0.0
cyl_000579,87.918253,310.384497,0.016824,0.21698,4.479982,1.0,1.0,0.0
cyl_000580,140.724545,260.232842,0.140892,0.101437,6.473882,1.0,1.0,0.0
cyl_000581,35.230612,571.519234,0.268941,0.041353,1.195992,1.0,1.0,0.0
cyl_000582,58.684524,295.378226,0.064583,0.027969,1.216262,1.0,1.0,0.0
cyl_000583,21.80835,226.381795,0.285865,0.140968,6.767777,1.0,1.0,0.0
cyl_000584,33.529772,378.026577,0.146604,0.094894,2.046161,1.0,1.0,0.0
cyl_000585,34.716731,281.837676,0.117426,0.147397,4.240486,1.0,1.0,0.0
cyl_000586,32.685356,316.579805,0.231315,0.154729,0.696035,1.0,1.0,0.0
cyl_000587,81.256837,224.311044,0.053142,0.056362,7.364661,1.0,1.0,0.0
cyl_000588,45.264436,687.079536,0.169594,0.226468,1.618008,1.0,1.0,0.0
cyl_000589,100.623157,593.49337,0.073378,0.089728,5.376819,1.0,1.0,0.0
cyl_000590,90.061365,454.284555,0.135478,0.298373,1.054355,1.0,1.0,0.0
cyl_000591,25.479864,711.19519,0.225944,0.107364,5.792815,1.0,1.0,0.0
cyl_000592,30.705691,689.589947,0.280448,0.233489,5.70408,1.0,1.0,0.0
cyl_000593,37.582896,454.53211,0.234791,0.287629,1.258273,1.0,1.0,0.0
cyl_000594,121.048568,676.770882,0.286376,0.114695,4.624954,1.0,1.0,0.0
cyl_000595,57.896669,836.314578,0.246093,0.197061,7.015852,1.0,1.0,0.0
cyl_000596,193.562407,990.733209,0.250232,0.065166,1.390759,1.0,1.0,0.0
cyl_000597,32.632639,616.968676,0.099876,0.030762,0.898102,1.0,1.0,0.0
cyl_000598,50.198627,608.892425,0.052897,0.273861,6.33154,1.0,1.0,0.0
cyl_000599,47.929542,243.570209,0.247489,0.124344,6.997855,1.0,1.0,0.0
cyl_000600,33.273723,206.582455,0.257996,0.259726,1.596328,1.0,1.0,0.0
cyl_000601,189.729938,221.31713,0.216679,0.257727,3.269381,1.0,1.0,0.0
cyl_000602,35.59669,329.432609,0.052189,0.015831,2.923161,1.0,1.0,0.0
cyl_000603,113.376323,948.821641,0.20549,0.069971,2.399752,1.0,1.0,0.0
cyl_000604,127.535627,713.000377,0.03084,0.188424,4.491354,1.0,1.0,0.0
cyl_000605,39.827698,385.567462,0.056342,0.273536,2.792724,1.0,1.0,0.0
cyl_000606,60.635304,650.598695,0.17146,0.111727,4.79054,1.0,1.0,0.0
cyl_000607,118.494618,401.188135,0.202758,0.130012,5.224451,1.0,1.0,0.0
cyl_000608,124.300576,219.003911,0.060043,0.098125,5.742787,1.0,1.0,0.0
cyl_000609,39.902376,206.893003,0.125804,0.208525,5.865527,1.0,1.0,0.0
cyl_000610,29.309133,983.851188,0.117849,0.041593,6.934024,1.0,1.0,0.0
cyl_000611,105.094483,629.165941,0.220988,0.255306,1.044127,1.0,1.0,0.0
cyl_000612,28.394114,208.166743,0.103955,0.093939,1.008953,1.0,1.0,0.0
cyl_000613,28.630567,698.147315,0.144281,0.065028,2.544176,1.0,1.0,0.0
cyl_000614,65.184239,706.139194,0.107872,0.274574,3.933355,1.0,1.0,0.0
cyl_000615,37.092928,719.85837,0.066445,0.02363,3.425882,1.0,1.0,0.0
cyl_000616,37.604723,431.195959,0.004389,0.276115,4.604198,1.0,1.0,0.0
cyl_000617,47.644186,295.688335,0.228966,0.125619,6.223979,1.0,1.0,0.0
cyl_000618,192.645264,998.983053,0.278473,0.228017,5.399761,1.0,1.0,0.0
cyl_000619,68.392136,462.056962,0.252524,0.035785,0.767396,1.0,1.0,0.0
cyl_000620,32.575322,747.717854,0.177384,0.100074,7.771279,1.0,1.0,0.0
cyl_000621,49.896549,243.080086,0.050854,0.139959,1.119759,1.0,1.0,0.0
cyl_000622,71.276229,412.897182,0.167241,0.228644,4.60768,1.0,1.0,0.0
cyl_000623,38.979561,515.758078,0.17424,0.277908,2.162587,1.0,1.0,0.0
cyl_000624,43.595585,444.464263,0.129906,0.276318,7.591149,1.0,1.0,0.0
cyl_000625,64.948678,992.195705,0.164306,0.218085,7.519315,1.0,1.0,0.0
cyl_000626,49.987423,775.894637,0.275972,0.225617,7.074287,1.0,1.0,0.0
cyl_000627,25.913455,616.360638,0.22148,0.137382,6.40811,1.0,1.0,0.0
cyl_000628,188.632923,813.355171,0.186517,0.214956,3.629658,1.0,1.0,0.0
cyl_000629,34.876712,271.125578,0.179167,0.195358,2.345947,1.0,1.0,0.0
cyl_000630,43.821588,439.537268,0.102886,0.234025,7.188394,1.0,1.0,0.0
cyl_000631,45.133422,581.241396,0.16747,0.169478,1.87153,1.0,1.0,0.0
cyl_000632,62.950231,926.652727,0.065301,0.208189,1.040449,1.0,1.0,0.0
cyl_000633,38.877217,232.911618,0.088372,0.102265,6.499097,1.0,1.0,0.0
cyl_000634,153.9996,388.467215,0.195065,0.028622,6.585146,1.0,1.0,0.0
cyl_000635,137.729088,639.516346,0.195907,0.020209,2.18644,1.0,1.0,0.0
cyl_000636,126.41445,384.695154,0.22806,0.104013,5.283124,1.0,1.0,0.0
cyl_000637,121.361826,381.601444,0.008669,0.140811,4.280913,1.0,1.0,0.0
cyl_000638,26.150786,843.345493,0.076184,0.17247,4.458892,1.0,1.0,0.0
cyl_000639,142.158119,325.965147,0.118239,0.187032,6.227163,1.0,1.0,0.0
cyl_000640,40.32166,372.376805,0.206701,0.027886,1.997226,1.0,1.0,0.0
cyl_000641,128.507102,458.347575,0.07886,0.032523,1.625245,1.0,1.0,0.0
cyl_000642,24.020767,430.19442,0.179308,0.01341,3.159197,1.0,1.0,0.0
cyl_000643,52.08055,911.237004,0.279975,0.178985,5.084884,1.0,1.0,0.0
cyl_000644,197.511004,286.656309,0.215797,0.259089,6.927584,1.0,1.0,0.0
cyl_000645,22.347432,609.164986,0.023422,0.017553,5.627655,1.0,1.0,0.0
cyl_000646,101.887049,473.861541,0.252018,0.262235,4.696257,1.0,1.0,0.0
cyl_000647,87.458833,947.796282,0.165308,0.063317,7.540493,1.0,1.0,0.0
cyl_000648,31.152636,241.850121,0.119773,0.117587,7.507795,1.0,1.0,0.0
cyl_000649,77.720836,741.792848,0.14865,0.233214,3.216873,1.0,1.0,0.0
cyl_000650,20.921937,479.294794,0.006409,0.258738,5.350495,1.0,1.0,0.0
cyl_000651,40.947192,630.415384,0.153599,0.291029,1.848233,1.0,1.0,0.0
cyl_000652,107.555826,682.174811,0.14911,0.068671,2.053773,1.0,1.0,0.0
cyl_000653,133.802184,655.324106,0.269192,0.12634,4.560542,1.0,1.0,0.0
cyl_000654,72.40889,385.761828,0.149742,0.012783,7.616833,1.0,1.0,0.0
cyl_000655,61.23047,821.748498,0.175179,0.029883,4.758618,1.0,1.0,0.0
cyl_000656,185.357678,207.074509,0.105682,0.243341,3.27349,1.0,1.0,0.0
cyl_000657,59.674661,222.675986,0.094211,0.165405,7.944856,1.0,1.0,0.0
cyl_000658,57.453867,584.986959,0.03331,0.057937,1.949899,1.0,1.0,0.0
cyl_000659,30.338602,364.714712,0.042643,0.05654,2.016628,1.0,1.0,0.0
cyl_000660,49.375117,252.878103,0.207086,0.057489,7.395694,1.0,1.0,0.0
cyl_000661,181.516835,538.587663,0.028226,0.010923,0.576009,1.0,1.0,0.0
cyl_000662,107.159359,402.694798,0.004635,0.293865,7.046504,1.0,1.0,0.0
cyl_000663,46.935223,732.193979,0.231775,0.119329,6.076788,1.0,1.0,0.0
cyl_000664,23.344933,824.632925,0.263343,0.09753,2.392476,1.0,1.0,0.0
cyl_000665,93.775705,341.789035,0.036084,0.162894,7.608647,1.0,1.0,0.0
cyl_000666,47.578737,942.648198,0.243635,0.214417,4.977919,1.0,1.0,0.0
cyl_000667,38.368999,881.171437,0.267828,0.052159,6.071815,1.0,1.0,0.0
cyl_000668,22.802038,471.681378,0.228582,0.288416,1.203519,1.0,1.0,0.0
cyl_000669,30.373477,428.569392,0.199522,0.273968,7.654701,1.0,1.0,0.0
cyl_000670,30.799572,852.348214,0.091219,0.199643,5.477981,1.0,1.0,0.0
cyl_000671,37.992485,507.937426,0.020639,0.136045,3.284838,1.0,1.0,0.0
cyl_000672,21.941817,574.817333,0.101694,0.105278,6.484299,1.0,1.0,0.0
cyl_000673,91.576791,665.398773,0.1236,0.139769,6.983711,1.0,1.0,0.0
cyl_000674,34.11499,743.055079,0.0101,0.29457,0.780918,1.0,1.0,0.0
cyl_000675,169.463916,525.314096,0.240978,0.269464,1.420937,1.0,1.0,0.0
cyl_000676,59.582657,337.65171,0.093142,0.12704,5.109756,1.0,1.0,0.0
cyl_000677,40.638529,493.296051,0.145555,0.240731,4.168101,1.0,1.0,0.0
cyl_000678,81.525713,646.588789,0.002332,0.04675,1.427585,1.0,1.0,0.0
cyl_000679,100.722794,230.216677,0.069193,0.122969,5.188592,1.0,1.0,0.0
cyl_000680,30.942674,558.109776,0.148815,0.273305,6.566969,1.0,1.0,0.0
cyl_000681,37.526067,623.9269,0.075558,0.121985,4.357137,1.0,1.0,0.0
cyl_000682,27.810468,214.888955,0.025087,0.201093,3.435925,1.0,1.0,0.0
cyl_000683,73.394237,390.903048,0.170478,0.157905,2.447473,1.0,1.0,0.0
cyl_000684,67.19264,263.952431,0.212038,0.19522,5.422984,1.0,1.0,0.0
cyl_000685,108.783261,600.089306,0.158848,0.188144,2.077138,1.0,1.0,0.0
cyl_000686,21.234879,615.363699,0.154595,0.119034,1.460329,1.0,1.0,0.0
cyl_000687,47.809736,507.545262,0.081344,0.062365,6.957798,1.0,1.0,0.0
cyl_000688,184.013025,308.881359,0.100035,0.104933,1.015824,1.0,1.0,0.0
cyl_000689,23.628786,879.850923,0.249115,0.140191,2.517379,1.0,1.0,0.0
cyl_000690,25.956568,773.555031,0.291784,0.090634,1.648221,1.0,1.0,0.0
cyl_000691,171.022752,656.123821,0.119633,0.119405,3.183788,1.0,1.0,0.0
cyl_000692,100.138148,412.43031,0.080886,0.137938,1.313332,1.0,1.0,0.0
cyl_000693,20.488608,437.238365,0.093376,0.071052,2.6053,1.0,1.0,0.0
cyl_000694,158.835108,226.041639,0.183661,0.145961,4.821639,1.0,1.0,0.0
cyl_000695,48.830012,441.726045,0.23495,0.268599,0.943665,1.0,1.0,0.0
cyl_000696,20.033202,375.336019,0.017542,0.216856,6.750201,1.0,1.0,0.0
cyl_000697,111.496663,451.563547,0.07186,0.255938,7.595295,1.0,1.0,0.0
cyl_000698,21.426288,351.56078,0.015661,0.061095,1.585107,1.0,1.0,0.0
cyl_000699,57.7538,611.46206,0.256883,0.083568,7.190487,1.0,1.0,0.0
cyl_000700,58.402584,314.122459,0.142185,0.249997,5.038701,1.0,1.0,0.0
cyl_000701,22.187451,567.877897,0.168545,0.173341,2.736104,1.0,1.0,0.0
cyl_000702,78.397288,967.707152,0.292284,0.135292,4.21263,1.0,1.0,0.0
cyl_000703,68.158021,462.626097,0.110424,0.20931,7.971773,1.0,1.0,0.0
cyl_000704,134.729861,550.536858,0.274986,0.132791,6.725204,1.0,1.0,0.0
cyl_000705,22.396134,282.842574,0.021121,0.099183,4.441096,1.0,1.0,0.0
cyl_000706,57.355437,260.783275,0.11158,0.136256,1.321522,1.0,1.0,0.0
cyl_000707,99.316835,447.74059,0.094596,0.295297,0.843259,1.0,1.0,0.0
cyl_000708,20.621464,203.436377,0.202605,0.010635,1.027964,1.0,1.0,0.0
cyl_000709,68.642617,328.854785,0.200408,0.113355,3.29708,1.0,1.0,0.0
cyl_000710,82.815983,535.551906,0.276006,0.29864,2.191034,1.0,1.0,0.0
cyl_000711,87.674573,857.168494,0.088869,0.096204,5.017707,1.0,1.0,0.0
cyl_000712,155.832941,714.556815,0.051099,0.109375,1.754939,1.0,1.0,0.0
cyl_000713,51.171732,319.33551,0.146302,0.05414,0.996648,1.0,1.0,0.0
cyl_000714,80.953761,575.637948,0.206887,0.032132,6.067969,1.0,1.0,0.0
cyl_000715,144.82784,841.250475,0.258145,0.223507,5.435353,1.0,1.0,0.0
cyl_000716,68.739734,980.04867,0.282859,0.019876,4.056621,1.0,1.0,0.0
cyl_000717,34.075159,639.897631,0.214972,0.266919,5.995407,1.0,1.0,0.0
cyl_000718,183.761415,436.53921,0.018908,0.12759,1.835075,1.0,1.0,0.0
cyl_000719,184.670426,801.419839,0.155936,0.190187,7.805726,1.0,1.0,0.0
cyl_000720,66.306684,380.881513,0.254023,0.132369,3.728666,1.0,1.0,0.0
cyl_000721,103.495969,711.723283,0.27286,0.037344,4.311533,1.0,1.0,0.0
cyl_000722,65.759682,269.012516,0.006481,0.129107,2.383018,1.0,1.0,0.0
cyl_000723,174.542917,575.228529,0.114737,0.022457,0.620483,1.0,1.0,0.0
cyl_000724,196.756078,325.516761,0.133018,0.194202,3.372591,1.0,1.0,0.0
cyl_000725,22.516268,312.282196,0.282968,0.014035,5.936669,1.0,1.0,0.0
cyl_000726,68.435322,266.902069,0.153624,0.082433,7.59291,1.0,1.0,0.0
cyl_000727,151.872712,389.548833,0.267054,0.184755,5.908428,1.0,1.0,0.0
cyl_000728,141.596652,801.812417,0.2288,0.130494,6.680075,1.0,1.0,0.0
cyl_000729,43.339302,214.650538,0.239536,0.26405,4.999875,1.0,1.0,0.0
cyl_000730,54.30675,363.89302,0.236455,0.25524,6.925781,1.0,1.0,0.0
cyl_000731,45.72535,873.111491,0.012774,0.283971,2.955392,1.0,1.0,0.0
cyl_000732,28.023672,519.812811,0.112234,0.236152,4.887451,1.0,1.0,0.0
cyl_000733,32.456743,317.538155,0.00822,0.185658,1.298338,1.0,1.0,0.0
cyl_000734,187.991507,250.645372,0.262699,0.172259,4.284889,1.0,1.0,0.0
cyl_000735,26.485312,235.419402,0.252913,0.021654,4.451652,1.0,1.0,0.0
cyl_000736,137.507907,767.662694,0.132372,0.211736,2.506939,1.0,1.0,0.0
cyl_000737,28.219853,470.608183,0.110276,0.044317,1.356822,1.0,1.0,0.0
cyl_000738,132.055751,265.525516,0.129187,0.269369,2.869408,1.0,1.0,0.0
cyl_000739,63.255022,209.480593,0.095199,0.292394,6.494012,1.0,1.0,0.0
cyl_000740,74.902736,317.809406,0.011463,0.189848,2.761921,1.0,1.0,0.0
cyl_000741,23.572105,941.707662,0.014846,0.220924,3.959033,1.0,1.0,0.0
cyl_000742,50.094463,499.208781,0.150943,0.182927,6.001604,1.0,1.0,0.0
cyl_000743,71.881831,417.541061,0.000686,0.109976,3.72162,1.0,1.0,0.0
cyl_000744,86.347206,553.315174,0.036496,0.078487,0.801616,1.0,1.0,0.0
cyl_000745,64.184865,553.058847,0.1804,0.045042,1.010547,1.0,1.0,0.0
cyl_000746,138.8466,205.539886,0.089067,0.087296,4.540718,1.0,1.0,0.0
cyl_000747,46.969899,370.988634,0.095277,0.070402,5.818449,1.0,1.0,0.0
cyl_000748,22.818141,528.164276,0.155083,0.242851,3.489489,1.0,1.0,0.0
cyl_000749,82.39313,657.601146,0.066592,0.150866,7.021658,1.0,1.0,0.0
cyl_000750,85.493882,493.734677,0.280096,0.007689,0.568691,1.0,1.0,0.0
cyl_000751,31.223477,443.170241,0.214548,0.129359,4.528021,1.0,1.0,0.0
cyl_000752,76.378498,353.402311,0.217281,0.147194,7.498538,1.0,1.0,0.0
cyl_000753,48.555887,428.407652,0.260162,0.292229,4.811227,1.0,1.0,0.0
cyl_000754,26.072494,246.828811,0.028464,0.159115,1.45925,1.0,1.0,0.0
cyl_000755,44.412397,203.640686,0.24919,0.239773,7.704174,1.0,1.0,0.0
cyl_000756,151.038181,890.00674,0.261875,0.282778,3.748389,1.0,1.0,0.0
cyl_000757,88.961603,800.422096,0.246571,0.088203,7.314356,1.0,1.0,0.0
cyl_000758,53.908992,418.273695,0.294031,0.100987,3.510056,1.0,1.0,0.0
cyl_000759,25.361183,369.118559,0.261146,0.228284,2.336622,1.0,1.0,0.0
cyl_000760,40.217519,406.567054,0.239153,0.045908,2.468697,1.0,1.0,0.0
cyl_000761,108.980882,202.805208,0.07366,0.104753,6.466398,1.0,1.0,0.0
cyl_000762,62.724123,255.592964,0.022089,0.024931,2.304107,1.0,1.0,0.0
cyl_000763,24.980435,329.997305,0.011161,0.291736,6.489981,1.0,1.0,0.0
cyl_000764,164.686357,516.764097,0.116869,0.156187,2.641136,1.0,1.0,0.0
cyl_000765,57.255808,662.015765,0.100527,0.100811,7.919139,1.0,1.0,0.0
cyl_000766,24.559231,338.685023,0.077119,0.099884,5.419344,1.0,1.0,0.0
cyl_000767,110.989319,468.047166,0.296443,0.083211,3.59421,1.0,1.0,0.0
cyl_000768,44.757663,233.531692,0.166753,0.258934,6.121482,1.0,1.0,0.0
cyl_000769,44.952841,474.074724,0.196671,0.094079,4.279187,1.0,1.0,0.0
cyl_000770,104.19578,998.357409,0.015862,0.251234,5.894923,1.0,1.0,0.0
cyl_000771,20.419133,670.112944,0.238751,0.051092,5.97243,1.0,1.0,0.0
cyl_000772,22.685228,562.165054,0.045616,0.075079,2.381968,1.0,1.0,0.0
cyl_000773,33.895741,240.10179,0.040902,0.299383,5.073748,1.0,1.0,0.0
cyl_000774,57.53713,289.27097,0.299622,0.053386,2.263665,1.0,1.0,0.0
cyl_000775,120.555991,701.313557,0.184819,0.281205,2.804958,1.0,1.0,0.0
cyl_000776,149.733651,675.527435,0.134659,0.173153,2.562208,1.0,1.0,0.0
cyl_000777,40.068331,212.340588,0.043784,0.258814,7.567027,1.0,1.0,0.0
cyl_000778,23.24568,563.654093,0.286617,0.213566,6.914983,1.0,1.0,0.0
cyl_000779,20.114055,970.379908,0.283623,0.050246,1.316341,1.0,1.0,0.0
cyl_000780,144.991585,343.174005,0.033271,0.25151,4.505536,1.0,1.0,0.0
cyl_000781,129.36003,234.07107,0.293155,0.080292,6.742378,1.0,1.0,0.0
cyl_000782,139.958408,661.461652,0.063627,0.061607,5.694679,1.0,1.0,0.0
cyl_000783,64.001328,625.553065,0.188551,0.100005,4.108886,1.0,1.0,0.0
cyl_000784,158.251117,891.509933,0.161509,0.052842,3.164577,1.0,1.0,0.0
cyl_000785,47.22541,568.125407,0.161376,0.087786,6.502241,1.0,1.0,0.0
cyl_000786,174.158537,356.209565,0.149416,0.22279,3.59212,1.0,1.0,0.0
cyl_000787,103.200661,382.78466,0.04032,0.079094,1.894404,1.0,1.0,0.0
cyl_000788,45.340802,241.135769,0.033839,0.184885,1.920775,1.0,1.0,0.0
cyl_000789,25.050939,221.547296,0.010575,0.227966,3.246798,1.0,1.0,0.0
cyl_000790,55.947795,235.726172,0.137883,0.184998,3.519799,1.0,1.0,0.0
cyl_000791,154.434548,529.239913,0.049902,0.119222,3.576909,1.0,1.0,0.0
cyl_000792,147.527919,467.201681,0.092343,0.195773,7.424943,1.0,1.0,0.0
cyl_000793,120.237107,210.340091,0.089427,0.206103,2.196153,1.0,1.0,0.0
cyl_000794,54.412545,786.208075,0.120106,0.198973,2.724656,1.0,1.0,0.0
cyl_000795,27.433195,495.178723,0.187114,0.079953,4.389415,1.0,1.0,0.0
cyl_000796,166.910117,920.654243,0.007051,0.265121,3.493811,1.0,1.0,0.0
cyl_000797,81.87915,366.081593,0.062707,0.242479,6.096075,1.0,1.0,0.0
cyl_000798,124.964633,483.20586,0.067212,0.041438,7.89995,1.0,1.0,0.0
cyl_000799,150.247012,982.078772,0.073133,0.039331,1.857052,1.0,1.0,0.0
cyl_000800,26.786546,483.587476,0.082876,0.086976,6.70102,1.0,1.0,0.0
cyl_000801,152.351817,441.2343,0.088186,0.295897,7.961177,1.0,1.0,0.0
cyl_000802,34.537366,345.834036,0.129717,0.267095,1.115997,1.0,1.0,0.0
cyl_000803,34.248293,338.133023,0.178544,0.200808,0.805343,1.0,1.0,0.0
cyl_000804,21.675583,364.912573,0.098655,0.275872,4.634585,1.0,1.0,0.0
cyl_000805,40.139683,485.846784,0.175375,0.196918,4.613633,1.0,1.0,0.0
cyl_000806,103.556286,279.594623,0.245319,0.212394,2.132951,1.0,1.0,0.0
cyl_000807,64.907806,564.097255,0.027598,0.096334,1.43484,1.0,1.0,0.0
cyl_000808,167.006691,201.593221,0.007544,0.278754,2.083379,1.0,1.0,0.0
cyl_000809,44.536137,837.309273,0.157709,0.283791,5.653437,1.0,1.0,0.0
cyl_000810,159.170657,238.085695,0.12597,0.249448,4.860212,1.0,1.0,0.0
cyl_000811,33.815339,231.066418,0.057077,0.143553,7.295193,1.0,1.0,0.0
cyl_000812,82.501111,974.683638,0.171443,0.001407,3.169397,1.0,1.0,0.0
cyl_000813,32.847954,764.811182,0.218708,0.108123,3.551378,1.0,1.0,0.0
cyl_000814,127.86149,419.275012,0.107341,0.17451,4.319026,1.0,1.0,0.0
cyl_000815,63.570376,599.714851,0.124567,0.213969,6.054123,1.0,1.0,0.0
cyl_000816,20.882575,729.266623,0.043841,0.046488,5.928937,1.0,1.0,0.0
cyl_000817,37.003151,817.442418,0.022611,0.107113,2.225058,1.0,1.0,0.0
cyl_000818,20.756521,244.549659,0.176558,0.122177,5.779779,1.0,1.0,0.0
cyl_000819,76.779328,959.634523,0.250928,0.046123,7.085767,1.0,1.0,0.0
cyl_000820,59.440933,418.978298,0.205885,0.276875,7.299823,1.0,1.0,0.0
cyl_000821,74.801388,353.153105,0.27318,0.282142,4.892783,1.0,1.0,0.0
cyl_000822,101.383844,969.316182,0.281837,0.17079,0.835695,1.0,1.0,0.0
cyl_000823,30.868492,637.510705,0.243129,0.204074,4.847351,1.0,1.0,0.0
cyl_000824,106.668938,372.802124,0.116414,0.220329,7.488256,1.0,1.0,0.0
cyl_000825,43.687389,369.924723,0.165543,0.178311,2.676868,1.0,1.0,0.0
cyl_000826,112.236647,977.690212,0.109067,0.180196,3.349886,1.0,1.0,0.0
cyl_000827,47.872647,907.240008,0.14286,0.065712,3.258258,1.0,1.0,0.0
cyl_000828,120.78182,664.572233,0.112814,0.094767,3.604891,1.0,1.0,0.0
cyl_000829,50.681999,704.415603,0.290609,0.145836,1.798472,1.0,1.0,0.0
cyl_000830,187.320187,951.921558,0.158024,0.098598,4.251622,1.0,1.0,0.0
cyl_000831,102.200859,259.96132,0.150333,0.112502,5.261585,1.0,1.0,0.0
cyl_000832,121.667966,279.135417,0.061195,0.104436,4.274842,1.0,1.0,0.0
cyl_000833,21.996733,414.176492,0.180065,0.141206,3.674826,1.0,1.0,0.0
cyl_000834,61.328067,691.891303,0.156628,0.205916,4.784146,1.0,1.0,0.0
cyl_000835,33.249149,354.475492,0.263514,0.233556,7.331785,1.0,1.0,0.0
cyl_000836,98.657295,707.342438,0.233518,0.054705,6.253453,1.0,1.0,0.0
cyl_000837,22.021684,240.934916,0.2955,0.237153,4.148312,1.0,1.0,0.0
cyl_000838,28.6723,439.214457,0.018796,0.172117,3.597799,1.0,1.0,0.0
cyl_000839,85.815656,358.446753,0.115447,0.083358,2.259112,1.0,1.0,0.0
cyl_000840,187.17373,772.643678,0.226634,0.268357,5.160036,1.0,1.0,0.0
cyl_000841,41.024719,209.330071,0.142666,0.1896,4.452919,1.0,1.0,0.0
cyl_000842,82.120815,730.020028,0.244629,0.035537,4.306853,1.0,1.0,0.0
cyl_000843,20.714312,363.32161,0.251808,0.18726,5.980199,1.0,1.0,0.0
cyl_000844,56.129792,681.201807,0.159382,0.099573,3.895651,1.0,1.0,0.0
cyl_000845,21.565919,486.951593,0.136408,0.139831,6.985396,1.0,1.0,0.0
cyl_000846,25.198403,208.989426,0.100297,0.204502,1.090162,1.0,1.0,0.0
cyl_000847,67.128474,825.231071,0.103419,0.2095,0.920549,1.0,1.0,0.0
cyl_000848,74.316815,452.755835,0.288025,0.195483,6.664414,1.0,1.0,0.0
cyl_000849,24.941756,397.47697,0.11529,0.008476,1.6438,1.0,1.0,0.0
cyl_000850,56.520986,427.289041,0.249411,0.270912,3.415904,1.0,1.0,0.0
cyl_000851,30.752289,221.714103,0.281253,0.284556,6.443291,1.0,1.0,0.0
cyl_000852,163.78619,502.734086,0.188233,0.244225,6.759776,1.0,1.0,0.0
cyl_000853,44.486833,601.764072,0.065157,0.276239,5.392798,1.0,1.0,0.0
cyl_000854,73.95637,225.682892,0.256566,0.000127,0.504341,1.0,1.0,0.0
cyl_000855,34.603948,897.680383,0.237626,0.285541,3.69034,1.0,1.0,0.0
cyl_000856,20.45377,291.877502,0.136092,0.067482,1.276004,1.0,1.0,0.0
cyl_000857,39.090225,365.415711,0.040513,0.014728,5.0231,1.0,1.0,0.0
cyl_000858,149.469517,411.649923,0.106911,0.240928,2.796905,1.0,1.0,0.0
cyl_000859,36.331573,223.744086,0.205189,0.010759,4.209012,1.0,1.0,0.0
cyl_000860,55.190093,567.47859,0.201236,0.262966,3.048288,1.0,1.0,0.0
cyl_000861,61.429176,906.088703,0.106094,0.14879,7.308191,1.0,1.0,0.0
cyl_000862,63.487427,545.491766,0.172256,0.163001,6.410103,1.0,1.0,0.0
cyl_000863,45.781841,381.966614,0.074651,0.275089,6.119978,1.0,1.0,0.0
cyl_000864,90.320726,317.167686,0.116392,0.193143,5.616181,1.0,1.0,0.0
cyl_000865,106.974498,206.787681,0.032411,0.278328,3.112777,1.0,1.0,0.0
cyl_000866,92.036431,908.14498,0.246616,0.277675,1.583044,1.0,1.0,0.0
cyl_000867,183.127097,910.196412,0.200596,0.291269,7.108418,1.0,1.0,0.0
cyl_000868,46.120094,815.282173,0.251434,0.01005,0.644528,1.0,1.0,0.0
cyl_000869,20.022266,255.421738,0.294873,0.119927,4.441961,1.0,1.0,0.0
cyl_000870,126.187813,224.022284,0.132472,0.235549,5.613192,1.0,1.0,0.0
cyl_000871,97.310999,546.552144,0.17196,0.266724,6.388201,1.0,1.0,0.0
cyl_000872,74.259576,605.713947,0.192771,0.032261,1.943994,1.0,1.0,0.0
cyl_000873,49.149849,497.957071,0.181968,0.092167,7.103099,1.0,1.0,0.0
cyl_000874,95.2769,285.983342,0.032998,0.298864,7.279638,1.0,1.0,0.0
cyl_000875,114.999637,266.46111,0.074418,0.028326,1.021503,1.0,1.0,0.0
cyl_000876,51.326264,276.187506,0.290435,0.138959,5.10306,1.0,1.0,0.0
cyl_000877,99.848521,258.933736,0.118132,0.164428,5.549439,1.0,1.0,0.0
cyl_000878,71.762321,303.512254,0.171711,0.047153,4.413842,1.0,1.0,0.0
cyl_000879,72.803769,280.214921,0.270094,0.011625,1.470595,1.0,1.0,0.0
cyl_000880,20.796811,673.491233,0.216792,0.086828,4.667717,1.0,1.0,0.0
cyl_000881,116.08255,528.345084,0.215492,0.040522,3.316977,1.0,1.0,0.0
cyl_000882,23.781597,759.037298,0.184676,0.024023,7.154836,1.0,1.0,0.0
cyl_000883,51.037404,414.356958,0.094796,0.242164,7.335743,1.0,1.0,0.0
cyl_000884,95.30844,373.625484,0.078303,0.169133,6.257781,1.0,1.0,0.0
cyl_000885,27.096391,209.684381,0.266395,0.001517,2.542151,1.0,1.0,0.0
cyl_000886,35.14864,893.951364,0.215305,0.025943,0.865481,1.0,1.0,0.0
cyl_000887,118.611928,763.634395,0.25589,0.284882,2.66781,1.0,1.0,0.0
cyl_000888,26.410687,379.489351,0.115092,0.117889,5.949713,1.0,1.0,0.0
cyl_000889,54.512089,322.465704,0.159722,0.236937,4.512482,1.0,1.0,0.0
cyl_000890,101.123245,459.099229,0.181431,0.276735,3.235653,1.0,1.0,0.0
cyl_000891,57.715892,249.392973,0.108597,0.010994,0.979693,1.0,1.0,0.0
cyl_000892,135.034662,381.744704,0.232977,0.090236,1.633374,1.0,1.0,0.0
cyl_000893,23.024006,527.409162,0.025368,0.191383,7.61909,1.0,1.0,0.0
cyl_000894,67.051061,934.336731,0.185122,0.294966,4.660645,1.0,1.0,0.0
cyl_000895,22.967691,849.388726,0.048755,0.289421,1.73788,1.0,1.0,0.0
cyl_000896,199.043401,429.220749,0.022678,0.072335,1.898702,1.0,1.0,0.0
cyl_000897,128.23548,261.921438,0.137733,0.078948,0.763062,1.0,1.0,0.0
cyl_000898,191.166482,307.28164,0.120642,0.194704,4.18018,1.0,1.0,0.0
cyl_000899,179.78604,241.626928,0.127511,0.249131,6.31373,1.0,1.0,0.0
cyl_000900,22.280595,634.129679,0.225582,0.186099,7.44466,1.0,1.0,0.0
cyl_000901,23.584874,240.702723,0.008915,0.234996,1.002552,1.0,1.0,0.0
cyl_000902,154.248707,298.393577,0.25632,0.238989,1.906996,1.0,1.0,0.0
cyl_000903,33.650261,697.684889,0.248434,0.044619,1.037823,1.0,1.0,0.0
cyl_000904,27.185168,205.266298,0.223207,0.011361,6.877155,1.0,1.0,0.0
cyl_000905,40.897554,679.849903,0.232127,0.040443,1.358754,1.0,1.0,0.0
cyl_000906,37.400745,861.562919,0.233877,0.295074,6.796483,1.0,1.0,0.0
cyl_000907,118.344689,408.659231,0.08066,0.047702,4.76256,1.0,1.0,0.0
cyl_000908,70.241797,709.859,0.202404,0.272629,2.598457,1.0,1.0,0.0
cyl_000909,21.076993,215.297011,0.033501,0.219093,1.112932,1.0,1.0,0.0
cyl_000910,103.901236,300.601477,0.230616,0.272529,7.841224,1.0,1.0,0.0
cyl_000911,132.185601,487.832476,0.199014,0.087394,3.936731,1.0,1.0,0.0
cyl_000912,153.387685,232.075589,0.234046,0.193513,2.894607,1.0,1.0,0.0
cyl_000913,120.130587,509.869543,0.198508,0.212633,4.713519,1.0,1.0,0.0
cyl_000914,25.158185,501.989239,0.290799,0.265721,3.691266,1.0,1.0,0.0
cyl_000915,137.406801,283.402362,0.203105,0.128629,3.19489,1.0,1.0,0.0
cyl_000916,42.722889,228.297407,0.211553,0.209886,3.917966,1.0,1.0,0.0
cyl_000917,48.720285,951.066848,0.250724,0.201984,7.214105,1.0,1.0,0.0
cyl_000918,120.499699,986.827048,0.087779,0.009426,6.197006,1.0,1.0,0.0
cyl_000919,37.113744,347.188808,0.1703,0.296246,6.753046,1.0,1.0,0.0
cyl_000920,36.010025,450.831246,0.25348,0.171135,5.462187,1.0,1.0,0.0
cyl_000921,116.765473,454.915342,0.176971,0.121094,3.84944,1.0,1.0,0.0
cyl_000922,26.647203,415.057538,0.194501,0.137006,7.635966,1.0,1.0,0.0
cyl_000923,167.584591,902.456985,0.18066,0.171537,3.90985,1.0,1.0,0.0
cyl_000924,181.732295,516.135437,0.152625,0.233707,0.961013,1.0,1.0,0.0
cyl_000925,64.86638,476.218745,0.098542,0.263465,2.760709,1.0,1.0,0.0
cyl_000926,170.038828,204.297378,0.196233,0.000472,1.873019,1.0,1.0,0.0
cyl_000927,188.880048,735.434745,0.289858,0.294222,1.709787,1.0,1.0,0.0
cyl_000928,58.198954,746.464198,0.200159,0.063054,4.691445,1.0,1.0,0.0
cyl_000929,55.874219,551.234908,0.100497,0.153798,6.533543,1.0,1.0,0.0
cyl_000930,36.19041,677.067586,0.160928,0.29573,4.732208,1.0,1.0,0.0
cyl_000931,50.128287,618.531553,0.089593,0.108308,5.245124,1.0,1.0,0.0
cyl_000932,35.292525,303.424924,0.040105,0.066015,5.011626,1.0,1.0,0.0
cyl_000933,157.63904,618.181367,0.183072,0.149856,1.000333,1.0,1.0,0.0
cyl_000934,56.334413,603.028625,0.144082,0.197815,6.204418,1.0,1.0,0.0
cyl_000935,54.584614,878.927,0.030983,0.085377,7.258599,1.0,1.0,0.0
cyl_000936,32.248497,539.08536,0.138185,0.1396,2.093871,1.0,1.0,0.0
cyl_000937,48.135237,367.650022,0.11575,0.039458,2.910684,1.0,1.0,0.0
cyl_000938,109.436268,328.336151,0.001953,0.13213,3.199947,1.0,1.0,0.0
cyl_000939,38.216517,678.483085,0.271074,0.036222,6.250156,1.0,1.0,0.0
cyl_000940,30.179183,994.641098,0.23682,0.196164,3.225776,1.0,1.0,0.0
cyl_000941,69.930604,409.79964,0.144573,0.232006,2.912617,1.0,1.0,0.0
cyl_000942,71.195121,288.951554,0.010017,0.11738,7.077675,1.0,1.0,0.0
cyl_000943,44.081137,258.590878,0.111004,0.068779,4.943136,1.0,1.0,0.0
cyl_000944,48.199275,240.562335,0.211899,0.240341,6.757103,1.0,1.0,0.0
cyl_000945,153.545574,641.622496,0.130731,0.014943,7.969766,1.0,1.0,0.0
cyl_000946,150.579488,363.641792,0.073846,0.021445,6.37219,1.0,1.0,0.0
cyl_000947,140.305349,480.41201,0.141012,0.133561,7.105413,1.0,1.0,0.0
cyl_000948,27.376286,859.410237,0.126518,0.208947,4.420983,1.0,1.0,0.0
cyl_000949,25.26405,605.096595,0.008489,0.237995,4.229807,1.0,1.0,0.0
cyl_000950,22.039547,721.969727,0.218187,0.255113,2.565735,1.0,1.0,0.0
cyl_000951,116.325592,301.656564,0.167387,0.018011,4.425398,1.0,1.0,0.0
cyl_000952,85.804557,924.788026,0.219138,0.051651,5.810927,1.0,1.0,0.0
cyl_000953,86.931565,213.425393,0.144647,0.207388,4.29091,1.0,1.0,0.0
cyl_000954,85.654537,326.918043,0.108249,0.195923,5.054581,1.0,1.0,0.0
cyl_000955,37.168588,445.041699,0.273146,0.291768,3.558694,1.0,1.0,0.0
cyl_000956,100.820147,399.389456,0.218596,0.130213,1.422565,1.0,1.0,0.0
cyl_000957,56.423539,277.429833,0.053587,0.151473,6.157811,1.0,1.0,0.0
cyl_000958,31.538039,205.00199,0.167896,0.217384,3.033859,1.0,1.0,0.0
cyl_000959,62.084941,332.73194,0.277458,0.095148,2.407077,1.0,1.0,0.0
cyl_000960,57.010867,890.662793,0.017975,0.223386,7.851858,1.0,1.0,0.0
cyl_000961,130.732609,201.668415,0.004871,0.260624,3.649168,1.0,1.0,0.0
cyl_000962,42.774578,299.824387,0.127114,0.090861,5.080076,1.0,1.0,0.0
cyl_000963,44.243132,992.910243,0.29031,0.251384,3.876385,1.0,1.0,0.0
cyl_000964,46.335066,203.208608,0.243761,0.247581,5.467949,1.0,1.0,0.0
cyl_000965,86.291653,224.780941,0.27263,0.219326,3.991364,1.0,1.0,0.0
cyl_000966,23.946118,445.825138,0.262101,0.261925,4.293295,1.0,1.0,0.0
cyl_000967,63.797343,758.589235,0.161715,0.094986,3.089473,1.0,1.0,0.0
cyl_000968,22.867075,256.133419,0.281526,0.013891,3.394545,1.0,1.0,0.0
cyl_000969,56.274685,809.044714,0.04309,0.280117,0.593023,1.0,1.0,0.0
cyl_000970,23.914437,652.708854,0.107733,0.009076,2.489172,1.0,1.0,0.0
cyl_000971,23.643981,882.01555,0.072131,0.289693,3.118499,1.0,1.0,0.0
cyl_000972,160.366486,465.053435,0.257469,0.172661,3.58864,1.0,1.0,0.0
cyl_000973,67.93591,285.205405,0.014678,0.19432,6.325347,1.0,1.0,0.0
cyl_000974,22.597641,482.658908,0.206598,0.16717,4.398408,1.0,1.0,0.0
cyl_000975,113.153734,642.589331,0.288515,0.116658,7.668195,1.0,1.0,0.0
cyl_000976,20.574568,227.39163,0.168284,0.10922,1.698199,1.0,1.0,0.0
cyl_000977,199.663731,679.237952,0.105284,0.061725,4.906732,1.0,1.0,0.0
cyl_000978,21.723036,246.61421,0.029347,0.233898,4.0124,1.0,1.0,0.0
cyl_000979,55.131167,212.979206,0.189149,0.074093,5.558408,1.0,1.0,0.0
cyl_000980,50.311143,622.418987,0.175898,0.161377,1.380953,1.0,1.0,0.0
cyl_000981,28.930193,347.368891,0.205602,0.179485,5.969821,1.0,1.0,0.0
cyl_000982,59.563148,327.818568,0.224583,0.265281,5.279673,1.0,1.0,0.0
cyl_000983,185.780342,217.83335,0.064973,0.071945,4.850865,1.0,1.0,0.0
cyl_000984,82.943044,296.605917,0.081156,0.057215,6.891421,1.0,1.0,0.0
cyl_000985,38.24911,666.746071,0.263563,0.197627,5.219799,1.0,1.0,0.0
cyl_000986,132.894124,863.502283,0.256978,0.198642,3.14492,1.0,1.0,0.0
cyl_000987,49.625103,311.592692,0.079873,0.11761,3.891147,1.0,1.0,0.0
cyl_000988,26.877205,572.589721,0.07892,0.027643,1.535735,1.0,1.0,0.0
cyl_000989,155.20368,261.843967,0.104823,0.172569,5.71196,1.0,1.0,0.0
cyl_000990,195.397916,482.19808,0.050513,0.126209,0.511791,1.0,1.0,0.0
cyl_000991,62.647836,743.703351,0.150086,0.111345,3.010922,1.0,1.0,0.0
cyl_000992,111.630692,491.817457,0.244812,0.277264,6.355193,1.0,1.0,0.0
cyl_000993,62.751614,247.562264,0.126313,0.058911,1.770859,1.0,1.0,0.0
cyl_000994,35.098557,349.046645,0.026816,0.062205,1.4853,1.0,1.0,0.0
cyl_000995,41.958238,332.357205,0.055012,0.256473,5.52849,1.0,1.0,0.0
cyl_000996,47.175492,987.857023,0.137395,0.267351,1.158808,1.0,1.0,0.0
cyl_000997,34.215826,275.691737,0.190797,0.272375,6.721031,1.0,1.0,0.0
cyl_000998,28.280494,321.568138,0.125122,0.03462,4.113041,1.0,1.0,0.0
cyl_000999,65.047071,683.543729,0.141222,0.066793,7.082766,1.0,1.0,0.0
cyl_001000,37.842022,566.911806,0.27967,0.286983,3.760265,1.0,1.0,0.0
cyl_001001,66.027662,685.566254,0.044116,0.266489,0.531157,1.0,1.0,0.0
cyl_001002,31.232959,532.946603,0.092423,0.250085,5.601827,1.0,1.0,0.0
cyl_001003,34.504028,201.128696,0.027932,0.137509,5.274925,1.0,1.0,0.0
cyl_001004,58.804677,472.273506,0.16002,0.152051,6.187686,1.0,1.0,0.0
cyl_001005,110.924858,966.398167,0.058879,0.290117,0.966519,1.0,1.0,0.0
cyl_001006,102.280585,587.545059,0.084529,0.253667,0.630295,1.0,1.0,0.0
cyl_001007,106.370864,566.018118,0.078677,0.05814,7.694634,1.0,1.0,0.0
cyl_001008,130.49852,777.67856,0.191944,0.239497,2.847214,1.0,1.0,0.0
cyl_001009,134.230119,355.126955,0.173471,0.263854,3.701889,1.0,1.0,0.0
cyl_001010,110.244372,212.59007,0.041114,0.231543,6.178455,1.0,1.0,0.0
cyl_001011,21.384902,583.447939,0.154789,0.142887,5.975259,1.0,1.0,0.0
cyl_001012,70.852049,386.043565,0.016515,0.009886,5.120993,1.0,1.0,0.0
cyl_001013,61.544937,346.60113,0.170819,0.177601,4.710874,1.0,1.0,0.0
cyl_001014,24.864621,278.062493,0.203733,0.114867,5.724437,1.0,1.0,0.0
cyl_001015,27.794709,505.244757,0.194618,0.149378,6.133983,1.0,1.0,0.0
cyl_001016,167.947159,606.85174,0.049313,0.005337,3.71737,1.0,1.0,0.0
cyl_001017,89.726502,604.619217,0.191025,0.089286,7.932937,1.0,1.0,0.0
cyl_001018,164.911783,739.852472,0.264303,0.02678,6.603662,1.0,1.0,0.0
cyl_001019,42.823054,952.456641,0.174999,0.26378,6.423869,1.0,1.0,0.0
cyl_001020,186.972288,476.70816,0.266722,0.252247,7.427529,1.0,1.0,0.0
cyl_001021,22.313381,924.917557,0.266893,0.086048,2.396885,1.0,1.0,0.0
cyl_001022,114.816254,688.225146,0.121984,0.123241,6.304971,1.0,1.0,0.0
cyl_001023,105.30609,675.933958,0.068077,0.140682,6.417569,1.0,1.0,0.0
cyl_001024,107.089447,287.479997,0.117961,0.02426,2.745829,1.0,1.0,0.0
cyl_001025,45.958017,768.459272,0.127822,0.291368,2.65954,1.0,1.0,0.0
cyl_001026,159.588251,289.371207,0.274734,0.030346,4.534121,1.0,1.0,0.0
cyl_001027,66.508806,271.542248,0.008025,0.162156,7.03926,1.0,1.0,0.0
cyl_001028,49.841545,408.19022,0.004048,0.234427,7.48207,1.0,1.0,0.0
cyl_001029,143.32556,498.852622,0.22156,0.129531,6.833282,1.0,1.0,0.0
cyl_001030,105.865453,339.534906,0.217871,0.077079,7.37367,1.0,1.0,0.0
cyl_001031,43.221903,308.29083,0.195417,0.141604,1.411205,1.0,1.0,0.0
cyl_001032,43.123534,280.601731,0.071206,0.074419,6.97763,1.0,1.0,0.0
cyl_001033,92.925031,981.185696,0.179634,0.191075,6.414733,1.0,1.0,0.0
cyl_001034,41.42954,433.212088,0.035541,0.100482,7.402582,1.0,1.0,0.0
cyl_001035,43.513574,686.512013,0.109604,0.079529,2.317837,1.0,1.0,0.0
cyl_001036,29.707595,277.821504,0.206513,0.091073,7.84942,1.0,1.0,0.0
cyl_001037,92.513159,844.675668,0.010482,0.201461,2.945704,1.0,1.0,0.0
cyl_001038,35.262395,261.443753,0.046962,0.13013,1.952858,1.0,1.0,0.0
cyl_001039,31.027158,882.715127,0.011665,0.031967,6.434715,1.0,1.0,0.0
cyl_001040,21.549551,838.852587,0.040004,0.007906,4.190888,1.0,1.0,0.0
cyl_001041,30.074447,685.829594,0.174334,0.046545,1.280746,1.0,1.0,0.0
cyl_001042,137.060359,378.600382,0.187925,0.058423,0.908396,1.0,1.0,0.0
cyl_001043,78.040091,546.226905,0.292683,0.199832,7.32143,1.0,1.0,0.0
cyl_001044,26.716724,342.318238,0.16929,0.109084,7.564542,1.0,1.0,0.0
cyl_001045,133.612585,216.576323,0.09281,0.255883,1.531665,1.0,1.0,0.0
cyl_001046,74.076724,395.057712,0.062917,0.137194,5.511678,1.0,1.0,0.0
cyl_001047,60.476494,624.582139,0.036756,0.210253,2.552672,1.0,1.0,0.0
cyl_001048,29.038115,307.758065,0.248072,0.130919,1.332279,1.0,1.0,0.0
cyl_001049,58.262431,943.111398,0.134292,0.078892,2.433695,1.0,1.0,0.0
cyl_001050,27.86872,706.388188,0.007046,0.283017,3.352205,1.0,1.0,0.0
cyl_001051,45.059276,838.379313,0.261289,0.189327,6.809052,1.0,1.0,0.0
cyl_001052,58.606719,474.362381,0.111642,0.155243,3.682964,1.0,1.0,0.0
cyl_001053,35.523418,858.341263,0.087904,0.169033,5.48373,1.0,1.0,0.0
cyl_001054,31.783242,659.619766,0.06152,0.035972,6.346936,1.0,1.0,0.0
cyl_001055,148.950382,424.041761,0.012742,0.085092,1.165017,1.0,1.0,0.0
cyl_001056,172.574652,257.798461,0.293284,0.284363,4.641244,1.0,1.0,0.0
cyl_001057,96.333751,254.040802,0.131394,0.154813,3.076113,1.0,1.0,0.0
cyl_001058,73.610558,362.53036,0.20032,0.105854,2.853462,1.0,1.0,0.0
cyl_001059,54.578152,227.508336,0.234471,0.019081,7.158748,1.0,1.0,0.0
cyl_001060,32.34461,542.40915,0.102293,0.269056,3.847802,1.0,1.0,0.0
cyl_001061,27.725318,272.825107,0.096006,0.189461,7.887288,1.0,1.0,0.0
cyl_001062,180.178821,547.10347,0.298645,0.208274,0.668631,1.0,1.0,0.0
cyl_001063,28.69439,355.80044,0.033695,0.114521,2.621047,1.0,1.0,0.0
cyl_001064,39.547547,247.507341,0.291693,0.287316,6.243792,1.0,1.0,0.0
cyl_001065,58.463086,598.175855,0.292008,0.082825,2.521151,1.0,1.0,0.0
cyl_001066,157.587437,451.953109,0.140788,0.045279,7.244108,1.0,1.0,0.0
cyl_001067,26.268512,752.322909,0.127465,0.26998,0.95489,1.0,1.0,0.0
cyl_001068,23.767885,359.327982,0.241573,0.153302,6.56348,1.0,1.0,0.0
cyl_001069,25.766099,760.084968,0.050122,0.25177,1.374581,1.0,1.0,0.0
cyl_001070,154.02721,984.24083,0.165604,0.190926,2.716219,1.0,1.0,0.0
cyl_001071,157.826114,556.110883,0.024347,0.134483,2.204428,1.0,1.0,0.0
cyl_001072,148.011433,329.208198,0.068803,0.290406,7.03172,1.0,1.0,0.0
cyl_001073,28.957324,561.628211,0.181633,0.236676,5.564345,1.0,1.0,0.0
cyl_001074,138.257199,243.689013,0.191168,0.006625,2.234569,1.0,1.0,0.0
cyl_001075,136.138715,949.438419,0.110942,0.244098,2.42354,1.0,1.0,0.0
cyl_001076,176.298778,425.634874,0.185779,0.282358,3.95301,1.0,1.0,0.0
cyl_001077,148.909289,957.304625,0.25317,0.230402,7.586745,1.0,1.0,0.0
cyl_001078,22.11101,205.605654,0.211363,0.00701,3.06405,1.0,1.0,0.0
cyl_001079,24.362816,279.063393,0.086083,0.085288,0.87195,1.0,1.0,0.0
cyl_001080,60.057198,262.095374,0.237563,0.261163,7.433827,1.0,1.0,0.0
cyl_001081,179.637818,862.127179,0.178822,0.254378,0.904927,1.0,1.0,0.0
cyl_001082,24.144808,628.949426,0.046726,0.256274,3.173955,1.0,1.0,0.0
cyl_001083,88.520508,292.775737,0.021506,0.112,2.436101,1.0,1.0,0.0
cyl_001084,42.42955,522.375292,0.22997,0.230714,1.397084,1.0,1.0,0.0
cyl_001085,186.260345,261.030428,0.201685,0.048088,5.301493,1.0,1.0,0.0
cyl_001086,191.561384,668.569409,0.081862,0.059846,5.034627,1.0,1.0,0.0
cyl_001087,86.722119,297.15934,0.123908,0.047511,4.840833,1.0,1.0,0.0
cyl_001088,24.7988,316.170303,0.264484,0.206692,2.885805,1.0,1.0,0.0
cyl_001089,25.450705,237.5774,0.267406,0.025449,0.508018,1.0,1.0,0.0
cyl_001090,177.592879,303.895266,0.038818,0.179831,5.966856,1.0,1.0,0.0
cyl_001091,135.8862,710.500821,0.262425,0.057714,3.653209,1.0,1.0,0.0
cyl_001092,42.096527,945.6706,0.197881,0.229547,2.961429,1.0,1.0,0.0
cyl_001093,168.578517,342.068655,0.074828,0.004769,0.684261,1.0,1.0,0.0
cyl_001094,125.242888,332.933716,0.065999,0.235715,0.851072,1.0,1.0,0.0
cyl_001095,85.025853,576.673323,0.156251,0.155008,1.499527,1.0,1.0,0.0
cyl_001096,47.651655,311.930676,0.13227,0.236792,3.031103,1.0,1.0,0.0
cyl_001097,42.035441,755.464278,0.034324,0.263609,2.526183,1.0,1.0,0.0
cyl_001098,47.513596,672.487374,0.005851,0.17053,5.5095,1.0,1.0,0.0
cyl_001099,124.169376,437.985605,0.231046,0.05784,1.826297,1.0,1.0,0.0
cyl_001100,31.440173,248.833293,0.104403,0.270677,7.808787,1.0,1.0,0.0
cyl_001101,31.632036,966.988213,0.017664,0.227124,5.265155,1.0,1.0,0.0
cyl_001102,22.628653,215.621091,0.189322,0.147001,2.349723,1.0,1.0,0.0
cyl_001103,43.902842,526.020784,0.120595,0.111068,6.906094,1.0,1.0,0.0
cyl_001104,45.521626,456.285425,0.229854,0.214334,5.938407,1.0,1.0,0.0
cyl_001105,73.052833,216.211008,0.291225,0.129712,7.164791,1.0,1.0,0.0
cyl_001106,123.452735,444.256241,0.286244,0.232766,3.608209,1.0,1.0,0.0
cyl_001107,39.080953,220.858169,0.174735,0.207635,6.101416,1.0,1.0,0.0
cyl_001108,31.118585,989.718319,0.236157,0.112998,4.002567,1.0,1.0,0.0
cyl_001109,32.100744,266.631364,0.258875,0.190676,5.687895,1.0,1.0,0.0
cyl_001110,142.28289,298.11501,0.222635,0.093085,3.641921,1.0,1.0,0.0
cyl_001111,56.450036,602.588067,0.272369,0.090122,7.863229,1.0,1.0,0.0
cyl_001112,22.906532,383.959081,0.028051,0.252713,7.711517,1.0,1.0,0.0
cyl_001113,60.822835,232.843815,0.202077,0.142566,1.687351,1.0,1.0,0.0
cyl_001114,162.948396,367.247202,0.109497,0.154277,7.814907,1.0,1.0,0.0
cyl_001115,152.176548,828.197009,0.175603,0.021174,6.130112,1.0,1.0,0.0
cyl_001116,41.315143,561.169485,0.045544,0.053476,3.356455,1.0,1.0,0.0
cyl_001117,95.149313,732.469219,0.230306,0.246632,2.660294,1.0,1.0,0.0
cyl_001118,83.14766,947.326327,0.010763,0.086297,7.06248,1.0,1.0,0.0
cyl_001119,53.70622,374.965872,0.144955,0.283621,4.475388,1.0,1.0,0.0
cyl_001120,166.724295,263.078198,0.049719,0.045524,0.690243,1.0,1.0,0.0
cyl_001121,31.404417,223.14409,0.112481,0.234459,7.788613,1.0,1.0,0.0
cyl_001122,24.272396,494.717709,0.026645,0.239994,7.360749,1.0,1.0,0.0
cyl_001123,21.512994,782.107215,0.089874,0.092891,1.364546,1.0,1.0,0.0
cyl_001124,96.751046,497.39527,0.138018,0.106775,7.474532,1.0,1.0,0.0
cyl_001125,153.173783,900.349408,0.260382,0.085503,1.452508,1.0,1.0,0.0
cyl_001126,63.210799,600.383342,0.188703,0.069071,3.140346,1.0,1.0,0.0
cyl_001127,175.549434,874.846339,0.169104,0.022132,7.15023,1.0,1.0,0.0
cyl_001128,133.103182,259.669796,0.194347,0.115406,4.535885,1.0,1.0,0.0
cyl_001129,103.777515,739.247411,0.141572,0.136864,6.917908,1.0,1.0,0.0
cyl_001130,154.991226,383.010563,0.158179,0.178119,3.227253,1.0,1.0,0.0
cyl_001131,36.559769,223.348204,0.269372,0.14673,5.962025,1.0,1.0,0.0
cyl_001132,20.128949,895.964938,0.07426,0.050088,2.72234,1.0,1.0,0.0
cyl_001133,36.069887,394.209944,0.012596,0.087601,1.062468,1.0,1.0,0.0
cyl_001134,52.365918,227.186187,0.249712,0.016656,5.365349,1.0,1.0,0.0
cyl_001135,92.161791,923.528668,0.121074,0.22155,7.273183,1.0,1.0,0.0
cyl_001136,57.849514,393.514149,0.037652,0.192776,1.930061,1.0,1.0,0.0
cyl_001137,29.122879,864.457133,0.258634,0.092795,6.691742,1.0,1.0,0.0
cyl_001138,170.981889,244.764667,0.257611,0.286033,1.447853,1.0,1.0,0.0
cyl_001139,41.076821,239.965542,0.057291,0.186326,0.624845,1.0,1.0,0.0
cyl_001140,69.364493,242.769695,0.216382,0.062663,1.718498,1.0,1.0,0.0
cyl_001141,63.91414,721.061355,0.149661,0.152538,5.763584,1.0,1.0,0.0
cyl_001142,90.416965,229.124786,0.281634,0.143946,3.997606,1.0,1.0,0.0
cyl_001143,39.756407,397.116795,0.165943,0.293642,1.16201,1.0,1.0,0.0
cyl_001144,103.733861,275.844198,0.080762,0.068129,5.490964,1.0,1.0,0.0
cyl_001145,32.000285,954.830738,0.025023,0.155543,4.152025,1.0,1.0,0.0
cyl_001146,171.961343,716.9168,0.270324,0.061412,2.246863,1.0,1.0,0.0
cyl_001147,191.361771,982.821294,0.217037,0.198094,2.214526,1.0,1.0,0.0
cyl_001148,69.779206,370.281847,0.135614,0.210073,2.949656,1.0,1.0,0.0
cyl_001149,20.668464,766.684993,0.268274,0.203049,7.748848,1.0,1.0,0.0
cyl_001150,20.339389,887.859761,0.160638,0.21069,6.632132,1.0,1.0,0.0
cyl_001151,84.971512,276.145174,0.083202,0.044112,1.603568,1.0,1.0,0.0
cyl_001152,76.96635,379.928641,0.245065,0.152963,2.332517,1.0,1.0,0.0
cyl_001153,46.534508,324.65393,0.166568,0.194963,5.296035,1.0,1.0,0.0
cyl_001154,79.561294,539.671479,0.164503,0.089503,2.974934,1.0,1.0,0.0
cyl_001155,31.059894,497.107306,0.084619,0.118899,0.559315,1.0,1.0,0.0
cyl_001156,66.892624,839.985174,0.265789,0.066612,1.885367,1.0,1.0,0.0
cyl_001157,102.546196,587.465616,0.271049,0.225884,2.857431,1.0,1.0,0.0
cyl_001158,150.113242,243.995581,0.258564,0.296468,4.257086,1.0,1.0,0.0
cyl_001159,21.134825,561.11127,0.296979,0.264878,4.73843,1.0,1.0,0.0
cyl_001160,70.923674,950.529667,0.252271,0.229325,7.966029,1.0,1.0,0.0
cyl_001161,20.15421,422.641871,0.123046,0.230171,1.933275,1.0,1.0,0.0
cyl_001162,108.133076,913.106018,0.019218,0.137572,2.811371,1.0,1.0,0.0
cyl_001163,36.563285,477.390172,0.109673,0.057005,2.531592,1.0,1.0,0.0
cyl_001164,75.423028,749.159037,0.111976,0.163909,7.6002,1.0,1.0,0.0
cyl_001165,28.454246,304.006927,0.172643,0.169521,5.552677,1.0,1.0,0.0
cyl_001166,56.880653,785.043565,0.148221,0.106337,1.476944,1.0,1.0,0.0
cyl_001167,101.816934,506.657989,0.287607,0.245345,1.823418,1.0,1.0,0.0
cyl_001168,97.939146,275.451136,0.207332,0.081271,1.067038,1.0,1.0,0.0
cyl_001169,35.362266,202.548366,0.054337,0.238741,7.25534,1.0,1.0,0.0
cyl_001170,28.873092,401.64919,0.017752,0.212984,0.840314,1.0,1.0,0.0
cyl_001171,131.919317,200.89986,0.157,0.289246,2.772125,1.0,1.0,0.0
cyl_001172,20.735171,506.178841,0.016702,0.186551,2.145328,1.0,1.0,0.0
cyl_001173,139.06112,218.355642,0.204771,0.208478,1.094568,1.0,1.0,0.0
cyl_001174,53.869599,374.831561,0.017202,0.226579,4.857085,1.0,1.0,0.0
cyl_001175,119.004654,380.430386,0.235514,0.03875,5.249311,1.0,1.0,0.0
cyl_001176,133.326314,222.402053,0.023006,0.096537,6.852714,1.0,1.0,0.0
cyl_001177,20.316161,723.14706,0.213363,0.170044,0.951799,1.0,1.0,0.0
cyl_001178,23.163518,541.550294,0.129539,0.213109,3.419269,1.0,1.0,0.0
cyl_001179,140.055991,434.496438,0.197366,0.174686,4.935431,1.0,1.0,0.0
cyl_001180,194.911456,702.120359,0.076488,0.019678,5.408944,1.0,1.0,0.0
cyl_001181,30.052406,508.449021,0.189452,0.05618,3.308643,1.0,1.0,0.0
cyl_001182,110.502303,487.219654,0.241199,0.049028,4.405998,1.0,1.0,0.0
cyl_001183,53.2758,376.247697,0.146963,0.051968,6.105824,1.0,1.0,0.0
cyl_001184,48.057988,327.505058,0.275602,0.149488,2.674053,1.0,1.0,0.0
cyl_001185,29.929256,345.628047,0.220945,0.102663,4.583169,1.0,1.0,0.0
cyl_001186,144.605389,292.190355,0.086172,0.013096,7.021097,1.0,1.0,0.0
cyl_001187,33.351742,205.154558,0.20522,0.149171,5.787835,1.0,1.0,0.0
cyl_001188,55.765549,578.409859,0.262977,0.1017,6.900053,1.0,1.0,0.0
cyl_001189,112.508737,405.397794,0.227453,0.152316,4.921899,1.0,1.0,0.0
cyl_001190,63.628097,896.722857,0.041587,0.298062,6.436802,1.0,1.0,0.0
cyl_001191,24.055682,830.446323,0.055873,0.110292,7.72502,1.0,1.0,0.0
cyl_001192,41.730097,826.278308,0.022007,0.145785,1.991684,1.0,1.0,0.0
cyl_001193,37.282699,481.570596,0.00546,0.238519,4.043072,1.0,1.0,0.0
cyl_001194,46.164705,782.437962,0.049999,0.232195,5.043946,1.0,1.0,0.0
cyl_001195,29.149147,375.839509,0.00221,0.091885,3.397634,1.0,1.0,0.0
cyl_001196,26.314525,601.871442,0.147626,0.074336,1.590969,1.0,1.0,0.0
cyl_001197,37.226932,579.563576,0.031952,0.120949,5.179027,1.0,1.0,0.0
cyl_001198,102.8769,536.174419,0.06896,0.167569,2.602882,1.0,1.0,0.0
cyl_001199,81.345111,365.557737,0.23195,0.01351,7.377415,1.0,1.0,0.0
cyl_001200,82.635555,570.165501,0.185502,0.177342,6.637858,1.0,1.0,0.0
cyl_001201,134.326011,531.443731,0.096598,0.225947,1.208219,1.0,1.0,0.0
cyl_001202,64.62979,368.220317,0.242701,0.049422,3.446693,1.0,1.0,0.0
cyl_001203,38.091738,230.684687,0.072482,0.179307,2.337775,1.0,1.0,0.0
cyl_001204,76.583571,245.681715,0.126795,0.183311,5.785388,1.0,1.0,0.0
cyl_001205,130.40798,386.4794,0.04739,0.277069,3.772675,1.0,1.0,0.0
cyl_001206,168.818281,851.076022,0.123215,0.246363,4.097559,1.0,1.0,0.0
cyl_001207,113.546004,672.919911,0.158371,0.004376,5.389778,1.0,1.0,0.0
cyl_001208,37.728836,663.893547,0.17846,0.110916,2.460106,1.0,1.0,0.0
cyl_001209,55.429261,236.488218,0.09112,0.173528,2.882097,1.0,1.0,0.0
cyl_001210,24.304347,388.59307,0.180593,0.167029,7.477901,1.0,1.0,0.0
cyl_001211,58.744936,249.692705,0.005775,0.127467,7.494109,1.0,1.0,0.0
cyl_001212,20.273297,263.17779,0.066688,0.102083,1.291064,1.0,1.0,0.0
cyl_001213,196.005222,411.340823,0.240506,0.016905,7.57309,1.0,1.0,0.0
cyl_001214,47.099731,552.23379,0.133822,0.204308,1.812533,1.0,1.0,0.0
cyl_001215,73.803895,461.400905,0.222807,0.299198,5.019069,1.0,1.0,0.0
cyl_001216,178.475141,735.215821,0.28909,0.251856,4.929171,1.0,1.0,0.0
cyl_001217,34.973642,504.601067,0.203425,0.211004,1.098696,1.0,1.0,0.0
cyl_001218,109.165776,224.440251,0.081646,0.124482,6.038198,1.0,1.0,0.0
cyl_001219,21.464614,750.353485,0.170639,0.187895,7.927925,1.0,1.0,0.0
cyl_001220,53.311711,612.427264,0.07418,0.078146,3.336548,1.0,1.0,0.0
cyl_001221,45.438053,399.799406,0.038866,0.241053,1.076386,1.0,1.0,0.0
cyl_001222,80.431178,420.896831,0.167051,0.120785,4.017447,1.0,1.0,0.0
cyl_001223,33.725617,313.147263,0.21355,0.238489,5.315009,1.0,1.0,0.0
cyl_001224,23.684659,643.237971,0.181792,0.200486,1.962247,1.0,1.0,0.0
cyl_001225,41.912373,366.794294,0.044291,0.135869,2.993945,1.0,1.0,0.0
cyl_001226,172.114807,256.828698,0.034553,0.248927,3.261712,1.0,1.0,0.0
cyl_001227,62.347547,669.003966,0.084194,0.054479,1.923071,1.0,1.0,0.0
cyl_001228,77.556998,298.052898,0.143315,0.248642,2.138759,1.0,1.0,0.0
cyl_001229,27.450877,932.050056,0.251622,0.287968,0.583009,1.0,1.0,0.0
cyl_001230,142.59406,761.908099,0.198118,0.247803,1.850915,1.0,1.0,0.0
cyl_001231,114.012223,278.358285,0.046128,0.098538,6.88635,1.0,1.0,0.0
cyl_001232,51.514926,325.243694,0.009147,0.205038,0.631856,1.0,1.0,0.0
cyl_001233,177.670155,650.053053,0.208801,0.256718,4.993679,1.0,1.0,0.0
cyl_001234,34.863521,425.354399,0.185676,0.229484,1.491395,1.0,1.0,0.0
cyl_001235,26.23352,532.538842,0.113316,0.022953,4.567125,1.0,1.0,0.0
cyl_001236,29.848479,416.833651,0.023256,0.055683,2.689738,1.0,1.0,0.0
cyl_001237,198.4884,544.552301,0.047744,0.178641,7.874063,1.0,1.0,0.0
cyl_001238,87.226969,267.267662,0.057888,0.254095,4.60126,1.0,1.0,0.0
cyl_001239,69.261312,499.677642,0.260776,0.091237,3.130957,1.0,1.0,0.0
cyl_001240,112.049314,354.202446,0.244355,0.13503,6.270627,1.0,1.0,0.0
cyl_001241,141.823567,468.996498,0.154372,0.151225,7.912094,1.0,1.0,0.0
cyl_001242,26.993125,645.867088,0.094962,0.005096,7.880312,1.0,1.0,0.0
cyl_001243,154.787771,560.269782,0.153232,0.003867,2.593984,1.0,1.0,0.0
cyl_001244,35.430648,258.365952,0.065452,0.259818,1.487097,1.0,1.0,0.0
cyl_001245,117.452572,599.129327,0.20361,0.264532,1.28705,1.0,1.0,0.0
cyl_001246,81.413143,437.508099,0.130355,0.160892,4.249199,1.0,1.0,0.0
cyl_001247,49.526116,209.795147,0.291322,0.150931,5.920166,1.0,1.0,0.0
cyl_001248,41.134778,438.492082,0.19637,0.130689,5.285973,1.0,1.0,0.0
cyl_001249,56.691216,356.591158,0.231574,0.112667,1.168162,1.0,1.0,0.0
cyl_001250,30.220665,500.472371,0.200949,0.238099,3.704111,1.0,1.0,0.0
cyl_001251,87.711083,217.260671,0.038208,0.299703,0.807502,1.0,1.0,0.0
cyl_001252,36.159296,537.373898,0.254572,0.144932,2.555554,1.0,1.0,0.0
cyl_001253,38.51457,226.635132,0.115979,0.060693,0.660926,1.0,1.0,0.0
cyl_001254,20.21382,828.636775,0.220308,0.260398,3.253985,1.0,1.0,0.0
cyl_001255,197.286189,228.602098,0.287943,0.199414,4.954737,1.0,1.0,0.0
cyl_001256,61.772416,438.759971,0.273404,0.214084,2.987856,1.0,1.0,0.0
cyl_001257,51.84168,333.203519,0.151964,0.279259,0.655889,1.0,1.0,0.0
cyl_001258,119.525938,411.000371,0.160307,0.238345,6.923589,1.0,1.0,0.0
cyl_001259,78.594489,326.559042,0.070164,0.214621,7.924551,1.0,1.0,0.0
cyl_001260,40.123558,731.311055,0.115927,0.204198,6.116712,1.0,1.0,0.0
cyl_001261,50.433405,745.288202,0.029753,0.019048,5.623632,1.0,1.0,0.0
cyl_001262,176.41428,283.655969,0.288186,0.216545,5.092069,1.0,1.0,0.0
cyl_001263,185.44219,663.126119,0.213809,0.014424,1.965785,1.0,1.0,0.0
cyl_001264,39.805231,827.270125,0.117139,0.27173,4.48706,1.0,1.0,0.0
cyl_001265,52.271815,867.655233,0.112959,0.255499,2.89829,1.0,1.0,0.0
cyl_001266,65.951809,549.98635,0.297538,0.002306,0.618212,1.0,1.0,0.0
cyl_001267,52.941385,235.28176,0.234401,0.04994,2.693032,1.0,1.0,0.0
cyl_001268,51.93077,640.357591,0.240417,0.119654,7.790878,1.0,1.0,0.0
cyl_001269,21.781708,573.464893,0.178755,0.214653,6.775756,1.0,1.0,0.0
cyl_001270,132.564364,695.229026,0.277957,0.050486,2.070475,1.0,1.0,0.0
cyl_001271,72.876719,570.685432,0.299206,0.175021,6.427971,1.0,1.0,0.0
cyl_001272,99.375339,234.555038,0.056658,0.095783,7.872167,1.0,1.0,0.0
cyl_001273,141.25519,400.418904,0.245229,0.279923,6.963163,1.0,1.0,0.0
cyl_001274,40.523105,272.491535,0.113209,0.069357,6.715718,1.0,1.0,0.0
cyl_001275,65.879119,390.554066,0.194798,0.050994,5.443407,1.0,1.0,0.0
cyl_001276,24.157737,504.481515,0.034195,0.18106,1.199487,1.0,1.0,0.0
cyl_001277,92.765761,392.497677,0.127219,0.168207,5.519224,1.0,1.0,0.0
cyl_001278,30.156834,340.005761,0.133345,0.258209,1.226102,1.0,1.0,0.0
cyl_001279,99.983209,887.239187,0.131699,0.163464,2.281434,1.0,1.0,0.0
cyl_001280,20.637866,832.764315,0.208587,0.045676,0.713311,1.0,1.0,0.0
cyl_001281,24.766231,286.290432,0.006052,0.163681,5.326766,1.0,1.0,0.0
cyl_001282,31.557896,318.554691,0.202841,0.153235,4.132553,1.0,1.0,0.0
cyl_001283,67.803693,647.333745,0.061279,0.064946,0.67141,1.0,1.0,0.0
cyl_001284,54.856946,527.8022,0.198409,0.217939,2.062874,1.0,1.0,0.0
cyl_001285,83.60274,823.42002,0.103,0.295598,3.133032,1.0,1.0,0.0
cyl_001286,162.315366,232.494986,0.115534,0.063689,6.471451,1.0,1.0,0.0
cyl_001287,24.703512,204.116885,0.013546,0.10969,4.1864,1.0,1.0,0.0
cyl_001288,33.126943,247.931061,0.244151,0.292171,0.70697,1.0,1.0,0.0
cyl_001289,20.163781,549.492569,0.145933,0.259342,3.832253,1.0,1.0,0.0
cyl_001290,189.257546,321.267478,0.085624,0.142955,7.326238,1.0,1.0,0.0
cyl_001291,138.171743,520.978942,0.222307,0.17377,1.72774,1.0,1.0,0.0
cyl_001292,141.539018,216.352606,0.054083,0.133938,0.987725,1.0,1.0,0.0
cyl_001293,191.842555,866.975634,0.196966,0.057373,7.230949,1.0,1.0,0.0
cyl_001294,29.985743,214.14862,0.053859,0.019573,1.239196,1.0,1.0,0.0
cyl_001295,176.779146,238.829854,0.021682,0.063499,5.356947,1.0,1.0,0.0
cyl_001296,39.478631,621.546919,0.073011,0.171163,3.018108,1.0,1.0,0.0
cyl_001297,170.622606,404.333079,0.268404,0.261141,5.955087,1.0,1.0,0.0
cyl_001298,24.688507,325.906564,0.151401,0.270802,1.760871,1.0,1.0,0.0
cyl_001299,21.892477,302.207455,0.27581,0.127825,3.980754,1.0,1.0,0.0
cyl_001300,185.089308,811.082132,0.105002,0.131594,5.587235,1.0,1.0,0.0
cyl_001301,110.371053,348.34057,0.145704,0.199196,3.002533,1.0,1.0,0.0
cyl_001302,29.791579,901.643038,0.285467,0.174417,5.239818,1.0,1.0,0.0
cyl_001303,61.064921,274.674954,0.182549,0.249679,3.233494,1.0,1.0,0.0
cyl_001304,175.880466,464.722235,0.047211,0.232909,3.815562,1.0,1.0,0.0
cyl_001305,30.908638,232.433306,0.091603,0.273272,6.447692,1.0,1.0,0.0
cyl_001306,105.393154,877.061886,0.135796,0.175248,2.125415,1.0,1.0,0.0
cyl_001307,174.933637,611.772254,0.026204,0.015321,6.456245,1.0,1.0,0.0
cyl_001308,88.438875,293.728856,0.004129,0.079282,5.40299,1.0,1.0,0.0
cyl_001309,143.718937,286.874799,0.04073,0.255729,6.805522,1.0,1.0,0.0
cyl_001310,27.661037,977.878773,0.136333,0.114355,3.888672,1.0,1.0,0.0
cyl_001311,89.761702,262.34617,0.081137,0.225576,5.373016,1.0,1.0,0.0
cyl_001312,28.125241,972.432933,0.072295,0.072295,5.234265,1.0,1.0,0.0
cyl_001313,143.18649,513.95657,0.271287,0.006063,1.430099,1.0,1.0,0.0
cyl_001314,145.380283,206.519778,0.061985,0.296295,2.146712,1.0,1.0,0.0
cyl_001315,107.734885,313.050202,0.198809,0.042581,3.432066,1.0,1.0,0.0
cyl_001316,80.819757,547.615246,0.093494,0.294778,5.059784,1.0,1.0,0.0
cyl_001317,27.070411,360.539076,0.07021,0.282629,6.935888,1.0,1.0,0.0
cyl_001318,41.384649,351.197795,0.105871,0.187442,2.319227,1.0,1.0,0.0
cyl_001319,136.791398,786.082448,0.253796,0.030133,7.503704,1.0,1.0,0.0
cyl_001320,160.140521,431.384408,0.247845,0.261892,4.913686,1.0,1.0,0.0
cyl_001321,40.012777,682.415241,0.011777,0.201428,5.651077,1.0,1.0,0.0
cyl_001322,23.730055,334.765313,0.273713,0.071782,2.997941,1.0,1.0,0.0
cyl_001323,163.466761,490.812898,0.003686,0.018895,3.867524,1.0,1.0,0.0
cyl_001324,64.739927,448.745583,0.246232,0.067656,1.222885,1.0,1.0,0.0
cyl_001325,123.08832,669.772561,0.097665,0.139064,6.271657,1.0,1.0,0.0
cyl_001326,171.379512,606.426776,0.192632,0.091745,5.195851,1.0,1.0,0.0
cyl_001327,26.675472,253.963303,0.143519,0.215409,2.808354,1.0,1.0,0.0
cyl_001328,128.917201,437.685459,0.106768,0.240014,4.675805,1.0,1.0,0.0
cyl_001329,51.678236,287.609577,0.259826,0.080953,7.549339,1.0,1.0,0.0
cyl_001330,58.975205,577.915767,0.191591,0.00348,2.783053,1.0,1.0,0.0
cyl_001331,28.206917,237.041192,0.182226,0.005588,5.581915,1.0,1.0,0.0
cyl_001332,155.451962,903.654324,0.187645,0.144157,7.143181,1.0,1.0,0.0
cyl_001333,152.595071,588.591059,0.094832,0.286485,3.670865,1.0,1.0,0.0
cyl_001334,49.692009,216.615892,0.113554,0.185831,3.115363,1.0,1.0,0.0
cyl_001335,68.937919,703.936639,0.124462,0.238942,7.54557,1.0,1.0,0.0
cyl_001336,53.967821,230.325673,0.15151,0.185958,7.223476,1.0,1.0,0.0
cyl_001337,68.493306,298.64998,0.255003,0.092563,0.75835,1.0,1.0,0.0
cyl_001338,146.288751,309.419982,0.043306,0.107516,7.938765,1.0,1.0,0.0
cyl_001339,23.205742,220.052249,0.286802,0.278473,3.662065,1.0,1.0,0.0
cyl_001340,46.265234,453.940218,0.013808,0.189105,5.822238,1.0,1.0,0.0
cyl_001341,59.901688,636.081403,0.227822,0.132235,6.966587,1.0,1.0,0.0
cyl_001342,46.597504,302.815613,0.06215,0.012294,2.622857,1.0,1.0,0.0
cyl_001343,48.320676,419.40786,0.069445,0.011912,5.006142,1.0,1.0,0.0
cyl_001344,60.196121,511.058455,0.141744,0.121384,1.724853,1.0,1.0,0.0
cyl_001345,41.629911,909.715028,0.263706,0.263382,4.992412,1.0,1.0,0.0
cyl_001346,164.518506,254.584057,0.298828,0.069733,4.360038,1.0,1.0,0.0
cyl_001347,54.191635,239.025633,0.112094,0.000426,0.69359,1.0,1.0,0.0
cyl_001348,101.663046,235.031442,0.228697,0.128943,3.152729,1.0,1.0,0.0
cyl_001349,42.346532,233.09359,0.284149,0.164888,3.155925,1.0,1.0,0.0
cyl_001350,148.362237,628.058897,0.03187,0.158754,2.942275,1.0,1.0,0.0
cyl_001351,29.653864,577.314906,0.210544,0.155605,2.026815,1.0,1.0,0.0
cyl_001352,33.222311,530.823319,0.209305,0.136673,7.917416,1.0,1.0,0.0
cyl_001353,20.351868,573.236715,0.094472,0.084883,0.636811,1.0,1.0,0.0
cyl_001354,45.38862,324.350171,0.224174,0.025249,3.788042,1.0,1.0,0.0
cyl_001355,68.623454,213.688757,0.204307,0.005731,5.825518,1.0,1.0,0.0
cyl_001356,156.080658,944.370913,0.174092,0.232441,5.114429,1.0,1.0,0.0
cyl_001357,61.609978,222.810594,0.267264,0.26137,6.953572,1.0,1.0,0.0
cyl_001358,116.575167,305.797909,0.130905,0.028686,1.267537,1.0,1.0,0.0
cyl_001359,76.487494,365.760663,0.107614,0.158891,1.208983,1.0,1.0,0.0
cyl_001360,119.623183,267.745579,0.13485,0.024742,5.759457,1.0,1.0,0.0
cyl_001361,27.021898,423.648448,0.120192,0.064552,5.432113,1.0,1.0,0.0
cyl_001362,26.966811,224.720778,0.223013,0.262438,5.817484,1.0,1.0,0.0
cyl_001363,109.760856,259.046872,0.012033,0.095686,4.876877,1.0,1.0,0.0
cyl_001364,86.887477,234.798617,0.190884,0.084705,7.638492,1.0,1.0,0.0
cyl_001365,182.694992,321.395057,0.266649,0.14232,3.33256,1.0,1.0,0.0
cyl_001366,65.412059,709.511962,0.283366,0.170291,2.784185,1.0,1.0,0.0
cyl_001367,43.738931,725.014921,0.262265,0.000775,6.13869,1.0,1.0,0.0
cyl_001368,116.948471,406.197514,0.047411,0.080754,6.277571,1.0,1.0,0.0
cyl_001369,55.492546,424.347667,0.020477,0.194683,5.591434,1.0,1.0,0.0
cyl_001370,80.456377,219.839396,0.264646,0.218234,1.413811,1.0,1.0,0.0
cyl_001371,28.786649,297.833799,0.117675,0.231388,6.771295,1.0,1.0,0.0
cyl_001372,33.586404,820.804167,0.015215,0.295491,1.673471,1.0,1.0,0.0
cyl_001373,63.862764,355.888756,0.03964,0.283372,3.98525,1.0,1.0,0.0
cyl_001374,173.412473,233.374811,0.020029,0.001867,4.778439,1.0,1.0,0.0
cyl_001375,122.374578,362.932714,0.101538,0.125997,2.402718,1.0,1.0,0.0
cyl_001376,104.742524,247.247117,0.036165,0.135452,3.798761,1.0,1.0,0.0
cyl_001377,44.874142,249.098615,0.209945,0.023826,1.058354,1.0,1.0,0.0
cyl_001378,115.772678,281.276384,0.040426,0.146681,7.626455,1.0,1.0,0.0
cyl_001379,158.595046,432.313966,0.118977,0.01252,4.628198,1.0,1.0,0.0
cyl_001380,27.692068,518.959042,0.076711,0.192624,2.297609,1.0,1.0,0.0
cyl_001381,104.641019,212.229225,0.000401,0.274475,5.799071,1.0,1.0,0.0
cyl_001382,25.70979,496.352596,0.080378,0.211364,4.144581,1.0,1.0,0.0
cyl_001383,21.649041,534.856652,0.029204,0.071509,7.691075,1.0,1.0,0.0
cyl_001384,168.91326,651.779106,0.134737,0.213894,6.615477,1.0,1.0,0.0
cyl_001385,85.932653,410.062263,0.215577,0.181752,2.474753,1.0,1.0,0.0
cyl_001386,107.356052,402.361988,0.01845,0.134123,7.467384,1.0,1.0,0.0
cyl_001387,40.585442,358.769422,0.263988,0.033238,5.605576,1.0,1.0,0.0
cyl_001388,94.31243,733.726466,0.125352,0.231707,7.661541,1.0,1.0,0.0
cyl_001389,64.286094,313.69473,0.043485,0.038304,5.045983,1.0,1.0,0.0
cyl_001390,66.382411,531.070847,0.058251,0.014695,3.477101,1.0,1.0,0.0
cyl_001391,160.26067,534.069715,0.035673,0.279439,2.237808,1.0,1.0,0.0
cyl_001392,122.938664,230.608201,0.159807,0.01622,6.231739,1.0,1.0,0.0
cyl_001393,146.746581,394.056324,0.224435,0.2841,7.352786,1.0,1.0,0.0
cyl_001394,22.155624,210.92706,0.10309,0.130971,5.675158,1.0,1.0,0.0
cyl_001395,88.790937,418.539677,0.26098,0.2463,0.699196,1.0,1.0,0.0
cyl_001396,80.304944,598.818117,0.233587,0.241349,2.900504,1.0,1.0,0.0
cyl_001397,147.720178,811.888511,0.249582,0.169716,5.664108,1.0,1.0,0.0
cyl_001398,53.486117,278.632917,0.000765,0.177007,3.990642,1.0,1.0,0.0
cyl_001399,145.741856,749.954671,0.153954,0.126672,7.339138,1.0,1.0,0.0
cyl_001400,33.38862,917.065664,0.05858,0.195662,0.946702,1.0,1.0,0.0
cyl_001401,23.28052,654.545641,0.095516,0.066254,3.290804,1.0,1.0,0.0
cyl_001402,26.294891,630.064608,0.229493,0.032864,1.905951,1.0,1.0,0.0
cyl_001403,63.359867,540.512782,0.084807,0.070333,6.217389,1.0,1.0,0.0
cyl_001404,33.560664,636.273847,0.153394,0.159695,7.052342,1.0,1.0,0.0
cyl_001405,24.505805,699.865729,0.021822,0.246047,1.579413,1.0,1.0,0.0
cyl_001406,97.546251,391.339324,0.237857,0.02488,2.253607,1.0,1.0,0.0
cyl_001407,157.275818,478.072207,0.225009,0.199992,7.721088,1.0,1.0,0.0
cyl_001408,49.445018,818.60568,0.0533,0.124037,4.926721,1.0,1.0,0.0
cyl_001409,134.867892,552.14708,0.093714,0.157089,3.127684,1.0,1.0,0.0
cyl_001410,78.316949,449.90476,0.050637,0.187131,1.691755,1.0,1.0,0.0
cyl_001411,32.994285,291.614644,0.268182,0.113777,7.854442,1.0,1.0,0.0
cyl_001412,22.552178,864.383131,0.29098,0.092286,2.154057,1.0,1.0,0.0
cyl_001413,30.00195,243.905561,0.002658,0.035635,3.811027,1.0,1.0,0.0
cyl_001414,20.376122,247.11878,0.090596,0.028921,7.067163,1.0,1.0,0.0
cyl_001415,62.58628,578.597959,0.047932,0.234864,2.630366,1.0,1.0,0.0
cyl_001416,177.258671,289.731983,0.003167,0.089605,3.570535,1.0,1.0,0.0
cyl_001417,41.272723,304.577122,0.07514,0.207583,6.509046,1.0,1.0,0.0
cyl_001418,50.881699,515.059502,0.055731,0.046897,4.2073,1.0,1.0,0.0
cyl_001419,75.743989,596.79659,0.276987,0.229983,6.525067,1.0,1.0,0.0
cyl_001420,48.434875,646.334274,0.027866,0.037057,5.904423,1.0,1.0,0.0
cyl_001421,32.13527,409.54535,0.059552,0.281349,7.664439,1.0,1.0,0.0
cyl_001422,127.502764,501.52782,0.20568,0.04543,1.512843,1.0,1.0,0.0
cyl_001423,42.644357,748.52412,0.023646,0.110158,1.571896,1.0,1.0,0.0
cyl_001424,94.995434,796.717987,0.164997,0.21609,1.254416,1.0,1.0,0.0
cyl_001425,87.365941,588.122637,0.155233,0.237693,5.46937,1.0,1.0,0.0
cyl_001426,74.98952,235.920323,0.297877,0.168654,5.898198,1.0,1.0,0.0
cyl_001427,25.670957,267.075632,0.06094,0.228934,4.345853,1.0,1.0,0.0
cyl_001428,34.426445,843.972315,0.295625,0.245165,2.152503,1.0,1.0,0.0
cyl_001429,100.513632,894.220741,0.259692,0.084504,2.168809,1.0,1.0,0.0
cyl_001430,192.231187,524.635175,0.116136,0.158225,1.243067,1.0,1.0,0.0
cyl_001431,36.635918,592.66631,0.124896,0.150664,7.533122,1.0,1.0,0.0
cyl_001432,118.268685,850.061642,0.094182,0.023483,4.470992,1.0,1.0,0.0
cyl_001433,51.082798,302.615518,0.046017,0.207219,6.79125,1.0,1.0,0.0
cyl_001434,46.197464,892.597189,0.006732,0.226164,1.519885,1.0,1.0,0.0
cyl_001435,140.484268,611.025403,0.018133,0.008211,1.507035,1.0,1.0,0.0
cyl_001436,114.049762,220.686131,0.066228,0.016539,3.147635,1.0,1.0,0.0
cyl_001437,22.649911,399.115422,0.07651,0.033455,2.159198,1.0,1.0,0.0
cyl_001438,195.155245,831.944013,0.023835,0.210555,6.811981,1.0,1.0,0.0
cyl_001439,34.166653,413.028043,0.060609,0.242281,5.982971,1.0,1.0,0.0
cyl_001440,26.454528,806.669377,0.009395,0.198174,4.773704,1.0,1.0,0.0
cyl_001441,53.435724,595.650833,0.020912,0.079354,6.321483,1.0,1.0,0.0
cyl_001442,139.782388,469.770658,0.176813,0.068488,2.569203,1.0,1.0,0.0
cyl_001443,84.867494,796.088973,0.242947,0.010365,6.595127,1.0,1.0,0.0
cyl_001444,44.055273,620.360532,0.118718,0.003152,7.288453,1.0,1.0,0.0
cyl_001445,24.325774,715.870435,0.173356,0.128257,3.940688,1.0,1.0,0.0
cyl_001446,52.047796,668.193939,0.139067,0.099649,7.823851,1.0,1.0,0.0
cyl_001447,47.755967,783.235111,0.109816,0.050669,7.161995,1.0,1.0,0.0
cyl_001448,28.079885,766.973283,0.044443,0.166398,5.576097,1.0,1.0,0.0
cyl_001449,70.517415,789.618169,0.230818,0.288705,1.104403,1.0,1.0,0.0
cyl_001450,146.489942,517.845851,0.084313,0.237364,2.978264,1.0,1.0,0.0
cyl_001451,114.539667,727.705008,0.155805,0.061302,2.307756,1.0,1.0,0.0
cyl_001452,49.067539,524.106457,0.254279,0.198581,7.438284,1.0,1.0,0.0
cyl_001453,77.479986,512.324197,0.241727,0.103937,4.161996,1.0,1.0,0.0
cyl_001454,180.532923,915.515981,0.296622,0.24552,7.643476,1.0,1.0,0.0
cyl_001455,52.20366,284.931451,0.128647,0.175866,0.714067,1.0,1.0,0.0
cyl_001456,116.474055,257.433938,0.163477,0.162582,2.06665,1.0,1.0,0.0
cyl_001457,66.776421,613.168395,0.15292,0.180388,3.930523,1.0,1.0,0.0
cyl_001458,61.120089,515.318828,0.269837,0.043966,6.739058,1.0,1.0,0.0
cyl_001459,39.249635,831.681467,0.15245,0.144124,5.382726,1.0,1.0,0.0
cyl_001460,146.995538,340.746473,0.233824,0.18419,5.394478,1.0,1.0,0.0
cyl_001461,21.09124,715.086098,0.188023,0.07094,6.671241,1.0,1.0,0.0
cyl_001462,150.947742,709.052107,0.212177,0.157717,7.739096,1.0,1.0,0.0
cyl_001463,57.579675,320.861793,0.299098,0.124096,5.517456,1.0,1.0,0.0
cyl_001464,23.87533,821.621082,0.25964,0.148378,6.432291,1.0,1.0,0.0
cyl_001465,36.954018,697.166093,0.166253,0.068299,7.00685,1.0,1.0,0.0
cyl_001466,36.85331,420.506252,0.033104,0.228583,1.140587,1.0,1.0,0.0
cyl_001467,23.882315,362.221264,0.004252,0.016389,0.740111,1.0,1.0,0.0
cyl_001468,72.6664,320.048018,0.166179,0.116182,0.72075,1.0,1.0,0.0
cyl_001469,179.912155,242.211384,0.237038,0.272944,3.548328,1.0,1.0,0.0
cyl_001470,71.669791,511.239782,0.167762,0.208786,1.472457,1.0,1.0,0.0
cyl_001471,59.05912,671.946315,0.05765,0.124506,0.854952,1.0,1.0,0.0
cyl_001472,24.475426,787.838844,0.041359,0.101718,2.751604,1.0,1.0,0.0
cyl_001473,128.667952,354.750625,0.268778,0.022638,4.436262,1.0,1.0,0.0
cyl_001474,42.179344,238.220088,0.145217,0.192081,5.783168,1.0,1.0,0.0
cyl_001475,139.310677,839.658125,0.060794,0.211977,0.796015,1.0,1.0,0.0
cyl_001476,149.162897,321.895512,0.294488,0.279745,4.95574,1.0,1.0,0.0
cyl_001477,98.01586,200.54719,0.208083,0.271309,7.992195,1.0,1.0,0.0
cyl_001478,30.593469,352.746569,0.051242,0.177948,4.815274,1.0,1.0,0.0
cyl_001479,50.958445,803.107938,0.170063,0.044469,5.04985,1.0,1.0,0.0
cyl_001480,129.747011,496.92512,0.242118,0.28807,1.747674,1.0,1.0,0.0
cyl_001481,42.709674,429.814955,0.020296,0.289549,3.488525,1.0,1.0,0.0
cyl_001482,100.295515,202.206621,0.207783,0.235339,1.683328,1.0,1.0,0.0
cyl_001483,78.954115,514.353012,0.099303,0.065353,1.957146,1.0,1.0,0.0
cyl_001484,118.086566,597.031602,0.176407,0.286179,0.746738,1.0,1.0,0.0
cyl_001485,98.184715,304.987351,0.066146,0.123777,5.631164,1.0,1.0,0.0
cyl_001486,84.079403,619.919077,0.280564,0.098755,4.157813,1.0,1.0,0.0
cyl_001487,35.787907,883.046569,0.045846,0.118767,6.788078,1.0,1.0,0.0
cyl_001488,126.927517,996.470288,0.135432,0.270249,3.713332,1.0,1.0,0.0
cyl_001489,159.741845,848.009479,0.183859,0.077852,7.781142,1.0,1.0,0.0
cyl_001490,115.379423,453.444692,0.099496,0.207927,3.643572,1.0,1.0,0.0
cyl_001491,36.049883,274.960993,0.072746,0.120336,5.449711,1.0,1.0,0.0
cyl_001492,22.415529,357.276083,0.16892,0.192952,6.843445,1.0,1.0,0.0
cyl_001493,55.296649,307.423724,0.003115,0.114206,6.465104,1.0,1.0,0.0
cyl_001494,33.878642,917.608762,0.163803,0.133796,1.911566,1.0,1.0,0.0
cyl_001495,41.583844,916.15,0.178047,0.282556,2.097779,1.0,1.0,0.0
cyl_001496,75.068632,684.466719,0.062421,0.283207,3.363089,1.0,1.0,0.0
cyl_001497,92.304133,582.581964,0.013349,0.257685,3.399282,1.0,1.0,0.0
cyl_001498,190.86088,254.803681,0.236358,0.109927,1.071394,1.0,1.0,0.0
cyl_001499,89.146822,478.482329,0.060262,0.268788,4.296323,1.0,1.0,0.0
cyl_001500,104.337576,900.918382,0.055978,0.038927,1.416413,1.0,1.0,0.0
cyl_001501,59.163023,220.407516,0.281007,0.29057,6.023459,1.0,1.0,0.0
cyl_001502,122.708391,212.914494,0.182982,0.023115,1.020535,1.0,1.0,0.0
cyl_001503,32.502738,684.647705,0.058124,0.004895,6.829686,1.0,1.0,0.0
cyl_001504,94.714742,506.234762,0.206344,0.121862,6.576427,1.0,1.0,0.0
cyl_001505,22.253076,412.092175,0.235662,0.216165,5.31244,1.0,1.0,0.0
cyl_001506,31.299285,208.681725,0.021167,0.140428,2.984803,1.0,1.0,0.0
cyl_001507,68.952932,538.123876,0.19757,0.008578,4.196261,1.0,1.0,0.0
cyl_001508,58.864743,267.579145,0.230187,0.253172,1.658152,1.0,1.0,0.0
cyl_001509,30.387136,348.899834,0.239342,0.247995,1.305305,1.0,1.0,0.0
cyl_001510,20.490959,641.18663,0.03747,0.111537,3.531153,1.0,1.0,0.0
cyl_001511,88.222628,833.494891,0.185878,0.1762,7.136945,1.0,1.0,0.0
cyl_001512,62.405618,586.21355,0.158516,0.084376,3.085534,1.0,1.0,0.0
cyl_001513,176.095582,888.5097,0.102543,0.070167,5.83955,1.0,1.0,0.0
cyl_001514,51.947132,328.131468,0.179801,0.267932,7.52864,1.0,1.0,0.0
cyl_001515,20.992158,323.992717,0.151154,0.072804,4.329108,1.0,1.0,0.0
cyl_001516,56.040902,862.385549,0.161152,0.068889,7.89819,1.0,1.0,0.0
cyl_001517,40.851143,603.562543,0.12225,0.223148,2.172934,1.0,1.0,0.0
cyl_001518,35.622764,941.10987,0.182845,0.086615,2.958099,1.0,1.0,0.0
cyl_001519,38.573483,387.46042,0.243172,0.240561,6.368146,1.0,1.0,0.0
cyl_001520,44.640021,560.05965,0.148735,0.260184,1.126727,1.0,1.0,0.0
cyl_001521,151.324535,648.570624,0.031723,0.07319,2.820334,1.0,1.0,0.0
cyl_001522,195.804686,489.239715,0.262858,0.0865,7.12321,1.0,1.0,0.0
cyl_001523,109.105305,860.249484,0.118599,0.165041,0.54517,1.0,1.0,0.0
cyl_001524,52.341859,536.942124,0.292351,0.060583,6.112838,1.0,1.0,0.0
cyl_001525,132.684634,322.586567,0.16283,0.102811,5.878205,1.0,1.0,0.0
cyl_001526,22.102173,336.926311,0.288869,0.123372,4.863745,1.0,1.0,0.0
cyl_001527,193.735171,383.622251,0.05184,0.175052,3.874012,1.0,1.0,0.0
cyl_001528,54.649748,439.922289,0.08666,0.183237,4.665173,1.0,1.0,0.0
cyl_001529,120.088889,295.918578,0.245562,0.098334,6.836594,1.0,1.0,0.0
cyl_001530,161.002244,579.041817,0.1395,0.06979,5.199105,1.0,1.0,0.0
cyl_001531,124.559794,558.547096,0.185348,0.276474,5.208409,1.0,1.0,0.0
cyl_001532,90.741793,736.882853,0.009566,0.159298,2.082297,1.0,1.0,0.0
cyl_001533,127.131153,798.760658,0.077392,0.029339,6.676233,1.0,1.0,0.0
cyl_001534,191.930397,793.400494,0.199743,0.281603,4.071277,1.0,1.0,0.0
cyl_001535,113.642146,290.473271,0.195715,0.249515,6.176561,1.0,1.0,0.0
cyl_001536,20.547687,675.000137,0.245972,0.116412,2.929459,1.0,1.0,0.0
cyl_001537,96.528041,359.044517,0.110688,0.293325,5.915421,1.0,1.0,0.0
cyl_001538,55.572652,421.481273,0.27379,0.066517,2.001616,1.0,1.0,0.0
cyl_001539,83.764691,242.557889,0.104593,0.012337,4.588077,1.0,1.0,0.0
cyl_001540,68.223018,714.033635,0.188925,0.217517,3.579791,1.0,1.0,0.0
cyl_001541,43.795672,465.339065,0.241219,0.007072,3.250391,1.0,1.0,0.0
cyl_001542,43.02865,906.762639,0.297294,0.097136,3.925176,1.0,1.0,0.0
cyl_001543,53.771159,211.188669,0.280341,0.253208,1.665512,1.0,1.0,0.0
cyl_001544,150.673858,244.98878,0.082331,0.095412,1.865657,1.0,1.0,0.0
cyl_001545,29.005842,492.938191,0.21362,0.105968,4.153719,1.0,1.0,0.0
cyl_001546,22.705493,814.324529,0.044819,0.129874,2.087614,1.0,1.0,0.0
cyl_001547,155.645061,218.768405,0.152331,0.209087,3.709687,1.0,1.0,0.0
cyl_001548,36.436683,937.749852,0.176046,0.235427,5.925673,1.0,1.0,0.0
cyl_001549,166.496261,229.796157,0.226739,0.267653,6.246306,1.0,1.0,0.0
cyl_001550,25.853355,818.166842,0.069052,0.011503,2.007753,1.0,1.0,0.0
cyl_001551,53.610955,353.73948,0.07154,0.180457,7.412521,1.0,1.0,0.0
cyl_001552,51.533565,306.053007,0.159141,0.103551,0.799735,1.0,1.0,0.0
cyl_001553,21.311728,255.122049,0.019415,0.075793,2.730262,1.0,1.0,0.0
cyl_001554,93.493021,698.561193,0.270165,0.192445,6.374523,1.0,1.0,0.0
cyl_001555,131.602776,496.12703,0.076308,0.246769,7.582248,1.0,1.0,0.0
cyl_001556,161.112502,588.913975,0.282369,0.203224,6.202993,1.0,1.0,0.0
cyl_001557,50.409915,387.944237,0.255456,0.248179,1.992658,1.0,1.0,0.0
cyl_001558,91.740232,665.758526,0.190415,0.034138,3.665233,1.0,1.0,0.0
cyl_001559,121.901742,777.331541,0.293589,0.298036,6.943053,1.0,1.0,0.0
cyl_001560,34.6451,207.222617,0.010925,0.119754,5.344895,1.0,1.0,0.0
cyl_001561,163.616265,448.491763,0.182351,0.250244,7.754649,1.0,1.0,0.0
cyl_001562,59.737155,351.664272,0.170132,0.020262,3.526309,1.0,1.0,0.0
cyl_001563,104.590976,696.089044,0.03985,0.180702,3.083406,1.0,1.0,0.0
cyl_001564,50.735515,252.559845,0.201769,0.158319,0.550829,1.0,1.0,0.0
cyl_001565,27.553488,608.089806,0.120841,0.167458,2.193794,1.0,1.0,0.0
cyl_001566,75.664561,765.795176,0.034766,0.088159,6.628171,1.0,1.0,0.0
cyl_001567,88.200396,405.938559,0.054467,0.222019,2.889745,1.0,1.0,0.0
cyl_001568,113.017016,826.834133,0.147542,0.19339,6.642275,1.0,1.0,0.0
cyl_001569,170.416326,583.790169,0.082778,0.037689,3.742018,1.0,1.0,0.0
cyl_001570,73.705109,361.263367,0.13888,0.025197,2.322825,1.0,1.0,0.0
cyl_001571,21.975505,544.697451,0.031518,0.060355,1.653038,1.0,1.0,0.0
cyl_001572,152.980982,316.782945,0.286046,0.148102,4.968408,1.0,1.0,0.0
cyl_001573,178.770872,970.76905,0.232204,0.241655,3.943501,1.0,1.0,0.0
cyl_001574,99.141123,242.410651,0.162735,0.245612,0.830538,1.0,1.0,0.0
cyl_001575,46.479114,790.124492,0.035092,0.116975,1.156134,1.0,1.0,0.0
cyl_001576,93.94398,268.107295,0.289018,0.143378,4.08271,1.0,1.0,0.0
cyl_001577,85.519553,534.391476,0.08572,0.072473,7.879182,1.0,1.0,0.0
cyl_001578,109.643138,793.818841,0.217524,0.281728,0.863499,1.0,1.0,0.0
cyl_001579,31.297973,234.340644,0.181308,0.060189,3.378038,1.0,1.0,0.0
cyl_001580,40.675682,944.506196,0.142637,0.274319,6.972388,1.0,1.0,0.0
cyl_001581,22.771017,307.100576,0.055102,0.155732,2.230031,1.0,1.0,0.0
cyl_001582,36.104525,395.264309,0.119101,0.21043,6.949874,1.0,1.0,0.0
cyl_001583,46.41005,877.637554,0.092637,0.166815,5.256866,1.0,1.0,0.0
cyl_001584,24.594061,643.976895,0.171027,0.047602,1.80542,1.0,1.0,0.0
cyl_001585,27.162713,928.146946,0.20919,0.056759,7.175533,1.0,1.0,0.0
cyl_001586,117.283048,939.874277,0.155367,0.263193,5.72214,1.0,1.0,0.0
cyl_001587,157.118592,362.085813,0.110798,0.090589,0.747708,1.0,1.0,0.0
cyl_001588,31.180809,417.01711,0.091403,0.08018,0.82561,1.0,1.0,0.0
cyl_001589,78.253798,565.096702,0.258955,0.18536,7.200012,1.0,1.0,0.0
cyl_001590,60.188869,956.654638,0.202277,0.096092,5.187043,1.0,1.0,0.0
cyl_001591,32.377629,475.192497,0.248102,0.190309,6.676763,1.0,1.0,0.0
cyl_001592,72.994825,738.292987,0.239052,0.27042,3.099594,1.0,1.0,0.0
cyl_001593,25.508829,513.40174,0.242462,0.017916,0.924689,1.0,1.0,0.0
cyl_001594,190.552417,899.521905,0.225263,0.100233,5.662429,1.0,1.0,0.0
cyl_001595,89.900315,380.192155,0.243595,0.06947,2.644878,1.0,1.0,0.0
cyl_001596,21.335719,274.036445,0.097144,0.082712,6.279859,1.0,1.0,0.0
cyl_001597,79.761852,416.336163,0.225361,0.262631,2.293653,1.0,1.0,0.0
cyl_001598,71.03625,799.867834,0.12294,0.203563,1.227729,1.0,1.0,0.0
cyl_001599,104.883334,288.763994,0.174805,0.143485,6.208093,1.0,1.0,0.0
cyl_001600,45.628429,265.803253,0.169792,0.037424,1.108198,1.0,1.0,0.0
cyl_001601,64.223719,237.707805,0.238512,0.005501,3.861399,1.0,1.0,0.0
cyl_001602,155.405139,435.226148,0.203395,0.042936,0.614801,1.0,1.0,0.0
cyl_001603,36.479812,421.227145,0.287478,0.015743,7.380155,1.0,1.0,0.0
cyl_001604,108.746266,769.741676,0.228243,0.26051,6.880323,1.0,1.0,0.0
cyl_001605,44.909041,258.068519,0.173076,0.089193,2.918592,1.0,1.0,0.0
cyl_001606,160.778118,790.818677,0.121453,0.115722,5.100543,1.0,1.0,0.0
cyl_001607,151.937825,870.447054,0.06059,0.257278,2.269192,1.0,1.0,0.0
cyl_001608,47.295487,551.364678,0.075746,0.148947,4.047545,1.0,1.0,0.0
cyl_001609,106.806281,586.930796,0.129773,0.226696,4.982861,1.0,1.0,0.0
cyl_001610,125.954467,323.523166,0.01228,0.020938,6.660727,1.0,1.0,0.0
cyl_001611,142.421561,617.124457,0.216276,0.275689,4.268345,1.0,1.0,0.0
cyl_001612,173.947812,245.857038,0.210023,0.100701,6.989498,1.0,1.0,0.0
cyl_001613,134.020739,279.842076,0.15125,0.089866,7.405066,1.0,1.0,0.0
cyl_001614,165.151312,741.9453,0.165117,0.049789,3.784308,1.0,1.0,0.0
cyl_001615,23.311213,571.765017,0.00982,0.097927,7.940199,1.0,1.0,0.0
cyl_001616,198.8431,453.120768,0.226827,0.027444,7.055383,1.0,1.0,0.0
cyl_001617,93.421134,903.566114,0.030384,0.110826,3.657571,1.0,1.0,0.0
cyl_001618,188.207761,689.412752,0.262515,0.21336,6.609465,1.0,1.0,0.0
cyl_001619,27.965863,728.517624,0.131526,0.058272,5.659479,1.0,1.0,0.0
cyl_001620,119.387847,994.100052,0.232868,0.140392,6.605365,1.0,1.0,0.0
cyl_001621,188.445345,570.735581,0.298673,0.2719,1.817676,1.0,1.0,0.0
cyl_001622,22.164843,335.610193,0.2822,0.067073,7.145529,1.0,1.0,0.0
cyl_001623,76.028032,352.240167,0.264223,0.076492,3.304225,1.0,1.0,0.0
cyl_001624,49.248872,869.952531,0.070902,0.142044,6.318467,1.0,1.0,0.0
cyl_001625,72.763269,283.958019,0.150188,0.200632,1.033142,1.0,1.0,0.0
cyl_001626,83.468749,802.6815,0.046552,0.236023,4.547319,1.0,1.0,0.0
cyl_001627,43.157362,726.447558,0.216566,0.101951,4.38314,1.0,1.0,0.0
cyl_001628,95.644297,268.738829,0.058765,0.213268,7.765982,1.0,1.0,0.0
cyl_001629,23.108927,347.861786,0.202968,0.216428,1.706677,1.0,1.0,0.0
cyl_001630,143.513077,251.479349,0.23048,0.21188,0.739363,1.0,1.0,0.0
cyl_001631,125.50992,548.593395,0.261513,0.11826,7.344035,1.0,1.0,0.0
cyl_001632,66.53712,519.013426,0.108692,0.149654,0.560027,1.0,1.0,0.0
cyl_001633,80.139721,989.044865,0.048267,0.138019,1.525991,1.0,1.0,0.0
cyl_001634,31.513236,210.81013,0.271526,0.038068,3.756546,1.0,1.0,0.0
cyl_001635,39.90673,231.885307,0.165273,0.205174,3.012545,1.0,1.0,0.0
cyl_001636,63.028501,343.517648,0.108037,0.18524,5.645927,1.0,1.0,0.0
cyl_001637,68.790863,930.398535,0.092087,0.110406,3.752451,1.0,1.0,0.0
cyl_001638,32.144658,960.322229,0.083687,0.121681,6.182128,1.0,1.0,0.0
cyl_001639,28.577398,548.75254,0.055543,0.075478,6.731904,1.0,1.0,0.0
cyl_001640,24.900801,331.619131,0.031195,0.297489,6.766161,1.0,1.0,0.0
cyl_001641,36.269735,385.127615,0.041738,0.262766,3.187169,1.0,1.0,0.0
cyl_001642,198.354085,833.742244,0.057911,0.103098,4.805877,1.0,1.0,0.0
cyl_001643,69.328155,211.373202,0.240706,0.00959,6.192839,1.0,1.0,0.0
cyl_001644,133.374323,847.12025,0.245713,0.297763,1.236439,1.0,1.0,0.0
cyl_001645,93.28244,594.516144,0.071684,0.083793,4.750927,1.0,1.0,0.0
cyl_001646,111.828364,367.875127,0.114855,0.196444,3.38394,1.0,1.0,0.0
cyl_001647,119.794841,248.299384,0.090037,0.012731,5.933461,1.0,1.0,0.0
cyl_001648,34.698178,254.930115,0.239804,0.292755,5.546426,1.0,1.0,0.0
cyl_001649,72.277809,756.828271,0.257715,0.239219,6.518973,1.0,1.0,0.0
cyl_001650,70.752822,277.018091,0.098016,0.236526,5.804893,1.0,1.0,0.0
cyl_001651,99.579315,248.697024,0.049061,0.260092,0.597388,1.0,1.0,0.0
cyl_001652,29.466164,352.440877,0.081476,0.029712,4.37182,1.0,1.0,0.0
cyl_001653,78.780016,508.902686,0.276262,0.293239,5.333443,1.0,1.0,0.0
cyl_001654,21.029249,455.607151,0.128183,0.224899,2.022507,1.0,1.0,0.0
cyl_001655,135.131291,279.344113,0.249996,0.292559,4.379608,1.0,1.0,0.0
cyl_001656,102.017682,504.155953,0.049004,0.073021,6.713366,1.0,1.0,0.0
cyl_001657,125.395606,584.29876,0.148421,0.016018,6.526944,1.0,1.0,0.0
cyl_001658,135.514049,692.90304,0.193047,0.154593,2.357325,1.0,1.0,0.0
cyl_001659,23.816209,958.168681,0.294283,0.243057,1.81093,1.0,1.0,0.0
cyl_001660,73.253816,889.337793,0.24977,0.264638,7.987401,1.0,1.0,0.0
cyl_001661,35.965862,323.025163,0.013964,0.11595,6.288277,1.0,1.0,0.0
cyl_001662,55.068917,536.603651,0.276481,0.028109,6.091096,1.0,1.0,0.0
cyl_001663,128.731601,771.079698,0.130089,0.180799,7.01167,1.0,1.0,0.0
cyl_001664,41.008862,206.255527,0.087568,0.221034,2.919276,1.0,1.0,0.0
cyl_001665,48.296947,204.671742,0.143754,0.066372,3.243357,1.0,1.0,0.0
cyl_001666,51.761028,208.016339,0.223901,0.222162,1.839452,1.0,1.0,0.0
cyl_001667,172.803964,235.644571,0.20083,0.241963,4.183846,1.0,1.0,0.0
cyl_001668,27.302542,259.158903,0.247714,0.138894,2.410007,1.0,1.0,0.0
cyl_001669,135.657281,215.808526,0.004732,0.145625,3.465747,1.0,1.0,0.0
cyl_001670,121.288001,217.310735,0.166482,0.153517,2.511692,1.0,1.0,0.0
cyl_001671,40.486365,623.423141,0.252886,0.13854,7.520574,1.0,1.0,0.0
cyl_001672,20.232307,253.743357,0.193109,0.079945,2.577837,1.0,1.0,0.0
cyl_001673,23.464373,350.72086,0.072865,0.156315,2.799599,1.0,1.0,0.0
cyl_001674,80.034328,804.795955,0.068138,0.180098,1.233243,1.0,1.0,0.0
cyl_001675,105.7944,488.454507,0.028637,0.225168,1.615787,1.0,1.0,0.0
cyl_001676,44.208811,237.954295,0.096901,0.130551,1.276439,1.0,1.0,0.0
cyl_001677,27.49502,426.256677,0.158915,0.271489,4.074406,1.0,1.0,0.0
cyl_001678,58.134684,259.462212,0.278759,0.011145,3.340102,1.0,1.0,0.0
cyl_001679,60.431112,499.884717,0.052413,0.106815,6.955094,1.0,1.0,0.0
cyl_001680,64.522384,763.975849,0.253529,0.036499,2.834661,1.0,1.0,0.0
cyl_001681,22.364226,381.15312,0.163043,0.058998,5.637921,1.0,1.0,0.0
cyl_001682,112.128486,493.931677,0.132624,0.15981,4.090674,1.0,1.0,0.0
cyl_001683,24.737975,581.951282,0.122452,0.262924,1.333792,1.0,1.0,0.0
cyl_001684,38.171054,494.382922,0.296351,0.270022,4.890979,1.0,1.0,0.0
cyl_001685,106.125397,600.937016,0.088733,0.291582,4.203566,1.0,1.0,0.0
cyl_001686,28.479632,898.46172,0.038541,0.196657,0.573403,1.0,1.0,0.0
cyl_001687,65.553877,218.02464,0.247349,0.008295,6.625629,1.0,1.0,0.0
cyl_001688,107.81951,425.891958,0.054789,0.028362,5.63693,1.0,1.0,0.0
cyl_001689,135.736192,523.856192,0.128915,0.020592,5.309325,1.0,1.0,0.0
cyl_001690,23.714284,230.822139,0.244233,0.26439,6.815655,1.0,1.0,0.0
cyl_001691,25.929123,392.117276,0.129105,0.243969,5.367867,1.0,1.0,0.0
cyl_001692,53.108768,562.586107,0.09732,0.281967,5.229876,1.0,1.0,0.0
cyl_001693,173.652201,336.794364,0.108404,0.186684,7.446776,1.0,1.0,0.0
cyl_001694,29.373353,202.685166,0.209097,0.00256,0.9871,1.0,1.0,0.0
cyl_001695,27.124887,631.091484,0.041989,0.166212,7.68728,1.0,1.0,0.0
cyl_001696,37.763916,765.046903,0.220031,0.207844,5.886714,1.0,1.0,0.0
cyl_001697,23.997631,333.612501,0.256693,0.242824,7.420029,1.0,1.0,0.0
cyl_001698,194.233672,495.429794,0.105985,0.134739,4.13956,1.0,1.0,0.0
cyl_001699,23.848082,236.947444,0.087083,0.121264,2.682273,1.0,1.0,0.0
cyl_001700,166.252154,596.32395,0.287391,0.211342,1.213711,1.0,1.0,0.0
cyl_001701,36.698249,250.435311,0.131959,0.020719,1.561383,1.0,1.0,0.0
cyl_001702,176.914833,529.795719,0.166807,0.048353,1.522725,1.0,1.0,0.0
cyl_001703,98.791567,264.270498,0.183953,0.10111,3.963782,1.0,1.0,0.0
cyl_001704,111.228423,335.029019,0.22134,0.002464,2.286685,1.0,1.0,0.0
cyl_001705,57.144203,603.978183,0.06972,0.203486,2.249284,1.0,1.0,0.0
cyl_001706,22.594489,361.831529,0.01819,0.229133,2.878867,1.0,1.0,0.0
cyl_001707,20.835075,780.876298,0.148991,0.299575,0.889095,1.0,1.0,0.0
cyl_001708,67.887326,674.59773,0.024737,0.036654,5.215665,1.0,1.0,0.0
cyl_001709,29.531613,521.778016,0.208697,0.174762,6.064242,1.0,1.0,0.0
cyl_001710,91.240019,820.34407,0.027674,0.202861,1.757383,1.0,1.0,0.0
cyl_001711,25.091122,370.550724,0.242333,0.085733,0.812967,1.0,1.0,0.0
cyl_001712,71.479352,403.210151,0.036392,0.220491,0.728324,1.0,1.0,0.0
cyl_001713,158.00056,718.978191,0.156581,0.202306,1.977598,1.0,1.0,0.0
cyl_001714,21.265147,239.425406,0.248749,0.132747,5.993447,1.0,1.0,0.0
cyl_001715,187.853385,213.986192,0.192034,0.042722,1.347976,1.0,1.0,0.0
cyl_001716,21.615506,798.067774,0.050378,0.19876,6.882776,1.0,1.0,0.0
cyl_001717,91.479132,885.896387,0.267534,0.212505,2.581821,1.0,1.0,0.0
cyl_001718,39.642717,780.449463,0.17384,0.131825,2.019347,1.0,1.0,0.0
cyl_001719,102.702646,379.061526,0.229121,0.181289,3.359635,1.0,1.0,0.0
cyl_001720,126.206617,723.818023,0.209571,0.078408,6.85092,1.0,1.0,0.0
cyl_001721,86.556505,314.835884,0.192571,0.227282,3.899269,1.0,1.0,0.0
cyl_001722,98.406195,541.821115,0.177088,0.065646,7.734846,1.0,1.0,0.0
cyl_001723,45.69141,936.341457,0.016124,0.186799,3.32663,1.0,1.0,0.0
cyl_001724,29.909088,779.29947,0.224336,0.088701,4.679325,1.0,1.0,0.0
cyl_001725,20.090257,396.80665,0.003489,0.173649,6.618411,1.0,1.0,0.0
cyl_001726,54.919748,543.021013,0.07525,0.24468,1.511809,1.0,1.0,0.0
cyl_001727,144.501946,677.826228,0.103533,0.171714,5.999276,1.0,1.0,0.0
cyl_001728,162.603246,806.018733,0.109275,0.147695,4.82755,1.0,1.0,0.0
cyl_001729,22.468487,281.469398,0.234644,0.03072,4.725686,1.0,1.0,0.0
cyl_001730,78.886103,512.76074,0.083017,0.155958,4.366589,1.0,1.0,0.0
cyl_001731,57.63566,413.349332,0.243906,0.176086,1.553571,1.0,1.0,0.0
cyl_001732,178.005238,973.711791,0.244798,0.25697,4.706486,1.0,1.0,0.0
cyl_001733,96.249199,403.901709,0.191366,0.125501,1.667262,1.0,1.0,0.0
cyl_001734,181.969846,793.127842,0.272759,0.064765,2.416227,1.0,1.0,0.0
cyl_001735,45.456533,384.866593,0.277634,0.099121,6.703562,1.0,1.0,0.0
cyl_001736,78.996976,664.442941,0.299974,0.280796,1.187788,1.0,1.0,0.0
cyl_001737,90.91753,492.468326,0.06958,0.12538,3.070891,1.0,1.0,0.0
cyl_001738,72.569433,518.200714,0.197167,0.22373,3.275486,1.0,1.0,0.0
cyl_001739,80.900024,300.93017,0.02566,0.101344,7.804696,1.0,1.0,0.0
cyl_001740,77.073442,325.100351,0.007316,0.184648,2.653422,1.0,1.0,0.0
cyl_001741,47.983821,303.153609,0.020748,0.063214,4.951034,1.0,1.0,0.0
cyl_001742,33.103288,203.022559,0.186273,0.035261,5.833502,1.0,1.0,0.0
cyl_001743,53.198181,523.307948,0.160357,0.026101,5.27108,1.0,1.0,0.0
cyl_001744,54.205448,757.399364,0.274422,0.112155,3.539475,1.0,1.0,0.0
cyl_001745,27.285474,471.04295,0.19422,0.093482,2.498512,1.0,1.0,0.0
cyl_001746,193.388914,291.276896,0.01305,0.089053,7.49247,1.0,1.0,0.0
cyl_001747,123.882829,286.541305,0.219349,0.040041,7.976873,1.0,1.0,0.0
cyl_001748,146.69649,314.442548,0.080025,0.031087,4.05479,1.0,1.0,0.0
cyl_001749,33.433411,517.441355,0.147797,0.252133,5.149652,1.0,1.0,0.0
cyl_001750,31.622076,261.636233,0.097536,0.030271,1.788576,1.0,1.0,0.0
cyl_001751,126.829296,595.357293,0.190187,0.23296,3.571894,1.0,1.0,0.0
cyl_001752,112.869679,357.89684,0.163051,0.094333,1.565503,1.0,1.0,0.0
cyl_001753,21.431399,540.958023,0.059525,0.17752,7.460406,1.0,1.0,0.0
cyl_001754,25.113474,314.084909,0.0525,0.045796,3.205125,1.0,1.0,0.0
cyl_001755,169.264307,395.976978,0.204081,0.203378,1.404717,1.0,1.0,0.0
cyl_001756,38.706725,632.321699,0.029965,0.156627,2.013506,1.0,1.0,0.0
cyl_001757,74.199153,375.916022,0.12092,0.182606,5.130905,1.0,1.0,0.0
cyl_001758,24.825201,368.453004,0.001494,0.108523,2.825217,1.0,1.0,0.0
cyl_001759,38.38801,579.97396,0.2102,0.004101,2.389612,1.0,1.0,0.0
cyl_001760,55.342753,310.980629,0.096713,0.107852,3.501082,1.0,1.0,0.0
cyl_001761,122.805122,407.841645,0.292132,0.035238,4.681641,1.0,1.0,0.0
cyl_001762,119.260305,585.881845,0.098902,0.029593,2.327499,1.0,1.0,0.0
cyl_001763,38.28982,432.61601,0.183192,0.013297,1.608825,1.0,1.0,0.0
cyl_001764,76.194696,369.287369,0.092128,0.258462,7.700997,1.0,1.0,0.0
cyl_001765,51.779462,282.536922,0.168068,0.275141,6.593294,1.0,1.0,0.0
cyl_001766,140.191733,301.035085,0.0704,0.061863,5.010116,1.0,1.0,0.0
cyl_001767,91.849088,227.979117,0.035969,0.026377,5.753668,1.0,1.0,0.0
cyl_001768,21.488435,369.75675,0.051522,0.105114,4.685862,1.0,1.0,0.0
cyl_001769,27.612386,807.41344,0.079318,0.227831,1.751253,1.0,1.0,0.0
cyl_001770,28.182862,245.433277,0.030225,0.285306,6.297789,1.0,1.0,0.0
cyl_001771,144.337984,628.03131,0.16243,0.166668,2.700384,1.0,1.0,0.0
cyl_001772,137.158028,976.910404,0.289226,0.289876,1.06275,1.0,1.0,0.0
cyl_001773,60.742268,383.287046,0.044862,0.157457,5.850939,1.0,1.0,0.0
cyl_001774,34.366557,280.811423,0.208321,0.188599,6.44429,1.0,1.0,0.0
cyl_001775,29.781531,284.175049,0.237328,0.16023,5.242288,1.0,1.0,0.0
cyl_001776,25.824108,772.167509,0.254984,0.13569,7.838403,1.0,1.0,0.0
cyl_001777,35.706366,208.378277,0.143683,0.134945,5.362705,1.0,1.0,0.0
cyl_001778,175.192279,420.132064,0.156423,0.050703,5.077692,1.0,1.0,0.0
cyl_001779,59.136492,688.576414,0.245449,0.281056,3.857368,1.0,1.0,0.0
cyl_001780,47.858496,203.82942,0.170997,0.225002,3.060698,1.0,1.0,0.0
cyl_001781,196.895945,521.141567,0.04623,0.265953,6.689743,1.0,1.0,0.0
cyl_001782,124.624778,962.036895,0.182672,0.198427,4.55136,1.0,1.0,0.0
cyl_001783,38.846401,233.829068,0.196873,0.293846,2.219173,1.0,1.0,0.0
cyl_001784,131.800687,211.564147,0.105382,0.188253,6.53961,1.0,1.0,0.0
cyl_001785,94.529065,975.523916,0.102369,0.136532,1.135346,1.0,1.0,0.0
cyl_001786,85.164631,239.784137,0.103791,0.103241,1.592192,1.0,1.0,0.0
cyl_001787,83.198605,996.931784,0.238374,0.004008,3.067674,1.0,1.0,0.0
cyl_001788,37.310182,393.298611,0.258393,0.287167,3.737744,1.0,1.0,0.0
cyl_001789,118.749431,904.424211,0.213158,0.052603,1.555139,1.0,1.0,0.0
cyl_001790,159.313657,447.957026,0.197716,0.07383,4.166897,1.0,1.0,0.0
cyl_001791,77.438173,443.67391,0.067183,0.106437,7.167927,1.0,1.0,0.0
cyl_001792,47.002901,445.582638,0.0096,0.008834,2.850069,1.0,1.0,0.0
cyl_001793,21.188519,834.442161,0.085323,0.284839,4.352533,1.0,1.0,0.0
cyl_001794,20.397982,963.728127,0.252671,0.212192,7.72936,1.0,1.0,0.0
cyl_001795,41.860157,284.530637,0.09641,0.01429,2.930841,1.0,1.0,0.0
cyl_001796,69.174029,285.513464,0.002442,0.133325,7.904814,1.0,1.0,0.0
cyl_001797,32.803467,311.608155,0.101733,0.116293,6.665388,1.0,1.0,0.0
cyl_001798,70.14195,634.841671,0.204623,0.15221,2.123545,1.0,1.0,0.0
cyl_001799,32.415456,256.648234,0.087442,0.21874,2.058823,1.0,1.0,0.0
cyl_001800,161.933899,350.421935,0.045011,0.129267,4.870689,1.0,1.0,0.0
cyl_001801,31.752719,978.943101,0.299824,0.209841,7.407743,1.0,1.0,0.0
cyl_001802,60.960316,373.281844,0.067853,0.133197,3.78023,1.0,1.0,0.0
cyl_001803,27.842979,784.348041,0.278897,0.219893,7.12781,1.0,1.0,0.0
cyl_001804,169.815102,491.736879,0.214044,0.144444,4.199539,1.0,1.0,0.0
cyl_001805,173.127185,287.870495,0.211343,0.168789,0.704383,1.0,1.0,0.0
cyl_001806,121.180132,938.691419,0.163205,0.024559,6.265825,1.0,1.0,0.0
cyl_001807,84.49356,955.369184,0.138718,0.175393,3.121436,1.0,1.0,0.0
cyl_001808,138.439057,400.088742,0.071285,0.277981,0.541534,1.0,1.0,0.0
cyl_001809,128.352128,323.117427,0.178177,0.175744,4.416705,1.0,1.0,0.0
cyl_001810,60.7674,336.237082,0.191432,0.062069,5.41403,1.0,1.0,0.0
cyl_001811,73.343341,809.265817,0.228338,0.182528,3.458066,1.0,1.0,0.0
cyl_001812,79.252055,449.116673,0.095717,0.164086,4.562421,1.0,1.0,0.0
cyl_001813,130.198891,434.246968,0.281994,0.24082,2.007177,1.0,1.0,0.0
cyl_001814,40.371237,458.743391,0.162209,0.047918,5.59329,1.0,1.0,0.0
cyl_001815,74.692984,209.181634,0.277701,0.131528,7.746767,1.0,1.0,0.0
cyl_001816,54.770388,308.058705,0.050766,0.102581,1.33992,1.0,1.0,0.0
cyl_001817,149.962411,309.216278,0.201529,0.218994,5.060968,1.0,1.0,0.0
cyl_001818,185.928634,306.492328,0.210633,0.033078,5.767411,1.0,1.0,0.0
cyl_001819,27.398065,281.685959,0.147011,0.088491,1.177148,1.0,1.0,0.0
cyl_001820,92.636029,359.991713,0.206232,0.201671,0.501818,1.0,1.0,0.0
cyl_001821,53.009088,461.065966,0.281141,0.246564,4.501379,1.0,1.0,0.0
cyl_001822,96.002846,487.476626,0.101004,0.049623,1.465746,1.0,1.0,0.0
cyl_001823,69.040566,337.824742,0.163597,0.250956,7.550923,1.0,1.0,0.0
cyl_001824,123.962534,328.970546,0.175662,0.096603,5.064214,1.0,1.0,0.0
cyl_001825,39.611081,429.524732,0.239609,0.182303,6.290358,1.0,1.0,0.0
cyl_001826,50.529348,320.406077,0.284067,0.21732,7.643985,1.0,1.0,0.0
cyl_001827,58.496295,613.027607,0.101114,0.161052,6.397171,1.0,1.0,0.0
cyl_001828,37.68769,517.023025,0.173923,0.073292,4.899342,1.0,1.0,0.0
cyl_001829,44.278944,270.66849,0.104958,0.216706,1.307024,1.0,1.0,0.0
cyl_001830,114.255127,617.650012,0.236036,0.193207,3.203558,1.0,1.0,0.0
cyl_001831,94.299766,430.360992,0.271861,0.015464,1.250147,1.0,1.0,0.0
cyl_001832,42.245498,609.979527,0.172379,0.250874,2.903838,1.0,1.0,0.0
cyl_001833,38.653513,958.981064,0.196595,0.141007,4.586334,1.0,1.0,0.0
cyl_001834,46.371946,374.165612,0.010272,0.161793,5.003077,1.0,1.0,0.0
cyl_001835,36.757107,626.375926,0.124662,0.007593,3.107049,1.0,1.0,0.0
cyl_001836,73.46595,422.110242,0.057474,0.24871,2.747774,1.0,1.0,0.0
cyl_001837,38.815323,463.685675,0.086716,0.063827,1.737145,1.0,1.0,0.0
cyl_001838,25.429106,520.011562,0.214308,0.079653,2.3449,1.0,1.0,0.0
cyl_001839,178.227971,293.061114,0.028679,0.286214,3.370074,1.0,1.0,0.0
cyl_001840,70.1818,296.778465,0.240123,0.077228,5.125319,1.0,1.0,0.0
cyl_001841,98.597772,364.350335,0.295901,0.094424,6.219126,1.0,1.0,0.0
cyl_001842,181.17748,330.21613,0.210415,0.273638,3.191802,1.0,1.0,0.0
cyl_001843,194.663596,908.802067,0.295737,0.269175,3.171813,1.0,1.0,0.0
cyl_001844,99.480994,242.95014,0.030025,0.152689,5.568437,1.0,1.0,0.0
cyl_001845,59.366795,456.589792,0.121532,0.247145,3.623775,1.0,1.0,0.0
cyl_001846,84.276513,440.170678,0.187412,0.221304,4.101886,1.0,1.0,0.0
cyl_001847,26.114339,330.851181,0.125635,0.040127,2.482816,1.0,1.0,0.0
cyl_001848,77.217317,372.864158,0.160144,0.233257,3.76397,1.0,1.0,0.0
cyl_001849,27.23604,815.812628,0.12545,0.224202,7.829527,1.0,1.0,0.0
cyl_001850,28.729415,390.159552,0.159156,0.287736,3.679784,1.0,1.0,0.0
cyl_001851,96.437649,631.637311,0.095917,0.254467,7.857914,1.0,1.0,0.0
cyl_001852,87.168946,914.314625,0.284699,0.160395,6.012726,1.0,1.0,0.0
cyl_001853,26.056122,694.922802,0.217675,0.021814,6.189019,1.0,1.0,0.0
cyl_001854,21.689513,384.222131,0.215959,0.290974,5.486489,1.0,1.0,0.0
cyl_001855,34.143709,545.65882,0.293836,0.09331,4.037214,1.0,1.0,0.0
cyl_001856,22.955206,565.559602,0.219718,0.076251,7.820004,1.0,1.0,0.0
cyl_001857,48.941845,607.227618,0.186307,0.197167,4.595733,1.0,1.0,0.0
cyl_001858,71.56265,395.692187,0.032186,0.133364,1.086483,1.0,1.0,0.0
cyl_001859,84.033415,342.50916,0.025236,0.126816,3.044808,1.0,1.0,0.0
cyl_001860,64.061814,216.961893,0.278191,0.176683,1.660852,1.0,1.0,0.0
cyl_001861,35.734339,288.055359,0.210867,0.092544,4.129488,1.0,1.0,0.0
cyl_001862,44.719895,225.180645,0.238226,0.037859,2.478204,1.0,1.0,0.0
cyl_001863,74.417263,610.374431,0.290086,0.047362,3.094525,1.0,1.0,0.0
cyl_001864,67.728045,865.820711,0.031398,0.078729,1.030756,1.0,1.0,0.0
cyl_001865,95.427509,999.826014,0.187301,0.260803,5.105299,1.0,1.0,0.0
cyl_001866,71.091789,463.811497,0.190044,0.083507,6.863783,1.0,1.0,0.0
cyl_001867,38.93974,591.789776,0.09875,0.025691,4.636895,1.0,1.0,0.0
cyl_001868,79.513674,483.934377,0.022825,0.169904,0.917472,1.0,1.0,0.0
cyl_001869,24.648439,556.795987,0.19914,0.176794,7.648325,1.0,1.0,0.0
cyl_001870,179.189641,544.222218,0.220112,0.170949,0.818823,1.0,1.0,0.0
cyl_001871,49.416539,392.669461,0.065679,0.043449,7.670105,1.0,1.0,0.0
cyl_001872,35.65617,207.459377,0.007905,0.097414,4.104243,1.0,1.0,0.0
cyl_001873,142.028942,225.472178,0.227937,0.064312,0.84524,1.0,1.0,0.0
cyl_001874,67.594801,626.74177,0.07067,0.021974,5.559132,1.0,1.0,0.0
cyl_001875,84.174017,245.269526,0.155546,0.24847,3.506466,1.0,1.0,0.0
cyl_001876,81.681272,535.398559,0.199419,0.279584,2.66399,1.0,1.0,0.0
cyl_001877,28.899216,526.455345,0.070551,0.051308,7.38445,1.0,1.0,0.0
cyl_001878,40.69481,699.054674,0.216109,0.283946,5.380862,1.0,1.0,0.0
cyl_001879,24.851943,213.166609,0.126144,0.104339,3.973106,1.0,1.0,0.0
cyl_001880,153.676228,466.618745,0.270585,0.022863,2.450136,1.0,1.0,0.0
cyl_001881,89.475911,840.756909,0.01546,0.070611,7.131116,1.0,1.0,0.0
cyl_001882,129.490452,701.056514,0.282487,0.018581,1.180492,1.0,1.0,0.0
cyl_001883,109.839918,847.831992,0.215108,0.23464,0.753373,1.0,1.0,0.0
cyl_001884,63.739755,486.156461,0.119459,0.25611,4.125296,1.0,1.0,0.0
cyl_001885,24.078916,425.096909,0.150651,0.103458,4.343396,1.0,1.0,0.0
cyl_001886,183.009405,470.31044,0.14018,0.215183,3.380904,1.0,1.0,0.0
cyl_001887,143.78666,264.05738,0.297319,0.030983,7.818084,1.0,1.0,0.0
cyl_001888,116.222865,658.255071,0.08715,0.125172,1.928174,1.0,1.0,0.0
cyl_001889,35.847458,252.291674,0.235146,0.296673,7.768463,1.0,1.0,0.0
cyl_001890,48.191314,647.926428,0.220442,0.026076,2.695664,1.0,1.0,0.0
cyl_001891,29.249411,313.415515,0.268048,0.171941,5.029214,1.0,1.0,0.0
cyl_001892,38.756878,730.787266,0.287167,0.181352,5.298973,1.0,1.0,0.0
cyl_001893,79.432562,246.086607,0.019052,0.080543,0.81556,1.0,1.0,0.0
cyl_001894,39.714151,371.686372,0.165836,0.249273,3.842704,1.0,1.0,0.0
cyl_001895,61.695443,554.491323,0.141772,0.122336,5.501286,1.0,1.0,0.0
cyl_001896,149.42238,479.010222,0.133383,0.191161,5.134638,1.0,1.0,0.0
cyl_001897,30.426415,228.927931,0.162082,0.211564,3.55253,1.0,1.0,0.0
cyl_001898,180.41461,485.348065,0.283696,0.048225,1.246997,1.0,1.0,0.0
cyl_001899,44.787669,538.565586,0.296209,0.072027,0.897392,1.0,1.0,0.0
cyl_001900,108.582633,407.256921,0.199221,0.201199,7.796176,1.0,1.0,0.0
cyl_001901,79.814622,752.020005,0.04141,0.047064,3.312657,1.0,1.0,0.0
cyl_001902,31.677906,223.657738,0.236896,0.005137,7.340944,1.0,1.0,0.0
cyl_001903,65.344548,251.569804,0.114597,0.058522,2.791153,1.0,1.0,0.0
cyl_001904,39.314084,740.816797,0.061678,0.043341,2.753949,1.0,1.0,0.0
cyl_001905,197.782631,460.559253,0.223592,0.146168,4.93841,1.0,1.0,0.0
cyl_001906,26.370069,435.878938,0.186843,0.299466,5.211723,1.0,1.0,0.0
cyl_001907,25.217109,911.813117,0.229766,0.026892,2.76597,1.0,1.0,0.0
cyl_001908,158.880363,660.694997,0.11341,0.150525,1.975934,1.0,1.0,0.0
cyl_001909,97.003977,446.588456,0.00152,0.112811,7.268502,1.0,1.0,0.0
cyl_001910,175.69182,211.813345,0.124069,0.124836,0.539781,1.0,1.0,0.0
cyl_001911,24.427071,868.102794,0.246823,0.115249,3.684738,1.0,1.0,0.0
cyl_001912,56.907185,343.198543,0.207173,0.237512,3.966223,1.0,1.0,0.0
cyl_001913,29.18547,442.160031,0.295232,0.256568,3.447828,1.0,1.0,0.0
cyl_001914,48.88015,837.021444,0.131806,0.230958,7.226866,1.0,1.0,0.0
cyl_001915,186.468053,301.408796,0.015953,0.170119,3.731184,1.0,1.0,0.0
cyl_001916,59.817607,747.231313,0.149356,0.292968,0.881635,1.0,1.0,0.0
cyl_001917,52.449143,243.290152,0.122582,0.052274,0.723443,1.0,1.0,0.0
cyl_001918,81.073713,501.278953,0.177484,0.115185,5.441311,1.0,1.0,0.0
cyl_001919,115.704774,635.376076,0.025552,0.162121,7.57209,1.0,1.0,0.0
cyl_001920,67.465106,215.108179,0.253938,0.262074,1.775628,1.0,1.0,0.0
cyl_001921,75.085636,276.428311,0.111383,0.051272,7.622195,1.0,1.0,0.0
cyl_001922,136.432958,792.188802,0.103349,0.232562,2.814901,1.0,1.0,0.0
cyl_001923,144.046665,260.197733,0.079629,0.161861,5.715573,1.0,1.0,0.0
cyl_001924,78.471357,308.747531,0.119906,0.282228,6.459936,1.0,1.0,0.0
cyl_001925,73.742183,815.121888,0.019572,0.176933,7.51102,1.0,1.0,0.0
cyl_001926,66.9219,693.75524,0.232527,0.039833,5.622222,1.0,1.0,0.0
cyl_001927,51.459112,680.148588,0.045198,0.252408,0.734367,1.0,1.0,0.0
cyl_001928,46.660845,400.866579,0.064656,0.164311,7.630118,1.0,1.0,0.0
cyl_001929,136.176342,505.670286,0.077864,0.190451,5.748275,1.0,1.0,0.0
cyl_001930,43.35452,854.658248,0.283163,0.120681,4.701163,1.0,1.0,0.0
cyl_001931,55.62273,284.976165,0.261716,0.191959,7.358434,1.0,1.0,0.0
cyl_001932,71.33865,349.633535,0.018439,0.091524,4.065562,1.0,1.0,0.0
cyl_001933,182.229958,919.312886,0.226443,0.135431,4.028022,1.0,1.0,0.0
cyl_001934,51.602286,225.007538,0.046468,0.260939,5.534756,1.0,1.0,0.0
cyl_001935,113.888573,386.707204,0.160683,0.243893,4.652562,1.0,1.0,0.0
cyl_001936,72.062446,753.347325,0.086862,0.289166,2.442642,1.0,1.0,0.0
cyl_001937,167.18992,851.904887,0.290117,0.165867,3.422739,1.0,1.0,0.0
cyl_001938,121.958895,318.821746,0.014318,0.138345,6.353121,1.0,1.0,0.0
cyl_001939,105.562729,387.035746,0.212844,0.285611,2.61234,1.0,1.0,0.0
cyl_001940,48.769151,773.657324,0.248579,0.223809,3.367894,1.0,1.0,0.0
cyl_001941,130.911693,940.025694,0.006802,0.093291,4.769322,1.0,1.0,0.0
cyl_001942,24.1206,755.140277,0.063247,0.267592,3.97126,1.0,1.0,0.0
cyl_001943,26.160124,204.783865,0.077432,0.036136,1.150722,1.0,1.0,0.0
cyl_001944,160.581542,218.566402,0.252323,0.158062,4.746631,1.0,1.0,0.0
cyl_001945,139.634827,576.086614,0.090855,0.252819,1.785619,1.0,1.0,0.0
cyl_001946,104.003938,214.496878,0.107151,0.058743,6.053271,1.0,1.0,0.0
cyl_001947,46.788157,293.537022,0.279237,0.224749,2.311351,1.0,1.0,0.0
cyl_001948,80.24916,215.477382,0.081909,0.137741,7.98305,1.0,1.0,0.0
cyl_001949,91.644907,830.158955,0.128412,0.29413,3.61219,1.0,1.0,0.0
cyl_001950,24.261544,341.478572,0.183461,0.265557,2.585418,1.0,1.0,0.0
cyl_001951,21.856959,848.846104,0.167651,0.298756,3.437116,1.0,1.0,0.0
cyl_001952,142.960745,845.252955,0.029436,0.250442,1.700014,1.0,1.0,0.0
cyl_001953,62.149196,406.947786,0.144882,0.03929,5.90244,1.0,1.0,0.0
cyl_001954,21.216937,295.1496,0.17116,0.111811,4.338092,1.0,1.0,0.0
cyl_001955,194.097325,432.80706,0.010985,0.244403,4.085843,1.0,1.0,0.0
cyl_001956,45.886706,705.72891,0.133756,0.151903,4.617058,1.0,1.0,0.0
cyl_001957,40.453041,553.582206,0.274512,0.13874,7.894929,1.0,1.0,0.0
cyl_001958,190.685567,589.407999,0.083903,0.185433,0.775122,1.0,1.0,0.0
cyl_001959,57.960799,926.046588,0.042999,0.154496,2.706891,1.0,1.0,0.0
cyl_001960,96.62994,200.316859,0.019861,0.031438,7.798783,1.0,1.0,0.0
cyl_001961,107.523429,401.982002,0.265554,0.24744,7.000244,1.0,1.0,0.0
cyl_001962,84.791231,608.501037,0.188496,0.074199,4.780218,1.0,1.0,0.0
cyl_001963,97.22636,403.028556,0.118944,0.072623,1.742054,1.0,1.0,0.0
cyl_001964,83.282735,712.283726,0.012375,0.215315,0.975003,1.0,1.0,0.0
cyl_001965,70.039482,753.068071,0.193291,0.146548,4.466797,1.0,1.0,0.0
cyl_001966,43.068594,283.340611,0.27358,0.168477,4.655596,1.0,1.0,0.0
cyl_001967,79.336264,391.163719,0.092885,0.08153,4.728554,1.0,1.0,0.0
cyl_001968,50.806819,433.916169,0.267626,0.241874,2.500114,1.0,1.0,0.0
cyl_001969,23.503823,415.722075,0.259977,0.28693,4.116077,1.0,1.0,0.0
cyl_001970,24.949543,459.77583,0.157438,0.28057,3.853803,1.0,1.0,0.0
cyl_001971,62.213446,727.178358,0.239922,0.290355,0.7709,1.0,1.0,0.0
cyl_001972,76.683529,410.690916,0.148077,0.15015,4.735901,1.0,1.0,0.0
cyl_001973,64.691725,410.528174,0.0635,0.156885,4.484014,1.0,1.0,0.0
cyl_001974,56.70252,449.550766,0.289634,0.215678,1.613296,1.0,1.0,0.0
cyl_001975,130.075128,305.636989,0.227181,0.131178,4.024718,1.0,1.0,0.0
cyl_001976,123.731917,221.094843,0.280916,0.153059,4.836168,1.0,1.0,0.0
cyl_001977,20.525821,283.075411,0.178235,0.237825,7.431143,1.0,1.0,0.0
cyl_001978,127.709381,662.462063,0.063355,0.153638,5.890704,1.0,1.0,0.0
cyl_001979,150.426588,985.84733,0.091938,0.219494,4.324191,1.0,1.0,0.0
cyl_001980,154.580475,716.088535,0.269915,0.074931,6.386983,1.0,1.0,0.0
cyl_001981,28.581843,761.085615,0.073331,0.267793,7.294259,1.0,1.0,0.0
cyl_001982,74.617335,280.102564,0.080426,0.25948,1.387543,1.0,1.0,0.0
cyl_001983,117.595165,641.93354,0.293008,0.271521,1.529908,1.0,1.0,0.0
cyl_001984,86.40623,651.404663,0.134116,0.221664,2.940965,1.0,1.0,0.0
cyl_001985,54.374622,730.617205,0.052701,0.226823,2.040036,1.0,1.0,0.0
cyl_001986,70.558348,237.303471,0.068411,0.200926,1.988522,1.0,1.0,0.0
cyl_001987,165.837241,954.156548,0.154212,0.298276,2.091768,1.0,1.0,0.0
cyl_001988,102.644593,246.540809,0.294369,0.105431,7.197291,1.0,1.0,0.0
cyl_001989,169.96882,440.428245,0.224005,0.220689,5.957202,1.0,1.0,0.0
cyl_001990,22.074015,702.553931,0.134067,0.206929,3.050862,1.0,1.0,0.0
cyl_001991,161.431835,371.132891,0.250422,0.022217,4.572559,1.0,1.0,0.0
cyl_001992,133.889379,745.502448,0.142972,0.268244,1.191567,1.0,1.0,0.0
cyl_001993,32.038568,331.400507,0.02223,0.159919,1.443288,1.0,1.0,0.0
cyl_001994,86.070825,211.606494,0.190339,0.055144,5.430023,1.0,1.0,0.0
cyl_001995,108.45183,434.876577,0.172102,0.036923,4.430286,1.0,1.0,0.0
cyl_001996,103.08437,342.698927,0.18422,0.205646,0.884416,1.0,1.0,0.0
cyl_001997,92.137698,962.916717,0.292536,0.265402,2.550988,1.0,1.0,0.0
cyl_001998,23.474921,214.805389,0.214695,0.243511,5.354004,1.0,1.0,0.0
cyl_001999,85.319256,241.293398,0.179964,0.229943,2.428247,1.0,1.0,0.0
