# Format: McCode with text headers
# URL: http://www.mccode.org
# Creator:  3.8.5, git
# Instrument: eqsans_1_fixed.instr
# Ncount: 1000000
# Trace: no
# Gravitation: no
# Seed: 1790169806256742
# Directory: /Users/georgeyumnam/WORK/PANRAID/PaNRAID-results/Group2/panraidproject/scan_guide_xy/x+01_y-03
# Param: gx=0.001
# Param: gy=-0.003
# Date: Wed Sep 23 15:23:29 2026 (1790169809)
# type: array_2d(256, 256)
# Source: EQ_SANS (eqsans_1_fixed.instr)
# component: detector
# position: 0 0 22.28
# title: PSD monitor
# Ncount: 1000000
# filename: detector.dat
# statistics: X0=-0.0186778; dX=5.6163; Y0=-0.000574775; dY=11.6387;
# signal: Min=0; Max=152480; Mean=2079.64;
# values: 1.36291e+08 885282 46479
# xvar: X 
# yvar: Y 
# xlabel: X position [cm]
# ylabel: Y position [cm]
# zvar: I
# zlabel: Signal per bin
# xylimits: -50 50 -70 70
# variables: I I_err N
# Data [detector/detector.dat] I:
0 0 0 0 0 0 0 0 0 0 0 0 0 0 0 0 0 0 0 0 0 0 0 0 0 0 0 0 0 0 0 0 0 0 0 0 0 0 0 0 0 0 0 0 0 0 0 0 0 0 0 0 0 0 0 0 0 0 0 0 0 0 0 0 0 0 0 0 0 0 0 0 0 0 0 0 0 0 0 0 0 0 0 0 0 0 0 0 0 0 0 0 0 0 0 0 0 0 0 0 0 0 0 0 0 0 0 0 0 0 0 0 0 0 0 0 0 0 0 0 0 0 0 0 0 0 0 0 0 0 0 0 0 0 0 0 0 0 0 0 0 0 0 0 0 0 0 0 0 0 0 0 0 0 0 0 0 0 0 0 0 0 0 0 0 0 0 0 0 0 0 0 0 0 0 0 0 0 0 0 0 0 0 0 0 0 0 0 0 0 0 0 0 0 0 0 0 0 0 0 0 0 0 0 0 0 0 0 0 0 0 0 0 0 0 0 0 0 0 0 0 0 0 0 0 0 0 0 0 0 0 0 0 0 0 0 0 0 0 0 0 0 0 0 0 0 0 0 0 0 0 0 0 0 0 0 
0 0 0 0 0 0 0 0 0 0 0 0 0 0 0 0 0 0 0 0 0 0 0 0 0 0 0 0 0 0 0 0 0 0 0 0 0 0 0 0 0 0 0 0 0 0 0 0 0 0 0 0 0 0 0 0 0 0 0 0 0 0 0 0 0 0 0 0 0 0 0 0 0 0 0 0 0 0 0 0 0 0 0 0 0 0 0 0 0 0 0 0 0 0 0 0 0 0 0 0 0 0 0 0 0 0 0 0 0 0 0 0 0 0 0 0 0 0 0 0 0 0 0 0 0 0 0 0 0 0 0 0 0 0 0 0 0 0 0 0 0 0 0 0 0 0 0 0 0 0 0 0 0 0 0 0 0 0 0 0 0 0 0 0 0 0 0 0 0 0 0 0 0 0 0 0 0 0 0 0 0 0 0 0 0 0 0 0 0 0 0 0 0 0 0 0 0 0 0 0 0 0 0 0 0 0 0 0 0 0 0 0 0 0 0 0 0 0 0 0 0 0 0 0 0 0 0 0 0 0 0 0 0 0 0 0 0 0 0 0 0 0 0 0 0 0 0 0 0 0 0 0 0 0 0 0 
0 0 0 0 0 0 0 0 0 0 0 0 0 0 0 0 0 0 0 0 0 0 0 0 0 0 0 0 0 0 0 0 0 0 0 0 0 0 0 0 0 0 0 0 0 0 0 0 0 0 0 0 0 0 0 0 0 0 0 0 0 0 0 0 0 0 0 0 0 0 0 0 0 0 0 0 0 0 0 0 0 0 0 0 0 0 0 0 0 0 0 0 0 0 0 0 0 0 0 0 0 0 0 0 0 0 0 0 0 0 0 0 0 0 0 0 0 0 0 0 0 0 0 0 0 0 0 0 0 0 0 0 0 0 0 0 0 0 0 0 0 0 0 0 0 0 0 0 0 0 0 0 0 0 0 0 0 0 0 0 0 0 0 0 0 0 0 0 0 0 0 0 0 0 0 0 0 0 0 0 0 0 0 0 0 0 0 0 0 0 0 0 0 0 0 0 0 0 0 0 0 0 0 0 0 0 0 0 0 0 0 0 0 0 0 0 0 0 0 0 0 0 0 0 0 0 0 0 0 0 0 0 0 0 0 0 0 0 0 0 0 0 0 0 0 0 0 0 0 0 0 0 0 0 0 0 
0 0 0 0 0 0 0 0 0 0 0 0 0 0 0 0 0 0 0 0 0 0 0 0 0 0 0 0 0 0 0 0 0 0 0 0 0 0 0 0 0 0 0 0 0 0 0 0 0 0 0 0 0 0 0 0 0 0 0 0 0 0 0 0 0 0 0 0 0 0 0 0 0 0 0 0 0 0 0 0 0 0 0 0 0 0 0 0 0 0 0 0 0 0 0 0 0 0 0 0 0 0 0 0 0 0 0 0 0 0 0 0 0 0 0 0 0 0 0 0 0 0 0 0 0 0 0 0 0 0 0 0 0 0 0 0 0 0 0 0 0 0 0 0 0 0 0 0 0 0 0 0 0 0 0 0 0 0 0 0 0 0 0 0 0 0 0 0 0 0 0 0 0 0 0 0 0 0 0 0 0 0 0 0 0 0 0 0 0 0 0 0 0 0 0 0 0 0 0 0 0 0 0 0 0 0 0 0 0 0 0 0 0 0 0 0 0 0 0 0 0 0 0 0 0 0 0 0 0 0 0 0 0 0 0 0 0 0 0 0 0 0 0 0 0 0 0 0 0 0 0 0 0 0 0 0 
0 0 0 0 0 0 0 0 0 0 0 0 0 0 0 0 0 0 0 0 0 0 0 0 0 0 0 0 0 0 0 0 0 0 0 0 0 0 0 0 0 0 0 0 0 0 0 0 0 0 0 0 0 0 0 0 0 0 0 0 0 0 0 0 0 0 0 0 0 0 0 0 0 0 0 0 0 0 0 0 0 0 0 0 0 0 0 0 0 0 0 0 0 0 0 0 0 0 0 0 0 0 0 0 0 0 0 0 0 0 0 0 0 0 0 0 0 0 0 0 0 0 0 0 0 0 0 0 0 0 0 0 0 0 0 0 0 0 0 0 0 0 0 0 0 0 0 0 0 0 0 0 0 0 0 0 0 0 0 0 0 0 0 0 0 0 0 0 0 0 0 0 0 0 0 0 0 0 0 0 0 0 0 0 0 0 0 0 0 0 0 0 0 0 0 0 0 0 0 0 0 0 0 0 0 0 0 0 0 0 0 0 0 0 0 0 0 0 0 0 0 0 0 0 0 0 0 0 0 0 0 0 0 0 0 0 0 0 0 0 0 0 0 0 0 0 0 0 0 0 0 0 0 0 0 0 
0 0 0 0 0 0 0 0 0 0 0 0 0 0 0 0 0 0 0 0 0 0 0 0 0 0 0 0 0 0 0 0 0 0 0 0 0 0 0 0 0 0 0 0 0 0 0 0 0 0 0 0 0 0 0 0 0 0 0 0 0 0 0 0 0 0 0 0 0 0 0 0 0 0 0 0 0 0 0 0 0 0 0 0 0 0 0 0 0 0 0 0 0 0 0 0 0 0 0 0 0 0 0 0 0 0 0 0 0 0 0 0 0 0 0 0 0 0 0 0 0 0 0 0 0 0 0 0 0 0 0 0 0 0 0 0 0 0 0 0 0 0 0 0 0 0 0 0 0 0 0 0 0 0 0 0 0 0 0 0 0 0 0 0 0 0 0 0 0 0 0 0 0 0 0 0 0 0 0 0 0 0 0 0 0 0 0 0 0 0 0 0 0 0 0 0 0 0 0 0 0 0 0 0 0 0 0 0 0 0 0 0 0 0 0 0 0 0 0 0 0 0 0 0 0 0 0 0 0 0 0 0 0 0 0 0 0 0 0 0 0 0 0 0 0 0 0 0 0 0 0 0 0 0 0 0 
0 0 0 0 0 0 0 0 0 0 0 0 0 0 0 0 0 0 0 0 0 0 0 0 0 0 0 0 0 0 0 0 0 0 0 0 0 0 0 0 0 0 0 0 0 0 0 0 0 0 0 0 0 0 0 0 0 0 0 0 0 0 0 0 0 0 0 0 0 0 0 0 0 0 0 0 0 0 0 0 0 0 0 0 0 0 0 0 0 0 0 0 0 0 0 0 0 0 0 0 0 0 0 0 0 0 0 0 0 0 0 0 0 0 0 0 0 0 0 0 0 0 0 0 0 0 0 0 0 0 0 0 0 0 0 0 0 0 0 0 0 0 0 0 0 0 0 0 0 0 0 0 0 0 0 0 0 0 0 0 0 0 0 0 0 0 0 0 0 0 0 0 0 0 0 0 0 0 0 0 0 0 0 0 0 0 0 0 0 0 0 0 0 0 0 0 0 0 0 0 0 0 0 0 0 0 0 0 0 0 0 0 0 0 0 0 0 0 0 0 0 0 0 0 0 0 0 0 0 0 0 0 0 0 0 0 0 0 0 0 0 0 0 0 0 0 0 0 0 0 0 0 0 0 0 0 
0 0 0 0 0 0 0 0 0 0 0 0 0 0 0 0 0 0 0 0 0 0 0 0 0 0 0 0 0 0 0 0 0 0 0 0 0 0 0 0 0 0 0 0 0 0 0 0 0 0 0 0 0 0 0 0 0 0 0 0 0 0 0 0 0 0 0 0 0 0 0 0 0 0 0 0 0 0 0 0 0 0 0 0 0 0 0 0 0 0 0 0 0 0 0 0 0 0 0 0 0 0 0 0 0 0 0 0 0 0 0 0 0 0 0 0 0 0 0 0 0 0 0 0 0 0 0 0 0 0 0 0 0 0 0 0 0 0 0 0 0 0 0 0 0 0 0 0 0 0 0 0 0 0 0 0 0 0 0 0 0 0 0 0 0 0 0 0 0 0 0 0 0 0 0 0 0 0 0 0 0 0 0 0 0 0 0 0 0 0 0 0 0 0 0 0 0 0 0 0 0 0 0 0 0 0 0 0 0 0 0 0 0 0 0 0 0 0 0 0 0 0 0 0 0 0 0 0 0 0 0 0 0 0 0 0 0 0 0 0 0 0 0 0 0 0 0 0 0 0 0 0 0 0 0 0 
0 0 0 0 0 0 0 0 0 0 0 0 0 0 0 0 0 0 0 0 0 0 0 0 0 0 0 0 0 0 0 0 0 0 0 0 0 0 0 0 0 0 0 0 0 0 0 0 0 0 0 0 0 0 0 0 0 0 0 0 0 0 0 0 0 0 0 0 0 0 0 0 0 0 0 0 0 0 0 0 0 0 0 0 0 0 0 0 0 0 0 0 0 0 0 0 0 0 0 0 0 0 0 0 0 0 0 0 0 0 0 0 0 0 0 0 0 0 0 0 0 0 0 0 0 0 0 0 0 0 0 0 0 0 0 0 0 0 0 0 0 0 0 0 0 0 0 0 0 0 0 0 0 0 0 0 0 0 0 0 0 0 0 0 0 0 0 0 0 0 0 0 0 0 0 0 0 0 0 0 0 0 0 0 0 0 0 0 0 0 0 0 0 0 0 0 0 0 0 0 0 0 0 0 0 0 0 0 0 0 0 0 0 0 0 0 0 0 0 0 0 0 0 0 0 0 0 0 0 0 0 0 0 0 0 0 0 0 0 0 0 0 0 0 0 0 0 0 0 0 0 0 0 0 0 0 
0 0 0 0 0 0 0 0 0 0 0 0 0 0 0 0 0 0 0 0 0 0 0 0 0 0 0 0 0 0 0 0 0 0 0 0 0 0 0 0 0 0 0 0 0 0 0 0 0 0 0 0 0 0 0 0 0 0 0 0 0 0 0 0 0 0 0 0 0 0 0 0 0 0 0 0 0 0 0 0 0 0 0 0 0 0 0 0 0 0 0 0 0 0 0 0 0 0 0 0 0 0 0 0 0 0 0 0 0 0 0 0 0 0 0 0 0 0 0 0 0 0 0 0 0 0 0 0 0 0 0 0 0 0 0 0 0 0 0 0 0 0 0 0 0 0 0 0 0 0 0 0 0 0 0 0 0 0 0 0 0 0 0 0 0 0 0 0 0 0 0 0 0 0 0 0 0 0 0 0 0 0 0 0 0 0 0 0 0 0 0 0 0 0 0 0 0 0 0 0 0 0 0 0 0 0 0 0 0 0 0 0 0 0 0 0 0 0 0 0 0 0 0 0 0 0 0 0 0 0 0 0 0 0 0 0 0 0 0 0 0 0 0 0 0 0 0 0 0 0 0 0 0 0 0 0 
0 0 0 0 0 0 0 0 0 0 0 0 0 0 0 0 0 0 0 0 0 0 0 0 0 0 0 0 0 0 0 0 0 0 0 0 0 0 0 0 0 0 0 0 0 0 0 0 0 0 0 0 0 0 0 0 0 0 0 0 0 0 0 0 0 0 0 0 0 0 0 0 0 0 0 0 0 0 0 0 0 0 0 0 0 0 0 0 0 0 0 0 0 0 0 0 0 0 0 0 0 0 0 0 0 0 0 0 0 0 0 0 0 0 0 0 0 0 0 0 0 0 0 0 0 0 0 0 0 0 0 0 0 0 0 0 0 0 0 0 0 0 0 0 0 0 0 0 0 0 0 0 0 0 0 0 0 0 0 0 0 0 0 0 0 0 0 0 0 0 0 0 0 0 0 0 0 0 0 0 0 0 0 0 0 0 0 0 0 0 0 0 0 0 0 0 0 0 0 0 0 0 0 0 0 0 0 0 0 0 0 0 0 0 0 0 0 0 0 0 0 0 0 0 0 0 0 0 0 0 0 0 0 0 0 0 0 0 0 0 0 0 0 0 0 0 0 0 0 0 0 0 0 0 0 0 
0 0 0 0 0 0 0 0 0 0 0 0 0 0 0 0 0 0 0 0 0 0 0 0 0 0 0 0 0 0 0 0 0 0 0 0 0 0 0 0 0 0 0 0 0 0 0 0 0 0 0 0 0 0 0 0 0 0 0 0 0 0 0 0 0 0 0 0 0 0 0 0 0 0 0 0 0 0 0 0 0 0 0 0 0 0 0 0 0 0 0 0 0 0 0 0 0 0 0 0 0 0 0 0 0 0 0 0 0 0 0 0 0 0 0 0 0 0 0 0 0 0 0 0 0 0 0 0 0 0 0 0 0 0 0 0 0 0 0 0 0 0 0 0 0 0 0 0 0 0 0 0 0 0 0 0 0 0 0 0 0 0 0 0 0 0 0 0 0 0 0 0 0 0 0 0 0 0 0 0 0 0 0 0 0 0 0 0 0 0 0 0 0 0 0 0 0 0 0 0 0 0 0 0 0 0 0 0 0 0 0 0 0 0 0 0 0 0 0 0 0 0 0 0 0 0 0 0 0 0 0 0 0 0 0 0 0 0 0 0 0 0 0 0 0 0 0 0 0 0 0 0 0 0 0 0 
0 0 0 0 0 0 0 0 0 0 0 0 0 0 0 0 0 0 0 0 0 0 0 0 0 0 0 0 0 0 0 0 0 0 0 0 0 0 0 0 0 0 0 0 0 0 0 0 0 0 0 0 0 0 0 0 0 0 0 0 0 0 0 0 0 0 0 0 0 0 0 0 0 0 0 0 0 0 0 0 0 0 0 0 0 0 0 0 0 0 0 0 0 0 0 0 0 0 0 0 0 0 0 0 0 0 0 0 0 0 0 0 0 0 0 0 0 0 0 0 0 0 0 0 0 0 0 0 0 0 0 0 0 0 0 0 0 0 0 0 0 0 0 0 0 0 0 0 0 0 0 0 0 0 0 0 0 0 0 0 0 0 0 0 0 0 0 0 0 0 0 0 0 0 0 0 0 0 0 0 0 0 0 0 0 0 0 0 0 0 0 0 0 0 0 0 0 0 0 0 0 0 0 0 0 0 0 0 0 0 0 0 0 0 0 0 0 0 0 0 0 0 0 0 0 0 0 0 0 0 0 0 0 0 0 0 0 0 0 0 0 0 0 0 0 0 0 0 0 0 0 0 0 0 0 0 
0 0 0 0 0 0 0 0 0 0 0 0 0 0 0 0 0 0 0 0 0 0 0 0 0 0 0 0 0 0 0 0 0 0 0 0 0 0 0 0 0 0 0 0 0 0 0 0 0 0 0 0 0 0 0 0 0 0 0 0 0 0 0 0 0 0 0 0 0 0 0 0 0 0 0 0 0 0 0 0 0 0 0 0 0 0 0 0 0 0 0 0 0 0 0 0 0 0 0 0 0 0 0 0 0 0 0 0 0 0 0 0 0 0 0 0 0 0 0 0 0 0 0 0 0 0 0 0 0 0 0 0 0 0 0 0 0 0 0 0 0 0 0 0 0 0 0 0 0 0 0 0 0 0 0 0 0 0 0 0 0 0 0 0 0 0 0 0 0 0 0 0 0 0 0 0 0 0 0 0 0 0 0 0 0 0 0 0 0 0 0 0 0 0 0 0 0 0 0 0 0 0 0 0 0 0 0 0 0 0 0 0 0 0 0 0 0 0 0 0 0 0 0 0 0 0 0 0 0 0 0 0 0 0 0 0 0 0 0 0 0 0 0 0 0 0 0 0 0 0 0 0 0 0 0 0 
0 0 0 0 0 0 0 0 0 0 0 0 0 0 0 0 0 0 0 0 0 0 0 0 0 0 0 0 0 0 0 0 0 0 0 0 0 0 0 0 0 0 0 0 0 0 0 0 0 0 0 0 0 0 0 0 0 0 0 0 0 0 0 0 0 0 0 0 0 0 0 0 0 0 0 0 0 0 0 0 0 0 0 0 0 0 0 0 0 0 0 0 0 0 0 0 0 0 0 0 0 0 0 0 0 0 0 0 0 0 0 0 0 0 0 0 0 0 0 0 0 0 0 0 0 0 0 0 0 0 0 0 0 0 0 0 0 0 0 0 0 0 0 0 0 0 0 0 0 0 0 0 0 0 0 0 0 0 0 0 0 0 0 0 0 0 0 0 0 0 0 0 0 0 0 0 0 0 0 0 0 0 0 0 0 0 0 0 0 0 0 0 0 0 0 0 0 0 0 0 0 0 0 0 0 0 0 0 0 0 0 0 0 0 0 0 0 0 0 0 0 0 0 0 0 0 0 0 0 0 0 0 0 0 0 0 0 0 0 0 0 0 0 0 0 0 0 0 0 0 0 0 0 0 0 0 
0 0 0 0 0 0 0 0 0 0 0 0 0 0 0 0 0 0 0 0 0 0 0 0 0 0 0 0 0 0 0 0 0 0 0 0 0 0 0 0 0 0 0 0 0 0 0 0 0 0 0 0 0 0 0 0 0 0 0 0 0 0 0 0 0 0 0 0 0 0 0 0 0 0 0 0 0 0 0 0 0 0 0 0 0 0 0 0 0 0 0 0 0 0 0 0 0 0 0 0 0 0 0 0 0 0 0 0 0 0 0 0 0 0 0 0 0 0 0 0 0 0 0 0 0 0 0 0 0 0 0 0 0 0 0 0 0 0 0 0 0 0 0 0 0 0 0 0 0 0 0 0 0 0 0 0 0 0 0 0 0 0 0 0 0 0 0 0 0 0 0 0 0 0 0 0 0 0 0 0 0 0 0 0 0 0 0 0 0 0 0 0 0 0 0 0 0 0 0 0 0 0 0 0 0 0 0 0 0 0 0 0 0 0 0 0 0 0 0 0 0 0 0 0 0 0 0 0 0 0 0 0 0 0 0 0 0 0 0 0 0 0 0 0 0 0 0 0 0 0 0 0 0 0 0 0 
0 0 0 0 0 0 0 0 0 0 0 0 0 0 0 0 0 0 0 0 0 0 0 0 0 0 0 0 0 0 0 0 0 0 0 0 0 0 0 0 0 0 0 0 0 0 0 0 0 0 0 0 0 0 0 0 0 0 0 0 0 0 0 0 0 0 0 0 0 0 0 0 0 0 0 0 0 0 0 0 0 0 0 0 0 0 0 0 0 0 0 0 0 0 0 0 0 0 0 0 0 0 0 0 0 0 0 0 0 0 0 0 0 0 0 0 0 0 0 0 0 0 0 0 0 0 0 0 0 0 0 0 0 0 0 0 0 0 0 0 0 0 0 0 0 0 0 0 0 0 0 0 0 0 0 0 0 0 0 0 0 0 0 0 0 0 0 0 0 0 0 0 0 0 0 0 0 0 0 0 0 0 0 0 0 0 0 0 0 0 0 0 0 0 0 0 0 0 0 0 0 0 0 0 0 0 0 0 0 0 0 0 0 0 0 0 0 0 0 0 0 0 0 0 0 0 0 0 0 0 0 0 0 0 0 0 0 0 0 0 0 0 0 0 0 0 0 0 0 0 0 0 0 0 0 0 
0 0 0 0 0 0 0 0 0 0 0 0 0 0 0 0 0 0 0 0 0 0 0 0 0 0 0 0 0 0 0 0 0 0 0 0 0 0 0 0 0 0 0 0 0 0 0 0 0 0 0 0 0 0 0 0 0 0 0 0 0 0 0 0 0 0 0 0 0 0 0 0 0 0 0 0 0 0 0 0 0 0 0 0 0 0 0 0 0 0 0 0 0 0 0 0 0 0 1.898678189e-93 0 0 0 0 0 0 0 0 0 0 0 0 0 0 0 0 0 0 0 0 0 0 0 0 0 0 0 0 0 0 0 0 0 0 0 0 0 0 0 0 0 0 0 0 0 0 0 0 0 0 0 0 0 0 0 0 0 0 0 0 0 0 0 0 0 0 0 0 0 0 0 0 0 0 0 0 0 0 0 0 0 0 0 0 0 0 0 0 0 0 0 0 0 0 0 0 0 0 0 0 0 0 0 0 0 0 0 0 0 0 0 0 0 0 0 0 0 0 0 0 0 0 0 0 0 0 0 0 0 0 0 0 0 0 0 0 0 0 0 0 0 0 0 0 0 0 0 0 0 0 0 0 0 0 0 0 0 
0 0 0 0 0 0 0 0 0 0 0 0 0 0 0 0 0 0 0 0 0 0 0 0 0 0 0 0 0 0 0 0 0 0 0 0 0 0 0 0 0 0 0 0 0 0 0 0 0 0 0 0 0 0 0 0 0 0 0 0 0 0 0 0 0 0 0 0 0 0 0 0 0 0 0 0 0 0 0 0 0 0 0 0 0 0 0 0 0 0 0 0 0 0 0 9.904497971e-95 0 0 0 0 0 0 0 0 0 0 0 0 0 0 0 0 0 0 0 0 0 0 0 0 0 0 0 0 0 0 0 0 1.942901775e-86 0 0 0 0 0 0 0 0 0 0 0 0 0 0 0 0 0 0 0 0 0 0 0 0 0 0 0 0 0 0 0 0 0 0 0 0 0 0 0 0 0 0 0 0 0 0 0 0 0 0 0 0 0 0 0 0 0 0 0 0 0 0 0 0 0 0 0 0 0 0 0 0 0 0 0 0 0 0 0 0 0 0 0 0 0 0 0 0 0 0 0 0 0 0 0 0 0 0 0 0 0 0 0 0 0 0 0 0 0 0 0 0 0 0 0 0 0 0 0 0 0 0 0 0 0 0 0 
0 0 0 0 0 0 0 0 0 0 0 0 0 0 0 0 0 0 0 0 0 0 0 0 0 0 0 0 0 0 0 0 0 0 0 0 0 0 0 0 0 0 0 0 0 0 0 0 0 0 0 0 0 0 0 0 0 0 0 0 0 0 0 0 0 0 0 0 0 0 0 0 0 0 0 0 0 0 0 0 0 0 0 0 0 0 0 0 0 0 0 0 0 0 0 0 0 0 0 0 0 0 0 0 0 0 0 0 0 0 0 0 0 0 0 0 0 0 0 0 0 0 0 0 0 0 0 0 0 0 0 0 0 0 0 0 0 0 0 0 0 0 0 0 0 0 0 0 0 0 0 0 0 0 0 0 0 0 0 0 0 0 0 0 0 0 0 0 0 0 0 0 0 0 0 0 0 0 0 0 0 0 0 0 0 0 0 0 0 0 0 0 0 0 0 0 0 0 0 0 0 0 0 0 0 0 0 0 0 0 0 0 0 0 0 0 0 0 0 0 0 0 0 0 0 0 0 0 0 0 0 0 0 0 0 0 0 0 0 0 0 0 0 0 0 0 0 0 0 0 0 0 0 0 0 0 
0 0 0 0 0 0 0 0 0 0 0 0 0 0 0 0 0 0 0 0 0 0 0 0 0 0 0 0 0 0 0 0 0 0 0 0 0 0 0 0 0 0 0 0 0 0 0 0 0 0 0 0 0 0 0 0 0 0 0 0 0 0 0 0 0 0 0 0 0 0 0 0 0 0 0 0 0 0 0 0 0 0 0 0 0 0 0 0 0 0 0 0 0 0 0 0 0 0 0 0 0 0 0 0 0 0 0 0 0 0 0 0 0 0 0 0 0 0 0 0 0 0 0 0 0 0 0 0 0 0 0 0 0 0 0 0 0 0 0 0 0 0 0 0 0 0 0 0 0 0 0 0 0 0 0 0 0 0 0 0 0 0 0 0 0 0 0 0 0 0 0 0 0 0 0 0 0 0 0 0 0 0 0 0 0 0 0 0 0 0 0 0 0 0 0 0 0 0 0 0 0 0 0 0 0 0 0 0 0 0 0 0 0 0 0 0 0 0 0 0 0 0 0 0 0 0 0 0 0 0 0 0 0 0 0 0 0 0 0 0 0 0 0 0 0 0 0 0 0 0 0 0 0 0 0 0 
0 0 0 0 0 0 0 0 0 0 0 0 0 0 0 0 0 0 0 0 0 0 0 0 0 0 0 0 0 0 0 0 0 0 0 0 0 0 0 0 0 0 0 0 0 0 0 0 0 0 0 0 0 0 0 0 0 0 0 0 0 0 0 0 0 0 0 0 0 0 0 0 0 0 0 0 0 0 0 0 0 0 0 0 0 0 0 0 0 0 0 0 0 0 0 0 0 0 0 0 0 0 0 0 0 0 0 0 0 0 0 0 9.19617597e-91 0 0 0 0 0 0 0 0 0 0 0 0 0 0 0 0 0 0 0 0 0 0 0 0 0 0 0 0 0 0 0 0 0 0 0 0 0 0 0 0 0 0 0 0 0 0 0 0 0 0 0 0 0 0 0 0 0 0 0 0 0 0 0 0 0 0 0 0 0 0 0 0 0 0 0 0 0 0 0 0 0 0 0 0 0 0 0 0 0 0 0 0 0 0 0 0 0 0 0 0 0 0 0 0 0 0 0 0 0 0 0 0 0 0 0 0 0 0 0 0 0 0 0 0 0 0 0 0 0 0 0 0 0 0 0 0 0 0 0 0 0 0 0 
0 0 0 0 0 0 0 0 0 0 0 0 0 0 0 0 0 0 0 0 0 0 0 0 0 0 0 0 0 0 0 0 0 0 0 0 0 0 0 0 0 0 0 0 0 0 0 0 0 0 0 0 0 0 0 0 0 0 0 0 0 0 0 0 0 0 0 0 0 0 0 0 0 0 0 0 0 0 0 0 0 0 0 0 0 0 0 0 0 0 0 0 0 0 0 0 0 0 0 0 0 0 0 0 0 0 0 0 0 0 0 0 0 0 0 0 0 0 0 0 0 0 0 0 0 0 0 0 0 0 0 0 0 0 0 0 0 0 0 0 0 0 0 0 0 0 0 0 0 0 0 0 0 0 0 0 0 0 0 0 0 0 0 0 0 0 0 0 0 0 0 0 0 0 0 0 0 0 0 0 0 0 0 0 0 0 0 0 0 0 0 0 0 0 0 0 0 0 0 0 0 0 0 0 0 0 0 0 0 0 0 0 0 0 0 0 0 0 0 0 0 0 0 0 0 0 0 0 0 0 0 0 0 0 0 0 0 0 0 0 0 0 0 0 0 0 0 0 0 0 0 0 0 0 0 0 
0 0 0 0 0 0 0 0 0 0 0 0 0 0 0 0 0 0 0 0 0 0 0 0 0 0 0 0 0 0 0 0 0 0 0 0 0 0 0 0 0 0 0 0 0 0 0 0 0 0 0 0 0 0 0 0 0 0 0 0 0 0 0 0 0 0 0 0 0 0 0 0 0 0 0 0 0 0 0 0 0 0 0 0 0 0 0 0 0 0 0 0 0 0 0 0 0 0 0 0 0 0 0 0 1.429079539e-83 0 0 0 0 0 0 0 0 0 0 0 0 0 0 0 0 0 0 0 0 0 0 0 0 0 0 0 0 0 0 0 0 0 0 0 0 0 0 5.313793631e-74 0 0 0 0 0 0 0 0 0 0 0 0 0 0 0 0 0 0 0 0 0 0 0 0 0 0 0 0 0 0 0 0 0 0 0 0 0 0 0 0 0 0 0 0 0 0 0 0 0 0 0 0 0 0 0 0 0 0 0 0 0 0 0 0 0 0 0 0 0 0 0 0 0 0 0 0 0 0 0 0 0 0 0 0 0 0 0 0 0 0 0 0 0 0 0 0 0 0 0 0 0 0 0 0 0 0 0 0 0 0 0 0 
0 0 0 0 0 0 0 0 0 0 0 0 0 0 0 0 0 0 0 0 0 0 0 0 0 0 0 0 0 0 0 0 0 0 0 0 0 0 0 0 0 0 0 0 0 0 0 0 0 0 0 0 0 0 0 0 0 0 0 0 0 0 0 0 0 0 0 0 0 0 0 0 0 0 0 0 0 0 0 0 0 0 0 0 0 0 0 0 0 0 0 0 0 0 0 0 5.339388228e-71 0 0 0 0 0 0 0 0 0 0 0 0 0 0 0 0 0 0 0 0 0 0 0 0 0 0 0 0 0 0 0 0 0 0 0 0 0 0 0 0 0 0 0 2.69510557e-92 0 0 0 0 0 0 0 0 0 0 0 0 0 0 0 0 0 0 0 0 0 0 0 0 0 0 0 0 0 0 0 0 0 0 0 0 0 0 0 0 0 0 0 0 0 0 0 0 0 0 0 0 0 0 0 0 0 0 0 0 0 0 0 0 0 0 0 0 0 0 0 0 0 0 0 0 0 0 0 0 0 0 0 0 0 0 0 0 0 0 0 0 0 0 0 0 0 0 0 0 0 0 0 0 0 0 0 0 0 0 0 0 0 0 0 
0 0 0 0 0 0 0 0 0 0 0 0 0 0 0 0 0 0 0 0 0 0 0 0 0 0 0 0 0 0 0 0 0 0 0 0 0 0 0 0 0 0 0 0 0 0 0 0 0 0 0 0 0 0 0 0 0 0 0 0 0 0 0 0 0 0 0 0 0 0 0 0 0 0 0 0 0 0 0 0 0 0 0 0 0 0 0 0 0 0 0 0 0 0 0 0 0 0 0 0 0 0 0 0 0 0 0 0 0 0 0 0 0 0 8.762071186e-89 0 0 0 0 0 0 0 0 0 0 0 0 5.391661744e-84 0 0 0 0 0 1.921516693e-78 1.506969463e-82 0 0 0 0 0 0 0 0 5.174688608e-81 0 0 0 0 4.198036525e-65 0 0 0 0 0 0 0 0 0 0 0 0 0 0 0 0 0 0 0 0 0 0 0 0 0 0 0 0 0 0 0 0 0 0 0 0 0 0 0 0 0 0 0 0 0 0 0 0 0 0 0 0 0 0 0 0 0 0 0 0 0 0 0 0 0 0 0 0 0 0 0 0 0 0 0 0 0 0 0 0 0 0 0 0 0 0 0 0 0 0 0 0 0 0 0 0 0 0 0 0 0 0 0 0 0 0 0 
0 0 0 0 0 0 0 0 0 0 0 0 0 0 0 0 0 0 0 0 0 0 0 0 0 0 0 0 0 0 0 0 0 0 0 0 0 0 0 0 0 0 0 0 0 0 0 0 0 0 0 0 0 0 0 0 0 0 0 0 0 0 0 0 0 0 0 0 0 0 0 0 0 0 0 0 0 0 0 0 0 0 0 0 0 0 0 0 0 0 0 0 0 0 0 0 0 7.16666332e-86 0 0 0 1.587829074e-60 0 0 0 0 0 0 0 0 0 4.271310235e-83 0 2.078434038e-84 0 0 0 0 0 0 0 0 0 0 0 0 0 7.838611729e-82 0 0 6.710961431e-75 0 0 0 0 0 0 0 0 0 0 0 0 0 0 0 0 0 0 0 0 0 0 0 0 0 0 0 0 0 0 0 0 0 8.610125345e-79 0 0 0 0 0 0 0 0 0 0 0 0 0 0 0 0 0 0 0 0 0 0 0 0 0 0 0 0 0 0 0 0 0 0 0 0 0 0 0 0 0 0 0 0 0 0 0 0 0 0 0 0 0 0 0 0 0 0 0 0 0 0 0 0 0 0 0 0 0 0 0 0 0 0 0 0 0 0 0 0 0 0 0 0 0 0 0 0 0 0 0 
0 0 0 0 0 0 0 0 0 0 0 0 0 0 0 0 0 0 0 0 0 0 0 0 0 0 0 0 0 0 0 0 0 0 0 0 0 0 0 0 0 0 0 0 0 0 0 0 0 0 0 0 0 0 0 0 0 0 0 0 0 0 0 0 0 0 0 0 0 0 0 0 0 0 0 0 0 0 0 0 0 0 0 0 0 0 0 0 0 0 0 0 0 0 0 0 0 0 0 0 0 0 0 0 0 0 0 0 0 0 0 0 0 0 0 0 0 0 0 0 0 0 0 0 0 0 0 0 0 0 0 0 0 0 0 0 0 0 0 0 0 0 0 0 0 0 0 0 0 0 0 0 0 0 0 0 4.550369618e-65 0 0 0 0 0 0 0 0 0 0 0 0 0 0 0 0 0 0 0 0 0 0 0 0 0 0 0 0 0 0 0 0 0 0 0 0 0 0 0 0 0 0 0 0 0 0 0 0 0 0 0 0 0 0 0 0 0 0 0 0 0 0 0 0 0 0 0 0 0 0 0 0 0 0 0 0 0 0 0 0 0 0 0 0 0 0 0 0 0 0 0 0 0 0 0 0 0 0 0 
0 0 0 0 0 0 0 0 0 0 0 0 0 0 0 0 0 0 0 0 0 0 0 0 0 0 0 0 0 0 0 0 0 0 0 0 0 0 0 0 0 0 0 0 0 0 0 0 0 0 0 0 0 0 0 0 0 0 0 0 0 0 0 0 0 0 0 0 0 0 0 0 0 0 0 0 0 0 0 0 0 0 0 0 0 0 0 0 0 0 0 0 0 0 0 0 0 2.48595048e-81 0 7.472029826e-60 0 0 0 0 0 0 3.922759578e-63 0 0 0 0 0 0 0 0 0 0 0 0 0 4.457999093e-65 0 0 0 0 0 0 0 0 0 0 0 4.72913737e-85 0 0 0 0 0 0 0 0 0 0 1.262386577e-70 0 0 0 0 0 0 0 0 0 0 0 0 0 0 0 0 0 0 0 0 0 0 0 0 0 0 0 0 0 0 0 0 0 0 0 0 0 0 0 0 0 0 0 0 0 0 0 0 0 0 0 0 0 0 0 0 0 0 0 0 0 0 0 0 0 0 0 0 0 0 0 0 0 0 0 0 0 0 0 0 0 0 0 0 0 0 0 0 0 0 0 0 0 0 0 0 0 0 0 0 0 0 0 0 0 0 0 0 0 0 0 0 
0 0 0 0 0 0 0 0 0 0 0 0 0 0 0 0 0 0 0 0 0 0 0 0 0 0 0 0 0 0 0 0 0 0 0 0 0 0 0 0 0 0 0 0 0 0 0 0 0 0 0 0 0 0 0 0 0 0 0 0 0 0 0 0 0 0 0 0 0 0 0 0 0 0 0 0 0 0 0 0 0 0 0 0 0 0 0 0 0 0 0 6.201501671e-54 0 0 0 0 0 0 0 0 2.041946521e-77 0 0 0 0 0 0 0 0 0 0 0 0 5.89249888e-58 0 0 8.603794698e-63 0 0 0 0 0 0 0 0 0 0 0 0 0 0 8.064114241e-78 0 4.188379238e-71 0 0 0 0 0 0 0 0 0 0 0 0 0 0 0 0 1.690545845e-70 0 0 0 0 0 0 0 0 0 0 0 0 0 0 0 0 0 0 0 0 0 0 0 0 0 0 0 0 0 0 0 0 0 0 0 0 0 0 0 0 0 0 0 0 0 0 0 0 0 0 0 0 0 0 0 0 0 0 0 0 0 0 0 0 0 0 0 0 0 0 0 0 0 0 0 0 0 0 0 0 0 0 0 0 0 0 0 0 0 0 0 0 0 0 0 0 0 0 0 0 0 0 0 0 0 
0 0 0 0 0 0 0 0 0 0 0 0 0 0 0 0 0 0 0 0 0 0 0 0 0 0 0 0 0 0 0 0 0 0 0 0 0 0 0 0 0 0 0 0 0 0 0 0 0 0 0 0 0 0 0 0 0 0 0 0 0 0 0 0 0 0 0 0 0 0 0 0 0 0 0 0 0 0 0 0 0 0 0 0 0 0 0 0 0 0 9.881524717e-86 0 0 0 0 0 0 2.213737885e-80 0 1.462252915e-59 0 0 0 0 0 0 0 0 0 0 0 0 0 0 0 0 0 0 0 0 0 1.606996816e-61 7.621283016e-63 0 0 0 0 0 0 0 3.511922699e-56 0 0 0 0 4.790136284e-75 0 0 0 0 0 0 0 0 0 0 0 0 0 0 0 0 0 0 0 0 0 0 0 0 0 0 0 0 0 0 0 0 0 0 0 0 0 0 0 0 0 0 0 0 0 0 0 0 0 0 0 0 0 0 0 0 0 0 0 0 0 0 0 0 0 0 0 0 0 0 0 0 0 0 0 0 0 0 0 0 0 0 0 0 0 0 0 0 0 0 0 0 0 0 0 0 0 0 0 0 0 0 0 0 0 0 0 0 0 0 0 0 0 0 0 0 0 0 0 0 
0 0 0 0 0 0 0 0 0 0 0 0 0 0 0 0 0 0 0 0 0 0 0 0 0 0 0 0 0 0 0 0 0 0 0 0 0 0 0 0 0 0 0 0 0 0 0 0 0 0 0 0 0 0 0 0 0 0 0 0 0 0 0 0 0 0 0 0 0 0 0 0 0 0 0 0 0 0 0 0 0 0 0 0 0 0 0 0 0 0 0 0 0 0 0 1.04242056e-73 0 0 0 0 1.357394306e-81 0 0 0 0 5.388335194e-84 0 3.320239622e-60 0 0 0 0 0 0 0 0 0 1.166492804e-83 0 0 1.739286643e-57 0 0 1.602122665e-81 0 0 1.047047218e-64 0 0 0 0 3.103439571e-67 0 0 0 0 2.2201394e-69 0 0 0 0 0 0 0 0 0 0 6.725736637e-61 0 0 0 0 0 0 0 0 0 0 0 0 0 0 0 0 0 0 0 0 0 0 0 0 0 0 0 0 0 0 0 0 0 0 0 0 0 0 0 0 0 0 0 0 0 0 0 0 0 0 0 0 0 0 0 0 0 0 0 0 0 0 0 0 0 0 0 0 0 0 0 0 0 0 0 0 0 0 0 0 0 0 0 0 0 0 0 0 0 0 0 0 0 0 0 0 0 0 0 0 0 0 0 0 0 0 0 0 
0 0 0 0 0 0 0 0 0 0 0 0 0 0 0 0 0 0 0 0 0 0 0 0 0 0 0 0 0 0 0 0 0 0 0 0 0 0 0 0 0 0 0 0 0 0 0 0 0 0 0 0 0 0 0 0 0 0 0 0 0 0 0 0 0 0 0 0 0 0 0 0 0 0 0 0 0 0 0 0 0 0 0 0 0 0 0 0 0 0 0 0 0 0 0 0 0 1.547360026e-66 0 0 0 2.050282653e-84 0 0 0 5.572861541e-78 0 3.896860216e-76 0 0 0 0 3.869184237e-86 0 0 0 0 1.111168321e-57 0 0 0 0 0 0 0 0 0 0 0 0 0 5.444334366e-76 0 0 1.219285312e-68 0 0 7.778773101e-79 1.202757776e-76 0 0 0 0 0 0 0 0 0 0 0 0 0 0 8.670238618e-74 0 0 0 0 0 0 0 0 0 0 0 0 0 0 0 0 0 0 0 0 0 0 0 0 0 0 0 0 0 0 0 0 0 0 0 0 0 0 0 0 0 0 0 0 0 0 0 0 0 0 0 0 0 0 0 0 0 0 0 0 0 0 0 0 0 0 0 0 0 0 0 0 0 0 0 0 0 0 0 0 0 0 0 0 0 0 0 0 0 0 0 0 0 0 0 0 0 0 0 0 0 0 
0 0 0 0 0 0 0 0 0 0 0 0 0 0 0 0 0 0 0 0 0 0 0 0 0 0 0 0 0 0 0 0 0 0 0 0 0 0 0 0 0 0 0 0 0 0 0 0 0 0 0 0 0 0 0 0 0 0 0 0 0 0 0 0 0 0 0 0 0 0 0 0 0 0 0 0 0 0 0 0 0 0 0 0 0 0 0 0 0 0 0 0 0 0 0 0 0 0 0 0 2.313992954e-56 0 0 0 0 0 0 0 2.696598209e-62 0 0 0 0 1.498341766e-84 0 0 4.679564887e-55 0 0 1.809470127e-65 0 0 0 0 9.139127673e-74 0 0 4.726914272e-73 0 5.975274572e-79 0 0 0 0 0 0 0 2.2771714e-54 0 0 0 0 0 2.758415583e-59 0 0 1.032643446e-55 0 0 0 0 0 0 0 0 0 0 0 0 1.483446407e-70 0 0 0 0 0 0 0 0 0 0 0 0 0 0 0 0 0 0 0 0 0 0 0 0 0 0 0 0 0 0 0 0 0 0 0 0 0 0 0 0 0 0 0 0 0 0 0 0 0 0 0 0 0 0 0 0 0 0 0 0 0 0 0 0 0 0 0 0 0 0 0 0 0 0 0 0 0 0 0 0 0 0 0 0 0 0 0 0 0 0 0 0 0 0 0 0 
0 0 0 0 0 0 0 0 0 0 0 0 0 0 0 0 0 0 0 0 0 0 0 0 0 0 0 0 0 0 0 0 0 0 0 0 0 0 0 0 0 0 0 0 0 0 0 0 0 0 0 0 0 0 0 0 0 0 0 0 0 0 0 0 0 0 0 0 0 0 0 0 0 0 0 0 0 0 0 0 0 0 0 0 0 0 0 0 0 0 0 0 0 0 0 0 0 0 0 0 0 1.871348018e-70 0 0 0 0 0 0 0 0 0 0 0 0 9.905099208e-84 0 0 0 0 0 0 0 1.495891266e-82 0 0 0 0 0 0 0 0 0 0 0 0 0 0 0 0 0 0 0 0 0 0 0 0 0 0 0 0 0 0 0 0 0 0 0 0 0 0 0 0 0 0 0 0 0 0 0 0 0 0 0 0 0 0 0 0 0 0 0 0 0 0 0 0 0 0 0 0 0 0 0 0 0 0 0 0 0 0 0 0 0 0 0 0 0 0 0 0 0 0 0 0 0 0 0 0 0 0 0 0 0 0 0 0 0 0 0 0 0 0 0 0 0 0 0 0 0 0 0 0 0 0 0 0 0 0 0 0 0 0 0 0 0 
0 0 0 0 0 0 0 0 0 0 0 0 0 0 0 0 0 0 0 0 0 0 0 0 0 0 0 0 0 0 0 0 0 0 0 0 0 0 0 0 0 0 0 0 0 0 0 0 0 0 0 0 0 0 0 0 0 0 0 0 0 0 0 0 0 0 0 0 0 0 0 0 0 0 0 0 0 0 0 0 0 0 0 0 0 0 0 0 0 0 0 0 0 0 0 0 0 0 0 2.432011613e-55 0 0 0 0 0 0 0 0 0 0 0 0 0 0 0 0 0 0 2.396020299e-71 0 0 0 0 0 0 0 0 0 0 0 0 0 0 0 0 0 7.997428325e-76 0 0 0 0 0 0 1.122363309e-51 0 0 0 0 0 0 0 0 0 0 0 0 0 0 3.151205538e-71 0 0 0 0 0 0 0 0 0 0 0 0 0 0 0 0 0 0 0 0 0 0 0 0 0 0 0 0 0 0 0 0 0 0 0 0 0 0 0 0 0 0 0 0 0 0 0 0 0 0 0 0 0 0 0 0 0 0 0 0 0 0 0 0 0 0 0 0 0 0 0 0 0 0 0 0 0 0 0 0 0 0 0 0 0 0 0 0 0 0 0 0 0 0 0 0 0 
0 0 0 0 0 0 0 0 0 0 0 0 0 0 0 0 0 0 0 0 0 0 0 0 0 0 0 0 0 0 0 0 0 0 0 0 0 0 0 0 0 0 0 0 0 0 0 0 0 0 0 0 0 0 0 0 0 0 0 0 0 0 0 0 0 0 0 0 0 0 0 0 0 0 0 0 0 0 0 0 0 0 0 0 0 0 0 0 0 0 0 0 0 0 0 0 0 0 0 0 0 0 0 0 0 0 0 0 0 0 0 0 0 0 0 0 0 0 0 0 0 0 0 0 0 0 0 0 0 0 0 0 0 0 2.435788891e-59 0 0 0 0 5.56133051e-63 4.252878139e-67 1.626255082e-77 0 0 0 0 0 0 0 0 0 0 0 0 0 0 0 0 0 3.309895933e-56 1.02697802e-60 0 0 0 0 0 0 0 0 0 0 0 0 0 0 0 0 0 0 0 0 0 0 0 0 0 0 0 0 0 0 0 0 0 0 0 0 0 0 0 0 0 0 0 0 0 0 0 0 0 0 0 0 0 0 0 0 0 0 0 0 0 0 0 0 0 0 0 0 0 0 0 0 0 0 0 0 0 0 0 0 0 0 0 0 0 0 0 0 0 0 0 0 0 0 0 
0 0 0 0 0 0 0 0 0 0 0 0 0 0 0 0 0 0 0 0 0 0 0 0 0 0 0 0 0 0 0 0 0 0 0 0 0 0 0 0 0 0 0 0 0 0 0 0 0 0 0 0 0 0 0 0 0 0 0 0 0 0 0 0 0 0 0 0 0 0 0 0 0 0 0 0 0 0 0 0 0 0 0 0 0 0 0 0 0 0 0 0 0 0 0 0 0 0 0 0 0 0 1.426475396e-70 0 0 0 0 0 0 2.063228295e-40 0 0 0 9.985147154e-49 0 0 0 2.550889458e-60 2.239588775e-62 0 0 0 6.363813693e-31 0 0 0 0 0 0 0 0 0 0 0 0 0 0 0 7.889807191e-68 0 0 0 0 0 0 1.522468471e-61 0 0 0 0 0 0 0 0 0 0 0 0 0 0 0 0 0 0 0 0 0 0 0 0 0 0 0 0 0 0 0 0 0 0 0 0 0 0 0 0 0 0 0 0 0 0 0 0 0 0 0 0 0 0 0 0 0 0 0 0 0 0 0 0 0 0 0 0 0 0 0 0 0 0 0 0 0 0 0 0 0 0 0 0 0 0 0 0 0 0 0 0 0 0 0 0 0 0 0 0 0 0 0 0 0 0 0 0 0 0 
0 0 0 0 0 0 0 0 0 0 0 0 0 0 0 0 0 0 0 0 0 0 0 0 0 0 0 0 0 0 0 0 0 0 0 0 0 0 0 0 0 0 0 0 0 0 0 0 0 0 0 0 0 0 0 0 0 0 0 0 0 0 0 0 0 0 0 0 0 0 0 0 0 0 0 0 0 0 0 0 0 0 0 0 0 0 0 0 0 0 0 0 0 0 0 0 0 0 0 0 0 0 0 0 0 0 0 4.57380493e-57 0 0 0 0 0 0 0 0 0 0 0 0 1.720669899e-42 1.302638781e-43 0 0 1.909812557e-24 0 0 0 0 0 0 0 0 0 0 0 0 0 2.636559847e-68 0 0 0 0 0 0 0 0 0 0 0 0 0 0 4.561881024e-77 1.887315723e-50 0 0 1.372688628e-55 0 0 0 0 0 5.61515503e-47 4.961299021e-76 0 0 0 0 0 0 0 0 0 0 0 0 0 0 0 0 0 0 0 0 0 0 0 0 0 0 0 0 0 0 0 0 0 0 0 0 0 0 0 0 0 0 0 0 0 0 0 0 0 0 0 0 0 0 0 0 0 0 0 0 0 0 0 0 0 0 0 0 0 0 0 0 0 0 0 0 0 0 0 0 0 0 0 0 0 0 0 0 0 0 0 
0 0 0 0 0 0 0 0 0 0 0 0 0 0 0 0 0 0 0 0 0 0 0 0 0 0 0 0 0 0 0 0 0 0 0 0 0 0 0 0 0 0 0 0 0 0 0 0 0 0 0 0 0 0 0 0 0 0 0 0 0 0 0 0 0 0 0 0 0 0 0 0 0 0 0 0 0 0 0 0 0 0 0 0 0 0 0 0 0 2.64206231e-68 0 0 0 0 0 0 7.310161672e-37 0 0 0 0 4.872417224e-58 0 3.978623016e-62 0 0 0 2.2101333e-50 0 4.754140291e-46 0 0 0 0 0 0 2.730263911e-44 5.28990683e-35 2.328889492e-48 0 0 0 0 0 0 0 0 0 0 0 0 8.744572885e-75 8.979946567e-46 6.913330018e-52 0 0 0 0 0 5.622959049e-53 2.685930879e-38 3.737751109e-46 0 0 0 0 0 0 0 0 1.042007881e-56 0 0 0 2.062044097e-43 0 1.435712359e-66 0 7.504216802e-58 2.591550815e-44 1.25096651e-36 0 0 0 0 0 0 0 0 0 0 0 0 0 0 0 0 0 0 0 0 0 0 0 0 0 0 0 0 0 0 0 0 0 0 0 0 0 0 0 0 0 0 0 0 0 0 0 0 0 0 0 0 0 0 0 0 0 0 0 0 0 0 0 0 0 0 0 0 0 0 0 0 0 0 0 0 0 0 0 0 0 0 0 0 0 0 0 0 0 0 0 0 0 0 0 
0 0 0 0 0 0 0 0 0 0 0 0 0 0 0 0 0 0 0 0 0 0 0 0 0 0 0 0 0 0 0 0 0 0 0 0 0 0 0 0 0 0 0 0 0 0 0 0 0 0 0 0 0 0 0 0 0 0 0 0 0 0 0 0 0 0 0 0 0 0 0 0 0 0 0 0 0 0 0 0 0 0 0 0 0 0 0 0 0 0 0 0 0 0 0 0 1.928373961e-38 0 0 0 0 0 2.080275737e-40 0 0 0 0 0 0 0 0 5.201675153e-68 1.675970038e-53 0 0 0 0 0 0 0 0 0 0 0 0 0 0 0 0 0 2.604900632e-59 0 0 0 0 0 0 3.649904057e-37 8.382261635e-60 0 0 0 0 3.124527546e-36 0 0 0 0 0 0 0 0 0 0 0 3.445474563e-57 0 0 4.216847895e-45 3.843762641e-69 0 0 1.844194909e-57 0 0 0 0 1.939741088e-38 0 0 0 0 0 0 0 0 0 0 0 0 0 0 0 0 0 0 0 0 0 0 0 0 0 0 0 0 0 0 0 0 0 0 0 0 0 0 0 0 0 0 0 0 0 0 0 0 0 0 0 0 0 0 0 0 0 0 0 0 0 0 0 0 0 0 0 0 0 0 0 0 0 0 0 0 0 0 0 0 0 0 0 0 0 0 0 0 
0 0 0 0 0 0 0 0 0 0 0 0 0 0 0 0 0 0 0 0 0 0 0 0 0 0 0 0 0 0 0 0 0 0 0 0 0 0 0 0 0 0 0 0 0 0 0 0 0 0 0 0 0 0 0 0 0 0 0 0 0 0 0 0 0 0 0 0 0 0 0 0 0 0 0 0 0 0 0 0 0 0 0 0 0 0 0 0 0 0 0 0 1.054577229e-68 0 0 1.097453673e-73 0 0 0 0 0 0 0 0 0 0 0 1.927002949e-57 0 7.496367449e-22 4.916200797e-50 0 0 4.901672817e-18 0 0 4.954635415e-66 0 3.485983015e-36 3.947253084e-48 0 3.550671089e-58 4.396652401e-74 0 0 5.740398125e-77 1.820574837e-58 4.723663762e-41 0 0 7.069050914e-35 2.494910104e-72 5.560108847e-20 1.048128732e-29 0 1.084289952e-60 0 1.688310025e-53 0 0 0 0 4.942123139e-71 0 0 0 0 0 0 0 0 3.38587578e-22 0 0 0 3.423087099e-43 0 0 0 0 0 0 0 0 0 0 0 0 0 0 0 0 0 0 0 0 0 0 0 0 0 0 0 0 0 0 0 0 0 0 0 0 0 0 0 0 0 0 0 0 0 0 0 0 0 0 0 0 0 0 0 0 0 0 0 0 0 0 0 0 0 0 0 0 0 0 0 0 0 0 0 0 0 0 0 0 0 0 0 0 0 0 0 0 0 0 0 0 0 0 0 0 0 0 0 0 
0 0 0 0 0 0 0 0 0 0 0 0 0 0 0 0 0 0 0 0 0 0 0 0 0 0 0 0 0 0 0 0 0 0 0 0 0 0 0 0 0 0 0 0 0 0 0 0 0 0 0 0 0 0 0 0 0 0 0 0 0 0 0 0 0 0 0 0 0 0 0 0 0 0 0 0 0 0 0 0 0 0 0 0 0 0 0 0 0 0 0 0 2.227762512e-26 2.225270339e-76 0 2.147358833e-62 0 0 0 1.873888858e-36 0 0 2.307078865e-28 2.653388464e-31 1.899422607e-42 1.569473327e-45 3.460896524e-61 1.338916078e-32 0 0 7.801643962e-53 0 3.197393625e-56 0 0 0 0 2.971952098e-20 0 0 0 0 0 5.630547301e-35 0 0 0 0 0 0 0 0 0 0 0 0 0 0 0 0 3.876125603e-63 0 1.963237913e-45 0 0 2.638811022e-54 0 0 0 3.729043581e-15 0 0 0 4.900230462e-40 0 0 0 0 0 2.438272021e-70 0 1.397848969e-62 0 0 0 0 0 0 0 0 0 0 0 0 0 0 0 0 0 0 0 0 0 0 0 0 0 0 0 0 0 0 0 0 0 0 0 0 0 0 0 0 0 0 0 0 0 0 0 0 0 0 0 0 0 0 0 0 0 0 0 0 0 0 0 0 0 0 0 0 0 0 0 0 0 0 0 0 0 0 0 0 0 0 0 0 0 0 0 0 0 0 0 0 0 0 
0 0 0 0 0 0 0 0 0 0 0 0 0 0 0 0 0 0 0 0 0 0 0 0 0 0 0 0 0 0 0 0 0 0 0 0 0 0 0 0 0 0 0 0 0 0 0 0 0 0 0 0 0 0 0 0 0 0 0 0 0 0 0 0 0 0 0 0 0 0 0 0 0 0 0 0 0 0 0 0 0 0 0 0 0 0 0 0 0 0 0 0 0 0 0 0 0 0 1.511094681e-35 1.877028959e-31 0 0 6.666670951e-40 2.104149258e-66 0 0 0 4.06647539e-15 0 1.142341022e-36 0 1.736208265e-07 1.419806709e-20 2.948113782e-44 6.350873393e-68 0 4.648288234e-36 2.751260144e-59 2.78272724e-40 2.795534249e-29 0 0 0 0 4.567312343e-39 0 1.287139428e-20 0 2.083618728e-42 0 0 0 7.486015715e-18 0 1.103430362e-62 1.585537582e-31 0 1.244089454e-60 0 1.748518998e-29 0 0 0 0 6.320508531e-25 4.018030313e-45 0 4.893309144e-31 0 0 0 2.704432394e-22 2.379606474e-61 1.428644433e-35 0 0 1.45420738e-64 2.085767032e-48 0 0 1.797949234e-75 1.368600199e-76 0 1.626121065e-53 0 0 0 0 0 0 0 0 0 0 0 0 0 0 0 0 0 0 0 0 0 0 0 0 0 0 0 0 0 0 0 0 0 0 0 0 0 0 0 0 0 0 0 0 0 0 0 0 0 0 0 0 0 0 0 0 0 0 0 0 0 0 0 0 0 0 0 0 0 0 0 0 0 0 0 0 0 0 0 0 0 0 0 0 0 0 0 0 0 0 0 0 
0 0 0 0 0 0 0 0 0 0 0 0 0 0 0 0 0 0 0 0 0 0 0 0 0 0 0 0 0 0 0 0 0 0 0 0 0 0 0 0 0 0 0 0 0 0 0 0 0 0 0 0 0 0 0 0 0 0 0 0 0 0 0 0 0 0 0 0 0 0 0 0 0 0 0 0 0 0 0 0 0 0 0 0 0 0 0 0 0 0 0 0 0 0 0 0 0 0 7.25829376e-31 4.531460558e-33 0 0 0 0 7.014934862e-45 0 0 0 0 9.248587907e-15 9.632650897e-52 0 0 0 0 0 2.677206139e-52 8.400504901e-58 0 0 3.688526066e-26 0 0 0 0 0 0 0 0 0 0 0 0 1.269324408e-21 1.910451767e-36 1.066772996e-41 0 0 0 6.730286674e-18 1.016750651e-53 0 7.560994749e-20 4.840016558e-10 0 2.57250606e-41 0 0 0 0 0 0 0 0 0 5.921047649e-55 0 0 0 0 0 0 0 0 2.618232491e-41 0 0 0 0 0 0 0 0 0 0 0 0 0 0 0 0 0 0 0 0 0 0 0 0 0 0 0 0 0 0 0 0 0 0 0 0 0 0 0 0 0 0 0 0 0 0 0 0 0 0 0 0 0 0 0 0 0 0 0 0 0 0 0 0 0 0 0 0 0 0 0 0 0 0 0 0 0 0 0 0 0 0 0 0 0 0 0 0 0 0 0 
0 0 0 0 0 0 0 0 0 0 0 0 0 0 0 0 0 0 0 0 0 0 0 0 0 0 0 0 0 0 0 0 0 0 0 0 0 0 0 0 0 0 0 0 0 0 0 0 0 0 0 0 0 0 0 0 0 0 0 0 0 0 0 0 0 0 0 0 0 0 0 0 0 0 0 0 0 0 0 0 0 0 0 0 0 0 0 0 0 0 0 0 0 0 0 0 5.423837804e-34 0 0 0 0 0 1.707952459e-21 0 0 0 0 0 5.406793662e-54 8.865248662e-37 0 6.62279645e-54 1.30370246e-20 0 0 2.575422437e-46 0 0 2.00604059e-62 0 0 0 1.800428296e-58 1.235259362e-44 0 0 0 9.326984901e-61 1.105997005e-41 4.775664284e-27 2.855706194e-41 0 0 0 8.375763339e-14 0 3.542344449e-48 2.308961323e-55 0 0 0 0 0 1.099942505e-47 8.913135279e-38 0 6.28925369e-25 2.338423888e-11 0 0 0 2.450064241e-55 1.551243083e-39 0 0 0 0 0 0 0 0 7.26513553e-43 0 5.963150344e-65 0 0 0 0 0 0 0 0 0 0 0 0 0 0 0 0 0 0 0 0 0 0 0 0 0 0 0 0 0 0 0 0 0 0 0 0 0 0 0 0 0 0 0 0 0 0 0 0 0 0 0 0 0 0 0 0 0 0 0 0 0 0 0 0 0 0 0 0 0 0 0 0 0 0 0 0 0 0 0 0 0 0 0 0 0 0 0 0 0 0 0 0 
0 0 0 0 0 0 0 0 0 0 0 0 0 0 0 0 0 0 0 0 0 0 0 0 0 0 0 0 0 0 0 0 0 0 0 0 0 0 0 0 0 0 0 0 0 0 0 0 0 0 0 0 0 0 0 0 0 0 0 0 0 0 0 0 0 0 0 0 0 0 0 0 0 0 0 0 0 0 0 0 0 0 0 0 0 0 0 0 2.652098855e-18 4.125905438e-47 0 0 0 0 1.945186097e-57 0 2.619670488e-48 0 0 0 4.735955199e-11 0 0 0 2.419940196e-57 8.844884319e-15 0 8.438715406e-41 1.306094808e-36 0 0 6.612516487e-51 0 3.72937997e-25 0 0 0 0 4.107610358e-62 0 0 0 4.010500424e-53 1.709908239e-54 5.696980944e-20 0 2.497563905e-44 1.103098473e-62 0 0 0 2.86563261e-49 1.542617835e-08 1.166008706e-23 0 0 4.962252091e-56 0 4.107186755e-65 0 1.480696287e-48 1.717919027e-30 0 0 0 5.301557937e-57 2.951938392e-56 0 0 3.808267605e-49 0 0 5.684585506e-62 0 0 0 0 0 0 0 4.971080596e-50 0 5.849378588e-23 0 0 3.322949821e-25 0 0 0 0 0 0 0 0 0 0 0 0 0 0 0 0 0 0 0 0 0 0 0 0 0 0 0 0 0 0 0 0 0 0 0 0 0 0 0 0 0 0 0 0 0 0 0 0 0 0 0 0 0 0 0 0 0 0 0 0 0 0 0 0 0 0 0 0 0 0 0 0 0 0 0 0 0 0 0 0 0 0 0 0 0 0 0 0 0 0 
0 0 0 0 0 0 0 0 0 0 0 0 0 0 0 0 0 0 0 0 0 0 0 0 0 0 0 0 0 0 0 0 0 0 0 0 0 0 0 0 0 0 0 0 0 0 0 0 0 0 0 0 0 0 0 0 0 0 0 0 0 0 0 0 0 0 0 0 0 0 0 0 0 0 0 0 0 0 0 0 0 0 0 0 0 0 0 0 0 0 0 9.928285323e-34 0 0 0 0 4.296705599e-07 0 4.908657309e-54 0 8.078227703e-60 0 2.543374864e-24 0 0 6.704407683e-21 1.453403143e-55 2.289884568e-39 6.406674865e-55 1.241125039e-55 3.883034158e-22 0 0 1.014820323e-44 0 4.541972694e-56 0 0 6.404742338e-27 1.134034015e-15 7.845220694e-15 0 0 0 2.207948209e-24 2.234347241e-23 1.561730185e-35 4.695566837e-66 0 8.669824021e-17 1.83664839e-62 6.988225536e-05 2.16307576e-51 0 9.160320012e-63 0 3.369195533e-46 4.905838317e-36 0 0 0 3.36331688e-40 0 0 7.688078097e-12 0 2.065425217e-11 0 1.815904982e-52 1.074639981e-34 0 2.334528251e-58 0 3.78175134e-54 0 2.019280951e-26 1.191909564e-66 1.930362289e-24 2.102100212e-20 0 0 0 0 0 0 4.551397584e-39 0 0 0 0 0 0 0 0 0 0 0 0 0 0 0 0 0 0 0 0 0 0 0 0 0 0 0 0 0 0 0 0 0 0 0 0 0 0 0 0 0 0 0 0 0 0 0 0 0 0 0 0 0 0 0 0 0 0 0 0 0 0 0 0 0 0 0 0 0 0 0 0 0 0 0 0 0 0 0 0 0 0 0 0 0 0 0 0 0 0 
0 0 0 0 0 0 0 0 0 0 0 0 0 0 0 0 0 0 0 0 0 0 0 0 0 0 0 0 0 0 0 0 0 0 0 0 0 0 0 0 0 0 0 0 0 0 0 0 0 0 0 0 0 0 0 0 0 0 0 0 0 0 0 0 0 0 0 0 0 0 0 0 0 0 0 0 0 0 0 0 0 0 0 0 0 0 0 0 0 0 0 0 0 0 0 0 0 2.956681224e-68 0 0 6.613870702e-34 3.476065328e-17 5.145630102e-26 5.371350914e-23 0 3.57745688e-34 0 2.329246893e-56 8.402295851e-17 0 0 2.596167316e-49 0 1.501792654e-13 0 0 3.54197538e-26 8.539103885e-26 4.979723284e-50 9.054112849e-10 4.268534096e-45 0 0 4.585633957e-57 0 1.781602105e-23 6.701659889e-32 0 0 0 2.844720043e-28 1.78825134e-44 0 7.745913712e-20 9.796480635e-18 1.66227827e-46 0 0 2.829877102e-52 1.175962377e-59 4.307746853e-50 0 1.377566412e-15 2.278945476e-60 7.892458973e-53 0 0 0 0 0 3.822384398e-16 1.610708448e-16 0 3.181090317e-52 0 0 0 0 1.179558714e-63 5.658199557e-39 1.287685976e-30 4.062882416e-62 0 0 0 9.612926359e-57 0 0 0 0 0 0 0 0 0 0 0 0 0 0 0 0 0 0 0 0 0 0 0 0 0 0 0 0 0 0 0 0 0 0 0 0 0 0 0 0 0 0 0 0 0 0 0 0 0 0 0 0 0 0 0 0 0 0 0 0 0 0 0 0 0 0 0 0 0 0 0 0 0 0 0 0 0 0 0 0 0 0 0 0 0 0 0 0 0 0 
0 0 0 0 0 0 0 0 0 0 0 0 0 0 0 0 0 0 0 0 0 0 0 0 0 0 0 0 0 0 0 0 0 0 0 0 0 0 0 0 0 0 0 0 0 0 0 0 0 0 0 0 0 0 0 0 0 0 0 0 0 0 0 0 0 0 0 0 0 0 0 0 0 0 0 0 0 0 0 0 0 0 0 0 0 0 0 0 0 0 2.041312147e-26 7.832605315e-67 0.0003463830916 0 5.850530419e-09 1.086748439e-24 5.365321672e-37 2.348993482e-17 8.33782518e-48 1.919105236e-57 0 3.597637731e-39 1.180842364e-20 3.326305065e-50 0 0.005097747241 3.102150867e-09 5.506782477e-07 0 1.334734671e-34 4.448654069e-22 0 0 1.882041295e-53 5.680241473e-43 0 0 1.049592895e-22 6.500795269e-61 2.190238475e-41 0 3.103613169e-26 6.765470109e-62 0 2.050923595e-54 0 0 7.534198387e-11 0 1.095583939e-46 1.590703705e-63 4.032776845e-58 1.38634437e-63 5.058831149e-08 0 0 0 8.246502395e-39 0 6.355801377e-06 6.806528068e-12 5.126402433e-64 5.900397001e-10 0 8.831388231e-32 0 0 2.233258396e-11 0 3.079409406e-35 0 0 0 7.837899395e-49 1.615471847e-29 3.826989524e-19 0 3.901251734e-10 0.0004855807666 0 1.041317511e-10 9.967535535e-32 0 0 0 4.936171713e-61 0 0 0 0 0 0 0 0 0 0 0 0 0 0 0 0 0 0 0 0 0 0 0 0 0 0 0 0 0 0 0 0 0 0 0 0 0 0 0 0 0 0 0 0 0 0 0 0 0 0 0 0 0 0 0 0 0 0 0 0 0 0 0 0 0 0 0 0 0 0 0 0 0 0 0 0 0 0 0 0 0 0 0 0 0 0 0 0 0 0 
0 0 0 0 0 0 0 0 0 0 0 0 0 0 0 0 0 0 0 0 0 0 0 0 0 0 0 0 0 0 0 0 0 0 0 0 0 0 0 0 0 0 0 0 0 0 0 0 0 0 0 0 0 0 0 0 0 0 0 0 0 0 0 0 0 0 0 0 0 0 0 0 0 0 0 0 0 0 0 0 0 0 0 0 0 0 0 0 0 0 0 0 1.141097073e-52 2.978254026e-37 0 0 0 0 0 2.034385563e-23 0 6.157015508e-52 0 0 5.475685574e-05 0 0 0 0 1.543172656e-40 0.005167743003 3.546839882e-16 0 2.166919309e-13 3.241813889e-33 6.893307625e-44 0 2.71201427e-38 6.230948073e-16 4.216605408e-36 1.941889496e-58 1.585231493e-22 3.448323825e-20 6.255423818e-05 2.132388141e-26 1.534062999e-08 0 3.576637208e-32 2.064593103e-28 3.731817291e-35 2.567850959e-18 0 1.798278185e-44 0 1.910972379e-19 0 0.000196113595 0 2.902917086e-49 6.319889915e-64 8.395738228e-14 6.901237346e-54 2.958751671e-32 2.538875743e-46 0 1.672472346e-12 0 9.303944813e-40 0 1.900153658e-44 0 0 8.295213677e-10 2.392230867e-57 1.704720525e-19 0 1.277172361e-43 1.159951355e-44 0 1.893974812e-38 8.242553045e-30 0 0 0 0 4.181052467e-33 0 0 0 0 0 0 0 0 0 0 0 0 0 0 0 0 0 0 0 0 0 0 0 0 0 0 0 0 0 0 0 0 0 0 0 0 0 0 0 0 0 0 0 0 0 0 0 0 0 0 0 0 0 0 0 0 0 0 0 0 0 0 0 0 0 0 0 0 0 0 0 0 0 0 0 0 0 0 0 0 0 0 0 0 0 0 0 0 0 0 
0 0 0 0 0 0 0 0 0 0 0 0 0 0 0 0 0 0 0 0 0 0 0 0 0 0 0 0 0 0 0 0 0 0 0 0 0 0 0 0 0 0 0 0 0 0 0 0 0 0 0 0 0 0 0 0 0 0 0 0 0 0 0 0 0 0 0 0 0 0 0 0 0 0 0 0 0 0 0 0 0 0 0 0 0 0 0 0 0 0 0 1.680077358e-13 0 0 2.927608707e-28 7.344011828e-39 2.414157556e-09 0 1.54209193e-25 2.756119106e-45 1.668373297e-08 9.548748048e-10 1.235373551e-53 5.101812438e-19 0 0 3.272652842e-40 2.13145307e-58 0 3.458989256e-19 2.546049586e-30 0 6.870120523e-37 0 0 2.185760024e-68 0 0 0 4.315510638e-15 5.901599793e-11 1.743889657e-06 0 9.862165846e-08 0 4.001126876e-53 0.0001703595027 1.209081228e-53 4.357483483e-06 1.805645369e-55 0 0 2.592878392e-24 0 1.42897806e-14 0 5.464529054e-66 1.001327171e-61 2.455320773e-66 0 0 1.312535985e-28 2.594960851e-20 3.325757764e-11 0 0 9.554578923e-52 4.854459612e-39 0 2.182586589e-49 0 0.0001468381099 0 1.590575636 1.81985115e-56 0 0 0 8.58213872e-17 1.767481959e-52 1.465730914e-16 3.500938809e-36 1.716458392e-39 0 4.387916739e-25 1.634225844e-68 1.96693659e-54 0 0 0 0 0 0 0 0 0 0 0 0 0 0 0 0 0 0 0 0 0 0 0 0 0 0 0 0 0 0 0 0 0 0 0 0 0 0 0 0 0 0 0 0 0 0 0 0 0 0 0 0 0 0 0 0 0 0 0 0 0 0 0 0 0 0 0 0 0 0 0 0 0 0 0 0 0 0 0 0 0 0 0 0 0 0 0 0 0 
0 0 0 0 0 0 0 0 0 0 0 0 0 0 0 0 0 0 0 0 0 0 0 0 0 0 0 0 0 0 0 0 0 0 0 0 0 0 0 0 0 0 0 0 0 0 0 0 0 0 0 0 0 0 0 0 0 0 0 0 0 0 0 0 0 0 0 0 0 0 0 0 0 0 0 0 0 0 0 0 0 0 0 0 0 0 0 0 0 0 0.003978891806 1.290940605e-18 0 0 1.756246572e-16 2.04953086e-15 0 0 3.132929777e-21 0.04949604267 1.198806189e-44 0 6.25988401e-34 0 2.082735998e-46 2.05638352e-23 1.26082831e-44 9.013050389e-53 0 2.126566189e-12 9.065164376e-67 0 0 5.886635856e-29 0 1.820565604e-13 0 157.205569 4.083343262e-22 1.436977295e-42 8.665138032e-38 0.08810973308 7.790170241e-42 8.519328523e-44 0 5.05759391e-50 4.64613447e-22 0 7.57226048e-42 3.486963053e-34 1.300238096e-23 4.48489679e-43 3.355509646e-40 2.464681933e-22 0.001311427246 16.12901129 0 1.730126556e-18 1.145170029e-58 0 9.462464078e-25 0 4.373275881e-07 6.506538495e-26 2.937074844e-65 6.072017312e-26 3.911562466e-23 0 0 0 0 8.967700062e-53 7.626219564e-22 3.876583916e-59 8.471100448 0 4.250597273e-12 0.00712533449 0 2.317614397e-36 0 0 9.871427567e-34 0 0 0 0 0 0 0 0 0 0 0 0 0 0 0 0 0 0 0 0 0 0 0 0 0 0 0 0 0 0 0 0 0 0 0 0 0 0 0 0 0 0 0 0 0 0 0 0 0 0 0 0 0 0 0 0 0 0 0 0 0 0 0 0 0 0 0 0 0 0 0 0 0 0 0 0 0 0 0 0 0 0 0 0 0 0 0 0 0 0 0 0 0 
0 0 0 0 0 0 0 0 0 0 0 0 0 0 0 0 0 0 0 0 0 0 0 0 0 0 0 0 0 0 0 0 0 0 0 0 0 0 0 0 0 0 0 0 0 0 0 0 0 0 0 0 0 0 0 0 0 0 0 0 0 0 0 0 0 0 0 0 0 0 0 0 0 0 0 0 0 0 0 0 0 0 0 0 0 0 0 0 0 1.929073454e-35 0 0 9.785127058e-09 0 8.230369006e-17 0 8.626984177e-38 2.00938169e-56 8.049418205e-07 3.554683692e-43 4.578176312e-60 0.146160758 2.886881703e-32 6.752106837e-06 0 1.632215526e-11 5.756577226e-22 1.998628223e-37 0.004721130091 36.78601441 6.201143612e-54 0 0 0 6.922637589e-16 5.833534081e-50 3.27609967e-05 7.952081269e-49 7.041222533e-18 0 1.890869036e-30 1.267140051e-17 7.063969929e-45 3.228235381e-35 3.666721431e-33 2.675646459e-42 0 3.777651586e-28 0 7.832320835e-14 0 7.416103447e-28 1.935575638e-17 0 7.306076022e-27 9.371678793e-20 0 1.434202212e-07 0 2.146136033e-44 1.806342844e-54 2.335079904e-16 145.7544792 0 2.044281244e-60 2.99924193e-55 0 2.710428624e-20 1.088526733e-50 0 0 1.285587768e-39 0 0 0 1.190947538e-10 2.735226042e-47 4.309290315e-10 8.323197141e-19 4.748199789e-62 0 5.177954124e-19 6.279994701e-46 1.133198729e-68 2.787110412e-68 1.19443067e-24 4.273762462e-50 1.074613076e-65 0 0 0 0 0 0 0 0 0 0 0 0 0 0 0 0 0 0 0 0 0 0 0 0 0 0 0 0 0 0 0 0 0 0 0 0 0 0 0 0 0 0 0 0 0 0 0 0 0 0 0 0 0 0 0 0 0 0 0 0 0 0 0 0 0 0 0 0 0 0 0 0 0 0 0 0 0 0 0 0 0 0 0 0 0 0 0 0 
0 0 0 0 0 0 0 0 0 0 0 0 0 0 0 0 0 0 0 0 0 0 0 0 0 0 0 0 0 0 0 0 0 0 0 0 0 0 0 0 0 0 0 0 0 0 0 0 0 0 0 0 0 0 0 0 0 0 0 0 0 0 0 0 0 0 0 0 0 0 0 0 0 0 0 0 0 0 0 0 0 0 0 0 0 0 0 0 0 0 0 2.425947413e-39 0 1.725788693e-51 1.128117506e-45 6.950605893e-16 3.28224526e-62 0 0 5.246817771e-10 4.848588771e-06 0 1.032735239e-48 0 6.647215048e-26 2.039177681e-06 3.72217922e-18 0 4.479728049e-46 1.163858081e-47 0 0 4.806760248e-27 0 4.8227291e-13 1.951718084e-06 0.01115739315 6.308753837e-05 2.267331716e-36 3.659028678e-28 1.575229724e-05 1.063025498e-43 2.984560458e-06 4.92250609e-27 8.188979746e-24 7.731008265e-09 0 0 0 0 2.042857651e-22 0 8.665993343e-24 7.437518287e-43 1.597800043e-42 0 2.67623774e-08 2.216561159e-65 0 0.006133348119 4.083390438e-40 5.202689258e-12 2.38286217e-25 1.074683296e-47 3.015182858e-07 4.001613781e-21 0 0 6.501962968e-42 3.953118327e-49 4.343172453e-56 0 3.264955411e-34 3.24015186e-25 0.00119687908 1.81007982e-51 3.353039963e-28 0.3363437887 2.02193266e-18 8.77665167e-50 1.217143338e-17 0 1.242582803e-05 4.689659714e-08 0 0 0 0 0 0 0 0 0 0 0 0 0 0 0 0 0 0 0 0 0 0 0 0 0 0 0 0 0 0 0 0 0 0 0 0 0 0 0 0 0 0 0 0 0 0 0 0 0 0 0 0 0 0 0 0 0 0 0 0 0 0 0 0 0 0 0 0 0 0 0 0 0 0 0 0 0 0 0 0 0 0 0 0 0 0 0 0 0 0 0 0 
0 0 0 0 0 0 0 0 0 0 0 0 0 0 0 0 0 0 0 0 0 0 0 0 0 0 0 0 0 0 0 0 0 0 0 0 0 0 0 0 0 0 0 0 0 0 0 0 0 0 0 0 0 0 0 0 0 0 0 0 0 0 0 0 0 0 0 0 0 0 0 0 0 0 0 0 0 0 0 0 0 0 0 0 0 0 0 0 1.032009881e-29 9.345917005e-33 0 0 69.33913092 3.410250668e-14 0 2.026049417e-14 0 4.316284153e-34 6.86629227e-19 4.104196271e-23 9.577047888e-07 5.135847993e-15 1.14581064e-16 1.018894497e-47 1.037826424e-56 5.386081357e-05 0 0 2.577803209e-22 6.339076725e-58 0.001220931889 0.2598114051 0 2.665828676 4.990228427e-10 3.742953484e-24 0 184.5694544 1.478668709e-36 2.088236527e-30 0.03439876247 1.438656853e-39 7.001153856e-06 0.05475542316 0 2.945589869e-37 0.001180900555 5.840220602e-33 3.971574113e-45 0 6.554328379e-05 9.901179501e-54 0 2.74431853e-10 0 0 0 0 244.3722285 0 0 0.5561551448 7.004139226e-13 0 0 0 0 162.4675733 0 0 2.151892001e-07 4.846542529e-51 0.1560753427 0.002727627722 1.48161975e-48 7.277653515e-61 0.0001356163723 0 4.981302232e-15 2.154949656e-60 0 0 0 4.004454517e-29 5.789459514e-47 0 0 0 0 0 0 0 0 0 0 0 0 0 0 0 0 0 0 0 0 0 0 0 0 0 0 0 0 0 0 0 0 0 0 0 0 0 0 0 0 0 0 0 0 0 0 0 0 0 0 0 0 0 0 0 0 0 0 0 0 0 0 0 0 0 0 0 0 0 0 0 0 0 0 0 0 0 0 0 0 0 0 0 0 0 0 0 0 0 0 0 
0 0 0 0 0 0 0 0 0 0 0 0 0 0 0 0 0 0 0 0 0 0 0 0 0 0 0 0 0 0 0 0 0 0 0 0 0 0 0 0 0 0 0 0 0 0 0 0 0 0 0 0 0 0 0 0 0 0 0 0 0 0 0 0 0 0 0 0 0 0 0 0 0 0 0 0 0 0 0 0 0 0 0 0 0 0 0 0 0 5.949598009e-58 0 0 5.047713471e-60 0 0 0 164.9271161 8.908342115e-13 1.820001834e-20 1.099588343e-05 5.979027953e-16 4.323891403e-51 5.167994946e-53 1.366793117e-61 1.342893266e-42 3.843602558e-41 7.232682913e-41 8.659213083e-46 7.760455182e-16 0 3.477645757e-10 0.005306028177 8.063088804e-41 2.931691445e-33 2.859097412e-51 1.43077253e-36 0 0 0 1.250102483e-37 1.237185413e-37 1.036200512e-55 3.379043122e-11 0.01885136686 0 0 0 0 0 0.321365472 2.270251654e-25 3.483529902e-16 0 0 2.048278668e-13 0 8.357000307e-16 0 0 1.386982784e-24 3.404421613e-39 0 6.606359806e-13 0 9.672530658e-33 0 2.785338416e-08 0 5.167401646e-60 367.0088009 0 0 3.120644529e-17 4.60844268e-16 9.810446171e-34 0 0 0.4510024206 2.491761863e-56 1.396312388e-36 9.182789734e-45 2.970588937e-62 9.510976953e-10 0 0 5.055862759e-58 0 3.499353757e-60 0 0 0 0 0 0 0 0 0 0 0 0 0 0 0 0 0 0 0 0 0 0 0 0 0 0 0 0 0 0 0 0 0 0 0 0 0 0 0 0 0 0 0 0 0 0 0 0 0 0 0 0 0 0 0 0 0 0 0 0 0 0 0 0 0 0 0 0 0 0 0 0 0 0 0 0 0 0 0 0 0 0 0 0 0 0 0 0 
0 0 0 0 0 0 0 0 0 0 0 0 0 0 0 0 0 0 0 0 0 0 0 0 0 0 0 0 0 0 0 0 0 0 0 0 0 0 0 0 0 0 0 0 0 0 0 0 0 0 0 0 0 0 0 0 0 0 0 0 0 0 0 0 0 0 0 0 0 0 0 0 0 0 0 0 0 0 0 0 0 0 0 0 0 0 0 0 0 0 0 0 0 0 0 5.194637122e-47 2.820218249e-31 6.679698457e-51 8.152232001e-13 0 0 0 3.736120665e-50 3.034863016e-12 2.668635618e-41 8.456290498e-41 1.365528088e-06 6.415446735e-07 0 3.361064328e-35 2.010112866e-56 0 1.858122655e-16 7.89098255e-09 4.477683667e-08 5.711888344e-40 1.613870254e-48 219.2080247 0 2.252054595e-05 21.60876447 323.3330481 22.84482008 4.266780298e-43 0.07499645161 0 4.415346247e-40 8.723140136e-13 1.372895833e-07 0 2.606098044e-08 2.962594436e-35 0 0.0003606995342 0 9.3096055e-12 3.857144503e-29 1.956719246e-64 0 4.133848382e-25 2.924128074e-10 0 1.489568514e-57 21.74383294 3.759644502e-14 0 7.657293383e-10 5.100255714e-16 1.582742393e-63 1.400468798e-07 312.15716 0 0 0 1.794764144e-14 0 1.300586111e-12 3.779792484 5.19857155e-68 5.237143804e-23 5.298096647e-56 0.01727943616 2.742004923e-23 1.386851638e-06 0 0 1.937878925e-53 5.750958513e-29 0 0 0 0 0 0 0 0 0 0 0 0 0 0 0 0 0 0 0 0 0 0 0 0 0 0 0 0 0 0 0 0 0 0 0 0 0 0 0 0 0 0 0 0 0 0 0 0 0 0 0 0 0 0 0 0 0 0 0 0 0 0 0 0 0 0 0 0 0 0 0 0 0 0 0 0 0 0 0 0 0 0 0 0 0 0 0 0 
0 0 0 0 0 0 0 0 0 0 0 0 0 0 0 0 0 0 0 0 0 0 0 0 0 0 0 0 0 0 0 0 0 0 0 0 0 0 0 0 0 0 0 0 0 0 0 0 0 0 0 0 0 0 0 0 0 0 0 0 0 0 0 0 0 0 0 0 0 0 0 0 0 0 0 0 0 0 0 0 0 0 0 0 0 0 0 0 0 12.09839466 1.345060059e-34 0 0 9.537869701e-21 0 0 2.901688115e-07 3.733000545e-43 0 5.512594943e-39 193.4904162 0 0 0 0 1.287498283e-66 0 0 418.4705538 3.815244093e-48 9.175792317e-21 159.4712217 562.2535778 0 853.4681471 0 1.80803986e-53 0 0 0 1.278082363e-47 930.1853964 0 3.472941933e-36 22.34796456 0 9.748761927e-34 0 0 3.707541497e-58 6.331999008e-06 1.675285045e-44 7.57457791e-29 2.572160264e-25 0 4.501494906e-49 9.168139337e-36 3.321509639 1.703140014e-09 3.173103755e-06 1.286424441e-18 0 9.866075034e-54 5.35526847e-54 0 8.793944314e-29 1.323659634e-26 0.0005794489047 0 0 3.740846982e-53 9.423571107e-33 9.524588633e-21 4.090055028e-37 0 0 35.27707075 2.071449418e-15 1.150028931e-38 2.534996536e-31 3.146736102e-29 0 0 0 4.092498631 0 0 4.934972969e-34 0 0 0 0 0 0 0 0 0 0 0 0 0 0 0 0 0 0 0 0 0 0 0 0 0 0 0 0 0 0 0 0 0 0 0 0 0 0 0 0 0 0 0 0 0 0 0 0 0 0 0 0 0 0 0 0 0 0 0 0 0 0 0 0 0 0 0 0 0 0 0 0 0 0 0 0 0 0 0 0 0 0 0 0 0 0 0 0 
0 0 0 0 0 0 0 0 0 0 0 0 0 0 0 0 0 0 0 0 0 0 0 0 0 0 0 0 0 0 0 0 0 0 0 0 0 0 0 0 0 0 0 0 0 0 0 0 0 0 0 0 0 0 0 0 0 0 0 0 0 0 0 0 0 0 0 0 0 0 0 0 0 0 0 0 0 0 0 0 0 0 0 0 0 0 0 0 0 0 0 2.402540812e-32 0 1.064923201e-28 0 0 0 0.0001560732841 3.610530986e-36 1.424876123 5.103846843e-35 0.01154006243 0 0 0.4446834871 8.775746513e-35 0 563.2741526 0.06794273009 4.296300624e-21 645.6041577 1.021312248e-10 0 0 1.39116182e-32 2.181053101e-57 5.22727707e-43 8.288085463e-29 2.101172241 534.9814147 4.73700612e-27 9.986034502e-27 1.584539342e-27 4.798266473e-20 241.7152597 0 6.162422769e-07 0 261.5716751 2.097855869e-50 0.002396316125 1.08060177e-52 1440.423122 5.040140156e-07 552.1026524 1.394919847e-26 1220.628504 0.01545004964 8.774566415e-44 4.756130431 6.764039537e-58 0 0 39.58808706 9.392349401e-09 5.017129812e-12 0 1.408857526e-40 712.1646878 8.001673372e-58 9.296677147e-13 6.590418668 0.0001845868991 0 0 2.292830707e-44 2.425089151e-24 5.729759624e-24 6.279737785e-24 0.005934549954 3.092940783e-47 0 1.693772858e-13 0 0 9.027300508e-40 0 0 0 0 0 0 0 0 0 0 0 0 0 0 0 0 0 0 0 0 0 0 0 0 0 0 0 0 0 0 0 0 0 0 0 0 0 0 0 0 0 0 0 0 0 0 0 0 0 0 0 0 0 0 0 0 0 0 0 0 0 0 0 0 0 0 0 0 0 0 0 0 0 0 0 0 0 0 0 0 0 0 0 0 0 0 0 0 0 0 
0 0 0 0 0 0 0 0 0 0 0 0 0 0 0 0 0 0 0 0 0 0 0 0 0 0 0 0 0 0 0 0 0 0 0 0 0 0 0 0 0 0 0 0 0 0 0 0 0 0 0 0 0 0 0 0 0 0 0 0 0 0 0 0 0 0 0 0 0 0 0 0 0 0 0 0 0 0 0 0 0 0 0 0 0 0 0 0 8.096222467e-32 0 0 9.873172278e-09 9.202876699e-27 0 0 77.92428254 1.918110493e-27 0 1.556560903e-07 5.672088304e-42 1.128663528e-44 7.038521792 0.0599078018 0 1.419651889e-59 0.08460101647 3.981884608e-27 6.237884279e-15 0 0 297.8844935 0.01662497897 2.579150487e-30 2.624943718 2.241980164e-33 2.556738491e-12 5.678646312e-44 914.2004618 1.085843975e-24 56.23277218 5.330591058e-29 0 5.395876122e-09 0 0 994.6351861 2.19397289e-23 2.882590308e-19 1.224193692e-44 5.704702184e-20 2.492744478e-25 1.166101106e-40 0 1.654339975e-22 0 1.271321441e-18 0 3.794990985 0 4.553834101e-06 0 2.807957846e-10 5.135255237e-30 0 1.310025716 1416.790774 7.597363344e-58 2.363783348e-09 21.37940388 1.099541292e-14 287.22559 0.9139456565 1.005974863e-35 392.7954965 0 2.485563319e-18 203.8246462 1.849829291e-40 0 251.6849082 3.839883981e-56 0 101.8493775 0 14.93246264 0 0 4.094731961e-15 0 0 0 0 0 0 0 0 0 0 0 0 0 0 0 0 0 0 0 0 0 0 0 0 0 0 0 0 0 0 0 0 0 0 0 0 0 0 0 0 0 0 0 0 0 0 0 0 0 0 0 0 0 0 0 0 0 0 0 0 0 0 0 0 0 0 0 0 0 0 0 0 0 0 0 0 0 0 0 0 0 0 0 0 0 0 0 0 
0 0 0 0 0 0 0 0 0 0 0 0 0 0 0 0 0 0 0 0 0 0 0 0 0 0 0 0 0 0 0 0 0 0 0 0 0 0 0 0 0 0 0 0 0 0 0 0 0 0 0 0 0 0 0 0 0 0 0 0 0 0 0 0 0 0 0 0 0 0 0 0 0 0 0 0 0 0 0 0 0 0 0 0 0 0 0 0 6.354315583e-37 0 0 1.137104814e-34 0 1.600130642e-23 8.661299572e-10 2.197824456e-28 0 1.437218391e-18 4.508305497e-38 430.7494955 0 0 0 0 1.495908663e-34 7.045963834e-40 0 0.001670223916 636.8776536 8.258235647e-18 0 2.117959918e-05 2.961940536e-09 0 0 2.876887446e-06 0.0004285239557 1.533227003e-29 1.389987858e-49 27.63358388 6.525382017e-10 0.2474904626 9.594330504e-23 2.93199786e-34 1.744078233e-05 0 5.195253689e-53 1883.38192 0 6.241808092e-06 779.6485017 450.4614436 1.391516339e-58 0 5.556038528e-30 1.20319545e-26 0.08115093846 426.0274917 1681.996363 1.601297852e-18 4.409495062e-38 1.822466913e-11 2.543070149e-06 1.535254396e-34 0 74.0900917 670.2387158 1.561278477e-06 0.1695288356 0.0004985383711 1.909378666e-25 0 0 0 542.435562 2.174533109e-07 1.558092526e-38 0 0.004692917777 417.5124611 1.135898346e-06 5.731105024e-32 0.1472643097 0 0 0 0 0 0 0 0 0 0 0 0 0 0 0 0 0 0 0 0 0 0 0 0 0 0 0 0 0 0 0 0 0 0 0 0 0 0 0 0 0 0 0 0 0 0 0 0 0 0 0 0 0 0 0 0 0 0 0 0 0 0 0 0 0 0 0 0 0 0 0 0 0 0 0 0 0 0 0 0 0 0 0 0 0 0 0 0 0 0 0 0 0 
0 0 0 0 0 0 0 0 0 0 0 0 0 0 0 0 0 0 0 0 0 0 0 0 0 0 0 0 0 0 0 0 0 0 0 0 0 0 0 0 0 0 0 0 0 0 0 0 0 0 0 0 0 0 0 0 0 0 0 0 0 0 0 0 0 0 0 0 0 0 0 0 0 0 0 0 0 0 0 0 0 0 0 0 0 0 0 0 0.002931801504 0 0 4.778168415e-39 0 3.72656592e-48 0 0 8.41213441e-30 1.103252448e-43 0 1.626555094e-35 1.284127139e-49 6.874005515 6.206257896e-30 34.69305463 0 0 4.967513875e-23 9.954003702e-27 1.490390372e-17 1.774803216e-34 2.060942407e-40 1.210330187e-28 0 6.106511397e-14 3.082934513e-13 3.792149789e-58 2.483332835e-30 0 0 3.780439539e-15 7.689780843e-09 1.597776203e-34 4.551054922e-35 2.409646502e-12 0 6.702604905e-07 6.841697771e-48 1.996370343e-05 1.418761265e-10 0 5.449267482e-31 1109.98786 4.010149189e-26 5.14607287e-20 0 8.444837772e-35 985.8134779 1.550295323e-22 0 0 2.875813914e-27 0 5.109460278e-56 1.168514349e-40 868.738934 0 0 0 4.363549385e-09 32.40561117 1.098737582e-31 0 1.525655379e-27 1.26843219e-10 1.116139669e-29 5.32273613e-08 0 0 8.52982162e-27 1.091954555e-06 227.6532089 61.57233982 1.139358225e-18 0 8.383903129e-22 0 0 0 1.060039064e-45 0 0 0 0 0 0 0 0 0 0 0 0 0 0 0 0 0 0 0 0 0 0 0 0 0 0 0 0 0 0 0 0 0 0 0 0 0 0 0 0 0 0 0 0 0 0 0 0 0 0 0 0 0 0 0 0 0 0 0 0 0 0 0 0 0 0 0 0 0 0 0 0 0 0 0 0 0 0 0 0 0 0 0 0 0 0 0 
0 0 0 0 0 0 0 0 0 0 0 0 0 0 0 0 0 0 0 0 0 0 0 0 0 0 0 0 0 0 0 0 0 0 0 0 0 0 0 0 0 0 0 0 0 0 0 0 0 0 0 0 0 0 0 0 0 0 0 0 0 0 0 0 0 0 0 0 0 0 0 0 0 0 0 0 0 0 0 0 0 0 0 0 0 0 0 0 0 0 0 3.358266953e-06 0 245.7431288 1.849821818e-30 0 0 1184.054354 2.391690143e-46 1.512878533e-42 0 1.448258289e-35 2.425030086e-08 0 0 0 1594.921795 1.27302952 6.520267794e-44 0 961.7876238 0 0 6.052692917e-10 0 1674.048011 0 0 0.008964973205 0 2.176383147e-14 1.011104665e-31 0 0 2.551748467e-26 986.0356409 0 4.896040001e-09 47.63242383 7.434922326e-55 0 4.596524292e-33 0 1.478635822e-44 2.219491751e-07 476.8363902 3264.759729 7.914998495e-25 1.333075288e-14 1246.747913 401.4205043 0 1.09093038e-06 5.078488272e-58 3.684998881e-09 2.838642866e-32 1.591159973e-38 1.68266768e-26 0 74.31993977 6.193331135e-38 2.448778921e-09 0 0 2.508018192e-50 166.7013511 2.67580602e-56 1.639356044e-16 0 0 0 0.0001614256124 0 3.387348895e-32 3.898500821e-27 0 0 0 0 0 0 0 0 0 0 0 0 0 0 0 0 0 0 0 0 0 0 0 0 0 0 0 0 0 0 0 0 0 0 0 0 0 0 0 0 0 0 0 0 0 0 0 0 0 0 0 0 0 0 0 0 0 0 0 0 0 0 0 0 0 0 0 0 0 0 0 0 0 0 0 0 0 0 0 0 0 0 0 0 0 0 0 0 0 0 0 
0 0 0 0 0 0 0 0 0 0 0 0 0 0 0 0 0 0 0 0 0 0 0 0 0 0 0 0 0 0 0 0 0 0 0 0 0 0 0 0 0 0 0 0 0 0 0 0 0 0 0 0 0 0 0 0 0 0 0 0 0 0 0 0 0 0 0 0 0 0 0 0 0 0 0 0 0 0 0 0 0 0 0 0 0 0 0 0 0 0 0 1.183003991e-20 1.270231976e-33 0 0 2.418684475e-33 2.033626529e-44 369.54073 1.163946648e-54 18.26085822 1.848035589e-14 0 150.9764449 1.454646339 154.7456804 9.858739739e-30 0 323.2663112 0 2.159688636e-14 821.1337302 73.90182887 1403.152277 9.530006094e-37 1.726593651e-41 0 0 230.1989808 2.011403347e-17 6.787281678e-56 2215.165687 0 3624.510831 6.653371374e-16 8.025354415e-07 1.223624644e-06 1119.321186 2034.912078 2467.983561 5.493089712e-47 3153.268947 1.659492549e-21 0 1.055291298e-39 1.949927753e-47 1.234617824e-18 0 0 125.9225677 2.779332866e-14 6.226549936e-45 0.002354210936 3.439509731e-31 0.0004309929936 452.6040356 5.496728379e-47 2.855955302e-06 0.0001908541621 6.642196009e-08 1.432687479e-19 770.2377263 362.1607144 70.34984935 0.0001476349071 0 1.617114277e-05 0 1.763125217e-05 0.01829264248 94.86794082 487.0701161 0 1.150531465e-10 0 4.401247361e-51 0 0 0 0 0 0 0 0 0 0 0 0 0 0 0 0 0 0 0 0 0 0 0 0 0 0 0 0 0 0 0 0 0 0 0 0 0 0 0 0 0 0 0 0 0 0 0 0 0 0 0 0 0 0 0 0 0 0 0 0 0 0 0 0 0 0 0 0 0 0 0 0 0 0 0 0 0 0 0 0 0 0 0 0 0 0 0 0 0 0 0 
0 0 0 0 0 0 0 0 0 0 0 0 0 0 0 0 0 0 0 0 0 0 0 0 0 0 0 0 0 0 0 0 0 0 0 0 0 0 0 0 0 0 0 0 0 0 0 0 0 0 0 0 0 0 0 0 0 0 0 0 0 0 0 0 0 0 0 0 0 0 0 0 0 0 0 0 0 0 0 0 0 0 0 0 0 0 0 0 9.365127392e-48 0 3.490099158e-52 0 0 3.060943002e-11 3.369893752e-42 90.77315437 0 1.412589861e-08 1.830613826e-42 3.573362211e-17 1.074631154e-24 63.705799 1.782595413e-35 0 0 665.2049865 2.00543573e-48 464.3835449 679.2302355 366.447277 757.5278242 4.374752e-40 2.158898067e-08 1.793751914e-18 2.403796972e-21 0 0 1.021901232e-32 2.967782625e-37 0 2.069671815e-48 3.912870911e-15 849.9286094 5.470765634e-07 1147.840564 50.62872721 0 1447.22707 0 0.0005760443052 1462.866819 0 0 1480.335239 3.453774994e-30 0 0 0 2.995796544e-17 0 773.4940895 57.12983178 0.0729596476 1186.499558 45.0437521 1.061424589e-16 0 0 1170.887397 2.413370182e-42 8.869565264e-44 7.643375028e-27 617.4139813 1.122466982e-40 1.867649366e-22 844.5369854 8.573599022e-26 121.8595355 629.3945909 1.381969556e-38 2.138800157e-14 1.141582377e-28 7.633864093e-33 0 0 0 0 0 0 0 0 0 0 0 0 0 0 0 0 0 0 0 0 0 0 0 0 0 0 0 0 0 0 0 0 0 0 0 0 0 0 0 0 0 0 0 0 0 0 0 0 0 0 0 0 0 0 0 0 0 0 0 0 0 0 0 0 0 0 0 0 0 0 0 0 0 0 0 0 0 0 0 0 0 0 0 0 0 0 0 0 0 0 0 0 0 
0 0 0 0 0 0 0 0 0 0 0 0 0 0 0 0 0 0 0 0 0 0 0 0 0 0 0 0 0 0 0 0 0 0 0 0 0 0 0 0 0 0 0 0 0 0 0 0 0 0 0 0 0 0 0 0 0 0 0 0 0 0 0 0 0 0 0 0 0 0 0 0 0 0 0 0 0 0 0 0 0 0 0 0 0 0 0 0 2.201295618e-36 26.42449789 0 0 0 0 0.0006972467431 4.344956e-11 149.7069902 3.758265473 2.054330968e-09 2.533686393e-25 2.789938995e-09 6.345895361e-15 6.648618085e-17 2.079061651e-13 1.443583505e-47 0 127.4245013 0.1637490217 1.353050696e-14 4.446004991e-23 1.538261759e-46 0 4.935048715e-08 1847.97333 218.4628409 381.3485775 0 850.7409063 0 536.6325354 6.04015199e-14 1486.709432 3.686281193e-21 9.207567532e-11 0.0002191105416 1202.631664 1.637424259e-23 2.045268445e-21 1101.898253 1.037437203e-27 0 0.007687921775 4.81941671e-20 1744.131423 9.072630802e-38 3.479257552e-15 1284.830686 1509.340356 3.860335343e-22 2964.682044 1520.035607 631.6885318 9.509429971e-17 895.7002528 0 1.274742692e-12 819.1759157 1432.920698 6.267464921e-42 1.383251538e-05 0.8396262795 3.436619701e-38 520.194382 636.6229407 4.2972544e-32 6.274969419e-18 0 435.1118055 2.49327856e-19 2.958527167e-08 9.0648445e-24 5.148725424 3.064580472e-10 4.369412531e-18 0 0 0 0 0 0 0 0 0 0 0 0 0 0 0 0 0 0 0 0 0 0 0 0 0 0 0 0 0 0 0 0 0 0 0 0 0 0 0 0 0 0 0 0 0 0 0 0 0 0 0 0 0 0 0 0 0 0 0 0 0 0 0 0 0 0 0 0 0 0 0 0 0 0 0 0 0 0 0 0 0 0 0 0 0 0 0 0 0 0 0 0 
0 0 0 0 0 0 0 0 0 0 0 0 0 0 0 0 0 0 0 0 0 0 0 0 0 0 0 0 0 0 0 0 0 0 0 0 0 0 0 0 0 0 0 0 0 0 0 0 0 0 0 0 0 0 0 0 0 0 0 0 0 0 0 0 0 0 0 0 0 0 0 0 0 0 0 0 0 0 0 0 0 0 0 0 0 0 0 0 1.207991946 0 4.233979592e-51 0 0 0 144.6872355 3.984776023e-12 1.216974443e-06 2.56831724e-30 433.3443428 0.0003147505285 0 0 18.96879118 561.5749224 1129.933546 3.015493072e-20 0 558.3733585 5.842364187e-28 1.813623241e-37 1470.82054 19.50002365 1.293550991e-40 0 1.348579572e-19 1.018304691e-09 712.6079076 2.405208662e-06 2519.200377 1.970797507e-12 3.534853219e-22 3921.597708 0 1.446194947e-11 2095.301388 3.354107812e-36 344.2015061 0 5.57316029e-10 8.910560714e-31 4.071258716e-24 2.482227408e-10 4.7703323e-38 1802.362913 0 1740.634484 2977.699197 2.780624397e-12 2071.8516 2.917830165e-35 5.159395552e-11 92.48384459 2737.870152 1699.27659 3.669715691e-42 4.327563046e-28 2.5597528e-28 3.252440165e-40 0 2.655652576e-26 0 6.440393677e-21 842.0332224 0 0 2.390034654e-14 1.657296497e-08 1.077557248e-08 5.305691753e-10 1.677214208 2.920051015e-53 1.389293471e-10 0 2.634818157e-07 230.6813776 1.785046826e-10 0 0 0 0 0 0 0 0 0 0 0 0 0 0 0 0 0 0 0 0 0 0 0 0 0 0 0 0 0 0 0 0 0 0 0 0 0 0 0 0 0 0 0 0 0 0 0 0 0 0 0 0 0 0 0 0 0 0 0 0 0 0 0 0 0 0 0 0 0 0 0 0 0 0 0 0 0 0 0 0 0 0 0 0 0 0 0 0 0 0 
0 0 0 0 0 0 0 0 0 0 0 0 0 0 0 0 0 0 0 0 0 0 0 0 0 0 0 0 0 0 0 0 0 0 0 0 0 0 0 0 0 0 0 0 0 0 0 0 0 0 0 0 0 0 0 0 0 0 0 0 0 0 0 0 0 0 0 0 0 0 0 0 0 0 0 0 0 0 0 0 0 0 0 0 0 0 0 0 0 0 7.759701618e-36 0 1.377264418e-25 1.511187494e-47 0 3.56843595 1.415086137e-27 3.413418686e-49 86.42564518 547.1614224 531.4615625 1.237519205e-21 4.256867872e-44 0 6.991173442e-16 851.2957124 0 5.252762175e-16 0.3932210834 0 9.321289037e-39 2.337782341e-29 1389.048097 35.92562503 4.496309683e-14 1542.450084 0.01054695326 2.086457955e-12 214.3356498 1869.871171 1.222996387 1134.223104 1486.291445 7.967716139e-17 2691.207806 0 1967.768464 1.02138781 0 474.4666208 6.619683423e-05 4.625107133e-28 3.385743267e-21 5.935069049e-16 2314.741575 0.001472558341 2.694862124e-06 0.004735850946 0 2843.966623 81.99596935 0 1628.382428 659.1630192 0 104.4700617 621.7197067 1085.731371 0.1094998597 1.059470504e-11 2.915740738e-36 6.913832524e-13 2.538407073e-40 0 640.7192619 2.022251302e-45 745.7986818 149.3329289 0 2.515049768e-10 1.65726274e-46 0 531.5939054 0 0 0 5.319388221e-37 0 0 0 0 0 0 0 0 0 0 0 0 0 0 0 0 0 0 0 0 0 0 0 0 0 0 0 0 0 0 0 0 0 0 0 0 0 0 0 0 0 0 0 0 0 0 0 0 0 0 0 0 0 0 0 0 0 0 0 0 0 0 0 0 0 0 0 0 0 0 0 0 0 0 0 0 0 0 0 0 0 0 0 0 0 0 0 0 0 
0 0 0 0 0 0 0 0 0 0 0 0 0 0 0 0 0 0 0 0 0 0 0 0 0 0 0 0 0 0 0 0 0 0 0 0 0 0 0 0 0 0 0 0 0 0 0 0 0 0 0 0 0 0 0 0 0 0 0 0 0 0 0 0 0 0 0 0 0 0 0 0 0 0 0 0 0 0 0 0 0 0 0 0 0 0 0 0 2.061969545e-37 0 7.250313703 0.0001697507247 7.483356785e-24 18.16721961 0 2.447195679e-30 0 564.4298357 6.964424954e-26 1.055143284e-48 0 1499.735541 666.7521931 5.256627832 6.62909655e-14 888.4907956 1.414704412e-44 4.104685664e-10 2247.529601 5.470495325e-12 774.2326541 615.8568212 2467.742239 1941.921123 919.4604953 0.02160600139 0.001837425239 2013.146874 1050.182617 0 2966.344258 1709.187605 0.0006048699613 5174.147461 4043.079312 7.747669061e-09 1.377350801e-16 0 3.344771585e-37 0.0002786474371 6.636014592e-25 595.9131099 1.68861129e-07 2263.996948 9.729855703e-11 5.176649362e-30 1.1761655e-09 3.133282751e-12 2892.411662 875.0445033 2702.961278 1590.797713 1318.829832 1341.405038 1.781564873e-33 1853.903137 0.1144952608 1378.727257 0 1.546823208e-33 9.40613895e-37 5.236847111 37.09955534 1.702137789e-17 0 2.480818111e-45 0 1.803454974e-20 1.653792624e-10 11.91095369 6.835045881e-34 2.211100693e-22 2.154751928e-17 0 130.8209065 2.860630865e-21 9.425867366e-08 0 0 0 0 0 0 0 0 0 0 0 0 0 0 0 0 0 0 0 0 0 0 0 0 0 0 0 0 0 0 0 0 0 0 0 0 0 0 0 0 0 0 0 0 0 0 0 0 0 0 0 0 0 0 0 0 0 0 0 0 0 0 0 0 0 0 0 0 0 0 0 0 0 0 0 0 0 0 0 0 0 0 0 0 0 0 0 0 0 
0 0 0 0 0 0 0 0 0 0 0 0 0 0 0 0 0 0 0 0 0 0 0 0 0 0 0 0 0 0 0 0 0 0 0 0 0 0 0 0 0 0 0 0 0 0 0 0 0 0 0 0 0 0 0 0 0 0 0 0 0 0 0 0 0 0 0 0 0 0 0 0 0 0 0 0 0 0 0 0 0 0 0 0 0 0 0 0 0 3.35264014e-17 1.68117438e-34 9.545081784e-27 0 294.0788084 1.210225352e-10 1.003329341e-37 0 624.6353751 1.118782745e-12 473.4458889 8.836458976e-09 0 7.265269576e-09 643.0935388 1.993750236e-14 2.390051561e-07 2.019533421e-13 35.01435556 1726.145799 3.936395669e-27 1.820825203e-12 3.372536931e-07 315.7106394 0.05795595827 0 7.002515214e-36 0 2384.724848 2.461525235e-21 222.7842254 0 1187.781342 0 1.083889501e-42 2.908585614e-05 0 3.979839879e-30 2.227395799e-20 6.38718776e-31 2380.033002 5.648506643e-07 8.409042343e-24 15.85296391 0.00148720893 3.969503703e-13 0 0 3.467370353e-19 670.4161258 6.606111197e-15 1.552889589e-47 2.648588025e-18 9.054545732e-07 5.758500139e-12 2084.892179 0.08882056943 2260.693899 5.67771158e-05 881.1963441 2.180311719e-19 0 9.28277917e-13 629.6404486 1012.604856 8.084481603e-50 2.029325379e-31 5.672342636e-19 43.84866148 543.8930861 11.70423799 516.1829469 0 0 0 9.600455883e-47 9.504036612e-27 0 0 0 0 0 0 0 0 0 0 0 0 0 0 0 0 0 0 0 0 0 0 0 0 0 0 0 0 0 0 0 0 0 0 0 0 0 0 0 0 0 0 0 0 0 0 0 0 0 0 0 0 0 0 0 0 0 0 0 0 0 0 0 0 0 0 0 0 0 0 0 0 0 0 0 0 0 0 0 0 0 0 0 0 0 0 0 0 0 0 
0 0 0 0 0 0 0 0 0 0 0 0 0 0 0 0 0 0 0 0 0 0 0 0 0 0 0 0 0 0 0 0 0 0 0 0 0 0 0 0 0 0 0 0 0 0 0 0 0 0 0 0 0 0 0 0 0 0 0 0 0 0 0 0 0 0 0 0 0 0 0 0 0 0 0 0 0 0 0 0 0 0 0 0 0 0 0 0 0 0 0 2.788184734e-17 0 0 0 1680.85618 3.677528351e-06 1.355617863e-05 1354.835317 6.810364319 132.0608771 6.563535897e-49 9.157866524e-19 0.003929967795 1.558357962e-39 1.641331706e-07 778.484792 2057.141757 1.0170659e-12 1388.951496 1304.037333 666.3145236 1799.728419 8.859530694e-10 1772.141899 0.1117279471 1646.279232 1.085536483e-12 1.628045134e-18 782.8467256 1644.269053 3.72649635e-15 3.909440406e-11 5.566522439e-35 0.106901361 3.360318538e-22 2449.3903 2838.920279 3747.439378 1.11753654e-13 2398.404518 1335.889046 317.5339093 1.39666136e-19 1421.933515 811.9947825 4608.579344 1.353747102e-09 3.88860226e-22 0.01782280961 5.523854892e-14 0.03554584222 4755.70084 1317.854414 2.561804385e-16 1.04420074e-13 6.347573167e-06 1328.387854 17.3327788 0.4295924111 0 1.295026844e-12 407.5154349 460.6429067 1112.35577 2.155301015e-10 0 286.5966432 579.1261152 372.7145898 456.9010876 0 0 6.712492376e-47 5.775452912e-15 123.3223366 0 0 0 0 0 0 0 0 0 0 0 0 0 0 0 0 0 0 0 0 0 0 0 0 0 0 0 0 0 0 0 0 0 0 0 0 0 0 0 0 0 0 0 0 0 0 0 0 0 0 0 0 0 0 0 0 0 0 0 0 0 0 0 0 0 0 0 0 0 0 0 0 0 0 0 0 0 0 0 0 0 0 0 0 0 0 0 0 0 0 
0 0 0 0 0 0 0 0 0 0 0 0 0 0 0 0 0 0 0 0 0 0 0 0 0 0 0 0 0 0 0 0 0 0 0 0 0 0 0 0 0 0 0 0 0 0 0 0 0 0 0 0 0 0 0 0 0 0 0 0 0 0 0 0 0 0 0 0 0 0 0 0 0 0 0 0 0 0 0 0 0 0 0 0 0 0 0 0 0 268.9096934 1.605833595e-14 8.936170316e-16 1.528117589 758.0954469 0 572.3272693 446.4668787 3.996144537e-19 633.7509561 2.270701252e-18 0.0005191208881 657.0240213 1113.365075 3.49546403e-07 1394.35811 1484.396994 0.06725234669 122.3526566 0 8.172412291e-26 1.096821362e-19 2288.469047 0.7635639388 1791.503306 1556.442817 3.323876805e-06 1.481458976e-05 8778.317701 1279.209983 1.425884534e-12 31.74939336 2688.493513 0.2180544792 2.453378932e-15 2194.684066 2383.075288 4.564679668e-16 3.554336242e-06 2746.910543 2855.969514 4.76541148e-08 2767.869511 4.123391472e-14 2703.641017 0 3748.348959 9.481440353e-09 4189.743658 3.140459029e-06 5.506246469e-22 6.370728266e-31 1565.933347 583.6459134 83.17417469 2603.054121 8.347794447e-17 10.64211994 1135.161472 1518.376149 4.433889613e-09 934.5295389 1134.027066 1200.568651 0 0 0.0122543231 578.7718849 7.862599777e-24 523.4580271 1.787218047e-12 0.0240645361 1.495606704e-11 9.905590307e-06 8.773759766e-25 0 0 0 0 0 0 0 0 0 0 0 0 0 0 0 0 0 0 0 0 0 0 0 0 0 0 0 0 0 0 0 0 0 0 0 0 0 0 0 0 0 0 0 0 0 0 0 0 0 0 0 0 0 0 0 0 0 0 0 0 0 0 0 0 0 0 0 0 0 0 0 0 0 0 0 0 0 0 0 0 0 0 0 0 0 0 0 0 0 0 0 0 
0 0 0 0 0 0 0 0 0 0 0 0 0 0 0 0 0 0 0 0 0 0 0 0 0 0 0 0 0 0 0 0 0 0 0 0 0 0 0 0 0 0 0 0 0 0 0 0 0 0 0 0 0 0 0 0 0 0 0 0 0 0 0 0 0 0 0 0 0 0 0 0 0 0 0 0 0 0 0 0 0 0 0 0 0 0 0 0 0 0 0 0 29.46554135 3.848739125 2.454440287e-38 3.546325789e-10 102.2896141 0.1124137821 0.001781121222 6.226402472e-19 2563.082983 1335.77641 1.273844616e-32 1112.111311 2.412434117e-18 685.1595898 0.0001710269524 1486.698247 1174.617817 6850.595981 8.985700983e-36 3979.468103 1.982368011e-38 0 1916.600168 431.1699637 1.231865592e-10 6970.940256 0.002277380695 2.003448685e-07 3.808343657e-26 1.079765261e-30 401.8601089 7.988762099e-23 1.05079947e-35 9.626183776e-08 4794.825276 511.7920407 1284.738418 2695.080845 1.176732078e-05 2349.65833 8594.415514 5089.651754 1167.705357 0.008136648516 6256.054329 1066.033599 381.1418099 861.0145406 1601.924531 3.902311012e-29 1615.66974 0.7172624041 1.007988821 8.555436333e-24 2.587321578 0.07513093363 1856.448209 4.701541027e-05 1.20348136e-07 4.319640464e-15 1.371433937e-24 982.5224862 629.3071296 1.394688754e-11 579.4403875 259.1762413 5.013492083e-23 29.97463665 124.2884806 7.041824334e-10 57.5003419 240.2343744 1.012578023 108.1347425 1.168206467e-24 0 0 0 0 0 0 0 0 0 0 0 0 0 0 0 0 0 0 0 0 0 0 0 0 0 0 0 0 0 0 0 0 0 0 0 0 0 0 0 0 0 0 0 0 0 0 0 0 0 0 0 0 0 0 0 0 0 0 0 0 0 0 0 0 0 0 0 0 0 0 0 0 0 0 0 0 0 0 0 0 0 0 0 0 0 0 0 0 0 
0 0 0 0 0 0 0 0 0 0 0 0 0 0 0 0 0 0 0 0 0 0 0 0 0 0 0 0 0 0 0 0 0 0 0 0 0 0 0 0 0 0 0 0 0 0 0 0 0 0 0 0 0 0 0 0 0 0 0 0 0 0 0 0 0 0 0 0 0 0 0 0 0 0 0 0 0 0 0 0 0 0 0 0 0 0 0 0 0 1.566536791e-18 2.215509375e-24 0 1.119472547e-27 762.1930281 3.493929501e-13 301.9495817 270.1173655 340.8218658 0 1.398796122e-21 23.41576247 526.564344 0.03600041016 1.562952425e-14 3.70734714e-05 0.04196699111 36.75048924 0.004319614554 2693.055265 0 6.970382306e-07 3.457955196e-08 82.31051081 1834.948334 42.86173562 2784.647273 1.185909166e-07 3397.176466 0 4.912133343e-17 5149.467948 2726.478678 0.1157136574 1670.16983 0.001876797482 2374.804733 7.558150411 8873.593429 7634.914878 2916.3912 343.1497031 3656.994311 9095.13779 9.243061122e-16 4485.487928 78.68618864 2545.37506 2.222353884e-10 1.017611936e-09 8.828284803e-06 4516.68474 141.9604795 3.998743055e-36 0.0001820503724 2894.332397 1218.708024 1269.611819 1410.219217 0 2.675126989e-26 1.02220504e-11 1043.944531 573.7493425 773.4199189 8.899285835e-13 0.792290146 657.6316685 1698.206359 721.1924731 0.0001106330054 6.797273942e-27 105.6785871 459.6310913 53.20602011 0.001552525359 9.533241876e-24 1.058450302e-06 0 0 0 0 0 0 0 0 0 0 0 0 0 0 0 0 0 0 0 0 0 0 0 0 0 0 0 0 0 0 0 0 0 0 0 0 0 0 0 0 0 0 0 0 0 0 0 0 0 0 0 0 0 0 0 0 0 0 0 0 0 0 0 0 0 0 0 0 0 0 0 0 0 0 0 0 0 0 0 0 0 0 0 0 0 0 0 0 0 
0 0 0 0 0 0 0 0 0 0 0 0 0 0 0 0 0 0 0 0 0 0 0 0 0 0 0 0 0 0 0 0 0 0 0 0 0 0 0 0 0 0 0 0 0 0 0 0 0 0 0 0 0 0 0 0 0 0 0 0 0 0 0 0 0 0 0 0 0 0 0 0 0 0 0 0 0 0 0 0 0 0 0 0 0 0 0 0 56.22123162 119.669686 471.8328819 0 0 38.00567687 4.10273416e-16 5.110224746e-46 6.196476535e-28 209.428441 852.4902056 1208.730727 7.139758132e-29 885.4870885 1.101880862e-14 1.042276876e-26 1531.089778 3954.538279 1073.440799 1955.046796 1772.718017 2.303909878e-05 26.49844216 763.7946442 1316.464743 8.944875138e-13 4.256987311e-24 5.151781917e-18 1903.729882 1901.76575 3801.377122 8747.957568 1904.212037 3.00346007e-09 1.581412932e-14 3715.747122 1.961685737e-13 1.7255631e-23 10120.65869 1481.858813 2046.28623 13326.81938 4821.472843 8094.072515 2.093230176e-27 1422.710392 2.395095013e-45 1.700409581e-09 2.182233837e-19 9.660414954e-09 1625.320473 0 4064.415956 3667.76045 508.8636244 5097.09418 3.371410497e-25 1852.67048 4012.347598 2.782722969e-17 1034.403411 2908.625675 2.573142778e-15 1.990719577e-31 6.496442859e-06 1.616454383e-15 1475.837367 1.337731554 1.613728168e-15 998.4939996 0.0001151593951 1349.6327 0.02461609889 1.87151095e-20 2.3204593e-27 5.199357431e-31 0 0 0 1.562898695e-34 19.28427541 0 0 0 0 0 0 0 0 0 0 0 0 0 0 0 0 0 0 0 0 0 0 0 0 0 0 0 0 0 0 0 0 0 0 0 0 0 0 0 0 0 0 0 0 0 0 0 0 0 0 0 0 0 0 0 0 0 0 0 0 0 0 0 0 0 0 0 0 0 0 0 0 0 0 0 0 0 0 0 0 0 0 0 0 0 0 0 
0 0 0 0 0 0 0 0 0 0 0 0 0 0 0 0 0 0 0 0 0 0 0 0 0 0 0 0 0 0 0 0 0 0 0 0 0 0 0 0 0 0 0 0 0 0 0 0 0 0 0 0 0 0 0 0 0 0 0 0 0 0 0 0 0 0 0 0 0 0 0 0 0 0 0 0 0 0 0 0 0 0 0 0 0 0 0 0 1.018590666e-25 42.02165608 6.045805276e-22 2.738673772e-06 8.675285596e-16 2.317184038 51.24317983 56.23733634 0 953.7161103 7.743307917e-05 1479.343311 1037.939519 1976.213223 2087.416334 7.315634887e-11 99.96075583 0.004366826306 4690.79016 29.6060964 2.258011659e-12 8.028047643e-26 3242.969157 4303.601399 2841.175586 8.961338674e-13 2110.745423 6174.803268 6204.764872 2670.440024 2010.710716 5458.616933 3.871393591 8546.692819 2.124839484e-27 2817.979173 8718.057163 2297.241079 0.001037635231 1.771152006e-26 3118.850456 0.0003445398831 3849.846642 6893.68374 2214.589022 0.008990788112 0 9239.001121 4228.934743 7124.096794 0.8295919877 1614.033681 2.533108038e-25 3.263205886e-16 579.0264512 3.506279847e-12 1953.694515 0.1900998366 7.479643538e-30 0.0004699335709 3016.43666 2296.464465 1247.585882 6.651681399e-08 4.810623945e-17 3.033769243e-34 7.498015507 1040.308922 4.041325473e-20 1.562843424e-29 6.872306976 1.864742815e-13 160.6948929 5.471083765e-22 4.675128333e-33 366.6378265 2.528732072e-41 40.85551278 0 0 0 0 0 0 0 0 0 0 0 0 0 0 0 0 0 0 0 0 0 0 0 0 0 0 0 0 0 0 0 0 0 0 0 0 0 0 0 0 0 0 0 0 0 0 0 0 0 0 0 0 0 0 0 0 0 0 0 0 0 0 0 0 0 0 0 0 0 0 0 0 0 0 0 0 0 0 0 0 0 0 0 0 0 0 0 0 0 0 
0 0 0 0 0 0 0 0 0 0 0 0 0 0 0 0 0 0 0 0 0 0 0 0 0 0 0 0 0 0 0 0 0 0 0 0 0 0 0 0 0 0 0 0 0 0 0 0 0 0 0 0 0 0 0 0 0 0 0 0 0 0 0 0 0 0 0 0 0 0 0 0 0 0 0 0 0 0 0 0 0 0 0 0 0 0 0 0 0 6.288160415e-19 4.36295575e-07 3.713476114e-32 192.9567808 483.2046653 176.0503374 0 1.411842631 32.14143639 428.4486918 1758.817188 1297.063533 1244.858416 1780.178699 1822.124654 0.000430021972 814.0115654 3069.176608 6.101781371e-06 2501.946184 3509.544055 2915.595348 1554.011101 3022.931076 4090.91383 6496.527774 122.0797879 2850.618498 4413.697842 1540.60201 2402.444496 4279.899447 2854.848837 4.583080188e-24 7.472808543e-21 3694.760128 3908.356294 0 2213.371625 2.741166316e-12 1803.695025 1215.41925 5.252880088e-15 5007.782694 2410.732079 2348.688502 0.001183274152 199.1130354 2363.506993 1.199671725e-09 2271.860372 7.630865311 2790.290712 901.8024504 7.861163995e-37 279.3574678 283.7584128 2.865983281e-27 696.8402311 3680.548034 649.7274301 1.946263089e-33 1119.313782 911.8861477 1205.979568 1119.275633 2239.373888 0.0002398363706 617.9948371 0.5030425859 47.69898489 754.6583679 47.1542681 0.03361710157 0.00066670585 561.5642554 676.962098 23.69533843 0 0 0 0 0 0 0 0 0 0 0 0 0 0 0 0 0 0 0 0 0 0 0 0 0 0 0 0 0 0 0 0 0 0 0 0 0 0 0 0 0 0 0 0 0 0 0 0 0 0 0 0 0 0 0 0 0 0 0 0 0 0 0 0 0 0 0 0 0 0 0 0 0 0 0 0 0 0 0 0 0 0 0 0 0 0 0 0 0 
0 0 0 0 0 0 0 0 0 0 0 0 0 0 0 0 0 0 0 0 0 0 0 0 0 0 0 0 0 0 0 0 0 0 0 0 0 0 0 0 0 0 0 0 0 0 0 0 0 0 0 0 0 0 0 0 0 0 0 0 0 0 0 0 0 0 0 0 0 0 0 0 0 0 0 0 0 0 0 0 0 0 0 0 0 0 0 0 5.665734043e-24 151.7309983 0 218.5311834 351.0988707 458.6838236 0 1.557481853e-16 2.3498145e-40 1077.361373 134.3234714 877.3006485 2765.441212 3019.446218 329.5236276 646.2195399 1123.108598 6.562249727 1512.371522 2.018881756e-09 2918.47279 7947.747639 1316.182483 5363.813128 4151.675536 2375.523883 1423.352322 2017.043432 3403.243399 2486.559289 0.02410654546 2.654829066e-07 0 702.4281535 6207.14597 6789.53902 1141.332399 4592.618514 7257.770212 12325.9041 6.086740048e-16 9675.774809 0.02668848274 0 1.486825872 3191.921712 4.690956456e-12 5.738665306 6748.956406 4856.88841 2808.690517 0.02530431664 1.204945722e-09 0 312.5617395 7.722421212 4230.077796 2718.89001 2763.759852 787.5871299 3087.344062 98.56113551 2.794884585e-09 5.008406849e-08 3539.089467 1258.251258 588.4919201 0.04689958774 1883.919141 149.3753797 92.05337179 75.1785876 448.8584716 0 438.8272458 39.22049145 4.232377016e-13 0 46.94214571 5.166904811e-08 0 0 0 0 0 0 0 0 0 0 0 0 0 0 0 0 0 0 0 0 0 0 0 0 0 0 0 0 0 0 0 0 0 0 0 0 0 0 0 0 0 0 0 0 0 0 0 0 0 0 0 0 0 0 0 0 0 0 0 0 0 0 0 0 0 0 0 0 0 0 0 0 0 0 0 0 0 0 0 0 0 0 0 0 0 0 0 0 
0 0 0 0 0 0 0 0 0 0 0 0 0 0 0 0 0 0 0 0 0 0 0 0 0 0 0 0 0 0 0 0 0 0 0 0 0 0 0 0 0 0 0 0 0 0 0 0 0 0 0 0 0 0 0 0 0 0 0 0 0 0 0 0 0 0 0 0 0 0 0 0 0 0 0 0 0 0 0 0 0 0 0 0 0 0 0 0 0 1.926298591e-19 232.9925726 186.7750596 0 0 3.142313391e-10 4.575205664e-17 163.5824355 1.293726185e-26 0.1167153907 1777.729386 4435.923122 2626.372923 488.8003205 1.18038443e-26 2261.50626 2451.072453 2382.676308 1310.120356 1913.135767 8121.689819 2601.116314 2306.479355 6297.855273 1733.316451 870.56083 1931.806632 6720.50915 0.002211515078 6.931468636e-16 3031.316384 5782.703759 424.6346098 3025.854359 4727.971574 6.878246209e-06 1166.325683 8629.492034 4400.227421 3386.966474 3067.88584 2402.569349 7100.402982 0.9581583236 8403.978817 912.5234021 4737.791267 2954.123614 3778.299148 1616.388385 2033.615032 5079.864991 1908.983675 0 6162.347165 2298.214649 3290.289581 1.796619937e-10 2358.173554 118.9269444 123.4188506 3379.590621 1376.919655 1.008931918e-24 1767.193843 944.8195449 2381.609121 310.3261068 2113.191527 394.3030508 89.69891815 105.4787757 494.6280641 2.305285299e-18 0.06451915912 1.764696542e-40 84.68490447 9.088059592e-05 144.9958636 0 0 0 0 0 0 0 0 0 0 0 0 0 0 0 0 0 0 0 0 0 0 0 0 0 0 0 0 0 0 0 0 0 0 0 0 0 0 0 0 0 0 0 0 0 0 0 0 0 0 0 0 0 0 0 0 0 0 0 0 0 0 0 0 0 0 0 0 0 0 0 0 0 0 0 0 0 0 0 0 0 0 0 0 0 0 0 0 
0 0 0 0 0 0 0 0 0 0 0 0 0 0 0 0 0 0 0 0 0 0 0 0 0 0 0 0 0 0 0 0 0 0 0 0 0 0 0 0 0 0 0 0 0 0 0 0 0 0 0 0 0 0 0 0 0 0 0 0 0 0 0 0 0 0 0 0 0 0 0 0 0 0 0 0 0 0 0 0 0 0 0 0 0 0 0 6.90188023e-10 47.26075279 0 4.593442166e-29 834.7144422 1.521010449e-38 23.43813374 459.1559802 1135.483294 19.01821028 2386.516801 835.8892525 341.8664394 982.768194 2.837381555e-07 691.5069681 1.489244904e-05 3209.601329 235.4302762 1220.471187 1668.770706 7.280657023e-10 6.549509968e-07 1552.85681 834.0190578 4079.376518 6516.769991 11.69428695 2067.220589 3272.896343 3500.683574 6731.416927 5897.728427 3313.33682 1852.403174 6434.024796 1273.188015 10993.44863 4835.998417 4024.243455 7.680285108e-26 8685.382434 3588.225452 7357.50073 8916.056305 7687.062808 1.004187578e-14 1.777503782e-06 12627.42082 3061.10455 2945.221565 2349.50685 2674.128186 11654.38667 9103.967642 5266.94279 3951.008052 2105.330707 0.0002456796866 4883.188139 878.3751645 0 2037.55204 0.01604331568 625.32228 2065.480388 4442.58741 9.936021393e-09 43.25070452 766.9536454 5.204203566e-18 99.36913229 655.089068 453.9648834 3.417457104 163.915341 8.030314764e-26 676.2852269 2.624843923e-11 0.03355555337 8.118165052e-33 0 0 0 0 0 0 0 0 0 0 0 0 0 0 0 0 0 0 0 0 0 0 0 0 0 0 0 0 0 0 0 0 0 0 0 0 0 0 0 0 0 0 0 0 0 0 0 0 0 0 0 0 0 0 0 0 0 0 0 0 0 0 0 0 0 0 0 0 0 0 0 0 0 0 0 0 0 0 0 0 0 0 0 0 0 0 0 0 
0 0 0 0 0 0 0 0 0 0 0 0 0 0 0 0 0 0 0 0 0 0 0 0 0 0 0 0 0 0 0 0 0 0 0 0 0 0 0 0 0 0 0 0 0 0 0 0 0 0 0 0 0 0 0 0 0 0 0 0 0 0 0 0 0 0 0 0 0 0 0 0 0 0 0 0 0 0 0 0 0 0 0 0 0 0 0 0 0 6.909441074e-37 141.5506833 0 795.7681735 0 946.3554999 316.7143578 623.1194525 1605.740462 0.004166543094 1291.637901 565.8942594 257.0612399 478.057888 1187.903312 2873.551178 2714.949016 858.9861375 4014.37997 2101.80201 4001.385759 1157.062842 13453.67291 2250.666047 2529.348339 10467.73306 6222.35385 2884.398384 2320.505509 6826.290927 2311.498389 6535.345525 8600.248713 4850.770439 1.508156937e-07 2393.333822 15473.68776 8588.816716 1.154060962e-15 7.649191247e-08 3.571168306 10292.50623 5.321608643e-07 942.859576 4303.444709 9275.939951 1479.458306 1.030945565e-28 117.1766283 154.2954821 2494.322503 5355.612473 4550.766504 5.935253342e-16 6699.396855 0 1732.059461 4911.844646 6.251810664e-24 6040.826968 5.555893732e-07 1441.703597 9.489121436e-09 3754.316359 2360.07082 1633.142672 1057.846188 4.248427993e-05 0.3551862792 1405.370792 459.2593785 8.6855594 385.22479 797.9111876 0 0.1670481317 56.61013707 10.06323491 0 0 0 0 0 0 0 0 0 0 0 0 0 0 0 0 0 0 0 0 0 0 0 0 0 0 0 0 0 0 0 0 0 0 0 0 0 0 0 0 0 0 0 0 0 0 0 0 0 0 0 0 0 0 0 0 0 0 0 0 0 0 0 0 0 0 0 0 0 0 0 0 0 0 0 0 0 0 0 0 0 0 0 0 0 0 0 0 0 
0 0 0 0 0 0 0 0 0 0 0 0 0 0 0 0 0 0 0 0 0 0 0 0 0 0 0 0 0 0 0 0 0 0 0 0 0 0 0 0 0 0 0 0 0 0 0 0 0 0 0 0 0 0 0 0 0 0 0 0 0 0 0 0 0 0 0 0 0 0 0 0 0 0 0 0 0 0 0 0 0 0 0 0 0 0 0 0 0 1.182254052e-22 0 0 1.39456599e-15 601.2519821 809.8696434 113.5899791 0 593.5330699 686.1751278 2944.718325 838.47267 38.90126814 1770.678658 3.890973121e-05 4.524627589e-16 205.3918001 3240.698955 1.410542924e-06 2.239805929e-21 8759.489166 7992.585355 704.1734635 41.94190156 8066.609538 4821.943578 11925.75498 2079.937474 653.7468168 9454.026962 4649.712943 14102.47366 11051.75453 9048.084734 5220.581851 9900.4553 4047.831196 11631.49329 3923.693036 9397.348974 3152.467763 6847.11184 3317.120438 5949.680725 6327.730502 5720.525107 1.201203215e-23 2585.980575 6553.770773 9309.844014 2922.706855 7468.382501 3.293387935e-28 3323.799968 2848.902238 5226.197113 1534.774803 2561.008927 3.58076257e-23 1.445477028 1215.977171 2557.653861 1657.189244 2859.288245 3109.40286 419.5459938 2737.207052 1016.671575 0.001444385671 897.8013963 11.71685904 0.06811181838 1584.066835 728.0212013 0.002163611812 3.352963857e-05 2.139745733e-10 2.395844451e-31 0 0 0 0 0 0 0 0 0 0 0 0 0 0 0 0 0 0 0 0 0 0 0 0 0 0 0 0 0 0 0 0 0 0 0 0 0 0 0 0 0 0 0 0 0 0 0 0 0 0 0 0 0 0 0 0 0 0 0 0 0 0 0 0 0 0 0 0 0 0 0 0 0 0 0 0 0 0 0 0 0 0 0 0 0 0 0 0 0 
0 0 0 0 0 0 0 0 0 0 0 0 0 0 0 0 0 0 0 0 0 0 0 0 0 0 0 0 0 0 0 0 0 0 0 0 0 0 0 0 0 0 0 0 0 0 0 0 0 0 0 0 0 0 0 0 0 0 0 0 0 0 0 0 0 0 0 0 0 0 0 0 0 0 0 0 0 0 0 0 0 0 0 0 0 0 0 0 45.24334812 212.3157643 0.1263795215 8.330536578 872.597885 7.839299113e-05 0.3818171902 1233.815518 3597.701261 4720.851906 0 1371.488617 945.7006059 2874.472316 2638.53388 3451.38082 7098.962944 4690.753889 4726.058136 4138.430177 5535.412603 4071.070815 1151.597111 7692.465342 3546.889094 2923.262676 2636.309436 8271.403332 8241.543846 3010.653373 11179.99395 3241.294833 4434.067762 6110.871848 0.3425926038 9449.158074 5.109778404e-11 13340.60662 18163.99924 10426.01611 4.915355556e-18 10437.49003 10030.95478 2993.978879 11234.98022 20029.12823 5632.946677 3592.327297 11561.90327 10081.67693 3560.278385 7248.753821 5736.087444 3484.344308 3175.973063 7891.714492 1556.0866 1822.547169 3741.765926 0 0.004127933492 1876.053179 577.9913584 2407.322372 3806.872962 6.062063021e-17 548.324657 3033.093722 1608.236873 2160.80421 1742.950931 697.6430668 1644.624347 1164.973625 563.673201 1040.157614 3.449397591e-17 317.3976591 129.4202098 0 0 0 0 0 0 0 0 0 0 0 0 0 0 0 0 0 0 0 0 0 0 0 0 0 0 0 0 0 0 0 0 0 0 0 0 0 0 0 0 0 0 0 0 0 0 0 0 0 0 0 0 0 0 0 0 0 0 0 0 0 0 0 0 0 0 0 0 0 0 0 0 0 0 0 0 0 0 0 0 0 0 0 0 0 0 0 0 0 
0 0 0 0 0 0 0 0 0 0 0 0 0 0 0 0 0 0 0 0 0 0 0 0 0 0 0 0 0 0 0 0 0 0 0 0 0 0 0 0 0 0 0 0 0 0 0 0 0 0 0 0 0 0 0 0 0 0 0 0 0 0 0 0 0 0 0 0 0 0 0 0 0 0 0 0 0 0 0 0 0 0 0 0 0 0 0 0.0006174365039 0 0 0 0.004818576315 1398.426099 847.1111559 3.968361737e-16 1200.844785 1592.914577 423.8670215 1550.512936 1743.529742 2970.293519 989.3443686 3887.868145 301.726834 844.6637963 6679.365212 9630.626119 2.253740968e-08 8225.822794 4918.318188 2563.752335 7094.139468 3796.641139 7392.284399 6160.435067 6493.227204 5.786693952e-06 5356.405771 12900.48107 7857.193215 6382.150914 3762.37447 22803.50462 9.09639593e-07 7560.326693 5170.408012 9198.936304 11867.2964 13945.22324 4242.321576 22441.31177 22140.26238 6153.089439 6572.148823 10130.75276 8509.06658 73.22803047 4296.842969 7785.40164 0.00709717647 1.921827384e-19 1472.941946 2014.475319 2.100887219e-12 6237.549922 9011.727401 7654.213161 7327.351832 4643.051381 2868.649874 4695.513785 1.806178483e-12 3435.279437 831.7195934 2046.218154 1020.464889 1823.843217 2228.038808 367.1133932 5.802810147e-20 40.48955677 757.0700014 770.4529567 0.0001608683667 391.3419793 0.1639378753 8.429456495e-40 0 0 0 0 0 0 0 0 0 0 0 0 0 0 0 0 0 0 0 0 0 0 0 0 0 0 0 0 0 0 0 0 0 0 0 0 0 0 0 0 0 0 0 0 0 0 0 0 0 0 0 0 0 0 0 0 0 0 0 0 0 0 0 0 0 0 0 0 0 0 0 0 0 0 0 0 0 0 0 0 0 0 0 0 0 0 0 0 0 
0 0 0 0 0 0 0 0 0 0 0 0 0 0 0 0 0 0 0 0 0 0 0 0 0 0 0 0 0 0 0 0 0 0 0 0 0 0 0 0 0 0 0 0 0 0 0 0 0 0 0 0 0 0 0 0 0 0 0 0 0 0 0 0 0 0 0 0 0 0 0 0 0 0 0 0 0 0 0 0 0 0 0 0 0 0 0 0 4.494603493e-25 232.9995353 188.0327362 43.38360354 0 280.9746702 708.2688645 1411.676615 1749.267163 3416.582168 1686.778418 3515.749833 4268.369983 2422.81565 3.039283495e-05 1187.182511 3505.649806 3416.391989 5383.24133 4487.630738 3989.264318 3506.770128 1733.804472 11699.69319 9031.835416 10852.45518 6435.766197 1008.329153 1977.279332 8268.016317 6.593967397 1.754223262e-10 9457.302855 4928.615758 9542.937993 8712.826299 336.1864166 14594.75568 9921.129023 7748.013859 1.052249241e-11 13952.03693 2323.504119 12801.36877 11948.84232 8175.2438 28624.55882 22788.05745 12196.01198 25.71448908 9607.569317 4187.96333 0.01108749113 1891.370928 12421.78869 5771.834412 7452.018113 1432.508741 3251.525348 3110.431755 5619.957169 3.097246455e-16 6.135095928e-15 1631.081345 9284.983867 3239.892912 3188.69305 2211.869709 1256.105835 1060.841968 219.7769712 39.11012804 359.8411855 1282.625233 9.63107264e-14 580.7706071 0.0004319338871 103.1864408 32.07173443 22.17572094 0 0 0 0 0 0 0 0 0 0 0 0 0 0 0 0 0 0 0 0 0 0 0 0 0 0 0 0 0 0 0 0 0 0 0 0 0 0 0 0 0 0 0 0 0 0 0 0 0 0 0 0 0 0 0 0 0 0 0 0 0 0 0 0 0 0 0 0 0 0 0 0 0 0 0 0 0 0 0 0 0 0 0 0 0 0 0 0 
0 0 0 0 0 0 0 0 0 0 0 0 0 0 0 0 0 0 0 0 0 0 0 0 0 0 0 0 0 0 0 0 0 0 0 0 0 0 0 0 0 0 0 0 0 0 0 0 0 0 0 0 0 0 0 0 0 0 0 0 0 0 0 0 0 0 0 0 0 0 0 0 0 0 0 0 0 0 0 0 0 0 0 0 0 0 0 0 77.24349499 0 382.7290594 902.6117244 560.5257966 724.4670454 3032.532588 1372.675034 1206.918928 75.71317169 1807.658312 1467.450324 266.6119509 4560.483912 3653.976662 1837.379704 5570.235864 2102.870219 1508.839425 5099.185433 2270.89984 10757.81511 6493.817504 11553.65729 5986.02691 14166.89673 3219.606651 5494.291733 8747.762178 17.29902293 10283.53492 4317.695376 6712.048838 9143.154032 5764.49477 8797.143703 7163.435504 1844.26131 25378.2099 6706.231362 11606.97372 4989.76475 10686.57738 10088.21973 8252.076621 0 5.750658853e-28 3916.365347 2728.55661 9677.123073 2289.039888 13281.02129 8351.761097 7532.171897 3496.345409 2569.51272 8071.50829 1934.202466 8820.970662 6718.150173 5825.415951 4737.32568 2317.437331 2545.53535 3038.657813 3500.191438 1843.451518 5428.361988 3266.989708 2902.258031 1951.424347 2337.114315 1505.915257 1211.798757 893.6114502 9.263992573e-15 454.2307301 5.528245808e-10 80.53452492 87.50607172 2.116675261e-25 0 0 0 0 0 0 0 0 0 0 0 0 0 0 0 0 0 0 0 0 0 0 0 0 0 0 0 0 0 0 0 0 0 0 0 0 0 0 0 0 0 0 0 0 0 0 0 0 0 0 0 0 0 0 0 0 0 0 0 0 0 0 0 0 0 0 0 0 0 0 0 0 0 0 0 0 0 0 0 0 0 0 0 0 0 0 0 
0 0 0 0 0 0 0 0 0 0 0 0 0 0 0 0 0 0 0 0 0 0 0 0 0 0 0 0 0 0 0 0 0 0 0 0 0 0 0 0 0 0 0 0 0 0 0 0 0 0 0 0 0 0 0 0 0 0 0 0 0 0 0 0 0 0 0 0 0 0 0 0 0 0 0 0 0 0 0 0 0 0 0 0 0 0 0 0 0 122.4016818 0 285.9466874 319.9640603 1536.090297 58.64477496 1945.001144 1.241283552e-06 1207.141472 4669.316908 1057.035296 74.46885112 4224.256375 6.935771007 3140.502424 2633.896968 4418.567538 7427.857285 1258.925808 6203.199629 6748.737571 1699.559975 12093.40278 10973.25854 5315.933455 172.1507724 8115.449453 4840.110873 8989.504771 4356.632136 16406.17707 4171.535621 6.459458607e-18 9690.838468 11.09676258 15881.02631 9719.303956 5093.579997 4645.063364 22433.55999 13336.61569 4700.801495 6506.907961 7241.07939 7102.192806 0.0001022479147 7945.191474 15607.51081 11479.30906 6867.691407 6.6370013e-05 3665.286025 3674.983798 11507.14592 13.63294742 2200.558979 13129.77163 5222.772921 11057.66854 3061.191382 738.1959488 6970.828997 2683.498949 995.2212262 1055.285042 3678.009123 1185.524157 5886.391686 146.8506253 2661.23508 1554.080806 1240.566045 10.70374021 161.6334919 1472.373332 123.055095 205.5169508 17.04224866 0 0 0 0 0 0 0 0 0 0 0 0 0 0 0 0 0 0 0 0 0 0 0 0 0 0 0 0 0 0 0 0 0 0 0 0 0 0 0 0 0 0 0 0 0 0 0 0 0 0 0 0 0 0 0 0 0 0 0 0 0 0 0 0 0 0 0 0 0 0 0 0 0 0 0 0 0 0 0 0 0 0 0 0 0 0 0 0 0 
0 0 0 0 0 0 0 0 0 0 0 0 0 0 0 0 0 0 0 0 0 0 0 0 0 0 0 0 0 0 0 0 0 0 0 0 0 0 0 0 0 0 0 0 0 0 0 0 0 0 0 0 0 0 0 0 0 0 0 0 0 0 0 0 0 0 0 0 0 0 0 0 0 0 0 0 0 0 0 0 0 0 0 0 0 0 0 0 6.571309778 0 234.4934481 0 1142.719954 1309.39793 804.7691335 0 0.2153541503 975.6889223 2105.907186 1534.482362 4489.513956 7438.521424 9634.05594 1377.461792 5713.038559 1727.314497 0.01877962187 5429.291629 2544.782234 6918.069571 11756.90095 14690.44113 3749.594201 3796.104362 10808.19965 11743.26464 16958.54834 5818.46445 15562.76819 18489.40305 11486.43749 4361.713257 11506.25188 10372.67655 22852.48211 13664.5504 17407.73214 18787.1034 8266.968856 10656.95961 18833.2715 9198.705658 6108.847818 24097.38172 12595.06756 9785.823215 12998.26027 11223.26059 9592.344583 7474.288659 10899.6185 1293.236551 2906.226444 6425.917265 6358.867295 16558.24214 4148.174652 6128.963334 5309.571219 1315.981306 1795.722397 4788.564756 2439.185691 911.068793 3118.200849 2312.066255 1639.865704 1380.757659 406.2981451 689.8457252 390.0316954 936.2659269 717.5892845 1313.476343 766.6954853 452.5928274 13.58128977 6.665703676e-09 0 0 0 0 0 0 0 0 0 0 0 0 0 0 0 0 0 0 0 0 0 0 0 0 0 0 0 0 0 0 0 0 0 0 0 0 0 0 0 0 0 0 0 0 0 0 0 0 0 0 0 0 0 0 0 0 0 0 0 0 0 0 0 0 0 0 0 0 0 0 0 0 0 0 0 0 0 0 0 0 0 0 0 0 0 0 0 0 
0 0 0 0 0 0 0 0 0 0 0 0 0 0 0 0 0 0 0 0 0 0 0 0 0 0 0 0 0 0 0 0 0 0 0 0 0 0 0 0 0 0 0 0 0 0 0 0 0 0 0 0 0 0 0 0 0 0 0 0 0 0 0 0 0 0 0 0 0 0 0 0 0 0 0 0 0 0 0 0 0 0 0 0 0 0 0 0 102.1134078 333.6438047 9.101064025e-16 570.4917098 1617.195882 2826.965524 2818.95065 2180.602138 979.4844009 3444.649838 1199.314221 6774.566633 7.304665167e-09 3520.878498 3920.928718 4363.347888 1625.886661 9451.865656 3340.726462 5459.407105 0 9951.538797 4564.938204 7269.316096 13839.15744 16824.38661 12098.9457 6318.387125 3000.568272 13667.9284 24042.52433 8954.957858 13298.19999 11454.45676 14453.08492 4960.075251 20745.45084 16949.14822 10927.98722 11785.21619 1.221853884e-12 17503.32438 29415.04691 13763.34727 19207.76833 7869.411878 23363.62008 6816.263509 5691.923678 13221.43116 8500.449008 9289.885218 17058.49732 24070.87704 3056.124176 7692.02495 9013.533648 10961.05428 12620.43471 3086.133301 3471.65376 1555.82213 1426.304793 3675.840145 2404.352239 10633.83267 1248.582207 1187.085473 17.37529872 4050.739528 446.9474021 2310.103088 1382.81852 1266.507888 263.9855231 321.5798588 40.35529416 0.5212753108 0 5.532296297e-13 26.1126152 0 0 0 0 0 0 0 0 0 0 0 0 0 0 0 0 0 0 0 0 0 0 0 0 0 0 0 0 0 0 0 0 0 0 0 0 0 0 0 0 0 0 0 0 0 0 0 0 0 0 0 0 0 0 0 0 0 0 0 0 0 0 0 0 0 0 0 0 0 0 0 0 0 0 0 0 0 0 0 0 0 0 0 0 0 0 0 
0 0 0 0 0 0 0 0 0 0 0 0 0 0 0 0 0 0 0 0 0 0 0 0 0 0 0 0 0 0 0 0 0 0 0 0 0 0 0 0 0 0 0 0 0 0 0 0 0 0 0 0 0 0 0 0 0 0 0 0 0 0 0 0 0 0 0 0 0 0 0 0 0 0 0 0 0 0 0 0 0 0 0 0 0 0 0 0 0 208.4806136 1.657819897e-05 50.59558822 202.7603625 1869.07664 3892.832116 4347.817536 0.3878242796 3670.498308 1392.868563 3653.868576 785.8670446 4838.286844 1150.302982 3269.757672 4782.030342 1949.552248 6994.686532 7232.021794 1809.053981 15953.26077 4224.496677 9587.023571 5997.486834 7297.477749 12248.54645 9692.6469 5195.789131 3658.901977 21327.74811 9864.35665 18394.54024 4098.972808 7064.11588 6942.587854 18144.62283 16446.20043 17326.06164 25755.43784 43776.65554 15398.11894 15622.25431 7117.846705 2250.371074 12984.4402 23533.24678 21393.65042 13527.05456 7594.329824 6478.905005 9009.906794 4902.765577 2987.088461 3409.20738 2067.028432 2284.567933 10573.93984 11823.82747 20727.77175 8501.746402 3626.881435 8502.41556 3649.270144 2359.727671 1298.111563 1891.428262 0 3455.545339 6797.074314 1526.081875 1419.813547 3544.23369 303.8623776 959.0318278 161.7490967 1568.200815 351.7960342 406.1359219 0.002806476407 0 0 0 0 0 0 0 0 0 0 0 0 0 0 0 0 0 0 0 0 0 0 0 0 0 0 0 0 0 0 0 0 0 0 0 0 0 0 0 0 0 0 0 0 0 0 0 0 0 0 0 0 0 0 0 0 0 0 0 0 0 0 0 0 0 0 0 0 0 0 0 0 0 0 0 0 0 0 0 0 0 0 0 0 0 0 0 0 
0 0 0 0 0 0 0 0 0 0 0 0 0 0 0 0 0 0 0 0 0 0 0 0 0 0 0 0 0 0 0 0 0 0 0 0 0 0 0 0 0 0 0 0 0 0 0 0 0 0 0 0 0 0 0 0 0 0 0 0 0 0 0 0 0 0 0 0 0 0 0 0 0 0 0 0 0 0 0 0 0 0 0 0 0 0 0 0 0 536.355064 426.3525789 199.2436152 1788.084474 721.1515162 509.0442054 694.0547176 1113.367064 848.1454758 2621.528273 3989.213148 5443.054657 6702.876065 4430.904727 11226.12221 2812.267965 2076.301546 7903.824939 2711.405539 13724.92859 11603.69721 12733.28628 10908.22214 12071.93425 6980.75357 24420.4675 20475.03423 11971.34019 15460.84894 19455.93164 18547.4177 15196.47892 15731.91305 19739.63953 6906.938027 18508.35426 48967.12996 7044.533172 15704.07168 21440.90093 20581.28424 19281.15544 30728.52718 11695.33523 20073.56975 19359.82565 31615.69037 23022.7336 21645.28372 2672.447985 15207.33336 9479.615647 20129.82642 7820.157121 2236.856322 7472.197243 13086.05165 14915.32715 8390.992526 4417.565715 19102.19809 9635.145714 4493.503 5353.90715 2776.828118 3133.128998 1879.918514 1768.827628 333.6704028 1251.928435 1151.955 1002.633229 1026.281503 376.6312309 2904.524148 0 0 189.9441363 7.917853237 0 0 0 0 0 0 0 0 0 0 0 0 0 0 0 0 0 0 0 0 0 0 0 0 0 0 0 0 0 0 0 0 0 0 0 0 0 0 0 0 0 0 0 0 0 0 0 0 0 0 0 0 0 0 0 0 0 0 0 0 0 0 0 0 0 0 0 0 0 0 0 0 0 0 0 0 0 0 0 0 0 0 0 0 0 0 0 0 
0 0 0 0 0 0 0 0 0 0 0 0 0 0 0 0 0 0 0 0 0 0 0 0 0 0 0 0 0 0 0 0 0 0 0 0 0 0 0 0 0 0 0 0 0 0 0 0 0 0 0 0 0 0 0 0 0 0 0 0 0 0 0 0 0 0 0 0 0 0 0 0 0 0 0 0 0 0 0 0 0 0 0 0 0 0 0 0 40.2613293 250.5632506 84.18267022 250.3610521 1021.23401 1548.05882 292.8294007 1861.399015 2057.973092 734.1403255 571.2870239 2821.677025 4780.428817 3264.237865 9251.252582 6308.835593 6914.347488 278.7844927 1601.213696 8423.496838 7403.680748 9978.08388 10703.77097 16811.81173 22139.30047 4657.916624 6241.232732 12073.04694 11706.04745 12903.51439 29597.96744 19457.30101 25785.65379 24913.79604 28020.00874 13790.27837 13953.50079 21869.14468 14154.08107 2970.75846 42696.26042 20770.31609 11442.57089 27513.28583 17374.06595 24917.34208 18325.62779 8920.7667 9723.292326 16348.69934 7760.908703 3216.318203 2712.984876 14140.50503 12852.76217 8636.181839 7692.62837 4164.771162 4056.788624 10743.30279 13387.49261 8047.752871 4499.019752 7675.793779 2167.888448 3046.402155 4042.722931 1788.524554 3355.508537 1839.480318 1944.298238 5407.738712 233.4477416 846.5310455 1480.484634 277.7152098 420.1327172 1096.500592 127.8544113 0 0 0 0 0 0 0 0 0 0 0 0 0 0 0 0 0 0 0 0 0 0 0 0 0 0 0 0 0 0 0 0 0 0 0 0 0 0 0 0 0 0 0 0 0 0 0 0 0 0 0 0 0 0 0 0 0 0 0 0 0 0 0 0 0 0 0 0 0 0 0 0 0 0 0 0 0 0 0 0 0 0 0 0 0 0 0 0 0 
0 0 0 0 0 0 0 0 0 0 0 0 0 0 0 0 0 0 0 0 0 0 0 0 0 0 0 0 0 0 0 0 0 0 0 0 0 0 0 0 0 0 0 0 0 0 0 0 0 0 0 0 0 0 0 0 0 0 0 0 0 0 0 0 0 0 0 0 0 0 0 0 0 0 0 0 0 0 0 0 0 0 0 0 0 0 0 0 120.2914266 0 39.72800554 1476.877952 1268.124943 751.2766398 160.8934414 164.3441457 1296.267861 4492.932225 2094.331852 2631.922856 3709.019387 4350.046175 7306.076193 3247.520782 11013.71199 10033.02619 10496.51742 0 14012.68936 7858.394665 5879.482744 10035.7628 16557.00843 13422.78359 22212.00765 8570.656058 3428.258004 7231.285607 7858.102003 8752.4398 12873.04974 14147.53772 1703.875554 12016.44671 15301.31703 18401.63266 33681.96163 3589.035178 16535.90437 21528.02575 25069.87141 11377.41572 4750.847161 16170.29864 20261.09824 23909.99663 4516.736445 18200.0255 17874.17266 14185.95525 8779.242538 9086.011296 7063.409299 14001.1101 14452.61217 4924.918154 10555.55608 8535.610649 12364.76137 5250.714515 10291.93133 7283.765303 11015.01928 9205.122636 1668.448891 703.9346979 4529.122905 2671.974482 2071.155041 1580.681052 1650.269848 1624.019082 1660.110722 1731.460076 1253.393168 868.5458206 228.4349119 21.24565516 0 0 0 0 0 0 0 0 0 0 0 0 0 0 0 0 0 0 0 0 0 0 0 0 0 0 0 0 0 0 0 0 0 0 0 0 0 0 0 0 0 0 0 0 0 0 0 0 0 0 0 0 0 0 0 0 0 0 0 0 0 0 0 0 0 0 0 0 0 0 0 0 0 0 0 0 0 0 0 0 0 0 0 0 0 0 0 0 
0 0 0 0 0 0 0 0 0 0 0 0 0 0 0 0 0 0 0 0 0 0 0 0 0 0 0 0 0 0 0 0 0 0 0 0 0 0 0 0 0 0 0 0 0 0 0 0 0 0 0 0 0 0 0 0 0 0 0 0 0 0 0 0 0 0 0 0 0 0 0 0 0 0 0 0 0 0 0 0 0 0 0 0 0 0 0 0 0 0 115.1099071 256.4906959 834.644931 1725.670777 4021.186569 2154.228752 3217.328743 5443.326463 6393.948567 0 3039.897903 6102.165458 0 8254.866641 8734.38397 3159.406397 5069.852195 6111.234622 4402.559939 19481.67352 11064.63161 13399.20354 7659.52417 36740.75059 22935.26165 15626.13575 5123.932974 27406.35618 15192.56285 23737.84324 27267.60529 30166.19264 9565.739752 20042.55862 27939.3289 42014.18728 13043.76198 24899.94691 15531.38451 16048.24859 24668.21865 23533.16981 21164.71447 16454.85557 10378.77787 9028.033361 18004.70828 31331.78943 27052.79117 24271.02296 9890.5083 10098.38231 28978.36579 9004.67675 6105.32043 11305.67644 5108.001206 5840.004281 13733.34248 19274.48645 13620.22177 11946.62786 3637.458345 10653.37867 6658.477589 3376.409126 1674.386897 371.655687 2882.382948 3607.924846 1545.892111 3647.309501 857.3723082 2482.074861 534.6800324 133.6487902 240.7755691 52.79655155 0 0 0 0 0 0 0 0 0 0 0 0 0 0 0 0 0 0 0 0 0 0 0 0 0 0 0 0 0 0 0 0 0 0 0 0 0 0 0 0 0 0 0 0 0 0 0 0 0 0 0 0 0 0 0 0 0 0 0 0 0 0 0 0 0 0 0 0 0 0 0 0 0 0 0 0 0 0 0 0 0 0 0 0 0 0 0 0 
0 0 0 0 0 0 0 0 0 0 0 0 0 0 0 0 0 0 0 0 0 0 0 0 0 0 0 0 0 0 0 0 0 0 0 0 0 0 0 0 0 0 0 0 0 0 0 0 0 0 0 0 0 0 0 0 0 0 0 0 0 0 0 0 0 0 0 0 0 0 0 0 0 0 0 0 0 0 0 0 0 0 0 0 0 0 0 0 140.0213988 84.934541 370.7671299 542.8468499 559.575152 66.70692045 2515.102719 1489.265239 4238.842914 3112.805321 5118.183643 3445.412955 5918.894164 0 7552.687969 4135.012737 6160.219177 8882.355652 9018.383843 4635.07527 14064.51812 6825.304882 14189.01405 13035.30347 18056.07902 13959.47532 19998.45979 33508.92478 9643.650399 16296.39537 35367.68024 13542.79113 15310.87699 40782.99713 20246.7261 39003.51615 23413.71736 18179.76104 22808.55961 33275.37585 30190.74103 17441.98378 13210.66158 6675.833981 13575.1618 33137.30286 11474.7993 14691.48173 25428.62944 14502.99898 20275.79923 5769.583949 15071.68893 21251.81138 12152.03056 5615.087997 0 15638.22059 16271.98175 11018.63481 19717.25518 9423.686829 23481.9744 0 6168.540172 12946.22916 7272.374494 4464.48684 4450.352754 1437.132768 2537.587583 4314.57805 903.9629263 4531.247249 727.5057751 2450.605234 344.5895203 1212.659866 188.2829127 132.016171 0 0 0 0 0 0 0 0 0 0 0 0 0 0 0 0 0 0 0 0 0 0 0 0 0 0 0 0 0 0 0 0 0 0 0 0 0 0 0 0 0 0 0 0 0 0 0 0 0 0 0 0 0 0 0 0 0 0 0 0 0 0 0 0 0 0 0 0 0 0 0 0 0 0 0 0 0 0 0 0 0 0 0 0 0 0 0 0 
0 0 0 0 0 0 0 0 0 0 0 0 0 0 0 0 0 0 0 0 0 0 0 0 0 0 0 0 0 0 0 0 0 0 0 0 0 0 0 0 0 0 0 0 0 0 0 0 0 0 0 0 0 0 0 0 0 0 0 0 0 0 0 0 0 0 0 0 0 0 0 0 0 0 0 0 0 0 0 0 0 0 0 0 0 0 0 0 0 465.9975264 198.7565586 724.8965938 2715.915658 2897.096305 2057.383739 1311.919724 5403.407283 4069.984537 4698.24642 3085.692682 6944.080807 2506.273499 5971.43679 8023.327663 9282.952003 1957.710659 12210.19037 8009.515511 5846.766083 6915.769346 9657.797734 2953.261047 12469.45906 31117.62056 9171.712202 29371.26376 23815.69613 35340.36007 21081.12468 19269.13701 22274.28391 34491.1521 45276.74374 11340.40012 25031.50109 4666.034274 36247.07344 15376.927 15227.87669 22245.67621 30510.88012 9514.479648 39304.53508 30316.82143 21438.55145 14497.54626 34989.62352 12699.77538 4572.873373 14243.89047 12825.65835 16700.14274 32046.7376 16414.74422 12209.77505 14869.98455 16456.95913 16421.54685 13436.05333 15282.11867 7434.774835 4141.954832 5914.580004 2125.067968 9553.833872 6742.082287 8285.548304 3560.668765 2509.339065 2895.704555 3003.817348 362.4237099 205.1936107 0 1098.623718 483.1799506 520.2869284 81.60763096 11.61672245 0 0 0 0 0 0 0 0 0 0 0 0 0 0 0 0 0 0 0 0 0 0 0 0 0 0 0 0 0 0 0 0 0 0 0 0 0 0 0 0 0 0 0 0 0 0 0 0 0 0 0 0 0 0 0 0 0 0 0 0 0 0 0 0 0 0 0 0 0 0 0 0 0 0 0 0 0 0 0 0 0 0 0 0 0 0 0 
0 0 0 0 0 0 0 0 0 0 0 0 0 0 0 0 0 0 0 0 0 0 0 0 0 0 0 0 0 0 0 0 0 0 0 0 0 0 0 0 0 0 0 0 0 0 0 0 0 0 0 0 0 0 0 0 0 0 0 0 0 0 0 0 0 0 0 0 0 0 0 0 0 0 0 0 0 0 0 0 0 0 0 0 0 0 0 0 108.7185512 267.6438438 224.7405904 1721.962785 0 1696.29193 2168.603824 229.8666696 4092.803144 1548.063522 2463.324498 8563.259212 11509.17656 5312.624609 12333.68391 11104.77169 15065.38753 25314.80354 8791.024347 14469.77173 8748.221747 16081.61452 34016.0822 15382.72796 16100.89629 20344.04803 25317.80926 22833.5926 16826.87783 29212.33754 12878.46239 9643.337949 20051.69286 29829.60875 22139.57452 22068.12742 43384.59738 37063.05309 47069.93048 33943.78308 24390.16682 51612.77485 39143.66315 39617.01162 39949.83574 8822.215922 38405.18442 59901.43858 25885.1241 13401.84007 23313.58727 39771.57743 16858.15669 26579.5737 9781.182563 6910.509671 21170.94124 0 12814.97891 14741.64278 6277.35694 12614.21587 8259.243397 3988.214506 10430.78794 14694.01805 6759.293664 8763.133834 7528.44841 5779.611205 3092.17216 2289.54271 1716.997035 1771.691548 841.7354919 1469.396503 1232.359517 722.0958819 364.1642628 82.05232998 0 0 0 0 0 0 0 0 0 0 0 0 0 0 0 0 0 0 0 0 0 0 0 0 0 0 0 0 0 0 0 0 0 0 0 0 0 0 0 0 0 0 0 0 0 0 0 0 0 0 0 0 0 0 0 0 0 0 0 0 0 0 0 0 0 0 0 0 0 0 0 0 0 0 0 0 0 0 0 0 0 0 0 0 0 0 0 0 
0 0 0 0 0 0 0 0 0 0 0 0 0 0 0 0 0 0 0 0 0 0 0 0 0 0 0 0 0 0 0 0 0 0 0 0 0 0 0 0 0 0 0 0 0 0 0 0 0 0 0 0 0 0 0 0 0 0 0 0 0 0 0 0 0 0 0 0 0 0 0 0 0 0 0 0 0 0 0 0 0 0 0 0 0 0 0 0 293.0996085 568.829609 0 2293.774048 50.63609437 1443.477425 1040.626477 4101.85493 3451.331884 2178.840671 3429.790427 9561.193462 8516.478671 9299.221735 8558.432695 15455.37214 16632.33903 8338.166653 2957.097361 23474.76462 16395.84291 22326.32784 10697.12693 12874.6928 17576.61699 23960.44482 23767.94421 22931.02212 38150.44544 39681.73908 23807.74815 36993.40933 10801.33879 38292.02326 17614.22319 34290.92547 24174.90985 22983.70054 11200.65099 40929.87747 41199.04707 15454.0107 57725.01049 37842.24145 61932.18421 39053.59295 46666.90811 15253.39409 6498.250516 6405.617552 15404.98639 3816.754477 7071.890511 28018.25625 17548.74227 36599.48589 7820.121869 26154.6859 12599.21283 9109.013624 10132.24124 25150.01321 10234.90168 8840.067969 10187.56932 10151.60044 5387.355928 4279.175003 10518.05041 5868.857615 7570.86764 1760.060739 2819.754047 1812.32539 1515.588413 2739.029434 794.0944195 635.224116 436.3318339 0 36.96278578 0 0 0 0 0 0 0 0 0 0 0 0 0 0 0 0 0 0 0 0 0 0 0 0 0 0 0 0 0 0 0 0 0 0 0 0 0 0 0 0 0 0 0 0 0 0 0 0 0 0 0 0 0 0 0 0 0 0 0 0 0 0 0 0 0 0 0 0 0 0 0 0 0 0 0 0 0 0 0 0 0 0 0 0 0 0 0 
0 0 0 0 0 0 0 0 0 0 0 0 0 0 0 0 0 0 0 0 0 0 0 0 0 0 0 0 0 0 0 0 0 0 0 0 0 0 0 0 0 0 0 0 0 0 0 0 0 0 0 0 0 0 0 0 0 0 0 0 0 0 0 0 0 0 0 0 0 0 0 0 0 0 0 0 0 0 0 0 0 0 0 0 0 0 0 121.9676338 0 445.8084771 391.2794802 474.2580502 1995.203214 1283.299752 3455.433801 2199.439459 2875.669924 2422.402267 4728.598647 6561.310429 7516.332545 3577.714595 10327.34532 2615.349307 12074.36201 13633.58902 14583.58312 19529.35916 7167.491144 25542.33692 14638.17985 17824.98685 19578.20169 16692.54123 23993.78698 39171.31054 17362.03776 38503.92007 41856.37406 31110.12166 63024.63621 50159.81895 29262.2153 37562.0977 52040.31247 28949.82997 51711.28544 30810.93119 13887.10644 25289.64114 57839.83763 38986.29916 28104.3819 33958.67749 5237.066629 9733.656719 53844.16586 22205.80769 18960.23061 17134.60403 22182.66581 17341.36822 18701.52488 28137.93289 16602.37559 14934.84936 6007.573532 21717.82096 7545.566164 2896.169421 22312.74975 6651.571849 12763.7389 2973.596235 6956.961729 11326.94541 5876.328415 6987.718123 7101.174396 2472.163186 4575.038465 4767.241615 1979.403714 3569.757983 875.1046268 334.6831809 0 0 0 0 0 0 0 0 0 0 0 0 0 0 0 0 0 0 0 0 0 0 0 0 0 0 0 0 0 0 0 0 0 0 0 0 0 0 0 0 0 0 0 0 0 0 0 0 0 0 0 0 0 0 0 0 0 0 0 0 0 0 0 0 0 0 0 0 0 0 0 0 0 0 0 0 0 0 0 0 0 0 0 0 0 0 0 0 0 0 
0 0 0 0 0 0 0 0 0 0 0 0 0 0 0 0 0 0 0 0 0 0 0 0 0 0 0 0 0 0 0 0 0 0 0 0 0 0 0 0 0 0 0 0 0 0 0 0 0 0 0 0 0 0 0 0 0 0 0 0 0 0 0 0 0 0 0 0 0 0 0 0 0 0 0 0 0 0 0 0 0 0 0 0 0 0 0 0 0 580.4501618 387.4297366 0 1882.450387 2352.040668 2274.418177 1001.4303 3929.551056 8105.488778 7778.630341 2664.496268 8044.397477 20016.41793 9613.012849 14990.47201 6783.643242 8335.587571 22620.02371 5912.274819 7246.448063 5889.988314 23687.48559 30227.16738 12020.24346 20445.12054 41106.39274 25241.83072 31317.72286 14055.65982 24811.50527 27715.01636 31315.94533 39902.74943 31638.0199 17261.2977 28720.00882 29905.29603 39287.84342 48548.8933 24057.20913 53783.23289 37455.67451 32726.80059 47918.48993 21561.10024 43726.75238 25349.24491 12314.41652 24488.5611 34191.52513 24695.21047 18054.78784 29533.13835 23202.77039 17366.93001 19278.31488 11982.54061 17788.16673 23611.55199 31009.87649 1879.457137 18456.30994 16590.61844 3836.494601 7653.749965 12579.46268 7378.426116 4330.89634 6547.098081 6074.884283 6222.683546 4306.164837 3647.615173 1643.164165 1606.075666 2010.155271 502.5493717 858.2117714 0 54.75727618 0 0 0 0 0 0 0 0 0 0 0 0 0 0 0 0 0 0 0 0 0 0 0 0 0 0 0 0 0 0 0 0 0 0 0 0 0 0 0 0 0 0 0 0 0 0 0 0 0 0 0 0 0 0 0 0 0 0 0 0 0 0 0 0 0 0 0 0 0 0 0 0 0 0 0 0 0 0 0 0 0 0 0 0 0 0 0 
0 0 0 0 0 0 0 0 0 0 0 0 0 0 0 0 0 0 0 0 0 0 0 0 0 0 0 0 0 0 0 0 0 0 0 0 0 0 0 0 0 0 0 0 0 0 0 0 0 0 0 0 0 0 0 0 0 0 0 0 0 0 0 0 0 0 0 0 0 0 0 0 0 0 0 0 0 0 0 0 0 0 0 0 0 0 0 38.43488444 0 0 0 1422.41171 0 4199.212376 379.2162929 2813.076145 1249.144998 4399.273979 11015.48167 15767.33728 8212.827176 0 12729.019 19795.98586 10714.13574 4483.624396 13594.99208 7188.644193 9888.084948 23334.91101 18760.36982 27817.44348 26802.64594 26567.21915 19597.57192 43887.87251 46365.8568 29753.1885 35039.09589 60027.05877 50521.31596 70460.21551 34684.78105 53668.42213 17174.7486 27935.67758 45181.86993 0 59144.80741 34656.34755 10329.10488 43571.71604 52596.87663 29556.41937 46223.86524 27533.03161 41647.73582 21865.78048 43354.77581 41195.42535 0 20918.63758 15213.87983 17375.78175 16185.39715 31516.96343 10497.7016 16371.20476 9387.140551 19013.34694 3899.10215 19641.04534 9561.624039 4252.008228 7859.356711 14025.88451 7396.856729 10263.48703 5339.461874 3932.609639 2805.012577 4299.646488 875.7331256 1632.816993 1522.200615 134.0368209 357.6094489 0 95.55087367 0 0 0 0 0 0 0 0 0 0 0 0 0 0 0 0 0 0 0 0 0 0 0 0 0 0 0 0 0 0 0 0 0 0 0 0 0 0 0 0 0 0 0 0 0 0 0 0 0 0 0 0 0 0 0 0 0 0 0 0 0 0 0 0 0 0 0 0 0 0 0 0 0 0 0 0 0 0 0 0 0 0 0 0 0 0 0 
0 0 0 0 0 0 0 0 0 0 0 0 0 0 0 0 0 0 0 0 0 0 0 0 0 0 0 0 0 0 0 0 0 0 0 0 0 0 0 0 0 0 0 0 0 0 0 0 0 0 0 0 0 0 0 0 0 0 0 0 0 0 0 0 0 0 0 0 0 0 0 0 0 0 0 0 0 0 0 0 0 0 0 0 0 0 0 0 0 90.33565744 564.9109481 409.6102671 2380.911867 2348.517028 6119.484303 0 6943.627454 9759.461445 3780.301645 11207.65652 2857.279482 12009.3801 10691.76411 3281.931415 3774.204884 17835.86235 19559.13309 26245.48005 19328.00639 10153.98607 30139.26845 25212.9638 14582.92367 29482.3951 36279.16425 26977.55242 28664.72301 34126.54906 44775.85055 35079.96843 42162.18228 66055.16083 49609.41061 26439.16497 85780.61481 20884.03317 64119.95288 73026.76117 27068.93054 48670.65292 44973.21376 34583.3625 79777.04218 34274.29841 59434.13917 28927.65693 54890.94516 34548.84466 49409.10705 21455.90076 59268.27303 18747.65032 17499.21331 31743.03745 30810.88639 14910.97169 42586.86965 20488.08331 12846.46699 36410.72344 15019.5887 19553.54287 26089.664 12638.44136 14212.35836 13793.40883 5906.440167 14129.15976 3717.351833 2925.551758 3570.236257 3050.8798 2916.792799 1286.156924 1849.501251 114.1606864 167.9908086 0 0 0 0 0 0 0 0 0 0 0 0 0 0 0 0 0 0 0 0 0 0 0 0 0 0 0 0 0 0 0 0 0 0 0 0 0 0 0 0 0 0 0 0 0 0 0 0 0 0 0 0 0 0 0 0 0 0 0 0 0 0 0 0 0 0 0 0 0 0 0 0 0 0 0 0 0 0 0 0 0 0 0 0 0 0 0 0 0 
0 0 0 0 0 0 0 0 0 0 0 0 0 0 0 0 0 0 0 0 0 0 0 0 0 0 0 0 0 0 0 0 0 0 0 0 0 0 0 0 0 0 0 0 0 0 0 0 0 0 0 0 0 0 0 0 0 0 0 0 0 0 0 0 0 0 0 0 0 0 0 0 0 0 0 0 0 0 0 0 0 0 0 0 0 0 0 0 251.467045 431.5062172 985.0895332 1098.622304 1277.586619 4227.459373 2632.63649 648.4769824 2520.041599 6293.026085 12792.7049 3824.03433 7775.055098 15828.5947 5507.243292 7854.558824 22412.97171 16993.28635 30463.49222 22179.66556 10106.21767 17556.7977 43948.21438 37561.43601 25380.78065 29138.29473 12549.86372 51144.9761 18089.3292 35591.12268 40558.23107 30389.70053 30190.10906 56313.83249 45779.54653 57640.90497 29183.24517 45018.39076 44456.50155 20916.35235 46278.14957 8956.561357 38705.73666 84281.0886 68062.45683 47359.61552 44094.53582 34810.22029 21398.26572 26722.90946 46307.99176 18859.47581 32960.18518 33397.55543 30033.29519 17685.2914 35231.67343 39364.8516 38633.3733 20924.71355 27789.35416 23542.67754 24710.97462 8828.396773 3773.616568 8764.26317 4052.363515 15292.04965 5803.801284 5462.299863 7007.57184 3586.808862 5684.185003 3240.198919 3517.874797 1996.265847 634.1294428 0 0 50.31515175 0 0 0 0 0 0 0 0 0 0 0 0 0 0 0 0 0 0 0 0 0 0 0 0 0 0 0 0 0 0 0 0 0 0 0 0 0 0 0 0 0 0 0 0 0 0 0 0 0 0 0 0 0 0 0 0 0 0 0 0 0 0 0 0 0 0 0 0 0 0 0 0 0 0 0 0 0 0 0 0 0 0 0 0 0 0 0 0 
0 0 0 0 0 0 0 0 0 0 0 0 0 0 0 0 0 0 0 0 0 0 0 0 0 0 0 0 0 0 0 0 0 0 0 0 0 0 0 0 0 0 0 0 0 0 0 0 0 0 0 0 0 0 0 0 0 0 0 0 0 0 0 0 0 0 0 0 0 0 0 0 0 0 0 0 0 0 0 0 0 0 0 0 0 0 0 0 0 425.2453549 1218.552135 1575.552086 3101.924031 658.5571634 2633.176277 5261.982686 3199.04809 5739.218749 10288.68605 9613.69348 17062.10618 11792.14545 8086.350885 5068.035406 10180.63227 18040.24509 29465.78521 27738.76774 26354.81868 10342.47821 9847.114839 46671.6751 27148.78148 28377.8819 41412.01421 40632.35262 27768.6512 56928.17125 43569.50234 35235.07834 27774.94576 46679.08773 33257.83227 99123.27511 55739.20849 68338.64088 27017.50692 37255.83671 65124.254 35940.80665 28628.79826 51346.70262 54717.98923 28784.75796 52269.58424 54236.76053 17380.59636 18796.42315 56339.37611 21319.5473 20688.2608 27065.18029 0 26229.32049 33110.0546 15654.4106 15397.33233 21005.0832 44821.77313 14951.8034 20904.28599 9182.782958 5729.739746 5026.78666 16244.60056 9157.717547 14096.35655 5643.373983 3061.200327 3638.605266 4820.54494 5666.132853 2564.518924 1454.986763 528.4665676 1000.297758 496.2573665 0 0 0 0 0 0 0 0 0 0 0 0 0 0 0 0 0 0 0 0 0 0 0 0 0 0 0 0 0 0 0 0 0 0 0 0 0 0 0 0 0 0 0 0 0 0 0 0 0 0 0 0 0 0 0 0 0 0 0 0 0 0 0 0 0 0 0 0 0 0 0 0 0 0 0 0 0 0 0 0 0 0 0 0 0 0 0 0 0 
0 0 0 0 0 0 0 0 0 0 0 0 0 0 0 0 0 0 0 0 0 0 0 0 0 0 0 0 0 0 0 0 0 0 0 0 0 0 0 0 0 0 0 0 0 0 0 0 0 0 0 0 0 0 0 0 0 0 0 0 0 0 0 0 0 0 0 0 0 0 0 0 0 0 0 0 0 0 0 0 0 0 0 0 0 0 0 149.0266866 343.3736101 0 462.7207716 0 538.5415034 5384.882845 7530.535245 5422.068977 0 5579.375966 4778.974437 4491.095752 8798.550391 7161.39908 15951.58815 7296.901665 11111.64751 21618.83208 22328.15818 5967.262737 7643.234498 19519.32991 24152.88602 30188.68468 19395.66726 38109.05533 47085.07312 24008.00188 38007.54534 29781.43721 54833.86404 39990.54958 34507.69548 19702.99366 44008.578 49465.12305 62882.53138 30740.75945 66120.21776 38016.15204 14110.25521 42143.42945 29499.25707 38655.32078 60044.09325 43976.51004 62661.36339 36828.30511 46376.92846 34336.19906 25990.49333 53538.72889 24958.27422 23831.16519 43820.97157 20773.75693 29777.61781 11970.02899 19755.60666 28021.87041 16225.59006 11862.75129 17862.67923 3924.704803 15662.30738 9844.502567 20663.06766 8328.132517 10512.42428 15073.2084 10410.81849 4013.410162 3849.515667 5177.019056 2013.737811 1019.168466 1491.271356 1201.75994 0 0 0 0 0 0 0 0 0 0 0 0 0 0 0 0 0 0 0 0 0 0 0 0 0 0 0 0 0 0 0 0 0 0 0 0 0 0 0 0 0 0 0 0 0 0 0 0 0 0 0 0 0 0 0 0 0 0 0 0 0 0 0 0 0 0 0 0 0 0 0 0 0 0 0 0 0 0 0 0 0 0 0 0 0 0 0 0 0 0 
0 0 0 0 0 0 0 0 0 0 0 0 0 0 0 0 0 0 0 0 0 0 0 0 0 0 0 0 0 0 0 0 0 0 0 0 0 0 0 0 0 0 0 0 0 0 0 0 0 0 0 0 0 0 0 0 0 0 0 0 0 0 0 0 0 0 0 0 0 0 0 0 0 0 0 0 0 0 0 0 0 0 0 0 0 0 0 0 0 0 971.3424665 853.7554153 1768.744443 1177.433306 5681.794215 1948.534371 4486.259744 3452.770971 8223.810855 14050.05202 2945.835928 6496.790187 10336.52204 7378.439557 8893.025202 7678.803789 29475.86349 9909.156733 20008.02704 6768.943705 34157.47729 31986.41258 17662.72421 25657.87579 7672.651833 25582.88799 35850.68584 0 17555.09346 43156.66609 36900.25937 41687.58261 13840.08465 12600.11884 45757.94449 17959.00573 35838.00332 63559.36033 54745.06919 41069.15586 22313.04457 40140.19618 52941.89195 32973.25884 19392.45439 27606.88734 77116.34147 24665.30893 72586.17819 27158.3458 34181.93638 16814.72515 33919.25646 24382.0562 15214.2167 17470.37192 19490.20694 8230.319578 26765.64064 20809.32254 20014.93914 11062.44434 22687.28422 16013.0288 27281.04978 7142.942658 4630.339376 4492.241251 4405.534695 4168.667894 4931.250487 3872.40196 2579.5861 55.44201477 2338.639976 448.4135633 376.2461884 84.75917936 22.45217331 0 0 0 0 0 0 0 0 0 0 0 0 0 0 0 0 0 0 0 0 0 0 0 0 0 0 0 0 0 0 0 0 0 0 0 0 0 0 0 0 0 0 0 0 0 0 0 0 0 0 0 0 0 0 0 0 0 0 0 0 0 0 0 0 0 0 0 0 0 0 0 0 0 0 0 0 0 0 0 0 0 0 0 0 0 0 0 
0 0 0 0 0 0 0 0 0 0 0 0 0 0 0 0 0 0 0 0 0 0 0 0 0 0 0 0 0 0 0 0 0 0 0 0 0 0 0 0 0 0 0 0 0 0 0 0 0 0 0 0 0 0 0 0 0 0 0 0 0 0 0 0 0 0 0 0 0 0 0 0 0 0 0 0 0 0 0 0 0 0 0 0 0 0 0 0 228.893947 0 725.8691211 359.898012 3739.275054 1926.376661 2478.981583 2134.142006 2899.369292 3429.884008 6653.721857 8895.912123 14594.32885 3122.11852 12698.45002 13500.46568 10473.15107 22250.67766 8405.754623 35019.90126 19704.85878 13378.11997 21258.44213 29641.59008 10607.19657 23465.72449 30091.45799 13532.81117 13224.66639 42368.56881 34079.77082 13516.54294 35623.76027 38444.84912 25314.94429 34629.47946 38452.69854 72439.47217 32121.49066 53035.55322 47711.15845 31938.00266 77410.86028 19141.64728 60803.96975 40999.00805 43549.09502 45829.60466 36074.16197 32114.18133 37041.04702 42235.98612 24349.21312 24577.74709 16676.2528 20333.5146 24970.76215 8603.41727 33387.4119 19845.7799 19698.76333 21346.31885 21781.55352 7536.208889 18588.5124 17053.997 2399.526267 18877.70819 13779.81095 7005.848872 4211.758432 4555.413056 2660.917703 1311.986748 3006.386671 36.53429416 1027.563373 0 0 0 0 0 0 0 0 0 0 0 0 0 0 0 0 0 0 0 0 0 0 0 0 0 0 0 0 0 0 0 0 0 0 0 0 0 0 0 0 0 0 0 0 0 0 0 0 0 0 0 0 0 0 0 0 0 0 0 0 0 0 0 0 0 0 0 0 0 0 0 0 0 0 0 0 0 0 0 0 0 0 0 0 0 0 0 0 0 0 0 
0 0 0 0 0 0 0 0 0 0 0 0 0 0 0 0 0 0 0 0 0 0 0 0 0 0 0 0 0 0 0 0 0 0 0 0 0 0 0 0 0 0 0 0 0 0 0 0 0 0 0 0 0 0 0 0 0 0 0 0 0 0 0 0 0 0 0 0 0 0 0 0 0 0 0 0 0 0 0 0 0 0 0 0 0 0 0 0 0 12.84460908 540.8675075 2233.948284 2872.711014 1476.711585 308.709899 3193.800606 6111.780398 4907.368935 13260.43289 5263.643122 16408.5362 9113.662926 17360.91347 9678.206786 19322.92603 6052.160236 10250.60362 7140.381333 29624.886 25481.80048 46850.68169 16618.70629 10110.08035 9757.079028 52968.56885 10712.38166 14914.30806 54849.13966 16755.2789 22642.57686 22000.48612 36700.23937 71188.29867 38128.43337 16873.16719 17669.3128 46669.83918 78919.54586 46512.44438 42004.39107 52131.0697 30512.17111 22524.7147 57893.95012 40094.60589 34451.47602 24301.63293 31004.15884 53641.56391 20182.72063 4717.255159 15890.1497 33042.36601 13366.67846 25864.09075 17492.35278 14206.0296 16915.11777 19010.07862 30312.33364 19602.26335 17293.41 15699.42188 20817.03086 10097.1915 10693.25307 10443.69255 2231.86486 4430.390278 4695.143414 8971.251109 3740.988848 2147.528863 1370.468977 671.7951152 371.5347804 0 307.6758576 0 0 0 0 0 0 0 0 0 0 0 0 0 0 0 0 0 0 0 0 0 0 0 0 0 0 0 0 0 0 0 0 0 0 0 0 0 0 0 0 0 0 0 0 0 0 0 0 0 0 0 0 0 0 0 0 0 0 0 0 0 0 0 0 0 0 0 0 0 0 0 0 0 0 0 0 0 0 0 0 0 0 0 0 0 0 0 0 
0 0 0 0 0 0 0 0 0 0 0 0 0 0 0 0 0 0 0 0 0 0 0 0 0 0 0 0 0 0 0 0 0 0 0 0 0 0 0 0 0 0 0 0 0 0 0 0 0 0 0 0 0 0 0 0 0 0 0 0 0 0 0 0 0 0 0 0 0 0 0 0 0 0 0 0 0 0 0 0 0 0 0 0 0 0 0 70.52534147 448.3732499 0 0 2783.774598 1658.142111 0 1705.106613 4105.701666 7080.887601 4239.555274 7228.372752 2971.826198 14298.02824 16327.94303 5594.693244 16823.73359 8654.703669 9522.165199 19796.50056 13418.88229 10422.49644 29235.32967 28923.8756 43037.28119 34477.50633 26318.3979 22523.21882 20368.43826 44741.67489 62792.29412 20935.85722 57144.50852 15274.89396 37056.1834 38931.88171 39941.54222 62070.68594 74011.16413 25936.10993 66032.7644 41679.90686 84177.46356 75815.5695 14491.09991 44385.54181 62438.59005 31202.9839 23035.81823 25018.84775 26051.34184 22421.90101 23250.01594 4622.982483 34337.50487 22610.06991 14313.74414 23720.21246 24870.38602 19288.06511 19697.97424 26293.07753 17690.4988 10143.28315 14129.29617 13943.32696 9992.417062 9775.564839 9015.223155 11919.47376 6712.868689 2557.69832 3184.356067 1785.224949 3851.567409 4026.917346 404.2989984 1478.694386 1109.485931 988.176427 0 0 0 0 0 0 0 0 0 0 0 0 0 0 0 0 0 0 0 0 0 0 0 0 0 0 0 0 0 0 0 0 0 0 0 0 0 0 0 0 0 0 0 0 0 0 0 0 0 0 0 0 0 0 0 0 0 0 0 0 0 0 0 0 0 0 0 0 0 0 0 0 0 0 0 0 0 0 0 0 0 0 0 0 0 0 0 0 0 
0 0 0 0 0 0 0 0 0 0 0 0 0 0 0 0 0 0 0 0 0 0 0 0 0 0 0 0 0 0 0 0 0 0 0 0 0 0 0 0 0 0 0 0 0 0 0 0 0 0 0 0 0 0 0 0 0 0 0 0 0 0 0 0 0 0 0 0 0 0 0 0 0 0 0 0 0 0 0 0 0 0 0 0 0 0 0 0 456.6585112 119.1747739 567.4511959 349.2607137 1326.525866 3965.577802 0 4182.580475 5134.26401 2555.493607 5416.699037 8302.709656 13551.83481 13976.65604 0 17671.54265 6852.289194 9358.499124 20869.29256 18547.77886 23195.07539 27737.5726 28409.33347 16065.17138 20073.7546 33558.45037 16457.45872 9747.801364 40217.46313 74124.07907 24307.10672 37238.37863 34713.05865 36189.09186 32241.66865 48047.1628 41981.13471 75357.72937 82412.14769 42758.92998 7670.260404 33737.34301 56134.86045 52804.70615 94272.76742 41846.84518 21376.79916 19970.86577 21723.00995 36035.57463 34107.47323 35572.28666 33804.85287 60539.67129 22255.99065 13905.77822 20340.54033 22060.15762 18384.04878 22790.25 14185.62328 31093.71655 5987.666562 8317.585552 17998.55469 11989.71002 4678.491925 11646.42479 0 4868.285008 5312.652909 3720.450427 1591.891812 3223.50273 2401.7798 812.5836292 1095.563844 615.7215231 610.584671 0 0 0 0 0 0 0 0 0 0 0 0 0 0 0 0 0 0 0 0 0 0 0 0 0 0 0 0 0 0 0 0 0 0 0 0 0 0 0 0 0 0 0 0 0 0 0 0 0 0 0 0 0 0 0 0 0 0 0 0 0 0 0 0 0 0 0 0 0 0 0 0 0 0 0 0 0 0 0 0 0 0 0 0 0 0 0 0 0 
0 0 0 0 0 0 0 0 0 0 0 0 0 0 0 0 0 0 0 0 0 0 0 0 0 0 0 0 0 0 0 0 0 0 0 0 0 0 0 0 0 0 0 0 0 0 0 0 0 0 0 0 0 0 0 0 0 0 0 0 0 0 0 0 0 0 0 0 0 0 0 0 0 0 0 0 0 0 0 0 0 0 0 0 0 0 0 0 0 84.81753011 0.7992235995 1256.462104 1692.563515 2525.936308 2090.465223 7481.981964 1228.738563 4846.023414 7474.958993 9505.77547 11814.41595 6348.796475 8157.117188 9945.133603 7574.257274 21435.37424 22390.45583 16014.50536 12886.79046 16294.13508 22316.22719 15997.08649 30243.07512 14088.93972 26456.21262 54400.17709 24098.40407 37940.66439 48809.75119 45449.76 70923.46223 50120.12761 38313.96581 64923.85672 23533.75306 25810.54089 60392.2788 16702.46993 42129.1432 41785.98087 35188.33487 48389.90867 59345.44732 43058.08296 16675.5034 44930.95258 26544.67925 70058.88821 14348.67305 25170.37823 45831.12499 27175.14042 12183.31321 21494.65455 34001.96249 27442.21076 15563.8733 24102.90077 7254.036937 7407.656838 10828.61601 5401.552899 16115.5819 14097.59877 13261.50234 4104.202317 12362.29892 8088.753415 10532.50286 4238.994395 2956.37335 2056.361997 951.7225909 1447.231938 1049.266038 345.2570491 0 307.5950304 46.1735272 0 0 0 0 0 0 0 0 0 0 0 0 0 0 0 0 0 0 0 0 0 0 0 0 0 0 0 0 0 0 0 0 0 0 0 0 0 0 0 0 0 0 0 0 0 0 0 0 0 0 0 0 0 0 0 0 0 0 0 0 0 0 0 0 0 0 0 0 0 0 0 0 0 0 0 0 0 0 0 0 0 0 0 0 0 0 0 
0 0 0 0 0 0 0 0 0 0 0 0 0 0 0 0 0 0 0 0 0 0 0 0 0 0 0 0 0 0 0 0 0 0 0 0 0 0 0 0 0 0 0 0 0 0 0 0 0 0 0 0 0 0 0 0 0 0 0 0 0 0 0 0 0 0 0 0 0 0 0 0 0 0 0 0 0 0 0 0 0 0 0 0 0 0 0 0 262.0974542 183.5454401 0 285.3898748 2547.965422 2278.564236 3302.509135 3483.916683 1261.865277 5237.696762 11873.47347 10953.05298 10724.26437 11647.71862 1800.105759 10760.36407 12158.49555 8218.386754 22897.66191 15841.97359 12763.05319 20916.65574 29473.38411 10051.83202 32948.81377 37388.99937 10865.17547 40934.32213 19229.7319 40561.94343 15965.04779 30589.77116 35954.4406 89918.36613 28567.46941 46753.85069 33250.37512 62572.8349 15852.52643 59691.10209 61745.1912 51898.19563 56336.12637 0 74568.70335 55603.87492 69899.32148 36375.26049 26380.5016 26867.04502 56670.29308 34983.7428 46587.81014 13679.74775 21527.69799 20925.85637 33377.11229 18932.56831 10886.75641 10528.15781 24105.68893 32012.09032 9154.334755 8147.43335 15552.0502 4838.312446 11128.79354 963.5770538 9590.644735 7925.56437 3354.025791 10779.70774 4597.804503 1270.919777 1905.896088 3614.40145 1024.45789 1399.754162 41.6249751 388.4738864 94.27762687 0 0 0 0 0 0 0 0 0 0 0 0 0 0 0 0 0 0 0 0 0 0 0 0 0 0 0 0 0 0 0 0 0 0 0 0 0 0 0 0 0 0 0 0 0 0 0 0 0 0 0 0 0 0 0 0 0 0 0 0 0 0 0 0 0 0 0 0 0 0 0 0 0 0 0 0 0 0 0 0 0 0 0 0 0 0 0 
0 0 0 0 0 0 0 0 0 0 0 0 0 0 0 0 0 0 0 0 0 0 0 0 0 0 0 0 0 0 0 0 0 0 0 0 0 0 0 0 0 0 0 0 0 0 0 0 0 0 0 0 0 0 0 0 0 0 0 0 0 0 0 0 0 0 0 0 0 0 0 0 0 0 0 0 0 0 0 0 0 0 0 0 0 0 0 129.729155 234.4694142 776.0901199 1253.537633 0 742.7360126 2279.443954 4170.251352 440.512617 7507.252243 2552.010101 2633.0697 6631.820727 14043.47422 8394.211454 22016.64132 17121.95503 14348.13957 17258.63954 11274.32887 11503.45137 10353.54182 28981.62566 43660.72842 23677.46641 32264.72549 12324.8877 41166.58562 22713.72238 31220.61327 20645.78231 27469.51164 49327.54118 16943.85944 8644.200206 39747.95659 15797.77491 59972.09324 41913.25286 18369.68501 53625.48911 83633.22865 49837.2294 53482.89243 24831.42648 41180.30694 47704.24943 45938.81953 21082.79517 28837.24199 41547.97518 72930.75466 27207.73932 57267.85966 9767.909904 40395.84468 44059.77199 22105.06273 22282.31119 29349.52629 14209.46064 17894.63368 14848.05094 13122.50801 27179.67262 9814.87245 4423.574239 28956.99393 14872.04496 5309.865922 2709.586234 6007.793615 10046.2637 1113.574675 1604.283889 2285.776629 994.1423052 1472.074852 508.5412113 784.9334502 211.3987885 0 0 0 0 0 0 0 0 0 0 0 0 0 0 0 0 0 0 0 0 0 0 0 0 0 0 0 0 0 0 0 0 0 0 0 0 0 0 0 0 0 0 0 0 0 0 0 0 0 0 0 0 0 0 0 0 0 0 0 0 0 0 0 0 0 0 0 0 0 0 0 0 0 0 0 0 0 0 0 0 0 0 0 0 0 0 0 0 
0 0 0 0 0 0 0 0 0 0 0 0 0 0 0 0 0 0 0 0 0 0 0 0 0 0 0 0 0 0 0 0 0 0 0 0 0 0 0 0 0 0 0 0 0 0 0 0 0 0 0 0 0 0 0 0 0 0 0 0 0 0 0 0 0 0 0 0 0 0 0 0 0 0 0 0 0 0 0 0 0 0 0 0 0 0 0 0 0 1256.62944 688.1950115 2125.424071 1774.031838 3123.083942 3093.668192 4153.004586 5634.138184 5787.457844 796.959737 13138.63894 13563.03848 9326.758826 14714.90674 20704.09855 23025.41318 6269.22096 26261.99861 34653.10737 27374.77305 44127.4383 23408.82134 28280.31668 15612.75948 26274.34042 46087.49319 44572.69186 52026.65431 67492.21554 40406.86452 19162.52593 29703.54213 32093.57521 41238.55305 59538.99228 53135.17128 52312.10065 34962.74115 43532.3567 68648.15356 41488.50224 49499.90648 57283.3584 74053.18363 55445.25068 40837.90275 54008.96217 40522.87077 55882.29386 33726.20125 48691.78515 40595.82362 55056.53125 42899.54963 16360.80366 20918.12766 33537.63375 12343.83858 38392.63158 21826.6736 6559.865971 11972.10384 43119.67725 24913.18474 22684.06718 14288.43669 18789.73862 12979.74078 8359.568573 9903.721617 2751.94689 6627.335692 3703.278998 2983.93464 7920.755575 647.6673075 737.5589446 619.3597471 0 0 0 0 0 0 0 0 0 0 0 0 0 0 0 0 0 0 0 0 0 0 0 0 0 0 0 0 0 0 0 0 0 0 0 0 0 0 0 0 0 0 0 0 0 0 0 0 0 0 0 0 0 0 0 0 0 0 0 0 0 0 0 0 0 0 0 0 0 0 0 0 0 0 0 0 0 0 0 0 0 0 0 0 0 0 0 0 0 
0 0 0 0 0 0 0 0 0 0 0 0 0 0 0 0 0 0 0 0 0 0 0 0 0 0 0 0 0 0 0 0 0 0 0 0 0 0 0 0 0 0 0 0 0 0 0 0 0 0 0 0 0 0 0 0 0 0 0 0 0 0 0 0 0 0 0 0 0 0 0 0 0 0 0 0 0 0 0 0 0 0 0 0 0 0 0 45.89604028 67.32952751 0 320.187491 159.3897579 2311.993296 2632.865591 0 2982.308606 9051.422237 17592.7001 15972.19111 7560.560747 11449.86494 13144.21544 19096.61862 4852.50608 29246.10995 20235.37157 4548.318088 3204.254868 23889.80927 38695.51258 27826.74853 15226.09605 21720.917 29549.16818 36409.03172 65247.82667 45090.16093 19177.9515 31939.15942 7767.022861 55817.59755 53069.87057 70046.45175 42783.69792 46494.02497 45944.47032 53201.87354 27696.62523 44722.68402 76384.31006 34448.52777 34853.42889 72090.16163 55333.07304 63432.12571 62532.88391 39372.41062 33427.60407 27121.22617 40943.37028 32359.62232 24629.44067 16019.6421 41208.70238 28165.3282 8570.428404 24518.91202 27238.506 4490.39435 12868.50397 9228.918586 14562.93691 18225.84308 11898.55164 10350.27539 16479.21569 12831.85842 5333.939769 9681.375114 5821.998832 2232.264742 5461.137747 750.499936 1288.231359 2102.079383 103.4995945 0 0 0 0 0 0 0 0 0 0 0 0 0 0 0 0 0 0 0 0 0 0 0 0 0 0 0 0 0 0 0 0 0 0 0 0 0 0 0 0 0 0 0 0 0 0 0 0 0 0 0 0 0 0 0 0 0 0 0 0 0 0 0 0 0 0 0 0 0 0 0 0 0 0 0 0 0 0 0 0 0 0 0 0 0 0 0 0 0 0 
0 0 0 0 0 0 0 0 0 0 0 0 0 0 0 0 0 0 0 0 0 0 0 0 0 0 0 0 0 0 0 0 0 0 0 0 0 0 0 0 0 0 0 0 0 0 0 0 0 0 0 0 0 0 0 0 0 0 0 0 0 0 0 0 0 0 0 0 0 0 0 0 0 0 0 0 0 0 0 0 0 0 0 0 0 0 0 0 0 298.3338853 524.4382628 286.5904055 3552.919906 3570.771788 4169.691266 3192.632375 6581.273306 7076.532041 12785.39157 6531.911996 20689.72087 8750.124164 13556.39589 5011.653534 7364.270404 50806.63069 20267.87986 16797.08302 44943.41873 24239.61035 10075.45967 31335.4909 26968.18833 52185.24609 39904.21539 39573.39523 22378.28625 28632.56596 42110.9052 38804.41312 64787.68216 55039.18332 88527.96127 47990.71871 25589.55858 62306.94707 16728.37145 53953.10224 33414.85285 52057.87351 26768.6684 87328.40683 83507.69521 32512.47989 15001.80145 75126.55523 56525.33933 34828.50414 22498.82606 50193.14995 37952.39486 41719.81145 11575.06957 34267.03971 40511.17078 24902.85462 36133.67822 16677.96272 15320.8891 10152.0958 14560.62074 16521.10577 21033.93666 6292.403341 9429.909619 11493.9839 7743.959986 10666.08778 5440.608328 9757.726937 5848.697498 3712.4198 1500.059672 4092.883492 833.3875555 1870.788049 532.616579 366.7219525 0 0 0 0 0 0 0 0 0 0 0 0 0 0 0 0 0 0 0 0 0 0 0 0 0 0 0 0 0 0 0 0 0 0 0 0 0 0 0 0 0 0 0 0 0 0 0 0 0 0 0 0 0 0 0 0 0 0 0 0 0 0 0 0 0 0 0 0 0 0 0 0 0 0 0 0 0 0 0 0 0 0 0 0 0 0 0 0 
0 0 0 0 0 0 0 0 0 0 0 0 0 0 0 0 0 0 0 0 0 0 0 0 0 0 0 0 0 0 0 0 0 0 0 0 0 0 0 0 0 0 0 0 0 0 0 0 0 0 0 0 0 0 0 0 0 0 0 0 0 0 0 0 0 0 0 0 0 0 0 0 0 0 0 0 0 0 0 0 0 0 0 0 0 0 0 98.12202718 106.8228765 0 734.0647161 1015.139364 1775.709833 2820.499304 0 2474.205932 6825.45002 2683.437808 10009.65076 8841.469607 1509.574229 11155.74584 9478.680722 27687.35845 23618.45459 19848.84941 6387.829117 16259.09264 8927.903258 20928.61084 18116.13303 33853.36851 30906.21595 29049.0421 31905.6391 63079.66402 38479.94862 54610.03173 39343.21759 71803.12619 63461.7924 36790.65856 23360.61812 51770.02993 54111.04833 53343.05954 60564.8581 71137.07305 55575.94794 54097.16663 25680.12857 42641.77409 54488.08631 33492.85776 83437.26281 61622.86022 14873.80959 42640.66137 92599.67744 64002.97014 18217.33854 45068.59171 42500.83213 44766.78611 59249.48995 42735.90778 36172.09464 35584.26869 20438.31268 15673.94806 17099.65917 23941.03141 25049.06367 4375.251023 18467.09458 14698.65712 6478.118647 13783.13043 7103.729552 4842.137538 4429.602351 8332.777328 254.8081625 2116.400471 1764.146787 437.1928008 555.0679066 0 0 0 0 0 0 0 0 0 0 0 0 0 0 0 0 0 0 0 0 0 0 0 0 0 0 0 0 0 0 0 0 0 0 0 0 0 0 0 0 0 0 0 0 0 0 0 0 0 0 0 0 0 0 0 0 0 0 0 0 0 0 0 0 0 0 0 0 0 0 0 0 0 0 0 0 0 0 0 0 0 0 0 0 0 0 0 0 0 
0 0 0 0 0 0 0 0 0 0 0 0 0 0 0 0 0 0 0 0 0 0 0 0 0 0 0 0 0 0 0 0 0 0 0 0 0 0 0 0 0 0 0 0 0 0 0 0 0 0 0 0 0 0 0 0 0 0 0 0 0 0 0 0 0 0 0 0 0 0 0 0 0 0 0 0 0 0 0 0 0 0 0 0 0 0 0 0 229.1173917 333.4866913 1822.909026 1097.358994 3050.423554 1730.63382 6067.941192 1977.927366 480.0984443 5919.996201 6543.400227 4552.410236 17921.43235 17030.50388 23171.2025 12620.80148 6283.878668 2681.990563 41363.91838 20761.49313 20954.06591 33004.64564 23022.46901 43336.70986 44040.93296 11115.44513 37524.88191 40978.72285 40887.72227 35138.77731 28616.86861 78849.32506 37769.4205 43274.10443 60147.66506 14152.43789 96343.69442 26410.17862 54356.12849 53629.00348 26862.92904 36016.4153 36879.1578 70818.3255 9388.738788 66336.00667 78843.61671 51797.70074 36259.45197 65712.7751 38179.98172 58047.73121 52097.56842 71229.40479 53518.34307 40157.76566 35278.3074 26951.8019 30707.36235 27557.83612 25158.58007 29446.57679 20529.53296 16042.18862 9596.553949 15801.09756 6939.520066 11474.78504 15047.09489 4488.77205 7808.966271 3697.037786 2196.894556 8836.516406 3085.412773 4191.257677 1258.738507 604.3363713 398.1405213 239.109221 0 0 0 0 0 0 0 0 0 0 0 0 0 0 0 0 0 0 0 0 0 0 0 0 0 0 0 0 0 0 0 0 0 0 0 0 0 0 0 0 0 0 0 0 0 0 0 0 0 0 0 0 0 0 0 0 0 0 0 0 0 0 0 0 0 0 0 0 0 0 0 0 0 0 0 0 0 0 0 0 0 0 0 0 0 0 0 0 
0 0 0 0 0 0 0 0 0 0 0 0 0 0 0 0 0 0 0 0 0 0 0 0 0 0 0 0 0 0 0 0 0 0 0 0 0 0 0 0 0 0 0 0 0 0 0 0 0 0 0 0 0 0 0 0 0 0 0 0 0 0 0 0 0 0 0 0 0 0 0 0 0 0 0 0 0 0 0 0 0 0 0 0 0 0 0 44.29256491 113.8820012 0 2342.998467 0 4175.505144 4041.700222 5663.013593 8772.022481 11028.58877 6460.382227 9406.874145 17646.38239 11213.70148 16502.91473 22179.15398 20013.92283 16092.52058 17776.17981 10319.15042 14244.66635 21782.46147 43290.74299 22874.11929 27423.57086 18539.00482 30006.40167 40144.89113 37897.4619 31736.85017 46911.18476 99673.64937 37089.41632 45964.09415 57390.15342 59847.77484 42934.03599 69097.28376 35680.81188 77307.16813 71590.30698 54739.45402 61651.79388 98135.96969 27966.63477 69366.99221 41986.72125 33172.45623 29430.02705 67989.45607 41640.51009 66800.90439 33763.8772 11925.04258 25911.56934 35032.72123 28139.22277 44173.51753 26359.81418 46809.41996 21230.1828 31307.09917 29903.02763 23540.86806 21990.07985 10190.49016 18062.7761 13222.64369 12174.99178 8751.395627 3940.82898 1290.02834 2267.245531 5381.040977 84.48070955 4634.512946 0 2432.182573 0 812.9725484 208.2262033 0 0 0 0 0 0 0 0 0 0 0 0 0 0 0 0 0 0 0 0 0 0 0 0 0 0 0 0 0 0 0 0 0 0 0 0 0 0 0 0 0 0 0 0 0 0 0 0 0 0 0 0 0 0 0 0 0 0 0 0 0 0 0 0 0 0 0 0 0 0 0 0 0 0 0 0 0 0 0 0 0 0 0 0 0 0 0 0 
0 0 0 0 0 0 0 0 0 0 0 0 0 0 0 0 0 0 0 0 0 0 0 0 0 0 0 0 0 0 0 0 0 0 0 0 0 0 0 0 0 0 0 0 0 0 0 0 0 0 0 0 0 0 0 0 0 0 0 0 0 0 0 0 0 0 0 0 0 0 0 0 0 0 0 0 0 0 0 0 0 0 0 0 0 0 0 0 795.2358537 438.2965544 1570.322645 1959.72515 0 1479.165016 2166.938557 11058.48471 5357.904714 5497.974342 11507.86122 19196.23095 13427.77463 10201.9654 13968.34829 21839.53652 38499.23558 12873.3129 12353.9597 21767.54911 18103.11101 31125.92009 23882.02839 33509.49603 19467.11512 45616.4857 43061.57772 42518.61926 55444.32635 41569.82473 60822.61652 63799.7481 26595.08987 34349.06003 73308.32686 41503.79845 51832.44164 36425.78643 64870.2964 64964.09432 36812.33494 17704.68578 61399.0783 66863.14711 42541.58161 62522.64457 48960.29834 39696.72556 69928.75537 19916.65461 49443.76652 48573.57699 59317.83094 49033.4743 41233.3107 32807.60007 22688.0993 54645.50345 45513.41327 33543.4553 12789.66526 23306.25698 24087.11766 22705.72752 18928.31813 14414.25666 4807.769052 1639.515513 11631.5748 11910.30929 7018.510946 10573.88922 7727.820624 7779.221821 4073.168087 1592.136905 1745.282297 123.1805231 723.0869043 0 0 0 0 0 0 0 0 0 0 0 0 0 0 0 0 0 0 0 0 0 0 0 0 0 0 0 0 0 0 0 0 0 0 0 0 0 0 0 0 0 0 0 0 0 0 0 0 0 0 0 0 0 0 0 0 0 0 0 0 0 0 0 0 0 0 0 0 0 0 0 0 0 0 0 0 0 0 0 0 0 0 0 0 0 0 0 0 0 
0 0 0 0 0 0 0 0 0 0 0 0 0 0 0 0 0 0 0 0 0 0 0 0 0 0 0 0 0 0 0 0 0 0 0 0 0 0 0 0 0 0 0 0 0 0 0 0 0 0 0 0 0 0 0 0 0 0 0 0 0 0 0 0 0 0 0 0 0 0 0 0 0 0 0 0 0 0 0 0 0 0 0 0 0 0 0 0 16.11389305 0 864.2333027 723.7278762 1003.47103 7333.209389 1327.434284 7246.553281 5068.923933 10910.64435 5977.937113 5710.765174 15183.85066 11958.00891 14003.37724 29279.0869 28468.682 15778.78925 13908.56964 47357.42654 21183.63646 26090.92183 24602.86872 34251.23517 45361.85999 30180.65668 28902.75642 50549.15644 55174.71821 33244.54297 40089.04164 24048.86273 47436.93068 40284.15032 92664.73623 71615.30363 86572.18219 41903.25611 34984.41131 53358.24552 64441.02625 72241.27593 116171.8745 78669.26855 48083.811 47914.18665 95090.17556 54181.76877 67833.05232 64444.9966 42907.48299 58668.21766 11095.75513 46653.58067 35375.03857 28160.025 50831.04939 37727.22398 18804.03182 26895.66403 33543.28922 21099.26366 9529.458754 23148.6593 13208.46797 8032.570855 5826.649492 9086.0767 12091.80662 5343.265157 8912.001938 7569.205407 8410.923565 1207.340145 1590.109335 1604.392855 2801.029 816.5364223 425.4662901 181.4432686 0 0 0 0 0 0 0 0 0 0 0 0 0 0 0 0 0 0 0 0 0 0 0 0 0 0 0 0 0 0 0 0 0 0 0 0 0 0 0 0 0 0 0 0 0 0 0 0 0 0 0 0 0 0 0 0 0 0 0 0 0 0 0 0 0 0 0 0 0 0 0 0 0 0 0 0 0 0 0 0 0 0 0 0 0 0 0 0 
0 0 0 0 0 0 0 0 0 0 0 0 0 0 0 0 0 0 0 0 0 0 0 0 0 0 0 0 0 0 0 0 0 0 0 0 0 0 0 0 0 0 0 0 0 0 0 0 0 0 0 0 0 0 0 0 0 0 0 0 0 0 0 0 0 0 0 0 0 0 0 0 0 0 0 0 0 0 0 0 0 0 0 0 0 0 0 0 0 0 1253.714946 1870.087442 4046.446214 2177.328128 7428.01246 7583.704453 11174.76951 9772.061883 21130.04253 15986.59754 4158.793537 4640.439665 15928.86735 13345.68758 17364.96342 22297.92196 33182.37436 22410.51363 37763.85252 33606.2728 40007.19312 19574.61613 44338.1423 30197.14557 30735.07305 56559.8185 47684.69255 45322.39695 43671.02522 63553.44251 42681.18951 41866.39182 60660.24931 64492.23541 48531.00968 96497.76514 56204.86896 45708.03245 53096.83571 82661.23508 69354.35244 51871.62072 53894.7952 65795.54307 73002.59587 54413.38812 71994.25845 49915.56104 33073.3619 59452.67357 58331.05926 52457.77182 17185.49411 42264.35741 52172.07277 22938.27464 36376.78025 12051.67484 8228.047176 18138.65889 26650.09995 37174.92719 29409.18733 19841.36522 5340.60707 14394.54622 10225.52441 1605.423193 3693.547958 1450.262809 5982.631858 4847.043908 3091.504125 3000.77051 0 507.9605951 907.4766296 156.0139385 0 0 0 0 0 0 0 0 0 0 0 0 0 0 0 0 0 0 0 0 0 0 0 0 0 0 0 0 0 0 0 0 0 0 0 0 0 0 0 0 0 0 0 0 0 0 0 0 0 0 0 0 0 0 0 0 0 0 0 0 0 0 0 0 0 0 0 0 0 0 0 0 0 0 0 0 0 0 0 0 0 0 0 0 0 0 0 0 
0 0 0 0 0 0 0 0 0 0 0 0 0 0 0 0 0 0 0 0 0 0 0 0 0 0 0 0 0 0 0 0 0 0 0 0 0 0 0 0 0 0 0 0 0 0 0 0 0 0 0 0 0 0 0 0 0 0 0 0 0 0 0 0 0 0 0 0 0 0 0 0 0 0 0 0 0 0 0 0 0 0 0 0 0 0 0 24.32152483 62.22120913 126.4402347 2022.107418 570.5293348 1985.536549 25.3812709 4095.853899 4896.880407 6253.228324 13378.50178 12768.63031 8707.832908 6966.404923 18485.85906 17386.91956 21365.59684 37268.79813 32981.61796 31588.77013 37564.18326 18775.65075 47387.29416 41003.4535 25562.30744 22315.79496 26902.66864 32872.28946 66141.274 44660.97372 45452.13889 50677.27022 48896.54589 48261.57799 50945.89338 51555.003 31876.36791 26514.35896 61864.80395 78699.00154 62014.30364 55001.41669 27489.58454 85531.5725 68135.97666 50328.24015 35094.98445 37975.44237 102901.1777 76847.31712 64325.44372 32935.65931 28581.01242 26485.96228 65558.4195 36361.08973 23964.90361 27117.73442 21013.84553 39123.32541 48156.64144 8760.489959 14064.17123 12706.12497 33883.93606 2370.242786 32976.70539 10462.36021 10103.94772 4428.445472 10796.38176 8060.935085 7974.266935 2975.957047 1358.814542 3401.46996 2786.159185 1957.705782 2144.211387 0 0 0 0 0 0 0 0 0 0 0 0 0 0 0 0 0 0 0 0 0 0 0 0 0 0 0 0 0 0 0 0 0 0 0 0 0 0 0 0 0 0 0 0 0 0 0 0 0 0 0 0 0 0 0 0 0 0 0 0 0 0 0 0 0 0 0 0 0 0 0 0 0 0 0 0 0 0 0 0 0 0 0 0 0 0 0 0 0 0 
0 0 0 0 0 0 0 0 0 0 0 0 0 0 0 0 0 0 0 0 0 0 0 0 0 0 0 0 0 0 0 0 0 0 0 0 0 0 0 0 0 0 0 0 0 0 0 0 0 0 0 0 0 0 0 0 0 0 0 0 0 0 0 0 0 0 0 0 0 0 0 0 0 0 0 0 0 0 0 0 0 0 0 0 0 0 0 0 123.1987547 58.96042388 740.781351 3132.870605 991.4295383 3175.549867 3686.108678 10122.54751 6590.342765 3782.660408 13614.07036 6034.715946 15793.02491 21968.20578 23584.61805 20824.71556 17310.5203 26994.00558 27121.94002 28649.87589 27056.05499 35196.13401 35087.40057 29078.53156 28833.55404 32550.6589 5365.056329 97601.70688 39101.71944 54519.0266 67002.01369 61202.26428 38909.67108 72641.84052 51738.19137 54280.03555 49838.34363 54297.49896 16910.36337 72407.47181 17387.75451 55286.52518 152479.7016 44081.41466 51117.23253 56388.68986 66175.03767 69962.75754 53371.34709 80285.2836 29264.38991 40546.20638 45649.62838 33381.61757 25786.4195 79355.93498 47610.74086 9408.095291 35254.89177 22426.72858 37642.8066 40604.98655 32293.46379 8261.671186 7598.1128 21333.78782 18412.82512 7612.538179 2470.449195 12095.13487 9590.019603 5333.145783 4445.282823 4098.955383 5111.608757 2435.640526 2965.204067 1365.483411 1186.110953 714.1953703 102.5378506 0 0 0 0 0 0 0 0 0 0 0 0 0 0 0 0 0 0 0 0 0 0 0 0 0 0 0 0 0 0 0 0 0 0 0 0 0 0 0 0 0 0 0 0 0 0 0 0 0 0 0 0 0 0 0 0 0 0 0 0 0 0 0 0 0 0 0 0 0 0 0 0 0 0 0 0 0 0 0 0 0 0 0 0 0 0 0 
0 0 0 0 0 0 0 0 0 0 0 0 0 0 0 0 0 0 0 0 0 0 0 0 0 0 0 0 0 0 0 0 0 0 0 0 0 0 0 0 0 0 0 0 0 0 0 0 0 0 0 0 0 0 0 0 0 0 0 0 0 0 0 0 0 0 0 0 0 0 0 0 0 0 0 0 0 0 0 0 0 0 0 0 0 0 0 0 158.2332241 377.6950026 283.6468118 1625.810635 906.2818178 3503.712192 1193.419259 3135.124642 7600.647054 9765.931254 13678.72291 17576.87683 9821.449617 15237.36307 18887.89315 9633.667379 15555.24098 19609.02572 22474.93761 30643.13421 35121.38556 21226.50717 28223.81136 56569.32496 25443.69223 40802.8147 110058.6662 73536.5522 58025.86169 42288.16515 58037.64158 45035.7914 72385.08098 95457.21768 59481.59497 61730.12524 45775.74777 78774.97795 90634.86831 80078.75934 63795.44855 26608.77121 27994.18031 24065.81728 40958.98791 67334.01627 48514.11297 45530.99023 30040.66105 47095.89873 59553.0624 47076.33607 33975.0998 35305.43101 34302.76077 22290.93182 41204.70978 44220.27096 21760.31768 19489.28463 32152.94476 29970.88829 40054.21053 19803.9086 16302.28802 17622.83856 14305.23068 16795.99093 11336.84236 8435.75001 6285.615183 6873.495483 6693.64552 1843.006609 6636.265452 2030.105633 1739.94729 1417.984971 1047.325008 85.84429914 0 0 0 0 0 0 0 0 0 0 0 0 0 0 0 0 0 0 0 0 0 0 0 0 0 0 0 0 0 0 0 0 0 0 0 0 0 0 0 0 0 0 0 0 0 0 0 0 0 0 0 0 0 0 0 0 0 0 0 0 0 0 0 0 0 0 0 0 0 0 0 0 0 0 0 0 0 0 0 0 0 0 0 0 0 0 0 0 
0 0 0 0 0 0 0 0 0 0 0 0 0 0 0 0 0 0 0 0 0 0 0 0 0 0 0 0 0 0 0 0 0 0 0 0 0 0 0 0 0 0 0 0 0 0 0 0 0 0 0 0 0 0 0 0 0 0 0 0 0 0 0 0 0 0 0 0 0 0 0 0 0 0 0 0 0 0 0 0 0 0 0 0 0 0 0 0 256.2886265 581.6901415 1513.378131 3551.01836 1696.160815 659.8368121 4351.670771 7919.162161 8504.28998 8540.295357 8131.374228 14826.91855 11282.5261 20107.60821 26606.54698 19243.01349 32486.98741 17307.66155 18523.53936 14941.55366 30142.44847 28206.97269 30178.99832 35425.63431 16755.20045 33871.33841 29243.34871 30092.29026 52729.12184 44073.73269 50578.09414 48626.59338 56751.08971 40348.07169 68140.46444 60555.62874 50914.02847 52238.29244 52667.20435 62614.25066 89333.03267 81857.20734 61077.33822 69430.75624 48508.18216 63843.87117 52498.70132 45215.94239 46766.23797 42814.91723 40750.31096 58348.0651 32170.31363 34229.86459 10707.56194 35079.9535 41893.1561 47829.82737 36646.99833 14461.1372 36357.86898 23496.9157 25118.65551 27578.15953 15148.92879 11351.07185 20596.71528 24491.24713 15029.24292 4198.719395 8088.487385 7693.41282 4587.580546 4903.827758 1176.071517 2622.213878 1226.403262 355.5339371 89.99728493 200.6909456 0 0 0 0 0 0 0 0 0 0 0 0 0 0 0 0 0 0 0 0 0 0 0 0 0 0 0 0 0 0 0 0 0 0 0 0 0 0 0 0 0 0 0 0 0 0 0 0 0 0 0 0 0 0 0 0 0 0 0 0 0 0 0 0 0 0 0 0 0 0 0 0 0 0 0 0 0 0 0 0 0 0 0 0 0 0 0 0 
0 0 0 0 0 0 0 0 0 0 0 0 0 0 0 0 0 0 0 0 0 0 0 0 0 0 0 0 0 0 0 0 0 0 0 0 0 0 0 0 0 0 0 0 0 0 0 0 0 0 0 0 0 0 0 0 0 0 0 0 0 0 0 0 0 0 0 0 0 0 0 0 0 0 0 0 0 0 0 0 0 0 0 0 0 0 0 0 0 1446.653345 561.0579399 874.0151315 1643.577559 1417.412666 6339.356464 2759.835182 4000.25592 9689.30211 10784.54413 9177.694302 12200.66911 13754.12351 8584.804287 9941.054543 14606.80056 29017.77309 23864.77839 27357.2148 9293.021794 20275.20122 9953.385929 30616.30551 4308.538212 53953.80122 39916.77455 45252.59457 42814.63613 22849.3955 42531.84788 92007.3096 48506.71664 59499.85942 38897.40985 65777.26685 80161.67665 101719.7014 64374.07422 44262.58664 54201.91729 63321.69442 62747.55859 54897.24149 35192.39969 31901.28904 21561.69141 45995.48297 45930.86527 39188.9106 55906.76908 60645.8986 39134.09682 63730.54079 63943.52345 62172.93677 17034.83227 20298.31111 29696.86925 26781.49226 15898.98016 25639.94934 14148.18769 17149.34612 25160.31506 9797.670404 12695.28124 15246.29183 4791.579024 6549.355581 5718.924589 7600.834846 6641.976144 6202.866877 1369.683895 1584.578714 1333.157372 320.240554 605.5945181 367.4463878 150.3675209 0 0 0 0 0 0 0 0 0 0 0 0 0 0 0 0 0 0 0 0 0 0 0 0 0 0 0 0 0 0 0 0 0 0 0 0 0 0 0 0 0 0 0 0 0 0 0 0 0 0 0 0 0 0 0 0 0 0 0 0 0 0 0 0 0 0 0 0 0 0 0 0 0 0 0 0 0 0 0 0 0 0 0 0 0 0 0 
0 0 0 0 0 0 0 0 0 0 0 0 0 0 0 0 0 0 0 0 0 0 0 0 0 0 0 0 0 0 0 0 0 0 0 0 0 0 0 0 0 0 0 0 0 0 0 0 0 0 0 0 0 0 0 0 0 0 0 0 0 0 0 0 0 0 0 0 0 0 0 0 0 0 0 0 0 0 0 0 0 0 0 0 0 0 0 0 196.9918689 19.53881224 1740.29484 1240.138229 673.4910527 203.5158674 2613.797053 4323.889756 2966.210159 7122.89315 11158.2063 18180.62308 9443.862185 8544.415723 14199.81829 20546.57593 34421.06357 18987.63144 18113.48119 33997.82966 30840.01538 26965.35997 21928.24761 34571.07876 45208.66732 24823.97761 70269.01468 54086.12037 33299.27539 38607.22233 12009.85927 43316.41767 77074.71641 24128.72328 59699.01906 33451.00347 45641.15393 9354.462155 101198.6786 45800.30888 53836.62203 27263.03682 51561.33959 79715.71462 42791.26263 63264.68604 54482.91939 76188.12212 39602.9381 28535.32999 40895.57489 51053.39741 31870.56427 24041.31651 36304.74226 42753.1877 34185.88886 45953.93573 16315.91956 24650.51174 25455.58405 46121.00135 20022.91192 10046.41721 19114.08879 26742.58922 17196.26102 9133.659017 12130.69658 9195.832223 5971.695143 7709.073955 2745.927814 2045.343202 4921.153807 4112.384387 389.1042642 1599.922529 557.3848355 268.2829682 0 0 0 0 0 0 0 0 0 0 0 0 0 0 0 0 0 0 0 0 0 0 0 0 0 0 0 0 0 0 0 0 0 0 0 0 0 0 0 0 0 0 0 0 0 0 0 0 0 0 0 0 0 0 0 0 0 0 0 0 0 0 0 0 0 0 0 0 0 0 0 0 0 0 0 0 0 0 0 0 0 0 0 0 0 0 0 0 
0 0 0 0 0 0 0 0 0 0 0 0 0 0 0 0 0 0 0 0 0 0 0 0 0 0 0 0 0 0 0 0 0 0 0 0 0 0 0 0 0 0 0 0 0 0 0 0 0 0 0 0 0 0 0 0 0 0 0 0 0 0 0 0 0 0 0 0 0 0 0 0 0 0 0 0 0 0 0 0 0 0 0 0 0 0 0 0 0 0 1045.521616 3497.30359 1861.01095 345.9001891 5079.340352 0 3216.90844 5090.514181 8972.53688 9439.328199 14580.95398 14872.12765 13395.54278 23497.15569 14536.50388 21176.15368 16581.97121 17633.06499 24158.18616 28276.63066 32205.92254 19693.06384 21982.02402 9854.493619 11679.27001 26827.79502 37664.6727 66516.61528 66733.9515 32279.67428 76159.06625 58407.65661 54687.59415 59898.23553 61680.35867 94862.56036 52751.69398 73060.46178 72066.97695 52417.28824 34589.49034 50037.24541 51858.72842 31725.91556 77705.73149 57546.18912 37857.4913 31358.65125 66918.44532 15046.44248 60059.43492 54028.78527 38622.18834 28139.13485 24611.23208 29860.09948 44095.08338 25603.20032 20168.45591 30331.57134 13776.55662 7272.719408 23788.46279 15831.49355 12202.56184 12835.50181 15735.65928 4643.602953 6515.050013 9245.664992 7470.602529 5124.863653 2439.441775 4883.881939 836.668235 1220.908019 552.9651422 0 0 0 0 0 0 0 0 0 0 0 0 0 0 0 0 0 0 0 0 0 0 0 0 0 0 0 0 0 0 0 0 0 0 0 0 0 0 0 0 0 0 0 0 0 0 0 0 0 0 0 0 0 0 0 0 0 0 0 0 0 0 0 0 0 0 0 0 0 0 0 0 0 0 0 0 0 0 0 0 0 0 0 0 0 0 0 0 0 
0 0 0 0 0 0 0 0 0 0 0 0 0 0 0 0 0 0 0 0 0 0 0 0 0 0 0 0 0 0 0 0 0 0 0 0 0 0 0 0 0 0 0 0 0 0 0 0 0 0 0 0 0 0 0 0 0 0 0 0 0 0 0 0 0 0 0 0 0 0 0 0 0 0 0 0 0 0 0 0 0 0 0 0 0 0 0 0 75.91454753 440.0654349 0 945.5296952 1241.42041 5994.970091 1379.782605 1065.99698 4454.918325 6368.998051 8435.948626 4044.031124 15504.23548 16824.09318 25089.07254 9099.422896 30287.8764 31371.2629 30347.49541 18461.89224 16430.65392 28922.18662 65207.74502 55462.68245 49380.66184 47833.18532 41427.99855 30693.03213 43336.81168 32724.52484 56570.71182 35905.59673 55477.44021 60840.48328 33200.95764 16200.02725 52811.95347 68527.52062 62818.03785 71371.94419 54911.73854 80751.1351 64956.62865 34782.46609 34085.27737 83761.06431 62294.7621 47505.42271 43002.67475 68190.23729 56972.42237 41148.20251 24754.95266 20064.88959 31047.82557 17421.5612 42173.14648 44106.70928 32428.01005 44288.2908 19079.79686 4848.661253 19410.08907 19966.19896 14685.30993 15444.41292 2449.075615 18387.75154 10441.9743 11802.33298 6337.231539 2044.790602 7625.167624 5493.364526 3685.340862 972.4855099 1479.729204 138.1919943 871.4863357 134.1910493 31.0163466 0 0 0 0 0 0 0 0 0 0 0 0 0 0 0 0 0 0 0 0 0 0 0 0 0 0 0 0 0 0 0 0 0 0 0 0 0 0 0 0 0 0 0 0 0 0 0 0 0 0 0 0 0 0 0 0 0 0 0 0 0 0 0 0 0 0 0 0 0 0 0 0 0 0 0 0 0 0 0 0 0 0 0 0 0 0 0 
0 0 0 0 0 0 0 0 0 0 0 0 0 0 0 0 0 0 0 0 0 0 0 0 0 0 0 0 0 0 0 0 0 0 0 0 0 0 0 0 0 0 0 0 0 0 0 0 0 0 0 0 0 0 0 0 0 0 0 0 0 0 0 0 0 0 0 0 0 0 0 0 0 0 0 0 0 0 0 0 0 0 0 0 0 0 0 27.43370755 83.25780466 1014.05063 0 636.9540065 4240.154429 2022.51686 6476.016614 6453.614359 5903.131575 15229.39883 11667.28774 2877.662058 15901.22816 14110.50546 21132.92282 20121.1382 18018.92367 55960.9528 23617.94654 31842.54929 24549.55305 37527.36897 23575.27675 24421.9325 35710.6182 16148.67606 35531.25966 53993.25009 35466.03063 46430.05137 35162.37628 44688.83511 64458.37487 49354.07905 93314.34284 106329.4723 69580.84317 28889.80356 63747.68219 54981.13224 35056.61239 45929.77679 89554.00061 83086.77482 73857.87575 34087.34758 52414.40439 15183.65619 27616.31229 36155.50026 68247.10254 59246.38767 49915.53163 31393.73987 58187.95615 30724.86994 77834.5205 18924.77033 37477.04938 23741.77266 18428.28539 22456.09057 11692.42674 1957.637537 18454.27401 10336.86197 20836.4514 26848.69567 3335.514858 6094.375852 5975.928597 4851.000499 10071.4469 7210.932928 2842.403444 2608.223652 0 1116.919133 0 57.59544294 0 0 0 0 0 0 0 0 0 0 0 0 0 0 0 0 0 0 0 0 0 0 0 0 0 0 0 0 0 0 0 0 0 0 0 0 0 0 0 0 0 0 0 0 0 0 0 0 0 0 0 0 0 0 0 0 0 0 0 0 0 0 0 0 0 0 0 0 0 0 0 0 0 0 0 0 0 0 0 0 0 0 0 0 0 0 0 0 
0 0 0 0 0 0 0 0 0 0 0 0 0 0 0 0 0 0 0 0 0 0 0 0 0 0 0 0 0 0 0 0 0 0 0 0 0 0 0 0 0 0 0 0 0 0 0 0 0 0 0 0 0 0 0 0 0 0 0 0 0 0 0 0 0 0 0 0 0 0 0 0 0 0 0 0 0 0 0 0 0 0 0 0 0 0 0 0 0 575.3915195 1179.984723 2500.361837 2975.578073 2772.468551 4603.155435 6282.204112 10239.48649 2404.117406 9865.084781 7293.611393 10467.3484 5732.779225 6880.989521 18725.85396 34824.69559 32103.75936 10664.81624 34424.74879 17115.07232 36667.88228 19480.63159 27483.46973 42625.60016 29591.02826 30280.52188 64869.96484 23301.46781 68080.14953 78087.51995 70334.52672 36905.69985 45667.09214 41098.6892 32633.93819 102235.2136 52980.73882 80790.49867 44343.06586 54699.8062 45431.78843 45980.65037 19012.77701 102116.3015 41955.08791 31710.7571 54820.9709 50731.99498 55765.25847 13200.133 53385.17077 32014.9305 46468.84497 70181.73119 42192.88097 29387.5288 42660.62938 25733.5544 35254.17973 34845.81127 22280.79157 15485.38774 16535.01103 24216.98238 18097.62967 14458.86218 14378.32563 20840.52344 14083.47459 8779.472044 5573.511546 8163.142763 432.2950124 4130.625193 1074.045161 3313.503045 1649.612908 1508.996473 304.0119333 0 0 0 0 0 0 0 0 0 0 0 0 0 0 0 0 0 0 0 0 0 0 0 0 0 0 0 0 0 0 0 0 0 0 0 0 0 0 0 0 0 0 0 0 0 0 0 0 0 0 0 0 0 0 0 0 0 0 0 0 0 0 0 0 0 0 0 0 0 0 0 0 0 0 0 0 0 0 0 0 0 0 0 0 0 0 0 0 
0 0 0 0 0 0 0 0 0 0 0 0 0 0 0 0 0 0 0 0 0 0 0 0 0 0 0 0 0 0 0 0 0 0 0 0 0 0 0 0 0 0 0 0 0 0 0 0 0 0 0 0 0 0 0 0 0 0 0 0 0 0 0 0 0 0 0 0 0 0 0 0 0 0 0 0 0 0 0 0 0 0 0 0 0 0 0 0 234.4747741 1050.561978 324.0590579 1660.565885 2181.674297 700.9865209 3565.174195 7848.733888 6900.226134 10767.74021 13334.23269 12538.11346 22515.05819 24703.15655 24661.50335 17843.0581 26779.76287 33436.03382 13360.62419 23390.83363 47591.26337 5002.660668 20771.47581 42487.48395 37740.85159 23861.38797 36593.14047 43956.41497 43286.97501 68672.14936 41620.24189 39214.05217 54018.94275 80910.68484 49557.93579 50066.76098 95695.86457 46869.48881 52119.00781 53991.51498 71962.95082 54476.62226 69997.44415 97445.39084 84281.60414 80791.91224 47782.98405 65306.97393 73693.17166 50538.95959 70228.3032 36138.189 34513.96466 33838.6009 21229.35145 26533.58116 43307.14345 61004.74311 28480.98028 49880.48821 18404.43031 19391.10541 12925.68667 13761.61226 19666.49709 10992.82392 12000.46489 14294.81523 11064.21626 5226.38158 7925.898614 2688.610581 6490.420685 5881.884604 4628.794339 1274.041197 0 993.1910239 1106.15167 151.4985619 0 0 0 0 0 0 0 0 0 0 0 0 0 0 0 0 0 0 0 0 0 0 0 0 0 0 0 0 0 0 0 0 0 0 0 0 0 0 0 0 0 0 0 0 0 0 0 0 0 0 0 0 0 0 0 0 0 0 0 0 0 0 0 0 0 0 0 0 0 0 0 0 0 0 0 0 0 0 0 0 0 0 0 0 0 0 0 0 
0 0 0 0 0 0 0 0 0 0 0 0 0 0 0 0 0 0 0 0 0 0 0 0 0 0 0 0 0 0 0 0 0 0 0 0 0 0 0 0 0 0 0 0 0 0 0 0 0 0 0 0 0 0 0 0 0 0 0 0 0 0 0 0 0 0 0 0 0 0 0 0 0 0 0 0 0 0 0 0 0 0 0 0 0 0 0 0 305.3762609 1066.721082 1079.701717 0 2264.743207 3428.540975 9290.032961 9453.648142 8683.611532 14185.91699 21685.70653 17286.56803 11548.41825 14159.10352 11091.16043 15942.32092 26126.32129 29748.75511 30817.29726 24641.98582 38879.05086 50095.90323 34536.30248 26642.13527 37907.96069 16926.26123 49055.24063 56583.86575 51641.74371 91925.71777 68082.78926 81667.68355 62020.35168 70483.39466 49489.41895 83739.09941 81450.65841 64551.71946 36882.82067 63500.23921 26605.313 98469.19639 28135.69101 23778.32103 59670.68747 68892.51844 126523.2319 67544.37008 70139.43997 37696.79932 45108.49977 51109.43061 36280.7262 31188.78541 56603.11667 23843.82517 31975.56961 40899.89691 38302.12958 25371.47075 26205.2181 32648.44222 23202.02542 14148.44459 22128.34963 13092.01462 20205.29177 20824.15465 5072.544747 4629.838459 7800.500363 7763.756174 5330.733793 2389.071651 2215.209369 741.6946179 1438.920535 2887.679973 685.4364801 175.7514171 0 0 0 0 0 0 0 0 0 0 0 0 0 0 0 0 0 0 0 0 0 0 0 0 0 0 0 0 0 0 0 0 0 0 0 0 0 0 0 0 0 0 0 0 0 0 0 0 0 0 0 0 0 0 0 0 0 0 0 0 0 0 0 0 0 0 0 0 0 0 0 0 0 0 0 0 0 0 0 0 0 0 0 0 0 0 0 0 
0 0 0 0 0 0 0 0 0 0 0 0 0 0 0 0 0 0 0 0 0 0 0 0 0 0 0 0 0 0 0 0 0 0 0 0 0 0 0 0 0 0 0 0 0 0 0 0 0 0 0 0 0 0 0 0 0 0 0 0 0 0 0 0 0 0 0 0 0 0 0 0 0 0 0 0 0 0 0 0 0 0 0 0 0 0 0 0 0 823.3669259 719.65654 1919.931919 691.1579758 5815.647988 8642.494566 9019.74064 9777.341978 12668.1214 7490.047627 14662.74115 19095.83977 22325.60003 19082.11109 11660.18178 9378.058787 11140.92499 21918.76761 19776.14732 29796.80896 21048.36713 13174.17405 50954.44167 36833.30499 50443.7244 46572.61406 32308.00366 55218.6596 46498.55544 42267.68049 14601.36762 42592.20832 49149.1244 81957.55983 56977.21645 25663.66362 25962.62924 55319.39094 116821.8939 45655.8177 55155.35175 90667.1908 43458.81485 27482.63937 25887.79005 65503.22763 83040.65003 55458.64967 50544.91027 20499.57317 19689.06705 42780.36788 37712.76801 28520.22929 58708.84278 18524.01536 29878.2375 37144.90911 28393.81565 29455.05677 55612.12168 32416.92573 12512.20274 13722.77482 14303.02699 12762.598 16938.72824 13862.30692 16063.72557 6460.954333 2656.162492 3533.748332 3814.814761 238.8770825 2040.332535 37.63782924 1868.001132 956.4987056 0 0 0 0 0 0 0 0 0 0 0 0 0 0 0 0 0 0 0 0 0 0 0 0 0 0 0 0 0 0 0 0 0 0 0 0 0 0 0 0 0 0 0 0 0 0 0 0 0 0 0 0 0 0 0 0 0 0 0 0 0 0 0 0 0 0 0 0 0 0 0 0 0 0 0 0 0 0 0 0 0 0 0 0 0 0 0 0 0 
0 0 0 0 0 0 0 0 0 0 0 0 0 0 0 0 0 0 0 0 0 0 0 0 0 0 0 0 0 0 0 0 0 0 0 0 0 0 0 0 0 0 0 0 0 0 0 0 0 0 0 0 0 0 0 0 0 0 0 0 0 0 0 0 0 0 0 0 0 0 0 0 0 0 0 0 0 0 0 0 0 0 0 0 0 0 0 100.7328407 0 813.9587108 1041.286403 1690.467119 1147.54047 2253.87225 5798.590307 3374.294567 15454.02895 8998.979982 16058.4005 9270.951528 15271.15644 25874.39838 15109.3363 22940.04953 35142.57774 17864.49464 15049.37816 46952.05768 27672.58774 41658.05487 22066.23637 26240.60539 33870.43134 58548.9166 38683.25907 33742.90524 32238.26387 36059.88351 68932.32102 48582.60912 34685.4152 96632.14834 54216.7173 52372.90202 97569.05246 63219.066 73535.85731 73291.22124 44737.23999 33972.25168 79792.2212 42995.21487 40889.39492 40539.6855 94698.47187 55111.67429 42158.03168 21750.70952 43313.48679 26228.44864 66915.03576 22217.46004 27341.71748 45465.78343 37957.36626 18275.65015 23253.28794 40274.6408 17493.72772 12089.86911 29274.68375 23221.63146 15606.04535 9236.00692 14921.94599 18630.24184 5383.299717 14943.16531 8107.949434 7769.665828 5996.453903 4489.520055 4192.643288 231.8110275 1657.478313 348.5525506 1467.884519 0 0 0 0 0 0 0 0 0 0 0 0 0 0 0 0 0 0 0 0 0 0 0 0 0 0 0 0 0 0 0 0 0 0 0 0 0 0 0 0 0 0 0 0 0 0 0 0 0 0 0 0 0 0 0 0 0 0 0 0 0 0 0 0 0 0 0 0 0 0 0 0 0 0 0 0 0 0 0 0 0 0 0 0 0 0 0 0 0 
0 0 0 0 0 0 0 0 0 0 0 0 0 0 0 0 0 0 0 0 0 0 0 0 0 0 0 0 0 0 0 0 0 0 0 0 0 0 0 0 0 0 0 0 0 0 0 0 0 0 0 0 0 0 0 0 0 0 0 0 0 0 0 0 0 0 0 0 0 0 0 0 0 0 0 0 0 0 0 0 0 0 0 0 0 0 0 0 0 553.0771525 1442.818156 1318.561452 2436.242112 2338.254072 5763.159084 7101.526 15915.02244 5015.995305 11134.95515 15745.43613 16487.94456 15237.2362 7325.375566 23374.44247 30833.25132 7980.008481 28765.63337 23120.28956 18509.39074 45507.92954 26989.80466 26134.99467 29798.83053 22640.81115 46583.45562 27516.12706 64799.94751 61551.66437 71950.83305 52131.01684 71254.17927 76850.74379 79280.73079 105168.8179 61224.012 74331.43954 72917.49272 44459.49668 97659.64794 63056.81059 53431.18694 59051.80942 51640.03086 59146.00731 67818.84205 46428.11973 75321.86858 43790.14407 65445.15974 11824.63399 46381.3579 31766.4425 29324.33659 31523.31466 32709.61221 27275.64847 23996.5961 24260.35063 21130.47114 10369.5718 14966.18951 34711.8936 16293.43734 28419.80645 13099.41879 12950.06837 20323.03876 9202.438078 9789.424548 7800.752643 0 3420.33268 4002.035132 2190.338105 1838.013575 349.2572479 271.934088 0 0 0 0 0 0 0 0 0 0 0 0 0 0 0 0 0 0 0 0 0 0 0 0 0 0 0 0 0 0 0 0 0 0 0 0 0 0 0 0 0 0 0 0 0 0 0 0 0 0 0 0 0 0 0 0 0 0 0 0 0 0 0 0 0 0 0 0 0 0 0 0 0 0 0 0 0 0 0 0 0 0 0 0 0 0 0 0 0 
0 0 0 0 0 0 0 0 0 0 0 0 0 0 0 0 0 0 0 0 0 0 0 0 0 0 0 0 0 0 0 0 0 0 0 0 0 0 0 0 0 0 0 0 0 0 0 0 0 0 0 0 0 0 0 0 0 0 0 0 0 0 0 0 0 0 0 0 0 0 0 0 0 0 0 0 0 0 0 0 0 0 0 0 0 0 0 0 0 783.2369426 795.2089457 327.3876063 1295.673926 5155.391318 1598.697471 3474.821637 6275.015177 1825.376305 3780.284129 19271.48422 21042.03277 26529.27036 8028.17783 41804.28237 9071.713629 26574.58465 13784.0296 11512.56665 10502.32105 25749.28495 13935.35696 42387.54718 37985.0834 69665.43784 35187.0282 59623.09974 14130.83788 37770.88366 79596.62873 36502.98599 93305.85872 55529.15313 65166.71843 41135.86551 51248.10343 92644.3088 55253.59431 90762.71013 72158.50115 69934.06833 71850.6962 96715.66253 86032.81889 54062.59531 41434.3751 58791.23073 83108.15736 41291.16463 54330.61344 46781.60326 29941.57201 37764.52786 29322.45893 26271.97828 9753.465216 34473.60829 22692.55229 18407.66223 25366.08467 29478.06884 24771.4129 10186.70844 12557.14376 19311.77672 15323.57277 10685.0316 4135.426099 8257.48686 4873.098995 6561.120713 3016.495523 5218.899923 5092.092186 1965.362383 1049.808451 1234.721276 934.9728498 186.4630577 146.4021025 0 0 0 0 0 0 0 0 0 0 0 0 0 0 0 0 0 0 0 0 0 0 0 0 0 0 0 0 0 0 0 0 0 0 0 0 0 0 0 0 0 0 0 0 0 0 0 0 0 0 0 0 0 0 0 0 0 0 0 0 0 0 0 0 0 0 0 0 0 0 0 0 0 0 0 0 0 0 0 0 0 0 0 0 0 0 0 
0 0 0 0 0 0 0 0 0 0 0 0 0 0 0 0 0 0 0 0 0 0 0 0 0 0 0 0 0 0 0 0 0 0 0 0 0 0 0 0 0 0 0 0 0 0 0 0 0 0 0 0 0 0 0 0 0 0 0 0 0 0 0 0 0 0 0 0 0 0 0 0 0 0 0 0 0 0 0 0 0 0 0 0 0 0 0 0 104.3784052 65.00890356 483.6519078 796.6980325 1217.978289 2981.441113 3855.501848 7780.776633 9783.030773 5846.011377 15303.22799 14476.5968 13064.7299 7168.035031 12689.28741 22896.60355 11067.10358 23984.56601 19240.15863 21686.9841 10577.93001 30521.6198 35994.97937 27373.33483 21525.15501 23547.27065 76635.35218 31353.07089 33091.13232 11760.1924 21193.40974 49922.85777 46678.0994 68203.76082 31883.40637 83163.7306 60055.48813 132492.3068 54493.73863 79654.99065 79377.23361 45267.11519 59490.71814 34385.7063 76518.58632 73199.02497 70847.52211 29109.4387 35128.24641 47918.08418 35828.75842 14759.26725 16711.25966 56525.14679 32731.16915 24572.45999 21553.91414 28690.28502 17780.91467 9135.379345 39436.08622 16864.85405 10442.66838 12217.67428 20863.07754 8049.972306 6088.401628 12294.05045 9961.170184 14313.53564 4545.898588 5090.004501 4640.488772 2437.83803 3031.927825 560.1212774 3250.766703 1256.012981 846.6131423 0 120.143113 0 0 0 0 0 0 0 0 0 0 0 0 0 0 0 0 0 0 0 0 0 0 0 0 0 0 0 0 0 0 0 0 0 0 0 0 0 0 0 0 0 0 0 0 0 0 0 0 0 0 0 0 0 0 0 0 0 0 0 0 0 0 0 0 0 0 0 0 0 0 0 0 0 0 0 0 0 0 0 0 0 0 0 0 0 0 0 
0 0 0 0 0 0 0 0 0 0 0 0 0 0 0 0 0 0 0 0 0 0 0 0 0 0 0 0 0 0 0 0 0 0 0 0 0 0 0 0 0 0 0 0 0 0 0 0 0 0 0 0 0 0 0 0 0 0 0 0 0 0 0 0 0 0 0 0 0 0 0 0 0 0 0 0 0 0 0 0 0 0 0 0 0 0 0 86.92136498 0 365.3991106 861.2864542 357.2113416 1231.191734 6693.356391 5809.558824 1508.849581 3496.951548 8620.632986 13484.98491 7523.987229 20487.33266 13246.00225 24410.37438 15175.76011 17106.34682 20259.08781 24744.39275 33543.30453 14673.74346 30644.21375 24475.37777 35051.84789 20997.52057 25294.34854 41313.6766 53673.12424 45979.95968 32201.7644 47734.63086 36934.84011 71617.20724 87340.41038 41195.71012 50852.41384 33353.33617 71774.08183 35830.5729 80017.22789 55717.53604 35311.01392 53724.82811 59157.34468 32676.57448 70863.39715 47145.01734 0 48230.90226 62640.34691 79416.56761 69589.42837 29294.06774 47217.71895 35944.12289 32044.73856 45827.81041 21734.4586 24758.68483 25848.01828 25715.39161 13655.32463 5947.063819 22676.23626 18470.51706 6504.10589 16504.50175 4574.092484 4290.000126 15383.32606 7820.641292 5376.846958 6878.81213 2185.093851 820.1796691 2683.049725 724.0208265 402.1671882 323.6476216 0.8664877295 0 0 0 0 0 0 0 0 0 0 0 0 0 0 0 0 0 0 0 0 0 0 0 0 0 0 0 0 0 0 0 0 0 0 0 0 0 0 0 0 0 0 0 0 0 0 0 0 0 0 0 0 0 0 0 0 0 0 0 0 0 0 0 0 0 0 0 0 0 0 0 0 0 0 0 0 0 0 0 0 0 0 0 0 0 0 0 0 
0 0 0 0 0 0 0 0 0 0 0 0 0 0 0 0 0 0 0 0 0 0 0 0 0 0 0 0 0 0 0 0 0 0 0 0 0 0 0 0 0 0 0 0 0 0 0 0 0 0 0 0 0 0 0 0 0 0 0 0 0 0 0 0 0 0 0 0 0 0 0 0 0 0 0 0 0 0 0 0 0 0 0 0 0 0 0 0 0 549.2684202 238.3902115 0 1044.562156 1330.254237 2495.359229 7545.008693 7368.852551 10605.31614 7789.163821 9681.814071 4299.082113 5875.757014 19339.77888 22969.96045 18241.72059 14789.0615 20240.96728 12997.49356 22846.29678 57253.64995 31964.56192 25666.49216 42510.03158 23184.14992 77652.96299 42572.32916 24119.81418 66186.65171 20824.73048 51933.41682 61600.9964 62068.39679 70971.93884 32051.29628 48815.36186 77133.05974 69581.39944 60018.05987 41790.1503 86841.4171 57050.14047 50048.66561 82757.99956 60186.40436 21842.86823 59402.72507 43779.56098 48344.23559 14816.03474 19183.78196 18434.88334 40081.12815 22251.56037 33909.6378 27500.6758 42801.99432 34850.05376 17829.48924 15174.19567 19522.73506 20158.78163 13166.62468 14363.95578 13260.19175 20272.06183 11051.71647 13894.67748 2207.465154 0 7416.4953 2933.604367 3076.822286 2388.515729 5357.247538 777.4075182 352.0907522 420.7178034 974.7913071 0 0 0 0 0 0 0 0 0 0 0 0 0 0 0 0 0 0 0 0 0 0 0 0 0 0 0 0 0 0 0 0 0 0 0 0 0 0 0 0 0 0 0 0 0 0 0 0 0 0 0 0 0 0 0 0 0 0 0 0 0 0 0 0 0 0 0 0 0 0 0 0 0 0 0 0 0 0 0 0 0 0 0 0 0 0 0 0 
0 0 0 0 0 0 0 0 0 0 0 0 0 0 0 0 0 0 0 0 0 0 0 0 0 0 0 0 0 0 0 0 0 0 0 0 0 0 0 0 0 0 0 0 0 0 0 0 0 0 0 0 0 0 0 0 0 0 0 0 0 0 0 0 0 0 0 0 0 0 0 0 0 0 0 0 0 0 0 0 0 0 0 0 0 0 0 0 54.92096875 624.0350875 1568.140351 11.02137591 294.6120533 2901.469064 3230.661737 8367.210661 11455.00236 11376.73637 11821.48339 14927.97455 11113.99836 8096.864886 7839.996495 19599.47773 19255.80002 26428.32617 27447.19904 23517.82846 14774.62962 20810.20081 41909.43245 20072.3281 56306.03629 44802.5332 42701.26382 64634.99442 6271.912542 68077.96973 48334.53013 75195.40458 89214.16294 92265.08347 45089.51268 50005.24092 74878.01566 43900.36732 86880.71391 54513.30516 33109.16429 111525.6549 33114.41855 33711.89472 40107.1245 51978.14076 77500.83912 47700.09609 62111.78604 51448.40826 27589.7815 86053.391 64028.39557 43020.33662 22674.20943 54729.16008 67946.95516 41784.70208 45440.62647 19432.94404 38931.98604 24350.65648 14101.77732 12968.51622 14287.99814 19498.16554 7472.958308 8838.742371 15349.14864 5168.555594 1915.145046 7128.27445 3493.171828 349.2346797 274.1079265 1310.918719 1981.745781 687.6891918 446.0247097 598.4733517 0 0 0 0 0 0 0 0 0 0 0 0 0 0 0 0 0 0 0 0 0 0 0 0 0 0 0 0 0 0 0 0 0 0 0 0 0 0 0 0 0 0 0 0 0 0 0 0 0 0 0 0 0 0 0 0 0 0 0 0 0 0 0 0 0 0 0 0 0 0 0 0 0 0 0 0 0 0 0 0 0 0 0 0 0 0 0 0 
0 0 0 0 0 0 0 0 0 0 0 0 0 0 0 0 0 0 0 0 0 0 0 0 0 0 0 0 0 0 0 0 0 0 0 0 0 0 0 0 0 0 0 0 0 0 0 0 0 0 0 0 0 0 0 0 0 0 0 0 0 0 0 0 0 0 0 0 0 0 0 0 0 0 0 0 0 0 0 0 0 0 0 0 0 0 0 0 98.44651997 193.2138785 1078.180128 717.762058 1596.497505 3357.095735 2425.793184 3387.441027 4224.0078 9957.146522 15602.39588 7233.332398 9535.430024 12354.8601 8595.090703 15634.97217 19891.78162 29710.53376 16771.74734 40699.43857 26134.51044 10835.45764 45561.50498 10728.08655 46650.51784 41499.51246 29469.35153 44859.13348 69584.16404 50864.54684 54040.53162 55170.82755 43450.57269 47694.29573 16224.66948 37744.33382 42051.59461 40414.66105 44296.31668 60601.88295 60570.51354 66517.32523 49946.71542 41357.22984 104490.2352 71148.9431 15412.853 21835.42683 52944.27162 19090.54013 57312.77558 61644.99011 81969.53266 71303.06257 55020.93041 56977.16561 30074.27223 22841.95348 29771.94993 50721.40464 38007.43045 6968.981186 35023.99692 30053.69908 24123.12129 18011.11413 16520.4281 9211.940816 3966.306527 1379.574712 3538.335212 8143.334727 8257.788851 5599.604177 3499.414896 1228.847513 1862.50164 865.1398497 385.8000035 365.0379341 0 0 0 0 0 0 0 0 0 0 0 0 0 0 0 0 0 0 0 0 0 0 0 0 0 0 0 0 0 0 0 0 0 0 0 0 0 0 0 0 0 0 0 0 0 0 0 0 0 0 0 0 0 0 0 0 0 0 0 0 0 0 0 0 0 0 0 0 0 0 0 0 0 0 0 0 0 0 0 0 0 0 0 0 0 0 0 0 
0 0 0 0 0 0 0 0 0 0 0 0 0 0 0 0 0 0 0 0 0 0 0 0 0 0 0 0 0 0 0 0 0 0 0 0 0 0 0 0 0 0 0 0 0 0 0 0 0 0 0 0 0 0 0 0 0 0 0 0 0 0 0 0 0 0 0 0 0 0 0 0 0 0 0 0 0 0 0 0 0 0 0 0 0 0 0 0 90.23291646 0 941.0644626 1181.920765 2352.680707 1955.627798 1754.785832 5108.302868 2069.731756 12443.33679 13705.16825 8471.815447 7894.706051 7836.650273 13794.76794 16229.21272 21274.72931 24214.45579 18062.07386 17128.79901 22028.47062 30378.06145 34190.77551 29475.45952 31086.102 25521.00676 29571.56864 73521.8548 33021.22553 42519.62948 72375.83578 29941.17156 28047.18091 38673.26597 81835.59124 30778.38716 49108.12964 68961.04032 76134.01521 41651.5754 106436.9618 35551.03298 51496.2503 55215.56341 54235.67626 39934.31608 93290.71048 96606.69427 19616.78838 37275.01911 47984.63126 17432.16071 25345.50442 63941.71562 28469.98672 49059.10488 31818.49396 39642.2507 47525.45321 45768.3213 19564.36822 17109.92782 13141.81194 9968.402135 22768.91946 13578.43603 6257.112464 11737.77766 9553.498354 8665.868081 7234.996898 4651.805609 1876.532747 6393.628121 41.67182792 1243.514428 1477.261067 749.0312249 774.3074733 288.7118302 0 0 0 0 0 0 0 0 0 0 0 0 0 0 0 0 0 0 0 0 0 0 0 0 0 0 0 0 0 0 0 0 0 0 0 0 0 0 0 0 0 0 0 0 0 0 0 0 0 0 0 0 0 0 0 0 0 0 0 0 0 0 0 0 0 0 0 0 0 0 0 0 0 0 0 0 0 0 0 0 0 0 0 0 0 0 0 0 
0 0 0 0 0 0 0 0 0 0 0 0 0 0 0 0 0 0 0 0 0 0 0 0 0 0 0 0 0 0 0 0 0 0 0 0 0 0 0 0 0 0 0 0 0 0 0 0 0 0 0 0 0 0 0 0 0 0 0 0 0 0 0 0 0 0 0 0 0 0 0 0 0 0 0 0 0 0 0 0 0 0 0 0 0 0 0 52.34322319 0 1239.009265 488.8312883 2611.091221 0 3536.663712 2069.015504 12216.28626 7107.686571 6523.707317 8231.432609 13778.85007 14942.16177 3459.004326 21135.44891 10898.74234 14527.21502 18718.20027 26082.46509 19579.39037 34933.38183 17363.0291 17740.93657 34411.03583 17669.60681 18599.39365 57749.37896 40436.62962 42956.18613 45439.52486 25717.47432 55974.90779 57714.83729 18058.01742 72951.83626 23701.6725 39671.43996 23721.30997 69928.5633 75102.26783 61521.95705 59558.14873 58221.2312 73038.02594 52491.44045 29932.45464 31513.35729 72940.15065 74223.02996 13998.62844 61416.63957 48317.23139 42164.99366 49109.37331 30574.49144 40414.63466 32606.60502 39961.41761 0 28299.30153 3577.7876 20479.97403 23006.14686 16083.81993 19113.74275 15540.70484 19334.81969 10875.75536 9190.299502 4634.592531 5270.775876 8368.658267 8036.327762 4098.586715 2452.266468 574.9780598 502.9006761 473.9730245 826.7766859 0 32.49701682 0 0 0 0 0 0 0 0 0 0 0 0 0 0 0 0 0 0 0 0 0 0 0 0 0 0 0 0 0 0 0 0 0 0 0 0 0 0 0 0 0 0 0 0 0 0 0 0 0 0 0 0 0 0 0 0 0 0 0 0 0 0 0 0 0 0 0 0 0 0 0 0 0 0 0 0 0 0 0 0 0 0 0 0 0 0 0 
0 0 0 0 0 0 0 0 0 0 0 0 0 0 0 0 0 0 0 0 0 0 0 0 0 0 0 0 0 0 0 0 0 0 0 0 0 0 0 0 0 0 0 0 0 0 0 0 0 0 0 0 0 0 0 0 0 0 0 0 0 0 0 0 0 0 0 0 0 0 0 0 0 0 0 0 0 0 0 0 0 0 0 0 0 0 0 0 0 733.2818141 1095.853279 314.6291412 1709.955236 2481.253026 2422.313615 3646.362113 6618.610525 12288.59249 2554.993021 4302.931526 3501.675802 9645.586032 14134.108 8356.57876 19245.20199 20406.59567 15637.44248 18121.73779 13287.10225 26250.9237 23415.59701 17072.50764 19427.56313 11929.5104 39640.32307 31828.94019 39238.64979 12687.4498 44646.37823 45268.72232 15539.00705 25606.46797 43181.70875 29734.0728 52406.32397 65507.37863 7536.755907 60483.50179 25665.16546 41968.15426 41606.3556 32091.37624 16068.66114 69193.04861 8422.18905 46272.42633 48421.01255 12933.56195 29622.13437 61340.89202 40776.20143 38874.96845 42871.11504 16574.86522 29109.93819 18795.78784 18425.8541 23486.27122 9735.486434 5986.910428 8573.010982 20164.94242 3990.843402 13521.52689 6374.662435 10679.23478 11750.48436 3781.340415 7841.955838 5467.666987 1693.609336 8856.017687 2411.937066 2530.75545 976.2129686 2330.623626 1024.655541 160.196117 19.13232832 0 0 0 0 0 0 0 0 0 0 0 0 0 0 0 0 0 0 0 0 0 0 0 0 0 0 0 0 0 0 0 0 0 0 0 0 0 0 0 0 0 0 0 0 0 0 0 0 0 0 0 0 0 0 0 0 0 0 0 0 0 0 0 0 0 0 0 0 0 0 0 0 0 0 0 0 0 0 0 0 0 0 0 0 0 0 0 
0 0 0 0 0 0 0 0 0 0 0 0 0 0 0 0 0 0 0 0 0 0 0 0 0 0 0 0 0 0 0 0 0 0 0 0 0 0 0 0 0 0 0 0 0 0 0 0 0 0 0 0 0 0 0 0 0 0 0 0 0 0 0 0 0 0 0 0 0 0 0 0 0 0 0 0 0 0 0 0 0 0 0 0 0 0 0 0 0.2156666599 0 0 1720.011823 1696.888994 1836.270312 5420.152584 2201.427722 1150.034175 5910.68097 2251.453089 6275.751597 4818.544155 7234.500661 9887.90452 16854.11531 7882.918071 10580.21031 8608.795019 15103.37693 16627.55319 18595.49599 12196.35824 18865.48744 17859.89655 16894.82418 26010.32563 23021.74503 17833.43028 41481.19366 43521.30474 34269.34105 30954.90779 84090.04688 44923.99569 7982.515555 35331.39786 41255.33569 25005.67892 39225.93026 65352.58917 0 51104.89479 28740.40637 30901.07775 28481.40822 33924.32173 0 32188.06114 40998.10759 34676.09937 31793.54596 50241.99045 54428.92399 27857.67101 18209.70617 19916.46266 18351.87475 4627.945963 21600.51964 24547.20884 20664.6371 14324.26816 18508.15592 14753.30563 9029.873398 5912.728872 3730.293948 7079.396707 11307.33982 8672.010292 8717.587729 2136.08842 962.4811879 885.8988614 5719.575714 799.7880786 0 0 0 0 0 0 0 0 0 0 0 0 0 0 0 0 0 0 0 0 0 0 0 0 0 0 0 0 0 0 0 0 0 0 0 0 0 0 0 0 0 0 0 0 0 0 0 0 0 0 0 0 0 0 0 0 0 0 0 0 0 0 0 0 0 0 0 0 0 0 0 0 0 0 0 0 0 0 0 0 0 0 0 0 0 0 0 0 0 0 0 
0 0 0 0 0 0 0 0 0 0 0 0 0 0 0 0 0 0 0 0 0 0 0 0 0 0 0 0 0 0 0 0 0 0 0 0 0 0 0 0 0 0 0 0 0 0 0 0 0 0 0 0 0 0 0 0 0 0 0 0 0 0 0 0 0 0 0 0 0 0 0 0 0 0 0 0 0 0 0 0 0 0 0 0 0 0 0 0 0 333.1562594 588.7150004 1141.366113 2280.658567 2217.097669 38.8211253 4026.513419 2002.795826 3790.446943 3257.621258 8096.606051 5037.94754 3767.48496 5366.967825 4295.896015 11154.69983 18613.62479 18720.34815 24185.68256 19871.84934 25746.0952 34269.11019 35796.03778 45808.50492 23840.3407 24193.79803 55241.87058 16696.20728 25149.29289 11609.15362 22575.27165 33721.17174 25446.04376 40886.88837 13742.01724 32468.66068 66840.97618 22458.974 62606.83547 48241.10364 42116.30744 50385.50099 65485.0403 64774.30612 37515.98357 40476.36672 57240.50844 20946.43815 34423.57462 17773.41884 34753.87745 31807.18322 17564.70024 25824.81127 31211.47043 46192.7391 22330.15961 21636.7274 12676.23192 17164.71339 9668.514917 14123.16114 12448.89451 12646.67299 18946.46469 20375.23009 5085.58155 5064.291022 4680.995295 1385.82835 6279.325484 1452.972854 940.5369541 1673.292112 1677.753502 1827.81639 551.4816597 192.6510509 179.0376894 0 0 0 0 0 0 0 0 0 0 0 0 0 0 0 0 0 0 0 0 0 0 0 0 0 0 0 0 0 0 0 0 0 0 0 0 0 0 0 0 0 0 0 0 0 0 0 0 0 0 0 0 0 0 0 0 0 0 0 0 0 0 0 0 0 0 0 0 0 0 0 0 0 0 0 0 0 0 0 0 0 0 0 0 0 0 0 0 
0 0 0 0 0 0 0 0 0 0 0 0 0 0 0 0 0 0 0 0 0 0 0 0 0 0 0 0 0 0 0 0 0 0 0 0 0 0 0 0 0 0 0 0 0 0 0 0 0 0 0 0 0 0 0 0 0 0 0 0 0 0 0 0 0 0 0 0 0 0 0 0 0 0 0 0 0 0 0 0 0 0 0 0 0 0 0 0 151.5881957 36.1608261 483.7182662 1681.69437 118.8839042 3335.32153 929.0486275 1369.129102 3985.277402 5324.578903 15920.32641 4664.590891 17897.15709 6010.911568 11058.52921 13811.26262 25244.39126 8471.966905 20652.62827 19687.83524 15721.36825 17926.31221 9039.953678 9927.756829 20255.07248 37591.18458 42601.63337 27098.9169 17312.09419 29371.15931 51050.25897 18738.65256 18387.2733 28767.00721 78596.75624 50515.43665 44318.74532 22822.3011 26807.1949 14292.54525 38472.3523 24338.36202 55725.36829 60282.59368 37823.00385 27188.93113 25594.39314 28813.39975 35401.98451 47590.31167 35447.24213 42961.93741 31724.63455 14695.12375 35687.58551 22376.80633 20544.16702 12104.01919 48758.4936 7260.697664 20690.03959 14266.19512 17840.49197 16611.05357 17286.31754 19865.86429 9218.040269 8030.378573 9944.969107 3637.804144 1014.703953 5965.147819 6750.370086 1543.637571 3135.91266 1817.356158 1070.368961 993.1889171 0 0 8.084198552 0 0 0 0 0 0 0 0 0 0 0 0 0 0 0 0 0 0 0 0 0 0 0 0 0 0 0 0 0 0 0 0 0 0 0 0 0 0 0 0 0 0 0 0 0 0 0 0 0 0 0 0 0 0 0 0 0 0 0 0 0 0 0 0 0 0 0 0 0 0 0 0 0 0 0 0 0 0 0 0 0 0 0 0 0 0 0 
0 0 0 0 0 0 0 0 0 0 0 0 0 0 0 0 0 0 0 0 0 0 0 0 0 0 0 0 0 0 0 0 0 0 0 0 0 0 0 0 0 0 0 0 0 0 0 0 0 0 0 0 0 0 0 0 0 0 0 0 0 0 0 0 0 0 0 0 0 0 0 0 0 0 0 0 0 0 0 0 0 0 0 0 0 0 0 0 528.6557274 449.8447327 676.048312 759.405296 1288.891553 402.7281041 3773.525332 3832.460254 3674.355797 4414.787183 4824.454171 6276.698851 6904.524054 2613.283183 10657.11228 19787.69276 18403.12658 16511.67738 13520.77834 13549.99995 8291.41295 27928.21108 13299.92233 39663.38796 22483.86575 26061.36943 10504.72839 35753.73336 10262.92731 54317.1853 49214.41893 17892.42625 39866.83665 63588.29113 22797.16093 52276.13285 32312.63894 45672.17525 62448.43373 32305.92379 30115.5683 64721.1922 39832.31482 47442.43609 30430.95047 25152.08034 74244.91088 53272.21011 36684.75508 27322.71932 29213.58538 15949.71608 40043.10575 26483.64246 51630.24822 15502.66159 31883.25593 27410.35636 17879.83981 2024.237239 12953.54224 33487.55842 17224.26646 9584.199532 5195.530173 12076.50234 4637.873483 12233.0526 8977.404011 4111.210332 2384.695863 1666.352847 3410.746761 966.7315875 2965.058701 851.3486142 2414.83125 375.0940396 565.223331 147.3380011 0 0 0 0 0 0 0 0 0 0 0 0 0 0 0 0 0 0 0 0 0 0 0 0 0 0 0 0 0 0 0 0 0 0 0 0 0 0 0 0 0 0 0 0 0 0 0 0 0 0 0 0 0 0 0 0 0 0 0 0 0 0 0 0 0 0 0 0 0 0 0 0 0 0 0 0 0 0 0 0 0 0 0 0 0 0 0 0 
0 0 0 0 0 0 0 0 0 0 0 0 0 0 0 0 0 0 0 0 0 0 0 0 0 0 0 0 0 0 0 0 0 0 0 0 0 0 0 0 0 0 0 0 0 0 0 0 0 0 0 0 0 0 0 0 0 0 0 0 0 0 0 0 0 0 0 0 0 0 0 0 0 0 0 0 0 0 0 0 0 0 0 0 0 0 0 11.71612709 50.20264574 273.9450131 509.5730188 2026.622886 1475.763115 3439.604381 4313.019546 3627.675453 3292.332742 13301.01435 9746.84003 9335.792161 0 2218.084801 5780.135403 12987.04066 26242.37126 16834.19105 20286.4598 16975.25413 7221.199968 9220.275167 35498.82135 12620.28717 23913.71247 22894.8579 36770.13979 35649.50035 31915.86023 26777.01469 52342.09625 69785.38501 31268.80367 21457.67885 45709.12643 26565.81966 29677.827 43068.56979 27603.87852 6979.695625 49639.39885 75035.37537 24372.4559 22232.76133 66843.63816 26641.57213 43125.46749 40646.3406 37892.23967 46576.10175 54798.90234 22723.88443 27424.88291 33630.30835 8628.513721 19044.01141 5485.442756 11998.68375 13652.52429 22570.40215 15976.20817 14010.53791 6952.787474 2306.247145 9479.562924 14248.91186 2316.951867 3106.948498 2634.426126 6088.183581 8175.973285 6460.770513 3670.218111 2008.068663 1095.789742 675.1942671 1662.398975 420.8259208 0 0 119.8809395 0 0 0 0 0 0 0 0 0 0 0 0 0 0 0 0 0 0 0 0 0 0 0 0 0 0 0 0 0 0 0 0 0 0 0 0 0 0 0 0 0 0 0 0 0 0 0 0 0 0 0 0 0 0 0 0 0 0 0 0 0 0 0 0 0 0 0 0 0 0 0 0 0 0 0 0 0 0 0 0 0 0 0 0 0 0 0 
0 0 0 0 0 0 0 0 0 0 0 0 0 0 0 0 0 0 0 0 0 0 0 0 0 0 0 0 0 0 0 0 0 0 0 0 0 0 0 0 0 0 0 0 0 0 0 0 0 0 0 0 0 0 0 0 0 0 0 0 0 0 0 0 0 0 0 0 0 0 0 0 0 0 0 0 0 0 0 0 0 0 0 0 0 0 0 0 100.0044464 918.9003056 1021.177556 2312.655375 635.6762308 0 5626.657024 2676.548168 2609.571299 6691.23181 6052.061339 5164.603036 11803.04926 8452.223572 6611.669934 10890.49652 8332.504769 12719.95423 11234.83707 23401.27504 30263.59002 15719.36774 9878.410601 23213.0797 7128.723498 26746.7086 24994.74228 22992.75084 6011.550555 49215.33917 19424.03732 10608.29962 25790.52623 59352.5564 53032.56673 44575.61649 5221.865251 49015.60079 21263.38662 33452.72185 23099.43339 27133.63481 20541.39069 39442.84039 20987.17 47412.2798 37549.31742 38527.95058 47185.13033 12277.21538 31191.66157 34894.64884 26753.35516 27662.72719 15230.11279 32073.35299 3315.423758 27237.85769 24084.58965 26990.99094 12030.63304 8721.817833 13553.16665 9605.886716 12797.5106 7200.368085 10197.44248 10084.87703 9459.224045 7965.618868 7495.624868 2656.480864 2517.660951 3181.399296 627.6919555 1423.017714 1914.489396 0 334.9115704 305.3674437 8.915598149 0 0 0 0 0 0 0 0 0 0 0 0 0 0 0 0 0 0 0 0 0 0 0 0 0 0 0 0 0 0 0 0 0 0 0 0 0 0 0 0 0 0 0 0 0 0 0 0 0 0 0 0 0 0 0 0 0 0 0 0 0 0 0 0 0 0 0 0 0 0 0 0 0 0 0 0 0 0 0 0 0 0 0 0 0 0 0 
0 0 0 0 0 0 0 0 0 0 0 0 0 0 0 0 0 0 0 0 0 0 0 0 0 0 0 0 0 0 0 0 0 0 0 0 0 0 0 0 0 0 0 0 0 0 0 0 0 0 0 0 0 0 0 0 0 0 0 0 0 0 0 0 0 0 0 0 0 0 0 0 0 0 0 0 0 0 0 0 0 0 0 0 0 0 0 0 0 0 914.111927 1255.457331 1766.45097 2815.300391 4330.830507 2405.667019 6612.062649 1612.934743 1675.174442 12357.32135 10430.93637 5473.69956 7867.822585 13419.49711 21496.03631 20713.55093 11535.02606 9282.879338 10109.68083 32863.35798 29519.29794 24628.55498 12196.50671 37596.46861 36614.55893 14543.16221 22801.71975 23146.65006 35661.72156 21298.41513 35696.32533 4075.10778 34806.90286 46165.67286 35048.35306 36661.96046 32361.96798 30090.41016 39433.59247 37222.3792 40913.11275 8462.6475 44470.13961 36417.28867 58303.24586 42905.90048 20526.72454 19478.32834 15329.55396 32350.61805 44609.25071 23330.15119 26653.43339 3443.000036 26615.28206 14249.76869 21277.84776 12547.43516 19688.849 24385.6371 22489.08898 14009.06972 16792.77466 12084.32383 8016.503461 5911.572642 2320.352934 6135.474919 5331.053398 3634.821574 2525.271076 3774.709343 2843.555493 0 1341.150827 1313.672985 0 160.4343694 178.2907232 0 0 0 0 0 0 0 0 0 0 0 0 0 0 0 0 0 0 0 0 0 0 0 0 0 0 0 0 0 0 0 0 0 0 0 0 0 0 0 0 0 0 0 0 0 0 0 0 0 0 0 0 0 0 0 0 0 0 0 0 0 0 0 0 0 0 0 0 0 0 0 0 0 0 0 0 0 0 0 0 0 0 0 0 0 0 0 
0 0 0 0 0 0 0 0 0 0 0 0 0 0 0 0 0 0 0 0 0 0 0 0 0 0 0 0 0 0 0 0 0 0 0 0 0 0 0 0 0 0 0 0 0 0 0 0 0 0 0 0 0 0 0 0 0 0 0 0 0 0 0 0 0 0 0 0 0 0 0 0 0 0 0 0 0 0 0 0 0 0 0 0 0 0 0 0 0 15.48074174 274.9030391 62.91790978 2889.218648 513.3499101 2696.621852 2280.217522 3794.150122 5152.447619 2255.542673 10591.96168 5937.348397 17454.35834 12997.81479 19017.94838 14495.82081 21247.46955 17324.43316 26397.26585 28980.01348 10907.56668 18278.18024 7131.464086 30638.69611 15947.96503 23399.01147 27871.67565 38177.67521 26020.54282 13903.45255 33922.62255 43042.35863 27318.02347 32633.20514 31654.68751 55261.26887 25548.21531 22889.7304 40165.39578 29549.557 37930.5953 17946.22924 19685.17377 31823.91854 52169.41082 31945.63803 18857.42483 21167.69317 27264.83509 16567.44357 30153.23441 32359.11368 9954.103494 31560.75562 26671.24202 26941.6016 30614.0059 9336.115587 21016.28448 20733.19102 18410.64553 14086.22694 15118.81327 5449.952666 13431.25707 9187.601319 8710.853141 2083.52916 6475.783758 4061.823573 5953.671887 1915.475032 1599.660784 2772.260825 1271.300199 240.4117264 844.3639587 777.1054933 344.6384778 0 0 0 0 0 0 0 0 0 0 0 0 0 0 0 0 0 0 0 0 0 0 0 0 0 0 0 0 0 0 0 0 0 0 0 0 0 0 0 0 0 0 0 0 0 0 0 0 0 0 0 0 0 0 0 0 0 0 0 0 0 0 0 0 0 0 0 0 0 0 0 0 0 0 0 0 0 0 0 0 0 0 0 0 0 0 0 0 
0 0 0 0 0 0 0 0 0 0 0 0 0 0 0 0 0 0 0 0 0 0 0 0 0 0 0 0 0 0 0 0 0 0 0 0 0 0 0 0 0 0 0 0 0 0 0 0 0 0 0 0 0 0 0 0 0 0 0 0 0 0 0 0 0 0 0 0 0 0 0 0 0 0 0 0 0 0 0 0 0 0 0 0 0 0 0 0 0 423.4065112 330.5399772 2480.518655 1923.300068 2526.680869 332.1165698 1707.577083 4049.258248 3975.617646 6404.991971 3371.922967 11477.84323 5239.572801 12357.95135 20549.82192 22361.61889 14174.06398 10436.33005 19921.28193 15654.15192 11304.96579 23401.11851 30359.74865 19787.25041 3306.143871 27342.2028 36392.50323 40937.25725 10390.33325 12513.5282 27610.92418 15603.22747 31636.22186 22728.38871 19578.10052 11124.94617 49535.49017 45686.81456 53532.36423 61767.1815 34349.05026 63447.32774 36153.66831 42847.24625 25671.95204 33282.21418 16321.0067 40497.42912 29636.74081 15391.20679 30270.12906 17726.93802 11055.19495 23401.60051 21035.46415 23535.43584 22734.58267 31325.77597 7055.215743 27387.9105 17232.95563 23745.38648 22311.06754 3979.565023 4045.547657 5892.561562 8987.459301 10395.81317 3259.864769 4682.710642 2294.847153 4716.524992 1115.515345 2006.573981 2074.145819 288.8765632 1167.832697 0 0 2.540784819 0 0 0 0 0 0 0 0 0 0 0 0 0 0 0 0 0 0 0 0 0 0 0 0 0 0 0 0 0 0 0 0 0 0 0 0 0 0 0 0 0 0 0 0 0 0 0 0 0 0 0 0 0 0 0 0 0 0 0 0 0 0 0 0 0 0 0 0 0 0 0 0 0 0 0 0 0 0 0 0 0 0 0 0 0 0 0 
0 0 0 0 0 0 0 0 0 0 0 0 0 0 0 0 0 0 0 0 0 0 0 0 0 0 0 0 0 0 0 0 0 0 0 0 0 0 0 0 0 0 0 0 0 0 0 0 0 0 0 0 0 0 0 0 0 0 0 0 0 0 0 0 0 0 0 0 0 0 0 0 0 0 0 0 0 0 0 0 0 0 0 0 0 0 0 0 0 420.0910526 1144.884821 432.5971988 1946.027871 1788.140308 2332.610013 3484.345552 3617.142514 3864.279218 3839.61812 6609.1462 9658.87937 9203.238762 4070.794092 8271.714875 6538.966821 4784.577592 8980.644995 13450.81271 7825.662143 9922.734442 22417.77901 18912.85235 10409.70488 26731.16828 14182.74961 31365.65183 24989.42064 23937.36927 21679.32421 35731.19477 36842.18445 14003.32272 62084.20258 50072.4024 77840.69684 60725.94794 29221.97935 18364.39122 22337.13751 32088.51452 21652.04192 32836.39379 64242.52327 29739.12819 33148.5098 28298.72442 25662.63307 15142.91409 23090.51959 19711.66459 34449.31758 26019.47014 26525.19259 17651.26151 32420.89732 19211.90691 24605.71541 6105.35759 12661.89024 15379.82919 1478.376622 13420.49216 12477.35696 4261.65904 9925.752454 3945.491584 8842.691338 7387.882819 5315.516059 4499.771469 5450.92786 1443.102289 5016.057409 1770.343842 1137.126467 294.6807915 628.1350764 487.8006021 0 0 0 0 0 0 0 0 0 0 0 0 0 0 0 0 0 0 0 0 0 0 0 0 0 0 0 0 0 0 0 0 0 0 0 0 0 0 0 0 0 0 0 0 0 0 0 0 0 0 0 0 0 0 0 0 0 0 0 0 0 0 0 0 0 0 0 0 0 0 0 0 0 0 0 0 0 0 0 0 0 0 0 0 0 0 0 0 
0 0 0 0 0 0 0 0 0 0 0 0 0 0 0 0 0 0 0 0 0 0 0 0 0 0 0 0 0 0 0 0 0 0 0 0 0 0 0 0 0 0 0 0 0 0 0 0 0 0 0 0 0 0 0 0 0 0 0 0 0 0 0 0 0 0 0 0 0 0 0 0 0 0 0 0 0 0 0 0 0 0 0 0 0 0 0 78.31107301 0 70.73348642 1723.601476 954.969208 1699.428368 618.8866372 1363.019609 1440.098083 5806.266171 5726.296582 9587.314698 3335.571828 1654.106879 9885.865335 4772.649734 9885.013757 10564.19863 7145.281606 21012.46661 6690.645207 13028.74517 24046.66929 21375.07518 10270.25165 14459.0071 20775.37673 18123.40219 22831.46242 3078.068602 19431.62848 19743.2719 33449.12374 33150.46559 5827.612303 24485.46929 13718.92437 27442.93126 30095.00942 39152.33733 18422.57344 27614.03796 18772.96131 5573.623244 28295.15361 24714.97721 27405.88198 13522.10677 29150.30504 41174.32928 32343.81452 28164.03752 19923.36228 19188.49235 23952.18264 6878.072605 6099.908087 21314.2425 20598.25496 9306.489425 7515.087245 5995.638496 9401.00444 14167.96536 9529.874218 3369.678433 11176.54685 7664.21378 5644.552171 3523.506044 3680.940773 0.6472327613 5222.154029 1079.647345 35.5907035 1104.643553 1200.528135 921.7781134 353.471446 57.03188636 286.9033413 0 0 0 0 0 0 0 0 0 0 0 0 0 0 0 0 0 0 0 0 0 0 0 0 0 0 0 0 0 0 0 0 0 0 0 0 0 0 0 0 0 0 0 0 0 0 0 0 0 0 0 0 0 0 0 0 0 0 0 0 0 0 0 0 0 0 0 0 0 0 0 0 0 0 0 0 0 0 0 0 0 0 0 0 0 0 0 0 
0 0 0 0 0 0 0 0 0 0 0 0 0 0 0 0 0 0 0 0 0 0 0 0 0 0 0 0 0 0 0 0 0 0 0 0 0 0 0 0 0 0 0 0 0 0 0 0 0 0 0 0 0 0 0 0 0 0 0 0 0 0 0 0 0 0 0 0 0 0 0 0 0 0 0 0 0 0 0 0 0 0 0 0 0 0 0 0 0 54.02008244 897.1501476 0 2482.983826 3407.915941 2216.011444 543.7463718 447.7155698 1951.290823 4549.941828 4812.078225 3526.473682 4340.157752 1241.420198 5266.218155 4748.244676 9601.294676 8151.339544 10274.1304 16524.65911 15871.39319 18191.53835 25157.88848 14015.74236 15761.3709 19014.61593 14404.9032 23103.49993 14817.77949 21059.44663 25238.72484 15294.1673 24720.59228 10649.2474 39666.96243 39074.23612 26063.19394 26974.46992 52352.7998 12935.76449 20390.99659 14233.57253 30056.26399 33835.18722 46786.82619 20959.23102 40325.72911 36672.9956 13830.3832 27276.12235 18602.60563 10406.18926 25788.36301 18521.50047 21648.50678 16161.90008 14518.99069 10564.38943 5666.91518 14623.68241 28320.91799 10696.96929 9799.225903 6183.2336 5672.631752 3766.624678 9597.575973 5360.932304 1600.828024 3692.420633 3709.49001 4691.47245 80.230022 857.2954226 895.6110151 0 0 0 0 0 0 0 0 0 0 0 0 0 0 0 0 0 0 0 0 0 0 0 0 0 0 0 0 0 0 0 0 0 0 0 0 0 0 0 0 0 0 0 0 0 0 0 0 0 0 0 0 0 0 0 0 0 0 0 0 0 0 0 0 0 0 0 0 0 0 0 0 0 0 0 0 0 0 0 0 0 0 0 0 0 0 0 0 0 0 0 0 
0 0 0 0 0 0 0 0 0 0 0 0 0 0 0 0 0 0 0 0 0 0 0 0 0 0 0 0 0 0 0 0 0 0 0 0 0 0 0 0 0 0 0 0 0 0 0 0 0 0 0 0 0 0 0 0 0 0 0 0 0 0 0 0 0 0 0 0 0 0 0 0 0 0 0 0 0 0 0 0 0 0 0 0 0 0 0 0 0 0 82.4962599 416.4202401 0 1361.542081 871.1273924 4107.349512 4358.918009 3942.796022 0 2999.235335 2930.191426 750.3235473 5705.099028 942.7852932 10390.13447 11354.83081 8183.585188 2818.567683 18547.44238 15422.25334 24876.99554 21594.61611 20836.08012 25672.70106 6963.209309 3826.262102 20156.7439 14900.60018 26090.41329 19835.75054 17106.201 6570.203202 17831.53164 28735.0058 39188.7313 7393.343673 29928.64434 36911.90534 24235.32118 24529.14884 26602.21349 11400.51275 30234.81544 15466.67771 37161.39738 36859.69576 22870.35996 16610.56245 8798.666554 7641.518113 11445.26045 13998.61253 21381.41045 4466.395988 14794.98773 9213.963602 6522.139964 31.43237481 14587.50429 2731.189679 18249.8395 8382.478266 5956.512449 3954.808523 8334.918933 1337.752641 2435.977506 4917.52129 7049.703635 2189.72514 2848.128033 869.2007188 1423.348089 562.7758666 699.736427 331.3018709 0 0.04787080544 0 0 0 0 0 0 0 0 0 0 0 0 0 0 0 0 0 0 0 0 0 0 0 0 0 0 0 0 0 0 0 0 0 0 0 0 0 0 0 0 0 0 0 0 0 0 0 0 0 0 0 0 0 0 0 0 0 0 0 0 0 0 0 0 0 0 0 0 0 0 0 0 0 0 0 0 0 0 0 0 0 0 0 0 0 0 0 0 
0 0 0 0 0 0 0 0 0 0 0 0 0 0 0 0 0 0 0 0 0 0 0 0 0 0 0 0 0 0 0 0 0 0 0 0 0 0 0 0 0 0 0 0 0 0 0 0 0 0 0 0 0 0 0 0 0 0 0 0 0 0 0 0 0 0 0 0 0 0 0 0 0 0 0 0 0 0 0 0 0 0 0 0 0 0 0 0 0 292.7570268 0 513.1154948 1267.00696 803.4357901 988.4339801 203.0246848 1303.870866 1437.497785 6262.135637 436.5315806 6101.840161 11814.39799 11245.33368 3817.603251 3484.616848 5887.506908 13912.3995 12235.89428 19751.57617 9512.721038 15539.32276 13089.99266 32078.76887 16228.03001 25514.35841 22299.19737 20494.7685 17303.42665 32309.66765 8898.34803 17343.8642 29136.92245 34615.96312 24432.17551 32023.18702 64981.29506 35729.33867 49202.85198 20710.19982 4824.566992 42754.91969 22876.82846 17313.47803 14577.12509 16926.61669 26456.89611 51073.11216 15818.51515 32269.95114 39933.35695 6787.78937 3895.886394 4908.71709 0 24658.26109 12152.62791 21844.9823 5743.885234 11975.87839 11329.69115 14730.4847 9797.132827 5350.888317 9731.871536 3985.200954 7702.991553 2905.464252 2542.609704 876.8369283 129.4030611 2011.784459 3130.381911 2523.336588 49.64398703 0 296.5585556 0 0 0 0 0 0 0 0 0 0 0 0 0 0 0 0 0 0 0 0 0 0 0 0 0 0 0 0 0 0 0 0 0 0 0 0 0 0 0 0 0 0 0 0 0 0 0 0 0 0 0 0 0 0 0 0 0 0 0 0 0 0 0 0 0 0 0 0 0 0 0 0 0 0 0 0 0 0 0 0 0 0 0 0 0 0 0 0 0 0 
0 0 0 0 0 0 0 0 0 0 0 0 0 0 0 0 0 0 0 0 0 0 0 0 0 0 0 0 0 0 0 0 0 0 0 0 0 0 0 0 0 0 0 0 0 0 0 0 0 0 0 0 0 0 0 0 0 0 0 0 0 0 0 0 0 0 0 0 0 0 0 0 0 0 0 0 0 0 0 0 0 0 0 0 0 0 0 0 0 179.0783782 0 370.8766027 671.2446239 1173.240268 1381.996536 796.5057984 1253.604678 1553.018263 2722.302245 1902.678481 1981.867573 5818.884193 5848.196378 9518.139181 10790.10298 6306.510634 4723.967214 12482.05452 5148.29251 14457.78175 9641.740027 12506.12917 19682.18272 17275.06341 24365.37994 23155.78445 38698.87386 14294.5968 16117.96744 15972.33038 3939.453428 12382.48908 39912.85345 53973.96046 12091.77041 41015.39501 14823.96217 35981.59241 39514.03726 5155.959014 26422.19383 10186.89485 3934.568144 30310.79326 11915.52707 32249.61263 19213.8359 9716.447883 4816.686822 27891.24616 12002.75846 14897.98279 15875.6204 7167.960002 10891.62608 19032.73615 5160.160829 8571.633908 9688.624113 6466.575532 9208.095991 2502.426164 7246.995089 5216.138908 4033.279164 4232.716747 349.9034636 281.55558 3055.235464 2387.18516 3276.271094 1926.092988 36.25016101 1003.587818 657.0948916 0 211.3932249 0 0 0 0 0 0 0 0 0 0 0 0 0 0 0 0 0 0 0 0 0 0 0 0 0 0 0 0 0 0 0 0 0 0 0 0 0 0 0 0 0 0 0 0 0 0 0 0 0 0 0 0 0 0 0 0 0 0 0 0 0 0 0 0 0 0 0 0 0 0 0 0 0 0 0 0 0 0 0 0 0 0 0 0 0 0 0 0 0 
0 0 0 0 0 0 0 0 0 0 0 0 0 0 0 0 0 0 0 0 0 0 0 0 0 0 0 0 0 0 0 0 0 0 0 0 0 0 0 0 0 0 0 0 0 0 0 0 0 0 0 0 0 0 0 0 0 0 0 0 0 0 0 0 0 0 0 0 0 0 0 0 0 0 0 0 0 0 0 0 0 0 0 0 0 0 0 126.7681383 0 2.96017741 0 1058.62108 74.15465168 1303.827475 1341.39314 2630.715238 3067.713346 7173.840967 2094.873235 5166.427499 6117.528595 3412.454334 4891.073018 8473.207338 8617.667954 21214.19445 8492.955971 7288.57904 20605.21776 191.5290048 23888.39316 22543.43859 20813.03666 10881.62241 15269.43576 12821.96431 19020.41875 23872.64141 7039.308007 10479.73106 20138.21153 13478.05864 28298.3105 34209.86571 27109.30547 15714.85379 15511.44024 28914.21848 20163.41992 18323.65224 7034.700386 34287.48593 22229.27951 11597.49757 16760.66937 50284.71194 8502.764451 18572.65893 4134.263435 16523.57866 14822.94397 20317.14516 20330.0108 7287.858317 19320.79331 95.88003849 17285.29667 8697.257921 14194.41565 11996.91023 8076.147867 4358.519752 4566.243766 1353.932969 3918.156623 8497.834751 1101.726644 3961.528255 3498.661616 2272.469083 62.49396711 1028.102683 831.6492243 1157.794945 0 400.6941053 0 4.974776752 0 0 0 0 0 0 0 0 0 0 0 0 0 0 0 0 0 0 0 0 0 0 0 0 0 0 0 0 0 0 0 0 0 0 0 0 0 0 0 0 0 0 0 0 0 0 0 0 0 0 0 0 0 0 0 0 0 0 0 0 0 0 0 0 0 0 0 0 0 0 0 0 0 0 0 0 0 0 0 0 0 0 0 0 0 0 0 0 
0 0 0 0 0 0 0 0 0 0 0 0 0 0 0 0 0 0 0 0 0 0 0 0 0 0 0 0 0 0 0 0 0 0 0 0 0 0 0 0 0 0 0 0 0 0 0 0 0 0 0 0 0 0 0 0 0 0 0 0 0 0 0 0 0 0 0 0 0 0 0 0 0 0 0 0 0 0 0 0 0 0 0 0 0 0 0 0 0.01126139357 0.7008358984 768.9704687 362.785086 1460.476941 493.1133937 2026.597168 1840.547519 852.5572472 2064.321337 2732.721558 6593.100834 2893.423427 8299.2071 9493.139264 11172.38732 6954.705827 5864.547869 8332.939474 11618.29403 2387.053069 5356.019972 11699.10206 22222.94503 1713.170547 6205.079231 8038.38883 10086.63286 9584.345631 23714.51234 8759.47795 12708.43352 24223.79882 24454.72961 16483.54267 15008.29541 16540.94717 15252.56086 36454.18797 34705.73205 14596.89637 20793.13958 10535.1747 14763.6473 11253.56327 26351.32392 18988.22575 38321.29117 12229.85813 8980.134079 18713.05773 22119.04296 8767.896171 23237.59466 13898.11619 18940.68383 10755.80551 4340.332121 2368.530813 11707.00638 4688.844029 3968.549676 5757.944 5712.697506 8138.61115 7891.41903 7149.605718 2755.042411 3796.078712 2854.347374 2876.465543 2035.837794 2113.966126 3049.190934 1984.804471 562.7320153 0 0.0005523293949 381.7855578 45.82912268 0 0 0 0 0 0 0 0 0 0 0 0 0 0 0 0 0 0 0 0 0 0 0 0 0 0 0 0 0 0 0 0 0 0 0 0 0 0 0 0 0 0 0 0 0 0 0 0 0 0 0 0 0 0 0 0 0 0 0 0 0 0 0 0 0 0 0 0 0 0 0 0 0 0 0 0 0 0 0 0 0 0 0 0 0 0 0 0 
0 0 0 0 0 0 0 0 0 0 0 0 0 0 0 0 0 0 0 0 0 0 0 0 0 0 0 0 0 0 0 0 0 0 0 0 0 0 0 0 0 0 0 0 0 0 0 0 0 0 0 0 0 0 0 0 0 0 0 0 0 0 0 0 0 0 0 0 0 0 0 0 0 0 0 0 0 0 0 0 0 0 0 0 0 0 0 0 0 26.15002147 413.5338484 353.7797675 563.9791427 784.1578824 575.7434773 1041.117935 2312.384036 3616.558593 762.6384279 2865.46064 1582.87079 9013.000986 2961.06839 6727.45229 2709.077587 3912.804321 10720.80572 6767.872772 9665.276164 1612.3133 10297.12596 13419.53501 10172.43187 10560.57363 8937.672589 7294.37422 10372.49784 8548.866908 9104.418959 32738.13211 10728.33948 10414.82992 20377.4492 23601.28028 35688.26718 10216.21998 9129.609073 12791.18381 9882.719883 11795.98929 4128.754707 10171.09746 19410.01226 24885.75203 20117.97067 12368.27373 3048.925837 8728.483913 15708.75585 10292.4143 12840.66215 3770.279738 2519.229999 10486.63562 10333.67867 7073.458366 9512.983992 13219.6884 6917.189748 4910.906047 2092.925515 2813.842831 8175.015432 7086.242852 5134.943082 7910.580185 3595.034201 4914.093108 717.5309554 2341.905479 852.9653794 1369.909828 0.37918634 912.0230769 0 137.1651867 272.6971162 0 0 0 0 0 0 0 0 0 0 0 0 0 0 0 0 0 0 0 0 0 0 0 0 0 0 0 0 0 0 0 0 0 0 0 0 0 0 0 0 0 0 0 0 0 0 0 0 0 0 0 0 0 0 0 0 0 0 0 0 0 0 0 0 0 0 0 0 0 0 0 0 0 0 0 0 0 0 0 0 0 0 0 0 0 0 0 0 0 
0 0 0 0 0 0 0 0 0 0 0 0 0 0 0 0 0 0 0 0 0 0 0 0 0 0 0 0 0 0 0 0 0 0 0 0 0 0 0 0 0 0 0 0 0 0 0 0 0 0 0 0 0 0 0 0 0 0 0 0 0 0 0 0 0 0 0 0 0 0 0 0 0 0 0 0 0 0 0 0 0 0 0 0 0 0 0 0 0 0.0006194468766 0 2.017353927e-12 280.7023933 2126.130887 682.9308531 493.6671351 218.1485604 3631.95138 2583.999274 4386.028882 1386.216526 2387.303133 4941.936647 2994.868584 9971.168198 3290.457648 1330.551144 3960.168363 9560.189517 15187.62367 8307.591122 12018.40712 5714.467884 9805.175206 10823.41613 24375.34795 16137.36995 11614.09763 9291.686974 5845.792363 13306.90421 34417.81211 11463.40703 4490.63954 5696.650244 26017.11119 22508.52229 28267.76342 15222.88163 7969.448499 9981.619121 21342.65685 14451.24391 16538.42293 2637.565238 13032.23313 16154.92768 7819.964525 15398.38156 3632.740894 8563.616854 2480.039678 3577.627333 2901.970295 2326.298581 10792.4592 0.02829414072 12093.9216 7016.475733 2269.20918 7186.434444 2994.023077 1712.710198 6609.542593 4381.106058 0 1038.777302 725.1490154 2364.462932 1142.264326 770.4719158 111.0229973 685.0318638 1128.359577 258.5556109 452.8944026 0 309.2648847 0 0 0 0 0 0 0 0 0 0 0 0 0 0 0 0 0 0 0 0 0 0 0 0 0 0 0 0 0 0 0 0 0 0 0 0 0 0 0 0 0 0 0 0 0 0 0 0 0 0 0 0 0 0 0 0 0 0 0 0 0 0 0 0 0 0 0 0 0 0 0 0 0 0 0 0 0 0 0 0 0 0 0 0 0 0 0 0 
0 0 0 0 0 0 0 0 0 0 0 0 0 0 0 0 0 0 0 0 0 0 0 0 0 0 0 0 0 0 0 0 0 0 0 0 0 0 0 0 0 0 0 0 0 0 0 0 0 0 0 0 0 0 0 0 0 0 0 0 0 0 0 0 0 0 0 0 0 0 0 0 0 0 0 0 0 0 0 0 0 0 0 0 0 0 0 0 1.075025575 182.3686919 193.7344424 865.805593 0 0 6.998676507e-07 1252.082842 862.4771274 57.63254577 1769.273196 544.2429121 0.03652907615 4560.620934 3061.828362 11232.34079 6377.561634 3104.854126 5826.420072 6768.298678 3666.815251 9641.910852 3360.675837 6393.700166 4047.727836 5560.336224 9935.997442 4902.311623 14708.14312 14260.39286 13174.90587 2519.100569 7296.577384 4724.998857 17686.74718 11532.22569 7934.71614 6257.483915 18888.33306 13900.81344 3.069385522e-09 156.5373945 9787.248402 9781.674063 9416.230209 11340.95303 4459.543459 8481.909023 13844.14657 17259.69065 10678.24987 8347.139657 6503.516042 2269.115786 14840.07287 12773.66338 1.752778309e-08 3796.801511 7024.195812 23040.75501 4748.639506 5083.489613 9222.968134 6525.240532 2503.854185 7167.906032 699.1719347 2597.074893 146.9609502 1968.504594 1030.862689 3431.451707 261.6817974 1613.689343 591.6285128 1075.755384 736.7835965 0 0 54.71004011 0 0 0 0 0 0 0 0 0 0 0 0 0 0 0 0 0 0 0 0 0 0 0 0 0 0 0 0 0 0 0 0 0 0 0 0 0 0 0 0 0 0 0 0 0 0 0 0 0 0 0 0 0 0 0 0 0 0 0 0 0 0 0 0 0 0 0 0 0 0 0 0 0 0 0 0 0 0 0 0 0 0 0 0 0 0 0 0 
0 0 0 0 0 0 0 0 0 0 0 0 0 0 0 0 0 0 0 0 0 0 0 0 0 0 0 0 0 0 0 0 0 0 0 0 0 0 0 0 0 0 0 0 0 0 0 0 0 0 0 0 0 0 0 0 0 0 0 0 0 0 0 0 0 0 0 0 0 0 0 0 0 0 0 0 0 0 0 0 0 0 0 0 0 0 0 0 0 157.926864 181.5810217 261.960699 763.1088419 396.4577618 255.2778131 4.728955115e-05 2919.911552 10.43310126 1062.560523 1188.644137 2897.003732 821.3813132 0.9884711484 119.0118771 12.49200806 3204.910254 6465.339554 5918.013019 5267.396726 4276.230985 9113.039907 5628.695737 2433.471157 15165.21722 6047.678134 4920.175641 10068.87983 10260.32727 2431.108651 4819.048012 12420.95022 9180.292682 6606.496413 9405.460186 14110.73713 13899.11536 18939.49862 18170.41681 13904.14255 3523.715671 8792.85125 14255.40895 11895.05899 14745.72856 3697.062665 13537.45588 14474.51857 10790.10083 16493.34042 0.00146178386 0.001634975963 7317.633013 9613.203749 15366.5839 11862.78931 8240.919659 9115.231746 2230.357181 9059.777215 2720.712701 2434.99761 7542.688714 1895.256423 156.9419743 2882.868427 5724.083614 3829.35074 2585.518264 1488.437314 666.5943739 1224.208389 23.57849137 5.913645451e-09 86.6488219 0.5564977058 528.5567694 4.736509803e-10 0 0 0 0 0 0 0 0 0 0 0 0 0 0 0 0 0 0 0 0 0 0 0 0 0 0 0 0 0 0 0 0 0 0 0 0 0 0 0 0 0 0 0 0 0 0 0 0 0 0 0 0 0 0 0 0 0 0 0 0 0 0 0 0 0 0 0 0 0 0 0 0 0 0 0 0 0 0 0 0 0 0 0 0 0 0 0 0 0 
0 0 0 0 0 0 0 0 0 0 0 0 0 0 0 0 0 0 0 0 0 0 0 0 0 0 0 0 0 0 0 0 0 0 0 0 0 0 0 0 0 0 0 0 0 0 0 0 0 0 0 0 0 0 0 0 0 0 0 0 0 0 0 0 0 0 0 0 0 0 0 0 0 0 0 0 0 0 0 0 0 0 0 0 0 0 0 0 0 118.4540965 334.9669473 365.6552409 236.0318178 2273.653779 55.69577266 0 1357.865065 5.353127186e-15 2267.811765 2825.576045 2837.046364 5.882440598e-09 3678.032089 2505.185611 7962.533195 964.3330482 12611.9233 3291.67265 0.0008039245395 4820.055844 0.005627048195 2634.587321 9344.781038 5171.35596 4640.67081 523.3359991 1.651098323e-10 6109.841032 4456.522381 11959.36975 87.75791963 28014.37432 14037.62023 3647.380836 7400.414853 10392.23962 6169.927346 3660.767358 28444.24137 9100.615219 3824.361936 8166.120489 6450.171649 18243.47796 11394.33021 22539.0096 8108.369334 4756.258564 10859.54118 13063.5391 8398.818724 15744.40369 1950.483536 6971.109258 4663.350016 3812.825513 6168.858018 1179.159743 8916.612266 4559.488392 1328.197515 2970.965538 5277.772073 2367.127793 2889.452501 524.3220027 1966.671786 2250.260948 0.0003295492093 1634.184625 1.384456476 109.6505519 1.178994461e-08 196.7444427 488.0599909 74.09393308 3.367166539e-15 0 0 0 0 0 0 0 0 0 0 0 0 0 0 0 0 0 0 0 0 0 0 0 0 0 0 0 0 0 0 0 0 0 0 0 0 0 0 0 0 0 0 0 0 0 0 0 0 0 0 0 0 0 0 0 0 0 0 0 0 0 0 0 0 0 0 0 0 0 0 0 0 0 0 0 0 0 0 0 0 0 0 0 0 0 0 0 0 0 
0 0 0 0 0 0 0 0 0 0 0 0 0 0 0 0 0 0 0 0 0 0 0 0 0 0 0 0 0 0 0 0 0 0 0 0 0 0 0 0 0 0 0 0 0 0 0 0 0 0 0 0 0 0 0 0 0 0 0 0 0 0 0 0 0 0 0 0 0 0 0 0 0 0 0 0 0 0 0 0 0 0 0 0 0 0 0 109.0161947 0 0 130.9654367 19.05503698 5.436186674 42.04798916 1042.305581 1130.777629 2423.510263 609.0499214 1829.806348 3077.473659 1014.564549 1996.612465 2371.200041 1013.274438 2846.596195 5033.8417 1747.31842 6088.828429 8748.441768 7481.898509 9126.448036 6296.474112 1560.672995 1740.962426 6212.501623 12154.53185 8942.091775 13073.39056 6685.978063 5027.309405 14232.19775 2760.631085 9080.919421 6518.589916 3898.444895 23312.77547 9647.116914 15670.64728 3648.665825 13826.52796 331.917651 21514.51158 6587.587035 8058.088775 1987.384153 2348.696273 7992.466641 0 4227.257634 2193.521313 5150.656535 2935.406186 13206.09151 3663.785822 5334.680009 3.595298384e-10 3304.597316 8534.819357 3488.857747 1192.339105 0.2788267557 4422.836003 5782.621632 1410.505179 1417.05494 1077.410371 380.1476301 1780.08617 3065.920516 1123.643812 1660.261845 1.344303247e-09 464.654673 491.3571077 53.3784436 1.27712613e-05 14.45453514 8.640406765 6.854152626e-09 0 0 0 0 0 0 0 0 0 0 0 0 0 0 0 0 0 0 0 0 0 0 0 0 0 0 0 0 0 0 0 0 0 0 0 0 0 0 0 0 0 0 0 0 0 0 0 0 0 0 0 0 0 0 0 0 0 0 0 0 0 0 0 0 0 0 0 0 0 0 0 0 0 0 0 0 0 0 0 0 0 0 0 0 0 0 0 
0 0 0 0 0 0 0 0 0 0 0 0 0 0 0 0 0 0 0 0 0 0 0 0 0 0 0 0 0 0 0 0 0 0 0 0 0 0 0 0 0 0 0 0 0 0 0 0 0 0 0 0 0 0 0 0 0 0 0 0 0 0 0 0 0 0 0 0 0 0 0 0 0 0 0 0 0 0 0 0 0 0 0 0 0 0 0 0 0 2.968141688e-06 3.977247999e-11 372.7320068 1394.267502 673.9554711 1083.59017 1313.846863 846.3315472 3.221099936e-07 1670.643705 569.0821291 1534.025634 2.629429406 1760.670721 4542.964651 2498.569319 8505.777804 2773.842407 4116.72055 1864.465633 5370.158836 2423.3288 3448.46257 6077.628947 6407.783291 7837.347162 8712.321833 7808.498189 5757.839655 3341.231364 272.1089497 6190.037039 14101.75291 4438.148474 1804.837817 15881.61605 46.5633965 4874.115839 13287.13347 7095.838948 7533.305363 7733.535477 66.35924725 21658.65708 10550.27475 4073.073172 11423.10236 2.657426929e-07 3318.315661 3205.159792 2327.098672 3742.278955 1913.29836 5112.599595 4502.31977 8714.154765 6519.080112 4534.218276 6481.319217 5291.006102 865.9722447 733.8524519 4.784947291e-14 4907.26737 883.3996054 2113.34097 4809.738672 4198.069338 976.8886057 1258.678483 0.07834201426 913.2102294 270.7696241 444.7602923 32.1547541 7.94740044e-11 4.59068293e-17 134.267868 0 0 0 0 0 0 0 0 0 0 0 0 0 0 0 0 0 0 0 0 0 0 0 0 0 0 0 0 0 0 0 0 0 0 0 0 0 0 0 0 0 0 0 0 0 0 0 0 0 0 0 0 0 0 0 0 0 0 0 0 0 0 0 0 0 0 0 0 0 0 0 0 0 0 0 0 0 0 0 0 0 0 0 0 0 0 0 0 0 
0 0 0 0 0 0 0 0 0 0 0 0 0 0 0 0 0 0 0 0 0 0 0 0 0 0 0 0 0 0 0 0 0 0 0 0 0 0 0 0 0 0 0 0 0 0 0 0 0 0 0 0 0 0 0 0 0 0 0 0 0 0 0 0 0 0 0 0 0 0 0 0 0 0 0 0 0 0 0 0 0 0 0 0 0 0 0 0 5.400265098e-07 235.8003552 459.4290084 122.2984815 1249.06405 0.5892751069 198.0193238 1314.550988 1044.994044 401.1054788 0.0005743366367 1361.203978 4808.408358 3076.420319 3269.989111 5568.354254 3038.947472 1335.870395 1694.782424 1752.000828 2363.657019 3450.714114 0 3716.117692 1722.38376 9960.342484 1588.857722 3149.475929 2742.456984 436.8799496 14573.37478 8351.923664 5906.432192 14824.51096 12920.9915 1.969473412e-37 4520.842531 934.3235752 10188.4153 8.730327065e-32 2717.747588 2036.588903 14917.04477 10515.20604 6148.194399 5077.760595 2753.428459 3868.247107 5092.176097 10280.72331 9524.850328 4924.158757 2804.996058 2.394485142e-08 3934.119527 3209.983206 1867.263125 3909.258704 3219.7519 4681.941378 3572.055433 2188.793779 5675.536363 2355.765901 4645.375242 2218.954693 2376.648623 1475.235461 105.1376953 697.3223533 334.8337019 1063.788589 828.244293 1896.525883 325.8947678 565.3888855 418.7662982 0.750500659 5.966876377e-28 62.21825728 0 0 0 0 0 0 0 0 0 0 0 0 0 0 0 0 0 0 0 0 0 0 0 0 0 0 0 0 0 0 0 0 0 0 0 0 0 0 0 0 0 0 0 0 0 0 0 0 0 0 0 0 0 0 0 0 0 0 0 0 0 0 0 0 0 0 0 0 0 0 0 0 0 0 0 0 0 0 0 0 0 0 0 0 0 0 0 0 
0 0 0 0 0 0 0 0 0 0 0 0 0 0 0 0 0 0 0 0 0 0 0 0 0 0 0 0 0 0 0 0 0 0 0 0 0 0 0 0 0 0 0 0 0 0 0 0 0 0 0 0 0 0 0 0 0 0 0 0 0 0 0 0 0 0 0 0 0 0 0 0 0 0 0 0 0 0 0 0 0 0 0 0 0 0 0 0 0 330.9232045 1.637338127e-15 0 812.4511592 32.54894789 3.263831501e-17 234.5878533 804.0573316 8.721100262e-24 1260.733068 3869.523911 2105.671618 3485.162541 1228.029943 887.3826059 3158.225236 5727.981127 1.355602428 4753.808995 4625.462312 2402.862249 37.50665916 7702.449126 11525.16305 9721.548483 1536.904608 1206.101166 16670.70067 6.513520578e-14 161.7028647 442.1508773 4616.425585 16797.38653 4.199917061e-06 8237.591302 3104.959664 5524.33644 14893.99463 11175.08991 9922.518782 25561.09694 6986.499945 7179.123172 3611.314802 2154.742027 7858.970988 7566.164894 6542.340843 5619.510032 4382.1428 3585.594119 5275.915802 7831.27936 1.287528111e-14 3531.702018 2904.313323 2985.71193 5042.982996 2025.704946 2665.881395 0.04181927174 1964.520099 1673.986753 3522.283389 424.5772955 777.8062453 1570.643486 4.678560411e-13 1368.135647 284.2961351 1010.294987 0.007477545026 6.104051763 4.301072075e-06 5.348726206e-23 7.161727491e-10 0 0 5.497089192e-07 0 0 0 0 0 0 0 0 0 0 0 0 0 0 0 0 0 0 0 0 0 0 0 0 0 0 0 0 0 0 0 0 0 0 0 0 0 0 0 0 0 0 0 0 0 0 0 0 0 0 0 0 0 0 0 0 0 0 0 0 0 0 0 0 0 0 0 0 0 0 0 0 0 0 0 0 0 0 0 0 0 0 0 0 0 0 0 0 
0 0 0 0 0 0 0 0 0 0 0 0 0 0 0 0 0 0 0 0 0 0 0 0 0 0 0 0 0 0 0 0 0 0 0 0 0 0 0 0 0 0 0 0 0 0 0 0 0 0 0 0 0 0 0 0 0 0 0 0 0 0 0 0 0 0 0 0 0 0 0 0 0 0 0 0 0 0 0 0 0 0 0 0 0 0 0 0 0 5.757676017e-15 170.5081073 0 580.1188117 1044.742664 679.0163789 487.6078636 0 2.962288593e-07 626.1093079 1502.736385 5.286289979e-06 1123.193059 1760.164405 1313.289069 3.259188954e-06 3043.885577 16.67997025 9716.369192 145.0772779 2541.913334 8308.039537 9067.955356 2455.698715 3.01307847e-06 2857.594378 5149.734705 2138.677543 15812.11879 5972.848132 5011.77347 3098.953588 3870.015185 1205.304279 8608.480507 12111.48852 5.718874501e-11 5.582568606 0 9421.370459 14530.70928 13746.24552 15008.56089 10089.19046 2013.021104 2107.08863 8632.091873 4850.990411 5647.173349 8114.719185 8849.334908 2.651840513e-12 3107.542755 3470.069566 5323.075201 3112.606 0.1444108159 3.27168607e-05 2450.919406 356.0324579 230.1857231 4.60145906e-18 1142.682352 8.733006119e-19 5.622619589e-27 1599.151695 2566.338281 1602.657846 1870.324643 348.6922531 1328.088081 628.4984729 618.3546321 367.3885978 1.690532308e-12 3.099840785e-33 0 297.6459771 0 0 0 0 0 0 0 0 0 0 0 0 0 0 0 0 0 0 0 0 0 0 0 0 0 0 0 0 0 0 0 0 0 0 0 0 0 0 0 0 0 0 0 0 0 0 0 0 0 0 0 0 0 0 0 0 0 0 0 0 0 0 0 0 0 0 0 0 0 0 0 0 0 0 0 0 0 0 0 0 0 0 0 0 0 0 0 0 0 
0 0 0 0 0 0 0 0 0 0 0 0 0 0 0 0 0 0 0 0 0 0 0 0 0 0 0 0 0 0 0 0 0 0 0 0 0 0 0 0 0 0 0 0 0 0 0 0 0 0 0 0 0 0 0 0 0 0 0 0 0 0 0 0 0 0 0 0 0 0 0 0 0 0 0 0 0 0 0 0 0 0 0 0 0 0 0 0.8624102054 0 0 844.1979763 248.6938012 240.6993148 235.346742 849.7275768 1.103407529e-15 853.0438407 1537.471181 429.9950604 2141.243144 183.6033838 2429.097502 1046.555562 0.0001265279624 3.077333053e-06 0.0005401356768 453.8542382 964.9219836 1319.907538 3833.442931 5.099533728e-05 2546.666266 3105.784348 3397.327573 1811.995871 0.004613761969 9763.312422 7.545990787e-08 6713.746497 2.290863388e-17 0.003060287819 5994.967706 3497.930143 3846.961921 9.468564077e-10 3511.020145 5055.463745 4599.627025 4.387032519 18738.97586 4781.84671 3584.875401 3.314154287e-05 5871.957142 6.004300329 370.0885505 2199.866847 3987.400169 0 2447.183411 8456.818351 4661.7914 3011.493829 0.07103213426 5300.144177 1967.205175 5437.727572 3492.351389 1784.498446 0 1.948154292e-12 6799.653244 982.3275288 2929.316221 2982.345359 2369.443265 1188.061424 1.731012002e-08 1403.117196 451.0565127 139.4018722 891.8768564 0.1186558097 8.403383953e-20 106.6075969 1.749891702e-28 0 0 0 0 0 0 0 0 0 0 0 0 0 0 0 0 0 0 0 0 0 0 0 0 0 0 0 0 0 0 0 0 0 0 0 0 0 0 0 0 0 0 0 0 0 0 0 0 0 0 0 0 0 0 0 0 0 0 0 0 0 0 0 0 0 0 0 0 0 0 0 0 0 0 0 0 0 0 0 0 0 0 0 0 0 0 0 0 0 0 
0 0 0 0 0 0 0 0 0 0 0 0 0 0 0 0 0 0 0 0 0 0 0 0 0 0 0 0 0 0 0 0 0 0 0 0 0 0 0 0 0 0 0 0 0 0 0 0 0 0 0 0 0 0 0 0 0 0 0 0 0 0 0 0 0 0 0 0 0 0 0 0 0 0 0 0 0 0 0 0 0 0 0 0 0 0 0 0 0 0 0 157.6168559 1027.78979 106.9941491 48.68878069 8.413428539e-29 3.394499837e-07 1823.572133 1436.404246 2520.17887 535.6425234 0.1053991173 861.6941989 1213.878788 2.461829773e-11 1556.456602 6.075947801e-11 1607.623675 3.790482532e-11 5.365459061e-20 3.984924996 2079.490094 0 6157.389697 858.8890667 2099.267305 1.073772491e-20 5079.93687 5591.793769 4347.054704 3749.472803 4385.897007 4.305775509e-10 2141.434944 3922.009562 6353.145083 0.09503149887 0.004583120422 4.552236514e-07 10395.00713 3407.627654 4040.989156 5739.10237 5.825819222e-23 4464.765949 4496.955506 0 7003.746299 0 0 1025.151547 2186.923691 3623.700971 3756.447207 7.663077927e-06 4316.771061 856.5145896 5.569549905e-11 6.403804987e-13 0 426.2103974 307.1707442 3547.097723 1427.337665 0 1547.39172 2465.872577 384.1883702 681.4105631 1622.199831 1314.998507 878.4848877 0 0.02523471254 386.3850678 4.753611418e-22 3.303235876 58.64338321 0 0 0 0 0 0 0 0 0 0 0 0 0 0 0 0 0 0 0 0 0 0 0 0 0 0 0 0 0 0 0 0 0 0 0 0 0 0 0 0 0 0 0 0 0 0 0 0 0 0 0 0 0 0 0 0 0 0 0 0 0 0 0 0 0 0 0 0 0 0 0 0 0 0 0 0 0 0 0 0 0 0 0 0 0 0 0 0 
0 0 0 0 0 0 0 0 0 0 0 0 0 0 0 0 0 0 0 0 0 0 0 0 0 0 0 0 0 0 0 0 0 0 0 0 0 0 0 0 0 0 0 0 0 0 0 0 0 0 0 0 0 0 0 0 0 0 0 0 0 0 0 0 0 0 0 0 0 0 0 0 0 0 0 0 0 0 0 0 0 0 0 0 0 0 0 0 0 91.16215064 55.22439627 500.7535825 2.236424267e-46 90.41679584 503.2620115 868.3207335 5.981361407e-27 0.000801784292 2336.779572 1514.51504 0 1161.044848 2.627804044 13.4007342 6.55413438 2074.519965 21.17296475 385.2173174 3954.232949 1.751262905e-24 1.359350746e-22 1040.325813 2073.928999 6593.086114 3.851706661e-09 1688.032172 140.4966433 1208.490438 8792.394124 3997.914337 6.58655753 3872.25898 1732.040644 0.006312091885 84.30304612 2.011857277e-09 2191.151905 639.7652861 3473.086737 3934.804574 2.799214503e-18 6588.332028 5065.534799 319.2547523 2272.404666 2.757451323e-17 0.006847250001 5.951523436e-07 1120.656582 969.8970188 5651.441402 2779.99745 280.9920103 4127.208408 2546.23551 1716.6183 1290.133538 1109.805166 0.03014761496 3.990590837e-08 8.556255757e-29 3442.468335 2.744370437e-09 0 3.34730789e-13 246.719113 2701.132617 261.775147 295.2231634 1170.807403 93.87060013 593.8882229 111.9547768 8.24044904e-12 5.673474176 2.057157717e-06 5.590075546e-08 1.104635236e-28 9.033719971e-19 0 0 0 0 0 0 0 0 0 0 0 0 0 0 0 0 0 0 0 0 0 0 0 0 0 0 0 0 0 0 0 0 0 0 0 0 0 0 0 0 0 0 0 0 0 0 0 0 0 0 0 0 0 0 0 0 0 0 0 0 0 0 0 0 0 0 0 0 0 0 0 0 0 0 0 0 0 0 0 0 0 0 0 0 0 0 0 
0 0 0 0 0 0 0 0 0 0 0 0 0 0 0 0 0 0 0 0 0 0 0 0 0 0 0 0 0 0 0 0 0 0 0 0 0 0 0 0 0 0 0 0 0 0 0 0 0 0 0 0 0 0 0 0 0 0 0 0 0 0 0 0 0 0 0 0 0 0 0 0 0 0 0 0 0 0 0 0 0 0 0 0 0 0 0 0 0 3.182849016e-39 0 0.365466343 77.09398587 4.30783503 68.87788204 23.926531 1111.200805 1036.221555 176.7028784 509.8245286 2328.565397 4589.019189 1.131750129e-10 2153.477362 1097.936005 1364.968422 198.9405664 8.380668095e-12 901.1820717 1375.431359 2883.288813 1173.907918 5.275489384e-08 1625.554292 3310.750572 1633.552989 254.8148866 1955.203635 7726.363206 0.07953534426 3150.461611 0 376.4917397 121.8663057 745.9301062 2870.211771 2.136799789e-21 1.246303267 2751.937734 1806.895049 4894.501427 7373.435242 0 0.0009560034157 8.299597788e-12 187.788111 0 2889.899019 3281.945741 5.458973376e-24 1.452038888e-09 3178.223106 2257.809156 2294.43666 2104.422186 1330.105335 4299.835916 1154.382157 3.378419892e-13 1091.698532 1024.770962 1467.538808 1401.605207 519.2032296 0.9546530905 0 2.749474953 1312.389317 136.4660182 90.31969593 1162.780447 0 2.539982705e-20 0.001007750621 0 0.2075816735 0 5.550980309e-18 0 0 0 0 0 0 0 0 0 0 0 0 0 0 0 0 0 0 0 0 0 0 0 0 0 0 0 0 0 0 0 0 0 0 0 0 0 0 0 0 0 0 0 0 0 0 0 0 0 0 0 0 0 0 0 0 0 0 0 0 0 0 0 0 0 0 0 0 0 0 0 0 0 0 0 0 0 0 0 0 0 0 0 0 0 0 0 0 
0 0 0 0 0 0 0 0 0 0 0 0 0 0 0 0 0 0 0 0 0 0 0 0 0 0 0 0 0 0 0 0 0 0 0 0 0 0 0 0 0 0 0 0 0 0 0 0 0 0 0 0 0 0 0 0 0 0 0 0 0 0 0 0 0 0 0 0 0 0 0 0 0 0 0 0 0 0 0 0 0 0 0 0 0 0 0 0 1.423524501e-42 0 81.90301429 467.9472526 2.463934463e-05 1.015675667e-32 21.41551099 0.01112050005 918.2050012 898.329232 178.2196042 990.5902751 456.4853732 58.28389677 451.3253593 0.00111861973 4.528661576e-38 60.86284901 264.4808989 4183.48708 1745.927046 174.7020189 4182.993595 1863.393924 4098.648283 4.801002303e-07 907.4969632 4163.977991 590.0970748 3670.752101 2.680309731e-26 3.429819817e-23 98.60966583 2320.908611 3922.992749 6009.951487 0.002354542931 1.627139055e-18 7903.565391 2916.915315 0 4234.33157 7715.275413 7585.286563 1.247625561e-13 5.902014137e-16 2.610168098 2561.642473 2.520890329e-14 1678.91238 8813.1131 2848.971332 811.4965365 1257.72901 0 3396.484161 1867.225922 4631.943466 939.7512011 1837.229606 825.2212307 3.016180528e-24 460.1674683 0.0008823457722 96.84572794 0 901.350735 414.5891625 6.081523637 369.0962016 1594.951068 317.513637 3.931954751e-35 3.776284191e-17 1.305449447e-08 0.6824322351 5.59805415e-32 0 19.64868596 0 0 0 0 0 0 0 0 0 0 0 0 0 0 0 0 0 0 0 0 0 0 0 0 0 0 0 0 0 0 0 0 0 0 0 0 0 0 0 0 0 0 0 0 0 0 0 0 0 0 0 0 0 0 0 0 0 0 0 0 0 0 0 0 0 0 0 0 0 0 0 0 0 0 0 0 0 0 0 0 0 0 0 0 0 0 0 0 0 
0 0 0 0 0 0 0 0 0 0 0 0 0 0 0 0 0 0 0 0 0 0 0 0 0 0 0 0 0 0 0 0 0 0 0 0 0 0 0 0 0 0 0 0 0 0 0 0 0 0 0 0 0 0 0 0 0 0 0 0 0 0 0 0 0 0 0 0 0 0 0 0 0 0 0 0 0 0 0 0 0 0 0 0 0 0 0 1.074445223e-24 0 5.972169229e-37 323.4342398 7.207687377e-16 1.652984086e-36 0.000523337473 653.5583015 390.1556143 5.19901548e-13 1094.958391 0 1558.542138 2572.291262 1471.35417 5.437329664e-23 1263.490823 855.6158277 5.074390094e-12 1525.925037 5.159130797e-11 3033.973828 2422.194255 3675.626599 0.1902116531 8.797250631e-07 9026.41442 6612.212492 3.204052566e-18 2.912477564e-05 150.3277157 5970.928332 7658.862857 5861.127909 1.024836975e-16 3170.994997 2.847048464e-12 2975.001486 5469.272175 1261.758957 6888.248566 2870.75968 2755.365384 6913.553617 1722.701269 10696.13793 3800.295388 942.7437771 0 8529.076011 5429.62517 1.409324157e-05 11176.23461 1.36758898e-07 1744.663297 6.952072633e-14 2391.582827 0.5903108378 7.248517113e-28 610.7097343 6.547851793e-26 1130.542389 161.226786 5304.782543 1517.575297 1278.487424 1.946956065e-15 3322.044458 414.6570643 8.647472523e-09 1235.692323 763.108268 19.02977249 76.64473843 0.0270841402 423.7011526 2.26918129 0 109.5509546 119.2563344 0 0 0 0 0 0 0 0 0 0 0 0 0 0 0 0 0 0 0 0 0 0 0 0 0 0 0 0 0 0 0 0 0 0 0 0 0 0 0 0 0 0 0 0 0 0 0 0 0 0 0 0 0 0 0 0 0 0 0 0 0 0 0 0 0 0 0 0 0 0 0 0 0 0 0 0 0 0 0 0 0 0 0 0 0 0 0 0 0 
0 0 0 0 0 0 0 0 0 0 0 0 0 0 0 0 0 0 0 0 0 0 0 0 0 0 0 0 0 0 0 0 0 0 0 0 0 0 0 0 0 0 0 0 0 0 0 0 0 0 0 0 0 0 0 0 0 0 0 0 0 0 0 0 0 0 0 0 0 0 0 0 0 0 0 0 0 0 0 0 0 0 0 0 0 0 0 0 0 2.662075355 14.03437392 216.2867889 318.194153 264.8276368 1070.900487 118.1912562 252.8690912 51.00165257 833.7176581 1476.092714 1.619292538e-22 0.01397483106 837.04678 4115.264772 4.067191052e-29 71.06667517 2282.255201 43.16118227 1153.595201 1447.010449 3199.748169 4485.521734 1211.811763 1554.4511 1.527356742e-05 3824.619 3693.821293 1.1437377e-05 4.481103376e-05 3308.817428 1847.926228 4832.920382 2895.082856 0.002200347309 3004.803162 3063.332403 1533.009805 3460.961697 1320.711585 0.0007455253473 3411.457781 950.913153 5771.065297 9815.065518 5689.939995 1.784284244e-14 2519.582771 3.773389943e-12 3.534712237e-07 4379.76344 3.086946899e-06 4776.232531 3692.524235 937.6733971 6718.23729 926.2447424 252.2182741 2860.379485 0 2570.057277 0 1673.119251 1.864117748e-34 11.38385873 18.89034223 54.67382219 2498.353863 732.8207739 961.2351817 3.877428399e-16 71.90255923 1.630934632e-29 297.9636173 474.7925212 6.366307787e-38 0 0 0 0 0 0 0 0 0 0 0 0 0 0 0 0 0 0 0 0 0 0 0 0 0 0 0 0 0 0 0 0 0 0 0 0 0 0 0 0 0 0 0 0 0 0 0 0 0 0 0 0 0 0 0 0 0 0 0 0 0 0 0 0 0 0 0 0 0 0 0 0 0 0 0 0 0 0 0 0 0 0 0 0 0 0 0 0 0 0 0 
0 0 0 0 0 0 0 0 0 0 0 0 0 0 0 0 0 0 0 0 0 0 0 0 0 0 0 0 0 0 0 0 0 0 0 0 0 0 0 0 0 0 0 0 0 0 0 0 0 0 0 0 0 0 0 0 0 0 0 0 0 0 0 0 0 0 0 0 0 0 0 0 0 0 0 0 0 0 0 0 0 0 0 0 0 0 0 0 0.001054118816 14.47877775 61.09888342 3.616102414 0.3791510167 0.0003667058782 0.007301683097 378.599619 131.4184318 4.794212599e-09 2707.349166 2.567916481e-16 1136.270808 1271.763081 3.312908691e-30 1253.805717 987.0353904 0.009043151477 1467.225127 835.9779787 86.35481691 3.08689102e-17 2033.433655 4720.058951 372.4657652 1193.739423 3.49483347e-10 1403.011601 3057.612056 6136.032944 10177.56335 7495.520904 2.925036888e-12 1.694981666e-19 4013.058867 1.825465125e-09 2853.34887 0.8237335558 3985.510365 1097.751585 1615.870864 2028.60751 2233.361818 8152.195375 3300.852023 2264.215332 2031.41407 2858.29429 5234.682282 3.393624347e-21 2.249414788e-26 1692.731425 1.418999523e-29 2672.82701 4408.33112 1.708306983e-24 109.5898995 2.802649563e-18 1.518188127e-36 950.4143831 1713.754988 0.8528378591 3216.269114 1238.944095 2461.339892 1.90089743e-06 1262.279526 3.039862392e-16 7.179906076e-37 1.005401027e-12 828.5253159 49.02502282 95.82279377 195.8559247 1.537839515e-41 0.01110278729 0.02391510759 2.203704492e-19 2.259356015e-14 0 0 0 0 0 0 0 0 0 0 0 0 0 0 0 0 0 0 0 0 0 0 0 0 0 0 0 0 0 0 0 0 0 0 0 0 0 0 0 0 0 0 0 0 0 0 0 0 0 0 0 0 0 0 0 0 0 0 0 0 0 0 0 0 0 0 0 0 0 0 0 0 0 0 0 0 0 0 0 0 0 0 0 0 0 0 0 0 0 
0 0 0 0 0 0 0 0 0 0 0 0 0 0 0 0 0 0 0 0 0 0 0 0 0 0 0 0 0 0 0 0 0 0 0 0 0 0 0 0 0 0 0 0 0 0 0 0 0 0 0 0 0 0 0 0 0 0 0 0 0 0 0 0 0 0 0 0 0 0 0 0 0 0 0 0 0 0 0 0 0 0 0 0 0 0 0 0 0 35.24356965 0 6.566908317e-19 190.1283554 177.9624431 0 0.009738942052 493.1120307 6.777995574e-20 3.692321893e-50 493.1004426 1.500050703e-09 761.0598021 922.73094 550.7521222 2.901891176e-10 0.0003217575436 917.4451736 2011.299583 6.254660623e-39 303.7390253 2775.116061 1902.588261 1094.517978 2751.146851 7054.497158 1.534367938 8.433919855e-29 738.7893 1.688579705e-17 2183.488542 1075.632668 2.520397476e-28 0.00117403591 7.553329507e-11 3.295843791e-10 3850.616861 0.7633835607 6.481060187e-26 3468.96958 2676.989559 4106.015158 5529.617853 4.633445391e-06 1510.810309 453.5884889 6499.627431 3672.245889 3.252256216e-08 1.087005515e-07 39.94654395 8.70641474e-13 3822.215827 572.8319133 199.4402467 492.7630865 1476.569259 9.507760056e-24 1.259615748e-37 0.1174469313 3321.121823 1115.148488 1353.845987 1832.515125 6.393666993e-05 1245.037029 872.00099 2.563818115e-19 1848.466109 2.504406617e-36 465.5741422 104.9515024 136.6007348 2.226961058e-05 2.418730285e-15 4.893593617e-18 21.38944321 0.001730792631 0 0 0 0 0 0 0 0 0 0 0 0 0 0 0 0 0 0 0 0 0 0 0 0 0 0 0 0 0 0 0 0 0 0 0 0 0 0 0 0 0 0 0 0 0 0 0 0 0 0 0 0 0 0 0 0 0 0 0 0 0 0 0 0 0 0 0 0 0 0 0 0 0 0 0 0 0 0 0 0 0 0 0 0 0 0 0 0 0 
0 0 0 0 0 0 0 0 0 0 0 0 0 0 0 0 0 0 0 0 0 0 0 0 0 0 0 0 0 0 0 0 0 0 0 0 0 0 0 0 0 0 0 0 0 0 0 0 0 0 0 0 0 0 0 0 0 0 0 0 0 0 0 0 0 0 0 0 0 0 0 0 0 0 0 0 0 0 0 0 0 0 0 0 0 0 0 0 0 0 1.522256569e-07 3.492917639e-10 3.224140007e-19 0 167.1469824 55.96776389 31.25505008 586.2306311 2.684680097e-19 1.098375936e-06 5.640368228e-20 1035.706043 249.1133506 993.88142 7.242965617e-29 1366.646902 774.474017 1655.821168 1404.099903 1574.53217 984.0710871 1.231296859e-05 2220.889845 1749.562172 6.226947171e-31 2078.673379 1.73799806e-27 1823.573456 1.811374376 1.867361361e-08 2317.582309 2.498295461e-33 2461.558118 1.097546729e-17 5.136198348e-16 2081.100406 1042.286779 3329.300167 4012.595258 2447.562106 1.347374775e-30 0.0001272726068 12.14660093 2636.029549 1.906795967e-36 6321.527303 0 448.590948 3.373575244e-28 2333.108344 2119.893917 0.004411193873 6.791960706e-25 2.435637601e-28 2190.995056 2399.352906 1679.663834 1157.762962 19.83983724 0 673.8990412 240.4349632 1324.076677 464.6981067 225.56522 2.514423391e-32 158.0571836 402.7634477 0.001586734233 587.216445 109.7187338 3.291947317e-22 203.9980894 0 3.352749728e-21 0 0 41.71681006 0 0 0 0 0 0 0 0 0 0 0 0 0 0 0 0 0 0 0 0 0 0 0 0 0 0 0 0 0 0 0 0 0 0 0 0 0 0 0 0 0 0 0 0 0 0 0 0 0 0 0 0 0 0 0 0 0 0 0 0 0 0 0 0 0 0 0 0 0 0 0 0 0 0 0 0 0 0 0 0 0 0 0 0 0 0 0 0 
0 0 0 0 0 0 0 0 0 0 0 0 0 0 0 0 0 0 0 0 0 0 0 0 0 0 0 0 0 0 0 0 0 0 0 0 0 0 0 0 0 0 0 0 0 0 0 0 0 0 0 0 0 0 0 0 0 0 0 0 0 0 0 0 0 0 0 0 0 0 0 0 0 0 0 0 0 0 0 0 0 0 0 0 0 0 0 0 0 0.169782409 6.273656532e-17 0 279.6490617 0.002517899913 0 361.892536 4.564020984e-05 114.2957689 3.259891638e-26 381.5306859 75.73468855 5.382985233e-42 1.824516305e-20 0 0.0006183178403 1307.420643 1.52820142e-05 2.757078888e-37 2897.313014 1547.494697 6.940052313e-05 1124.223507 53.27769095 2112.107837 65.00022859 3.805187588 1034.328089 9.817999564e-41 1321.4846 3065.591219 5.435117341e-16 2.416545381e-39 1635.452 2546.416715 5777.843218 3711.763263 2157.933593 1288.965972 0.4176157929 3.114399799e-05 3.643463591e-33 0.0003944428781 3120.800755 0.07384285932 0.0003744774944 8507.748707 1.045041222 1992.297778 0.7826938901 3891.306991 1189.543143 3290.231918 0 1.449466119e-12 1.793908433e-25 2.554897079e-11 1448.464563 1132.599922 2989.667777 89.14168226 2.290262163e-11 0 786.3738115 676.8728488 7.843675089e-12 1512.133416 0 1006.251212 1.912602922e-10 3.201911957e-05 264.7579926 166.7176585 0 0.0002525194981 428.4233096 0.3872365468 0 0 0 0 0 0 0 0 0 0 0 0 0 0 0 0 0 0 0 0 0 0 0 0 0 0 0 0 0 0 0 0 0 0 0 0 0 0 0 0 0 0 0 0 0 0 0 0 0 0 0 0 0 0 0 0 0 0 0 0 0 0 0 0 0 0 0 0 0 0 0 0 0 0 0 0 0 0 0 0 0 0 0 0 0 0 0 0 0 0 
0 0 0 0 0 0 0 0 0 0 0 0 0 0 0 0 0 0 0 0 0 0 0 0 0 0 0 0 0 0 0 0 0 0 0 0 0 0 0 0 0 0 0 0 0 0 0 0 0 0 0 0 0 0 0 0 0 0 0 0 0 0 0 0 0 0 0 0 0 0 0 0 0 0 0 0 0 0 0 0 0 0 0 0 0 0 0 0 0 141.187736 63.55282944 116.0068928 0.6054289529 1.693418128e-24 7.868259159e-12 406.5379077 9.210238522e-17 0.5928244116 0.0193798741 0 678.5997802 0.0006808355763 0 20.38201832 202.9594366 616.0064768 0 1939.433889 378.0047617 1.00811849e-11 5.821752784e-35 1753.988369 1028.416286 1812.152696 2588.769169 1024.073682 7.712113896e-15 375.2190519 0 1.808209625e-19 0 1907.320028 586.3020814 4.467938754e-19 9.07859459e-05 2342.91468 4682.331093 2529.101314 5400.181986 3306.957789 7532.692245 1979.832393 3733.343796 2534.813025 2671.807878 2492.007464 1.243478561e-18 2886.63404 2367.054883 0 9.194213358e-07 1.670357959e-38 2.002358814e-19 4.49074633e-40 0 1085.809879 2199.720736 1309.689729 1.160627032e-21 812.8646994 1226.444796 1597.343797 1332.450979 1139.957903 8.872491589e-45 8.092528126e-05 5.165962951e-15 1.272969291e-23 0 57.18440583 609.7567891 271.7513272 9.875194424e-28 0.009124202711 1.768462024e-37 6.349787306e-41 0 0 2.555451859e-47 0 0 0 0 0 0 0 0 0 0 0 0 0 0 0 0 0 0 0 0 0 0 0 0 0 0 0 0 0 0 0 0 0 0 0 0 0 0 0 0 0 0 0 0 0 0 0 0 0 0 0 0 0 0 0 0 0 0 0 0 0 0 0 0 0 0 0 0 0 0 0 0 0 0 0 0 0 0 0 0 0 0 0 0 0 0 0 
0 0 0 0 0 0 0 0 0 0 0 0 0 0 0 0 0 0 0 0 0 0 0 0 0 0 0 0 0 0 0 0 0 0 0 0 0 0 0 0 0 0 0 0 0 0 0 0 0 0 0 0 0 0 0 0 0 0 0 0 0 0 0 0 0 0 0 0 0 0 0 0 0 0 0 0 0 0 0 0 0 0 0 0 0 0 0 0 0 0 4.156021735e-40 0 7.530085083e-35 6.578871228e-29 1.02543039e-42 413.3474986 3.47566082e-31 637.0827112 2.531307935e-38 212.6432898 3.266564004e-20 1.651569564e-33 1123.010271 1.027110227e-15 9.312514201e-28 0 83.43034897 80.70705186 1804.03827 2304.324808 2.430188667e-50 4.078725983e-28 0 1561.400357 8.683936956 1.225355142e-19 5440.758999 3175.105472 3.753921976e-19 0.6156392432 2.096759493 149.8594617 2.589697239 8.314178757e-08 0 3.189803809e-21 2643.355042 2069.756179 1906.813822 0 0 1.470462082e-49 9.620686954e-25 4678.99134 5192.690788 1.050253091e-33 3320.871585 663.4410436 0.0008894904827 16.0015807 2672.523534 0.004248894521 0 2.66910905e-38 0 0 1253.7283 5.838547837e-23 1117.589569 5.269745616e-19 6.532440183e-49 1773.851117 716.3673985 64.93519456 3.250686929e-22 8.546182692e-13 1.181718586e-10 1.942119423e-05 2.292785422e-05 0 0.01883560523 187.1929252 113.4968135 0 1.715080954e-33 4.275157695e-26 313.2016757 5.84493529e-12 12.63173639 0 0 0 0 0 0 0 0 0 0 0 0 0 0 0 0 0 0 0 0 0 0 0 0 0 0 0 0 0 0 0 0 0 0 0 0 0 0 0 0 0 0 0 0 0 0 0 0 0 0 0 0 0 0 0 0 0 0 0 0 0 0 0 0 0 0 0 0 0 0 0 0 0 0 0 0 0 0 0 0 0 0 0 0 0 0 0 
0 0 0 0 0 0 0 0 0 0 0 0 0 0 0 0 0 0 0 0 0 0 0 0 0 0 0 0 0 0 0 0 0 0 0 0 0 0 0 0 0 0 0 0 0 0 0 0 0 0 0 0 0 0 0 0 0 0 0 0 0 0 0 0 0 0 0 0 0 0 0 0 0 0 0 0 0 0 0 0 0 0 0 0 0 0 0 0 2.779940069e-20 0 3.365110717 0.001162637118 261.7300345 7.006393778e-51 484.1867659 0.0002091071382 0.01646454415 1.612345947e-38 726.4423736 6.155084979 1.552754174e-28 0 5.014256958e-32 9.224929654e-11 0.1041597259 8.033010637e-37 1.139061739e-10 0.02328708833 250.3694038 1.467397737e-06 584.377472 391.0080858 8.957841875e-07 8.903347285e-44 1406.695524 8.146004397e-05 1.776352555e-18 1296.048343 0.003895075547 2904.799937 7.813847136e-14 1180.120717 0 4069.230683 0 0.03531918562 0 2549.24715 1375.732017 5.034953728e-12 2.090249815e-43 2.504978622e-12 1.643655001e-30 9.382734835e-16 1.518944728e-29 0 0 3405.21942 1873.965829 1757.814516 942.1385937 1410.243637 3.732864124e-23 2.069818953e-18 0.2825463319 1.012476103e-38 2.004572888e-05 0 1.074363893e-14 2.229942553e-09 5.539227453e-11 5.34412022e-12 0 0.02466345091 0 8.348085339e-26 4.203468358e-07 1.295131828e-26 683.5741448 7.487363273e-14 1.131240278e-08 2.320482724e-07 1.157217051e-20 0 0 0 0 0 0 0 0 0 0 0 0 0 0 0 0 0 0 0 0 0 0 0 0 0 0 0 0 0 0 0 0 0 0 0 0 0 0 0 0 0 0 0 0 0 0 0 0 0 0 0 0 0 0 0 0 0 0 0 0 0 0 0 0 0 0 0 0 0 0 0 0 0 0 0 0 0 0 0 0 0 0 0 0 0 0 0 0 0 0 0 0 0 
0 0 0 0 0 0 0 0 0 0 0 0 0 0 0 0 0 0 0 0 0 0 0 0 0 0 0 0 0 0 0 0 0 0 0 0 0 0 0 0 0 0 0 0 0 0 0 0 0 0 0 0 0 0 0 0 0 0 0 0 0 0 0 0 0 0 0 0 0 0 0 0 0 0 0 0 0 0 0 0 0 0 0 0 0 0 0 0 0 0 0 1.304761632e-16 0 0 354.6550297 35.92476895 6.100805556e-12 0.008686382965 0 6.09465181e-10 0 9.919479734e-28 407.941337 0.01210658462 1.407545251e-10 3.137664851e-36 1155.022198 0 0 975.5065772 664.1170704 4.289387692e-10 265.9803686 0 0.000103366411 4.112963527e-43 84.44700543 9.030844799e-20 2705.984749 2.107347199e-26 2.309057329e-21 501.0257331 1.769791545e-48 9.443366444e-50 1317.604735 1.796206761e-09 3.512686828e-37 0 0.0001613929543 5.478177513e-33 4.299644807e-18 46.51133038 2.037753267e-08 1.99836284e-38 1.053844389e-34 2.219753589e-18 2.33514923e-19 0 0.01450955828 6.613010385e-45 1382.624983 841.5227053 2.030409901e-37 445.0084009 839.3872363 1941.865806 0.06638511602 1.561178538e-24 4.525464338e-13 42.50872879 0 0 0.0001640421825 2.2031598e-13 0.002602791098 0 187.8133426 364.9388419 20.03148193 0 1.02852056e-39 3.906821227e-26 155.1863898 79.02115403 0 0 0 4.994555108 0 0 0 0 0 0 0 0 0 0 0 0 0 0 0 0 0 0 0 0 0 0 0 0 0 0 0 0 0 0 0 0 0 0 0 0 0 0 0 0 0 0 0 0 0 0 0 0 0 0 0 0 0 0 0 0 0 0 0 0 0 0 0 0 0 0 0 0 0 0 0 0 0 0 0 0 0 0 0 0 0 0 0 0 0 0 0 0 
0 0 0 0 0 0 0 0 0 0 0 0 0 0 0 0 0 0 0 0 0 0 0 0 0 0 0 0 0 0 0 0 0 0 0 0 0 0 0 0 0 0 0 0 0 0 0 0 0 0 0 0 0 0 0 0 0 0 0 0 0 0 0 0 0 0 0 0 0 0 0 0 0 0 0 0 0 0 0 0 0 0 0 0 0 0 0 0 0 0 3.385524094e-21 0 2.274545065e-13 7.949544414e-22 3.437906957e-29 0 2.228377845e-08 1.72314712e-38 451.6292449 3.040683951e-32 792.8518948 0 0 3.514830517e-44 0 4.469136131e-41 910.5988435 1.0423088e-35 2.771608861e-12 0.001549362802 6.107342531 7.354336436e-16 1.586449925e-30 0.06452241948 8.3076379e-17 2.162306929e-36 1.896325712e-22 0 1709.023666 130.4433529 0 783.7456463 3.332665227e-25 7.774103927e-45 5.680938918e-27 1.754930336e-40 2205.258052 0 770.455492 3.143061789e-18 1.054038874e-39 1579.64131 0 1299.808681 852.0942903 546.5528195 0 1.260037233e-16 9.343750014e-46 1.002448974e-12 9.920747611e-54 1.333521949e-46 2.821536828e-31 0 0.0003895569356 2.732325852e-09 5.979296662e-15 0 0 0.0002993218361 0 0 746.5881897 5.021357229e-17 1.441789478e-29 1.463190663e-30 0.7194401633 5.476349393e-20 339.4731648 35.72972068 6.736581507e-55 9.951696219e-29 17.63603442 0 171.1089696 0 0 0 3.153953231 0 0 0 0 0 0 0 0 0 0 0 0 0 0 0 0 0 0 0 0 0 0 0 0 0 0 0 0 0 0 0 0 0 0 0 0 0 0 0 0 0 0 0 0 0 0 0 0 0 0 0 0 0 0 0 0 0 0 0 0 0 0 0 0 0 0 0 0 0 0 0 0 0 0 0 0 0 0 0 0 0 0 0 0 0 0 0 
0 0 0 0 0 0 0 0 0 0 0 0 0 0 0 0 0 0 0 0 0 0 0 0 0 0 0 0 0 0 0 0 0 0 0 0 0 0 0 0 0 0 0 0 0 0 0 0 0 0 0 0 0 0 0 0 0 0 0 0 0 0 0 0 0 0 0 0 0 0 0 0 0 0 0 0 0 0 0 0 0 0 0 0 0 0 0 0 0 2.479559148e-09 7.382377428e-32 0 0 2.073459589e-28 0 0 3.035199829e-18 0 2.616911995e-19 611.230218 1.345885918e-37 481.1374531 310.2114023 408.0852562 54.93148134 1.693111033e-40 0 55.99551228 7.724181275e-26 0.003206308541 13.8262029 5.831019419e-07 128.6058579 3.271077202e-57 989.7964436 1.294368629e-07 95.02186342 1.959762205e-10 1103.781241 2.099447125e-37 1.210951472e-12 0.04211386018 0 1676.961515 2503.757159 2.892795731e-43 1.088847149e-16 0 1.833199724e-22 1.067610521e-18 0 0.0006164438706 1144.205718 0 3.220232065e-12 1593.505984 1170.337198 0.01419024445 0 7.777395659e-26 314.9368163 5.941106675e-53 4.940601311e-50 3.698037307e-48 1.108790996e-15 0 7.526502542e-10 7.942768878e-35 18.92250833 1.640716274e-17 1.075787938e-11 221.6419471 9.633080413e-31 3.914072627e-42 9.870928263e-05 9.672345488e-15 4.401461965e-48 0.01028656638 1.438550954e-33 0 0 1.653701212e-05 424.9028259 0.0001394097987 0 0 4.936854354e-21 0 12.70404262 0 0 0 0 0 0 0 0 0 0 0 0 0 0 0 0 0 0 0 0 0 0 0 0 0 0 0 0 0 0 0 0 0 0 0 0 0 0 0 0 0 0 0 0 0 0 0 0 0 0 0 0 0 0 0 0 0 0 0 0 0 0 0 0 0 0 0 0 0 0 0 0 0 0 0 0 0 0 0 0 0 0 0 0 0 0 0 
0 0 0 0 0 0 0 0 0 0 0 0 0 0 0 0 0 0 0 0 0 0 0 0 0 0 0 0 0 0 0 0 0 0 0 0 0 0 0 0 0 0 0 0 0 0 0 0 0 0 0 0 0 0 0 0 0 0 0 0 0 0 0 0 0 0 0 0 0 0 0 0 0 0 0 0 0 0 0 0 0 0 0 0 0 0 0 0 0 0 3.325535871e-43 12.43698814 0 0 6.555717815e-44 1.330189303e-32 120.6876637 4.671782309e-48 0 0 332.7755956 1.203215493e-12 579.3713116 5.237006735e-38 0.005062252734 5.820471931e-26 1.078389501e-48 8.511496843e-47 1.964994693e-35 1476.268327 1039.151137 2.453796363e-06 1.919450541e-26 6.844871717e-26 649.3399772 3.806529993e-43 1217.552887 3.616293996e-32 0 7.30151347e-16 9.390903419e-15 702.3533411 2.386471805e-10 4.824228471e-39 1458.923517 1.995287656e-13 0 1.103757969e-39 0 2261.383794 280.8637162 1.10143563e-56 3.390796268e-40 3.449387546e-35 2034.740725 7.017425808e-09 0 2908.303567 4.759828292e-53 2.625124477e-13 0 0 6.730826567e-31 6.093490247e-16 1108.173523 0 424.9726743 0 0 2.344616394e-53 146.2430681 5.243559516e-33 5.323168917e-17 52.159569 0 0 4.195089381e-53 1.447357942e-24 1.40740699e-30 2.309610997 5.646297793e-05 5.298566817e-34 61.03167157 0 0 0.8843349778 0 0 0 0 0 0 0 0 0 0 0 0 0 0 0 0 0 0 0 0 0 0 0 0 0 0 0 0 0 0 0 0 0 0 0 0 0 0 0 0 0 0 0 0 0 0 0 0 0 0 0 0 0 0 0 0 0 0 0 0 0 0 0 0 0 0 0 0 0 0 0 0 0 0 0 0 0 0 0 0 0 0 0 0 0 0 0 0 0 0 
0 0 0 0 0 0 0 0 0 0 0 0 0 0 0 0 0 0 0 0 0 0 0 0 0 0 0 0 0 0 0 0 0 0 0 0 0 0 0 0 0 0 0 0 0 0 0 0 0 0 0 0 0 0 0 0 0 0 0 0 0 0 0 0 0 0 0 0 0 0 0 0 0 0 0 0 0 0 0 0 0 0 0 0 0 0 0 0 0 0 0 6.499784778e-29 2.024408693e-36 0 502.8223598 2.411912495e-11 4.652573319 0 0 0.0007197203019 5.92792322e-22 1.488125554e-11 0 4.978892942 2.025184022e-12 586.9271288 998.9041534 1.034143653e-38 865.9540322 0 1.940773619e-46 1.991011081e-33 3.445859942e-39 4.586412252e-06 4.391415206e-39 7.639301019e-40 1.412489791e-23 0 1443.038033 0 16.69090034 9.70161919e-11 0.4285478336 0.002778632624 0 5.243804166e-11 0 4.914554663e-46 1.361941806e-16 0 4543.27747 173.3714063 1817.875307 0 9.743236076e-33 0 598.2577488 1.669547712e-28 15.50989591 1.456510974 7.103767175e-28 1857.391998 1.782239631e-35 1065.459834 200.7391456 0 928.7100816 24.57899413 928.0912564 5.638478574e-26 37.72174055 0 0 592.8687618 0 0 266.1291409 3.205651712e-50 0 871.1087647 2.341253224e-10 25.96996726 38.34170065 9.246861933 0 6.740015432 59.96734839 0 0 0 0 0 0 0 0 0 0 0 0 0 0 0 0 0 0 0 0 0 0 0 0 0 0 0 0 0 0 0 0 0 0 0 0 0 0 0 0 0 0 0 0 0 0 0 0 0 0 0 0 0 0 0 0 0 0 0 0 0 0 0 0 0 0 0 0 0 0 0 0 0 0 0 0 0 0 0 0 0 0 0 0 0 0 0 0 0 
0 0 0 0 0 0 0 0 0 0 0 0 0 0 0 0 0 0 0 0 0 0 0 0 0 0 0 0 0 0 0 0 0 0 0 0 0 0 0 0 0 0 0 0 0 0 0 0 0 0 0 0 0 0 0 0 0 0 0 0 0 0 0 0 0 0 0 0 0 0 0 0 0 0 0 0 0 0 0 0 0 0 0 0 0 0 0 0 0 8.998303098e-22 0 0 0 252.2354627 1.064782984e-44 0 0 5.004357558e-29 3.284081936e-05 0 1.417275983e-08 4.565335452e-27 0 0.003054686047 0 630.8746458 1.691257627e-41 598.4849603 0 3.644056438e-35 1.146197328e-19 0 3.487770793e-16 3.058988729e-48 0 725.2294604 0 0 25.90291994 1.233885069e-42 0 6.276570375e-06 3.351299863e-28 0 0.1256877587 0.02729063637 0 0 5.677273183e-32 0 0 3.048709902e-06 0 0 0 1020.38779 8.959112638e-30 1365.334211 0.01957349375 0 0 2.904584231e-43 1275.440376 0 4.166035344e-24 4.305458445e-30 0 3.128462319e-21 0 0 325.1730698 1121.677118 1.801302876 3.783669192e-33 1.657436068e-44 0 0 406.6562493 4.686222206e-19 0 0 0 7.066322288e-31 1.131591641e-38 7.477598121e-30 1.909743094e-37 0 0 0 0 0 0 0 0 0 0 0 0 0 0 0 0 0 0 0 0 0 0 0 0 0 0 0 0 0 0 0 0 0 0 0 0 0 0 0 0 0 0 0 0 0 0 0 0 0 0 0 0 0 0 0 0 0 0 0 0 0 0 0 0 0 0 0 0 0 0 0 0 0 0 0 0 0 0 0 0 0 0 0 0 0 0 0 0 0 0 
0 0 0 0 0 0 0 0 0 0 0 0 0 0 0 0 0 0 0 0 0 0 0 0 0 0 0 0 0 0 0 0 0 0 0 0 0 0 0 0 0 0 0 0 0 0 0 0 0 0 0 0 0 0 0 0 0 0 0 0 0 0 0 0 0 0 0 0 0 0 0 0 0 0 0 0 0 0 0 0 0 0 0 0 0 0 0 0 0 0 0 0 0 0 0 1.297784568e-55 1.307455928e-17 0 0 0 0.1893899642 3.281688283e-16 12.13769121 0 0 0 0 6.718651029e-24 0 2.903550835e-33 8.707885445e-20 1.086095337e-12 5.954108665e-43 0 1.785447526e-48 1.532161815e-32 0 0 1.173942335e-38 1.984414796e-29 1101.918483 3.204728288e-08 0.001044086993 3.944254041e-10 0 1.183627831e-08 0 1.225293329e-48 0.01268320073 0 2.226781071e-33 0 334.256099 1453.518709 0 0 2399.260328 4.835782407e-22 0 479.8188769 0 4.753180578e-19 5.982360496e-25 2.325803437e-55 1.156062547e-22 1090.107345 1.532700491 2.154034353e-55 0.0005583218301 825.3085334 3.678137324e-32 0.00604228534 0 0 4.38421686e-37 7.427213243e-31 0.1895426298 0 0 0 7.18551714e-49 3.787699025e-30 0 0 0 1.073438481e-49 0 0 0 0 0 0 0 0 0 0 0 0 0 0 0 0 0 0 0 0 0 0 0 0 0 0 0 0 0 0 0 0 0 0 0 0 0 0 0 0 0 0 0 0 0 0 0 0 0 0 0 0 0 0 0 0 0 0 0 0 0 0 0 0 0 0 0 0 0 0 0 0 0 0 0 0 0 0 0 0 0 0 0 0 0 0 0 0 0 0 
0 0 0 0 0 0 0 0 0 0 0 0 0 0 0 0 0 0 0 0 0 0 0 0 0 0 0 0 0 0 0 0 0 0 0 0 0 0 0 0 0 0 0 0 0 0 0 0 0 0 0 0 0 0 0 0 0 0 0 0 0 0 0 0 0 0 0 0 0 0 0 0 0 0 0 0 0 0 0 0 0 0 0 0 0 0 0 0 0 0 0 0 6.47344018e-30 0 5.104741968e-43 1.056949189e-43 0 114.6238098 0 146.8767565 7.961091231e-31 0 0 420.5024733 0.1912216307 1.105630495e-34 0 0 1.177848342e-34 0 1.17029328e-49 5.208638881e-38 4.539850478e-41 0 1.886081131e-20 9.503223291 0 0 2.755510595e-15 0 0 0.6432783548 1529.914502 0 2.983830631e-24 7.016209672e-29 2.295541901e-47 0 1.463789439e-27 1.796801329e-30 0.1683493607 2.573718952e-29 0 0 852.7376893 1.303801632e-08 812.7300391 0 397.6224809 285.1150846 1.05252157e-29 5.154798397e-06 12.21565265 0 4.265694817e-15 0 0 0 1.552326253e-05 559.2609281 730.0724799 0 1.81092006e-40 284.7029897 1.431150874e-33 8.616354225e-14 1.101439943e-40 2.530573905e-23 5.786565108e-28 0 0.06141302626 1.359938388e-59 0 1.666578335e-32 1.342633201e-31 0 1.308445034e-25 0 0 0 0 0 0 0 0 0 0 0 0 0 0 0 0 0 0 0 0 0 0 0 0 0 0 0 0 0 0 0 0 0 0 0 0 0 0 0 0 0 0 0 0 0 0 0 0 0 0 0 0 0 0 0 0 0 0 0 0 0 0 0 0 0 0 0 0 0 0 0 0 0 0 0 0 0 0 0 0 0 0 0 0 0 0 0 0 0 
0 0 0 0 0 0 0 0 0 0 0 0 0 0 0 0 0 0 0 0 0 0 0 0 0 0 0 0 0 0 0 0 0 0 0 0 0 0 0 0 0 0 0 0 0 0 0 0 0 0 0 0 0 0 0 0 0 0 0 0 0 0 0 0 0 0 0 0 0 0 0 0 0 0 0 0 0 0 0 0 0 0 0 0 0 0 0 0 0 0 0 0 2.978302573e-49 0 180.7966162 0 6.46627838e-11 0 0.4666775841 1.348515444e-24 1.161853575e-09 18.10754524 0.0640446546 0 0 1.037191132e-07 9.588596309e-39 286.6954231 0 0 1.391837083e-36 1.247526061e-05 1.095752434e-28 2.2243075e-23 3.97277921e-18 77.74976032 4.208315306e-25 0 0 0 6.75808693e-27 1.818078864e-14 1.71079731e-28 645.4832553 0 1.434811263e-35 2.116041202e-09 0 0.9925779798 0 0 0 2.255607492e-45 1.733717925e-07 2.420311956 1.53030434e-07 7.633616237e-15 3.151673691e-13 8.718964357e-36 2.13640757e-13 1.376898038e-21 7.943541869e-07 2.706606913e-41 5.525539566e-26 78.43349215 0 0 0 4.757840492e-06 0 3.002613714e-43 0 1.41557557e-43 0 0 9.050903398e-23 6.222872337e-63 36.93136723 1.968421999 0 0 0 1.975964719e-33 0 0 5.572249406e-30 2.362133975e-24 0 0 0 0 0 0 0 0 0 0 0 0 0 0 0 0 0 0 0 0 0 0 0 0 0 0 0 0 0 0 0 0 0 0 0 0 0 0 0 0 0 0 0 0 0 0 0 0 0 0 0 0 0 0 0 0 0 0 0 0 0 0 0 0 0 0 0 0 0 0 0 0 0 0 0 0 0 0 0 0 0 0 0 0 0 0 0 0 0 
0 0 0 0 0 0 0 0 0 0 0 0 0 0 0 0 0 0 0 0 0 0 0 0 0 0 0 0 0 0 0 0 0 0 0 0 0 0 0 0 0 0 0 0 0 0 0 0 0 0 0 0 0 0 0 0 0 0 0 0 0 0 0 0 0 0 0 0 0 0 0 0 0 0 0 0 0 0 0 0 0 0 0 0 0 0 0 0 3.580830672e-51 0 0 0 0 0 3.528111702e-11 1.674172712e-24 0 0 0 2.530582326e-21 0 0.01133971649 0 0 1.569848862e-21 0 0 0 1.218713352e-28 1.123775766e-32 953.6751326 4.827630888e-19 0 0 0 0 913.363088 9.079161737e-10 1015.034487 32.64552437 0 0 3.788726124e-38 0 2.02874765e-27 1.699215099e-56 6.592120249e-42 6.680510876e-59 1439.790989 0 1.239590098e-49 0 0 39.05087014 0 0 9.130666819e-48 0.001167497082 0 1.056557575e-42 0 1.471397324e-15 5.118712319e-51 4.944489705e-20 0 0 3.117524322e-59 0 7.629527883e-17 0 2.191036176e-13 0 0 1.757502796e-23 0 0 0 1.952969865e-16 0 1.055957702e-45 0.0001156079657 4.878782965e-10 3.696007434e-17 0 3.176295883e-20 0 0 0 0 0 0 0 0 0 0 0 0 0 0 0 0 0 0 0 0 0 0 0 0 0 0 0 0 0 0 0 0 0 0 0 0 0 0 0 0 0 0 0 0 0 0 0 0 0 0 0 0 0 0 0 0 0 0 0 0 0 0 0 0 0 0 0 0 0 0 0 0 0 0 0 0 0 0 0 0 0 0 0 0 0 0 0 0 0 0 0 
0 0 0 0 0 0 0 0 0 0 0 0 0 0 0 0 0 0 0 0 0 0 0 0 0 0 0 0 0 0 0 0 0 0 0 0 0 0 0 0 0 0 0 0 0 0 0 0 0 0 0 0 0 0 0 0 0 0 0 0 0 0 0 0 0 0 0 0 0 0 0 0 0 0 0 0 0 0 0 0 0 0 0 0 0 0 0 0 1.073926025e-10 6.371268274e-10 0 0 1.68858434e-34 1.35299203e-16 7.869101011e-60 0 0 7.763889929e-38 0.0001159771979 4.003933209e-26 0 6.604848104e-27 0 53.5531205 2.641953741e-28 0 0 239.4062481 0 1.788572106e-07 0 0 0 0 0 1.46633118e-41 0 976.4174558 469.4269837 0 2.880247055e-22 2.526547051e-05 5.971618826e-08 5.894564719e-08 0 0.03249843506 116.8256638 1.95804786e-16 0 4.835609419e-32 2.462895132e-25 2.789702176e-20 2.914582248e-07 113.2963154 1.829060101e-58 1.085787567e-06 6.064769921e-50 0 238.2139924 0 2.500889381e-35 0 4.053011266e-16 2.704544476e-36 2.668246745e-07 0 0 0 2.853571214e-46 38.60597208 0 21.10050275 1.823345805e-55 1.263679746e-08 1.065409899e-53 0 2.429751902e-47 3.396195693e-22 1.346859807 0 21.60368346 47.16366738 0 0 0 0 0 0 0 0 0 0 0 0 0 0 0 0 0 0 0 0 0 0 0 0 0 0 0 0 0 0 0 0 0 0 0 0 0 0 0 0 0 0 0 0 0 0 0 0 0 0 0 0 0 0 0 0 0 0 0 0 0 0 0 0 0 0 0 0 0 0 0 0 0 0 0 0 0 0 0 0 0 0 0 0 0 0 0 0 0 0 0 0 0 0 
0 0 0 0 0 0 0 0 0 0 0 0 0 0 0 0 0 0 0 0 0 0 0 0 0 0 0 0 0 0 0 0 0 0 0 0 0 0 0 0 0 0 0 0 0 0 0 0 0 0 0 0 0 0 0 0 0 0 0 0 0 0 0 0 0 0 0 0 0 0 0 0 0 0 0 0 0 0 0 0 0 0 0 0 0 0 0 0 0.005758647828 0 2.3309617e-57 0 8.548332539e-11 3.381624116e-27 2.328530525e-11 0 3.190346703e-10 0 5.641295215e-27 0 7.038826064e-24 2.824049201e-30 0 9.294198854e-19 1.288158346e-23 1.256936879e-41 1.571737908e-33 0 0 7.121128199e-11 0 0 0 0 3.117178923e-27 1.246445452e-41 15.21464343 0.001504074357 1.74686371e-31 1.674121119e-16 5.479729269e-44 1.757336022e-65 7.212789661e-20 7.433514961e-34 1.264483631e-37 5.75302584e-09 5.863192611e-23 0.001320178599 0 1031.894462 1.137886401e-28 5.857019419e-26 2.163297541e-15 3.690665698e-57 7.7795735e-43 2.559808521e-05 527.6701729 0 0 0 4.611809105e-17 0.6551970408 0 8.156866235e-42 3.148601591e-55 477.5550534 0 6.107343597e-12 0 0.0006832448367 6.009072317e-25 1.793442576e-24 3.611342205e-66 1.933619631e-45 0 1.523730079e-42 308.7134544 1.568404508e-53 0 0 0 1.527027131e-05 9.65411836e-11 8.537877002e-62 1.109194975e-44 4.475053723e-19 1.194754221e-39 0 0 0 0 0 0 0 0 0 0 0 0 0 0 0 0 0 0 0 0 0 0 0 0 0 0 0 0 0 0 0 0 0 0 0 0 0 0 0 0 0 0 0 0 0 0 0 0 0 0 0 0 0 0 0 0 0 0 0 0 0 0 0 0 0 0 0 0 0 0 0 0 0 0 0 0 0 0 0 0 0 0 0 0 0 0 0 0 0 
0 0 0 0 0 0 0 0 0 0 0 0 0 0 0 0 0 0 0 0 0 0 0 0 0 0 0 0 0 0 0 0 0 0 0 0 0 0 0 0 0 0 0 0 0 0 0 0 0 0 0 0 0 0 0 0 0 0 0 0 0 0 0 0 0 0 0 0 0 0 0 0 0 0 0 0 0 0 0 0 0 0 0 0 0 0 0 0 0 0 0 2.213199292e-26 0 5.929459835e-16 8.542219835e-63 0 3.121664253e-51 1.312022334e-05 4.431251853e-37 1.345666173e-17 1.103089781e-39 7.472324447e-54 5.305907664e-49 0.2297194239 2.562191554e-40 0 0.3366416668 0 0 0 0 0 2.501102341e-44 4.362524965e-38 2.029729848e-30 5.341822936e-15 0.0005160496823 0 0 0 0 9.386131706e-33 6.358757847e-13 4.141238284e-50 7.729267376e-06 1.478713298e-10 9.073496331e-21 0 5.325923918e-49 0 2.330500663e-20 2.325748358e-41 0 0 508.681756 1.99003282e-26 1.271438536e-66 1.800360538e-42 0 1.690188197e-61 0 3.416760286e-40 0 2.000754717e-28 5.042739189e-29 2.173219386e-53 9.191590527e-56 0 1.19468983e-07 0.06605807574 1.619123299e-22 0 6.922070386e-44 0 1.013785357e-29 9.371756754e-19 3.127938528e-68 20.14118244 0 2.273451014e-14 0 0 8.247974386e-12 2.732554102e-23 0 2.096576855e-55 0 0 0 0 0 0 0 0 0 0 0 0 0 0 0 0 0 0 0 0 0 0 0 0 0 0 0 0 0 0 0 0 0 0 0 0 0 0 0 0 0 0 0 0 0 0 0 0 0 0 0 0 0 0 0 0 0 0 0 0 0 0 0 0 0 0 0 0 0 0 0 0 0 0 0 0 0 0 0 0 0 0 0 0 0 0 0 0 0 0 
0 0 0 0 0 0 0 0 0 0 0 0 0 0 0 0 0 0 0 0 0 0 0 0 0 0 0 0 0 0 0 0 0 0 0 0 0 0 0 0 0 0 0 0 0 0 0 0 0 0 0 0 0 0 0 0 0 0 0 0 0 0 0 0 0 0 0 0 0 0 0 0 0 0 0 0 0 0 0 0 0 0 0 0 0 0 0 0 0 2.167784355e-18 0 0 1.460189181e-37 0 0 3.317631349e-64 3.082031488e-53 0 7.660855171e-05 7.698715966e-46 2.671105992e-26 1.452545505 1.410985002e-09 0 7.018691386e-47 0 0 1.226075791e-18 5.763934166e-41 0 2.057254079e-07 1.04115782e-20 1.801282314e-12 0 0 9.760362791e-08 3.236577295e-39 0 3.693069249e-14 0 6.671899894e-49 0 7.37435303e-08 0 0.07499842385 5.210940943e-36 2.56093172e-22 1.546863518e-23 5.892792389e-07 0 1.41357305e-18 1.249526668e-27 681.5794695 393.8041347 4.044013468e-28 0.01021638147 2.115544718e-19 3.991512557e-10 4.905978206e-08 2.13549597e-59 1.402557359e-25 0 0 1.092204529e-46 1.955625711e-17 0 0 7.297759568e-23 0.02281697654 0 0 8.845244567e-05 6.88426298e-25 0 0 0 0.0002422116428 0.0007250645442 1.840401395e-45 1.560442302e-31 1.618517088e-48 0 6.033714032e-61 0 0 0 0 0 0 0 0 0 0 0 0 0 0 0 0 0 0 0 0 0 0 0 0 0 0 0 0 0 0 0 0 0 0 0 0 0 0 0 0 0 0 0 0 0 0 0 0 0 0 0 0 0 0 0 0 0 0 0 0 0 0 0 0 0 0 0 0 0 0 0 0 0 0 0 0 0 0 0 0 0 0 0 0 0 0 0 0 0 0 0 0 0 
0 0 0 0 0 0 0 0 0 0 0 0 0 0 0 0 0 0 0 0 0 0 0 0 0 0 0 0 0 0 0 0 0 0 0 0 0 0 0 0 0 0 0 0 0 0 0 0 0 0 0 0 0 0 0 0 0 0 0 0 0 0 0 0 0 0 0 0 0 0 0 0 0 0 0 0 0 0 0 0 0 0 0 0 0 0 0 0 1.903724048e-22 0 1.77201233e-60 27.36003674 0 1.679534363e-36 4.331307456e-48 0 0.004497915746 2.434222289e-55 1.144695372e-57 0.002284727065 0 1.921540637e-61 2.92736752e-30 2.580879035e-21 0 1.491128764e-32 5.683022559e-50 1.091893193e-10 8.116455426e-22 5.617188064e-08 0 0 0 4.822882861e-36 9.584088884e-52 1.869971166e-32 4.458106109e-50 0 0 0 1.834199117e-57 1.627514755e-09 4.744099716e-21 1.269402555e-52 1.395814839e-45 3.128458864e-13 0 7.507925863e-50 3.493979231e-25 5.380198104e-27 3.693800928e-14 0 0 1.584724335e-13 1.711857256 4.888939723e-57 6.634830964e-50 1.664053346e-34 0 2.799865623e-46 3.777803863e-18 0.06501510004 0 5.255208117e-22 0 4.51133057e-07 0.005710340373 6.761969704e-55 8.331675254e-46 0 0 3.13654509e-26 2.416773041e-12 0 4.370368809e-12 3.08265313e-28 0 0 0.0309397941 0 1.371614986e-53 2.086937303e-53 7.213541982e-15 1.137147706e-42 0 1.67581645e-12 0 0 0 0 0 0 0 0 0 0 0 0 0 0 0 0 0 0 0 0 0 0 0 0 0 0 0 0 0 0 0 0 0 0 0 0 0 0 0 0 0 0 0 0 0 0 0 0 0 0 0 0 0 0 0 0 0 0 0 0 0 0 0 0 0 0 0 0 0 0 0 0 0 0 0 0 0 0 0 0 0 0 0 0 0 0 0 0 0 0 
0 0 0 0 0 0 0 0 0 0 0 0 0 0 0 0 0 0 0 0 0 0 0 0 0 0 0 0 0 0 0 0 0 0 0 0 0 0 0 0 0 0 0 0 0 0 0 0 0 0 0 0 0 0 0 0 0 0 0 0 0 0 0 0 0 0 0 0 0 0 0 0 0 0 0 0 0 0 0 0 0 0 0 0 0 0 0 0 0 0 7.924097043e-19 0 8.224671951e-13 7.288374481e-62 0 5.872653415e-34 1.278963194e-30 2.794654012e-66 0 3.597363051e-31 0 0 50.65572578 0 3.285976408e-24 2.229035051e-42 12.11613577 0 8.195337253e-39 6.221654723e-20 0 1.006702264e-23 3.930208648e-62 6.882957925e-40 8.277873336e-07 0 0 0 8.449231082e-59 9.081196949e-07 3.375535981e-63 0.0008518139196 0.296001018 1.127846315e-50 0 0 0.07968555106 5.664564037e-40 6.614752007e-67 4.350897961e-64 2.69350367e-40 2.666868863 1.289821534e-34 2.960618813e-67 6.077271337e-27 0 1.73954227e-58 3.499930698e-08 3.915425043e-11 9.373266952e-41 9.376593437e-05 1.714832535e-46 8.754544526e-26 4.037239773e-59 5.138472699e-12 0 1.985015103e-14 1.359748029e-33 0 0 0 7.804086618e-41 5.314093485e-54 4.551550032e-29 1.112421316e-50 0 1.42858849e-44 4.247985151e-46 0 0 0 1.682263045e-46 2.655615012e-05 0 0 0 0 0 0 0 0 0 0 0 0 0 0 0 0 0 0 0 0 0 0 0 0 0 0 0 0 0 0 0 0 0 0 0 0 0 0 0 0 0 0 0 0 0 0 0 0 0 0 0 0 0 0 0 0 0 0 0 0 0 0 0 0 0 0 0 0 0 0 0 0 0 0 0 0 0 0 0 0 0 0 0 0 0 0 0 0 0 0 0 0 0 
0 0 0 0 0 0 0 0 0 0 0 0 0 0 0 0 0 0 0 0 0 0 0 0 0 0 0 0 0 0 0 0 0 0 0 0 0 0 0 0 0 0 0 0 0 0 0 0 0 0 0 0 0 0 0 0 0 0 0 0 0 0 0 0 0 0 0 0 0 0 0 0 0 0 0 0 0 0 0 0 0 0 0 0 0 0 0 0 0 0 0 0 0 0 3.477602659e-30 3.822165351e-54 6.056663578e-14 1.784605654e-38 0 4.201645339e-21 0 0 1.90275856e-48 1.041765233e-63 2.515117629e-11 0 5.753074937e-12 1.144415211e-07 0 0 0.03795161545 0 2.703009046e-41 0 2.869438554e-41 0 4.113678789e-50 3.5731407e-67 2.313008754e-26 0 2.779332759e-58 8.283158094e-57 71.7671634 0 5.267787211e-28 0 9.294125461e-15 0 9.678448954e-14 1.771393318e-60 1.616639977e-55 8.236632169e-63 0 8.704462735e-07 0 1.381571625e-33 2.95925655e-20 0 1.630034382e-62 0 4.08574152e-30 5.089565736e-22 0 0 2.914955449e-17 0 5.163578831 5.1374036e-27 0 3.809646323e-18 6.255001245e-15 2.661285751e-36 0 0 5.170323211e-25 1.151595721e-46 0 0 0 2.234183684e-56 0 3.848922491e-18 2.194309153e-37 1.685293738e-45 0 0 0 2.221074597e-05 0 0 0 0 0 0 0 0 0 0 0 0 0 0 0 0 0 0 0 0 0 0 0 0 0 0 0 0 0 0 0 0 0 0 0 0 0 0 0 0 0 0 0 0 0 0 0 0 0 0 0 0 0 0 0 0 0 0 0 0 0 0 0 0 0 0 0 0 0 0 0 0 0 0 0 0 0 0 0 0 0 0 0 0 0 0 0 0 
0 0 0 0 0 0 0 0 0 0 0 0 0 0 0 0 0 0 0 0 0 0 0 0 0 0 0 0 0 0 0 0 0 0 0 0 0 0 0 0 0 0 0 0 0 0 0 0 0 0 0 0 0 0 0 0 0 0 0 0 0 0 0 0 0 0 0 0 0 0 0 0 0 0 0 0 0 0 0 0 0 0 0 0 0 0 0 0 0 7.506278579e-35 0 0 0 8.3652775e-61 0 0 0 0 0 2.649603695e-68 1.241441378e-62 0 0 4.007515937e-23 0 0 0 0 0 0 1.239573191e-57 0 5.133278689e-37 0 0 0 0 0 0 0 0 0 0 3.756791452e-20 0 2.513666511e-18 1.835934083e-15 0 0 0 0 2.92417037e-27 0 0 9.850895065e-50 1.53275561e-14 0 0 0 2.422802744e-08 8.426479994e-42 3.831760246e-24 4.930519094e-67 0 1.523495872e-22 0 9.689423085e-35 0 0 0 0 2.179932134e-59 1.7839888e-63 7.933126218e-09 0 1.890573799e-54 2.513438833e-42 0 0 4.502453592e-44 0 0 0 0 2.034155775e-17 0 0 0 0 0 0 0 0 0 0 0 0 0 0 0 0 0 0 0 0 0 0 0 0 0 0 0 0 0 0 0 0 0 0 0 0 0 0 0 0 0 0 0 0 0 0 0 0 0 0 0 0 0 0 0 0 0 0 0 0 0 0 0 0 0 0 0 0 0 0 0 0 0 0 0 0 0 0 0 0 0 0 0 0 0 0 0 0 0 0 0 
0 0 0 0 0 0 0 0 0 0 0 0 0 0 0 0 0 0 0 0 0 0 0 0 0 0 0 0 0 0 0 0 0 0 0 0 0 0 0 0 0 0 0 0 0 0 0 0 0 0 0 0 0 0 0 0 0 0 0 0 0 0 0 0 0 0 0 0 0 0 0 0 0 0 0 0 0 0 0 0 0 0 0 0 0 0 0 0 0 0 0 0 3.616530338e-26 4.637622073e-41 0 1.036990351e-08 6.055819151e-67 0 0 1.074301105e-53 0 1.856468334e-51 5.708880543e-37 0 0 0 1.248931048e-38 5.102066129e-10 7.239569563e-22 0 4.740775686e-40 0 0 0 0 4.22594662e-54 0 6.877134162e-45 2.011339124e-52 1.135617189e-50 2.855540869e-40 0 7.798843786e-47 2.592264392e-36 0 0 7.508124964e-14 0 5.667053158e-61 7.250443969e-67 2.025959352e-15 0 0 0 1.098607041e-54 0 0 1.002928729e-37 0 0 0 1.75847214e-08 8.272662076e-55 0 0 1.235095097e-49 0 0 1.800383286e-11 0 0 1.536609663e-49 2.816073289e-59 0 7.886473126e-33 0 0 2.933789086e-55 0 0 0 4.503517013e-35 0 0 0 1.488934623e-25 2.497327731e-60 0 0 0 0 0 0 0 0 0 0 0 0 0 0 0 0 0 0 0 0 0 0 0 0 0 0 0 0 0 0 0 0 0 0 0 0 0 0 0 0 0 0 0 0 0 0 0 0 0 0 0 0 0 0 0 0 0 0 0 0 0 0 0 0 0 0 0 0 0 0 0 0 0 0 0 0 0 0 0 0 0 0 0 0 0 0 0 0 0 
0 0 0 0 0 0 0 0 0 0 0 0 0 0 0 0 0 0 0 0 0 0 0 0 0 0 0 0 0 0 0 0 0 0 0 0 0 0 0 0 0 0 0 0 0 0 0 0 0 0 0 0 0 0 0 0 0 0 0 0 0 0 0 0 0 0 0 0 0 0 0 0 0 0 0 0 0 0 0 0 0 0 0 0 0 0 0 0 0 0 3.241110596e-32 0 0 0 0 0 1.028262071e-33 0 0 0 0 0 5.90773503e-57 0 0 0 4.928974218e-61 0.001083569555 0 0 6.749395622e-63 0 0 0 0 0 0 0 1.383601986e-34 0 2.870521435e-18 0 4.689433075e-50 1.739935238e-35 0 0 0 0 0 0 9.009198246e-06 1.823000732e-48 0 4.588758441e-14 5.19769501e-39 1.164161043e-40 8.819461354e-43 0 7.668416654e-25 0 0 0 0 0 2.042612241e-35 1.595458855e-33 1.444605935e-60 7.575024344e-25 1.112789036e-32 8.849231235e-23 0 0 2.098484706e-33 0 0 0 0 0 0 0 0 0 1.859242958e-66 0 0 0 0 0 0 0 0 0 0 0 0 0 0 0 0 0 0 0 0 0 0 0 0 0 0 0 0 0 0 0 0 0 0 0 0 0 0 0 0 0 0 0 0 0 0 0 0 0 0 0 0 0 0 0 0 0 0 0 0 0 0 0 0 0 0 0 0 0 0 0 0 0 0 0 0 0 0 0 0 0 0 0 0 0 0 0 0 0 0 0 0 0 
0 0 0 0 0 0 0 0 0 0 0 0 0 0 0 0 0 0 0 0 0 0 0 0 0 0 0 0 0 0 0 0 0 0 0 0 0 0 0 0 0 0 0 0 0 0 0 0 0 0 0 0 0 0 0 0 0 0 0 0 0 0 0 0 0 0 0 0 0 0 0 0 0 0 0 0 0 0 0 0 0 0 0 0 0 0 0 0 0 0 3.257420828e-45 0 0 0 0 6.914622507e-41 1.213003293e-45 1.34327177e-27 0 1.919313085e-06 0 0 0 0 0 0 0 0 1.735127245e-05 0 0 4.499287581e-37 0 0 0 0 0 0 6.804982395e-11 0 0 3.636785771e-50 0 0 2.220070306e-10 6.890888131e-07 0 0 1.042794204e-57 0 2.323589001e-61 1.190948488e-37 0 0 0 5.672055983e-51 2.133205614e-13 0 2.471642209e-20 2.978526655e-49 4.619712057e-50 1.281166063e-58 6.130786724e-29 7.567625552e-55 0 0 0 0 0 0 0 0 0 0 0 1.864559387e-13 2.053428451e-68 0 0 2.388070012e-15 0 9.995692077e-13 0 1.041383878e-39 0 0 4.68180146e-10 0 0 0 0 0 0 0 0 0 0 0 0 0 0 0 0 0 0 0 0 0 0 0 0 0 0 0 0 0 0 0 0 0 0 0 0 0 0 0 0 0 0 0 0 0 0 0 0 0 0 0 0 0 0 0 0 0 0 0 0 0 0 0 0 0 0 0 0 0 0 0 0 0 0 0 0 0 0 0 0 0 0 0 0 0 0 0 0 0 
0 0 0 0 0 0 0 0 0 0 0 0 0 0 0 0 0 0 0 0 0 0 0 0 0 0 0 0 0 0 0 0 0 0 0 0 0 0 0 0 0 0 0 0 0 0 0 0 0 0 0 0 0 0 0 0 0 0 0 0 0 0 0 0 0 0 0 0 0 0 0 0 0 0 0 0 0 0 0 0 0 0 0 0 0 0 0 0 0 0 0 0 0 6.129335314e-22 0 0 3.419406009e-50 0 6.286172848e-20 0 0 0 2.595181212e-10 1.792549663e-47 0 0 2.960370593e-19 0 0 0 0 1.909495924e-46 0 0 0 0 0 0 0 0 0 1.222256154e-66 7.656945682e-18 9.363491101e-51 7.962326032e-62 3.302764962e-29 0 0 0 6.277052389e-46 1.691667891e-49 1.955871514e-34 0 2.978745983e-56 9.065442507e-57 5.133680301e-28 0 1.359686313e-28 3.089765632e-18 0 0 1.070792705e-07 0 0 2.02332796e-15 0 0 1.78836527e-14 0 0 0 0 1.233715358e-30 0 0 0 0 1.717868483e-35 0 0 0 1.907677087e-52 0 0 5.942198512e-44 0 0 0 0 0 0 0 0 0 0 0 0 0 0 0 0 0 0 0 0 0 0 0 0 0 0 0 0 0 0 0 0 0 0 0 0 0 0 0 0 0 0 0 0 0 0 0 0 0 0 0 0 0 0 0 0 0 0 0 0 0 0 0 0 0 0 0 0 0 0 0 0 0 0 0 0 0 0 0 0 0 0 0 0 0 0 0 0 0 0 0 
0 0 0 0 0 0 0 0 0 0 0 0 0 0 0 0 0 0 0 0 0 0 0 0 0 0 0 0 0 0 0 0 0 0 0 0 0 0 0 0 0 0 0 0 0 0 0 0 0 0 0 0 0 0 0 0 0 0 0 0 0 0 0 0 0 0 0 0 0 0 0 0 0 0 0 0 0 0 0 0 0 0 0 0 0 0 0 0 0 4.518644653e-35 0 0 0 2.482326031e-37 0 3.041651995e-25 0 0 0 0 0 5.57585598e-40 0 0 5.220510065e-41 1.305387993e-41 0 1.705965065e-66 0 0 0 0 1.113393466e-53 0 7.983053377e-37 6.835831707e-12 0 1.030215264e-42 3.505133002e-32 1.977476444e-10 0 0 0 1.136008516e-26 0 0 0 0 0 0 0 0 3.389870121e-11 0 0 0 2.954953901e-38 0 0 0 7.273220859e-18 1.734641316e-54 1.39013928e-45 2.06633411e-61 0 0 0 0 8.953894481e-46 0 0 4.433685124e-77 0 1.193089984e-59 1.511739048e-22 0 0 0 0 0 0 0 1.363262529e-09 0 0 0 0 0 0 0 0 0 0 0 0 0 0 0 0 0 0 0 0 0 0 0 0 0 0 0 0 0 0 0 0 0 0 0 0 0 0 0 0 0 0 0 0 0 0 0 0 0 0 0 0 0 0 0 0 0 0 0 0 0 0 0 0 0 0 0 0 0 0 0 0 0 0 0 0 0 0 0 0 0 0 0 0 0 0 0 0 0 0 0 0 0 
0 0 0 0 0 0 0 0 0 0 0 0 0 0 0 0 0 0 0 0 0 0 0 0 0 0 0 0 0 0 0 0 0 0 0 0 0 0 0 0 0 0 0 0 0 0 0 0 0 0 0 0 0 0 0 0 0 0 0 0 0 0 0 0 0 0 0 0 0 0 0 0 0 0 0 0 0 0 0 0 0 0 0 0 0 0 0 0 0 0 0 0 2.080687629e-16 0 0 0 0 9.879901242e-17 0 3.000435932e-38 1.765014682e-42 0 7.955454479e-57 0 3.384062584e-26 8.457421757e-62 0 0 0 6.177239722e-58 0 2.28324514e-29 0 0 4.084379237e-62 0 0 2.485424927e-47 0 0 0 0 0 0 0 0 2.59206525e-55 5.097696807e-16 8.152016538e-28 6.356341481e-67 6.099267054e-11 0 0 0 3.212631915e-67 2.339488956e-40 0 0 0 2.490063369e-46 3.583234048e-61 2.364768093e-35 8.189034175e-75 0 0 8.606437549e-64 0 0 1.467789394e-22 0 0 0 0 0 3.838522048e-55 6.511799104e-20 0 0 0 0 0 0 0 0 0 0 0 0 0 0 0 0 0 0 0 0 0 0 0 0 0 0 0 0 0 0 0 0 0 0 0 0 0 0 0 0 0 0 0 0 0 0 0 0 0 0 0 0 0 0 0 0 0 0 0 0 0 0 0 0 0 0 0 0 0 0 0 0 0 0 0 0 0 0 0 0 0 0 0 0 0 0 0 0 0 0 0 0 0 0 0 0 0 0 0 0 
0 0 0 0 0 0 0 0 0 0 0 0 0 0 0 0 0 0 0 0 0 0 0 0 0 0 0 0 0 0 0 0 0 0 0 0 0 0 0 0 0 0 0 0 0 0 0 0 0 0 0 0 0 0 0 0 0 0 0 0 0 0 0 0 0 0 0 0 0 0 0 0 0 0 0 0 0 0 0 0 0 0 0 0 0 0 0 0 0 0 6.368629321e-53 0 0 9.324819376e-27 0 4.926043931e-50 6.610017299e-59 9.076916488e-20 0 0 0 9.168108006e-11 3.533694503e-15 0 0 0 5.350232851e-19 1.978618286e-32 2.158988263e-19 0 0 0 0 0 0 0 5.338987714e-41 0 0 0 0 0 5.793450346e-23 0 0 1.697929397e-28 6.312113264e-40 1.389510238e-20 0 0 0 0 0 0 0 0 0 0 1.700166366e-47 1.26372846e-43 1.324585143e-46 0 0 3.485536856e-20 3.320982887e-63 0 0 4.310608558e-67 0 0 0 2.94283777e-42 0 1.294774582e-64 8.094134009e-51 0 6.796986493e-49 0 0 0 0 0 0 0 0 0 0 0 0 0 0 0 0 0 0 0 0 0 0 0 0 0 0 0 0 0 0 0 0 0 0 0 0 0 0 0 0 0 0 0 0 0 0 0 0 0 0 0 0 0 0 0 0 0 0 0 0 0 0 0 0 0 0 0 0 0 0 0 0 0 0 0 0 0 0 0 0 0 0 0 0 0 0 0 0 0 0 0 0 0 0 0 0 0 0 0 
0 0 0 0 0 0 0 0 0 0 0 0 0 0 0 0 0 0 0 0 0 0 0 0 0 0 0 0 0 0 0 0 0 0 0 0 0 0 0 0 0 0 0 0 0 0 0 0 0 0 0 0 0 0 0 0 0 0 0 0 0 0 0 0 0 0 0 0 0 0 0 0 0 0 0 0 0 0 0 0 0 0 0 0 0 0 0 0 3.856577733e-21 0 0 9.381407733e-52 0 0 0 0 1.346491115e-68 0 0 4.969979088e-48 0 0 0 0 2.562181632e-60 0 5.047877973e-38 9.283299049e-60 9.409678674e-77 0 0 7.830148105e-44 0 0 2.530986988e-37 0 0 0 6.48543258e-67 2.13805301e-44 0 0 3.444407189e-44 1.021536171e-35 0 0 0 5.784642455e-64 5.129730531e-14 1.840386222e-67 0 2.004682672e-58 0 8.150371959e-50 0 3.586653825e-73 9.834548121e-43 0 0 0 0 0 0 0 0 0 0 7.756248024e-33 4.689113308e-61 0 8.304014142e-31 0 0 0 0 0 0 0 0 0 3.324266569e-66 0 0 8.037527448e-68 0 0 0 0 0 0 0 0 0 0 0 0 0 0 0 0 0 0 0 0 0 0 0 0 0 0 0 0 0 0 0 0 0 0 0 0 0 0 0 0 0 0 0 0 0 0 0 0 0 0 0 0 0 0 0 0 0 0 0 0 0 0 0 0 0 0 0 0 0 0 0 0 0 0 0 0 0 0 0 0 0 0 0 0 0 0 0 0 0 0 0 0 
0 0 0 0 0 0 0 0 0 0 0 0 0 0 0 0 0 0 0 0 0 0 0 0 0 0 0 0 0 0 0 0 0 0 0 0 0 0 0 0 0 0 0 0 0 0 0 0 0 0 0 0 0 0 0 0 0 0 0 0 0 0 0 0 0 0 0 0 0 0 0 0 0 0 0 0 0 0 0 0 0 0 0 0 0 0 0 0 0 0 6.247599996e-78 1.751477167e-62 1.051003774e-30 0 0 0 0 0 0 0 0 0 0 7.283363764e-77 0 0 0 0 0 0 0 0 0 0 0 6.982695823e-61 0 0 1.889200058e-38 0 0 0 0 0 0 0 0 5.143947657e-24 0 0 0 0 0 9.683123261e-27 2.645787572e-65 0 0 0 0 0 0 2.982021785e-56 0 6.324607023e-44 0 0 0 0 0 0 0 4.485314469e-33 1.111630091e-34 0 0 0 0 0 9.422781778e-57 0 0 8.037201286e-41 0 0 0 0 0 0 0 0 0 0 0 0 0 0 0 0 0 0 0 0 0 0 0 0 0 0 0 0 0 0 0 0 0 0 0 0 0 0 0 0 0 0 0 0 0 0 0 0 0 0 0 0 0 0 0 0 0 0 0 0 0 0 0 0 0 0 0 0 0 0 0 0 0 0 0 0 0 0 0 0 0 0 0 0 0 0 0 0 0 0 0 0 0 0 
0 0 0 0 0 0 0 0 0 0 0 0 0 0 0 0 0 0 0 0 0 0 0 0 0 0 0 0 0 0 0 0 0 0 0 0 0 0 0 0 0 0 0 0 0 0 0 0 0 0 0 0 0 0 0 0 0 0 0 0 0 0 0 0 0 0 0 0 0 0 0 0 0 0 0 0 0 0 0 0 0 0 0 0 0 0 0 0 0 0 0 0 2.232131803e-51 0 0 0 8.91559576e-83 2.296823296e-57 0 0 0 0 7.124145534e-67 0 0 0 0 0 0 0 0 2.383524473e-66 0 0 5.305436033e-66 1.533281608e-37 0 0 0 0 0 0 1.57612911e-38 2.152538938e-65 0 0 0 3.157703696e-23 0 0 0 0 0 0 0 1.430180792e-55 0 1.411581036e-27 0 0 2.229160577e-64 0 0 0 0 0 2.294995532e-64 0 6.434040273e-60 0 2.364694983e-50 0 0 0 0 0 4.726352608e-70 0 0 0 0 0 0 0 0 0 0 0 0 0 0 0 0 0 0 0 0 0 0 0 0 0 0 0 0 0 0 0 0 0 0 0 0 0 0 0 0 0 0 0 0 0 0 0 0 0 0 0 0 0 0 0 0 0 0 0 0 0 0 0 0 0 0 0 0 0 0 0 0 0 0 0 0 0 0 0 0 0 0 0 0 0 0 0 0 0 0 0 0 0 0 0 0 0 0 0 
0 0 0 0 0 0 0 0 0 0 0 0 0 0 0 0 0 0 0 0 0 0 0 0 0 0 0 0 0 0 0 0 0 0 0 0 0 0 0 0 0 0 0 0 0 0 0 0 0 0 0 0 0 0 0 0 0 0 0 0 0 0 0 0 0 0 0 0 0 0 0 0 0 0 0 0 0 0 0 0 0 0 0 0 0 0 0 0 0 0 0 5.45652353e-41 0 0 0 0 0 2.574247096e-43 0 4.053130556e-62 0 0 1.404055181e-45 0 0 5.991947966e-35 0 0 0 0 0 0 0 0 0 0 8.148632293e-25 0 0 0 0 0 0 0 2.32837413e-39 0 0 0 0 5.263591187e-53 1.743775479e-73 0 0 0 3.589511467e-47 1.504145987e-47 4.136313969e-72 0 0 0 0 1.281772534e-41 5.050315944e-49 3.553324909e-74 0 0 1.08658213e-80 0 0 0 0 0 0 0 0 0 0 0 3.316221529e-52 0 0 0 0 0 0 0 0 0 0 0 0 0 0 0 0 0 0 0 0 0 0 0 0 0 0 0 0 0 0 0 0 0 0 0 0 0 0 0 0 0 0 0 0 0 0 0 0 0 0 0 0 0 0 0 0 0 0 0 0 0 0 0 0 0 0 0 0 0 0 0 0 0 0 0 0 0 0 0 0 0 0 0 0 0 0 0 0 0 0 0 0 0 0 0 0 0 
0 0 0 0 0 0 0 0 0 0 0 0 0 0 0 0 0 0 0 0 0 0 0 0 0 0 0 0 0 0 0 0 0 0 0 0 0 0 0 0 0 0 0 0 0 0 0 0 0 0 0 0 0 0 0 0 0 0 0 0 0 0 0 0 0 0 0 0 0 0 0 0 0 0 0 0 0 0 0 0 0 0 0 0 0 0 0 0 0 0 0 0 0 0 0 0 0 0 0 0 0 0 0 0 0 0 0 0 0 0 0 0 0 0 0 0 0 0 0 0 0 0 0 0 0 0 9.533849046e-37 0 0 7.518570395e-71 0 0 0 3.322591406e-67 0 0 0 0 0 0 0 0 0 0 0 0 0 0 0 0 0 0 0 0 0 0 0 0 0 0 0 0 0 0 0 0 2.783512199e-45 0 0 0 0 0 0 0 0 0 0 0 0 0 0 0 0 0 0 0 0 0 0 0 0 0 0 0 0 0 0 0 0 0 0 0 0 0 0 0 0 0 0 0 0 0 0 0 0 0 0 0 0 0 0 0 0 0 0 0 0 0 0 0 0 0 0 0 0 0 0 0 0 0 0 0 0 0 0 0 0 0 0 0 0 0 0 0 0 0 
0 0 0 0 0 0 0 0 0 0 0 0 0 0 0 0 0 0 0 0 0 0 0 0 0 0 0 0 0 0 0 0 0 0 0 0 0 0 0 0 0 0 0 0 0 0 0 0 0 0 0 0 0 0 0 0 0 0 0 0 0 0 0 0 0 0 0 0 0 0 0 0 0 0 0 0 0 0 0 0 0 0 0 0 0 0 0 0 0 0 0 0 0 0 0 0 0 0 0 0 9.505768669e-81 0 0 0 4.074587688e-61 0 0 0 1.203376551e-71 0 0 0 0 0 0 0 0 0 5.772319591e-71 8.060289829e-75 0 3.043506415e-58 6.032649353e-59 0 0 0 0 0 0 1.125843505e-59 0 4.842660914e-62 0 0 0 0 0 3.191486828e-66 0 0 0 0 2.316606523e-38 0 0 0 0 0 0 0 0 0 0 8.910598978e-49 0 0 0 0 0 0 0 0 0 0 0 0 0 0 0 0 0 0 0 0 0 0 0 0 0 0 0 0 0 0 0 0 0 0 0 0 0 0 0 0 0 0 0 0 0 0 0 0 0 0 0 0 0 0 0 0 0 0 0 0 0 0 0 0 0 0 0 0 0 0 0 0 0 0 0 0 0 0 0 0 0 0 0 0 0 0 0 0 0 0 0 0 0 0 0 0 0 0 0 0 0 0 
0 0 0 0 0 0 0 0 0 0 0 0 0 0 0 0 0 0 0 0 0 0 0 0 0 0 0 0 0 0 0 0 0 0 0 0 0 0 0 0 0 0 0 0 0 0 0 0 0 0 0 0 0 0 0 0 0 0 0 0 0 0 0 0 0 0 0 0 0 0 0 0 0 0 0 0 0 0 0 0 0 0 0 0 0 0 0 0 0 0 0 0 0 0 0 2.638400264e-61 0 0 7.628515193e-46 0 0 4.24455034e-41 2.702291292e-69 0 0 0 0 0 0 0 2.663640322e-54 4.172723815e-73 0 0 0 0 0 0 0 0 0 0 0 0 0 0 0 0 0 1.450424823e-82 0 1.526913012e-51 5.209432312e-67 0 0 0 0 0 2.737107311e-69 0 0 0 0 2.227551751e-85 0 0 2.175485531e-30 4.000396512e-52 0 0 0 1.634293026e-85 0 0 0 0 0 3.766718263e-41 0 1.047488832e-52 0 0 3.598881119e-76 0 0 0 0 0 0 0 0 0 0 0 0 0 0 0 0 0 0 0 0 0 0 0 0 0 0 0 0 0 0 0 0 0 0 0 0 0 0 0 0 0 0 0 0 0 0 0 0 0 0 0 0 0 0 0 0 0 0 0 0 0 0 0 0 0 0 0 0 0 0 0 0 0 0 0 0 0 0 0 0 0 0 0 0 0 0 0 0 0 0 0 0 0 
0 0 0 0 0 0 0 0 0 0 0 0 0 0 0 0 0 0 0 0 0 0 0 0 0 0 0 0 0 0 0 0 0 0 0 0 0 0 0 0 0 0 0 0 0 0 0 0 0 0 0 0 0 0 0 0 0 0 0 0 0 0 0 0 0 0 0 0 0 0 0 0 0 0 0 0 0 0 0 0 0 0 0 0 0 0 0 0 0 0 0 0 0 0 2.224092326e-36 0 0 1.306213855e-76 0 6.472760158e-57 0 1.428653866e-60 0 3.126363101e-42 2.895674394e-37 0 0 0 0 0 0 0 0 3.919245755e-42 0 0 0 0 0 0 0 0 0 0 9.295499278e-76 0 0 0 0 0 0 4.037295787e-72 0 1.904771189e-65 2.756969779e-46 0 8.000768831e-51 0 0 0 9.312708542e-79 0 0 5.961480686e-75 0 0 9.070810453e-53 0 0 0 3.39849419e-47 0 0 0 1.700406949e-77 0 0 0 9.445851091e-48 0 2.4145138e-59 2.073236924e-46 0 0 0 0 0 0 3.966112702e-75 0 0 0 0 0 0 0 0 0 0 0 0 0 0 0 0 0 0 0 0 0 0 0 0 0 0 0 0 0 0 0 0 0 0 0 0 0 0 0 0 0 0 0 0 0 0 0 0 0 0 0 0 0 0 0 0 0 0 0 0 0 0 0 0 0 0 0 0 0 0 0 0 0 0 0 0 0 0 0 0 0 0 0 0 0 0 0 
0 0 0 0 0 0 0 0 0 0 0 0 0 0 0 0 0 0 0 0 0 0 0 0 0 0 0 0 0 0 0 0 0 0 0 0 0 0 0 0 0 0 0 0 0 0 0 0 0 0 0 0 0 0 0 0 0 0 0 0 0 0 0 0 0 0 0 0 0 0 0 0 0 0 0 0 0 0 0 0 0 0 0 0 0 0 0 0 0 0 0 0 0 0 0 0 0 0 1.895681991e-62 0 0 0 0 0 0 9.847950581e-65 8.07562178e-46 0 0 0 0 6.364292721e-83 0 0 0 0 0 0 1.623281162e-45 0 0 0 0 0 8.524223164e-60 0 0 0 1.441922019e-61 0 4.854289022e-70 0 0 0 1.265627815e-81 0 0 0 0 0 0 0 2.601999964e-74 0 0 0 0 0 0 0 0 0 0 0 3.585244792e-65 0 0 0 0 3.657039623e-69 0 0 0 0 0 0 0 0 0 0 0 0 0 0 0 0 0 0 0 0 0 0 0 0 0 0 0 0 0 0 0 0 0 0 0 0 0 0 0 0 0 0 0 0 0 0 0 0 0 0 0 0 0 0 0 0 0 0 0 0 0 0 0 0 0 0 0 0 0 0 0 0 0 0 0 0 0 0 0 0 0 0 0 0 0 0 0 0 0 0 0 0 0 0 0 0 
0 0 0 0 0 0 0 0 0 0 0 0 0 0 0 0 0 0 0 0 0 0 0 0 0 0 0 0 0 0 0 0 0 0 0 0 0 0 0 0 0 0 0 0 0 0 0 0 0 0 0 0 0 0 0 0 0 0 0 0 0 0 0 0 0 0 0 0 0 0 0 0 0 0 0 0 0 0 0 0 0 0 0 0 0 0 0 0 0 0 0 1.373327545e-66 0 8.626169557e-85 0 0 0 0 0 0 0 0 0 0 0 5.277708212e-76 0 0 0 0 0 0 0 0 0 0 3.889953435e-65 0 8.296269249e-86 0 0 0 0 0 0 0 0 0 0 0 0 0 0 0 0 0 0 1.041051798e-64 0 0 0 0 0 0 0 0 0 0 0 0 0 0 0 0 0 0 0 0 0 0 0 0 0 0 7.135081844e-76 0 0 0 0 0 0 0 0 0 0 0 0 0 0 0 0 0 0 0 0 0 0 0 0 0 0 0 0 0 0 0 0 0 0 0 0 0 0 0 0 0 0 0 0 0 0 0 0 0 0 0 0 0 0 0 0 0 0 0 0 0 0 0 0 0 0 0 0 0 0 0 0 0 0 0 0 0 0 0 0 0 0 0 0 0 0 0 0 0 0 0 
0 0 0 0 0 0 0 0 0 0 0 0 0 0 0 0 0 0 0 0 0 0 0 0 0 0 0 0 0 0 0 0 0 0 0 0 0 0 0 0 0 0 0 0 0 0 0 0 0 0 0 0 0 0 0 0 0 0 0 0 0 0 0 0 0 0 0 0 0 0 0 0 0 0 0 0 0 0 0 0 0 0 0 0 0 0 0 0 0 0 0 0 0 0 0 0 4.40690429e-50 0 0 0 0 0 0 0 0 7.638715128e-86 0 0 0 0 0 0 0 4.052702554e-66 0 0 0 0 0 0 0 0 0 0 0 0 0 0 0 0 0 0 0 0 0 0 0 1.318967635e-85 0 0 0 0 0 0 0 0 0 0 0 0 5.982335113e-62 0 0 0 0 0 1.571987894e-57 0 0 0 0 1.29613146e-67 0 0 0 3.839912355e-83 0 0 0 0 0 0 0 0 0 0 0 0 0 0 0 0 0 0 0 0 0 0 0 0 0 0 0 0 0 0 0 0 0 0 0 0 0 0 0 0 0 0 0 0 0 0 0 0 0 0 0 0 0 0 0 0 0 0 0 0 0 0 0 0 0 0 0 0 0 0 0 0 0 0 0 0 0 0 0 0 0 0 0 0 0 0 0 0 0 0 
0 0 0 0 0 0 0 0 0 0 0 0 0 0 0 0 0 0 0 0 0 0 0 0 0 0 0 0 0 0 0 0 0 0 0 0 0 0 0 0 0 0 0 0 0 0 0 0 0 0 0 0 0 0 0 0 0 0 0 0 0 0 0 0 0 0 0 0 0 0 0 0 0 0 0 0 0 0 0 0 0 0 0 0 0 0 0 0 0 0 0 0 0 0 0 0 0 1.398007222e-80 0 0 0 0 0 0 0 0 0 0 0 0 0 0 0 0 0 0 0 0 0 0 0 0 0 0 0 0 0 1.715137541e-53 0 0 0 0 0 0 0 0 0 0 0 0 0 0 0 0 1.63731195e-69 0 0 0 0 0 0 0 0 7.944742007e-80 0 0 0 0 0 1.762227116e-76 0 0 0 0 0 0 0 0 0 0 0 0 0 0 0 0 0 0 0 0 0 0 0 0 0 0 0 0 0 0 0 0 0 0 0 0 0 0 0 0 0 0 0 0 0 0 0 0 0 0 0 0 0 0 0 0 0 0 0 0 0 0 0 0 0 0 0 0 0 0 0 0 0 0 0 0 0 0 0 0 0 0 0 0 0 0 0 0 0 0 0 0 0 0 0 0 
0 0 0 0 0 0 0 0 0 0 0 0 0 0 0 0 0 0 0 0 0 0 0 0 0 0 0 0 0 0 0 0 0 0 0 0 0 0 0 0 0 0 0 0 0 0 0 0 0 0 0 0 0 0 0 0 0 0 0 0 0 0 0 0 0 0 0 0 0 0 0 0 0 0 0 0 0 0 0 0 0 0 0 0 0 0 0 0 0 0 0 0 0 0 0 0 0 0 0 0 0 1.824237936e-58 0 0 0 0 0 0 0 0 0 0 0 0 0 0 0 4.392997504e-77 3.004541272e-57 0 0 0 9.351630293e-55 0 2.463383192e-80 0 0 0 0 0 0 0 7.888911333e-79 0 0 0 0 0 0 0 0 0 0 0 0 0 0 2.306039823e-73 0 0 0 0 0 0 0 0 0 0 0 0 0 0 0 0 0 2.902561467e-77 0 0 0 0 0 0 0 0 0 0 0 0 0 0 0 0 0 0 0 0 0 0 0 0 0 0 0 0 0 0 0 0 0 0 0 0 0 0 0 0 0 0 0 0 0 0 0 0 0 0 0 0 0 0 0 0 0 0 0 0 0 0 0 0 0 0 0 0 0 0 0 0 0 0 0 0 0 0 0 0 0 0 0 0 0 0 0 0 0 0 
0 0 0 0 0 0 0 0 0 0 0 0 0 0 0 0 0 0 0 0 0 0 0 0 0 0 0 0 0 0 0 0 0 0 0 0 0 0 0 0 0 0 0 0 0 0 0 0 0 0 0 0 0 0 0 0 0 0 0 0 0 0 0 0 0 0 0 0 0 0 0 0 0 0 0 0 0 0 0 0 0 0 0 0 0 0 0 0 0 0 0 0 0 0 0 0 0 0 0 0 0 0 0 7.827466823e-64 0 0 0 0 0 0 0 0 0 3.614454265e-86 0 0 0 0 0 1.032629797e-70 0 0 1.469714351e-84 0 0 0 0 0 0 0 0 0 0 0 0 0 0 5.097126935e-81 0 0 0 0 0 0 0 0 0 0 1.096863115e-67 0 0 0 0 0 0 0 2.861314742e-78 0 0 0 0 0 0 0 0 0 0 0 0 0 0 0 0 0 0 0 0 0 0 0 0 0 0 0 0 0 0 0 0 0 0 0 0 0 0 0 0 0 0 0 0 0 0 0 0 0 0 0 0 0 0 0 0 0 0 0 0 0 0 0 0 0 0 0 0 0 0 0 0 0 0 0 0 0 0 0 0 0 0 0 0 0 0 0 0 0 0 0 0 0 0 0 0 0 0 0 
0 0 0 0 0 0 0 0 0 0 0 0 0 0 0 0 0 0 0 0 0 0 0 0 0 0 0 0 0 0 0 0 0 0 0 0 0 0 0 0 0 0 0 0 0 0 0 0 0 0 0 0 0 0 0 0 0 0 0 0 0 0 0 0 0 0 0 0 0 0 0 0 0 0 0 0 0 0 0 0 0 0 0 0 0 0 0 0 0 0 0 0 0 0 8.297449628e-65 0 0 0 0 0 0 0 0 0 0 0 0 0 0 0 1.805736501e-74 0 5.712402946e-84 0 0 0 0 0 0 0 0 0 0 0 0 0 0 2.573568145e-84 0 0 0 0 0 0 0 0 0 0 0 0 1.159505411e-85 0 0 0 0 0 0 0 2.22275838e-66 0 3.308857726e-84 0 0 0 0 0 0 0 0 0 0 0 0 2.309503403e-80 0 0 0 0 0 0 0 0 0 0 0 0 0 0 0 0 0 0 0 0 0 0 0 0 0 0 0 0 0 0 0 0 0 0 0 0 0 0 0 0 0 0 0 0 0 0 0 0 0 0 0 0 0 0 0 0 0 0 0 0 0 0 0 0 0 0 0 0 0 0 0 0 0 0 0 0 0 0 0 0 0 0 0 0 0 0 0 0 0 0 0 0 
0 0 0 0 0 0 0 0 0 0 0 0 0 0 0 0 0 0 0 0 0 0 0 0 0 0 0 0 0 0 0 0 0 0 0 0 0 0 0 0 0 0 0 0 0 0 0 0 0 0 0 0 0 0 0 0 0 0 0 0 0 0 0 0 0 0 0 0 0 0 0 0 0 0 0 0 0 0 0 0 0 0 0 0 0 0 0 0 0 0 0 0 0 0 0 0 0 0 0 0 0 0 0 0 0 0 0 0 0 0 0 0 0 0 0 0 0 1.045506696e-67 0 0 0 0 0 0 0 0 0 0 0 0 0 2.686979645e-88 0 0 0 0 1.312830628e-66 0 0 0 0 0 4.254600636e-92 0 0 0 0 0 7.421522746e-90 0 0 1.883773549e-67 0 0 0 0 0 0 0 0 0 0 0 0 0 0 0 0 0 0 0 0 0 0 0 0 0 0 0 0 0 0 0 0 0 0 0 0 0 0 0 0 0 0 0 0 0 0 0 0 0 0 0 0 0 0 0 0 0 0 0 0 0 0 0 0 0 0 0 0 0 0 0 0 0 0 0 0 0 0 0 0 0 0 0 0 0 0 0 0 0 0 0 0 0 0 0 0 0 0 0 0 0 0 0 0 
0 0 0 0 0 0 0 0 0 0 0 0 0 0 0 0 0 0 0 0 0 0 0 0 0 0 0 0 0 0 0 0 0 0 0 0 0 0 0 0 0 0 0 0 0 0 0 0 0 0 0 0 0 0 0 0 0 0 0 0 0 0 0 0 0 0 0 0 0 0 0 0 0 0 0 0 0 0 0 0 0 0 0 0 0 0 0 0 0 0 0 0 0 0 0 0 0 0 0 0 0 4.748940454e-70 0 0 0 0 0 0 0 0 0 0 0 0 0 0 0 0 0 0 0 0 0 0 0 1.501019392e-85 0 0 0 0 0 0 0 0 0 0 0 0 0 0 0 0 0 0 0 0 0 0 0 0 1.074237185e-82 0 0 0 0 0 0 0 0 0 0 0 0 0 0 0 0 0 0 0 0 0 0 0 0 0 0 0 0 0 0 0 0 0 0 0 0 0 0 0 0 0 0 0 0 0 0 0 0 0 0 0 0 0 0 0 0 0 0 0 0 0 0 0 0 0 0 0 0 0 0 0 0 0 0 0 0 0 0 0 0 0 0 0 0 0 0 0 0 0 0 0 0 0 0 0 0 0 0 0 0 0 0 0 0 0 
0 0 0 0 0 0 0 0 0 0 0 0 0 0 0 0 0 0 0 0 0 0 0 0 0 0 0 0 0 0 0 0 0 0 0 0 0 0 0 0 0 0 0 0 0 0 0 0 0 0 0 0 0 0 0 0 0 0 0 0 0 0 0 0 0 0 0 0 0 0 0 0 0 0 0 0 0 0 0 0 0 0 0 0 0 0 0 0 0 0 0 0 0 0 0 1.407500651e-84 0 0 0 0 0 0 0 0 0 0 0 0 0 0 0 0 0 0 0 0 0 0 0 0 0 0 0 0 0 0 0 0 0 1.087761863e-81 0 0 0 0 0 0 0 0 0 0 0 0 0 0 0 0 0 1.048733283e-64 0 0 0 0 0 0 0 0 0 0 0 0 0 0 0 0 0 0 0 0 0 0 0 0 0 0 0 0 0 0 0 0 0 0 0 0 0 0 0 0 0 0 0 0 0 0 0 0 0 0 0 0 0 0 0 0 0 0 0 0 0 0 0 0 0 0 0 0 0 0 0 0 0 0 0 0 0 0 0 0 0 0 0 0 0 0 0 0 0 0 0 0 0 0 0 0 0 0 0 0 0 0 0 0 0 0 0 0 
0 0 0 0 0 0 0 0 0 0 0 0 0 0 0 0 0 0 0 0 0 0 0 0 0 0 0 0 0 0 0 0 0 0 0 0 0 0 0 0 0 0 0 0 0 0 0 0 0 0 0 0 0 0 0 0 0 0 0 0 0 0 0 0 0 0 0 0 0 0 0 0 0 0 0 0 0 0 0 0 0 0 0 0 0 0 0 0 0 0 0 0 0 0 0 0 0 0 0 0 0 0 0 0 0 0 0 0 0 0 0 0 0 0 7.745984875e-86 0 0 0 0 0 0 0 0 0 0 0 0 0 0 0 0 0 0 0 0 0 0 0 0 0 0 0 0 0 0 0 0 0 0 0 0 0 0 0 0 0 0 0 0 0 0 0 0 0 0 0 0 0 0 0 0 0 0 0 0 0 0 0 0 0 0 0 0 0 0 0 0 0 0 0 0 0 0 0 0 0 0 0 0 0 0 0 0 0 0 0 0 0 0 0 0 0 0 0 0 0 0 0 0 0 0 0 0 0 0 0 0 0 0 0 0 0 0 0 0 0 0 0 0 0 0 0 0 0 0 0 0 0 0 0 0 0 0 0 0 0 
0 0 0 0 0 0 0 0 0 0 0 0 0 0 0 0 0 0 0 0 0 0 0 0 0 0 0 0 0 0 0 0 0 0 0 0 0 0 0 0 0 0 0 0 0 0 0 0 0 0 0 0 0 0 0 0 0 0 0 0 0 0 0 0 0 0 0 0 0 0 0 0 0 0 0 0 0 0 0 0 0 0 0 0 0 0 0 0 0 0 0 0 0 0 0 0 0 8.437257289e-90 0 0 0 0 0 0 0 0 0 0 0 0 0 0 0 0 0 0 0 0 0 0 0 0 0 0 0 0 0 0 0 0 0 0 0 0 0 0 0 0 0 0 0 0 0 0 0 0 0 0 0 0 0 0 0 0 0 0 0 0 0 0 0 0 0 0 0 0 0 0 0 0 0 0 0 0 0 0 0 0 0 0 0 0 0 0 0 0 0 0 0 0 0 0 0 0 0 0 0 0 0 0 0 0 0 0 0 0 0 0 0 0 0 0 0 0 0 0 0 0 0 0 0 0 0 0 0 0 0 0 0 0 0 0 0 0 0 0 0 0 0 0 0 0 0 0 0 0 0 0 0 0 0 0 0 0 0 0 
0 0 0 0 0 0 0 0 0 0 0 0 0 0 0 0 0 0 0 0 0 0 0 0 0 0 0 0 0 0 0 0 0 0 0 0 0 0 0 0 0 0 0 0 0 0 0 0 0 0 0 0 0 0 0 0 0 0 0 0 0 0 0 0 0 0 0 0 0 0 0 0 0 0 0 0 0 0 0 0 0 0 0 0 0 0 0 0 0 0 0 0 0 0 0 0 0 0 0 0 0 0 0 0 0 0 0 0 0 0 0 0 0 0 0 0 0 0 0 0 0 0 0 0 0 0 0 0 0 0 0 0 0 0 0 0 0 0 0 0 0 0 0 0 0 0 0 0 0 0 0 0 0 0 0 0 0 0 0 0 0 0 0 0 0 0 0 0 0 0 0 0 0 0 0 0 0 0 0 0 0 0 0 0 0 0 0 0 0 0 0 0 0 0 0 0 0 0 0 0 0 0 0 0 0 0 0 0 0 0 0 0 0 0 0 0 0 0 0 0 0 0 0 0 0 0 0 0 0 0 0 0 0 0 0 0 0 0 0 0 0 0 0 0 0 0 0 0 0 0 0 0 0 0 0 0 
0 0 0 0 0 0 0 0 0 0 0 0 0 0 0 0 0 0 0 0 0 0 0 0 0 0 0 0 0 0 0 0 0 0 0 0 0 0 0 0 0 0 0 0 0 0 0 0 0 0 0 0 0 0 0 0 0 0 0 0 0 0 0 0 0 0 0 0 0 0 0 0 0 0 0 0 0 0 0 0 0 0 0 0 0 0 0 0 0 0 0 0 0 0 0 0 0 0 0 0 2.400775742e-93 0 0 0 0 0 0 0 0 0 0 0 0 0 0 0 0 0 0 0 0 0 0 0 0 0 0 0 0 0 0 0 0 0 0 0 0 0 0 0 0 0 0 0 0 0 0 0 0 0 0 0 0 0 0 0 0 0 0 0 0 0 0 0 0 0 0 0 0 0 0 0 0 0 0 0 0 0 0 0 0 0 0 0 0 0 0 0 0 0 0 0 0 0 0 0 0 0 0 0 0 0 0 0 0 0 0 0 0 0 0 0 0 0 0 0 0 0 0 0 0 0 0 0 0 0 0 0 0 0 0 0 0 0 0 0 0 0 0 0 0 0 0 0 0 0 0 0 0 0 0 0 0 0 0 0 
0 0 0 0 0 0 0 0 0 0 0 0 0 0 0 0 0 0 0 0 0 0 0 0 0 0 0 0 0 0 0 0 0 0 0 0 0 0 0 0 0 0 0 0 0 0 0 0 0 0 0 0 0 0 0 0 0 0 0 0 0 0 0 0 0 0 0 0 0 0 0 0 0 0 0 0 0 0 0 0 0 0 0 0 0 0 0 0 0 0 0 0 0 0 0 0 0 0 0 0 0 0 0 0 0 0 0 0 0 0 0 0 0 0 0 0 0 0 0 0 0 0 0 0 0 0 0 0 0 0 0 0 0 0 0 0 0 0 0 0 0 0 0 0 0 0 0 0 0 0 0 0 0 6.886245931e-90 0 0 0 0 0 0 0 0 0 0 0 0 0 0 0 0 0 0 0 0 0 0 0 0 0 0 0 0 0 0 0 0 0 0 0 0 0 0 0 0 0 0 0 0 0 0 0 0 0 0 0 0 0 0 0 0 0 0 0 0 0 0 0 0 0 0 0 0 0 0 0 0 0 0 0 0 0 0 0 0 0 0 0 0 0 0 0 0 0 0 0 0 0 0 0 0 0 0 0 0 0 0 
0 0 0 0 0 0 0 0 0 0 0 0 0 0 0 0 0 0 0 0 0 0 0 0 0 0 0 0 0 0 0 0 0 0 0 0 0 0 0 0 0 0 0 0 0 0 0 0 0 0 0 0 0 0 0 0 0 0 0 0 0 0 0 0 0 0 0 0 0 0 0 0 0 0 0 0 0 0 0 0 0 0 0 0 0 0 0 0 0 0 0 0 0 0 0 0 0 0 0 0 0 0 0 0 0 0 0 0 0 0 0 0 0 0 0 0 0 0 0 0 0 0 0 0 0 0 0 0 0 0 0 0 0 0 0 0 0 0 0 0 0 0 0 0 0 0 0 0 0 0 0 0 0 0 0 0 0 0 0 0 0 0 0 0 0 0 0 0 0 0 0 0 0 0 0 0 0 0 0 0 0 0 0 0 0 0 0 0 0 0 0 0 0 0 0 0 0 0 0 0 0 0 0 0 0 0 0 0 0 0 0 0 0 0 0 0 0 0 0 0 0 0 0 0 0 0 0 0 0 0 0 0 0 0 0 0 0 0 0 0 0 0 0 0 0 0 0 0 0 0 0 0 0 0 0 0 
0 0 0 0 0 0 0 0 0 0 0 0 0 0 0 0 0 0 0 0 0 0 0 0 0 0 0 0 0 0 0 0 0 0 0 0 0 0 0 0 0 0 0 0 0 0 0 0 0 0 0 0 0 0 0 0 0 0 0 0 0 0 0 0 0 0 0 0 0 0 0 0 0 0 0 0 0 0 0 0 0 0 0 0 0 0 0 0 0 0 0 0 0 0 0 0 0 0 0 0 0 0 0 0 0 0 0 0 0 0 0 0 0 0 0 0 0 0 0 0 0 0 0 0 0 0 0 0 0 0 0 0 0 0 0 0 0 0 0 0 0 0 0 0 0 0 0 0 0 0 0 0 0 0 0 0 0 0 0 0 0 0 0 0 0 0 0 0 0 0 0 0 0 0 0 0 0 0 0 0 0 0 0 0 0 0 0 0 0 0 0 0 0 0 0 0 0 0 0 0 0 0 0 0 0 0 0 0 0 0 0 0 0 0 0 0 0 0 0 0 0 0 0 0 0 0 0 0 0 0 0 0 0 0 0 0 0 0 0 0 0 0 0 0 0 0 0 0 0 0 0 0 0 0 0 0 
0 0 0 0 0 0 0 0 0 0 0 0 0 0 0 0 0 0 0 0 0 0 0 0 0 0 0 0 0 0 0 0 0 0 0 0 0 0 0 0 0 0 0 0 0 0 0 0 0 0 0 0 0 0 0 0 0 0 0 0 0 0 0 0 0 0 0 0 0 0 0 0 0 0 0 0 0 0 0 0 0 0 0 0 0 0 0 0 0 0 0 0 0 0 0 0 0 0 0 0 0 0 0 0 0 0 0 0 0 0 0 0 0 0 0 0 0 0 0 0 0 0 0 0 0 0 0 0 0 0 0 0 0 0 0 0 0 0 0 0 0 0 0 1.801737466e-94 0 0 0 0 0 0 0 0 0 0 0 0 0 0 0 0 0 0 0 0 0 0 0 0 0 0 0 0 0 0 0 0 0 0 0 0 0 0 0 0 0 0 0 0 0 0 0 0 0 0 0 0 0 0 0 0 0 0 0 0 0 0 0 0 0 0 0 0 0 0 0 0 0 0 0 0 0 0 0 0 0 0 0 0 0 0 0 0 0 0 0 0 0 0 0 0 0 0 0 0 0 0 0 0 0 0 0 0 0 0 0 0 
0 0 0 0 0 0 0 0 0 0 0 0 0 0 0 0 0 0 0 0 0 0 0 0 0 0 0 0 0 0 0 0 0 0 0 0 0 0 0 0 0 0 0 0 0 0 0 0 0 0 0 0 0 0 0 0 0 0 0 0 0 0 0 0 0 0 0 0 0 0 0 0 0 0 0 0 0 0 0 0 0 0 0 0 0 0 0 0 0 0 0 0 0 0 0 0 0 0 0 0 0 0 0 0 0 0 0 0 0 0 0 0 0 0 0 0 0 0 0 0 0 0 0 0 0 0 0 0 0 0 0 0 0 0 0 0 0 0 0 0 0 0 0 0 0 0 0 0 0 0 0 0 0 0 0 0 0 0 0 0 0 0 0 0 0 0 0 0 0 0 0 0 0 0 0 0 0 0 0 0 0 0 0 0 0 0 0 0 0 0 0 0 0 0 0 0 0 0 0 0 0 0 0 0 0 0 0 0 0 0 0 0 0 0 0 0 0 0 0 0 0 0 0 0 0 0 0 0 0 0 0 0 0 0 0 0 0 0 0 0 0 0 0 0 0 0 0 0 0 0 0 0 0 0 0 0 
0 0 0 0 0 0 0 0 0 0 0 0 0 0 0 0 0 0 0 0 0 0 0 0 0 0 0 0 0 0 0 0 0 0 0 0 0 0 0 0 0 0 0 0 0 0 0 0 0 0 0 0 0 0 0 0 0 0 0 0 0 0 0 0 0 0 0 0 0 0 0 0 0 0 0 0 0 0 0 0 0 0 0 0 0 0 0 0 0 0 0 0 0 0 0 0 0 0 0 0 0 0 0 0 0 0 0 0 0 0 0 0 0 0 0 0 0 0 0 0 0 0 0 0 0 0 0 0 0 0 0 0 0 0 0 0 0 0 0 0 0 0 0 0 0 0 0 0 0 0 0 0 0 0 0 0 0 0 0 0 0 0 0 0 0 0 0 0 0 0 0 0 0 0 0 0 0 0 0 0 0 0 0 0 0 0 0 0 0 0 0 0 0 0 0 0 0 0 0 0 0 0 0 0 0 0 0 0 0 0 0 0 0 0 0 0 0 0 0 0 0 0 0 0 0 0 0 0 0 0 0 0 0 0 0 0 0 0 0 0 0 0 0 0 0 0 0 0 0 0 0 0 0 0 0 0 
0 0 0 0 0 0 0 0 0 0 0 0 0 0 0 0 0 0 0 0 0 0 0 0 0 0 0 0 0 0 0 0 0 0 0 0 0 0 0 0 0 0 0 0 0 0 0 0 0 0 0 0 0 0 0 0 0 0 0 0 0 0 0 0 0 0 0 0 0 0 0 0 0 0 0 0 0 0 0 0 0 0 0 0 0 0 0 0 0 0 0 0 0 0 0 0 0 0 0 0 0 0 0 0 0 0 0 0 0 0 0 0 0 0 0 0 0 0 0 0 0 0 0 0 0 0 0 0 0 0 0 0 0 0 0 0 0 0 0 0 0 0 0 0 0 0 0 0 0 0 0 0 0 0 0 0 0 0 0 0 0 0 0 0 0 0 0 0 0 0 0 0 0 0 0 0 0 0 0 0 0 0 0 0 0 0 0 0 0 0 0 0 0 0 0 0 0 0 0 0 0 0 0 0 0 0 0 0 0 0 0 0 0 0 0 0 0 0 0 0 0 0 0 0 0 0 0 0 0 0 0 0 0 0 0 0 0 0 0 0 0 0 0 0 0 0 0 0 0 0 0 0 0 0 0 0 
0 0 0 0 0 0 0 0 0 0 0 0 0 0 0 0 0 0 0 0 0 0 0 0 0 0 0 0 0 0 0 0 0 0 0 0 0 0 0 0 0 0 0 0 0 0 0 0 0 0 0 0 0 0 0 0 0 0 0 0 0 0 0 0 0 0 0 0 0 0 0 0 0 0 0 0 0 0 0 0 0 0 0 0 0 0 0 0 0 0 0 0 0 0 0 0 0 0 0 0 0 0 0 0 0 0 0 0 0 0 0 0 0 0 0 0 0 0 0 0 0 0 0 0 0 0 0 0 0 0 0 0 0 0 0 0 0 0 0 0 0 0 0 0 0 0 0 0 0 0 0 0 0 0 0 0 0 0 0 0 0 0 0 0 0 0 0 0 0 0 0 0 0 0 0 0 0 0 0 0 0 0 0 0 0 0 0 0 0 0 0 0 0 0 0 0 0 0 0 0 0 0 0 0 0 0 0 0 0 0 0 0 0 0 0 0 0 0 0 0 0 0 0 0 0 0 0 0 0 0 0 0 0 0 0 0 0 0 0 0 0 0 0 0 0 0 0 0 0 0 0 0 0 0 0 0 
0 0 0 0 0 0 0 0 0 0 0 0 0 0 0 0 0 0 0 0 0 0 0 0 0 0 0 0 0 0 0 0 0 0 0 0 0 0 0 0 0 0 0 0 0 0 0 0 0 0 0 0 0 0 0 0 0 0 0 0 0 0 0 0 0 0 0 0 0 0 0 0 0 0 0 0 0 0 0 0 0 0 0 0 0 0 0 0 0 0 0 0 0 0 0 0 0 0 0 0 0 0 0 0 0 0 0 0 0 0 0 0 0 0 0 0 0 0 0 0 0 0 0 0 0 0 0 0 0 0 0 0 0 0 0 0 0 0 0 0 0 0 0 0 0 0 0 0 0 0 0 0 0 0 0 0 0 0 0 0 0 0 0 0 0 0 0 0 0 0 0 0 0 0 0 0 0 0 0 0 0 0 0 0 0 0 0 0 0 0 0 0 0 0 0 0 0 0 0 0 0 0 0 0 0 0 0 0 0 0 0 0 0 0 0 0 0 0 0 0 0 0 0 0 0 0 0 0 0 0 0 0 0 0 0 0 0 0 0 0 0 0 0 0 0 0 0 0 0 0 0 0 0 0 0 0 
0 0 0 0 0 0 0 0 0 0 0 0 0 0 0 0 0 0 0 0 0 0 0 0 0 0 0 0 0 0 0 0 0 0 0 0 0 0 0 0 0 0 0 0 0 0 0 0 0 0 0 0 0 0 0 0 0 0 0 0 0 0 0 0 0 0 0 0 0 0 0 0 0 0 0 0 0 0 0 0 0 0 0 0 0 0 0 0 0 0 0 0 0 0 0 0 0 0 0 0 0 0 0 0 0 0 0 0 0 0 0 0 0 0 0 0 0 0 0 0 0 0 0 0 0 0 0 0 0 0 0 0 0 0 0 0 0 0 0 0 0 0 0 0 0 0 0 0 0 0 0 0 0 0 0 0 0 0 0 0 0 0 0 0 0 0 0 0 0 0 0 0 0 0 0 0 0 0 0 0 0 0 0 0 0 0 0 0 0 0 0 0 0 0 0 0 0 0 0 0 0 0 0 0 0 0 0 0 0 0 0 0 0 0 0 0 0 0 0 0 0 0 0 0 0 0 0 0 0 0 0 0 0 0 0 0 0 0 0 0 0 0 0 0 0 0 0 0 0 0 0 0 0 0 0 0 
0 0 0 0 0 0 0 0 0 0 0 0 0 0 0 0 0 0 0 0 0 0 0 0 0 0 0 0 0 0 0 0 0 0 0 0 0 0 0 0 0 0 0 0 0 0 0 0 0 0 0 0 0 0 0 0 0 0 0 0 0 0 0 0 0 0 0 0 0 0 0 0 0 0 0 0 0 0 0 0 0 0 0 0 0 0 0 0 0 0 0 0 0 0 0 0 0 0 0 0 0 0 0 0 0 0 0 0 0 0 0 0 0 0 0 0 0 0 0 0 0 0 0 0 0 0 0 0 0 0 0 0 0 0 0 0 0 0 0 0 0 0 0 0 0 0 0 0 0 0 0 0 0 0 0 0 0 0 0 0 0 0 0 0 0 0 0 0 0 0 0 0 0 0 0 0 0 0 0 0 0 0 0 0 0 0 0 0 0 0 0 0 0 0 0 0 0 0 0 0 0 0 0 0 0 0 0 0 0 0 0 0 0 0 0 0 0 0 0 0 0 0 0 0 0 0 0 0 0 0 0 0 0 0 0 0 0 0 0 0 0 0 0 0 0 0 0 0 0 0 0 0 0 0 0 0 
0 0 0 0 0 0 0 0 0 0 0 0 0 0 0 0 0 0 0 0 0 0 0 0 0 0 0 0 0 0 0 0 0 0 0 0 0 0 0 0 0 0 0 0 0 0 0 0 0 0 0 0 0 0 0 0 0 0 0 0 0 0 0 0 0 0 0 0 0 0 0 0 0 0 0 0 0 0 0 0 0 0 0 0 0 0 0 0 0 0 0 0 0 0 0 0 0 0 0 0 0 0 0 0 0 0 0 0 0 0 0 0 0 0 0 0 0 0 0 0 0 0 0 0 0 0 0 0 0 0 0 0 0 0 0 0 0 0 0 0 0 0 0 0 0 0 0 0 0 0 0 0 0 0 0 0 0 0 0 0 0 0 0 0 0 0 0 0 0 0 0 0 0 0 0 0 0 0 0 0 0 0 0 0 0 0 0 0 0 0 0 0 0 0 0 0 0 0 0 0 0 0 0 0 0 0 0 0 0 0 0 0 0 0 0 0 0 0 0 0 0 0 0 0 0 0 0 0 0 0 0 0 0 0 0 0 0 0 0 0 0 0 0 0 0 0 0 0 0 0 0 0 0 0 0 0 
0 0 0 0 0 0 0 0 0 0 0 0 0 0 0 0 0 0 0 0 0 0 0 0 0 0 0 0 0 0 0 0 0 0 0 0 0 0 0 0 0 0 0 0 0 0 0 0 0 0 0 0 0 0 0 0 0 0 0 0 0 0 0 0 0 0 0 0 0 0 0 0 0 0 0 0 0 0 0 0 0 0 0 0 0 0 0 0 0 0 0 0 0 0 0 0 0 0 0 0 0 0 0 0 0 0 0 0 0 0 0 0 0 0 0 0 0 0 0 0 0 0 0 0 0 0 0 0 0 0 0 0 0 0 0 0 0 0 0 0 0 0 0 0 0 0 0 0 0 0 0 0 0 0 0 0 0 0 0 0 0 0 0 0 0 0 0 0 0 0 0 0 0 0 0 0 0 0 0 0 0 0 0 0 0 0 0 0 0 0 0 0 0 0 0 0 0 0 0 0 0 0 0 0 0 0 0 0 0 0 0 0 0 0 0 0 0 0 0 0 0 0 0 0 0 0 0 0 0 0 0 0 0 0 0 0 0 0 0 0 0 0 0 0 0 0 0 0 0 0 0 0 0 0 0 0 
0 0 0 0 0 0 0 0 0 0 0 0 0 0 0 0 0 0 0 0 0 0 0 0 0 0 0 0 0 0 0 0 0 0 0 0 0 0 0 0 0 0 0 0 0 0 0 0 0 0 0 0 0 0 0 0 0 0 0 0 0 0 0 0 0 0 0 0 0 0 0 0 0 0 0 0 0 0 0 0 0 0 0 0 0 0 0 0 0 0 0 0 0 0 0 0 0 0 0 0 0 0 0 0 0 0 0 0 0 0 0 0 0 0 0 0 0 0 0 0 0 0 0 0 0 0 0 0 0 0 0 0 0 0 0 0 0 0 0 0 0 0 0 0 0 0 0 0 0 0 0 0 0 0 0 0 0 0 0 0 0 0 0 0 0 0 0 0 0 0 0 0 0 0 0 0 0 0 0 0 0 0 0 0 0 0 0 0 0 0 0 0 0 0 0 0 0 0 0 0 0 0 0 0 0 0 0 0 0 0 0 0 0 0 0 0 0 0 0 0 0 0 0 0 0 0 0 0 0 0 0 0 0 0 0 0 0 0 0 0 0 0 0 0 0 0 0 0 0 0 0 0 0 0 0 0 
0 0 0 0 0 0 0 0 0 0 0 0 0 0 0 0 0 0 0 0 0 0 0 0 0 0 0 0 0 0 0 0 0 0 0 0 0 0 0 0 0 0 0 0 0 0 0 0 0 0 0 0 0 0 0 0 0 0 0 0 0 0 0 0 0 0 0 0 0 0 0 0 0 0 0 0 0 0 0 0 0 0 0 0 0 0 0 0 0 0 0 0 0 0 0 0 0 0 0 0 0 0 0 0 0 0 0 0 0 0 0 0 0 0 0 0 0 0 0 0 0 0 0 0 0 0 0 0 0 0 0 0 0 0 0 0 0 0 0 0 0 0 0 0 0 0 0 0 0 0 0 0 0 0 0 0 0 0 0 0 0 0 0 0 0 0 0 0 0 0 0 0 0 0 0 0 0 0 0 0 0 0 0 0 0 0 0 0 0 0 0 0 0 0 0 0 0 0 0 0 0 0 0 0 0 0 0 0 0 0 0 0 0 0 0 0 0 0 0 0 0 0 0 0 0 0 0 0 0 0 0 0 0 0 0 0 0 0 0 0 0 0 0 0 0 0 0 0 0 0 0 0 0 0 0 0 
0 0 0 0 0 0 0 0 0 0 0 0 0 0 0 0 0 0 0 0 0 0 0 0 0 0 0 0 0 0 0 0 0 0 0 0 0 0 0 0 0 0 0 0 0 0 0 0 0 0 0 0 0 0 0 0 0 0 0 0 0 0 0 0 0 0 0 0 0 0 0 0 0 0 0 0 0 0 0 0 0 0 0 0 0 0 0 0 0 0 0 0 0 0 0 0 0 0 0 0 0 0 0 0 0 0 0 0 0 0 0 0 0 0 0 0 0 0 0 0 0 0 0 0 0 0 0 0 0 0 0 0 0 0 0 0 0 0 0 0 0 0 0 0 0 0 0 0 0 0 0 0 0 0 0 0 0 0 0 0 0 0 0 0 0 0 0 0 0 0 0 0 0 0 0 0 0 0 0 0 0 0 0 0 0 0 0 0 0 0 0 0 0 0 0 0 0 0 0 0 0 0 0 0 0 0 0 0 0 0 0 0 0 0 0 0 0 0 0 0 0 0 0 0 0 0 0 0 0 0 0 0 0 0 0 0 0 0 0 0 0 0 0 0 0 0 0 0 0 0 0 0 0 0 0 0 
0 0 0 0 0 0 0 0 0 0 0 0 0 0 0 0 0 0 0 0 0 0 0 0 0 0 0 0 0 0 0 0 0 0 0 0 0 0 0 0 0 0 0 0 0 0 0 0 0 0 0 0 0 0 0 0 0 0 0 0 0 0 0 0 0 0 0 0 0 0 0 0 0 0 0 0 0 0 0 0 0 0 0 0 0 0 0 0 0 0 0 0 0 0 0 0 0 0 0 0 0 0 0 0 0 0 0 0 0 0 0 0 0 0 0 0 0 0 0 0 0 0 0 0 0 0 0 0 0 0 0 0 0 0 0 0 0 0 0 0 0 0 0 0 0 0 0 0 0 0 0 0 0 0 0 0 0 0 0 0 0 0 0 0 0 0 0 0 0 0 0 0 0 0 0 0 0 0 0 0 0 0 0 0 0 0 0 0 0 0 0 0 0 0 0 0 0 0 0 0 0 0 0 0 0 0 0 0 0 0 0 0 0 0 0 0 0 0 0 0 0 0 0 0 0 0 0 0 0 0 0 0 0 0 0 0 0 0 0 0 0 0 0 0 0 0 0 0 0 0 0 0 0 0 0 0 
0 0 0 0 0 0 0 0 0 0 0 0 0 0 0 0 0 0 0 0 0 0 0 0 0 0 0 0 0 0 0 0 0 0 0 0 0 0 0 0 0 0 0 0 0 0 0 0 0 0 0 0 0 0 0 0 0 0 0 0 0 0 0 0 0 0 0 0 0 0 0 0 0 0 0 0 0 0 0 0 0 0 0 0 0 0 0 0 0 0 0 0 0 0 0 0 0 0 0 0 0 0 0 0 0 0 0 0 0 0 0 0 0 0 0 0 0 0 0 0 0 0 0 0 0 0 0 0 0 0 0 0 0 0 0 0 0 0 0 0 0 0 0 0 0 0 0 0 0 0 0 0 0 0 0 0 0 0 0 0 0 0 0 0 0 0 0 0 0 0 0 0 0 0 0 0 0 0 0 0 0 0 0 0 0 0 0 0 0 0 0 0 0 0 0 0 0 0 0 0 0 0 0 0 0 0 0 0 0 0 0 0 0 0 0 0 0 0 0 0 0 0 0 0 0 0 0 0 0 0 0 0 0 0 0 0 0 0 0 0 0 0 0 0 0 0 0 0 0 0 0 0 0 0 0 0 
0 0 0 0 0 0 0 0 0 0 0 0 0 0 0 0 0 0 0 0 0 0 0 0 0 0 0 0 0 0 0 0 0 0 0 0 0 0 0 0 0 0 0 0 0 0 0 0 0 0 0 0 0 0 0 0 0 0 0 0 0 0 0 0 0 0 0 0 0 0 0 0 0 0 0 0 0 0 0 0 0 0 0 0 0 0 0 0 0 0 0 0 0 0 0 0 0 0 0 0 0 0 0 0 0 0 0 0 0 0 0 0 0 0 0 0 0 0 0 0 0 0 0 0 0 0 0 0 0 0 0 0 0 0 0 0 0 0 0 0 0 0 0 0 0 0 0 0 0 0 0 0 0 0 0 0 0 0 0 0 0 0 0 0 0 0 0 0 0 0 0 0 0 0 0 0 0 0 0 0 0 0 0 0 0 0 0 0 0 0 0 0 0 0 0 0 0 0 0 0 0 0 0 0 0 0 0 0 0 0 0 0 0 0 0 0 0 0 0 0 0 0 0 0 0 0 0 0 0 0 0 0 0 0 0 0 0 0 0 0 0 0 0 0 0 0 0 0 0 0 0 0 0 0 0 0 
0 0 0 0 0 0 0 0 0 0 0 0 0 0 0 0 0 0 0 0 0 0 0 0 0 0 0 0 0 0 0 0 0 0 0 0 0 0 0 0 0 0 0 0 0 0 0 0 0 0 0 0 0 0 0 0 0 0 0 0 0 0 0 0 0 0 0 0 0 0 0 0 0 0 0 0 0 0 0 0 0 0 0 0 0 0 0 0 0 0 0 0 0 0 0 0 0 0 0 0 0 0 0 0 0 0 0 0 0 0 0 0 0 0 0 0 0 0 0 0 0 0 0 0 0 0 0 0 0 0 0 0 0 0 0 0 0 0 0 0 0 0 0 0 0 0 0 0 0 0 0 0 0 0 0 0 0 0 0 0 0 0 0 0 0 0 0 0 0 0 0 0 0 0 0 0 0 0 0 0 0 0 0 0 0 0 0 0 0 0 0 0 0 0 0 0 0 0 0 0 0 0 0 0 0 0 0 0 0 0 0 0 0 0 0 0 0 0 0 0 0 0 0 0 0 0 0 0 0 0 0 0 0 0 0 0 0 0 0 0 0 0 0 0 0 0 0 0 0 0 0 0 0 0 0 0 
0 0 0 0 0 0 0 0 0 0 0 0 0 0 0 0 0 0 0 0 0 0 0 0 0 0 0 0 0 0 0 0 0 0 0 0 0 0 0 0 0 0 0 0 0 0 0 0 0 0 0 0 0 0 0 0 0 0 0 0 0 0 0 0 0 0 0 0 0 0 0 0 0 0 0 0 0 0 0 0 0 0 0 0 0 0 0 0 0 0 0 0 0 0 0 0 0 0 0 0 0 0 0 0 0 0 0 0 0 0 0 0 0 0 0 0 0 0 0 0 0 0 0 0 0 0 0 0 0 0 0 0 0 0 0 0 0 0 0 0 0 0 0 0 0 0 0 0 0 0 0 0 0 0 0 0 0 0 0 0 0 0 0 0 0 0 0 0 0 0 0 0 0 0 0 0 0 0 0 0 0 0 0 0 0 0 0 0 0 0 0 0 0 0 0 0 0 0 0 0 0 0 0 0 0 0 0 0 0 0 0 0 0 0 0 0 0 0 0 0 0 0 0 0 0 0 0 0 0 0 0 0 0 0 0 0 0 0 0 0 0 0 0 0 0 0 0 0 0 0 0 0 0 0 0 0 
# Errors [detector/detector.dat] I_err:
0 0 0 0 0 0 0 0 0 0 0 0 0 0 0 0 0 0 0 0 0 0 0 0 0 0 0 0 0 0 0 0 0 0 0 0 0 0 0 0 0 0 0 0 0 0 0 0 0 0 0 0 0 0 0 0 0 0 0 0 0 0 0 0 0 0 0 0 0 0 0 0 0 0 0 0 0 0 0 0 0 0 0 0 0 0 0 0 0 0 0 0 0 0 0 0 0 0 0 0 0 0 0 0 0 0 0 0 0 0 0 0 0 0 0 0 0 0 0 0 0 0 0 0 0 0 0 0 0 0 0 0 0 0 0 0 0 0 0 0 0 0 0 0 0 0 0 0 0 0 0 0 0 0 0 0 0 0 0 0 0 0 0 0 0 0 0 0 0 0 0 0 0 0 0 0 0 0 0 0 0 0 0 0 0 0 0 0 0 0 0 0 0 0 0 0 0 0 0 0 0 0 0 0 0 0 0 0 0 0 0 0 0 0 0 0 0 0 0 0 0 0 0 0 0 0 0 0 0 0 0 0 0 0 0 0 0 0 0 0 0 0 0 0 0 0 0 0 0 0 0 0 0 0 0 0 
0 0 0 0 0 0 0 0 0 0 0 0 0 0 0 0 0 0 0 0 0 0 0 0 0 0 0 0 0 0 0 0 0 0 0 0 0 0 0 0 0 0 0 0 0 0 0 0 0 0 0 0 0 0 0 0 0 0 0 0 0 0 0 0 0 0 0 0 0 0 0 0 0 0 0 0 0 0 0 0 0 0 0 0 0 0 0 0 0 0 0 0 0 0 0 0 0 0 0 0 0 0 0 0 0 0 0 0 0 0 0 0 0 0 0 0 0 0 0 0 0 0 0 0 0 0 0 0 0 0 0 0 0 0 0 0 0 0 0 0 0 0 0 0 0 0 0 0 0 0 0 0 0 0 0 0 0 0 0 0 0 0 0 0 0 0 0 0 0 0 0 0 0 0 0 0 0 0 0 0 0 0 0 0 0 0 0 0 0 0 0 0 0 0 0 0 0 0 0 0 0 0 0 0 0 0 0 0 0 0 0 0 0 0 0 0 0 0 0 0 0 0 0 0 0 0 0 0 0 0 0 0 0 0 0 0 0 0 0 0 0 0 0 0 0 0 0 0 0 0 0 0 0 0 0 0 
0 0 0 0 0 0 0 0 0 0 0 0 0 0 0 0 0 0 0 0 0 0 0 0 0 0 0 0 0 0 0 0 0 0 0 0 0 0 0 0 0 0 0 0 0 0 0 0 0 0 0 0 0 0 0 0 0 0 0 0 0 0 0 0 0 0 0 0 0 0 0 0 0 0 0 0 0 0 0 0 0 0 0 0 0 0 0 0 0 0 0 0 0 0 0 0 0 0 0 0 0 0 0 0 0 0 0 0 0 0 0 0 0 0 0 0 0 0 0 0 0 0 0 0 0 0 0 0 0 0 0 0 0 0 0 0 0 0 0 0 0 0 0 0 0 0 0 0 0 0 0 0 0 0 0 0 0 0 0 0 0 0 0 0 0 0 0 0 0 0 0 0 0 0 0 0 0 0 0 0 0 0 0 0 0 0 0 0 0 0 0 0 0 0 0 0 0 0 0 0 0 0 0 0 0 0 0 0 0 0 0 0 0 0 0 0 0 0 0 0 0 0 0 0 0 0 0 0 0 0 0 0 0 0 0 0 0 0 0 0 0 0 0 0 0 0 0 0 0 0 0 0 0 0 0 0 
0 0 0 0 0 0 0 0 0 0 0 0 0 0 0 0 0 0 0 0 0 0 0 0 0 0 0 0 0 0 0 0 0 0 0 0 0 0 0 0 0 0 0 0 0 0 0 0 0 0 0 0 0 0 0 0 0 0 0 0 0 0 0 0 0 0 0 0 0 0 0 0 0 0 0 0 0 0 0 0 0 0 0 0 0 0 0 0 0 0 0 0 0 0 0 0 0 0 0 0 0 0 0 0 0 0 0 0 0 0 0 0 0 0 0 0 0 0 0 0 0 0 0 0 0 0 0 0 0 0 0 0 0 0 0 0 0 0 0 0 0 0 0 0 0 0 0 0 0 0 0 0 0 0 0 0 0 0 0 0 0 0 0 0 0 0 0 0 0 0 0 0 0 0 0 0 0 0 0 0 0 0 0 0 0 0 0 0 0 0 0 0 0 0 0 0 0 0 0 0 0 0 0 0 0 0 0 0 0 0 0 0 0 0 0 0 0 0 0 0 0 0 0 0 0 0 0 0 0 0 0 0 0 0 0 0 0 0 0 0 0 0 0 0 0 0 0 0 0 0 0 0 0 0 0 0 
0 0 0 0 0 0 0 0 0 0 0 0 0 0 0 0 0 0 0 0 0 0 0 0 0 0 0 0 0 0 0 0 0 0 0 0 0 0 0 0 0 0 0 0 0 0 0 0 0 0 0 0 0 0 0 0 0 0 0 0 0 0 0 0 0 0 0 0 0 0 0 0 0 0 0 0 0 0 0 0 0 0 0 0 0 0 0 0 0 0 0 0 0 0 0 0 0 0 0 0 0 0 0 0 0 0 0 0 0 0 0 0 0 0 0 0 0 0 0 0 0 0 0 0 0 0 0 0 0 0 0 0 0 0 0 0 0 0 0 0 0 0 0 0 0 0 0 0 0 0 0 0 0 0 0 0 0 0 0 0 0 0 0 0 0 0 0 0 0 0 0 0 0 0 0 0 0 0 0 0 0 0 0 0 0 0 0 0 0 0 0 0 0 0 0 0 0 0 0 0 0 0 0 0 0 0 0 0 0 0 0 0 0 0 0 0 0 0 0 0 0 0 0 0 0 0 0 0 0 0 0 0 0 0 0 0 0 0 0 0 0 0 0 0 0 0 0 0 0 0 0 0 0 0 0 0 
0 0 0 0 0 0 0 0 0 0 0 0 0 0 0 0 0 0 0 0 0 0 0 0 0 0 0 0 0 0 0 0 0 0 0 0 0 0 0 0 0 0 0 0 0 0 0 0 0 0 0 0 0 0 0 0 0 0 0 0 0 0 0 0 0 0 0 0 0 0 0 0 0 0 0 0 0 0 0 0 0 0 0 0 0 0 0 0 0 0 0 0 0 0 0 0 0 0 0 0 0 0 0 0 0 0 0 0 0 0 0 0 0 0 0 0 0 0 0 0 0 0 0 0 0 0 0 0 0 0 0 0 0 0 0 0 0 0 0 0 0 0 0 0 0 0 0 0 0 0 0 0 0 0 0 0 0 0 0 0 0 0 0 0 0 0 0 0 0 0 0 0 0 0 0 0 0 0 0 0 0 0 0 0 0 0 0 0 0 0 0 0 0 0 0 0 0 0 0 0 0 0 0 0 0 0 0 0 0 0 0 0 0 0 0 0 0 0 0 0 0 0 0 0 0 0 0 0 0 0 0 0 0 0 0 0 0 0 0 0 0 0 0 0 0 0 0 0 0 0 0 0 0 0 0 0 
0 0 0 0 0 0 0 0 0 0 0 0 0 0 0 0 0 0 0 0 0 0 0 0 0 0 0 0 0 0 0 0 0 0 0 0 0 0 0 0 0 0 0 0 0 0 0 0 0 0 0 0 0 0 0 0 0 0 0 0 0 0 0 0 0 0 0 0 0 0 0 0 0 0 0 0 0 0 0 0 0 0 0 0 0 0 0 0 0 0 0 0 0 0 0 0 0 0 0 0 0 0 0 0 0 0 0 0 0 0 0 0 0 0 0 0 0 0 0 0 0 0 0 0 0 0 0 0 0 0 0 0 0 0 0 0 0 0 0 0 0 0 0 0 0 0 0 0 0 0 0 0 0 0 0 0 0 0 0 0 0 0 0 0 0 0 0 0 0 0 0 0 0 0 0 0 0 0 0 0 0 0 0 0 0 0 0 0 0 0 0 0 0 0 0 0 0 0 0 0 0 0 0 0 0 0 0 0 0 0 0 0 0 0 0 0 0 0 0 0 0 0 0 0 0 0 0 0 0 0 0 0 0 0 0 0 0 0 0 0 0 0 0 0 0 0 0 0 0 0 0 0 0 0 0 0 
0 0 0 0 0 0 0 0 0 0 0 0 0 0 0 0 0 0 0 0 0 0 0 0 0 0 0 0 0 0 0 0 0 0 0 0 0 0 0 0 0 0 0 0 0 0 0 0 0 0 0 0 0 0 0 0 0 0 0 0 0 0 0 0 0 0 0 0 0 0 0 0 0 0 0 0 0 0 0 0 0 0 0 0 0 0 0 0 0 0 0 0 0 0 0 0 0 0 0 0 0 0 0 0 0 0 0 0 0 0 0 0 0 0 0 0 0 0 0 0 0 0 0 0 0 0 0 0 0 0 0 0 0 0 0 0 0 0 0 0 0 0 0 0 0 0 0 0 0 0 0 0 0 0 0 0 0 0 0 0 0 0 0 0 0 0 0 0 0 0 0 0 0 0 0 0 0 0 0 0 0 0 0 0 0 0 0 0 0 0 0 0 0 0 0 0 0 0 0 0 0 0 0 0 0 0 0 0 0 0 0 0 0 0 0 0 0 0 0 0 0 0 0 0 0 0 0 0 0 0 0 0 0 0 0 0 0 0 0 0 0 0 0 0 0 0 0 0 0 0 0 0 0 0 0 0 
0 0 0 0 0 0 0 0 0 0 0 0 0 0 0 0 0 0 0 0 0 0 0 0 0 0 0 0 0 0 0 0 0 0 0 0 0 0 0 0 0 0 0 0 0 0 0 0 0 0 0 0 0 0 0 0 0 0 0 0 0 0 0 0 0 0 0 0 0 0 0 0 0 0 0 0 0 0 0 0 0 0 0 0 0 0 0 0 0 0 0 0 0 0 0 0 0 0 0 0 0 0 0 0 0 0 0 0 0 0 0 0 0 0 0 0 0 0 0 0 0 0 0 0 0 0 0 0 0 0 0 0 0 0 0 0 0 0 0 0 0 0 0 0 0 0 0 0 0 0 0 0 0 0 0 0 0 0 0 0 0 0 0 0 0 0 0 0 0 0 0 0 0 0 0 0 0 0 0 0 0 0 0 0 0 0 0 0 0 0 0 0 0 0 0 0 0 0 0 0 0 0 0 0 0 0 0 0 0 0 0 0 0 0 0 0 0 0 0 0 0 0 0 0 0 0 0 0 0 0 0 0 0 0 0 0 0 0 0 0 0 0 0 0 0 0 0 0 0 0 0 0 0 0 0 0 
0 0 0 0 0 0 0 0 0 0 0 0 0 0 0 0 0 0 0 0 0 0 0 0 0 0 0 0 0 0 0 0 0 0 0 0 0 0 0 0 0 0 0 0 0 0 0 0 0 0 0 0 0 0 0 0 0 0 0 0 0 0 0 0 0 0 0 0 0 0 0 0 0 0 0 0 0 0 0 0 0 0 0 0 0 0 0 0 0 0 0 0 0 0 0 0 0 0 0 0 0 0 0 0 0 0 0 0 0 0 0 0 0 0 0 0 0 0 0 0 0 0 0 0 0 0 0 0 0 0 0 0 0 0 0 0 0 0 0 0 0 0 0 0 0 0 0 0 0 0 0 0 0 0 0 0 0 0 0 0 0 0 0 0 0 0 0 0 0 0 0 0 0 0 0 0 0 0 0 0 0 0 0 0 0 0 0 0 0 0 0 0 0 0 0 0 0 0 0 0 0 0 0 0 0 0 0 0 0 0 0 0 0 0 0 0 0 0 0 0 0 0 0 0 0 0 0 0 0 0 0 0 0 0 0 0 0 0 0 0 0 0 0 0 0 0 0 0 0 0 0 0 0 0 0 0 
0 0 0 0 0 0 0 0 0 0 0 0 0 0 0 0 0 0 0 0 0 0 0 0 0 0 0 0 0 0 0 0 0 0 0 0 0 0 0 0 0 0 0 0 0 0 0 0 0 0 0 0 0 0 0 0 0 0 0 0 0 0 0 0 0 0 0 0 0 0 0 0 0 0 0 0 0 0 0 0 0 0 0 0 0 0 0 0 0 0 0 0 0 0 0 0 0 0 0 0 0 0 0 0 0 0 0 0 0 0 0 0 0 0 0 0 0 0 0 0 0 0 0 0 0 0 0 0 0 0 0 0 0 0 0 0 0 0 0 0 0 0 0 0 0 0 0 0 0 0 0 0 0 0 0 0 0 0 0 0 0 0 0 0 0 0 0 0 0 0 0 0 0 0 0 0 0 0 0 0 0 0 0 0 0 0 0 0 0 0 0 0 0 0 0 0 0 0 0 0 0 0 0 0 0 0 0 0 0 0 0 0 0 0 0 0 0 0 0 0 0 0 0 0 0 0 0 0 0 0 0 0 0 0 0 0 0 0 0 0 0 0 0 0 0 0 0 0 0 0 0 0 0 0 0 0 
0 0 0 0 0 0 0 0 0 0 0 0 0 0 0 0 0 0 0 0 0 0 0 0 0 0 0 0 0 0 0 0 0 0 0 0 0 0 0 0 0 0 0 0 0 0 0 0 0 0 0 0 0 0 0 0 0 0 0 0 0 0 0 0 0 0 0 0 0 0 0 0 0 0 0 0 0 0 0 0 0 0 0 0 0 0 0 0 0 0 0 0 0 0 0 0 0 0 0 0 0 0 0 0 0 0 0 0 0 0 0 0 0 0 0 0 0 0 0 0 0 0 0 0 0 0 0 0 0 0 0 0 0 0 0 0 0 0 0 0 0 0 0 0 0 0 0 0 0 0 0 0 0 0 0 0 0 0 0 0 0 0 0 0 0 0 0 0 0 0 0 0 0 0 0 0 0 0 0 0 0 0 0 0 0 0 0 0 0 0 0 0 0 0 0 0 0 0 0 0 0 0 0 0 0 0 0 0 0 0 0 0 0 0 0 0 0 0 0 0 0 0 0 0 0 0 0 0 0 0 0 0 0 0 0 0 0 0 0 0 0 0 0 0 0 0 0 0 0 0 0 0 0 0 0 0 
0 0 0 0 0 0 0 0 0 0 0 0 0 0 0 0 0 0 0 0 0 0 0 0 0 0 0 0 0 0 0 0 0 0 0 0 0 0 0 0 0 0 0 0 0 0 0 0 0 0 0 0 0 0 0 0 0 0 0 0 0 0 0 0 0 0 0 0 0 0 0 0 0 0 0 0 0 0 0 0 0 0 0 0 0 0 0 0 0 0 0 0 0 0 0 0 0 0 0 0 0 0 0 0 0 0 0 0 0 0 0 0 0 0 0 0 0 0 0 0 0 0 0 0 0 0 0 0 0 0 0 0 0 0 0 0 0 0 0 0 0 0 0 0 0 0 0 0 0 0 0 0 0 0 0 0 0 0 0 0 0 0 0 0 0 0 0 0 0 0 0 0 0 0 0 0 0 0 0 0 0 0 0 0 0 0 0 0 0 0 0 0 0 0 0 0 0 0 0 0 0 0 0 0 0 0 0 0 0 0 0 0 0 0 0 0 0 0 0 0 0 0 0 0 0 0 0 0 0 0 0 0 0 0 0 0 0 0 0 0 0 0 0 0 0 0 0 0 0 0 0 0 0 0 0 0 
0 0 0 0 0 0 0 0 0 0 0 0 0 0 0 0 0 0 0 0 0 0 0 0 0 0 0 0 0 0 0 0 0 0 0 0 0 0 0 0 0 0 0 0 0 0 0 0 0 0 0 0 0 0 0 0 0 0 0 0 0 0 0 0 0 0 0 0 0 0 0 0 0 0 0 0 0 0 0 0 0 0 0 0 0 0 0 0 0 0 0 0 0 0 0 0 0 0 0 0 0 0 0 0 0 0 0 0 0 0 0 0 0 0 0 0 0 0 0 0 0 0 0 0 0 0 0 0 0 0 0 0 0 0 0 0 0 0 0 0 0 0 0 0 0 0 0 0 0 0 0 0 0 0 0 0 0 0 0 0 0 0 0 0 0 0 0 0 0 0 0 0 0 0 0 0 0 0 0 0 0 0 0 0 0 0 0 0 0 0 0 0 0 0 0 0 0 0 0 0 0 0 0 0 0 0 0 0 0 0 0 0 0 0 0 0 0 0 0 0 0 0 0 0 0 0 0 0 0 0 0 0 0 0 0 0 0 0 0 0 0 0 0 0 0 0 0 0 0 0 0 0 0 0 0 0 
0 0 0 0 0 0 0 0 0 0 0 0 0 0 0 0 0 0 0 0 0 0 0 0 0 0 0 0 0 0 0 0 0 0 0 0 0 0 0 0 0 0 0 0 0 0 0 0 0 0 0 0 0 0 0 0 0 0 0 0 0 0 0 0 0 0 0 0 0 0 0 0 0 0 0 0 0 0 0 0 0 0 0 0 0 0 0 0 0 0 0 0 0 0 0 0 0 0 0 0 0 0 0 0 0 0 0 0 0 0 0 0 0 0 0 0 0 0 0 0 0 0 0 0 0 0 0 0 0 0 0 0 0 0 0 0 0 0 0 0 0 0 0 0 0 0 0 0 0 0 0 0 0 0 0 0 0 0 0 0 0 0 0 0 0 0 0 0 0 0 0 0 0 0 0 0 0 0 0 0 0 0 0 0 0 0 0 0 0 0 0 0 0 0 0 0 0 0 0 0 0 0 0 0 0 0 0 0 0 0 0 0 0 0 0 0 0 0 0 0 0 0 0 0 0 0 0 0 0 0 0 0 0 0 0 0 0 0 0 0 0 0 0 0 0 0 0 0 0 0 0 0 0 0 0 0 
0 0 0 0 0 0 0 0 0 0 0 0 0 0 0 0 0 0 0 0 0 0 0 0 0 0 0 0 0 0 0 0 0 0 0 0 0 0 0 0 0 0 0 0 0 0 0 0 0 0 0 0 0 0 0 0 0 0 0 0 0 0 0 0 0 0 0 0 0 0 0 0 0 0 0 0 0 0 0 0 0 0 0 0 0 0 0 0 0 0 0 0 0 0 0 0 0 0 0 0 0 0 0 0 0 0 0 0 0 0 0 0 0 0 0 0 0 0 0 0 0 0 0 0 0 0 0 0 0 0 0 0 0 0 0 0 0 0 0 0 0 0 0 0 0 0 0 0 0 0 0 0 0 0 0 0 0 0 0 0 0 0 0 0 0 0 0 0 0 0 0 0 0 0 0 0 0 0 0 0 0 0 0 0 0 0 0 0 0 0 0 0 0 0 0 0 0 0 0 0 0 0 0 0 0 0 0 0 0 0 0 0 0 0 0 0 0 0 0 0 0 0 0 0 0 0 0 0 0 0 0 0 0 0 0 0 0 0 0 0 0 0 0 0 0 0 0 0 0 0 0 0 0 0 0 0 
0 0 0 0 0 0 0 0 0 0 0 0 0 0 0 0 0 0 0 0 0 0 0 0 0 0 0 0 0 0 0 0 0 0 0 0 0 0 0 0 0 0 0 0 0 0 0 0 0 0 0 0 0 0 0 0 0 0 0 0 0 0 0 0 0 0 0 0 0 0 0 0 0 0 0 0 0 0 0 0 0 0 0 0 0 0 0 0 0 0 0 0 0 0 0 0 0 0 0 0 0 0 0 0 0 0 0 0 0 0 0 0 0 0 0 0 0 0 0 0 0 0 0 0 0 0 0 0 0 0 0 0 0 0 0 0 0 0 0 0 0 0 0 0 0 0 0 0 0 0 0 0 0 0 0 0 0 0 0 0 0 0 0 0 0 0 0 0 0 0 0 0 0 0 0 0 0 0 0 0 0 0 0 0 0 0 0 0 0 0 0 0 0 0 0 0 0 0 0 0 0 0 0 0 0 0 0 0 0 0 0 0 0 0 0 0 0 0 0 0 0 0 0 0 0 0 0 0 0 0 0 0 0 0 0 0 0 0 0 0 0 0 0 0 0 0 0 0 0 0 0 0 0 0 0 0 
0 0 0 0 0 0 0 0 0 0 0 0 0 0 0 0 0 0 0 0 0 0 0 0 0 0 0 0 0 0 0 0 0 0 0 0 0 0 0 0 0 0 0 0 0 0 0 0 0 0 0 0 0 0 0 0 0 0 0 0 0 0 0 0 0 0 0 0 0 0 0 0 0 0 0 0 0 0 0 0 0 0 0 0 0 0 0 0 0 0 0 0 0 0 0 0 0 0 1.898678189e-93 0 0 0 0 0 0 0 0 0 0 0 0 0 0 0 0 0 0 0 0 0 0 0 0 0 0 0 0 0 0 0 0 0 0 0 0 0 0 0 0 0 0 0 0 0 0 0 0 0 0 0 0 0 0 0 0 0 0 0 0 0 0 0 0 0 0 0 0 0 0 0 0 0 0 0 0 0 0 0 0 0 0 0 0 0 0 0 0 0 0 0 0 0 0 0 0 0 0 0 0 0 0 0 0 0 0 0 0 0 0 0 0 0 0 0 0 0 0 0 0 0 0 0 0 0 0 0 0 0 0 0 0 0 0 0 0 0 0 0 0 0 0 0 0 0 0 0 0 0 0 0 0 0 0 0 0 0 
0 0 0 0 0 0 0 0 0 0 0 0 0 0 0 0 0 0 0 0 0 0 0 0 0 0 0 0 0 0 0 0 0 0 0 0 0 0 0 0 0 0 0 0 0 0 0 0 0 0 0 0 0 0 0 0 0 0 0 0 0 0 0 0 0 0 0 0 0 0 0 0 0 0 0 0 0 0 0 0 0 0 0 0 0 0 0 0 0 0 0 0 0 0 0 9.904497971e-95 0 0 0 0 0 0 0 0 0 0 0 0 0 0 0 0 0 0 0 0 0 0 0 0 0 0 0 0 0 0 0 0 1.942901775e-86 0 0 0 0 0 0 0 0 0 0 0 0 0 0 0 0 0 0 0 0 0 0 0 0 0 0 0 0 0 0 0 0 0 0 0 0 0 0 0 0 0 0 0 0 0 0 0 0 0 0 0 0 0 0 0 0 0 0 0 0 0 0 0 0 0 0 0 0 0 0 0 0 0 0 0 0 0 0 0 0 0 0 0 0 0 0 0 0 0 0 0 0 0 0 0 0 0 0 0 0 0 0 0 0 0 0 0 0 0 0 0 0 0 0 0 0 0 0 0 0 0 0 0 0 0 0 0 
0 0 0 0 0 0 0 0 0 0 0 0 0 0 0 0 0 0 0 0 0 0 0 0 0 0 0 0 0 0 0 0 0 0 0 0 0 0 0 0 0 0 0 0 0 0 0 0 0 0 0 0 0 0 0 0 0 0 0 0 0 0 0 0 0 0 0 0 0 0 0 0 0 0 0 0 0 0 0 0 0 0 0 0 0 0 0 0 0 0 0 0 0 0 0 0 0 0 0 0 0 0 0 0 0 0 0 0 0 0 0 0 0 0 0 0 0 0 0 0 0 0 0 0 0 0 0 0 0 0 0 0 0 0 0 0 0 0 0 0 0 0 0 0 0 0 0 0 0 0 0 0 0 0 0 0 0 0 0 0 0 0 0 0 0 0 0 0 0 0 0 0 0 0 0 0 0 0 0 0 0 0 0 0 0 0 0 0 0 0 0 0 0 0 0 0 0 0 0 0 0 0 0 0 0 0 0 0 0 0 0 0 0 0 0 0 0 0 0 0 0 0 0 0 0 0 0 0 0 0 0 0 0 0 0 0 0 0 0 0 0 0 0 0 0 0 0 0 0 0 0 0 0 0 0 0 
0 0 0 0 0 0 0 0 0 0 0 0 0 0 0 0 0 0 0 0 0 0 0 0 0 0 0 0 0 0 0 0 0 0 0 0 0 0 0 0 0 0 0 0 0 0 0 0 0 0 0 0 0 0 0 0 0 0 0 0 0 0 0 0 0 0 0 0 0 0 0 0 0 0 0 0 0 0 0 0 0 0 0 0 0 0 0 0 0 0 0 0 0 0 0 0 0 0 0 0 0 0 0 0 0 0 0 0 0 0 0 0 0 0 0 0 0 0 0 0 0 0 0 0 0 0 0 0 0 0 0 0 0 0 0 0 0 0 0 0 0 0 0 0 0 0 0 0 0 0 0 0 0 0 0 0 0 0 0 0 0 0 0 0 0 0 0 0 0 0 0 0 0 0 0 0 0 0 0 0 0 0 0 0 0 0 0 0 0 0 0 0 0 0 0 0 0 0 0 0 0 0 0 0 0 0 0 0 0 0 0 0 0 0 0 0 0 0 0 0 0 0 0 0 0 0 0 0 0 0 0 0 0 0 0 0 0 0 0 0 0 0 0 0 0 0 0 0 0 0 0 0 0 0 0 0 
0 0 0 0 0 0 0 0 0 0 0 0 0 0 0 0 0 0 0 0 0 0 0 0 0 0 0 0 0 0 0 0 0 0 0 0 0 0 0 0 0 0 0 0 0 0 0 0 0 0 0 0 0 0 0 0 0 0 0 0 0 0 0 0 0 0 0 0 0 0 0 0 0 0 0 0 0 0 0 0 0 0 0 0 0 0 0 0 0 0 0 0 0 0 0 0 0 0 0 0 0 0 0 0 0 0 0 0 0 0 0 0 9.19617597e-91 0 0 0 0 0 0 0 0 0 0 0 0 0 0 0 0 0 0 0 0 0 0 0 0 0 0 0 0 0 0 0 0 0 0 0 0 0 0 0 0 0 0 0 0 0 0 0 0 0 0 0 0 0 0 0 0 0 0 0 0 0 0 0 0 0 0 0 0 0 0 0 0 0 0 0 0 0 0 0 0 0 0 0 0 0 0 0 0 0 0 0 0 0 0 0 0 0 0 0 0 0 0 0 0 0 0 0 0 0 0 0 0 0 0 0 0 0 0 0 0 0 0 0 0 0 0 0 0 0 0 0 0 0 0 0 0 0 0 0 0 0 0 0 
0 0 0 0 0 0 0 0 0 0 0 0 0 0 0 0 0 0 0 0 0 0 0 0 0 0 0 0 0 0 0 0 0 0 0 0 0 0 0 0 0 0 0 0 0 0 0 0 0 0 0 0 0 0 0 0 0 0 0 0 0 0 0 0 0 0 0 0 0 0 0 0 0 0 0 0 0 0 0 0 0 0 0 0 0 0 0 0 0 0 0 0 0 0 0 0 0 0 0 0 0 0 0 0 0 0 0 0 0 0 0 0 0 0 0 0 0 0 0 0 0 0 0 0 0 0 0 0 0 0 0 0 0 0 0 0 0 0 0 0 0 0 0 0 0 0 0 0 0 0 0 0 0 0 0 0 0 0 0 0 0 0 0 0 0 0 0 0 0 0 0 0 0 0 0 0 0 0 0 0 0 0 0 0 0 0 0 0 0 0 0 0 0 0 0 0 0 0 0 0 0 0 0 0 0 0 0 0 0 0 0 0 0 0 0 0 0 0 0 0 0 0 0 0 0 0 0 0 0 0 0 0 0 0 0 0 0 0 0 0 0 0 0 0 0 0 0 0 0 0 0 0 0 0 0 0 
0 0 0 0 0 0 0 0 0 0 0 0 0 0 0 0 0 0 0 0 0 0 0 0 0 0 0 0 0 0 0 0 0 0 0 0 0 0 0 0 0 0 0 0 0 0 0 0 0 0 0 0 0 0 0 0 0 0 0 0 0 0 0 0 0 0 0 0 0 0 0 0 0 0 0 0 0 0 0 0 0 0 0 0 0 0 0 0 0 0 0 0 0 0 0 0 0 0 0 0 0 0 0 0 1.429079539e-83 0 0 0 0 0 0 0 0 0 0 0 0 0 0 0 0 0 0 0 0 0 0 0 0 0 0 0 0 0 0 0 0 0 0 0 0 0 0 5.313793631e-74 0 0 0 0 0 0 0 0 0 0 0 0 0 0 0 0 0 0 0 0 0 0 0 0 0 0 0 0 0 0 0 0 0 0 0 0 0 0 0 0 0 0 0 0 0 0 0 0 0 0 0 0 0 0 0 0 0 0 0 0 0 0 0 0 0 0 0 0 0 0 0 0 0 0 0 0 0 0 0 0 0 0 0 0 0 0 0 0 0 0 0 0 0 0 0 0 0 0 0 0 0 0 0 0 0 0 0 0 0 0 0 0 
0 0 0 0 0 0 0 0 0 0 0 0 0 0 0 0 0 0 0 0 0 0 0 0 0 0 0 0 0 0 0 0 0 0 0 0 0 0 0 0 0 0 0 0 0 0 0 0 0 0 0 0 0 0 0 0 0 0 0 0 0 0 0 0 0 0 0 0 0 0 0 0 0 0 0 0 0 0 0 0 0 0 0 0 0 0 0 0 0 0 0 0 0 0 0 0 5.339388228e-71 0 0 0 0 0 0 0 0 0 0 0 0 0 0 0 0 0 0 0 0 0 0 0 0 0 0 0 0 0 0 0 0 0 0 0 0 0 0 0 0 0 0 0 2.69510557e-92 0 0 0 0 0 0 0 0 0 0 0 0 0 0 0 0 0 0 0 0 0 0 0 0 0 0 0 0 0 0 0 0 0 0 0 0 0 0 0 0 0 0 0 0 0 0 0 0 0 0 0 0 0 0 0 0 0 0 0 0 0 0 0 0 0 0 0 0 0 0 0 0 0 0 0 0 0 0 0 0 0 0 0 0 0 0 0 0 0 0 0 0 0 0 0 0 0 0 0 0 0 0 0 0 0 0 0 0 0 0 0 0 0 0 0 
0 0 0 0 0 0 0 0 0 0 0 0 0 0 0 0 0 0 0 0 0 0 0 0 0 0 0 0 0 0 0 0 0 0 0 0 0 0 0 0 0 0 0 0 0 0 0 0 0 0 0 0 0 0 0 0 0 0 0 0 0 0 0 0 0 0 0 0 0 0 0 0 0 0 0 0 0 0 0 0 0 0 0 0 0 0 0 0 0 0 0 0 0 0 0 0 0 0 0 0 0 0 0 0 0 0 0 0 0 0 0 0 0 0 8.762071186e-89 0 0 0 0 0 0 0 0 0 0 0 0 5.391661744e-84 0 0 0 0 0 1.921516693e-78 1.506969463e-82 0 0 0 0 0 0 0 0 5.174688608e-81 0 0 0 0 4.198036525e-65 0 0 0 0 0 0 0 0 0 0 0 0 0 0 0 0 0 0 0 0 0 0 0 0 0 0 0 0 0 0 0 0 0 0 0 0 0 0 0 0 0 0 0 0 0 0 0 0 0 0 0 0 0 0 0 0 0 0 0 0 0 0 0 0 0 0 0 0 0 0 0 0 0 0 0 0 0 0 0 0 0 0 0 0 0 0 0 0 0 0 0 0 0 0 0 0 0 0 0 0 0 0 0 0 0 0 0 
0 0 0 0 0 0 0 0 0 0 0 0 0 0 0 0 0 0 0 0 0 0 0 0 0 0 0 0 0 0 0 0 0 0 0 0 0 0 0 0 0 0 0 0 0 0 0 0 0 0 0 0 0 0 0 0 0 0 0 0 0 0 0 0 0 0 0 0 0 0 0 0 0 0 0 0 0 0 0 0 0 0 0 0 0 0 0 0 0 0 0 0 0 0 0 0 0 7.16666332e-86 0 0 0 1.587829074e-60 0 0 0 0 0 0 0 0 0 4.271310235e-83 0 2.078434038e-84 0 0 0 0 0 0 0 0 0 0 0 0 0 7.838611729e-82 0 0 6.710961431e-75 0 0 0 0 0 0 0 0 0 0 0 0 0 0 0 0 0 0 0 0 0 0 0 0 0 0 0 0 0 0 0 0 0 8.610125345e-79 0 0 0 0 0 0 0 0 0 0 0 0 0 0 0 0 0 0 0 0 0 0 0 0 0 0 0 0 0 0 0 0 0 0 0 0 0 0 0 0 0 0 0 0 0 0 0 0 0 0 0 0 0 0 0 0 0 0 0 0 0 0 0 0 0 0 0 0 0 0 0 0 0 0 0 0 0 0 0 0 0 0 0 0 0 0 0 0 0 0 0 
0 0 0 0 0 0 0 0 0 0 0 0 0 0 0 0 0 0 0 0 0 0 0 0 0 0 0 0 0 0 0 0 0 0 0 0 0 0 0 0 0 0 0 0 0 0 0 0 0 0 0 0 0 0 0 0 0 0 0 0 0 0 0 0 0 0 0 0 0 0 0 0 0 0 0 0 0 0 0 0 0 0 0 0 0 0 0 0 0 0 0 0 0 0 0 0 0 0 0 0 0 0 0 0 0 0 0 0 0 0 0 0 0 0 0 0 0 0 0 0 0 0 0 0 0 0 0 0 0 0 0 0 0 0 0 0 0 0 0 0 0 0 0 0 0 0 0 0 0 0 0 0 0 0 0 0 4.550369618e-65 0 0 0 0 0 0 0 0 0 0 0 0 0 0 0 0 0 0 0 0 0 0 0 0 0 0 0 0 0 0 0 0 0 0 0 0 0 0 0 0 0 0 0 0 0 0 0 0 0 0 0 0 0 0 0 0 0 0 0 0 0 0 0 0 0 0 0 0 0 0 0 0 0 0 0 0 0 0 0 0 0 0 0 0 0 0 0 0 0 0 0 0 0 0 0 0 0 0 0 
0 0 0 0 0 0 0 0 0 0 0 0 0 0 0 0 0 0 0 0 0 0 0 0 0 0 0 0 0 0 0 0 0 0 0 0 0 0 0 0 0 0 0 0 0 0 0 0 0 0 0 0 0 0 0 0 0 0 0 0 0 0 0 0 0 0 0 0 0 0 0 0 0 0 0 0 0 0 0 0 0 0 0 0 0 0 0 0 0 0 0 0 0 0 0 0 0 2.48595048e-81 0 7.472029826e-60 0 0 0 0 0 0 3.922759578e-63 0 0 0 0 0 0 0 0 0 0 0 0 0 4.457999093e-65 0 0 0 0 0 0 0 0 0 0 0 4.72913737e-85 0 0 0 0 0 0 0 0 0 0 1.262386577e-70 0 0 0 0 0 0 0 0 0 0 0 0 0 0 0 0 0 0 0 0 0 0 0 0 0 0 0 0 0 0 0 0 0 0 0 0 0 0 0 0 0 0 0 0 0 0 0 0 0 0 0 0 0 0 0 0 0 0 0 0 0 0 0 0 0 0 0 0 0 0 0 0 0 0 0 0 0 0 0 0 0 0 0 0 0 0 0 0 0 0 0 0 0 0 0 0 0 0 0 0 0 0 0 0 0 0 0 0 0 0 0 0 
0 0 0 0 0 0 0 0 0 0 0 0 0 0 0 0 0 0 0 0 0 0 0 0 0 0 0 0 0 0 0 0 0 0 0 0 0 0 0 0 0 0 0 0 0 0 0 0 0 0 0 0 0 0 0 0 0 0 0 0 0 0 0 0 0 0 0 0 0 0 0 0 0 0 0 0 0 0 0 0 0 0 0 0 0 0 0 0 0 0 0 6.201501671e-54 0 0 0 0 0 0 0 0 2.041946521e-77 0 0 0 0 0 0 0 0 0 0 0 0 5.89249888e-58 0 0 1.053744872e-62 0 0 0 0 0 0 0 0 0 0 0 0 0 0 8.064114241e-78 0 4.188379238e-71 0 0 0 0 0 0 0 0 0 0 0 0 0 0 0 0 1.690545845e-70 0 0 0 0 0 0 0 0 0 0 0 0 0 0 0 0 0 0 0 0 0 0 0 0 0 0 0 0 0 0 0 0 0 0 0 0 0 0 0 0 0 0 0 0 0 0 0 0 0 0 0 0 0 0 0 0 0 0 0 0 0 0 0 0 0 0 0 0 0 0 0 0 0 0 0 0 0 0 0 0 0 0 0 0 0 0 0 0 0 0 0 0 0 0 0 0 0 0 0 0 0 0 0 0 0 
0 0 0 0 0 0 0 0 0 0 0 0 0 0 0 0 0 0 0 0 0 0 0 0 0 0 0 0 0 0 0 0 0 0 0 0 0 0 0 0 0 0 0 0 0 0 0 0 0 0 0 0 0 0 0 0 0 0 0 0 0 0 0 0 0 0 0 0 0 0 0 0 0 0 0 0 0 0 0 0 0 0 0 0 0 0 0 0 0 0 9.881524717e-86 0 0 0 0 0 0 2.213737885e-80 0 1.462252915e-59 0 0 0 0 0 0 0 0 0 0 0 0 0 0 0 0 0 0 0 0 0 1.606996816e-61 8.601322887e-63 0 0 0 0 0 0 0 3.511922699e-56 0 0 0 0 4.790136284e-75 0 0 0 0 0 0 0 0 0 0 0 0 0 0 0 0 0 0 0 0 0 0 0 0 0 0 0 0 0 0 0 0 0 0 0 0 0 0 0 0 0 0 0 0 0 0 0 0 0 0 0 0 0 0 0 0 0 0 0 0 0 0 0 0 0 0 0 0 0 0 0 0 0 0 0 0 0 0 0 0 0 0 0 0 0 0 0 0 0 0 0 0 0 0 0 0 0 0 0 0 0 0 0 0 0 0 0 0 0 0 0 0 0 0 0 0 0 0 0 0 
0 0 0 0 0 0 0 0 0 0 0 0 0 0 0 0 0 0 0 0 0 0 0 0 0 0 0 0 0 0 0 0 0 0 0 0 0 0 0 0 0 0 0 0 0 0 0 0 0 0 0 0 0 0 0 0 0 0 0 0 0 0 0 0 0 0 0 0 0 0 0 0 0 0 0 0 0 0 0 0 0 0 0 0 0 0 0 0 0 0 0 0 0 0 0 1.04242056e-73 0 0 0 0 1.357394306e-81 0 0 0 0 5.388335194e-84 0 3.320239622e-60 0 0 0 0 0 0 0 0 0 1.166492804e-83 0 0 1.739286643e-57 0 0 1.602122665e-81 0 0 1.047047218e-64 0 0 0 0 3.103439571e-67 0 0 0 0 2.2201394e-69 0 0 0 0 0 0 0 0 0 0 6.725736637e-61 0 0 0 0 0 0 0 0 0 0 0 0 0 0 0 0 0 0 0 0 0 0 0 0 0 0 0 0 0 0 0 0 0 0 0 0 0 0 0 0 0 0 0 0 0 0 0 0 0 0 0 0 0 0 0 0 0 0 0 0 0 0 0 0 0 0 0 0 0 0 0 0 0 0 0 0 0 0 0 0 0 0 0 0 0 0 0 0 0 0 0 0 0 0 0 0 0 0 0 0 0 0 0 0 0 0 0 0 
0 0 0 0 0 0 0 0 0 0 0 0 0 0 0 0 0 0 0 0 0 0 0 0 0 0 0 0 0 0 0 0 0 0 0 0 0 0 0 0 0 0 0 0 0 0 0 0 0 0 0 0 0 0 0 0 0 0 0 0 0 0 0 0 0 0 0 0 0 0 0 0 0 0 0 0 0 0 0 0 0 0 0 0 0 0 0 0 0 0 0 0 0 0 0 0 0 1.547360026e-66 0 0 0 2.050282653e-84 0 0 0 5.572861541e-78 0 3.896860216e-76 0 0 0 0 3.869184237e-86 0 0 0 0 1.111168321e-57 0 0 0 0 0 0 0 0 0 0 0 0 0 5.444334366e-76 0 0 1.219285312e-68 0 0 7.778773101e-79 1.202757776e-76 0 0 0 0 0 0 0 0 0 0 0 0 0 0 8.670238618e-74 0 0 0 0 0 0 0 0 0 0 0 0 0 0 0 0 0 0 0 0 0 0 0 0 0 0 0 0 0 0 0 0 0 0 0 0 0 0 0 0 0 0 0 0 0 0 0 0 0 0 0 0 0 0 0 0 0 0 0 0 0 0 0 0 0 0 0 0 0 0 0 0 0 0 0 0 0 0 0 0 0 0 0 0 0 0 0 0 0 0 0 0 0 0 0 0 0 0 0 0 0 0 
0 0 0 0 0 0 0 0 0 0 0 0 0 0 0 0 0 0 0 0 0 0 0 0 0 0 0 0 0 0 0 0 0 0 0 0 0 0 0 0 0 0 0 0 0 0 0 0 0 0 0 0 0 0 0 0 0 0 0 0 0 0 0 0 0 0 0 0 0 0 0 0 0 0 0 0 0 0 0 0 0 0 0 0 0 0 0 0 0 0 0 0 0 0 0 0 0 0 0 0 2.313992954e-56 0 0 0 0 0 0 0 2.696598209e-62 0 0 0 0 1.498341766e-84 0 0 4.679564887e-55 0 0 1.809470127e-65 0 0 0 0 9.139127673e-74 0 0 4.726914272e-73 0 5.975274572e-79 0 0 0 0 0 0 0 2.2771714e-54 0 0 0 0 0 2.758415583e-59 0 0 1.032643446e-55 0 0 0 0 0 0 0 0 0 0 0 0 1.483446407e-70 0 0 0 0 0 0 0 0 0 0 0 0 0 0 0 0 0 0 0 0 0 0 0 0 0 0 0 0 0 0 0 0 0 0 0 0 0 0 0 0 0 0 0 0 0 0 0 0 0 0 0 0 0 0 0 0 0 0 0 0 0 0 0 0 0 0 0 0 0 0 0 0 0 0 0 0 0 0 0 0 0 0 0 0 0 0 0 0 0 0 0 0 0 0 0 0 
0 0 0 0 0 0 0 0 0 0 0 0 0 0 0 0 0 0 0 0 0 0 0 0 0 0 0 0 0 0 0 0 0 0 0 0 0 0 0 0 0 0 0 0 0 0 0 0 0 0 0 0 0 0 0 0 0 0 0 0 0 0 0 0 0 0 0 0 0 0 0 0 0 0 0 0 0 0 0 0 0 0 0 0 0 0 0 0 0 0 0 0 0 0 0 0 0 0 0 0 0 1.871348018e-70 0 0 0 0 0 0 0 0 0 0 0 0 9.905099208e-84 0 0 0 0 0 0 0 1.495891266e-82 0 0 0 0 0 0 0 0 0 0 0 0 0 0 0 0 0 0 0 0 0 0 0 0 0 0 0 0 0 0 0 0 0 0 0 0 0 0 0 0 0 0 0 0 0 0 0 0 0 0 0 0 0 0 0 0 0 0 0 0 0 0 0 0 0 0 0 0 0 0 0 0 0 0 0 0 0 0 0 0 0 0 0 0 0 0 0 0 0 0 0 0 0 0 0 0 0 0 0 0 0 0 0 0 0 0 0 0 0 0 0 0 0 0 0 0 0 0 0 0 0 0 0 0 0 0 0 0 0 0 0 0 0 
0 0 0 0 0 0 0 0 0 0 0 0 0 0 0 0 0 0 0 0 0 0 0 0 0 0 0 0 0 0 0 0 0 0 0 0 0 0 0 0 0 0 0 0 0 0 0 0 0 0 0 0 0 0 0 0 0 0 0 0 0 0 0 0 0 0 0 0 0 0 0 0 0 0 0 0 0 0 0 0 0 0 0 0 0 0 0 0 0 0 0 0 0 0 0 0 0 0 0 2.432011613e-55 0 0 0 0 0 0 0 0 0 0 0 0 0 0 0 0 0 0 2.396020299e-71 0 0 0 0 0 0 0 0 0 0 0 0 0 0 0 0 0 7.997428325e-76 0 0 0 0 0 0 1.122363309e-51 0 0 0 0 0 0 0 0 0 0 0 0 0 0 3.151205538e-71 0 0 0 0 0 0 0 0 0 0 0 0 0 0 0 0 0 0 0 0 0 0 0 0 0 0 0 0 0 0 0 0 0 0 0 0 0 0 0 0 0 0 0 0 0 0 0 0 0 0 0 0 0 0 0 0 0 0 0 0 0 0 0 0 0 0 0 0 0 0 0 0 0 0 0 0 0 0 0 0 0 0 0 0 0 0 0 0 0 0 0 0 0 0 0 0 0 
0 0 0 0 0 0 0 0 0 0 0 0 0 0 0 0 0 0 0 0 0 0 0 0 0 0 0 0 0 0 0 0 0 0 0 0 0 0 0 0 0 0 0 0 0 0 0 0 0 0 0 0 0 0 0 0 0 0 0 0 0 0 0 0 0 0 0 0 0 0 0 0 0 0 0 0 0 0 0 0 0 0 0 0 0 0 0 0 0 0 0 0 0 0 0 0 0 0 0 0 0 0 0 0 0 0 0 0 0 0 0 0 0 0 0 0 0 0 0 0 0 0 0 0 0 0 0 0 0 0 0 0 0 0 2.435788891e-59 0 0 0 0 5.56133051e-63 4.252878139e-67 1.626255082e-77 0 0 0 0 0 0 0 0 0 0 0 0 0 0 0 0 0 4.053773293e-56 1.02697802e-60 0 0 0 0 0 0 0 0 0 0 0 0 0 0 0 0 0 0 0 0 0 0 0 0 0 0 0 0 0 0 0 0 0 0 0 0 0 0 0 0 0 0 0 0 0 0 0 0 0 0 0 0 0 0 0 0 0 0 0 0 0 0 0 0 0 0 0 0 0 0 0 0 0 0 0 0 0 0 0 0 0 0 0 0 0 0 0 0 0 0 0 0 0 0 0 
0 0 0 0 0 0 0 0 0 0 0 0 0 0 0 0 0 0 0 0 0 0 0 0 0 0 0 0 0 0 0 0 0 0 0 0 0 0 0 0 0 0 0 0 0 0 0 0 0 0 0 0 0 0 0 0 0 0 0 0 0 0 0 0 0 0 0 0 0 0 0 0 0 0 0 0 0 0 0 0 0 0 0 0 0 0 0 0 0 0 0 0 0 0 0 0 0 0 0 0 0 0 1.426475396e-70 0 0 0 0 0 0 2.063228295e-40 0 0 0 9.985147154e-49 0 0 0 2.550889458e-60 2.239588775e-62 0 0 0 6.363813693e-31 0 0 0 0 0 0 0 0 0 0 0 0 0 0 0 7.889807191e-68 0 0 0 0 0 0 1.522468471e-61 0 0 0 0 0 0 0 0 0 0 0 0 0 0 0 0 0 0 0 0 0 0 0 0 0 0 0 0 0 0 0 0 0 0 0 0 0 0 0 0 0 0 0 0 0 0 0 0 0 0 0 0 0 0 0 0 0 0 0 0 0 0 0 0 0 0 0 0 0 0 0 0 0 0 0 0 0 0 0 0 0 0 0 0 0 0 0 0 0 0 0 0 0 0 0 0 0 0 0 0 0 0 0 0 0 0 0 0 0 0 
0 0 0 0 0 0 0 0 0 0 0 0 0 0 0 0 0 0 0 0 0 0 0 0 0 0 0 0 0 0 0 0 0 0 0 0 0 0 0 0 0 0 0 0 0 0 0 0 0 0 0 0 0 0 0 0 0 0 0 0 0 0 0 0 0 0 0 0 0 0 0 0 0 0 0 0 0 0 0 0 0 0 0 0 0 0 0 0 0 0 0 0 0 0 0 0 0 0 0 0 0 0 0 0 0 0 0 4.57380493e-57 0 0 0 0 0 0 0 0 0 0 0 0 1.720669899e-42 1.302638781e-43 0 0 1.909812557e-24 0 0 0 0 0 0 0 0 0 0 0 0 0 2.636559847e-68 0 0 0 0 0 0 0 0 0 0 0 0 0 0 4.561881024e-77 1.887315723e-50 0 0 1.372688628e-55 0 0 0 0 0 5.61515503e-47 4.961299021e-76 0 0 0 0 0 0 0 0 0 0 0 0 0 0 0 0 0 0 0 0 0 0 0 0 0 0 0 0 0 0 0 0 0 0 0 0 0 0 0 0 0 0 0 0 0 0 0 0 0 0 0 0 0 0 0 0 0 0 0 0 0 0 0 0 0 0 0 0 0 0 0 0 0 0 0 0 0 0 0 0 0 0 0 0 0 0 0 0 0 0 0 
0 0 0 0 0 0 0 0 0 0 0 0 0 0 0 0 0 0 0 0 0 0 0 0 0 0 0 0 0 0 0 0 0 0 0 0 0 0 0 0 0 0 0 0 0 0 0 0 0 0 0 0 0 0 0 0 0 0 0 0 0 0 0 0 0 0 0 0 0 0 0 0 0 0 0 0 0 0 0 0 0 0 0 0 0 0 0 0 0 2.64206231e-68 0 0 0 0 0 0 7.310161672e-37 0 0 0 0 4.872417224e-58 0 3.978623016e-62 0 0 0 2.2101333e-50 0 4.754140291e-46 0 0 0 0 0 0 2.730263911e-44 5.28990683e-35 2.328889492e-48 0 0 0 0 0 0 0 0 0 0 0 0 8.744572885e-75 8.979946567e-46 6.913330018e-52 0 0 0 0 0 5.622959049e-53 2.685930879e-38 3.737751109e-46 0 0 0 0 0 0 0 0 1.042007881e-56 0 0 0 2.062044097e-43 0 1.435712359e-66 0 7.504216802e-58 2.591550815e-44 1.25096651e-36 0 0 0 0 0 0 0 0 0 0 0 0 0 0 0 0 0 0 0 0 0 0 0 0 0 0 0 0 0 0 0 0 0 0 0 0 0 0 0 0 0 0 0 0 0 0 0 0 0 0 0 0 0 0 0 0 0 0 0 0 0 0 0 0 0 0 0 0 0 0 0 0 0 0 0 0 0 0 0 0 0 0 0 0 0 0 0 0 0 0 0 0 0 0 0 
0 0 0 0 0 0 0 0 0 0 0 0 0 0 0 0 0 0 0 0 0 0 0 0 0 0 0 0 0 0 0 0 0 0 0 0 0 0 0 0 0 0 0 0 0 0 0 0 0 0 0 0 0 0 0 0 0 0 0 0 0 0 0 0 0 0 0 0 0 0 0 0 0 0 0 0 0 0 0 0 0 0 0 0 0 0 0 0 0 0 0 0 0 0 0 0 1.928373961e-38 0 0 0 0 0 2.080275737e-40 0 0 0 0 0 0 0 0 5.201675153e-68 1.675970038e-53 0 0 0 0 0 0 0 0 0 0 0 0 0 0 0 0 0 3.190338683e-59 0 0 0 0 0 0 3.649904057e-37 8.382261635e-60 0 0 0 0 3.124527546e-36 0 0 0 0 0 0 0 0 0 0 0 3.445474563e-57 0 0 4.216847895e-45 3.843762641e-69 0 0 1.844194909e-57 0 0 0 0 1.939741088e-38 0 0 0 0 0 0 0 0 0 0 0 0 0 0 0 0 0 0 0 0 0 0 0 0 0 0 0 0 0 0 0 0 0 0 0 0 0 0 0 0 0 0 0 0 0 0 0 0 0 0 0 0 0 0 0 0 0 0 0 0 0 0 0 0 0 0 0 0 0 0 0 0 0 0 0 0 0 0 0 0 0 0 0 0 0 0 0 0 
0 0 0 0 0 0 0 0 0 0 0 0 0 0 0 0 0 0 0 0 0 0 0 0 0 0 0 0 0 0 0 0 0 0 0 0 0 0 0 0 0 0 0 0 0 0 0 0 0 0 0 0 0 0 0 0 0 0 0 0 0 0 0 0 0 0 0 0 0 0 0 0 0 0 0 0 0 0 0 0 0 0 0 0 0 0 0 0 0 0 0 0 1.054577229e-68 0 0 1.097453673e-73 0 0 0 0 0 0 0 0 0 0 0 1.927002949e-57 0 7.496367449e-22 4.916200797e-50 0 0 6.003298644e-18 0 0 6.055423007e-66 0 3.485983015e-36 4.834377888e-48 0 3.550671089e-58 4.396652401e-74 0 0 5.740398125e-77 2.226777556e-58 5.78525973e-41 0 0 7.069050914e-35 2.494910104e-72 5.560108847e-20 1.283690276e-29 0 1.084289952e-60 0 1.688310025e-53 0 0 0 0 4.942123139e-71 0 0 0 0 0 0 0 0 3.38587578e-22 0 0 0 3.423087099e-43 0 0 0 0 0 0 0 0 0 0 0 0 0 0 0 0 0 0 0 0 0 0 0 0 0 0 0 0 0 0 0 0 0 0 0 0 0 0 0 0 0 0 0 0 0 0 0 0 0 0 0 0 0 0 0 0 0 0 0 0 0 0 0 0 0 0 0 0 0 0 0 0 0 0 0 0 0 0 0 0 0 0 0 0 0 0 0 0 0 0 0 0 0 0 0 0 0 0 0 0 
0 0 0 0 0 0 0 0 0 0 0 0 0 0 0 0 0 0 0 0 0 0 0 0 0 0 0 0 0 0 0 0 0 0 0 0 0 0 0 0 0 0 0 0 0 0 0 0 0 0 0 0 0 0 0 0 0 0 0 0 0 0 0 0 0 0 0 0 0 0 0 0 0 0 0 0 0 0 0 0 0 0 0 0 0 0 0 0 0 0 0 0 2.227762512e-26 2.225270339e-76 0 2.147358833e-62 0 0 0 1.873888858e-36 0 0 2.825583007e-28 2.653388464e-31 1.899422607e-42 1.569473327e-45 3.460896524e-61 1.605238171e-32 0 0 7.801643962e-53 0 3.197393625e-56 0 0 0 0 3.63988309e-20 0 0 0 0 0 5.630547301e-35 0 0 0 0 0 0 0 0 0 0 0 0 0 0 0 0 3.876125603e-63 0 1.963237913e-45 0 0 2.638811022e-54 0 0 0 3.729043581e-15 0 0 0 4.900230462e-40 0 0 0 0 0 2.438272021e-70 0 1.397848969e-62 0 0 0 0 0 0 0 0 0 0 0 0 0 0 0 0 0 0 0 0 0 0 0 0 0 0 0 0 0 0 0 0 0 0 0 0 0 0 0 0 0 0 0 0 0 0 0 0 0 0 0 0 0 0 0 0 0 0 0 0 0 0 0 0 0 0 0 0 0 0 0 0 0 0 0 0 0 0 0 0 0 0 0 0 0 0 0 0 0 0 0 0 0 0 
0 0 0 0 0 0 0 0 0 0 0 0 0 0 0 0 0 0 0 0 0 0 0 0 0 0 0 0 0 0 0 0 0 0 0 0 0 0 0 0 0 0 0 0 0 0 0 0 0 0 0 0 0 0 0 0 0 0 0 0 0 0 0 0 0 0 0 0 0 0 0 0 0 0 0 0 0 0 0 0 0 0 0 0 0 0 0 0 0 0 0 0 0 0 0 0 0 0 1.511094681e-35 1.877028959e-31 0 0 6.666670951e-40 2.104149258e-66 0 0 0 4.06647539e-15 0 1.142341022e-36 0 1.736208265e-07 1.419806709e-20 3.403970644e-44 6.350873393e-68 0 4.648288234e-36 2.751260144e-59 2.78272724e-40 2.795534249e-29 0 0 0 0 4.567312343e-39 0 1.287139428e-20 0 2.083618728e-42 0 0 0 7.486015715e-18 0 1.103430362e-62 1.585537582e-31 0 1.244089454e-60 0 1.748518998e-29 0 0 0 0 6.320508531e-25 4.018030313e-45 0 5.99305526e-31 0 0 0 2.704432394e-22 2.379606474e-61 1.749724943e-35 0 0 1.45420738e-64 2.085767032e-48 0 0 1.797949234e-75 1.368600199e-76 0 1.626121065e-53 0 0 0 0 0 0 0 0 0 0 0 0 0 0 0 0 0 0 0 0 0 0 0 0 0 0 0 0 0 0 0 0 0 0 0 0 0 0 0 0 0 0 0 0 0 0 0 0 0 0 0 0 0 0 0 0 0 0 0 0 0 0 0 0 0 0 0 0 0 0 0 0 0 0 0 0 0 0 0 0 0 0 0 0 0 0 0 0 0 0 0 0 
0 0 0 0 0 0 0 0 0 0 0 0 0 0 0 0 0 0 0 0 0 0 0 0 0 0 0 0 0 0 0 0 0 0 0 0 0 0 0 0 0 0 0 0 0 0 0 0 0 0 0 0 0 0 0 0 0 0 0 0 0 0 0 0 0 0 0 0 0 0 0 0 0 0 0 0 0 0 0 0 0 0 0 0 0 0 0 0 0 0 0 0 0 0 0 0 0 0 8.889558058e-31 4.531460558e-33 0 0 0 0 8.591505495e-45 0 0 0 0 9.248587907e-15 9.632650897e-52 0 0 0 0 0 2.677206139e-52 8.400504901e-58 0 0 3.688526066e-26 0 0 0 0 0 0 0 0 0 0 0 0 1.269324408e-21 1.910451767e-36 1.306524756e-41 0 0 0 8.242884088e-18 1.016750651e-53 0 7.560994749e-20 5.927785457e-10 0 3.150663567e-41 0 0 0 0 0 0 0 0 0 5.921047649e-55 0 0 0 0 0 0 0 0 2.618232491e-41 0 0 0 0 0 0 0 0 0 0 0 0 0 0 0 0 0 0 0 0 0 0 0 0 0 0 0 0 0 0 0 0 0 0 0 0 0 0 0 0 0 0 0 0 0 0 0 0 0 0 0 0 0 0 0 0 0 0 0 0 0 0 0 0 0 0 0 0 0 0 0 0 0 0 0 0 0 0 0 0 0 0 0 0 0 0 0 0 0 0 0 
0 0 0 0 0 0 0 0 0 0 0 0 0 0 0 0 0 0 0 0 0 0 0 0 0 0 0 0 0 0 0 0 0 0 0 0 0 0 0 0 0 0 0 0 0 0 0 0 0 0 0 0 0 0 0 0 0 0 0 0 0 0 0 0 0 0 0 0 0 0 0 0 0 0 0 0 0 0 0 0 0 0 0 0 0 0 0 0 0 0 0 0 0 0 0 0 5.423837804e-34 0 0 0 0 0 1.707952459e-21 0 0 0 0 0 5.406793662e-54 1.085766783e-36 0 6.62279645e-54 1.30370246e-20 0 0 2.575422437e-46 0 0 2.00604059e-62 0 0 0 1.800428296e-58 1.235259362e-44 0 0 0 9.326984901e-61 1.105997005e-41 4.775664284e-27 3.497511515e-41 0 0 0 9.364388095e-14 0 3.542344449e-48 2.308961323e-55 0 0 0 0 0 1.347148942e-47 8.913135279e-38 0 7.262204622e-25 2.863972663e-11 0 0 0 2.450064241e-55 1.551243083e-39 0 0 0 0 0 0 0 0 7.26513553e-43 0 5.963150344e-65 0 0 0 0 0 0 0 0 0 0 0 0 0 0 0 0 0 0 0 0 0 0 0 0 0 0 0 0 0 0 0 0 0 0 0 0 0 0 0 0 0 0 0 0 0 0 0 0 0 0 0 0 0 0 0 0 0 0 0 0 0 0 0 0 0 0 0 0 0 0 0 0 0 0 0 0 0 0 0 0 0 0 0 0 0 0 0 0 0 0 0 0 
0 0 0 0 0 0 0 0 0 0 0 0 0 0 0 0 0 0 0 0 0 0 0 0 0 0 0 0 0 0 0 0 0 0 0 0 0 0 0 0 0 0 0 0 0 0 0 0 0 0 0 0 0 0 0 0 0 0 0 0 0 0 0 0 0 0 0 0 0 0 0 0 0 0 0 0 0 0 0 0 0 0 0 0 0 0 0 0 2.652098855e-18 4.125905438e-47 0 0 0 0 1.945186097e-57 0 2.619670488e-48 0 0 0 5.800336841e-11 0 0 0 2.419940196e-57 8.844884319e-15 0 8.438715406e-41 1.599632918e-36 0 0 6.612516487e-51 0 4.30631706e-25 0 0 0 0 5.030774719e-62 0 0 0 4.010500424e-53 1.709908239e-54 6.976179407e-20 0 3.058878583e-44 1.273673315e-62 0 0 0 2.86563261e-49 1.781261645e-08 1.166008706e-23 0 0 4.962252091e-56 0 4.107186755e-65 0 1.813475184e-48 2.104012518e-30 0 0 0 5.301557937e-57 2.951938392e-56 0 0 3.808267605e-49 0 0 5.684585506e-62 0 0 0 0 0 0 0 4.971080596e-50 0 6.717919073e-23 0 0 3.322949821e-25 0 0 0 0 0 0 0 0 0 0 0 0 0 0 0 0 0 0 0 0 0 0 0 0 0 0 0 0 0 0 0 0 0 0 0 0 0 0 0 0 0 0 0 0 0 0 0 0 0 0 0 0 0 0 0 0 0 0 0 0 0 0 0 0 0 0 0 0 0 0 0 0 0 0 0 0 0 0 0 0 0 0 0 0 0 0 0 0 0 0 
0 0 0 0 0 0 0 0 0 0 0 0 0 0 0 0 0 0 0 0 0 0 0 0 0 0 0 0 0 0 0 0 0 0 0 0 0 0 0 0 0 0 0 0 0 0 0 0 0 0 0 0 0 0 0 0 0 0 0 0 0 0 0 0 0 0 0 0 0 0 0 0 0 0 0 0 0 0 0 0 0 0 0 0 0 0 0 0 0 0 0 9.928285323e-34 0 0 0 0 4.296705599e-07 0 4.908657309e-54 0 8.078227703e-60 0 2.936836324e-24 0 0 6.704407683e-21 1.453403143e-55 2.289884568e-39 6.406674865e-55 1.241125039e-55 3.883034158e-22 0 0 1.014820323e-44 0 4.541972694e-56 0 0 6.404742338e-27 1.388902344e-15 7.845220694e-15 0 0 0 2.549518985e-24 2.498076158e-23 1.561730185e-35 4.695566837e-66 0 8.669824021e-17 1.83664839e-62 8.069307789e-05 2.304840756e-51 0 9.160320012e-63 0 3.369195533e-46 5.599278996e-36 0 0 0 3.36331688e-40 0 0 9.415934221e-12 0 2.529618756e-11 0 2.224020313e-52 1.074639981e-34 0 2.859201502e-58 0 3.78175134e-54 0 2.473103989e-26 1.191909564e-66 2.364201313e-24 2.551050161e-20 0 0 0 0 0 0 4.551397584e-39 0 0 0 0 0 0 0 0 0 0 0 0 0 0 0 0 0 0 0 0 0 0 0 0 0 0 0 0 0 0 0 0 0 0 0 0 0 0 0 0 0 0 0 0 0 0 0 0 0 0 0 0 0 0 0 0 0 0 0 0 0 0 0 0 0 0 0 0 0 0 0 0 0 0 0 0 0 0 0 0 0 0 0 0 0 0 0 0 0 0 
0 0 0 0 0 0 0 0 0 0 0 0 0 0 0 0 0 0 0 0 0 0 0 0 0 0 0 0 0 0 0 0 0 0 0 0 0 0 0 0 0 0 0 0 0 0 0 0 0 0 0 0 0 0 0 0 0 0 0 0 0 0 0 0 0 0 0 0 0 0 0 0 0 0 0 0 0 0 0 0 0 0 0 0 0 0 0 0 0 0 0 0 0 0 0 0 0 2.956681224e-68 0 0 6.613870702e-34 4.257293183e-17 5.145630102e-26 5.371350914e-23 0 3.57745688e-34 0 2.852733187e-56 8.402295851e-17 0 0 2.596167316e-49 0 1.501792654e-13 0 0 4.338016182e-26 8.539103885e-26 4.979723284e-50 9.054112849e-10 5.227865243e-45 0 0 4.06853414e-57 0 1.781602105e-23 6.701659889e-32 0 0 0 2.844720043e-28 1.78825134e-44 0 7.745913712e-20 1.199818942e-17 1.66227827e-46 0 0 2.829877102e-52 1.175962377e-59 4.307746853e-50 0 1.636922236e-15 2.278945476e-60 9.666248649e-53 0 0 0 0 0 4.681445688e-16 1.610708448e-16 0 3.181090317e-52 0 0 0 0 1.179558714e-63 5.658199557e-39 1.287685976e-30 4.062882416e-62 0 0 0 1.17733466e-56 0 0 0 0 0 0 0 0 0 0 0 0 0 0 0 0 0 0 0 0 0 0 0 0 0 0 0 0 0 0 0 0 0 0 0 0 0 0 0 0 0 0 0 0 0 0 0 0 0 0 0 0 0 0 0 0 0 0 0 0 0 0 0 0 0 0 0 0 0 0 0 0 0 0 0 0 0 0 0 0 0 0 0 0 0 0 0 0 0 0 
0 0 0 0 0 0 0 0 0 0 0 0 0 0 0 0 0 0 0 0 0 0 0 0 0 0 0 0 0 0 0 0 0 0 0 0 0 0 0 0 0 0 0 0 0 0 0 0 0 0 0 0 0 0 0 0 0 0 0 0 0 0 0 0 0 0 0 0 0 0 0 0 0 0 0 0 0 0 0 0 0 0 0 0 0 0 0 0 0 0 2.500086582e-26 7.832605315e-67 0.0003463830916 0 5.850530419e-09 1.086748439e-24 6.571149752e-37 2.87691772e-17 1.021170863e-47 1.919105236e-57 0 3.597637731e-39 1.180842364e-20 3.326305065e-50 0 0.005097747241 3.102150867e-09 6.744403597e-07 0 1.334734671e-34 4.448654069e-22 0 0 1.882041295e-53 6.956846612e-43 0 0 1.049592895e-22 6.500795269e-61 2.190238475e-41 0 3.351116134e-26 6.765470109e-62 0 2.050923595e-54 0 0 9.227470835e-11 0 1.34181081e-46 1.590703705e-63 4.032776845e-58 1.38634437e-63 5.058831149e-08 0 0 0 9.522240755e-39 0 7.784235102e-06 6.806528068e-12 5.126402433e-64 5.900397001e-10 0 8.831388231e-32 0 0 2.233258396e-11 0 3.079409406e-35 0 0 0 7.837899395e-49 1.978540859e-29 3.826989524e-19 0 3.901251734e-10 0.0004855807666 0 1.041317511e-10 1.220768803e-31 0 0 0 4.936171713e-61 0 0 0 0 0 0 0 0 0 0 0 0 0 0 0 0 0 0 0 0 0 0 0 0 0 0 0 0 0 0 0 0 0 0 0 0 0 0 0 0 0 0 0 0 0 0 0 0 0 0 0 0 0 0 0 0 0 0 0 0 0 0 0 0 0 0 0 0 0 0 0 0 0 0 0 0 0 0 0 0 0 0 0 0 0 0 0 0 0 0 
0 0 0 0 0 0 0 0 0 0 0 0 0 0 0 0 0 0 0 0 0 0 0 0 0 0 0 0 0 0 0 0 0 0 0 0 0 0 0 0 0 0 0 0 0 0 0 0 0 0 0 0 0 0 0 0 0 0 0 0 0 0 0 0 0 0 0 0 0 0 0 0 0 0 0 0 0 0 0 0 0 0 0 0 0 0 0 0 0 0 0 0 1.141097073e-52 2.978254026e-37 0 0 0 0 0 2.491603285e-23 0 6.157015508e-52 0 0 5.475685574e-05 0 0 0 0 1.543172656e-40 0.005167743003 4.343973955e-16 0 2.65392331e-13 3.241813889e-33 8.442543161e-44 0 3.321525568e-38 6.230948073e-16 4.216605408e-36 1.941889496e-58 1.585231493e-22 3.448323825e-20 7.66129824e-05 2.61163144e-26 1.878835791e-08 0 3.576637208e-32 2.064593103e-28 3.731817291e-35 2.567850959e-18 0 1.798278185e-44 0 1.910972379e-19 0 0.0002401891197 0 3.555332643e-49 6.319889915e-64 8.395738228e-14 6.901237346e-54 3.623715934e-32 2.538875743e-46 0 2.048351929e-12 0 9.303944813e-40 0 1.900153658e-44 0 0 9.274330834e-10 2.392230867e-57 1.968441708e-19 0 1.564210289e-43 1.159951355e-44 0 1.893974812e-38 8.242553045e-30 0 0 0 0 4.181052467e-33 0 0 0 0 0 0 0 0 0 0 0 0 0 0 0 0 0 0 0 0 0 0 0 0 0 0 0 0 0 0 0 0 0 0 0 0 0 0 0 0 0 0 0 0 0 0 0 0 0 0 0 0 0 0 0 0 0 0 0 0 0 0 0 0 0 0 0 0 0 0 0 0 0 0 0 0 0 0 0 0 0 0 0 0 0 0 0 0 0 0 
0 0 0 0 0 0 0 0 0 0 0 0 0 0 0 0 0 0 0 0 0 0 0 0 0 0 0 0 0 0 0 0 0 0 0 0 0 0 0 0 0 0 0 0 0 0 0 0 0 0 0 0 0 0 0 0 0 0 0 0 0 0 0 0 0 0 0 0 0 0 0 0 0 0 0 0 0 0 0 0 0 0 0 0 0 0 0 0 0 0 0 1.680077358e-13 0 0 2.927608707e-28 7.344011828e-39 2.414157556e-09 0 1.54209193e-25 2.756119106e-45 1.668373297e-08 1.16947802e-09 1.235373551e-53 6.248418618e-19 0 0 3.272652842e-40 2.13145307e-58 0 3.994096757e-19 2.546049586e-30 0 8.414039732e-37 0 0 2.185760024e-68 0 0 0 4.315510638e-15 7.22795408e-11 1.743889657e-06 0 1.138784819e-07 0 4.001126876e-53 0.0001967142095 1.209081228e-53 4.357483483e-06 2.211454071e-55 0 0 3.175614496e-24 0 1.650041736e-14 0 5.464529054e-66 1.001327171e-61 2.455320773e-66 0 0 1.312535985e-28 3.178164993e-20 3.71830823e-11 0 0 9.554578923e-52 5.605437645e-39 0 2.182586589e-49 0 0.0001798392221 0 1.836638544 1.81985115e-56 0 0 0 8.58213872e-17 1.767481959e-52 1.465730914e-16 3.500938809e-36 1.716458392e-39 0 4.387916739e-25 1.634225844e-68 1.96693659e-54 0 0 0 0 0 0 0 0 0 0 0 0 0 0 0 0 0 0 0 0 0 0 0 0 0 0 0 0 0 0 0 0 0 0 0 0 0 0 0 0 0 0 0 0 0 0 0 0 0 0 0 0 0 0 0 0 0 0 0 0 0 0 0 0 0 0 0 0 0 0 0 0 0 0 0 0 0 0 0 0 0 0 0 0 0 0 0 0 0 
0 0 0 0 0 0 0 0 0 0 0 0 0 0 0 0 0 0 0 0 0 0 0 0 0 0 0 0 0 0 0 0 0 0 0 0 0 0 0 0 0 0 0 0 0 0 0 0 0 0 0 0 0 0 0 0 0 0 0 0 0 0 0 0 0 0 0 0 0 0 0 0 0 0 0 0 0 0 0 0 0 0 0 0 0 0 0 0 0 0 0.003978891806 1.580933145e-18 0 0 2.150953982e-16 2.04953086e-15 0 0 3.837039676e-21 0.04949604267 1.417389229e-44 0 6.25988401e-34 0 2.082735998e-46 2.05638352e-23 1.26082831e-44 1.103092875e-52 0 2.604501027e-12 9.065164376e-67 0 0 7.157681027e-29 0 2.229728386e-13 0 172.2100727 5.001053718e-22 1.37694992e-42 8.665138032e-38 0.1017403562 7.790170241e-42 8.519328523e-44 0 5.05759391e-50 4.64613447e-22 0 7.57226048e-42 4.270560417e-34 1.300238096e-23 5.492854342e-43 4.10964323e-40 2.464681933e-22 0.001514305747 16.12901129 0 1.997778065e-18 1.145170029e-58 0 9.462464078e-25 0 5.356147207e-07 7.511409955e-26 2.937074844e-65 7.011361659e-26 3.911562466e-23 0 0 0 0 8.967700062e-53 7.626219564e-22 3.876583916e-59 9.781584248 0 5.205897211e-12 0.008726716874 0 2.317614397e-36 0 0 9.871427567e-34 0 0 0 0 0 0 0 0 0 0 0 0 0 0 0 0 0 0 0 0 0 0 0 0 0 0 0 0 0 0 0 0 0 0 0 0 0 0 0 0 0 0 0 0 0 0 0 0 0 0 0 0 0 0 0 0 0 0 0 0 0 0 0 0 0 0 0 0 0 0 0 0 0 0 0 0 0 0 0 0 0 0 0 0 0 0 0 0 0 0 0 0 0 
0 0 0 0 0 0 0 0 0 0 0 0 0 0 0 0 0 0 0 0 0 0 0 0 0 0 0 0 0 0 0 0 0 0 0 0 0 0 0 0 0 0 0 0 0 0 0 0 0 0 0 0 0 0 0 0 0 0 0 0 0 0 0 0 0 0 0 0 0 0 0 0 0 0 0 0 0 0 0 0 0 0 0 0 0 0 0 0 0 1.929073454e-35 0 0 9.785127058e-09 0 8.230369006e-17 0 8.626984177e-38 2.00938169e-56 8.049418205e-07 4.104595167e-43 5.285008745e-60 0.168771906 2.886881703e-32 8.26960822e-06 0 1.884189357e-11 4.425713557e-22 1.998628223e-37 0.005099403321 36.78601441 7.518659495e-54 0 0 0 6.922637589e-16 7.144590948e-50 3.27609967e-05 7.952081269e-49 8.623701186e-18 0 2.183085199e-30 1.551923279e-17 7.063969929e-45 3.228235381e-35 4.23396521e-33 2.675646459e-42 0 4.626659405e-28 0 9.043982182e-14 0 9.082834663e-28 2.370586336e-17 0 8.436329917e-27 1.147791554e-19 0 1.434202212e-07 0 2.146136033e-44 1.806342844e-54 2.610698699e-16 178.5120509 0 2.044281244e-60 3.344762637e-55 0 3.319583556e-20 1.088526733e-50 0 0 1.285587768e-39 0 0 0 1.190947538e-10 3.349954066e-47 4.309290315e-10 1.019379301e-18 4.748199789e-62 0 5.177954124e-19 6.279994701e-46 1.133198729e-68 2.787110412e-68 1.19443067e-24 4.273762462e-50 1.074613076e-65 0 0 0 0 0 0 0 0 0 0 0 0 0 0 0 0 0 0 0 0 0 0 0 0 0 0 0 0 0 0 0 0 0 0 0 0 0 0 0 0 0 0 0 0 0 0 0 0 0 0 0 0 0 0 0 0 0 0 0 0 0 0 0 0 0 0 0 0 0 0 0 0 0 0 0 0 0 0 0 0 0 0 0 0 0 0 0 0 
0 0 0 0 0 0 0 0 0 0 0 0 0 0 0 0 0 0 0 0 0 0 0 0 0 0 0 0 0 0 0 0 0 0 0 0 0 0 0 0 0 0 0 0 0 0 0 0 0 0 0 0 0 0 0 0 0 0 0 0 0 0 0 0 0 0 0 0 0 0 0 0 0 0 0 0 0 0 0 0 0 0 0 0 0 0 0 0 0 0 0 2.425947413e-39 0 1.725788693e-51 1.128117506e-45 6.950605893e-16 3.28224526e-62 0 0 6.425899724e-10 4.848588771e-06 0 1.032735239e-48 0 6.647215048e-26 2.039177681e-06 4.16152288e-18 0 4.479728049e-46 1.425424729e-47 0 0 5.550368595e-27 0 5.391975052e-13 2.253649923e-06 0.01366496003 7.726613907e-05 2.534905498e-36 3.659028678e-28 1.929254526e-05 1.063025498e-43 3.655325114e-06 4.92250609e-27 9.455819321e-24 9.468512724e-09 0 0 0 0 2.501979431e-22 0 8.665993343e-24 9.109062378e-43 1.597800043e-42 0 3.277708447e-08 2.216561159e-65 0 0.007511786653 4.083390438e-40 5.202689258e-12 2.918398222e-25 1.074683296e-47 3.299124982e-07 4.900955956e-21 0 0 6.501962968e-42 4.841561013e-49 4.343172453e-56 0 2.324328763e-34 3.24015186e-25 0.001382036918 1.81007982e-51 3.353039963e-28 0.3363437887 2.476351655e-18 8.77665167e-50 1.490690061e-17 0 1.521846915e-05 5.415152596e-08 0 0 0 0 0 0 0 0 0 0 0 0 0 0 0 0 0 0 0 0 0 0 0 0 0 0 0 0 0 0 0 0 0 0 0 0 0 0 0 0 0 0 0 0 0 0 0 0 0 0 0 0 0 0 0 0 0 0 0 0 0 0 0 0 0 0 0 0 0 0 0 0 0 0 0 0 0 0 0 0 0 0 0 0 0 0 0 0 0 0 0 0 
0 0 0 0 0 0 0 0 0 0 0 0 0 0 0 0 0 0 0 0 0 0 0 0 0 0 0 0 0 0 0 0 0 0 0 0 0 0 0 0 0 0 0 0 0 0 0 0 0 0 0 0 0 0 0 0 0 0 0 0 0 0 0 0 0 0 0 0 0 0 0 0 0 0 0 0 0 0 0 0 0 0 0 0 0 0 0 0 1.032009881e-29 9.345917005e-33 0 0 84.92274498 3.410250668e-14 0 2.481393632e-14 0 4.316284153e-34 7.676748134e-19 4.104196271e-23 9.577047888e-07 5.135847993e-15 1.403325705e-16 1.24788581e-47 1.160319574e-56 6.004501977e-05 0 0 3.157151259e-22 6.339076725e-58 0.001220931889 0.2904779816 0 3.264959999 5.762219385e-10 3.742953484e-24 0 226.0462454 1.478668709e-36 2.088236527e-30 0.03972026955 1.438656853e-39 7.001153856e-06 0.05475542316 0 2.945589869e-37 0.001446301899 7.15278023e-33 3.971574113e-45 0 7.568261584e-05 9.901179501e-54 0 3.168866084e-10 0 0 0 0 282.1767426 0 0 0.6811481612 7.004139226e-13 0 0 0 0 187.6013765 0 0 2.405888397e-07 5.917308305e-51 0.1560753427 0.003340648064 1.48161975e-48 7.277653515e-61 0.0001406930325 0 4.981302232e-15 2.154949656e-60 0 0 0 4.004454517e-29 5.789459514e-47 0 0 0 0 0 0 0 0 0 0 0 0 0 0 0 0 0 0 0 0 0 0 0 0 0 0 0 0 0 0 0 0 0 0 0 0 0 0 0 0 0 0 0 0 0 0 0 0 0 0 0 0 0 0 0 0 0 0 0 0 0 0 0 0 0 0 0 0 0 0 0 0 0 0 0 0 0 0 0 0 0 0 0 0 0 0 0 0 0 0 0 
0 0 0 0 0 0 0 0 0 0 0 0 0 0 0 0 0 0 0 0 0 0 0 0 0 0 0 0 0 0 0 0 0 0 0 0 0 0 0 0 0 0 0 0 0 0 0 0 0 0 0 0 0 0 0 0 0 0 0 0 0 0 0 0 0 0 0 0 0 0 0 0 0 0 0 0 0 0 0 0 0 0 0 0 0 0 0 0 0 5.949598009e-58 0 0 5.047713471e-60 0 0 0 164.9271161 8.908342115e-13 2.034823911e-20 1.269695251e-05 5.979027953e-16 4.323891403e-51 5.167994946e-53 1.366793117e-61 1.342893266e-42 4.707432521e-41 8.858191304e-41 1.060532679e-45 9.504577684e-16 0 4.259228805e-10 0.006126873593 8.063088804e-41 2.931691445e-33 3.501664609e-51 1.013245229e-36 0 0 0 1.250102483e-37 1.515236489e-37 1.269081262e-55 4.138465734e-11 0.01885136686 0 0 0 0 0 0.3935907137 2.78047907e-25 4.022433836e-16 0 0 2.508618794e-13 0 9.649832753e-16 0 0 1.386982784e-24 4.168639992e-39 0 8.091105291e-13 0 9.672530658e-33 0 3.411328941e-08 0 5.167401646e-60 449.4921467 0 0 3.488986651e-17 4.60844268e-16 1.0454262e-33 0 0 0.5523629016 2.491761863e-56 1.396312388e-36 1.124657463e-44 3.638167971e-62 9.510976953e-10 0 0 5.055862759e-58 0 3.499353757e-60 0 0 0 0 0 0 0 0 0 0 0 0 0 0 0 0 0 0 0 0 0 0 0 0 0 0 0 0 0 0 0 0 0 0 0 0 0 0 0 0 0 0 0 0 0 0 0 0 0 0 0 0 0 0 0 0 0 0 0 0 0 0 0 0 0 0 0 0 0 0 0 0 0 0 0 0 0 0 0 0 0 0 0 0 0 0 0 0 
0 0 0 0 0 0 0 0 0 0 0 0 0 0 0 0 0 0 0 0 0 0 0 0 0 0 0 0 0 0 0 0 0 0 0 0 0 0 0 0 0 0 0 0 0 0 0 0 0 0 0 0 0 0 0 0 0 0 0 0 0 0 0 0 0 0 0 0 0 0 0 0 0 0 0 0 0 0 0 0 0 0 0 0 0 0 0 0 0 0 0 0 0 0 0 6.362073188e-47 3.454047837e-31 8.180926376e-51 9.984404333e-13 0 0 0 3.736120665e-50 3.034863016e-12 2.668635618e-41 8.456290498e-41 1.672423522e-06 6.632925205e-07 0 3.361064328e-35 2.010112866e-56 0 2.275726193e-16 7.89098255e-09 5.484020107e-08 5.711888344e-40 1.613870254e-48 253.1196242 0 2.758192316e-05 21.60876447 396.0004924 27.97907623 4.926788587e-43 0.06484759156 0 5.40711138e-40 1.007261461e-12 1.372895833e-07 0 3.191805214e-08 3.628422342e-35 0 0.0003606995342 0 9.3096055e-12 4.724017948e-29 1.956719246e-64 0 4.133848382e-25 3.376492261e-10 0 1.489568514e-57 26.63064787 3.759644502e-14 0 9.378230799e-10 5.70225924e-16 1.582742393e-63 1.715216978e-07 312.15716 0 0 0 2.198128181e-14 0 1.454099473e-12 3.779792484 5.19857155e-68 5.237143804e-23 5.298096647e-56 0.02116290081 2.742004923e-23 1.386851638e-06 0 0 1.937878925e-53 5.750958513e-29 0 0 0 0 0 0 0 0 0 0 0 0 0 0 0 0 0 0 0 0 0 0 0 0 0 0 0 0 0 0 0 0 0 0 0 0 0 0 0 0 0 0 0 0 0 0 0 0 0 0 0 0 0 0 0 0 0 0 0 0 0 0 0 0 0 0 0 0 0 0 0 0 0 0 0 0 0 0 0 0 0 0 0 0 0 0 0 0 
0 0 0 0 0 0 0 0 0 0 0 0 0 0 0 0 0 0 0 0 0 0 0 0 0 0 0 0 0 0 0 0 0 0 0 0 0 0 0 0 0 0 0 0 0 0 0 0 0 0 0 0 0 0 0 0 0 0 0 0 0 0 0 0 0 0 0 0 0 0 0 0 0 0 0 0 0 0 0 0 0 0 0 0 0 0 0 0 0 14.81744682 1.345060059e-34 0 0 1.1681457e-20 0 0 2.901688115e-07 4.571973273e-43 0 5.512594943e-39 193.4904162 0 0 0 0 1.287498283e-66 0 0 512.5196646 3.815244093e-48 1.025884768e-20 195.3115609 629.9648955 0 1045.280736 0 2.214387546e-53 0 0 0 1.43256244e-47 930.1853964 0 3.472941933e-36 27.37055498 0 9.748761927e-34 0 0 3.707541497e-58 6.331999008e-06 1.675285045e-44 7.57457791e-29 2.572160264e-25 0 4.501494906e-49 1.122863163e-35 3.835348968 2.085911998e-09 3.173103755e-06 1.485434995e-18 0 9.866075034e-54 5.35526847e-54 0 8.793944314e-29 1.323659634e-26 0.0005794489047 0 0 3.740846982e-53 1.007155211e-32 9.524588633e-21 5.009268439e-37 0 0 40.73445259 2.071449418e-15 1.408492035e-38 2.534996536e-31 3.63351738e-29 0 0 0 5.01226671 0 0 4.934972969e-34 0 0 0 0 0 0 0 0 0 0 0 0 0 0 0 0 0 0 0 0 0 0 0 0 0 0 0 0 0 0 0 0 0 0 0 0 0 0 0 0 0 0 0 0 0 0 0 0 0 0 0 0 0 0 0 0 0 0 0 0 0 0 0 0 0 0 0 0 0 0 0 0 0 0 0 0 0 0 0 0 0 0 0 0 0 0 0 0 
0 0 0 0 0 0 0 0 0 0 0 0 0 0 0 0 0 0 0 0 0 0 0 0 0 0 0 0 0 0 0 0 0 0 0 0 0 0 0 0 0 0 0 0 0 0 0 0 0 0 0 0 0 0 0 0 0 0 0 0 0 0 0 0 0 0 0 0 0 0 0 0 0 0 0 0 0 0 0 0 0 0 0 0 0 0 0 0 0 0 0 2.402540812e-32 0 1.064923201e-28 0 0 0 0.0001560732841 3.610530986e-36 1.164428394 6.250910246e-35 0.01413363227 0 0 0.5446238203 8.775746513e-35 0 650.4129673 0.08321251023 5.261872147e-21 790.7003811 1.021312248e-10 0 0 1.39116182e-32 2.181053101e-57 5.22727707e-43 1.015079016e-28 2.34917171 580.541003 5.801623952e-27 9.986034502e-27 1.829668431e-27 4.798266473e-20 270.2458759 0 7.547395682e-07 0 302.0208462 2.097855869e-50 0.002679067091 1.08060177e-52 1663.257353 5.040140156e-07 552.1026524 1.394919847e-26 1409.46039 0.01784018064 8.774566415e-44 4.756130431 6.764039537e-58 0 0 39.58808706 1.084535091e-08 6.144704006e-12 0 1.408857526e-40 872.2200489 8.001673372e-58 1.138605766e-12 6.590418668 0.0002131425917 0 0 2.292830707e-44 2.970113146e-24 5.729759624e-24 7.691057726e-24 0.00726830962 3.092940783e-47 0 2.074439621e-13 0 0 9.027300508e-40 0 0 0 0 0 0 0 0 0 0 0 0 0 0 0 0 0 0 0 0 0 0 0 0 0 0 0 0 0 0 0 0 0 0 0 0 0 0 0 0 0 0 0 0 0 0 0 0 0 0 0 0 0 0 0 0 0 0 0 0 0 0 0 0 0 0 0 0 0 0 0 0 0 0 0 0 0 0 0 0 0 0 0 0 0 0 0 0 0 0 
0 0 0 0 0 0 0 0 0 0 0 0 0 0 0 0 0 0 0 0 0 0 0 0 0 0 0 0 0 0 0 0 0 0 0 0 0 0 0 0 0 0 0 0 0 0 0 0 0 0 0 0 0 0 0 0 0 0 0 0 0 0 0 0 0 0 0 0 0 0 0 0 0 0 0 0 0 0 0 0 0 0 0 0 0 0 0 0 8.096222467e-32 0 0 9.873172278e-09 9.202876699e-27 0 0 85.74632307 2.349195989e-27 0 1.556560903e-07 4.154079121e-42 1.382324839e-44 7.267920988 0.0599078018 0 1.419651889e-59 0.103614661 3.981884608e-27 7.202888336e-15 0 0 297.8844935 0.02036135773 3.158801332e-30 2.875481773 2.241980164e-33 2.952222129e-12 6.519770455e-44 914.2004618 1.32988184e-24 68.87079933 5.330591058e-29 0 6.604805328e-09 0 0 1218.174343 2.19397289e-23 2.882590308e-19 1.224193692e-44 6.378050937e-20 3.052976011e-25 1.166101106e-40 0 1.654339975e-22 0 1.271321441e-18 0 3.794990985 0 5.57728496e-06 0 3.43902139e-10 5.135255237e-30 0 1.310025716 1416.790774 7.597363344e-58 2.895031533e-09 26.18431526 1.346657558e-14 331.6595434 1.021822308 1.005974863e-35 481.0742699 0 1.945697946e-18 249.6331901 2.26556892e-40 0 192.3525144 3.839883981e-56 0 101.8493775 0 14.93246264 0 0 4.094731961e-15 0 0 0 0 0 0 0 0 0 0 0 0 0 0 0 0 0 0 0 0 0 0 0 0 0 0 0 0 0 0 0 0 0 0 0 0 0 0 0 0 0 0 0 0 0 0 0 0 0 0 0 0 0 0 0 0 0 0 0 0 0 0 0 0 0 0 0 0 0 0 0 0 0 0 0 0 0 0 0 0 0 0 0 0 0 0 0 0 
0 0 0 0 0 0 0 0 0 0 0 0 0 0 0 0 0 0 0 0 0 0 0 0 0 0 0 0 0 0 0 0 0 0 0 0 0 0 0 0 0 0 0 0 0 0 0 0 0 0 0 0 0 0 0 0 0 0 0 0 0 0 0 0 0 0 0 0 0 0 0 0 0 0 0 0 0 0 0 0 0 0 0 0 0 0 0 0 6.354315583e-37 0 0 1.137104814e-34 0 1.600130642e-23 1.060240214e-09 2.69177423e-28 0 1.437218391e-18 4.508305497e-38 527.5582355 0 0 0 0 1.832106463e-34 7.045963834e-40 0 0.002045598175 641.1018879 8.258235647e-18 0 2.593960548e-05 2.961940536e-09 0 0 3.321943482e-06 0.0004948168423 1.533227003e-29 1.389987858e-49 31.90851418 7.991928159e-10 0.2857773704 9.594330504e-23 2.93199786e-34 2.136050871e-05 0 5.195253689e-53 2105.523808 0 7.207419165e-06 779.6485017 450.4614436 1.391516339e-58 0 6.415560679e-30 1.20319545e-26 0.09938919569 426.0274917 2060.01642 1.790305424e-18 4.409495062e-38 1.822466913e-11 2.543070149e-06 1.880294948e-34 0 85.23278655 773.9250059 1.800867003e-06 0.207629572 0.0006105823132 1.909378666e-25 0 0 0 626.3506354 2.663248274e-07 1.558092526e-38 0 0.00574762698 482.1018636 1.2058079e-06 5.731105024e-32 0.1803612081 0 0 0 0 0 0 0 0 0 0 0 0 0 0 0 0 0 0 0 0 0 0 0 0 0 0 0 0 0 0 0 0 0 0 0 0 0 0 0 0 0 0 0 0 0 0 0 0 0 0 0 0 0 0 0 0 0 0 0 0 0 0 0 0 0 0 0 0 0 0 0 0 0 0 0 0 0 0 0 0 0 0 0 0 0 0 0 0 0 0 0 0 0 
0 0 0 0 0 0 0 0 0 0 0 0 0 0 0 0 0 0 0 0 0 0 0 0 0 0 0 0 0 0 0 0 0 0 0 0 0 0 0 0 0 0 0 0 0 0 0 0 0 0 0 0 0 0 0 0 0 0 0 0 0 0 0 0 0 0 0 0 0 0 0 0 0 0 0 0 0 0 0 0 0 0 0 0 0 0 0 0 0.002931801504 0 0 4.778168415e-39 0 3.72656592e-48 0 0 1.030271848e-29 1.103252448e-43 0 1.626555094e-35 1.284127139e-49 7.685371804 6.206257896e-30 34.69305463 0 0 4.967513875e-23 9.954003702e-27 1.720954565e-17 1.774803216e-34 2.060942407e-40 1.210330187e-28 0 7.478918515e-14 3.082934513e-13 3.792149789e-58 3.041449154e-30 0 0 4.36527557e-15 9.41801965e-09 1.896322365e-34 4.551054922e-35 2.409646502e-12 0 6.702604905e-07 6.841697771e-48 2.30520991e-05 1.418761265e-10 0 5.449267482e-31 1359.451938 4.911409653e-26 5.942173114e-20 0 8.444837772e-35 950.2185336 1.550295323e-22 0 0 2.875813914e-27 0 5.109460278e-56 1.168514349e-40 1063.983554 0 0 0 4.363549385e-09 37.41877666 1.098737582e-31 0 1.525655379e-27 1.031654962e-10 1.36698631e-29 6.518993776e-08 0 0 9.849389612e-27 1.091954555e-06 278.8171 75.41040741 1.139358225e-18 0 1.026814236e-21 0 0 0 1.060039064e-45 0 0 0 0 0 0 0 0 0 0 0 0 0 0 0 0 0 0 0 0 0 0 0 0 0 0 0 0 0 0 0 0 0 0 0 0 0 0 0 0 0 0 0 0 0 0 0 0 0 0 0 0 0 0 0 0 0 0 0 0 0 0 0 0 0 0 0 0 0 0 0 0 0 0 0 0 0 0 0 0 0 0 0 0 0 0 0 
0 0 0 0 0 0 0 0 0 0 0 0 0 0 0 0 0 0 0 0 0 0 0 0 0 0 0 0 0 0 0 0 0 0 0 0 0 0 0 0 0 0 0 0 0 0 0 0 0 0 0 0 0 0 0 0 0 0 0 0 0 0 0 0 0 0 0 0 0 0 0 0 0 0 0 0 0 0 0 0 0 0 0 0 0 0 0 0 0 0 0 3.358266953e-06 0 237.3721831 1.849821818e-30 0 0 915.3059192 2.391690143e-46 1.512878533e-42 0 1.448258289e-35 2.425030086e-08 0 0 0 1221.516264 1.559136375 6.520267794e-44 0 1177.944436 0 0 6.049167897e-10 0 1871.642576 0 0 0.008964973205 0 2.665514097e-14 1.238345253e-31 0 0 3.125240848e-26 1138.575885 0 5.996399793e-09 58.33755047 9.050713764e-55 0 4.596524292e-33 0 1.707362693e-44 2.481467216e-07 550.6032334 2371.973548 9.693853814e-25 1.632677122e-14 1246.747913 491.637704 0 1.336111387e-06 5.078488272e-58 3.684998881e-09 2.838642866e-32 1.591159973e-38 2.060838611e-26 0 85.81727446 6.193331135e-38 2.999129425e-09 0 0 2.508018192e-50 204.1666248 2.67580602e-56 1.639356044e-16 0 0 0 0.0001977051895 0 3.387348895e-32 3.898500821e-27 0 0 0 0 0 0 0 0 0 0 0 0 0 0 0 0 0 0 0 0 0 0 0 0 0 0 0 0 0 0 0 0 0 0 0 0 0 0 0 0 0 0 0 0 0 0 0 0 0 0 0 0 0 0 0 0 0 0 0 0 0 0 0 0 0 0 0 0 0 0 0 0 0 0 0 0 0 0 0 0 0 0 0 0 0 0 0 0 0 0 0 
0 0 0 0 0 0 0 0 0 0 0 0 0 0 0 0 0 0 0 0 0 0 0 0 0 0 0 0 0 0 0 0 0 0 0 0 0 0 0 0 0 0 0 0 0 0 0 0 0 0 0 0 0 0 0 0 0 0 0 0 0 0 0 0 0 0 0 0 0 0 0 0 0 0 0 0 0 0 0 0 0 0 0 0 0 0 0 0 0 0 0 1.183003991e-20 1.270231976e-33 0 0 2.418684475e-33 2.033626529e-44 369.54073 1.163946648e-54 18.26085822 2.26337211e-14 0 134.6703532 1.679680911 177.850874 1.138389208e-29 0 373.2252354 0 2.645067581e-14 821.1337302 90.29242038 1403.152277 9.530006094e-37 1.726593651e-41 0 0 281.9350212 2.011403347e-17 6.787281678e-56 2476.630529 0 2585.658332 7.682651507e-16 9.829011661e-07 1.498628008e-06 1119.321186 2229.126802 2849.781947 5.493089712e-47 2436.003834 1.659492549e-21 0 1.292462602e-39 1.949927753e-47 1.425613867e-18 0 0 125.9225677 3.209297157e-14 6.226549936e-45 0.002354210936 3.439509731e-31 0.0004976678413 554.3244714 5.496728379e-47 3.297773125e-06 0.0001908541621 6.642196009e-08 1.754676642e-19 889.2281127 362.1607144 78.65352267 0.0001808150953 0 1.980552417e-05 0 2.035881638e-05 0.02112252413 94.86794082 487.0701161 0 1.409107511e-10 0 4.401247361e-51 0 0 0 0 0 0 0 0 0 0 0 0 0 0 0 0 0 0 0 0 0 0 0 0 0 0 0 0 0 0 0 0 0 0 0 0 0 0 0 0 0 0 0 0 0 0 0 0 0 0 0 0 0 0 0 0 0 0 0 0 0 0 0 0 0 0 0 0 0 0 0 0 0 0 0 0 0 0 0 0 0 0 0 0 0 0 0 0 0 0 0 
0 0 0 0 0 0 0 0 0 0 0 0 0 0 0 0 0 0 0 0 0 0 0 0 0 0 0 0 0 0 0 0 0 0 0 0 0 0 0 0 0 0 0 0 0 0 0 0 0 0 0 0 0 0 0 0 0 0 0 0 0 0 0 0 0 0 0 0 0 0 0 0 0 0 0 0 0 0 0 0 0 0 0 0 0 0 0 0 9.365127392e-48 0 3.490099158e-52 0 0 3.060943002e-11 3.369893752e-42 111.1739553 0 1.412589861e-08 2.242031501e-42 4.376457042e-17 1.316148989e-24 78.02335061 2.18322459e-35 0 0 768.112556 2.00543573e-48 464.3835449 679.2302355 366.447277 874.7177864 4.374752e-40 2.158898067e-08 1.793751914e-18 2.403796972e-21 0 0 1.021901232e-32 2.967782625e-37 0 2.532299725e-48 4.792268581e-15 1040.945705 5.971149283e-07 1283.227082 50.62872721 0 1671.113876 0 0.0006651586694 1462.866819 0 0 1480.335239 3.453774994e-30 0 0 0 2.995796544e-17 0 589.3437074 69.96946847 0.08935695421 1299.745145 55.16710438 1.299974322e-16 0 0 1170.887397 2.955762753e-42 8.869565264e-44 7.643375028e-27 617.4139813 1.374584357e-40 2.156133402e-22 975.1873117 8.573599022e-26 121.8595355 703.684545 1.381969556e-38 2.469673692e-14 1.141582377e-28 7.633864093e-33 0 0 0 0 0 0 0 0 0 0 0 0 0 0 0 0 0 0 0 0 0 0 0 0 0 0 0 0 0 0 0 0 0 0 0 0 0 0 0 0 0 0 0 0 0 0 0 0 0 0 0 0 0 0 0 0 0 0 0 0 0 0 0 0 0 0 0 0 0 0 0 0 0 0 0 0 0 0 0 0 0 0 0 0 0 0 0 0 0 0 0 0 0 
0 0 0 0 0 0 0 0 0 0 0 0 0 0 0 0 0 0 0 0 0 0 0 0 0 0 0 0 0 0 0 0 0 0 0 0 0 0 0 0 0 0 0 0 0 0 0 0 0 0 0 0 0 0 0 0 0 0 0 0 0 0 0 0 0 0 0 0 0 0 0 0 0 0 0 0 0 0 0 0 0 0 0 0 0 0 0 0 2.201295618e-36 26.42449789 0 0 0 0 0.0008539493727 4.344956e-11 172.8667421 4.114217457 2.516031317e-09 2.533686393e-25 3.416963475e-09 7.769980231e-15 6.648618085e-17 2.546320094e-13 1.443583505e-47 0 156.0625045 0.2005507745 1.657141858e-14 5.445221811e-23 1.883584176e-46 0 4.935048715e-08 2263.295859 252.25916 413.0509339 0 982.3509166 0 484.5477055 6.04015199e-14 1820.839752 4.256550878e-21 9.207567532e-11 0.0002683545121 1344.582722 1.825370167e-23 2.504869711e-21 1255.836235 1.197929286e-27 0 0.008876694871 5.902555898e-20 1744.131423 1.111165804e-37 4.261202842e-15 1436.484377 1742.836121 4.457531299e-22 2361.257754 1189.799335 773.6572896 9.509429971e-17 1097.004291 0 1.561234574e-12 897.3622552 1193.885656 7.253702317e-42 1.546486517e-05 1.02832798 4.208982353e-38 636.0501244 779.7006816 5.263040287e-32 6.274969419e-18 0 532.9009523 2.49327856e-19 3.623440975e-08 9.0648445e-24 6.305875057 3.064580472e-10 4.369412531e-18 0 0 0 0 0 0 0 0 0 0 0 0 0 0 0 0 0 0 0 0 0 0 0 0 0 0 0 0 0 0 0 0 0 0 0 0 0 0 0 0 0 0 0 0 0 0 0 0 0 0 0 0 0 0 0 0 0 0 0 0 0 0 0 0 0 0 0 0 0 0 0 0 0 0 0 0 0 0 0 0 0 0 0 0 0 0 0 0 0 0 0 0 
0 0 0 0 0 0 0 0 0 0 0 0 0 0 0 0 0 0 0 0 0 0 0 0 0 0 0 0 0 0 0 0 0 0 0 0 0 0 0 0 0 0 0 0 0 0 0 0 0 0 0 0 0 0 0 0 0 0 0 0 0 0 0 0 0 0 0 0 0 0 0 0 0 0 0 0 0 0 0 0 0 0 0 0 0 0 0 0 1.207991946 0 4.233979592e-51 0 0 0 144.6872355 3.984776023e-12 1.216974443e-06 3.145357737e-30 433.3443428 0.0003854890955 0 0 21.90327338 648.4508459 936.8438055 3.693209674e-20 0 558.3733585 7.155405575e-28 1.813623241e-37 1698.277976 22.51668781 1.293550991e-40 0 1.651665915e-19 1.018304691e-09 822.8487346 2.405208662e-06 2406.83748 1.970797507e-12 4.329293351e-22 2977.459554 0 1.771219844e-11 2239.879809 3.354107812e-36 421.5590293 0 6.230982629e-10 1.028902152e-30 4.701040508e-24 3.040095288e-10 5.842360277e-38 2207.434734 0 1740.634484 2149.250046 3.108826425e-12 2071.8516 3.57359753e-35 5.768379589e-11 113.2691143 2107.334579 1962.155593 3.669715691e-42 4.327563046e-28 2.5597528e-28 3.252440165e-40 0 2.655652576e-26 0 6.440393677e-21 842.0332224 0 0 2.581532476e-14 2.029765386e-08 1.204745606e-08 6.498118764e-10 1.677214208 2.920051015e-53 1.604217919e-10 0 2.945816249e-07 230.6813776 1.785046826e-10 0 0 0 0 0 0 0 0 0 0 0 0 0 0 0 0 0 0 0 0 0 0 0 0 0 0 0 0 0 0 0 0 0 0 0 0 0 0 0 0 0 0 0 0 0 0 0 0 0 0 0 0 0 0 0 0 0 0 0 0 0 0 0 0 0 0 0 0 0 0 0 0 0 0 0 0 0 0 0 0 0 0 0 0 0 0 0 0 0 0 
0 0 0 0 0 0 0 0 0 0 0 0 0 0 0 0 0 0 0 0 0 0 0 0 0 0 0 0 0 0 0 0 0 0 0 0 0 0 0 0 0 0 0 0 0 0 0 0 0 0 0 0 0 0 0 0 0 0 0 0 0 0 0 0 0 0 0 0 0 0 0 0 0 0 0 0 0 0 0 0 0 0 0 0 0 0 0 0 0 0 7.759701618e-36 0 1.686797533e-25 1.511187494e-47 0 3.56843595 1.733116515e-27 3.413418686e-49 105.8493657 547.1614224 613.6789524 1.237519205e-21 4.256867872e-44 0 8.562403818e-16 951.777541 0 6.105137372e-16 0.4396257757 0 9.321289037e-39 2.863186545e-29 1526.639221 35.92562503 4.496309683e-14 1889.10783 0.01291732691 2.332708945e-12 195.7138687 2290.115127 1.367347368 1389.133929 1820.327825 7.655931769e-17 3107.539049 0 2155.582352 1.179397055 0 547.8668625 7.643752012e-05 4.625107133e-28 3.385743267e-21 6.853227426e-16 2587.959756 0.001472558341 3.01294745e-06 0.005800209158 0 2219.690981 94.68078995 0 1388.411523 664.2226751 0 104.4700617 761.4480223 1085.731371 0.1340989734 1.223036348e-11 3.571036271e-36 5.747909341e-13 2.538407073e-40 0 784.7176301 2.022251302e-45 540.0459505 182.8947388 0 3.080294305e-10 1.65726274e-46 0 645.4868804 0 0 0 5.319388221e-37 0 0 0 0 0 0 0 0 0 0 0 0 0 0 0 0 0 0 0 0 0 0 0 0 0 0 0 0 0 0 0 0 0 0 0 0 0 0 0 0 0 0 0 0 0 0 0 0 0 0 0 0 0 0 0 0 0 0 0 0 0 0 0 0 0 0 0 0 0 0 0 0 0 0 0 0 0 0 0 0 0 0 0 0 0 0 0 0 0 
0 0 0 0 0 0 0 0 0 0 0 0 0 0 0 0 0 0 0 0 0 0 0 0 0 0 0 0 0 0 0 0 0 0 0 0 0 0 0 0 0 0 0 0 0 0 0 0 0 0 0 0 0 0 0 0 0 0 0 0 0 0 0 0 0 0 0 0 0 0 0 0 0 0 0 0 0 0 0 0 0 0 0 0 0 0 0 0 2.061969545e-37 0 7.250313703 0.0001697507247 9.162669539e-24 18.16721961 0 2.997190358e-30 0 564.4298357 6.964424954e-26 1.055143284e-48 0 1171.867504 769.8991163 6.438027978 8.118952001e-14 1025.9408 1.414704412e-44 4.104685664e-10 1716.629643 5.470495325e-12 948.2374723 711.130203 1993.981231 2242.337366 1061.701529 0.01539139715 0.002121675912 2324.581779 1286.205775 0 2100.884449 1973.599848 0.0006679072333 3942.400159 2908.89544 7.747669061e-09 1.686903329e-16 0 3.344771585e-37 0.0003412720195 6.636014592e-25 729.8415251 1.887924816e-07 2263.996948 1.123506962e-10 5.176649362e-30 1.308178746e-09 3.61800328e-12 3542.466349 1071.706268 2177.581313 1948.32134 1318.829832 1642.87894 1.781564873e-33 2270.558359 0.1144952608 1541.463916 0 1.894463791e-33 1.077959658e-36 5.236847111 29.6376895 1.702137789e-17 0 2.480818111e-45 0 1.803454974e-20 1.653792624e-10 11.91095369 6.835045881e-34 2.211100693e-22 2.154751928e-17 0 130.8209065 2.860630865e-21 9.425867366e-08 0 0 0 0 0 0 0 0 0 0 0 0 0 0 0 0 0 0 0 0 0 0 0 0 0 0 0 0 0 0 0 0 0 0 0 0 0 0 0 0 0 0 0 0 0 0 0 0 0 0 0 0 0 0 0 0 0 0 0 0 0 0 0 0 0 0 0 0 0 0 0 0 0 0 0 0 0 0 0 0 0 0 0 0 0 0 0 0 0 
0 0 0 0 0 0 0 0 0 0 0 0 0 0 0 0 0 0 0 0 0 0 0 0 0 0 0 0 0 0 0 0 0 0 0 0 0 0 0 0 0 0 0 0 0 0 0 0 0 0 0 0 0 0 0 0 0 0 0 0 0 0 0 0 0 0 0 0 0 0 0 0 0 0 0 0 0 0 0 0 0 0 0 0 0 0 0 0 0 4.106128817e-17 1.68117438e-34 9.545081784e-27 0 294.0788084 1.210225352e-10 1.003329341e-37 0 765.0189722 1.225564251e-12 546.6882228 1.082240781e-08 0 8.898101652e-09 787.6252878 1.993750236e-14 2.914298958e-07 2.473413201e-13 39.14723961 1446.84284 3.936395669e-27 1.820825203e-12 4.13049731e-07 386.6649864 0.04833926646 0 8.576294594e-36 0 2384.724848 2.461525235e-21 257.249065 0 1187.781342 0 1.083889501e-42 2.908585614e-05 0 4.874288481e-30 2.727991582e-20 6.38718776e-31 2528.703193 6.917979542e-07 8.409042343e-24 15.85296391 0.00182145151 4.197491205e-13 0 0 3.467370353e-19 670.4161258 8.090800809e-15 1.552889589e-47 2.648588025e-18 9.054545732e-07 5.758500139e-12 1623.572678 0.1087825369 1791.996831 5.67771158e-05 985.2074634 2.180311719e-19 0 1.071883011e-12 629.6404486 1215.022334 8.084481603e-50 2.029325379e-31 6.947172552e-19 43.84866148 479.7589724 13.51488991 605.8508647 0 0 0 9.600455883e-47 9.504036612e-27 0 0 0 0 0 0 0 0 0 0 0 0 0 0 0 0 0 0 0 0 0 0 0 0 0 0 0 0 0 0 0 0 0 0 0 0 0 0 0 0 0 0 0 0 0 0 0 0 0 0 0 0 0 0 0 0 0 0 0 0 0 0 0 0 0 0 0 0 0 0 0 0 0 0 0 0 0 0 0 0 0 0 0 0 0 0 0 0 0 0 
0 0 0 0 0 0 0 0 0 0 0 0 0 0 0 0 0 0 0 0 0 0 0 0 0 0 0 0 0 0 0 0 0 0 0 0 0 0 0 0 0 0 0 0 0 0 0 0 0 0 0 0 0 0 0 0 0 0 0 0 0 0 0 0 0 0 0 0 0 0 0 0 0 0 0 0 0 0 0 0 0 0 0 0 0 0 0 0 0 0 0 2.788184734e-17 0 0 0 1184.373194 4.246439462e-06 1.660286025e-05 993.2043597 6.810364319 147.6485492 6.563535897e-49 9.157866524e-19 0.003929967795 1.558357962e-39 2.010212589e-07 774.5641514 1574.058974 1.245646245e-12 1701.111221 1597.113035 744.9622845 2078.147374 8.859530694e-10 2170.421702 0.1290123207 1998.913938 1.085536483e-12 1.879904593e-18 782.8467256 1644.269053 4.302986782e-15 4.788067087e-11 5.566522439e-35 0.1234390591 3.880161621e-22 2828.312298 3476.953052 2909.697104 1.368697146e-13 2769.422712 1636.121874 366.6565761 1.710553838e-19 1421.933515 937.6108125 3691.56753 1.65799482e-09 3.88860226e-22 0.02182839467 5.523854892e-14 0.03667232962 3748.068108 1317.854414 2.842703172e-16 1.04420074e-13 7.774157683e-06 1533.89017 19.06990627 0.5261411023 0 1.495368194e-12 446.4107925 531.9046124 852.2550935 2.639693864e-10 0 351.0077689 501.4238392 424.1539706 500.477681 0 0 6.712492376e-47 5.775452912e-15 151.0383992 0 0 0 0 0 0 0 0 0 0 0 0 0 0 0 0 0 0 0 0 0 0 0 0 0 0 0 0 0 0 0 0 0 0 0 0 0 0 0 0 0 0 0 0 0 0 0 0 0 0 0 0 0 0 0 0 0 0 0 0 0 0 0 0 0 0 0 0 0 0 0 0 0 0 0 0 0 0 0 0 0 0 0 0 0 0 0 0 0 0 
0 0 0 0 0 0 0 0 0 0 0 0 0 0 0 0 0 0 0 0 0 0 0 0 0 0 0 0 0 0 0 0 0 0 0 0 0 0 0 0 0 0 0 0 0 0 0 0 0 0 0 0 0 0 0 0 0 0 0 0 0 0 0 0 0 0 0 0 0 0 0 0 0 0 0 0 0 0 0 0 0 0 0 0 0 0 0 0 0 268.9096934 1.605833595e-14 8.936170316e-16 1.87155418 655.4244796 0 572.3272693 499.1651452 3.996144537e-19 482.5191787 2.781029713e-18 0.0006357906453 734.5749333 1113.365075 3.812052918e-07 1389.080619 1460.657898 0.08236696669 131.3771547 0 6.076074933e-26 1.096821362e-19 2506.892239 0.7635639388 1907.137133 1667.16184 3.716207242e-06 1.814409283e-05 5335.37437 1477.104456 1.746344771e-12 34.77971787 2311.814109 0.2517875759 2.832917974e-15 2404.155899 2819.819533 5.590568013e-16 4.353155084e-06 2119.014802 3297.256834 5.502621627e-08 3196.060415 4.761282353e-14 3121.880655 0 4106.110557 1.060057257e-08 3205.22312 3.626289732e-06 6.358065761e-22 7.802243572e-31 1565.933347 583.6459134 83.17417469 2127.812389 9.639202742e-17 12.28846142 1310.771562 1074.325131 4.433889613e-09 1044.835788 1242.26441 1470.390298 0 0 0.01415007348 708.8478977 7.862599777e-24 641.1025341 1.979818793e-12 0.02690496928 1.495606704e-11 1.213182093e-05 8.773759766e-25 0 0 0 0 0 0 0 0 0 0 0 0 0 0 0 0 0 0 0 0 0 0 0 0 0 0 0 0 0 0 0 0 0 0 0 0 0 0 0 0 0 0 0 0 0 0 0 0 0 0 0 0 0 0 0 0 0 0 0 0 0 0 0 0 0 0 0 0 0 0 0 0 0 0 0 0 0 0 0 0 0 0 0 0 0 0 0 0 0 0 0 0 
0 0 0 0 0 0 0 0 0 0 0 0 0 0 0 0 0 0 0 0 0 0 0 0 0 0 0 0 0 0 0 0 0 0 0 0 0 0 0 0 0 0 0 0 0 0 0 0 0 0 0 0 0 0 0 0 0 0 0 0 0 0 0 0 0 0 0 0 0 0 0 0 0 0 0 0 0 0 0 0 0 0 0 0 0 0 0 0 0 0 0 0 36.08777065 4.713723505 2.454440287e-38 3.546325789e-10 118.1138725 0.1298042548 0.001987548424 7.041876867e-19 1643.981399 955.8742048 1.273844616e-32 1362.052625 2.412434117e-18 766.0317091 0.0002094643828 1628.596327 1356.331826 3587.43949 1.100192324e-35 2416.718431 1.982368011e-38 0 2142.824131 431.1699637 1.25460343e-10 4362.337385 0.002546189021 2.453713502e-07 3.808343657e-26 1.079765261e-30 464.0280841 9.784195409e-23 1.05079947e-35 1.111535959e-07 3157.18447 552.3057813 1407.360424 2911.020013 1.315626459e-05 1964.32753 5177.364766 3329.268293 1348.350005 0.007877858628 4003.335088 1191.861796 466.8014769 1054.523143 1961.948853 3.902311012e-29 1978.783228 0.8019237466 1.12696576 1.047822671e-23 2.036067765 0.09201622564 1962.895498 5.428871955e-05 1.389660568e-07 4.987891142e-15 1.679656681e-24 740.3163498 770.7406795 1.708137899e-11 709.6666421 289.7678468 5.013492083e-23 36.71128251 143.5159754 8.624438238e-10 64.2873366 240.2343744 1.240149741 108.1347425 1.168206467e-24 0 0 0 0 0 0 0 0 0 0 0 0 0 0 0 0 0 0 0 0 0 0 0 0 0 0 0 0 0 0 0 0 0 0 0 0 0 0 0 0 0 0 0 0 0 0 0 0 0 0 0 0 0 0 0 0 0 0 0 0 0 0 0 0 0 0 0 0 0 0 0 0 0 0 0 0 0 0 0 0 0 0 0 0 0 0 0 0 0 
0 0 0 0 0 0 0 0 0 0 0 0 0 0 0 0 0 0 0 0 0 0 0 0 0 0 0 0 0 0 0 0 0 0 0 0 0 0 0 0 0 0 0 0 0 0 0 0 0 0 0 0 0 0 0 0 0 0 0 0 0 0 0 0 0 0 0 0 0 0 0 0 0 0 0 0 0 0 0 0 0 0 0 0 0 0 0 0 0 1.9186079e-18 2.215509375e-24 0 1.119472547e-27 933.4918644 4.250944885e-13 219.0476727 270.1173655 393.547192 0 1.568395173e-21 26.11034686 548.1927074 0.04156969299 1.804742007e-14 4.540554397e-05 0.04845930723 38.74967501 0.004987861251 2124.88259 0 7.793124333e-07 4.235112892e-08 95.04399115 2107.801846 46.95265491 3113.326235 1.185909166e-07 2899.679984 0 4.912133343e-17 3934.563775 2726.478678 0.1267579607 2045.531934 0.001879669207 2501.15879 8.408659295 5511.063187 4787.203246 3260.624486 420.270839 4222.733294 5425.376871 1.132036533e-15 3444.615853 90.85811566 2787.34641 2.566153226e-10 1.137724718e-09 1.019402521e-05 3451.902095 141.9604795 3.998743055e-36 0.00022296526 3235.961995 1362.556993 1554.950564 1626.18638 0 3.27634806e-26 1.142859978e-11 1167.165332 640.7187193 893.0683967 1.089935469e-12 0.9146757999 805.4310133 1458.245769 806.3176945 0.0001277479909 6.797273942e-27 104.8651848 512.2493205 61.43702007 0.001552525359 9.533241876e-24 1.296331565e-06 0 0 0 0 0 0 0 0 0 0 0 0 0 0 0 0 0 0 0 0 0 0 0 0 0 0 0 0 0 0 0 0 0 0 0 0 0 0 0 0 0 0 0 0 0 0 0 0 0 0 0 0 0 0 0 0 0 0 0 0 0 0 0 0 0 0 0 0 0 0 0 0 0 0 0 0 0 0 0 0 0 0 0 0 0 0 0 0 0 
0 0 0 0 0 0 0 0 0 0 0 0 0 0 0 0 0 0 0 0 0 0 0 0 0 0 0 0 0 0 0 0 0 0 0 0 0 0 0 0 0 0 0 0 0 0 0 0 0 0 0 0 0 0 0 0 0 0 0 0 0 0 0 0 0 0 0 0 0 0 0 0 0 0 0 0 0 0 0 0 0 0 0 0 0 0 0 0 56.22123162 146.5648342 375.5653037 0 0 46.54725783 4.10273416e-16 5.110224746e-46 6.196476535e-28 241.8270726 920.7803324 1208.730727 7.139758132e-29 885.4870885 1.231601812e-14 1.276523258e-26 1015.713757 3012.104266 1200.143285 2040.479492 1974.070073 2.660325975e-05 32.45383114 836.5696016 1471.852328 1.095518995e-12 4.256987311e-24 5.939169598e-18 1604.471365 2126.238747 3229.080615 4168.527935 2005.031537 3.00346007e-09 1.495824458e-14 3972.299281 1.602845166e-13 1.7255631e-23 6453.915233 1623.294998 2286.152511 6970.895115 3764.141588 4923.649021 2.562671097e-27 1742.457256 2.395095013e-45 1.901115707e-09 2.6726797e-19 1.115488635e-08 1625.320473 0 2910.024681 2613.655473 508.8636244 3144.278467 3.371410497e-25 2139.2796 3275.464687 3.408125685e-17 1266.751473 2221.538818 2.971209351e-15 1.990719577e-31 7.263243922e-06 1.979744216e-15 1374.974679 1.638379861 1.66871838e-15 999.205212 0.0001410408785 1022.584299 0.02696558173 1.87151095e-20 2.3204593e-27 6.367886348e-31 0 0 0 1.562898695e-34 23.61831741 0 0 0 0 0 0 0 0 0 0 0 0 0 0 0 0 0 0 0 0 0 0 0 0 0 0 0 0 0 0 0 0 0 0 0 0 0 0 0 0 0 0 0 0 0 0 0 0 0 0 0 0 0 0 0 0 0 0 0 0 0 0 0 0 0 0 0 0 0 0 0 0 0 0 0 0 0 0 0 0 0 0 0 0 0 0 0 
0 0 0 0 0 0 0 0 0 0 0 0 0 0 0 0 0 0 0 0 0 0 0 0 0 0 0 0 0 0 0 0 0 0 0 0 0 0 0 0 0 0 0 0 0 0 0 0 0 0 0 0 0 0 0 0 0 0 0 0 0 0 0 0 0 0 0 0 0 0 0 0 0 0 0 0 0 0 0 0 0 0 0 0 0 0 0 0 1.018590666e-25 48.5224289 6.045805276e-22 2.738673772e-06 9.975566222e-16 2.837959266 49.68557149 64.93728198 0 886.797189 9.483576659e-05 1169.127045 744.8882396 1525.684445 1785.213125 7.315634887e-11 115.4247386 0.004882113084 3101.25582 28.61218727 2.47352784e-12 8.975621804e-26 2482.787503 3293.46633 2791.846686 1.034766259e-12 2110.745423 4148.243232 3748.105207 2670.440024 2248.042922 4176.611484 4.24089728 5144.420326 2.453553296e-27 3022.992306 5754.929166 2813.53423 0.0007776670641 1.771152006e-26 3601.338301 0.0003851842203 4715.079931 5059.47581 1787.322888 0.01038166787 0 5691.374276 3235.96674 4569.302625 0.8295919877 1504.37789 2.993311814e-25 3.647398568e-16 579.0264512 4.294298261e-12 2140.165112 0.2082439374 7.479643538e-30 0.0005755487309 2286.142882 2142.907924 1437.330473 8.146612679e-08 4.810623945e-17 3.033769243e-34 7.498015507 1163.089681 4.396179152e-20 1.803892456e-29 7.528143459 2.283834199e-13 185.5544794 6.317463366e-22 4.675128333e-33 449.0377976 2.528732072e-41 40.85551278 0 0 0 0 0 0 0 0 0 0 0 0 0 0 0 0 0 0 0 0 0 0 0 0 0 0 0 0 0 0 0 0 0 0 0 0 0 0 0 0 0 0 0 0 0 0 0 0 0 0 0 0 0 0 0 0 0 0 0 0 0 0 0 0 0 0 0 0 0 0 0 0 0 0 0 0 0 0 0 0 0 0 0 0 0 0 0 0 0 0 
0 0 0 0 0 0 0 0 0 0 0 0 0 0 0 0 0 0 0 0 0 0 0 0 0 0 0 0 0 0 0 0 0 0 0 0 0 0 0 0 0 0 0 0 0 0 0 0 0 0 0 0 0 0 0 0 0 0 0 0 0 0 0 0 0 0 0 0 0 0 0 0 0 0 0 0 0 0 0 0 0 0 0 0 0 0 0 0 0 6.288160415e-19 4.36295575e-07 3.713476114e-32 215.7322169 557.9564861 215.6167478 0 1.411842631 37.1137339 494.6840633 1252.131114 991.3317779 949.9390445 1384.064611 1996.035403 0.000430021972 910.0925973 2357.226754 6.422441215e-06 3062.472863 2067.948707 3259.72902 1737.437218 2512.920308 3239.265152 3728.945996 122.0797879 3187.088369 3476.765356 1722.445405 2631.660039 3043.523212 2366.290444 5.61310339e-24 9.152283938e-21 4266.341509 4786.739327 0 2710.815546 3.062602143e-12 2209.066232 1331.42508 6.433437947e-15 3713.630876 1679.698735 2712.031876 0.00132294072 218.1174019 2589.09219 1.341273764e-09 2623.318395 9.345863154 3119.639855 1041.311775 7.861163995e-37 322.5742185 283.7584128 2.865983281e-27 804.6417901 2813.427775 726.4173503 1.946263089e-33 1119.313782 1019.519707 1279.005032 949.1852695 1700.000287 0.0002769391862 667.4266571 0.5624187088 53.32908633 621.5216332 54.44905876 0.03820316039 0.0007698456039 561.5642554 480.3628391 27.36102004 0 0 0 0 0 0 0 0 0 0 0 0 0 0 0 0 0 0 0 0 0 0 0 0 0 0 0 0 0 0 0 0 0 0 0 0 0 0 0 0 0 0 0 0 0 0 0 0 0 0 0 0 0 0 0 0 0 0 0 0 0 0 0 0 0 0 0 0 0 0 0 0 0 0 0 0 0 0 0 0 0 0 0 0 0 0 0 0 0 
0 0 0 0 0 0 0 0 0 0 0 0 0 0 0 0 0 0 0 0 0 0 0 0 0 0 0 0 0 0 0 0 0 0 0 0 0 0 0 0 0 0 0 0 0 0 0 0 0 0 0 0 0 0 0 0 0 0 0 0 0 0 0 0 0 0 0 0 0 0 0 0 0 0 0 0 0 0 0 0 0 0 0 0 0 0 0 0 5.665734043e-24 185.6919951 0 218.5311834 430.0065412 458.3634659 0 1.735239048e-16 2.3498145e-40 1204.514212 155.1033845 1074.46947 1900.954983 1861.100231 380.5011102 746.1900506 1375.521495 5.858966424 1491.923364 2.33120385e-09 2049.866165 4234.455331 1471.536562 3421.212061 3242.677716 1906.129177 1743.243457 2101.811413 3609.680619 2777.897772 0.02952436791 2.117886278e-07 0 702.4281535 4706.89992 4808.413935 889.6793942 3081.695482 5513.995255 7275.186623 7.454702372e-16 5311.149192 0.03268658236 0 1.711973431 3273.586937 5.745224862e-12 6.626439918 4090.70078 3756.407473 3439.929306 0.02530431664 1.475751093e-09 0 293.9157665 8.63392939 2758.549186 3139.503758 2175.922951 909.4272829 2292.608033 113.8085962 3.227254735e-09 6.128467767e-08 1850.458801 988.848482 679.531937 0.05415497921 1261.912763 167.0067354 106.2912222 59.54595009 518.2971188 0 463.5248897 45.28792259 5.164452279e-13 0 46.94214571 5.166904811e-08 0 0 0 0 0 0 0 0 0 0 0 0 0 0 0 0 0 0 0 0 0 0 0 0 0 0 0 0 0 0 0 0 0 0 0 0 0 0 0 0 0 0 0 0 0 0 0 0 0 0 0 0 0 0 0 0 0 0 0 0 0 0 0 0 0 0 0 0 0 0 0 0 0 0 0 0 0 0 0 0 0 0 0 0 0 0 0 0 
0 0 0 0 0 0 0 0 0 0 0 0 0 0 0 0 0 0 0 0 0 0 0 0 0 0 0 0 0 0 0 0 0 0 0 0 0 0 0 0 0 0 0 0 0 0 0 0 0 0 0 0 0 0 0 0 0 0 0 0 0 0 0 0 0 0 0 0 0 0 0 0 0 0 0 0 0 0 0 0 0 0 0 0 0 0 0 0 0 2.359224321e-19 168.7498128 154.1778267 0 0 3.628430962e-10 5.603459672e-17 200.3467447 1.493866312e-26 0.1347713245 1362.066181 2203.026365 1642.988095 598.6556856 1.360105115e-26 1791.408614 1751.275337 1823.420333 1435.061358 2343.103218 4184.20478 2892.111039 2663.292772 3906.838576 1893.810626 953.6516086 2159.825474 4760.084651 0.00270854175 6.931468636e-16 3454.759653 4509.639278 460.4589653 3705.899608 3619.389595 7.231019194e-06 1166.325683 5579.451026 4230.198368 3906.110186 3757.377449 2631.882857 6016.233554 1.173499493 6296.624581 985.6379251 3608.851044 3154.865032 4627.452504 1807.177153 2348.216373 4320.115106 2088.815674 0 4094.006191 2814.726605 2514.44366 1.796619937e-10 2722.714873 145.6551652 137.9864698 2582.768284 1537.206044 1.235684193e-24 2164.361595 1056.340364 1513.582633 380.0703077 1661.102988 482.9206392 77.60801993 121.7963619 497.8001201 2.305285299e-18 0.07901950924 1.764696542e-40 84.68490447 0.0001113055438 99.02946776 0 0 0 0 0 0 0 0 0 0 0 0 0 0 0 0 0 0 0 0 0 0 0 0 0 0 0 0 0 0 0 0 0 0 0 0 0 0 0 0 0 0 0 0 0 0 0 0 0 0 0 0 0 0 0 0 0 0 0 0 0 0 0 0 0 0 0 0 0 0 0 0 0 0 0 0 0 0 0 0 0 0 0 0 0 0 0 0 
0 0 0 0 0 0 0 0 0 0 0 0 0 0 0 0 0 0 0 0 0 0 0 0 0 0 0 0 0 0 0 0 0 0 0 0 0 0 0 0 0 0 0 0 0 0 0 0 0 0 0 0 0 0 0 0 0 0 0 0 0 0 0 0 0 0 0 0 0 0 0 0 0 0 0 0 0 0 0 0 0 0 0 0 0 0 0 6.90188023e-10 47.26075279 0 4.593442166e-29 695.5335906 1.521010449e-38 25.99180705 562.3489319 758.3023838 20.31720228 1467.694217 940.208566 394.7533616 1076.568617 2.738301502e-07 798.4834684 1.719631882e-05 2011.133 254.2937301 1307.496974 1256.98895 8.406978584e-10 6.549509968e-07 1793.084595 913.6048 2965.125261 4300.876342 13.07461029 2531.817814 2631.356198 3913.88322 5391.59679 4429.099617 3813.398993 2138.970942 4396.000701 1423.057206 6730.64403 3314.587161 4024.243455 7.680285108e-26 5932.385968 3588.225452 6207.276341 5390.857135 5751.421542 1.229873587e-14 1.944678458e-06 6629.834945 3240.036386 3586.459196 2626.820461 2985.07082 5364.769158 4565.038306 3738.113127 4417.361292 2050.293484 0.0003008949361 3296.680958 1013.231597 0 1867.77365 0.01757453653 765.8602554 2262.027612 2820.270214 9.936021393e-09 43.25070452 885.6017873 6.373821627e-18 99.36913229 802.3169615 393.6446022 3.690945325 200.7544732 8.030314764e-26 603.8525314 2.624843923e-11 0.04109699189 8.118165052e-33 0 0 0 0 0 0 0 0 0 0 0 0 0 0 0 0 0 0 0 0 0 0 0 0 0 0 0 0 0 0 0 0 0 0 0 0 0 0 0 0 0 0 0 0 0 0 0 0 0 0 0 0 0 0 0 0 0 0 0 0 0 0 0 0 0 0 0 0 0 0 0 0 0 0 0 0 0 0 0 0 0 0 0 0 0 0 0 0 
0 0 0 0 0 0 0 0 0 0 0 0 0 0 0 0 0 0 0 0 0 0 0 0 0 0 0 0 0 0 0 0 0 0 0 0 0 0 0 0 0 0 0 0 0 0 0 0 0 0 0 0 0 0 0 0 0 0 0 0 0 0 0 0 0 0 0 0 0 0 0 0 0 0 0 0 0 0 0 0 0 0 0 0 0 0 0 0 0 6.909441074e-37 151.8700412 0 761.6005649 0 931.7154632 255.1744364 696.668727 969.4822838 0.004811109058 1300.320998 521.4189871 257.0612399 534.4849674 1283.082224 2193.266438 2090.02179 991.8717554 3367.575917 2426.951913 2461.887689 1290.292133 6173.064007 2040.107502 2529.348339 5124.369331 4400.755745 3224.855352 2541.986425 4097.503978 2669.088435 4726.67252 6555.242162 5071.510277 1.711151823e-07 2667.047416 7163.009457 5975.243029 8.770896867e-16 8.832525251e-08 3.817739507 5843.341089 6.144864365e-07 1054.149053 4645.747696 6311.488413 1582.819219 1.262645293e-28 128.360565 178.1647498 2694.176179 4035.365131 2854.4695 5.935253342e-16 3560.149817 0 1877.931887 3000.933726 7.656873e-24 2945.834413 6.415393483e-07 1449.985367 1.037194849e-08 2191.727233 1857.685077 1825.909016 1105.744542 5.203240355e-05 0.4350125738 1078.325222 458.6574217 10.02921928 419.2154241 627.8561507 0 0.2045913426 69.33297504 10.06323491 0 0 0 0 0 0 0 0 0 0 0 0 0 0 0 0 0 0 0 0 0 0 0 0 0 0 0 0 0 0 0 0 0 0 0 0 0 0 0 0 0 0 0 0 0 0 0 0 0 0 0 0 0 0 0 0 0 0 0 0 0 0 0 0 0 0 0 0 0 0 0 0 0 0 0 0 0 0 0 0 0 0 0 0 0 0 0 0 0 
0 0 0 0 0 0 0 0 0 0 0 0 0 0 0 0 0 0 0 0 0 0 0 0 0 0 0 0 0 0 0 0 0 0 0 0 0 0 0 0 0 0 0 0 0 0 0 0 0 0 0 0 0 0 0 0 0 0 0 0 0 0 0 0 0 0 0 0 0 0 0 0 0 0 0 0 0 0 0 0 0 0 0 0 0 0 0 0 0 1.182254052e-22 0 0 1.39456599e-15 614.9795743 841.9387189 113.5899791 0 726.9265833 840.3894686 2077.159524 968.1848435 43.4927853 1912.551497 4.350232561e-05 4.524627589e-16 237.1602367 2406.865514 1.377812134e-06 2.239805929e-21 4925.505734 4297.88588 862.4324883 46.89247149 4158.095809 3677.380154 6309.781483 1601.89158 706.0825282 4944.37419 4926.446414 6248.048784 6563.826344 7111.780819 4061.868097 4716.018499 4663.394327 7113.722806 4237.712192 7354.226409 3524.566107 5210.975628 3708.409776 4520.702717 4571.967526 4374.742844 1.471167476e-23 2891.199568 4168.10811 4860.091975 3267.685544 4523.004312 3.80251117e-28 3233.766498 3489.178405 4204.026483 1511.467826 2240.54695 4.385520575e-23 1.529064773 1403.024516 1958.353474 1321.877441 2322.007765 1968.242486 513.8368042 2177.414985 632.4588765 0.001667832825 1036.691756 13.52946344 0.07864875335 1189.814895 563.7164819 0.002163611812 4.106525288e-05 2.139745733e-10 2.395844451e-31 0 0 0 0 0 0 0 0 0 0 0 0 0 0 0 0 0 0 0 0 0 0 0 0 0 0 0 0 0 0 0 0 0 0 0 0 0 0 0 0 0 0 0 0 0 0 0 0 0 0 0 0 0 0 0 0 0 0 0 0 0 0 0 0 0 0 0 0 0 0 0 0 0 0 0 0 0 0 0 0 0 0 0 0 0 0 0 0 0 
0 0 0 0 0 0 0 0 0 0 0 0 0 0 0 0 0 0 0 0 0 0 0 0 0 0 0 0 0 0 0 0 0 0 0 0 0 0 0 0 0 0 0 0 0 0 0 0 0 0 0 0 0 0 0 0 0 0 0 0 0 0 0 0 0 0 0 0 0 0 0 0 0 0 0 0 0 0 0 0 0 0 0 0 0 0 0 0 47.06840737 212.3157643 0.1263795215 10.20278195 895.0276403 9.601141384e-05 0.4408845151 1160.878177 1937.703616 1996.932151 0 1137.754853 1057.325421 1901.930596 1648.84023 2508.107037 3933.870154 2988.55383 3038.952066 2534.879149 4050.507161 3147.364895 1045.551155 4008.481327 3722.417544 3202.273819 3032.547977 4994.648146 4967.958379 3268.375317 5674.273935 3623.877791 4660.850779 4694.203668 0.4195883891 5722.956722 6.25817218e-11 7306.467195 9668.249367 7957.698645 5.959065121e-18 5727.280467 7637.799686 3037.624362 6934.030433 8835.159244 4309.862085 3592.327297 6245.608731 6108.390945 4111.054215 5511.781714 4463.102928 3889.15986 3550.845831 4579.054286 1599.677782 2104.496197 2846.118958 0 0.005055665373 2166.276227 459.5546894 1840.863081 2578.369386 7.424480595e-17 492.197779 1844.0691 1138.966694 1650.502584 1266.75203 854.4347681 1130.082092 790.6177775 483.9757793 674.5028985 3.449397591e-17 247.0475116 91.70603857 0 0 0 0 0 0 0 0 0 0 0 0 0 0 0 0 0 0 0 0 0 0 0 0 0 0 0 0 0 0 0 0 0 0 0 0 0 0 0 0 0 0 0 0 0 0 0 0 0 0 0 0 0 0 0 0 0 0 0 0 0 0 0 0 0 0 0 0 0 0 0 0 0 0 0 0 0 0 0 0 0 0 0 0 0 0 0 0 0 
0 0 0 0 0 0 0 0 0 0 0 0 0 0 0 0 0 0 0 0 0 0 0 0 0 0 0 0 0 0 0 0 0 0 0 0 0 0 0 0 0 0 0 0 0 0 0 0 0 0 0 0 0 0 0 0 0 0 0 0 0 0 0 0 0 0 0 0 0 0 0 0 0 0 0 0 0 0 0 0 0 0 0 0 0 0 0 0.0007503339758 0 0 0 0.004818576315 1122.736857 836.2782849 3.968361737e-16 1019.275383 1199.093267 519.1289607 1463.427415 1231.706125 2118.798573 1112.059692 2437.885829 369.5383925 844.6637963 4032.644806 4602.422454 2.253740968e-08 3842.556139 3108.66974 2940.422819 4377.591765 3164.115321 4774.365661 4519.744149 4090.355711 6.681898622e-06 4101.236698 6844.732691 6335.621202 4870.636195 3976.399979 8793.57851 1.038161816e-06 5816.576717 5764.497225 6220.905403 7576.784688 8079.040793 4742.966418 9533.33873 9488.401845 4971.587478 4678.263907 6521.92857 4678.546015 81.87129602 4961.566888 4846.404415 0.008325878494 1.921827384e-19 1646.799159 2252.249897 2.100887219e-12 3391.01151 5461.392423 4646.103755 4470.423928 2747.364729 2111.384089 3210.050426 1.342914347e-12 2315.617941 702.9925084 1573.068425 1178.320985 1338.813658 1652.750011 423.9060047 5.802810147e-20 46.753313 651.9926243 860.8770554 0.0001942781534 391.3419793 0.200782072 8.429456495e-40 0 0 0 0 0 0 0 0 0 0 0 0 0 0 0 0 0 0 0 0 0 0 0 0 0 0 0 0 0 0 0 0 0 0 0 0 0 0 0 0 0 0 0 0 0 0 0 0 0 0 0 0 0 0 0 0 0 0 0 0 0 0 0 0 0 0 0 0 0 0 0 0 0 0 0 0 0 0 0 0 0 0 0 0 0 0 0 0 0 
0 0 0 0 0 0 0 0 0 0 0 0 0 0 0 0 0 0 0 0 0 0 0 0 0 0 0 0 0 0 0 0 0 0 0 0 0 0 0 0 0 0 0 0 0 0 0 0 0 0 0 0 0 0 0 0 0 0 0 0 0 0 0 0 0 0 0 0 0 0 0 0 0 0 0 0 0 0 0 0 0 0 0 0 0 0 0 0 4.494603493e-25 232.9995353 217.1215017 43.38360354 0 239.2072633 675.6407262 1055.376168 1311.339355 2330.367539 1140.094523 2750.15275 2411.823328 1854.062381 3.722342559e-05 1300.493283 2712.593174 2248.416702 3576.511734 2971.584944 3221.295302 2690.200947 1420.282349 5723.19245 5658.39045 5392.890939 4429.903838 1062.817876 1977.279332 5084.76246 6.593967397 2.148475943e-10 5639.652771 3551.466761 5913.862705 6364.796168 366.3793439 8915.987201 7681.090415 5970.969927 1.052249241e-11 7529.329655 2682.951396 8123.737258 6945.255123 5181.032802 10332.93473 9152.847348 6443.491023 31.49368862 5582.136236 4820.1343 0.01214569388 2315.638009 6704.189023 4368.88583 4682.517949 1654.118615 3285.427816 2271.799073 3440.733316 3.342778027e-16 4.763849568e-15 1760.995255 3681.951755 2663.412309 1997.600762 1363.742247 1193.726345 1299.23117 269.1707181 45.15909116 440.7135844 892.0525187 8.930977651e-14 461.3564577 0.0004319338871 126.3770641 37.03324902 22.17572094 0 0 0 0 0 0 0 0 0 0 0 0 0 0 0 0 0 0 0 0 0 0 0 0 0 0 0 0 0 0 0 0 0 0 0 0 0 0 0 0 0 0 0 0 0 0 0 0 0 0 0 0 0 0 0 0 0 0 0 0 0 0 0 0 0 0 0 0 0 0 0 0 0 0 0 0 0 0 0 0 0 0 0 0 0 0 0 0 
0 0 0 0 0 0 0 0 0 0 0 0 0 0 0 0 0 0 0 0 0 0 0 0 0 0 0 0 0 0 0 0 0 0 0 0 0 0 0 0 0 0 0 0 0 0 0 0 0 0 0 0 0 0 0 0 0 0 0 0 0 0 0 0 0 0 0 0 0 0 0 0 0 0 0 0 0 0 0 0 0 0 0 0 0 0 0 0 87.89692713 0 382.7290594 744.1604025 492.4826961 809.6416121 1744.315684 922.8304637 1349.376383 84.60916876 1585.191162 1797.252259 326.5316195 2766.07403 2453.450579 1763.329548 2863.743405 1603.079688 1742.257696 3341.218053 2781.272933 5231.801023 4362.707978 6868.987988 4425.661053 6703.270813 3839.955393 4176.620065 6689.178485 18.91281373 6341.038352 5288.075268 4107.040913 5750.148416 6444.90108 6087.955912 5509.304174 2258.744193 9634.879835 5710.004146 7095.994632 5722.646 6856.544699 7685.068438 6304.497139 0 5.750658853e-28 4126.023332 3150.661863 6618.148274 2289.039888 7115.055763 6178.638022 4738.252166 2496.732506 2569.51272 4899.515597 1934.202466 4648.279108 4246.146996 3109.842491 3619.106704 2317.437331 2206.793069 2324.39329 2169.703698 2015.501039 2811.045434 2667.426612 1749.450021 1558.146999 1527.156039 1077.810047 879.3126686 694.6391221 1.082095978e-14 468.7844567 5.528245808e-10 80.53452492 87.50607172 2.116675261e-25 0 0 0 0 0 0 0 0 0 0 0 0 0 0 0 0 0 0 0 0 0 0 0 0 0 0 0 0 0 0 0 0 0 0 0 0 0 0 0 0 0 0 0 0 0 0 0 0 0 0 0 0 0 0 0 0 0 0 0 0 0 0 0 0 0 0 0 0 0 0 0 0 0 0 0 0 0 0 0 0 0 0 0 0 0 0 0 
0 0 0 0 0 0 0 0 0 0 0 0 0 0 0 0 0 0 0 0 0 0 0 0 0 0 0 0 0 0 0 0 0 0 0 0 0 0 0 0 0 0 0 0 0 0 0 0 0 0 0 0 0 0 0 0 0 0 0 0 0 0 0 0 0 0 0 0 0 0 0 0 0 0 0 0 0 0 0 0 0 0 0 0 0 0 0 0 0 122.2588662 0 285.9466874 391.8741367 1030.420757 67.30809985 1797.468058 1.433133315e-06 1034.663446 2934.989857 1294.598557 57.11478331 2449.709656 8.493805871 2100.022059 2015.647471 3333.275434 4823.077604 1378.092521 3910.737427 4071.682681 1900.165817 6221.427635 6100.945118 4092.582125 189.5638774 4930.112999 3762.223883 5442.420373 5312.0727 6955.188021 4129.874185 6.459458607e-18 6842.815017 9.461293502 8786.782115 6249.432791 5423.561094 5689.017533 11837.99701 7720.498923 4700.801495 5418.990903 5398.489874 6202.792536 0.0001022479147 6094.151626 8029.603698 6108.934654 5240.822268 7.66367427e-05 3203.808468 2928.306981 6196.044711 14.93341345 2540.986637 6256.529469 3414.377542 5729.702058 3289.205087 852.3952595 4317.137159 2303.797067 1218.892093 1055.285042 2279.972902 1298.595992 2689.95182 146.8506253 1628.816087 1449.376149 1432.48228 10.70374021 123.4966069 1154.628097 142.0917838 166.3302513 17.04224866 0 0 0 0 0 0 0 0 0 0 0 0 0 0 0 0 0 0 0 0 0 0 0 0 0 0 0 0 0 0 0 0 0 0 0 0 0 0 0 0 0 0 0 0 0 0 0 0 0 0 0 0 0 0 0 0 0 0 0 0 0 0 0 0 0 0 0 0 0 0 0 0 0 0 0 0 0 0 0 0 0 0 0 0 0 0 0 0 0 
0 0 0 0 0 0 0 0 0 0 0 0 0 0 0 0 0 0 0 0 0 0 0 0 0 0 0 0 0 0 0 0 0 0 0 0 0 0 0 0 0 0 0 0 0 0 0 0 0 0 0 0 0 0 0 0 0 0 0 0 0 0 0 0 0 0 0 0 0 0 0 0 0 0 0 0 0 0 0 0 0 0 0 0 0 0 0 0 6.571309778 0 213.4575835 0 875.2758794 971.3608331 919.7317298 0 0.2153541503 850.7662055 1825.210729 1879.349343 2859.179286 3409.687964 4223.532097 1588.789563 3154.336842 1727.314497 0.02300024558 4030.471233 2544.782234 4008.011377 6076.728329 5739.151587 2946.863085 4100.137715 6750.396223 7069.980231 8019.481846 4735.089904 8200.35316 9523.062272 6911.656531 4113.535825 7713.267391 5953.630143 9230.035662 8434.011262 10106.44442 8059.995496 6330.534697 8082.713731 10798.51003 6997.108885 6742.1276 9439.108651 7644.031523 6103.604289 7556.44293 6059.230629 5217.464426 5711.823602 5720.401668 1444.91018 3559.385932 4084.165471 4754.530044 6487.846347 3165.675976 4381.779925 3859.52116 1315.981306 1464.259805 3693.448565 1725.576587 767.2590682 2646.276437 1419.714119 1023.908078 1196.441243 290.1515536 644.4787465 421.2780426 729.3643074 707.373814 831.1428784 471.1952806 442.2192129 16.633615 6.665703676e-09 0 0 0 0 0 0 0 0 0 0 0 0 0 0 0 0 0 0 0 0 0 0 0 0 0 0 0 0 0 0 0 0 0 0 0 0 0 0 0 0 0 0 0 0 0 0 0 0 0 0 0 0 0 0 0 0 0 0 0 0 0 0 0 0 0 0 0 0 0 0 0 0 0 0 0 0 0 0 0 0 0 0 0 0 0 0 0 0 
0 0 0 0 0 0 0 0 0 0 0 0 0 0 0 0 0 0 0 0 0 0 0 0 0 0 0 0 0 0 0 0 0 0 0 0 0 0 0 0 0 0 0 0 0 0 0 0 0 0 0 0 0 0 0 0 0 0 0 0 0 0 0 0 0 0 0 0 0 0 0 0 0 0 0 0 0 0 0 0 0 0 0 0 0 0 0 0 102.1134078 237.4976294 9.101064025e-16 403.8155869 994.7724974 1325.723669 1297.627184 1318.143186 951.7458668 1601.706765 958.0649545 3670.667212 7.304665167e-09 3043.582332 2994.858665 2617.379697 1625.886661 4290.355877 2589.793997 3302.69807 0 5803.767179 2654.991975 4477.131862 7707.88614 7245.204194 6427.773677 4972.265347 3464.707525 7275.602651 9089.847342 6255.927168 7620.201953 6819.34447 8756.768525 4960.075251 10534.92634 10312.56581 6759.207705 7014.158536 1.221853884e-12 9050.992307 12209.05252 8332.330012 9621.468318 4905.993865 10655.30747 5206.409316 4745.331892 7408.193899 5318.627674 5653.421853 8039.943732 8915.892331 3056.124176 4954.173794 5593.439559 6676.296678 5847.812357 2357.368112 2840.175782 1905.485175 1594.656851 2787.489061 2695.716627 4557.323156 1065.524237 1370.727486 17.37529872 2137.859959 446.9474021 1596.679931 1066.449432 796.1359181 304.1402165 321.5798588 49.42493955 0.6384292635 0 5.532296297e-13 26.1126152 0 0 0 0 0 0 0 0 0 0 0 0 0 0 0 0 0 0 0 0 0 0 0 0 0 0 0 0 0 0 0 0 0 0 0 0 0 0 0 0 0 0 0 0 0 0 0 0 0 0 0 0 0 0 0 0 0 0 0 0 0 0 0 0 0 0 0 0 0 0 0 0 0 0 0 0 0 0 0 0 0 0 0 0 0 0 0 
0 0 0 0 0 0 0 0 0 0 0 0 0 0 0 0 0 0 0 0 0 0 0 0 0 0 0 0 0 0 0 0 0 0 0 0 0 0 0 0 0 0 0 0 0 0 0 0 0 0 0 0 0 0 0 0 0 0 0 0 0 0 0 0 0 0 0 0 0 0 0 0 0 0 0 0 0 0 0 0 0 0 0 0 0 0 0 0 0 208.4806136 1.657819897e-05 58.42275139 202.7603625 1013.018661 2076.173539 2208.462809 0.3878242796 1860.249719 1407.88288 1998.253339 785.8670446 2741.560223 1285.96839 2246.110432 2425.782462 2387.704117 4438.170103 4310.730625 2215.629585 6921.155135 2577.94961 5145.603579 4973.598461 5137.535354 6960.79569 4601.36232 6307.992312 4224.913062 9344.466651 6068.195005 7720.029835 4582.783124 6641.600473 5196.994907 7759.48874 8757.512685 9860.022365 11155.6791 14993.8296 9483.115557 9664.259818 5409.048127 2567.701364 7525.505785 10742.4045 11018.37203 8337.9915 5747.16171 7935.005677 6283.461734 3835.849451 3658.421272 3936.210541 1715.040429 2637.978959 5120.053039 6247.913906 7892.975879 5071.79746 2580.498444 4458.478208 2766.353169 1794.965408 1298.111563 1479.127832 0 1827.248585 3020.360092 1311.46633 1419.813547 2312.681397 303.8623776 606.2926789 144.7757315 810.0666472 351.7960342 390.1410905 0.002806476407 0 0 0 0 0 0 0 0 0 0 0 0 0 0 0 0 0 0 0 0 0 0 0 0 0 0 0 0 0 0 0 0 0 0 0 0 0 0 0 0 0 0 0 0 0 0 0 0 0 0 0 0 0 0 0 0 0 0 0 0 0 0 0 0 0 0 0 0 0 0 0 0 0 0 0 0 0 0 0 0 0 0 0 0 0 0 0 0 
0 0 0 0 0 0 0 0 0 0 0 0 0 0 0 0 0 0 0 0 0 0 0 0 0 0 0 0 0 0 0 0 0 0 0 0 0 0 0 0 0 0 0 0 0 0 0 0 0 0 0 0 0 0 0 0 0 0 0 0 0 0 0 0 0 0 0 0 0 0 0 0 0 0 0 0 0 0 0 0 0 0 0 0 0 0 0 0 0 416.4402027 472.9945226 199.6902108 1397.565971 751.5656618 384.8113759 537.645092 910.8038097 680.1726378 2341.357604 2744.086044 2966.542025 3428.053349 3251.314916 4800.257367 2247.030616 2384.92187 3680.104281 2959.470933 6140.368428 6056.839838 6312.12586 6385.761991 6263.580134 4410.141701 8978.998163 9263.629197 7490.328952 7629.606654 8991.394532 9053.894041 8820.302153 10229.52043 9310.434926 5372.252747 9605.312094 15226.28912 5434.927431 9629.824243 10108.87093 9532.925135 10258.98629 12373.78842 5986.86747 9609.715398 10250.3032 12315.00945 10444.39543 8987.105728 3153.752633 7325.553969 5887.251927 7630.272054 6634.87167 2293.502907 6038.409293 5986.460709 5835.865535 4172.041722 2900.335011 6367.445009 5250.902921 2751.806336 3615.428965 2078.927823 2263.108111 1508.752392 1223.168855 333.6704028 1139.503862 991.3264875 712.2168527 803.4902822 397.1082112 1595.934524 0 0 189.9441363 7.917853237 0 0 0 0 0 0 0 0 0 0 0 0 0 0 0 0 0 0 0 0 0 0 0 0 0 0 0 0 0 0 0 0 0 0 0 0 0 0 0 0 0 0 0 0 0 0 0 0 0 0 0 0 0 0 0 0 0 0 0 0 0 0 0 0 0 0 0 0 0 0 0 0 0 0 0 0 0 0 0 0 0 0 0 0 0 0 0 0 
0 0 0 0 0 0 0 0 0 0 0 0 0 0 0 0 0 0 0 0 0 0 0 0 0 0 0 0 0 0 0 0 0 0 0 0 0 0 0 0 0 0 0 0 0 0 0 0 0 0 0 0 0 0 0 0 0 0 0 0 0 0 0 0 0 0 0 0 0 0 0 0 0 0 0 0 0 0 0 0 0 0 0 0 0 0 0 0 40.2613293 179.1649138 103.1022935 250.3610521 1250.751116 1179.916981 292.8294007 1621.443521 1576.399444 463.358449 699.6808526 2024.360314 2252.981952 2375.414311 3758.379266 3581.240259 4515.496364 278.7844927 1961.078262 4321.854568 4411.187561 4678.733948 6477.881254 7255.68712 9660.383608 3544.955872 4430.937473 6186.522039 7077.745085 7619.672385 11537.24842 8562.159053 10593.43633 10617.46465 11909.04738 8523.407662 7948.53216 10235.70642 8834.555926 3636.964156 16168.0933 9814.150354 7446.98837 12119.999 9042.852775 11332.38276 9745.67526 6936.133004 6324.218431 8409.749466 5273.457459 3939.167999 2728.138774 7605.894437 7238.750985 4309.707183 4147.140572 3042.140098 3450.255998 4985.678324 6314.372271 4213.233422 3005.332993 4531.642014 1564.391993 2337.42958 2464.170722 1176.09519 1596.343816 1304.651829 1197.961235 2625.742364 233.4477416 684.7681052 781.1628116 293.5333152 420.1327172 659.1719868 107.7725765 0 0 0 0 0 0 0 0 0 0 0 0 0 0 0 0 0 0 0 0 0 0 0 0 0 0 0 0 0 0 0 0 0 0 0 0 0 0 0 0 0 0 0 0 0 0 0 0 0 0 0 0 0 0 0 0 0 0 0 0 0 0 0 0 0 0 0 0 0 0 0 0 0 0 0 0 0 0 0 0 0 0 0 0 0 0 0 0 0 
0 0 0 0 0 0 0 0 0 0 0 0 0 0 0 0 0 0 0 0 0 0 0 0 0 0 0 0 0 0 0 0 0 0 0 0 0 0 0 0 0 0 0 0 0 0 0 0 0 0 0 0 0 0 0 0 0 0 0 0 0 0 0 0 0 0 0 0 0 0 0 0 0 0 0 0 0 0 0 0 0 0 0 0 0 0 0 0 120.2914266 0 39.72800554 772.9706464 1175.1574 750.3836044 197.0534157 164.3441457 1581.200102 2338.988826 1433.349208 1724.179777 2213.655467 3220.600868 3873.484801 2297.557383 5329.889324 4453.999874 5273.753625 0 5993.075953 4132.094328 4275.529107 5658.351832 7560.824169 7302.936276 9154.42623 6146.203748 3336.215206 5305.50874 5241.701819 6208.511499 7555.966134 8396.969344 1703.875554 7736.762572 9336.788436 9557.669231 13806.0703 3589.035178 10260.09995 10459.56512 11723.24198 5984.820733 4750.847161 9939.054046 9597.18477 8933.177482 4114.112726 9582.967012 9415.203232 8412.245988 5126.906991 6113.602758 5351.670742 6733.350189 6681.717841 3886.24149 4533.440203 4482.578557 6193.445181 3241.220298 5342.883289 3385.866264 4823.661761 4392.718908 1189.86584 537.4621808 2734.204229 1700.734767 1792.388147 1135.415873 1165.107251 1239.190085 1029.045382 1193.066533 960.8579575 653.529824 216.7186467 21.24565516 0 0 0 0 0 0 0 0 0 0 0 0 0 0 0 0 0 0 0 0 0 0 0 0 0 0 0 0 0 0 0 0 0 0 0 0 0 0 0 0 0 0 0 0 0 0 0 0 0 0 0 0 0 0 0 0 0 0 0 0 0 0 0 0 0 0 0 0 0 0 0 0 0 0 0 0 0 0 0 0 0 0 0 0 0 0 0 0 
0 0 0 0 0 0 0 0 0 0 0 0 0 0 0 0 0 0 0 0 0 0 0 0 0 0 0 0 0 0 0 0 0 0 0 0 0 0 0 0 0 0 0 0 0 0 0 0 0 0 0 0 0 0 0 0 0 0 0 0 0 0 0 0 0 0 0 0 0 0 0 0 0 0 0 0 0 0 0 0 0 0 0 0 0 0 0 0 0 0 115.1099071 256.4906959 624.7047613 1251.81339 1925.49936 1594.931344 1660.655078 2973.215117 3235.963117 0 2177.050448 2576.807972 0 3970.303871 4101.452267 2426.66125 3684.511893 3593.955291 3603.190258 8229.2551 5767.39191 6109.853754 4650.421982 12534.09207 8837.622334 7381.108225 3633.285969 10577.89796 8256.597933 10372.69926 10398.27198 12706.88696 6829.444108 10452.18112 13661.80385 15938.26682 7285.274648 12514.54206 8977.317438 9581.613089 11594.34437 11351.15991 10817.4137 8441.208615 7701.212489 6637.305944 8382.293227 11473.46291 11192.27701 10362.89404 6064.606469 6240.90406 10600.78946 5669.214544 3845.490168 4945.403992 3541.229649 3522.556877 5884.960455 7354.214106 6291.607345 4881.162766 2694.125715 4905.987968 3414.931074 1983.12208 1153.539741 371.655687 1444.064488 1652.626745 1353.700993 2086.824561 719.684441 1258.474053 453.7149589 95.95880387 240.7755691 52.79655155 0 0 0 0 0 0 0 0 0 0 0 0 0 0 0 0 0 0 0 0 0 0 0 0 0 0 0 0 0 0 0 0 0 0 0 0 0 0 0 0 0 0 0 0 0 0 0 0 0 0 0 0 0 0 0 0 0 0 0 0 0 0 0 0 0 0 0 0 0 0 0 0 0 0 0 0 0 0 0 0 0 0 0 0 0 0 0 0 
0 0 0 0 0 0 0 0 0 0 0 0 0 0 0 0 0 0 0 0 0 0 0 0 0 0 0 0 0 0 0 0 0 0 0 0 0 0 0 0 0 0 0 0 0 0 0 0 0 0 0 0 0 0 0 0 0 0 0 0 0 0 0 0 0 0 0 0 0 0 0 0 0 0 0 0 0 0 0 0 0 0 0 0 0 0 0 0 135.8067562 84.934541 432.2020004 542.8468499 559.575152 45.2496416 1634.214001 1546.857739 2211.74004 1595.826982 2444.095484 2240.640072 3040.818104 0 3404.318194 2078.481432 3205.241777 4656.257405 5710.277031 3483.462952 6648.014375 4168.558414 6606.740821 7014.78704 8086.0661 6916.563913 8456.492767 12895.51687 5716.972304 8344.673419 12667.5244 8145.201257 8794.381411 14612.97071 9836.198637 14402.68661 11835.96778 9422.100797 11704.66631 13717.00588 13645.0552 10268.26803 8054.802009 8163.549652 8345.318273 13201.04395 8248.156745 7869.90647 11471.52857 8734.49225 10243.20539 5769.583949 8825.419778 8632.29865 7300.333013 4398.934322 0 7199.900465 6735.489075 5903.364577 7780.149064 4404.776513 7374.148119 0 2910.607853 4937.303742 3015.874593 2917.70628 2299.498879 1656.168766 1415.559295 1730.296837 680.316793 2117.074265 514.569579 1273.096905 330.5457383 843.3258062 188.2829127 132.016171 0 0 0 0 0 0 0 0 0 0 0 0 0 0 0 0 0 0 0 0 0 0 0 0 0 0 0 0 0 0 0 0 0 0 0 0 0 0 0 0 0 0 0 0 0 0 0 0 0 0 0 0 0 0 0 0 0 0 0 0 0 0 0 0 0 0 0 0 0 0 0 0 0 0 0 0 0 0 0 0 0 0 0 0 0 0 0 0 
0 0 0 0 0 0 0 0 0 0 0 0 0 0 0 0 0 0 0 0 0 0 0 0 0 0 0 0 0 0 0 0 0 0 0 0 0 0 0 0 0 0 0 0 0 0 0 0 0 0 0 0 0 0 0 0 0 0 0 0 0 0 0 0 0 0 0 0 0 0 0 0 0 0 0 0 0 0 0 0 0 0 0 0 0 0 0 0 0 361.1050588 198.7565586 479.0931408 1411.233089 1672.793921 1401.581856 1038.048103 2614.939557 2496.603478 2310.114825 2032.261305 3807.287091 2595.205854 3494.451189 3737.750389 4059.290666 1957.710659 5974.268206 4674.479565 4134.447694 3993.988765 5053.579643 3023.219202 6350.329957 12060.10122 5339.704654 11945.67069 10477.57945 12790.98233 10024.2583 9869.441265 10440.24082 13436.4551 15487.26916 8281.096093 12540.94829 4666.034274 14899.81536 8955.001704 10768.45878 11467.14989 13904.50661 6868.75129 14256.87916 13916.08219 11043.3934 7335.164593 13822.26967 8420.693404 4572.873373 7244.697092 7241.482345 8231.071969 11596.23977 7668.117048 7449.427002 7737.411095 7224.132945 6464.71439 6136.709089 5525.31691 4463.357066 2402.40665 3600.512796 2025.575277 4251.431043 3810.758368 3078.87862 2020.045701 2149.511169 1655.600906 1831.956968 286.0108688 220.8854137 0 711.7592353 374.309063 381.1685302 81.60763096 11.61672245 0 0 0 0 0 0 0 0 0 0 0 0 0 0 0 0 0 0 0 0 0 0 0 0 0 0 0 0 0 0 0 0 0 0 0 0 0 0 0 0 0 0 0 0 0 0 0 0 0 0 0 0 0 0 0 0 0 0 0 0 0 0 0 0 0 0 0 0 0 0 0 0 0 0 0 0 0 0 0 0 0 0 0 0 0 0 0 
0 0 0 0 0 0 0 0 0 0 0 0 0 0 0 0 0 0 0 0 0 0 0 0 0 0 0 0 0 0 0 0 0 0 0 0 0 0 0 0 0 0 0 0 0 0 0 0 0 0 0 0 0 0 0 0 0 0 0 0 0 0 0 0 0 0 0 0 0 0 0 0 0 0 0 0 0 0 0 0 0 0 0 0 0 0 0 0 108.7185512 181.2088505 224.7405904 1143.316135 0 1212.260659 1642.465105 229.8666696 2239.186679 1468.589399 1357.852762 3829.744743 4624.235233 3205.056383 5388.526026 5208.272031 5926.12873 8845.223857 4464.532193 6129.649064 6641.563606 7258.980308 11705.87752 7720.526593 8404.505149 9654.995354 10605.79354 10618.13011 8663.015389 11189.95468 7571.452985 8219.988601 10154.07661 12856.309 10789.80807 11140.92677 16493.35732 15299.53509 16967.82943 15511.36187 12974.90674 18177.45982 16168.9373 15353.00424 14537.91001 6244.794355 13972.82815 17666.81727 12223.65847 8021.247655 10668.89986 14413.18125 8764.011732 10527.45944 6920.553418 5132.011681 9054.405572 0 5892.867004 7404.029 4446.243378 6590.831444 5002.185418 2843.728166 5252.546591 5550.525386 3301.253611 4307.309024 3130.919034 2736.775873 1479.62948 1260.531851 1218.438778 1292.991705 841.7354919 1039.053693 730.7827067 385.3778053 445.8739329 82.05232998 0 0 0 0 0 0 0 0 0 0 0 0 0 0 0 0 0 0 0 0 0 0 0 0 0 0 0 0 0 0 0 0 0 0 0 0 0 0 0 0 0 0 0 0 0 0 0 0 0 0 0 0 0 0 0 0 0 0 0 0 0 0 0 0 0 0 0 0 0 0 0 0 0 0 0 0 0 0 0 0 0 0 0 0 0 0 0 0 
0 0 0 0 0 0 0 0 0 0 0 0 0 0 0 0 0 0 0 0 0 0 0 0 0 0 0 0 0 0 0 0 0 0 0 0 0 0 0 0 0 0 0 0 0 0 0 0 0 0 0 0 0 0 0 0 0 0 0 0 0 0 0 0 0 0 0 0 0 0 0 0 0 0 0 0 0 0 0 0 0 0 0 0 0 0 0 0 293.0996085 443.2291088 0 1355.413329 50.63609437 1016.954644 1076.131739 2310.432187 1988.667907 2178.840671 1850.134225 4022.694994 4170.411673 4631.656235 3962.661231 6484.612469 6005.909786 4253.842231 2957.097361 8376.635588 7876.590329 8509.115712 6217.600497 6726.25269 8170.529733 10012.70727 11010.18137 10450.52085 13086.80409 14289.74097 11078.40992 14219.90671 7852.879143 14829.79696 10612.56002 15879.51805 12176.8971 11632.58385 7957.064993 15929.89244 16934.48971 9321.17274 19450.28253 15649.63359 20437.74748 16024.35818 17209.17887 8832.752057 7954.398526 4763.411274 8940.375662 3816.754477 5374.471881 11435.92108 9059.894369 11413.99839 4742.527344 9615.045444 6127.77111 4568.90031 5184.376965 8177.660158 5691.742305 4002.538757 4677.799921 4553.907021 3658.838179 2687.553079 4206.836004 3080.873216 2700.592875 1518.554686 1991.597321 868.5786278 1061.752626 1661.460361 794.0944195 340.3485382 436.3318339 0 36.96278578 0 0 0 0 0 0 0 0 0 0 0 0 0 0 0 0 0 0 0 0 0 0 0 0 0 0 0 0 0 0 0 0 0 0 0 0 0 0 0 0 0 0 0 0 0 0 0 0 0 0 0 0 0 0 0 0 0 0 0 0 0 0 0 0 0 0 0 0 0 0 0 0 0 0 0 0 0 0 0 0 0 0 0 0 0 0 0 
0 0 0 0 0 0 0 0 0 0 0 0 0 0 0 0 0 0 0 0 0 0 0 0 0 0 0 0 0 0 0 0 0 0 0 0 0 0 0 0 0 0 0 0 0 0 0 0 0 0 0 0 0 0 0 0 0 0 0 0 0 0 0 0 0 0 0 0 0 0 0 0 0 0 0 0 0 0 0 0 0 0 0 0 0 0 0 121.9676338 0 340.2722014 391.2794802 474.2580502 1247.411695 884.5866016 2220.535415 1639.710649 2039.589915 2139.901844 2806.59986 3031.188853 3116.704058 2127.440602 4507.526718 1866.739771 5074.861369 6357.530186 6353.564874 7788.880517 4305.111497 9896.486001 7452.981544 8164.471548 9098.739636 8512.379473 9945.699138 14206.59791 9264.979009 13806.89273 14951.50783 12905.18102 18850.72497 16906.55221 13546.38863 15393.48226 17840.72857 13721.72993 19564.59733 13936.97279 9831.740882 12917.94904 19669.26326 15402.06004 14268.47483 14531.20468 5237.066629 6893.194704 16470.16422 10208.9827 9501.597265 8971.782257 10494.49453 8841.233944 8482.902328 10769.82832 8463.111914 7725.176042 4453.537022 8551.813083 4555.374721 2896.169421 7734.301063 4734.509186 5616.484841 2460.069529 3059.163332 4514.668965 2712.817343 2885.017905 3395.985309 1460.947961 2311.873909 2411.364794 1196.367346 1775.640033 824.8902992 250.9429693 0 0 0 0 0 0 0 0 0 0 0 0 0 0 0 0 0 0 0 0 0 0 0 0 0 0 0 0 0 0 0 0 0 0 0 0 0 0 0 0 0 0 0 0 0 0 0 0 0 0 0 0 0 0 0 0 0 0 0 0 0 0 0 0 0 0 0 0 0 0 0 0 0 0 0 0 0 0 0 0 0 0 0 0 0 0 0 0 0 0 
0 0 0 0 0 0 0 0 0 0 0 0 0 0 0 0 0 0 0 0 0 0 0 0 0 0 0 0 0 0 0 0 0 0 0 0 0 0 0 0 0 0 0 0 0 0 0 0 0 0 0 0 0 0 0 0 0 0 0 0 0 0 0 0 0 0 0 0 0 0 0 0 0 0 0 0 0 0 0 0 0 0 0 0 0 0 0 0 0 399.012643 387.4297366 0 1073.936926 1832.392152 1175.588286 1001.4303 1957.957832 3439.711983 3565.337677 1914.392782 4491.662857 6499.619984 4941.072805 6260.636156 3921.204707 4192.805164 8871.649892 4183.239431 5349.69677 4295.957192 9588.254354 12504.66167 7058.142945 9173.309408 14703.13136 10498.66315 12976.06594 8195.299472 11719.13803 13140.83096 12940.87133 15262.97781 13236.19302 10260.43431 14475.14836 13509.36843 16198.80621 17431.68617 12498.32382 18251.411 15776.86513 13466.85547 18241.4552 11233.39522 15832.90854 11467.64618 8971.013225 11101.11649 13346.19902 10465.49631 9171.520426 11471.0105 10466.64977 7595.841146 8110.592182 6239.727214 8135.528822 9496.51819 10006.79758 1879.457137 7184.529321 7162.407834 2850.957698 3953.676074 5006.132493 4247.70612 2442.689066 3258.365656 2930.370965 2593.046971 2316.235452 1830.152226 1034.735177 1153.396962 1250.016187 551.564251 596.234461 0 54.75727618 0 0 0 0 0 0 0 0 0 0 0 0 0 0 0 0 0 0 0 0 0 0 0 0 0 0 0 0 0 0 0 0 0 0 0 0 0 0 0 0 0 0 0 0 0 0 0 0 0 0 0 0 0 0 0 0 0 0 0 0 0 0 0 0 0 0 0 0 0 0 0 0 0 0 0 0 0 0 0 0 0 0 0 0 0 0 0 
0 0 0 0 0 0 0 0 0 0 0 0 0 0 0 0 0 0 0 0 0 0 0 0 0 0 0 0 0 0 0 0 0 0 0 0 0 0 0 0 0 0 0 0 0 0 0 0 0 0 0 0 0 0 0 0 0 0 0 0 0 0 0 0 0 0 0 0 0 0 0 0 0 0 0 0 0 0 0 0 0 0 0 0 0 0 0 38.43488444 0 0 0 935.0935561 0 2172.345636 379.2162929 2087.218485 876.7126985 2541.047957 3927.433225 5604.947999 4207.176619 0 5953.740718 7329.672028 5620.122073 4483.624396 6213.300065 4433.48001 5765.990933 9656.246248 8443.202047 10818.10333 10341.10708 10908.62751 8807.186984 14978.93956 16028.46864 12510.94407 14624.6716 17717.36683 17069.22388 20726.59177 15886.09956 19244.26855 12233.93387 12909.83348 17373.98973 0 21311.57769 15531.31545 7922.523907 16711.54035 18732.05044 13588.45948 16616.78089 13904.33772 15994.25163 10994.80079 14253.2878 14823.30629 0 9622.189152 9194.814428 8823.923371 7352.663524 11463.31082 5318.078371 7668.784366 4897.49782 8161.862941 2762.194792 7288.148954 5012.557644 3121.276983 3879.779679 4960.275641 3020.875596 3898.414136 2969.849817 1838.823499 1798.463339 1974.24081 631.8279475 1041.269123 1181.759722 134.0368209 317.9390735 0 95.55087367 0 0 0 0 0 0 0 0 0 0 0 0 0 0 0 0 0 0 0 0 0 0 0 0 0 0 0 0 0 0 0 0 0 0 0 0 0 0 0 0 0 0 0 0 0 0 0 0 0 0 0 0 0 0 0 0 0 0 0 0 0 0 0 0 0 0 0 0 0 0 0 0 0 0 0 0 0 0 0 0 0 0 0 0 0 0 0 
0 0 0 0 0 0 0 0 0 0 0 0 0 0 0 0 0 0 0 0 0 0 0 0 0 0 0 0 0 0 0 0 0 0 0 0 0 0 0 0 0 0 0 0 0 0 0 0 0 0 0 0 0 0 0 0 0 0 0 0 0 0 0 0 0 0 0 0 0 0 0 0 0 0 0 0 0 0 0 0 0 0 0 0 0 0 0 0 0 90.33565744 402.4609303 489.8429068 1290.629656 1653.934872 2371.138283 0 3128.321885 3963.118576 2003.80151 4506.58998 2857.279482 5160.586829 5658.929986 2321.962271 2796.044437 8016.183443 7794.953672 9767.942043 8741.225442 6132.839863 11122.27358 9782.430572 7605.242914 11339.36499 13200.36672 12121.0172 11915.10608 14161.10478 16217.5778 14818.84955 16010.70025 20370.66981 18943.17504 13251.58902 22522.53299 12062.89771 21906.1354 22314.16003 13666.33465 18453.31861 17494.46637 15529.34797 24396.64833 14324.35556 19440.64896 13108.41861 16527.91485 14413.66729 16700.68506 10905.35569 18225.99673 9623.199125 9445.667158 12255.18375 11243.28918 7670.901735 13336.95686 8566.029454 6623.687857 10765.74781 6410.624477 7699.972021 8174.427172 5080.329056 5736.889229 5513.849153 3431.673563 4786.349867 2237.258527 1276.616945 1946.604741 1483.134343 1557.712387 777.553701 1241.742986 114.1606864 167.9908086 0 0 0 0 0 0 0 0 0 0 0 0 0 0 0 0 0 0 0 0 0 0 0 0 0 0 0 0 0 0 0 0 0 0 0 0 0 0 0 0 0 0 0 0 0 0 0 0 0 0 0 0 0 0 0 0 0 0 0 0 0 0 0 0 0 0 0 0 0 0 0 0 0 0 0 0 0 0 0 0 0 0 0 0 0 0 0 0 0 
0 0 0 0 0 0 0 0 0 0 0 0 0 0 0 0 0 0 0 0 0 0 0 0 0 0 0 0 0 0 0 0 0 0 0 0 0 0 0 0 0 0 0 0 0 0 0 0 0 0 0 0 0 0 0 0 0 0 0 0 0 0 0 0 0 0 0 0 0 0 0 0 0 0 0 0 0 0 0 0 0 0 0 0 0 0 0 0 273.646292 431.5062172 492.9647218 808.1339074 874.7406844 1951.684642 1780.388181 648.4769824 2246.881765 3271.797201 4962.011754 2296.558895 4146.252784 5725.383989 3325.039196 3955.136144 8182.418865 6774.725239 9980.733802 8799.813049 5922.994518 7936.481825 14787.23123 12843.12847 10630.00742 12171.76592 7260.871101 15604.49325 10571.27193 14941.71263 14893.67288 13788.37922 13453.60879 18997.28027 19127.96032 20728.78054 14832.68611 17537.79916 18243.33175 12095.47113 17866.42222 8956.561357 15998.77158 24510.77591 22136.98083 18020.22662 16924.02588 14447.70736 10826.98733 12255.6119 16733.21763 9577.148076 12943.15384 13666.27039 11748.30349 9115.24092 12223.86229 12693.25079 11884.52849 8804.121241 9867.428587 9292.641217 8551.073316 5311.429155 3062.678744 4189.291388 2869.858465 6383.739667 3262.353535 2640.876782 2801.582815 1864.484151 2196.237618 1728.907323 1820.312896 1496.262408 394.2346998 0 0 43.27349031 0 0 0 0 0 0 0 0 0 0 0 0 0 0 0 0 0 0 0 0 0 0 0 0 0 0 0 0 0 0 0 0 0 0 0 0 0 0 0 0 0 0 0 0 0 0 0 0 0 0 0 0 0 0 0 0 0 0 0 0 0 0 0 0 0 0 0 0 0 0 0 0 0 0 0 0 0 0 0 0 0 0 0 0 0 0 0 0 
0 0 0 0 0 0 0 0 0 0 0 0 0 0 0 0 0 0 0 0 0 0 0 0 0 0 0 0 0 0 0 0 0 0 0 0 0 0 0 0 0 0 0 0 0 0 0 0 0 0 0 0 0 0 0 0 0 0 0 0 0 0 0 0 0 0 0 0 0 0 0 0 0 0 0 0 0 0 0 0 0 0 0 0 0 0 0 0 0 425.2453549 893.8665657 1131.258842 1822.815199 450.8043514 1625.945024 2447.974091 1973.898652 2216.030652 3570.124246 4522.548945 6572.637227 5590.246943 4265.834128 3595.60687 5380.502701 7520.579895 10007.05965 9642.811988 9625.454496 5976.519658 5701.697848 14416.21212 11147.8071 11865.99097 15093.14098 13789.81121 12874.10698 18165.68426 16776.86565 14753.10368 13949.25884 16705.50041 15477.16638 26787.30056 19821.61603 21877.04912 13686.70286 17075.31967 21886.87221 16202.56089 14519.27921 19838.98247 19544.48711 14543.63588 18627.20269 18735.94919 10289.91759 9891.866084 18267.25085 10749.79065 10560.1205 11169.23339 0 10886.10259 12140.87566 8013.018894 7733.362758 8811.565474 12962.96357 7042.336993 7557.977607 5515.29308 3339.036939 3053.645288 5864.406117 4231.828828 5005.768301 2389.208801 1771.681329 2142.793862 2199.408054 2619.29691 1164.078702 839.2139244 528.4665676 573.163301 411.3178108 0 0 0 0 0 0 0 0 0 0 0 0 0 0 0 0 0 0 0 0 0 0 0 0 0 0 0 0 0 0 0 0 0 0 0 0 0 0 0 0 0 0 0 0 0 0 0 0 0 0 0 0 0 0 0 0 0 0 0 0 0 0 0 0 0 0 0 0 0 0 0 0 0 0 0 0 0 0 0 0 0 0 0 0 0 0 0 0 0 
0 0 0 0 0 0 0 0 0 0 0 0 0 0 0 0 0 0 0 0 0 0 0 0 0 0 0 0 0 0 0 0 0 0 0 0 0 0 0 0 0 0 0 0 0 0 0 0 0 0 0 0 0 0 0 0 0 0 0 0 0 0 0 0 0 0 0 0 0 0 0 0 0 0 0 0 0 0 0 0 0 0 0 0 0 0 0 149.0266866 264.3861799 0 462.7207716 0 599.0705623 2410.015551 3128.811422 2608.886275 0 3186.805255 3238.109144 2753.555255 4750.544264 3417.58065 6263.54528 4551.947923 6473.294271 8958.305742 8729.821699 4244.543737 5405.264578 8869.442563 9971.718126 11532.76632 9760.146842 14552.43114 15854.83976 10968.29257 14611.8703 13427.66548 17605.47565 15484.57686 15633.92898 11411.57873 18159.4653 18759.7906 22457.67605 14030.88116 22330.95865 17020.95355 9982.7457 18944.83092 14783.98793 17373.12188 20198.17354 18098.92708 21253.33827 15372.42931 16828.11154 15513.1152 11711.65564 17374.40903 11405.6054 12021.12832 15612.75167 10475.12945 10619.50725 7016.950045 9141.90731 10068.59352 7326.166353 6178.467261 7079.990212 2891.887728 6716.996116 4468.814485 7213.937569 3596.658403 4789.888271 4974.799276 4012.467864 2219.66172 1892.869755 2404.407918 1431.291632 1019.168466 1071.778952 849.7753383 0 0 0 0 0 0 0 0 0 0 0 0 0 0 0 0 0 0 0 0 0 0 0 0 0 0 0 0 0 0 0 0 0 0 0 0 0 0 0 0 0 0 0 0 0 0 0 0 0 0 0 0 0 0 0 0 0 0 0 0 0 0 0 0 0 0 0 0 0 0 0 0 0 0 0 0 0 0 0 0 0 0 0 0 0 0 0 0 0 0 
0 0 0 0 0 0 0 0 0 0 0 0 0 0 0 0 0 0 0 0 0 0 0 0 0 0 0 0 0 0 0 0 0 0 0 0 0 0 0 0 0 0 0 0 0 0 0 0 0 0 0 0 0 0 0 0 0 0 0 0 0 0 0 0 0 0 0 0 0 0 0 0 0 0 0 0 0 0 0 0 0 0 0 0 0 0 0 0 0 0 708.8018241 853.7554153 1060.417545 983.0763192 2620.133158 1646.209036 2613.321916 2443.034139 3930.102961 5359.820952 2945.835928 3611.174818 5405.087539 3922.415953 5170.555741 5429.777954 10208.69931 5749.954361 9040.550958 4854.871583 12293.50306 12183.44665 8839.221243 11599.72487 5509.686367 11636.85844 14869.81028 0 10219.059 16490.87019 15278.52421 17112.62071 9957.730582 8933.399999 18933.90609 12745.63404 16130.99386 22535.81605 19585.36028 16849.80688 13155.49774 16636.1002 20142.7188 14894.46231 11540.26484 13923.54207 21713.17439 12541.49526 21301.19573 12606.4154 14040.38871 8865.74908 12953.71289 11206.51931 8862.897741 9043.901498 9005.275566 6012.807356 9764.440646 8860.922303 7744.816267 5764.561597 8370.820461 6777.46351 8763.531682 4127.245302 3007.699096 2384.717281 2577.777822 2384.956995 2391.170022 1708.755275 1523.775181 55.44201477 1252.21772 448.4135633 345.6761826 84.75917936 22.45217331 0 0 0 0 0 0 0 0 0 0 0 0 0 0 0 0 0 0 0 0 0 0 0 0 0 0 0 0 0 0 0 0 0 0 0 0 0 0 0 0 0 0 0 0 0 0 0 0 0 0 0 0 0 0 0 0 0 0 0 0 0 0 0 0 0 0 0 0 0 0 0 0 0 0 0 0 0 0 0 0 0 0 0 0 0 0 0 
0 0 0 0 0 0 0 0 0 0 0 0 0 0 0 0 0 0 0 0 0 0 0 0 0 0 0 0 0 0 0 0 0 0 0 0 0 0 0 0 0 0 0 0 0 0 0 0 0 0 0 0 0 0 0 0 0 0 0 0 0 0 0 0 0 0 0 0 0 0 0 0 0 0 0 0 0 0 0 0 0 0 0 0 0 0 0 0 194.2241149 0 545.0804311 359.898012 1623.110575 1171.315765 1735.069007 1189.120855 2495.736625 1946.027675 3945.695317 4779.782026 6421.877307 2761.796985 5590.461359 6476.164734 5540.40586 8129.80567 5074.235568 11877.8136 9097.185866 7769.98098 9711.346911 11426.56533 7515.963045 10783.01564 12500.60221 9634.993492 9360.53377 16241.57669 15437.45407 9601.333315 16337.07636 15865.67173 12842.22532 15828.08062 17581.38874 23263.40329 16215.20065 20085.64314 19583.86515 16004.9027 24589.01188 11630.99142 21582.86815 16848.28746 18169.52748 17457.38794 16245.05165 14405.21375 15356.19067 15988.26675 12397.18013 11208.69198 8686.806785 10272.0367 10754.54119 6190.935986 12063.88709 8923.994001 8982.681885 9716.791307 8564.647191 4461.849037 7180.61754 6542.18291 1905.353069 6475.599642 5431.289929 3230.832816 2611.625168 2491.485304 1792.045944 987.2427051 1642.86865 36.53429416 775.7864685 0 0 0 0 0 0 0 0 0 0 0 0 0 0 0 0 0 0 0 0 0 0 0 0 0 0 0 0 0 0 0 0 0 0 0 0 0 0 0 0 0 0 0 0 0 0 0 0 0 0 0 0 0 0 0 0 0 0 0 0 0 0 0 0 0 0 0 0 0 0 0 0 0 0 0 0 0 0 0 0 0 0 0 0 0 0 0 0 0 0 0 
0 0 0 0 0 0 0 0 0 0 0 0 0 0 0 0 0 0 0 0 0 0 0 0 0 0 0 0 0 0 0 0 0 0 0 0 0 0 0 0 0 0 0 0 0 0 0 0 0 0 0 0 0 0 0 0 0 0 0 0 0 0 0 0 0 0 0 0 0 0 0 0 0 0 0 0 0 0 0 0 0 0 0 0 0 0 0 0 0 12.84460908 540.8675075 1325.794704 1523.831324 1283.883971 308.709899 2314.137099 3000.004196 3412.624653 4831.935638 3208.536598 6715.894028 5299.022051 6664.722694 5030.451877 8163.703451 4419.368535 6145.813108 5319.613542 11429.50019 10497.54437 15076.20016 8478.582284 7151.262893 6927.621173 17884.57908 7601.534686 8710.416776 18529.84888 9674.932182 11326.40435 13132.21171 16574.31579 23854.87145 17072.84924 11933.91288 12500.51339 19218.2341 25134.50765 19034.3464 18925.41019 19973.50313 15262.29167 13014.15631 20560.44027 16565.83385 15510.28924 12332.24932 14013.16331 19139.39346 11760.90663 4717.255159 9368.678667 13683.14831 8345.481095 10894.35983 9041.460045 7312.249047 7966.956148 8612.440655 10304.93605 8138.655314 7314.196254 7156.435247 7197.589445 4382.431573 4884.514537 4555.91982 1353.769525 2722.2743 2471.517108 3325.405547 2062.456933 1369.077982 995.1744876 731.1476282 371.5347804 0 321.3662705 0 0 0 0 0 0 0 0 0 0 0 0 0 0 0 0 0 0 0 0 0 0 0 0 0 0 0 0 0 0 0 0 0 0 0 0 0 0 0 0 0 0 0 0 0 0 0 0 0 0 0 0 0 0 0 0 0 0 0 0 0 0 0 0 0 0 0 0 0 0 0 0 0 0 0 0 0 0 0 0 0 0 0 0 0 0 0 0 
0 0 0 0 0 0 0 0 0 0 0 0 0 0 0 0 0 0 0 0 0 0 0 0 0 0 0 0 0 0 0 0 0 0 0 0 0 0 0 0 0 0 0 0 0 0 0 0 0 0 0 0 0 0 0 0 0 0 0 0 0 0 0 0 0 0 0 0 0 0 0 0 0 0 0 0 0 0 0 0 0 0 0 0 0 0 0 60.82781911 329.7846661 0 0 1286.590096 1296.529578 0 1696.206524 2575.736502 3116.664442 2206.802986 3603.842197 2971.826198 6325.342287 6422.367818 4243.443224 7248.904074 6123.471321 5763.039857 8271.158057 6921.458511 6287.683068 11311.98244 12017.99067 14563.55228 13305.00345 11942.97996 11437.71496 10321.15134 17197.29909 20247.66158 12203.95249 19287.35545 10801.94903 16628.82186 17515.16915 18035.19954 22086.63522 24848.8003 15007.77891 23426.7234 18706.29962 26802.46246 25376.77072 10250.38512 18282.45244 20949.53563 15682.34367 13427.76535 12553.70979 13208.09953 11305.94004 11739.67493 4622.982483 14262.40154 10261.13614 8402.40321 10856.37987 10377.28743 8695.560455 8127.494445 10329.36093 8064.759638 6107.429779 6562.893041 6360.53294 4720.951462 4506.389476 4839.899879 5149.076871 3147.421641 2052.295235 1811.423512 1607.938238 2153.984732 2151.279507 404.2989984 1052.498737 805.8460799 676.6587069 0 0 0 0 0 0 0 0 0 0 0 0 0 0 0 0 0 0 0 0 0 0 0 0 0 0 0 0 0 0 0 0 0 0 0 0 0 0 0 0 0 0 0 0 0 0 0 0 0 0 0 0 0 0 0 0 0 0 0 0 0 0 0 0 0 0 0 0 0 0 0 0 0 0 0 0 0 0 0 0 0 0 0 0 0 0 0 0 0 
0 0 0 0 0 0 0 0 0 0 0 0 0 0 0 0 0 0 0 0 0 0 0 0 0 0 0 0 0 0 0 0 0 0 0 0 0 0 0 0 0 0 0 0 0 0 0 0 0 0 0 0 0 0 0 0 0 0 0 0 0 0 0 0 0 0 0 0 0 0 0 0 0 0 0 0 0 0 0 0 0 0 0 0 0 0 0 0 322.9914305 84.34457845 447.7441167 349.2607137 1170.827288 1827.488467 0 2279.119038 2915.128441 1988.201015 3830.19488 4692.60178 6039.565424 6031.563036 0 7980.097594 4850.677322 5691.531756 8681.015309 8554.315011 9550.281038 11564.02139 11781.58966 9284.235618 10112.73002 12766.85292 9537.245121 6904.022638 16607.62332 22513.8521 12335.4409 16725.70248 15637.05417 16324.3733 16185.41973 19727.06498 18908.3038 25306.3766 26157.47616 19184.85587 7670.260404 16872.65712 21312.23862 20120.28427 27462.87119 18796.84267 12491.65612 11679.77389 12658.20644 14853.11655 15467.23489 15953.17062 15212.96103 18456.94833 11192.90193 8191.950495 9376.554009 9956.905789 8281.174041 8872.311681 7229.641381 11491.47879 4407.591699 4977.955118 7486.279377 5763.627739 2588.062851 5521.746464 0 2727.017797 2630.141454 1963.660786 1591.891812 1955.000285 1511.64627 820.5734291 821.6754839 458.519219 480.5192864 0 0 0 0 0 0 0 0 0 0 0 0 0 0 0 0 0 0 0 0 0 0 0 0 0 0 0 0 0 0 0 0 0 0 0 0 0 0 0 0 0 0 0 0 0 0 0 0 0 0 0 0 0 0 0 0 0 0 0 0 0 0 0 0 0 0 0 0 0 0 0 0 0 0 0 0 0 0 0 0 0 0 0 0 0 0 0 0 0 
0 0 0 0 0 0 0 0 0 0 0 0 0 0 0 0 0 0 0 0 0 0 0 0 0 0 0 0 0 0 0 0 0 0 0 0 0 0 0 0 0 0 0 0 0 0 0 0 0 0 0 0 0 0 0 0 0 0 0 0 0 0 0 0 0 0 0 0 0 0 0 0 0 0 0 0 0 0 0 0 0 0 0 0 0 0 0 0 0 84.81753011 0.7992235995 925.1627326 1310.073468 1786.937028 1469.268747 3146.297177 830.3865172 2614.889576 3634.269922 4876.477069 4927.276747 4224.410952 4859.540687 5910.183803 5435.910612 8991.806274 9336.85513 8076.352706 7588.69753 8262.373382 10067.03275 9341.132726 12501.54535 8312.918099 11977.1648 18281.74575 12299.18695 15581.44752 18622.39972 18662.69604 22564.19148 19092.04128 17217.22472 23179.84461 13679.6568 14904.74635 22939.02876 11918.43868 18957.29269 18756.34057 17632.69573 19815.63889 22533.07097 17706.65263 11804.68293 18545.23067 13335.592 22266.48383 10316.90963 12724.92916 17532.20521 12286.9985 7058.410736 10943.27996 13131.10522 10609.98645 8118.20325 10148.07744 5366.387583 5570.476154 6385.563923 3992.881668 6737.809469 6480.010633 6143.271098 3238.697433 5163.870418 3528.209221 4062.765685 2517.002832 1761.870475 1256.03479 1037.277111 1041.818029 1049.266038 345.2570491 0 307.5950304 46.1735272 0 0 0 0 0 0 0 0 0 0 0 0 0 0 0 0 0 0 0 0 0 0 0 0 0 0 0 0 0 0 0 0 0 0 0 0 0 0 0 0 0 0 0 0 0 0 0 0 0 0 0 0 0 0 0 0 0 0 0 0 0 0 0 0 0 0 0 0 0 0 0 0 0 0 0 0 0 0 0 0 0 0 0 0 0 0 0 
0 0 0 0 0 0 0 0 0 0 0 0 0 0 0 0 0 0 0 0 0 0 0 0 0 0 0 0 0 0 0 0 0 0 0 0 0 0 0 0 0 0 0 0 0 0 0 0 0 0 0 0 0 0 0 0 0 0 0 0 0 0 0 0 0 0 0 0 0 0 0 0 0 0 0 0 0 0 0 0 0 0 0 0 0 0 0 0 262.0974542 183.5454401 0 285.3898748 1415.206028 1597.554462 1833.008732 2676.093489 1186.310976 3352.202495 5338.791983 4924.01027 4906.250693 5370.944824 1800.105759 5436.918658 6102.030481 5821.814469 9516.93879 8138.825137 7528.232246 9511.770902 12135.49693 7112.442857 13557.98183 15413.18457 7801.851634 15602.84883 11218.93266 16753.02667 9345.022647 15371.77858 16124.07082 27241.17017 14393.19884 19245.79673 16790.69149 23707.76864 11211.85877 22607.40021 23386.5152 21275.24288 21459.36693 0 24963.15184 21179.78853 23466.63025 16352.68235 13317.12961 13564.70834 20139.56242 14535.83894 16565.04718 7965.449904 10902.41853 10603.58137 12853.9867 9525.285191 6559.755971 6151.330131 10160.06194 11724.96297 5641.96801 4774.544052 6713.374363 4138.692543 5788.024286 963.5770538 4049.282613 4285.841298 2175.632406 4111.326041 2307.836359 1548.696261 1197.724756 1866.229884 858.7575983 813.7900804 41.6249751 291.0877571 94.27762687 0 0 0 0 0 0 0 0 0 0 0 0 0 0 0 0 0 0 0 0 0 0 0 0 0 0 0 0 0 0 0 0 0 0 0 0 0 0 0 0 0 0 0 0 0 0 0 0 0 0 0 0 0 0 0 0 0 0 0 0 0 0 0 0 0 0 0 0 0 0 0 0 0 0 0 0 0 0 0 0 0 0 0 0 0 0 0 
0 0 0 0 0 0 0 0 0 0 0 0 0 0 0 0 0 0 0 0 0 0 0 0 0 0 0 0 0 0 0 0 0 0 0 0 0 0 0 0 0 0 0 0 0 0 0 0 0 0 0 0 0 0 0 0 0 0 0 0 0 0 0 0 0 0 0 0 0 0 0 0 0 0 0 0 0 0 0 0 0 0 0 0 0 0 0 104.5214536 234.4694142 552.2628097 728.1188899 0 742.7360126 1184.752466 2234.382149 440.512617 3240.550004 2610.02845 2633.0697 4116.43617 6449.510225 5013.625336 7855.025816 7518.03742 6446.474075 7912.232112 6718.684624 6792.688603 6034.991615 11971.79822 14832.74187 11839.27814 13346.14938 8845.692152 15815.42349 11452.4861 14063.65405 12119.59562 13829.4532 18816.86515 12030.39124 8644.200206 17955.28358 11296.14681 22747.25979 18794.73288 12989.35803 21972.25852 26543.37286 20477.16868 21904.25093 14344.93197 18569.79497 19612.6741 18940.94443 12302.72444 14448.62713 17079.07907 22064.69602 13816.7738 19216.83751 6907.320439 15470.32103 15733.26404 9997.727027 10071.50392 11266.64046 8406.045079 9005.597497 7697.221505 7002.147518 9475.32285 4980.672339 3623.375303 8657.476511 6439.38634 3499.851818 2094.000763 3258.130751 4065.165203 766.5620131 1060.516561 1688.697466 994.1423052 1204.487 392.6395052 628.6951269 211.3987885 0 0 0 0 0 0 0 0 0 0 0 0 0 0 0 0 0 0 0 0 0 0 0 0 0 0 0 0 0 0 0 0 0 0 0 0 0 0 0 0 0 0 0 0 0 0 0 0 0 0 0 0 0 0 0 0 0 0 0 0 0 0 0 0 0 0 0 0 0 0 0 0 0 0 0 0 0 0 0 0 0 0 0 0 0 0 0 0 
0 0 0 0 0 0 0 0 0 0 0 0 0 0 0 0 0 0 0 0 0 0 0 0 0 0 0 0 0 0 0 0 0 0 0 0 0 0 0 0 0 0 0 0 0 0 0 0 0 0 0 0 0 0 0 0 0 0 0 0 0 0 0 0 0 0 0 0 0 0 0 0 0 0 0 0 0 0 0 0 0 0 0 0 0 0 0 0 0 736.7985477 407.4654596 1178.846593 1304.782742 1919.879406 2230.504349 2221.546274 3092.092217 2907.699393 796.959737 5150.621273 5915.231872 4905.469406 6202.170907 7909.602468 9449.172075 4435.75129 10209.29278 11756.70674 11263.61477 14938.10307 10574.03745 11652.45616 9325.566753 11798.35073 16408.96305 15804.53282 18470.77418 21492.03874 16506.12484 11145.65535 14920.90628 16211.2826 18532.13008 22642.5846 21756.99624 21384.39994 17488.34985 19498.47172 24296.28444 18609.38904 20278.46293 21758.68709 24863.69417 21087.78052 18319.88209 20497.25123 16592.81283 19893.33509 15291.97278 17357.50307 16701.24587 17595.06492 16396.19381 9732.508185 10690.8191 12930.67512 7280.919561 13705.19632 9895.152374 4661.305315 6147.658306 12206.00738 8707.67258 8862.105965 5689.511305 6429.034122 5923.187757 3817.902016 4347.300476 2108.872344 3054.497187 2620.411423 2128.005653 2871.608015 647.6673075 748.5508029 449.2765275 0 0 0 0 0 0 0 0 0 0 0 0 0 0 0 0 0 0 0 0 0 0 0 0 0 0 0 0 0 0 0 0 0 0 0 0 0 0 0 0 0 0 0 0 0 0 0 0 0 0 0 0 0 0 0 0 0 0 0 0 0 0 0 0 0 0 0 0 0 0 0 0 0 0 0 0 0 0 0 0 0 0 0 0 0 0 0 0 0 
0 0 0 0 0 0 0 0 0 0 0 0 0 0 0 0 0 0 0 0 0 0 0 0 0 0 0 0 0 0 0 0 0 0 0 0 0 0 0 0 0 0 0 0 0 0 0 0 0 0 0 0 0 0 0 0 0 0 0 0 0 0 0 0 0 0 0 0 0 0 0 0 0 0 0 0 0 0 0 0 0 0 0 0 0 0 0 45.89604028 67.32952751 0 320.187491 159.3897579 1421.590433 1889.077126 0 1851.66813 4015.947974 6287.548065 5885.307738 4325.290631 5498.349664 5835.98907 7340.628791 3431.248249 9916.45435 8519.833041 4548.318088 3204.254868 9906.562078 13839.85778 11521.40373 8871.433335 10996.42464 13427.57435 14948.60909 20812.95612 17086.97194 11205.69206 14411.8343 7767.022861 21233.15923 20163.39327 23497.98295 19187.36909 19004.12646 20559.92775 21773.60314 16005.16127 20035.34605 25509.07895 17265.44591 17473.55907 24153.40076 21021.77797 22500.07635 22235.86225 17658.55169 15070.74626 13798.6215 16881.47625 14751.37265 12395.43844 9421.001671 14728.15636 11558.07584 6168.24847 11044.74404 11341.19657 4490.39435 6508.067361 5565.379029 7322.234687 7644.836721 5518.694141 5986.01848 6557.112932 5511.312255 3089.088675 4342.71897 3036.00518 1190.03349 2647.908571 750.499936 961.8036494 1224.791226 103.4995945 0 0 0 0 0 0 0 0 0 0 0 0 0 0 0 0 0 0 0 0 0 0 0 0 0 0 0 0 0 0 0 0 0 0 0 0 0 0 0 0 0 0 0 0 0 0 0 0 0 0 0 0 0 0 0 0 0 0 0 0 0 0 0 0 0 0 0 0 0 0 0 0 0 0 0 0 0 0 0 0 0 0 0 0 0 0 0 0 0 0 
0 0 0 0 0 0 0 0 0 0 0 0 0 0 0 0 0 0 0 0 0 0 0 0 0 0 0 0 0 0 0 0 0 0 0 0 0 0 0 0 0 0 0 0 0 0 0 0 0 0 0 0 0 0 0 0 0 0 0 0 0 0 0 0 0 0 0 0 0 0 0 0 0 0 0 0 0 0 0 0 0 0 0 0 0 0 0 0 0 298.3338853 374.0315076 286.5904055 1790.743469 1807.14118 2385.802295 2257.544875 2968.708145 3781.49211 5096.834698 3588.678021 7417.673247 5228.117893 5759.077889 4185.74939 4325.296581 13130.19446 9356.047176 7689.898972 15085.92717 10993.58139 7233.022703 13051.79137 12202.99964 17649.54596 15287.32714 14996.94813 12927.44298 14432.70173 17270.02645 17465.88976 21744.71613 20940.01765 26892.71905 19670.3661 14826.61139 23587.38938 11867.3315 22056.76159 16715.73797 21318.80965 15554.30365 27743.15715 26542.36294 16322.65035 10700.15164 23850.39622 20120.30905 15758.39864 13063.38894 17771.15981 15681.50739 15933.78438 8263.789371 14220.52953 14496.21772 11334.95136 12931.49427 8354.677858 7861.632302 6309.895902 6966.489975 7565.146686 8085.725166 3656.690681 5071.940976 4343.669702 4108.804744 4458.823141 3163.043772 3749.325262 2684.951811 2146.952141 1100.484454 1944.3417 833.3875555 1082.876273 532.616579 366.7219525 0 0 0 0 0 0 0 0 0 0 0 0 0 0 0 0 0 0 0 0 0 0 0 0 0 0 0 0 0 0 0 0 0 0 0 0 0 0 0 0 0 0 0 0 0 0 0 0 0 0 0 0 0 0 0 0 0 0 0 0 0 0 0 0 0 0 0 0 0 0 0 0 0 0 0 0 0 0 0 0 0 0 0 0 0 0 0 0 
0 0 0 0 0 0 0 0 0 0 0 0 0 0 0 0 0 0 0 0 0 0 0 0 0 0 0 0 0 0 0 0 0 0 0 0 0 0 0 0 0 0 0 0 0 0 0 0 0 0 0 0 0 0 0 0 0 0 0 0 0 0 0 0 0 0 0 0 0 0 0 0 0 0 0 0 0 0 0 0 0 0 0 0 0 0 0 98.12202718 106.8228765 0 681.0864045 1052.732088 1263.857042 2000.829833 0 2583.658004 3112.611921 2268.825349 4576.070719 4904.655751 1509.574229 5982.997664 5566.054115 9593.031659 9410.692516 8483.835805 4518.50684 8378.536231 6347.698234 10510.8036 9173.734127 13961.15739 12822.40766 13174.29595 14341.57831 20128.80146 15783.78607 19476.64553 17659.22465 24001.07113 22621.84893 16510.9284 13496.78514 21200.06292 22189.98882 21834.38913 22964.76129 25175.62403 22703.29193 22109.2628 14906.14671 19153.63575 22277.00549 16795.22297 25294.39903 22022.05459 10564.45189 17430.46973 25831.55481 20430.92382 10553.18548 17139.40301 15221.81601 16068.1245 18051.65337 14507.55996 13055.6031 12916.03634 9296.632012 7869.153512 8661.883678 8708.733383 9139.957257 3446.917972 6818.613684 5918.334308 4051.954885 5112.099672 2959.135365 2584.352935 2358.192837 3492.742118 307.2195496 1405.567001 946.0272697 386.4811198 555.0679066 0 0 0 0 0 0 0 0 0 0 0 0 0 0 0 0 0 0 0 0 0 0 0 0 0 0 0 0 0 0 0 0 0 0 0 0 0 0 0 0 0 0 0 0 0 0 0 0 0 0 0 0 0 0 0 0 0 0 0 0 0 0 0 0 0 0 0 0 0 0 0 0 0 0 0 0 0 0 0 0 0 0 0 0 0 0 0 0 0 
0 0 0 0 0 0 0 0 0 0 0 0 0 0 0 0 0 0 0 0 0 0 0 0 0 0 0 0 0 0 0 0 0 0 0 0 0 0 0 0 0 0 0 0 0 0 0 0 0 0 0 0 0 0 0 0 0 0 0 0 0 0 0 0 0 0 0 0 0 0 0 0 0 0 0 0 0 0 0 0 0 0 0 0 0 0 0 0 229.1173917 337.9592737 1053.536791 927.0839065 1863.190662 1088.431259 2615.711452 1387.763105 480.0984443 3452.610173 3518.696773 2548.315534 6819.483921 7132.30721 8958.602842 6321.243166 4445.581537 2681.990563 13340.84159 9514.200523 9600.276555 12629.40074 11555.57149 15520.20333 15848.9381 7938.815928 15437.02274 16857.51479 16866.46421 15848.08707 14427.59101 25024.95065 17010.22329 19359.20205 22864.53807 10008.31618 29148.18507 15279.55732 22220.59783 21900.34614 15514.97873 18040.00705 18457.06896 25126.89855 9388.738788 23564.929 25016.3024 19644.82905 16364.06369 22043.11807 15653.23537 19455.4307 18498.38827 20719.4358 18044.27975 15271.39878 13487.30071 12234.70022 11903.13479 11445.03936 10522.40851 10027.00898 8444.492146 7554.755701 4934.923567 6950.250039 3734.127602 5687.120395 6024.243593 2495.487272 3601.234553 2167.278271 1534.570722 3326.417426 1802.90769 1975.349135 776.1251469 604.3363713 241.2913803 150.5306887 0 0 0 0 0 0 0 0 0 0 0 0 0 0 0 0 0 0 0 0 0 0 0 0 0 0 0 0 0 0 0 0 0 0 0 0 0 0 0 0 0 0 0 0 0 0 0 0 0 0 0 0 0 0 0 0 0 0 0 0 0 0 0 0 0 0 0 0 0 0 0 0 0 0 0 0 0 0 0 0 0 0 0 0 0 0 0 0 
0 0 0 0 0 0 0 0 0 0 0 0 0 0 0 0 0 0 0 0 0 0 0 0 0 0 0 0 0 0 0 0 0 0 0 0 0 0 0 0 0 0 0 0 0 0 0 0 0 0 0 0 0 0 0 0 0 0 0 0 0 0 0 0 0 0 0 0 0 0 0 0 0 0 0 0 0 0 0 0 0 0 0 0 0 0 0 44.29256491 113.8820012 0 1102.249841 0 2081.741478 1967.221976 2640.502933 3585.554231 4253.703504 3555.578749 4427.14972 6518.878443 5135.339785 6715.776189 7701.395219 8170.638784 6857.92237 8938.54589 6159.198709 8304.431579 9951.350215 14617.48717 10363.63979 12321.98896 10734.73592 13477.02371 15327.05456 15667.58478 14421.56481 17846.30286 26848.76526 16742.67947 18908.88044 21769.02692 22718.34323 19325.04087 24531.04653 17920.94029 25822.61876 25345.35843 22379.05261 23323.57174 29667.5098 16165.86079 24611.56779 18862.82867 16739.54178 14897.34486 22811.77183 17162.18855 21190.93644 15185.2673 8454.708759 13200.26878 14576.08327 12644.15889 15919.71037 11894.79305 15179.02508 9697.538071 12026.79379 10855.21977 9271.266272 8364.824533 5230.291001 7210.644134 5502.121783 5479.571658 4376.567019 2569.130549 1290.02834 2252.565386 2678.228482 84.48070955 2271.152146 0 1206.653471 0 622.5313852 208.2262033 0 0 0 0 0 0 0 0 0 0 0 0 0 0 0 0 0 0 0 0 0 0 0 0 0 0 0 0 0 0 0 0 0 0 0 0 0 0 0 0 0 0 0 0 0 0 0 0 0 0 0 0 0 0 0 0 0 0 0 0 0 0 0 0 0 0 0 0 0 0 0 0 0 0 0 0 0 0 0 0 0 0 0 0 0 0 0 0 
0 0 0 0 0 0 0 0 0 0 0 0 0 0 0 0 0 0 0 0 0 0 0 0 0 0 0 0 0 0 0 0 0 0 0 0 0 0 0 0 0 0 0 0 0 0 0 0 0 0 0 0 0 0 0 0 0 0 0 0 0 0 0 0 0 0 0 0 0 0 0 0 0 0 0 0 0 0 0 0 0 0 0 0 0 0 0 0 462.2776697 343.0464753 943.5170838 1403.252546 0 1311.640122 1538.448264 4289.521272 2956.628306 2924.787264 4535.664344 6957.372057 5635.163446 4684.745365 6595.798783 8497.184696 11905.61833 6708.616481 7544.814737 9874.445083 9188.001663 12031.56285 10847.5887 13733.15928 9753.47562 16260.69505 16512.6311 16325.78181 19654.46147 17102.82457 21570.23626 22598.16425 15357.9742 17227.77283 24544.61769 18595.07905 21235.71515 18224.3024 24543.50638 24562.93024 18419.56252 12616.06326 23280.59426 23758.25288 19114.54365 22243.81771 20065.04806 17790.66943 23440.93521 11540.48469 18830.82493 18509.82628 19861.94357 17492.54333 15683.1625 13641.49919 10540.01084 17481.51768 14632.80902 12860.55746 7554.589691 10499.64238 9248.18213 9030.916211 7904.128903 6707.057739 2827.778361 1639.515513 4910.761145 4902.864853 3889.417267 4381.901713 3457.287415 3387.766975 1951.723569 835.2418272 1065.591766 123.1805231 723.0869043 0 0 0 0 0 0 0 0 0 0 0 0 0 0 0 0 0 0 0 0 0 0 0 0 0 0 0 0 0 0 0 0 0 0 0 0 0 0 0 0 0 0 0 0 0 0 0 0 0 0 0 0 0 0 0 0 0 0 0 0 0 0 0 0 0 0 0 0 0 0 0 0 0 0 0 0 0 0 0 0 0 0 0 0 0 0 0 0 0 
0 0 0 0 0 0 0 0 0 0 0 0 0 0 0 0 0 0 0 0 0 0 0 0 0 0 0 0 0 0 0 0 0 0 0 0 0 0 0 0 0 0 0 0 0 0 0 0 0 0 0 0 0 0 0 0 0 0 0 0 0 0 0 0 0 0 0 0 0 0 0 0 0 0 0 0 0 0 0 0 0 0 0 0 0 0 0 0 16.11389305 0 667.3386595 842.9988985 765.958151 2683.590308 948.4295191 3605.951798 2830.470534 4552.686777 3275.705337 3818.487604 6444.297272 5310.531385 6490.791876 10011.56841 10287.08435 8207.187487 7228.621312 14527.40145 9544.198166 11867.21684 11044.71077 13186.26301 16160.83415 13530.32992 13133.84831 18022.31627 18551.38176 14972.33492 16418.24399 13917.56527 19493.82733 18121.32539 28117.75381 25378.83662 27510.28288 18770.26332 17526.53886 21811.24644 24396.50305 25596.91278 32267.28818 26302.4036 19753.70831 19629.8941 27565.97034 20606.8004 22720.58317 21556.82831 17606.51237 18639.67864 7919.369018 15678.01945 14592.24421 12658.45923 17035.36619 13507.53168 8432.330534 11096.67097 12123.11877 9577.896512 5631.615735 8417.833984 5944.219501 4040.19735 3408.157902 4237.347266 5037.794226 3044.548643 3987.736265 3280.613564 3435.186891 1207.340145 1103.579274 1194.737719 1470.084714 816.5364223 496.1678649 181.4432686 0 0 0 0 0 0 0 0 0 0 0 0 0 0 0 0 0 0 0 0 0 0 0 0 0 0 0 0 0 0 0 0 0 0 0 0 0 0 0 0 0 0 0 0 0 0 0 0 0 0 0 0 0 0 0 0 0 0 0 0 0 0 0 0 0 0 0 0 0 0 0 0 0 0 0 0 0 0 0 0 0 0 0 0 0 0 0 0 
0 0 0 0 0 0 0 0 0 0 0 0 0 0 0 0 0 0 0 0 0 0 0 0 0 0 0 0 0 0 0 0 0 0 0 0 0 0 0 0 0 0 0 0 0 0 0 0 0 0 0 0 0 0 0 0 0 0 0 0 0 0 0 0 0 0 0 0 0 0 0 0 0 0 0 0 0 0 0 0 0 0 0 0 0 0 0 0 0 0 747.5657659 1057.063933 2012.186595 1310.699825 3095.691411 3277.092602 4548.388064 4145.61047 7575.114454 6361.144353 3198.313658 3447.281438 6490.864043 6842.487368 7907.495215 8542.594644 11582.33331 10176.26345 13549.66879 12967.86344 14303.04625 9893.239655 15841.72971 13565.7455 13868.51448 20076.51465 18075.35773 17268.3996 17931.31968 21339.85085 17504.64852 18834.60422 23004.76509 22953.11557 19875.55914 29172.21942 22957.36105 20497.54699 21710.71119 27620.11885 24608.71567 21282.12791 22070.06444 23351.19136 24464.24494 20632.31477 24125.46466 19005.83416 14945.43024 19959.74697 19587.14227 17646.02498 9984.246932 15181.77912 16721.09257 10526.46922 13153.80087 7011.117822 5842.049653 8316.027873 10173.36646 11189.65957 9181.181666 6669.538297 3316.125369 5750.729215 4348.820977 1142.19323 2525.929701 965.1921533 2457.306866 2494.572238 1709.943218 1565.399531 0 443.1312861 648.6969689 156.0139385 0 0 0 0 0 0 0 0 0 0 0 0 0 0 0 0 0 0 0 0 0 0 0 0 0 0 0 0 0 0 0 0 0 0 0 0 0 0 0 0 0 0 0 0 0 0 0 0 0 0 0 0 0 0 0 0 0 0 0 0 0 0 0 0 0 0 0 0 0 0 0 0 0 0 0 0 0 0 0 0 0 0 0 0 0 0 0 0 
0 0 0 0 0 0 0 0 0 0 0 0 0 0 0 0 0 0 0 0 0 0 0 0 0 0 0 0 0 0 0 0 0 0 0 0 0 0 0 0 0 0 0 0 0 0 0 0 0 0 0 0 0 0 0 0 0 0 0 0 0 0 0 0 0 0 0 0 0 0 0 0 0 0 0 0 0 0 0 0 0 0 0 0 0 0 0 24.32152483 62.22120913 110.6894404 980.3973858 685.8732544 1476.885057 25.3812709 2248.083828 2410.799923 3293.237371 4915.767668 5867.848747 4761.712552 3750.973844 7518.491283 7351.016121 8220.751924 11379.53388 11249.05751 11473.05235 12752.61744 8489.329931 15253.12346 14706.46525 11599.82546 11259.64661 13462.31276 13471.42136 21075.17837 16982.59378 17306.01053 19361.56623 18570.70179 19761.33775 20843.13713 21091.1313 15983.91196 15326.00421 23440.58348 26305.5608 23490.76285 22476.9199 15908.76369 27142.82026 24173.82186 20610.40852 17578.22813 17067.2677 28691.13654 24372.50972 21588.4822 14770.6294 14366.1372 13400.10279 19892.11227 14988.69152 12068.19816 12443.0979 10619.63031 14038.46362 14749.79775 6203.951828 7286.784989 6459.856931 11453.96931 2370.242786 10347.44845 5498.34809 5196.620414 3485.891111 4910.120201 3342.719275 3417.309114 1738.915244 810.9945 1906.400842 1641.853684 1141.029494 1109.052068 0 0 0 0 0 0 0 0 0 0 0 0 0 0 0 0 0 0 0 0 0 0 0 0 0 0 0 0 0 0 0 0 0 0 0 0 0 0 0 0 0 0 0 0 0 0 0 0 0 0 0 0 0 0 0 0 0 0 0 0 0 0 0 0 0 0 0 0 0 0 0 0 0 0 0 0 0 0 0 0 0 0 0 0 0 0 0 0 0 0 
0 0 0 0 0 0 0 0 0 0 0 0 0 0 0 0 0 0 0 0 0 0 0 0 0 0 0 0 0 0 0 0 0 0 0 0 0 0 0 0 0 0 0 0 0 0 0 0 0 0 0 0 0 0 0 0 0 0 0 0 0 0 0 0 0 0 0 0 0 0 0 0 0 0 0 0 0 0 0 0 0 0 0 0 0 0 0 0 123.1987547 58.96042388 525.9466245 1559.222512 991.4295383 2020.128383 1813.364437 4125.547181 3684.212878 2844.631533 5513.032395 3339.138827 6750.115742 7505.64063 8123.016623 8074.804171 7905.081111 9722.570627 10009.81266 10903.67442 11127.77347 13406.52786 13289.85205 13064.12399 12996.4504 13477.82508 5365.056329 24768.91 16107.4717 19482.70923 22504.06063 21763.25975 17451.82597 24424.2575 21291.08086 22177.66969 20408.18595 22212.16401 12019.1934 25644.04014 12325.56272 22596.03281 37038.09383 19782.9229 20920.03941 21399.73548 23532.91023 23395.59025 20306.65402 24388.18537 14694.28769 16588.52859 17322.27422 13700.47082 12928.17069 21466.51652 15317.20324 7040.224206 12580.62326 10204.01052 12895.32072 12504.68158 11174.54715 4868.32198 4511.502616 7899.170916 7004.735568 4186.835623 1981.369386 4296.203088 3821.680823 2487.550765 2588.145734 2308.024065 2336.286861 1672.745532 1403.436872 785.5616371 695.7552682 411.6283792 102.5378506 0 0 0 0 0 0 0 0 0 0 0 0 0 0 0 0 0 0 0 0 0 0 0 0 0 0 0 0 0 0 0 0 0 0 0 0 0 0 0 0 0 0 0 0 0 0 0 0 0 0 0 0 0 0 0 0 0 0 0 0 0 0 0 0 0 0 0 0 0 0 0 0 0 0 0 0 0 0 0 0 0 0 0 0 0 0 0 
0 0 0 0 0 0 0 0 0 0 0 0 0 0 0 0 0 0 0 0 0 0 0 0 0 0 0 0 0 0 0 0 0 0 0 0 0 0 0 0 0 0 0 0 0 0 0 0 0 0 0 0 0 0 0 0 0 0 0 0 0 0 0 0 0 0 0 0 0 0 0 0 0 0 0 0 0 0 0 0 0 0 0 0 0 0 0 0 158.2332241 276.4748839 283.6468118 922.6590724 906.2818178 2195.438429 1193.419259 1992.533148 3899.764894 4353.237272 5321.15126 6012.310321 5072.980529 6538.802328 7663.165045 5653.864354 6864.121224 8994.097344 9420.983001 11765.6019 12826.7021 10658.57182 11608.54438 17262.58411 11578.26579 15578.67055 26917.97976 22293.06576 19444.11859 17432.69019 20650.40008 18464.39122 24280.55834 27708.73011 22642.17861 23436.73085 20561.55911 26302.96095 28697.97728 26714.52259 24146.06571 15392.7678 16165.85276 13918.25544 18460.78827 23935.39788 19903.50658 18631.28797 15164.0354 17957.83096 21142.21221 17986.47264 15270.65188 14466.66655 14200.20798 11178.89316 15701.56254 15679.82229 10922.14645 10043.56284 11717.09155 11496.62307 12312.57169 9005.996779 7560.661947 7496.703959 6034.237647 6487.734967 4573.488782 3723.994839 2905.580842 3271.698125 3166.429027 1415.369517 2743.825544 1320.465931 1039.373079 860.5705379 684.0207688 85.84429914 0 0 0 0 0 0 0 0 0 0 0 0 0 0 0 0 0 0 0 0 0 0 0 0 0 0 0 0 0 0 0 0 0 0 0 0 0 0 0 0 0 0 0 0 0 0 0 0 0 0 0 0 0 0 0 0 0 0 0 0 0 0 0 0 0 0 0 0 0 0 0 0 0 0 0 0 0 0 0 0 0 0 0 0 0 0 0 0 
0 0 0 0 0 0 0 0 0 0 0 0 0 0 0 0 0 0 0 0 0 0 0 0 0 0 0 0 0 0 0 0 0 0 0 0 0 0 0 0 0 0 0 0 0 0 0 0 0 0 0 0 0 0 0 0 0 0 0 0 0 0 0 0 0 0 0 0 0 0 0 0 0 0 0 0 0 0 0 0 0 0 0 0 0 0 0 0 256.2886265 581.6901415 793.1858148 1683.416869 1253.345174 765.6758951 2631.434025 3710.423387 4073.260994 3915.385932 3869.812314 6207.953408 5226.489008 7625.120464 9207.86378 7969.439175 11049.99137 8176.355448 8721.767901 7701.282308 11548.18148 11672.76414 12445.68374 14543.40277 9741.115952 14003.14691 13177.95699 15048.60306 18887.93322 18098.11467 19280.3494 19981.49028 21501.27268 18193.47814 24236.03824 22995.74099 20865.4305 21384.45546 21538.37018 23705.33284 28297.38101 27357.9474 23123.17387 24624.40553 19941.5131 22749.98487 19884.19121 18557.89444 19224.25406 17658.79632 16729.68758 19517.93422 14589.39778 14082.50988 7816.62613 14468.66968 14187.80768 15322.4584 13167.74396 8551.451704 13017.60666 9792.815738 9763.062633 10193.2131 7033.085936 5399.178636 7785.174298 7883.088738 6101.134023 2833.471225 3377.473038 3176.899037 2453.443868 2259.379727 1176.071517 1551.323176 1258.133687 355.5339371 91.10171552 200.6909456 0 0 0 0 0 0 0 0 0 0 0 0 0 0 0 0 0 0 0 0 0 0 0 0 0 0 0 0 0 0 0 0 0 0 0 0 0 0 0 0 0 0 0 0 0 0 0 0 0 0 0 0 0 0 0 0 0 0 0 0 0 0 0 0 0 0 0 0 0 0 0 0 0 0 0 0 0 0 0 0 0 0 0 0 0 0 0 0 
0 0 0 0 0 0 0 0 0 0 0 0 0 0 0 0 0 0 0 0 0 0 0 0 0 0 0 0 0 0 0 0 0 0 0 0 0 0 0 0 0 0 0 0 0 0 0 0 0 0 0 0 0 0 0 0 0 0 0 0 0 0 0 0 0 0 0 0 0 0 0 0 0 0 0 0 0 0 0 0 0 0 0 0 0 0 0 0 0 843.3737753 561.0579399 874.0151315 1244.322232 963.6029849 2682.12604 1986.473883 2376.067325 4218.135624 5284.72482 4466.762133 5214.771785 6309.500057 5356.323396 5953.916006 7449.575908 10459.07189 9894.285888 10578.55768 6768.769273 10225.61066 7576.396364 12737.24761 4308.538212 18167.74298 16469.43433 17293.56003 17585.73667 13371.77063 17567.13207 26763.94976 19891.80402 21213.99051 17460.5264 23415.63111 26828.02763 29460.06975 24344.63016 19818.90693 22170.66111 23997.55403 23806.43637 22463.29239 17730.37705 16073.95388 12461.44816 18979.4414 18843.3669 16049.95373 19908.78476 20334.51999 16058.36297 20293.60772 19519.506 18233.43283 9888.332586 10227.50449 12212.99397 11155.94543 7144.808837 9796.419469 7421.333159 7930.222701 9133.859648 5061.47159 5888.623124 6854.235898 3002.557293 3577.329811 3533.720237 3620.533176 3381.929178 3197.818939 1369.683895 1319.449854 996.9977766 320.240554 356.1240221 367.4463878 150.3675209 0 0 0 0 0 0 0 0 0 0 0 0 0 0 0 0 0 0 0 0 0 0 0 0 0 0 0 0 0 0 0 0 0 0 0 0 0 0 0 0 0 0 0 0 0 0 0 0 0 0 0 0 0 0 0 0 0 0 0 0 0 0 0 0 0 0 0 0 0 0 0 0 0 0 0 0 0 0 0 0 0 0 0 0 0 0 0 
0 0 0 0 0 0 0 0 0 0 0 0 0 0 0 0 0 0 0 0 0 0 0 0 0 0 0 0 0 0 0 0 0 0 0 0 0 0 0 0 0 0 0 0 0 0 0 0 0 0 0 0 0 0 0 0 0 0 0 0 0 0 0 0 0 0 0 0 0 0 0 0 0 0 0 0 0 0 0 0 0 0 0 0 0 0 0 0 196.9918689 19.53881224 1054.307321 876.9313682 461.0628777 200.8356858 1861.262874 2667.059051 2115.58105 3536.197957 4646.550075 6365.528869 4726.195115 4608.636807 6513.962671 8203.988365 11061.24983 8716.487925 7428.041238 12219.9331 12031.25953 12102.03071 9925.599106 14284.09402 16162.88438 12457.3306 21417.61418 19322.933 15100.33575 17305.40198 8493.065941 17789.35655 23320.77265 13986.0118 22739.81582 16749.99495 20420.81218 9354.462155 30541.16485 20489.14369 22019.38211 15762.93417 21087.2617 26638.6645 19264.01821 22562.50561 20704.02643 24184.42843 17714.56254 14372.68973 16988.96702 18227.17411 14362.55481 12210.92621 15001.86005 15269.55012 13076.32734 15497.12325 8448.449683 11155.81683 10578.32734 13750.31209 8487.385665 5905.899674 7628.263324 9205.265888 7096.758225 5022.28758 5193.452075 4097.20531 3341.540048 3525.795881 1988.516461 1364.747935 2531.051801 2006.49374 389.1042642 959.7658442 577.7384193 268.2829682 0 0 0 0 0 0 0 0 0 0 0 0 0 0 0 0 0 0 0 0 0 0 0 0 0 0 0 0 0 0 0 0 0 0 0 0 0 0 0 0 0 0 0 0 0 0 0 0 0 0 0 0 0 0 0 0 0 0 0 0 0 0 0 0 0 0 0 0 0 0 0 0 0 0 0 0 0 0 0 0 0 0 0 0 0 0 0 0 
0 0 0 0 0 0 0 0 0 0 0 0 0 0 0 0 0 0 0 0 0 0 0 0 0 0 0 0 0 0 0 0 0 0 0 0 0 0 0 0 0 0 0 0 0 0 0 0 0 0 0 0 0 0 0 0 0 0 0 0 0 0 0 0 0 0 0 0 0 0 0 0 0 0 0 0 0 0 0 0 0 0 0 0 0 0 0 0 0 0 774.508573 1830.165849 1389.924472 345.9001891 2611.467235 0 1995.900395 2726.35828 4405.295351 5046.402839 6811.287028 6906.446325 6390.783091 9047.241631 7294.427521 9539.14568 8422.514245 8955.671893 10262.28516 11789.21543 12428.11301 10064.35676 11140.70763 7041.881147 8509.481961 13550.52866 15532.61687 22268.79401 22405.89249 16196.32841 24174.00427 22189.76922 20841.43034 22735.97418 23398.85615 28674.95486 21578.8291 25873.10201 25512.18217 21450.04897 17365.99429 20497.08946 21242.516 15947.30351 24641.0503 21823.84194 17105.72419 15747.88282 21302.56145 10649.27658 20174.31303 18231.54586 14722.16083 12599.28191 11317.09198 12388.02631 14168.03005 10806.28878 9193.820432 11076.87288 6310.872584 4248.635651 9326.417269 7290.768826 5590.977263 5411.152013 5624.629545 3352.755765 3188.016009 3798.080072 3615.627605 2477.84703 1634.187362 2305.556384 592.9861774 802.3062253 507.6029844 0 0 0 0 0 0 0 0 0 0 0 0 0 0 0 0 0 0 0 0 0 0 0 0 0 0 0 0 0 0 0 0 0 0 0 0 0 0 0 0 0 0 0 0 0 0 0 0 0 0 0 0 0 0 0 0 0 0 0 0 0 0 0 0 0 0 0 0 0 0 0 0 0 0 0 0 0 0 0 0 0 0 0 0 0 0 0 0 0 
0 0 0 0 0 0 0 0 0 0 0 0 0 0 0 0 0 0 0 0 0 0 0 0 0 0 0 0 0 0 0 0 0 0 0 0 0 0 0 0 0 0 0 0 0 0 0 0 0 0 0 0 0 0 0 0 0 0 0 0 0 0 0 0 0 0 0 0 0 0 0 0 0 0 0 0 0 0 0 0 0 0 0 0 0 0 0 0 75.91454753 440.0654349 0 994.0761231 890.6830463 2689.53756 699.8075995 1077.082744 2670.291958 3365.473378 4198.072378 3252.425509 6984.365557 7242.682808 8366.092964 5783.642304 10914.04307 10617.18614 10981.4385 9320.850283 9494.702636 11987.91191 18358.18637 17749.49183 15858.38108 17047.35285 15842.81431 13766.90921 17784.85424 14782.69934 20169.08356 16133.9969 21075.2743 21591.13794 16710.85965 11542.91412 21602.37653 24307.97007 23790.51309 25271.14323 22458.50956 26951.05706 24569.68795 17456.44688 17129.40319 26595.1568 22104.24065 19455.56938 17707.95335 21742.16618 19154.62446 16943.27823 12408.46242 11663.15241 14112.82845 10323.06305 15128.37763 14904.24478 12417.15864 14894.63944 9557.912319 4848.661253 8224.398072 7875.370905 6352.497326 6397.694911 2449.075615 6419.500712 5285.794223 4911.244419 3543.159002 2044.790602 3205.785616 2966.525615 1867.605597 972.4855099 1055.28331 138.1919943 494.4576899 134.1910493 31.0163466 0 0 0 0 0 0 0 0 0 0 0 0 0 0 0 0 0 0 0 0 0 0 0 0 0 0 0 0 0 0 0 0 0 0 0 0 0 0 0 0 0 0 0 0 0 0 0 0 0 0 0 0 0 0 0 0 0 0 0 0 0 0 0 0 0 0 0 0 0 0 0 0 0 0 0 0 0 0 0 0 0 0 0 0 0 0 0 
0 0 0 0 0 0 0 0 0 0 0 0 0 0 0 0 0 0 0 0 0 0 0 0 0 0 0 0 0 0 0 0 0 0 0 0 0 0 0 0 0 0 0 0 0 0 0 0 0 0 0 0 0 0 0 0 0 0 0 0 0 0 0 0 0 0 0 0 0 0 0 0 0 0 0 0 0 0 0 0 0 0 0 0 0 0 0 27.43370755 83.25780466 651.5398648 0 636.9540065 2143.136594 1297.404775 2945.668704 3046.650431 3563.634235 5091.360465 4892.100738 2629.351628 7120.457065 5787.665414 7789.163325 8479.699634 7641.187735 14609.48705 10611.59492 12480.30447 10259.63052 13422.65467 10731.86619 11167.06129 14726.71956 9516.884487 14711.00843 19189.79383 15944.30521 17666.64275 15867.5559 18346.18402 22976.98559 20203.36101 28304.63066 30806.60938 24707.28437 16680.69529 24138.39642 22469.18079 17546.18402 20549.52909 28368.76568 26345.77449 24746.78812 17091.91385 19868.77124 10908.10692 13895.81674 16251.03817 21694.7994 19901.415 17766.8465 14149.71254 18690.86965 12762.05746 20428.50344 9553.581947 14360.26866 10798.81056 8565.826352 9464.411808 6242.331645 1957.637537 7355.858589 4981.179756 7183.808644 8602.732961 2532.1946 3307.108033 3067.63235 2852.322397 3978.061447 2940.765573 1841.422284 1462.839138 0 750.907272 0 45.61998047 0 0 0 0 0 0 0 0 0 0 0 0 0 0 0 0 0 0 0 0 0 0 0 0 0 0 0 0 0 0 0 0 0 0 0 0 0 0 0 0 0 0 0 0 0 0 0 0 0 0 0 0 0 0 0 0 0 0 0 0 0 0 0 0 0 0 0 0 0 0 0 0 0 0 0 0 0 0 0 0 0 0 0 0 0 0 0 0 
0 0 0 0 0 0 0 0 0 0 0 0 0 0 0 0 0 0 0 0 0 0 0 0 0 0 0 0 0 0 0 0 0 0 0 0 0 0 0 0 0 0 0 0 0 0 0 0 0 0 0 0 0 0 0 0 0 0 0 0 0 0 0 0 0 0 0 0 0 0 0 0 0 0 0 0 0 0 0 0 0 0 0 0 0 0 0 0 0 443.8394837 829.4146886 1292.062075 1739.11276 1646.434936 2284.334759 2935.758458 4427.19391 2749.237867 4409.320783 3743.417392 5483.964073 4541.079222 4949.468816 8548.414755 11162.4796 11445.87995 6491.924935 12351.64755 8628.675186 13260.98469 9806.089232 12493.0547 16180.88711 13361.89902 13609.27478 20612.35036 11729.62963 21694.67451 23678.47223 23534.2869 16632.92214 18702.9252 18515.54318 16441.46219 29596.5267 21678.49524 26984.29357 19857.98569 22361.57469 20331.30667 20597.86285 13445.96812 29619.78822 18802.29908 15941.05057 20900.17065 19354.33076 19830.13962 9483.262024 18978.20488 14486.91028 16642.00815 20521.4741 14998.50735 12182.19116 14597.77852 11616.83467 12666.39164 12691.64274 8700.365193 7202.243108 7838.000426 8949.810311 6798.818172 5798.820512 5242.53417 6285.876566 5661.790582 3827.141901 3085.81717 3449.860477 402.0092165 2289.452028 902.4541514 1589.101725 976.9928075 881.5616347 304.0119333 0 0 0 0 0 0 0 0 0 0 0 0 0 0 0 0 0 0 0 0 0 0 0 0 0 0 0 0 0 0 0 0 0 0 0 0 0 0 0 0 0 0 0 0 0 0 0 0 0 0 0 0 0 0 0 0 0 0 0 0 0 0 0 0 0 0 0 0 0 0 0 0 0 0 0 0 0 0 0 0 0 0 0 0 0 0 0 0 
0 0 0 0 0 0 0 0 0 0 0 0 0 0 0 0 0 0 0 0 0 0 0 0 0 0 0 0 0 0 0 0 0 0 0 0 0 0 0 0 0 0 0 0 0 0 0 0 0 0 0 0 0 0 0 0 0 0 0 0 0 0 0 0 0 0 0 0 0 0 0 0 0 0 0 0 0 0 0 0 0 0 0 0 0 0 0 0 167.6390527 794.7909833 324.0590579 1152.734851 1570.934925 700.9865209 1995.804904 3577.31807 3485.705463 4079.414311 5408.14799 5792.056012 7653.125922 8622.398237 8943.510145 7612.335638 10430.00036 11207.59839 7719.65355 10663.61488 14544.03712 5002.660668 10529.30585 15309.89994 15465.9474 12117.44613 15131.85017 16797.24486 16467.77598 21865.92694 17149.77531 17654.05734 20564.66555 25715.17922 20314.00947 20560.51705 28986.67525 20985.36416 21302.55558 22098.4171 25465.89579 22298.49663 24837.97782 29473.54044 26804.60699 25689.18706 19610.38119 23175.89427 23441.6528 19259.42098 22407.80176 16183.75346 14217.76361 13959.20113 10661.49342 11970.75452 15453.51325 17152.64431 11702.97525 15215.94353 9432.865071 8775.346014 6606.346425 6211.47761 7204.164128 5640.22538 5211.520333 5851.405306 5267.221031 2951.840159 3655.550133 2244.708096 3026.611016 2626.788299 2542.391308 1333.764141 0 601.5876432 576.2825137 151.4985619 0 0 0 0 0 0 0 0 0 0 0 0 0 0 0 0 0 0 0 0 0 0 0 0 0 0 0 0 0 0 0 0 0 0 0 0 0 0 0 0 0 0 0 0 0 0 0 0 0 0 0 0 0 0 0 0 0 0 0 0 0 0 0 0 0 0 0 0 0 0 0 0 0 0 0 0 0 0 0 0 0 0 0 0 0 0 0 0 
0 0 0 0 0 0 0 0 0 0 0 0 0 0 0 0 0 0 0 0 0 0 0 0 0 0 0 0 0 0 0 0 0 0 0 0 0 0 0 0 0 0 0 0 0 0 0 0 0 0 0 0 0 0 0 0 0 0 0 0 0 0 0 0 0 0 0 0 0 0 0 0 0 0 0 0 0 0 0 0 0 0 0 0 0 0 0 0 305.3762609 738.2603582 772.2349944 0 1360.190438 2049.96856 3509.548904 3581.352173 3957.944008 4950.355225 6880.764366 6330.078239 5486.256587 6454.842345 5705.541525 6631.496542 9602.669426 10190.98465 11686.56728 10241.67899 13167.80103 15929.76657 13137.87439 11955.03871 14482.62648 10037.65387 17567.56355 19010.53809 18337.05431 25711.15436 21664.96641 24762.48904 22057.66233 23552.8345 20282.12022 26647.87596 27191.7872 24413.20786 18444.22055 24023.95767 15395.89926 29727.81022 16252.08363 13735.43004 22685.2801 24511.87227 31796.07451 22670.25356 22281.36733 16967.07221 17120.43994 18271.63105 14862.65733 14044.8683 18990.02039 11990.16469 13415.29604 14663.78217 12967.03135 10645.81192 10057.97161 11816.05187 9295.132114 6463.222471 8628.36696 6366.23411 7592.298202 7075.665635 2666.981453 2655.354684 3601.86 3498.00737 3281.618006 1608.697341 1448.24217 741.6946179 940.3491521 1275.721497 448.177964 185.2401995 0 0 0 0 0 0 0 0 0 0 0 0 0 0 0 0 0 0 0 0 0 0 0 0 0 0 0 0 0 0 0 0 0 0 0 0 0 0 0 0 0 0 0 0 0 0 0 0 0 0 0 0 0 0 0 0 0 0 0 0 0 0 0 0 0 0 0 0 0 0 0 0 0 0 0 0 0 0 0 0 0 0 0 0 0 0 0 0 
0 0 0 0 0 0 0 0 0 0 0 0 0 0 0 0 0 0 0 0 0 0 0 0 0 0 0 0 0 0 0 0 0 0 0 0 0 0 0 0 0 0 0 0 0 0 0 0 0 0 0 0 0 0 0 0 0 0 0 0 0 0 0 0 0 0 0 0 0 0 0 0 0 0 0 0 0 0 0 0 0 0 0 0 0 0 0 0 0 545.2225531 711.8229216 1115.010063 663.1051572 2513.519174 3338.949085 3660.884659 3759.586804 4799.400919 4188.088875 5811.131352 7082.923498 8455.193077 7882.643783 6004.489401 4945.398032 6784.032153 9086.725767 8973.27774 11482.46047 9613.516203 7655.718617 17110.22392 14069.8766 17004.28703 16720.04114 14531.60948 18591.89597 17727.02659 17340.01201 10369.95692 17432.05179 20099.85304 26029.39989 21595.51588 14958.89076 15034.43926 22609.31085 32437.82418 20428.37904 22574.55855 28727.15203 19552.08906 15897.65484 15027.22772 23232.07199 25187.52126 21047.79197 19184.5721 11859.0805 11551.89388 16338.67177 15557.69811 12980.16146 18724.31176 10704.17231 12453.41412 12623.55613 11798.60599 11305.76688 15099.2279 10953.15135 6735.04888 6398.868974 5994.008632 5948.450601 6900.369659 4748.093874 6227.588205 3239.252536 1986.994511 1907.204606 2550.515263 238.8770825 1229.016578 37.63782924 1042.062632 631.1581919 0 0 0 0 0 0 0 0 0 0 0 0 0 0 0 0 0 0 0 0 0 0 0 0 0 0 0 0 0 0 0 0 0 0 0 0 0 0 0 0 0 0 0 0 0 0 0 0 0 0 0 0 0 0 0 0 0 0 0 0 0 0 0 0 0 0 0 0 0 0 0 0 0 0 0 0 0 0 0 0 0 0 0 0 0 0 0 0 0 
0 0 0 0 0 0 0 0 0 0 0 0 0 0 0 0 0 0 0 0 0 0 0 0 0 0 0 0 0 0 0 0 0 0 0 0 0 0 0 0 0 0 0 0 0 0 0 0 0 0 0 0 0 0 0 0 0 0 0 0 0 0 0 0 0 0 0 0 0 0 0 0 0 0 0 0 0 0 0 0 0 0 0 0 0 0 0 100.7328407 0 575.6956091 686.2549016 1172.091894 906.352266 1718.120721 2664.261325 2143.254384 5050.395088 4316.11225 5771.875186 5145.613064 6405.753581 9005.132971 6986.372424 8396.789029 10963.09343 7834.931593 7937.375807 14337.67892 11314.91197 14020.5677 9943.858204 11913.02989 13932.56654 18731.73594 15929.11313 15153.29892 14507.72393 16291.08022 23083.94026 19895.5879 17343.11734 28051.2252 20626.72309 21482.33492 29530.84617 23936.54303 26042.70118 25932.45805 20045.96812 16997.7015 26634.76177 19288.02021 18351.22992 18253.57067 27462.79283 20935.42277 17408.83065 12623.52563 17815.76308 13174.6551 20378.64685 11311.62519 12366.16454 16271.11753 13557.82044 9295.481764 10673.01952 14287.43098 8845.634248 6074.286432 10029.86401 8667.503306 7460.946309 4997.77688 5741.777372 6745.956362 2927.359565 5713.375162 3896.06653 3788.676214 2905.75224 2132.632537 2051.457833 185.6385423 879.5604242 348.5525506 837.7466156 0 0 0 0 0 0 0 0 0 0 0 0 0 0 0 0 0 0 0 0 0 0 0 0 0 0 0 0 0 0 0 0 0 0 0 0 0 0 0 0 0 0 0 0 0 0 0 0 0 0 0 0 0 0 0 0 0 0 0 0 0 0 0 0 0 0 0 0 0 0 0 0 0 0 0 0 0 0 0 0 0 0 0 0 0 0 0 0 0 
0 0 0 0 0 0 0 0 0 0 0 0 0 0 0 0 0 0 0 0 0 0 0 0 0 0 0 0 0 0 0 0 0 0 0 0 0 0 0 0 0 0 0 0 0 0 0 0 0 0 0 0 0 0 0 0 0 0 0 0 0 0 0 0 0 0 0 0 0 0 0 0 0 0 0 0 0 0 0 0 0 0 0 0 0 0 0 0 0 553.0771525 890.4590314 1000.520691 1417.5673 1582.595819 2642.566837 3247.410499 5578.53352 2221.831679 4924.095373 6357.973523 6998.259597 6616.778199 4404.871048 9016.292476 10110.56736 5760.359502 10535.41822 10552.35608 9489.117499 15331.48273 11163.5431 12042.2772 12278.29128 11458.82237 17673.12749 13810.18151 21646.21852 20692.4641 22947.78377 19821.62493 23896.16331 24478.49655 25232.11914 30398.60147 23210.34713 26283.28756 25811.62337 19903.65135 29490.25687 23880.54019 21882.83395 22447.82606 21183.62899 22418.09191 24128.18418 19071.51137 22846.15625 18071.06992 20832.93901 8487.891892 17649.62296 14383.58968 13179.21522 13003.97537 13591.81303 12274.45436 10835.70058 10924.66061 9627.175429 6360.873255 7711.30127 11370.55245 7097.319837 9208.484272 6623.915802 6071.430189 7007.950959 3922.60356 3697.842995 3578.490625 0 2109.573663 2010.891816 1331.547213 1019.491835 349.2572479 304.04187 0 0 0 0 0 0 0 0 0 0 0 0 0 0 0 0 0 0 0 0 0 0 0 0 0 0 0 0 0 0 0 0 0 0 0 0 0 0 0 0 0 0 0 0 0 0 0 0 0 0 0 0 0 0 0 0 0 0 0 0 0 0 0 0 0 0 0 0 0 0 0 0 0 0 0 0 0 0 0 0 0 0 0 0 0 0 0 0 0 
0 0 0 0 0 0 0 0 0 0 0 0 0 0 0 0 0 0 0 0 0 0 0 0 0 0 0 0 0 0 0 0 0 0 0 0 0 0 0 0 0 0 0 0 0 0 0 0 0 0 0 0 0 0 0 0 0 0 0 0 0 0 0 0 0 0 0 0 0 0 0 0 0 0 0 0 0 0 0 0 0 0 0 0 0 0 0 0 0 574.9610786 795.2089457 327.3876063 1295.673926 2332.84591 1598.697471 2610.024309 3605.139628 1472.108714 2490.46909 7221.256385 7159.544642 8281.548555 4737.15311 11678.79534 5489.693414 10231.84312 7193.589278 6732.477102 7440.587497 11550.77167 8063.345921 15156.05398 14439.55307 20312.3937 14447.58531 19048.17075 10014.09145 15583.97396 24164.84202 16429.66975 27042.6361 21036.87708 23219.07868 18524.0946 20942.42741 28000.76956 22585.49704 28755.96453 25532.87531 24792.68155 25409.99389 29270.98028 27287.14429 20505.5084 18619.93118 20883.08195 25168.51392 16919.0088 19395.25125 17796.30929 13576.55083 15478.71327 13243.86523 11846.24371 7019.212984 13266.8486 10226.738 9432.450271 10607.02685 10738.04267 9732.279918 5371.6027 5924.890946 6617.911003 6432.400651 4980.296845 2951.694125 4278.238443 2108.163581 2833.921561 1977.578405 2484.606001 2603.756938 1185.797775 1049.808451 810.0002051 539.8149105 194.6861891 146.4021025 0 0 0 0 0 0 0 0 0 0 0 0 0 0 0 0 0 0 0 0 0 0 0 0 0 0 0 0 0 0 0 0 0 0 0 0 0 0 0 0 0 0 0 0 0 0 0 0 0 0 0 0 0 0 0 0 0 0 0 0 0 0 0 0 0 0 0 0 0 0 0 0 0 0 0 0 0 0 0 0 0 0 0 0 0 0 0 
0 0 0 0 0 0 0 0 0 0 0 0 0 0 0 0 0 0 0 0 0 0 0 0 0 0 0 0 0 0 0 0 0 0 0 0 0 0 0 0 0 0 0 0 0 0 0 0 0 0 0 0 0 0 0 0 0 0 0 0 0 0 0 0 0 0 0 0 0 0 0 0 0 0 0 0 0 0 0 0 0 0 0 0 0 0 0 0 104.3784052 65.00890356 394.2397 584.8154226 866.0243373 1883.160537 2203.874517 3201.804555 3758.368475 3477.787116 6013.243164 5928.621891 5945.402139 4400.715826 6478.370947 8285.640206 6537.523412 9670.615201 8680.792143 9883.37128 7528.665805 12568.59551 13869.32173 12345.71082 10860.55431 11865.36365 20656.79095 14113.16433 14859.5549 8358.513543 12266.31722 19006.63035 19113.41148 22861.29942 16059.3022 26500.83913 22803.96556 34274.47672 22257.8936 26604.74083 26540.05521 20348.46731 22546.08085 17281.97507 25643.71989 24528.79315 23745.91469 14664.88388 15805.18526 18312.69394 16091.19948 10448.7044 9746.173024 18245.92228 13482.09663 11128.76398 10894.68793 11903.4484 8002.92211 6669.716025 12616.6081 7615.300148 6101.232824 6454.758477 8173.523784 4793.881428 4464.626918 5640.885875 4693.434364 5296.056761 2933.205728 2863.458141 2724.527778 1830.9572 1749.13884 560.1212774 1576.156007 896.3357009 532.589216 0 85.02723763 0 0 0 0 0 0 0 0 0 0 0 0 0 0 0 0 0 0 0 0 0 0 0 0 0 0 0 0 0 0 0 0 0 0 0 0 0 0 0 0 0 0 0 0 0 0 0 0 0 0 0 0 0 0 0 0 0 0 0 0 0 0 0 0 0 0 0 0 0 0 0 0 0 0 0 0 0 0 0 0 0 0 0 0 0 0 0 
0 0 0 0 0 0 0 0 0 0 0 0 0 0 0 0 0 0 0 0 0 0 0 0 0 0 0 0 0 0 0 0 0 0 0 0 0 0 0 0 0 0 0 0 0 0 0 0 0 0 0 0 0 0 0 0 0 0 0 0 0 0 0 0 0 0 0 0 0 0 0 0 0 0 0 0 0 0 0 0 0 0 0 0 0 0 0 86.92136498 0 365.3991106 742.1906691 357.2113416 1346.454341 2623.390553 2878.150972 1539.401949 2238.907523 4124.786128 4898.898533 4199.532955 7672.293759 6105.36208 8801.159909 7127.214923 7863.887726 8471.268642 10253.76136 12066.01382 7433.165888 11761.54552 11193.75623 13454.76046 10783.36179 12718.41402 15824.0922 18040.09154 17488.65031 14496.04341 18255.97861 16600.98943 22837.15748 26482.26087 18493.92506 20816.32005 16718.99231 25449.63245 17935.98167 26699.55343 22752.9895 17694.38022 21962.67334 22461.12111 16490.48002 23741.83771 19407.36636 0 18333.30213 21088.68811 23129.67357 22049.44943 13145.74324 16808.01329 14739.7954 13280.15321 15525.43926 9807.842072 10160.47815 10753.10679 9790.976677 7054.998611 4421.417621 7898.542113 7802.290029 4603.369019 6590.57759 3697.781215 2589.977518 5236.712361 3185.069338 2771.377143 3074.560474 1617.675692 820.1796691 1673.783823 541.3834222 285.3555859 248.851556 0.8664877295 0 0 0 0 0 0 0 0 0 0 0 0 0 0 0 0 0 0 0 0 0 0 0 0 0 0 0 0 0 0 0 0 0 0 0 0 0 0 0 0 0 0 0 0 0 0 0 0 0 0 0 0 0 0 0 0 0 0 0 0 0 0 0 0 0 0 0 0 0 0 0 0 0 0 0 0 0 0 0 0 0 0 0 0 0 0 0 0 
0 0 0 0 0 0 0 0 0 0 0 0 0 0 0 0 0 0 0 0 0 0 0 0 0 0 0 0 0 0 0 0 0 0 0 0 0 0 0 0 0 0 0 0 0 0 0 0 0 0 0 0 0 0 0 0 0 0 0 0 0 0 0 0 0 0 0 0 0 0 0 0 0 0 0 0 0 0 0 0 0 0 0 0 0 0 0 0 0 549.2684202 238.3902115 0 972.4031543 1268.556844 1885.671119 3293.883961 3286.483007 4636.144602 3719.310522 4505.50597 3257.568803 4192.440972 7656.818947 8756.082051 7792.691249 7609.000969 8498.970692 7844.227609 10386.31266 16830.86252 12193.82216 11647.29729 15173.70693 11832.3674 21739.16305 16213.67672 12082.86702 21127.31895 12023.39634 19737.87072 21914.14796 22116.23399 23801.39166 16164.19709 20015.89069 25769.0231 24666.14808 22732.65967 18779.74296 27499.97695 21674.80704 20643.1971 26312.48959 21374.02645 12645.94845 21205.25512 18039.20193 18379.95372 10487.98074 11232.62678 10716.62055 15427.99307 11248.94106 12994.59282 11345.24908 15246.47598 12698.84604 8987.38352 7923.568021 9064.617966 8319.81807 6211.492426 6034.142345 6248.405458 7562.092782 4829.518922 5409.982448 1362.254977 0 3272.79273 1680.882552 1575.119177 1385.083579 2195.539434 777.4075182 282.1863863 420.7178034 487.8495746 0 0 0 0 0 0 0 0 0 0 0 0 0 0 0 0 0 0 0 0 0 0 0 0 0 0 0 0 0 0 0 0 0 0 0 0 0 0 0 0 0 0 0 0 0 0 0 0 0 0 0 0 0 0 0 0 0 0 0 0 0 0 0 0 0 0 0 0 0 0 0 0 0 0 0 0 0 0 0 0 0 0 0 0 0 0 0 0 
0 0 0 0 0 0 0 0 0 0 0 0 0 0 0 0 0 0 0 0 0 0 0 0 0 0 0 0 0 0 0 0 0 0 0 0 0 0 0 0 0 0 0 0 0 0 0 0 0 0 0 0 0 0 0 0 0 0 0 0 0 0 0 0 0 0 0 0 0 0 0 0 0 0 0 0 0 0 0 0 0 0 0 0 0 0 0 0 54.92096875 508.440604 944.7566175 11.02137591 208.3633498 1614.050832 2284.450403 3814.590073 4304.689954 4566.470605 4951.830822 6503.155263 5338.335632 4547.323061 4074.026733 7659.807714 7446.970312 10230.41146 9993.105732 9178.866473 7592.119361 9373.088866 14090.02827 10172.45746 17092.64229 15971.90133 16294.36946 19563.80957 6271.912542 21677.79974 18392.90812 22822.32977 25889.97798 26733.87774 18464.78548 20555.34458 25157.66212 19649.69325 27549.7228 22278.18218 16593.86328 31014.88256 16614.04846 16924.84726 18023.13065 19918.42393 24571.48429 19554.78306 20866.20264 19572.40004 14015.89859 23241.96356 19465.80767 15402.03925 11473.26282 18375.63959 19109.54169 14286.55767 14549.35738 8794.029965 13112.30335 10075.13524 7299.327702 6562.108874 6413.219373 7195.286105 4642.818576 4579.097832 5892.891573 3520.50384 1496.540936 3394.860348 2051.301252 349.2346797 282.920497 1061.6841 1299.634899 706.7471781 331.1277565 386.548946 0 0 0 0 0 0 0 0 0 0 0 0 0 0 0 0 0 0 0 0 0 0 0 0 0 0 0 0 0 0 0 0 0 0 0 0 0 0 0 0 0 0 0 0 0 0 0 0 0 0 0 0 0 0 0 0 0 0 0 0 0 0 0 0 0 0 0 0 0 0 0 0 0 0 0 0 0 0 0 0 0 0 0 0 0 0 0 0 
0 0 0 0 0 0 0 0 0 0 0 0 0 0 0 0 0 0 0 0 0 0 0 0 0 0 0 0 0 0 0 0 0 0 0 0 0 0 0 0 0 0 0 0 0 0 0 0 0 0 0 0 0 0 0 0 0 0 0 0 0 0 0 0 0 0 0 0 0 0 0 0 0 0 0 0 0 0 0 0 0 0 0 0 0 0 0 0 98.90165344 187.3129849 701.6145181 717.762058 1052.222521 1982.538519 1600.046846 2092.196397 2419.733216 4280.322149 5938.725742 4218.600786 4392.589567 5313.761348 4512.018372 7368.250563 8427.566749 10131.18845 7729.365548 13870.23341 10767.45936 6284.092558 15344.67018 7898.427208 15770.06272 14785.48856 13366.9453 17004.64883 22175.07337 18154.10338 19283.72766 18432.7591 17780.23186 19600.80797 11530.84205 16932.81894 18884.91098 18159.23822 19842.022 22948.28407 22941.27876 23605.10866 20489.41546 18609.98978 29120.0742 24065.19331 10969.98844 12910.5996 20145.50241 11089.1706 19243.64229 20664.93259 22966.58235 20712.69195 16904.97574 18236.18772 12468.59254 10317.34335 11305.37948 14958.91467 12856.14523 5262.032524 11421.80735 10482.95004 8240.748783 6651.748052 6169.350691 4846.663656 2601.165249 1379.574712 1935.34081 3500.231467 3349.214565 2470.798778 2111.363613 1228.847513 1291.951734 865.1398497 385.8000035 240.1316586 0 0 0 0 0 0 0 0 0 0 0 0 0 0 0 0 0 0 0 0 0 0 0 0 0 0 0 0 0 0 0 0 0 0 0 0 0 0 0 0 0 0 0 0 0 0 0 0 0 0 0 0 0 0 0 0 0 0 0 0 0 0 0 0 0 0 0 0 0 0 0 0 0 0 0 0 0 0 0 0 0 0 0 0 0 0 0 0 
0 0 0 0 0 0 0 0 0 0 0 0 0 0 0 0 0 0 0 0 0 0 0 0 0 0 0 0 0 0 0 0 0 0 0 0 0 0 0 0 0 0 0 0 0 0 0 0 0 0 0 0 0 0 0 0 0 0 0 0 0 0 0 0 0 0 0 0 0 0 0 0 0 0 0 0 0 0 0 0 0 0 0 0 0 0 0 0 90.23291646 0 941.0644626 835.9612031 1672.896258 1442.005686 1618.32299 2768.73454 2256.954371 5407.135646 5153.83668 4452.7612 4703.95396 4547.625598 6294.105344 7338.133887 8938.412551 9413.240837 9034.283371 8001.409925 10087.88337 11581.75462 13186.55508 12280.18023 12964.49917 12963.18862 13258.69911 21385.68667 14787.64541 16187.23834 23010.32601 14992.08507 14130.61261 17386.76752 24756.30624 15476.45771 20111.84168 24446.49875 25443.89841 18709.57349 30800.59862 17781.87923 21143.23688 20919.97356 20628.93932 17900.21076 27068.08743 27034.33347 11418.7714 16802.826 18302.26987 10316.23738 12918.64221 19517.09849 12872.88676 15892.6388 13298.13038 14360.53392 14639.92236 14119.20071 8964.93264 8754.781777 6840.422529 6003.129918 9017.253188 6320.180089 3882.319734 5185.245402 4272.986816 3850.30551 3391.295658 2755.555306 1178.795791 2729.132056 41.67182792 743.0906673 1060.706295 692.636621 714.2452011 288.7118302 0 0 0 0 0 0 0 0 0 0 0 0 0 0 0 0 0 0 0 0 0 0 0 0 0 0 0 0 0 0 0 0 0 0 0 0 0 0 0 0 0 0 0 0 0 0 0 0 0 0 0 0 0 0 0 0 0 0 0 0 0 0 0 0 0 0 0 0 0 0 0 0 0 0 0 0 0 0 0 0 0 0 0 0 0 0 0 0 
0 0 0 0 0 0 0 0 0 0 0 0 0 0 0 0 0 0 0 0 0 0 0 0 0 0 0 0 0 0 0 0 0 0 0 0 0 0 0 0 0 0 0 0 0 0 0 0 0 0 0 0 0 0 0 0 0 0 0 0 0 0 0 0 0 0 0 0 0 0 0 0 0 0 0 0 0 0 0 0 0 0 0 0 0 0 0 52.34322319 0 698.6985997 488.8312883 1436.403723 0 2067.017154 1659.825241 4448.60776 3657.605757 3344.321566 4768.84104 5503.820601 6305.999832 3113.039075 7758.907629 6298.701295 6647.145014 8123.15587 10029.00571 8802.302832 12474.4564 8721.569038 8937.496427 13213.51786 10389.40435 10766.90387 18498.52294 15338.24949 16476.97087 17331.3427 13063.29457 19896.15851 22029.74537 10459.85445 23229.94229 13759.4699 17820.22268 13820.96446 24789.55079 25153.7992 23341.30097 22575.36948 22126.04963 24628.12214 19957.68188 15062.01733 15836.5963 23327.39416 22519.26659 9928.559324 20620.47632 17258.47292 16017.33751 17503.30989 12611.11273 15489.14016 12553.29727 14284.82472 0 11817.67196 3577.7876 9245.589914 9128.908211 7385.039289 7630.893198 5976.280195 7440.880699 5243.54399 4747.3142 2639.476161 2345.157787 3379.375234 2946.674145 2280.389135 1455.765825 546.9858503 375.4394868 473.9730245 658.6219997 0 32.49701682 0 0 0 0 0 0 0 0 0 0 0 0 0 0 0 0 0 0 0 0 0 0 0 0 0 0 0 0 0 0 0 0 0 0 0 0 0 0 0 0 0 0 0 0 0 0 0 0 0 0 0 0 0 0 0 0 0 0 0 0 0 0 0 0 0 0 0 0 0 0 0 0 0 0 0 0 0 0 0 0 0 0 0 0 0 0 0 
0 0 0 0 0 0 0 0 0 0 0 0 0 0 0 0 0 0 0 0 0 0 0 0 0 0 0 0 0 0 0 0 0 0 0 0 0 0 0 0 0 0 0 0 0 0 0 0 0 0 0 0 0 0 0 0 0 0 0 0 0 0 0 0 0 0 0 0 0 0 0 0 0 0 0 0 0 0 0 0 0 0 0 0 0 0 0 0 0 556.5114411 616.2544981 314.6291412 1171.170004 1755.106733 1902.336179 2433.372443 3483.1764 5169.041106 1807.57101 3189.893399 2693.159512 4959.817467 6232.882124 4916.371275 8141.293022 8607.935629 7270.681443 8394.316115 6780.487187 10845.45022 10737.10732 8658.780474 9970.189204 8459.405717 15088.56434 14286.81254 16087.54085 9204.379182 17045.93375 17321.92238 11067.22955 14793.50073 17729.74632 14916.32176 21456.76654 23221.03712 7536.755907 22937.11079 14843.99684 18835.54343 18644.9846 16058.68195 11364.38375 21994.99829 8422.18905 18949.65487 18423.36187 9242.763733 13340.44197 20615.72145 15597.03051 14849.28038 15364.41639 9703.328894 11945.15989 9420.52524 9305.994116 9268.963938 5849.225473 4279.102044 5015.730119 7508.222467 3990.843402 5617.785628 3557.97121 4740.975981 4785.17207 2443.992737 3642.029243 2860.111814 1176.762833 3509.968891 1280.176752 1506.625059 976.2129686 1125.517116 668.6720239 160.196117 19.13232832 0 0 0 0 0 0 0 0 0 0 0 0 0 0 0 0 0 0 0 0 0 0 0 0 0 0 0 0 0 0 0 0 0 0 0 0 0 0 0 0 0 0 0 0 0 0 0 0 0 0 0 0 0 0 0 0 0 0 0 0 0 0 0 0 0 0 0 0 0 0 0 0 0 0 0 0 0 0 0 0 0 0 0 0 0 0 0 
0 0 0 0 0 0 0 0 0 0 0 0 0 0 0 0 0 0 0 0 0 0 0 0 0 0 0 0 0 0 0 0 0 0 0 0 0 0 0 0 0 0 0 0 0 0 0 0 0 0 0 0 0 0 0 0 0 0 0 0 0 0 0 0 0 0 0 0 0 0 0 0 0 0 0 0 0 0 0 0 0 0 0 0 0 0 0 0 0.2156666599 0 0 1265.043674 1022.37237 1307.443302 2545.69751 1600.645271 901.7020816 3230.188949 1751.605548 3261.573001 3820.951267 4299.210953 4976.869817 6923.736307 5651.977293 6234.573799 6246.066182 7787.822163 8661.059211 9405.898443 7451.49742 9519.625175 9079.149345 10010.17013 13028.97053 11706.06735 10339.89619 17087.0341 17863.07774 15496.51786 13878.3888 25432.49527 18377.0378 7982.515555 15961.6732 18541.07871 14468.07774 17675.90615 23209.47359 0 21019.49048 14430.99898 15730.49812 14266.10542 15379.52407 0 14512.19964 16765.57988 15627.71429 14370.28042 17069.36748 17510.98505 12581.17662 10533.25639 9972.591657 9275.191842 4627.945963 9770.66827 10333.4523 8815.899467 7267.859193 7324.927407 6800.157469 5252.674958 4395.752692 2795.128751 3447.687348 4778.338617 3916.133144 3652.75948 1521.381844 962.4811879 893.5860796 2279.872187 799.7880786 0 0 0 0 0 0 0 0 0 0 0 0 0 0 0 0 0 0 0 0 0 0 0 0 0 0 0 0 0 0 0 0 0 0 0 0 0 0 0 0 0 0 0 0 0 0 0 0 0 0 0 0 0 0 0 0 0 0 0 0 0 0 0 0 0 0 0 0 0 0 0 0 0 0 0 0 0 0 0 0 0 0 0 0 0 0 0 0 0 0 0 
0 0 0 0 0 0 0 0 0 0 0 0 0 0 0 0 0 0 0 0 0 0 0 0 0 0 0 0 0 0 0 0 0 0 0 0 0 0 0 0 0 0 0 0 0 0 0 0 0 0 0 0 0 0 0 0 0 0 0 0 0 0 0 0 0 0 0 0 0 0 0 0 0 0 0 0 0 0 0 0 0 0 0 0 0 0 0 0 0 249.0962349 419.8884073 818.373064 1339.087377 1569.662508 38.8211253 2154.22931 2002.795826 2678.456617 1921.989824 3808.228616 2909.314856 2190.874003 3804.567279 4295.896015 6449.588965 7302.563314 8586.997056 8631.351769 9163.334125 10763.20937 12310.03258 12744.98074 15415.11497 10832.34657 12329.89161 18490.11535 9789.576936 12627.88936 8214.10312 11529.55758 15251.65613 12752.68332 16896.63573 10067.7699 16242.80681 23709.95338 13302.14754 22307.7641 19797.15982 18859.41717 20675.15209 23289.83935 21831.62905 17031.65279 16624.71572 19316.27312 12105.58066 15581.95501 10484.34962 14543.3785 13395.42555 10271.93929 11626.83139 12860.1509 15565.20723 10145.69038 9233.162854 7484.983035 7802.641915 5701.924549 7509.952207 5914.846931 6429.956319 7940.611777 7598.350101 3605.440325 2873.410951 2442.610228 1063.071471 2926.304312 1452.972854 849.0950211 1023.874767 942.2524851 1362.57417 551.4816597 192.6510509 195.1580953 0 0 0 0 0 0 0 0 0 0 0 0 0 0 0 0 0 0 0 0 0 0 0 0 0 0 0 0 0 0 0 0 0 0 0 0 0 0 0 0 0 0 0 0 0 0 0 0 0 0 0 0 0 0 0 0 0 0 0 0 0 0 0 0 0 0 0 0 0 0 0 0 0 0 0 0 0 0 0 0 0 0 0 0 0 0 0 0 
0 0 0 0 0 0 0 0 0 0 0 0 0 0 0 0 0 0 0 0 0 0 0 0 0 0 0 0 0 0 0 0 0 0 0 0 0 0 0 0 0 0 0 0 0 0 0 0 0 0 0 0 0 0 0 0 0 0 0 0 0 0 0 0 0 0 0 0 0 0 0 0 0 0 0 0 0 0 0 0 0 0 0 0 0 0 0 0 142.2725346 36.1608261 483.7182662 1083.033647 118.8839042 2037.867838 955.7641495 1255.845487 2415.858823 2766.845587 5860.386341 2366.05084 6683.108244 3322.702812 5183.925541 5816.543897 8734.989784 5102.410612 8245.71164 9133.342763 8035.288518 8981.361283 6393.182999 5779.047354 10241.91667 14461.20545 15235.90104 12371.26434 10223.90094 13506.66971 18145.66371 10900.40574 10988.69667 14406.00194 23967.96171 19432.37401 18425.02737 13181.48905 15498.59992 10252.56261 17519.56704 14055.6281 21195.96635 21685.23328 16977.84575 13945.704 14783.56623 14556.90494 14768.55336 16895.8011 14712.84266 15549.88104 13088.81992 8769.787469 14699.14621 10046.9252 10281.94217 7075.116459 14252.60457 5240.465025 9462.027018 6433.251173 6907.781048 7618.506194 7310.929522 7370.398959 4698.380804 3623.256458 3897.627371 1895.578944 1014.703953 2959.115642 2947.757522 1020.148599 1640.016983 1067.307896 1035.642411 574.840763 0 0 8.084198552 0 0 0 0 0 0 0 0 0 0 0 0 0 0 0 0 0 0 0 0 0 0 0 0 0 0 0 0 0 0 0 0 0 0 0 0 0 0 0 0 0 0 0 0 0 0 0 0 0 0 0 0 0 0 0 0 0 0 0 0 0 0 0 0 0 0 0 0 0 0 0 0 0 0 0 0 0 0 0 0 0 0 0 0 0 0 0 
0 0 0 0 0 0 0 0 0 0 0 0 0 0 0 0 0 0 0 0 0 0 0 0 0 0 0 0 0 0 0 0 0 0 0 0 0 0 0 0 0 0 0 0 0 0 0 0 0 0 0 0 0 0 0 0 0 0 0 0 0 0 0 0 0 0 0 0 0 0 0 0 0 0 0 0 0 0 0 0 0 0 0 0 0 0 0 0 382.8792192 449.8447327 497.0058693 759.405296 1159.152809 284.9663875 2086.547564 1908.497713 2661.293601 2585.127881 2475.404002 2788.849275 4147.147146 1878.442299 5371.947687 7122.436081 7652.324804 7482.631643 6789.500817 7906.409933 6297.720496 10899.72341 8237.5546 14111.05811 10394.98802 11001.4707 7525.630238 14808.55715 7260.480933 18308.61018 18826.15814 10513.0308 16526.24376 21532.26006 13196.54818 19974.85849 16285.15383 18951.78569 22513.87159 16172.21861 15067.86097 21856.27409 17888.45526 18178.13139 15440.8138 14567.17777 22658.33477 20228.97634 15214.77756 12461.62526 13266.88368 9403.826869 14729.52957 11347.68683 16846.0892 9371.643893 11571.16673 10526.92305 8286.326547 2024.237239 7497.522187 9226.192742 7498.342273 5694.888227 3021.707798 5139.100053 3053.046791 5221.539616 3807.494938 3362.754516 1552.39486 1207.358171 2143.175815 966.7315875 1640.704039 851.3486142 1268.933401 375.0940396 445.5624093 147.3380011 0 0 0 0 0 0 0 0 0 0 0 0 0 0 0 0 0 0 0 0 0 0 0 0 0 0 0 0 0 0 0 0 0 0 0 0 0 0 0 0 0 0 0 0 0 0 0 0 0 0 0 0 0 0 0 0 0 0 0 0 0 0 0 0 0 0 0 0 0 0 0 0 0 0 0 0 0 0 0 0 0 0 0 0 0 0 0 0 
0 0 0 0 0 0 0 0 0 0 0 0 0 0 0 0 0 0 0 0 0 0 0 0 0 0 0 0 0 0 0 0 0 0 0 0 0 0 0 0 0 0 0 0 0 0 0 0 0 0 0 0 0 0 0 0 0 0 0 0 0 0 0 0 0 0 0 0 0 0 0 0 0 0 0 0 0 0 0 0 0 0 0 0 0 0 0 8.873036638 50.20264574 273.9450131 478.4280043 1179.50047 1045.103543 2046.164237 2304.441382 2367.40152 2098.364943 4655.484877 4236.888381 4265.572195 0 2218.084801 4242.737064 5889.835662 9191.666745 7011.069048 8774.383074 8181.421689 5645.613213 6608.778607 13035.67816 7611.943878 9942.757542 10636.67353 14112.46117 13767.79129 13184.29302 12337.32798 17591.93373 20701.29968 14035.19507 12461.69665 17453.22987 13714.19276 14987.17679 17712.23062 14182.21384 6979.695625 18989.59963 23803.2803 12290.88953 12946.46353 22605.32761 13591.40114 17745.96231 15768.34591 15645.07553 17686.07659 17637.83304 11426.82709 12347.81005 12906.77147 6106.975154 9585.6616 3995.966476 7120.762413 7048.013301 9628.018028 7441.010477 6448.585983 4016.077682 2306.247145 5003.289793 6073.672383 1875.527811 2232.621317 1528.261847 3251.927139 3941.815896 3338.407258 1885.486242 1371.281357 769.4295977 515.8968508 972.2000914 420.8259208 0 0 119.8809395 0 0 0 0 0 0 0 0 0 0 0 0 0 0 0 0 0 0 0 0 0 0 0 0 0 0 0 0 0 0 0 0 0 0 0 0 0 0 0 0 0 0 0 0 0 0 0 0 0 0 0 0 0 0 0 0 0 0 0 0 0 0 0 0 0 0 0 0 0 0 0 0 0 0 0 0 0 0 0 0 0 0 0 0 0 0 0 
0 0 0 0 0 0 0 0 0 0 0 0 0 0 0 0 0 0 0 0 0 0 0 0 0 0 0 0 0 0 0 0 0 0 0 0 0 0 0 0 0 0 0 0 0 0 0 0 0 0 0 0 0 0 0 0 0 0 0 0 0 0 0 0 0 0 0 0 0 0 0 0 0 0 0 0 0 0 0 0 0 0 0 0 0 0 0 0 83.74791323 656.0806067 804.2514377 1387.25365 635.6762308 0 2455.529115 1715.485335 1612.535418 2975.379527 3060.173721 3037.579626 4987.821711 4137.478975 3886.673549 5491.332651 5177.617973 5435.647586 5823.455633 9158.595434 10257.80359 7871.692017 5946.168312 10492.62622 5058.626349 11026.02312 10526.9919 11625.05384 6011.550555 16491.68287 11292.68433 7501.343464 13156.36896 19958.68873 18877.0408 17405.27376 5221.865251 18770.4552 12869.82885 15148.80741 13521.13634 13830.85047 11997.61058 16273.03863 12473.56806 18288.48838 15014.9505 14650.60796 15980.36338 9251.453378 14296.19701 13445.57011 12190.25364 10664.76753 8895.722171 12572.37786 3315.423758 10519.86038 10332.64227 10586.95739 5577.677605 4444.97476 6939.373092 4433.144928 5924.409033 3673.427215 4619.23813 4923.135661 3332.657524 3908.999855 2944.324225 1855.412712 1663.265947 2010.984284 497.0680975 831.9090773 949.1885416 0 356.9474587 305.3674437 8.915598149 0 0 0 0 0 0 0 0 0 0 0 0 0 0 0 0 0 0 0 0 0 0 0 0 0 0 0 0 0 0 0 0 0 0 0 0 0 0 0 0 0 0 0 0 0 0 0 0 0 0 0 0 0 0 0 0 0 0 0 0 0 0 0 0 0 0 0 0 0 0 0 0 0 0 0 0 0 0 0 0 0 0 0 0 0 0 0 
0 0 0 0 0 0 0 0 0 0 0 0 0 0 0 0 0 0 0 0 0 0 0 0 0 0 0 0 0 0 0 0 0 0 0 0 0 0 0 0 0 0 0 0 0 0 0 0 0 0 0 0 0 0 0 0 0 0 0 0 0 0 0 0 0 0 0 0 0 0 0 0 0 0 0 0 0 0 0 0 0 0 0 0 0 0 0 0 0 0 696.2517689 894.0346785 1330.211588 1868.564708 1923.376641 1735.267694 3385.416517 1611.543436 1675.174442 4957.810714 4169.542452 3240.019321 4439.717065 5792.028868 7834.883203 8126.784755 5983.527241 5376.397239 5839.568021 11004.45565 10591.14122 10386.88934 7446.276717 13859.38418 13326.62981 8522.174497 10722.74643 11986.37898 13955.4797 10934.47808 14873.17048 4075.10778 14333.95239 17628.24231 14795.73675 16526.53881 16242.11313 15074.21757 16438.31605 16738.52237 16997.91024 8462.6475 17163.63276 16570.40102 18941.49197 16294.34122 10395.65939 11451.27418 9100.1724 13442.25924 15133.85441 11943.8796 10411.85403 3443.000036 9926.902534 7548.914795 8206.874519 6788.168964 7931.298062 8878.718069 8101.943826 5993.051155 6347.954447 4962.813887 4322.580309 3182.390424 1778.354332 3479.151939 2334.356376 2335.519815 1870.115671 1824.477727 1675.237507 0 722.2203998 825.2580942 0 160.4343694 130.6777518 0 0 0 0 0 0 0 0 0 0 0 0 0 0 0 0 0 0 0 0 0 0 0 0 0 0 0 0 0 0 0 0 0 0 0 0 0 0 0 0 0 0 0 0 0 0 0 0 0 0 0 0 0 0 0 0 0 0 0 0 0 0 0 0 0 0 0 0 0 0 0 0 0 0 0 0 0 0 0 0 0 0 0 0 0 0 0 
0 0 0 0 0 0 0 0 0 0 0 0 0 0 0 0 0 0 0 0 0 0 0 0 0 0 0 0 0 0 0 0 0 0 0 0 0 0 0 0 0 0 0 0 0 0 0 0 0 0 0 0 0 0 0 0 0 0 0 0 0 0 0 0 0 0 0 0 0 0 0 0 0 0 0 0 0 0 0 0 0 0 0 0 0 0 0 0 0 15.48074174 229.8188614 62.91790978 1689.932424 414.9794331 1650.096738 2018.071832 1802.198513 2439.586718 2255.542673 4792.141632 3791.480145 6376.761123 5798.035098 7403.016398 6291.766427 7803.62683 8021.865269 8991.658986 10735.53042 6798.25309 8433.500191 5133.384871 11781.38977 8059.424174 9827.304121 11526.45242 14974.01968 11751.45454 8064.427338 14109.11819 16408.49146 12272.05737 13439.78254 13191.05471 18840.14122 12980.49757 13324.29545 16777.80647 13610.12036 16400.10863 10515.20958 11575.06161 14692.77817 18668.78533 13322.50553 10976.65859 10384.75502 12329.09772 9860.767443 12849.09058 12496.00335 7167.412349 11378.37021 10355.37111 10609.47729 10995.61026 6296.065095 8156.263568 8609.878937 6658.845106 6424.057324 6598.468112 4153.187937 5607.211549 4308.378255 3785.875827 1255.195061 3365.695552 1769.783811 2718.517464 1549.432293 960.1447716 1576.696389 734.7272851 240.4117264 701.6247003 593.8321374 271.6280053 0 0 0 0 0 0 0 0 0 0 0 0 0 0 0 0 0 0 0 0 0 0 0 0 0 0 0 0 0 0 0 0 0 0 0 0 0 0 0 0 0 0 0 0 0 0 0 0 0 0 0 0 0 0 0 0 0 0 0 0 0 0 0 0 0 0 0 0 0 0 0 0 0 0 0 0 0 0 0 0 0 0 0 0 0 0 0 0 
0 0 0 0 0 0 0 0 0 0 0 0 0 0 0 0 0 0 0 0 0 0 0 0 0 0 0 0 0 0 0 0 0 0 0 0 0 0 0 0 0 0 0 0 0 0 0 0 0 0 0 0 0 0 0 0 0 0 0 0 0 0 0 0 0 0 0 0 0 0 0 0 0 0 0 0 0 0 0 0 0 0 0 0 0 0 0 0 0 423.4065112 330.5399772 1259.266282 1411.880184 1273.924058 332.1165698 1264.137558 2282.705862 2899.327765 2992.32235 2398.332177 4844.51856 3032.737026 5284.890444 6909.456954 7895.076753 6734.234215 5219.273156 7925.747258 8081.200485 7186.002322 9788.651447 11166.95056 8225.249732 3306.143871 10577.32689 13027.00653 14677.77898 7571.941789 7242.520251 12912.38482 9205.172351 14421.75627 12934.9276 9793.787018 7890.246786 17973.49949 16678.43278 19392.76094 21179.37178 15524.09111 21429.65069 15208.17766 16374.83033 12999.23733 15111.16967 9559.815973 14718.84431 12219.78932 8952.642211 12285.0133 8953.777197 6451.888157 9689.967415 8660.763083 9824.203177 8919.008819 10639.07727 4097.478869 9232.239899 7488.71141 8312.364739 7060.392941 2910.592799 3278.099948 3433.632065 3986.01071 3985.036772 1953.065903 2440.192914 1467.5014 2361.109063 1115.515345 1481.669678 982.7977451 288.8765632 737.2234084 0 0 2.540784819 0 0 0 0 0 0 0 0 0 0 0 0 0 0 0 0 0 0 0 0 0 0 0 0 0 0 0 0 0 0 0 0 0 0 0 0 0 0 0 0 0 0 0 0 0 0 0 0 0 0 0 0 0 0 0 0 0 0 0 0 0 0 0 0 0 0 0 0 0 0 0 0 0 0 0 0 0 0 0 0 0 0 0 0 0 0 0 
0 0 0 0 0 0 0 0 0 0 0 0 0 0 0 0 0 0 0 0 0 0 0 0 0 0 0 0 0 0 0 0 0 0 0 0 0 0 0 0 0 0 0 0 0 0 0 0 0 0 0 0 0 0 0 0 0 0 0 0 0 0 0 0 0 0 0 0 0 0 0 0 0 0 0 0 0 0 0 0 0 0 0 0 0 0 0 0 0 303.2812958 697.0538958 432.5971988 1230.833272 974.5389911 1730.44375 1814.971562 1883.553198 2390.149012 2434.329348 3093.605115 4121.912053 3961.58725 3768.621083 4632.800786 4132.451496 3913.560419 4640.215287 6111.838378 4723.357132 5229.739851 8720.426833 8501.258776 6230.927258 9796.960366 7210.078218 12337.58388 11496.97766 10798.38014 10928.95923 13173.20723 14081.835 8343.057083 18971.44573 17823.05596 22710.17371 19430.89564 14730.10463 10649.13058 11399.83146 14536.18644 10979.37924 13626.15761 20794.9032 13706.8493 13763.43171 12835.16887 12091.19264 8804.253058 10499.46631 9967.802732 11707.12023 9965.289187 10349.46965 7899.929695 11879.61548 8471.747511 9769.621324 4321.707933 6049.796049 6511.143041 1478.376622 5828.455079 5749.169418 2496.870299 4198.840968 2085.340773 4891.924335 3472.289361 2673.853056 2142.691448 2615.392955 1247.935969 2081.623699 1123.026373 991.8525428 239.0806811 493.5755495 364.3762486 0 0 0 0 0 0 0 0 0 0 0 0 0 0 0 0 0 0 0 0 0 0 0 0 0 0 0 0 0 0 0 0 0 0 0 0 0 0 0 0 0 0 0 0 0 0 0 0 0 0 0 0 0 0 0 0 0 0 0 0 0 0 0 0 0 0 0 0 0 0 0 0 0 0 0 0 0 0 0 0 0 0 0 0 0 0 0 0 
0 0 0 0 0 0 0 0 0 0 0 0 0 0 0 0 0 0 0 0 0 0 0 0 0 0 0 0 0 0 0 0 0 0 0 0 0 0 0 0 0 0 0 0 0 0 0 0 0 0 0 0 0 0 0 0 0 0 0 0 0 0 0 0 0 0 0 0 0 0 0 0 0 0 0 0 0 0 0 0 0 0 0 0 0 0 0 56.64445977 0 70.73348642 952.9571937 591.8961229 1013.598333 592.2737259 1503.640269 1236.491575 3043.297206 3017.106749 4095.32284 1937.834882 1257.539401 4552.31119 3110.7982 4632.310826 4991.670194 5201.74984 7428.909691 4752.969291 6945.553786 9304.993347 9095.810912 5629.802622 7772.700231 8647.909583 8561.331856 9532.939511 3078.068602 9438.862214 10722.26542 13333.37659 12961.60959 5827.612303 11131.40578 9726.912436 12371.97688 13826.56847 16200.43642 11187.54866 13141.1279 9540.945654 5573.623244 13473.62333 10573.78724 11374.72383 7850.707909 12503.42416 15030.22663 12650.59481 10940.95238 10581.87126 8795.629774 9879.118809 4950.820518 6099.908087 9167.993866 8041.798379 5380.260541 4532.009554 4180.108528 4376.609494 6201.80464 4380.099771 2424.256708 4499.523868 4219.790142 3197.224297 2253.8991 2018.71392 0.6472327613 2396.105206 1076.135108 32.61295882 690.2851039 973.4527591 664.2058019 250.3568869 57.03188636 286.9033413 0 0 0 0 0 0 0 0 0 0 0 0 0 0 0 0 0 0 0 0 0 0 0 0 0 0 0 0 0 0 0 0 0 0 0 0 0 0 0 0 0 0 0 0 0 0 0 0 0 0 0 0 0 0 0 0 0 0 0 0 0 0 0 0 0 0 0 0 0 0 0 0 0 0 0 0 0 0 0 0 0 0 0 0 0 0 0 0 
0 0 0 0 0 0 0 0 0 0 0 0 0 0 0 0 0 0 0 0 0 0 0 0 0 0 0 0 0 0 0 0 0 0 0 0 0 0 0 0 0 0 0 0 0 0 0 0 0 0 0 0 0 0 0 0 0 0 0 0 0 0 0 0 0 0 0 0 0 0 0 0 0 0 0 0 0 0 0 0 0 0 0 0 0 0 0 0 0 54.02008244 731.9551811 0 1552.978321 1651.271695 1743.730383 388.4837134 447.7155698 1307.947134 2028.167348 2616.473106 2587.357023 2436.083593 1046.617643 2989.858293 3702.892036 5082.546356 4720.35414 5442.761871 7401.436061 7595.084535 7767.167669 9588.047951 6526.86171 7951.425555 8732.490074 7829.606595 10663.97951 7783.75274 10007.19423 11946.40856 8914.999186 10226.29547 7000.033664 14154.18904 16160.50749 13260.16204 12805.09605 18058.23259 9805.325026 10675.41536 8882.725651 12681.55696 14344.33418 16642.1806 10538.43912 15549.97476 13459.61217 8090.049177 11652.85607 9703.375875 7444.780413 10177.07706 8844.079868 9047.225052 8470.764172 6721.346178 5647.823023 4151.403902 5854.632744 9681.483156 5064.144993 5205.332125 3576.133152 3450.600745 2237.846586 3952.542589 2734.5962 1354.464644 2260.992924 2132.86749 2667.86856 80.230022 716.1339501 1010.38092 0 0 0 0 0 0 0 0 0 0 0 0 0 0 0 0 0 0 0 0 0 0 0 0 0 0 0 0 0 0 0 0 0 0 0 0 0 0 0 0 0 0 0 0 0 0 0 0 0 0 0 0 0 0 0 0 0 0 0 0 0 0 0 0 0 0 0 0 0 0 0 0 0 0 0 0 0 0 0 0 0 0 0 0 0 0 0 0 0 0 0 0 
0 0 0 0 0 0 0 0 0 0 0 0 0 0 0 0 0 0 0 0 0 0 0 0 0 0 0 0 0 0 0 0 0 0 0 0 0 0 0 0 0 0 0 0 0 0 0 0 0 0 0 0 0 0 0 0 0 0 0 0 0 0 0 0 0 0 0 0 0 0 0 0 0 0 0 0 0 0 0 0 0 0 0 0 0 0 0 0 0 0 77.04789566 416.4202401 0 850.0337181 499.1564394 2313.462086 2004.64495 1960.736078 0 1767.099102 1792.363532 750.3235473 3522.481301 942.7852932 4627.872381 6049.420786 4315.40422 2818.567683 7498.457787 7052.784836 9014.919388 8551.39367 8494.05585 10607.27854 5094.370114 3826.262102 9236.881084 7776.101227 10907.13043 8891.207439 9340.498611 6570.203202 10466.0672 13111.98796 15500.03631 5634.410067 11988.8306 14299.39575 12424.23784 11057.75967 12383.39587 9291.151358 12252.77543 8056.643778 15086.44921 13425.30164 10214.66527 8859.604681 6547.677538 5501.818427 6139.796223 7121.091255 9860.129033 5470.158938 7732.070609 6515.377577 4616.87164 31.43237481 5340.956961 1960.725491 6176.571291 4584.498835 3477.680821 2500.994328 3706.065908 1337.752641 2062.598819 2670.042019 2446.942271 1546.492908 1754.782688 550.3728949 768.9638574 383.5592627 468.2562479 301.6579335 0 0.04787080544 0 0 0 0 0 0 0 0 0 0 0 0 0 0 0 0 0 0 0 0 0 0 0 0 0 0 0 0 0 0 0 0 0 0 0 0 0 0 0 0 0 0 0 0 0 0 0 0 0 0 0 0 0 0 0 0 0 0 0 0 0 0 0 0 0 0 0 0 0 0 0 0 0 0 0 0 0 0 0 0 0 0 0 0 0 0 0 0 
0 0 0 0 0 0 0 0 0 0 0 0 0 0 0 0 0 0 0 0 0 0 0 0 0 0 0 0 0 0 0 0 0 0 0 0 0 0 0 0 0 0 0 0 0 0 0 0 0 0 0 0 0 0 0 0 0 0 0 0 0 0 0 0 0 0 0 0 0 0 0 0 0 0 0 0 0 0 0 0 0 0 0 0 0 0 0 0 0 292.7570268 0 363.682612 776.048123 803.4357901 958.157121 203.0246848 916.7409875 960.6522554 2820.483736 436.5315806 3228.396411 4747.371057 5201.964457 2735.269097 2482.422815 3424.957686 5982.771757 6349.650318 7629.877864 4483.724682 7293.036881 6041.761238 10916.76696 8202.597679 9887.664898 10044.13956 9410.504632 9376.565924 11802.20339 6476.356331 9184.605866 10936.47073 14314.29484 12679.23658 13006.21516 19252.63679 15024.23792 17730.75883 10705.99041 3689.631684 15528.66462 10686.27835 10003.79902 9045.720838 10504.00116 10246.2649 15634.60786 7688.144119 12539.41041 12873.46497 5163.362968 3040.046418 3735.348784 0 8838.454434 6521.882036 8190.389964 4090.547299 5757.037565 6026.270767 5943.29394 4857.69327 4101.459906 4309.050886 2860.613299 3466.267305 1513.552502 1411.299174 1073.901265 126.2277829 1253.166882 1412.74844 1639.595773 38.33435055 0 296.5585556 0 0 0 0 0 0 0 0 0 0 0 0 0 0 0 0 0 0 0 0 0 0 0 0 0 0 0 0 0 0 0 0 0 0 0 0 0 0 0 0 0 0 0 0 0 0 0 0 0 0 0 0 0 0 0 0 0 0 0 0 0 0 0 0 0 0 0 0 0 0 0 0 0 0 0 0 0 0 0 0 0 0 0 0 0 0 0 0 0 0 
0 0 0 0 0 0 0 0 0 0 0 0 0 0 0 0 0 0 0 0 0 0 0 0 0 0 0 0 0 0 0 0 0 0 0 0 0 0 0 0 0 0 0 0 0 0 0 0 0 0 0 0 0 0 0 0 0 0 0 0 0 0 0 0 0 0 0 0 0 0 0 0 0 0 0 0 0 0 0 0 0 0 0 0 0 0 0 0 0 136.7842513 0 370.8766027 766.3627829 871.147734 1070.731282 636.0191936 1153.59882 1130.784922 2008.279375 2005.554556 1722.775005 3105.260131 3256.714953 4271.77779 4712.699632 3760.211043 3343.179376 6051.764499 3861.696735 6190.658836 4924.133233 6793.393993 8336.995716 8696.056725 8814.516163 9795.458813 13457.50433 8030.902344 8177.679907 8060.489946 4823.571365 7384.63815 14412.22148 17200.10281 8552.237554 15690.55411 8928.750443 13897.75677 14446.88621 5155.959014 11916.74272 7213.89599 3934.568144 12834.14695 6890.596756 12799.04936 8902.018287 5863.315295 4816.686822 11038.81868 7084.407358 8417.922752 7740.797029 4640.85305 5472.170929 8191.563637 4068.660932 4994.725839 5195.202946 3854.196697 4464.328146 1818.783408 3863.452049 2737.02831 2564.281051 2361.233686 349.9034636 243.4231179 2000.813065 1294.479531 1773.720897 1521.050662 44.39681041 869.3453934 478.812814 0 211.3932249 0 0 0 0 0 0 0 0 0 0 0 0 0 0 0 0 0 0 0 0 0 0 0 0 0 0 0 0 0 0 0 0 0 0 0 0 0 0 0 0 0 0 0 0 0 0 0 0 0 0 0 0 0 0 0 0 0 0 0 0 0 0 0 0 0 0 0 0 0 0 0 0 0 0 0 0 0 0 0 0 0 0 0 0 0 0 0 0 0 
0 0 0 0 0 0 0 0 0 0 0 0 0 0 0 0 0 0 0 0 0 0 0 0 0 0 0 0 0 0 0 0 0 0 0 0 0 0 0 0 0 0 0 0 0 0 0 0 0 0 0 0 0 0 0 0 0 0 0 0 0 0 0 0 0 0 0 0 0 0 0 0 0 0 0 0 0 0 0 0 0 0 0 0 0 0 0 91.87719237 0 2.96017741 0 894.2148567 74.15465168 772.0527495 988.3444406 1737.276128 1845.237086 3193.284313 1436.574493 2505.738003 2747.118708 2013.644752 2519.427372 3948.688257 4447.183041 7356.587725 5007.174851 4318.627226 7724.906443 191.5290048 9119.78631 8200.598888 8256.723474 5912.867627 7966.788689 6477.383732 8583.547255 9330.721415 5671.83853 7394.017097 9505.407964 8123.951979 11481.84753 13484.09127 11137.69693 9581.051678 9036.683818 13554.79237 9850.330222 10607.67275 5008.832343 13642.49802 11551.80062 6916.523634 9074.540448 16301.82983 5161.451223 9269.923197 4773.150854 8364.029383 7324.355358 9356.925852 9700.922247 4287.302229 7870.963962 95.88003849 7039.84941 5175.750087 5735.457239 5333.24016 4677.308791 2924.86468 2936.97922 1353.932969 2655.534945 3871.819159 841.4833214 2156.780839 1847.169916 1348.215943 62.49396711 1107.375445 692.5549679 961.476308 0 351.8905986 0 4.974776752 0 0 0 0 0 0 0 0 0 0 0 0 0 0 0 0 0 0 0 0 0 0 0 0 0 0 0 0 0 0 0 0 0 0 0 0 0 0 0 0 0 0 0 0 0 0 0 0 0 0 0 0 0 0 0 0 0 0 0 0 0 0 0 0 0 0 0 0 0 0 0 0 0 0 0 0 0 0 0 0 0 0 0 0 0 0 0 0 
0 0 0 0 0 0 0 0 0 0 0 0 0 0 0 0 0 0 0 0 0 0 0 0 0 0 0 0 0 0 0 0 0 0 0 0 0 0 0 0 0 0 0 0 0 0 0 0 0 0 0 0 0 0 0 0 0 0 0 0 0 0 0 0 0 0 0 0 0 0 0 0 0 0 0 0 0 0 0 0 0 0 0 0 0 0 0 0 0.01126139357 0.7008358984 628.2578243 362.785086 849.1466792 419.3849392 1391.753085 1359.2455 980.1078409 1235.266451 1896.53728 3026.301597 2046.653931 3806.12124 4176.556375 5168.876836 3579.794579 3638.320904 3810.002798 4942.778144 1911.452563 4025.798695 6072.532185 8249.598842 1268.000951 4902.435688 4856.787713 5867.331138 6920.280475 10052.25805 5320.053003 7430.378774 10106.14139 11541.06656 9022.730416 8973.597245 9894.779311 9218.558989 13744.16877 14417.29137 8228.203663 10786.93315 7116.027563 9648.593309 6819.303149 11071.47042 9162.939288 14020.34671 7067.195874 5562.316436 8652.852706 9083.671546 4535.861594 9763.084202 7092.035332 8374.149839 6492.101521 3420.303177 2647.271298 5563.834382 3477.445367 3050.023141 3419.157426 4060.692549 4298.671832 3716.452727 3421.347339 2432.111726 2309.197753 2192.542648 2208.11968 1210.030965 1541.051535 1680.30598 1159.160501 562.7320153 0 0.0005523293949 381.7855578 45.82912268 0 0 0 0 0 0 0 0 0 0 0 0 0 0 0 0 0 0 0 0 0 0 0 0 0 0 0 0 0 0 0 0 0 0 0 0 0 0 0 0 0 0 0 0 0 0 0 0 0 0 0 0 0 0 0 0 0 0 0 0 0 0 0 0 0 0 0 0 0 0 0 0 0 0 0 0 0 0 0 0 0 0 0 0 0 0 0 0 
0 0 0 0 0 0 0 0 0 0 0 0 0 0 0 0 0 0 0 0 0 0 0 0 0 0 0 0 0 0 0 0 0 0 0 0 0 0 0 0 0 0 0 0 0 0 0 0 0 0 0 0 0 0 0 0 0 0 0 0 0 0 0 0 0 0 0 0 0 0 0 0 0 0 0 0 0 0 0 0 0 0 0 0 0 0 0 0 0 26.15002147 436.6158981 408.0864039 685.72575 720.0314689 704.3795445 868.8575314 1440.979326 1857.941816 558.0356725 2840.415367 1124.065321 3982.074083 2279.030921 3963.853249 1846.368524 3274.880791 5002.716068 3662.273134 4940.002003 1767.082524 4857.780709 6463.364871 6144.341726 5415.771678 4915.37949 5426.52547 6664.520955 5900.873804 7073.508402 13150.54549 6434.730218 5672.062473 10644.00907 9946.887924 13805.05658 7738.683059 7380.275515 8538.563453 8451.517245 8379.818731 4128.754707 7800.425428 9838.73131 10934.96914 9938.791987 6563.68381 3733.240617 5239.399968 7972.00749 5212.404961 7191.138568 3352.358874 3085.413879 5519.65092 5539.829767 4493.649162 5506.857861 6721.38923 3868.514591 3443.313308 2092.925515 2813.842831 3553.407981 3624.807801 2630.58036 3332.295162 1935.881467 2584.316705 470.4860936 1199.694998 652.5591628 905.8043641 0.2962323541 903.4387033 0 137.1651867 263.2107666 0 0 0 0 0 0 0 0 0 0 0 0 0 0 0 0 0 0 0 0 0 0 0 0 0 0 0 0 0 0 0 0 0 0 0 0 0 0 0 0 0 0 0 0 0 0 0 0 0 0 0 0 0 0 0 0 0 0 0 0 0 0 0 0 0 0 0 0 0 0 0 0 0 0 0 0 0 0 0 0 0 0 0 0 0 0 0 0 0 
0 0 0 0 0 0 0 0 0 0 0 0 0 0 0 0 0 0 0 0 0 0 0 0 0 0 0 0 0 0 0 0 0 0 0 0 0 0 0 0 0 0 0 0 0 0 0 0 0 0 0 0 0 0 0 0 0 0 0 0 0 0 0 0 0 0 0 0 0 0 0 0 0 0 0 0 0 0 0 0 0 0 0 0 0 0 0 0 0 0.0006194468766 0 2.017353927e-12 323.3869448 1435.858593 836.4148792 391.6461788 251.8702996 2016.096087 1705.478034 2294.544154 1697.761576 2383.024624 2848.905742 2329.388746 4688.532846 2352.212323 1624.453178 3054.677423 4936.050458 6472.862207 4589.841397 5996.039003 4376.58818 5030.055458 6010.589891 9379.924145 7524.351174 7608.941379 5590.762224 4568.88809 8144.695225 12876.77797 6357.074499 4490.63954 4625.467673 10579.56578 10777.41795 13001.29401 7996.040237 6933.220046 7535.315256 10107.45262 8384.940999 8847.919588 2637.565238 6972.143675 7470.836036 5966.410241 7153.46276 2995.76768 5189.609232 2842.12137 2755.73204 3554.173236 2466.19036 5297.73098 0.03266903784 6396.400358 3729.791046 2269.20918 4393.012725 2117.403045 1802.694197 3599.85238 2686.775741 0 917.6606986 556.5238032 1795.859741 1003.171884 714.0342594 128.1830796 508.2145772 868.2384285 316.6646584 379.7157994 0 203.4126656 0 0 0 0 0 0 0 0 0 0 0 0 0 0 0 0 0 0 0 0 0 0 0 0 0 0 0 0 0 0 0 0 0 0 0 0 0 0 0 0 0 0 0 0 0 0 0 0 0 0 0 0 0 0 0 0 0 0 0 0 0 0 0 0 0 0 0 0 0 0 0 0 0 0 0 0 0 0 0 0 0 0 0 0 0 0 0 0 
0 0 0 0 0 0 0 0 0 0 0 0 0 0 0 0 0 0 0 0 0 0 0 0 0 0 0 0 0 0 0 0 0 0 0 0 0 0 0 0 0 0 0 0 0 0 0 0 0 0 0 0 0 0 0 0 0 0 0 0 0 0 0 0 0 0 0 0 0 0 0 0 0 0 0 0 0 0 0 0 0 0 0 0 0 0 0 0 1.075025575 182.3686919 236.5813473 559.7717024 0 0 8.570669833e-07 1000.252789 659.6537508 53.99629703 1650.54626 389.1072681 0.03652907615 2777.716981 2367.017472 4676.552274 2960.566861 2291.125305 3528.996144 3885.343726 2796.770895 4815.624677 3111.677771 3803.745577 4516.761733 4027.77548 5926.737809 2967.263342 8017.539101 7326.15166 7008.18872 3049.005588 5815.698276 5281.418059 9393.413839 7284.141936 6108.290246 6685.502199 10166.47964 8229.046689 3.069385522e-09 156.5373945 7137.962127 6065.892214 6186.903026 7788.787566 4712.811477 6251.636276 8277.658491 8022.516848 6826.256798 6382.282377 6437.987762 2269.115786 8046.538936 6719.311217 2.146706244e-08 3161.794967 3728.618798 8503.702219 3659.333588 3668.507718 4253.485385 3358.233289 2101.609645 3342.736524 807.3342094 1579.613514 158.0315893 1031.652047 1067.698294 1898.541537 320.4934393 1037.919567 576.8417898 838.6035882 607.455617 0 0 67.00565741 0 0 0 0 0 0 0 0 0 0 0 0 0 0 0 0 0 0 0 0 0 0 0 0 0 0 0 0 0 0 0 0 0 0 0 0 0 0 0 0 0 0 0 0 0 0 0 0 0 0 0 0 0 0 0 0 0 0 0 0 0 0 0 0 0 0 0 0 0 0 0 0 0 0 0 0 0 0 0 0 0 0 0 0 0 0 0 0 
0 0 0 0 0 0 0 0 0 0 0 0 0 0 0 0 0 0 0 0 0 0 0 0 0 0 0 0 0 0 0 0 0 0 0 0 0 0 0 0 0 0 0 0 0 0 0 0 0 0 0 0 0 0 0 0 0 0 0 0 0 0 0 0 0 0 0 0 0 0 0 0 0 0 0 0 0 0 0 0 0 0 0 0 0 0 0 0 0 157.926864 181.5810217 261.960699 757.0200438 457.0835033 312.6501924 4.728955115e-05 1874.710759 10.43310126 1301.365545 1328.885575 2225.40134 1005.98255 0.9884711484 145.7523894 14.42452824 3204.910254 3917.59527 4522.295826 3081.408886 3066.65613 4388.728399 3930.688479 2067.841157 6553.891756 5737.618232 3190.927973 5392.5821 6626.679528 2977.27159 4407.161208 7419.068892 7149.98735 5062.018008 7259.171362 7945.177263 7865.88431 10321.31752 9330.690793 8263.663 4315.652696 6813.539635 9019.205515 7619.092078 7683.527755 4268.216381 7138.070562 8294.85706 6530.201601 8639.59839 0.001648030497 0.001998359163 5826.31959 5128.662251 7091.783122 6024.079305 5375.504987 5461.011238 2040.111583 4923.78452 3136.561156 2663.578433 3936.543572 2118.960558 181.0999166 2210.596634 3059.060325 2129.099291 1775.967684 913.8499782 437.5623267 838.8115843 23.57849137 6.82686182e-09 94.21293221 0.5564977058 527.6965179 4.736509803e-10 0 0 0 0 0 0 0 0 0 0 0 0 0 0 0 0 0 0 0 0 0 0 0 0 0 0 0 0 0 0 0 0 0 0 0 0 0 0 0 0 0 0 0 0 0 0 0 0 0 0 0 0 0 0 0 0 0 0 0 0 0 0 0 0 0 0 0 0 0 0 0 0 0 0 0 0 0 0 0 0 0 0 0 0 0 0 0 0 0 
0 0 0 0 0 0 0 0 0 0 0 0 0 0 0 0 0 0 0 0 0 0 0 0 0 0 0 0 0 0 0 0 0 0 0 0 0 0 0 0 0 0 0 0 0 0 0 0 0 0 0 0 0 0 0 0 0 0 0 0 0 0 0 0 0 0 0 0 0 0 0 0 0 0 0 0 0 0 0 0 0 0 0 0 0 0 0 0 0 145.0760471 334.9669473 365.6552409 236.0318178 1401.063041 68.21311193 0 1562.95798 5.353127186e-15 1204.357911 1662.027302 2167.086121 6.682246039e-09 2297.240211 1852.66245 3918.603523 1181.033535 5048.245905 2606.812307 0.0009282920986 3246.51035 0.005492902095 2705.776179 5703.885213 4181.267761 4719.005587 548.6659691 1.651098323e-10 4421.294394 3615.67518 6003.730331 107.4780337 11098.54906 7657.317578 3647.380836 5680.723102 8050.442233 5751.53899 4483.483787 12469.97904 6953.847574 4683.854775 6249.099844 5282.303985 9829.827571 6974.843374 10157.92535 4859.558363 4756.258564 6579.266238 6926.875868 5225.827171 7410.231054 2219.385883 5124.19398 3605.654709 2696.492988 4672.615209 1444.169848 4834.80848 2788.729009 1626.703095 2272.64435 3482.389182 1312.409689 2202.061785 642.1605158 1535.533762 1322.760443 0.0003295492093 1020.360209 1.695605969 109.6505519 1.44396742e-08 224.022816 346.748625 85.49845763 3.367166539e-15 0 0 0 0 0 0 0 0 0 0 0 0 0 0 0 0 0 0 0 0 0 0 0 0 0 0 0 0 0 0 0 0 0 0 0 0 0 0 0 0 0 0 0 0 0 0 0 0 0 0 0 0 0 0 0 0 0 0 0 0 0 0 0 0 0 0 0 0 0 0 0 0 0 0 0 0 0 0 0 0 0 0 0 0 0 0 0 0 0 
0 0 0 0 0 0 0 0 0 0 0 0 0 0 0 0 0 0 0 0 0 0 0 0 0 0 0 0 0 0 0 0 0 0 0 0 0 0 0 0 0 0 0 0 0 0 0 0 0 0 0 0 0 0 0 0 0 0 0 0 0 0 0 0 0 0 0 0 0 0 0 0 0 0 0 0 0 0 0 0 0 0 0 0 0 0 0 81.02982233 0 0 160.3987007 22.48894189 6.657941736 45.41574583 748.8168889 1264.132792 1513.242714 745.4058641 1435.522684 2299.538627 889.3028606 1996.612465 1825.052327 1013.274438 2174.536621 3491.404692 1341.438713 3935.075148 5283.016387 4534.356196 4278.94278 4156.380326 1560.672995 2010.290251 4104.548074 7585.993514 5060.189661 6061.001676 5130.394746 5507.135911 6574.571785 3187.702196 5570.882773 5880.350607 3470.554498 10812.72939 7303.102075 8679.502756 4213.116145 7688.870416 350.6455621 10030.18578 5059.313033 6178.599244 2429.518321 2572.867632 6390.987661 0 3364.093297 2144.509796 3901.66939 3215.576366 6121.703542 3261.487641 3991.245949 3.595298384e-10 3111.33887 4565.384474 2230.879692 1376.786346 0.3219613759 2343.638314 3650.548851 1487.940858 1084.249961 919.7242869 465.5838603 987.1499816 1925.20966 725.5785838 1296.654203 1.637343161e-09 569.0834277 601.7870977 46.41630623 1.27712613e-05 17.70311779 8.640406765 6.854152626e-09 0 0 0 0 0 0 0 0 0 0 0 0 0 0 0 0 0 0 0 0 0 0 0 0 0 0 0 0 0 0 0 0 0 0 0 0 0 0 0 0 0 0 0 0 0 0 0 0 0 0 0 0 0 0 0 0 0 0 0 0 0 0 0 0 0 0 0 0 0 0 0 0 0 0 0 0 0 0 0 0 0 0 0 0 0 0 0 
0 0 0 0 0 0 0 0 0 0 0 0 0 0 0 0 0 0 0 0 0 0 0 0 0 0 0 0 0 0 0 0 0 0 0 0 0 0 0 0 0 0 0 0 0 0 0 0 0 0 0 0 0 0 0 0 0 0 0 0 0 0 0 0 0 0 0 0 0 0 0 0 0 0 0 0 0 0 0 0 0 0 0 0 0 0 0 0 0 2.968141688e-06 4.871114089e-11 372.7320068 1069.858962 562.5073298 1251.222146 1517.09968 977.2594929 2.398676641e-07 1867.831453 678.622494 1177.635073 2.939791447 1598.99889 2751.045725 1949.467247 3562.236622 2065.065778 2982.142675 2283.494717 3732.675832 2780.367174 3238.171353 4440.760503 4035.678494 4768.065428 5414.340204 4915.989611 3619.934108 3735.610214 333.2640177 4997.58734 7400.5071 3436.030891 1949.447649 8148.095472 57.0259118 5449.419334 7066.677781 6341.961224 5753.776017 6352.390239 76.6250585 10137.69479 6983.809278 4702.946604 6706.022653 3.25462237e-07 3445.888385 3305.382387 2548.710481 3742.278955 2343.302354 4456.548618 3397.12997 5387.605655 4040.780279 3409.24754 3733.793366 4066.157102 951.2450693 820.471814 4.784947291e-14 2712.054233 1020.062 1292.030917 2619.769818 2161.38592 1124.469473 1153.163429 0.09019114493 986.3657786 312.6578307 433.348854 32.1547541 7.94740044e-11 5.622149554e-17 164.4438826 0 0 0 0 0 0 0 0 0 0 0 0 0 0 0 0 0 0 0 0 0 0 0 0 0 0 0 0 0 0 0 0 0 0 0 0 0 0 0 0 0 0 0 0 0 0 0 0 0 0 0 0 0 0 0 0 0 0 0 0 0 0 0 0 0 0 0 0 0 0 0 0 0 0 0 0 0 0 0 0 0 0 0 0 0 0 0 0 0 
0 0 0 0 0 0 0 0 0 0 0 0 0 0 0 0 0 0 0 0 0 0 0 0 0 0 0 0 0 0 0 0 0 0 0 0 0 0 0 0 0 0 0 0 0 0 0 0 0 0 0 0 0 0 0 0 0 0 0 0 0 0 0 0 0 0 0 0 0 0 0 0 0 0 0 0 0 0 0 0 0 0 0 0 0 0 0 0 5.400265098e-07 235.8003552 562.6833218 122.2984815 939.9447016 0.4204554074 198.0193238 1005.568682 874.8427491 431.6615487 0.0007029745818 1667.127591 2419.594053 2274.506593 2478.892708 3408.46381 2403.115081 1636.100415 1354.979426 1752.000828 2787.038503 2610.279035 0 4067.817796 1925.683585 5547.620943 1824.971044 2997.015193 3118.616775 535.0664776 6127.258861 4758.838366 4247.145366 7750.590641 7901.690401 1.969473412e-37 3553.867639 992.2224544 6664.746278 8.730327065e-32 3138.184603 2100.998636 8982.925342 5874.030429 4660.328907 3818.699059 3372.247384 4466.666189 5092.176097 6675.349636 5557.925784 4193.742573 2804.996058 2.878959097e-08 3090.986435 2469.415595 1867.263125 2874.952091 2655.775039 3131.956953 2578.982136 1854.015774 3072.51719 2571.216185 3059.687468 1727.223175 1822.671786 1475.235461 105.1376953 585.3176956 382.8140135 752.9600012 562.7176053 1390.196916 358.7629936 516.6295961 346.0625236 0.750500659 5.966876377e-28 71.84345518 0 0 0 0 0 0 0 0 0 0 0 0 0 0 0 0 0 0 0 0 0 0 0 0 0 0 0 0 0 0 0 0 0 0 0 0 0 0 0 0 0 0 0 0 0 0 0 0 0 0 0 0 0 0 0 0 0 0 0 0 0 0 0 0 0 0 0 0 0 0 0 0 0 0 0 0 0 0 0 0 0 0 0 0 0 0 0 0 
0 0 0 0 0 0 0 0 0 0 0 0 0 0 0 0 0 0 0 0 0 0 0 0 0 0 0 0 0 0 0 0 0 0 0 0 0 0 0 0 0 0 0 0 0 0 0 0 0 0 0 0 0 0 0 0 0 0 0 0 0 0 0 0 0 0 0 0 0 0 0 0 0 0 0 0 0 0 0 0 0 0 0 0 0 0 0 0 0 280.1497279 1.637338127e-15 0 995.0453905 37.58428766 3.263831501e-17 287.3102702 603.3321419 8.721100262e-24 1381.021612 2353.067281 1834.803931 2252.460706 1354.546164 1086.817267 2069.46955 3845.892885 1.660267121 3698.117112 3463.209426 2036.370003 41.93371974 4688.29306 5633.636669 5843.884361 1741.4427 1346.662767 7420.696294 7.977400922e-14 179.287845 510.5518553 4067.287927 8856.837715 5.143826881e-06 6308.22556 3585.298596 4386.66526 8037.260006 6396.736219 6124.488288 10943.53798 5084.399111 4669.370682 3810.204056 2488.081779 5343.674629 4814.306447 4510.758579 4205.867289 5367.00692 3927.821563 4092.686669 5095.224648 1.220344548e-14 3866.118916 3353.611931 2985.71193 3088.687873 2339.074454 3265.024566 0.05121793857 2257.864252 1293.426338 2644.882637 424.5772955 851.7636653 1448.404812 5.730042869e-13 1025.576861 269.4325783 696.529154 0.007477545026 7.475906091 3.798223472e-06 5.348726206e-23 7.161727491e-10 0 0 5.497089192e-07 0 0 0 0 0 0 0 0 0 0 0 0 0 0 0 0 0 0 0 0 0 0 0 0 0 0 0 0 0 0 0 0 0 0 0 0 0 0 0 0 0 0 0 0 0 0 0 0 0 0 0 0 0 0 0 0 0 0 0 0 0 0 0 0 0 0 0 0 0 0 0 0 0 0 0 0 0 0 0 0 0 0 0 0 0 0 0 0 
0 0 0 0 0 0 0 0 0 0 0 0 0 0 0 0 0 0 0 0 0 0 0 0 0 0 0 0 0 0 0 0 0 0 0 0 0 0 0 0 0 0 0 0 0 0 0 0 0 0 0 0 0 0 0 0 0 0 0 0 0 0 0 0 0 0 0 0 0 0 0 0 0 0 0 0 0 0 0 0 0 0 0 0 0 0 0 0 0 7.051561212e-15 208.82893 0 710.4975394 638.8814093 782.3274733 563.0410626 0 3.628047762e-07 766.8241637 1236.580311 5.286289979e-06 1060.760465 1323.940477 985.1336482 3.991674956e-06 2364.213753 20.42870802 4660.624228 162.2013277 3113.195319 4674.101267 5760.555743 2835.536444 3.690248335e-06 2677.104383 3659.343904 2619.334352 7338.849148 4570.509006 3828.143433 3464.735441 4239.389197 1391.7655 6346.080124 7587.066317 7.004162216e-11 6.8298995 0 7233.041132 7702.015172 7294.175963 8761.136251 6736.576582 1944.452105 2580.645878 5006.188753 3431.450781 3636.922931 4969.880854 5431.017493 3.062081668e-12 3805.931522 3311.962615 4057.557281 3720.784635 0.1767930335 2.562662893e-05 2442.658478 390.0140159 257.339574 4.60145906e-18 1399.494348 1.069570446e-18 5.622619589e-27 1449.976577 1625.05896 1310.670573 1010.476103 427.0590487 1406.272548 725.727525 523.5632889 318.7275926 1.690532308e-12 3.099840785e-33 0 364.5403839 0 0 0 0 0 0 0 0 0 0 0 0 0 0 0 0 0 0 0 0 0 0 0 0 0 0 0 0 0 0 0 0 0 0 0 0 0 0 0 0 0 0 0 0 0 0 0 0 0 0 0 0 0 0 0 0 0 0 0 0 0 0 0 0 0 0 0 0 0 0 0 0 0 0 0 0 0 0 0 0 0 0 0 0 0 0 0 0 0 
0 0 0 0 0 0 0 0 0 0 0 0 0 0 0 0 0 0 0 0 0 0 0 0 0 0 0 0 0 0 0 0 0 0 0 0 0 0 0 0 0 0 0 0 0 0 0 0 0 0 0 0 0 0 0 0 0 0 0 0 0 0 0 0 0 0 0 0 0 0 0 0 0 0 0 0 0 0 0 0 0 0 0 0 0 0 0 0.8624102054 0 0 439.4564297 287.1659649 240.6993148 235.346742 579.7595384 1.103407529e-15 1044.761069 1157.191883 417.9275918 1698.271689 224.8673026 1941.267442 1046.555562 0.0001461019063 3.768947875e-06 0.0006615171862 507.4243832 1078.815574 1475.697373 2779.256383 3.989234908e-05 2940.574505 3313.266257 2191.559138 2092.312607 0.005327329572 5219.459787 6.704012012e-08 5091.057263 2.290863388e-17 0.003533715992 4543.658448 3794.738212 2910.042924 9.468564077e-10 3387.911981 3915.352915 3528.310685 4.904851466 9026.191898 4526.927396 2547.554868 3.690838584e-05 7191.649395 6.712336253 345.9660885 2512.333898 4604.253122 0 2825.764002 5239.974637 3833.158406 3197.903958 0.08200908487 4095.491534 2271.532875 3058.33936 4277.239453 2059.809527 0 2.24953481e-12 4323.800204 1134.294126 2772.417481 1668.913206 1562.163975 1188.061424 1.935330253e-08 1007.321385 545.9620088 170.7232668 903.2901665 0.10663898 8.403383953e-20 130.5671076 1.749891702e-28 0 0 0 0 0 0 0 0 0 0 0 0 0 0 0 0 0 0 0 0 0 0 0 0 0 0 0 0 0 0 0 0 0 0 0 0 0 0 0 0 0 0 0 0 0 0 0 0 0 0 0 0 0 0 0 0 0 0 0 0 0 0 0 0 0 0 0 0 0 0 0 0 0 0 0 0 0 0 0 0 0 0 0 0 0 0 0 0 0 0 
0 0 0 0 0 0 0 0 0 0 0 0 0 0 0 0 0 0 0 0 0 0 0 0 0 0 0 0 0 0 0 0 0 0 0 0 0 0 0 0 0 0 0 0 0 0 0 0 0 0 0 0 0 0 0 0 0 0 0 0 0 0 0 0 0 0 0 0 0 0 0 0 0 0 0 0 0 0 0 0 0 0 0 0 0 0 0 0 0 0 0 157.6168559 727.2059111 106.9941491 56.22096127 8.413428539e-29 3.919630789e-07 1263.108662 1658.616756 1534.900167 553.542906 0.1178397955 1055.355551 1319.516904 2.437745072e-11 1556.456602 7.298505856e-11 1797.279021 4.37687222e-11 6.571266005e-20 4.365243155 2401.187755 0 4319.062824 910.8351144 2571.066865 1.315095228e-20 3358.085982 3563.423857 5064.253743 2857.858691 3322.58325 4.971881297e-10 2394.196987 3922.009562 4956.264827 0.1163893409 0.004800501059 5.575328324e-07 6393.592772 3407.627654 4426.681831 4491.497713 5.825819222e-23 2538.883832 3444.710537 0 5340.682165 0 0 1255.5491 2395.586936 3969.565527 2923.938042 9.385310057e-06 3320.736838 1049.011851 5.569549905e-11 7.842996645e-13 0 492.1453745 307.1707442 2741.070837 1595.812023 0 1148.32448 1850.96006 429.5356559 833.2300513 1294.911435 1026.25272 1075.919861 0 0.02523471254 431.98025 5.821961205e-22 4.031470713 58.64338321 0 0 0 0 0 0 0 0 0 0 0 0 0 0 0 0 0 0 0 0 0 0 0 0 0 0 0 0 0 0 0 0 0 0 0 0 0 0 0 0 0 0 0 0 0 0 0 0 0 0 0 0 0 0 0 0 0 0 0 0 0 0 0 0 0 0 0 0 0 0 0 0 0 0 0 0 0 0 0 0 0 0 0 0 0 0 0 0 
0 0 0 0 0 0 0 0 0 0 0 0 0 0 0 0 0 0 0 0 0 0 0 0 0 0 0 0 0 0 0 0 0 0 0 0 0 0 0 0 0 0 0 0 0 0 0 0 0 0 0 0 0 0 0 0 0 0 0 0 0 0 0 0 0 0 0 0 0 0 0 0 0 0 0 0 0 0 0 0 0 0 0 0 0 0 0 0 0 91.16215064 55.22439627 500.7535825 2.236424267e-46 110.7375048 573.9684161 1002.650418 7.325641707e-27 0.0009819811995 1289.485923 1104.673778 0 1421.983723 2.627804044 13.4007342 6.924938024 1623.285063 24.4484338 471.7909057 3027.018196 2.144824263e-24 1.664857855e-22 1274.133704 2394.766931 4154.403276 4.219333246e-09 1849.145794 162.1856337 1395.409507 5343.144238 4616.393837 6.58655753 3866.560016 2121.307895 0.007288575858 103.2497234 2.011857277e-09 2366.714555 514.203573 4252.92153 3616.95024 3.428323606e-18 5031.925173 3974.794406 368.6436343 2623.946891 3.376739837e-17 0.007906523263 5.951523436e-07 1294.022759 1119.94061 4372.888798 2779.99745 344.1435235 3215.824877 3118.488883 1919.237605 1488.11523 1193.77675 0.03692313677 3.990590837e-08 8.952006654e-29 2685.809441 3.168926021e-09 0 3.34730789e-13 259.8907247 1753.153332 292.6735118 340.8943457 669.7629397 114.9675252 617.2329292 111.9547768 1.00924477e-11 6.551163685 2.057157717e-06 5.590075546e-08 1.104635236e-28 9.033719971e-19 0 0 0 0 0 0 0 0 0 0 0 0 0 0 0 0 0 0 0 0 0 0 0 0 0 0 0 0 0 0 0 0 0 0 0 0 0 0 0 0 0 0 0 0 0 0 0 0 0 0 0 0 0 0 0 0 0 0 0 0 0 0 0 0 0 0 0 0 0 0 0 0 0 0 0 0 0 0 0 0 0 0 0 0 0 0 0 
0 0 0 0 0 0 0 0 0 0 0 0 0 0 0 0 0 0 0 0 0 0 0 0 0 0 0 0 0 0 0 0 0 0 0 0 0 0 0 0 0 0 0 0 0 0 0 0 0 0 0 0 0 0 0 0 0 0 0 0 0 0 0 0 0 0 0 0 0 0 0 0 0 0 0 0 0 0 0 0 0 0 0 0 0 0 0 0 0 3.182849016e-39 0 0.4476030292 77.09398587 4.974259428 84.35783278 29.30389613 905.2882596 832.2475236 176.7028784 442.4414928 1724.384072 2385.852377 1.386105166e-10 2637.460355 1226.448999 1526.081089 217.9284717 8.380668095e-12 979.7368884 1588.21133 3223.573414 1437.737702 5.898171481e-08 1990.889282 2528.615616 2000.685645 275.2287368 1995.756297 4781.071257 0.07953534426 3637.839718 0 420.9305614 149.2551329 913.574072 3314.209138 2.617034583e-21 1.526403534 2571.217542 1951.669694 5994.515521 5219.554872 0 0.001170860278 9.27548277e-12 216.8390329 0 3165.725752 3281.945741 6.685849645e-24 1.452038888e-09 2412.02063 2607.092276 2649.387247 2429.977431 1535.681543 3551.020142 1290.634214 3.777188268e-13 1091.698532 1092.877469 1607.608218 1065.17645 453.1931298 0.7694798295 0 2.749474953 1245.330022 167.1360559 100.9804899 891.3235542 0 3.110830792e-20 0.001160605217 0 0.2396946702 0 5.550980309e-18 0 0 0 0 0 0 0 0 0 0 0 0 0 0 0 0 0 0 0 0 0 0 0 0 0 0 0 0 0 0 0 0 0 0 0 0 0 0 0 0 0 0 0 0 0 0 0 0 0 0 0 0 0 0 0 0 0 0 0 0 0 0 0 0 0 0 0 0 0 0 0 0 0 0 0 0 0 0 0 0 0 0 0 0 0 0 0 0 
0 0 0 0 0 0 0 0 0 0 0 0 0 0 0 0 0 0 0 0 0 0 0 0 0 0 0 0 0 0 0 0 0 0 0 0 0 0 0 0 0 0 0 0 0 0 0 0 0 0 0 0 0 0 0 0 0 0 0 0 0 0 0 0 0 0 0 0 0 0 0 0 0 0 0 0 0 0 0 0 0 0 0 0 0 0 0 0 1.423524501e-42 0 94.5734547 540.3389445 3.017691097e-05 1.243943564e-32 21.41551099 0.0128408254 1024.249459 731.1612981 205.7902458 797.1799861 558.6064139 64.22986862 487.4870124 0.001291670805 4.528661576e-38 74.54146218 295.6986343 2550.062594 1747.248389 201.0938251 3293.363338 1719.862749 2886.40312 5.880002948e-07 1111.452251 3113.778069 646.4188941 2825.08508 3.094953641e-26 3.429819817e-23 108.0214767 2542.428001 3029.406408 3908.667167 0.002517112272 1.627139055e-18 4910.209183 3261.210465 0 4242.571585 5871.452925 4132.375015 1.247625561e-13 7.228461525e-16 3.013962502 2957.929943 2.910873102e-14 1938.641029 4577.059436 3489.263028 937.0354876 1320.838083 0 3319.661819 2045.443515 3598.136159 1026.853301 2250.137538 1010.68547 3.016180528e-24 514.4828701 0.0009432671282 96.84572794 0 1007.431954 439.7174726 7.448314885 403.2566021 1074.249865 388.8731985 4.79521663e-35 4.222014077e-17 1.598842515e-08 0.6824322351 6.856188109e-32 0 19.64868596 0 0 0 0 0 0 0 0 0 0 0 0 0 0 0 0 0 0 0 0 0 0 0 0 0 0 0 0 0 0 0 0 0 0 0 0 0 0 0 0 0 0 0 0 0 0 0 0 0 0 0 0 0 0 0 0 0 0 0 0 0 0 0 0 0 0 0 0 0 0 0 0 0 0 0 0 0 0 0 0 0 0 0 0 0 0 0 0 0 
0 0 0 0 0 0 0 0 0 0 0 0 0 0 0 0 0 0 0 0 0 0 0 0 0 0 0 0 0 0 0 0 0 0 0 0 0 0 0 0 0 0 0 0 0 0 0 0 0 0 0 0 0 0 0 0 0 0 0 0 0 0 0 0 0 0 0 0 0 0 0 0 0 0 0 0 0 0 0 0 0 0 0 0 0 0 0 1.074445223e-24 0 5.972169229e-37 371.866451 8.322720495e-16 1.652984086e-36 0.0005851089918 618.8024698 450.5128979 6.003305969e-13 1198.730458 0 1199.319734 2014.347971 1112.685811 5.95629622e-23 1412.625677 987.9800569 5.858909369e-12 1761.986462 5.768083512e-11 2323.61557 1852.746298 2646.731612 0.2126409322 9.501439365e-07 4767.885354 4265.587095 3.699721223e-18 3.56704196e-05 173.5834942 4018.072129 4775.885266 3826.907296 1.255146307e-16 3473.650964 3.486908005e-12 3325.438743 4337.018107 1452.842639 4257.362601 3111.592001 3080.592137 5209.249047 1860.701568 5595.610137 2870.687645 942.7437771 0 4688.714834 3277.816687 1.627308593e-05 5177.824359 1.579155732e-07 1744.663297 7.507151047e-14 2757.72993 0.5903108378 8.129439739e-28 668.9848795 7.551404886e-26 1384.625993 186.1076278 2707.073479 1662.227201 1565.820916 2.176763056e-15 1735.855883 477.685313 8.647472523e-09 1011.049394 606.4087325 17.48597079 79.21166931 0.0302809893 425.6537571 2.26918129 0 122.4816043 91.08640037 0 0 0 0 0 0 0 0 0 0 0 0 0 0 0 0 0 0 0 0 0 0 0 0 0 0 0 0 0 0 0 0 0 0 0 0 0 0 0 0 0 0 0 0 0 0 0 0 0 0 0 0 0 0 0 0 0 0 0 0 0 0 0 0 0 0 0 0 0 0 0 0 0 0 0 0 0 0 0 0 0 0 0 0 0 0 0 0 0 
0 0 0 0 0 0 0 0 0 0 0 0 0 0 0 0 0 0 0 0 0 0 0 0 0 0 0 0 0 0 0 0 0 0 0 0 0 0 0 0 0 0 0 0 0 0 0 0 0 0 0 0 0 0 0 0 0 0 0 0 0 0 0 0 0 0 0 0 0 0 0 0 0 0 0 0 0 0 0 0 0 0 0 0 0 0 0 0 0 3.260363138 14.03437392 264.8961355 367.4189598 305.7966148 698.7669736 129.4720342 277.0042107 62.46401242 900.5179855 1171.264499 1.983220231e-22 0.01671168957 1025.168656 2123.094304 4.067191052e-29 87.03854594 1503.527624 46.61940509 1332.057 1670.863744 2453.175152 2751.775251 1484.160241 1709.678375 1.252664686e-05 3000.789154 2914.022474 1.320674537e-05 5.010024616e-05 3768.126615 2008.696294 3797.107852 2727.049029 0.002694864081 3291.596942 3238.445663 1441.103604 3869.472811 1320.711585 0.0008608585199 4178.165421 782.9909097 4210.028502 5378.86749 3158.629693 2.185292977e-14 2816.979176 2.996087607e-12 4.329120684e-07 3480.073967 3.485794638e-06 3742.613113 2861.060225 1048.350728 4133.901789 1134.413498 191.0012567 2238.736923 0 1908.416711 0 1870.60419 1.864117748e-34 12.72754099 23.13563436 62.98878572 1685.569717 819.3155334 1074.387339 4.335061978e-16 80.38949173 1.881495759e-29 344.0587493 530.8341763 7.749239222e-38 0 0 0 0 0 0 0 0 0 0 0 0 0 0 0 0 0 0 0 0 0 0 0 0 0 0 0 0 0 0 0 0 0 0 0 0 0 0 0 0 0 0 0 0 0 0 0 0 0 0 0 0 0 0 0 0 0 0 0 0 0 0 0 0 0 0 0 0 0 0 0 0 0 0 0 0 0 0 0 0 0 0 0 0 0 0 0 0 0 0 0 
0 0 0 0 0 0 0 0 0 0 0 0 0 0 0 0 0 0 0 0 0 0 0 0 0 0 0 0 0 0 0 0 0 0 0 0 0 0 0 0 0 0 0 0 0 0 0 0 0 0 0 0 0 0 0 0 0 0 0 0 0 0 0 0 0 0 0 0 0 0 0 0 0 0 0 0 0 0 0 0 0 0 0 0 0 0 0 0 0.001054118816 17.73271603 68.31062834 4.042925405 0.4378058831 0.000423435475 0.007744134419 463.6879417 137.1458423 5.535879869e-09 1598.148908 2.567916481e-16 870.7162534 962.5969737 3.824938527e-30 1535.592122 762.3603942 0.01044213188 1796.976449 965.304222 99.71395358 3.564434723e-17 1343.785507 3293.809236 408.015803 1070.361925 3.907342605e-10 1554.362619 3268.724621 4703.577012 5339.437269 4539.825633 3.37754167e-12 2.075920103e-19 3723.11367 2.040901117e-09 2800.073933 1.008863448 4877.507271 1344.358556 1806.598547 2222.224682 2446.525212 4945.392512 2623.479752 2773.086116 2271.189975 3500.680811 4251.390668 3.289755861e-21 2.597400465e-26 1954.597887 1.737912388e-29 2184.194592 2912.00345 1.972582993e-24 109.5898995 2.121279391e-18 1.518188127e-36 1041.047657 1830.23004 0.9847723351 2428.831871 1303.196578 2046.245349 2.328114378e-06 1457.554848 3.039862392e-16 7.179906076e-37 1.005401027e-12 513.0650511 54.81164181 110.6466316 218.9347743 1.537839515e-41 0.01359808179 0.02928990537 2.203704492e-19 2.259356015e-14 0 0 0 0 0 0 0 0 0 0 0 0 0 0 0 0 0 0 0 0 0 0 0 0 0 0 0 0 0 0 0 0 0 0 0 0 0 0 0 0 0 0 0 0 0 0 0 0 0 0 0 0 0 0 0 0 0 0 0 0 0 0 0 0 0 0 0 0 0 0 0 0 0 0 0 0 0 0 0 0 0 0 0 0 0 0 0 0 0 
0 0 0 0 0 0 0 0 0 0 0 0 0 0 0 0 0 0 0 0 0 0 0 0 0 0 0 0 0 0 0 0 0 0 0 0 0 0 0 0 0 0 0 0 0 0 0 0 0 0 0 0 0 0 0 0 0 0 0 0 0 0 0 0 0 0 0 0 0 0 0 0 0 0 0 0 0 0 0 0 0 0 0 0 0 0 0 0 0 43.16414575 0 8.023046091e-19 208.2751781 198.9680601 0 0.01075903297 455.5359185 8.300675813e-20 3.692321893e-50 548.9882578 1.618935041e-09 811.7572438 1065.477913 603.3187219 3.554076336e-10 0.0001888594506 954.5185386 2248.692451 6.254660623e-39 332.1232141 2155.87982 2054.965659 1079.694825 2096.743309 3847.252281 1.65730679 9.429404752e-29 853.0804025 2.068079334e-17 2230.434285 1317.375593 2.520397476e-28 0.001355659897 8.707891504e-11 4.03656778e-10 4218.13943 0.7633835607 6.481060187e-26 4248.6027 2992.965315 3604.433596 4274.304652 5.674751744e-06 1198.111369 496.8718778 4946.136008 2463.331504 3.755382004e-08 1.255154378e-07 46.12629581 1.005330179e-12 2855.481746 627.5059212 149.1930054 568.9937424 1604.265769 1.097858965e-23 1.259615748e-37 0.1356160348 2600.14404 1246.772015 1034.104385 2006.372894 7.830610807e-05 1391.993715 936.2610969 2.866435793e-19 998.6682124 2.89105757e-36 520.526173 121.1875563 136.6007348 2.727459134e-05 2.962327512e-15 5.993403685e-18 24.69840159 0.001998547183 0 0 0 0 0 0 0 0 0 0 0 0 0 0 0 0 0 0 0 0 0 0 0 0 0 0 0 0 0 0 0 0 0 0 0 0 0 0 0 0 0 0 0 0 0 0 0 0 0 0 0 0 0 0 0 0 0 0 0 0 0 0 0 0 0 0 0 0 0 0 0 0 0 0 0 0 0 0 0 0 0 0 0 0 0 0 0 0 0 
0 0 0 0 0 0 0 0 0 0 0 0 0 0 0 0 0 0 0 0 0 0 0 0 0 0 0 0 0 0 0 0 0 0 0 0 0 0 0 0 0 0 0 0 0 0 0 0 0 0 0 0 0 0 0 0 0 0 0 0 0 0 0 0 0 0 0 0 0 0 0 0 0 0 0 0 0 0 0 0 0 0 0 0 0 0 0 0 0 0 1.522256569e-07 3.492917639e-10 3.948748938e-19 0 204.7124095 64.35553106 34.94420831 586.2306311 3.100001553e-19 1.203210554e-06 6.300285719e-20 1035.706043 249.1133506 1110.940318 7.242965617e-29 1527.725856 894.2855644 1911.977595 1538.112399 1722.950411 1136.307414 1.421779146e-05 2720.023448 2020.220382 5.083407617e-31 2323.939657 1.73799806e-27 1969.207821 1.98426121 2.08777347e-08 2317.582309 2.498295461e-33 2658.719336 9.551932305e-18 5.742444122e-16 1614.190132 1202.856895 3722.270744 4633.345905 2643.669225 1.347374775e-30 0.0001422951002 13.58031269 2636.029549 2.33533858e-36 4384.97781 0 517.9881704 3.373575244e-28 2608.494426 1961.419047 0.005397549635 6.38179448e-25 2.983034651e-28 1773.623609 2628.359393 1939.508733 1417.964251 24.29873891 0 753.442033 277.6183904 1480.362728 464.6981067 252.1895827 3.079526493e-32 176.7133033 493.2824669 0.001586734233 678.0591452 134.3774566 3.291947317e-22 235.5567036 0 3.871421915e-21 0 0 48.17042234 0 0 0 0 0 0 0 0 0 0 0 0 0 0 0 0 0 0 0 0 0 0 0 0 0 0 0 0 0 0 0 0 0 0 0 0 0 0 0 0 0 0 0 0 0 0 0 0 0 0 0 0 0 0 0 0 0 0 0 0 0 0 0 0 0 0 0 0 0 0 0 0 0 0 0 0 0 0 0 0 0 0 0 0 0 0 0 0 
0 0 0 0 0 0 0 0 0 0 0 0 0 0 0 0 0 0 0 0 0 0 0 0 0 0 0 0 0 0 0 0 0 0 0 0 0 0 0 0 0 0 0 0 0 0 0 0 0 0 0 0 0 0 0 0 0 0 0 0 0 0 0 0 0 0 0 0 0 0 0 0 0 0 0 0 0 0 0 0 0 0 0 0 0 0 0 0 0 0.169782409 7.244194575e-17 0 293.7155741 0.00271964274 0 417.8775062 4.402595324e-05 114.2957689 3.259891638e-26 440.5371036 75.73468855 5.382985233e-42 1.824516305e-20 0 0.0006913003614 1509.679321 1.871656851e-05 2.757078888e-37 2221.906379 1895.286193 8.013680423e-05 1298.141489 58.36277031 1644.505873 79.60869661 4.393852156 1194.339201 1.202138873e-40 1085.665156 3000.834334 5.926000793e-16 2.416545381e-39 1828.490896 3118.710812 4374.443078 4285.975038 2412.643102 1578.654463 0.4822211809 3.033908311e-05 3.643463591e-33 0.0003944428781 3418.320037 0.07975940395 0.0004324093644 4564.498335 1.206709662 2182.452869 0.8367349644 2521.918246 1456.886864 2531.202069 0 1.619271328e-12 1.743318357e-25 2.554897079e-11 1526.815709 1387.145946 2337.479283 102.4925771 2.290262163e-11 0 861.4293502 828.9853931 8.769453664e-12 1276.438772 0 848.0224173 1.912602922e-10 3.201911957e-05 296.0084345 192.50897 0 0.0002915844003 328.200913 0.428702137 0 0 0 0 0 0 0 0 0 0 0 0 0 0 0 0 0 0 0 0 0 0 0 0 0 0 0 0 0 0 0 0 0 0 0 0 0 0 0 0 0 0 0 0 0 0 0 0 0 0 0 0 0 0 0 0 0 0 0 0 0 0 0 0 0 0 0 0 0 0 0 0 0 0 0 0 0 0 0 0 0 0 0 0 0 0 0 0 0 0 
0 0 0 0 0 0 0 0 0 0 0 0 0 0 0 0 0 0 0 0 0 0 0 0 0 0 0 0 0 0 0 0 0 0 0 0 0 0 0 0 0 0 0 0 0 0 0 0 0 0 0 0 0 0 0 0 0 0 0 0 0 0 0 0 0 0 0 0 0 0 0 0 0 0 0 0 0 0 0 0 0 0 0 0 0 0 0 0 0 163.0295547 63.55282944 116.0068928 0.7414960051 1.693418128e-24 9.085483086e-12 443.1573461 1.128019239e-16 0.7260586578 0.02373540141 0 758.697619 0.0007458180062 0 22.78778925 202.9594366 514.4077726 0 2168.353006 462.9593932 1.127110737e-11 7.130161865e-35 1453.508076 1259.547572 2092.493693 2835.740111 1182.498432 7.712113896e-15 433.2656412 0 2.214595465e-19 0 2132.448619 649.9661961 4.467938754e-19 0.0001111896216 2342.91468 3886.551049 2827.619566 3592.727433 4050.179592 4810.862484 2168.797724 4089.21349 3104.498743 2987.161504 2786.149042 1.238652936e-18 3066.226536 2339.254564 0 1.061656311e-06 2.039907442e-38 2.002358814e-19 5.500017976e-40 0 1329.84008 1791.511523 1056.194199 1.340176658e-21 764.9720448 1416.176466 1597.343797 1489.725482 1139.957903 8.872491589e-45 8.092528126e-05 5.165962951e-15 1.272969291e-23 0 63.93410935 746.7965003 332.8260443 9.875194424e-28 0.009124202711 1.768462024e-37 6.349787306e-41 0 0 2.555451859e-47 0 0 0 0 0 0 0 0 0 0 0 0 0 0 0 0 0 0 0 0 0 0 0 0 0 0 0 0 0 0 0 0 0 0 0 0 0 0 0 0 0 0 0 0 0 0 0 0 0 0 0 0 0 0 0 0 0 0 0 0 0 0 0 0 0 0 0 0 0 0 0 0 0 0 0 0 0 0 0 0 0 0 0 0 0 0 0 
0 0 0 0 0 0 0 0 0 0 0 0 0 0 0 0 0 0 0 0 0 0 0 0 0 0 0 0 0 0 0 0 0 0 0 0 0 0 0 0 0 0 0 0 0 0 0 0 0 0 0 0 0 0 0 0 0 0 0 0 0 0 0 0 0 0 0 0 0 0 0 0 0 0 0 0 0 0 0 0 0 0 0 0 0 0 0 0 0 0 4.156021735e-40 0 7.530085083e-35 6.578871228e-29 1.02543039e-42 315.897343 3.47566082e-31 735.6397497 2.531307935e-38 260.4337773 3.266564004e-20 2.0227513e-33 802.5148854 1.257947983e-15 9.312514201e-28 0 93.27796584 88.4101457 1996.402277 1761.731963 2.430188667e-50 4.995369715e-28 0 1912.317079 10.63560725 1.500747426e-19 4202.319127 2721.741654 3.753921976e-19 0.6883055972 2.283013225 173.0428011 3.171716112 9.600306661e-08 0 3.189803809e-21 2643.355042 2314.057756 2335.360449 0 0 1.470462082e-49 9.620686954e-25 3623.062956 3708.351664 7.740468385e-34 2666.379685 741.7496363 0.001027095099 17.89031109 2672.523534 0.004750408397 0 2.66910905e-38 0 0 1253.7283 5.838547837e-23 1368.762093 6.454093916e-19 6.532440183e-49 1983.170934 877.3672974 49.12394523 3.753569947e-22 1.046689342e-12 1.364531088e-10 2.142768384e-05 2.47648157e-05 0 0.01883560523 132.9183047 113.4968135 0 1.715080954e-33 4.275157695e-26 196.1420096 7.15855452e-12 12.63173639 0 0 0 0 0 0 0 0 0 0 0 0 0 0 0 0 0 0 0 0 0 0 0 0 0 0 0 0 0 0 0 0 0 0 0 0 0 0 0 0 0 0 0 0 0 0 0 0 0 0 0 0 0 0 0 0 0 0 0 0 0 0 0 0 0 0 0 0 0 0 0 0 0 0 0 0 0 0 0 0 0 0 0 0 0 0 0 
0 0 0 0 0 0 0 0 0 0 0 0 0 0 0 0 0 0 0 0 0 0 0 0 0 0 0 0 0 0 0 0 0 0 0 0 0 0 0 0 0 0 0 0 0 0 0 0 0 0 0 0 0 0 0 0 0 0 0 0 0 0 0 0 0 0 0 0 0 0 0 0 0 0 0 0 0 0 0 0 0 0 0 0 0 0 0 0 2.779940069e-20 0 4.121402092 0.001162637118 286.7108878 7.006393778e-51 484.1867659 0.000161979233 0.02016486601 1.612345947e-38 812.1641867 7.538408761 1.901727711e-28 0 5.014256958e-32 1.065203124e-10 0.1202732916 8.033010637e-37 1.395060024e-10 0.028520742 306.6386433 1.797187641e-06 584.377472 391.0080858 8.957841875e-07 8.903347285e-44 1406.695524 8.146004397e-05 2.175578682e-18 1587.328561 0.003895075547 3340.810943 7.813847136e-14 1180.120717 0 2985.645525 0 0.04078115078 0 2549.24715 1684.920732 6.166533756e-12 2.090249815e-43 2.504978622e-12 1.643655001e-30 1.083424897e-15 1.518944728e-29 0 0 2413.972524 1995.828188 1244.613012 1053.34297 1727.188662 3.732864124e-23 2.534953164e-18 0.3254267356 8.056374081e-39 2.455090364e-05 0 1.074363893e-14 2.229942553e-09 6.78414041e-11 6.170858495e-12 0 0.03020643502 0 1.02242747e-25 4.203468358e-07 1.586206065e-26 683.5741448 8.645662403e-14 1.26476508e-08 2.67946265e-07 1.157217051e-20 0 0 0 0 0 0 0 0 0 0 0 0 0 0 0 0 0 0 0 0 0 0 0 0 0 0 0 0 0 0 0 0 0 0 0 0 0 0 0 0 0 0 0 0 0 0 0 0 0 0 0 0 0 0 0 0 0 0 0 0 0 0 0 0 0 0 0 0 0 0 0 0 0 0 0 0 0 0 0 0 0 0 0 0 0 0 0 0 0 0 0 0 0 
0 0 0 0 0 0 0 0 0 0 0 0 0 0 0 0 0 0 0 0 0 0 0 0 0 0 0 0 0 0 0 0 0 0 0 0 0 0 0 0 0 0 0 0 0 0 0 0 0 0 0 0 0 0 0 0 0 0 0 0 0 0 0 0 0 0 0 0 0 0 0 0 0 0 0 0 0 0 0 0 0 0 0 0 0 0 0 0 0 0 0 1.304761632e-16 0 0 434.3619287 43.99867653 6.396735766e-12 0.00970698181 0 7.037497726e-10 0 9.919479734e-28 471.0500815 0.01482747743 1.723883827e-10 3.842838934e-36 1192.291997 0 0 1194.746677 717.304437 4.289387692e-10 325.7580924 0 0.0001193572504 4.112963527e-43 97.51096787 1.106048085e-19 3314.140944 2.580962675e-26 2.309057329e-21 501.0257331 1.769791545e-48 9.443366444e-50 1317.604735 2.199895017e-09 3.512686828e-37 0 0.000197665193 5.478177513e-33 5.265967927e-18 46.51133038 2.037753267e-08 1.99836284e-38 1.283059286e-34 2.716302783e-18 2.859944848e-19 0 0.01777041589 6.613010385e-45 1382.624983 841.5227053 2.486734113e-37 445.0084009 969.2408936 1552.099242 0.07665492921 1.561178538e-24 5.225556108e-13 31.35438869 0 0 0.0002009098217 2.2031598e-13 0.002602791098 0 186.2861319 421.3876053 24.53345476 0 1.02852056e-39 4.776092603e-26 190.063735 96.78075313 0 0 0 4.994555108 0 0 0 0 0 0 0 0 0 0 0 0 0 0 0 0 0 0 0 0 0 0 0 0 0 0 0 0 0 0 0 0 0 0 0 0 0 0 0 0 0 0 0 0 0 0 0 0 0 0 0 0 0 0 0 0 0 0 0 0 0 0 0 0 0 0 0 0 0 0 0 0 0 0 0 0 0 0 0 0 0 0 0 0 0 0 0 0 
0 0 0 0 0 0 0 0 0 0 0 0 0 0 0 0 0 0 0 0 0 0 0 0 0 0 0 0 0 0 0 0 0 0 0 0 0 0 0 0 0 0 0 0 0 0 0 0 0 0 0 0 0 0 0 0 0 0 0 0 0 0 0 0 0 0 0 0 0 0 0 0 0 0 0 0 0 0 0 0 0 0 0 0 0 0 0 0 0 0 3.385524094e-21 0 2.274545065e-13 9.736163751e-22 3.437906957e-29 0 2.228377845e-08 1.72314712e-38 521.4965323 3.040683951e-32 886.4353664 0 0 3.514830517e-44 0 5.473418131e-41 910.5988435 1.0423088e-35 3.036145216e-12 0.001789050061 6.107342531 9.007185832e-16 1.942996409e-30 0.06452241948 8.3076379e-17 2.648274321e-36 2.32251519e-22 0 1972.756611 150.6230098 0 959.8810459 3.847530094e-25 7.774103927e-45 6.559782676e-27 1.754930336e-40 2700.878489 0 943.6114124 3.84944878e-18 1.290803696e-39 1579.64131 0 1591.934016 983.9137358 669.3877626 0 1.260037233e-16 9.343750014e-46 1.002448974e-12 9.920747611e-54 1.333521949e-46 2.821536828e-31 0 0.0003895569356 2.732325852e-09 7.323112921e-15 0 0 0.0002993218361 0 0 914.3800564 5.798163896e-17 1.441789478e-29 1.79203526e-30 0.7194401633 5.476349393e-20 277.478911 43.75979216 6.736581507e-55 1.210095696e-28 20.36433833 0 209.564833 0 0 0 3.153953231 0 0 0 0 0 0 0 0 0 0 0 0 0 0 0 0 0 0 0 0 0 0 0 0 0 0 0 0 0 0 0 0 0 0 0 0 0 0 0 0 0 0 0 0 0 0 0 0 0 0 0 0 0 0 0 0 0 0 0 0 0 0 0 0 0 0 0 0 0 0 0 0 0 0 0 0 0 0 0 0 0 0 0 0 0 0 0 
0 0 0 0 0 0 0 0 0 0 0 0 0 0 0 0 0 0 0 0 0 0 0 0 0 0 0 0 0 0 0 0 0 0 0 0 0 0 0 0 0 0 0 0 0 0 0 0 0 0 0 0 0 0 0 0 0 0 0 0 0 0 0 0 0 0 0 0 0 0 0 0 0 0 0 0 0 0 0 0 0 0 0 0 0 0 0 0 0 2.479559148e-09 9.041399326e-32 0 0 2.504652355e-28 0 0 3.717345425e-18 0 3.02174969e-19 748.6010748 1.648366875e-37 373.6779788 334.9205783 408.0852562 67.27705005 1.693111033e-40 0 64.65804814 7.724181275e-26 0.003206308541 13.8262029 5.831019419e-07 157.5093648 3.271077202e-57 989.7964436 1.58527134e-07 95.02186342 1.959762205e-10 1103.781241 2.424232717e-37 1.475539614e-12 0.04862889702 0 2053.850015 3066.463739 2.892795731e-43 1.333559962e-16 0 1.833199724e-22 1.067610521e-18 0 0.0004927905876 1401.360085 0 3.220232065e-12 1951.636193 1351.388992 0.0158651756 0 7.777395659e-26 300.4781825 5.941106675e-53 6.050975341e-50 3.698037307e-48 1.357986044e-15 0 8.690856537e-10 9.727865448e-35 21.84983055 2.009458827e-17 1.075787938e-11 271.4412939 1.163989947e-30 3.914072627e-42 9.870928263e-05 9.672345488e-15 4.401461965e-48 0.01259841942 1.438550954e-33 0 0 2.025362079e-05 424.9028259 0.0001394097987 0 0 4.936854354e-21 0 12.70404262 0 0 0 0 0 0 0 0 0 0 0 0 0 0 0 0 0 0 0 0 0 0 0 0 0 0 0 0 0 0 0 0 0 0 0 0 0 0 0 0 0 0 0 0 0 0 0 0 0 0 0 0 0 0 0 0 0 0 0 0 0 0 0 0 0 0 0 0 0 0 0 0 0 0 0 0 0 0 0 0 0 0 0 0 0 0 0 
0 0 0 0 0 0 0 0 0 0 0 0 0 0 0 0 0 0 0 0 0 0 0 0 0 0 0 0 0 0 0 0 0 0 0 0 0 0 0 0 0 0 0 0 0 0 0 0 0 0 0 0 0 0 0 0 0 0 0 0 0 0 0 0 0 0 0 0 0 0 0 0 0 0 0 0 0 0 0 0 0 0 0 0 0 0 0 0 0 0 3.325535871e-43 12.43698814 0 0 6.555717815e-44 1.330189303e-32 147.811597 4.671782309e-48 0 0 332.7755956 1.473632004e-12 579.3713116 5.237006735e-38 0.006199968073 4.473049255e-26 1.078389501e-48 8.511496843e-47 1.964994693e-35 1808.052062 1039.151137 2.743427736e-06 2.350837206e-26 8.38322153e-26 749.784317 3.806529993e-43 1491.191655 3.616293996e-32 0 8.942491176e-16 9.390903419e-15 702.3533411 2.386471805e-10 4.824228471e-39 1786.809095 2.23073813e-13 0 1.103757969e-39 0 2769.618204 343.9863959 1.10143563e-56 3.390796268e-40 3.449387546e-35 2034.740725 8.594556269e-09 0 2247.826909 4.759828292e-53 2.625124477e-13 0 0 8.243545318e-31 7.462970928e-16 1357.229839 0 490.7161758 0 0 2.344616394e-53 146.2430681 5.243559516e-33 6.146666014e-17 63.88216462 0 0 4.195089381e-53 1.671264994e-24 1.534148475e-30 2.309610997 5.646297793e-05 5.298566817e-34 68.23548321 0 0 0.8843349778 0 0 0 0 0 0 0 0 0 0 0 0 0 0 0 0 0 0 0 0 0 0 0 0 0 0 0 0 0 0 0 0 0 0 0 0 0 0 0 0 0 0 0 0 0 0 0 0 0 0 0 0 0 0 0 0 0 0 0 0 0 0 0 0 0 0 0 0 0 0 0 0 0 0 0 0 0 0 0 0 0 0 0 0 0 0 0 0 0 0 
0 0 0 0 0 0 0 0 0 0 0 0 0 0 0 0 0 0 0 0 0 0 0 0 0 0 0 0 0 0 0 0 0 0 0 0 0 0 0 0 0 0 0 0 0 0 0 0 0 0 0 0 0 0 0 0 0 0 0 0 0 0 0 0 0 0 0 0 0 0 0 0 0 0 0 0 0 0 0 0 0 0 0 0 0 0 0 0 0 0 0 4.660438599e-29 2.479384165e-36 0 615.8030144 2.411912495e-11 5.372328916 0 0 0.0008814737486 7.260193561e-22 1.488125554e-11 0 6.097871822 2.26422457e-12 586.9271288 998.9041534 1.266562078e-38 865.9540322 0 1.940773619e-46 1.991011081e-33 3.445859942e-39 4.586412252e-06 5.070769503e-39 6.320567821e-40 1.729939628e-23 0 1613.353812 0 20.4420946 1.188200835e-10 0.4285478336 0.003403116056 0 6.054994849e-11 0 4.914554663e-46 1.361941806e-16 0 3216.092508 173.3714063 2226.433459 0 9.743236076e-33 0 598.2577488 1.927826846e-28 18.99566547 1.114594533 7.103767175e-28 2274.831324 1.782239631e-35 1304.916468 245.854239 0 718.9630439 24.57899413 928.0912564 6.905697716e-26 46.199508 0 0 592.8687618 0 0 325.9403005 3.205651712e-50 0 665.7590532 2.703445434e-10 25.96996726 46.95880123 8.412341172 0 6.740015432 73.44470239 0 0 0 0 0 0 0 0 0 0 0 0 0 0 0 0 0 0 0 0 0 0 0 0 0 0 0 0 0 0 0 0 0 0 0 0 0 0 0 0 0 0 0 0 0 0 0 0 0 0 0 0 0 0 0 0 0 0 0 0 0 0 0 0 0 0 0 0 0 0 0 0 0 0 0 0 0 0 0 0 0 0 0 0 0 0 0 0 0 
0 0 0 0 0 0 0 0 0 0 0 0 0 0 0 0 0 0 0 0 0 0 0 0 0 0 0 0 0 0 0 0 0 0 0 0 0 0 0 0 0 0 0 0 0 0 0 0 0 0 0 0 0 0 0 0 0 0 0 0 0 0 0 0 0 0 0 0 0 0 0 0 0 0 0 0 0 0 0 0 0 0 0 0 0 0 0 0 0 8.998303098e-22 0 0 0 308.8726427 1.064782984e-44 0 0 5.004357558e-29 3.284081936e-05 0 1.631776656e-08 4.565335452e-27 0 0.003054686047 0 630.8746458 1.691257627e-41 598.4849603 0 3.644056438e-35 1.403799299e-19 0 4.027330813e-16 3.058988729e-48 0 725.2294604 0 0 25.90291994 1.233885069e-42 0 7.247559191e-06 3.351299863e-28 0 0.1256877587 0.02729063637 0 0 6.953211215e-32 0 0 3.520346965e-06 0 0 0 1178.24233 8.959112638e-30 1365.334211 0.01957349375 0 0 2.904584231e-43 1562.089059 0 5.102330422e-24 5.27308815e-30 0 3.612437125e-21 0 0 325.1730698 1295.201172 1.801302876 3.783669192e-33 1.657436068e-44 0 0 498.0501558 5.411183304e-19 0 0 0 7.066322288e-31 1.131591641e-38 7.477598121e-30 1.909743094e-37 0 0 0 0 0 0 0 0 0 0 0 0 0 0 0 0 0 0 0 0 0 0 0 0 0 0 0 0 0 0 0 0 0 0 0 0 0 0 0 0 0 0 0 0 0 0 0 0 0 0 0 0 0 0 0 0 0 0 0 0 0 0 0 0 0 0 0 0 0 0 0 0 0 0 0 0 0 0 0 0 0 0 0 0 0 0 0 0 0 0 
0 0 0 0 0 0 0 0 0 0 0 0 0 0 0 0 0 0 0 0 0 0 0 0 0 0 0 0 0 0 0 0 0 0 0 0 0 0 0 0 0 0 0 0 0 0 0 0 0 0 0 0 0 0 0 0 0 0 0 0 0 0 0 0 0 0 0 0 0 0 0 0 0 0 0 0 0 0 0 0 0 0 0 0 0 0 0 0 0 0 0 0 0 0 0 1.297784568e-55 1.307455928e-17 0 0 0 0.1893899642 3.281688283e-16 13.57035131 0 0 0 0 6.718651029e-24 0 2.903550835e-33 8.707885445e-20 1.086095337e-12 7.292261448e-43 0 1.785447526e-48 1.876500738e-32 0 0 1.419186296e-38 1.984414796e-29 1101.918483 3.924974534e-08 0.001044086993 3.944254041e-10 0 1.449642116e-08 0 1.225293329e-48 0.01268320073 0 2.727238696e-33 0 409.378386 1780.189585 0 0 1706.117128 5.922599702e-22 0 587.6436398 0 5.677912334e-19 5.982360496e-25 2.325803437e-55 1.415881141e-22 1090.107345 1.532700491 2.154034353e-55 0.000683801798 922.7229915 4.504779823e-32 0.007400257982 0 0 4.051817417e-37 7.427213243e-31 0.1895426298 0 0 0 7.18551714e-49 4.638068372e-30 0 0 0 1.073438481e-49 0 0 0 0 0 0 0 0 0 0 0 0 0 0 0 0 0 0 0 0 0 0 0 0 0 0 0 0 0 0 0 0 0 0 0 0 0 0 0 0 0 0 0 0 0 0 0 0 0 0 0 0 0 0 0 0 0 0 0 0 0 0 0 0 0 0 0 0 0 0 0 0 0 0 0 0 0 0 0 0 0 0 0 0 0 0 0 0 0 0 
0 0 0 0 0 0 0 0 0 0 0 0 0 0 0 0 0 0 0 0 0 0 0 0 0 0 0 0 0 0 0 0 0 0 0 0 0 0 0 0 0 0 0 0 0 0 0 0 0 0 0 0 0 0 0 0 0 0 0 0 0 0 0 0 0 0 0 0 0 0 0 0 0 0 0 0 0 0 0 0 0 0 0 0 0 0 0 0 0 0 0 0 6.47344018e-30 0 5.104741968e-43 1.292716621e-43 0 114.6238098 0 146.8767565 7.961091231e-31 0 0 515.0082476 0.2341977115 1.105630495e-34 0 0 1.177848342e-34 0 1.17029328e-49 5.208638881e-38 4.539850478e-41 0 2.309968192e-20 9.503223291 0 0 2.755510595e-15 0 0 0.6432783548 1304.805653 0 3.605637294e-24 7.016209672e-29 2.295541901e-47 0 1.463789439e-27 1.796801329e-30 0.1683493607 3.152148414e-29 0 0 984.656669 1.303801632e-08 995.3869472 0 397.6224809 314.266119 1.05252157e-29 5.952248484e-06 13.65751485 0 4.925600102e-15 0 0 0 1.552326253e-05 559.2609281 705.7018294 0 1.81092006e-40 348.6885265 1.752794693e-33 8.616354225e-14 1.101439943e-40 2.530573905e-23 6.681749845e-28 0 0.07521528894 1.359938388e-59 0 1.666578335e-32 1.342633201e-31 0 1.308445034e-25 0 0 0 0 0 0 0 0 0 0 0 0 0 0 0 0 0 0 0 0 0 0 0 0 0 0 0 0 0 0 0 0 0 0 0 0 0 0 0 0 0 0 0 0 0 0 0 0 0 0 0 0 0 0 0 0 0 0 0 0 0 0 0 0 0 0 0 0 0 0 0 0 0 0 0 0 0 0 0 0 0 0 0 0 0 0 0 0 0 
0 0 0 0 0 0 0 0 0 0 0 0 0 0 0 0 0 0 0 0 0 0 0 0 0 0 0 0 0 0 0 0 0 0 0 0 0 0 0 0 0 0 0 0 0 0 0 0 0 0 0 0 0 0 0 0 0 0 0 0 0 0 0 0 0 0 0 0 0 0 0 0 0 0 0 0 0 0 0 0 0 0 0 0 0 0 0 0 0 0 0 0 2.978302573e-49 0 180.7966162 0 6.46627838e-11 0 0.4666775841 1.348515444e-24 1.341592949e-09 18.10754524 0.0640446546 0 0 1.270294519e-07 1.141265742e-38 286.6954231 0 0 1.391837083e-36 1.440519014e-05 1.095752434e-28 2.2243075e-23 4.865640963e-18 77.74976032 5.098806231e-25 0 0 0 7.803566617e-27 1.991605604e-14 1.71079731e-28 721.6713887 0 1.434811263e-35 2.116041202e-09 0 1.109735918 0 0 0 2.255607492e-45 1.733717925e-07 2.964264655 1.53030434e-07 8.814540779e-15 3.85999619e-13 1.067850615e-35 2.13640757e-13 1.376898038e-21 9.172412073e-07 3.314902871e-41 5.525539566e-26 73.16127853 0 0 0 4.757840492e-06 0 3.002613714e-43 0 1.41557557e-43 0 0 9.050903398e-23 6.222872337e-63 36.93136723 1.968421999 0 0 0 1.975964719e-33 0 0 5.572249406e-30 2.893011471e-24 0 0 0 0 0 0 0 0 0 0 0 0 0 0 0 0 0 0 0 0 0 0 0 0 0 0 0 0 0 0 0 0 0 0 0 0 0 0 0 0 0 0 0 0 0 0 0 0 0 0 0 0 0 0 0 0 0 0 0 0 0 0 0 0 0 0 0 0 0 0 0 0 0 0 0 0 0 0 0 0 0 0 0 0 0 0 0 0 0 
0 0 0 0 0 0 0 0 0 0 0 0 0 0 0 0 0 0 0 0 0 0 0 0 0 0 0 0 0 0 0 0 0 0 0 0 0 0 0 0 0 0 0 0 0 0 0 0 0 0 0 0 0 0 0 0 0 0 0 0 0 0 0 0 0 0 0 0 0 0 0 0 0 0 0 0 0 0 0 0 0 0 0 0 0 0 0 0 3.580830672e-51 0 0 0 0 0 3.528111702e-11 1.674172712e-24 0 0 0 2.530582326e-21 0 0.01133971649 0 0 1.569848862e-21 0 0 0 1.492612927e-28 1.123775766e-32 1168.008728 5.912616165e-19 0 0 0 0 913.363088 1.109825486e-09 1243.158282 31.47727072 0 0 4.640222889e-38 0 2.02874765e-27 1.699215099e-56 6.592120249e-42 6.680510876e-59 1662.52743 0 1.430409884e-49 0 0 45.08782341 0 0 9.130666819e-48 0.00130530142 0 1.056557575e-42 0 1.802086326e-15 5.118712319e-51 6.055738408e-20 0 0 3.117524322e-59 0 7.629527883e-17 0 2.191036176e-13 0 0 2.152492536e-23 0 0 0 1.952969865e-16 0 1.219314718e-45 0.0001325294593 5.454645179e-10 4.526657502e-17 0 3.176295883e-20 0 0 0 0 0 0 0 0 0 0 0 0 0 0 0 0 0 0 0 0 0 0 0 0 0 0 0 0 0 0 0 0 0 0 0 0 0 0 0 0 0 0 0 0 0 0 0 0 0 0 0 0 0 0 0 0 0 0 0 0 0 0 0 0 0 0 0 0 0 0 0 0 0 0 0 0 0 0 0 0 0 0 0 0 0 0 0 0 0 0 0 
0 0 0 0 0 0 0 0 0 0 0 0 0 0 0 0 0 0 0 0 0 0 0 0 0 0 0 0 0 0 0 0 0 0 0 0 0 0 0 0 0 0 0 0 0 0 0 0 0 0 0 0 0 0 0 0 0 0 0 0 0 0 0 0 0 0 0 0 0 0 0 0 0 0 0 0 0 0 0 0 0 0 0 0 0 0 0 0 1.073926025e-10 6.371268274e-10 0 0 1.68858434e-34 1.35299203e-16 7.869101011e-60 0 0 9.508784372e-38 0.0001339189329 4.003933209e-26 0 6.604848104e-27 0 65.58890968 2.641953741e-28 0 0 239.4062481 0 1.788572106e-07 0 0 0 0 0 1.693173403e-41 0 1195.862271 574.9282908 0 3.527567809e-22 2.917390739e-05 6.895431473e-08 6.804779103e-08 0 0.03980229166 130.6143242 2.398108809e-16 0 5.583680762e-32 3.016418181e-25 3.416662714e-20 3.569619661e-07 130.8004006 1.829060101e-58 1.253759488e-06 6.064769921e-50 0 275.0658253 0 2.500889381e-35 0 4.053011266e-16 3.312376336e-36 3.267921517e-07 0 0 0 3.494896709e-46 47.28246631 0 21.10050275 1.823345805e-55 1.547685288e-08 1.065409899e-53 0 2.975826134e-47 3.396195693e-22 1.346859807 0 26.45900052 57.76345974 0 0 0 0 0 0 0 0 0 0 0 0 0 0 0 0 0 0 0 0 0 0 0 0 0 0 0 0 0 0 0 0 0 0 0 0 0 0 0 0 0 0 0 0 0 0 0 0 0 0 0 0 0 0 0 0 0 0 0 0 0 0 0 0 0 0 0 0 0 0 0 0 0 0 0 0 0 0 0 0 0 0 0 0 0 0 0 0 0 0 0 0 0 0 
0 0 0 0 0 0 0 0 0 0 0 0 0 0 0 0 0 0 0 0 0 0 0 0 0 0 0 0 0 0 0 0 0 0 0 0 0 0 0 0 0 0 0 0 0 0 0 0 0 0 0 0 0 0 0 0 0 0 0 0 0 0 0 0 0 0 0 0 0 0 0 0 0 0 0 0 0 0 0 0 0 0 0 0 0 0 0 0 0.005758647828 0 2.852013971e-57 0 8.548332539e-11 3.381624116e-27 2.851855818e-11 0 3.683895055e-10 0 5.641295215e-27 0 8.620766122e-24 2.824049201e-30 0 9.294198854e-19 1.288158346e-23 1.256936879e-41 1.924977942e-33 0 0 8.222770566e-11 0 0 0 0 3.117178923e-27 1.526577675e-41 18.63405651 0.001842107355 2.017104467e-31 1.674121119e-16 5.479729269e-44 1.757336022e-65 7.212789661e-20 9.104159324e-34 1.548669842e-37 5.75302584e-09 5.863192611e-23 0.001616881968 0 1031.894462 1.313889462e-28 7.163711748e-26 2.649487569e-15 3.690665698e-57 7.7795735e-43 2.559808521e-05 589.9531881 0 0 0 4.611809105e-17 0.6551970408 0 9.990080088e-42 3.148601591e-55 584.8831024 0 7.479937748e-12 0 0.0006832448367 6.009072317e-25 2.196509597e-24 3.611342205e-66 1.933619631e-45 0 1.523730079e-42 345.1521348 1.568404508e-53 0 0 0 1.527027131e-05 9.65411836e-11 8.537877002e-62 1.109194975e-44 4.475053723e-19 1.194754221e-39 0 0 0 0 0 0 0 0 0 0 0 0 0 0 0 0 0 0 0 0 0 0 0 0 0 0 0 0 0 0 0 0 0 0 0 0 0 0 0 0 0 0 0 0 0 0 0 0 0 0 0 0 0 0 0 0 0 0 0 0 0 0 0 0 0 0 0 0 0 0 0 0 0 0 0 0 0 0 0 0 0 0 0 0 0 0 0 0 0 
0 0 0 0 0 0 0 0 0 0 0 0 0 0 0 0 0 0 0 0 0 0 0 0 0 0 0 0 0 0 0 0 0 0 0 0 0 0 0 0 0 0 0 0 0 0 0 0 0 0 0 0 0 0 0 0 0 0 0 0 0 0 0 0 0 0 0 0 0 0 0 0 0 0 0 0 0 0 0 0 0 0 0 0 0 0 0 0 0 0 0 2.710604483e-26 0 5.929459835e-16 8.542219835e-63 0 3.823242284e-51 1.514992896e-05 4.431251853e-37 1.64809699e-17 1.103089781e-39 7.472324447e-54 5.305907664e-49 0.2813476863 2.562191554e-40 0 0.3887203139 0 0 0 0 0 2.501102341e-44 5.342980077e-38 2.029729848e-30 6.166562971e-15 0.0005160496823 0 0 0 0 9.386131706e-33 6.358757847e-13 4.141238284e-50 9.466380578e-06 1.811046528e-10 9.073496331e-21 0 6.511016356e-49 0 2.854268734e-20 2.848448374e-41 0 0 623.0053718 1.99003282e-26 1.271438536e-66 1.800360538e-42 0 1.690188197e-61 0 3.416760286e-40 0 2.236911777e-28 5.822853656e-29 2.173219386e-53 9.191590527e-56 0 1.463190243e-07 0.06605807574 1.619123299e-22 0 6.922070386e-44 0 1.013785357e-29 1.147801102e-18 3.127938528e-68 20.14118244 0 2.273451014e-14 0 0 1.010166406e-11 2.732554102e-23 0 2.096576855e-55 0 0 0 0 0 0 0 0 0 0 0 0 0 0 0 0 0 0 0 0 0 0 0 0 0 0 0 0 0 0 0 0 0 0 0 0 0 0 0 0 0 0 0 0 0 0 0 0 0 0 0 0 0 0 0 0 0 0 0 0 0 0 0 0 0 0 0 0 0 0 0 0 0 0 0 0 0 0 0 0 0 0 0 0 0 0 0 0 0 0 
0 0 0 0 0 0 0 0 0 0 0 0 0 0 0 0 0 0 0 0 0 0 0 0 0 0 0 0 0 0 0 0 0 0 0 0 0 0 0 0 0 0 0 0 0 0 0 0 0 0 0 0 0 0 0 0 0 0 0 0 0 0 0 0 0 0 0 0 0 0 0 0 0 0 0 0 0 0 0 0 0 0 0 0 0 0 0 0 0 2.167784355e-18 0 0 1.460189181e-37 0 0 3.317631349e-64 3.082031488e-53 0 7.660855171e-05 7.698715966e-46 2.671105992e-26 1.677255077 1.410985002e-09 0 7.018691386e-47 0 0 1.226075791e-18 5.763934166e-41 0 2.057254079e-07 1.04115782e-20 1.801282314e-12 0 0 1.127029617e-07 3.236577295e-39 0 4.523067623e-14 0 6.671899894e-49 0 5.767240919e-08 0 0.08660072039 5.210940943e-36 2.56093172e-22 1.546863518e-23 5.892792389e-07 0 1.632220608e-18 1.530351375e-27 614.5490145 482.3095943 4.66962443e-28 0.01251246081 2.591002544e-19 4.888584533e-10 5.485050382e-08 2.13549597e-59 1.717774933e-25 0 0 1.092204529e-46 2.395142559e-17 0 0 7.020363849e-23 0.02281697654 0 0 0.0001083316792 8.431445114e-25 0 0 0 0.0002422116428 0.0008877998624 1.840401395e-45 1.560442302e-31 1.618517088e-48 0 6.033714032e-61 0 0 0 0 0 0 0 0 0 0 0 0 0 0 0 0 0 0 0 0 0 0 0 0 0 0 0 0 0 0 0 0 0 0 0 0 0 0 0 0 0 0 0 0 0 0 0 0 0 0 0 0 0 0 0 0 0 0 0 0 0 0 0 0 0 0 0 0 0 0 0 0 0 0 0 0 0 0 0 0 0 0 0 0 0 0 0 0 0 0 0 0 0 
0 0 0 0 0 0 0 0 0 0 0 0 0 0 0 0 0 0 0 0 0 0 0 0 0 0 0 0 0 0 0 0 0 0 0 0 0 0 0 0 0 0 0 0 0 0 0 0 0 0 0 0 0 0 0 0 0 0 0 0 0 0 0 0 0 0 0 0 0 0 0 0 0 0 0 0 0 0 0 0 0 0 0 0 0 0 0 0 1.903724048e-22 0 1.77201233e-60 26.0635574 0 1.679534363e-36 4.331307456e-48 0 0.005191057049 2.434222289e-55 1.037580627e-57 0.002798207756 0 1.921540637e-61 2.92736752e-30 3.16091832e-21 0 1.491128764e-32 5.683022559e-50 1.091893193e-10 8.324627174e-22 5.617188064e-08 0 0 0 5.906801049e-36 9.584088884e-52 1.869971166e-32 4.458106109e-50 0 0 0 1.834199117e-57 1.627514755e-09 4.744099716e-21 1.269402555e-52 1.611748147e-45 3.612433134e-13 0 7.507925863e-50 3.493979231e-25 6.212517647e-27 4.523963742e-14 0 0 1.735978532e-13 2.096588394 5.987703852e-57 6.634830964e-50 1.664053346e-34 0 2.799865623e-46 4.362232155e-18 0.07507297102 0 6.43628919e-22 0 5.525228979e-07 0.006993710086 6.761969704e-55 1.020417654e-45 0 0 3.13654509e-26 2.959928858e-12 0 4.370368809e-12 3.775463612e-28 0 0 0.03789335415 0 1.371614986e-53 2.086937303e-53 7.213541982e-15 1.392715821e-42 0 2.052447603e-12 0 0 0 0 0 0 0 0 0 0 0 0 0 0 0 0 0 0 0 0 0 0 0 0 0 0 0 0 0 0 0 0 0 0 0 0 0 0 0 0 0 0 0 0 0 0 0 0 0 0 0 0 0 0 0 0 0 0 0 0 0 0 0 0 0 0 0 0 0 0 0 0 0 0 0 0 0 0 0 0 0 0 0 0 0 0 0 0 0 0 
0 0 0 0 0 0 0 0 0 0 0 0 0 0 0 0 0 0 0 0 0 0 0 0 0 0 0 0 0 0 0 0 0 0 0 0 0 0 0 0 0 0 0 0 0 0 0 0 0 0 0 0 0 0 0 0 0 0 0 0 0 0 0 0 0 0 0 0 0 0 0 0 0 0 0 0 0 0 0 0 0 0 0 0 0 0 0 0 0 0 7.924097043e-19 0 8.224671951e-13 7.288374481e-62 0 7.192502151e-34 1.278963194e-30 2.794654012e-66 0 3.597363051e-31 0 0 62.04034036 0 4.024482753e-24 2.563384909e-42 14.83917515 0 8.195337253e-39 6.221654723e-20 0 1.232953435e-23 3.44682054e-62 6.882957925e-40 1.013828291e-06 0 0 0 8.449231082e-59 1.112214939e-06 3.375535981e-63 0.0008518139196 0.296001018 1.127846315e-50 0 0 0.09201293789 5.664564037e-40 6.614752007e-67 4.350897961e-64 2.69350367e-40 3.266233962 1.289821534e-34 2.960618813e-67 7.44310684e-27 0 1.73954227e-58 4.286522173e-08 3.915425043e-11 1.147986063e-40 0.0001148393472 1.714832535e-46 1.072179521e-25 4.037239773e-59 5.138472699e-12 0 1.985015103e-14 1.665344414e-33 0 0 0 7.804086618e-41 6.508289667e-54 4.551550032e-29 1.362432256e-50 0 1.42858849e-44 4.247985151e-46 0 0 0 1.682263045e-46 2.868392048e-05 0 0 0 0 0 0 0 0 0 0 0 0 0 0 0 0 0 0 0 0 0 0 0 0 0 0 0 0 0 0 0 0 0 0 0 0 0 0 0 0 0 0 0 0 0 0 0 0 0 0 0 0 0 0 0 0 0 0 0 0 0 0 0 0 0 0 0 0 0 0 0 0 0 0 0 0 0 0 0 0 0 0 0 0 0 0 0 0 0 0 0 0 0 
0 0 0 0 0 0 0 0 0 0 0 0 0 0 0 0 0 0 0 0 0 0 0 0 0 0 0 0 0 0 0 0 0 0 0 0 0 0 0 0 0 0 0 0 0 0 0 0 0 0 0 0 0 0 0 0 0 0 0 0 0 0 0 0 0 0 0 0 0 0 0 0 0 0 0 0 0 0 0 0 0 0 0 0 0 0 0 0 0 0 0 0 0 0 4.259175824e-30 3.822165351e-54 6.771555739e-14 2.185686622e-38 0 5.14594358e-21 0 0 1.90275856e-48 1.041765233e-63 2.515117629e-11 0 6.643078728e-12 1.144415211e-07 0 0 0.03795161545 0 3.310496466e-41 0 2.869438554e-41 0 5.038206722e-50 3.5731407e-67 2.832845609e-26 0 2.779332759e-58 8.283158094e-57 87.89646531 0 5.267787211e-28 0 1.138293249e-14 0 9.678448954e-14 1.771393318e-60 1.616639977e-55 8.236632169e-63 0 1.066074609e-06 0 1.381571625e-33 2.95925655e-20 0 1.630034382e-62 0 4.08574152e-30 5.089565736e-22 0 0 2.914955449e-17 0 5.962387256 5.1374036e-27 0 3.809646323e-18 6.255001245e-15 3.259396075e-36 0 0 5.170323211e-25 1.151595721e-46 0 0 0 2.234183684e-56 0 3.848922491e-18 2.194309153e-37 2.064054863e-45 0 0 0 2.720249721e-05 0 0 0 0 0 0 0 0 0 0 0 0 0 0 0 0 0 0 0 0 0 0 0 0 0 0 0 0 0 0 0 0 0 0 0 0 0 0 0 0 0 0 0 0 0 0 0 0 0 0 0 0 0 0 0 0 0 0 0 0 0 0 0 0 0 0 0 0 0 0 0 0 0 0 0 0 0 0 0 0 0 0 0 0 0 0 0 0 
0 0 0 0 0 0 0 0 0 0 0 0 0 0 0 0 0 0 0 0 0 0 0 0 0 0 0 0 0 0 0 0 0 0 0 0 0 0 0 0 0 0 0 0 0 0 0 0 0 0 0 0 0 0 0 0 0 0 0 0 0 0 0 0 0 0 0 0 0 0 0 0 0 0 0 0 0 0 0 0 0 0 0 0 0 0 0 0 0 9.193272267e-35 0 0 0 8.3652775e-61 0 0 0 0 0 2.649603695e-68 1.241441378e-62 0 0 4.007515937e-23 0 0 0 0 0 0 1.239573191e-57 0 5.133278689e-37 0 0 0 0 0 0 0 0 0 0 3.756791452e-20 0 2.513666511e-18 1.835934083e-15 0 0 0 0 2.92417037e-27 0 0 9.850895065e-50 1.53275561e-14 0 0 0 2.422802744e-08 8.426479994e-42 3.831760246e-24 4.930519094e-67 0 1.865893756e-22 0 9.689423085e-35 0 0 0 0 2.179932134e-59 1.7839888e-63 7.933126218e-09 0 1.890573799e-54 3.078321321e-42 0 0 4.502453592e-44 0 0 0 0 2.034155775e-17 0 0 0 0 0 0 0 0 0 0 0 0 0 0 0 0 0 0 0 0 0 0 0 0 0 0 0 0 0 0 0 0 0 0 0 0 0 0 0 0 0 0 0 0 0 0 0 0 0 0 0 0 0 0 0 0 0 0 0 0 0 0 0 0 0 0 0 0 0 0 0 0 0 0 0 0 0 0 0 0 0 0 0 0 0 0 0 0 0 0 0 
0 0 0 0 0 0 0 0 0 0 0 0 0 0 0 0 0 0 0 0 0 0 0 0 0 0 0 0 0 0 0 0 0 0 0 0 0 0 0 0 0 0 0 0 0 0 0 0 0 0 0 0 0 0 0 0 0 0 0 0 0 0 0 0 0 0 0 0 0 0 0 0 0 0 0 0 0 0 0 0 0 0 0 0 0 0 0 0 0 0 0 0 3.616530338e-26 4.637622073e-41 0 1.036990351e-08 6.055819151e-67 0 0 1.074301105e-53 0 2.273700071e-51 5.708880543e-37 0 0 0 1.248931048e-38 6.248729325e-10 7.239569563e-22 0 4.740775686e-40 0 0 0 0 4.22594662e-54 0 6.877134162e-45 2.011339124e-52 1.390841329e-50 2.855540869e-40 0 9.55159393e-47 2.592264392e-36 0 0 7.508124964e-14 0 5.667053158e-61 7.250443969e-67 2.481283327e-15 0 0 0 1.098607041e-54 0 0 1.002928729e-37 0 0 0 1.75847214e-08 1.013190045e-54 0 0 1.235095097e-49 0 0 2.205010196e-11 0 0 1.536609663e-49 2.816073289e-59 0 9.658917514e-33 0 0 2.933789086e-55 0 0 0 4.503517013e-35 0 0 0 1.488934623e-25 2.497327731e-60 0 0 0 0 0 0 0 0 0 0 0 0 0 0 0 0 0 0 0 0 0 0 0 0 0 0 0 0 0 0 0 0 0 0 0 0 0 0 0 0 0 0 0 0 0 0 0 0 0 0 0 0 0 0 0 0 0 0 0 0 0 0 0 0 0 0 0 0 0 0 0 0 0 0 0 0 0 0 0 0 0 0 0 0 0 0 0 0 0 
0 0 0 0 0 0 0 0 0 0 0 0 0 0 0 0 0 0 0 0 0 0 0 0 0 0 0 0 0 0 0 0 0 0 0 0 0 0 0 0 0 0 0 0 0 0 0 0 0 0 0 0 0 0 0 0 0 0 0 0 0 0 0 0 0 0 0 0 0 0 0 0 0 0 0 0 0 0 0 0 0 0 0 0 0 0 0 0 0 0 3.241110596e-32 0 0 0 0 0 1.028262071e-33 0 0 0 0 0 5.90773503e-57 0 0 0 4.928974218e-61 0.001083569555 0 0 6.749395622e-63 0 0 0 0 0 0 0 1.694559436e-34 0 2.870521435e-18 0 4.689433075e-50 1.739935238e-35 0 0 0 0 0 0 9.009198246e-06 1.823000732e-48 0 5.620058366e-14 5.19769501e-39 1.164161043e-40 8.819461354e-43 0 7.483345107e-25 0 0 0 0 0 2.497964438e-35 1.595458855e-33 1.769257465e-60 9.277472216e-25 1.112789036e-32 8.849231235e-23 0 0 2.098484706e-33 0 0 0 0 0 0 0 0 0 1.859242958e-66 0 0 0 0 0 0 0 0 0 0 0 0 0 0 0 0 0 0 0 0 0 0 0 0 0 0 0 0 0 0 0 0 0 0 0 0 0 0 0 0 0 0 0 0 0 0 0 0 0 0 0 0 0 0 0 0 0 0 0 0 0 0 0 0 0 0 0 0 0 0 0 0 0 0 0 0 0 0 0 0 0 0 0 0 0 0 0 0 0 0 0 0 0 
0 0 0 0 0 0 0 0 0 0 0 0 0 0 0 0 0 0 0 0 0 0 0 0 0 0 0 0 0 0 0 0 0 0 0 0 0 0 0 0 0 0 0 0 0 0 0 0 0 0 0 0 0 0 0 0 0 0 0 0 0 0 0 0 0 0 0 0 0 0 0 0 0 0 0 0 0 0 0 0 0 0 0 0 0 0 0 0 0 0 3.257420828e-45 0 0 0 0 8.468648452e-41 1.213003293e-45 1.34327177e-27 0 1.919313085e-06 0 0 0 0 0 0 0 0 1.735127245e-05 0 0 4.499287581e-37 0 0 0 0 0 0 6.804982395e-11 0 0 3.636785771e-50 0 0 2.220070306e-10 6.890888131e-07 0 0 1.276894042e-57 0 2.323589001e-61 1.190948488e-37 0 0 0 5.672055983e-51 2.133205614e-13 0 2.471642209e-20 2.978526655e-49 5.657968649e-50 1.281166063e-58 7.508649598e-29 7.567625552e-55 0 0 0 0 0 0 0 0 0 0 0 1.864559387e-13 2.053428451e-68 0 0 2.9247765e-15 0 1.224217261e-12 0 1.275429563e-39 0 0 4.68180146e-10 0 0 0 0 0 0 0 0 0 0 0 0 0 0 0 0 0 0 0 0 0 0 0 0 0 0 0 0 0 0 0 0 0 0 0 0 0 0 0 0 0 0 0 0 0 0 0 0 0 0 0 0 0 0 0 0 0 0 0 0 0 0 0 0 0 0 0 0 0 0 0 0 0 0 0 0 0 0 0 0 0 0 0 0 0 0 0 0 0 
0 0 0 0 0 0 0 0 0 0 0 0 0 0 0 0 0 0 0 0 0 0 0 0 0 0 0 0 0 0 0 0 0 0 0 0 0 0 0 0 0 0 0 0 0 0 0 0 0 0 0 0 0 0 0 0 0 0 0 0 0 0 0 0 0 0 0 0 0 0 0 0 0 0 0 0 0 0 0 0 0 0 0 0 0 0 0 0 0 0 0 0 0 6.129335314e-22 0 0 3.419406009e-50 0 6.286172848e-20 0 0 0 3.17843488e-10 1.792549663e-47 0 0 3.625698701e-19 0 0 0 0 1.909495924e-46 0 0 0 0 0 0 0 0 0 1.222256154e-66 9.377804955e-18 9.363491101e-51 7.962326032e-62 3.302764962e-29 0 0 0 6.277052389e-46 1.691667891e-49 1.955871514e-34 0 2.978745983e-56 9.065442507e-57 5.133680301e-28 0 1.359686313e-28 3.784174611e-18 0 0 1.070792705e-07 0 0 2.478060542e-15 0 0 2.190291193e-14 0 0 0 0 1.424571788e-30 0 0 0 0 1.717868483e-35 0 0 0 2.336417727e-52 0 0 5.942198512e-44 0 0 0 0 0 0 0 0 0 0 0 0 0 0 0 0 0 0 0 0 0 0 0 0 0 0 0 0 0 0 0 0 0 0 0 0 0 0 0 0 0 0 0 0 0 0 0 0 0 0 0 0 0 0 0 0 0 0 0 0 0 0 0 0 0 0 0 0 0 0 0 0 0 0 0 0 0 0 0 0 0 0 0 0 0 0 0 0 0 0 0 
0 0 0 0 0 0 0 0 0 0 0 0 0 0 0 0 0 0 0 0 0 0 0 0 0 0 0 0 0 0 0 0 0 0 0 0 0 0 0 0 0 0 0 0 0 0 0 0 0 0 0 0 0 0 0 0 0 0 0 0 0 0 0 0 0 0 0 0 0 0 0 0 0 0 0 0 0 0 0 0 0 0 0 0 0 0 0 0 0 4.518644653e-35 0 0 0 2.482326031e-37 0 3.041651995e-25 0 0 0 0 0 5.57585598e-40 0 0 5.220510065e-41 1.305387993e-41 0 1.705965065e-66 0 0 0 0 1.363622938e-53 0 7.983053377e-37 8.372149825e-12 0 1.030215264e-42 3.505133002e-32 1.977476444e-10 0 0 0 1.391320603e-26 0 0 0 0 0 0 0 0 3.389870121e-11 0 0 0 3.619064635e-38 0 0 0 7.273220859e-18 1.734641316e-54 1.39013928e-45 2.06633411e-61 0 0 0 0 8.953894481e-46 0 0 4.433685124e-77 0 1.193089984e-59 1.511739048e-22 0 0 0 0 0 0 0 1.363262529e-09 0 0 0 0 0 0 0 0 0 0 0 0 0 0 0 0 0 0 0 0 0 0 0 0 0 0 0 0 0 0 0 0 0 0 0 0 0 0 0 0 0 0 0 0 0 0 0 0 0 0 0 0 0 0 0 0 0 0 0 0 0 0 0 0 0 0 0 0 0 0 0 0 0 0 0 0 0 0 0 0 0 0 0 0 0 0 0 0 0 0 0 0 0 
0 0 0 0 0 0 0 0 0 0 0 0 0 0 0 0 0 0 0 0 0 0 0 0 0 0 0 0 0 0 0 0 0 0 0 0 0 0 0 0 0 0 0 0 0 0 0 0 0 0 0 0 0 0 0 0 0 0 0 0 0 0 0 0 0 0 0 0 0 0 0 0 0 0 0 0 0 0 0 0 0 0 0 0 0 0 0 0 0 0 0 0 2.080687629e-16 0 0 0 0 9.879901242e-17 0 3.000435932e-38 2.161692679e-42 0 7.955454479e-57 0 4.144613294e-26 8.457421757e-62 0 0 0 6.177239722e-58 0 2.28324514e-29 0 0 4.084379237e-62 0 0 2.485424927e-47 0 0 0 0 0 0 0 0 2.59206525e-55 5.097696807e-16 8.152016538e-28 6.356341481e-67 6.099267054e-11 0 0 0 3.212631915e-67 2.865277093e-40 0 0 0 2.490063369e-46 2.693754933e-61 2.364768093e-35 8.189034175e-75 0 0 8.606437549e-64 0 0 1.467789394e-22 0 0 0 0 0 3.838522048e-55 7.51917793e-20 0 0 0 0 0 0 0 0 0 0 0 0 0 0 0 0 0 0 0 0 0 0 0 0 0 0 0 0 0 0 0 0 0 0 0 0 0 0 0 0 0 0 0 0 0 0 0 0 0 0 0 0 0 0 0 0 0 0 0 0 0 0 0 0 0 0 0 0 0 0 0 0 0 0 0 0 0 0 0 0 0 0 0 0 0 0 0 0 0 0 0 0 0 0 0 0 0 0 0 0 
0 0 0 0 0 0 0 0 0 0 0 0 0 0 0 0 0 0 0 0 0 0 0 0 0 0 0 0 0 0 0 0 0 0 0 0 0 0 0 0 0 0 0 0 0 0 0 0 0 0 0 0 0 0 0 0 0 0 0 0 0 0 0 0 0 0 0 0 0 0 0 0 0 0 0 0 0 0 0 0 0 0 0 0 0 0 0 0 0 0 6.368629321e-53 0 0 9.324819376e-27 0 4.926043931e-50 8.095581718e-59 9.076916488e-20 0 0 0 9.168108006e-11 3.533694503e-15 0 0 0 5.350232851e-19 1.978618286e-32 2.158988263e-19 0 0 0 0 0 0 0 5.338987714e-41 0 0 0 0 0 5.793450346e-23 0 0 1.697929397e-28 6.312113264e-40 1.389510238e-20 0 0 0 0 0 0 0 0 0 0 1.700166366e-47 1.26372846e-43 1.324585143e-46 0 0 4.104032047e-20 3.320982887e-63 0 0 4.310608558e-67 0 0 0 2.94283777e-42 0 1.294774582e-64 8.094134009e-51 0 7.848483963e-49 0 0 0 0 0 0 0 0 0 0 0 0 0 0 0 0 0 0 0 0 0 0 0 0 0 0 0 0 0 0 0 0 0 0 0 0 0 0 0 0 0 0 0 0 0 0 0 0 0 0 0 0 0 0 0 0 0 0 0 0 0 0 0 0 0 0 0 0 0 0 0 0 0 0 0 0 0 0 0 0 0 0 0 0 0 0 0 0 0 0 0 0 0 0 0 0 0 0 0 
0 0 0 0 0 0 0 0 0 0 0 0 0 0 0 0 0 0 0 0 0 0 0 0 0 0 0 0 0 0 0 0 0 0 0 0 0 0 0 0 0 0 0 0 0 0 0 0 0 0 0 0 0 0 0 0 0 0 0 0 0 0 0 0 0 0 0 0 0 0 0 0 0 0 0 0 0 0 0 0 0 0 0 0 0 0 0 0 3.856577733e-21 0 0 9.381407733e-52 0 0 0 0 1.346491115e-68 0 0 6.086956399e-48 0 0 0 0 2.562181632e-60 0 5.047877973e-38 9.283299049e-60 9.409678674e-77 0 0 7.830148105e-44 0 0 2.530986988e-37 0 0 0 6.48543258e-67 2.13805301e-44 0 0 3.444407189e-44 1.021536171e-35 0 0 0 5.784642455e-64 5.129730531e-14 1.840386222e-67 0 2.004682672e-58 0 8.150371959e-50 0 3.586653825e-73 9.834548121e-43 0 0 0 0 0 0 0 0 0 0 9.499424989e-33 4.689113308e-61 0 8.304014142e-31 0 0 0 0 0 0 0 0 0 3.324266569e-66 0 0 8.037527448e-68 0 0 0 0 0 0 0 0 0 0 0 0 0 0 0 0 0 0 0 0 0 0 0 0 0 0 0 0 0 0 0 0 0 0 0 0 0 0 0 0 0 0 0 0 0 0 0 0 0 0 0 0 0 0 0 0 0 0 0 0 0 0 0 0 0 0 0 0 0 0 0 0 0 0 0 0 0 0 0 0 0 0 0 0 0 0 0 0 0 0 0 0 
0 0 0 0 0 0 0 0 0 0 0 0 0 0 0 0 0 0 0 0 0 0 0 0 0 0 0 0 0 0 0 0 0 0 0 0 0 0 0 0 0 0 0 0 0 0 0 0 0 0 0 0 0 0 0 0 0 0 0 0 0 0 0 0 0 0 0 0 0 0 0 0 0 0 0 0 0 0 0 0 0 0 0 0 0 0 0 0 0 0 6.247599996e-78 2.139277126e-62 1.051003774e-30 0 0 0 0 0 0 0 0 0 0 7.283363764e-77 0 0 0 0 0 0 0 0 0 0 0 8.552018351e-61 0 0 1.889200058e-38 0 0 0 0 0 0 0 0 6.300023512e-24 0 0 0 0 0 1.185935555e-26 2.645787572e-65 0 0 0 0 0 0 3.652215664e-56 0 6.324607023e-44 0 0 0 0 0 0 0 4.485314469e-33 1.111630091e-34 0 0 0 0 0 9.422781778e-57 0 0 8.037201286e-41 0 0 0 0 0 0 0 0 0 0 0 0 0 0 0 0 0 0 0 0 0 0 0 0 0 0 0 0 0 0 0 0 0 0 0 0 0 0 0 0 0 0 0 0 0 0 0 0 0 0 0 0 0 0 0 0 0 0 0 0 0 0 0 0 0 0 0 0 0 0 0 0 0 0 0 0 0 0 0 0 0 0 0 0 0 0 0 0 0 0 0 0 0 0 
0 0 0 0 0 0 0 0 0 0 0 0 0 0 0 0 0 0 0 0 0 0 0 0 0 0 0 0 0 0 0 0 0 0 0 0 0 0 0 0 0 0 0 0 0 0 0 0 0 0 0 0 0 0 0 0 0 0 0 0 0 0 0 0 0 0 0 0 0 0 0 0 0 0 0 0 0 0 0 0 0 0 0 0 0 0 0 0 0 0 0 0 2.232131803e-51 0 0 0 8.91559576e-83 2.296823296e-57 0 0 0 0 7.124145534e-67 0 0 0 0 0 0 0 0 2.383524473e-66 0 0 5.305436033e-66 1.533281608e-37 0 0 0 0 0 0 1.57612911e-38 2.152538938e-65 0 0 0 3.157703696e-23 0 0 0 0 0 0 0 1.430180792e-55 0 1.411581036e-27 0 0 2.229160577e-64 0 0 0 0 0 2.294995532e-64 0 6.434040273e-60 0 2.364694983e-50 0 0 0 0 0 4.726352608e-70 0 0 0 0 0 0 0 0 0 0 0 0 0 0 0 0 0 0 0 0 0 0 0 0 0 0 0 0 0 0 0 0 0 0 0 0 0 0 0 0 0 0 0 0 0 0 0 0 0 0 0 0 0 0 0 0 0 0 0 0 0 0 0 0 0 0 0 0 0 0 0 0 0 0 0 0 0 0 0 0 0 0 0 0 0 0 0 0 0 0 0 0 0 0 0 0 0 0 0 
0 0 0 0 0 0 0 0 0 0 0 0 0 0 0 0 0 0 0 0 0 0 0 0 0 0 0 0 0 0 0 0 0 0 0 0 0 0 0 0 0 0 0 0 0 0 0 0 0 0 0 0 0 0 0 0 0 0 0 0 0 0 0 0 0 0 0 0 0 0 0 0 0 0 0 0 0 0 0 0 0 0 0 0 0 0 0 0 0 0 0 5.45652353e-41 0 0 0 0 0 2.574247096e-43 0 4.053130556e-62 0 0 1.404055181e-45 0 0 5.991947966e-35 0 0 0 0 0 0 0 0 0 0 8.148632293e-25 0 0 0 0 0 0 0 2.688567982e-39 0 0 0 0 5.263591187e-53 1.743775479e-73 0 0 0 3.589511467e-47 1.504145987e-47 4.136313969e-72 0 0 0 0 1.281772534e-41 5.050315944e-49 3.553324909e-74 0 0 1.08658213e-80 0 0 0 0 0 0 0 0 0 0 0 4.052763426e-52 0 0 0 0 0 0 0 0 0 0 0 0 0 0 0 0 0 0 0 0 0 0 0 0 0 0 0 0 0 0 0 0 0 0 0 0 0 0 0 0 0 0 0 0 0 0 0 0 0 0 0 0 0 0 0 0 0 0 0 0 0 0 0 0 0 0 0 0 0 0 0 0 0 0 0 0 0 0 0 0 0 0 0 0 0 0 0 0 0 0 0 0 0 0 0 0 0 
0 0 0 0 0 0 0 0 0 0 0 0 0 0 0 0 0 0 0 0 0 0 0 0 0 0 0 0 0 0 0 0 0 0 0 0 0 0 0 0 0 0 0 0 0 0 0 0 0 0 0 0 0 0 0 0 0 0 0 0 0 0 0 0 0 0 0 0 0 0 0 0 0 0 0 0 0 0 0 0 0 0 0 0 0 0 0 0 0 0 0 0 0 0 0 0 0 0 0 0 0 0 0 0 0 0 0 0 0 0 0 0 0 0 0 0 0 0 0 0 0 0 0 0 0 0 1.167653272e-36 0 0 7.518570395e-71 0 0 0 3.322591406e-67 0 0 0 0 0 0 0 0 0 0 0 0 0 0 0 0 0 0 0 0 0 0 0 0 0 0 0 0 0 0 0 0 2.783512199e-45 0 0 0 0 0 0 0 0 0 0 0 0 0 0 0 0 0 0 0 0 0 0 0 0 0 0 0 0 0 0 0 0 0 0 0 0 0 0 0 0 0 0 0 0 0 0 0 0 0 0 0 0 0 0 0 0 0 0 0 0 0 0 0 0 0 0 0 0 0 0 0 0 0 0 0 0 0 0 0 0 0 0 0 0 0 0 0 0 0 
0 0 0 0 0 0 0 0 0 0 0 0 0 0 0 0 0 0 0 0 0 0 0 0 0 0 0 0 0 0 0 0 0 0 0 0 0 0 0 0 0 0 0 0 0 0 0 0 0 0 0 0 0 0 0 0 0 0 0 0 0 0 0 0 0 0 0 0 0 0 0 0 0 0 0 0 0 0 0 0 0 0 0 0 0 0 0 0 0 0 0 0 0 0 0 0 0 0 0 0 9.505768669e-81 0 0 0 4.074587688e-61 0 0 0 1.203376551e-71 0 0 0 0 0 0 0 0 0 5.772319591e-71 8.060289829e-75 0 3.043506415e-58 6.032649353e-59 0 0 0 0 0 0 1.125843505e-59 0 4.842660914e-62 0 0 0 0 0 3.191486828e-66 0 0 0 0 2.175995903e-38 0 0 0 0 0 0 0 0 0 0 8.910598978e-49 0 0 0 0 0 0 0 0 0 0 0 0 0 0 0 0 0 0 0 0 0 0 0 0 0 0 0 0 0 0 0 0 0 0 0 0 0 0 0 0 0 0 0 0 0 0 0 0 0 0 0 0 0 0 0 0 0 0 0 0 0 0 0 0 0 0 0 0 0 0 0 0 0 0 0 0 0 0 0 0 0 0 0 0 0 0 0 0 0 0 0 0 0 0 0 0 0 0 0 0 0 0 
0 0 0 0 0 0 0 0 0 0 0 0 0 0 0 0 0 0 0 0 0 0 0 0 0 0 0 0 0 0 0 0 0 0 0 0 0 0 0 0 0 0 0 0 0 0 0 0 0 0 0 0 0 0 0 0 0 0 0 0 0 0 0 0 0 0 0 0 0 0 0 0 0 0 0 0 0 0 0 0 0 0 0 0 0 0 0 0 0 0 0 0 0 0 0 2.638400264e-61 0 0 9.342984859e-46 0 0 5.19849126e-41 2.702291292e-69 0 0 0 0 0 0 0 2.663640322e-54 4.172723815e-73 0 0 0 0 0 0 0 0 0 0 0 0 0 0 0 0 0 1.450424823e-82 0 1.526913012e-51 6.380225507e-67 0 0 0 0 0 2.737107311e-69 0 0 0 0 2.227551751e-85 0 0 2.175485531e-30 4.000396512e-52 0 0 0 1.634293026e-85 0 0 0 0 0 4.349431606e-41 0 1.047488832e-52 0 0 3.598881119e-76 0 0 0 0 0 0 0 0 0 0 0 0 0 0 0 0 0 0 0 0 0 0 0 0 0 0 0 0 0 0 0 0 0 0 0 0 0 0 0 0 0 0 0 0 0 0 0 0 0 0 0 0 0 0 0 0 0 0 0 0 0 0 0 0 0 0 0 0 0 0 0 0 0 0 0 0 0 0 0 0 0 0 0 0 0 0 0 0 0 0 0 0 0 
0 0 0 0 0 0 0 0 0 0 0 0 0 0 0 0 0 0 0 0 0 0 0 0 0 0 0 0 0 0 0 0 0 0 0 0 0 0 0 0 0 0 0 0 0 0 0 0 0 0 0 0 0 0 0 0 0 0 0 0 0 0 0 0 0 0 0 0 0 0 0 0 0 0 0 0 0 0 0 0 0 0 0 0 0 0 0 0 0 0 0 0 0 0 2.224092326e-36 0 0 1.306213855e-76 0 6.472760158e-57 0 1.428653866e-60 0 3.610013156e-42 2.895674394e-37 0 0 0 0 0 0 0 0 4.800076138e-42 0 0 0 0 0 0 0 0 0 0 9.295499278e-76 0 0 0 0 0 0 4.037295787e-72 0 1.904771189e-65 3.376584597e-46 0 8.000768831e-51 0 0 0 9.312708542e-79 0 0 5.961480686e-75 0 0 9.070810453e-53 0 0 0 3.39849419e-47 0 0 0 1.700406949e-77 0 0 0 9.445851091e-48 0 2.4145138e-59 2.073236924e-46 0 0 0 0 0 0 3.966112702e-75 0 0 0 0 0 0 0 0 0 0 0 0 0 0 0 0 0 0 0 0 0 0 0 0 0 0 0 0 0 0 0 0 0 0 0 0 0 0 0 0 0 0 0 0 0 0 0 0 0 0 0 0 0 0 0 0 0 0 0 0 0 0 0 0 0 0 0 0 0 0 0 0 0 0 0 0 0 0 0 0 0 0 0 0 0 0 0 
0 0 0 0 0 0 0 0 0 0 0 0 0 0 0 0 0 0 0 0 0 0 0 0 0 0 0 0 0 0 0 0 0 0 0 0 0 0 0 0 0 0 0 0 0 0 0 0 0 0 0 0 0 0 0 0 0 0 0 0 0 0 0 0 0 0 0 0 0 0 0 0 0 0 0 0 0 0 0 0 0 0 0 0 0 0 0 0 0 0 0 0 0 0 0 0 0 0 1.895681991e-62 0 0 0 0 0 0 9.847950581e-65 8.07562178e-46 0 0 0 0 6.364292721e-83 0 0 0 0 0 0 1.988105277e-45 0 0 0 0 0 8.524223164e-60 0 0 0 1.441922019e-61 0 4.854289022e-70 0 0 0 1.265627815e-81 0 0 0 0 0 0 0 2.601999964e-74 0 0 0 0 0 0 0 0 0 0 0 4.391010172e-65 0 0 0 0 4.478940523e-69 0 0 0 0 0 0 0 0 0 0 0 0 0 0 0 0 0 0 0 0 0 0 0 0 0 0 0 0 0 0 0 0 0 0 0 0 0 0 0 0 0 0 0 0 0 0 0 0 0 0 0 0 0 0 0 0 0 0 0 0 0 0 0 0 0 0 0 0 0 0 0 0 0 0 0 0 0 0 0 0 0 0 0 0 0 0 0 0 0 0 0 0 0 0 0 0 
0 0 0 0 0 0 0 0 0 0 0 0 0 0 0 0 0 0 0 0 0 0 0 0 0 0 0 0 0 0 0 0 0 0 0 0 0 0 0 0 0 0 0 0 0 0 0 0 0 0 0 0 0 0 0 0 0 0 0 0 0 0 0 0 0 0 0 0 0 0 0 0 0 0 0 0 0 0 0 0 0 0 0 0 0 0 0 0 0 0 0 1.373327545e-66 0 8.626169557e-85 0 0 0 0 0 0 0 0 0 0 0 5.277708212e-76 0 0 0 0 0 0 0 0 0 0 3.889953435e-65 0 8.296269249e-86 0 0 0 0 0 0 0 0 0 0 0 0 0 0 0 0 0 0 1.041051798e-64 0 0 0 0 0 0 0 0 0 0 0 0 0 0 0 0 0 0 0 0 0 0 0 0 0 0 7.135081844e-76 0 0 0 0 0 0 0 0 0 0 0 0 0 0 0 0 0 0 0 0 0 0 0 0 0 0 0 0 0 0 0 0 0 0 0 0 0 0 0 0 0 0 0 0 0 0 0 0 0 0 0 0 0 0 0 0 0 0 0 0 0 0 0 0 0 0 0 0 0 0 0 0 0 0 0 0 0 0 0 0 0 0 0 0 0 0 0 0 0 0 0 
0 0 0 0 0 0 0 0 0 0 0 0 0 0 0 0 0 0 0 0 0 0 0 0 0 0 0 0 0 0 0 0 0 0 0 0 0 0 0 0 0 0 0 0 0 0 0 0 0 0 0 0 0 0 0 0 0 0 0 0 0 0 0 0 0 0 0 0 0 0 0 0 0 0 0 0 0 0 0 0 0 0 0 0 0 0 0 0 0 0 0 0 0 0 0 0 4.40690429e-50 0 0 0 0 0 0 0 0 7.638715128e-86 0 0 0 0 0 0 0 4.052702554e-66 0 0 0 0 0 0 0 0 0 0 0 0 0 0 0 0 0 0 0 0 0 0 0 1.318967635e-85 0 0 0 0 0 0 0 0 0 0 0 0 5.982335113e-62 0 0 0 0 0 1.571987894e-57 0 0 0 0 1.29613146e-67 0 0 0 3.839912355e-83 0 0 0 0 0 0 0 0 0 0 0 0 0 0 0 0 0 0 0 0 0 0 0 0 0 0 0 0 0 0 0 0 0 0 0 0 0 0 0 0 0 0 0 0 0 0 0 0 0 0 0 0 0 0 0 0 0 0 0 0 0 0 0 0 0 0 0 0 0 0 0 0 0 0 0 0 0 0 0 0 0 0 0 0 0 0 0 0 0 0 
0 0 0 0 0 0 0 0 0 0 0 0 0 0 0 0 0 0 0 0 0 0 0 0 0 0 0 0 0 0 0 0 0 0 0 0 0 0 0 0 0 0 0 0 0 0 0 0 0 0 0 0 0 0 0 0 0 0 0 0 0 0 0 0 0 0 0 0 0 0 0 0 0 0 0 0 0 0 0 0 0 0 0 0 0 0 0 0 0 0 0 0 0 0 0 0 0 1.712119958e-80 0 0 0 0 0 0 0 0 0 0 0 0 0 0 0 0 0 0 0 0 0 0 0 0 0 0 0 0 0 1.715137541e-53 0 0 0 0 0 0 0 0 0 0 0 0 0 0 0 0 1.63731195e-69 0 0 0 0 0 0 0 0 7.944742007e-80 0 0 0 0 0 1.762227116e-76 0 0 0 0 0 0 0 0 0 0 0 0 0 0 0 0 0 0 0 0 0 0 0 0 0 0 0 0 0 0 0 0 0 0 0 0 0 0 0 0 0 0 0 0 0 0 0 0 0 0 0 0 0 0 0 0 0 0 0 0 0 0 0 0 0 0 0 0 0 0 0 0 0 0 0 0 0 0 0 0 0 0 0 0 0 0 0 0 0 0 0 0 0 0 0 0 
0 0 0 0 0 0 0 0 0 0 0 0 0 0 0 0 0 0 0 0 0 0 0 0 0 0 0 0 0 0 0 0 0 0 0 0 0 0 0 0 0 0 0 0 0 0 0 0 0 0 0 0 0 0 0 0 0 0 0 0 0 0 0 0 0 0 0 0 0 0 0 0 0 0 0 0 0 0 0 0 0 0 0 0 0 0 0 0 0 0 0 0 0 0 0 0 0 0 0 0 0 1.824237936e-58 0 0 0 0 0 0 0 0 0 0 0 0 0 0 0 4.392997504e-77 3.004541272e-57 0 0 0 1.145336124e-54 0 2.463383192e-80 0 0 0 0 0 0 0 7.888911333e-79 0 0 0 0 0 0 0 0 0 0 0 0 0 0 2.306039823e-73 0 0 0 0 0 0 0 0 0 0 0 0 0 0 0 0 0 2.902561467e-77 0 0 0 0 0 0 0 0 0 0 0 0 0 0 0 0 0 0 0 0 0 0 0 0 0 0 0 0 0 0 0 0 0 0 0 0 0 0 0 0 0 0 0 0 0 0 0 0 0 0 0 0 0 0 0 0 0 0 0 0 0 0 0 0 0 0 0 0 0 0 0 0 0 0 0 0 0 0 0 0 0 0 0 0 0 0 0 0 0 0 
0 0 0 0 0 0 0 0 0 0 0 0 0 0 0 0 0 0 0 0 0 0 0 0 0 0 0 0 0 0 0 0 0 0 0 0 0 0 0 0 0 0 0 0 0 0 0 0 0 0 0 0 0 0 0 0 0 0 0 0 0 0 0 0 0 0 0 0 0 0 0 0 0 0 0 0 0 0 0 0 0 0 0 0 0 0 0 0 0 0 0 0 0 0 0 0 0 0 0 0 0 0 0 7.827466823e-64 0 0 0 0 0 0 0 0 0 3.614454265e-86 0 0 0 0 0 1.032629797e-70 0 0 1.469714351e-84 0 0 0 0 0 0 0 0 0 0 0 0 0 0 5.097126935e-81 0 0 0 0 0 0 0 0 0 0 1.096863115e-67 0 0 0 0 0 0 0 2.861314742e-78 0 0 0 0 0 0 0 0 0 0 0 0 0 0 0 0 0 0 0 0 0 0 0 0 0 0 0 0 0 0 0 0 0 0 0 0 0 0 0 0 0 0 0 0 0 0 0 0 0 0 0 0 0 0 0 0 0 0 0 0 0 0 0 0 0 0 0 0 0 0 0 0 0 0 0 0 0 0 0 0 0 0 0 0 0 0 0 0 0 0 0 0 0 0 0 0 0 0 0 
0 0 0 0 0 0 0 0 0 0 0 0 0 0 0 0 0 0 0 0 0 0 0 0 0 0 0 0 0 0 0 0 0 0 0 0 0 0 0 0 0 0 0 0 0 0 0 0 0 0 0 0 0 0 0 0 0 0 0 0 0 0 0 0 0 0 0 0 0 0 0 0 0 0 0 0 0 0 0 0 0 0 0 0 0 0 0 0 0 0 0 0 0 0 8.297449628e-65 0 0 0 0 0 0 0 0 0 0 0 0 0 0 0 1.805736501e-74 0 5.712402946e-84 0 0 0 0 0 0 0 0 0 0 0 0 0 0 2.573568145e-84 0 0 0 0 0 0 0 0 0 0 0 0 1.159505411e-85 0 0 0 0 0 0 0 2.22275838e-66 0 3.308857726e-84 0 0 0 0 0 0 0 0 0 0 0 0 2.309503403e-80 0 0 0 0 0 0 0 0 0 0 0 0 0 0 0 0 0 0 0 0 0 0 0 0 0 0 0 0 0 0 0 0 0 0 0 0 0 0 0 0 0 0 0 0 0 0 0 0 0 0 0 0 0 0 0 0 0 0 0 0 0 0 0 0 0 0 0 0 0 0 0 0 0 0 0 0 0 0 0 0 0 0 0 0 0 0 0 0 0 0 0 0 
0 0 0 0 0 0 0 0 0 0 0 0 0 0 0 0 0 0 0 0 0 0 0 0 0 0 0 0 0 0 0 0 0 0 0 0 0 0 0 0 0 0 0 0 0 0 0 0 0 0 0 0 0 0 0 0 0 0 0 0 0 0 0 0 0 0 0 0 0 0 0 0 0 0 0 0 0 0 0 0 0 0 0 0 0 0 0 0 0 0 0 0 0 0 0 0 0 0 0 0 0 0 0 0 0 0 0 0 0 0 0 0 0 0 0 0 0 1.045506696e-67 0 0 0 0 0 0 0 0 0 0 0 0 0 2.686979645e-88 0 0 0 0 1.607882579e-66 0 0 0 0 0 4.254600636e-92 0 0 0 0 0 7.421522746e-90 0 0 1.883773549e-67 0 0 0 0 0 0 0 0 0 0 0 0 0 0 0 0 0 0 0 0 0 0 0 0 0 0 0 0 0 0 0 0 0 0 0 0 0 0 0 0 0 0 0 0 0 0 0 0 0 0 0 0 0 0 0 0 0 0 0 0 0 0 0 0 0 0 0 0 0 0 0 0 0 0 0 0 0 0 0 0 0 0 0 0 0 0 0 0 0 0 0 0 0 0 0 0 0 0 0 0 0 0 0 0 
0 0 0 0 0 0 0 0 0 0 0 0 0 0 0 0 0 0 0 0 0 0 0 0 0 0 0 0 0 0 0 0 0 0 0 0 0 0 0 0 0 0 0 0 0 0 0 0 0 0 0 0 0 0 0 0 0 0 0 0 0 0 0 0 0 0 0 0 0 0 0 0 0 0 0 0 0 0 0 0 0 0 0 0 0 0 0 0 0 0 0 0 0 0 0 0 0 0 0 0 0 4.748940454e-70 0 0 0 0 0 0 0 0 0 0 0 0 0 0 0 0 0 0 0 0 0 0 0 1.501019392e-85 0 0 0 0 0 0 0 0 0 0 0 0 0 0 0 0 0 0 0 0 0 0 0 0 1.074237185e-82 0 0 0 0 0 0 0 0 0 0 0 0 0 0 0 0 0 0 0 0 0 0 0 0 0 0 0 0 0 0 0 0 0 0 0 0 0 0 0 0 0 0 0 0 0 0 0 0 0 0 0 0 0 0 0 0 0 0 0 0 0 0 0 0 0 0 0 0 0 0 0 0 0 0 0 0 0 0 0 0 0 0 0 0 0 0 0 0 0 0 0 0 0 0 0 0 0 0 0 0 0 0 0 0 0 
0 0 0 0 0 0 0 0 0 0 0 0 0 0 0 0 0 0 0 0 0 0 0 0 0 0 0 0 0 0 0 0 0 0 0 0 0 0 0 0 0 0 0 0 0 0 0 0 0 0 0 0 0 0 0 0 0 0 0 0 0 0 0 0 0 0 0 0 0 0 0 0 0 0 0 0 0 0 0 0 0 0 0 0 0 0 0 0 0 0 0 0 0 0 0 1.407500651e-84 0 0 0 0 0 0 0 0 0 0 0 0 0 0 0 0 0 0 0 0 0 0 0 0 0 0 0 0 0 0 0 0 0 1.087761863e-81 0 0 0 0 0 0 0 0 0 0 0 0 0 0 0 0 0 1.048733283e-64 0 0 0 0 0 0 0 0 0 0 0 0 0 0 0 0 0 0 0 0 0 0 0 0 0 0 0 0 0 0 0 0 0 0 0 0 0 0 0 0 0 0 0 0 0 0 0 0 0 0 0 0 0 0 0 0 0 0 0 0 0 0 0 0 0 0 0 0 0 0 0 0 0 0 0 0 0 0 0 0 0 0 0 0 0 0 0 0 0 0 0 0 0 0 0 0 0 0 0 0 0 0 0 0 0 0 0 0 
0 0 0 0 0 0 0 0 0 0 0 0 0 0 0 0 0 0 0 0 0 0 0 0 0 0 0 0 0 0 0 0 0 0 0 0 0 0 0 0 0 0 0 0 0 0 0 0 0 0 0 0 0 0 0 0 0 0 0 0 0 0 0 0 0 0 0 0 0 0 0 0 0 0 0 0 0 0 0 0 0 0 0 0 0 0 0 0 0 0 0 0 0 0 0 0 0 0 0 0 0 0 0 0 0 0 0 0 0 0 0 0 0 0 7.745984875e-86 0 0 0 0 0 0 0 0 0 0 0 0 0 0 0 0 0 0 0 0 0 0 0 0 0 0 0 0 0 0 0 0 0 0 0 0 0 0 0 0 0 0 0 0 0 0 0 0 0 0 0 0 0 0 0 0 0 0 0 0 0 0 0 0 0 0 0 0 0 0 0 0 0 0 0 0 0 0 0 0 0 0 0 0 0 0 0 0 0 0 0 0 0 0 0 0 0 0 0 0 0 0 0 0 0 0 0 0 0 0 0 0 0 0 0 0 0 0 0 0 0 0 0 0 0 0 0 0 0 0 0 0 0 0 0 0 0 0 0 0 0 
0 0 0 0 0 0 0 0 0 0 0 0 0 0 0 0 0 0 0 0 0 0 0 0 0 0 0 0 0 0 0 0 0 0 0 0 0 0 0 0 0 0 0 0 0 0 0 0 0 0 0 0 0 0 0 0 0 0 0 0 0 0 0 0 0 0 0 0 0 0 0 0 0 0 0 0 0 0 0 0 0 0 0 0 0 0 0 0 0 0 0 0 0 0 0 0 0 8.437257289e-90 0 0 0 0 0 0 0 0 0 0 0 0 0 0 0 0 0 0 0 0 0 0 0 0 0 0 0 0 0 0 0 0 0 0 0 0 0 0 0 0 0 0 0 0 0 0 0 0 0 0 0 0 0 0 0 0 0 0 0 0 0 0 0 0 0 0 0 0 0 0 0 0 0 0 0 0 0 0 0 0 0 0 0 0 0 0 0 0 0 0 0 0 0 0 0 0 0 0 0 0 0 0 0 0 0 0 0 0 0 0 0 0 0 0 0 0 0 0 0 0 0 0 0 0 0 0 0 0 0 0 0 0 0 0 0 0 0 0 0 0 0 0 0 0 0 0 0 0 0 0 0 0 0 0 0 0 0 0 
0 0 0 0 0 0 0 0 0 0 0 0 0 0 0 0 0 0 0 0 0 0 0 0 0 0 0 0 0 0 0 0 0 0 0 0 0 0 0 0 0 0 0 0 0 0 0 0 0 0 0 0 0 0 0 0 0 0 0 0 0 0 0 0 0 0 0 0 0 0 0 0 0 0 0 0 0 0 0 0 0 0 0 0 0 0 0 0 0 0 0 0 0 0 0 0 0 0 0 0 0 0 0 0 0 0 0 0 0 0 0 0 0 0 0 0 0 0 0 0 0 0 0 0 0 0 0 0 0 0 0 0 0 0 0 0 0 0 0 0 0 0 0 0 0 0 0 0 0 0 0 0 0 0 0 0 0 0 0 0 0 0 0 0 0 0 0 0 0 0 0 0 0 0 0 0 0 0 0 0 0 0 0 0 0 0 0 0 0 0 0 0 0 0 0 0 0 0 0 0 0 0 0 0 0 0 0 0 0 0 0 0 0 0 0 0 0 0 0 0 0 0 0 0 0 0 0 0 0 0 0 0 0 0 0 0 0 0 0 0 0 0 0 0 0 0 0 0 0 0 0 0 0 0 0 0 
0 0 0 0 0 0 0 0 0 0 0 0 0 0 0 0 0 0 0 0 0 0 0 0 0 0 0 0 0 0 0 0 0 0 0 0 0 0 0 0 0 0 0 0 0 0 0 0 0 0 0 0 0 0 0 0 0 0 0 0 0 0 0 0 0 0 0 0 0 0 0 0 0 0 0 0 0 0 0 0 0 0 0 0 0 0 0 0 0 0 0 0 0 0 0 0 0 0 0 0 2.400775742e-93 0 0 0 0 0 0 0 0 0 0 0 0 0 0 0 0 0 0 0 0 0 0 0 0 0 0 0 0 0 0 0 0 0 0 0 0 0 0 0 0 0 0 0 0 0 0 0 0 0 0 0 0 0 0 0 0 0 0 0 0 0 0 0 0 0 0 0 0 0 0 0 0 0 0 0 0 0 0 0 0 0 0 0 0 0 0 0 0 0 0 0 0 0 0 0 0 0 0 0 0 0 0 0 0 0 0 0 0 0 0 0 0 0 0 0 0 0 0 0 0 0 0 0 0 0 0 0 0 0 0 0 0 0 0 0 0 0 0 0 0 0 0 0 0 0 0 0 0 0 0 0 0 0 0 0 
0 0 0 0 0 0 0 0 0 0 0 0 0 0 0 0 0 0 0 0 0 0 0 0 0 0 0 0 0 0 0 0 0 0 0 0 0 0 0 0 0 0 0 0 0 0 0 0 0 0 0 0 0 0 0 0 0 0 0 0 0 0 0 0 0 0 0 0 0 0 0 0 0 0 0 0 0 0 0 0 0 0 0 0 0 0 0 0 0 0 0 0 0 0 0 0 0 0 0 0 0 0 0 0 0 0 0 0 0 0 0 0 0 0 0 0 0 0 0 0 0 0 0 0 0 0 0 0 0 0 0 0 0 0 0 0 0 0 0 0 0 0 0 0 0 0 0 0 0 0 0 0 0 6.886245931e-90 0 0 0 0 0 0 0 0 0 0 0 0 0 0 0 0 0 0 0 0 0 0 0 0 0 0 0 0 0 0 0 0 0 0 0 0 0 0 0 0 0 0 0 0 0 0 0 0 0 0 0 0 0 0 0 0 0 0 0 0 0 0 0 0 0 0 0 0 0 0 0 0 0 0 0 0 0 0 0 0 0 0 0 0 0 0 0 0 0 0 0 0 0 0 0 0 0 0 0 0 0 0 
0 0 0 0 0 0 0 0 0 0 0 0 0 0 0 0 0 0 0 0 0 0 0 0 0 0 0 0 0 0 0 0 0 0 0 0 0 0 0 0 0 0 0 0 0 0 0 0 0 0 0 0 0 0 0 0 0 0 0 0 0 0 0 0 0 0 0 0 0 0 0 0 0 0 0 0 0 0 0 0 0 0 0 0 0 0 0 0 0 0 0 0 0 0 0 0 0 0 0 0 0 0 0 0 0 0 0 0 0 0 0 0 0 0 0 0 0 0 0 0 0 0 0 0 0 0 0 0 0 0 0 0 0 0 0 0 0 0 0 0 0 0 0 0 0 0 0 0 0 0 0 0 0 0 0 0 0 0 0 0 0 0 0 0 0 0 0 0 0 0 0 0 0 0 0 0 0 0 0 0 0 0 0 0 0 0 0 0 0 0 0 0 0 0 0 0 0 0 0 0 0 0 0 0 0 0 0 0 0 0 0 0 0 0 0 0 0 0 0 0 0 0 0 0 0 0 0 0 0 0 0 0 0 0 0 0 0 0 0 0 0 0 0 0 0 0 0 0 0 0 0 0 0 0 0 0 
0 0 0 0 0 0 0 0 0 0 0 0 0 0 0 0 0 0 0 0 0 0 0 0 0 0 0 0 0 0 0 0 0 0 0 0 0 0 0 0 0 0 0 0 0 0 0 0 0 0 0 0 0 0 0 0 0 0 0 0 0 0 0 0 0 0 0 0 0 0 0 0 0 0 0 0 0 0 0 0 0 0 0 0 0 0 0 0 0 0 0 0 0 0 0 0 0 0 0 0 0 0 0 0 0 0 0 0 0 0 0 0 0 0 0 0 0 0 0 0 0 0 0 0 0 0 0 0 0 0 0 0 0 0 0 0 0 0 0 0 0 0 0 0 0 0 0 0 0 0 0 0 0 0 0 0 0 0 0 0 0 0 0 0 0 0 0 0 0 0 0 0 0 0 0 0 0 0 0 0 0 0 0 0 0 0 0 0 0 0 0 0 0 0 0 0 0 0 0 0 0 0 0 0 0 0 0 0 0 0 0 0 0 0 0 0 0 0 0 0 0 0 0 0 0 0 0 0 0 0 0 0 0 0 0 0 0 0 0 0 0 0 0 0 0 0 0 0 0 0 0 0 0 0 0 0 
0 0 0 0 0 0 0 0 0 0 0 0 0 0 0 0 0 0 0 0 0 0 0 0 0 0 0 0 0 0 0 0 0 0 0 0 0 0 0 0 0 0 0 0 0 0 0 0 0 0 0 0 0 0 0 0 0 0 0 0 0 0 0 0 0 0 0 0 0 0 0 0 0 0 0 0 0 0 0 0 0 0 0 0 0 0 0 0 0 0 0 0 0 0 0 0 0 0 0 0 0 0 0 0 0 0 0 0 0 0 0 0 0 0 0 0 0 0 0 0 0 0 0 0 0 0 0 0 0 0 0 0 0 0 0 0 0 0 0 0 0 0 0 1.801737466e-94 0 0 0 0 0 0 0 0 0 0 0 0 0 0 0 0 0 0 0 0 0 0 0 0 0 0 0 0 0 0 0 0 0 0 0 0 0 0 0 0 0 0 0 0 0 0 0 0 0 0 0 0 0 0 0 0 0 0 0 0 0 0 0 0 0 0 0 0 0 0 0 0 0 0 0 0 0 0 0 0 0 0 0 0 0 0 0 0 0 0 0 0 0 0 0 0 0 0 0 0 0 0 0 0 0 0 0 0 0 0 0 0 
0 0 0 0 0 0 0 0 0 0 0 0 0 0 0 0 0 0 0 0 0 0 0 0 0 0 0 0 0 0 0 0 0 0 0 0 0 0 0 0 0 0 0 0 0 0 0 0 0 0 0 0 0 0 0 0 0 0 0 0 0 0 0 0 0 0 0 0 0 0 0 0 0 0 0 0 0 0 0 0 0 0 0 0 0 0 0 0 0 0 0 0 0 0 0 0 0 0 0 0 0 0 0 0 0 0 0 0 0 0 0 0 0 0 0 0 0 0 0 0 0 0 0 0 0 0 0 0 0 0 0 0 0 0 0 0 0 0 0 0 0 0 0 0 0 0 0 0 0 0 0 0 0 0 0 0 0 0 0 0 0 0 0 0 0 0 0 0 0 0 0 0 0 0 0 0 0 0 0 0 0 0 0 0 0 0 0 0 0 0 0 0 0 0 0 0 0 0 0 0 0 0 0 0 0 0 0 0 0 0 0 0 0 0 0 0 0 0 0 0 0 0 0 0 0 0 0 0 0 0 0 0 0 0 0 0 0 0 0 0 0 0 0 0 0 0 0 0 0 0 0 0 0 0 0 0 
0 0 0 0 0 0 0 0 0 0 0 0 0 0 0 0 0 0 0 0 0 0 0 0 0 0 0 0 0 0 0 0 0 0 0 0 0 0 0 0 0 0 0 0 0 0 0 0 0 0 0 0 0 0 0 0 0 0 0 0 0 0 0 0 0 0 0 0 0 0 0 0 0 0 0 0 0 0 0 0 0 0 0 0 0 0 0 0 0 0 0 0 0 0 0 0 0 0 0 0 0 0 0 0 0 0 0 0 0 0 0 0 0 0 0 0 0 0 0 0 0 0 0 0 0 0 0 0 0 0 0 0 0 0 0 0 0 0 0 0 0 0 0 0 0 0 0 0 0 0 0 0 0 0 0 0 0 0 0 0 0 0 0 0 0 0 0 0 0 0 0 0 0 0 0 0 0 0 0 0 0 0 0 0 0 0 0 0 0 0 0 0 0 0 0 0 0 0 0 0 0 0 0 0 0 0 0 0 0 0 0 0 0 0 0 0 0 0 0 0 0 0 0 0 0 0 0 0 0 0 0 0 0 0 0 0 0 0 0 0 0 0 0 0 0 0 0 0 0 0 0 0 0 0 0 0 
0 0 0 0 0 0 0 0 0 0 0 0 0 0 0 0 0 0 0 0 0 0 0 0 0 0 0 0 0 0 0 0 0 0 0 0 0 0 0 0 0 0 0 0 0 0 0 0 0 0 0 0 0 0 0 0 0 0 0 0 0 0 0 0 0 0 0 0 0 0 0 0 0 0 0 0 0 0 0 0 0 0 0 0 0 0 0 0 0 0 0 0 0 0 0 0 0 0 0 0 0 0 0 0 0 0 0 0 0 0 0 0 0 0 0 0 0 0 0 0 0 0 0 0 0 0 0 0 0 0 0 0 0 0 0 0 0 0 0 0 0 0 0 0 0 0 0 0 0 0 0 0 0 0 0 0 0 0 0 0 0 0 0 0 0 0 0 0 0 0 0 0 0 0 0 0 0 0 0 0 0 0 0 0 0 0 0 0 0 0 0 0 0 0 0 0 0 0 0 0 0 0 0 0 0 0 0 0 0 0 0 0 0 0 0 0 0 0 0 0 0 0 0 0 0 0 0 0 0 0 0 0 0 0 0 0 0 0 0 0 0 0 0 0 0 0 0 0 0 0 0 0 0 0 0 0 
0 0 0 0 0 0 0 0 0 0 0 0 0 0 0 0 0 0 0 0 0 0 0 0 0 0 0 0 0 0 0 0 0 0 0 0 0 0 0 0 0 0 0 0 0 0 0 0 0 0 0 0 0 0 0 0 0 0 0 0 0 0 0 0 0 0 0 0 0 0 0 0 0 0 0 0 0 0 0 0 0 0 0 0 0 0 0 0 0 0 0 0 0 0 0 0 0 0 0 0 0 0 0 0 0 0 0 0 0 0 0 0 0 0 0 0 0 0 0 0 0 0 0 0 0 0 0 0 0 0 0 0 0 0 0 0 0 0 0 0 0 0 0 0 0 0 0 0 0 0 0 0 0 0 0 0 0 0 0 0 0 0 0 0 0 0 0 0 0 0 0 0 0 0 0 0 0 0 0 0 0 0 0 0 0 0 0 0 0 0 0 0 0 0 0 0 0 0 0 0 0 0 0 0 0 0 0 0 0 0 0 0 0 0 0 0 0 0 0 0 0 0 0 0 0 0 0 0 0 0 0 0 0 0 0 0 0 0 0 0 0 0 0 0 0 0 0 0 0 0 0 0 0 0 0 0 
0 0 0 0 0 0 0 0 0 0 0 0 0 0 0 0 0 0 0 0 0 0 0 0 0 0 0 0 0 0 0 0 0 0 0 0 0 0 0 0 0 0 0 0 0 0 0 0 0 0 0 0 0 0 0 0 0 0 0 0 0 0 0 0 0 0 0 0 0 0 0 0 0 0 0 0 0 0 0 0 0 0 0 0 0 0 0 0 0 0 0 0 0 0 0 0 0 0 0 0 0 0 0 0 0 0 0 0 0 0 0 0 0 0 0 0 0 0 0 0 0 0 0 0 0 0 0 0 0 0 0 0 0 0 0 0 0 0 0 0 0 0 0 0 0 0 0 0 0 0 0 0 0 0 0 0 0 0 0 0 0 0 0 0 0 0 0 0 0 0 0 0 0 0 0 0 0 0 0 0 0 0 0 0 0 0 0 0 0 0 0 0 0 0 0 0 0 0 0 0 0 0 0 0 0 0 0 0 0 0 0 0 0 0 0 0 0 0 0 0 0 0 0 0 0 0 0 0 0 0 0 0 0 0 0 0 0 0 0 0 0 0 0 0 0 0 0 0 0 0 0 0 0 0 0 0 
0 0 0 0 0 0 0 0 0 0 0 0 0 0 0 0 0 0 0 0 0 0 0 0 0 0 0 0 0 0 0 0 0 0 0 0 0 0 0 0 0 0 0 0 0 0 0 0 0 0 0 0 0 0 0 0 0 0 0 0 0 0 0 0 0 0 0 0 0 0 0 0 0 0 0 0 0 0 0 0 0 0 0 0 0 0 0 0 0 0 0 0 0 0 0 0 0 0 0 0 0 0 0 0 0 0 0 0 0 0 0 0 0 0 0 0 0 0 0 0 0 0 0 0 0 0 0 0 0 0 0 0 0 0 0 0 0 0 0 0 0 0 0 0 0 0 0 0 0 0 0 0 0 0 0 0 0 0 0 0 0 0 0 0 0 0 0 0 0 0 0 0 0 0 0 0 0 0 0 0 0 0 0 0 0 0 0 0 0 0 0 0 0 0 0 0 0 0 0 0 0 0 0 0 0 0 0 0 0 0 0 0 0 0 0 0 0 0 0 0 0 0 0 0 0 0 0 0 0 0 0 0 0 0 0 0 0 0 0 0 0 0 0 0 0 0 0 0 0 0 0 0 0 0 0 0 
0 0 0 0 0 0 0 0 0 0 0 0 0 0 0 0 0 0 0 0 0 0 0 0 0 0 0 0 0 0 0 0 0 0 0 0 0 0 0 0 0 0 0 0 0 0 0 0 0 0 0 0 0 0 0 0 0 0 0 0 0 0 0 0 0 0 0 0 0 0 0 0 0 0 0 0 0 0 0 0 0 0 0 0 0 0 0 0 0 0 0 0 0 0 0 0 0 0 0 0 0 0 0 0 0 0 0 0 0 0 0 0 0 0 0 0 0 0 0 0 0 0 0 0 0 0 0 0 0 0 0 0 0 0 0 0 0 0 0 0 0 0 0 0 0 0 0 0 0 0 0 0 0 0 0 0 0 0 0 0 0 0 0 0 0 0 0 0 0 0 0 0 0 0 0 0 0 0 0 0 0 0 0 0 0 0 0 0 0 0 0 0 0 0 0 0 0 0 0 0 0 0 0 0 0 0 0 0 0 0 0 0 0 0 0 0 0 0 0 0 0 0 0 0 0 0 0 0 0 0 0 0 0 0 0 0 0 0 0 0 0 0 0 0 0 0 0 0 0 0 0 0 0 0 0 0 
0 0 0 0 0 0 0 0 0 0 0 0 0 0 0 0 0 0 0 0 0 0 0 0 0 0 0 0 0 0 0 0 0 0 0 0 0 0 0 0 0 0 0 0 0 0 0 0 0 0 0 0 0 0 0 0 0 0 0 0 0 0 0 0 0 0 0 0 0 0 0 0 0 0 0 0 0 0 0 0 0 0 0 0 0 0 0 0 0 0 0 0 0 0 0 0 0 0 0 0 0 0 0 0 0 0 0 0 0 0 0 0 0 0 0 0 0 0 0 0 0 0 0 0 0 0 0 0 0 0 0 0 0 0 0 0 0 0 0 0 0 0 0 0 0 0 0 0 0 0 0 0 0 0 0 0 0 0 0 0 0 0 0 0 0 0 0 0 0 0 0 0 0 0 0 0 0 0 0 0 0 0 0 0 0 0 0 0 0 0 0 0 0 0 0 0 0 0 0 0 0 0 0 0 0 0 0 0 0 0 0 0 0 0 0 0 0 0 0 0 0 0 0 0 0 0 0 0 0 0 0 0 0 0 0 0 0 0 0 0 0 0 0 0 0 0 0 0 0 0 0 0 0 0 0 0 
0 0 0 0 0 0 0 0 0 0 0 0 0 0 0 0 0 0 0 0 0 0 0 0 0 0 0 0 0 0 0 0 0 0 0 0 0 0 0 0 0 0 0 0 0 0 0 0 0 0 0 0 0 0 0 0 0 0 0 0 0 0 0 0 0 0 0 0 0 0 0 0 0 0 0 0 0 0 0 0 0 0 0 0 0 0 0 0 0 0 0 0 0 0 0 0 0 0 0 0 0 0 0 0 0 0 0 0 0 0 0 0 0 0 0 0 0 0 0 0 0 0 0 0 0 0 0 0 0 0 0 0 0 0 0 0 0 0 0 0 0 0 0 0 0 0 0 0 0 0 0 0 0 0 0 0 0 0 0 0 0 0 0 0 0 0 0 0 0 0 0 0 0 0 0 0 0 0 0 0 0 0 0 0 0 0 0 0 0 0 0 0 0 0 0 0 0 0 0 0 0 0 0 0 0 0 0 0 0 0 0 0 0 0 0 0 0 0 0 0 0 0 0 0 0 0 0 0 0 0 0 0 0 0 0 0 0 0 0 0 0 0 0 0 0 0 0 0 0 0 0 0 0 0 0 0 
0 0 0 0 0 0 0 0 0 0 0 0 0 0 0 0 0 0 0 0 0 0 0 0 0 0 0 0 0 0 0 0 0 0 0 0 0 0 0 0 0 0 0 0 0 0 0 0 0 0 0 0 0 0 0 0 0 0 0 0 0 0 0 0 0 0 0 0 0 0 0 0 0 0 0 0 0 0 0 0 0 0 0 0 0 0 0 0 0 0 0 0 0 0 0 0 0 0 0 0 0 0 0 0 0 0 0 0 0 0 0 0 0 0 0 0 0 0 0 0 0 0 0 0 0 0 0 0 0 0 0 0 0 0 0 0 0 0 0 0 0 0 0 0 0 0 0 0 0 0 0 0 0 0 0 0 0 0 0 0 0 0 0 0 0 0 0 0 0 0 0 0 0 0 0 0 0 0 0 0 0 0 0 0 0 0 0 0 0 0 0 0 0 0 0 0 0 0 0 0 0 0 0 0 0 0 0 0 0 0 0 0 0 0 0 0 0 0 0 0 0 0 0 0 0 0 0 0 0 0 0 0 0 0 0 0 0 0 0 0 0 0 0 0 0 0 0 0 0 0 0 0 0 0 0 0 
0 0 0 0 0 0 0 0 0 0 0 0 0 0 0 0 0 0 0 0 0 0 0 0 0 0 0 0 0 0 0 0 0 0 0 0 0 0 0 0 0 0 0 0 0 0 0 0 0 0 0 0 0 0 0 0 0 0 0 0 0 0 0 0 0 0 0 0 0 0 0 0 0 0 0 0 0 0 0 0 0 0 0 0 0 0 0 0 0 0 0 0 0 0 0 0 0 0 0 0 0 0 0 0 0 0 0 0 0 0 0 0 0 0 0 0 0 0 0 0 0 0 0 0 0 0 0 0 0 0 0 0 0 0 0 0 0 0 0 0 0 0 0 0 0 0 0 0 0 0 0 0 0 0 0 0 0 0 0 0 0 0 0 0 0 0 0 0 0 0 0 0 0 0 0 0 0 0 0 0 0 0 0 0 0 0 0 0 0 0 0 0 0 0 0 0 0 0 0 0 0 0 0 0 0 0 0 0 0 0 0 0 0 0 0 0 0 0 0 0 0 0 0 0 0 0 0 0 0 0 0 0 0 0 0 0 0 0 0 0 0 0 0 0 0 0 0 0 0 0 0 0 0 0 0 0 
0 0 0 0 0 0 0 0 0 0 0 0 0 0 0 0 0 0 0 0 0 0 0 0 0 0 0 0 0 0 0 0 0 0 0 0 0 0 0 0 0 0 0 0 0 0 0 0 0 0 0 0 0 0 0 0 0 0 0 0 0 0 0 0 0 0 0 0 0 0 0 0 0 0 0 0 0 0 0 0 0 0 0 0 0 0 0 0 0 0 0 0 0 0 0 0 0 0 0 0 0 0 0 0 0 0 0 0 0 0 0 0 0 0 0 0 0 0 0 0 0 0 0 0 0 0 0 0 0 0 0 0 0 0 0 0 0 0 0 0 0 0 0 0 0 0 0 0 0 0 0 0 0 0 0 0 0 0 0 0 0 0 0 0 0 0 0 0 0 0 0 0 0 0 0 0 0 0 0 0 0 0 0 0 0 0 0 0 0 0 0 0 0 0 0 0 0 0 0 0 0 0 0 0 0 0 0 0 0 0 0 0 0 0 0 0 0 0 0 0 0 0 0 0 0 0 0 0 0 0 0 0 0 0 0 0 0 0 0 0 0 0 0 0 0 0 0 0 0 0 0 0 0 0 0 0 
0 0 0 0 0 0 0 0 0 0 0 0 0 0 0 0 0 0 0 0 0 0 0 0 0 0 0 0 0 0 0 0 0 0 0 0 0 0 0 0 0 0 0 0 0 0 0 0 0 0 0 0 0 0 0 0 0 0 0 0 0 0 0 0 0 0 0 0 0 0 0 0 0 0 0 0 0 0 0 0 0 0 0 0 0 0 0 0 0 0 0 0 0 0 0 0 0 0 0 0 0 0 0 0 0 0 0 0 0 0 0 0 0 0 0 0 0 0 0 0 0 0 0 0 0 0 0 0 0 0 0 0 0 0 0 0 0 0 0 0 0 0 0 0 0 0 0 0 0 0 0 0 0 0 0 0 0 0 0 0 0 0 0 0 0 0 0 0 0 0 0 0 0 0 0 0 0 0 0 0 0 0 0 0 0 0 0 0 0 0 0 0 0 0 0 0 0 0 0 0 0 0 0 0 0 0 0 0 0 0 0 0 0 0 0 0 0 0 0 0 0 0 0 0 0 0 0 0 0 0 0 0 0 0 0 0 0 0 0 0 0 0 0 0 0 0 0 0 0 0 0 0 0 0 0 0 
0 0 0 0 0 0 0 0 0 0 0 0 0 0 0 0 0 0 0 0 0 0 0 0 0 0 0 0 0 0 0 0 0 0 0 0 0 0 0 0 0 0 0 0 0 0 0 0 0 0 0 0 0 0 0 0 0 0 0 0 0 0 0 0 0 0 0 0 0 0 0 0 0 0 0 0 0 0 0 0 0 0 0 0 0 0 0 0 0 0 0 0 0 0 0 0 0 0 0 0 0 0 0 0 0 0 0 0 0 0 0 0 0 0 0 0 0 0 0 0 0 0 0 0 0 0 0 0 0 0 0 0 0 0 0 0 0 0 0 0 0 0 0 0 0 0 0 0 0 0 0 0 0 0 0 0 0 0 0 0 0 0 0 0 0 0 0 0 0 0 0 0 0 0 0 0 0 0 0 0 0 0 0 0 0 0 0 0 0 0 0 0 0 0 0 0 0 0 0 0 0 0 0 0 0 0 0 0 0 0 0 0 0 0 0 0 0 0 0 0 0 0 0 0 0 0 0 0 0 0 0 0 0 0 0 0 0 0 0 0 0 0 0 0 0 0 0 0 0 0 0 0 0 0 0 0 
0 0 0 0 0 0 0 0 0 0 0 0 0 0 0 0 0 0 0 0 0 0 0 0 0 0 0 0 0 0 0 0 0 0 0 0 0 0 0 0 0 0 0 0 0 0 0 0 0 0 0 0 0 0 0 0 0 0 0 0 0 0 0 0 0 0 0 0 0 0 0 0 0 0 0 0 0 0 0 0 0 0 0 0 0 0 0 0 0 0 0 0 0 0 0 0 0 0 0 0 0 0 0 0 0 0 0 0 0 0 0 0 0 0 0 0 0 0 0 0 0 0 0 0 0 0 0 0 0 0 0 0 0 0 0 0 0 0 0 0 0 0 0 0 0 0 0 0 0 0 0 0 0 0 0 0 0 0 0 0 0 0 0 0 0 0 0 0 0 0 0 0 0 0 0 0 0 0 0 0 0 0 0 0 0 0 0 0 0 0 0 0 0 0 0 0 0 0 0 0 0 0 0 0 0 0 0 0 0 0 0 0 0 0 0 0 0 0 0 0 0 0 0 0 0 0 0 0 0 0 0 0 0 0 0 0 0 0 0 0 0 0 0 0 0 0 0 0 0 0 0 0 0 0 0 0 
0 0 0 0 0 0 0 0 0 0 0 0 0 0 0 0 0 0 0 0 0 0 0 0 0 0 0 0 0 0 0 0 0 0 0 0 0 0 0 0 0 0 0 0 0 0 0 0 0 0 0 0 0 0 0 0 0 0 0 0 0 0 0 0 0 0 0 0 0 0 0 0 0 0 0 0 0 0 0 0 0 0 0 0 0 0 0 0 0 0 0 0 0 0 0 0 0 0 0 0 0 0 0 0 0 0 0 0 0 0 0 0 0 0 0 0 0 0 0 0 0 0 0 0 0 0 0 0 0 0 0 0 0 0 0 0 0 0 0 0 0 0 0 0 0 0 0 0 0 0 0 0 0 0 0 0 0 0 0 0 0 0 0 0 0 0 0 0 0 0 0 0 0 0 0 0 0 0 0 0 0 0 0 0 0 0 0 0 0 0 0 0 0 0 0 0 0 0 0 0 0 0 0 0 0 0 0 0 0 0 0 0 0 0 0 0 0 0 0 0 0 0 0 0 0 0 0 0 0 0 0 0 0 0 0 0 0 0 0 0 0 0 0 0 0 0 0 0 0 0 0 0 0 0 0 0 
0 0 0 0 0 0 0 0 0 0 0 0 0 0 0 0 0 0 0 0 0 0 0 0 0 0 0 0 0 0 0 0 0 0 0 0 0 0 0 0 0 0 0 0 0 0 0 0 0 0 0 0 0 0 0 0 0 0 0 0 0 0 0 0 0 0 0 0 0 0 0 0 0 0 0 0 0 0 0 0 0 0 0 0 0 0 0 0 0 0 0 0 0 0 0 0 0 0 0 0 0 0 0 0 0 0 0 0 0 0 0 0 0 0 0 0 0 0 0 0 0 0 0 0 0 0 0 0 0 0 0 0 0 0 0 0 0 0 0 0 0 0 0 0 0 0 0 0 0 0 0 0 0 0 0 0 0 0 0 0 0 0 0 0 0 0 0 0 0 0 0 0 0 0 0 0 0 0 0 0 0 0 0 0 0 0 0 0 0 0 0 0 0 0 0 0 0 0 0 0 0 0 0 0 0 0 0 0 0 0 0 0 0 0 0 0 0 0 0 0 0 0 0 0 0 0 0 0 0 0 0 0 0 0 0 0 0 0 0 0 0 0 0 0 0 0 0 0 0 0 0 0 0 0 0 0 
# Events [detector/detector.dat] N:
0 0 0 0 0 0 0 0 0 0 0 0 0 0 0 0 0 0 0 0 0 0 0 0 0 0 0 0 0 0 0 0 0 0 0 0 0 0 0 0 0 0 0 0 0 0 0 0 0 0 0 0 0 0 0 0 0 0 0 0 0 0 0 0 0 0 0 0 0 0 0 0 0 0 0 0 0 0 0 0 0 0 0 0 0 0 0 0 0 0 0 0 0 0 0 0 0 0 0 0 0 0 0 0 0 0 0 0 0 0 0 0 0 0 0 0 0 0 0 0 0 0 0 0 0 0 0 0 0 0 0 0 0 0 0 0 0 0 0 0 0 0 0 0 0 0 0 0 0 0 0 0 0 0 0 0 0 0 0 0 0 0 0 0 0 0 0 0 0 0 0 0 0 0 0 0 0 0 0 0 0 0 0 0 0 0 0 0 0 0 0 0 0 0 0 0 0 0 0 0 0 0 0 0 0 0 0 0 0 0 0 0 0 0 0 0 0 0 0 0 0 0 0 0 0 0 0 0 0 0 0 0 0 0 0 0 0 0 0 0 0 0 0 0 0 0 0 0 0 0 0 0 0 0 0 0 
0 0 0 0 0 0 0 0 0 0 0 0 0 0 0 0 0 0 0 0 0 0 0 0 0 0 0 0 0 0 0 0 0 0 0 0 0 0 0 0 0 0 0 0 0 0 0 0 0 0 0 0 0 0 0 0 0 0 0 0 0 0 0 0 0 0 0 0 0 0 0 0 0 0 0 0 0 0 0 0 0 0 0 0 0 0 0 0 0 0 0 0 0 0 0 0 0 0 0 0 0 0 0 0 0 0 0 0 0 0 0 0 0 0 0 0 0 0 0 0 0 0 0 0 0 0 0 0 0 0 0 0 0 0 0 0 0 0 0 0 0 0 0 0 0 0 0 0 0 0 0 0 0 0 0 0 0 0 0 0 0 0 0 0 0 0 0 0 0 0 0 0 0 0 0 0 0 0 0 0 0 0 0 0 0 0 0 0 0 0 0 0 0 0 0 0 0 0 0 0 0 0 0 0 0 0 0 0 0 0 0 0 0 0 0 0 0 0 0 0 0 0 0 0 0 0 0 0 0 0 0 0 0 0 0 0 0 0 0 0 0 0 0 0 0 0 0 0 0 0 0 0 0 0 0 0 
0 0 0 0 0 0 0 0 0 0 0 0 0 0 0 0 0 0 0 0 0 0 0 0 0 0 0 0 0 0 0 0 0 0 0 0 0 0 0 0 0 0 0 0 0 0 0 0 0 0 0 0 0 0 0 0 0 0 0 0 0 0 0 0 0 0 0 0 0 0 0 0 0 0 0 0 0 0 0 0 0 0 0 0 0 0 0 0 0 0 0 0 0 0 0 0 0 0 0 0 0 0 0 0 0 0 0 0 0 0 0 0 0 0 0 0 0 0 0 0 0 0 0 0 0 0 0 0 0 0 0 0 0 0 0 0 0 0 0 0 0 0 0 0 0 0 0 0 0 0 0 0 0 0 0 0 0 0 0 0 0 0 0 0 0 0 0 0 0 0 0 0 0 0 0 0 0 0 0 0 0 0 0 0 0 0 0 0 0 0 0 0 0 0 0 0 0 0 0 0 0 0 0 0 0 0 0 0 0 0 0 0 0 0 0 0 0 0 0 0 0 0 0 0 0 0 0 0 0 0 0 0 0 0 0 0 0 0 0 0 0 0 0 0 0 0 0 0 0 0 0 0 0 0 0 0 
0 0 0 0 0 0 0 0 0 0 0 0 0 0 0 0 0 0 0 0 0 0 0 0 0 0 0 0 0 0 0 0 0 0 0 0 0 0 0 0 0 0 0 0 0 0 0 0 0 0 0 0 0 0 0 0 0 0 0 0 0 0 0 0 0 0 0 0 0 0 0 0 0 0 0 0 0 0 0 0 0 0 0 0 0 0 0 0 0 0 0 0 0 0 0 0 0 0 0 0 0 0 0 0 0 0 0 0 0 0 0 0 0 0 0 0 0 0 0 0 0 0 0 0 0 0 0 0 0 0 0 0 0 0 0 0 0 0 0 0 0 0 0 0 0 0 0 0 0 0 0 0 0 0 0 0 0 0 0 0 0 0 0 0 0 0 0 0 0 0 0 0 0 0 0 0 0 0 0 0 0 0 0 0 0 0 0 0 0 0 0 0 0 0 0 0 0 0 0 0 0 0 0 0 0 0 0 0 0 0 0 0 0 0 0 0 0 0 0 0 0 0 0 0 0 0 0 0 0 0 0 0 0 0 0 0 0 0 0 0 0 0 0 0 0 0 0 0 0 0 0 0 0 0 0 0 
0 0 0 0 0 0 0 0 0 0 0 0 0 0 0 0 0 0 0 0 0 0 0 0 0 0 0 0 0 0 0 0 0 0 0 0 0 0 0 0 0 0 0 0 0 0 0 0 0 0 0 0 0 0 0 0 0 0 0 0 0 0 0 0 0 0 0 0 0 0 0 0 0 0 0 0 0 0 0 0 0 0 0 0 0 0 0 0 0 0 0 0 0 0 0 0 0 0 0 0 0 0 0 0 0 0 0 0 0 0 0 0 0 0 0 0 0 0 0 0 0 0 0 0 0 0 0 0 0 0 0 0 0 0 0 0 0 0 0 0 0 0 0 0 0 0 0 0 0 0 0 0 0 0 0 0 0 0 0 0 0 0 0 0 0 0 0 0 0 0 0 0 0 0 0 0 0 0 0 0 0 0 0 0 0 0 0 0 0 0 0 0 0 0 0 0 0 0 0 0 0 0 0 0 0 0 0 0 0 0 0 0 0 0 0 0 0 0 0 0 0 0 0 0 0 0 0 0 0 0 0 0 0 0 0 0 0 0 0 0 0 0 0 0 0 0 0 0 0 0 0 0 0 0 0 0 
0 0 0 0 0 0 0 0 0 0 0 0 0 0 0 0 0 0 0 0 0 0 0 0 0 0 0 0 0 0 0 0 0 0 0 0 0 0 0 0 0 0 0 0 0 0 0 0 0 0 0 0 0 0 0 0 0 0 0 0 0 0 0 0 0 0 0 0 0 0 0 0 0 0 0 0 0 0 0 0 0 0 0 0 0 0 0 0 0 0 0 0 0 0 0 0 0 0 0 0 0 0 0 0 0 0 0 0 0 0 0 0 0 0 0 0 0 0 0 0 0 0 0 0 0 0 0 0 0 0 0 0 0 0 0 0 0 0 0 0 0 0 0 0 0 0 0 0 0 0 0 0 0 0 0 0 0 0 0 0 0 0 0 0 0 0 0 0 0 0 0 0 0 0 0 0 0 0 0 0 0 0 0 0 0 0 0 0 0 0 0 0 0 0 0 0 0 0 0 0 0 0 0 0 0 0 0 0 0 0 0 0 0 0 0 0 0 0 0 0 0 0 0 0 0 0 0 0 0 0 0 0 0 0 0 0 0 0 0 0 0 0 0 0 0 0 0 0 0 0 0 0 0 0 0 0 
0 0 0 0 0 0 0 0 0 0 0 0 0 0 0 0 0 0 0 0 0 0 0 0 0 0 0 0 0 0 0 0 0 0 0 0 0 0 0 0 0 0 0 0 0 0 0 0 0 0 0 0 0 0 0 0 0 0 0 0 0 0 0 0 0 0 0 0 0 0 0 0 0 0 0 0 0 0 0 0 0 0 0 0 0 0 0 0 0 0 0 0 0 0 0 0 0 0 0 0 0 0 0 0 0 0 0 0 0 0 0 0 0 0 0 0 0 0 0 0 0 0 0 0 0 0 0 0 0 0 0 0 0 0 0 0 0 0 0 0 0 0 0 0 0 0 0 0 0 0 0 0 0 0 0 0 0 0 0 0 0 0 0 0 0 0 0 0 0 0 0 0 0 0 0 0 0 0 0 0 0 0 0 0 0 0 0 0 0 0 0 0 0 0 0 0 0 0 0 0 0 0 0 0 0 0 0 0 0 0 0 0 0 0 0 0 0 0 0 0 0 0 0 0 0 0 0 0 0 0 0 0 0 0 0 0 0 0 0 0 0 0 0 0 0 0 0 0 0 0 0 0 0 0 0 0 
0 0 0 0 0 0 0 0 0 0 0 0 0 0 0 0 0 0 0 0 0 0 0 0 0 0 0 0 0 0 0 0 0 0 0 0 0 0 0 0 0 0 0 0 0 0 0 0 0 0 0 0 0 0 0 0 0 0 0 0 0 0 0 0 0 0 0 0 0 0 0 0 0 0 0 0 0 0 0 0 0 0 0 0 0 0 0 0 0 0 0 0 0 0 0 0 0 0 0 0 0 0 0 0 0 0 0 0 0 0 0 0 0 0 0 0 0 0 0 0 0 0 0 0 0 0 0 0 0 0 0 0 0 0 0 0 0 0 0 0 0 0 0 0 0 0 0 0 0 0 0 0 0 0 0 0 0 0 0 0 0 0 0 0 0 0 0 0 0 0 0 0 0 0 0 0 0 0 0 0 0 0 0 0 0 0 0 0 0 0 0 0 0 0 0 0 0 0 0 0 0 0 0 0 0 0 0 0 0 0 0 0 0 0 0 0 0 0 0 0 0 0 0 0 0 0 0 0 0 0 0 0 0 0 0 0 0 0 0 0 0 0 0 0 0 0 0 0 0 0 0 0 0 0 0 0 
0 0 0 0 0 0 0 0 0 0 0 0 0 0 0 0 0 0 0 0 0 0 0 0 0 0 0 0 0 0 0 0 0 0 0 0 0 0 0 0 0 0 0 0 0 0 0 0 0 0 0 0 0 0 0 0 0 0 0 0 0 0 0 0 0 0 0 0 0 0 0 0 0 0 0 0 0 0 0 0 0 0 0 0 0 0 0 0 0 0 0 0 0 0 0 0 0 0 0 0 0 0 0 0 0 0 0 0 0 0 0 0 0 0 0 0 0 0 0 0 0 0 0 0 0 0 0 0 0 0 0 0 0 0 0 0 0 0 0 0 0 0 0 0 0 0 0 0 0 0 0 0 0 0 0 0 0 0 0 0 0 0 0 0 0 0 0 0 0 0 0 0 0 0 0 0 0 0 0 0 0 0 0 0 0 0 0 0 0 0 0 0 0 0 0 0 0 0 0 0 0 0 0 0 0 0 0 0 0 0 0 0 0 0 0 0 0 0 0 0 0 0 0 0 0 0 0 0 0 0 0 0 0 0 0 0 0 0 0 0 0 0 0 0 0 0 0 0 0 0 0 0 0 0 0 0 
0 0 0 0 0 0 0 0 0 0 0 0 0 0 0 0 0 0 0 0 0 0 0 0 0 0 0 0 0 0 0 0 0 0 0 0 0 0 0 0 0 0 0 0 0 0 0 0 0 0 0 0 0 0 0 0 0 0 0 0 0 0 0 0 0 0 0 0 0 0 0 0 0 0 0 0 0 0 0 0 0 0 0 0 0 0 0 0 0 0 0 0 0 0 0 0 0 0 0 0 0 0 0 0 0 0 0 0 0 0 0 0 0 0 0 0 0 0 0 0 0 0 0 0 0 0 0 0 0 0 0 0 0 0 0 0 0 0 0 0 0 0 0 0 0 0 0 0 0 0 0 0 0 0 0 0 0 0 0 0 0 0 0 0 0 0 0 0 0 0 0 0 0 0 0 0 0 0 0 0 0 0 0 0 0 0 0 0 0 0 0 0 0 0 0 0 0 0 0 0 0 0 0 0 0 0 0 0 0 0 0 0 0 0 0 0 0 0 0 0 0 0 0 0 0 0 0 0 0 0 0 0 0 0 0 0 0 0 0 0 0 0 0 0 0 0 0 0 0 0 0 0 0 0 0 0 
0 0 0 0 0 0 0 0 0 0 0 0 0 0 0 0 0 0 0 0 0 0 0 0 0 0 0 0 0 0 0 0 0 0 0 0 0 0 0 0 0 0 0 0 0 0 0 0 0 0 0 0 0 0 0 0 0 0 0 0 0 0 0 0 0 0 0 0 0 0 0 0 0 0 0 0 0 0 0 0 0 0 0 0 0 0 0 0 0 0 0 0 0 0 0 0 0 0 0 0 0 0 0 0 0 0 0 0 0 0 0 0 0 0 0 0 0 0 0 0 0 0 0 0 0 0 0 0 0 0 0 0 0 0 0 0 0 0 0 0 0 0 0 0 0 0 0 0 0 0 0 0 0 0 0 0 0 0 0 0 0 0 0 0 0 0 0 0 0 0 0 0 0 0 0 0 0 0 0 0 0 0 0 0 0 0 0 0 0 0 0 0 0 0 0 0 0 0 0 0 0 0 0 0 0 0 0 0 0 0 0 0 0 0 0 0 0 0 0 0 0 0 0 0 0 0 0 0 0 0 0 0 0 0 0 0 0 0 0 0 0 0 0 0 0 0 0 0 0 0 0 0 0 0 0 0 
0 0 0 0 0 0 0 0 0 0 0 0 0 0 0 0 0 0 0 0 0 0 0 0 0 0 0 0 0 0 0 0 0 0 0 0 0 0 0 0 0 0 0 0 0 0 0 0 0 0 0 0 0 0 0 0 0 0 0 0 0 0 0 0 0 0 0 0 0 0 0 0 0 0 0 0 0 0 0 0 0 0 0 0 0 0 0 0 0 0 0 0 0 0 0 0 0 0 0 0 0 0 0 0 0 0 0 0 0 0 0 0 0 0 0 0 0 0 0 0 0 0 0 0 0 0 0 0 0 0 0 0 0 0 0 0 0 0 0 0 0 0 0 0 0 0 0 0 0 0 0 0 0 0 0 0 0 0 0 0 0 0 0 0 0 0 0 0 0 0 0 0 0 0 0 0 0 0 0 0 0 0 0 0 0 0 0 0 0 0 0 0 0 0 0 0 0 0 0 0 0 0 0 0 0 0 0 0 0 0 0 0 0 0 0 0 0 0 0 0 0 0 0 0 0 0 0 0 0 0 0 0 0 0 0 0 0 0 0 0 0 0 0 0 0 0 0 0 0 0 0 0 0 0 0 0 
0 0 0 0 0 0 0 0 0 0 0 0 0 0 0 0 0 0 0 0 0 0 0 0 0 0 0 0 0 0 0 0 0 0 0 0 0 0 0 0 0 0 0 0 0 0 0 0 0 0 0 0 0 0 0 0 0 0 0 0 0 0 0 0 0 0 0 0 0 0 0 0 0 0 0 0 0 0 0 0 0 0 0 0 0 0 0 0 0 0 0 0 0 0 0 0 0 0 0 0 0 0 0 0 0 0 0 0 0 0 0 0 0 0 0 0 0 0 0 0 0 0 0 0 0 0 0 0 0 0 0 0 0 0 0 0 0 0 0 0 0 0 0 0 0 0 0 0 0 0 0 0 0 0 0 0 0 0 0 0 0 0 0 0 0 0 0 0 0 0 0 0 0 0 0 0 0 0 0 0 0 0 0 0 0 0 0 0 0 0 0 0 0 0 0 0 0 0 0 0 0 0 0 0 0 0 0 0 0 0 0 0 0 0 0 0 0 0 0 0 0 0 0 0 0 0 0 0 0 0 0 0 0 0 0 0 0 0 0 0 0 0 0 0 0 0 0 0 0 0 0 0 0 0 0 0 
0 0 0 0 0 0 0 0 0 0 0 0 0 0 0 0 0 0 0 0 0 0 0 0 0 0 0 0 0 0 0 0 0 0 0 0 0 0 0 0 0 0 0 0 0 0 0 0 0 0 0 0 0 0 0 0 0 0 0 0 0 0 0 0 0 0 0 0 0 0 0 0 0 0 0 0 0 0 0 0 0 0 0 0 0 0 0 0 0 0 0 0 0 0 0 0 0 0 0 0 0 0 0 0 0 0 0 0 0 0 0 0 0 0 0 0 0 0 0 0 0 0 0 0 0 0 0 0 0 0 0 0 0 0 0 0 0 0 0 0 0 0 0 0 0 0 0 0 0 0 0 0 0 0 0 0 0 0 0 0 0 0 0 0 0 0 0 0 0 0 0 0 0 0 0 0 0 0 0 0 0 0 0 0 0 0 0 0 0 0 0 0 0 0 0 0 0 0 0 0 0 0 0 0 0 0 0 0 0 0 0 0 0 0 0 0 0 0 0 0 0 0 0 0 0 0 0 0 0 0 0 0 0 0 0 0 0 0 0 0 0 0 0 0 0 0 0 0 0 0 0 0 0 0 0 0 
0 0 0 0 0 0 0 0 0 0 0 0 0 0 0 0 0 0 0 0 0 0 0 0 0 0 0 0 0 0 0 0 0 0 0 0 0 0 0 0 0 0 0 0 0 0 0 0 0 0 0 0 0 0 0 0 0 0 0 0 0 0 0 0 0 0 0 0 0 0 0 0 0 0 0 0 0 0 0 0 0 0 0 0 0 0 0 0 0 0 0 0 0 0 0 0 0 0 0 0 0 0 0 0 0 0 0 0 0 0 0 0 0 0 0 0 0 0 0 0 0 0 0 0 0 0 0 0 0 0 0 0 0 0 0 0 0 0 0 0 0 0 0 0 0 0 0 0 0 0 0 0 0 0 0 0 0 0 0 0 0 0 0 0 0 0 0 0 0 0 0 0 0 0 0 0 0 0 0 0 0 0 0 0 0 0 0 0 0 0 0 0 0 0 0 0 0 0 0 0 0 0 0 0 0 0 0 0 0 0 0 0 0 0 0 0 0 0 0 0 0 0 0 0 0 0 0 0 0 0 0 0 0 0 0 0 0 0 0 0 0 0 0 0 0 0 0 0 0 0 0 0 0 0 0 0 
0 0 0 0 0 0 0 0 0 0 0 0 0 0 0 0 0 0 0 0 0 0 0 0 0 0 0 0 0 0 0 0 0 0 0 0 0 0 0 0 0 0 0 0 0 0 0 0 0 0 0 0 0 0 0 0 0 0 0 0 0 0 0 0 0 0 0 0 0 0 0 0 0 0 0 0 0 0 0 0 0 0 0 0 0 0 0 0 0 0 0 0 0 0 0 0 0 0 0 0 0 0 0 0 0 0 0 0 0 0 0 0 0 0 0 0 0 0 0 0 0 0 0 0 0 0 0 0 0 0 0 0 0 0 0 0 0 0 0 0 0 0 0 0 0 0 0 0 0 0 0 0 0 0 0 0 0 0 0 0 0 0 0 0 0 0 0 0 0 0 0 0 0 0 0 0 0 0 0 0 0 0 0 0 0 0 0 0 0 0 0 0 0 0 0 0 0 0 0 0 0 0 0 0 0 0 0 0 0 0 0 0 0 0 0 0 0 0 0 0 0 0 0 0 0 0 0 0 0 0 0 0 0 0 0 0 0 0 0 0 0 0 0 0 0 0 0 0 0 0 0 0 0 0 0 0 
0 0 0 0 0 0 0 0 0 0 0 0 0 0 0 0 0 0 0 0 0 0 0 0 0 0 0 0 0 0 0 0 0 0 0 0 0 0 0 0 0 0 0 0 0 0 0 0 0 0 0 0 0 0 0 0 0 0 0 0 0 0 0 0 0 0 0 0 0 0 0 0 0 0 0 0 0 0 0 0 0 0 0 0 0 0 0 0 0 0 0 0 0 0 0 0 0 0 0 0 0 0 0 0 0 0 0 0 0 0 0 0 0 0 0 0 0 0 0 0 0 0 0 0 0 0 0 0 0 0 0 0 0 0 0 0 0 0 0 0 0 0 0 0 0 0 0 0 0 0 0 0 0 0 0 0 0 0 0 0 0 0 0 0 0 0 0 0 0 0 0 0 0 0 0 0 0 0 0 0 0 0 0 0 0 0 0 0 0 0 0 0 0 0 0 0 0 0 0 0 0 0 0 0 0 0 0 0 0 0 0 0 0 0 0 0 0 0 0 0 0 0 0 0 0 0 0 0 0 0 0 0 0 0 0 0 0 0 0 0 0 0 0 0 0 0 0 0 0 0 0 0 0 0 0 0 
0 0 0 0 0 0 0 0 0 0 0 0 0 0 0 0 0 0 0 0 0 0 0 0 0 0 0 0 0 0 0 0 0 0 0 0 0 0 0 0 0 0 0 0 0 0 0 0 0 0 0 0 0 0 0 0 0 0 0 0 0 0 0 0 0 0 0 0 0 0 0 0 0 0 0 0 0 0 0 0 0 0 0 0 0 0 0 0 0 0 0 0 0 0 0 0 0 0 1 0 0 0 0 0 0 0 0 0 0 0 0 0 0 0 0 0 0 0 0 0 0 0 0 0 0 0 0 0 0 0 0 0 0 0 0 0 0 0 0 0 0 0 0 0 0 0 0 0 0 0 0 0 0 0 0 0 0 0 0 0 0 0 0 0 0 0 0 0 0 0 0 0 0 0 0 0 0 0 0 0 0 0 0 0 0 0 0 0 0 0 0 0 0 0 0 0 0 0 0 0 0 0 0 0 0 0 0 0 0 0 0 0 0 0 0 0 0 0 0 0 0 0 0 0 0 0 0 0 0 0 0 0 0 0 0 0 0 0 0 0 0 0 0 0 0 0 0 0 0 0 0 0 0 0 0 0 
0 0 0 0 0 0 0 0 0 0 0 0 0 0 0 0 0 0 0 0 0 0 0 0 0 0 0 0 0 0 0 0 0 0 0 0 0 0 0 0 0 0 0 0 0 0 0 0 0 0 0 0 0 0 0 0 0 0 0 0 0 0 0 0 0 0 0 0 0 0 0 0 0 0 0 0 0 0 0 0 0 0 0 0 0 0 0 0 0 0 0 0 0 0 0 1 0 0 0 0 0 0 0 0 0 0 0 0 0 0 0 0 0 0 0 0 0 0 0 0 0 0 0 0 0 0 0 0 1 0 0 0 0 0 0 0 0 0 0 0 0 0 0 0 0 0 0 0 0 0 0 0 0 0 0 0 0 0 0 0 0 0 0 0 0 0 0 0 0 0 0 0 0 0 0 0 0 0 0 0 0 0 0 0 0 0 0 0 0 0 0 0 0 0 0 0 0 0 0 0 0 0 0 0 0 0 0 0 0 0 0 0 0 0 0 0 0 0 0 0 0 0 0 0 0 0 0 0 0 0 0 0 0 0 0 0 0 0 0 0 0 0 0 0 0 0 0 0 0 0 0 0 0 0 0 0 
0 0 0 0 0 0 0 0 0 0 0 0 0 0 0 0 0 0 0 0 0 0 0 0 0 0 0 0 0 0 0 0 0 0 0 0 0 0 0 0 0 0 0 0 0 0 0 0 0 0 0 0 0 0 0 0 0 0 0 0 0 0 0 0 0 0 0 0 0 0 0 0 0 0 0 0 0 0 0 0 0 0 0 0 0 0 0 0 0 0 0 0 0 0 0 0 0 0 0 0 0 0 0 0 0 0 0 0 0 0 0 0 0 0 0 0 0 0 0 0 0 0 0 0 0 0 0 0 0 0 0 0 0 0 0 0 0 0 0 0 0 0 0 0 0 0 0 0 0 0 0 0 0 0 0 0 0 0 0 0 0 0 0 0 0 0 0 0 0 0 0 0 0 0 0 0 0 0 0 0 0 0 0 0 0 0 0 0 0 0 0 0 0 0 0 0 0 0 0 0 0 0 0 0 0 0 0 0 0 0 0 0 0 0 0 0 0 0 0 0 0 0 0 0 0 0 0 0 0 0 0 0 0 0 0 0 0 0 0 0 0 0 0 0 0 0 0 0 0 0 0 0 0 0 0 0 
0 0 0 0 0 0 0 0 0 0 0 0 0 0 0 0 0 0 0 0 0 0 0 0 0 0 0 0 0 0 0 0 0 0 0 0 0 0 0 0 0 0 0 0 0 0 0 0 0 0 0 0 0 0 0 0 0 0 0 0 0 0 0 0 0 0 0 0 0 0 0 0 0 0 0 0 0 0 0 0 0 0 0 0 0 0 0 0 0 0 0 0 0 0 0 0 0 0 0 0 0 0 0 0 0 0 0 0 0 0 0 0 0 0 0 0 0 0 0 0 0 0 0 0 0 0 0 0 0 0 0 0 0 0 0 0 0 0 0 0 0 0 0 0 0 0 0 0 0 0 0 0 0 0 0 0 0 0 0 0 0 0 0 0 0 0 0 0 0 0 0 0 0 0 0 0 0 0 0 0 0 0 0 0 0 0 0 0 0 0 0 0 0 0 0 0 0 0 0 0 0 0 0 0 0 0 0 0 0 0 0 0 0 0 0 0 0 0 0 0 0 0 0 0 0 0 0 0 0 0 0 0 0 0 0 0 0 0 0 0 0 0 0 0 0 0 0 0 0 0 0 0 0 0 0 0 
0 0 0 0 0 0 0 0 0 0 0 0 0 0 0 0 0 0 0 0 0 0 0 0 0 0 0 0 0 0 0 0 0 0 0 0 0 0 0 0 0 0 0 0 0 0 0 0 0 0 0 0 0 0 0 0 0 0 0 0 0 0 0 0 0 0 0 0 0 0 0 0 0 0 0 0 0 0 0 0 0 0 0 0 0 0 0 0 0 0 0 0 0 0 0 0 0 0 0 0 0 0 0 0 0 0 0 0 0 0 0 0 1 0 0 0 0 0 0 0 0 0 0 0 0 0 0 0 0 0 0 0 0 0 0 0 0 0 0 0 0 0 0 0 0 0 0 0 0 0 0 0 0 0 0 0 0 0 0 0 0 0 0 0 0 0 0 0 0 0 0 0 0 0 0 0 0 0 0 0 0 0 0 0 0 0 0 0 0 0 0 0 0 0 0 0 0 0 0 0 0 0 0 0 0 0 0 0 0 0 0 0 0 0 0 0 0 0 0 0 0 0 0 0 0 0 0 0 0 0 0 0 0 0 0 0 0 0 0 0 0 0 0 0 0 0 0 0 0 0 0 0 0 0 0 0 
0 0 0 0 0 0 0 0 0 0 0 0 0 0 0 0 0 0 0 0 0 0 0 0 0 0 0 0 0 0 0 0 0 0 0 0 0 0 0 0 0 0 0 0 0 0 0 0 0 0 0 0 0 0 0 0 0 0 0 0 0 0 0 0 0 0 0 0 0 0 0 0 0 0 0 0 0 0 0 0 0 0 0 0 0 0 0 0 0 0 0 0 0 0 0 0 0 0 0 0 0 0 0 0 0 0 0 0 0 0 0 0 0 0 0 0 0 0 0 0 0 0 0 0 0 0 0 0 0 0 0 0 0 0 0 0 0 0 0 0 0 0 0 0 0 0 0 0 0 0 0 0 0 0 0 0 0 0 0 0 0 0 0 0 0 0 0 0 0 0 0 0 0 0 0 0 0 0 0 0 0 0 0 0 0 0 0 0 0 0 0 0 0 0 0 0 0 0 0 0 0 0 0 0 0 0 0 0 0 0 0 0 0 0 0 0 0 0 0 0 0 0 0 0 0 0 0 0 0 0 0 0 0 0 0 0 0 0 0 0 0 0 0 0 0 0 0 0 0 0 0 0 0 0 0 0 
0 0 0 0 0 0 0 0 0 0 0 0 0 0 0 0 0 0 0 0 0 0 0 0 0 0 0 0 0 0 0 0 0 0 0 0 0 0 0 0 0 0 0 0 0 0 0 0 0 0 0 0 0 0 0 0 0 0 0 0 0 0 0 0 0 0 0 0 0 0 0 0 0 0 0 0 0 0 0 0 0 0 0 0 0 0 0 0 0 0 0 0 0 0 0 0 0 0 0 0 0 0 0 0 1 0 0 0 0 0 0 0 0 0 0 0 0 0 0 0 0 0 0 0 0 0 0 0 0 0 0 0 0 0 0 0 0 0 0 0 0 0 0 1 0 0 0 0 0 0 0 0 0 0 0 0 0 0 0 0 0 0 0 0 0 0 0 0 0 0 0 0 0 0 0 0 0 0 0 0 0 0 0 0 0 0 0 0 0 0 0 0 0 0 0 0 0 0 0 0 0 0 0 0 0 0 0 0 0 0 0 0 0 0 0 0 0 0 0 0 0 0 0 0 0 0 0 0 0 0 0 0 0 0 0 0 0 0 0 0 0 0 0 0 0 0 0 0 0 0 0 0 0 0 0 0 
0 0 0 0 0 0 0 0 0 0 0 0 0 0 0 0 0 0 0 0 0 0 0 0 0 0 0 0 0 0 0 0 0 0 0 0 0 0 0 0 0 0 0 0 0 0 0 0 0 0 0 0 0 0 0 0 0 0 0 0 0 0 0 0 0 0 0 0 0 0 0 0 0 0 0 0 0 0 0 0 0 0 0 0 0 0 0 0 0 0 0 0 0 0 0 0 1 0 0 0 0 0 0 0 0 0 0 0 0 0 0 0 0 0 0 0 0 0 0 0 0 0 0 0 0 0 0 0 0 0 0 0 0 0 0 0 0 0 0 0 1 0 0 0 0 0 0 0 0 0 0 0 0 0 0 0 0 0 0 0 0 0 0 0 0 0 0 0 0 0 0 0 0 0 0 0 0 0 0 0 0 0 0 0 0 0 0 0 0 0 0 0 0 0 0 0 0 0 0 0 0 0 0 0 0 0 0 0 0 0 0 0 0 0 0 0 0 0 0 0 0 0 0 0 0 0 0 0 0 0 0 0 0 0 0 0 0 0 0 0 0 0 0 0 0 0 0 0 0 0 0 0 0 0 0 0 
0 0 0 0 0 0 0 0 0 0 0 0 0 0 0 0 0 0 0 0 0 0 0 0 0 0 0 0 0 0 0 0 0 0 0 0 0 0 0 0 0 0 0 0 0 0 0 0 0 0 0 0 0 0 0 0 0 0 0 0 0 0 0 0 0 0 0 0 0 0 0 0 0 0 0 0 0 0 0 0 0 0 0 0 0 0 0 0 0 0 0 0 0 0 0 0 0 0 0 0 0 0 0 0 0 0 0 0 0 0 0 0 0 0 1 0 0 0 0 0 0 0 0 0 0 0 0 1 0 0 0 0 0 1 1 0 0 0 0 0 0 0 0 1 0 0 0 0 1 0 0 0 0 0 0 0 0 0 0 0 0 0 0 0 0 0 0 0 0 0 0 0 0 0 0 0 0 0 0 0 0 0 0 0 0 0 0 0 0 0 0 0 0 0 0 0 0 0 0 0 0 0 0 0 0 0 0 0 0 0 0 0 0 0 0 0 0 0 0 0 0 0 0 0 0 0 0 0 0 0 0 0 0 0 0 0 0 0 0 0 0 0 0 0 0 0 0 0 0 0 0 0 0 0 0 0 
0 0 0 0 0 0 0 0 0 0 0 0 0 0 0 0 0 0 0 0 0 0 0 0 0 0 0 0 0 0 0 0 0 0 0 0 0 0 0 0 0 0 0 0 0 0 0 0 0 0 0 0 0 0 0 0 0 0 0 0 0 0 0 0 0 0 0 0 0 0 0 0 0 0 0 0 0 0 0 0 0 0 0 0 0 0 0 0 0 0 0 0 0 0 0 0 0 1 0 0 0 1 0 0 0 0 0 0 0 0 0 1 0 1 0 0 0 0 0 0 0 0 0 0 0 0 0 1 0 0 1 0 0 0 0 0 0 0 0 0 0 0 0 0 0 0 0 0 0 0 0 0 0 0 0 0 0 0 0 0 0 0 0 0 1 0 0 0 0 0 0 0 0 0 0 0 0 0 0 0 0 0 0 0 0 0 0 0 0 0 0 0 0 0 0 0 0 0 0 0 0 0 0 0 0 0 0 0 0 0 0 0 0 0 0 0 0 0 0 0 0 0 0 0 0 0 0 0 0 0 0 0 0 0 0 0 0 0 0 0 0 0 0 0 0 0 0 0 0 0 0 0 0 0 0 0 
0 0 0 0 0 0 0 0 0 0 0 0 0 0 0 0 0 0 0 0 0 0 0 0 0 0 0 0 0 0 0 0 0 0 0 0 0 0 0 0 0 0 0 0 0 0 0 0 0 0 0 0 0 0 0 0 0 0 0 0 0 0 0 0 0 0 0 0 0 0 0 0 0 0 0 0 0 0 0 0 0 0 0 0 0 0 0 0 0 0 0 0 0 0 0 0 0 0 0 0 0 0 0 0 0 0 0 0 0 0 0 0 0 0 0 0 0 0 0 0 0 0 0 0 0 0 0 0 0 0 0 0 0 0 0 0 0 0 0 0 0 0 0 0 0 0 0 0 0 0 0 0 0 0 0 0 1 0 0 0 0 0 0 0 0 0 0 0 0 0 0 0 0 0 0 0 0 0 0 0 0 0 0 0 0 0 0 0 0 0 0 0 0 0 0 0 0 0 0 0 0 0 0 0 0 0 0 0 0 0 0 0 0 0 0 0 0 0 0 0 0 0 0 0 0 0 0 0 0 0 0 0 0 0 0 0 0 0 0 0 0 0 0 0 0 0 0 0 0 0 0 0 0 0 0 0 
0 0 0 0 0 0 0 0 0 0 0 0 0 0 0 0 0 0 0 0 0 0 0 0 0 0 0 0 0 0 0 0 0 0 0 0 0 0 0 0 0 0 0 0 0 0 0 0 0 0 0 0 0 0 0 0 0 0 0 0 0 0 0 0 0 0 0 0 0 0 0 0 0 0 0 0 0 0 0 0 0 0 0 0 0 0 0 0 0 0 0 0 0 0 0 0 0 1 0 1 0 0 0 0 0 0 1 0 0 0 0 0 0 0 0 0 0 0 0 0 1 0 0 0 0 0 0 0 0 0 0 0 1 0 0 0 0 0 0 0 0 0 0 1 0 0 0 0 0 0 0 0 0 0 0 0 0 0 0 0 0 0 0 0 0 0 0 0 0 0 0 0 0 0 0 0 0 0 0 0 0 0 0 0 0 0 0 0 0 0 0 0 0 0 0 0 0 0 0 0 0 0 0 0 0 0 0 0 0 0 0 0 0 0 0 0 0 0 0 0 0 0 0 0 0 0 0 0 0 0 0 0 0 0 0 0 0 0 0 0 0 0 0 0 0 0 0 0 0 0 0 0 0 0 0 0 
0 0 0 0 0 0 0 0 0 0 0 0 0 0 0 0 0 0 0 0 0 0 0 0 0 0 0 0 0 0 0 0 0 0 0 0 0 0 0 0 0 0 0 0 0 0 0 0 0 0 0 0 0 0 0 0 0 0 0 0 0 0 0 0 0 0 0 0 0 0 0 0 0 0 0 0 0 0 0 0 0 0 0 0 0 0 0 0 0 0 0 1 0 0 0 0 0 0 0 0 1 0 0 0 0 0 0 0 0 0 0 0 0 1 0 0 2 0 0 0 0 0 0 0 0 0 0 0 0 0 0 1 0 1 0 0 0 0 0 0 0 0 0 0 0 0 0 0 0 0 1 0 0 0 0 0 0 0 0 0 0 0 0 0 0 0 0 0 0 0 0 0 0 0 0 0 0 0 0 0 0 0 0 0 0 0 0 0 0 0 0 0 0 0 0 0 0 0 0 0 0 0 0 0 0 0 0 0 0 0 0 0 0 0 0 0 0 0 0 0 0 0 0 0 0 0 0 0 0 0 0 0 0 0 0 0 0 0 0 0 0 0 0 0 0 0 0 0 0 0 0 0 0 0 0 0 
0 0 0 0 0 0 0 0 0 0 0 0 0 0 0 0 0 0 0 0 0 0 0 0 0 0 0 0 0 0 0 0 0 0 0 0 0 0 0 0 0 0 0 0 0 0 0 0 0 0 0 0 0 0 0 0 0 0 0 0 0 0 0 0 0 0 0 0 0 0 0 0 0 0 0 0 0 0 0 0 0 0 0 0 0 0 0 0 0 0 1 0 0 0 0 0 0 1 0 1 0 0 0 0 0 0 0 0 0 0 0 0 0 0 0 0 0 0 0 0 0 1 2 0 0 0 0 0 0 0 1 0 0 0 0 1 0 0 0 0 0 0 0 0 0 0 0 0 0 0 0 0 0 0 0 0 0 0 0 0 0 0 0 0 0 0 0 0 0 0 0 0 0 0 0 0 0 0 0 0 0 0 0 0 0 0 0 0 0 0 0 0 0 0 0 0 0 0 0 0 0 0 0 0 0 0 0 0 0 0 0 0 0 0 0 0 0 0 0 0 0 0 0 0 0 0 0 0 0 0 0 0 0 0 0 0 0 0 0 0 0 0 0 0 0 0 0 0 0 0 0 0 0 0 0 0 
0 0 0 0 0 0 0 0 0 0 0 0 0 0 0 0 0 0 0 0 0 0 0 0 0 0 0 0 0 0 0 0 0 0 0 0 0 0 0 0 0 0 0 0 0 0 0 0 0 0 0 0 0 0 0 0 0 0 0 0 0 0 0 0 0 0 0 0 0 0 0 0 0 0 0 0 0 0 0 0 0 0 0 0 0 0 0 0 0 0 0 0 0 0 0 1 0 0 0 0 1 0 0 0 0 1 0 1 0 0 0 0 0 0 0 0 0 1 0 0 1 0 0 1 0 0 1 0 0 0 0 1 0 0 0 0 1 0 0 0 0 0 0 0 0 0 0 1 0 0 0 0 0 0 0 0 0 0 0 0 0 0 0 0 0 0 0 0 0 0 0 0 0 0 0 0 0 0 0 0 0 0 0 0 0 0 0 0 0 0 0 0 0 0 0 0 0 0 0 0 0 0 0 0 0 0 0 0 0 0 0 0 0 0 0 0 0 0 0 0 0 0 0 0 0 0 0 0 0 0 0 0 0 0 0 0 0 0 0 0 0 0 0 0 0 0 0 0 0 0 0 0 0 0 0 0 
0 0 0 0 0 0 0 0 0 0 0 0 0 0 0 0 0 0 0 0 0 0 0 0 0 0 0 0 0 0 0 0 0 0 0 0 0 0 0 0 0 0 0 0 0 0 0 0 0 0 0 0 0 0 0 0 0 0 0 0 0 0 0 0 0 0 0 0 0 0 0 0 0 0 0 0 0 0 0 0 0 0 0 0 0 0 0 0 0 0 0 0 0 0 0 0 0 1 0 0 0 1 0 0 0 1 0 1 0 0 0 0 1 0 0 0 0 1 0 0 0 0 0 0 0 0 0 0 0 0 0 1 0 0 1 0 0 1 1 0 0 0 0 0 0 0 0 0 0 0 0 0 0 1 0 0 0 0 0 0 0 0 0 0 0 0 0 0 0 0 0 0 0 0 0 0 0 0 0 0 0 0 0 0 0 0 0 0 0 0 0 0 0 0 0 0 0 0 0 0 0 0 0 0 0 0 0 0 0 0 0 0 0 0 0 0 0 0 0 0 0 0 0 0 0 0 0 0 0 0 0 0 0 0 0 0 0 0 0 0 0 0 0 0 0 0 0 0 0 0 0 0 0 0 0 0 
0 0 0 0 0 0 0 0 0 0 0 0 0 0 0 0 0 0 0 0 0 0 0 0 0 0 0 0 0 0 0 0 0 0 0 0 0 0 0 0 0 0 0 0 0 0 0 0 0 0 0 0 0 0 0 0 0 0 0 0 0 0 0 0 0 0 0 0 0 0 0 0 0 0 0 0 0 0 0 0 0 0 0 0 0 0 0 0 0 0 0 0 0 0 0 0 0 0 0 0 1 0 0 0 0 0 0 0 1 0 0 0 0 1 0 0 1 0 0 1 0 0 0 0 1 0 0 1 0 1 0 0 0 0 0 0 0 1 0 0 0 0 0 1 0 0 1 0 0 0 0 0 0 0 0 0 0 0 0 1 0 0 0 0 0 0 0 0 0 0 0 0 0 0 0 0 0 0 0 0 0 0 0 0 0 0 0 0 0 0 0 0 0 0 0 0 0 0 0 0 0 0 0 0 0 0 0 0 0 0 0 0 0 0 0 0 0 0 0 0 0 0 0 0 0 0 0 0 0 0 0 0 0 0 0 0 0 0 0 0 0 0 0 0 0 0 0 0 0 0 0 0 0 0 0 0 
0 0 0 0 0 0 0 0 0 0 0 0 0 0 0 0 0 0 0 0 0 0 0 0 0 0 0 0 0 0 0 0 0 0 0 0 0 0 0 0 0 0 0 0 0 0 0 0 0 0 0 0 0 0 0 0 0 0 0 0 0 0 0 0 0 0 0 0 0 0 0 0 0 0 0 0 0 0 0 0 0 0 0 0 0 0 0 0 0 0 0 0 0 0 0 0 0 0 0 0 0 1 0 0 0 0 0 0 0 0 0 0 0 0 1 0 0 0 0 0 0 0 1 0 0 0 0 0 0 0 0 0 0 0 0 0 0 0 0 0 0 0 0 0 0 0 0 0 0 0 0 0 0 0 0 0 0 0 0 0 0 0 0 0 0 0 0 0 0 0 0 0 0 0 0 0 0 0 0 0 0 0 0 0 0 0 0 0 0 0 0 0 0 0 0 0 0 0 0 0 0 0 0 0 0 0 0 0 0 0 0 0 0 0 0 0 0 0 0 0 0 0 0 0 0 0 0 0 0 0 0 0 0 0 0 0 0 0 0 0 0 0 0 0 0 0 0 0 0 0 0 0 0 0 0 0 
0 0 0 0 0 0 0 0 0 0 0 0 0 0 0 0 0 0 0 0 0 0 0 0 0 0 0 0 0 0 0 0 0 0 0 0 0 0 0 0 0 0 0 0 0 0 0 0 0 0 0 0 0 0 0 0 0 0 0 0 0 0 0 0 0 0 0 0 0 0 0 0 0 0 0 0 0 0 0 0 0 0 0 0 0 0 0 0 0 0 0 0 0 0 0 0 0 0 0 1 0 0 0 0 0 0 0 0 0 0 0 0 0 0 0 0 0 0 1 0 0 0 0 0 0 0 0 0 0 0 0 0 0 0 0 0 1 0 0 0 0 0 0 1 0 0 0 0 0 0 0 0 0 0 0 0 0 0 1 0 0 0 0 0 0 0 0 0 0 0 0 0 0 0 0 0 0 0 0 0 0 0 0 0 0 0 0 0 0 0 0 0 0 0 0 0 0 0 0 0 0 0 0 0 0 0 0 0 0 0 0 0 0 0 0 0 0 0 0 0 0 0 0 0 0 0 0 0 0 0 0 0 0 0 0 0 0 0 0 0 0 0 0 0 0 0 0 0 0 0 0 0 0 0 0 0 
0 0 0 0 0 0 0 0 0 0 0 0 0 0 0 0 0 0 0 0 0 0 0 0 0 0 0 0 0 0 0 0 0 0 0 0 0 0 0 0 0 0 0 0 0 0 0 0 0 0 0 0 0 0 0 0 0 0 0 0 0 0 0 0 0 0 0 0 0 0 0 0 0 0 0 0 0 0 0 0 0 0 0 0 0 0 0 0 0 0 0 0 0 0 0 0 0 0 0 0 0 0 0 0 0 0 0 0 0 0 0 0 0 0 0 0 0 0 0 0 0 0 0 0 0 0 0 0 0 0 0 0 0 0 1 0 0 0 0 1 1 1 0 0 0 0 0 0 0 0 0 0 0 0 0 0 0 0 0 2 1 0 0 0 0 0 0 0 0 0 0 0 0 0 0 0 0 0 0 0 0 0 0 0 0 0 0 0 0 0 0 0 0 0 0 0 0 0 0 0 0 0 0 0 0 0 0 0 0 0 0 0 0 0 0 0 0 0 0 0 0 0 0 0 0 0 0 0 0 0 0 0 0 0 0 0 0 0 0 0 0 0 0 0 0 0 0 0 0 0 0 0 0 0 0 0 
0 0 0 0 0 0 0 0 0 0 0 0 0 0 0 0 0 0 0 0 0 0 0 0 0 0 0 0 0 0 0 0 0 0 0 0 0 0 0 0 0 0 0 0 0 0 0 0 0 0 0 0 0 0 0 0 0 0 0 0 0 0 0 0 0 0 0 0 0 0 0 0 0 0 0 0 0 0 0 0 0 0 0 0 0 0 0 0 0 0 0 0 0 0 0 0 0 0 0 0 0 0 1 0 0 0 0 0 0 1 0 0 0 1 0 0 0 1 1 0 0 0 1 0 0 0 0 0 0 0 0 0 0 0 0 0 0 0 1 0 0 0 0 0 0 1 0 0 0 0 0 0 0 0 0 0 0 0 0 0 0 0 0 0 0 0 0 0 0 0 0 0 0 0 0 0 0 0 0 0 0 0 0 0 0 0 0 0 0 0 0 0 0 0 0 0 0 0 0 0 0 0 0 0 0 0 0 0 0 0 0 0 0 0 0 0 0 0 0 0 0 0 0 0 0 0 0 0 0 0 0 0 0 0 0 0 0 0 0 0 0 0 0 0 0 0 0 0 0 0 0 0 0 0 0 0 
0 0 0 0 0 0 0 0 0 0 0 0 0 0 0 0 0 0 0 0 0 0 0 0 0 0 0 0 0 0 0 0 0 0 0 0 0 0 0 0 0 0 0 0 0 0 0 0 0 0 0 0 0 0 0 0 0 0 0 0 0 0 0 0 0 0 0 0 0 0 0 0 0 0 0 0 0 0 0 0 0 0 0 0 0 0 0 0 0 0 0 0 0 0 0 0 0 0 0 0 0 0 0 0 0 0 0 1 0 0 0 0 0 0 0 0 0 0 0 0 1 1 0 0 1 0 0 0 0 0 0 0 0 0 0 0 0 0 1 0 0 0 0 0 0 0 0 0 0 0 0 0 0 1 1 0 0 1 0 0 0 0 0 1 1 0 0 0 0 0 0 0 0 0 0 0 0 0 0 0 0 0 0 0 0 0 0 0 0 0 0 0 0 0 0 0 0 0 0 0 0 0 0 0 0 0 0 0 0 0 0 0 0 0 0 0 0 0 0 0 0 0 0 0 0 0 0 0 0 0 0 0 0 0 0 0 0 0 0 0 0 0 0 0 0 0 0 0 0 0 0 0 0 0 0 0 
0 0 0 0 0 0 0 0 0 0 0 0 0 0 0 0 0 0 0 0 0 0 0 0 0 0 0 0 0 0 0 0 0 0 0 0 0 0 0 0 0 0 0 0 0 0 0 0 0 0 0 0 0 0 0 0 0 0 0 0 0 0 0 0 0 0 0 0 0 0 0 0 0 0 0 0 0 0 0 0 0 0 0 0 0 0 0 0 0 1 0 0 0 0 0 0 1 0 0 0 0 1 0 1 0 0 0 1 0 1 0 0 0 0 0 0 1 1 1 0 0 0 0 0 0 0 0 0 0 0 0 1 1 1 0 0 0 0 0 1 1 1 0 0 0 0 0 0 0 0 1 0 0 0 1 0 1 0 1 1 1 0 0 0 0 0 0 0 0 0 0 0 0 0 0 0 0 0 0 0 0 0 0 0 0 0 0 0 0 0 0 0 0 0 0 0 0 0 0 0 0 0 0 0 0 0 0 0 0 0 0 0 0 0 0 0 0 0 0 0 0 0 0 0 0 0 0 0 0 0 0 0 0 0 0 0 0 0 0 0 0 0 0 0 0 0 0 0 0 0 0 0 0 0 0 0 
0 0 0 0 0 0 0 0 0 0 0 0 0 0 0 0 0 0 0 0 0 0 0 0 0 0 0 0 0 0 0 0 0 0 0 0 0 0 0 0 0 0 0 0 0 0 0 0 0 0 0 0 0 0 0 0 0 0 0 0 0 0 0 0 0 0 0 0 0 0 0 0 0 0 0 0 0 0 0 0 0 0 0 0 0 0 0 0 0 0 0 0 0 0 0 0 1 0 0 0 0 0 1 0 0 0 0 0 0 0 0 1 1 0 0 0 0 0 0 0 0 0 0 0 0 0 0 0 0 0 2 0 0 0 0 0 0 1 1 0 0 0 0 1 0 0 0 0 0 0 0 0 0 0 0 1 0 0 1 1 0 0 1 0 0 0 0 1 0 0 0 0 0 0 0 0 0 0 0 0 0 0 0 0 0 0 0 0 0 0 0 0 0 0 0 0 0 0 0 0 0 0 0 0 0 0 0 0 0 0 0 0 0 0 0 0 0 0 0 0 0 0 0 0 0 0 0 0 0 0 0 0 0 0 0 0 0 0 0 0 0 0 0 0 0 0 0 0 0 0 0 0 0 0 0 0 
0 0 0 0 0 0 0 0 0 0 0 0 0 0 0 0 0 0 0 0 0 0 0 0 0 0 0 0 0 0 0 0 0 0 0 0 0 0 0 0 0 0 0 0 0 0 0 0 0 0 0 0 0 0 0 0 0 0 0 0 0 0 0 0 0 0 0 0 0 0 0 0 0 0 0 0 0 0 0 0 0 0 0 0 0 0 0 0 0 0 0 0 1 0 0 1 0 0 0 0 0 0 0 0 0 0 0 1 0 1 1 0 0 2 0 0 2 0 1 2 0 1 1 0 0 1 2 2 0 0 1 1 1 2 0 1 0 1 0 0 0 0 1 0 0 0 0 0 0 0 0 1 0 0 0 1 0 0 0 0 0 0 0 0 0 0 0 0 0 0 0 0 0 0 0 0 0 0 0 0 0 0 0 0 0 0 0 0 0 0 0 0 0 0 0 0 0 0 0 0 0 0 0 0 0 0 0 0 0 0 0 0 0 0 0 0 0 0 0 0 0 0 0 0 0 0 0 0 0 0 0 0 0 0 0 0 0 0 0 0 0 0 0 0 0 0 0 0 0 0 0 0 0 0 0 0 
0 0 0 0 0 0 0 0 0 0 0 0 0 0 0 0 0 0 0 0 0 0 0 0 0 0 0 0 0 0 0 0 0 0 0 0 0 0 0 0 0 0 0 0 0 0 0 0 0 0 0 0 0 0 0 0 0 0 0 0 0 0 0 0 0 0 0 0 0 0 0 0 0 0 0 0 0 0 0 0 0 0 0 0 0 0 0 0 0 0 0 0 1 1 0 1 0 0 0 1 0 0 2 1 1 1 1 2 0 0 1 0 1 0 0 0 0 2 0 0 0 0 0 1 0 0 0 0 0 0 0 0 0 0 0 0 0 0 0 0 1 0 1 0 0 1 0 0 0 1 0 0 0 1 0 0 0 0 0 1 0 1 0 0 0 0 0 0 0 0 0 0 0 0 0 0 0 0 0 0 0 0 0 0 0 0 0 0 0 0 0 0 0 0 0 0 0 0 0 0 0 0 0 0 0 0 0 0 0 0 0 0 0 0 0 0 0 0 0 0 0 0 0 0 0 0 0 0 0 0 0 0 0 0 0 0 0 0 0 0 0 0 0 0 0 0 0 0 0 0 0 0 0 0 0 0 
0 0 0 0 0 0 0 0 0 0 0 0 0 0 0 0 0 0 0 0 0 0 0 0 0 0 0 0 0 0 0 0 0 0 0 0 0 0 0 0 0 0 0 0 0 0 0 0 0 0 0 0 0 0 0 0 0 0 0 0 0 0 0 0 0 0 0 0 0 0 0 0 0 0 0 0 0 0 0 0 0 0 0 0 0 0 0 0 0 0 0 0 0 0 0 0 0 0 1 1 0 0 1 1 0 0 0 1 0 1 0 1 1 3 1 0 1 1 1 1 0 0 0 0 1 0 1 0 1 0 0 0 1 0 1 1 0 1 0 1 0 0 0 0 1 1 0 2 0 0 0 1 1 2 0 0 1 1 0 0 1 1 0 1 0 0 0 0 0 0 0 0 0 0 0 0 0 0 0 0 0 0 0 0 0 0 0 0 0 0 0 0 0 0 0 0 0 0 0 0 0 0 0 0 0 0 0 0 0 0 0 0 0 0 0 0 0 0 0 0 0 0 0 0 0 0 0 0 0 0 0 0 0 0 0 0 0 0 0 0 0 0 0 0 0 0 0 0 0 0 0 0 0 0 0 0 
0 0 0 0 0 0 0 0 0 0 0 0 0 0 0 0 0 0 0 0 0 0 0 0 0 0 0 0 0 0 0 0 0 0 0 0 0 0 0 0 0 0 0 0 0 0 0 0 0 0 0 0 0 0 0 0 0 0 0 0 0 0 0 0 0 0 0 0 0 0 0 0 0 0 0 0 0 0 0 0 0 0 0 0 0 0 0 0 0 0 0 0 0 0 0 0 0 0 2 1 0 0 0 0 2 0 0 0 0 1 1 0 0 0 0 0 1 1 0 0 1 0 0 0 0 0 0 0 0 0 0 0 0 1 1 2 0 0 0 2 1 0 1 2 0 2 0 0 0 0 0 0 0 0 0 1 0 0 0 0 0 0 0 0 1 0 0 0 0 0 0 0 0 0 0 0 0 0 0 0 0 0 0 0 0 0 0 0 0 0 0 0 0 0 0 0 0 0 0 0 0 0 0 0 0 0 0 0 0 0 0 0 0 0 0 0 0 0 0 0 0 0 0 0 0 0 0 0 0 0 0 0 0 0 0 0 0 0 0 0 0 0 0 0 0 0 0 0 0 0 0 0 0 0 0 0 
0 0 0 0 0 0 0 0 0 0 0 0 0 0 0 0 0 0 0 0 0 0 0 0 0 0 0 0 0 0 0 0 0 0 0 0 0 0 0 0 0 0 0 0 0 0 0 0 0 0 0 0 0 0 0 0 0 0 0 0 0 0 0 0 0 0 0 0 0 0 0 0 0 0 0 0 0 0 0 0 0 0 0 0 0 0 0 0 0 0 0 0 0 0 0 0 1 0 0 0 0 0 1 0 0 0 0 0 1 2 0 1 1 0 0 1 0 0 1 0 0 0 1 1 0 0 0 1 1 1 2 0 0 0 4 0 1 1 0 0 0 0 0 2 1 0 3 2 0 0 0 1 1 0 0 0 0 0 0 0 0 1 0 1 0 0 0 0 0 0 0 0 0 0 0 0 0 0 0 0 0 0 0 0 0 0 0 0 0 0 0 0 0 0 0 0 0 0 0 0 0 0 0 0 0 0 0 0 0 0 0 0 0 0 0 0 0 0 0 0 0 0 0 0 0 0 0 0 0 0 0 0 0 0 0 0 0 0 0 0 0 0 0 0 0 0 0 0 0 0 0 0 0 0 0 0 
0 0 0 0 0 0 0 0 0 0 0 0 0 0 0 0 0 0 0 0 0 0 0 0 0 0 0 0 0 0 0 0 0 0 0 0 0 0 0 0 0 0 0 0 0 0 0 0 0 0 0 0 0 0 0 0 0 0 0 0 0 0 0 0 0 0 0 0 0 0 0 0 0 0 0 0 0 0 0 0 0 0 0 0 0 0 0 0 1 1 0 0 0 0 1 0 1 0 0 0 2 0 0 0 1 1 0 1 2 0 0 1 0 3 0 0 0 0 2 0 0 0 1 1 2 0 2 3 0 0 0 1 3 1 0 0 1 0 1 0 2 2 0 0 0 1 1 0 0 1 0 0 1 0 0 0 0 0 0 0 1 0 3 0 0 1 0 0 0 0 0 0 0 0 0 0 0 0 0 0 0 0 0 0 0 0 0 0 0 0 0 0 0 0 0 0 0 0 0 0 0 0 0 0 0 0 0 0 0 0 0 0 0 0 0 0 0 0 0 0 0 0 0 0 0 0 0 0 0 0 0 0 0 0 0 0 0 0 0 0 0 0 0 0 0 0 0 0 0 0 0 0 0 0 0 0 
0 0 0 0 0 0 0 0 0 0 0 0 0 0 0 0 0 0 0 0 0 0 0 0 0 0 0 0 0 0 0 0 0 0 0 0 0 0 0 0 0 0 0 0 0 0 0 0 0 0 0 0 0 0 0 0 0 0 0 0 0 0 0 0 0 0 0 0 0 0 0 0 0 0 0 0 0 0 0 0 0 0 0 0 0 0 0 0 0 0 0 1 0 0 0 0 1 0 1 0 1 0 3 0 0 1 1 1 1 1 1 0 0 1 0 1 0 0 1 2 1 0 0 0 3 4 1 1 0 1 1 3 2 0 1 0 1 3 0 0 0 1 0 0 2 0 2 0 2 1 0 2 0 1 0 2 1 2 2 0 0 0 0 0 0 1 0 0 0 0 0 0 0 0 0 0 0 0 0 0 0 0 0 0 0 0 0 0 0 0 0 0 0 0 0 0 0 0 0 0 0 0 0 0 0 0 0 0 0 0 0 0 0 0 0 0 0 0 0 0 0 0 0 0 0 0 0 0 0 0 0 0 0 0 0 0 0 0 0 0 0 0 0 0 0 0 0 0 0 0 0 0 0 0 0 0 
0 0 0 0 0 0 0 0 0 0 0 0 0 0 0 0 0 0 0 0 0 0 0 0 0 0 0 0 0 0 0 0 0 0 0 0 0 0 0 0 0 0 0 0 0 0 0 0 0 0 0 0 0 0 0 0 0 0 0 0 0 0 0 0 0 0 0 0 0 0 0 0 0 0 0 0 0 0 0 0 0 0 0 0 0 0 0 0 0 0 0 0 0 0 0 0 0 1 0 0 1 2 1 1 0 1 0 2 1 0 0 1 0 1 0 0 2 1 1 1 2 0 0 2 0 1 1 0 0 0 1 1 0 1 2 1 0 0 1 1 1 0 2 1 2 0 0 0 0 0 2 1 0 1 0 0 0 0 1 1 1 1 0 0 0 2 0 0 0 0 0 0 0 0 0 0 0 0 0 0 0 0 0 0 0 0 0 0 0 0 0 0 0 0 0 0 0 0 0 0 0 0 0 0 0 0 0 0 0 0 0 0 0 0 0 0 0 0 0 0 0 0 0 0 0 0 0 0 0 0 0 0 0 0 0 0 0 0 0 0 0 0 0 0 0 0 0 0 0 0 0 0 0 0 0 0 
0 0 0 0 0 0 0 0 0 0 0 0 0 0 0 0 0 0 0 0 0 0 0 0 0 0 0 0 0 0 0 0 0 0 0 0 0 0 0 0 0 0 0 0 0 0 0 0 0 0 0 0 0 0 0 0 0 0 0 0 0 0 0 0 0 0 0 0 0 0 0 0 0 0 0 0 0 0 0 0 0 0 0 0 0 0 0 0 0 0 2 1 1 0 1 1 2 2 2 1 0 1 1 1 0 1 1 2 0 1 1 0 0 1 2 0 0 1 1 1 0 5 1 0 1 0 0 2 0 2 1 1 1 1 0 0 0 3 0 2 1 1 1 0 1 0 0 1 0 1 0 0 0 1 2 1 0 1 1 0 1 2 0 0 0 1 0 0 0 0 0 0 0 0 0 0 0 0 0 0 0 0 0 0 0 0 0 0 0 0 0 0 0 0 0 0 0 0 0 0 0 0 0 0 0 0 0 0 0 0 0 0 0 0 0 0 0 0 0 0 0 0 0 0 0 0 0 0 0 0 0 0 0 0 0 0 0 0 0 0 0 0 0 0 0 0 0 0 0 0 0 0 0 0 0 0 
0 0 0 0 0 0 0 0 0 0 0 0 0 0 0 0 0 0 0 0 0 0 0 0 0 0 0 0 0 0 0 0 0 0 0 0 0 0 0 0 0 0 0 0 0 0 0 0 0 0 0 0 0 0 0 0 0 0 0 0 0 0 0 0 0 0 0 0 0 0 0 0 0 0 0 0 0 0 0 0 0 0 0 0 0 0 0 0 0 0 0 0 1 1 0 0 0 0 0 2 0 1 0 0 1 0 0 0 0 1 1 2 0 2 1 2 0 2 1 1 1 1 1 2 2 2 0 1 1 1 1 0 1 0 1 0 2 0 2 1 1 1 2 1 0 2 0 1 0 1 0 0 4 1 3 0 2 1 0 1 1 0 0 0 0 1 0 0 0 0 0 0 0 0 0 0 0 0 0 0 0 0 0 0 0 0 0 0 0 0 0 0 0 0 0 0 0 0 0 0 0 0 0 0 0 0 0 0 0 0 0 0 0 0 0 0 0 0 0 0 0 0 0 0 0 0 0 0 0 0 0 0 0 0 0 0 0 0 0 0 0 0 0 0 0 0 0 0 0 0 0 0 0 0 0 0 
0 0 0 0 0 0 0 0 0 0 0 0 0 0 0 0 0 0 0 0 0 0 0 0 0 0 0 0 0 0 0 0 0 0 0 0 0 0 0 0 0 0 0 0 0 0 0 0 0 0 0 0 0 0 0 0 0 0 0 0 0 0 0 0 0 0 0 0 0 0 0 0 0 0 0 0 0 0 0 0 0 0 0 0 0 0 0 0 0 0 0 1 0 0 1 1 1 0 1 1 1 2 1 2 0 0 1 1 0 3 1 0 2 0 0 1 0 0 0 1 2 1 0 3 0 1 3 1 1 2 0 0 2 0 3 0 1 1 1 0 0 1 2 4 0 0 1 3 0 1 0 2 0 3 1 0 0 0 1 1 1 1 1 0 1 1 1 0 0 0 0 0 0 0 0 0 0 0 0 0 0 0 0 0 0 0 0 0 0 0 0 0 0 0 0 0 0 0 0 0 0 0 0 0 0 0 0 0 0 0 0 0 0 0 0 0 0 0 0 0 0 0 0 0 0 0 0 0 0 0 0 0 0 0 0 0 0 0 0 0 0 0 0 0 0 0 0 0 0 0 0 0 0 0 0 0 
0 0 0 0 0 0 0 0 0 0 0 0 0 0 0 0 0 0 0 0 0 0 0 0 0 0 0 0 0 0 0 0 0 0 0 0 0 0 0 0 0 0 0 0 0 0 0 0 0 0 0 0 0 0 0 0 0 0 0 0 0 0 0 0 0 0 0 0 0 0 0 0 0 0 0 0 0 0 0 0 0 0 0 0 0 0 0 0 0 0 1 2 0 0 2 1 0 0 2 1 2 0 1 0 1 1 1 2 0 2 1 0 0 2 0 2 0 5 2 3 1 3 1 1 0 1 1 0 1 2 1 2 2 1 3 1 0 3 1 0 1 0 2 3 1 3 1 0 0 0 0 1 1 1 3 0 2 2 0 1 0 0 1 0 0 0 0 0 0 0 0 0 0 0 0 0 0 0 0 0 0 0 0 0 0 0 0 0 0 0 0 0 0 0 0 0 0 0 0 0 0 0 0 0 0 0 0 0 0 0 0 0 0 0 0 0 0 0 0 0 0 0 0 0 0 0 0 0 0 0 0 0 0 0 0 0 0 0 0 0 0 0 0 0 0 0 0 0 0 0 0 0 0 0 0 0 
0 0 0 0 0 0 0 0 0 0 0 0 0 0 0 0 0 0 0 0 0 0 0 0 0 0 0 0 0 0 0 0 0 0 0 0 0 0 0 0 0 0 0 0 0 0 0 0 0 0 0 0 0 0 0 0 0 0 0 0 0 0 0 0 0 0 0 0 0 0 0 0 0 0 0 0 0 0 0 0 0 0 0 0 0 0 0 0 0 1 0 0 1 0 1 0 1 1 1 3 3 3 1 2 0 3 3 1 6 1 2 0 0 0 1 2 1 1 2 0 3 2 1 1 3 1 0 2 0 3 0 2 2 0 3 2 0 1 0 1 1 4 2 0 1 3 0 2 1 0 0 1 0 0 0 1 2 1 2 1 0 1 1 1 1 1 1 1 0 0 0 0 0 0 0 0 0 0 0 0 0 0 0 0 0 0 0 0 0 0 0 0 0 0 0 0 0 0 0 0 0 0 0 0 0 0 0 0 0 0 0 0 0 0 0 0 0 0 0 0 0 0 0 0 0 0 0 0 0 0 0 0 0 0 0 0 0 0 0 0 0 0 0 0 0 0 0 0 0 0 0 0 0 0 0 0 
0 0 0 0 0 0 0 0 0 0 0 0 0 0 0 0 0 0 0 0 0 0 0 0 0 0 0 0 0 0 0 0 0 0 0 0 0 0 0 0 0 0 0 0 0 0 0 0 0 0 0 0 0 0 0 0 0 0 0 0 0 0 0 0 0 0 0 0 0 0 0 0 0 0 0 0 0 0 0 0 0 0 0 0 0 0 0 0 0 0 0 1 0 1 1 1 1 0 0 2 1 0 1 0 1 1 4 0 1 2 0 0 3 0 4 3 2 2 4 1 2 1 2 1 3 2 0 0 0 0 2 0 1 2 1 0 2 1 0 2 1 1 2 1 5 2 0 0 1 2 1 0 2 1 3 1 1 1 2 1 2 0 2 3 0 0 0 0 0 0 0 0 0 0 0 0 0 0 0 0 0 0 0 0 0 0 0 0 0 0 0 0 0 0 0 0 0 0 0 0 0 0 0 0 0 0 0 0 0 0 0 0 0 0 0 0 0 0 0 0 0 0 0 0 0 0 0 0 0 0 0 0 0 0 0 0 0 0 0 0 0 0 0 0 0 0 0 0 0 0 0 0 0 0 0 0 
0 0 0 0 0 0 0 0 0 0 0 0 0 0 0 0 0 0 0 0 0 0 0 0 0 0 0 0 0 0 0 0 0 0 0 0 0 0 0 0 0 0 0 0 0 0 0 0 0 0 0 0 0 0 0 0 0 0 0 0 0 0 0 0 0 0 0 0 0 0 0 0 0 0 0 0 0 0 0 0 0 0 0 0 0 0 0 0 1 1 0 0 2 1 0 2 0 1 4 1 1 1 2 2 4 4 0 0 2 1 1 4 0 2 3 1 0 2 1 1 3 1 1 1 0 1 2 2 1 0 3 1 0 3 0 0 0 0 3 0 0 2 1 0 0 0 0 3 0 0 4 2 1 2 1 1 5 0 1 1 0 0 0 1 1 0 0 0 0 0 0 0 0 0 0 0 0 0 0 0 0 0 0 0 0 0 0 0 0 0 0 0 0 0 0 0 0 0 0 0 0 0 0 0 0 0 0 0 0 0 0 0 0 0 0 0 0 0 0 0 0 0 0 0 0 0 0 0 0 0 0 0 0 0 0 0 0 0 0 0 0 0 0 0 0 0 0 0 0 0 0 0 0 0 0 0 
0 0 0 0 0 0 0 0 0 0 0 0 0 0 0 0 0 0 0 0 0 0 0 0 0 0 0 0 0 0 0 0 0 0 0 0 0 0 0 0 0 0 0 0 0 0 0 0 0 0 0 0 0 0 0 0 0 0 0 0 0 0 0 0 0 0 0 0 0 0 0 0 0 0 0 0 0 0 0 0 0 0 0 0 0 0 0 0 0 1 0 0 1 0 0 0 1 1 4 3 1 1 1 1 1 2 2 2 2 0 2 3 1 1 2 2 0 0 0 1 2 2 2 1 0 0 0 0 0 2 2 3 0 0 2 0 3 0 0 1 2 0 2 0 1 0 2 0 1 2 0 0 4 1 4 0 0 2 1 1 2 2 1 0 0 1 0 1 0 0 0 0 0 0 0 0 0 0 0 0 0 0 0 0 0 0 0 0 0 0 0 0 0 0 0 0 0 0 0 0 0 0 0 0 0 0 0 0 0 0 0 0 0 0 0 0 0 0 0 0 0 0 0 0 0 0 0 0 0 0 0 0 0 0 0 0 0 0 0 0 0 0 0 0 0 0 0 0 0 0 0 0 0 0 0 0 
0 0 0 0 0 0 0 0 0 0 0 0 0 0 0 0 0 0 0 0 0 0 0 0 0 0 0 0 0 0 0 0 0 0 0 0 0 0 0 0 0 0 0 0 0 0 0 0 0 0 0 0 0 0 0 0 0 0 0 0 0 0 0 0 0 0 0 0 0 0 0 0 0 0 0 0 0 0 0 0 0 0 0 0 0 0 0 0 0 0 0 0 0 0 0 2 2 2 2 0 0 0 1 1 1 1 2 4 0 1 1 0 2 1 2 1 1 3 0 2 1 2 2 3 2 0 2 3 1 0 2 2 0 1 0 1 2 1 0 1 3 0 1 2 1 0 2 4 1 2 1 0 0 0 2 0 4 1 1 1 1 2 1 1 0 0 1 1 0 0 0 0 0 0 0 0 0 0 0 0 0 0 0 0 0 0 0 0 0 0 0 0 0 0 0 0 0 0 0 0 0 0 0 0 0 0 0 0 0 0 0 0 0 0 0 0 0 0 0 0 0 0 0 0 0 0 0 0 0 0 0 0 0 0 0 0 0 0 0 0 0 0 0 0 0 0 0 0 0 0 0 0 0 0 0 0 
0 0 0 0 0 0 0 0 0 0 0 0 0 0 0 0 0 0 0 0 0 0 0 0 0 0 0 0 0 0 0 0 0 0 0 0 0 0 0 0 0 0 0 0 0 0 0 0 0 0 0 0 0 0 0 0 0 0 0 0 0 0 0 0 0 0 0 0 0 0 0 0 0 0 0 0 0 0 0 0 0 0 0 0 0 0 0 0 0 2 1 0 0 2 0 0 1 2 0 1 1 0 0 0 0 1 0 0 2 1 4 2 3 0 2 0 2 0 0 0 2 1 0 1 2 0 1 0 0 1 1 1 1 1 0 1 2 3 2 1 3 0 1 1 0 1 1 1 0 0 1 2 1 2 0 0 3 1 2 1 3 0 0 0 2 0 0 1 0 0 0 0 0 0 0 0 0 0 0 0 0 0 0 0 0 0 0 0 0 0 0 0 0 0 0 0 0 0 0 0 0 0 0 0 0 0 0 0 0 0 0 0 0 0 0 0 0 0 0 0 0 0 0 0 0 0 0 0 0 0 0 0 0 0 0 0 0 0 0 0 0 0 0 0 0 0 0 0 0 0 0 0 0 0 0 0 
0 0 0 0 0 0 0 0 0 0 0 0 0 0 0 0 0 0 0 0 0 0 0 0 0 0 0 0 0 0 0 0 0 0 0 0 0 0 0 0 0 0 0 0 0 0 0 0 0 0 0 0 0 0 0 0 0 0 0 0 0 0 0 0 0 0 0 0 0 0 0 0 0 0 0 0 0 0 0 0 0 0 0 0 0 0 0 0 0 0 0 1 0 1 0 0 0 1 1 3 2 2 0 0 2 1 0 3 2 2 2 1 0 0 1 1 1 2 4 3 2 1 3 1 4 0 2 0 3 1 4 1 3 1 1 1 3 3 1 1 1 0 0 1 3 2 0 1 2 1 2 1 3 0 0 1 2 1 2 2 1 0 2 0 0 1 0 0 0 0 0 0 0 0 0 0 0 0 0 0 0 0 0 0 0 0 0 0 0 0 0 0 0 0 0 0 0 0 0 0 0 0 0 0 0 0 0 0 0 0 0 0 0 0 0 0 0 0 0 0 0 0 0 0 0 0 0 0 0 0 0 0 0 0 0 0 0 0 0 0 0 0 0 0 0 0 0 0 0 0 0 0 0 0 0 0 
0 0 0 0 0 0 0 0 0 0 0 0 0 0 0 0 0 0 0 0 0 0 0 0 0 0 0 0 0 0 0 0 0 0 0 0 0 0 0 0 0 0 0 0 0 0 0 0 0 0 0 0 0 0 0 0 0 0 0 0 0 0 0 0 0 0 0 0 0 0 0 0 0 0 0 0 0 0 0 0 0 0 0 0 0 0 0 0 1 0 0 1 1 0 0 2 2 0 1 2 2 5 1 0 1 2 1 3 0 0 1 2 2 5 1 3 3 1 2 2 1 0 2 0 0 2 1 1 1 4 2 1 0 1 0 1 0 1 0 2 0 2 1 0 1 1 1 2 2 2 3 4 1 2 0 2 2 2 0 3 1 0 1 0 1 0 0 1 0 0 0 0 0 0 0 0 0 0 0 0 0 0 0 0 0 0 0 0 0 0 0 0 0 0 0 0 0 0 0 0 0 0 0 0 0 0 0 0 0 0 0 0 0 0 0 0 0 0 0 0 0 0 0 0 0 0 0 0 0 0 0 0 0 0 0 0 0 0 0 0 0 0 0 0 0 0 0 0 0 0 0 0 0 0 0 0 
0 0 0 0 0 0 0 0 0 0 0 0 0 0 0 0 0 0 0 0 0 0 0 0 0 0 0 0 0 0 0 0 0 0 0 0 0 0 0 0 0 0 0 0 0 0 0 0 0 0 0 0 0 0 0 0 0 0 0 0 0 0 0 0 0 0 0 0 0 0 0 0 0 0 0 0 0 0 0 0 0 0 0 0 0 0 0 0 1 0 0 1 0 1 2 2 0 1 1 2 0 0 0 0 2 1 0 2 3 1 0 2 1 0 0 3 3 1 1 3 2 3 1 1 2 0 1 4 0 3 1 1 1 0 3 1 2 1 2 4 1 1 1 2 0 3 3 3 2 2 1 0 0 0 3 2 1 0 2 3 2 1 2 0 0 0 0 0 0 0 0 0 0 0 0 0 0 0 0 0 0 0 0 0 0 0 0 0 0 0 0 0 0 0 0 0 0 0 0 0 0 0 0 0 0 0 0 0 0 0 0 0 0 0 0 0 0 0 0 0 0 0 0 0 0 0 0 0 0 0 0 0 0 0 0 0 0 0 0 0 0 0 0 0 0 0 0 0 0 0 0 0 0 0 0 0 
0 0 0 0 0 0 0 0 0 0 0 0 0 0 0 0 0 0 0 0 0 0 0 0 0 0 0 0 0 0 0 0 0 0 0 0 0 0 0 0 0 0 0 0 0 0 0 0 0 0 0 0 0 0 0 0 0 0 0 0 0 0 0 0 0 0 0 0 0 0 0 0 0 0 0 0 0 0 0 0 0 0 0 0 0 0 0 0 1 0 0 1 0 1 0 0 2 1 0 1 1 4 1 1 0 0 1 1 3 1 1 1 0 2 1 1 2 0 0 3 2 2 1 1 0 1 1 3 1 0 1 2 2 3 0 1 3 1 0 0 1 0 1 1 2 0 0 0 1 3 1 0 1 4 2 2 0 0 3 1 2 2 1 0 2 0 0 0 1 0 0 0 0 0 0 0 0 0 0 0 0 0 0 0 0 0 0 0 0 0 0 0 0 0 0 0 0 0 0 0 0 0 0 0 0 0 0 0 0 0 0 0 0 0 0 0 0 0 0 0 0 0 0 0 0 0 0 0 0 0 0 0 0 0 0 0 0 0 0 0 0 0 0 0 0 0 0 0 0 0 0 0 0 0 0 0 
0 0 0 0 0 0 0 0 0 0 0 0 0 0 0 0 0 0 0 0 0 0 0 0 0 0 0 0 0 0 0 0 0 0 0 0 0 0 0 0 0 0 0 0 0 0 0 0 0 0 0 0 0 0 0 0 0 0 0 0 0 0 0 0 0 0 0 0 0 0 0 0 0 0 0 0 0 0 0 0 0 0 0 0 0 0 0 0 0 0 0 1 0 3 1 0 0 4 1 1 0 1 1 0 0 0 4 2 1 0 2 0 0 3 0 4 0 0 1 0 2 2 0 0 2 3 0 2 2 2 0 1 0 3 4 3 2 2 2 1 2 0 2 1 1 1 1 2 0 3 1 2 0 0 1 2 1 1 0 0 0 2 0 1 1 0 0 0 0 0 0 0 0 0 0 0 0 0 0 0 0 0 0 0 0 0 0 0 0 0 0 0 0 0 0 0 0 0 0 0 0 0 0 0 0 0 0 0 0 0 0 0 0 0 0 0 0 0 0 0 0 0 0 0 0 0 0 0 0 0 0 0 0 0 0 0 0 0 0 0 0 0 0 0 0 0 0 0 0 0 0 0 0 0 0 0 
0 0 0 0 0 0 0 0 0 0 0 0 0 0 0 0 0 0 0 0 0 0 0 0 0 0 0 0 0 0 0 0 0 0 0 0 0 0 0 0 0 0 0 0 0 0 0 0 0 0 0 0 0 0 0 0 0 0 0 0 0 0 0 0 0 0 0 0 0 0 0 0 0 0 0 0 0 0 0 0 0 0 0 0 0 0 0 0 0 0 0 1 1 0 0 1 1 1 1 1 2 0 3 3 3 3 0 3 0 2 1 2 1 1 1 0 0 2 1 1 4 0 2 3 2 2 1 5 3 1 3 1 0 2 1 3 0 0 1 3 1 1 1 3 2 1 3 1 1 2 3 1 4 2 0 2 0 3 3 1 1 0 2 0 1 0 0 0 0 0 0 0 0 0 0 0 0 0 0 0 0 0 0 0 0 0 0 0 0 0 0 0 0 0 0 0 0 0 0 0 0 0 0 0 0 0 0 0 0 0 0 0 0 0 0 0 0 0 0 0 0 0 0 0 0 0 0 0 0 0 0 0 0 0 0 0 0 0 0 0 0 0 0 0 0 0 0 0 0 0 0 0 0 0 0 0 
0 0 0 0 0 0 0 0 0 0 0 0 0 0 0 0 0 0 0 0 0 0 0 0 0 0 0 0 0 0 0 0 0 0 0 0 0 0 0 0 0 0 0 0 0 0 0 0 0 0 0 0 0 0 0 0 0 0 0 0 0 0 0 0 0 0 0 0 0 0 0 0 0 0 0 0 0 0 0 0 0 0 0 0 0 0 0 0 1 0 1 0 0 1 1 2 0 1 2 2 2 2 2 0 0 3 1 1 1 1 3 1 1 1 1 0 0 1 1 0 2 2 2 5 4 1 0 3 0 3 1 0 0 1 1 0 0 0 1 0 3 2 2 5 2 2 0 0 1 2 1 1 1 2 3 3 1 1 4 1 3 1 1 0 0 0 0 0 0 0 0 0 0 0 0 0 0 0 0 0 0 0 0 0 0 0 0 0 0 0 0 0 0 0 0 0 0 0 0 0 0 0 0 0 0 0 0 0 0 0 0 0 0 0 0 0 0 0 0 0 0 0 0 0 0 0 0 0 0 0 0 0 0 0 0 0 0 0 0 0 0 0 0 0 0 0 0 0 0 0 0 0 0 0 0 0 
0 0 0 0 0 0 0 0 0 0 0 0 0 0 0 0 0 0 0 0 0 0 0 0 0 0 0 0 0 0 0 0 0 0 0 0 0 0 0 0 0 0 0 0 0 0 0 0 0 0 0 0 0 0 0 0 0 0 0 0 0 0 0 0 0 0 0 0 0 0 0 0 0 0 0 0 0 0 0 0 0 0 0 0 0 0 0 0 1 1 0 0 0 0 2 1 3 5 2 1 2 2 1 2 1 0 2 2 2 2 2 0 1 2 3 3 0 3 0 3 1 2 3 1 2 4 4 2 3 3 0 3 2 1 2 2 4 3 3 3 4 2 1 2 0 2 5 2 2 4 2 2 2 2 2 1 0 2 1 2 1 2 1 1 0 0 0 0 0 0 0 0 0 0 0 0 0 0 0 0 0 0 0 0 0 0 0 0 0 0 0 0 0 0 0 0 0 0 0 0 0 0 0 0 0 0 0 0 0 0 0 0 0 0 0 0 0 0 0 0 0 0 0 0 0 0 0 0 0 0 0 0 0 0 0 0 0 0 0 0 0 0 0 0 0 0 0 0 0 0 0 0 0 0 0 0 
0 0 0 0 0 0 0 0 0 0 0 0 0 0 0 0 0 0 0 0 0 0 0 0 0 0 0 0 0 0 0 0 0 0 0 0 0 0 0 0 0 0 0 0 0 0 0 0 0 0 0 0 0 0 0 0 0 0 0 0 0 0 0 0 0 0 0 0 0 0 0 0 0 0 0 0 0 0 0 0 0 0 0 0 0 0 0 0 1 0 1 0 0 0 1 1 1 2 1 2 0 0 3 3 7 2 0 1 2 1 3 3 1 0 2 1 3 1 3 1 2 5 0 2 7 1 2 0 4 3 3 2 2 2 0 1 2 4 1 2 4 2 4 3 1 1 1 1 0 1 0 1 1 0 0 6 2 4 2 1 1 3 0 4 1 1 0 0 0 0 0 0 0 0 0 0 0 0 0 0 0 0 0 0 0 0 0 0 0 0 0 0 0 0 0 0 0 0 0 0 0 0 0 0 0 0 0 0 0 0 0 0 0 0 0 0 0 0 0 0 0 0 0 0 0 0 0 0 0 0 0 0 0 0 0 0 0 0 0 0 0 0 0 0 0 0 0 0 0 0 0 0 0 0 0 0 
0 0 0 0 0 0 0 0 0 0 0 0 0 0 0 0 0 0 0 0 0 0 0 0 0 0 0 0 0 0 0 0 0 0 0 0 0 0 0 0 0 0 0 0 0 0 0 0 0 0 0 0 0 0 0 0 0 0 0 0 0 0 0 0 0 0 0 0 0 0 0 0 0 0 0 0 0 0 0 0 0 0 0 0 0 0 0 0 0 0 1 0 2 1 0 1 2 1 2 1 3 1 1 0 2 4 0 2 4 0 1 2 3 1 1 2 2 4 3 2 4 2 2 3 3 0 5 3 0 3 3 1 1 3 4 1 4 2 0 3 3 0 4 3 0 1 2 1 2 3 2 3 1 0 2 1 3 2 0 2 1 0 2 0 0 0 1 0 0 0 0 0 0 0 0 0 0 0 0 0 0 0 0 0 0 0 0 0 0 0 0 0 0 0 0 0 0 0 0 0 0 0 0 0 0 0 0 0 0 0 0 0 0 0 0 0 0 0 0 0 0 0 0 0 0 0 0 0 0 0 0 0 0 0 0 0 0 0 0 0 0 0 0 0 0 0 0 0 0 0 0 0 0 0 0 0 
0 0 0 0 0 0 0 0 0 0 0 0 0 0 0 0 0 0 0 0 0 0 0 0 0 0 0 0 0 0 0 0 0 0 0 0 0 0 0 0 0 0 0 0 0 0 0 0 0 0 0 0 0 0 0 0 0 0 0 0 0 0 0 0 0 0 0 0 0 0 0 0 0 0 0 0 0 0 0 0 0 0 0 0 0 0 0 0 1 0 1 1 2 1 0 2 0 1 1 1 0 3 3 2 2 3 1 1 3 1 2 3 5 3 3 2 3 3 2 0 2 3 4 5 2 1 2 0 1 2 1 2 4 1 3 1 4 3 2 2 4 2 1 2 1 2 1 4 0 2 3 1 2 1 0 1 0 1 1 1 1 1 1 0 1 1 1 0 0 0 0 0 0 0 0 0 0 0 0 0 0 0 0 0 0 0 0 0 0 0 0 0 0 0 0 0 0 0 0 0 0 0 0 0 0 0 0 0 0 0 0 0 0 0 0 0 0 0 0 0 0 0 0 0 0 0 0 0 0 0 0 0 0 0 0 0 0 0 0 0 0 0 0 0 0 0 0 0 0 0 0 0 0 0 0 0 
0 0 0 0 0 0 0 0 0 0 0 0 0 0 0 0 0 0 0 0 0 0 0 0 0 0 0 0 0 0 0 0 0 0 0 0 0 0 0 0 0 0 0 0 0 0 0 0 0 0 0 0 0 0 0 0 0 0 0 0 0 0 0 0 0 0 0 0 0 0 0 0 0 0 0 0 0 0 0 0 0 0 0 0 0 0 0 0 0 2 1 1 0 1 1 1 0 2 5 3 2 0 2 2 1 2 2 4 3 1 1 2 2 2 0 2 0 1 1 3 0 1 0 1 1 0 2 2 1 3 2 1 1 2 3 0 0 1 1 2 1 1 1 1 4 2 5 1 4 1 0 3 1 2 1 1 2 1 5 3 2 0 0 0 1 1 0 0 0 0 0 0 0 0 0 0 0 0 0 0 0 0 0 0 0 0 0 0 0 0 0 0 0 0 0 0 0 0 0 0 0 0 0 0 0 0 0 0 0 0 0 0 0 0 0 0 0 0 0 0 0 0 0 0 0 0 0 0 0 0 0 0 0 0 0 0 0 0 0 0 0 0 0 0 0 0 0 0 0 0 0 0 0 0 0 0 
0 0 0 0 0 0 0 0 0 0 0 0 0 0 0 0 0 0 0 0 0 0 0 0 0 0 0 0 0 0 0 0 0 0 0 0 0 0 0 0 0 0 0 0 0 0 0 0 0 0 0 0 0 0 0 0 0 0 0 0 0 0 0 0 0 0 0 0 0 0 0 0 0 0 0 0 0 0 0 0 0 0 0 0 0 0 0 0 0 0 0 1 0 0 0 3 3 2 5 1 4 1 1 1 1 2 5 4 2 2 2 4 3 1 2 3 2 1 3 1 1 3 2 1 3 3 3 2 6 2 3 2 3 2 1 3 3 2 1 2 1 4 5 1 4 1 2 3 3 2 0 3 5 3 7 2 0 2 4 3 5 0 0 1 1 2 0 0 0 0 0 0 0 0 0 0 0 0 0 0 0 0 0 0 0 0 0 0 0 0 0 0 0 0 0 0 0 0 0 0 0 0 0 0 0 0 0 0 0 0 0 0 0 0 0 0 0 0 0 0 0 0 0 0 0 0 0 0 0 0 0 0 0 0 0 0 0 0 0 0 0 0 0 0 0 0 0 0 0 0 0 0 0 0 0 0 
0 0 0 0 0 0 0 0 0 0 0 0 0 0 0 0 0 0 0 0 0 0 0 0 0 0 0 0 0 0 0 0 0 0 0 0 0 0 0 0 0 0 0 0 0 0 0 0 0 0 0 0 0 0 0 0 0 0 0 0 0 0 0 0 0 0 0 0 0 0 0 0 0 0 0 0 0 0 0 0 0 0 0 0 0 0 0 0 0 1 1 1 2 4 0 1 4 1 5 2 2 4 1 5 3 5 2 6 0 2 1 5 1 6 4 4 2 4 3 2 5 6 3 3 5 2 2 2 4 3 3 3 3 3 0 5 4 3 3 3 2 1 1 1 3 3 3 3 2 1 4 5 2 0 0 3 2 1 2 4 4 1 2 1 0 0 0 0 0 0 0 0 0 0 0 0 0 0 0 0 0 0 0 0 0 0 0 0 0 0 0 0 0 0 0 0 0 0 0 0 0 0 0 0 0 0 0 0 0 0 0 0 0 0 0 0 0 0 0 0 0 0 0 0 0 0 0 0 0 0 0 0 0 0 0 0 0 0 0 0 0 0 0 0 0 0 0 0 0 0 0 0 0 0 0 0 
0 0 0 0 0 0 0 0 0 0 0 0 0 0 0 0 0 0 0 0 0 0 0 0 0 0 0 0 0 0 0 0 0 0 0 0 0 0 0 0 0 0 0 0 0 0 0 0 0 0 0 0 0 0 0 0 0 0 0 0 0 0 0 0 0 0 0 0 0 0 0 0 0 0 0 0 0 0 0 0 0 0 0 0 0 0 0 0 0 0 0 0 2 2 1 1 3 3 4 3 5 2 1 2 1 4 2 5 3 6 2 8 1 0 4 1 5 5 4 2 1 1 3 2 1 3 5 2 5 6 4 4 10 9 3 4 4 4 2 2 2 1 2 4 4 2 5 2 5 3 3 3 2 6 2 2 2 4 1 2 3 2 4 1 2 1 1 0 0 0 0 0 0 0 0 0 0 0 0 0 0 0 0 0 0 0 0 0 0 0 0 0 0 0 0 0 0 0 0 0 0 0 0 0 0 0 0 0 0 0 0 0 0 0 0 0 0 0 0 0 0 0 0 0 0 0 0 0 0 0 0 0 0 0 0 0 0 0 0 0 0 0 0 0 0 0 0 0 0 0 0 0 0 0 0 0 
0 0 0 0 0 0 0 0 0 0 0 0 0 0 0 0 0 0 0 0 0 0 0 0 0 0 0 0 0 0 0 0 0 0 0 0 0 0 0 0 0 0 0 0 0 0 0 0 0 0 0 0 0 0 0 0 0 0 0 0 0 0 0 0 0 0 0 0 0 0 0 0 0 0 0 0 0 0 0 0 0 0 0 0 0 0 0 0 0 2 1 0 1 2 2 2 1 3 0 3 4 3 3 3 2 3 4 3 4 0 4 2 3 3 5 4 1 5 0 1 3 1 5 2 4 6 4 5 4 4 2 3 4 2 4 3 5 3 4 3 3 1 1 2 4 4 2 3 0 2 4 4 4 3 2 3 2 3 4 3 1 4 3 3 1 1 2 0 0 0 0 0 0 0 0 0 0 0 0 0 0 0 0 0 0 0 0 0 0 0 0 0 0 0 0 0 0 0 0 0 0 0 0 0 0 0 0 0 0 0 0 0 0 0 0 0 0 0 0 0 0 0 0 0 0 0 0 0 0 0 0 0 0 0 0 0 0 0 0 0 0 0 0 0 0 0 0 0 0 0 0 0 0 0 0 0 
0 0 0 0 0 0 0 0 0 0 0 0 0 0 0 0 0 0 0 0 0 0 0 0 0 0 0 0 0 0 0 0 0 0 0 0 0 0 0 0 0 0 0 0 0 0 0 0 0 0 0 0 0 0 0 0 0 0 0 0 0 0 0 0 0 0 0 0 0 0 0 0 0 0 0 0 0 0 0 0 0 0 0 0 0 0 0 0 1 2 3 0 0 2 1 1 1 3 6 1 1 1 4 2 5 6 4 5 4 3 2 5 4 2 1 3 4 4 3 8 6 1 4 7 4 1 6 5 4 7 4 5 2 2 1 4 2 3 1 0 2 2 1 6 1 3 3 2 2 4 3 1 4 2 4 2 3 4 2 6 5 1 1 2 0 0 0 1 2 0 0 0 0 0 0 0 0 0 0 0 0 0 0 0 0 0 0 0 0 0 0 0 0 0 0 0 0 0 0 0 0 0 0 0 0 0 0 0 0 0 0 0 0 0 0 0 0 0 0 0 0 0 0 0 0 0 0 0 0 0 0 0 0 0 0 0 0 0 0 0 0 0 0 0 0 0 0 0 0 0 0 0 0 0 0 0 
0 0 0 0 0 0 0 0 0 0 0 0 0 0 0 0 0 0 0 0 0 0 0 0 0 0 0 0 0 0 0 0 0 0 0 0 0 0 0 0 0 0 0 0 0 0 0 0 0 0 0 0 0 0 0 0 0 0 0 0 0 0 0 0 0 0 0 0 0 0 0 0 0 0 0 0 0 0 0 0 0 0 0 0 0 0 0 0 1 3 1 1 3 2 4 3 0 4 2 5 2 3 3 1 3 4 5 2 5 4 4 3 4 3 1 8 4 1 4 5 5 6 3 4 6 2 7 1 3 4 2 4 5 3 0 4 3 7 1 8 2 4 1 2 5 5 1 2 5 4 3 2 1 1 1 4 5 3 5 2 3 3 1 2 1 1 0 0 0 0 0 0 0 0 0 0 0 0 0 0 0 0 0 0 0 0 0 0 0 0 0 0 0 0 0 0 0 0 0 0 0 0 0 0 0 0 0 0 0 0 0 0 0 0 0 0 0 0 0 0 0 0 0 0 0 0 0 0 0 0 0 0 0 0 0 0 0 0 0 0 0 0 0 0 0 0 0 0 0 0 0 0 0 0 0 0 
0 0 0 0 0 0 0 0 0 0 0 0 0 0 0 0 0 0 0 0 0 0 0 0 0 0 0 0 0 0 0 0 0 0 0 0 0 0 0 0 0 0 0 0 0 0 0 0 0 0 0 0 0 0 0 0 0 0 0 0 0 0 0 0 0 0 0 0 0 0 0 0 0 0 0 0 0 0 0 0 0 0 0 0 0 0 0 0 0 1 1 1 4 3 2 0 1 3 3 5 4 5 3 5 1 4 3 5 2 7 4 4 5 4 5 1 4 3 4 5 5 6 2 2 3 2 0 2 4 2 5 2 10 9 3 4 5 5 4 3 2 4 3 1 3 1 1 3 5 4 1 1 4 4 5 5 3 6 4 4 4 3 3 3 1 2 3 0 0 0 0 0 0 0 0 0 0 0 0 0 0 0 0 0 0 0 0 0 0 0 0 0 0 0 0 0 0 0 0 0 0 0 0 0 0 0 0 0 0 0 0 0 0 0 0 0 0 0 0 0 0 0 0 0 0 0 0 0 0 0 0 0 0 0 0 0 0 0 0 0 0 0 0 0 0 0 0 0 0 0 0 0 0 0 0 0 
0 0 0 0 0 0 0 0 0 0 0 0 0 0 0 0 0 0 0 0 0 0 0 0 0 0 0 0 0 0 0 0 0 0 0 0 0 0 0 0 0 0 0 0 0 0 0 0 0 0 0 0 0 0 0 0 0 0 0 0 0 0 0 0 0 0 0 0 0 0 0 0 0 0 0 0 0 0 0 0 0 0 0 0 0 0 0 0 1 2 0 1 2 3 0 4 1 4 3 2 5 4 3 3 2 3 6 3 5 9 4 6 3 7 2 4 8 4 2 3 0 1 5 2 5 4 5 10 2 6 2 0 3 6 2 3 4 3 2 1 2 0 4 4 5 3 4 3 8 3 3 2 8 4 3 3 8 4 3 8 3 0 2 3 2 0 1 1 0 0 0 0 0 0 0 0 0 0 0 0 0 0 0 0 0 0 0 0 0 0 0 0 0 0 0 0 0 0 0 0 0 0 0 0 0 0 0 0 0 0 0 0 0 0 0 0 0 0 0 0 0 0 0 0 0 0 0 0 0 0 0 0 0 0 0 0 0 0 0 0 0 0 0 0 0 0 0 0 0 0 0 0 0 0 0 0 
0 0 0 0 0 0 0 0 0 0 0 0 0 0 0 0 0 0 0 0 0 0 0 0 0 0 0 0 0 0 0 0 0 0 0 0 0 0 0 0 0 0 0 0 0 0 0 0 0 0 0 0 0 0 0 0 0 0 0 0 0 0 0 0 0 0 0 0 0 0 0 0 0 0 0 0 0 0 0 0 0 0 0 0 0 0 0 0 0 2 2 3 0 0 3 2 2 3 3 5 8 8 2 3 7 4 4 5 2 6 4 3 6 5 5 4 2 2 1 3 7 5 2 4 5 1 4 9 3 2 5 7 2 6 6 5 6 2 4 3 3 5 0 5 2 3 1 3 2 4 4 4 2 2 4 5 2 2 2 6 3 5 1 2 1 1 2 3 0 0 0 0 0 0 0 0 0 0 0 0 0 0 0 0 0 0 0 0 0 0 0 0 0 0 0 0 0 0 0 0 0 0 0 0 0 0 0 0 0 0 0 0 0 0 0 0 0 0 0 0 0 0 0 0 0 0 0 0 0 0 0 0 0 0 0 0 0 0 0 0 0 0 0 0 0 0 0 0 0 0 0 0 0 0 0 0 
0 0 0 0 0 0 0 0 0 0 0 0 0 0 0 0 0 0 0 0 0 0 0 0 0 0 0 0 0 0 0 0 0 0 0 0 0 0 0 0 0 0 0 0 0 0 0 0 0 0 0 0 0 0 0 0 0 0 0 0 0 0 0 0 0 0 0 0 0 0 0 0 0 0 0 0 0 0 0 0 0 0 0 0 0 0 0 1 1 0 1 5 1 4 2 6 4 5 3 3 5 3 3 3 5 6 3 4 3 1 3 5 4 5 4 2 4 4 3 6 3 3 4 4 5 6 1 1 7 1 6 5 7 2 5 10 8 2 4 4 5 7 5 4 3 2 3 3 0 6 5 2 5 9 1 1 3 2 1 2 5 6 2 1 4 1 2 1 0 0 0 0 0 0 0 0 0 0 0 0 0 0 0 0 0 0 0 0 0 0 0 0 0 0 0 0 0 0 0 0 0 0 0 0 0 0 0 0 0 0 0 0 0 0 0 0 0 0 0 0 0 0 0 0 0 0 0 0 0 0 0 0 0 0 0 0 0 0 0 0 0 0 0 0 0 0 0 0 0 0 0 0 0 0 0 0 
0 0 0 0 0 0 0 0 0 0 0 0 0 0 0 0 0 0 0 0 0 0 0 0 0 0 0 0 0 0 0 0 0 0 0 0 0 0 0 0 0 0 0 0 0 0 0 0 0 0 0 0 0 0 0 0 0 0 0 0 0 0 0 0 0 0 0 0 0 0 0 0 0 0 0 0 0 0 0 0 0 0 0 0 0 0 0 0 0 1 3 0 4 0 3 5 4 8 3 3 7 1 4 6 7 3 3 4 3 3 4 10 3 1 8 2 4 5 3 3 5 6 4 3 4 10 5 5 3 7 9 3 4 6 9 6 2 5 3 6 6 3 1 5 0 5 10 2 7 3 3 2 11 5 4 6 2 2 3 3 3 4 4 0 2 2 1 0 0 0 0 0 0 0 0 0 0 0 0 0 0 0 0 0 0 0 0 0 0 0 0 0 0 0 0 0 0 0 0 0 0 0 0 0 0 0 0 0 0 0 0 0 0 0 0 0 0 0 0 0 0 0 0 0 0 0 0 0 0 0 0 0 0 0 0 0 0 0 0 0 0 0 0 0 0 0 0 0 0 0 0 0 0 0 0 0 
0 0 0 0 0 0 0 0 0 0 0 0 0 0 0 0 0 0 0 0 0 0 0 0 0 0 0 0 0 0 0 0 0 0 0 0 0 0 0 0 0 0 0 0 0 0 0 0 0 0 0 0 0 0 0 0 0 0 0 0 0 0 0 0 0 0 0 0 0 0 0 0 0 0 0 0 0 0 0 0 0 0 0 0 0 0 0 0 0 1 0 0 1 2 4 1 0 2 2 9 3 4 6 4 1 3 9 3 1 7 6 2 4 5 5 6 3 6 8 7 7 7 3 5 7 3 5 6 3 4 5 4 5 5 4 2 4 5 6 4 9 3 4 2 7 4 5 2 8 3 4 4 5 7 2 3 5 3 3 3 3 5 5 1 2 1 1 0 0 0 0 0 0 0 0 0 0 0 0 0 0 0 0 0 0 0 0 0 0 0 0 0 0 0 0 0 0 0 0 0 0 0 0 0 0 0 0 0 0 0 0 0 0 0 0 0 0 0 0 0 0 0 0 0 0 0 0 0 0 0 0 0 0 0 0 0 0 0 0 0 0 0 0 0 0 0 0 0 0 0 0 0 0 0 0 0 
0 0 0 0 0 0 0 0 0 0 0 0 0 0 0 0 0 0 0 0 0 0 0 0 0 0 0 0 0 0 0 0 0 0 0 0 0 0 0 0 0 0 0 0 0 0 0 0 0 0 0 0 0 0 0 0 0 0 0 0 0 0 0 0 0 0 0 0 0 0 0 0 0 0 0 0 0 0 0 0 0 0 0 0 0 0 0 0 3 1 1 2 3 2 3 5 6 11 0 3 4 4 6 8 6 6 5 5 6 8 5 6 4 5 3 6 6 5 7 4 6 4 2 8 2 9 6 6 2 7 5 5 5 9 3 1 6 5 3 5 4 4 4 3 4 3 6 0 2 3 4 3 5 2 4 6 2 4 5 2 7 5 4 3 1 3 2 0 0 0 0 0 0 0 0 0 0 0 0 0 0 0 0 0 0 0 0 0 0 0 0 0 0 0 0 0 0 0 0 0 0 0 0 0 0 0 0 0 0 0 0 0 0 0 0 0 0 0 0 0 0 0 0 0 0 0 0 0 0 0 0 0 0 0 0 0 0 0 0 0 0 0 0 0 0 0 0 0 0 0 0 0 0 0 0 0 
0 0 0 0 0 0 0 0 0 0 0 0 0 0 0 0 0 0 0 0 0 0 0 0 0 0 0 0 0 0 0 0 0 0 0 0 0 0 0 0 0 0 0 0 0 0 0 0 0 0 0 0 0 0 0 0 0 0 0 0 0 0 0 0 0 0 0 0 0 0 0 0 0 0 0 0 0 0 0 0 0 0 0 0 0 0 0 2 0 0 0 1 3 2 1 3 6 2 6 5 6 3 6 2 1 8 7 1 9 6 3 7 5 5 6 6 3 5 7 6 3 6 8 3 5 4 5 7 6 4 9 10 4 2 5 5 4 3 6 2 1 4 4 1 7 4 6 5 6 4 5 4 4 4 4 3 7 4 3 1 3 3 4 2 1 2 1 0 0 0 0 0 0 0 0 0 0 0 0 0 0 0 0 0 0 0 0 0 0 0 0 0 0 0 0 0 0 0 0 0 0 0 0 0 0 0 0 0 0 0 0 0 0 0 0 0 0 0 0 0 0 0 0 0 0 0 0 0 0 0 0 0 0 0 0 0 0 0 0 0 0 0 0 0 0 0 0 0 0 0 0 0 0 0 0 0 
0 0 0 0 0 0 0 0 0 0 0 0 0 0 0 0 0 0 0 0 0 0 0 0 0 0 0 0 0 0 0 0 0 0 0 0 0 0 0 0 0 0 0 0 0 0 0 0 0 0 0 0 0 0 0 0 0 0 0 0 0 0 0 0 0 0 0 0 0 0 0 0 0 0 0 0 0 0 0 0 0 0 0 0 0 0 0 0 1 1 3 1 0 3 5 4 7 5 5 4 6 2 2 5 5 6 4 4 5 3 6 6 7 6 5 9 1 7 1 2 6 2 8 7 3 5 3 4 1 8 3 5 8 4 10 11 5 2 3 3 5 2 7 7 4 3 4 7 7 3 4 5 10 5 9 6 5 2 2 3 2 7 2 4 1 2 3 1 0 0 0 0 0 0 0 0 0 0 0 0 0 0 0 0 0 0 0 0 0 0 0 0 0 0 0 0 0 0 0 0 0 0 0 0 0 0 0 0 0 0 0 0 0 0 0 0 0 0 0 0 0 0 0 0 0 0 0 0 0 0 0 0 0 0 0 0 0 0 0 0 0 0 0 0 0 0 0 0 0 0 0 0 0 0 0 0 
0 0 0 0 0 0 0 0 0 0 0 0 0 0 0 0 0 0 0 0 0 0 0 0 0 0 0 0 0 0 0 0 0 0 0 0 0 0 0 0 0 0 0 0 0 0 0 0 0 0 0 0 0 0 0 0 0 0 0 0 0 0 0 0 0 0 0 0 0 0 0 0 0 0 0 0 0 0 0 0 0 0 0 0 0 0 0 0 2 0 1 4 2 4 4 3 4 4 7 2 2 8 5 4 4 5 3 4 2 6 4 6 4 7 2 5 6 5 6 2 4 6 4 5 5 2 10 3 5 3 4 4 3 0 1 4 3 7 1 8 8 4 2 1 6 1 8 6 6 3 1 3 5 7 4 4 3 4 3 4 9 9 5 2 2 1 1 1 1 0 0 0 0 0 0 0 0 0 0 0 0 0 0 0 0 0 0 0 0 0 0 0 0 0 0 0 0 0 0 0 0 0 0 0 0 0 0 0 0 0 0 0 0 0 0 0 0 0 0 0 0 0 0 0 0 0 0 0 0 0 0 0 0 0 0 0 0 0 0 0 0 0 0 0 0 0 0 0 0 0 0 0 0 0 0 0 
0 0 0 0 0 0 0 0 0 0 0 0 0 0 0 0 0 0 0 0 0 0 0 0 0 0 0 0 0 0 0 0 0 0 0 0 0 0 0 0 0 0 0 0 0 0 0 0 0 0 0 0 0 0 0 0 0 0 0 0 0 0 0 0 0 0 0 0 0 0 0 0 0 0 0 0 0 0 0 0 0 0 0 0 0 0 0 0 0 3 0 1 2 5 3 4 3 3 3 2 4 3 2 5 4 6 4 5 4 4 4 5 5 3 4 3 7 4 2 8 3 1 4 4 6 5 4 2 7 10 1 2 7 3 1 3 6 7 5 3 4 7 7 5 3 8 7 8 2 3 8 3 2 1 3 5 9 1 7 4 3 1 4 3 3 4 1 0 0 0 0 0 0 0 0 0 0 0 0 0 0 0 0 0 0 0 0 0 0 0 0 0 0 0 0 0 0 0 0 0 0 0 0 0 0 0 0 0 0 0 0 0 0 0 0 0 0 0 0 0 0 0 0 0 0 0 0 0 0 0 0 0 0 0 0 0 0 0 0 0 0 0 0 0 0 0 0 0 0 0 0 0 0 0 0 0 
0 0 0 0 0 0 0 0 0 0 0 0 0 0 0 0 0 0 0 0 0 0 0 0 0 0 0 0 0 0 0 0 0 0 0 0 0 0 0 0 0 0 0 0 0 0 0 0 0 0 0 0 0 0 0 0 0 0 0 0 0 0 0 0 0 0 0 0 0 0 0 0 0 0 0 0 0 0 0 0 0 0 0 0 0 0 0 0 1 0 2 0 4 3 3 0 1 4 2 2 7 7 7 3 5 1 2 5 1 5 5 9 4 6 5 5 6 4 4 5 8 2 4 7 11 4 3 9 4 5 6 6 4 9 8 4 3 5 7 4 5 4 2 3 2 9 4 3 2 1 6 5 2 5 7 7 9 3 2 4 6 3 3 4 3 3 2 1 0 0 0 0 0 0 0 0 0 0 0 0 0 0 0 0 0 0 0 0 0 0 0 0 0 0 0 0 0 0 0 0 0 0 0 0 0 0 0 0 0 0 0 0 0 0 0 0 0 0 0 0 0 0 0 0 0 0 0 0 0 0 0 0 0 0 0 0 0 0 0 0 0 0 0 0 0 0 0 0 0 0 0 0 0 0 0 0 
0 0 0 0 0 0 0 0 0 0 0 0 0 0 0 0 0 0 0 0 0 0 0 0 0 0 0 0 0 0 0 0 0 0 0 0 0 0 0 0 0 0 0 0 0 0 0 0 0 0 0 0 0 0 0 0 0 0 0 0 0 0 0 0 0 0 0 0 0 0 0 0 0 0 0 0 0 0 0 0 0 0 0 0 0 0 0 0 1 2 1 2 5 6 7 3 8 7 3 7 1 2 4 7 1 6 2 4 0 6 5 4 6 7 5 4 3 6 9 5 8 7 6 1 5 5 5 6 1 7 8 4 8 4 9 3 6 6 5 9 5 8 1 8 6 4 6 4 4 2 4 5 3 8 3 3 1 6 1 6 3 3 3 1 2 2 0 1 1 0 0 0 0 0 0 0 0 0 0 0 0 0 0 0 0 0 0 0 0 0 0 0 0 0 0 0 0 0 0 0 0 0 0 0 0 0 0 0 0 0 0 0 0 0 0 0 0 0 0 0 0 0 0 0 0 0 0 0 0 0 0 0 0 0 0 0 0 0 0 0 0 0 0 0 0 0 0 0 0 0 0 0 0 0 0 0 
0 0 0 0 0 0 0 0 0 0 0 0 0 0 0 0 0 0 0 0 0 0 0 0 0 0 0 0 0 0 0 0 0 0 0 0 0 0 0 0 0 0 0 0 0 0 0 0 0 0 0 0 0 0 0 0 0 0 0 0 0 0 0 0 0 0 0 0 0 0 0 0 0 0 0 0 0 0 0 0 0 0 0 0 0 0 0 0 0 1 1 3 1 4 5 6 1 6 2 5 1 5 4 4 4 2 4 3 2 9 3 6 4 5 6 5 2 3 8 5 10 4 3 2 10 5 4 8 11 4 4 5 3 3 9 5 7 5 2 3 4 2 3 4 3 7 5 10 3 2 7 4 4 1 7 0 5 10 5 1 4 1 4 3 7 1 3 1 0 0 0 0 0 0 0 0 0 0 0 0 0 0 0 0 0 0 0 0 0 0 0 0 0 0 0 0 0 0 0 0 0 0 0 0 0 0 0 0 0 0 0 0 0 0 0 0 0 0 0 0 0 0 0 0 0 0 0 0 0 0 0 0 0 0 0 0 0 0 0 0 0 0 0 0 0 0 0 0 0 0 0 0 0 0 0 0 
0 0 0 0 0 0 0 0 0 0 0 0 0 0 0 0 0 0 0 0 0 0 0 0 0 0 0 0 0 0 0 0 0 0 0 0 0 0 0 0 0 0 0 0 0 0 0 0 0 0 0 0 0 0 0 0 0 0 0 0 0 0 0 0 0 0 0 0 0 0 0 0 0 0 0 0 0 0 0 0 0 0 0 0 0 0 0 0 0 3 3 3 3 2 3 3 4 2 2 4 5 6 3 7 3 3 6 5 7 6 7 3 6 4 9 5 5 6 7 6 7 4 7 3 8 13 4 5 9 5 4 11 4 7 6 7 8 8 2 7 3 9 3 6 3 7 8 8 3 11 5 5 5 4 4 3 4 1 8 2 5 4 2 4 0 0 1 1 0 0 0 0 0 0 0 0 0 0 0 0 0 0 0 0 0 0 0 0 0 0 0 0 0 0 0 0 0 0 0 0 0 0 0 0 0 0 0 0 0 0 0 0 0 0 0 0 0 0 0 0 0 0 0 0 0 0 0 0 0 0 0 0 0 0 0 0 0 0 0 0 0 0 0 0 0 0 0 0 0 0 0 0 0 0 0 0 
0 0 0 0 0 0 0 0 0 0 0 0 0 0 0 0 0 0 0 0 0 0 0 0 0 0 0 0 0 0 0 0 0 0 0 0 0 0 0 0 0 0 0 0 0 0 0 0 0 0 0 0 0 0 0 0 0 0 0 0 0 0 0 0 0 0 0 0 0 0 0 0 0 0 0 0 0 0 0 0 0 0 0 0 0 0 0 0 1 2 2 1 2 3 1 4 4 3 2 4 6 2 9 5 5 1 2 5 3 7 4 6 7 5 2 4 6 3 8 7 9 6 7 4 4 5 3 2 9 6 4 6 7 6 5 3 3 5 5 2 6 5 5 6 7 5 3 5 6 6 3 3 2 3 6 4 6 3 5 7 1 4 4 3 1 5 3 0 0 0 0 0 0 0 0 0 0 0 0 0 0 0 0 0 0 0 0 0 0 0 0 0 0 0 0 0 0 0 0 0 0 0 0 0 0 0 0 0 0 0 0 0 0 0 0 0 0 0 0 0 0 0 0 0 0 0 0 0 0 0 0 0 0 0 0 0 0 0 0 0 0 0 0 0 0 0 0 0 0 0 0 0 0 0 0 0 
0 0 0 0 0 0 0 0 0 0 0 0 0 0 0 0 0 0 0 0 0 0 0 0 0 0 0 0 0 0 0 0 0 0 0 0 0 0 0 0 0 0 0 0 0 0 0 0 0 0 0 0 0 0 0 0 0 0 0 0 0 0 0 0 0 0 0 0 0 0 0 0 0 0 0 0 0 0 0 0 0 0 0 0 0 0 0 0 1 0 1 7 3 3 2 1 2 5 4 4 3 2 5 2 5 6 7 0 9 6 4 5 6 6 8 2 2 3 4 2 3 3 1 5 4 5 7 1 4 7 6 6 1 4 7 12 2 6 4 4 3 3 5 6 5 3 7 6 5 3 5 6 6 7 2 4 4 3 4 2 5 3 3 4 3 3 3 1 0 0 0 0 0 0 0 0 0 0 0 0 0 0 0 0 0 0 0 0 0 0 0 0 0 0 0 0 0 0 0 0 0 0 0 0 0 0 0 0 0 0 0 0 0 0 0 0 0 0 0 0 0 0 0 0 0 0 0 0 0 0 0 0 0 0 0 0 0 0 0 0 0 0 0 0 0 0 0 0 0 0 0 0 0 0 0 0 
0 0 0 0 0 0 0 0 0 0 0 0 0 0 0 0 0 0 0 0 0 0 0 0 0 0 0 0 0 0 0 0 0 0 0 0 0 0 0 0 0 0 0 0 0 0 0 0 0 0 0 0 0 0 0 0 0 0 0 0 0 0 0 0 0 0 0 0 0 0 0 0 0 0 0 0 0 0 0 0 0 0 0 0 0 0 0 0 0 0 1 1 3 3 7 3 7 8 8 0 2 9 0 6 5 2 2 4 3 6 5 6 3 11 7 7 2 7 4 6 8 8 2 5 6 8 4 4 5 4 6 7 5 4 2 2 5 10 7 7 4 6 10 4 3 6 4 4 7 8 6 7 2 7 7 3 3 1 7 8 2 7 2 6 2 2 1 1 0 0 0 0 0 0 0 0 0 0 0 0 0 0 0 0 0 0 0 0 0 0 0 0 0 0 0 0 0 0 0 0 0 0 0 0 0 0 0 0 0 0 0 0 0 0 0 0 0 0 0 0 0 0 0 0 0 0 0 0 0 0 0 0 0 0 0 0 0 0 0 0 0 0 0 0 0 0 0 0 0 0 0 0 0 0 0 0 
0 0 0 0 0 0 0 0 0 0 0 0 0 0 0 0 0 0 0 0 0 0 0 0 0 0 0 0 0 0 0 0 0 0 0 0 0 0 0 0 0 0 0 0 0 0 0 0 0 0 0 0 0 0 0 0 0 0 0 0 0 0 0 0 0 0 0 0 0 0 0 0 0 0 0 0 0 0 0 0 0 0 0 0 0 0 0 0 2 1 2 1 1 3 4 2 5 5 7 4 5 0 5 4 5 4 5 2 5 3 5 5 6 5 6 7 4 4 9 3 6 9 6 8 4 4 4 6 5 3 5 2 4 7 2 7 5 4 4 1 3 7 4 3 0 6 7 4 7 6 12 0 5 9 7 4 4 3 6 7 2 8 2 5 2 4 1 1 0 0 0 0 0 0 0 0 0 0 0 0 0 0 0 0 0 0 0 0 0 0 0 0 0 0 0 0 0 0 0 0 0 0 0 0 0 0 0 0 0 0 0 0 0 0 0 0 0 0 0 0 0 0 0 0 0 0 0 0 0 0 0 0 0 0 0 0 0 0 0 0 0 0 0 0 0 0 0 0 0 0 0 0 0 0 0 0 
0 0 0 0 0 0 0 0 0 0 0 0 0 0 0 0 0 0 0 0 0 0 0 0 0 0 0 0 0 0 0 0 0 0 0 0 0 0 0 0 0 0 0 0 0 0 0 0 0 0 0 0 0 0 0 0 0 0 0 0 0 0 0 0 0 0 0 0 0 0 0 0 0 0 0 0 0 0 0 0 0 0 0 0 0 0 0 0 0 2 1 3 4 3 5 2 6 5 5 3 4 2 4 5 7 1 5 3 2 3 4 2 4 7 3 7 6 8 6 4 6 7 9 2 4 1 6 3 2 4 5 2 9 6 5 5 7 3 1 4 4 5 9 5 4 5 7 7 5 8 3 3 3 2 7 4 10 5 4 5 6 3 2 0 3 2 2 1 1 0 0 0 0 0 0 0 0 0 0 0 0 0 0 0 0 0 0 0 0 0 0 0 0 0 0 0 0 0 0 0 0 0 0 0 0 0 0 0 0 0 0 0 0 0 0 0 0 0 0 0 0 0 0 0 0 0 0 0 0 0 0 0 0 0 0 0 0 0 0 0 0 0 0 0 0 0 0 0 0 0 0 0 0 0 0 0 
0 0 0 0 0 0 0 0 0 0 0 0 0 0 0 0 0 0 0 0 0 0 0 0 0 0 0 0 0 0 0 0 0 0 0 0 0 0 0 0 0 0 0 0 0 0 0 0 0 0 0 0 0 0 0 0 0 0 0 0 0 0 0 0 0 0 0 0 0 0 0 0 0 0 0 0 0 0 0 0 0 0 0 0 0 0 0 0 1 3 1 3 0 2 3 1 4 3 4 6 7 3 6 5 7 9 4 7 3 5 9 4 5 5 6 5 4 7 3 2 4 7 5 4 7 6 8 5 4 9 6 7 9 2 9 13 5 3 5 9 4 8 2 2 7 0 5 4 2 4 3 2 4 9 6 5 8 6 5 6 2 3 1 2 4 4 2 1 0 0 0 0 0 0 0 0 0 0 0 0 0 0 0 0 0 0 0 0 0 0 0 0 0 0 0 0 0 0 0 0 0 0 0 0 0 0 0 0 0 0 0 0 0 0 0 0 0 0 0 0 0 0 0 0 0 0 0 0 0 0 0 0 0 0 0 0 0 0 0 0 0 0 0 0 0 0 0 0 0 0 0 0 0 0 0 0 
0 0 0 0 0 0 0 0 0 0 0 0 0 0 0 0 0 0 0 0 0 0 0 0 0 0 0 0 0 0 0 0 0 0 0 0 0 0 0 0 0 0 0 0 0 0 0 0 0 0 0 0 0 0 0 0 0 0 0 0 0 0 0 0 0 0 0 0 0 0 0 0 0 0 0 0 0 0 0 0 0 0 0 0 0 0 0 0 1 2 0 3 1 4 3 5 5 1 5 7 5 5 6 6 8 4 1 8 5 7 3 4 5 6 5 5 9 8 5 7 2 8 3 5 4 4 3 7 6 3 9 6 11 6 8 3 2 2 3 1 2 7 4 11 3 8 5 4 4 10 5 5 5 6 4 4 8 5 12 3 4 6 5 3 1 4 1 0 1 0 0 0 0 0 0 0 0 0 0 0 0 0 0 0 0 0 0 0 0 0 0 0 0 0 0 0 0 0 0 0 0 0 0 0 0 0 0 0 0 0 0 0 0 0 0 0 0 0 0 0 0 0 0 0 0 0 0 0 0 0 0 0 0 0 0 0 0 0 0 0 0 0 0 0 0 0 0 0 0 0 0 0 0 0 0 0 
0 0 0 0 0 0 0 0 0 0 0 0 0 0 0 0 0 0 0 0 0 0 0 0 0 0 0 0 0 0 0 0 0 0 0 0 0 0 0 0 0 0 0 0 0 0 0 0 0 0 0 0 0 0 0 0 0 0 0 0 0 0 0 0 0 0 0 0 0 0 0 0 0 0 0 0 0 0 0 0 0 0 0 0 0 0 0 1 0 2 1 1 3 4 3 4 2 3 3 6 7 3 6 2 6 5 6 8 3 7 4 5 5 4 6 8 4 8 8 6 12 9 5 6 9 5 8 5 2 4 9 7 4 6 1 2 11 5 4 4 5 4 5 7 4 4 2 7 3 1 9 2 7 2 6 7 6 7 6 4 5 5 5 6 2 2 0 0 0 0 0 0 0 0 0 0 0 0 0 0 0 0 0 0 0 0 0 0 0 0 0 0 0 0 0 0 0 0 0 0 0 0 0 0 0 0 0 0 0 0 0 0 0 0 0 0 0 0 0 0 0 0 0 0 0 0 0 0 0 0 0 0 0 0 0 0 0 0 0 0 0 0 0 0 0 0 0 0 0 0 0 0 0 0 0 0 
0 0 0 0 0 0 0 0 0 0 0 0 0 0 0 0 0 0 0 0 0 0 0 0 0 0 0 0 0 0 0 0 0 0 0 0 0 0 0 0 0 0 0 0 0 0 0 0 0 0 0 0 0 0 0 0 0 0 0 0 0 0 0 0 0 0 0 0 0 0 0 0 0 0 0 0 0 0 0 0 0 0 0 0 0 0 0 0 0 3 1 0 5 2 5 1 5 6 6 3 4 11 4 6 3 4 7 2 2 2 7 6 3 5 8 7 6 3 5 5 6 7 6 3 4 5 6 8 4 9 6 6 7 4 8 5 2 5 7 6 4 7 5 6 6 4 5 7 10 1 7 6 2 4 7 4 4 6 5 9 5 6 4 3 3 2 3 0 1 0 0 0 0 0 0 0 0 0 0 0 0 0 0 0 0 0 0 0 0 0 0 0 0 0 0 0 0 0 0 0 0 0 0 0 0 0 0 0 0 0 0 0 0 0 0 0 0 0 0 0 0 0 0 0 0 0 0 0 0 0 0 0 0 0 0 0 0 0 0 0 0 0 0 0 0 0 0 0 0 0 0 0 0 0 0 0 
0 0 0 0 0 0 0 0 0 0 0 0 0 0 0 0 0 0 0 0 0 0 0 0 0 0 0 0 0 0 0 0 0 0 0 0 0 0 0 0 0 0 0 0 0 0 0 0 0 0 0 0 0 0 0 0 0 0 0 0 0 0 0 0 0 0 0 0 0 0 0 0 0 0 0 0 0 0 0 0 0 0 0 0 0 0 0 1 0 0 0 4 0 5 1 2 3 4 9 10 4 0 5 8 4 1 5 3 3 6 5 7 7 6 5 9 9 6 6 12 9 12 5 8 2 5 7 0 8 5 2 7 8 5 8 4 7 4 10 8 0 5 3 4 5 8 4 5 4 6 2 8 4 2 5 9 7 9 4 6 4 6 2 4 2 1 3 0 1 0 0 0 0 0 0 0 0 0 0 0 0 0 0 0 0 0 0 0 0 0 0 0 0 0 0 0 0 0 0 0 0 0 0 0 0 0 0 0 0 0 0 0 0 0 0 0 0 0 0 0 0 0 0 0 0 0 0 0 0 0 0 0 0 0 0 0 0 0 0 0 0 0 0 0 0 0 0 0 0 0 0 0 0 0 0 0 
0 0 0 0 0 0 0 0 0 0 0 0 0 0 0 0 0 0 0 0 0 0 0 0 0 0 0 0 0 0 0 0 0 0 0 0 0 0 0 0 0 0 0 0 0 0 0 0 0 0 0 0 0 0 0 0 0 0 0 0 0 0 0 0 0 0 0 0 0 0 0 0 0 0 0 0 0 0 0 0 0 0 0 0 0 0 0 0 0 1 2 2 5 3 10 0 7 9 4 7 1 6 4 2 2 5 7 8 5 3 8 7 4 7 8 5 6 6 8 6 7 11 7 4 15 3 9 11 4 7 7 5 11 6 10 5 12 6 9 4 11 4 4 7 8 4 11 6 4 12 6 7 11 7 8 7 4 10 4 6 4 7 4 3 3 1 1 0 0 0 0 0 0 0 0 0 0 0 0 0 0 0 0 0 0 0 0 0 0 0 0 0 0 0 0 0 0 0 0 0 0 0 0 0 0 0 0 0 0 0 0 0 0 0 0 0 0 0 0 0 0 0 0 0 0 0 0 0 0 0 0 0 0 0 0 0 0 0 0 0 0 0 0 0 0 0 0 0 0 0 0 0 0 0 0 0 
0 0 0 0 0 0 0 0 0 0 0 0 0 0 0 0 0 0 0 0 0 0 0 0 0 0 0 0 0 0 0 0 0 0 0 0 0 0 0 0 0 0 0 0 0 0 0 0 0 0 0 0 0 0 0 0 0 0 0 0 0 0 0 0 0 0 0 0 0 0 0 0 0 0 0 0 0 0 0 0 0 0 0 0 0 0 0 0 2 1 4 2 4 5 4 1 2 5 8 4 4 9 3 4 8 7 10 7 3 5 9 9 6 6 3 11 3 6 8 5 6 9 6 8 4 7 6 3 7 1 6 12 10 7 7 6 4 5 8 4 7 6 7 4 9 10 11 6 9 7 9 3 2 5 2 6 5 5 7 7 9 5 5 3 4 0 0 2 0 0 0 0 0 0 0 0 0 0 0 0 0 0 0 0 0 0 0 0 0 0 0 0 0 0 0 0 0 0 0 0 0 0 0 0 0 0 0 0 0 0 0 0 0 0 0 0 0 0 0 0 0 0 0 0 0 0 0 0 0 0 0 0 0 0 0 0 0 0 0 0 0 0 0 0 0 0 0 0 0 0 0 0 0 0 0 0 
0 0 0 0 0 0 0 0 0 0 0 0 0 0 0 0 0 0 0 0 0 0 0 0 0 0 0 0 0 0 0 0 0 0 0 0 0 0 0 0 0 0 0 0 0 0 0 0 0 0 0 0 0 0 0 0 0 0 0 0 0 0 0 0 0 0 0 0 0 0 0 0 0 0 0 0 0 0 0 0 0 0 0 0 0 0 0 0 0 1 2 3 5 3 4 6 4 9 10 6 7 5 5 2 4 6 9 9 8 3 3 11 6 6 8 9 5 10 7 6 4 8 5 14 8 10 4 5 9 5 4 7 8 4 8 9 3 4 10 4 4 6 0 6 8 4 4 6 13 5 8 3 3 3 9 6 10 7 4 5 8 7 6 5 1 4 2 0 0 0 0 0 0 0 0 0 0 0 0 0 0 0 0 0 0 0 0 0 0 0 0 0 0 0 0 0 0 0 0 0 0 0 0 0 0 0 0 0 0 0 0 0 0 0 0 0 0 0 0 0 0 0 0 0 0 0 0 0 0 0 0 0 0 0 0 0 0 0 0 0 0 0 0 0 0 0 0 0 0 0 0 0 0 0 0 0 
0 0 0 0 0 0 0 0 0 0 0 0 0 0 0 0 0 0 0 0 0 0 0 0 0 0 0 0 0 0 0 0 0 0 0 0 0 0 0 0 0 0 0 0 0 0 0 0 0 0 0 0 0 0 0 0 0 0 0 0 0 0 0 0 0 0 0 0 0 0 0 0 0 0 0 0 0 0 0 0 0 0 0 0 0 0 0 1 2 0 1 0 2 9 7 6 0 4 3 4 4 5 7 3 3 6 7 2 2 5 6 7 4 7 9 5 7 5 10 7 5 3 6 7 8 5 9 5 2 5 4 5 9 6 9 6 8 5 5 10 5 4 8 4 8 3 5 8 5 4 7 2 6 5 9 6 6 11 9 5 5 8 3 1 2 2 0 0 0 0 0 0 0 0 0 0 0 0 0 0 0 0 0 0 0 0 0 0 0 0 0 0 0 0 0 0 0 0 0 0 0 0 0 0 0 0 0 0 0 0 0 0 0 0 0 0 0 0 0 0 0 0 0 0 0 0 0 0 0 0 0 0 0 0 0 0 0 0 0 0 0 0 0 0 0 0 0 0 0 0 0 0 0 0 0 0 
0 0 0 0 0 0 0 0 0 0 0 0 0 0 0 0 0 0 0 0 0 0 0 0 0 0 0 0 0 0 0 0 0 0 0 0 0 0 0 0 0 0 0 0 0 0 0 0 0 0 0 0 0 0 0 0 0 0 0 0 0 0 0 0 0 0 0 0 0 0 0 0 0 0 0 0 0 0 0 0 0 0 0 0 0 0 0 0 0 0 2 1 5 3 6 3 4 2 6 8 1 4 4 4 3 2 9 3 5 2 8 7 4 5 2 5 6 0 3 7 6 6 2 2 6 2 5 8 8 6 3 6 7 5 3 4 13 4 12 5 6 4 7 5 3 4 5 2 8 6 7 4 8 6 11 4 3 4 5 4 6 7 3 1 5 1 2 1 1 0 0 0 0 0 0 0 0 0 0 0 0 0 0 0 0 0 0 0 0 0 0 0 0 0 0 0 0 0 0 0 0 0 0 0 0 0 0 0 0 0 0 0 0 0 0 0 0 0 0 0 0 0 0 0 0 0 0 0 0 0 0 0 0 0 0 0 0 0 0 0 0 0 0 0 0 0 0 0 0 0 0 0 0 0 0 0 
0 0 0 0 0 0 0 0 0 0 0 0 0 0 0 0 0 0 0 0 0 0 0 0 0 0 0 0 0 0 0 0 0 0 0 0 0 0 0 0 0 0 0 0 0 0 0 0 0 0 0 0 0 0 0 0 0 0 0 0 0 0 0 0 0 0 0 0 0 0 0 0 0 0 0 0 0 0 0 0 0 0 0 0 0 0 0 0 2 0 2 1 7 4 4 5 4 4 5 4 6 2 6 5 4 8 3 9 5 3 5 7 2 5 6 2 2 7 5 2 5 6 4 5 5 10 4 7 6 4 10 3 8 6 6 7 5 5 6 7 4 5 4 4 6 2 8 5 5 5 7 3 7 7 2 11 7 6 3 4 3 2 4 1 2 0 0 0 0 0 0 0 0 0 0 0 0 0 0 0 0 0 0 0 0 0 0 0 0 0 0 0 0 0 0 0 0 0 0 0 0 0 0 0 0 0 0 0 0 0 0 0 0 0 0 0 0 0 0 0 0 0 0 0 0 0 0 0 0 0 0 0 0 0 0 0 0 0 0 0 0 0 0 0 0 0 0 0 0 0 0 0 0 0 0 0 
0 0 0 0 0 0 0 0 0 0 0 0 0 0 0 0 0 0 0 0 0 0 0 0 0 0 0 0 0 0 0 0 0 0 0 0 0 0 0 0 0 0 0 0 0 0 0 0 0 0 0 0 0 0 0 0 0 0 0 0 0 0 0 0 0 0 0 0 0 0 0 0 0 0 0 0 0 0 0 0 0 0 0 0 0 0 0 0 0 1 1 3 4 2 1 2 7 4 9 3 7 3 7 4 6 2 3 2 7 6 10 4 2 2 9 2 3 9 3 4 3 5 9 5 2 2 6 10 6 5 7 4 3 8 6 5 4 5 8 3 1 3 6 3 6 4 4 5 5 9 6 6 5 9 7 6 7 3 4 4 9 4 3 3 2 1 0 2 0 0 0 0 0 0 0 0 0 0 0 0 0 0 0 0 0 0 0 0 0 0 0 0 0 0 0 0 0 0 0 0 0 0 0 0 0 0 0 0 0 0 0 0 0 0 0 0 0 0 0 0 0 0 0 0 0 0 0 0 0 0 0 0 0 0 0 0 0 0 0 0 0 0 0 0 0 0 0 0 0 0 0 0 0 0 0 0 
0 0 0 0 0 0 0 0 0 0 0 0 0 0 0 0 0 0 0 0 0 0 0 0 0 0 0 0 0 0 0 0 0 0 0 0 0 0 0 0 0 0 0 0 0 0 0 0 0 0 0 0 0 0 0 0 0 0 0 0 0 0 0 0 0 0 0 0 0 0 0 0 0 0 0 0 0 0 0 0 0 0 0 0 0 0 0 2 2 0 0 6 3 0 2 3 7 4 5 1 6 7 2 6 2 3 6 4 3 7 6 9 7 5 4 4 7 10 3 9 2 5 5 5 8 9 3 8 5 10 9 2 6 9 4 3 4 4 4 4 1 6 5 3 5 6 5 6 7 5 3 5 5 5 5 4 6 6 2 5 2 5 5 1 3 2 4 0 0 0 0 0 0 0 0 0 0 0 0 0 0 0 0 0 0 0 0 0 0 0 0 0 0 0 0 0 0 0 0 0 0 0 0 0 0 0 0 0 0 0 0 0 0 0 0 0 0 0 0 0 0 0 0 0 0 0 0 0 0 0 0 0 0 0 0 0 0 0 0 0 0 0 0 0 0 0 0 0 0 0 0 0 0 0 0 0 
0 0 0 0 0 0 0 0 0 0 0 0 0 0 0 0 0 0 0 0 0 0 0 0 0 0 0 0 0 0 0 0 0 0 0 0 0 0 0 0 0 0 0 0 0 0 0 0 0 0 0 0 0 0 0 0 0 0 0 0 0 0 0 0 0 0 0 0 0 0 0 0 0 0 0 0 0 0 0 0 0 0 0 0 0 0 0 0 2 2 2 1 4 7 0 5 5 3 2 4 6 6 0 5 2 3 6 5 6 6 6 3 4 7 3 2 6 11 4 5 5 5 4 6 5 9 10 5 1 4 7 7 12 5 3 3 3 6 5 5 5 11 4 3 5 5 5 7 4 8 2 3 6 5 4 5 0 4 6 5 1 4 4 3 2 2 2 0 0 0 0 0 0 0 0 0 0 0 0 0 0 0 0 0 0 0 0 0 0 0 0 0 0 0 0 0 0 0 0 0 0 0 0 0 0 0 0 0 0 0 0 0 0 0 0 0 0 0 0 0 0 0 0 0 0 0 0 0 0 0 0 0 0 0 0 0 0 0 0 0 0 0 0 0 0 0 0 0 0 0 0 0 0 0 0 0 
0 0 0 0 0 0 0 0 0 0 0 0 0 0 0 0 0 0 0 0 0 0 0 0 0 0 0 0 0 0 0 0 0 0 0 0 0 0 0 0 0 0 0 0 0 0 0 0 0 0 0 0 0 0 0 0 0 0 0 0 0 0 0 0 0 0 0 0 0 0 0 0 0 0 0 0 0 0 0 0 0 0 0 0 0 0 0 0 0 1 1 2 2 2 3 7 3 4 5 5 6 3 3 3 2 6 6 4 3 4 5 3 6 3 5 9 4 6 7 6 10 7 5 8 3 3 7 2 5 5 4 6 7 6 2 6 4 10 2 4 7 5 3 4 7 7 4 6 2 2 3 2 6 5 5 2 7 6 7 3 4 3 2 3 1 1 0 1 1 0 0 0 0 0 0 0 0 0 0 0 0 0 0 0 0 0 0 0 0 0 0 0 0 0 0 0 0 0 0 0 0 0 0 0 0 0 0 0 0 0 0 0 0 0 0 0 0 0 0 0 0 0 0 0 0 0 0 0 0 0 0 0 0 0 0 0 0 0 0 0 0 0 0 0 0 0 0 0 0 0 0 0 0 0 0 0 
0 0 0 0 0 0 0 0 0 0 0 0 0 0 0 0 0 0 0 0 0 0 0 0 0 0 0 0 0 0 0 0 0 0 0 0 0 0 0 0 0 0 0 0 0 0 0 0 0 0 0 0 0 0 0 0 0 0 0 0 0 0 0 0 0 0 0 0 0 0 0 0 0 0 0 0 0 0 0 0 0 0 0 0 0 0 0 0 1 1 0 1 4 3 4 3 3 4 5 7 5 5 1 4 4 2 6 4 3 5 6 2 6 6 2 7 3 6 3 4 5 11 4 6 4 7 2 7 7 6 7 0 9 7 9 5 4 4 8 6 8 3 4 4 7 4 3 3 6 8 3 3 6 2 4 1 7 4 3 9 6 2 3 4 2 4 1 2 1 0 0 0 0 0 0 0 0 0 0 0 0 0 0 0 0 0 0 0 0 0 0 0 0 0 0 0 0 0 0 0 0 0 0 0 0 0 0 0 0 0 0 0 0 0 0 0 0 0 0 0 0 0 0 0 0 0 0 0 0 0 0 0 0 0 0 0 0 0 0 0 0 0 0 0 0 0 0 0 0 0 0 0 0 0 0 0 
0 0 0 0 0 0 0 0 0 0 0 0 0 0 0 0 0 0 0 0 0 0 0 0 0 0 0 0 0 0 0 0 0 0 0 0 0 0 0 0 0 0 0 0 0 0 0 0 0 0 0 0 0 0 0 0 0 0 0 0 0 0 0 0 0 0 0 0 0 0 0 0 0 0 0 0 0 0 0 0 0 0 0 0 0 0 0 2 1 2 3 0 1 5 5 1 7 2 1 3 5 3 9 6 5 5 3 3 3 6 9 4 6 2 7 4 5 3 4 7 2 1 5 2 7 5 2 6 10 6 6 3 5 6 6 3 4 6 11 4 9 2 7 8 5 5 7 3 4 4 4 9 4 2 12 6 3 2 4 8 3 3 4 1 2 2 2 1 0 0 0 0 0 0 0 0 0 0 0 0 0 0 0 0 0 0 0 0 0 0 0 0 0 0 0 0 0 0 0 0 0 0 0 0 0 0 0 0 0 0 0 0 0 0 0 0 0 0 0 0 0 0 0 0 0 0 0 0 0 0 0 0 0 0 0 0 0 0 0 0 0 0 0 0 0 0 0 0 0 0 0 0 0 0 0 0 
0 0 0 0 0 0 0 0 0 0 0 0 0 0 0 0 0 0 0 0 0 0 0 0 0 0 0 0 0 0 0 0 0 0 0 0 0 0 0 0 0 0 0 0 0 0 0 0 0 0 0 0 0 0 0 0 0 0 0 0 0 0 0 0 0 0 0 0 0 0 0 0 0 0 0 0 0 0 0 0 0 0 0 0 0 0 0 0 0 3 3 4 2 4 2 4 5 5 1 7 6 4 6 7 6 2 7 9 6 9 5 6 3 5 8 8 8 10 6 3 4 4 5 7 6 6 4 5 8 5 6 7 9 7 5 7 6 8 5 8 6 10 7 3 4 7 3 8 5 2 4 13 9 7 7 10 6 7 8 3 8 2 2 8 1 3 2 0 0 0 0 0 0 0 0 0 0 0 0 0 0 0 0 0 0 0 0 0 0 0 0 0 0 0 0 0 0 0 0 0 0 0 0 0 0 0 0 0 0 0 0 0 0 0 0 0 0 0 0 0 0 0 0 0 0 0 0 0 0 0 0 0 0 0 0 0 0 0 0 0 0 0 0 0 0 0 0 0 0 0 0 0 0 0 0 0 
0 0 0 0 0 0 0 0 0 0 0 0 0 0 0 0 0 0 0 0 0 0 0 0 0 0 0 0 0 0 0 0 0 0 0 0 0 0 0 0 0 0 0 0 0 0 0 0 0 0 0 0 0 0 0 0 0 0 0 0 0 0 0 0 0 0 0 0 0 0 0 0 0 0 0 0 0 0 0 0 0 0 0 0 0 0 0 1 1 0 1 1 4 2 0 3 6 8 8 4 5 6 7 2 9 6 1 1 6 8 6 3 4 5 6 10 7 3 5 1 7 7 9 5 6 5 6 3 5 9 4 4 9 7 8 8 5 5 4 6 5 4 3 8 6 2 5 6 1 4 3 4 6 5 3 7 6 3 6 6 5 5 1 2 3 1 0 0 0 0 0 0 0 0 0 0 0 0 0 0 0 0 0 0 0 0 0 0 0 0 0 0 0 0 0 0 0 0 0 0 0 0 0 0 0 0 0 0 0 0 0 0 0 0 0 0 0 0 0 0 0 0 0 0 0 0 0 0 0 0 0 0 0 0 0 0 0 0 0 0 0 0 0 0 0 0 0 0 0 0 0 0 0 0 0 0 
0 0 0 0 0 0 0 0 0 0 0 0 0 0 0 0 0 0 0 0 0 0 0 0 0 0 0 0 0 0 0 0 0 0 0 0 0 0 0 0 0 0 0 0 0 0 0 0 0 0 0 0 0 0 0 0 0 0 0 0 0 0 0 0 0 0 0 0 0 0 0 0 0 0 0 0 0 0 0 0 0 0 0 0 0 0 0 0 0 1 2 1 5 4 5 2 5 4 7 4 9 3 6 2 3 16 5 5 9 5 2 6 5 9 7 7 3 4 6 5 9 7 11 6 3 7 2 6 4 6 3 10 10 4 2 10 8 5 3 8 6 7 2 6 8 5 8 4 4 3 5 5 7 3 4 8 4 6 5 7 6 4 2 5 1 4 1 1 0 0 0 0 0 0 0 0 0 0 0 0 0 0 0 0 0 0 0 0 0 0 0 0 0 0 0 0 0 0 0 0 0 0 0 0 0 0 0 0 0 0 0 0 0 0 0 0 0 0 0 0 0 0 0 0 0 0 0 0 0 0 0 0 0 0 0 0 0 0 0 0 0 0 0 0 0 0 0 0 0 0 0 0 0 0 0 0 
0 0 0 0 0 0 0 0 0 0 0 0 0 0 0 0 0 0 0 0 0 0 0 0 0 0 0 0 0 0 0 0 0 0 0 0 0 0 0 0 0 0 0 0 0 0 0 0 0 0 0 0 0 0 0 0 0 0 0 0 0 0 0 0 0 0 0 0 0 0 0 0 0 0 0 0 0 0 0 0 0 0 0 0 0 0 0 1 1 0 2 2 2 5 0 2 6 3 6 4 1 4 3 9 7 6 2 4 2 4 4 6 6 5 5 10 6 8 5 9 8 5 3 6 6 6 7 8 6 6 3 5 6 4 11 8 2 6 13 10 3 7 8 8 11 9 8 8 5 4 4 8 8 2 8 7 3 8 8 6 4 7 2 4 4 2 1 0 0 0 0 0 0 0 0 0 0 0 0 0 0 0 0 0 0 0 0 0 0 0 0 0 0 0 0 0 0 0 0 0 0 0 0 0 0 0 0 0 0 0 0 0 0 0 0 0 0 0 0 0 0 0 0 0 0 0 0 0 0 0 0 0 0 0 0 0 0 0 0 0 0 0 0 0 0 0 0 0 0 0 0 0 0 0 0 0 
0 0 0 0 0 0 0 0 0 0 0 0 0 0 0 0 0 0 0 0 0 0 0 0 0 0 0 0 0 0 0 0 0 0 0 0 0 0 0 0 0 0 0 0 0 0 0 0 0 0 0 0 0 0 0 0 0 0 0 0 0 0 0 0 0 0 0 0 0 0 0 0 0 0 0 0 0 0 0 0 0 0 0 0 0 0 0 0 1 2 3 2 3 5 7 3 1 3 5 4 8 6 7 4 2 1 10 5 5 7 4 8 8 2 6 6 6 5 4 10 5 5 7 2 11 3 6 6 3 4 4 8 1 8 10 7 5 9 6 9 8 12 9 7 7 5 7 6 6 9 6 5 4 6 4 5 7 4 5 3 5 9 5 7 3 1 4 3 0 0 0 0 0 0 0 0 0 0 0 0 0 0 0 0 0 0 0 0 0 0 0 0 0 0 0 0 0 0 0 0 0 0 0 0 0 0 0 0 0 0 0 0 0 0 0 0 0 0 0 0 0 0 0 0 0 0 0 0 0 0 0 0 0 0 0 0 0 0 0 0 0 0 0 0 0 0 0 0 0 0 0 0 0 0 0 0 
0 0 0 0 0 0 0 0 0 0 0 0 0 0 0 0 0 0 0 0 0 0 0 0 0 0 0 0 0 0 0 0 0 0 0 0 0 0 0 0 0 0 0 0 0 0 0 0 0 0 0 0 0 0 0 0 0 0 0 0 0 0 0 0 0 0 0 0 0 0 0 0 0 0 0 0 0 0 0 0 0 0 0 0 0 0 0 1 1 0 5 0 5 6 6 9 7 5 5 9 5 7 9 7 6 4 3 3 5 9 5 5 3 5 7 6 5 7 14 5 6 7 7 5 8 4 9 8 6 7 11 3 8 5 4 4 9 6 10 5 2 4 6 5 8 5 10 5 7 8 7 7 4 7 6 6 5 3 1 2 6 1 6 0 5 0 3 1 0 0 0 0 0 0 0 0 0 0 0 0 0 0 0 0 0 0 0 0 0 0 0 0 0 0 0 0 0 0 0 0 0 0 0 0 0 0 0 0 0 0 0 0 0 0 0 0 0 0 0 0 0 0 0 0 0 0 0 0 0 0 0 0 0 0 0 0 0 0 0 0 0 0 0 0 0 0 0 0 0 0 0 0 0 0 0 0 
0 0 0 0 0 0 0 0 0 0 0 0 0 0 0 0 0 0 0 0 0 0 0 0 0 0 0 0 0 0 0 0 0 0 0 0 0 0 0 0 0 0 0 0 0 0 0 0 0 0 0 0 0 0 0 0 0 0 0 0 0 0 0 0 0 0 0 0 0 0 0 0 0 0 0 0 0 0 0 0 0 0 0 0 0 0 0 0 4 2 3 2 0 3 2 8 4 4 8 8 6 5 5 7 11 4 3 5 4 7 5 6 4 8 7 7 8 6 8 8 3 4 9 5 6 4 7 7 4 2 7 8 5 8 6 5 9 3 7 7 9 8 7 6 5 10 10 7 3 5 7 7 6 5 3 1 6 7 7 9 8 6 5 4 4 1 1 0 0 0 0 0 0 0 0 0 0 0 0 0 0 0 0 0 0 0 0 0 0 0 0 0 0 0 0 0 0 0 0 0 0 0 0 0 0 0 0 0 0 0 0 0 0 0 0 0 0 0 0 0 0 0 0 0 0 0 0 0 0 0 0 0 0 0 0 0 0 0 0 0 0 0 0 0 0 0 0 0 0 0 0 0 0 0 0 0 
0 0 0 0 0 0 0 0 0 0 0 0 0 0 0 0 0 0 0 0 0 0 0 0 0 0 0 0 0 0 0 0 0 0 0 0 0 0 0 0 0 0 0 0 0 0 0 0 0 0 0 0 0 0 0 0 0 0 0 0 0 0 0 0 0 0 0 0 0 0 0 0 0 0 0 0 0 0 0 0 0 0 0 0 0 0 0 0 1 0 2 2 3 9 3 5 5 7 4 3 6 6 5 9 8 4 4 11 5 5 5 7 8 5 5 8 9 5 6 3 6 5 11 8 10 5 4 6 7 8 13 9 6 6 12 7 9 9 6 10 2 9 6 5 9 8 5 6 8 5 3 8 5 4 3 5 7 4 6 7 8 1 3 3 4 1 2 1 0 0 0 0 0 0 0 0 0 0 0 0 0 0 0 0 0 0 0 0 0 0 0 0 0 0 0 0 0 0 0 0 0 0 0 0 0 0 0 0 0 0 0 0 0 0 0 0 0 0 0 0 0 0 0 0 0 0 0 0 0 0 0 0 0 0 0 0 0 0 0 0 0 0 0 0 0 0 0 0 0 0 0 0 0 0 0 0 
0 0 0 0 0 0 0 0 0 0 0 0 0 0 0 0 0 0 0 0 0 0 0 0 0 0 0 0 0 0 0 0 0 0 0 0 0 0 0 0 0 0 0 0 0 0 0 0 0 0 0 0 0 0 0 0 0 0 0 0 0 0 0 0 0 0 0 0 0 0 0 0 0 0 0 0 0 0 0 0 0 0 0 0 0 0 0 0 0 0 3 4 5 3 9 6 8 7 8 8 2 2 7 4 5 7 9 5 8 7 8 4 8 5 5 8 7 7 6 9 6 5 7 8 6 11 6 5 6 9 8 6 6 8 9 7 9 7 5 9 9 9 3 8 10 5 8 3 2 5 7 12 11 10 3 7 6 2 3 3 8 6 4 4 0 2 2 1 0 0 0 0 0 0 0 0 0 0 0 0 0 0 0 0 0 0 0 0 0 0 0 0 0 0 0 0 0 0 0 0 0 0 0 0 0 0 0 0 0 0 0 0 0 0 0 0 0 0 0 0 0 0 0 0 0 0 0 0 0 0 0 0 0 0 0 0 0 0 0 0 0 0 0 0 0 0 0 0 0 0 0 0 0 0 0 0 
0 0 0 0 0 0 0 0 0 0 0 0 0 0 0 0 0 0 0 0 0 0 0 0 0 0 0 0 0 0 0 0 0 0 0 0 0 0 0 0 0 0 0 0 0 0 0 0 0 0 0 0 0 0 0 0 0 0 0 0 0 0 0 0 0 0 0 0 0 0 0 0 0 0 0 0 0 0 0 0 0 0 0 0 0 0 0 1 1 3 5 2 4 1 5 6 6 9 6 5 4 7 6 7 11 9 8 9 5 10 8 5 4 4 6 10 7 7 7 7 6 6 6 4 3 7 9 7 6 3 10 8 6 4 5 13 10 9 5 4 4 11 6 4 5 4 8 11 2 4 4 9 1 11 4 4 2 6 8 7 6 5 5 4 3 5 0 0 0 0 0 0 0 0 0 0 0 0 0 0 0 0 0 0 0 0 0 0 0 0 0 0 0 0 0 0 0 0 0 0 0 0 0 0 0 0 0 0 0 0 0 0 0 0 0 0 0 0 0 0 0 0 0 0 0 0 0 0 0 0 0 0 0 0 0 0 0 0 0 0 0 0 0 0 0 0 0 0 0 0 0 0 0 0 0 0 
0 0 0 0 0 0 0 0 0 0 0 0 0 0 0 0 0 0 0 0 0 0 0 0 0 0 0 0 0 0 0 0 0 0 0 0 0 0 0 0 0 0 0 0 0 0 0 0 0 0 0 0 0 0 0 0 0 0 0 0 0 0 0 0 0 0 0 0 0 0 0 0 0 0 0 0 0 0 0 0 0 0 0 0 0 0 0 0 1 1 2 6 1 4 5 8 5 2 9 4 6 9 9 7 5 8 8 7 6 7 7 5 5 6 1 16 6 8 9 8 5 9 6 6 6 6 2 8 2 6 17 5 6 7 8 9 7 11 4 6 7 6 4 14 10 2 8 5 9 11 9 3 3 8 8 4 2 9 7 6 4 6 6 4 5 4 3 4 1 0 0 0 0 0 0 0 0 0 0 0 0 0 0 0 0 0 0 0 0 0 0 0 0 0 0 0 0 0 0 0 0 0 0 0 0 0 0 0 0 0 0 0 0 0 0 0 0 0 0 0 0 0 0 0 0 0 0 0 0 0 0 0 0 0 0 0 0 0 0 0 0 0 0 0 0 0 0 0 0 0 0 0 0 0 0 0 
0 0 0 0 0 0 0 0 0 0 0 0 0 0 0 0 0 0 0 0 0 0 0 0 0 0 0 0 0 0 0 0 0 0 0 0 0 0 0 0 0 0 0 0 0 0 0 0 0 0 0 0 0 0 0 0 0 0 0 0 0 0 0 0 0 0 0 0 0 0 0 0 0 0 0 0 0 0 0 0 0 0 0 0 0 0 0 0 1 3 1 4 1 4 1 3 4 7 7 10 4 6 7 3 6 5 6 7 8 4 6 11 5 7 17 11 9 6 8 6 9 12 7 7 5 9 10 9 7 3 3 3 5 8 6 6 4 7 8 7 5 6 6 4 7 8 4 4 8 7 11 5 5 6 6 8 7 6 6 6 6 3 8 3 3 3 4 1 0 0 0 0 0 0 0 0 0 0 0 0 0 0 0 0 0 0 0 0 0 0 0 0 0 0 0 0 0 0 0 0 0 0 0 0 0 0 0 0 0 0 0 0 0 0 0 0 0 0 0 0 0 0 0 0 0 0 0 0 0 0 0 0 0 0 0 0 0 0 0 0 0 0 0 0 0 0 0 0 0 0 0 0 0 0 0 0 
0 0 0 0 0 0 0 0 0 0 0 0 0 0 0 0 0 0 0 0 0 0 0 0 0 0 0 0 0 0 0 0 0 0 0 0 0 0 0 0 0 0 0 0 0 0 0 0 0 0 0 0 0 0 0 0 0 0 0 0 0 0 0 0 0 0 0 0 0 0 0 0 0 0 0 0 0 0 0 0 0 0 0 0 0 0 0 0 1 1 4 5 4 2 4 7 5 5 5 6 5 8 9 6 9 5 5 4 7 6 6 6 3 6 5 4 8 6 7 6 7 5 8 7 6 6 6 7 10 9 7 8 6 8 7 6 6 6 6 9 5 6 2 6 9 10 8 3 8 6 7 8 5 5 8 11 7 3 6 7 5 7 1 4 2 1 2 1 0 0 0 0 0 0 0 0 0 0 0 0 0 0 0 0 0 0 0 0 0 0 0 0 0 0 0 0 0 0 0 0 0 0 0 0 0 0 0 0 0 0 0 0 0 0 0 0 0 0 0 0 0 0 0 0 0 0 0 0 0 0 0 0 0 0 0 0 0 0 0 0 0 0 0 0 0 0 0 0 0 0 0 0 0 0 0 0 
0 0 0 0 0 0 0 0 0 0 0 0 0 0 0 0 0 0 0 0 0 0 0 0 0 0 0 0 0 0 0 0 0 0 0 0 0 0 0 0 0 0 0 0 0 0 0 0 0 0 0 0 0 0 0 0 0 0 0 0 0 0 0 0 0 0 0 0 0 0 0 0 0 0 0 0 0 0 0 0 0 0 0 0 0 0 0 0 0 3 1 1 3 4 8 2 4 7 5 5 6 5 3 3 4 8 6 7 2 4 2 6 1 9 6 7 6 3 6 12 6 8 5 8 9 12 7 5 6 7 7 6 4 4 3 6 6 6 8 9 6 10 11 12 3 4 6 6 5 7 4 5 8 4 5 6 3 4 4 7 4 5 1 2 3 1 4 1 1 0 0 0 0 0 0 0 0 0 0 0 0 0 0 0 0 0 0 0 0 0 0 0 0 0 0 0 0 0 0 0 0 0 0 0 0 0 0 0 0 0 0 0 0 0 0 0 0 0 0 0 0 0 0 0 0 0 0 0 0 0 0 0 0 0 0 0 0 0 0 0 0 0 0 0 0 0 0 0 0 0 0 0 0 0 0 0 
0 0 0 0 0 0 0 0 0 0 0 0 0 0 0 0 0 0 0 0 0 0 0 0 0 0 0 0 0 0 0 0 0 0 0 0 0 0 0 0 0 0 0 0 0 0 0 0 0 0 0 0 0 0 0 0 0 0 0 0 0 0 0 0 0 0 0 0 0 0 0 0 0 0 0 0 0 0 0 0 0 0 0 0 0 0 0 0 1 1 3 2 3 2 2 5 3 5 7 10 5 4 5 7 10 5 6 8 7 5 5 6 8 4 11 8 5 5 2 6 11 3 7 4 5 1 11 5 6 3 6 9 5 8 7 10 5 4 6 8 5 4 6 8 7 9 4 5 6 12 6 3 7 9 7 4 7 6 4 6 2 3 4 6 1 3 3 1 0 0 0 0 0 0 0 0 0 0 0 0 0 0 0 0 0 0 0 0 0 0 0 0 0 0 0 0 0 0 0 0 0 0 0 0 0 0 0 0 0 0 0 0 0 0 0 0 0 0 0 0 0 0 0 0 0 0 0 0 0 0 0 0 0 0 0 0 0 0 0 0 0 0 0 0 0 0 0 0 0 0 0 0 0 0 0 0 
0 0 0 0 0 0 0 0 0 0 0 0 0 0 0 0 0 0 0 0 0 0 0 0 0 0 0 0 0 0 0 0 0 0 0 0 0 0 0 0 0 0 0 0 0 0 0 0 0 0 0 0 0 0 0 0 0 0 0 0 0 0 0 0 0 0 0 0 0 0 0 0 0 0 0 0 0 0 0 0 0 0 0 0 0 0 0 0 0 0 2 4 3 1 4 0 4 4 5 4 5 5 5 7 4 5 4 4 6 6 7 4 4 2 2 4 6 9 9 4 10 7 7 7 7 11 6 8 8 6 4 6 6 4 10 7 5 4 10 2 9 9 7 5 5 6 10 6 5 8 5 3 7 5 5 6 9 3 6 8 6 8 4 5 2 3 2 0 0 0 0 0 0 0 0 0 0 0 0 0 0 0 0 0 0 0 0 0 0 0 0 0 0 0 0 0 0 0 0 0 0 0 0 0 0 0 0 0 0 0 0 0 0 0 0 0 0 0 0 0 0 0 0 0 0 0 0 0 0 0 0 0 0 0 0 0 0 0 0 0 0 0 0 0 0 0 0 0 0 0 0 0 0 0 0 0 
0 0 0 0 0 0 0 0 0 0 0 0 0 0 0 0 0 0 0 0 0 0 0 0 0 0 0 0 0 0 0 0 0 0 0 0 0 0 0 0 0 0 0 0 0 0 0 0 0 0 0 0 0 0 0 0 0 0 0 0 0 0 0 0 0 0 0 0 0 0 0 0 0 0 0 0 0 0 0 0 0 0 0 0 0 0 0 0 1 1 0 2 2 7 4 2 4 5 6 2 5 6 10 3 8 9 8 4 3 6 13 10 10 8 7 5 6 5 8 5 7 8 4 2 6 8 7 8 6 9 7 4 4 10 8 6 6 10 9 6 4 3 5 3 8 9 7 9 4 1 6 7 6 6 1 9 4 7 5 1 7 6 5 1 2 1 5 1 1 0 0 0 0 0 0 0 0 0 0 0 0 0 0 0 0 0 0 0 0 0 0 0 0 0 0 0 0 0 0 0 0 0 0 0 0 0 0 0 0 0 0 0 0 0 0 0 0 0 0 0 0 0 0 0 0 0 0 0 0 0 0 0 0 0 0 0 0 0 0 0 0 0 0 0 0 0 0 0 0 0 0 0 0 0 0 0 
0 0 0 0 0 0 0 0 0 0 0 0 0 0 0 0 0 0 0 0 0 0 0 0 0 0 0 0 0 0 0 0 0 0 0 0 0 0 0 0 0 0 0 0 0 0 0 0 0 0 0 0 0 0 0 0 0 0 0 0 0 0 0 0 0 0 0 0 0 0 0 0 0 0 0 0 0 0 0 0 0 0 0 0 0 0 0 1 1 3 0 1 5 3 5 7 4 11 7 2 5 6 8 6 6 15 5 7 6 8 5 5 6 3 6 8 5 7 5 6 8 6 11 12 8 3 7 6 4 5 10 10 9 4 7 2 4 5 10 9 8 5 10 6 15 4 7 5 5 6 4 1 7 5 9 11 2 4 5 3 9 10 3 4 0 3 0 2 0 0 0 0 0 0 0 0 0 0 0 0 0 0 0 0 0 0 0 0 0 0 0 0 0 0 0 0 0 0 0 0 0 0 0 0 0 0 0 0 0 0 0 0 0 0 0 0 0 0 0 0 0 0 0 0 0 0 0 0 0 0 0 0 0 0 0 0 0 0 0 0 0 0 0 0 0 0 0 0 0 0 0 0 0 0 0 0 
0 0 0 0 0 0 0 0 0 0 0 0 0 0 0 0 0 0 0 0 0 0 0 0 0 0 0 0 0 0 0 0 0 0 0 0 0 0 0 0 0 0 0 0 0 0 0 0 0 0 0 0 0 0 0 0 0 0 0 0 0 0 0 0 0 0 0 0 0 0 0 0 0 0 0 0 0 0 0 0 0 0 0 0 0 0 0 0 0 2 4 5 4 3 5 5 7 2 7 4 4 2 2 5 10 8 3 8 4 8 4 5 7 5 5 10 4 10 11 9 5 6 5 4 12 6 9 5 6 5 5 2 12 5 4 7 7 8 2 8 5 8 12 8 6 9 5 8 8 7 5 5 8 8 7 8 13 7 8 5 9 2 4 2 6 4 3 1 0 0 0 0 0 0 0 0 0 0 0 0 0 0 0 0 0 0 0 0 0 0 0 0 0 0 0 0 0 0 0 0 0 0 0 0 0 0 0 0 0 0 0 0 0 0 0 0 0 0 0 0 0 0 0 0 0 0 0 0 0 0 0 0 0 0 0 0 0 0 0 0 0 0 0 0 0 0 0 0 0 0 0 0 0 0 0 0 
0 0 0 0 0 0 0 0 0 0 0 0 0 0 0 0 0 0 0 0 0 0 0 0 0 0 0 0 0 0 0 0 0 0 0 0 0 0 0 0 0 0 0 0 0 0 0 0 0 0 0 0 0 0 0 0 0 0 0 0 0 0 0 0 0 0 0 0 0 0 0 0 0 0 0 0 0 0 0 0 0 0 0 0 0 0 0 0 2 3 1 4 4 1 4 6 5 8 9 5 9 9 8 6 7 9 3 5 11 1 4 8 6 4 6 7 7 10 6 5 7 10 6 6 11 5 6 6 8 6 8 11 10 10 6 8 10 7 10 5 6 6 4 5 8 13 6 11 4 5 4 5 8 4 6 7 5 4 6 3 5 9 5 2 0 3 4 1 0 0 0 0 0 0 0 0 0 0 0 0 0 0 0 0 0 0 0 0 0 0 0 0 0 0 0 0 0 0 0 0 0 0 0 0 0 0 0 0 0 0 0 0 0 0 0 0 0 0 0 0 0 0 0 0 0 0 0 0 0 0 0 0 0 0 0 0 0 0 0 0 0 0 0 0 0 0 0 0 0 0 0 0 0 0 0 0 
0 0 0 0 0 0 0 0 0 0 0 0 0 0 0 0 0 0 0 0 0 0 0 0 0 0 0 0 0 0 0 0 0 0 0 0 0 0 0 0 0 0 0 0 0 0 0 0 0 0 0 0 0 0 0 0 0 0 0 0 0 0 0 0 0 0 0 0 0 0 0 0 0 0 0 0 0 0 0 0 0 0 0 0 0 0 0 0 1 3 2 0 4 7 11 10 7 10 11 8 5 5 4 6 8 9 7 6 9 10 7 5 7 3 8 9 8 13 10 11 8 9 6 10 9 7 4 7 3 11 3 3 7 8 16 9 10 5 7 8 6 5 9 4 6 8 9 6 7 8 7 5 7 5 8 9 4 4 5 7 4 4 3 1 3 7 4 2 0 0 0 0 0 0 0 0 0 0 0 0 0 0 0 0 0 0 0 0 0 0 0 0 0 0 0 0 0 0 0 0 0 0 0 0 0 0 0 0 0 0 0 0 0 0 0 0 0 0 0 0 0 0 0 0 0 0 0 0 0 0 0 0 0 0 0 0 0 0 0 0 0 0 0 0 0 0 0 0 0 0 0 0 0 0 0 0 
0 0 0 0 0 0 0 0 0 0 0 0 0 0 0 0 0 0 0 0 0 0 0 0 0 0 0 0 0 0 0 0 0 0 0 0 0 0 0 0 0 0 0 0 0 0 0 0 0 0 0 0 0 0 0 0 0 0 0 0 0 0 0 0 0 0 0 0 0 0 0 0 0 0 0 0 0 0 0 0 0 0 0 0 0 0 0 0 0 3 2 3 2 7 10 7 9 9 4 7 8 7 6 4 4 3 6 5 7 5 3 9 7 9 8 5 9 7 6 2 6 6 10 7 3 3 6 13 5 6 10 5 3 3 8 11 7 7 3 3 7 6 5 10 3 6 9 6 7 14 9 4 5 6 5 7 10 7 5 3 6 4 1 4 1 4 3 0 0 0 0 0 0 0 0 0 0 0 0 0 0 0 0 0 0 0 0 0 0 0 0 0 0 0 0 0 0 0 0 0 0 0 0 0 0 0 0 0 0 0 0 0 0 0 0 0 0 0 0 0 0 0 0 0 0 0 0 0 0 0 0 0 0 0 0 0 0 0 0 0 0 0 0 0 0 0 0 0 0 0 0 0 0 0 0 0 
0 0 0 0 0 0 0 0 0 0 0 0 0 0 0 0 0 0 0 0 0 0 0 0 0 0 0 0 0 0 0 0 0 0 0 0 0 0 0 0 0 0 0 0 0 0 0 0 0 0 0 0 0 0 0 0 0 0 0 0 0 0 0 0 0 0 0 0 0 0 0 0 0 0 0 0 0 0 0 0 0 0 0 0 0 0 0 1 0 2 3 5 2 3 6 4 11 5 10 4 6 9 5 8 11 6 4 11 6 9 5 5 6 10 6 5 5 5 9 6 4 12 7 6 11 7 8 8 5 4 9 5 5 5 12 7 6 3 6 4 11 4 5 8 8 4 5 8 4 4 9 8 5 4 7 9 4 7 5 5 5 7 5 2 4 1 4 0 0 0 0 0 0 0 0 0 0 0 0 0 0 0 0 0 0 0 0 0 0 0 0 0 0 0 0 0 0 0 0 0 0 0 0 0 0 0 0 0 0 0 0 0 0 0 0 0 0 0 0 0 0 0 0 0 0 0 0 0 0 0 0 0 0 0 0 0 0 0 0 0 0 0 0 0 0 0 0 0 0 0 0 0 0 0 0 0 
0 0 0 0 0 0 0 0 0 0 0 0 0 0 0 0 0 0 0 0 0 0 0 0 0 0 0 0 0 0 0 0 0 0 0 0 0 0 0 0 0 0 0 0 0 0 0 0 0 0 0 0 0 0 0 0 0 0 0 0 0 0 0 0 0 0 0 0 0 0 0 0 0 0 0 0 0 0 0 0 0 0 0 0 0 0 0 0 0 1 4 2 3 3 6 5 11 7 7 7 6 6 3 7 10 2 8 5 4 9 6 5 6 4 7 4 9 9 10 7 9 10 10 12 7 8 8 5 11 7 6 7 6 7 8 6 11 6 10 2 7 5 5 6 6 5 5 5 5 3 4 10 6 10 4 5 9 9 9 8 0 4 4 3 4 1 2 0 0 0 0 0 0 0 0 0 0 0 0 0 0 0 0 0 0 0 0 0 0 0 0 0 0 0 0 0 0 0 0 0 0 0 0 0 0 0 0 0 0 0 0 0 0 0 0 0 0 0 0 0 0 0 0 0 0 0 0 0 0 0 0 0 0 0 0 0 0 0 0 0 0 0 0 0 0 0 0 0 0 0 0 0 0 0 0 0 
0 0 0 0 0 0 0 0 0 0 0 0 0 0 0 0 0 0 0 0 0 0 0 0 0 0 0 0 0 0 0 0 0 0 0 0 0 0 0 0 0 0 0 0 0 0 0 0 0 0 0 0 0 0 0 0 0 0 0 0 0 0 0 0 0 0 0 0 0 0 0 0 0 0 0 0 0 0 0 0 0 0 0 0 0 0 0 0 0 2 1 1 1 7 1 3 4 3 3 8 10 11 3 14 3 7 4 3 2 5 3 8 7 12 6 10 2 6 11 5 12 7 8 5 6 11 6 10 8 8 8 11 10 7 5 8 11 6 8 7 5 6 5 5 2 7 5 4 6 8 7 4 5 9 6 5 3 5 6 6 3 6 6 4 1 3 3 2 1 0 0 0 0 0 0 0 0 0 0 0 0 0 0 0 0 0 0 0 0 0 0 0 0 0 0 0 0 0 0 0 0 0 0 0 0 0 0 0 0 0 0 0 0 0 0 0 0 0 0 0 0 0 0 0 0 0 0 0 0 0 0 0 0 0 0 0 0 0 0 0 0 0 0 0 0 0 0 0 0 0 0 0 0 0 0 0 
0 0 0 0 0 0 0 0 0 0 0 0 0 0 0 0 0 0 0 0 0 0 0 0 0 0 0 0 0 0 0 0 0 0 0 0 0 0 0 0 0 0 0 0 0 0 0 0 0 0 0 0 0 0 0 0 0 0 0 0 0 0 0 0 0 0 0 0 0 0 0 0 0 0 0 0 0 0 0 0 0 0 0 0 0 0 0 0 1 1 2 2 2 3 5 8 10 3 8 7 5 3 4 8 3 7 5 5 2 6 7 5 4 4 14 5 5 2 3 7 6 9 4 10 7 15 6 9 9 5 7 4 9 9 9 4 5 7 5 2 3 10 6 5 4 6 5 2 10 5 3 4 7 3 2 6 5 9 3 6 4 3 4 1 5 2 3 0 2 0 0 0 0 0 0 0 0 0 0 0 0 0 0 0 0 0 0 0 0 0 0 0 0 0 0 0 0 0 0 0 0 0 0 0 0 0 0 0 0 0 0 0 0 0 0 0 0 0 0 0 0 0 0 0 0 0 0 0 0 0 0 0 0 0 0 0 0 0 0 0 0 0 0 0 0 0 0 0 0 0 0 0 0 0 0 0 
0 0 0 0 0 0 0 0 0 0 0 0 0 0 0 0 0 0 0 0 0 0 0 0 0 0 0 0 0 0 0 0 0 0 0 0 0 0 0 0 0 0 0 0 0 0 0 0 0 0 0 0 0 0 0 0 0 0 0 0 0 0 0 0 0 0 0 0 0 0 0 0 0 0 0 0 0 0 0 0 0 0 0 0 0 0 0 1 0 1 2 1 3 9 6 2 3 6 9 4 8 5 8 5 5 6 6 8 4 7 5 7 4 4 7 9 7 5 7 5 10 11 5 6 4 8 4 9 6 4 6 7 4 9 6 0 7 9 12 10 5 8 6 6 9 5 6 6 7 4 2 9 6 2 7 2 3 13 7 5 6 2 1 4 2 2 2 1 0 0 0 0 0 0 0 0 0 0 0 0 0 0 0 0 0 0 0 0 0 0 0 0 0 0 0 0 0 0 0 0 0 0 0 0 0 0 0 0 0 0 0 0 0 0 0 0 0 0 0 0 0 0 0 0 0 0 0 0 0 0 0 0 0 0 0 0 0 0 0 0 0 0 0 0 0 0 0 0 0 0 0 0 0 0 0 0 
0 0 0 0 0 0 0 0 0 0 0 0 0 0 0 0 0 0 0 0 0 0 0 0 0 0 0 0 0 0 0 0 0 0 0 0 0 0 0 0 0 0 0 0 0 0 0 0 0 0 0 0 0 0 0 0 0 0 0 0 0 0 0 0 0 0 0 0 0 0 0 0 0 0 0 0 0 0 0 0 0 0 0 0 0 0 0 0 0 1 1 0 3 3 2 6 8 6 6 5 2 2 7 7 6 4 6 3 5 12 7 5 8 4 13 7 4 10 3 7 8 8 9 4 6 9 8 7 5 10 7 6 10 8 3 8 6 7 2 3 3 7 4 7 6 8 8 4 4 5 6 5 6 5 8 6 7 3 0 6 4 5 4 8 1 2 1 5 0 0 0 0 0 0 0 0 0 0 0 0 0 0 0 0 0 0 0 0 0 0 0 0 0 0 0 0 0 0 0 0 0 0 0 0 0 0 0 0 0 0 0 0 0 0 0 0 0 0 0 0 0 0 0 0 0 0 0 0 0 0 0 0 0 0 0 0 0 0 0 0 0 0 0 0 0 0 0 0 0 0 0 0 0 0 0 0 
0 0 0 0 0 0 0 0 0 0 0 0 0 0 0 0 0 0 0 0 0 0 0 0 0 0 0 0 0 0 0 0 0 0 0 0 0 0 0 0 0 0 0 0 0 0 0 0 0 0 0 0 0 0 0 0 0 0 0 0 0 0 0 0 0 0 0 0 0 0 0 0 0 0 0 0 0 0 0 0 0 0 0 0 0 0 0 0 1 2 3 1 2 4 2 5 8 9 8 6 5 4 4 7 7 7 8 7 4 5 9 4 11 8 7 11 1 10 7 11 12 12 6 6 9 5 10 6 4 13 4 4 5 7 10 6 9 7 4 14 11 8 4 9 13 9 10 5 9 6 4 4 5 8 3 4 8 3 3 6 4 1 2 3 4 2 3 4 0 0 0 0 0 0 0 0 0 0 0 0 0 0 0 0 0 0 0 0 0 0 0 0 0 0 0 0 0 0 0 0 0 0 0 0 0 0 0 0 0 0 0 0 0 0 0 0 0 0 0 0 0 0 0 0 0 0 0 0 0 0 0 0 0 0 0 0 0 0 0 0 0 0 0 0 0 0 0 0 0 0 0 0 0 0 0 0 
0 0 0 0 0 0 0 0 0 0 0 0 0 0 0 0 0 0 0 0 0 0 0 0 0 0 0 0 0 0 0 0 0 0 0 0 0 0 0 0 0 0 0 0 0 0 0 0 0 0 0 0 0 0 0 0 0 0 0 0 0 0 0 0 0 0 0 0 0 0 0 0 0 0 0 0 0 0 0 0 0 0 0 0 0 0 0 0 2 2 3 1 4 4 3 3 4 7 8 3 5 6 4 5 6 9 5 9 6 3 9 2 9 8 5 7 10 8 8 9 6 6 2 5 5 5 5 7 7 8 6 5 13 9 2 3 7 3 9 9 13 12 11 10 6 5 7 12 9 2 10 9 9 8 8 4 3 1 4 7 7 6 4 1 3 1 1 3 0 0 0 0 0 0 0 0 0 0 0 0 0 0 0 0 0 0 0 0 0 0 0 0 0 0 0 0 0 0 0 0 0 0 0 0 0 0 0 0 0 0 0 0 0 0 0 0 0 0 0 0 0 0 0 0 0 0 0 0 0 0 0 0 0 0 0 0 0 0 0 0 0 0 0 0 0 0 0 0 0 0 0 0 0 0 0 0 
0 0 0 0 0 0 0 0 0 0 0 0 0 0 0 0 0 0 0 0 0 0 0 0 0 0 0 0 0 0 0 0 0 0 0 0 0 0 0 0 0 0 0 0 0 0 0 0 0 0 0 0 0 0 0 0 0 0 0 0 0 0 0 0 0 0 0 0 0 0 0 0 0 0 0 0 0 0 0 0 0 0 0 0 0 0 0 0 1 0 1 2 2 3 3 4 2 7 10 4 3 3 5 5 6 7 4 5 5 7 7 6 6 4 5 12 5 7 10 4 4 5 11 4 6 8 9 5 12 4 6 7 7 5 12 13 3 5 7 3 4 11 5 10 6 8 11 11 5 4 4 3 7 5 3 6 6 7 6 4 3 7 1 3 2 2 2 1 0 0 0 0 0 0 0 0 0 0 0 0 0 0 0 0 0 0 0 0 0 0 0 0 0 0 0 0 0 0 0 0 0 0 0 0 0 0 0 0 0 0 0 0 0 0 0 0 0 0 0 0 0 0 0 0 0 0 0 0 0 0 0 0 0 0 0 0 0 0 0 0 0 0 0 0 0 0 0 0 0 0 0 0 0 0 0 0 
0 0 0 0 0 0 0 0 0 0 0 0 0 0 0 0 0 0 0 0 0 0 0 0 0 0 0 0 0 0 0 0 0 0 0 0 0 0 0 0 0 0 0 0 0 0 0 0 0 0 0 0 0 0 0 0 0 0 0 0 0 0 0 0 0 0 0 0 0 0 0 0 0 0 0 0 0 0 0 0 0 0 0 0 0 0 0 1 0 4 1 6 0 3 2 8 5 4 4 7 6 2 8 3 5 6 7 5 8 4 4 7 3 3 10 7 7 7 4 8 7 3 10 3 5 3 8 9 7 7 7 9 7 4 4 10 11 2 9 8 7 8 6 7 7 8 0 6 1 5 7 5 7 7 7 5 4 4 6 9 10 6 4 3 2 1 2 0 1 0 0 0 0 0 0 0 0 0 0 0 0 0 0 0 0 0 0 0 0 0 0 0 0 0 0 0 0 0 0 0 0 0 0 0 0 0 0 0 0 0 0 0 0 0 0 0 0 0 0 0 0 0 0 0 0 0 0 0 0 0 0 0 0 0 0 0 0 0 0 0 0 0 0 0 0 0 0 0 0 0 0 0 0 0 0 0 
0 0 0 0 0 0 0 0 0 0 0 0 0 0 0 0 0 0 0 0 0 0 0 0 0 0 0 0 0 0 0 0 0 0 0 0 0 0 0 0 0 0 0 0 0 0 0 0 0 0 0 0 0 0 0 0 0 0 0 0 0 0 0 0 0 0 0 0 0 0 0 0 0 0 0 0 0 0 0 0 0 0 0 0 0 0 0 0 0 2 5 1 4 2 4 4 6 6 2 3 2 4 6 3 6 6 5 5 4 6 5 4 4 2 7 5 6 2 7 7 2 3 6 4 6 8 1 7 3 5 5 4 2 10 1 6 7 2 5 9 7 7 8 3 6 4 4 7 3 2 3 8 1 6 4 6 7 3 6 7 4 8 4 4 1 6 3 1 1 0 0 0 0 0 0 0 0 0 0 0 0 0 0 0 0 0 0 0 0 0 0 0 0 0 0 0 0 0 0 0 0 0 0 0 0 0 0 0 0 0 0 0 0 0 0 0 0 0 0 0 0 0 0 0 0 0 0 0 0 0 0 0 0 0 0 0 0 0 0 0 0 0 0 0 0 0 0 0 0 0 0 0 0 0 0 0 
0 0 0 0 0 0 0 0 0 0 0 0 0 0 0 0 0 0 0 0 0 0 0 0 0 0 0 0 0 0 0 0 0 0 0 0 0 0 0 0 0 0 0 0 0 0 0 0 0 0 0 0 0 0 0 0 0 0 0 0 0 0 0 0 0 0 0 0 0 0 0 0 0 0 0 0 0 0 0 0 0 0 0 0 0 0 0 0 1 0 0 2 3 2 5 2 2 4 2 4 2 3 4 6 2 3 2 4 4 4 3 4 4 3 4 4 3 6 6 5 5 11 6 1 5 5 3 5 8 0 6 4 4 4 5 0 5 6 5 5 9 10 5 3 4 4 1 5 6 6 4 7 5 3 2 2 5 8 6 7 4 1 2 9 1 0 0 0 0 0 0 0 0 0 0 0 0 0 0 0 0 0 0 0 0 0 0 0 0 0 0 0 0 0 0 0 0 0 0 0 0 0 0 0 0 0 0 0 0 0 0 0 0 0 0 0 0 0 0 0 0 0 0 0 0 0 0 0 0 0 0 0 0 0 0 0 0 0 0 0 0 0 0 0 0 0 0 0 0 0 0 0 0 0 0 0 
0 0 0 0 0 0 0 0 0 0 0 0 0 0 0 0 0 0 0 0 0 0 0 0 0 0 0 0 0 0 0 0 0 0 0 0 0 0 0 0 0 0 0 0 0 0 0 0 0 0 0 0 0 0 0 0 0 0 0 0 0 0 0 0 0 0 0 0 0 0 0 0 0 0 0 0 0 0 0 0 0 0 0 0 0 0 0 0 0 2 2 2 3 2 1 5 1 3 3 6 3 3 2 1 3 7 5 8 5 6 8 8 9 5 4 9 3 4 2 4 5 4 6 2 4 8 3 8 6 5 6 8 9 5 6 9 3 5 3 6 6 3 5 6 9 5 6 3 5 3 4 5 4 6 8 2 4 5 2 8 1 2 3 4 2 1 1 2 0 0 0 0 0 0 0 0 0 0 0 0 0 0 0 0 0 0 0 0 0 0 0 0 0 0 0 0 0 0 0 0 0 0 0 0 0 0 0 0 0 0 0 0 0 0 0 0 0 0 0 0 0 0 0 0 0 0 0 0 0 0 0 0 0 0 0 0 0 0 0 0 0 0 0 0 0 0 0 0 0 0 0 0 0 0 0 0 
0 0 0 0 0 0 0 0 0 0 0 0 0 0 0 0 0 0 0 0 0 0 0 0 0 0 0 0 0 0 0 0 0 0 0 0 0 0 0 0 0 0 0 0 0 0 0 0 0 0 0 0 0 0 0 0 0 0 0 0 0 0 0 0 0 0 0 0 0 0 0 0 0 0 0 0 0 0 0 0 0 0 0 0 0 0 0 0 2 1 1 3 1 4 2 2 4 4 9 5 8 4 5 6 9 3 7 5 4 4 2 3 4 7 8 5 3 5 8 3 3 4 11 7 6 3 3 2 5 3 7 8 5 4 3 4 6 8 6 8 6 3 6 5 4 3 12 2 5 5 7 5 6 8 4 5 7 5 1 7 7 3 5 3 2 3 0 0 1 0 0 0 0 0 0 0 0 0 0 0 0 0 0 0 0 0 0 0 0 0 0 0 0 0 0 0 0 0 0 0 0 0 0 0 0 0 0 0 0 0 0 0 0 0 0 0 0 0 0 0 0 0 0 0 0 0 0 0 0 0 0 0 0 0 0 0 0 0 0 0 0 0 0 0 0 0 0 0 0 0 0 0 0 0 0 0 
0 0 0 0 0 0 0 0 0 0 0 0 0 0 0 0 0 0 0 0 0 0 0 0 0 0 0 0 0 0 0 0 0 0 0 0 0 0 0 0 0 0 0 0 0 0 0 0 0 0 0 0 0 0 0 0 0 0 0 0 0 0 0 0 0 0 0 0 0 0 0 0 0 0 0 0 0 0 0 0 0 0 0 0 0 0 0 0 2 1 2 1 3 2 4 5 2 5 4 6 3 2 4 8 6 5 4 3 2 7 3 8 5 6 2 6 2 9 7 3 6 9 3 7 4 6 8 4 4 9 5 7 4 3 11 7 6 5 5 3 8 6 10 3 8 7 5 1 3 14 6 3 3 6 3 6 6 2 3 2 4 1 4 1 4 1 2 1 0 0 0 0 0 0 0 0 0 0 0 0 0 0 0 0 0 0 0 0 0 0 0 0 0 0 0 0 0 0 0 0 0 0 0 0 0 0 0 0 0 0 0 0 0 0 0 0 0 0 0 0 0 0 0 0 0 0 0 0 0 0 0 0 0 0 0 0 0 0 0 0 0 0 0 0 0 0 0 0 0 0 0 0 0 0 0 0 
0 0 0 0 0 0 0 0 0 0 0 0 0 0 0 0 0 0 0 0 0 0 0 0 0 0 0 0 0 0 0 0 0 0 0 0 0 0 0 0 0 0 0 0 0 0 0 0 0 0 0 0 0 0 0 0 0 0 0 0 0 0 0 0 0 0 0 0 0 0 0 0 0 0 0 0 0 0 0 0 0 0 0 0 0 0 0 2 1 1 2 3 3 4 5 6 3 11 7 5 0 1 2 5 9 6 6 5 2 2 8 3 6 5 7 7 6 5 9 12 5 3 7 4 4 6 4 1 7 10 4 3 9 4 6 7 6 7 10 4 5 7 2 4 2 3 4 6 5 5 3 1 4 6 2 2 3 4 5 4 5 3 3 3 4 1 0 0 1 0 0 0 0 0 0 0 0 0 0 0 0 0 0 0 0 0 0 0 0 0 0 0 0 0 0 0 0 0 0 0 0 0 0 0 0 0 0 0 0 0 0 0 0 0 0 0 0 0 0 0 0 0 0 0 0 0 0 0 0 0 0 0 0 0 0 0 0 0 0 0 0 0 0 0 0 0 0 0 0 0 0 0 0 0 0 0 
0 0 0 0 0 0 0 0 0 0 0 0 0 0 0 0 0 0 0 0 0 0 0 0 0 0 0 0 0 0 0 0 0 0 0 0 0 0 0 0 0 0 0 0 0 0 0 0 0 0 0 0 0 0 0 0 0 0 0 0 0 0 0 0 0 0 0 0 0 0 0 0 0 0 0 0 0 0 0 0 0 0 0 0 0 0 0 0 2 2 2 3 1 0 8 3 4 7 5 3 6 5 3 4 3 6 4 7 9 4 3 5 2 6 6 4 1 9 3 2 4 9 8 7 1 7 3 5 3 4 3 6 3 7 7 7 9 2 5 7 5 7 3 7 1 7 6 7 5 4 4 5 5 4 5 5 9 6 7 3 4 3 2 3 5 0 2 1 1 0 0 0 0 0 0 0 0 0 0 0 0 0 0 0 0 0 0 0 0 0 0 0 0 0 0 0 0 0 0 0 0 0 0 0 0 0 0 0 0 0 0 0 0 0 0 0 0 0 0 0 0 0 0 0 0 0 0 0 0 0 0 0 0 0 0 0 0 0 0 0 0 0 0 0 0 0 0 0 0 0 0 0 0 0 0 0 
0 0 0 0 0 0 0 0 0 0 0 0 0 0 0 0 0 0 0 0 0 0 0 0 0 0 0 0 0 0 0 0 0 0 0 0 0 0 0 0 0 0 0 0 0 0 0 0 0 0 0 0 0 0 0 0 0 0 0 0 0 0 0 0 0 0 0 0 0 0 0 0 0 0 0 0 0 0 0 0 0 0 0 0 0 0 0 0 0 0 2 2 2 7 8 2 6 2 1 7 7 3 4 6 8 7 4 3 3 9 8 6 3 8 8 3 5 4 7 4 6 1 6 7 6 5 4 4 6 5 6 1 7 5 10 7 4 3 3 6 9 4 7 1 8 4 7 4 7 8 8 6 8 7 4 4 2 4 7 5 3 7 3 0 4 3 0 1 2 0 0 0 0 0 0 0 0 0 0 0 0 0 0 0 0 0 0 0 0 0 0 0 0 0 0 0 0 0 0 0 0 0 0 0 0 0 0 0 0 0 0 0 0 0 0 0 0 0 0 0 0 0 0 0 0 0 0 0 0 0 0 0 0 0 0 0 0 0 0 0 0 0 0 0 0 0 0 0 0 0 0 0 0 0 0 0 
0 0 0 0 0 0 0 0 0 0 0 0 0 0 0 0 0 0 0 0 0 0 0 0 0 0 0 0 0 0 0 0 0 0 0 0 0 0 0 0 0 0 0 0 0 0 0 0 0 0 0 0 0 0 0 0 0 0 0 0 0 0 0 0 0 0 0 0 0 0 0 0 0 0 0 0 0 0 0 0 0 0 0 0 0 0 0 0 0 1 2 1 4 2 5 2 5 8 1 5 3 9 6 7 6 8 5 9 8 3 5 2 7 4 6 6 7 5 3 6 7 5 6 6 9 4 3 6 5 6 3 3 5 8 6 3 5 5 3 6 7 2 8 7 7 8 3 7 6 8 5 6 2 6 6 6 3 5 7 7 2 4 5 4 1 3 2 3 0 0 0 0 0 0 0 0 0 0 0 0 0 0 0 0 0 0 0 0 0 0 0 0 0 0 0 0 0 0 0 0 0 0 0 0 0 0 0 0 0 0 0 0 0 0 0 0 0 0 0 0 0 0 0 0 0 0 0 0 0 0 0 0 0 0 0 0 0 0 0 0 0 0 0 0 0 0 0 0 0 0 0 0 0 0 0 0 
0 0 0 0 0 0 0 0 0 0 0 0 0 0 0 0 0 0 0 0 0 0 0 0 0 0 0 0 0 0 0 0 0 0 0 0 0 0 0 0 0 0 0 0 0 0 0 0 0 0 0 0 0 0 0 0 0 0 0 0 0 0 0 0 0 0 0 0 0 0 0 0 0 0 0 0 0 0 0 0 0 0 0 0 0 0 0 0 0 1 1 5 3 5 1 4 4 3 6 2 7 3 6 10 9 5 4 7 4 3 6 8 6 1 7 8 8 2 3 5 3 5 4 4 2 8 8 8 9 5 9 6 7 4 5 3 8 6 3 7 4 3 6 6 6 7 9 3 11 6 9 11 2 2 3 7 9 3 6 4 6 1 2 5 1 3 0 0 1 0 0 0 0 0 0 0 0 0 0 0 0 0 0 0 0 0 0 0 0 0 0 0 0 0 0 0 0 0 0 0 0 0 0 0 0 0 0 0 0 0 0 0 0 0 0 0 0 0 0 0 0 0 0 0 0 0 0 0 0 0 0 0 0 0 0 0 0 0 0 0 0 0 0 0 0 0 0 0 0 0 0 0 0 0 0 0 
0 0 0 0 0 0 0 0 0 0 0 0 0 0 0 0 0 0 0 0 0 0 0 0 0 0 0 0 0 0 0 0 0 0 0 0 0 0 0 0 0 0 0 0 0 0 0 0 0 0 0 0 0 0 0 0 0 0 0 0 0 0 0 0 0 0 0 0 0 0 0 0 0 0 0 0 0 0 0 0 0 0 0 0 0 0 0 0 0 2 3 1 3 4 3 4 5 3 4 5 7 6 2 4 3 2 4 5 3 4 7 5 3 8 4 7 5 5 4 8 8 3 12 8 12 10 4 3 4 5 4 6 10 5 6 5 5 3 5 4 10 7 7 5 8 6 7 2 5 7 1 7 6 3 6 4 5 6 6 9 6 3 7 3 2 2 2 2 0 0 0 0 0 0 0 0 0 0 0 0 0 0 0 0 0 0 0 0 0 0 0 0 0 0 0 0 0 0 0 0 0 0 0 0 0 0 0 0 0 0 0 0 0 0 0 0 0 0 0 0 0 0 0 0 0 0 0 0 0 0 0 0 0 0 0 0 0 0 0 0 0 0 0 0 0 0 0 0 0 0 0 0 0 0 0 0 
0 0 0 0 0 0 0 0 0 0 0 0 0 0 0 0 0 0 0 0 0 0 0 0 0 0 0 0 0 0 0 0 0 0 0 0 0 0 0 0 0 0 0 0 0 0 0 0 0 0 0 0 0 0 0 0 0 0 0 0 0 0 0 0 0 0 0 0 0 0 0 0 0 0 0 0 0 0 0 0 0 0 0 0 0 0 0 2 0 1 5 3 3 2 2 2 6 5 7 3 2 5 3 5 5 2 9 2 4 7 6 4 4 6 5 6 1 5 4 7 7 1 5 2 5 5 6 4 5 4 1 5 6 6 3 6 8 8 7 4 5 7 2 1 6 7 3 3 3 5 6 5 2 7 6 4 3 5 1 7 3 2 4 4 2 2 1 1 0 0 0 0 0 0 0 0 0 0 0 0 0 0 0 0 0 0 0 0 0 0 0 0 0 0 0 0 0 0 0 0 0 0 0 0 0 0 0 0 0 0 0 0 0 0 0 0 0 0 0 0 0 0 0 0 0 0 0 0 0 0 0 0 0 0 0 0 0 0 0 0 0 0 0 0 0 0 0 0 0 0 0 0 0 0 0 0 
0 0 0 0 0 0 0 0 0 0 0 0 0 0 0 0 0 0 0 0 0 0 0 0 0 0 0 0 0 0 0 0 0 0 0 0 0 0 0 0 0 0 0 0 0 0 0 0 0 0 0 0 0 0 0 0 0 0 0 0 0 0 0 0 0 0 0 0 0 0 0 0 0 0 0 0 0 0 0 0 0 0 0 0 0 0 0 0 0 1 2 0 4 6 2 2 1 3 7 5 2 4 2 4 3 4 3 5 6 6 7 8 5 6 6 4 5 4 5 5 3 6 3 8 6 4 5 9 3 4 4 7 7 8 4 7 9 3 6 5 3 7 5 7 4 5 4 2 8 9 5 5 5 3 3 7 4 3 3 6 5 1 2 2 0 0 0 0 0 0 0 0 0 0 0 0 0 0 0 0 0 0 0 0 0 0 0 0 0 0 0 0 0 0 0 0 0 0 0 0 0 0 0 0 0 0 0 0 0 0 0 0 0 0 0 0 0 0 0 0 0 0 0 0 0 0 0 0 0 0 0 0 0 0 0 0 0 0 0 0 0 0 0 0 0 0 0 0 0 0 0 0 0 0 0 0 
0 0 0 0 0 0 0 0 0 0 0 0 0 0 0 0 0 0 0 0 0 0 0 0 0 0 0 0 0 0 0 0 0 0 0 0 0 0 0 0 0 0 0 0 0 0 0 0 0 0 0 0 0 0 0 0 0 0 0 0 0 0 0 0 0 0 0 0 0 0 0 0 0 0 0 0 0 0 0 0 0 0 0 0 0 0 0 0 0 0 2 1 0 4 4 4 5 6 0 6 4 1 3 1 6 5 5 1 7 5 8 7 7 7 2 1 5 4 6 7 4 1 3 5 7 2 7 7 4 6 5 3 7 5 7 9 7 4 2 2 4 4 5 2 5 2 2 1 8 2 11 4 3 3 8 1 3 4 9 4 5 3 4 4 4 2 0 1 0 0 0 0 0 0 0 0 0 0 0 0 0 0 0 0 0 0 0 0 0 0 0 0 0 0 0 0 0 0 0 0 0 0 0 0 0 0 0 0 0 0 0 0 0 0 0 0 0 0 0 0 0 0 0 0 0 0 0 0 0 0 0 0 0 0 0 0 0 0 0 0 0 0 0 0 0 0 0 0 0 0 0 0 0 0 0 0 
0 0 0 0 0 0 0 0 0 0 0 0 0 0 0 0 0 0 0 0 0 0 0 0 0 0 0 0 0 0 0 0 0 0 0 0 0 0 0 0 0 0 0 0 0 0 0 0 0 0 0 0 0 0 0 0 0 0 0 0 0 0 0 0 0 0 0 0 0 0 0 0 0 0 0 0 0 0 0 0 0 0 0 0 0 0 0 0 0 1 0 2 5 1 2 1 4 4 7 1 5 7 5 2 2 3 7 5 7 5 5 5 9 4 7 6 5 4 8 2 4 8 7 4 7 12 7 8 6 3 9 5 3 3 4 9 11 5 8 10 3 3 3 0 9 4 8 2 6 5 7 6 3 8 2 6 4 4 2 2 4 7 4 2 0 1 0 0 0 0 0 0 0 0 0 0 0 0 0 0 0 0 0 0 0 0 0 0 0 0 0 0 0 0 0 0 0 0 0 0 0 0 0 0 0 0 0 0 0 0 0 0 0 0 0 0 0 0 0 0 0 0 0 0 0 0 0 0 0 0 0 0 0 0 0 0 0 0 0 0 0 0 0 0 0 0 0 0 0 0 0 0 0 0 0 0 
0 0 0 0 0 0 0 0 0 0 0 0 0 0 0 0 0 0 0 0 0 0 0 0 0 0 0 0 0 0 0 0 0 0 0 0 0 0 0 0 0 0 0 0 0 0 0 0 0 0 0 0 0 0 0 0 0 0 0 0 0 0 0 0 0 0 0 0 0 0 0 0 0 0 0 0 0 0 0 0 0 0 0 0 0 0 0 0 0 3 0 1 2 2 5 4 3 4 5 3 4 4 4 8 6 3 2 6 3 6 5 4 7 4 8 6 10 5 5 4 2 3 10 10 2 7 3 7 8 1 6 2 1 7 3 8 7 4 1 7 4 5 6 3 4 8 3 4 4 5 5 2 6 4 3 6 1 2 4 6 5 2 2 2 2 0 1 0 0 0 0 0 0 0 0 0 0 0 0 0 0 0 0 0 0 0 0 0 0 0 0 0 0 0 0 0 0 0 0 0 0 0 0 0 0 0 0 0 0 0 0 0 0 0 0 0 0 0 0 0 0 0 0 0 0 0 0 0 0 0 0 0 0 0 0 0 0 0 0 0 0 0 0 0 0 0 0 0 0 0 0 0 0 0 0 0 
0 0 0 0 0 0 0 0 0 0 0 0 0 0 0 0 0 0 0 0 0 0 0 0 0 0 0 0 0 0 0 0 0 0 0 0 0 0 0 0 0 0 0 0 0 0 0 0 0 0 0 0 0 0 0 0 0 0 0 0 0 0 0 0 0 0 0 0 0 0 0 0 0 0 0 0 0 0 0 0 0 0 0 0 0 0 0 2 0 1 0 2 1 3 3 4 4 7 3 5 7 3 5 5 5 9 3 3 9 1 8 9 7 6 4 4 5 8 3 3 6 5 10 8 6 5 3 9 5 3 2 7 6 5 5 11 4 6 3 7 5 8 5 3 8 1 7 4 7 6 5 4 4 1 3 6 3 5 4 5 1 2 3 3 0 2 0 1 0 0 0 0 0 0 0 0 0 0 0 0 0 0 0 0 0 0 0 0 0 0 0 0 0 0 0 0 0 0 0 0 0 0 0 0 0 0 0 0 0 0 0 0 0 0 0 0 0 0 0 0 0 0 0 0 0 0 0 0 0 0 0 0 0 0 0 0 0 0 0 0 0 0 0 0 0 0 0 0 0 0 0 0 0 0 0 0 
0 0 0 0 0 0 0 0 0 0 0 0 0 0 0 0 0 0 0 0 0 0 0 0 0 0 0 0 0 0 0 0 0 0 0 0 0 0 0 0 0 0 0 0 0 0 0 0 0 0 0 0 0 0 0 0 0 0 0 0 0 0 0 0 0 0 0 0 0 0 0 0 0 0 0 0 0 0 0 0 0 0 0 0 0 0 0 0 1 1 2 1 5 2 4 2 3 3 6 10 4 7 6 6 8 5 5 7 3 2 5 8 2 5 6 3 3 6 3 5 6 6 5 5 5 4 10 7 8 5 4 9 4 8 5 12 7 5 7 7 4 8 7 10 4 3 4 5 2 3 3 4 5 6 8 4 4 6 4 4 5 7 4 1 0 1 1 1 0 0 0 0 0 0 0 0 0 0 0 0 0 0 0 0 0 0 0 0 0 0 0 0 0 0 0 0 0 0 0 0 0 0 0 0 0 0 0 0 0 0 0 0 0 0 0 0 0 0 0 0 0 0 0 0 0 0 0 0 0 0 0 0 0 0 0 0 0 0 0 0 0 0 0 0 0 0 0 0 0 0 0 0 0 0 0 0 
0 0 0 0 0 0 0 0 0 0 0 0 0 0 0 0 0 0 0 0 0 0 0 0 0 0 0 0 0 0 0 0 0 0 0 0 0 0 0 0 0 0 0 0 0 0 0 0 0 0 0 0 0 0 0 0 0 0 0 0 0 0 0 0 0 0 0 0 0 0 0 0 0 0 0 0 0 0 0 0 0 0 0 0 0 0 0 0 0 1 2 3 2 3 2 4 4 5 3 2 3 7 5 6 5 3 5 5 5 2 7 5 6 4 5 2 3 5 3 9 5 5 6 6 10 4 4 4 4 4 1 4 7 9 5 4 2 8 4 4 7 2 2 6 7 5 8 4 4 4 1 1 9 5 4 8 5 4 6 5 5 5 3 2 0 1 2 0 0 0 0 0 0 0 0 0 0 0 0 0 0 0 0 0 0 0 0 0 0 0 0 0 0 0 0 0 0 0 0 0 0 0 0 0 0 0 0 0 0 0 0 0 0 0 0 0 0 0 0 0 0 0 0 0 0 0 0 0 0 0 0 0 0 0 0 0 0 0 0 0 0 0 0 0 0 0 0 0 0 0 0 0 0 0 0 0 
0 0 0 0 0 0 0 0 0 0 0 0 0 0 0 0 0 0 0 0 0 0 0 0 0 0 0 0 0 0 0 0 0 0 0 0 0 0 0 0 0 0 0 0 0 0 0 0 0 0 0 0 0 0 0 0 0 0 0 0 0 0 0 0 0 0 0 0 0 0 0 0 0 0 0 0 0 0 0 0 0 0 0 0 0 0 0 0 0 1 0 1 3 5 2 3 3 7 4 6 2 2 5 4 7 2 2 3 5 6 5 6 4 5 5 7 6 5 4 5 3 11 5 1 3 8 6 5 6 2 2 7 6 6 1 7 7 3 5 5 5 3 2 2 5 5 3 7 4 1 4 2 2 4 4 0 4 4 3 3 2 3 2 4 2 3 0 3 0 0 0 0 0 0 0 0 0 0 0 0 0 0 0 0 0 0 0 0 0 0 0 0 0 0 0 0 0 0 0 0 0 0 0 0 0 0 0 0 0 0 0 0 0 0 0 0 0 0 0 0 0 0 0 0 0 0 0 0 0 0 0 0 0 0 0 0 0 0 0 0 0 0 0 0 0 0 0 0 0 0 0 0 0 0 0 0 
0 0 0 0 0 0 0 0 0 0 0 0 0 0 0 0 0 0 0 0 0 0 0 0 0 0 0 0 0 0 0 0 0 0 0 0 0 0 0 0 0 0 0 0 0 0 0 0 0 0 0 0 0 0 0 0 0 0 0 0 0 0 0 0 0 0 0 0 0 0 0 0 0 0 0 0 0 0 0 0 0 0 0 0 0 0 0 0 1 1 2 3 0 0 2 2 3 3 2 2 1 7 4 8 6 5 5 8 2 6 6 3 2 2 4 4 5 7 4 2 6 4 6 3 3 4 6 8 1 1 2 4 5 4 7 3 5 6 4 4 4 1 5 6 2 3 8 9 3 2 5 4 3 7 3 5 4 7 3 5 2 4 4 4 3 0 0 2 0 0 0 0 0 0 0 0 0 0 0 0 0 0 0 0 0 0 0 0 0 0 0 0 0 0 0 0 0 0 0 0 0 0 0 0 0 0 0 0 0 0 0 0 0 0 0 0 0 0 0 0 0 0 0 0 0 0 0 0 0 0 0 0 0 0 0 0 0 0 0 0 0 0 0 0 0 0 0 0 0 0 0 0 0 0 0 0 
0 0 0 0 0 0 0 0 0 0 0 0 0 0 0 0 0 0 0 0 0 0 0 0 0 0 0 0 0 0 0 0 0 0 0 0 0 0 0 0 0 0 0 0 0 0 0 0 0 0 0 0 0 0 0 0 0 0 0 0 0 0 0 0 0 0 0 0 0 0 0 0 0 0 0 0 0 0 0 0 0 0 0 0 0 0 0 0 0 1 1 1 3 3 2 1 3 1 2 4 3 2 1 2 3 1 6 3 3 2 5 4 2 7 2 6 10 4 2 2 7 5 3 5 6 6 7 6 5 2 4 5 4 8 3 8 5 4 4 3 2 4 5 6 6 5 4 3 5 3 5 5 4 3 3 8 5 4 7 4 3 1 3 2 1 3 1 0 0 0 0 0 0 0 0 0 0 0 0 0 0 0 0 0 0 0 0 0 0 0 0 0 0 0 0 0 0 0 0 0 0 0 0 0 0 0 0 0 0 0 0 0 0 0 0 0 0 0 0 0 0 0 0 0 0 0 0 0 0 0 0 0 0 0 0 0 0 0 0 0 0 0 0 0 0 0 0 0 0 0 0 0 0 0 0 0 
0 0 0 0 0 0 0 0 0 0 0 0 0 0 0 0 0 0 0 0 0 0 0 0 0 0 0 0 0 0 0 0 0 0 0 0 0 0 0 0 0 0 0 0 0 0 0 0 0 0 0 0 0 0 0 0 0 0 0 0 0 0 0 0 0 0 0 0 0 0 0 0 0 0 0 0 0 0 0 0 0 0 0 0 0 0 0 0 0 2 1 1 1 3 2 0 3 1 7 3 3 2 3 5 6 2 8 4 3 5 3 6 5 3 2 6 1 6 5 7 2 9 6 1 3 5 2 2 6 4 2 4 5 6 5 5 4 1 4 7 5 6 3 2 3 2 5 2 8 6 2 5 5 6 5 2 2 6 1 7 2 1 2 3 2 3 1 0 0 0 0 0 0 0 0 0 0 0 0 0 0 0 0 0 0 0 0 0 0 0 0 0 0 0 0 0 0 0 0 0 0 0 0 0 0 0 0 0 0 0 0 0 0 0 0 0 0 0 0 0 0 0 0 0 0 0 0 0 0 0 0 0 0 0 0 0 0 0 0 0 0 0 0 0 0 0 0 0 0 0 0 0 0 0 0 0 
0 0 0 0 0 0 0 0 0 0 0 0 0 0 0 0 0 0 0 0 0 0 0 0 0 0 0 0 0 0 0 0 0 0 0 0 0 0 0 0 0 0 0 0 0 0 0 0 0 0 0 0 0 0 0 0 0 0 0 0 0 0 0 0 0 0 0 0 0 0 0 0 0 0 0 0 0 0 0 0 0 0 0 0 0 0 0 2 0 0 2 2 2 6 7 4 4 2 3 5 3 1 5 1 3 5 3 4 5 5 6 5 1 3 5 6 5 11 3 5 5 3 5 6 3 6 2 7 3 5 3 9 8 4 2 5 3 0 3 3 5 5 7 3 6 1 4 5 5 3 3 7 6 4 4 5 2 7 7 5 3 2 2 2 3 1 2 1 1 0 0 0 0 0 0 0 0 0 0 0 0 0 0 0 0 0 0 0 0 0 0 0 0 0 0 0 0 0 0 0 0 0 0 0 0 0 0 0 0 0 0 0 0 0 0 0 0 0 0 0 0 0 0 0 0 0 0 0 0 0 0 0 0 0 0 0 0 0 0 0 0 0 0 0 0 0 0 0 0 0 0 0 0 0 0 0 
0 0 0 0 0 0 0 0 0 0 0 0 0 0 0 0 0 0 0 0 0 0 0 0 0 0 0 0 0 0 0 0 0 0 0 0 0 0 0 0 0 0 0 0 0 0 0 0 0 0 0 0 0 0 0 0 0 0 0 0 0 0 0 0 0 0 0 0 0 0 0 0 0 0 0 0 0 0 0 0 0 0 0 0 0 0 0 0 0 1 2 1 2 2 3 3 3 2 4 2 3 4 3 4 3 9 7 2 2 4 3 4 3 7 6 7 4 5 4 2 4 7 6 6 6 2 4 6 5 4 4 3 10 8 3 5 2 4 8 5 1 2 4 5 6 3 4 4 3 4 4 1 7 3 5 6 5 3 5 3 6 3 7 1 1 2 2 0 0 0 0 0 0 0 0 0 0 0 0 0 0 0 0 0 0 0 0 0 0 0 0 0 0 0 0 0 0 0 0 0 0 0 0 0 0 0 0 0 0 0 0 0 0 0 0 0 0 0 0 0 0 0 0 0 0 0 0 0 0 0 0 0 0 0 0 0 0 0 0 0 0 0 0 0 0 0 0 0 0 0 0 0 0 0 0 0 
0 0 0 0 0 0 0 0 0 0 0 0 0 0 0 0 0 0 0 0 0 0 0 0 0 0 0 0 0 0 0 0 0 0 0 0 0 0 0 0 0 0 0 0 0 0 0 0 0 0 0 0 0 0 0 0 0 0 0 0 0 0 0 0 0 0 0 0 0 0 0 0 0 0 0 0 0 0 0 0 0 0 0 0 0 0 0 0 1 1 2 1 4 2 1 4 2 4 2 2 7 2 4 4 7 2 5 1 2 5 0 5 4 8 3 8 3 2 9 7 5 5 7 1 6 4 3 1 3 5 5 6 6 7 2 3 1 4 7 6 1 2 3 5 1 4 3 6 2 4 7 4 6 4 5 1 1 6 3 2 6 8 4 7 3 1 1 3 0 0 0 0 0 0 0 0 0 0 0 0 0 0 0 0 0 0 0 0 0 0 0 0 0 0 0 0 0 0 0 0 0 0 0 0 0 0 0 0 0 0 0 0 0 0 0 0 0 0 0 0 0 0 0 0 0 0 0 0 0 0 0 0 0 0 0 0 0 0 0 0 0 0 0 0 0 0 0 0 0 0 0 0 0 0 0 0 
0 0 0 0 0 0 0 0 0 0 0 0 0 0 0 0 0 0 0 0 0 0 0 0 0 0 0 0 0 0 0 0 0 0 0 0 0 0 0 0 0 0 0 0 0 0 0 0 0 0 0 0 0 0 0 0 0 0 0 0 0 0 0 0 0 0 0 0 0 0 0 0 0 0 0 0 0 0 0 0 0 0 0 0 0 0 0 0 0 3 1 0 2 3 1 2 5 1 5 6 7 4 4 2 5 5 2 4 7 7 4 4 8 7 3 4 8 2 4 3 5 6 2 6 3 4 5 5 5 7 6 5 8 3 4 6 5 7 2 5 4 7 2 5 3 1 5 3 2 2 3 4 5 1 5 4 2 6 2 4 1 2 3 1 1 0 0 1 0 0 0 0 0 0 0 0 0 0 0 0 0 0 0 0 0 0 0 0 0 0 0 0 0 0 0 0 0 0 0 0 0 0 0 0 0 0 0 0 0 0 0 0 0 0 0 0 0 0 0 0 0 0 0 0 0 0 0 0 0 0 0 0 0 0 0 0 0 0 0 0 0 0 0 0 0 0 0 0 0 0 0 0 0 0 0 0 
0 0 0 0 0 0 0 0 0 0 0 0 0 0 0 0 0 0 0 0 0 0 0 0 0 0 0 0 0 0 0 0 0 0 0 0 0 0 0 0 0 0 0 0 0 0 0 0 0 0 0 0 0 0 0 0 0 0 0 0 0 0 0 0 0 0 0 0 0 0 0 0 0 0 0 0 0 0 0 0 0 0 0 0 0 0 0 0 0 2 2 0 2 4 3 3 0 2 2 6 1 5 5 7 2 4 2 6 4 2 6 8 3 2 7 6 2 7 3 4 4 5 3 4 6 2 2 0 4 6 7 3 6 5 2 3 4 4 4 7 3 2 4 5 2 2 4 3 5 4 1 2 2 1 4 4 3 7 2 4 3 7 3 1 1 0 2 0 0 0 0 0 0 0 0 0 0 0 0 0 0 0 0 0 0 0 0 0 0 0 0 0 0 0 0 0 0 0 0 0 0 0 0 0 0 0 0 0 0 0 0 0 0 0 0 0 0 0 0 0 0 0 0 0 0 0 0 0 0 0 0 0 0 0 0 0 0 0 0 0 0 0 0 0 0 0 0 0 0 0 0 0 0 0 0 0 
0 0 0 0 0 0 0 0 0 0 0 0 0 0 0 0 0 0 0 0 0 0 0 0 0 0 0 0 0 0 0 0 0 0 0 0 0 0 0 0 0 0 0 0 0 0 0 0 0 0 0 0 0 0 0 0 0 0 0 0 0 0 0 0 0 0 0 0 0 0 0 0 0 0 0 0 0 0 0 0 0 0 0 0 0 0 0 1 0 0 5 3 1 1 4 1 2 5 5 4 2 5 1 3 2 2 4 4 4 5 3 3 2 5 3 3 6 4 5 1 3 6 4 5 1 2 3 4 4 7 5 2 4 2 4 5 3 3 0 3 7 4 7 3 7 3 7 2 3 0 3 5 3 3 5 5 1 4 2 2 2 4 3 1 2 1 0 0 0 0 0 0 0 0 0 0 0 0 0 0 0 0 0 0 0 0 0 0 0 0 0 0 0 0 0 0 0 0 0 0 0 0 0 0 0 0 0 0 0 0 0 0 0 0 0 0 0 0 0 0 0 0 0 0 0 0 0 0 0 0 0 0 0 0 0 0 0 0 0 0 0 0 0 0 0 0 0 0 0 0 0 0 0 0 0 0 
0 0 0 0 0 0 0 0 0 0 0 0 0 0 0 0 0 0 0 0 0 0 0 0 0 0 0 0 0 0 0 0 0 0 0 0 0 0 0 0 0 0 0 0 0 0 0 0 0 0 0 0 0 0 0 0 0 0 0 0 0 0 0 0 0 0 0 0 0 0 0 0 0 0 0 0 0 0 0 0 0 0 0 0 0 0 0 0 0 0 0 1 2 1 3 1 3 6 3 5 5 4 2 5 2 1 2 4 3 2 5 3 0 5 8 2 2 5 6 2 4 7 3 4 1 3 2 4 2 9 1 5 6 1 5 4 0 5 0 0 2 5 5 3 2 5 2 1 2 0 3 1 8 4 0 2 5 4 2 5 3 2 0 1 4 2 2 1 0 0 0 0 0 0 0 0 0 0 0 0 0 0 0 0 0 0 0 0 0 0 0 0 0 0 0 0 0 0 0 0 0 0 0 0 0 0 0 0 0 0 0 0 0 0 0 0 0 0 0 0 0 0 0 0 0 0 0 0 0 0 0 0 0 0 0 0 0 0 0 0 0 0 0 0 0 0 0 0 0 0 0 0 0 0 0 0 
0 0 0 0 0 0 0 0 0 0 0 0 0 0 0 0 0 0 0 0 0 0 0 0 0 0 0 0 0 0 0 0 0 0 0 0 0 0 0 0 0 0 0 0 0 0 0 0 0 0 0 0 0 0 0 0 0 0 0 0 0 0 0 0 0 0 0 0 0 0 0 0 0 0 0 0 0 0 0 0 0 0 0 0 0 0 0 0 0 1 1 1 1 2 3 3 2 2 7 2 0 2 1 1 3 5 3 2 4 2 2 2 3 7 5 5 3 3 5 3 1 4 2 3 2 1 6 6 2 3 2 4 4 3 3 2 3 1 3 3 3 1 2 4 2 4 3 6 2 1 3 4 3 0 1 3 5 4 3 8 2 3 1 2 3 1 1 1 1 0 0 0 0 0 0 0 0 0 0 0 0 0 0 0 0 0 0 0 0 0 0 0 0 0 0 0 0 0 0 0 0 0 0 0 0 0 0 0 0 0 0 0 0 0 0 0 0 0 0 0 0 0 0 0 0 0 0 0 0 0 0 0 0 0 0 0 0 0 0 0 0 0 0 0 0 0 0 0 0 0 0 0 0 0 0 0 
0 0 0 0 0 0 0 0 0 0 0 0 0 0 0 0 0 0 0 0 0 0 0 0 0 0 0 0 0 0 0 0 0 0 0 0 0 0 0 0 0 0 0 0 0 0 0 0 0 0 0 0 0 0 0 0 0 0 0 0 0 0 0 0 0 0 0 0 0 0 0 0 0 0 0 0 0 0 0 0 0 0 0 0 0 0 0 0 0 1 0 2 1 3 2 2 3 2 1 5 4 9 2 2 4 4 5 1 3 3 4 2 4 2 3 2 6 6 5 1 3 0 4 2 2 3 2 2 5 6 2 2 0 2 4 3 0 5 1 2 1 7 3 3 3 3 3 4 4 1 3 5 5 6 4 0 1 6 2 4 3 0 2 3 0 3 0 1 0 0 0 0 0 0 0 0 0 0 0 0 0 0 0 0 0 0 0 0 0 0 0 0 0 0 0 0 0 0 0 0 0 0 0 0 0 0 0 0 0 0 0 0 0 0 0 0 0 0 0 0 0 0 0 0 0 0 0 0 0 0 0 0 0 0 0 0 0 0 0 0 0 0 0 0 0 0 0 0 0 0 0 0 0 0 0 0 
0 0 0 0 0 0 0 0 0 0 0 0 0 0 0 0 0 0 0 0 0 0 0 0 0 0 0 0 0 0 0 0 0 0 0 0 0 0 0 0 0 0 0 0 0 0 0 0 0 0 0 0 0 0 0 0 0 0 0 0 0 0 0 0 0 0 0 0 0 0 0 0 0 0 0 0 0 0 0 0 0 0 0 0 0 0 0 0 1 0 3 3 2 2 1 3 4 2 3 4 2 4 6 3 1 2 4 6 5 3 6 4 5 2 2 8 5 5 3 1 5 5 5 6 7 1 4 4 0 3 5 5 1 2 3 3 3 3 8 2 3 4 0 4 5 3 5 2 2 1 4 7 1 0 4 8 2 3 8 2 2 4 2 1 2 0 1 0 0 0 0 0 0 0 0 0 0 0 0 0 0 0 0 0 0 0 0 0 0 0 0 0 0 0 0 0 0 0 0 0 0 0 0 0 0 0 0 0 0 0 0 0 0 0 0 0 0 0 0 0 0 0 0 0 0 0 0 0 0 0 0 0 0 0 0 0 0 0 0 0 0 0 0 0 0 0 0 0 0 0 0 0 0 0 0 0 
0 0 0 0 0 0 0 0 0 0 0 0 0 0 0 0 0 0 0 0 0 0 0 0 0 0 0 0 0 0 0 0 0 0 0 0 0 0 0 0 0 0 0 0 0 0 0 0 0 0 0 0 0 0 0 0 0 0 0 0 0 0 0 0 0 0 0 0 0 0 0 0 0 0 0 0 0 0 0 0 0 0 0 0 0 0 0 1 0 1 3 3 1 4 3 3 3 5 0 6 3 8 5 4 3 3 3 4 3 6 2 4 6 7 4 3 2 3 4 5 5 2 5 2 4 5 3 8 5 4 6 6 5 6 1 0 4 10 3 7 3 1 6 3 1 2 5 3 2 3 7 5 2 4 7 3 1 3 2 3 5 4 3 1 0 4 3 0 0 0 0 0 0 0 0 0 0 0 0 0 0 0 0 0 0 0 0 0 0 0 0 0 0 0 0 0 0 0 0 0 0 0 0 0 0 0 0 0 0 0 0 0 0 0 0 0 0 0 0 0 0 0 0 0 0 0 0 0 0 0 0 0 0 0 0 0 0 0 0 0 0 0 0 0 0 0 0 0 0 0 0 0 0 0 0 0 
0 0 0 0 0 0 0 0 0 0 0 0 0 0 0 0 0 0 0 0 0 0 0 0 0 0 0 0 0 0 0 0 0 0 0 0 0 0 0 0 0 0 0 0 0 0 0 0 0 0 0 0 0 0 0 0 0 0 0 0 0 0 0 0 0 0 0 0 0 0 0 0 0 0 0 0 0 0 0 0 0 0 0 0 0 0 0 0 0 2 1 2 3 3 5 5 5 2 6 3 2 2 2 9 1 2 4 6 3 3 4 4 2 4 4 4 3 3 4 3 4 4 6 2 5 6 3 4 1 3 2 4 2 9 8 2 4 2 2 3 3 3 7 4 4 2 6 4 0 4 0 4 1 4 2 3 6 4 4 4 4 3 3 4 2 0 0 0 0 0 0 0 0 0 0 0 0 0 0 0 0 0 0 0 0 0 0 0 0 0 0 0 0 0 0 0 0 0 0 0 0 0 0 0 0 0 0 0 0 0 0 0 0 0 0 0 0 0 0 0 0 0 0 0 0 0 0 0 0 0 0 0 0 0 0 0 0 0 0 0 0 0 0 0 0 0 0 0 0 0 0 0 0 0 0 0 
0 0 0 0 0 0 0 0 0 0 0 0 0 0 0 0 0 0 0 0 0 0 0 0 0 0 0 0 0 0 0 0 0 0 0 0 0 0 0 0 0 0 0 0 0 0 0 0 0 0 0 0 0 0 0 0 0 0 0 0 0 0 0 0 0 0 0 0 0 0 0 0 0 0 0 0 0 0 0 0 0 0 0 0 0 0 0 0 1 2 4 4 3 3 4 2 5 3 11 1 3 6 3 2 6 3 2 3 3 3 7 7 5 7 4 4 7 4 10 6 3 2 6 4 7 2 2 2 4 5 5 6 7 2 4 2 6 6 3 3 2 6 6 3 1 6 1 5 7 3 6 5 6 2 3 1 1 1 10 4 3 4 1 2 2 1 1 0 0 0 0 0 0 0 0 0 0 0 0 0 0 0 0 0 0 0 0 0 0 0 0 0 0 0 0 0 0 0 0 0 0 0 0 0 0 0 0 0 0 0 0 0 0 0 0 0 0 0 0 0 0 0 0 0 0 0 0 0 0 0 0 0 0 0 0 0 0 0 0 0 0 0 0 0 0 0 0 0 0 0 0 0 0 0 0 0 
0 0 0 0 0 0 0 0 0 0 0 0 0 0 0 0 0 0 0 0 0 0 0 0 0 0 0 0 0 0 0 0 0 0 0 0 0 0 0 0 0 0 0 0 0 0 0 0 0 0 0 0 0 0 0 0 0 0 0 0 0 0 0 0 0 0 0 0 0 0 0 0 0 0 0 0 0 0 0 0 0 0 0 0 0 0 0 0 0 2 0 2 5 4 0 4 4 2 1 4 5 3 3 5 2 7 4 4 1 5 5 6 6 7 6 6 4 3 2 8 2 1 3 3 2 5 1 1 2 4 5 5 2 6 5 5 10 3 3 3 3 2 5 7 3 4 3 1 3 3 4 4 3 2 4 5 4 6 3 4 3 1 2 2 2 3 3 0 0 0 0 0 0 0 0 0 0 0 0 0 0 0 0 0 0 0 0 0 0 0 0 0 0 0 0 0 0 0 0 0 0 0 0 0 0 0 0 0 0 0 0 0 0 0 0 0 0 0 0 0 0 0 0 0 0 0 0 0 0 0 0 0 0 0 0 0 0 0 0 0 0 0 0 0 0 0 0 0 0 0 0 0 0 0 0 0 
0 0 0 0 0 0 0 0 0 0 0 0 0 0 0 0 0 0 0 0 0 0 0 0 0 0 0 0 0 0 0 0 0 0 0 0 0 0 0 0 0 0 0 0 0 0 0 0 0 0 0 0 0 0 0 0 0 0 0 0 0 0 0 0 0 0 0 0 0 0 0 0 0 0 0 0 0 0 0 0 0 0 0 0 0 0 0 0 0 0 1 1 2 0 2 3 4 1 3 5 4 1 1 4 1 4 3 3 5 5 3 3 2 3 3 4 1 6 5 4 1 1 6 3 4 5 3 4 3 6 1 4 4 1 2 7 0 3 1 4 4 2 4 2 7 5 3 2 2 0 4 3 4 1 4 2 4 2 1 3 2 1 3 0 3 0 0 3 0 0 0 0 0 0 0 0 0 0 0 0 0 0 0 0 0 0 0 0 0 0 0 0 0 0 0 0 0 0 0 0 0 0 0 0 0 0 0 0 0 0 0 0 0 0 0 0 0 0 0 0 0 0 0 0 0 0 0 0 0 0 0 0 0 0 0 0 0 0 0 0 0 0 0 0 0 0 0 0 0 0 0 0 0 0 0 0 
0 0 0 0 0 0 0 0 0 0 0 0 0 0 0 0 0 0 0 0 0 0 0 0 0 0 0 0 0 0 0 0 0 0 0 0 0 0 0 0 0 0 0 0 0 0 0 0 0 0 0 0 0 0 0 0 0 0 0 0 0 0 0 0 0 0 0 0 0 0 0 0 0 0 0 0 0 0 0 0 0 0 0 0 0 0 0 0 0 1 3 0 3 6 0 3 3 1 1 3 1 1 1 0 4 3 2 1 3 2 3 3 5 3 2 3 3 2 3 3 5 1 4 2 5 3 4 2 3 5 1 1 5 6 3 6 3 5 7 6 2 4 0 2 3 1 9 2 4 3 1 0 5 2 4 3 0 4 1 1 4 3 0 3 3 4 0 0 0 0 0 0 0 0 0 0 0 0 0 0 0 0 0 0 0 0 0 0 0 0 0 0 0 0 0 0 0 0 0 0 0 0 0 0 0 0 0 0 0 0 0 0 0 0 0 0 0 0 0 0 0 0 0 0 0 0 0 0 0 0 0 0 0 0 0 0 0 0 0 0 0 0 0 0 0 0 0 0 0 0 0 0 0 0 0 0 
0 0 0 0 0 0 0 0 0 0 0 0 0 0 0 0 0 0 0 0 0 0 0 0 0 0 0 0 0 0 0 0 0 0 0 0 0 0 0 0 0 0 0 0 0 0 0 0 0 0 0 0 0 0 0 0 0 0 0 0 0 0 0 0 0 0 0 0 0 0 0 0 0 0 0 0 0 0 0 0 0 0 0 0 0 0 0 0 0 3 1 1 2 1 3 3 2 2 2 0 4 5 0 4 1 3 0 4 2 4 2 3 2 3 5 3 1 3 0 2 0 4 4 1 2 1 3 4 4 2 5 5 5 2 4 4 7 5 3 0 3 2 1 2 0 2 4 2 3 4 3 1 4 1 1 1 1 1 0 4 2 2 1 1 1 1 0 0 1 0 0 0 0 0 0 0 0 0 0 0 0 0 0 0 0 0 0 0 0 0 0 0 0 0 0 0 0 0 0 0 0 0 0 0 0 0 0 0 0 0 0 0 0 0 0 0 0 0 0 0 0 0 0 0 0 0 0 0 0 0 0 0 0 0 0 0 0 0 0 0 0 0 0 0 0 0 0 0 0 0 0 0 0 0 0 0 
0 0 0 0 0 0 0 0 0 0 0 0 0 0 0 0 0 0 0 0 0 0 0 0 0 0 0 0 0 0 0 0 0 0 0 0 0 0 0 0 0 0 0 0 0 0 0 0 0 0 0 0 0 0 0 0 0 0 0 0 0 0 0 0 0 0 0 0 0 0 0 0 0 0 0 0 0 0 0 0 0 0 0 0 0 0 0 0 0 0 1 0 1 1 1 3 1 3 1 2 1 2 2 2 1 0 4 5 3 3 1 2 0 2 2 2 3 3 1 4 5 3 2 3 0 1 1 4 2 0 0 1 1 4 2 2 5 4 3 4 1 4 0 1 0 0 1 1 2 2 1 4 2 2 3 2 3 4 6 0 1 2 1 0 1 1 4 2 1 0 0 0 0 0 0 0 0 0 0 0 0 0 0 0 0 0 0 0 0 0 0 0 0 0 0 0 0 0 0 0 0 0 0 0 0 0 0 0 0 0 0 0 0 0 0 0 0 0 0 0 0 0 0 0 0 0 0 0 0 0 0 0 0 0 0 0 0 0 0 0 0 0 0 0 0 0 0 0 0 0 0 0 0 0 0 0 
0 0 0 0 0 0 0 0 0 0 0 0 0 0 0 0 0 0 0 0 0 0 0 0 0 0 0 0 0 0 0 0 0 0 0 0 0 0 0 0 0 0 0 0 0 0 0 0 0 0 0 0 0 0 0 0 0 0 0 0 0 0 0 0 0 0 0 0 0 0 0 0 0 0 0 0 0 0 0 0 0 0 0 0 0 0 0 0 1 0 2 1 5 1 1 3 2 1 4 2 2 0 1 3 3 1 2 2 2 2 1 1 1 1 1 1 2 2 1 3 1 1 0 2 0 3 0 1 2 2 1 1 1 3 1 0 0 2 3 2 4 2 1 2 3 3 2 0 1 1 2 3 0 2 0 2 1 2 1 3 4 3 1 0 0 0 0 0 0 0 0 0 0 0 0 0 0 0 0 0 0 0 0 0 0 0 0 0 0 0 0 0 0 0 0 0 0 0 0 0 0 0 0 0 0 0 0 0 0 0 0 0 0 0 0 0 0 0 0 0 0 0 0 0 0 0 0 0 0 0 0 0 0 0 0 0 0 0 0 0 0 0 0 0 0 0 0 0 0 0 0 0 0 0 0 0 
0 0 0 0 0 0 0 0 0 0 0 0 0 0 0 0 0 0 0 0 0 0 0 0 0 0 0 0 0 0 0 0 0 0 0 0 0 0 0 0 0 0 0 0 0 0 0 0 0 0 0 0 0 0 0 0 0 0 0 0 0 0 0 0 0 0 0 0 0 0 0 0 0 0 0 0 0 0 0 0 0 0 0 0 0 0 0 0 0 0 0 1 0 0 2 2 4 4 0 3 0 1 3 2 2 2 3 0 0 2 6 1 2 0 3 1 3 2 2 2 1 1 1 1 1 2 1 0 2 1 2 1 1 1 2 2 2 0 2 1 1 1 2 1 3 4 3 1 3 2 0 0 2 1 1 0 4 3 2 0 1 2 2 2 0 0 0 1 0 0 0 0 0 0 0 0 0 0 0 0 0 0 0 0 0 0 0 0 0 0 0 0 0 0 0 0 0 0 0 0 0 0 0 0 0 0 0 0 0 0 0 0 0 0 0 0 0 0 0 0 0 0 0 0 0 0 0 0 0 0 0 0 0 0 0 0 0 0 0 0 0 0 0 0 0 0 0 0 0 0 0 0 0 0 0 0 
0 0 0 0 0 0 0 0 0 0 0 0 0 0 0 0 0 0 0 0 0 0 0 0 0 0 0 0 0 0 0 0 0 0 0 0 0 0 0 0 0 0 0 0 0 0 0 0 0 0 0 0 0 0 0 0 0 0 0 0 0 0 0 0 0 0 0 0 0 0 0 0 0 0 0 0 0 0 0 0 0 0 0 0 0 0 0 0 0 0 1 0 1 2 1 0 1 1 3 1 4 0 0 1 0 2 1 1 5 3 1 2 2 1 1 2 2 0 3 3 0 2 3 1 3 1 2 0 2 2 2 1 0 2 3 2 0 1 1 1 1 1 1 0 1 1 2 0 0 1 0 0 2 3 1 2 1 1 2 2 1 2 3 0 2 0 0 0 1 0 0 0 0 0 0 0 0 0 0 0 0 0 0 0 0 0 0 0 0 0 0 0 0 0 0 0 0 0 0 0 0 0 0 0 0 0 0 0 0 0 0 0 0 0 0 0 0 0 0 0 0 0 0 0 0 0 0 0 0 0 0 0 0 0 0 0 0 0 0 0 0 0 0 0 0 0 0 0 0 0 0 0 0 0 0 0 
0 0 0 0 0 0 0 0 0 0 0 0 0 0 0 0 0 0 0 0 0 0 0 0 0 0 0 0 0 0 0 0 0 0 0 0 0 0 0 0 0 0 0 0 0 0 0 0 0 0 0 0 0 0 0 0 0 0 0 0 0 0 0 0 0 0 0 0 0 0 0 0 0 0 0 0 0 0 0 0 0 0 0 0 0 0 0 0 0 1 2 0 0 2 0 0 2 0 3 2 2 2 6 1 2 1 0 3 1 1 1 1 2 1 1 2 1 1 1 3 2 3 0 2 2 1 2 0 1 1 0 2 2 0 1 2 3 4 0 1 3 1 2 1 2 0 3 2 3 2 1 2 2 1 1 1 1 2 1 0 0 2 1 1 0 0 1 0 1 0 0 0 0 0 0 0 0 0 0 0 0 0 0 0 0 0 0 0 0 0 0 0 0 0 0 0 0 0 0 0 0 0 0 0 0 0 0 0 0 0 0 0 0 0 0 0 0 0 0 0 0 0 0 0 0 0 0 0 0 0 0 0 0 0 0 0 0 0 0 0 0 0 0 0 0 0 0 0 0 0 0 0 0 0 0 0 
0 0 0 0 0 0 0 0 0 0 0 0 0 0 0 0 0 0 0 0 0 0 0 0 0 0 0 0 0 0 0 0 0 0 0 0 0 0 0 0 0 0 0 0 0 0 0 0 0 0 0 0 0 0 0 0 0 0 0 0 0 0 0 0 0 0 0 0 0 0 0 0 0 0 0 0 0 0 0 0 0 0 0 0 0 0 0 0 0 0 1 1 0 0 1 1 2 1 0 0 1 2 1 1 2 3 1 1 1 2 1 4 2 2 3 1 2 1 0 2 1 1 1 1 2 4 0 1 0 2 2 1 1 1 1 2 0 3 1 1 0 0 2 2 2 0 3 0 0 1 1 1 3 2 0 0 1 3 5 1 1 1 4 0 0 1 0 0 0 0 0 0 0 0 0 0 0 0 0 0 0 0 0 0 0 0 0 0 0 0 0 0 0 0 0 0 0 0 0 0 0 0 0 0 0 0 0 0 0 0 0 0 0 0 0 0 0 0 0 0 0 0 0 0 0 0 0 0 0 0 0 0 0 0 0 0 0 0 0 0 0 0 0 0 0 0 0 0 0 0 0 0 0 0 0 0 
0 0 0 0 0 0 0 0 0 0 0 0 0 0 0 0 0 0 0 0 0 0 0 0 0 0 0 0 0 0 0 0 0 0 0 0 0 0 0 0 0 0 0 0 0 0 0 0 0 0 0 0 0 0 0 0 0 0 0 0 0 0 0 0 0 0 0 0 0 0 0 0 0 0 0 0 0 0 0 0 0 0 0 0 0 0 0 0 0 0 0 2 2 0 2 1 3 0 0 2 2 1 0 2 4 1 1 2 1 0 1 1 1 1 3 3 2 0 4 0 2 2 1 2 0 3 0 1 1 0 2 1 2 0 1 0 1 3 2 5 1 2 1 2 2 0 4 1 1 2 2 0 0 1 0 0 2 1 0 3 3 1 2 3 0 1 2 0 0 0 0 0 0 0 0 0 0 0 0 0 0 0 0 0 0 0 0 0 0 0 0 0 0 0 0 0 0 0 0 0 0 0 0 0 0 0 0 0 0 0 0 0 0 0 0 0 0 0 0 0 0 0 0 0 0 0 0 0 0 0 0 0 0 0 0 0 0 0 0 0 0 0 0 0 0 0 0 0 0 0 0 0 0 0 0 0 
0 0 0 0 0 0 0 0 0 0 0 0 0 0 0 0 0 0 0 0 0 0 0 0 0 0 0 0 0 0 0 0 0 0 0 0 0 0 0 0 0 0 0 0 0 0 0 0 0 0 0 0 0 0 0 0 0 0 0 0 0 0 0 0 0 0 0 0 0 0 0 0 0 0 0 0 0 0 0 0 0 0 0 0 0 0 0 0 0 1 0 0 0 2 1 0 0 1 1 0 3 1 0 1 0 1 1 1 0 1 2 0 3 1 0 1 0 0 1 1 0 3 1 0 1 1 0 0 2 0 0 3 0 0 0 3 1 1 1 0 0 1 2 0 2 2 0 3 0 0 1 3 1 1 1 0 0 2 3 0 0 0 1 1 1 1 0 0 0 0 0 0 0 0 0 0 0 0 0 0 0 0 0 0 0 0 0 0 0 0 0 0 0 0 0 0 0 0 0 0 0 0 0 0 0 0 0 0 0 0 0 0 0 0 0 0 0 0 0 0 0 0 0 0 0 0 0 0 0 0 0 0 0 0 0 0 0 0 0 0 0 0 0 0 0 0 0 0 0 0 0 0 0 0 0 0 
0 0 0 0 0 0 0 0 0 0 0 0 0 0 0 0 0 0 0 0 0 0 0 0 0 0 0 0 0 0 0 0 0 0 0 0 0 0 0 0 0 0 0 0 0 0 0 0 0 0 0 0 0 0 0 0 0 0 0 0 0 0 0 0 0 0 0 0 0 0 0 0 0 0 0 0 0 0 0 0 0 0 0 0 0 0 0 0 0 0 0 0 0 0 0 1 1 0 0 0 1 1 4 0 0 0 0 1 0 1 1 1 2 0 1 2 0 0 2 1 1 2 1 1 0 2 0 1 1 0 2 0 2 2 0 0 2 2 0 2 0 2 1 1 2 1 1 1 2 4 2 2 0 0 2 1 1 0 0 0 1 2 0 0 0 1 0 0 0 0 0 0 0 0 0 0 0 0 0 0 0 0 0 0 0 0 0 0 0 0 0 0 0 0 0 0 0 0 0 0 0 0 0 0 0 0 0 0 0 0 0 0 0 0 0 0 0 0 0 0 0 0 0 0 0 0 0 0 0 0 0 0 0 0 0 0 0 0 0 0 0 0 0 0 0 0 0 0 0 0 0 0 0 0 0 0 
0 0 0 0 0 0 0 0 0 0 0 0 0 0 0 0 0 0 0 0 0 0 0 0 0 0 0 0 0 0 0 0 0 0 0 0 0 0 0 0 0 0 0 0 0 0 0 0 0 0 0 0 0 0 0 0 0 0 0 0 0 0 0 0 0 0 0 0 0 0 0 0 0 0 0 0 0 0 0 0 0 0 0 0 0 0 0 0 0 0 0 0 1 0 1 2 0 1 0 1 1 0 0 2 2 1 0 0 1 0 1 1 1 0 2 1 0 0 1 0 0 1 7 0 2 1 1 0 1 1 1 2 0 0 3 1 2 0 1 3 1 3 4 0 3 0 0 0 1 1 5 0 1 2 2 1 1 1 3 0 2 1 0 1 1 0 1 0 0 0 0 0 0 0 0 0 0 0 0 0 0 0 0 0 0 0 0 0 0 0 0 0 0 0 0 0 0 0 0 0 0 0 0 0 0 0 0 0 0 0 0 0 0 0 0 0 0 0 0 0 0 0 0 0 0 0 0 0 0 0 0 0 0 0 0 0 0 0 0 0 0 0 0 0 0 0 0 0 0 0 0 0 0 0 0 0 
0 0 0 0 0 0 0 0 0 0 0 0 0 0 0 0 0 0 0 0 0 0 0 0 0 0 0 0 0 0 0 0 0 0 0 0 0 0 0 0 0 0 0 0 0 0 0 0 0 0 0 0 0 0 0 0 0 0 0 0 0 0 0 0 0 0 0 0 0 0 0 0 0 0 0 0 0 0 0 0 0 0 0 0 0 0 0 0 0 0 0 0 1 0 1 0 1 0 1 1 3 1 1 0 0 2 2 1 0 0 1 3 1 1 2 1 2 0 0 0 3 5 1 4 0 1 1 0 4 0 0 0 1 1 2 1 3 2 2 1 1 3 2 1 2 0 0 0 1 0 1 0 1 0 0 1 1 1 1 0 0 0 1 0 0 1 2 0 0 0 0 0 0 0 0 0 0 0 0 0 0 0 0 0 0 0 0 0 0 0 0 0 0 0 0 0 0 0 0 0 0 0 0 0 0 0 0 0 0 0 0 0 0 0 0 0 0 0 0 0 0 0 0 0 0 0 0 0 0 0 0 0 0 0 0 0 0 0 0 0 0 0 0 0 0 0 0 0 0 0 0 0 0 0 0 0 
0 0 0 0 0 0 0 0 0 0 0 0 0 0 0 0 0 0 0 0 0 0 0 0 0 0 0 0 0 0 0 0 0 0 0 0 0 0 0 0 0 0 0 0 0 0 0 0 0 0 0 0 0 0 0 0 0 0 0 0 0 0 0 0 0 0 0 0 0 0 0 0 0 0 0 0 0 0 0 0 0 0 0 0 0 0 0 0 1 0 0 0 0 0 1 1 0 0 0 1 0 1 0 0 1 0 0 0 2 1 2 2 0 0 0 0 1 2 2 5 0 0 2 0 1 1 1 1 3 0 3 0 0 3 0 0 1 4 0 1 0 2 1 2 0 0 1 0 1 0 1 0 0 2 0 0 0 1 0 3 2 4 2 0 1 0 0 0 0 0 0 0 0 0 0 0 0 0 0 0 0 0 0 0 0 0 0 0 0 0 0 0 0 0 0 0 0 0 0 0 0 0 0 0 0 0 0 0 0 0 0 0 0 0 0 0 0 0 0 0 0 0 0 0 0 0 0 0 0 0 0 0 0 0 0 0 0 0 0 0 0 0 0 0 0 0 0 0 0 0 0 0 0 0 0 0 
0 0 0 0 0 0 0 0 0 0 0 0 0 0 0 0 0 0 0 0 0 0 0 0 0 0 0 0 0 0 0 0 0 0 0 0 0 0 0 0 0 0 0 0 0 0 0 0 0 0 0 0 0 0 0 0 0 0 0 0 0 0 0 0 0 0 0 0 0 0 0 0 0 0 0 0 0 0 0 0 0 0 0 0 0 0 0 0 1 1 0 0 1 1 1 0 0 2 3 1 0 1 0 2 1 0 0 1 0 1 0 0 0 0 0 3 0 2 2 0 2 3 3 3 0 2 4 2 0 3 2 2 2 3 1 3 1 0 3 0 1 0 1 2 2 0 0 0 2 2 0 1 1 2 1 0 2 1 1 0 2 2 0 0 0 0 0 0 0 0 0 0 0 0 0 0 0 0 0 0 0 0 0 0 0 0 0 0 0 0 0 0 0 0 0 0 0 0 0 0 0 0 0 0 0 0 0 0 0 0 0 0 0 0 0 0 0 0 0 0 0 0 0 0 0 0 0 0 0 0 0 0 0 0 0 0 0 0 0 0 0 0 0 0 0 0 0 0 0 0 0 0 0 0 0 0 
0 0 0 0 0 0 0 0 0 0 0 0 0 0 0 0 0 0 0 0 0 0 0 0 0 0 0 0 0 0 0 0 0 0 0 0 0 0 0 0 0 0 0 0 0 0 0 0 0 0 0 0 0 0 0 0 0 0 0 0 0 0 0 0 0 0 0 0 0 0 0 0 0 0 0 0 0 0 0 0 0 0 0 0 0 0 0 0 1 0 2 0 1 1 2 0 3 0 1 0 2 1 0 1 1 1 2 0 0 3 0 0 0 0 1 2 2 2 3 1 1 1 1 2 2 1 1 2 0 1 3 2 2 1 1 1 4 0 0 0 1 1 0 2 1 2 0 2 0 1 1 2 1 1 0 1 4 1 0 0 0 1 1 1 1 1 1 0 0 0 0 0 0 0 0 0 0 0 0 0 0 0 0 0 0 0 0 0 0 0 0 0 0 0 0 0 0 0 0 0 0 0 0 0 0 0 0 0 0 0 0 0 0 0 0 0 0 0 0 0 0 0 0 0 0 0 0 0 0 0 0 0 0 0 0 0 0 0 0 0 0 0 0 0 0 0 0 0 0 0 0 0 0 0 0 0 
0 0 0 0 0 0 0 0 0 0 0 0 0 0 0 0 0 0 0 0 0 0 0 0 0 0 0 0 0 0 0 0 0 0 0 0 0 0 0 0 0 0 0 0 0 0 0 0 0 0 0 0 0 0 0 0 0 0 0 0 0 0 0 0 0 0 0 0 0 0 0 0 0 0 0 0 0 0 0 0 0 0 0 0 0 0 0 0 0 0 0 2 0 1 1 0 2 3 1 2 1 1 1 2 1 0 3 0 0 0 0 0 1 2 1 3 1 0 0 0 0 1 1 1 2 2 1 0 2 0 2 2 0 0 2 1 1 1 0 1 0 1 0 4 3 1 1 0 2 1 1 0 1 0 1 2 1 1 0 1 0 0 2 1 0 1 0 0 0 0 0 0 0 0 0 0 0 0 0 0 0 0 0 0 0 0 0 0 0 0 0 0 0 0 0 0 0 0 0 0 0 0 0 0 0 0 0 0 0 0 0 0 0 0 0 0 0 0 0 0 0 0 0 0 0 0 0 0 0 0 0 0 0 0 0 0 0 0 0 0 0 0 0 0 0 0 0 0 0 0 0 0 0 0 0 0 
0 0 0 0 0 0 0 0 0 0 0 0 0 0 0 0 0 0 0 0 0 0 0 0 0 0 0 0 0 0 0 0 0 0 0 0 0 0 0 0 0 0 0 0 0 0 0 0 0 0 0 0 0 0 0 0 0 0 0 0 0 0 0 0 0 0 0 0 0 0 0 0 0 0 0 0 0 0 0 0 0 0 0 0 0 0 0 0 0 1 0 0 1 0 0 1 1 0 1 1 1 3 1 0 1 0 0 1 1 0 1 1 1 0 0 3 1 0 2 0 1 0 2 0 3 1 1 1 1 0 3 2 3 2 3 2 2 2 4 1 2 0 0 1 2 0 0 2 1 0 0 2 2 0 0 0 1 2 1 1 1 0 1 0 0 0 0 0 0 0 0 0 0 0 0 0 0 0 0 0 0 0 0 0 0 0 0 0 0 0 0 0 0 0 0 0 0 0 0 0 0 0 0 0 0 0 0 0 0 0 0 0 0 0 0 0 0 0 0 0 0 0 0 0 0 0 0 0 0 0 0 0 0 0 0 0 0 0 0 0 0 0 0 0 0 0 0 0 0 0 0 0 0 0 0 0 
0 0 0 0 0 0 0 0 0 0 0 0 0 0 0 0 0 0 0 0 0 0 0 0 0 0 0 0 0 0 0 0 0 0 0 0 0 0 0 0 0 0 0 0 0 0 0 0 0 0 0 0 0 0 0 0 0 0 0 0 0 0 0 0 0 0 0 0 0 0 0 0 0 0 0 0 0 0 0 0 0 0 0 0 0 0 0 0 1 0 1 3 0 1 1 0 3 1 2 2 0 1 1 2 0 1 1 1 3 1 0 0 0 2 1 1 1 0 0 0 1 1 1 1 3 3 0 1 1 3 2 0 0 5 2 2 1 1 0 1 3 3 0 2 0 2 2 1 2 0 0 1 2 0 1 2 0 0 2 0 1 1 1 2 0 2 0 0 0 0 0 0 0 0 0 0 0 0 0 0 0 0 0 0 0 0 0 0 0 0 0 0 0 0 0 0 0 0 0 0 0 0 0 0 0 0 0 0 0 0 0 0 0 0 0 0 0 0 0 0 0 0 0 0 0 0 0 0 0 0 0 0 0 0 0 0 0 0 0 0 0 0 0 0 0 0 0 0 0 0 0 0 0 0 0 0 
0 0 0 0 0 0 0 0 0 0 0 0 0 0 0 0 0 0 0 0 0 0 0 0 0 0 0 0 0 0 0 0 0 0 0 0 0 0 0 0 0 0 0 0 0 0 0 0 0 0 0 0 0 0 0 0 0 0 0 0 0 0 0 0 0 0 0 0 0 0 0 0 0 0 0 0 0 0 0 0 0 0 0 0 0 0 0 0 0 0 1 0 1 1 0 2 1 1 0 1 0 0 2 0 2 3 2 0 1 1 0 2 2 1 2 0 0 0 1 2 1 1 1 1 0 0 3 1 1 1 1 2 1 1 2 0 1 2 1 2 2 1 2 1 1 0 1 2 0 0 0 1 2 1 2 0 1 1 0 0 0 1 6 0 0 0 0 0 0 0 0 0 0 0 0 0 0 0 0 0 0 0 0 0 0 0 0 0 0 0 0 0 0 0 0 0 0 0 0 0 0 0 0 0 0 0 0 0 0 0 0 0 0 0 0 0 0 0 0 0 0 0 0 0 0 0 0 0 0 0 0 0 0 0 0 0 0 0 0 0 0 0 0 0 0 0 0 0 0 0 0 0 0 0 0 0 
0 0 0 0 0 0 0 0 0 0 0 0 0 0 0 0 0 0 0 0 0 0 0 0 0 0 0 0 0 0 0 0 0 0 0 0 0 0 0 0 0 0 0 0 0 0 0 0 0 0 0 0 0 0 0 0 0 0 0 0 0 0 0 0 0 0 0 0 0 0 0 0 0 0 0 0 0 0 0 0 0 0 0 0 0 0 0 0 0 0 0 0 0 0 2 1 4 2 0 2 0 0 1 1 1 0 3 1 0 0 1 0 2 0 1 0 2 1 2 0 1 1 2 0 1 0 2 0 1 1 1 1 0 2 0 1 1 0 1 0 1 1 0 0 1 0 3 1 0 1 1 2 0 0 1 1 0 0 0 1 0 1 1 2 0 0 0 2 0 0 0 0 0 0 0 0 0 0 0 0 0 0 0 0 0 0 0 0 0 0 0 0 0 0 0 0 0 0 0 0 0 0 0 0 0 0 0 0 0 0 0 0 0 0 0 0 0 0 0 0 0 0 0 0 0 0 0 0 0 0 0 0 0 0 0 0 0 0 0 0 0 0 0 0 0 0 0 0 0 0 0 0 0 0 0 0 
0 0 0 0 0 0 0 0 0 0 0 0 0 0 0 0 0 0 0 0 0 0 0 0 0 0 0 0 0 0 0 0 0 0 0 0 0 0 0 0 0 0 0 0 0 0 0 0 0 0 0 0 0 0 0 0 0 0 0 0 0 0 0 0 0 0 0 0 0 0 0 0 0 0 0 0 0 0 0 0 0 0 0 0 0 0 0 0 0 2 0 0 0 1 0 0 0 0 0 1 1 0 0 1 0 0 0 0 0 0 1 0 1 0 0 0 0 0 0 0 0 0 0 1 0 1 1 0 0 0 0 1 0 0 1 1 0 0 0 1 1 1 1 0 2 0 1 0 0 0 0 1 1 1 0 1 2 0 0 1 0 0 0 0 1 0 0 0 0 0 0 0 0 0 0 0 0 0 0 0 0 0 0 0 0 0 0 0 0 0 0 0 0 0 0 0 0 0 0 0 0 0 0 0 0 0 0 0 0 0 0 0 0 0 0 0 0 0 0 0 0 0 0 0 0 0 0 0 0 0 0 0 0 0 0 0 0 0 0 0 0 0 0 0 0 0 0 0 0 0 0 0 0 0 0 0 
0 0 0 0 0 0 0 0 0 0 0 0 0 0 0 0 0 0 0 0 0 0 0 0 0 0 0 0 0 0 0 0 0 0 0 0 0 0 0 0 0 0 0 0 0 0 0 0 0 0 0 0 0 0 0 0 0 0 0 0 0 0 0 0 0 0 0 0 0 0 0 0 0 0 0 0 0 0 0 0 0 0 0 0 0 0 0 0 0 0 0 0 1 1 0 1 1 0 0 1 0 2 1 0 0 0 1 2 1 0 1 0 0 0 0 1 0 1 1 2 1 0 2 1 0 0 1 0 1 1 2 0 0 0 1 0 0 1 0 0 0 1 2 0 0 1 0 0 2 0 0 1 1 0 2 0 0 1 0 0 0 1 0 0 0 1 1 0 0 0 0 0 0 0 0 0 0 0 0 0 0 0 0 0 0 0 0 0 0 0 0 0 0 0 0 0 0 0 0 0 0 0 0 0 0 0 0 0 0 0 0 0 0 0 0 0 0 0 0 0 0 0 0 0 0 0 0 0 0 0 0 0 0 0 0 0 0 0 0 0 0 0 0 0 0 0 0 0 0 0 0 0 0 0 0 0 
0 0 0 0 0 0 0 0 0 0 0 0 0 0 0 0 0 0 0 0 0 0 0 0 0 0 0 0 0 0 0 0 0 0 0 0 0 0 0 0 0 0 0 0 0 0 0 0 0 0 0 0 0 0 0 0 0 0 0 0 0 0 0 0 0 0 0 0 0 0 0 0 0 0 0 0 0 0 0 0 0 0 0 0 0 0 0 0 0 0 1 0 0 0 0 0 1 0 0 0 0 0 1 0 0 0 1 1 0 0 1 0 0 0 0 0 0 0 2 0 1 0 1 1 0 0 0 0 0 0 1 1 0 2 1 1 1 0 2 0 0 0 0 0 2 1 2 2 1 1 0 0 1 0 0 0 0 0 0 0 0 0 1 0 0 0 0 0 0 0 0 0 0 0 0 0 0 0 0 0 0 0 0 0 0 0 0 0 0 0 0 0 0 0 0 0 0 0 0 0 0 0 0 0 0 0 0 0 0 0 0 0 0 0 0 0 0 0 0 0 0 0 0 0 0 0 0 0 0 0 0 0 0 0 0 0 0 0 0 0 0 0 0 0 0 0 0 0 0 0 0 0 0 0 0 0 
0 0 0 0 0 0 0 0 0 0 0 0 0 0 0 0 0 0 0 0 0 0 0 0 0 0 0 0 0 0 0 0 0 0 0 0 0 0 0 0 0 0 0 0 0 0 0 0 0 0 0 0 0 0 0 0 0 0 0 0 0 0 0 0 0 0 0 0 0 0 0 0 0 0 0 0 0 0 0 0 0 0 0 0 0 0 0 0 0 0 1 0 0 0 0 2 1 1 0 1 0 0 0 0 0 0 0 0 1 0 0 1 0 0 0 0 0 0 1 0 0 1 0 0 1 1 0 0 2 0 1 1 0 0 0 1 1 0 1 1 2 1 2 1 0 0 0 0 0 0 0 0 0 0 0 1 1 0 0 2 0 2 0 2 0 0 1 0 0 0 0 0 0 0 0 0 0 0 0 0 0 0 0 0 0 0 0 0 0 0 0 0 0 0 0 0 0 0 0 0 0 0 0 0 0 0 0 0 0 0 0 0 0 0 0 0 0 0 0 0 0 0 0 0 0 0 0 0 0 0 0 0 0 0 0 0 0 0 0 0 0 0 0 0 0 0 0 0 0 0 0 0 0 0 0 0 
0 0 0 0 0 0 0 0 0 0 0 0 0 0 0 0 0 0 0 0 0 0 0 0 0 0 0 0 0 0 0 0 0 0 0 0 0 0 0 0 0 0 0 0 0 0 0 0 0 0 0 0 0 0 0 0 0 0 0 0 0 0 0 0 0 0 0 0 0 0 0 0 0 0 0 0 0 0 0 0 0 0 0 0 0 0 0 0 0 0 0 0 0 1 0 0 1 0 1 0 0 0 2 1 0 0 2 0 0 0 0 1 0 0 0 0 0 0 0 0 0 1 2 1 1 1 0 0 0 1 1 1 0 1 1 1 0 1 2 0 0 1 0 0 2 0 0 2 0 0 0 0 3 0 0 0 0 1 0 0 0 2 0 0 1 0 0 0 0 0 0 0 0 0 0 0 0 0 0 0 0 0 0 0 0 0 0 0 0 0 0 0 0 0 0 0 0 0 0 0 0 0 0 0 0 0 0 0 0 0 0 0 0 0 0 0 0 0 0 0 0 0 0 0 0 0 0 0 0 0 0 0 0 0 0 0 0 0 0 0 0 0 0 0 0 0 0 0 0 0 0 0 0 0 0 0 
0 0 0 0 0 0 0 0 0 0 0 0 0 0 0 0 0 0 0 0 0 0 0 0 0 0 0 0 0 0 0 0 0 0 0 0 0 0 0 0 0 0 0 0 0 0 0 0 0 0 0 0 0 0 0 0 0 0 0 0 0 0 0 0 0 0 0 0 0 0 0 0 0 0 0 0 0 0 0 0 0 0 0 0 0 0 0 0 0 1 0 0 0 1 0 1 0 0 0 0 0 1 0 0 1 1 0 1 0 0 0 0 2 0 1 2 0 1 1 1 0 0 0 2 0 0 0 0 0 0 0 0 1 0 0 0 2 0 0 0 1 1 1 1 0 0 0 0 1 0 0 1 0 1 1 0 0 0 0 0 0 0 1 0 0 0 0 0 0 0 0 0 0 0 0 0 0 0 0 0 0 0 0 0 0 0 0 0 0 0 0 0 0 0 0 0 0 0 0 0 0 0 0 0 0 0 0 0 0 0 0 0 0 0 0 0 0 0 0 0 0 0 0 0 0 0 0 0 0 0 0 0 0 0 0 0 0 0 0 0 0 0 0 0 0 0 0 0 0 0 0 0 0 0 0 0 
0 0 0 0 0 0 0 0 0 0 0 0 0 0 0 0 0 0 0 0 0 0 0 0 0 0 0 0 0 0 0 0 0 0 0 0 0 0 0 0 0 0 0 0 0 0 0 0 0 0 0 0 0 0 0 0 0 0 0 0 0 0 0 0 0 0 0 0 0 0 0 0 0 0 0 0 0 0 0 0 0 0 0 0 0 0 0 0 0 0 0 0 1 0 0 0 0 1 0 1 2 0 1 0 2 1 0 0 0 1 0 1 0 0 1 0 0 1 0 0 0 0 0 0 0 0 1 1 1 1 1 0 0 0 1 2 0 0 0 1 2 1 1 0 0 1 0 0 1 0 0 0 0 0 1 3 0 0 0 0 0 0 0 0 0 0 0 0 0 0 0 0 0 0 0 0 0 0 0 0 0 0 0 0 0 0 0 0 0 0 0 0 0 0 0 0 0 0 0 0 0 0 0 0 0 0 0 0 0 0 0 0 0 0 0 0 0 0 0 0 0 0 0 0 0 0 0 0 0 0 0 0 0 0 0 0 0 0 0 0 0 0 0 0 0 0 0 0 0 0 0 0 0 0 0 0 
0 0 0 0 0 0 0 0 0 0 0 0 0 0 0 0 0 0 0 0 0 0 0 0 0 0 0 0 0 0 0 0 0 0 0 0 0 0 0 0 0 0 0 0 0 0 0 0 0 0 0 0 0 0 0 0 0 0 0 0 0 0 0 0 0 0 0 0 0 0 0 0 0 0 0 0 0 0 0 0 0 0 0 0 0 0 0 0 0 0 1 0 0 1 0 1 2 1 0 0 0 1 1 0 0 0 1 1 1 0 0 0 0 0 0 0 1 0 0 0 0 0 1 0 0 1 1 1 0 0 0 0 0 0 0 0 0 0 1 1 1 0 0 2 1 0 0 1 0 0 0 1 0 1 1 0 3 0 0 0 0 0 0 0 0 0 0 0 0 0 0 0 0 0 0 0 0 0 0 0 0 0 0 0 0 0 0 0 0 0 0 0 0 0 0 0 0 0 0 0 0 0 0 0 0 0 0 0 0 0 0 0 0 0 0 0 0 0 0 0 0 0 0 0 0 0 0 0 0 0 0 0 0 0 0 0 0 0 0 0 0 0 0 0 0 0 0 0 0 0 0 0 0 0 0 0 
0 0 0 0 0 0 0 0 0 0 0 0 0 0 0 0 0 0 0 0 0 0 0 0 0 0 0 0 0 0 0 0 0 0 0 0 0 0 0 0 0 0 0 0 0 0 0 0 0 0 0 0 0 0 0 0 0 0 0 0 0 0 0 0 0 0 0 0 0 0 0 0 0 0 0 0 0 0 0 0 0 0 0 0 0 0 0 0 1 0 0 1 0 0 0 0 1 0 0 2 0 0 0 0 1 0 1 1 1 0 0 1 0 0 1 0 0 0 1 1 0 0 1 1 0 0 0 1 1 1 0 1 0 1 0 1 1 0 0 0 0 0 0 0 0 0 0 2 1 0 1 0 0 0 0 0 0 0 0 0 1 0 0 1 0 0 0 0 0 0 0 0 0 0 0 0 0 0 0 0 0 0 0 0 0 0 0 0 0 0 0 0 0 0 0 0 0 0 0 0 0 0 0 0 0 0 0 0 0 0 0 0 0 0 0 0 0 0 0 0 0 0 0 0 0 0 0 0 0 0 0 0 0 0 0 0 0 0 0 0 0 0 0 0 0 0 0 0 0 0 0 0 0 0 0 0 
0 0 0 0 0 0 0 0 0 0 0 0 0 0 0 0 0 0 0 0 0 0 0 0 0 0 0 0 0 0 0 0 0 0 0 0 0 0 0 0 0 0 0 0 0 0 0 0 0 0 0 0 0 0 0 0 0 0 0 0 0 0 0 0 0 0 0 0 0 0 0 0 0 0 0 0 0 0 0 0 0 0 0 0 0 0 0 0 0 0 1 2 1 0 0 0 0 0 0 0 0 0 0 1 0 0 0 0 0 0 0 0 0 0 0 2 0 0 1 0 0 0 0 0 0 0 0 2 0 0 0 0 0 2 1 0 0 0 0 0 0 2 0 1 0 0 0 0 0 0 0 1 1 0 0 0 0 0 1 0 0 1 0 0 0 0 0 0 0 0 0 0 0 0 0 0 0 0 0 0 0 0 0 0 0 0 0 0 0 0 0 0 0 0 0 0 0 0 0 0 0 0 0 0 0 0 0 0 0 0 0 0 0 0 0 0 0 0 0 0 0 0 0 0 0 0 0 0 0 0 0 0 0 0 0 0 0 0 0 0 0 0 0 0 0 0 0 0 0 0 0 0 0 0 0 0 
0 0 0 0 0 0 0 0 0 0 0 0 0 0 0 0 0 0 0 0 0 0 0 0 0 0 0 0 0 0 0 0 0 0 0 0 0 0 0 0 0 0 0 0 0 0 0 0 0 0 0 0 0 0 0 0 0 0 0 0 0 0 0 0 0 0 0 0 0 0 0 0 0 0 0 0 0 0 0 0 0 0 0 0 0 0 0 0 0 0 0 0 1 0 0 0 1 1 0 0 0 0 1 0 0 0 0 0 0 0 0 1 0 0 1 1 0 0 0 0 0 0 1 1 0 0 0 1 0 0 0 0 0 0 0 1 0 1 0 0 1 0 0 0 0 0 1 0 1 0 1 0 0 0 0 0 1 0 0 0 0 0 0 0 0 0 0 0 0 0 0 0 0 0 0 0 0 0 0 0 0 0 0 0 0 0 0 0 0 0 0 0 0 0 0 0 0 0 0 0 0 0 0 0 0 0 0 0 0 0 0 0 0 0 0 0 0 0 0 0 0 0 0 0 0 0 0 0 0 0 0 0 0 0 0 0 0 0 0 0 0 0 0 0 0 0 0 0 0 0 0 0 0 0 0 0 
0 0 0 0 0 0 0 0 0 0 0 0 0 0 0 0 0 0 0 0 0 0 0 0 0 0 0 0 0 0 0 0 0 0 0 0 0 0 0 0 0 0 0 0 0 0 0 0 0 0 0 0 0 0 0 0 0 0 0 0 0 0 0 0 0 0 0 0 0 0 0 0 0 0 0 0 0 0 0 0 0 0 0 0 0 0 0 0 0 0 0 1 0 0 0 0 0 1 0 1 0 0 1 0 0 1 0 0 0 0 0 0 0 0 0 0 1 0 0 0 0 0 0 0 3 0 0 0 0 1 1 0 0 0 1 1 1 0 0 0 0 1 1 1 0 0 1 0 0 0 0 0 0 0 0 0 0 0 2 0 0 0 0 0 0 0 0 0 0 0 0 0 0 0 0 0 0 0 0 0 0 0 0 0 0 0 0 0 0 0 0 0 0 0 0 0 0 0 0 0 0 0 0 0 0 0 0 0 0 0 0 0 0 0 0 0 0 0 0 0 0 0 0 0 0 0 0 0 0 0 0 0 0 0 0 0 0 0 0 0 0 0 0 0 0 0 0 0 0 0 0 0 0 0 0 0 
0 0 0 0 0 0 0 0 0 0 0 0 0 0 0 0 0 0 0 0 0 0 0 0 0 0 0 0 0 0 0 0 0 0 0 0 0 0 0 0 0 0 0 0 0 0 0 0 0 0 0 0 0 0 0 0 0 0 0 0 0 0 0 0 0 0 0 0 0 0 0 0 0 0 0 0 0 0 0 0 0 0 0 0 0 0 0 0 0 0 0 0 0 0 0 0 0 0 0 0 0 0 0 0 0 0 0 0 0 0 0 0 0 0 0 0 0 0 0 0 0 0 0 0 0 0 2 0 0 1 0 0 0 1 0 0 0 0 0 0 0 0 0 0 0 0 0 0 0 0 0 0 0 0 0 0 0 0 0 0 0 0 0 0 0 0 1 0 0 0 0 0 0 0 0 0 0 0 0 0 0 0 0 0 0 0 0 0 0 0 0 0 0 0 0 0 0 0 0 0 0 0 0 0 0 0 0 0 0 0 0 0 0 0 0 0 0 0 0 0 0 0 0 0 0 0 0 0 0 0 0 0 0 0 0 0 0 0 0 0 0 0 0 0 0 0 0 0 0 0 0 0 0 0 0 0 
0 0 0 0 0 0 0 0 0 0 0 0 0 0 0 0 0 0 0 0 0 0 0 0 0 0 0 0 0 0 0 0 0 0 0 0 0 0 0 0 0 0 0 0 0 0 0 0 0 0 0 0 0 0 0 0 0 0 0 0 0 0 0 0 0 0 0 0 0 0 0 0 0 0 0 0 0 0 0 0 0 0 0 0 0 0 0 0 0 0 0 0 0 0 0 0 0 0 0 0 1 0 0 0 1 0 0 0 1 0 0 0 0 0 0 0 0 0 1 1 0 1 1 0 0 0 0 0 0 1 0 1 0 0 0 0 0 1 0 0 0 0 2 0 0 0 0 0 0 0 0 0 0 1 0 0 0 0 0 0 0 0 0 0 0 0 0 0 0 0 0 0 0 0 0 0 0 0 0 0 0 0 0 0 0 0 0 0 0 0 0 0 0 0 0 0 0 0 0 0 0 0 0 0 0 0 0 0 0 0 0 0 0 0 0 0 0 0 0 0 0 0 0 0 0 0 0 0 0 0 0 0 0 0 0 0 0 0 0 0 0 0 0 0 0 0 0 0 0 0 0 0 0 0 0 0 
0 0 0 0 0 0 0 0 0 0 0 0 0 0 0 0 0 0 0 0 0 0 0 0 0 0 0 0 0 0 0 0 0 0 0 0 0 0 0 0 0 0 0 0 0 0 0 0 0 0 0 0 0 0 0 0 0 0 0 0 0 0 0 0 0 0 0 0 0 0 0 0 0 0 0 0 0 0 0 0 0 0 0 0 0 0 0 0 0 0 0 0 0 0 0 1 0 0 2 0 0 2 1 0 0 0 0 0 0 0 1 1 0 0 0 0 0 0 0 0 0 0 0 0 0 0 0 0 0 1 0 1 2 0 0 0 0 0 1 0 0 0 0 1 0 0 1 1 0 0 0 1 0 0 0 0 0 3 0 1 0 0 1 0 0 0 0 0 0 0 0 0 0 0 0 0 0 0 0 0 0 0 0 0 0 0 0 0 0 0 0 0 0 0 0 0 0 0 0 0 0 0 0 0 0 0 0 0 0 0 0 0 0 0 0 0 0 0 0 0 0 0 0 0 0 0 0 0 0 0 0 0 0 0 0 0 0 0 0 0 0 0 0 0 0 0 0 0 0 0 0 0 0 0 0 0 
0 0 0 0 0 0 0 0 0 0 0 0 0 0 0 0 0 0 0 0 0 0 0 0 0 0 0 0 0 0 0 0 0 0 0 0 0 0 0 0 0 0 0 0 0 0 0 0 0 0 0 0 0 0 0 0 0 0 0 0 0 0 0 0 0 0 0 0 0 0 0 0 0 0 0 0 0 0 0 0 0 0 0 0 0 0 0 0 0 0 0 0 0 0 1 0 0 1 0 1 0 1 0 3 1 0 0 0 0 0 0 0 0 2 0 0 0 0 0 0 0 0 0 0 1 0 0 0 0 0 0 1 0 1 2 0 1 0 0 0 1 0 0 1 0 0 1 0 0 0 1 0 0 0 1 0 0 0 1 0 1 1 0 0 0 0 0 0 1 0 0 0 0 0 0 0 0 0 0 0 0 0 0 0 0 0 0 0 0 0 0 0 0 0 0 0 0 0 0 0 0 0 0 0 0 0 0 0 0 0 0 0 0 0 0 0 0 0 0 0 0 0 0 0 0 0 0 0 0 0 0 0 0 0 0 0 0 0 0 0 0 0 0 0 0 0 0 0 0 0 0 0 0 0 0 0 
0 0 0 0 0 0 0 0 0 0 0 0 0 0 0 0 0 0 0 0 0 0 0 0 0 0 0 0 0 0 0 0 0 0 0 0 0 0 0 0 0 0 0 0 0 0 0 0 0 0 0 0 0 0 0 0 0 0 0 0 0 0 0 0 0 0 0 0 0 0 0 0 0 0 0 0 0 0 0 0 0 0 0 0 0 0 0 0 0 0 0 0 0 0 0 0 0 0 1 0 0 0 0 0 0 1 1 0 0 0 0 1 0 0 0 0 0 0 2 0 0 0 0 0 1 0 0 0 1 0 1 0 0 0 1 0 0 0 0 0 0 0 1 0 0 0 0 0 0 0 0 0 0 0 2 0 0 0 0 2 0 0 0 0 0 0 0 0 0 0 0 0 0 0 0 0 0 0 0 0 0 0 0 0 0 0 0 0 0 0 0 0 0 0 0 0 0 0 0 0 0 0 0 0 0 0 0 0 0 0 0 0 0 0 0 0 0 0 0 0 0 0 0 0 0 0 0 0 0 0 0 0 0 0 0 0 0 0 0 0 0 0 0 0 0 0 0 0 0 0 0 0 0 0 0 0 
0 0 0 0 0 0 0 0 0 0 0 0 0 0 0 0 0 0 0 0 0 0 0 0 0 0 0 0 0 0 0 0 0 0 0 0 0 0 0 0 0 0 0 0 0 0 0 0 0 0 0 0 0 0 0 0 0 0 0 0 0 0 0 0 0 0 0 0 0 0 0 0 0 0 0 0 0 0 0 0 0 0 0 0 0 0 0 0 0 0 0 1 0 1 0 0 0 0 0 0 0 0 0 0 0 1 0 0 0 0 0 0 0 0 0 0 1 0 1 0 0 0 0 0 0 0 0 0 0 0 0 0 0 0 0 0 0 1 0 0 0 0 0 0 0 0 0 0 0 0 0 0 0 0 0 0 0 0 0 0 0 0 0 0 1 0 0 0 0 0 0 0 0 0 0 0 0 0 0 0 0 0 0 0 0 0 0 0 0 0 0 0 0 0 0 0 0 0 0 0 0 0 0 0 0 0 0 0 0 0 0 0 0 0 0 0 0 0 0 0 0 0 0 0 0 0 0 0 0 0 0 0 0 0 0 0 0 0 0 0 0 0 0 0 0 0 0 0 0 0 0 0 0 0 0 0 
0 0 0 0 0 0 0 0 0 0 0 0 0 0 0 0 0 0 0 0 0 0 0 0 0 0 0 0 0 0 0 0 0 0 0 0 0 0 0 0 0 0 0 0 0 0 0 0 0 0 0 0 0 0 0 0 0 0 0 0 0 0 0 0 0 0 0 0 0 0 0 0 0 0 0 0 0 0 0 0 0 0 0 0 0 0 0 0 0 0 0 0 0 0 0 0 1 0 0 0 0 0 0 0 0 1 0 0 0 0 0 0 0 1 0 0 0 0 0 0 0 0 0 0 0 0 0 0 0 0 0 0 0 0 0 0 0 1 0 0 0 0 0 0 0 0 0 0 0 0 1 0 0 0 0 0 1 0 0 0 0 1 0 0 0 1 0 0 0 0 0 0 0 0 0 0 0 0 0 0 0 0 0 0 0 0 0 0 0 0 0 0 0 0 0 0 0 0 0 0 0 0 0 0 0 0 0 0 0 0 0 0 0 0 0 0 0 0 0 0 0 0 0 0 0 0 0 0 0 0 0 0 0 0 0 0 0 0 0 0 0 0 0 0 0 0 0 0 0 0 0 0 0 0 0 0 
0 0 0 0 0 0 0 0 0 0 0 0 0 0 0 0 0 0 0 0 0 0 0 0 0 0 0 0 0 0 0 0 0 0 0 0 0 0 0 0 0 0 0 0 0 0 0 0 0 0 0 0 0 0 0 0 0 0 0 0 0 0 0 0 0 0 0 0 0 0 0 0 0 0 0 0 0 0 0 0 0 0 0 0 0 0 0 0 0 0 0 0 0 0 0 0 0 2 0 0 0 0 0 0 0 0 0 0 0 0 0 0 0 0 0 0 0 0 0 0 0 0 0 0 0 0 0 1 0 0 0 0 0 0 0 0 0 0 0 0 0 0 0 0 1 0 0 0 0 0 0 0 0 1 0 0 0 0 0 1 0 0 0 0 0 0 0 0 0 0 0 0 0 0 0 0 0 0 0 0 0 0 0 0 0 0 0 0 0 0 0 0 0 0 0 0 0 0 0 0 0 0 0 0 0 0 0 0 0 0 0 0 0 0 0 0 0 0 0 0 0 0 0 0 0 0 0 0 0 0 0 0 0 0 0 0 0 0 0 0 0 0 0 0 0 0 0 0 0 0 0 0 0 0 0 0 
0 0 0 0 0 0 0 0 0 0 0 0 0 0 0 0 0 0 0 0 0 0 0 0 0 0 0 0 0 0 0 0 0 0 0 0 0 0 0 0 0 0 0 0 0 0 0 0 0 0 0 0 0 0 0 0 0 0 0 0 0 0 0 0 0 0 0 0 0 0 0 0 0 0 0 0 0 0 0 0 0 0 0 0 0 0 0 0 0 0 0 0 0 0 0 0 0 0 0 0 0 1 0 0 0 0 0 0 0 0 0 0 0 0 0 0 0 1 1 0 0 0 2 0 1 0 0 0 0 0 0 0 1 0 0 0 0 0 0 0 0 0 0 0 0 0 0 1 0 0 0 0 0 0 0 0 0 0 0 0 0 0 0 0 0 1 0 0 0 0 0 0 0 0 0 0 0 0 0 0 0 0 0 0 0 0 0 0 0 0 0 0 0 0 0 0 0 0 0 0 0 0 0 0 0 0 0 0 0 0 0 0 0 0 0 0 0 0 0 0 0 0 0 0 0 0 0 0 0 0 0 0 0 0 0 0 0 0 0 0 0 0 0 0 0 0 0 0 0 0 0 0 0 0 0 0 
0 0 0 0 0 0 0 0 0 0 0 0 0 0 0 0 0 0 0 0 0 0 0 0 0 0 0 0 0 0 0 0 0 0 0 0 0 0 0 0 0 0 0 0 0 0 0 0 0 0 0 0 0 0 0 0 0 0 0 0 0 0 0 0 0 0 0 0 0 0 0 0 0 0 0 0 0 0 0 0 0 0 0 0 0 0 0 0 0 0 0 0 0 0 0 0 0 0 0 0 0 0 0 1 0 0 0 0 0 0 0 0 0 1 0 0 0 0 0 1 0 0 1 0 0 0 0 0 0 0 0 0 0 0 0 0 0 1 0 0 0 0 0 0 0 0 0 0 1 0 0 0 0 0 0 0 1 0 0 0 0 0 0 0 0 0 0 0 0 0 0 0 0 0 0 0 0 0 0 0 0 0 0 0 0 0 0 0 0 0 0 0 0 0 0 0 0 0 0 0 0 0 0 0 0 0 0 0 0 0 0 0 0 0 0 0 0 0 0 0 0 0 0 0 0 0 0 0 0 0 0 0 0 0 0 0 0 0 0 0 0 0 0 0 0 0 0 0 0 0 0 0 0 0 0 0 
0 0 0 0 0 0 0 0 0 0 0 0 0 0 0 0 0 0 0 0 0 0 0 0 0 0 0 0 0 0 0 0 0 0 0 0 0 0 0 0 0 0 0 0 0 0 0 0 0 0 0 0 0 0 0 0 0 0 0 0 0 0 0 0 0 0 0 0 0 0 0 0 0 0 0 0 0 0 0 0 0 0 0 0 0 0 0 0 0 0 0 0 0 0 1 0 0 0 0 0 0 0 0 0 0 0 0 0 0 0 1 0 1 0 0 0 0 0 0 0 0 0 0 0 0 0 0 1 0 0 0 0 0 0 0 0 0 0 0 0 1 0 0 0 0 0 0 0 1 0 1 0 0 0 0 0 0 0 0 0 0 0 0 1 0 0 0 0 0 0 0 0 0 0 0 0 0 0 0 0 0 0 0 0 0 0 0 0 0 0 0 0 0 0 0 0 0 0 0 0 0 0 0 0 0 0 0 0 0 0 0 0 0 0 0 0 0 0 0 0 0 0 0 0 0 0 0 0 0 0 0 0 0 0 0 0 0 0 0 0 0 0 0 0 0 0 0 0 0 0 0 0 0 0 0 0 
0 0 0 0 0 0 0 0 0 0 0 0 0 0 0 0 0 0 0 0 0 0 0 0 0 0 0 0 0 0 0 0 0 0 0 0 0 0 0 0 0 0 0 0 0 0 0 0 0 0 0 0 0 0 0 0 0 0 0 0 0 0 0 0 0 0 0 0 0 0 0 0 0 0 0 0 0 0 0 0 0 0 0 0 0 0 0 0 0 0 0 0 0 0 0 0 0 0 0 0 0 0 0 0 0 0 0 0 0 0 0 0 0 0 0 0 0 1 0 0 0 0 0 0 0 0 0 0 0 0 0 1 0 0 0 0 2 0 0 0 0 0 1 0 0 0 0 0 1 0 0 1 0 0 0 0 0 0 0 0 0 0 0 0 0 0 0 0 0 0 0 0 0 0 0 0 0 0 0 0 0 0 0 0 0 0 0 0 0 0 0 0 0 0 0 0 0 0 0 0 0 0 0 0 0 0 0 0 0 0 0 0 0 0 0 0 0 0 0 0 0 0 0 0 0 0 0 0 0 0 0 0 0 0 0 0 0 0 0 0 0 0 0 0 0 0 0 0 0 0 0 0 0 0 0 0 
0 0 0 0 0 0 0 0 0 0 0 0 0 0 0 0 0 0 0 0 0 0 0 0 0 0 0 0 0 0 0 0 0 0 0 0 0 0 0 0 0 0 0 0 0 0 0 0 0 0 0 0 0 0 0 0 0 0 0 0 0 0 0 0 0 0 0 0 0 0 0 0 0 0 0 0 0 0 0 0 0 0 0 0 0 0 0 0 0 0 0 0 0 0 0 0 0 0 0 0 0 1 0 0 0 0 0 0 0 0 0 0 0 0 0 0 0 0 0 0 0 0 0 0 0 1 0 0 0 0 0 0 0 0 0 0 0 0 0 0 0 0 0 0 0 0 0 0 0 0 1 0 0 0 0 0 0 0 0 0 0 0 0 0 0 0 0 0 0 0 0 0 0 0 0 0 0 0 0 0 0 0 0 0 0 0 0 0 0 0 0 0 0 0 0 0 0 0 0 0 0 0 0 0 0 0 0 0 0 0 0 0 0 0 0 0 0 0 0 0 0 0 0 0 0 0 0 0 0 0 0 0 0 0 0 0 0 0 0 0 0 0 0 0 0 0 0 0 0 0 0 0 0 0 0 0 
0 0 0 0 0 0 0 0 0 0 0 0 0 0 0 0 0 0 0 0 0 0 0 0 0 0 0 0 0 0 0 0 0 0 0 0 0 0 0 0 0 0 0 0 0 0 0 0 0 0 0 0 0 0 0 0 0 0 0 0 0 0 0 0 0 0 0 0 0 0 0 0 0 0 0 0 0 0 0 0 0 0 0 0 0 0 0 0 0 0 0 0 0 0 0 1 0 0 0 0 0 0 0 0 0 0 0 0 0 0 0 0 0 0 0 0 0 0 0 0 0 0 0 0 0 0 0 0 0 1 0 0 0 0 0 0 0 0 0 0 0 0 0 0 0 0 0 1 0 0 0 0 0 0 0 0 0 0 0 0 0 0 0 0 0 0 0 0 0 0 0 0 0 0 0 0 0 0 0 0 0 0 0 0 0 0 0 0 0 0 0 0 0 0 0 0 0 0 0 0 0 0 0 0 0 0 0 0 0 0 0 0 0 0 0 0 0 0 0 0 0 0 0 0 0 0 0 0 0 0 0 0 0 0 0 0 0 0 0 0 0 0 0 0 0 0 0 0 0 0 0 0 0 0 0 0 
0 0 0 0 0 0 0 0 0 0 0 0 0 0 0 0 0 0 0 0 0 0 0 0 0 0 0 0 0 0 0 0 0 0 0 0 0 0 0 0 0 0 0 0 0 0 0 0 0 0 0 0 0 0 0 0 0 0 0 0 0 0 0 0 0 0 0 0 0 0 0 0 0 0 0 0 0 0 0 0 0 0 0 0 0 0 0 0 0 0 0 0 0 0 0 0 0 0 0 0 0 0 0 0 0 0 0 0 0 0 0 0 0 0 1 0 0 0 0 0 0 0 0 0 0 0 0 0 0 0 0 0 0 0 0 0 0 0 0 0 0 0 0 0 0 0 0 0 0 0 0 0 0 0 0 0 0 0 0 0 0 0 0 0 0 0 0 0 0 0 0 0 0 0 0 0 0 0 0 0 0 0 0 0 0 0 0 0 0 0 0 0 0 0 0 0 0 0 0 0 0 0 0 0 0 0 0 0 0 0 0 0 0 0 0 0 0 0 0 0 0 0 0 0 0 0 0 0 0 0 0 0 0 0 0 0 0 0 0 0 0 0 0 0 0 0 0 0 0 0 0 0 0 0 0 0 
0 0 0 0 0 0 0 0 0 0 0 0 0 0 0 0 0 0 0 0 0 0 0 0 0 0 0 0 0 0 0 0 0 0 0 0 0 0 0 0 0 0 0 0 0 0 0 0 0 0 0 0 0 0 0 0 0 0 0 0 0 0 0 0 0 0 0 0 0 0 0 0 0 0 0 0 0 0 0 0 0 0 0 0 0 0 0 0 0 0 0 0 0 0 0 0 0 1 0 0 0 0 0 0 0 0 0 0 0 0 0 0 0 0 0 0 0 0 0 0 0 0 0 0 0 0 0 0 0 0 0 0 0 0 0 0 0 0 0 0 0 0 0 0 0 0 0 0 0 0 0 0 0 0 0 0 0 0 0 0 0 0 0 0 0 0 0 0 0 0 0 0 0 0 0 0 0 0 0 0 0 0 0 0 0 0 0 0 0 0 0 0 0 0 0 0 0 0 0 0 0 0 0 0 0 0 0 0 0 0 0 0 0 0 0 0 0 0 0 0 0 0 0 0 0 0 0 0 0 0 0 0 0 0 0 0 0 0 0 0 0 0 0 0 0 0 0 0 0 0 0 0 0 0 0 0 
0 0 0 0 0 0 0 0 0 0 0 0 0 0 0 0 0 0 0 0 0 0 0 0 0 0 0 0 0 0 0 0 0 0 0 0 0 0 0 0 0 0 0 0 0 0 0 0 0 0 0 0 0 0 0 0 0 0 0 0 0 0 0 0 0 0 0 0 0 0 0 0 0 0 0 0 0 0 0 0 0 0 0 0 0 0 0 0 0 0 0 0 0 0 0 0 0 0 0 0 0 0 0 0 0 0 0 0 0 0 0 0 0 0 0 0 0 0 0 0 0 0 0 0 0 0 0 0 0 0 0 0 0 0 0 0 0 0 0 0 0 0 0 0 0 0 0 0 0 0 0 0 0 0 0 0 0 0 0 0 0 0 0 0 0 0 0 0 0 0 0 0 0 0 0 0 0 0 0 0 0 0 0 0 0 0 0 0 0 0 0 0 0 0 0 0 0 0 0 0 0 0 0 0 0 0 0 0 0 0 0 0 0 0 0 0 0 0 0 0 0 0 0 0 0 0 0 0 0 0 0 0 0 0 0 0 0 0 0 0 0 0 0 0 0 0 0 0 0 0 0 0 0 0 0 0 
0 0 0 0 0 0 0 0 0 0 0 0 0 0 0 0 0 0 0 0 0 0 0 0 0 0 0 0 0 0 0 0 0 0 0 0 0 0 0 0 0 0 0 0 0 0 0 0 0 0 0 0 0 0 0 0 0 0 0 0 0 0 0 0 0 0 0 0 0 0 0 0 0 0 0 0 0 0 0 0 0 0 0 0 0 0 0 0 0 0 0 0 0 0 0 0 0 0 0 0 1 0 0 0 0 0 0 0 0 0 0 0 0 0 0 0 0 0 0 0 0 0 0 0 0 0 0 0 0 0 0 0 0 0 0 0 0 0 0 0 0 0 0 0 0 0 0 0 0 0 0 0 0 0 0 0 0 0 0 0 0 0 0 0 0 0 0 0 0 0 0 0 0 0 0 0 0 0 0 0 0 0 0 0 0 0 0 0 0 0 0 0 0 0 0 0 0 0 0 0 0 0 0 0 0 0 0 0 0 0 0 0 0 0 0 0 0 0 0 0 0 0 0 0 0 0 0 0 0 0 0 0 0 0 0 0 0 0 0 0 0 0 0 0 0 0 0 0 0 0 0 0 0 0 0 0 
0 0 0 0 0 0 0 0 0 0 0 0 0 0 0 0 0 0 0 0 0 0 0 0 0 0 0 0 0 0 0 0 0 0 0 0 0 0 0 0 0 0 0 0 0 0 0 0 0 0 0 0 0 0 0 0 0 0 0 0 0 0 0 0 0 0 0 0 0 0 0 0 0 0 0 0 0 0 0 0 0 0 0 0 0 0 0 0 0 0 0 0 0 0 0 0 0 0 0 0 0 0 0 0 0 0 0 0 0 0 0 0 0 0 0 0 0 0 0 0 0 0 0 0 0 0 0 0 0 0 0 0 0 0 0 0 0 0 0 0 0 0 0 0 0 0 0 0 0 0 0 0 0 1 0 0 0 0 0 0 0 0 0 0 0 0 0 0 0 0 0 0 0 0 0 0 0 0 0 0 0 0 0 0 0 0 0 0 0 0 0 0 0 0 0 0 0 0 0 0 0 0 0 0 0 0 0 0 0 0 0 0 0 0 0 0 0 0 0 0 0 0 0 0 0 0 0 0 0 0 0 0 0 0 0 0 0 0 0 0 0 0 0 0 0 0 0 0 0 0 0 0 0 0 0 0 
0 0 0 0 0 0 0 0 0 0 0 0 0 0 0 0 0 0 0 0 0 0 0 0 0 0 0 0 0 0 0 0 0 0 0 0 0 0 0 0 0 0 0 0 0 0 0 0 0 0 0 0 0 0 0 0 0 0 0 0 0 0 0 0 0 0 0 0 0 0 0 0 0 0 0 0 0 0 0 0 0 0 0 0 0 0 0 0 0 0 0 0 0 0 0 0 0 0 0 0 0 0 0 0 0 0 0 0 0 0 0 0 0 0 0 0 0 0 0 0 0 0 0 0 0 0 0 0 0 0 0 0 0 0 0 0 0 0 0 0 0 0 0 0 0 0 0 0 0 0 0 0 0 0 0 0 0 0 0 0 0 0 0 0 0 0 0 0 0 0 0 0 0 0 0 0 0 0 0 0 0 0 0 0 0 0 0 0 0 0 0 0 0 0 0 0 0 0 0 0 0 0 0 0 0 0 0 0 0 0 0 0 0 0 0 0 0 0 0 0 0 0 0 0 0 0 0 0 0 0 0 0 0 0 0 0 0 0 0 0 0 0 0 0 0 0 0 0 0 0 0 0 0 0 0 0 
0 0 0 0 0 0 0 0 0 0 0 0 0 0 0 0 0 0 0 0 0 0 0 0 0 0 0 0 0 0 0 0 0 0 0 0 0 0 0 0 0 0 0 0 0 0 0 0 0 0 0 0 0 0 0 0 0 0 0 0 0 0 0 0 0 0 0 0 0 0 0 0 0 0 0 0 0 0 0 0 0 0 0 0 0 0 0 0 0 0 0 0 0 0 0 0 0 0 0 0 0 0 0 0 0 0 0 0 0 0 0 0 0 0 0 0 0 0 0 0 0 0 0 0 0 0 0 0 0 0 0 0 0 0 0 0 0 0 0 0 0 0 0 0 0 0 0 0 0 0 0 0 0 0 0 0 0 0 0 0 0 0 0 0 0 0 0 0 0 0 0 0 0 0 0 0 0 0 0 0 0 0 0 0 0 0 0 0 0 0 0 0 0 0 0 0 0 0 0 0 0 0 0 0 0 0 0 0 0 0 0 0 0 0 0 0 0 0 0 0 0 0 0 0 0 0 0 0 0 0 0 0 0 0 0 0 0 0 0 0 0 0 0 0 0 0 0 0 0 0 0 0 0 0 0 0 
0 0 0 0 0 0 0 0 0 0 0 0 0 0 0 0 0 0 0 0 0 0 0 0 0 0 0 0 0 0 0 0 0 0 0 0 0 0 0 0 0 0 0 0 0 0 0 0 0 0 0 0 0 0 0 0 0 0 0 0 0 0 0 0 0 0 0 0 0 0 0 0 0 0 0 0 0 0 0 0 0 0 0 0 0 0 0 0 0 0 0 0 0 0 0 0 0 0 0 0 0 0 0 0 0 0 0 0 0 0 0 0 0 0 0 0 0 0 0 0 0 0 0 0 0 0 0 0 0 0 0 0 0 0 0 0 0 0 0 0 0 0 0 1 0 0 0 0 0 0 0 0 0 0 0 0 0 0 0 0 0 0 0 0 0 0 0 0 0 0 0 0 0 0 0 0 0 0 0 0 0 0 0 0 0 0 0 0 0 0 0 0 0 0 0 0 0 0 0 0 0 0 0 0 0 0 0 0 0 0 0 0 0 0 0 0 0 0 0 0 0 0 0 0 0 0 0 0 0 0 0 0 0 0 0 0 0 0 0 0 0 0 0 0 0 0 0 0 0 0 0 0 0 0 0 0 
0 0 0 0 0 0 0 0 0 0 0 0 0 0 0 0 0 0 0 0 0 0 0 0 0 0 0 0 0 0 0 0 0 0 0 0 0 0 0 0 0 0 0 0 0 0 0 0 0 0 0 0 0 0 0 0 0 0 0 0 0 0 0 0 0 0 0 0 0 0 0 0 0 0 0 0 0 0 0 0 0 0 0 0 0 0 0 0 0 0 0 0 0 0 0 0 0 0 0 0 0 0 0 0 0 0 0 0 0 0 0 0 0 0 0 0 0 0 0 0 0 0 0 0 0 0 0 0 0 0 0 0 0 0 0 0 0 0 0 0 0 0 0 0 0 0 0 0 0 0 0 0 0 0 0 0 0 0 0 0 0 0 0 0 0 0 0 0 0 0 0 0 0 0 0 0 0 0 0 0 0 0 0 0 0 0 0 0 0 0 0 0 0 0 0 0 0 0 0 0 0 0 0 0 0 0 0 0 0 0 0 0 0 0 0 0 0 0 0 0 0 0 0 0 0 0 0 0 0 0 0 0 0 0 0 0 0 0 0 0 0 0 0 0 0 0 0 0 0 0 0 0 0 0 0 0 
0 0 0 0 0 0 0 0 0 0 0 0 0 0 0 0 0 0 0 0 0 0 0 0 0 0 0 0 0 0 0 0 0 0 0 0 0 0 0 0 0 0 0 0 0 0 0 0 0 0 0 0 0 0 0 0 0 0 0 0 0 0 0 0 0 0 0 0 0 0 0 0 0 0 0 0 0 0 0 0 0 0 0 0 0 0 0 0 0 0 0 0 0 0 0 0 0 0 0 0 0 0 0 0 0 0 0 0 0 0 0 0 0 0 0 0 0 0 0 0 0 0 0 0 0 0 0 0 0 0 0 0 0 0 0 0 0 0 0 0 0 0 0 0 0 0 0 0 0 0 0 0 0 0 0 0 0 0 0 0 0 0 0 0 0 0 0 0 0 0 0 0 0 0 0 0 0 0 0 0 0 0 0 0 0 0 0 0 0 0 0 0 0 0 0 0 0 0 0 0 0 0 0 0 0 0 0 0 0 0 0 0 0 0 0 0 0 0 0 0 0 0 0 0 0 0 0 0 0 0 0 0 0 0 0 0 0 0 0 0 0 0 0 0 0 0 0 0 0 0 0 0 0 0 0 0 
0 0 0 0 0 0 0 0 0 0 0 0 0 0 0 0 0 0 0 0 0 0 0 0 0 0 0 0 0 0 0 0 0 0 0 0 0 0 0 0 0 0 0 0 0 0 0 0 0 0 0 0 0 0 0 0 0 0 0 0 0 0 0 0 0 0 0 0 0 0 0 0 0 0 0 0 0 0 0 0 0 0 0 0 0 0 0 0 0 0 0 0 0 0 0 0 0 0 0 0 0 0 0 0 0 0 0 0 0 0 0 0 0 0 0 0 0 0 0 0 0 0 0 0 0 0 0 0 0 0 0 0 0 0 0 0 0 0 0 0 0 0 0 0 0 0 0 0 0 0 0 0 0 0 0 0 0 0 0 0 0 0 0 0 0 0 0 0 0 0 0 0 0 0 0 0 0 0 0 0 0 0 0 0 0 0 0 0 0 0 0 0 0 0 0 0 0 0 0 0 0 0 0 0 0 0 0 0 0 0 0 0 0 0 0 0 0 0 0 0 0 0 0 0 0 0 0 0 0 0 0 0 0 0 0 0 0 0 0 0 0 0 0 0 0 0 0 0 0 0 0 0 0 0 0 0 
0 0 0 0 0 0 0 0 0 0 0 0 0 0 0 0 0 0 0 0 0 0 0 0 0 0 0 0 0 0 0 0 0 0 0 0 0 0 0 0 0 0 0 0 0 0 0 0 0 0 0 0 0 0 0 0 0 0 0 0 0 0 0 0 0 0 0 0 0 0 0 0 0 0 0 0 0 0 0 0 0 0 0 0 0 0 0 0 0 0 0 0 0 0 0 0 0 0 0 0 0 0 0 0 0 0 0 0 0 0 0 0 0 0 0 0 0 0 0 0 0 0 0 0 0 0 0 0 0 0 0 0 0 0 0 0 0 0 0 0 0 0 0 0 0 0 0 0 0 0 0 0 0 0 0 0 0 0 0 0 0 0 0 0 0 0 0 0 0 0 0 0 0 0 0 0 0 0 0 0 0 0 0 0 0 0 0 0 0 0 0 0 0 0 0 0 0 0 0 0 0 0 0 0 0 0 0 0 0 0 0 0 0 0 0 0 0 0 0 0 0 0 0 0 0 0 0 0 0 0 0 0 0 0 0 0 0 0 0 0 0 0 0 0 0 0 0 0 0 0 0 0 0 0 0 0 
0 0 0 0 0 0 0 0 0 0 0 0 0 0 0 0 0 0 0 0 0 0 0 0 0 0 0 0 0 0 0 0 0 0 0 0 0 0 0 0 0 0 0 0 0 0 0 0 0 0 0 0 0 0 0 0 0 0 0 0 0 0 0 0 0 0 0 0 0 0 0 0 0 0 0 0 0 0 0 0 0 0 0 0 0 0 0 0 0 0 0 0 0 0 0 0 0 0 0 0 0 0 0 0 0 0 0 0 0 0 0 0 0 0 0 0 0 0 0 0 0 0 0 0 0 0 0 0 0 0 0 0 0 0 0 0 0 0 0 0 0 0 0 0 0 0 0 0 0 0 0 0 0 0 0 0 0 0 0 0 0 0 0 0 0 0 0 0 0 0 0 0 0 0 0 0 0 0 0 0 0 0 0 0 0 0 0 0 0 0 0 0 0 0 0 0 0 0 0 0 0 0 0 0 0 0 0 0 0 0 0 0 0 0 0 0 0 0 0 0 0 0 0 0 0 0 0 0 0 0 0 0 0 0 0 0 0 0 0 0 0 0 0 0 0 0 0 0 0 0 0 0 0 0 0 0 
0 0 0 0 0 0 0 0 0 0 0 0 0 0 0 0 0 0 0 0 0 0 0 0 0 0 0 0 0 0 0 0 0 0 0 0 0 0 0 0 0 0 0 0 0 0 0 0 0 0 0 0 0 0 0 0 0 0 0 0 0 0 0 0 0 0 0 0 0 0 0 0 0 0 0 0 0 0 0 0 0 0 0 0 0 0 0 0 0 0 0 0 0 0 0 0 0 0 0 0 0 0 0 0 0 0 0 0 0 0 0 0 0 0 0 0 0 0 0 0 0 0 0 0 0 0 0 0 0 0 0 0 0 0 0 0 0 0 0 0 0 0 0 0 0 0 0 0 0 0 0 0 0 0 0 0 0 0 0 0 0 0 0 0 0 0 0 0 0 0 0 0 0 0 0 0 0 0 0 0 0 0 0 0 0 0 0 0 0 0 0 0 0 0 0 0 0 0 0 0 0 0 0 0 0 0 0 0 0 0 0 0 0 0 0 0 0 0 0 0 0 0 0 0 0 0 0 0 0 0 0 0 0 0 0 0 0 0 0 0 0 0 0 0 0 0 0 0 0 0 0 0 0 0 0 0 
0 0 0 0 0 0 0 0 0 0 0 0 0 0 0 0 0 0 0 0 0 0 0 0 0 0 0 0 0 0 0 0 0 0 0 0 0 0 0 0 0 0 0 0 0 0 0 0 0 0 0 0 0 0 0 0 0 0 0 0 0 0 0 0 0 0 0 0 0 0 0 0 0 0 0 0 0 0 0 0 0 0 0 0 0 0 0 0 0 0 0 0 0 0 0 0 0 0 0 0 0 0 0 0 0 0 0 0 0 0 0 0 0 0 0 0 0 0 0 0 0 0 0 0 0 0 0 0 0 0 0 0 0 0 0 0 0 0 0 0 0 0 0 0 0 0 0 0 0 0 0 0 0 0 0 0 0 0 0 0 0 0 0 0 0 0 0 0 0 0 0 0 0 0 0 0 0 0 0 0 0 0 0 0 0 0 0 0 0 0 0 0 0 0 0 0 0 0 0 0 0 0 0 0 0 0 0 0 0 0 0 0 0 0 0 0 0 0 0 0 0 0 0 0 0 0 0 0 0 0 0 0 0 0 0 0 0 0 0 0 0 0 0 0 0 0 0 0 0 0 0 0 0 0 0 0 
0 0 0 0 0 0 0 0 0 0 0 0 0 0 0 0 0 0 0 0 0 0 0 0 0 0 0 0 0 0 0 0 0 0 0 0 0 0 0 0 0 0 0 0 0 0 0 0 0 0 0 0 0 0 0 0 0 0 0 0 0 0 0 0 0 0 0 0 0 0 0 0 0 0 0 0 0 0 0 0 0 0 0 0 0 0 0 0 0 0 0 0 0 0 0 0 0 0 0 0 0 0 0 0 0 0 0 0 0 0 0 0 0 0 0 0 0 0 0 0 0 0 0 0 0 0 0 0 0 0 0 0 0 0 0 0 0 0 0 0 0 0 0 0 0 0 0 0 0 0 0 0 0 0 0 0 0 0 0 0 0 0 0 0 0 0 0 0 0 0 0 0 0 0 0 0 0 0 0 0 0 0 0 0 0 0 0 0 0 0 0 0 0 0 0 0 0 0 0 0 0 0 0 0 0 0 0 0 0 0 0 0 0 0 0 0 0 0 0 0 0 0 0 0 0 0 0 0 0 0 0 0 0 0 0 0 0 0 0 0 0 0 0 0 0 0 0 0 0 0 0 0 0 0 0 0 
0 0 0 0 0 0 0 0 0 0 0 0 0 0 0 0 0 0 0 0 0 0 0 0 0 0 0 0 0 0 0 0 0 0 0 0 0 0 0 0 0 0 0 0 0 0 0 0 0 0 0 0 0 0 0 0 0 0 0 0 0 0 0 0 0 0 0 0 0 0 0 0 0 0 0 0 0 0 0 0 0 0 0 0 0 0 0 0 0 0 0 0 0 0 0 0 0 0 0 0 0 0 0 0 0 0 0 0 0 0 0 0 0 0 0 0 0 0 0 0 0 0 0 0 0 0 0 0 0 0 0 0 0 0 0 0 0 0 0 0 0 0 0 0 0 0 0 0 0 0 0 0 0 0 0 0 0 0 0 0 0 0 0 0 0 0 0 0 0 0 0 0 0 0 0 0 0 0 0 0 0 0 0 0 0 0 0 0 0 0 0 0 0 0 0 0 0 0 0 0 0 0 0 0 0 0 0 0 0 0 0 0 0 0 0 0 0 0 0 0 0 0 0 0 0 0 0 0 0 0 0 0 0 0 0 0 0 0 0 0 0 0 0 0 0 0 0 0 0 0 0 0 0 0 0 0 
0 0 0 0 0 0 0 0 0 0 0 0 0 0 0 0 0 0 0 0 0 0 0 0 0 0 0 0 0 0 0 0 0 0 0 0 0 0 0 0 0 0 0 0 0 0 0 0 0 0 0 0 0 0 0 0 0 0 0 0 0 0 0 0 0 0 0 0 0 0 0 0 0 0 0 0 0 0 0 0 0 0 0 0 0 0 0 0 0 0 0 0 0 0 0 0 0 0 0 0 0 0 0 0 0 0 0 0 0 0 0 0 0 0 0 0 0 0 0 0 0 0 0 0 0 0 0 0 0 0 0 0 0 0 0 0 0 0 0 0 0 0 0 0 0 0 0 0 0 0 0 0 0 0 0 0 0 0 0 0 0 0 0 0 0 0 0 0 0 0 0 0 0 0 0 0 0 0 0 0 0 0 0 0 0 0 0 0 0 0 0 0 0 0 0 0 0 0 0 0 0 0 0 0 0 0 0 0 0 0 0 0 0 0 0 0 0 0 0 0 0 0 0 0 0 0 0 0 0 0 0 0 0 0 0 0 0 0 0 0 0 0 0 0 0 0 0 0 0 0 0 0 0 0 0 0 
0 0 0 0 0 0 0 0 0 0 0 0 0 0 0 0 0 0 0 0 0 0 0 0 0 0 0 0 0 0 0 0 0 0 0 0 0 0 0 0 0 0 0 0 0 0 0 0 0 0 0 0 0 0 0 0 0 0 0 0 0 0 0 0 0 0 0 0 0 0 0 0 0 0 0 0 0 0 0 0 0 0 0 0 0 0 0 0 0 0 0 0 0 0 0 0 0 0 0 0 0 0 0 0 0 0 0 0 0 0 0 0 0 0 0 0 0 0 0 0 0 0 0 0 0 0 0 0 0 0 0 0 0 0 0 0 0 0 0 0 0 0 0 0 0 0 0 0 0 0 0 0 0 0 0 0 0 0 0 0 0 0 0 0 0 0 0 0 0 0 0 0 0 0 0 0 0 0 0 0 0 0 0 0 0 0 0 0 0 0 0 0 0 0 0 0 0 0 0 0 0 0 0 0 0 0 0 0 0 0 0 0 0 0 0 0 0 0 0 0 0 0 0 0 0 0 0 0 0 0 0 0 0 0 0 0 0 0 0 0 0 0 0 0 0 0 0 0 0 0 0 0 0 0 0 0 
0 0 0 0 0 0 0 0 0 0 0 0 0 0 0 0 0 0 0 0 0 0 0 0 0 0 0 0 0 0 0 0 0 0 0 0 0 0 0 0 0 0 0 0 0 0 0 0 0 0 0 0 0 0 0 0 0 0 0 0 0 0 0 0 0 0 0 0 0 0 0 0 0 0 0 0 0 0 0 0 0 0 0 0 0 0 0 0 0 0 0 0 0 0 0 0 0 0 0 0 0 0 0 0 0 0 0 0 0 0 0 0 0 0 0 0 0 0 0 0 0 0 0 0 0 0 0 0 0 0 0 0 0 0 0 0 0 0 0 0 0 0 0 0 0 0 0 0 0 0 0 0 0 0 0 0 0 0 0 0 0 0 0 0 0 0 0 0 0 0 0 0 0 0 0 0 0 0 0 0 0 0 0 0 0 0 0 0 0 0 0 0 0 0 0 0 0 0 0 0 0 0 0 0 0 0 0 0 0 0 0 0 0 0 0 0 0 0 0 0 0 0 0 0 0 0 0 0 0 0 0 0 0 0 0 0 0 0 0 0 0 0 0 0 0 0 0 0 0 0 0 0 0 0 0 0 
0 0 0 0 0 0 0 0 0 0 0 0 0 0 0 0 0 0 0 0 0 0 0 0 0 0 0 0 0 0 0 0 0 0 0 0 0 0 0 0 0 0 0 0 0 0 0 0 0 0 0 0 0 0 0 0 0 0 0 0 0 0 0 0 0 0 0 0 0 0 0 0 0 0 0 0 0 0 0 0 0 0 0 0 0 0 0 0 0 0 0 0 0 0 0 0 0 0 0 0 0 0 0 0 0 0 0 0 0 0 0 0 0 0 0 0 0 0 0 0 0 0 0 0 0 0 0 0 0 0 0 0 0 0 0 0 0 0 0 0 0 0 0 0 0 0 0 0 0 0 0 0 0 0 0 0 0 0 0 0 0 0 0 0 0 0 0 0 0 0 0 0 0 0 0 0 0 0 0 0 0 0 0 0 0 0 0 0 0 0 0 0 0 0 0 0 0 0 0 0 0 0 0 0 0 0 0 0 0 0 0 0 0 0 0 0 0 0 0 0 0 0 0 0 0 0 0 0 0 0 0 0 0 0 0 0 0 0 0 0 0 0 0 0 0 0 0 0 0 0 0 0 0 0 0 0 
0 0 0 0 0 0 0 0 0 0 0 0 0 0 0 0 0 0 0 0 0 0 0 0 0 0 0 0 0 0 0 0 0 0 0 0 0 0 0 0 0 0 0 0 0 0 0 0 0 0 0 0 0 0 0 0 0 0 0 0 0 0 0 0 0 0 0 0 0 0 0 0 0 0 0 0 0 0 0 0 0 0 0 0 0 0 0 0 0 0 0 0 0 0 0 0 0 0 0 0 0 0 0 0 0 0 0 0 0 0 0 0 0 0 0 0 0 0 0 0 0 0 0 0 0 0 0 0 0 0 0 0 0 0 0 0 0 0 0 0 0 0 0 0 0 0 0 0 0 0 0 0 0 0 0 0 0 0 0 0 0 0 0 0 0 0 0 0 0 0 0 0 0 0 0 0 0 0 0 0 0 0 0 0 0 0 0 0 0 0 0 0 0 0 0 0 0 0 0 0 0 0 0 0 0 0 0 0 0 0 0 0 0 0 0 0 0 0 0 0 0 0 0 0 0 0 0 0 0 0 0 0 0 0 0 0 0 0 0 0 0 0 0 0 0 0 0 0 0 0 0 0 0 0 0 0 
0 0 0 0 0 0 0 0 0 0 0 0 0 0 0 0 0 0 0 0 0 0 0 0 0 0 0 0 0 0 0 0 0 0 0 0 0 0 0 0 0 0 0 0 0 0 0 0 0 0 0 0 0 0 0 0 0 0 0 0 0 0 0 0 0 0 0 0 0 0 0 0 0 0 0 0 0 0 0 0 0 0 0 0 0 0 0 0 0 0 0 0 0 0 0 0 0 0 0 0 0 0 0 0 0 0 0 0 0 0 0 0 0 0 0 0 0 0 0 0 0 0 0 0 0 0 0 0 0 0 0 0 0 0 0 0 0 0 0 0 0 0 0 0 0 0 0 0 0 0 0 0 0 0 0 0 0 0 0 0 0 0 0 0 0 0 0 0 0 0 0 0 0 0 0 0 0 0 0 0 0 0 0 0 0 0 0 0 0 0 0 0 0 0 0 0 0 0 0 0 0 0 0 0 0 0 0 0 0 0 0 0 0 0 0 0 0 0 0 0 0 0 0 0 0 0 0 0 0 0 0 0 0 0 0 0 0 0 0 0 0 0 0 0 0 0 0 0 0 0 0 0 0 0 0 0 
0 0 0 0 0 0 0 0 0 0 0 0 0 0 0 0 0 0 0 0 0 0 0 0 0 0 0 0 0 0 0 0 0 0 0 0 0 0 0 0 0 0 0 0 0 0 0 0 0 0 0 0 0 0 0 0 0 0 0 0 0 0 0 0 0 0 0 0 0 0 0 0 0 0 0 0 0 0 0 0 0 0 0 0 0 0 0 0 0 0 0 0 0 0 0 0 0 0 0 0 0 0 0 0 0 0 0 0 0 0 0 0 0 0 0 0 0 0 0 0 0 0 0 0 0 0 0 0 0 0 0 0 0 0 0 0 0 0 0 0 0 0 0 0 0 0 0 0 0 0 0 0 0 0 0 0 0 0 0 0 0 0 0 0 0 0 0 0 0 0 0 0 0 0 0 0 0 0 0 0 0 0 0 0 0 0 0 0 0 0 0 0 0 0 0 0 0 0 0 0 0 0 0 0 0 0 0 0 0 0 0 0 0 0 0 0 0 0 0 0 0 0 0 0 0 0 0 0 0 0 0 0 0 0 0 0 0 0 0 0 0 0 0 0 0 0 0 0 0 0 0 0 0 0 0 0 
0 0 0 0 0 0 0 0 0 0 0 0 0 0 0 0 0 0 0 0 0 0 0 0 0 0 0 0 0 0 0 0 0 0 0 0 0 0 0 0 0 0 0 0 0 0 0 0 0 0 0 0 0 0 0 0 0 0 0 0 0 0 0 0 0 0 0 0 0 0 0 0 0 0 0 0 0 0 0 0 0 0 0 0 0 0 0 0 0 0 0 0 0 0 0 0 0 0 0 0 0 0 0 0 0 0 0 0 0 0 0 0 0 0 0 0 0 0 0 0 0 0 0 0 0 0 0 0 0 0 0 0 0 0 0 0 0 0 0 0 0 0 0 0 0 0 0 0 0 0 0 0 0 0 0 0 0 0 0 0 0 0 0 0 0 0 0 0 0 0 0 0 0 0 0 0 0 0 0 0 0 0 0 0 0 0 0 0 0 0 0 0 0 0 0 0 0 0 0 0 0 0 0 0 0 0 0 0 0 0 0 0 0 0 0 0 0 0 0 0 0 0 0 0 0 0 0 0 0 0 0 0 0 0 0 0 0 0 0 0 0 0 0 0 0 0 0 0 0 0 0 0 0 0 0 0 
