# Format: McCode with text headers
# URL: http://www.mccode.org
# Creator:  3.8.5, git
# Instrument: eqsans_1_fixed.instr
# Ncount: 1000000
# Trace: no
# Gravitation: no
# Seed: 1790169786181010
# Directory: /Users/georgeyumnam/WORK/PANRAID/PaNRAID-results/Group2/panraidproject/scan_guide_xy/x+00_y-15
# Param: gx=0
# Param: gy=-0.015
# Date: Wed Sep 23 15:23:10 2026 (1790169790)
# type: array_2d(256, 256)
# Source: EQ_SANS (eqsans_1_fixed.instr)
# component: detector
# position: 0 0 22.28
# title: PSD monitor
# Ncount: 1000000
# filename: detector.dat
# statistics: X0=6.44414e-05; dX=5.61916; Y0=-0.986908; dY=11.4872;
# signal: Min=0; Max=105901; Mean=1002.47;
# values: 6.56979e+07 615018 22821
# xvar: X 
# yvar: Y 
# xlabel: X position [cm]
# ylabel: Y position [cm]
# zvar: I
# zlabel: Signal per bin
# xylimits: -50 50 -70 70
# variables: I I_err N
# Data [detector/detector.dat] I:
0 0 0 0 0 0 0 0 0 0 0 0 0 0 0 0 0 0 0 0 0 0 0 0 0 0 0 0 0 0 0 0 0 0 0 0 0 0 0 0 0 0 0 0 0 0 0 0 0 0 0 0 0 0 0 0 0 0 0 0 0 0 0 0 0 0 0 0 0 0 0 0 0 0 0 0 0 0 0 0 0 0 0 0 0 0 0 0 0 0 0 0 0 0 0 0 0 0 0 0 0 0 0 0 0 0 0 0 0 0 0 0 0 0 0 0 0 0 0 0 0 0 0 0 0 0 0 0 0 0 0 0 0 0 0 0 0 0 0 0 0 0 0 0 0 0 0 0 0 0 0 0 0 0 0 0 0 0 0 0 0 0 0 0 0 0 0 0 0 0 0 0 0 0 0 0 0 0 0 0 0 0 0 0 0 0 0 0 0 0 0 0 0 0 0 0 0 0 0 0 0 0 0 0 0 0 0 0 0 0 0 0 0 0 0 0 0 0 0 0 0 0 0 0 0 0 0 0 0 0 0 0 0 0 0 0 0 0 0 0 0 0 0 0 0 0 0 0 0 0 0 0 0 0 0 0 
0 0 0 0 0 0 0 0 0 0 0 0 0 0 0 0 0 0 0 0 0 0 0 0 0 0 0 0 0 0 0 0 0 0 0 0 0 0 0 0 0 0 0 0 0 0 0 0 0 0 0 0 0 0 0 0 0 0 0 0 0 0 0 0 0 0 0 0 0 0 0 0 0 0 0 0 0 0 0 0 0 0 0 0 0 0 0 0 0 0 0 0 0 0 0 0 0 0 0 0 0 0 0 0 0 0 0 0 0 0 0 0 0 0 0 0 0 0 0 0 0 0 0 0 0 0 0 0 0 0 0 0 0 0 0 0 0 0 0 0 0 0 0 0 0 0 0 0 0 0 0 0 0 0 0 0 0 0 0 0 0 0 0 0 0 0 0 0 0 0 0 0 0 0 0 0 0 0 0 0 0 0 0 0 0 0 0 0 0 0 0 0 0 0 0 0 0 0 0 0 0 0 0 0 0 0 0 0 0 0 0 0 0 0 0 0 0 0 0 0 0 0 0 0 0 0 0 0 0 0 0 0 0 0 0 0 0 0 0 0 0 0 0 0 0 0 0 0 0 0 0 0 0 0 0 0 
0 0 0 0 0 0 0 0 0 0 0 0 0 0 0 0 0 0 0 0 0 0 0 0 0 0 0 0 0 0 0 0 0 0 0 0 0 0 0 0 0 0 0 0 0 0 0 0 0 0 0 0 0 0 0 0 0 0 0 0 0 0 0 0 0 0 0 0 0 0 0 0 0 0 0 0 0 0 0 0 0 0 0 0 0 0 0 0 0 0 0 0 0 0 0 0 0 0 0 0 0 0 0 0 0 0 0 0 0 0 0 0 0 0 0 0 0 0 0 0 0 0 0 0 0 0 0 0 0 0 0 0 0 0 0 0 0 0 0 0 0 0 0 0 0 0 0 0 0 0 0 0 0 0 0 0 0 0 0 0 0 0 0 0 0 0 0 0 0 0 0 0 0 0 0 0 0 0 0 0 0 0 0 0 0 0 0 0 0 0 0 0 0 0 0 0 0 0 0 0 0 0 0 0 0 0 0 0 0 0 0 0 0 0 0 0 0 0 0 0 0 0 0 0 0 0 0 0 0 0 0 0 0 0 0 0 0 0 0 0 0 0 0 0 0 0 0 0 0 0 0 0 0 0 0 0 
0 0 0 0 0 0 0 0 0 0 0 0 0 0 0 0 0 0 0 0 0 0 0 0 0 0 0 0 0 0 0 0 0 0 0 0 0 0 0 0 0 0 0 0 0 0 0 0 0 0 0 0 0 0 0 0 0 0 0 0 0 0 0 0 0 0 0 0 0 0 0 0 0 0 0 0 0 0 0 0 0 0 0 0 0 0 0 0 0 0 0 0 0 0 0 0 0 0 0 0 0 0 0 0 0 0 0 0 0 0 0 0 0 0 0 0 0 0 0 0 0 0 0 0 0 0 0 0 0 0 0 0 0 0 0 0 0 0 0 0 0 0 0 0 0 0 0 0 0 0 0 0 0 0 0 0 0 0 0 0 0 0 0 0 0 0 0 0 0 0 0 0 0 0 0 0 0 0 0 0 0 0 0 0 0 0 0 0 0 0 0 0 0 0 0 0 0 0 0 0 0 0 0 0 0 0 0 0 0 0 0 0 0 0 0 0 0 0 0 0 0 0 0 0 0 0 0 0 0 0 0 0 0 0 0 0 0 0 0 0 0 0 0 0 0 0 0 0 0 0 0 0 0 0 0 0 
0 0 0 0 0 0 0 0 0 0 0 0 0 0 0 0 0 0 0 0 0 0 0 0 0 0 0 0 0 0 0 0 0 0 0 0 0 0 0 0 0 0 0 0 0 0 0 0 0 0 0 0 0 0 0 0 0 0 0 0 0 0 0 0 0 0 0 0 0 0 0 0 0 0 0 0 0 0 0 0 0 0 0 0 0 0 0 0 0 0 0 0 0 0 0 0 0 0 0 0 0 0 0 0 0 0 0 0 0 0 0 0 0 0 0 0 0 0 0 0 0 0 0 0 0 0 0 0 0 0 0 0 0 0 0 0 0 0 0 0 0 0 0 0 0 0 0 0 0 0 0 0 0 0 0 0 0 0 0 0 0 0 0 0 0 0 0 0 0 0 0 0 0 0 0 0 0 0 0 0 0 0 0 0 0 0 0 0 0 0 0 0 0 0 0 0 0 0 0 0 0 0 0 0 0 0 0 0 0 0 0 0 0 0 0 0 0 0 0 0 0 0 0 0 0 0 0 0 0 0 0 0 0 0 0 0 0 0 0 0 0 0 0 0 0 0 0 0 0 0 0 0 0 0 0 0 
0 0 0 0 0 0 0 0 0 0 0 0 0 0 0 0 0 0 0 0 0 0 0 0 0 0 0 0 0 0 0 0 0 0 0 0 0 0 0 0 0 0 0 0 0 0 0 0 0 0 0 0 0 0 0 0 0 0 0 0 0 0 0 0 0 0 0 0 0 0 0 0 0 0 0 0 0 0 0 0 0 0 0 0 0 0 0 0 0 0 0 0 0 0 0 0 0 0 0 0 0 0 0 0 0 0 0 0 0 0 0 0 0 0 0 0 0 0 0 0 0 0 0 0 0 0 0 0 0 0 0 0 0 0 0 0 0 0 0 0 0 0 0 0 0 0 0 0 0 0 0 0 0 0 0 0 0 0 0 0 0 0 0 0 0 0 0 0 0 0 0 0 0 0 0 0 0 0 0 0 0 0 0 0 0 0 0 0 0 0 0 0 0 0 0 0 0 0 0 0 0 0 0 0 0 0 0 0 0 0 0 0 0 0 0 0 0 0 0 0 0 0 0 0 0 0 0 0 0 0 0 0 0 0 0 0 0 0 0 0 0 0 0 0 0 0 0 0 0 0 0 0 0 0 0 0 
0 0 0 0 0 0 0 0 0 0 0 0 0 0 0 0 0 0 0 0 0 0 0 0 0 0 0 0 0 0 0 0 0 0 0 0 0 0 0 0 0 0 0 0 0 0 0 0 0 0 0 0 0 0 0 0 0 0 0 0 0 0 0 0 0 0 0 0 0 0 0 0 0 0 0 0 0 0 0 0 0 0 0 0 0 0 0 0 0 0 0 0 0 0 0 0 0 0 0 0 0 0 0 0 0 0 0 0 0 0 0 0 0 0 0 0 0 0 0 0 0 0 0 0 0 0 0 0 0 0 0 0 0 0 0 0 0 0 0 0 0 0 0 0 0 0 0 0 0 0 0 0 0 0 0 0 0 0 0 0 0 0 0 0 0 0 0 0 0 0 0 0 0 0 0 0 0 0 0 0 0 0 0 0 0 0 0 0 0 0 0 0 0 0 0 0 0 0 0 0 0 0 0 0 0 0 0 0 0 0 0 0 0 0 0 0 0 0 0 0 0 0 0 0 0 0 0 0 0 0 0 0 0 0 0 0 0 0 0 0 0 0 0 0 0 0 0 0 0 0 0 0 0 0 0 0 
0 0 0 0 0 0 0 0 0 0 0 0 0 0 0 0 0 0 0 0 0 0 0 0 0 0 0 0 0 0 0 0 0 0 0 0 0 0 0 0 0 0 0 0 0 0 0 0 0 0 0 0 0 0 0 0 0 0 0 0 0 0 0 0 0 0 0 0 0 0 0 0 0 0 0 0 0 0 0 0 0 0 0 0 0 0 0 0 0 0 0 0 0 0 0 0 0 0 0 0 0 0 0 0 0 0 0 0 0 0 0 0 0 0 0 0 0 0 0 0 0 0 0 0 0 0 0 0 0 0 0 0 0 0 0 0 0 0 0 0 0 0 0 0 0 0 0 0 0 0 0 0 0 0 0 0 0 0 0 0 0 0 0 0 0 0 0 0 0 0 0 0 0 0 0 0 0 0 0 0 0 0 0 0 0 0 0 0 0 0 0 0 0 0 0 0 0 0 0 0 0 0 0 0 0 0 0 0 0 0 0 0 0 0 0 0 0 0 0 0 0 0 0 0 0 0 0 0 0 0 0 0 0 0 0 0 0 0 0 0 0 0 0 0 0 0 0 0 0 0 0 0 0 0 0 0 
0 0 0 0 0 0 0 0 0 0 0 0 0 0 0 0 0 0 0 0 0 0 0 0 0 0 0 0 0 0 0 0 0 0 0 0 0 0 0 0 0 0 0 0 0 0 0 0 0 0 0 0 0 0 0 0 0 0 0 0 0 0 0 0 0 0 0 0 0 0 0 0 0 0 0 0 0 0 0 0 0 0 0 0 0 0 0 0 0 0 0 0 0 0 0 0 0 0 0 0 0 0 0 0 0 0 0 0 0 0 0 0 0 0 0 0 0 0 0 0 0 0 0 0 0 0 0 0 0 0 0 0 0 0 0 0 0 0 0 0 0 0 0 0 0 0 0 0 0 0 0 0 0 0 0 0 0 0 0 0 0 0 0 0 0 0 0 0 0 0 0 0 0 0 0 0 0 0 0 0 0 0 0 0 0 0 0 0 0 0 0 0 0 0 0 0 0 0 0 0 0 0 0 0 0 0 0 0 0 0 0 0 0 0 0 0 0 0 0 0 0 0 0 0 0 0 0 0 0 0 0 0 0 0 0 0 0 0 0 0 0 0 0 0 0 0 0 0 0 0 0 0 0 0 0 0 
0 0 0 0 0 0 0 0 0 0 0 0 0 0 0 0 0 0 0 0 0 0 0 0 0 0 0 0 0 0 0 0 0 0 0 0 0 0 0 0 0 0 0 0 0 0 0 0 0 0 0 0 0 0 0 0 0 0 0 0 0 0 0 0 0 0 0 0 0 0 0 0 0 0 0 0 0 0 0 0 0 0 0 0 0 0 0 0 0 0 0 0 0 0 0 0 0 0 0 0 0 0 0 0 0 0 0 0 0 0 0 0 0 0 0 0 0 0 0 0 0 0 0 0 0 0 0 0 0 0 0 0 0 0 0 0 0 0 0 0 0 0 0 0 0 0 0 0 0 0 0 0 0 0 0 0 0 0 0 0 0 0 0 0 0 0 0 0 0 0 0 0 0 0 0 0 0 0 0 0 0 0 0 0 0 0 0 0 0 0 0 0 0 0 0 0 0 0 0 0 0 0 0 0 0 0 0 0 0 0 0 0 0 0 0 0 0 0 0 0 0 0 0 0 0 0 0 0 0 0 0 0 0 0 0 0 0 0 0 0 0 0 0 0 0 0 0 0 0 0 0 0 0 0 0 0 
0 0 0 0 0 0 0 0 0 0 0 0 0 0 0 0 0 0 0 0 0 0 0 0 0 0 0 0 0 0 0 0 0 0 0 0 0 0 0 0 0 0 0 0 0 0 0 0 0 0 0 0 0 0 0 0 0 0 0 0 0 0 0 0 0 0 0 0 0 0 0 0 0 0 0 0 0 0 0 0 0 0 0 0 0 0 0 0 0 0 0 0 0 0 0 0 0 0 0 0 0 0 0 0 0 0 0 0 0 0 0 0 0 0 0 0 0 0 0 0 0 0 0 0 0 0 0 0 0 0 0 0 0 0 0 0 0 0 0 0 0 0 0 0 0 0 0 0 0 0 0 0 0 0 0 0 0 0 0 0 0 0 0 0 0 0 0 0 0 0 0 0 0 0 0 0 0 0 0 0 0 0 0 0 0 0 0 0 0 0 0 0 0 0 0 0 0 0 0 0 0 0 0 0 0 0 0 0 0 0 0 0 0 0 0 0 0 0 0 0 0 0 0 0 0 0 0 0 0 0 0 0 0 0 0 0 0 0 0 0 0 0 0 0 0 0 0 0 0 0 0 0 0 0 0 0 
0 0 0 0 0 0 0 0 0 0 0 0 0 0 0 0 0 0 0 0 0 0 0 0 0 0 0 0 0 0 0 0 0 0 0 0 0 0 0 0 0 0 0 0 0 0 0 0 0 0 0 0 0 0 0 0 0 0 0 0 0 0 0 0 0 0 0 0 0 0 0 0 0 0 0 0 0 0 0 0 0 0 0 0 0 0 0 0 0 0 0 0 0 0 0 0 0 0 0 0 0 0 0 0 0 0 0 0 0 0 0 0 0 0 0 0 0 0 0 0 0 0 0 0 0 0 0 0 0 0 0 0 0 0 0 0 0 0 0 0 0 0 0 0 0 0 0 0 0 0 0 0 0 0 0 0 0 0 0 0 0 0 0 0 0 0 0 0 0 0 0 0 0 0 0 0 0 0 0 0 0 0 0 0 0 0 0 0 0 0 0 0 0 0 0 0 0 0 0 0 0 0 0 0 0 0 0 0 0 0 0 0 0 0 0 0 0 0 0 0 0 0 0 0 0 0 0 0 0 0 0 0 0 0 0 0 0 0 0 0 0 0 0 0 0 0 0 0 0 0 0 0 0 0 0 0 
0 0 0 0 0 0 0 0 0 0 0 0 0 0 0 0 0 0 0 0 0 0 0 0 0 0 0 0 0 0 0 0 0 0 0 0 0 0 0 0 0 0 0 0 0 0 0 0 0 0 0 0 0 0 0 0 0 0 0 0 0 0 0 0 0 0 0 0 0 0 0 0 0 0 0 0 0 0 0 0 0 0 0 0 0 0 0 0 0 0 0 0 0 0 0 0 0 0 0 0 0 0 0 0 0 0 0 0 0 0 0 0 0 0 0 0 0 0 0 0 0 0 0 0 0 0 0 0 0 0 0 0 0 0 0 0 0 0 0 0 0 0 0 0 0 0 0 0 0 0 0 0 0 0 0 0 0 0 0 0 0 0 0 0 0 0 0 0 0 0 0 0 0 0 0 0 0 0 0 0 0 0 0 0 0 0 0 0 0 0 0 0 0 0 0 0 0 0 0 0 0 0 0 0 0 0 0 0 0 0 0 0 0 0 0 0 0 0 0 0 0 0 0 0 0 0 0 0 0 0 0 0 0 0 0 0 0 0 0 0 0 0 0 0 0 0 0 0 0 0 0 0 0 0 0 0 
0 0 0 0 0 0 0 0 0 0 0 0 0 0 0 0 0 0 0 0 0 0 0 0 0 0 0 0 0 0 0 0 0 0 0 0 0 0 0 0 0 0 0 0 0 0 0 0 0 0 0 0 0 0 0 0 0 0 0 0 0 0 0 0 0 0 0 0 0 0 0 0 0 0 0 0 0 0 0 0 0 0 0 0 0 0 0 0 0 0 0 0 0 0 0 0 0 0 0 0 0 0 0 0 0 0 0 0 0 0 0 0 0 0 0 0 0 0 0 0 0 0 0 0 0 0 0 0 0 0 0 0 0 0 0 0 0 0 0 0 0 0 0 0 0 0 0 0 0 0 0 0 0 0 0 0 0 0 0 0 0 0 0 0 0 0 0 0 0 0 0 0 0 0 0 0 0 0 0 0 0 0 0 0 0 0 0 0 0 0 0 0 0 0 0 0 0 0 0 0 0 0 0 0 0 0 0 0 0 0 0 0 0 0 0 0 0 0 0 0 0 0 0 0 0 0 0 0 0 0 0 0 0 0 0 0 0 0 0 0 0 0 0 0 0 0 0 0 0 0 0 0 0 0 0 0 
0 0 0 0 0 0 0 0 0 0 0 0 0 0 0 0 0 0 0 0 0 0 0 0 0 0 0 0 0 0 0 0 0 0 0 0 0 0 0 0 0 0 0 0 0 0 0 0 0 0 0 0 0 0 0 0 0 0 0 0 0 0 0 0 0 0 0 0 0 0 0 0 0 0 0 0 0 0 0 0 0 0 0 0 0 0 0 0 0 0 0 0 0 0 0 0 0 0 0 0 0 0 0 0 0 0 0 0 0 0 0 0 0 0 0 0 0 0 0 0 0 0 0 0 0 0 0 0 0 0 0 0 0 0 0 0 0 0 0 0 0 0 0 0 0 0 0 0 0 0 0 0 0 0 0 0 0 0 0 0 0 0 0 0 0 0 0 0 0 0 0 0 0 0 0 0 0 0 0 0 0 0 0 0 0 0 0 0 0 0 0 0 0 0 0 0 0 0 0 0 0 0 0 0 0 0 0 0 0 0 0 0 0 0 0 0 0 0 0 0 0 0 0 0 0 0 0 0 0 0 0 0 0 0 0 0 0 0 0 0 0 0 0 0 0 0 0 0 0 0 0 0 0 0 0 0 
0 0 0 0 0 0 0 0 0 0 0 0 0 0 0 0 0 0 0 0 0 0 0 0 0 0 0 0 0 0 0 0 0 0 0 0 0 0 0 0 0 0 0 0 0 0 0 0 0 0 0 0 0 0 0 0 0 0 0 0 0 0 0 0 0 0 0 0 0 0 0 0 0 0 0 0 0 0 0 0 0 0 0 0 0 0 0 0 0 0 0 0 0 0 0 0 0 0 0 0 0 0 0 0 0 0 0 0 0 0 0 0 0 0 0 0 0 0 0 0 0 0 0 0 0 0 0 0 0 0 0 0 0 0 0 0 0 0 0 0 0 0 0 0 0 0 0 0 0 0 0 0 0 0 0 0 0 0 0 0 0 0 0 0 0 0 0 0 0 0 0 0 0 0 0 0 0 0 0 0 0 0 0 0 0 0 0 0 0 0 0 0 0 0 0 0 0 0 0 0 0 0 0 0 0 0 0 0 0 0 0 0 0 0 0 0 0 0 0 0 0 0 0 0 0 0 0 0 0 0 0 0 0 0 0 0 0 0 0 0 0 0 0 0 0 0 0 0 0 0 0 0 0 0 0 0 
0 0 0 0 0 0 0 0 0 0 0 0 0 0 0 0 0 0 0 0 0 0 0 0 0 0 0 0 0 0 0 0 0 0 0 0 0 0 0 0 0 0 0 0 0 0 0 0 0 0 0 0 0 0 0 0 0 0 0 0 0 0 0 0 0 0 0 0 0 0 0 0 0 0 0 0 0 0 0 0 0 0 0 0 0 0 0 0 0 0 0 0 0 0 0 0 0 0 0 0 0 0 0 0 0 0 0 0 0 0 0 0 0 0 0 0 0 0 0 0 0 0 0 0 0 0 0 0 0 0 0 0 0 0 0 0 0 0 0 0 0 0 0 0 0 0 0 0 0 0 0 0 0 0 0 0 0 0 0 0 0 0 0 0 0 0 0 0 0 0 0 0 0 0 0 0 0 0 0 0 0 0 0 0 0 0 0 0 0 0 0 0 0 0 0 0 0 0 0 0 0 0 0 0 0 0 0 0 0 0 0 0 0 0 0 0 0 0 0 0 0 0 0 0 0 0 0 0 0 0 0 0 0 0 0 0 0 0 0 0 0 0 0 0 0 0 0 0 0 0 0 0 0 0 0 0 
0 0 0 0 0 0 0 0 0 0 0 0 0 0 0 0 0 0 0 0 0 0 0 0 0 0 0 0 0 0 0 0 0 0 0 0 0 0 0 0 0 0 0 0 0 0 0 0 0 0 0 0 0 0 0 0 0 0 0 0 0 0 0 0 0 0 0 0 0 0 0 0 0 0 0 0 0 0 0 0 0 0 0 0 0 0 0 0 0 0 0 0 3.040171414e-92 0 0 0 0 0 0 0 0 0 0 0 0 0 0 0 0 0 0 0 0 0 0 0 0 0 0 0 0 0 0 0 0 0 0 0 0 0 0 0 0 0 0 0 0 0 0 0 0 0 0 0 0 0 0 0 0 0 0 0 0 0 0 0 0 0 0 0 0 0 0 0 0 0 0 0 0 0 0 0 0 0 0 0 0 0 0 0 0 0 0 0 0 0 0 0 0 0 0 0 0 0 0 0 0 0 0 0 0 0 0 0 0 0 0 0 0 0 0 0 0 0 0 0 0 0 0 0 0 0 0 0 0 0 0 0 0 0 0 0 0 0 0 0 0 0 0 0 0 0 0 0 0 0 0 0 0 0 0 0 0 0 0 0 
0 0 0 0 0 0 0 0 0 0 0 0 0 0 0 0 0 0 0 0 0 0 0 0 0 0 0 0 0 0 0 0 0 0 0 0 0 0 0 0 0 0 0 0 0 0 0 0 0 0 0 0 0 0 0 0 0 0 0 0 0 0 0 0 0 0 0 0 0 0 0 0 0 0 0 0 0 0 0 0 0 0 0 0 0 0 0 0 0 0 0 0 0 0 0 0 0 0 0 0 0 0 0 0 0 0 0 0 0 0 0 0 0 0 0 0 0 0 0 0 0 0 0 0 0 0 0 0 0 0 0 0 0 0 0 0 0 0 0 0 0 0 0 0 0 0 0 0 0 0 0 0 0 0 0 0 0 0 0 0 0 0 0 0 0 0 0 0 0 0 0 0 0 0 0 0 0 0 0 0 0 0 0 0 0 0 0 0 0 0 0 0 0 0 0 0 0 0 0 0 0 0 0 0 0 0 0 0 0 0 0 0 0 0 0 0 0 0 0 0 0 0 0 0 0 0 0 0 0 0 0 0 0 0 0 0 0 0 0 0 0 0 0 0 0 0 0 0 0 0 0 0 0 0 0 0 
0 0 0 0 0 0 0 0 0 0 0 0 0 0 0 0 0 0 0 0 0 0 0 0 0 0 0 0 0 0 0 0 0 0 0 0 0 0 0 0 0 0 0 0 0 0 0 0 0 0 0 0 0 0 0 0 0 0 0 0 0 0 0 0 0 0 0 0 0 0 0 0 0 0 0 0 0 0 0 0 0 0 0 0 0 0 0 0 0 0 0 0 0 0 0 0 0 0 0 0 0 0 0 0 0 0 0 0 0 0 0 0 0 0 0 0 0 0 0 0 0 0 1.022033661e-84 7.103831234e-83 0 0 0 0 0 0 0 0 0 0 0 0 0 0 0 0 0 0 0 0 0 0 0 0 0 0 0 0 0 0 0 0 0 0 0 0 0 0 0 0 0 0 0 0 0 0 0 0 0 0 0 0 0 0 0 0 0 0 0 0 0 0 0 0 0 0 0 0 0 0 0 0 0 0 0 0 0 0 0 0 0 0 0 0 0 0 0 0 0 0 0 0 0 0 0 0 0 0 0 0 0 0 0 0 0 0 0 0 0 0 0 0 0 0 0 0 0 0 0 0 0 0 0 0 0 0 0 0 0 0 0 0 
0 0 0 0 0 0 0 0 0 0 0 0 0 0 0 0 0 0 0 0 0 0 0 0 0 0 0 0 0 0 0 0 0 0 0 0 0 0 0 0 0 0 0 0 0 0 0 0 0 0 0 0 0 0 0 0 0 0 0 0 0 0 0 0 0 0 0 0 0 0 0 0 0 0 0 0 0 0 0 0 0 0 0 0 0 0 0 0 0 0 0 0 0 0 0 0 0 0 0 0 0 0 0 0 0 0 0 0 0 0 0 0 0 0 0 0 0 2.498130128e-83 0 0 0 0 0 0 0 0 0 0 0 0 0 0 0 0 0 0 0 0 0 0 0 0 0 0 0 0 0 0 0 0 0 0 0 0 0 0 0 0 1.015137636e-83 0 0 0 0 0 0 0 0 0 0 0 0 0 0 0 0 0 0 0 0 0 0 0 0 0 0 0 0 0 0 0 0 0 0 0 0 0 0 0 0 0 0 0 0 0 0 0 0 0 0 0 0 0 0 0 0 0 0 0 0 0 0 0 0 0 0 0 0 0 0 0 0 0 0 0 0 0 0 0 0 0 0 0 0 0 0 0 0 0 0 0 0 0 0 0 0 0 
0 0 0 0 0 0 0 0 0 0 0 0 0 0 0 0 0 0 0 0 0 0 0 0 0 0 0 0 0 0 0 0 0 0 0 0 0 0 0 0 0 0 0 0 0 0 0 0 0 0 0 0 0 0 0 0 0 0 0 0 0 0 0 0 0 0 0 0 0 0 0 0 0 0 0 0 0 0 0 0 0 0 0 0 0 0 0 0 0 0 0 0 0 0 0 0 0 0 0 2.867248985e-81 0 0 0 0 0 0 0 0 0 0 0 0 0 0 0 0 0 0 0 2.510775091e-82 0 8.806631345e-84 0 0 0 0 0 0 0 0 0 0 0 0 0 0 0 0 0 0 0 0 0 0 0 0 0 0 0 1.468989727e-85 0 0 0 0 0 0 0 0 0 0 0 0 0 0 0 0 0 0 0 0 0 0 0 0 0 0 0 0 0 0 0 0 0 0 0 0 0 0 0 0 0 0 0 0 0 0 0 0 0 0 0 0 0 0 0 0 0 0 0 0 0 0 0 0 0 0 0 0 0 0 0 0 0 0 0 0 0 0 0 0 0 0 0 0 0 0 0 0 0 0 0 0 0 0 0 0 0 0 0 0 0 0 0 0 0 0 
0 0 0 0 0 0 0 0 0 0 0 0 0 0 0 0 0 0 0 0 0 0 0 0 0 0 0 0 0 0 0 0 0 0 0 0 0 0 0 0 0 0 0 0 0 0 0 0 0 0 0 0 0 0 0 0 0 0 0 0 0 0 0 0 0 0 0 0 0 0 0 0 0 0 0 0 0 0 0 0 0 0 0 0 0 0 0 0 0 0 4.634141811e-78 0 0 0 0 0 0 0 0 0 0 0 0 0 0 0 0 0 0 0 4.650316688e-81 0 0 0 0 0 0 0 0 0 0 1.430680888e-76 0 0 0 0 0 0 0 0 5.354229666e-75 0 0 0 0 0 0 0 0 0 0 0 0 0 1.387035468e-84 0 0 0 0 0 0 0 0 0 0 0 0 0 0 0 0 0 0 0 0 0 0 0 0 0 0 0 0 0 0 0 0 0 0 0 0 0 0 0 0 0 0 0 0 0 0 0 0 0 0 0 0 0 0 0 0 0 0 0 0 0 0 0 0 0 0 0 0 0 0 0 0 0 0 0 0 0 0 0 0 0 0 0 0 0 0 0 0 0 0 0 0 0 0 0 0 0 0 0 0 0 0 0 0 0 0 0 0 0 0 0 
0 0 0 0 0 0 0 0 0 0 0 0 0 0 0 0 0 0 0 0 0 0 0 0 0 0 0 0 0 0 0 0 0 0 0 0 0 0 0 0 0 0 0 0 0 0 0 0 0 0 0 0 0 0 0 0 0 0 0 0 0 0 0 0 0 0 0 0 0 0 0 0 0 0 0 0 0 0 0 0 0 0 0 0 0 0 0 0 0 0 0 0 0 0 0 9.397927134e-76 0 0 0 0 0 0 0 0 0 0 0 0 0 0 0 0 0 0 0 0 0 0 0 0 0 7.312254196e-69 0 0 0 0 0 0 0 0 0 0 0 0 0 0 0 0 0 0 0 0 0 0 0 0 0 0 0 0 0 0 4.219933778e-79 0 0 0 0 0 0 0 0 0 0 0 0 0 0 0 0 0 0 0 0 0 0 0 0 0 0 0 0 0 0 0 0 0 0 0 0 0 0 0 0 0 0 0 0 0 0 0 0 0 0 0 0 0 0 0 0 0 0 0 0 0 0 0 0 0 0 0 0 0 0 0 0 0 0 0 0 0 0 0 0 0 0 0 0 0 0 0 0 0 0 0 0 0 0 0 0 0 0 0 0 0 0 0 
0 0 0 0 0 0 0 0 0 0 0 0 0 0 0 0 0 0 0 0 0 0 0 0 0 0 0 0 0 0 0 0 0 0 0 0 0 0 0 0 0 0 0 0 0 0 0 0 0 0 0 0 0 0 0 0 0 0 0 0 0 0 0 0 0 0 0 0 0 0 0 0 0 0 0 0 0 0 0 0 0 0 0 0 0 0 0 0 0 0 0 0 0 4.29959416e-81 0 0 0 0 0 0 0 0 0 0 0 0 0 0 0 0 0 0 0 0 0 0 0 0 0 0 0 0 0 0 0 0 0 0 0 0 0 0 0 0 0 0 0 0 0 0 0 0 0 0 0 0 0 0 0 2.750837907e-85 0 0 0 0 0 0 0 0 0 0 0 0 0 0 0 0 0 0 0 0 0 0 0 0 0 0 0 0 0 0 0 0 0 0 0 0 0 0 0 0 0 0 0 0 0 0 0 0 0 0 0 0 0 0 0 0 0 0 0 0 0 0 0 0 0 0 0 0 0 0 0 0 0 0 0 0 0 0 0 0 0 0 0 0 0 0 0 0 0 0 0 0 0 0 0 0 0 0 0 0 0 0 0 0 0 0 
0 0 0 0 0 0 0 0 0 0 0 0 0 0 0 0 0 0 0 0 0 0 0 0 0 0 0 0 0 0 0 0 0 0 0 0 0 0 0 0 0 0 0 0 0 0 0 0 0 0 0 0 0 0 0 0 0 0 0 0 0 0 0 0 0 0 0 0 0 0 0 0 0 0 0 0 0 0 0 0 0 0 0 0 0 0 0 0 0 0 0 0 0 0 0 0 2.423896686e-77 0 0 0 0 0 0 0 0 0 0 0 0 3.202546074e-73 0 0 0 0 0 0 0 0 0 0 0 8.785024428e-73 0 0 0 0 0 0 0 0 0 1.337347355e-84 0 0 0 0 0 0 0 0 0 0 0 0 0 0 0 0 0 0 0 0 0 0 0 0 0 0 0 0 0 0 0 0 0 0 0 0 0 0 0 0 0 0 0 0 0 0 0 0 0 0 0 0 0 0 0 0 0 0 0 0 0 0 0 0 0 0 0 0 0 0 0 0 0 0 0 0 0 0 0 0 0 0 0 0 0 0 0 0 0 0 0 0 0 0 0 0 0 0 0 0 0 0 0 0 0 0 0 0 0 0 0 0 0 0 0 0 0 0 0 0 0 0 0 0 
0 0 0 0 0 0 0 0 0 0 0 0 0 0 0 0 0 0 0 0 0 0 0 0 0 0 0 0 0 0 0 0 0 0 0 0 0 0 0 0 0 0 0 0 0 0 0 0 0 0 0 0 0 0 0 0 0 0 0 0 0 0 0 0 0 0 0 0 0 0 0 0 0 0 0 0 0 0 0 0 0 0 0 0 0 0 0 0 0 0 0 0 0 0 0 0 0 2.582803109e-63 0 3.128596073e-77 0 0 0 0 0 0 0 0 0 0 0 0 0 0 0 0 0 0 0 0 0 0 0 0 1.177644519e-69 0 0 0 0 0 0 0 0 0 0 0 0 0 0 0 0 0 0 1.183315679e-72 0 0 0 0 0 0 0 0 0 0 0 2.917120809e-86 0 0 0 0 0 1.629668729e-68 0 0 0 0 0 0 0 0 0 0 0 0 0 0 0 0 0 0 0 0 0 0 0 0 0 0 0 0 0 0 0 0 0 0 0 0 0 0 0 0 0 0 0 0 0 0 0 0 0 0 0 0 0 0 0 0 0 0 0 0 0 0 0 0 0 0 0 0 0 0 0 0 0 0 0 0 0 0 0 0 0 0 0 0 0 0 0 0 0 0 0 0 0 0 
0 0 0 0 0 0 0 0 0 0 0 0 0 0 0 0 0 0 0 0 0 0 0 0 0 0 0 0 0 0 0 0 0 0 0 0 0 0 0 0 0 0 0 0 0 0 0 0 0 0 0 0 0 0 0 0 0 0 0 0 0 0 0 0 0 0 0 0 0 0 0 0 0 0 0 0 0 0 0 0 0 0 0 0 0 0 0 0 0 0 0 0 0 0 0 1.199658089e-77 0 0 0 0 0 0 0 0 0 0 0 0 0 0 0 0 0 0 0 0 0 0 0 0 0 0 2.431385801e-81 0 0 0 0 0 0 0 0 0 0 1.203891915e-72 0 0 0 0 0 0 0 0 0 0 0 0 0 0 0 0 0 0 0 0 0 0 0 0 0 0 0 0 0 0 0 0 0 0 0 0 0 0 0 0 0 0 0 0 0 0 0 0 0 0 0 0 0 0 0 0 0 0 0 0 0 0 0 0 0 0 0 0 0 0 0 0 0 0 0 0 0 0 0 0 0 0 0 0 0 0 0 0 0 0 0 0 0 0 0 0 0 0 0 0 0 0 0 0 0 0 0 0 0 0 0 0 0 0 0 0 0 0 0 0 0 0 
0 0 0 0 0 0 0 0 0 0 0 0 0 0 0 0 0 0 0 0 0 0 0 0 0 0 0 0 0 0 0 0 0 0 0 0 0 0 0 0 0 0 0 0 0 0 0 0 0 0 0 0 0 0 0 0 0 0 0 0 0 0 0 0 0 0 0 0 0 0 0 0 0 0 0 0 0 0 0 0 0 0 0 0 0 0 0 0 0 0 0 0 0 0 0 0 0 0 0 0 0 1.738819446e-57 0 0 9.83756155e-85 0 0 0 0 0 0 0 0 0 0 0 0 0 0 0 0 0 0 0 0 0 0 0 0 0 0 0 0 0 0 0 0 0 0 0 5.710940875e-64 0 0 0 0 0 0 0 0 0 0 0 0 0 0 1.502052306e-74 0 0 0 0 0 4.892875445e-74 0 0 0 0 0 0 0 0 0 0 0 0 0 0 0 0 0 0 0 0 0 0 0 0 0 0 0 0 0 0 0 0 0 0 0 0 0 0 0 0 0 0 0 0 0 0 0 0 0 0 0 0 0 0 0 0 0 0 0 0 0 0 0 0 0 0 0 0 0 0 0 0 0 0 0 0 0 0 0 0 0 0 0 0 0 0 0 0 0 0 0 0 0 0 
0 0 0 0 0 0 0 0 0 0 0 0 0 0 0 0 0 0 0 0 0 0 0 0 0 0 0 0 0 0 0 0 0 0 0 0 0 0 0 0 0 0 0 0 0 0 0 0 0 0 0 0 0 0 0 0 0 0 0 0 0 0 0 0 0 0 0 0 0 0 0 0 0 0 0 0 0 0 0 0 0 0 0 0 0 0 0 0 0 0 0 0 0 0 0 0 0 0 0 0 0 0 0 0 0 0 0 0 0 0 0 0 0 0 0 0 0 0 0 0 0 0 0 0 0 0 0 0 0 0 0 7.494704155e-83 0 0 6.522166146e-63 0 0 0 0 0 0 0 0 0 0 0 0 0 0 1.101959259e-85 0 0 0 0 0 0 0 0 0 0 0 0 0 0 0 0 0 0 0 0 0 0 0 0 0 0 0 0 0 0 0 0 0 0 0 0 0 0 0 0 0 0 0 0 0 0 0 0 0 0 0 0 0 0 0 0 0 0 0 0 0 0 0 0 0 0 0 0 0 0 0 0 0 0 0 0 0 0 0 0 0 0 0 0 0 0 0 0 0 0 0 0 0 0 0 0 0 0 0 0 0 0 0 0 0 0 
0 0 0 0 0 0 0 0 0 0 0 0 0 0 0 0 0 0 0 0 0 0 0 0 0 0 0 0 0 0 0 0 0 0 0 0 0 0 0 0 0 0 0 0 0 0 0 0 0 0 0 0 0 0 0 0 0 0 0 0 0 0 0 0 0 0 0 0 0 0 0 0 0 0 0 0 0 0 0 0 0 0 0 0 0 0 0 0 0 0 0 0 0 0 0 0 0 0 0 0 0 0 1.157741713e-64 0 0 0 0 0 0 0 0 0 4.879289022e-56 0 0 0 0 0 0 0 0 0 0 0 0 0 0 0 0 0 0 0 0 0 0 0 0 0 0 0 0 0 0 0 0 0 0 0 0 0 0 0 0 0 0 0 0 0 0 0 0 0 0 0 0 0 0 0 0 0 0 0 0 0 0 0 0 0 0 0 0 0 0 0 0 0 0 0 0 0 0 0 0 0 0 0 0 0 0 0 0 0 0 0 0 0 0 0 0 0 0 0 0 0 0 0 0 0 0 0 0 0 0 0 0 0 0 0 0 0 0 0 0 0 0 0 0 0 0 0 0 0 0 0 0 0 0 0 0 0 0 0 0 0 0 0 
0 0 0 0 0 0 0 0 0 0 0 0 0 0 0 0 0 0 0 0 0 0 0 0 0 0 0 0 0 0 0 0 0 0 0 0 0 0 0 0 0 0 0 0 0 0 0 0 0 0 0 0 0 0 0 0 0 0 0 0 0 0 0 0 0 0 0 0 0 0 0 0 0 0 0 0 0 0 0 0 0 0 0 0 0 0 0 0 0 0 0 0 0 0 0 0 0 0 0 0 0 0 0 0 0 0 0 0 0 0 0 0 0 0 0 0 0 0 0 0 0 0 0 0 0 0 0 0 0 0 0 0 0 0 0 0 1.428110325e-60 0 0 0 0 0 0 0 0 0 0 0 0 0 0 0 0 0 0 0 0 0 0 0 0 4.979176066e-84 0 0 0 0 0 0 0 0 0 0 0 0 0 0 0 0 0 0 0 0 0 0 0 0 0 0 0 0 0 0 0 0 0 0 0 0 0 0 0 0 0 0 0 0 0 0 0 0 0 0 0 0 0 0 0 0 0 0 0 0 0 0 0 0 0 0 0 0 0 0 0 0 0 0 0 0 0 0 0 0 0 0 0 0 0 0 0 0 0 0 0 0 0 0 
0 0 0 0 0 0 0 0 0 0 0 0 0 0 0 0 0 0 0 0 0 0 0 0 0 0 0 0 0 0 0 0 0 0 0 0 0 0 0 0 0 0 0 0 0 0 0 0 0 0 0 0 0 0 0 0 0 0 0 0 0 0 0 0 0 0 0 0 0 0 0 0 0 0 0 0 0 0 0 0 0 0 0 0 0 0 0 0 0 0 0 0 0 0 0 0 0 0 0 0 0 0 0 0 0 0 0 0 0 0 0 0 0 0 0 0 0 0 0 0 0 0 0 0 0 0 0 0 0 0 0 0 0 0 0 0 0 0 0 0 0 0 0 0 0 0 0 0 0 0 0 0 0 0 0 0 0 0 0 5.880735635e-70 0 0 0 0 0 0 0 0 0 0 0 0 0 0 0 0 0 0 0 0 0 0 0 0 0 0 0 0 0 0 0 0 0 0 0 0 0 0 0 0 0 0 0 0 0 0 0 0 0 0 0 0 0 0 0 0 0 0 0 0 0 0 0 0 0 0 0 0 0 0 0 0 0 0 0 0 0 0 0 0 0 0 0 0 0 0 0 0 0 0 0 0 0 0 0 0 
0 0 0 0 0 0 0 0 0 0 0 0 0 0 0 0 0 0 0 0 0 0 0 0 0 0 0 0 0 0 0 0 0 0 0 0 0 0 0 0 0 0 0 0 0 0 0 0 0 0 0 0 0 0 0 0 0 0 0 0 0 0 0 0 0 0 0 0 0 0 0 0 0 0 0 0 0 0 0 0 0 0 0 0 0 0 0 0 0 0 0 0 0 0 0 0 0 0 0 0 0 0 0 0 0 0 0 0 0 0 0 0 0 0 0 0 0 0 0 0 0 0 0 0 0 0 0 0 0 0 0 0 0 0 0 0 0 0 0 0 0 0 0 0 0 0 0 0 0 0 0 0 0 0 0 0 0 0 0 0 0 0 0 0 0 0 0 0 0 0 0 0 0 0 0 0 0 0 0 0 0 0 0 0 0 0 0 0 0 0 0 0 0 0 0 0 0 0 0 0 0 0 0 0 0 0 0 0 0 0 0 0 0 0 0 0 0 0 0 0 0 0 0 0 0 0 0 0 0 0 0 0 0 0 0 0 0 0 0 0 0 0 0 0 0 0 0 0 0 0 0 0 0 0 0 0 
0 0 0 0 0 0 0 0 0 0 0 0 0 0 0 0 0 0 0 0 0 0 0 0 0 0 0 0 0 0 0 0 0 0 0 0 0 0 0 0 0 0 0 0 0 0 0 0 0 0 0 0 0 0 0 0 0 0 0 0 0 0 0 0 0 0 0 0 0 0 0 0 0 0 0 0 0 0 0 0 0 0 0 0 0 0 0 0 0 0 0 0 0 0 0 0 0 0 0 0 0 0 0 0 0 0 0 0 0 0 0 0 0 0 0 0 0 0 0 0 0 0 0 0 0 0 0 0 0 0 0 0 0 0 0 0 0 0 0 0 0 0 0 0 0 0 0 0 0 0 0 0 0 0 0 0 0 0 0 0 0 0 0 0 0 0 0 0 0 0 0 0 0 0 0 0 0 0 0 0 0 0 0 0 0 0 0 0 0 0 0 0 0 0 0 0 0 0 0 0 0 0 0 0 0 0 0 0 0 0 0 0 0 0 0 0 0 0 0 0 0 0 0 0 0 0 0 0 0 0 0 0 0 0 0 0 0 0 0 0 0 0 0 0 0 0 0 0 0 0 0 0 0 0 0 0 
0 0 0 0 0 0 0 0 0 0 0 0 0 0 0 0 0 0 0 0 0 0 0 0 0 0 0 0 0 0 0 0 0 0 0 0 0 0 0 0 0 0 0 0 0 0 0 0 0 0 0 0 0 0 0 0 0 0 0 0 0 0 0 0 0 0 0 0 0 0 0 0 0 0 0 0 0 0 0 0 0 0 0 0 0 0 0 0 0 0 0 0 0 0 0 0 0 0 0 0 0 0 0 0 0 0 0 0 0 0 0 0 0 0 0 0 0 0 0 0 0 0 0 0 0 0 0 0 0 0 0 0 0 0 0 0 0 0 0 0 0 0 0 0 0 0 0 0 0 0 0 0 0 0 0 0 0 0 0 0 0 0 0 0 0 0 0 0 0 0 0 0 0 0 0 0 0 0 0 0 0 0 0 0 0 0 0 0 0 0 0 0 0 0 0 0 0 0 0 0 0 0 0 0 0 0 0 0 0 0 0 0 0 0 0 0 0 0 0 0 0 0 0 0 0 0 0 0 0 0 0 0 0 0 0 0 0 0 0 0 0 0 0 0 0 0 0 0 0 0 0 0 0 0 0 0 
0 0 0 0 0 0 0 0 0 0 0 0 0 0 0 0 0 0 0 0 0 0 0 0 0 0 0 0 0 0 0 0 0 0 0 0 0 0 0 0 0 0 0 0 0 0 0 0 0 0 0 0 0 0 0 0 0 0 0 0 0 0 0 0 0 0 0 0 0 0 0 0 0 0 0 0 0 0 0 0 0 0 0 0 0 0 0 0 0 0 0 0 0 0 0 0 0 0 0 0 0 0 0 0 0 0 0 0 0 0 0 0 0 0 0 0 0 0 0 0 0 0 0 0 0 0 0 0 0 0 0 0 0 0 0 0 0 0 0 0 0 0 0 0 0 0 0 0 0 0 0 0 0 0 0 0 0 0 0 0 0 0 0 0 0 0 0 0 0 0 0 0 0 0 0 0 0 0 0 0 0 0 0 0 0 0 0 0 0 0 0 0 0 0 0 0 0 0 0 0 0 0 0 0 0 0 0 0 0 0 0 0 0 0 0 0 0 0 0 0 0 0 0 0 0 0 0 0 0 0 0 0 0 0 0 0 0 0 0 0 0 0 0 0 0 0 0 0 0 0 0 0 0 0 0 0 
0 0 0 0 0 0 0 0 0 0 0 0 0 0 0 0 0 0 0 0 0 0 0 0 0 0 0 0 0 0 0 0 0 0 0 0 0 0 0 0 0 0 0 0 0 0 0 0 0 0 0 0 0 0 0 0 0 0 0 0 0 0 0 0 0 0 0 0 0 0 0 0 0 0 0 0 0 0 0 0 0 0 0 0 0 0 0 0 0 0 0 0 0 0 0 0 0 0 0 0 0 0 0 0 0 0 0 0 0 0 0 0 0 0 0 0 0 0 0 0 0 0 0 0 0 0 0 0 0 0 0 0 0 0 0 0 0 0 0 0 0 0 0 0 0 0 0 0 0 0 0 0 0 0 0 0 0 0 0 0 0 0 0 0 0 0 0 0 0 0 0 0 0 0 0 0 0 0 0 0 0 0 0 0 0 0 0 0 0 0 0 0 0 0 0 0 0 0 0 0 0 0 0 0 0 0 0 0 0 0 0 0 0 0 0 0 0 0 0 0 0 0 0 0 0 0 0 0 0 0 0 0 0 0 0 0 0 0 0 0 0 0 0 0 0 0 0 0 0 0 0 0 0 0 0 0 
0 0 0 0 0 0 0 0 0 0 0 0 0 0 0 0 0 0 0 0 0 0 0 0 0 0 0 0 0 0 0 0 0 0 0 0 0 0 0 0 0 0 0 0 0 0 0 0 0 0 0 0 0 0 0 0 0 0 0 0 0 0 0 0 0 0 0 0 0 0 0 0 0 0 0 0 0 0 0 0 0 0 0 0 0 0 0 0 0 0 0 0 0 0 0 0 0 0 0 0 0 0 0 0 0 0 0 0 0 0 0 0 0 0 0 0 0 0 0 0 0 0 0 0 0 0 0 0 0 0 0 0 0 0 0 0 0 0 0 0 0 0 0 0 0 0 0 0 0 0 0 0 0 0 0 0 0 0 0 0 0 0 0 0 0 0 0 0 0 0 0 0 0 0 0 0 0 0 0 0 0 0 0 0 0 0 0 0 0 0 0 0 0 0 0 0 0 0 0 0 0 0 0 0 0 0 0 0 0 0 0 0 0 0 0 0 0 0 0 0 0 0 0 0 0 0 0 0 0 0 0 0 0 0 0 0 0 0 0 0 0 0 0 0 0 0 0 0 0 0 0 0 0 0 0 0 
0 0 0 0 0 0 0 0 0 0 0 0 0 0 0 0 0 0 0 0 0 0 0 0 0 0 0 0 0 0 0 0 0 0 0 0 0 0 0 0 0 0 0 0 0 0 0 0 0 0 0 0 0 0 0 0 0 0 0 0 0 0 0 0 0 0 0 0 0 0 0 0 0 0 0 0 0 0 0 0 0 0 0 0 0 0 0 0 0 0 0 0 0 0 0 0 0 0 0 0 0 0 0 0 0 0 0 0 0 0 0 0 0 0 0 0 0 0 0 0 0 0 0 0 0 0 0 0 0 0 0 0 0 0 0 0 0 0 0 0 0 0 0 0 0 0 0 0 0 0 0 0 0 0 0 0 0 0 0 0 0 0 0 0 0 0 0 0 0 0 0 0 0 0 0 0 0 0 0 0 0 0 0 0 0 0 0 0 0 0 0 0 0 0 0 0 0 0 0 0 0 0 0 0 0 0 0 0 0 0 0 0 0 0 0 0 0 0 0 0 0 0 0 0 0 0 0 0 0 0 0 0 0 0 0 0 0 0 0 0 0 0 0 0 0 0 0 0 0 0 0 0 0 0 0 0 
0 0 0 0 0 0 0 0 0 0 0 0 0 0 0 0 0 0 0 0 0 0 0 0 0 0 0 0 0 0 0 0 0 0 0 0 0 0 0 0 0 0 0 0 0 0 0 0 0 0 0 0 0 0 0 0 0 0 0 0 0 0 0 0 0 0 0 0 0 0 0 0 0 0 0 0 0 0 0 0 0 0 0 0 0 0 0 0 0 0 0 0 0 0 0 0 0 0 0 0 0 0 0 0 0 0 0 0 0 0 0 0 0 0 0 0 0 0 0 0 0 0 0 0 0 0 0 0 0 0 0 0 0 0 0 0 0 0 0 0 0 0 0 0 0 0 0 0 0 0 0 0 0 0 0 0 0 0 0 0 0 0 0 0 0 0 0 0 0 0 0 0 0 0 0 0 0 0 0 0 0 0 0 0 0 0 0 0 0 0 0 0 0 0 0 0 0 0 0 0 0 0 0 0 0 0 0 0 0 0 0 0 0 0 0 0 0 0 0 0 0 0 0 0 0 0 0 0 0 0 0 0 0 0 0 0 0 0 0 0 0 0 0 0 0 0 0 0 0 0 0 0 0 0 0 0 
0 0 0 0 0 0 0 0 0 0 0 0 0 0 0 0 0 0 0 0 0 0 0 0 0 0 0 0 0 0 0 0 0 0 0 0 0 0 0 0 0 0 0 0 0 0 0 0 0 0 0 0 0 0 0 0 0 0 0 0 0 0 0 0 0 0 0 0 0 0 0 0 0 0 0 0 0 0 0 0 0 0 0 0 0 0 0 0 0 0 0 0 0 0 3.249327738e-16 0 1.371320322e-67 0 0 0 0 0 0 0 0 0 0 0 0 0 0 0 0 0 0 0 0 0 0 0 0 0 0 0 0 0 0 0 0 0 0 0 7.770984779e-32 0 0 0 0 0 0 0 8.988892341e-57 0 0 0 0 0 3.565570439e-72 0 0 0 0 0 0 0 0 0 0 0 0 0 0 0 0 0 0 0 0 0 0 0 0 0 0 0 0 0 0 0 0 0 0 0 0 0 0 0 0 0 0 0 0 0 0 0 0 0 0 0 0 0 0 0 0 0 0 0 0 0 0 0 0 0 0 0 0 0 0 0 0 0 0 0 0 0 0 0 0 0 0 0 0 0 0 0 0 0 0 0 0 0 0 0 0 0 0 0 0 0 0 0 0 0 0 0 0 0 
0 0 0 0 0 0 0 0 0 0 0 0 0 0 0 0 0 0 0 0 0 0 0 0 0 0 0 0 0 0 0 0 0 0 0 0 0 0 0 0 0 0 0 0 0 0 0 0 0 0 0 0 0 0 0 0 0 0 0 0 0 0 0 0 0 0 0 0 0 0 0 0 0 0 0 0 0 0 0 0 0 0 0 0 0 0 0 0 0 0 0 0 0 0 0 0 2.006683996e-52 0 8.643418699e-52 0 0 0 0 0 0 0 0 0 0 0 0 0 0 2.848060992e-50 0 0 0 0 0 0 0 0 0 0 0 0 0 0 0 0 0 0 0 0 0 0 5.893694686e-18 0 0 0 0 0 0 0 3.383698997e-59 0 0 0 0 0 0 0 0 0 0 0 0 0 0 4.93374981e-46 0 0 0 0 0 0 0 0 0 0 0 0 0 0 0 0 0 0 0 0 0 0 0 0 0 0 0 0 0 0 0 0 0 0 0 0 0 0 0 0 0 0 0 0 0 0 0 0 0 0 0 0 0 0 0 0 0 0 0 0 0 0 0 0 0 0 0 0 0 0 0 0 0 0 0 0 0 0 0 0 0 0 0 0 0 0 0 0 0 0 0 0 0 0 0 0 
0 0 0 0 0 0 0 0 0 0 0 0 0 0 0 0 0 0 0 0 0 0 0 0 0 0 0 0 0 0 0 0 0 0 0 0 0 0 0 0 0 0 0 0 0 0 0 0 0 0 0 0 0 0 0 0 0 0 0 0 0 0 0 0 0 0 0 0 0 0 0 0 0 0 0 0 0 0 0 0 0 0 0 0 0 0 0 0 0 0 0 0 0 0 0 0 0 0 0 0 0 0 0 2.127888321e-36 0 0 0 0 0 0 1.2625883e-44 1.181312215e-26 0 0 0 0 0 0 5.518222503e-57 0 0 0 0 0 7.506044798e-23 0 0 0 0 0 0 0 0 0 2.446043916e-29 0 2.248366171e-29 6.848317732e-30 0 1.442198698e-47 0 0 0 0 0 0 0 0 6.343503178e-66 0 0 0 0 0 0 0 1.103589088e-16 9.366125723e-23 6.390230894e-59 0 0 2.959483174e-57 0 0 0 0 0 0 0 0 0 0 0 0 0 0 0 0 0 0 0 0 0 0 0 0 0 0 0 0 0 0 0 0 0 0 0 0 0 0 0 0 0 0 0 0 0 0 0 0 0 0 0 0 0 0 0 0 0 0 0 0 0 0 0 0 0 0 0 0 0 0 0 0 0 0 0 0 0 0 0 0 0 0 0 0 0 0 0 0 0 0 0 0 0 0 
0 0 0 0 0 0 0 0 0 0 0 0 0 0 0 0 0 0 0 0 0 0 0 0 0 0 0 0 0 0 0 0 0 0 0 0 0 0 0 0 0 0 0 0 0 0 0 0 0 0 0 0 0 0 0 0 0 0 0 0 0 0 0 0 0 0 0 0 0 0 0 0 0 0 0 0 0 0 0 0 0 0 0 0 0 0 0 0 0 0 0 0 0 0 0 0 0 0 0 0 0 0 1.533734491e-37 0 0 0 0 0 0 0 0 0 0 0 0 0 1.117743863e-23 0 0 5.554732505e-40 0 3.318334871e-46 1.203744395e-19 0 0 0 0 0 0 0 0 0 0 0 6.776730351e-36 0 0 5.039486582e-31 0 2.321695117e-28 0 0 2.761087822e-22 0 1.185790698e-34 0 0 0 0 0 0 0 0 1.137685155e-52 0 0 0 0 0 0 0 0 0 1.623097431e-41 0 0 0 0 0 0 0 0 0 0 0 0 0 0 0 0 0 0 0 0 0 0 0 0 0 0 0 0 0 0 0 0 0 0 0 0 0 0 0 0 0 0 0 0 0 0 0 0 0 0 0 0 0 0 0 0 0 0 0 0 0 0 0 0 0 0 0 0 0 0 0 0 0 0 0 0 0 0 0 0 0 0 0 0 0 0 0 0 0 0 0 0 
0 0 0 0 0 0 0 0 0 0 0 0 0 0 0 0 0 0 0 0 0 0 0 0 0 0 0 0 0 0 0 0 0 0 0 0 0 0 0 0 0 0 0 0 0 0 0 0 0 0 0 0 0 0 0 0 0 0 0 0 0 0 0 0 0 0 0 0 0 0 0 0 0 0 0 0 0 0 0 0 0 0 0 0 0 0 0 0 0 0 0 2.401697554e-63 0 1.067575419e-11 0 0 0 0 0 0 0 0 0 0 0 0 0 1.09896514e-53 4.163218886e-19 0 0 0 0 0 2.078295088e-66 0 0 9.918449988e-31 0 0 0 0 0 1.674885423e-64 0 0 0 1.08395114e-12 0 0 0 0 6.310823229e-67 1.035156377e-32 0 0 0 0 0 0 0 0 0 8.149365592e-27 0 0 0 0 0 5.173227343e-68 0 0 0 0 0 7.634577131e-49 0 3.612246105e-58 1.4819001e-43 0 0 0 0 0 0 0 0 0 0 0 0 0 0 0 0 0 0 0 0 0 0 0 0 0 0 0 0 0 0 0 0 0 0 0 0 0 0 0 0 0 0 0 0 0 0 0 0 0 0 0 0 0 0 0 0 0 0 0 0 0 0 0 0 0 0 0 0 0 0 0 0 0 0 0 0 0 0 0 0 0 0 0 0 0 0 0 0 0 0 0 0 0 0 0 0 0 
0 0 0 0 0 0 0 0 0 0 0 0 0 0 0 0 0 0 0 0 0 0 0 0 0 0 0 0 0 0 0 0 0 0 0 0 0 0 0 0 0 0 0 0 0 0 0 0 0 0 0 0 0 0 0 0 0 0 0 0 0 0 0 0 0 0 0 0 0 0 0 0 0 0 0 0 0 0 0 0 0 0 0 0 0 0 0 0 0 0 0 0 0 0 0 0 3.579595507e-14 1.705285723e-50 1.56107098e-08 8.087051973e-32 0 5.327816119e-05 0 0 0 0 0 0 0 0 0 0 0 0 5.866168987e-39 4.376045544e-22 0 0 0 0 4.307591119e-08 0 0 8.618391735e-06 6.458851899e-65 6.992912111e-58 2.989664811e-33 0 0 0 4.526786886e-21 0 0 5.336692748e-25 2.721286748e-60 0 6.110104086e-64 2.662366202e-57 0 3.568792532e-21 5.618389229e-36 0 1.422732066e-33 2.846593616e-09 0 0 2.852585624e-18 0 0 0 1.081993741e-26 0 3.810666604e-39 0 0 0 6.334056795e-53 0 0 0 0 0 4.283302592e-36 0 0 0 0 0 0 0 0 0 0 0 0 0 0 0 0 0 0 0 0 0 0 0 0 0 0 0 0 0 0 0 0 0 0 0 0 0 0 0 0 0 0 0 0 0 0 0 0 0 0 0 0 0 0 0 0 0 0 0 0 0 0 0 0 0 0 0 0 0 0 0 0 0 0 0 0 0 0 0 0 0 0 0 0 0 0 0 0 0 0 0 0 0 
0 0 0 0 0 0 0 0 0 0 0 0 0 0 0 0 0 0 0 0 0 0 0 0 0 0 0 0 0 0 0 0 0 0 0 0 0 0 0 0 0 0 0 0 0 0 0 0 0 0 0 0 0 0 0 0 0 0 0 0 0 0 0 0 0 0 0 0 0 0 0 0 0 0 0 0 0 0 0 0 0 0 0 0 0 0 0 0 0 5.616924803e-51 0 0 0 0 0 0 5.911806797e-35 0 2.204186042e-35 0 0 3.308859245e-62 0 1.089159817e-64 0 2.130698207e-50 0 0 0 9.181607471e-55 0 0 2.897465668e-17 0 0 0 0 5.792559699e-43 0 2.388011251e-44 1.970239571e-27 0 0 3.540204954e-58 0 0 1.612480528e-50 4.337187331e-40 2.677660343e-52 1.929086176e-19 9.982288511e-63 0 0 0 0 0 4.434465844e-68 0 2.449185222e-28 5.40374118e-26 7.028553573e-37 0 0 1.430012197e-65 1.146931948e-32 1.066816261e-26 3.469938136e-49 0 0 0 1.173021661e-42 0 0 2.855042769e-36 2.191265123e-50 1.091637427e-39 0 1.216838505e-29 3.059518962e-18 0 1.671547317e-27 2.069221598e-42 0 0 0 0 0 0 0 0 0 0 0 0 0 0 0 0 0 0 0 0 0 0 0 0 0 0 0 0 0 0 0 0 0 0 0 0 0 0 0 0 0 0 0 0 0 0 0 0 0 0 0 0 0 0 0 0 0 0 0 0 0 0 0 0 0 0 0 0 0 0 0 0 0 0 0 0 0 0 0 0 0 0 0 0 0 0 0 0 0 0 0 0 0 0 
0 0 0 0 0 0 0 0 0 0 0 0 0 0 0 0 0 0 0 0 0 0 0 0 0 0 0 0 0 0 0 0 0 0 0 0 0 0 0 0 0 0 0 0 0 0 0 0 0 0 0 0 0 0 0 0 0 0 0 0 0 0 0 0 0 0 0 0 0 0 0 0 0 0 0 0 0 0 0 0 0 0 0 0 0 0 0 0 0 0 0 2.019188965e-51 0 1.925436772e-34 4.019107038e-26 0 0 0 1.658399969e-45 0 7.677015769e-11 8.934361387e-37 5.27721827e-23 0 0 0 0 0 0 2.254812955e-29 0 1.439173185e-19 0 1.876641591e-19 0 0 6.640665914e-28 1.7923409e-45 0 0 1.324583577e-37 0 1.072620076e-54 2.027117449e-60 0 0 9.743911101e-15 5.899728052e-43 1.831657896e-64 0 0 4.008583118e-12 3.142897152e-10 0 1.216877724e-43 0 0 0 0 0 3.558668091e-34 0 9.140088131e-39 4.002090164e-32 3.52134341e-43 4.684979593e-55 0 0 0 9.745090637e-53 0 4.16395806e-66 0 0 5.174730372e-28 0 0 0 0 0 0 0 0 0 0 1.323241432e-35 4.589977418e-41 0 0 0 0 0 0 0 0 0 0 0 0 0 0 0 0 0 0 0 0 0 0 0 0 0 0 0 0 0 0 0 0 0 0 0 0 0 0 0 0 0 0 0 0 0 0 0 0 0 0 0 0 0 0 0 0 0 0 0 0 0 0 0 0 0 0 0 0 0 0 0 0 0 0 0 0 0 0 0 0 0 0 0 0 0 0 0 0 0 
0 0 0 0 0 0 0 0 0 0 0 0 0 0 0 0 0 0 0 0 0 0 0 0 0 0 0 0 0 0 0 0 0 0 0 0 0 0 0 0 0 0 0 0 0 0 0 0 0 0 0 0 0 0 0 0 0 0 0 0 0 0 0 0 0 0 0 0 0 0 0 0 0 0 0 0 0 0 0 0 0 0 0 0 0 0 0 0 0 0 0 4.257134293e-50 1.548126417e-11 0 6.221393038e-13 3.236897108e-38 8.599358977e-21 0 8.04022797e-05 0 0 0 0 0 0 7.335566023e-55 0 1.822820743e-16 0 9.894943578e-19 1.451132024e-35 0 2.991304908e-05 0 3.29373283e-57 0 0 0 3.990519354e-41 0 0 1.593383804e-18 1.514069877e-11 5.926149475e-36 0 2.291468739e-15 0 4.144787702e-34 1.582341909e-21 2.586891948e-15 1.186283735e-47 0 0.007090825174 1.978330237e-28 1.601195758e-45 9.61381862e-41 1.30874325e-48 0 0 0 4.668021622e-41 0 1.291634634e-10 0 0 0 0 1.356897613e-31 9.852694029e-38 4.928657359e-56 1.595686542e-42 3.307093222e-27 0 1.500081615e-43 0 0 0 0 1.223875219e-21 0 0 0 8.851258547e-29 3.943408401e-20 0 0 0 0 0 0 0 0 0 0 0 0 0 0 0 0 0 0 0 0 0 0 0 0 0 0 0 0 0 0 0 0 0 0 0 0 0 0 0 0 0 0 0 0 0 0 0 0 0 0 0 0 0 0 0 0 0 0 0 0 0 0 0 0 0 0 0 0 0 0 0 0 0 0 0 0 0 0 0 0 0 0 0 0 0 0 0 0 0 0 0 0 
0 0 0 0 0 0 0 0 0 0 0 0 0 0 0 0 0 0 0 0 0 0 0 0 0 0 0 0 0 0 0 0 0 0 0 0 0 0 0 0 0 0 0 0 0 0 0 0 0 0 0 0 0 0 0 0 0 0 0 0 0 0 0 0 0 0 0 0 0 0 0 0 0 0 0 0 0 0 0 0 0 0 0 0 0 0 0 0 0 0 3.854569786e-40 0 1.712309358e-56 0 0 0 0 0 3.681888301e-20 2.194459353e-59 1.732478142e-15 5.985075349e-13 8.123637551e-08 4.217591992e-40 0 7.973440472e-27 0 4.115548801e-13 0 0 0 5.660934727e-35 0 0 3.059829304e-26 0 0 0 0 0 1.539733052e-34 0 0 0 0 6.060349288e-41 1.306060108e-16 2.558791395e-56 9.180199689e-39 2.974068625e-53 1.527911525e-12 5.849696463e-13 2.419500368e-09 0 0 4.730668895e-21 0 5.689416781e-05 3.159079476e-10 0 0 0 0 5.403234467e-66 1.417168135e-49 2.501758326e-12 4.831480627e-46 0 0 0 0 2.461232554e-07 0 0 0 1.638605522e-07 3.018678494e-36 0 0 0 0 0 0 0 0 0 0 0 0 0 0 0 0 0 0 0 0 0 0 0 0 0 0 0 0 0 0 0 0 0 0 0 0 0 0 0 0 0 0 0 0 0 0 0 0 0 0 0 0 0 0 0 0 0 0 0 0 0 0 0 0 0 0 0 0 0 0 0 0 0 0 0 0 0 0 0 0 0 0 0 0 0 0 0 0 0 0 0 0 0 0 0 0 0 0 0 
0 0 0 0 0 0 0 0 0 0 0 0 0 0 0 0 0 0 0 0 0 0 0 0 0 0 0 0 0 0 0 0 0 0 0 0 0 0 0 0 0 0 0 0 0 0 0 0 0 0 0 0 0 0 0 0 0 0 0 0 0 0 0 0 0 0 0 0 0 0 0 0 0 0 0 0 0 0 0 0 0 0 0 0 0 0 0 0 0 0 1.434478436e-13 0 0 2.168252392e-55 0 0 0 0 2.582945742e-45 0 7.002358344e-38 0 0 1.930440456e-07 0 1.126330591e-66 1.593168593e-13 0 0 5.924071211e-36 1.323760851e-47 0 130.0315849 8.552784937e-46 0 0 9.257986562e-57 5.869375993e-43 0 4.112446931e-11 0 1.595962479e-65 0 0 2.931382919e-23 7.453444651e-40 2.169402687e-40 2.662154085e-05 0 0 5.166050252e-64 0 2.129891474e-23 6.907102642e-13 0 8.596130759e-57 0 4.970292388e-31 5.966788849e-21 0 0 0 0 0 0 0 0 1.450908732e-58 1.725753801e-19 6.887897344e-22 0 7.800421158 0 7.320254463e-43 0 1.026121874e-28 0.001100775992 5.048907071e-53 0.5211552303 1.854241068e-43 1.918532083e-33 0 2.465078216e-27 1.278863379e-35 2.13550243e-51 0 0 0 0 0 0 0 0 0 0 0 0 0 0 0 0 0 0 0 0 0 0 0 0 0 0 0 0 0 0 0 0 0 0 0 0 0 0 0 0 0 0 0 0 0 0 0 0 0 0 0 0 0 0 0 0 0 0 0 0 0 0 0 0 0 0 0 0 0 0 0 0 0 0 0 0 0 0 0 0 0 0 0 0 0 0 0 0 0 0 0 
0 0 0 0 0 0 0 0 0 0 0 0 0 0 0 0 0 0 0 0 0 0 0 0 0 0 0 0 0 0 0 0 0 0 0 0 0 0 0 0 0 0 0 0 0 0 0 0 0 0 0 0 0 0 0 0 0 0 0 0 0 0 0 0 0 0 0 0 0 0 0 0 0 0 0 0 0 0 0 0 0 0 0 0 0 0 0 0 0 0 6.09022087e-55 5.857243482e-44 4.07262905e-33 2.255730447e-55 2.882040571e-22 0.00697214573 0 0 0 7.925366577e-41 6.441019475e-12 0 0 0 0 0 1.145460852e-29 7.105650549e-52 3.391345293e-41 0 1.319308612e-65 6.539092401e-14 0 1.084201242e-06 9.676716348e-39 3.186784876e-49 4.280726042e-49 6.97024298e-59 3.996632778e-45 4.318344e-18 4.071361367e-40 0 1.72508781e-46 0 4.960416761e-09 1.781799827 0 1.446689982e-63 2.063634536e-21 0 1.462306327e-17 5.016344556e-18 0 0 3.43108913e-14 0 0 2.378915994e-40 3.539340452e-15 0 1.223505581e-08 6.772131459e-11 5.375536635e-13 0 0 5.967341997e-10 0 0.4853628135 1.122683211e-08 0.5406829629 0 3.05725634e-53 1.542903307e-22 0 0 0 1.534440854e-14 7.179634231e-54 0.02000572439 1.799934334e-55 5.40649317e-30 0 1.223924894e-64 0 0 0 0 0 0 0 0 0 0 0 0 0 0 0 0 0 0 0 0 0 0 0 0 0 0 0 0 0 0 0 0 0 0 0 0 0 0 0 0 0 0 0 0 0 0 0 0 0 0 0 0 0 0 0 0 0 0 0 0 0 0 0 0 0 0 0 0 0 0 0 0 0 0 0 0 0 0 0 0 0 0 0 0 0 0 0 0 0 0 0 0 0 
0 0 0 0 0 0 0 0 0 0 0 0 0 0 0 0 0 0 0 0 0 0 0 0 0 0 0 0 0 0 0 0 0 0 0 0 0 0 0 0 0 0 0 0 0 0 0 0 0 0 0 0 0 0 0 0 0 0 0 0 0 0 0 0 0 0 0 0 0 0 0 0 0 0 0 0 0 0 0 0 0 0 0 0 0 0 0 0 0 0 9.950313093e-19 7.592434906e-36 0 0 1.202714428e-34 3.598029702e-46 1.098740309e-07 2.863156225e-38 0.001647374345 0 0 6.097107876e-18 2.156644389e-28 0 0 7.151556955e-07 0.0008004339195 0 7.474758977e-52 6.366018763e-13 8.758705055e-13 4.470802175e-28 4.379343142e-13 0 0 1.827597532e-18 0 3.884431284e-44 1.943604298e-40 0 0.0001809068045 8.298321834e-59 1.148508301e-10 5.138137962e-32 6.595093102e-15 4.694272098e-15 2.622000539e-29 1.127758715e-30 1.464453564e-47 0 5.295562638e-29 1.177460823e-42 0 0 4.011696173e-21 5.191508938e-36 1.913521716e-17 1.718883454e-61 1.005164408e-32 0 5.187692573e-29 3.806016042e-64 9.560836412e-33 96.08432128 3.895992946e-15 1.387099794e-19 184.8511349 0 8.514902676e-38 0 0 7.438190574e-38 0 8.564394413e-29 2.406444623e-50 0 0 2.522854273e-59 1.641747259e-18 8.873551032e-11 4.691429088e-36 0 0 0 9.162805499e-09 0 0 0 0 0 0 0 0 0 0 0 0 0 0 0 0 0 0 0 0 0 0 0 0 0 0 0 0 0 0 0 0 0 0 0 0 0 0 0 0 0 0 0 0 0 0 0 0 0 0 0 0 0 0 0 0 0 0 0 0 0 0 0 0 0 0 0 0 0 0 0 0 0 0 0 0 0 0 0 0 0 0 0 0 0 0 0 0 0 0 0 
0 0 0 0 0 0 0 0 0 0 0 0 0 0 0 0 0 0 0 0 0 0 0 0 0 0 0 0 0 0 0 0 0 0 0 0 0 0 0 0 0 0 0 0 0 0 0 0 0 0 0 0 0 0 0 0 0 0 0 0 0 0 0 0 0 0 0 0 0 0 0 0 0 0 0 0 0 0 0 0 0 0 0 0 0 0 0 0 0 9.836990255e-42 0 0 1.100000069e-17 0 0 2.466702095 0 0 0.6946255418 1.916216251e-42 1.176502632e-53 2.708444683e-10 0 0 0 3.407925821e-08 0 1.047712863e-13 0.06840292649 0 146.7049223 0 0 0 0 2.541011155e-15 0.0393865625 1.103453176e-14 5.920418594e-05 1.137021487e-56 1.853459967e-14 2.470732542e-07 0 1.615320558e-33 0 0 0 0 0 2.356365661e-11 0 0 0 1.047532692e-47 0 8.808097989e-26 2.14166129e-21 5.407381919e-06 8.403017444e-27 0 2.531534406e-16 1.279035656 8.150641149e-05 5.392862873e-09 9.609404885e-23 1.168959625 1.993733643e-13 9.048944725e-08 1.207965515e-11 2.155417221e-31 1.573097523e-22 2.665420949e-16 0 0 4.479207921e-17 9.770177056e-22 0 0 0 1.680743533e-55 3.239790922e-22 8.541798268e-12 0 0 0.3383926261 2.042778384e-44 1.17861739e-11 0 0 0 0 0 0 0 0 0 0 0 0 0 0 0 0 0 0 0 0 0 0 0 0 0 0 0 0 0 0 0 0 0 0 0 0 0 0 0 0 0 0 0 0 0 0 0 0 0 0 0 0 0 0 0 0 0 0 0 0 0 0 0 0 0 0 0 0 0 0 0 0 0 0 0 0 0 0 0 0 0 0 0 0 0 0 0 0 0 
0 0 0 0 0 0 0 0 0 0 0 0 0 0 0 0 0 0 0 0 0 0 0 0 0 0 0 0 0 0 0 0 0 0 0 0 0 0 0 0 0 0 0 0 0 0 0 0 0 0 0 0 0 0 0 0 0 0 0 0 0 0 0 0 0 0 0 0 0 0 0 0 0 0 0 0 0 0 0 0 0 0 0 0 0 0 0 0 2.035061379e-54 1.425979633e-43 1.41103946e-14 1.116161458e-30 0 2.241236138e-20 0 4.569141833e-28 4.855283965e-13 0.2375124628 0 1.047976835e-18 1.052055649e-25 2.454752259e-07 9.652707687e-44 0 0 6.229039686e-57 1.562973119e-22 20.43710565 2.106305522e-25 0 8.389277737e-40 1.077135756e-11 49.15237635 7.25142439e-08 0 0 0 1.338320387e-29 46.89977486 0 0 8.720021858e-12 0 0 2.377624743e-22 1.431424398e-20 0 1.277930205e-07 2.042740955e-16 0 0 5.726384466e-53 2.138063625e-05 0 247.811213 2.759029059e-49 0.02826294043 0 0 0 2.559736773e-36 0 1.004439918e-17 0 0 0 57.21204812 1.548762356e-05 0 3.411074214e-22 1.673113752e-06 6.063474461e-50 3.199704408e-05 1.853840493e-22 1.79937733e-12 2.23133103e-23 1.178226858e-29 2.431995545e-27 1.064683387 9.138058766e-06 0 15.01302595 0 0 0 0 2.10094669e-29 7.834898744e-43 0 0 0 0 0 0 0 0 0 0 0 0 0 0 0 0 0 0 0 0 0 0 0 0 0 0 0 0 0 0 0 0 0 0 0 0 0 0 0 0 0 0 0 0 0 0 0 0 0 0 0 0 0 0 0 0 0 0 0 0 0 0 0 0 0 0 0 0 0 0 0 0 0 0 0 0 0 0 0 0 0 0 0 0 0 0 0 0 
0 0 0 0 0 0 0 0 0 0 0 0 0 0 0 0 0 0 0 0 0 0 0 0 0 0 0 0 0 0 0 0 0 0 0 0 0 0 0 0 0 0 0 0 0 0 0 0 0 0 0 0 0 0 0 0 0 0 0 0 0 0 0 0 0 0 0 0 0 0 0 0 0 0 0 0 0 0 0 0 0 0 0 0 0 0 0 0 4.373340454e-51 0 0 0 2.386939906e-22 0 0 1.727551921e-58 0 1.295153781e-35 1.217392819e-22 3.619135929e-14 93.01894104 0 0 0.0001650758994 2.042999852e-25 3.630616154e-61 1.799833804e-62 0 0 5.350445565e-56 1.956132783e-43 0.00491422504 0.003059473976 1.433678699e-56 7.29756042e-27 0 556.9616688 781.6664891 4.337395914e-22 259.1612054 0 3.122456706e-14 2.033354972e-13 0 0 7.05719878e-14 1.337460261e-44 0.217383467 2.513556206e-56 0.03532021644 16.89952715 6.201296856e-21 6.904809527e-43 1.454486355e-34 319.7626493 1.83538419e-31 1.807910673e-25 1.645249668e-06 1.579597663e-12 2.429776262e-45 6.901130128e-42 53.95209754 2.405277065e-53 1.855114908e-42 8.428593121e-68 12.10989381 1.013447722e-47 0.0004367737792 1.637489059e-51 1.714350006e-43 8.444561601e-40 133.9190247 0 2.56289801e-48 2.034317451e-11 2.794610302e-43 7.350915552e-56 0 9.298958367e-10 255.3263126 0 2.429006252e-22 1.009214319e-30 9.209406414e-36 0 5.479302832e-57 5.373265724e-42 0 0 0 0 0 0 0 0 0 0 0 0 0 0 0 0 0 0 0 0 0 0 0 0 0 0 0 0 0 0 0 0 0 0 0 0 0 0 0 0 0 0 0 0 0 0 0 0 0 0 0 0 0 0 0 0 0 0 0 0 0 0 0 0 0 0 0 0 0 0 0 0 0 0 0 0 0 0 0 0 0 0 0 0 0 0 0 0 0 
0 0 0 0 0 0 0 0 0 0 0 0 0 0 0 0 0 0 0 0 0 0 0 0 0 0 0 0 0 0 0 0 0 0 0 0 0 0 0 0 0 0 0 0 0 0 0 0 0 0 0 0 0 0 0 0 0 0 0 0 0 0 0 0 0 0 0 0 0 0 0 0 0 0 0 0 0 0 0 0 0 0 0 0 0 0 0 0 0 0 3.436560975e-47 0 0 1.255045001e-31 41.3230978 0 2.961219945e-50 0 0 0 0 1.628209059e-51 2.813067657e-24 268.9960978 1.834594017e-34 11.40389221 8.242259452e-35 3.356863085e-36 1.560561989e-33 276.263732 0 0.0001102852747 7.574896089e-29 0 5.72504479 0 5.74761935e-12 2.492082357e-19 0 1.227323246e-49 2.08121541e-19 1.600871597e-33 56.37725706 2.835140103e-50 0 7.839970632e-22 0 0 0 0 4.863425985e-16 5.606079922e-30 0 9.791065881e-41 2.088309913e-09 4.075403779 1138.800758 1.024596803e-17 1.509316176e-08 6.507804187e-55 0 0 0 245.8101931 0.4194203639 3.381661246e-12 0 3.785335569e-11 0 2.691771903e-16 1.636194332e-14 4.252095289e-56 2.117060378e-50 1.682687215e-43 1.550878855e-63 0 0 0 1.230340198e-05 8.353708697e-38 0 3.153857123e-55 0 0 0 0 9.28253584e-18 0 0 0 0 0 0 0 0 0 0 0 0 0 0 0 0 0 0 0 0 0 0 0 0 0 0 0 0 0 0 0 0 0 0 0 0 0 0 0 0 0 0 0 0 0 0 0 0 0 0 0 0 0 0 0 0 0 0 0 0 0 0 0 0 0 0 0 0 0 0 0 0 0 0 0 0 0 0 0 0 0 0 0 0 0 0 0 0 0 
0 0 0 0 0 0 0 0 0 0 0 0 0 0 0 0 0 0 0 0 0 0 0 0 0 0 0 0 0 0 0 0 0 0 0 0 0 0 0 0 0 0 0 0 0 0 0 0 0 0 0 0 0 0 0 0 0 0 0 0 0 0 0 0 0 0 0 0 0 0 0 0 0 0 0 0 0 0 0 0 0 0 0 0 0 0 0 0 0.0003209189364 6.627090903e-27 0 0 0 0 0 0 0 0 3.790928875e-63 0 1.070224552e-35 7.966514855e-37 4.752968121e-18 6.644793504e-35 7.231976825e-39 2.670741367e-56 0 8.565000312e-30 0 5.938887083e-44 0 0 1.841975545e-40 2.439015407e-15 0 0 0 4.497767143e-05 0 3.94956378e-33 0.01274230964 4.531682287e-11 8.795883717e-14 0 0.8409126018 1.364652586e-45 7.981592292e-06 1.172026137e-08 2.339706795e-12 0 1.453905135e-31 2.597652828e-19 3.931784944e-43 4.395565737e-24 4.992310366e-14 347.5141337 0 1.897509203e-40 0 1.679691532e-24 6.945245306e-49 5.330478693e-67 1082.427917 0.07457570995 0 6.633202278e-40 0 0 0 2.82010675e-41 0 3.609984512e-54 2.058798784e-23 2.008377107e-39 51.4182478 7.181402939e-37 4.42952275e-42 5.133023323e-12 0 0 0 0 0 0 0 0 0.2039913725 0 0 0 0 0 0 0 0 0 0 0 0 0 0 0 0 0 0 0 0 0 0 0 0 0 0 0 0 0 0 0 0 0 0 0 0 0 0 0 0 0 0 0 0 0 0 0 0 0 0 0 0 0 0 0 0 0 0 0 0 0 0 0 0 0 0 0 0 0 0 0 0 0 0 0 0 0 0 0 0 0 0 0 0 0 0 0 0 0 
0 0 0 0 0 0 0 0 0 0 0 0 0 0 0 0 0 0 0 0 0 0 0 0 0 0 0 0 0 0 0 0 0 0 0 0 0 0 0 0 0 0 0 0 0 0 0 0 0 0 0 0 0 0 0 0 0 0 0 0 0 0 0 0 0 0 0 0 0 0 0 0 0 0 0 0 0 0 0 0 0 0 0 0 0 0 0 0 0 0 0 20.01032103 0 0 0 1.470252697e-27 1.791571078e-23 0 0 1.887592436e-29 3.741752615e-10 0 0 4.519118867e-09 7.170741423e-20 0.001217545465 2.277816787e-43 0 6.815529308e-43 0 8.298583124e-39 2.956089299e-46 1.21792274e-27 0 1.060818854e-44 1.46111605 776.0652311 0 704.6883524 0 1.290386162e-19 1.253930345e-65 6.4471907e-17 1.678481566e-42 0 0 5.280532376e-10 1.319978325e-39 0 0 0 0 0 0 2.490307206e-34 0 6.730927555e-43 8.751176207e-59 0 4.934972395e-06 0 6.145038137e-19 4.025164098e-25 0 218.3685664 1.098209783e-07 0 30.90382655 6.22366221e-09 0 0 810.3317508 0 1.382210066 167.2419615 0 9.565559738e-45 2.817922569e-32 0.2109780335 107.8173673 0.007382249552 4.343776506e-44 0 0 1.220627723e-05 0 0 0 0 0 0 0 0 0 0 0 0 0 0 0 0 0 0 0 0 0 0 0 0 0 0 0 0 0 0 0 0 0 0 0 0 0 0 0 0 0 0 0 0 0 0 0 0 0 0 0 0 0 0 0 0 0 0 0 0 0 0 0 0 0 0 0 0 0 0 0 0 0 0 0 0 0 0 0 0 0 0 0 0 0 0 0 0 0 0 0 
0 0 0 0 0 0 0 0 0 0 0 0 0 0 0 0 0 0 0 0 0 0 0 0 0 0 0 0 0 0 0 0 0 0 0 0 0 0 0 0 0 0 0 0 0 0 0 0 0 0 0 0 0 0 0 0 0 0 0 0 0 0 0 0 0 0 0 0 0 0 0 0 0 0 0 0 0 0 0 0 0 0 0 0 0 0 0 0 0 0 0 0 0 4.500275635e-46 68.67179641 0 69.35283061 0 0 2.739543429e-39 898.8467014 0 0 0 0 0 128.4477571 0 4.317975238e-11 0 9.837187344e-25 0 0 0 807.1561549 0 0 3.876163503e-26 9.132226214e-31 1.952653599e-25 5.375310072e-20 1.034164706e-47 1865.035994 0 0 0 0 0 1523.101437 0 1460.938027 7.639361063e-37 0 0 2.532497925e-06 1.068401454e-38 0 0 0 1.916017166e-26 0 9.294615783e-39 1136.826678 2.994157078e-36 0 2.395190757e-33 4.667183537e-17 0 6.402101555e-50 0 0 828.1828231 0 0 0 0 0 3.470061176e-44 0 3.155043968e-07 0 5.841517582e-49 0 0 0 0 0 0 0 0 0 0 0 0 0 0 0 0 0 0 0 0 0 0 0 0 0 0 0 0 0 0 0 0 0 0 0 0 0 0 0 0 0 0 0 0 0 0 0 0 0 0 0 0 0 0 0 0 0 0 0 0 0 0 0 0 0 0 0 0 0 0 0 0 0 0 0 0 0 0 0 0 0 0 0 0 0 0 0 0 0 0 0 0 0 0 
0 0 0 0 0 0 0 0 0 0 0 0 0 0 0 0 0 0 0 0 0 0 0 0 0 0 0 0 0 0 0 0 0 0 0 0 0 0 0 0 0 0 0 0 0 0 0 0 0 0 0 0 0 0 0 0 0 0 0 0 0 0 0 0 0 0 0 0 0 0 0 0 0 0 0 0 0 0 0 0 0 0 0 0 0 0 0 0 0 1.182274279e-46 0 0 0 0 3.526640235e-35 0 107.195564 0 0 0 5.351197705e-43 26.46219284 8.380119319e-26 2.15447201e-32 1.546381876e-15 0 0 1.634950442e-10 4.032305701e-42 5.466513192e-33 0 1236.777959 0 0 1.581358329 0 0 0 4.689036653e-10 0 2.739874439e-47 0 0 42.33681581 0 0 11.36643538 5.522556065e-31 7.791138675e-08 0 0 0 0 0 0 1.019679537e-05 162.2886655 0 3.051345221e-07 0 0 2.169294707e-20 0 0 9.062283624e-11 0 0 0 2.886976557e-08 0 0 0 0 0 0 1.600952463e-31 0 0 0 5.775351277e-12 0 0 0 0 0 0 0 0 0 0 0 0 0 0 0 0 0 0 0 0 0 0 0 0 0 0 0 0 0 0 0 0 0 0 0 0 0 0 0 0 0 0 0 0 0 0 0 0 0 0 0 0 0 0 0 0 0 0 0 0 0 0 0 0 0 0 0 0 0 0 0 0 0 0 0 0 0 0 0 0 0 0 0 0 0 0 0 0 0 0 0 0 0 0 0 0 
0 0 0 0 0 0 0 0 0 0 0 0 0 0 0 0 0 0 0 0 0 0 0 0 0 0 0 0 0 0 0 0 0 0 0 0 0 0 0 0 0 0 0 0 0 0 0 0 0 0 0 0 0 0 0 0 0 0 0 0 0 0 0 0 0 0 0 0 0 0 0 0 0 0 0 0 0 0 0 0 0 0 0 0 0 0 0 0 0 0 0 0 0 0 3.999754805e-39 0 0 2.032584764e-18 1.436631839e-10 0 0 1.101491534e-19 1.070691701e-05 0 0 0 1.422474998e-44 349.6583689 0 2.141718444e-30 226.3851582 574.399041 1.397785882e-23 0 0 0 0 830.0860602 0 0 5.678857322e-08 2080.196085 1.871734334e-24 0 0 1.34306842e-41 0 1869.503421 2.159779323e-17 0 2.833532752e-29 0 0 0 0 3.514243723e-14 0 9.012226584e-36 2.799929702e-39 0 5.22825735e-15 1.463411818e-23 0 0 0 7.792536798e-12 0 9.318712366e-42 0 0 0 1.912840651 0 0 0 7.057581536e-31 0 0 0 0 0 0 2.588262917e-49 254.4825059 2.31370538e-13 0 0 0 0 0 0 0 0 0 0 0 0 0 0 0 0 0 0 0 0 0 0 0 0 0 0 0 0 0 0 0 0 0 0 0 0 0 0 0 0 0 0 0 0 0 0 0 0 0 0 0 0 0 0 0 0 0 0 0 0 0 0 0 0 0 0 0 0 0 0 0 0 0 0 0 0 0 0 0 0 0 0 0 0 0 0 0 0 0 0 0 
0 0 0 0 0 0 0 0 0 0 0 0 0 0 0 0 0 0 0 0 0 0 0 0 0 0 0 0 0 0 0 0 0 0 0 0 0 0 0 0 0 0 0 0 0 0 0 0 0 0 0 0 0 0 0 0 0 0 0 0 0 0 0 0 0 0 0 0 0 0 0 0 0 0 0 0 0 0 0 0 0 0 0 0 0 0 0 0 0 0 0 0 0 1.217545557e-49 0 0 7.611832409e-22 7.608162802e-33 3.648391312e-22 5.613599773e-30 0 2.286618836e-28 3.488862936e-39 1.821949938e-09 0 0 0 0 9.670143134e-08 388.5317338 0 0 0 0 0 1.305254565e-13 0 5.980039809e-32 0 1.449294999e-12 0 0 0 0 0 6.224644127e-20 1.239463143e-42 2.47349809e-36 0 1427.576305 0 5.991936121e-39 0 1.980330308e-36 7.616718746e-43 3.117288956e-48 0 6.568879205e-26 1.661414669e-18 20.46395956 1.381065789e-21 8.826047868e-30 65.87750639 1.159189107e-41 0 0 0 1.238432875e-18 0 0 1.915005024e-23 9.620838168e-27 0 0 833.6662972 2.158862812e-21 0 9.170666992e-08 0 4.708260372e-13 0 5.065670482e-32 0 0 0 0.2629595298 0 0 0 0 0 0 0 0 0 0 0 0 0 0 0 0 0 0 0 0 0 0 0 0 0 0 0 0 0 0 0 0 0 0 0 0 0 0 0 0 0 0 0 0 0 0 0 0 0 0 0 0 0 0 0 0 0 0 0 0 0 0 0 0 0 0 0 0 0 0 0 0 0 0 0 0 0 0 0 0 0 0 0 0 0 0 0 0 0 0 
0 0 0 0 0 0 0 0 0 0 0 0 0 0 0 0 0 0 0 0 0 0 0 0 0 0 0 0 0 0 0 0 0 0 0 0 0 0 0 0 0 0 0 0 0 0 0 0 0 0 0 0 0 0 0 0 0 0 0 0 0 0 0 0 0 0 0 0 0 0 0 0 0 0 0 0 0 0 0 0 0 0 0 0 0 0 0 0 0 0 0 0 0 3.267501626e-32 9.597772935e-39 0.02515028224 6.229233176e-47 0 2.490226283e-08 0 0 3.233118385e-17 0 660.263783 4.036585055e-34 4.771397588e-09 0 3.586364494 1.92770418e-10 6.357005481e-45 3.842633777e-44 1.837669248e-47 0 0 6.865083353e-08 0 9.743035433e-15 0 5.460245839e-21 1276.597636 0 0 2.039313206e-30 1.801649063e-27 0 1.204169686e-17 0 19.25584578 1.726220652e-08 0 3.870252609e-34 2.945707555e-26 1.499621182e-20 4.836797137e-29 1.71890289e-10 1.390485177e-30 0 3.684967563e-24 0 808.6038712 0 0 0 0 0 0 0 1.423703685e-27 0 0 0 0 0 0 7.969502589e-45 29.17570302 0 0.1766280406 0 0 1.941578977e-46 0 220.8102386 0 0 0 0 0 0 0 0 0 0 0 0 0 0 0 0 0 0 0 0 0 0 0 0 0 0 0 0 0 0 0 0 0 0 0 0 0 0 0 0 0 0 0 0 0 0 0 0 0 0 0 0 0 0 0 0 0 0 0 0 0 0 0 0 0 0 0 0 0 0 0 0 0 0 0 0 0 0 0 0 0 0 0 0 0 0 0 0 0 0 0 0 0 
0 0 0 0 0 0 0 0 0 0 0 0 0 0 0 0 0 0 0 0 0 0 0 0 0 0 0 0 0 0 0 0 0 0 0 0 0 0 0 0 0 0 0 0 0 0 0 0 0 0 0 0 0 0 0 0 0 0 0 0 0 0 0 0 0 0 0 0 0 0 0 0 0 0 0 0 0 0 0 0 0 0 0 0 0 0 0 0 0 0 0 0 1.058980177e-05 0 375.9002642 7.645466437e-25 3.142307108e-07 0 6.48906083e-21 0.009704328212 0 26.31570012 456.3233155 0 0 1.53959494 4.189861681e-13 0 0 0 699.906585 0 0 0 878.2362128 0 5.382541589e-06 2.0385428 6.391807729e-48 8.534178118e-29 0 4.762590143e-37 1721.631818 1.329494125e-38 0 0 0 627.5107447 4.66318145e-32 1878.643213 1.965590536e-08 1.721654574e-18 0 2276.249278 1.067776998e-11 0 0.01196897588 0 9.999830354 1.322073528e-21 1.450735282e-39 8.302212696e-28 2.381869718e-21 0 0.0826433925 1.166059059e-16 892.0974545 0 0 0 3.592506694e-44 8.642331191e-43 0 1.724561964e-06 268.9097608 0 0 139.9285435 0 318.2414569 9.598602557e-28 0 0 1.547900575e-32 0 0 0 0 0 0 0 0 0 0 0 0 0 0 0 0 0 0 0 0 0 0 0 0 0 0 0 0 0 0 0 0 0 0 0 0 0 0 0 0 0 0 0 0 0 0 0 0 0 0 0 0 0 0 0 0 0 0 0 0 0 0 0 0 0 0 0 0 0 0 0 0 0 0 0 0 0 0 0 0 0 0 0 0 0 0 0 0 0 0 0 0 
0 0 0 0 0 0 0 0 0 0 0 0 0 0 0 0 0 0 0 0 0 0 0 0 0 0 0 0 0 0 0 0 0 0 0 0 0 0 0 0 0 0 0 0 0 0 0 0 0 0 0 0 0 0 0 0 0 0 0 0 0 0 0 0 0 0 0 0 0 0 0 0 0 0 0 0 0 0 0 0 0 0 0 0 0 0 0 0 2.800432674e-37 0 0 35.46487565 202.7475808 0 5.124999644e-49 0 3.81071281e-06 1.375073906e-18 2.690281263e-13 3.587076557e-47 821.7397634 0 4.743980057 0 2.308737204e-34 0 0 0 7.237943217e-36 4.164779296e-44 0 0 6.228000025e-12 8.41343592e-45 1.515480997e-44 2.449554569e-38 0 3.643138618e-26 1.942170973e-28 0 627.0514915 0.0001328149958 1.906332452 1.021968329e-12 0 1.868857942e-42 1380.812092 0 0 0 0.0003167086649 3.126730313e-17 4.232558642e-20 0 2111.910038 1795.749539 1.455640413e-40 1.079026902e-08 0 0 0 3.216779236e-34 4.420842456e-11 0 0 0 2.321570814e-30 0 0 1.880951576e-47 0 182.6911218 5.750107222e-17 1.443364226e-13 1.242544315e-43 0 14.25245672 5.82696822e-43 0 3.890422149e-05 1.845645269e-10 1.165896595e-26 3.128889856e-43 0 0 5.782679401e-07 0 0 0 0 0 0 0 0 0 0 0 0 0 0 0 0 0 0 0 0 0 0 0 0 0 0 0 0 0 0 0 0 0 0 0 0 0 0 0 0 0 0 0 0 0 0 0 0 0 0 0 0 0 0 0 0 0 0 0 0 0 0 0 0 0 0 0 0 0 0 0 0 0 0 0 0 0 0 0 0 0 0 0 0 0 0 0 0 0 0 
0 0 0 0 0 0 0 0 0 0 0 0 0 0 0 0 0 0 0 0 0 0 0 0 0 0 0 0 0 0 0 0 0 0 0 0 0 0 0 0 0 0 0 0 0 0 0 0 0 0 0 0 0 0 0 0 0 0 0 0 0 0 0 0 0 0 0 0 0 0 0 0 0 0 0 0 0 0 0 0 0 0 0 0 0 0 0 0 0 6.121426584e-34 0 0 0 0 0 2.327333084e-50 396.9020875 0.7699874204 2.644627169e-11 531.3812912 296.4970775 12.30166984 0 1.158627121e-43 0.6176764041 2.561633266e-05 8.054226365e-22 1216.682551 7.474630851e-48 0 0.0001026390219 2.801831071e-24 0 761.6025652 2.079231165e-29 143.5067625 0 4.007217846e-15 2.796953027e-32 0 0 0 2.432652848e-48 3.533066954e-13 22.98325921 8.311940108e-19 4216.003842 2046.88827 1.352296915e-22 0 5.822909231 0.0004701039109 0 0 8.329527997e-19 0.0084574652 0 1.249483212e-43 18.79625216 2.340540102e-23 39.18769012 1855.292044 0 298.0678165 1.007772584e-05 410.4229448 0 0 0 807.1705279 1.201848349e-37 0 0 0 0 0 2.020635546e-19 8.255592579e-15 265.4692174 5.567542444e-24 2.857433984e-46 263.8067665 0.0002861766044 0 0 0 0 0 0 0 0 0 0 0 0 0 0 0 0 0 0 0 0 0 0 0 0 0 0 0 0 0 0 0 0 0 0 0 0 0 0 0 0 0 0 0 0 0 0 0 0 0 0 0 0 0 0 0 0 0 0 0 0 0 0 0 0 0 0 0 0 0 0 0 0 0 0 0 0 0 0 0 0 0 0 0 0 0 0 0 0 0 0 0 0 0 
0 0 0 0 0 0 0 0 0 0 0 0 0 0 0 0 0 0 0 0 0 0 0 0 0 0 0 0 0 0 0 0 0 0 0 0 0 0 0 0 0 0 0 0 0 0 0 0 0 0 0 0 0 0 0 0 0 0 0 0 0 0 0 0 0 0 0 0 0 0 0 0 0 0 0 0 0 0 0 0 0 0 0 0 0 0 0 0 0 0 3.612668342e-33 0 42.13557981 71.19280775 2.571940228e-31 5.611370162e-15 0 9.62807866e-48 1.943236962e-49 6.528128132e-43 1.924972672e-46 5.350955898 0 6.625047832e-43 1.54416387e-13 1.060380189e-25 0 0 0.009212470706 0 0 5.496173191e-38 288.2700949 3.074228473e-41 0 257.4278095 8.734268591e-09 1.940317352e-29 0 0 1885.020153 178.4434614 8.7882523e-41 0 2.594534649e-18 1.963116704e-12 4.791906696e-20 0.01155265897 2.00357724e-15 0 0 67.23004871 4.113681242e-26 1.014337935e-07 1.770049229e-36 5.759141224 0 3.68463217e-17 1.595009355e-13 6.100954786e-42 0 0 0 547.3396963 0.2935754291 2.273333896e-29 2.117569359e-05 0 1.811836718e-15 0.00552910087 1.805338876e-13 0 1.265435386e-21 7.621688377e-32 0 7.418793369 4.84254091e-36 0 0 206.8128622 0 0 0 203.4756428 0 1.426395735e-45 0 0 0 0 0 0 0 0 0 0 0 0 0 0 0 0 0 0 0 0 0 0 0 0 0 0 0 0 0 0 0 0 0 0 0 0 0 0 0 0 0 0 0 0 0 0 0 0 0 0 0 0 0 0 0 0 0 0 0 0 0 0 0 0 0 0 0 0 0 0 0 0 0 0 0 0 0 0 0 0 0 0 0 0 0 0 0 0 0 0 
0 0 0 0 0 0 0 0 0 0 0 0 0 0 0 0 0 0 0 0 0 0 0 0 0 0 0 0 0 0 0 0 0 0 0 0 0 0 0 0 0 0 0 0 0 0 0 0 0 0 0 0 0 0 0 0 0 0 0 0 0 0 0 0 0 0 0 0 0 0 0 0 0 0 0 0 0 0 0 0 0 0 0 0 0 0 0 0 0 0 0 7.280148092e-25 0 0 0 0 0 3.608877324e-30 0 0 0 5.100541093e-05 0 0 0 2.587350218e-37 0 0 0 1.484751655e-42 0 1.729846237e-27 5.677405216e-11 0 400.0498883 0 0 0 0 1674.690483 7.32414113e-05 0 2.118419505e-48 1.012541267e-24 0 0 0 2.943617085e-49 0 0 1.722697105e-46 0 0 1.361011512e-36 3.023993271e-49 0 3.455056336e-11 6.274531281e-16 0 4.498069018e-11 0 0 0 0 1371.876428 1.644150542e-08 0 0 0 6.251647206e-19 0 0 1.256057047e-48 7.373256734 0 2.808828748e-09 0 3.139088887e-36 0 0.006680537251 3.665227847e-17 0 4.38912489 0 0 0 0 0 0 0 0 0 0 0 0 0 0 0 0 0 0 0 0 0 0 0 0 0 0 0 0 0 0 0 0 0 0 0 0 0 0 0 0 0 0 0 0 0 0 0 0 0 0 0 0 0 0 0 0 0 0 0 0 0 0 0 0 0 0 0 0 0 0 0 0 0 0 0 0 0 0 0 0 0 0 0 0 0 0 0 0 0 0 0 0 0 
0 0 0 0 0 0 0 0 0 0 0 0 0 0 0 0 0 0 0 0 0 0 0 0 0 0 0 0 0 0 0 0 0 0 0 0 0 0 0 0 0 0 0 0 0 0 0 0 0 0 0 0 0 0 0 0 0 0 0 0 0 0 0 0 0 0 0 0 0 0 0 0 0 0 0 0 0 0 0 0 0 0 0 0 0 0 0 0 0 0 0 7.325081775e-11 0 0 0 0 6.477409671e-18 0 0 0 0 391.9098018 0 5.277018226e-18 2.861915289e-06 1.636680624e-40 1.710287962e-35 2.127556488e-47 1240.730426 4.498814065e-33 9.469305951e-46 7.796787983e-50 1123.146826 3.599820958e-27 0 3.684795369e-25 0 0 0 0 0 0.0002328263685 0 0 4.560984856e-08 1441.848251 0 1.972288828e-40 0 0 0 1.619209058e-23 0 1.263626732 0 0 0 3.206103442e-44 0 0 3.174099775e-18 0 1184.136808 0 0 948.9466149 0 5.519936292e-31 4.55017253e-44 0 0 0 0 2.748930302e-11 3.814974845e-12 1.869966602e-11 959.3482749 0 7.073423224e-36 0 0 0 0 2.825637169 77.84980264 0 0 0 0 0 0 0 0 0 0 0 0 0 0 0 0 0 0 0 0 0 0 0 0 0 0 0 0 0 0 0 0 0 0 0 0 0 0 0 0 0 0 0 0 0 0 0 0 0 0 0 0 0 0 0 0 0 0 0 0 0 0 0 0 0 0 0 0 0 0 0 0 0 0 0 0 0 0 0 0 0 0 0 0 0 0 0 0 0 0 0 
0 0 0 0 0 0 0 0 0 0 0 0 0 0 0 0 0 0 0 0 0 0 0 0 0 0 0 0 0 0 0 0 0 0 0 0 0 0 0 0 0 0 0 0 0 0 0 0 0 0 0 0 0 0 0 0 0 0 0 0 0 0 0 0 0 0 0 0 0 0 0 0 0 0 0 0 0 0 0 0 0 0 0 0 0 0 0 0 0 0 0 0 0 0 0 0 3.365997998e-45 2.671760141e-36 413.6988538 0 1.599967282e-05 0 0 0 0 5.518092422e-44 5.000674984e-19 0 1.321503231e-39 1349.218504 0 0 0 1185.768545 0 2.785183586e-12 0 3.032691065e-32 0 0 0 0 1.186216684e-31 0 0 0 0 0 0 0 0 6.139181547e-31 3.450002867e-06 0 0 8.536645252e-44 0 0 2.032629602e-24 0 0 0 0 183.2579194 0 0 0 914.0109851 0 0 0 0 0 0 1.7061838 6.781388481e-37 0 308.9907038 8.206580726e-28 633.9838298 445.2347616 0 0 0 0 0 1.368805075e-41 0 0 0 0 0 0 0 0 0 0 0 0 0 0 0 0 0 0 0 0 0 0 0 0 0 0 0 0 0 0 0 0 0 0 0 0 0 0 0 0 0 0 0 0 0 0 0 0 0 0 0 0 0 0 0 0 0 0 0 0 0 0 0 0 0 0 0 0 0 0 0 0 0 0 0 0 0 0 0 0 0 0 0 0 0 0 0 0 0 
0 0 0 0 0 0 0 0 0 0 0 0 0 0 0 0 0 0 0 0 0 0 0 0 0 0 0 0 0 0 0 0 0 0 0 0 0 0 0 0 0 0 0 0 0 0 0 0 0 0 0 0 0 0 0 0 0 0 0 0 0 0 0 0 0 0 0 0 0 0 0 0 0 0 0 0 0 0 0 0 0 0 0 0 0 0 0 0 0 0 0 0 0 0 0 22.75974899 0 0 0 0 0 0 0 0 0 0 1.301702048e-30 0 0 0 0 0 0 0 0 0 0 0 0 0 0 0 0 0 0 0 0 0 0 0 0 0 0 0 0 3.26134258e-19 7.959773263e-30 0 0 0 0 0 0 602.8920762 2.258642908e-49 0.1956592216 0 0 0 0 0 0 0 1.119320111e-11 0 0 0 0 9.084906504e-45 0 0 0 0 0 0.5067839858 0 0 0 0 0 0 0 0 0 0 0 0 0 0 0 0 0 0 0 0 0 0 0 0 0 0 0 0 0 0 0 0 0 0 0 0 0 0 0 0 0 0 0 0 0 0 0 0 0 0 0 0 0 0 0 0 0 0 0 0 0 0 0 0 0 0 0 0 0 0 0 0 0 0 0 0 0 0 0 0 0 0 0 0 0 0 0 0 0 0 0 
0 0 0 0 0 0 0 0 0 0 0 0 0 0 0 0 0 0 0 0 0 0 0 0 0 0 0 0 0 0 0 0 0 0 0 0 0 0 0 0 0 0 0 0 0 0 0 0 0 0 0 0 0 0 0 0 0 0 0 0 0 0 0 0 0 0 0 0 0 0 0 0 0 0 0 0 0 0 0 0 0 0 0 0 0 0 0 0 0 0 0 0 0 0 0 0 0 0 0 0 0 0 0 0 0 0 0 0 0 0 0 0 0 0 0 0 0 0 0 0 0 0 0 0 0 0 0 0 0 0 0 0 0 0 0 0 0 0 0 0 0 0 0 0 0 0 0 0 0 0 0 0 0 0 0 0 0 0 0 0 0 0 0 0 0 0 0 0 0 0 0 0 0 0 0 0 0 0 0 0 0 0 0 0 0 0 0 0 0 0 0 0 0 0 0 0 0 0 0 0 0 0 0 0 0 0 0 0 0 0 0 0 0 0 0 0 0 0 0 0 0 0 0 0 0 0 0 0 0 0 0 0 0 0 0 0 0 0 0 0 0 0 0 0 0 0 0 0 0 0 0 0 0 0 0 0 
0 0 0 0 0 0 0 0 0 0 0 0 0 0 0 0 0 0 0 0 0 0 0 0 0 0 0 0 0 0 0 0 0 0 0 0 0 0 0 0 0 0 0 0 0 0 0 0 0 0 0 0 0 0 0 0 0 0 0 0 0 0 0 0 0 0 0 0 0 0 0 0 0 0 0 0 0 0 0 0 0 0 0 0 0 0 0 0 0 0 0 0 0 0 0 0 0 0 0 5.67454099e-27 0 0 0 0 0 0 0 0 0 1553.55413 0 0 0 4885.544614 0 0 0 0 56.21447355 0 0 0 0 0 0 0 0 0 0 0 0 0 0 0 0 3710.853958 0 5.722842965 0 0 2382.506033 0 6.647875088e-29 506.7933073 0 0 0 0 1.718859325e-34 0 0 0 0 0 0 4.181350168e-30 0 0 0 0 0 0 0 0 0 0 0 0 0 0 0 0 0 0 0 0 0 0 0 0 0 0 0 0 0 0 0 0 0 0 0 0 0 0 0 0 0 0 0 0 0 0 0 0 0 0 0 0 0 0 0 0 0 0 0 0 0 0 0 0 0 0 0 0 0 0 0 0 0 0 0 0 0 0 0 0 0 0 0 0 0 0 0 0 0 0 0 0 0 0 0 0 0 0 0 0 
0 0 0 0 0 0 0 0 0 0 0 0 0 0 0 0 0 0 0 0 0 0 0 0 0 0 0 0 0 0 0 0 0 0 0 0 0 0 0 0 0 0 0 0 0 0 0 0 0 0 0 0 0 0 0 0 0 0 0 0 0 0 0 0 0 0 0 0 0 0 0 0 0 0 0 0 0 0 0 0 0 0 0 0 0 0 0 0 0 0 0 0 0 0 5.899454762e-27 254.587572 2.409239757e-36 6.345847342e-30 0 6.124688963e-06 8.244929884e-23 4.791410824e-33 0 0.0002615326574 0 5.593463858e-09 0 0 0 0 0 0 4.8513145e-38 0 0 4.361141088e-28 534.8164182 1865.123204 0 0 0 0 0 0 0 0 183.8385066 0 0.6676142922 0 0 0 0 1.903669144e-11 0 1.423612181 0.005493976734 0 0 0 0 0 450.567088 0 0 6.745074494e-37 0 0 2.167536236e-33 0 837.9492992 0 55.05431614 0.08078173709 1659.932422 0 0 0 4.652743416e-30 0 1.840172858e-19 0 0 0 118.4821445 0 0 0 0 0 0 0 0 0 0 0 0 0 0 0 0 0 0 0 0 0 0 0 0 0 0 0 0 0 0 0 0 0 0 0 0 0 0 0 0 0 0 0 0 0 0 0 0 0 0 0 0 0 0 0 0 0 0 0 0 0 0 0 0 0 0 0 0 0 0 0 0 0 0 0 0 0 0 0 0 0 0 0 0 0 0 0 0 0 0 0 
0 0 0 0 0 0 0 0 0 0 0 0 0 0 0 0 0 0 0 0 0 0 0 0 0 0 0 0 0 0 0 0 0 0 0 0 0 0 0 0 0 0 0 0 0 0 0 0 0 0 0 0 0 0 0 0 0 0 0 0 0 0 0 0 0 0 0 0 0 0 0 0 0 0 0 0 0 0 0 0 0 0 0 0 0 0 0 0 0 0 0 0 0 0 4.037490507e-20 0 1.266897746e-30 504.9915778 0 0 454.2333206 893.6721173 0 0 0 0 0 0 0 0 0.6198606821 0 0 0 6.411194904e-11 4.543688981e-09 1.633642086e-35 2.658587131e-05 4243.940776 0 0 0 1.244948248e-18 3.94444569e-18 0 0 0 8.822173252e-18 1.355289112e-34 1.003913845e-07 0 0 1.584165457e-32 3594.890168 4.506109123e-22 1919.646851 2.683212645e-06 5.658202614e-32 0 2241.003197 0 5.001022299e-08 2299.623252 0 4560.838708 3.680187575e-09 7.110169054e-34 4.806512215e-34 0 0 0 1545.742089 12.12890849 1316.10355 0 485.9984227 0 0 3.964834523e-24 6.926153725e-25 135.7225314 1.595538342e-25 0 0 0 0 0 0 0 0 0 0 0 0 0 0 0 0 0 0 0 0 0 0 0 0 0 0 0 0 0 0 0 0 0 0 0 0 0 0 0 0 0 0 0 0 0 0 0 0 0 0 0 0 0 0 0 0 0 0 0 0 0 0 0 0 0 0 0 0 0 0 0 0 0 0 0 0 0 0 0 0 0 0 0 0 0 0 0 0 0 0 0 0 0 0 
0 0 0 0 0 0 0 0 0 0 0 0 0 0 0 0 0 0 0 0 0 0 0 0 0 0 0 0 0 0 0 0 0 0 0 0 0 0 0 0 0 0 0 0 0 0 0 0 0 0 0 0 0 0 0 0 0 0 0 0 0 0 0 0 0 0 0 0 0 0 0 0 0 0 0 0 0 0 0 0 0 0 0 0 0 0 0 0 50.77878351 29.19829946 0 0 1.421793497e-19 0 0 317.1960727 35.02909166 0 642.8619767 1654.889463 1317.458428 3.600628609e-23 1104.00733 4.049884038e-12 1561.223163 0 0 0 982.1738002 7.815511464e-37 1614.9435 2658.379822 0 0.0007219816013 1.864616947e-32 2846.303268 0 0 5.18169882 2951.944706 1.376467057e-25 0 0.02565958428 5.335345219e-39 1.959432008e-27 0 0 1.140837173e-09 0 1088.081746 1.346168408e-19 0 7.059087908e-27 15.50410362 0 0 0 3.539912332e-19 1556.56856 0 3.757959098e-41 1.225640024e-38 0 151.1814765 0 2010.233283 1.728300759e-28 1.57200517e-26 1.122243468e-26 1581.571213 0 0 2068.671327 1447.779165 0 3.474250183e-27 0 3.701256456e-30 1.896866571e-30 1.538168717e-38 0 1.391391788e-23 255.217593 0 0.7977154418 0 0 0 0 0 0 0 0 0 0 0 0 0 0 0 0 0 0 0 0 0 0 0 0 0 0 0 0 0 0 0 0 0 0 0 0 0 0 0 0 0 0 0 0 0 0 0 0 0 0 0 0 0 0 0 0 0 0 0 0 0 0 0 0 0 0 0 0 0 0 0 0 0 0 0 0 0 0 0 0 0 0 0 0 0 0 0 0 0 0 0 
0 0 0 0 0 0 0 0 0 0 0 0 0 0 0 0 0 0 0 0 0 0 0 0 0 0 0 0 0 0 0 0 0 0 0 0 0 0 0 0 0 0 0 0 0 0 0 0 0 0 0 0 0 0 0 0 0 0 0 0 0 0 0 0 0 0 0 0 0 0 0 0 0 0 0 0 0 0 0 0 0 0 0 0 0 0 0 0 0 0 0 0 379.9426141 0 2.215670571e-13 347.7781333 0 6.306486455e-17 3.36629734e-07 125.1348795 2021.315063 1.288667266 0 1997.261929 2046.961217 2109.953818 0 1510.702428 0 0 3.259736168e-17 0 8.154604199e-05 229.2936663 4424.132743 1.976395573e-17 2625.416115 4214.97408 1773.928883 2475.523655 1.684094136e-17 5960.720435 4507.776672 1.095698929e-13 2.559950305e-27 4.034472358e-08 5148.014834 1.292469519 3950.610376 1.97999323e-18 3300.727222 2621.530274 1.804707921e-23 2622.83011 328.9030792 0 9.600143456e-22 0 0.0003046627716 2324.485495 0.0001258437311 1.639537291e-29 0 0 7.13921311e-21 1580.471844 9.878092323e-11 6.502963991e-09 0 0.0004554821513 2220.059097 0 735.9274833 106.2084542 0 1.96708145e-17 279.3198296 3.432552077e-12 56.22888942 0 3.105886782e-33 45.09675479 6.381638175e-26 0 0 0 0 0 0 0 0 0 0 0 0 0 0 0 0 0 0 0 0 0 0 0 0 0 0 0 0 0 0 0 0 0 0 0 0 0 0 0 0 0 0 0 0 0 0 0 0 0 0 0 0 0 0 0 0 0 0 0 0 0 0 0 0 0 0 0 0 0 0 0 0 0 0 0 0 0 0 0 0 0 0 0 0 0 0 0 0 0 0 0 0 0 
0 0 0 0 0 0 0 0 0 0 0 0 0 0 0 0 0 0 0 0 0 0 0 0 0 0 0 0 0 0 0 0 0 0 0 0 0 0 0 0 0 0 0 0 0 0 0 0 0 0 0 0 0 0 0 0 0 0 0 0 0 0 0 0 0 0 0 0 0 0 0 0 0 0 0 0 0 0 0 0 0 0 0 0 0 0 0 0 0 0 0 1.291347226e-18 0 88.81080649 2.188984885e-05 736.9745578 1730.866994 1342.169814 2956.277918 9.021046777e-32 0.0006800351717 1050.279545 1308.179253 8.251798563e-37 4.934693259e-17 0 0 2468.728357 1592.964661 0.001416972637 1.290271639e-36 1725.135916 845.1800499 3.672233865e-26 1618.141936 2584.669576 41.57825956 1.196700362e-15 6833.995282 172.5539502 70.13882108 3423.639388 277.090218 3.645103621e-05 2.528162895e-21 0 3.18051705e-12 3959.636591 2524.636979 2275.875342 0 3666.551088 4663.655923 0 4667.856659 2711.549349 2372.075426 0 0 1.615036949e-18 4680.65461 3.589506322e-06 1078.716161 2088.862179 1362.005626 7.977075684 2.154693712e-18 0 1715.783104 4184.649367 1.145153967e-10 29.37879364 1565.32746 1.363134674e-10 4.186596965e-35 37.76103745 1338.071795 1.332863042e-06 1835.985211 28.79404707 0 0 0 1.075924409e-15 0 1.040854951e-28 0 0 0 0 0 0 0 0 0 0 0 0 0 0 0 0 0 0 0 0 0 0 0 0 0 0 0 0 0 0 0 0 0 0 0 0 0 0 0 0 0 0 0 0 0 0 0 0 0 0 0 0 0 0 0 0 0 0 0 0 0 0 0 0 0 0 0 0 0 0 0 0 0 0 0 0 0 0 0 0 0 0 0 0 0 0 0 0 0 0 
0 0 0 0 0 0 0 0 0 0 0 0 0 0 0 0 0 0 0 0 0 0 0 0 0 0 0 0 0 0 0 0 0 0 0 0 0 0 0 0 0 0 0 0 0 0 0 0 0 0 0 0 0 0 0 0 0 0 0 0 0 0 0 0 0 0 0 0 0 0 0 0 0 0 0 0 0 0 0 0 0 0 0 0 0 0 0 0 0 0 0 4.25074613e-05 159.6182309 140.8017259 1.559695994 854.9832927 797.6821385 357.3551448 1.77696018e-13 823.7376346 1.481268741e-20 0 9.828325532e-35 0 2699.872858 1620.604051 1877.140141 1751.133057 1451.675191 574.1994179 1.993891206e-09 2587.298938 1.209902056e-17 0 2815.862295 3508.025887 2982.853032 0 0.05481655052 0 2071.955744 9482.180264 2872.648935 4003.44027 2865.046071 3.00039008e-32 0 7255.073283 6945.201017 0 4134.700116 1748.034409 7377.899274 6.927072763e-10 466.5416819 1935.424938 2.665404311e-05 0.2244897538 2364.291725 1126.604437 0 2186.000978 2477.014136 5113.322051 3181.913607 1691.826889 2.925988297e-08 603.4402341 1.613345836e-32 2.868831724e-24 2930.151467 2.418913653e-16 1812.835571 970.2540576 1.247470728 774.239951 744.271592 2.543829243e-20 1.339682839 305.2289539 747.1578269 0 0 2.537154698e-13 286.2218744 1.783489603e-18 6.307260802e-16 0 0 0 0 0 0 0 0 0 0 0 0 0 0 0 0 0 0 0 0 0 0 0 0 0 0 0 0 0 0 0 0 0 0 0 0 0 0 0 0 0 0 0 0 0 0 0 0 0 0 0 0 0 0 0 0 0 0 0 0 0 0 0 0 0 0 0 0 0 0 0 0 0 0 0 0 0 0 0 0 0 0 0 0 0 0 0 0 0 
0 0 0 0 0 0 0 0 0 0 0 0 0 0 0 0 0 0 0 0 0 0 0 0 0 0 0 0 0 0 0 0 0 0 0 0 0 0 0 0 0 0 0 0 0 0 0 0 0 0 0 0 0 0 0 0 0 0 0 0 0 0 0 0 0 0 0 0 0 0 0 0 0 0 0 0 0 0 0 0 0 0 0 0 0 0 0 0 3.25909699e-12 0 3.818582547 0 0 1.127159141 504.2948676 304.2016286 1167.136276 0 0 615.8568326 1017.515126 1039.296061 1628.153364 1324.454903 1327.929031 1484.653733 1032.771139 1629.03914 6487.203703 925.6529592 4119.462245 2673.884796 1.376141989e-33 2205.503513 2233.601364 3171.074688 2409.625983 5801.400812 0.01241733487 0.0004167954267 5564.401889 7.871791487e-21 0 2367.319044 1.53216959e-34 0.08532860218 10433.36224 2685.818527 2694.358189 6292.163216 1.102076029e-12 4.654212063e-07 56.27232041 0.2613537148 0 3.6760148 244.7610059 4.73410538e-20 3658.686328 8615.766968 2112.40943 3208.849057 2.537656727e-14 0.2572993196 4531.783216 5.551168079e-15 2810.853945 458.5639212 1304.656137 2.974443089e-06 12.35802114 817.7256427 1.314423928e-15 1271.850826 0 1223.408355 0 486.0236057 0 1.940586911e-24 305.9272822 61.35623571 0 255.8608023 3.177700449e-30 4.711054573e-15 0 0 0 0 0 0 0 0 0 0 0 0 0 0 0 0 0 0 0 0 0 0 0 0 0 0 0 0 0 0 0 0 0 0 0 0 0 0 0 0 0 0 0 0 0 0 0 0 0 0 0 0 0 0 0 0 0 0 0 0 0 0 0 0 0 0 0 0 0 0 0 0 0 0 0 0 0 0 0 0 0 0 0 0 0 0 0 0 0 0 
0 0 0 0 0 0 0 0 0 0 0 0 0 0 0 0 0 0 0 0 0 0 0 0 0 0 0 0 0 0 0 0 0 0 0 0 0 0 0 0 0 0 0 0 0 0 0 0 0 0 0 0 0 0 0 0 0 0 0 0 0 0 0 0 0 0 0 0 0 0 0 0 0 0 0 0 0 0 0 0 0 0 0 0 0 0 0 0 0 1.120246262e-07 20.29608126 4.184191903e-22 177.7001383 0 0 93.75541768 9.620207067e-05 1.538957967e-26 325.1324624 3181.492796 1.852599894e-41 2142.803948 74.52669169 8346.499477 3121.410134 0 7851.543019 2.672224724e-05 1717.651311 1514.214351 6746.843507 5166.010709 5618.965531 1.84826119e-11 1.687605606e-25 5092.725804 1.548210021e-06 3914.104718 3604.53448 0.4347161731 0 15.03395673 2276.755131 2854.57531 9138.426816 634.2248315 2.808697209e-27 773.375778 5.470695186e-24 1971.192208 2.688348862e-26 8915.290986 4287.202308 5231.863747 249.1019031 9300.245315 7.033558786e-21 2.163192136e-12 0.005872743124 4337.938902 957.2331694 3300.48791 9.138187105e-28 1806.968035 1898.90067 4431.38605 8523.12004 2180.532411 6.309918195e-05 1111.561906 2934.783112 3132.495378 2724.023914 441.374985 57.16954207 4.030686558e-19 0.1135307025 897.5903617 659.2661789 640.3438856 0 879.7570419 631.1083125 0.04988945193 419.9321697 744.9568825 2.740369646e-08 0 0 0 0 0 0 0 0 0 0 0 0 0 0 0 0 0 0 0 0 0 0 0 0 0 0 0 0 0 0 0 0 0 0 0 0 0 0 0 0 0 0 0 0 0 0 0 0 0 0 0 0 0 0 0 0 0 0 0 0 0 0 0 0 0 0 0 0 0 0 0 0 0 0 0 0 0 0 0 0 0 0 0 0 0 0 0 0 0 
0 0 0 0 0 0 0 0 0 0 0 0 0 0 0 0 0 0 0 0 0 0 0 0 0 0 0 0 0 0 0 0 0 0 0 0 0 0 0 0 0 0 0 0 0 0 0 0 0 0 0 0 0 0 0 0 0 0 0 0 0 0 0 0 0 0 0 0 0 0 0 0 0 0 0 0 0 0 0 0 0 0 0 0 0 0 0 0 0 0 0 0.0001108730335 413.5949102 0.232009886 835.8547802 8.207048189e-31 887.3651357 1041.679028 1.454012292e-05 854.0214165 2051.317023 3518.507702 1056.815087 4564.404675 2109.564967 1.090170957e-12 1517.740331 1557.09599 6.540184105e-19 521.5250566 5059.952424 3036.349031 11546.26697 6778.688099 0.005328233766 205.5493452 6404.137855 2363.140297 1.311883671e-10 6111.129644 4746.671414 4320.687202 0 9000.050909 8421.538963 8952.229644 3012.081849 3689.784395 3466.928318 8983.781095 867.5910822 4174.083759 3.820408863e-09 7.781647428e-17 2714.320925 2740.317021 7970.852794 3549.148654 3723.981179 1430.642796 6345.667277 2514.172905 2050.463129 7916.061124 7146.77515 5373.781653 1838.201795 2.069249737e-20 1784.142398 4563.390665 2705.19539 2786.713033 754.0835054 810.5865818 1445.073443 0.000841878132 1568.435896 0 459.6324887 913.0814105 98.83092188 3.513614228e-17 1.594994275e-11 703.3787249 300.0713047 0 0 0 0 0 0 0 0 0 0 0 0 0 0 0 0 0 0 0 0 0 0 0 0 0 0 0 0 0 0 0 0 0 0 0 0 0 0 0 0 0 0 0 0 0 0 0 0 0 0 0 0 0 0 0 0 0 0 0 0 0 0 0 0 0 0 0 0 0 0 0 0 0 0 0 0 0 0 0 0 0 0 0 0 0 0 0 0 0 0 0 
0 0 0 0 0 0 0 0 0 0 0 0 0 0 0 0 0 0 0 0 0 0 0 0 0 0 0 0 0 0 0 0 0 0 0 0 0 0 0 0 0 0 0 0 0 0 0 0 0 0 0 0 0 0 0 0 0 0 0 0 0 0 0 0 0 0 0 0 0 0 0 0 0 0 0 0 0 0 0 0 0 0 0 0 0 0 0 0 0 2.790071904e-10 0 0 0 41.20025255 1379.643387 1635.77674 21.85533626 560.9317585 6.730278428e-11 2916.37682 1982.353199 5111.734455 0 1161.895386 4460.324551 2225.50169 1158.894014 1664.743111 1722.43317 2020.605494 3411.713873 4039.01103 1599.215842 3.24667497 3308.872611 2074.072287 28.34178411 6214.351767 2.218457826e-11 2371.544749 0 7771.896352 2260.066506 4347.73555 5759.258765 4061.926045 14895.93839 5551.377812 3924.947066 6220.99084 94.23015639 4822.096632 1.361166882e-06 10049.63123 10139.93364 3233.59493 7878.623631 4476.183565 0.03561198197 7769.476522 0 4282.965945 9.675722801e-10 2464.969736 1.370523528e-19 7488.377221 5215.234549 4355.347179 2608.671641 1559.865554 1.311112634e-19 0.001663400138 0 1.008726941e-27 2042.140715 5.660746962e-21 428.9799614 1360.25397 472.615205 852.5599629 506.0787568 19.09400514 3.082336869e-06 39.81428301 602.8914695 0 6.208040612 0 0 0 0 0 0 0 0 0 0 0 0 0 0 0 0 0 0 0 0 0 0 0 0 0 0 0 0 0 0 0 0 0 0 0 0 0 0 0 0 0 0 0 0 0 0 0 0 0 0 0 0 0 0 0 0 0 0 0 0 0 0 0 0 0 0 0 0 0 0 0 0 0 0 0 0 0 0 0 0 0 0 0 0 0 0 0 0 0 
0 0 0 0 0 0 0 0 0 0 0 0 0 0 0 0 0 0 0 0 0 0 0 0 0 0 0 0 0 0 0 0 0 0 0 0 0 0 0 0 0 0 0 0 0 0 0 0 0 0 0 0 0 0 0 0 0 0 0 0 0 0 0 0 0 0 0 0 0 0 0 0 0 0 0 0 0 0 0 0 0 0 0 0 0 0 0 0 0 3.446182826 69.16675262 947.2694852 0.0002167710007 6.667377268 640.6544462 2181.2142 13.86642743 1233.315783 291.394229 2436.89909 4.528599404e-18 1240.180081 3.64114456 3356.84708 2.858047385e-20 1368.022205 0.9141594973 4.172512224 0 5549.429141 1.133979687 2695.280879 1.658635131e-08 1847.527541 1550.090306 8199.808272 0.1232969846 3027.035037 7655.676802 15971.42989 6666.873921 5009.866935 9222.585674 3701.863414 0.008044784499 5311.836822 10999.40981 0.002971263933 9425.874305 12989.19186 4357.187569 5322.732885 4.296166453e-06 5216.044413 4104.031095 3599.969365 3.780585441e-10 5118.465221 4444.312767 10656.90106 1570.683804 3087.365826 10923.10863 2990.840761 3015.939793 6629.484643 4793.273319 0 700.3638339 1751.084576 2077.183707 3.53129989e-19 93.00900359 1679.854095 3979.017363 1278.52682 5.898698257 528.0756307 896.9448371 0.000362274171 536.8095234 1047.644757 308.1590568 97.75977255 665.257978 0 0 0 0 0 0 0 0 0 0 0 0 0 0 0 0 0 0 0 0 0 0 0 0 0 0 0 0 0 0 0 0 0 0 0 0 0 0 0 0 0 0 0 0 0 0 0 0 0 0 0 0 0 0 0 0 0 0 0 0 0 0 0 0 0 0 0 0 0 0 0 0 0 0 0 0 0 0 0 0 0 0 0 0 0 0 0 0 0 0 0 
0 0 0 0 0 0 0 0 0 0 0 0 0 0 0 0 0 0 0 0 0 0 0 0 0 0 0 0 0 0 0 0 0 0 0 0 0 0 0 0 0 0 0 0 0 0 0 0 0 0 0 0 0 0 0 0 0 0 0 0 0 0 0 0 0 0 0 0 0 0 0 0 0 0 0 0 0 0 0 0 0 0 0 0 0 0 0 0 0 0 531.6085001 186.466113 0 431.9838628 144.2613096 1.713448925e-10 1077.303826 802.5457238 5.980167437e-11 3018.648953 2.414779343e-08 2050.04137 1494.652179 4378.823701 1229.658143 1925.756142 5016.909403 767.2029771 4169.350129 8879.578741 5186.135053 2827.243527 2.912410981e-20 3072.402357 17617.9392 4832.505193 0 3450.758654 4509.416038 9977.680485 1.035074881e-10 3826.091318 1.017760093 7194.695285 5448.901553 4154.455403 1761.928499 14614.69519 99.80004712 6759.108555 4493.385723 10715.65676 10789.08828 6830.948411 2325.774855 3379.806183 3460.234892 4634.619511 11264.99435 9245.849466 3913.316359 18468.72005 6130.785278 2602.974664 2956.253757 5564.792004 8.381666867e-07 1930.566816 6399.762306 2175.568219 2246.91299 4596.690071 3700.404598 2081.046815 5997.884951 516.6489694 448.5235084 1622.765483 2008.29306 5.195180164e-10 491.1563495 9.097832066e-22 503.9130748 481.0626503 335.8207289 0 0 17.48984407 0 0 0 0 0 0 0 0 0 0 0 0 0 0 0 0 0 0 0 0 0 0 0 0 0 0 0 0 0 0 0 0 0 0 0 0 0 0 0 0 0 0 0 0 0 0 0 0 0 0 0 0 0 0 0 0 0 0 0 0 0 0 0 0 0 0 0 0 0 0 0 0 0 0 0 0 0 0 0 0 0 0 0 0 0 0 0 0 
0 0 0 0 0 0 0 0 0 0 0 0 0 0 0 0 0 0 0 0 0 0 0 0 0 0 0 0 0 0 0 0 0 0 0 0 0 0 0 0 0 0 0 0 0 0 0 0 0 0 0 0 0 0 0 0 0 0 0 0 0 0 0 0 0 0 0 0 0 0 0 0 0 0 0 0 0 0 0 0 0 0 0 0 0 0 0 5.11664381e-15 49.52506373 0 154.7130803 269.2687002 721.2426077 0 1505.247092 987.1557281 568.7022534 2510.848947 4153.593654 5805.020919 2949.258781 79.61727069 2703.953732 1313.469838 5131.185057 5177.817784 6275.531682 5042.529559 9823.384555 7191.370263 327.3976702 5183.352453 3413.432411 6210.836003 8113.428686 6315.039773 12048.33513 5556.24942 1427.284603 11119.04768 13287.5216 4736.682501 8154.125854 16123.5826 0.004749097469 0 7321.315459 5019.2088 8552.044734 6209.41106 1418.927185 13208.79283 7729.883644 35846.84608 14357.99421 5799.747834 0 5839.941553 2382.43627 0.009230714723 5795.212077 8824.607117 7525.622988 4735.167307 10958.41633 0.03733459531 3844.843422 1937.541602 3627.718482 5333.357116 4498.843615 974.2710832 16.20425004 1922.328698 1.530440292e-06 3070.46528 0.001980105343 1016.991778 4147.403794 2302.94838 601.7321068 186.3460794 471.4119325 394.2924921 0 0.0001001032415 0 9.366616461e-15 18.10325035 0 0 0 0 0 0 0 0 0 0 0 0 0 0 0 0 0 0 0 0 0 0 0 0 0 0 0 0 0 0 0 0 0 0 0 0 0 0 0 0 0 0 0 0 0 0 0 0 0 0 0 0 0 0 0 0 0 0 0 0 0 0 0 0 0 0 0 0 0 0 0 0 0 0 0 0 0 0 0 0 0 0 0 0 0 0 0 
0 0 0 0 0 0 0 0 0 0 0 0 0 0 0 0 0 0 0 0 0 0 0 0 0 0 0 0 0 0 0 0 0 0 0 0 0 0 0 0 0 0 0 0 0 0 0 0 0 0 0 0 0 0 0 0 0 0 0 0 0 0 0 0 0 0 0 0 0 0 0 0 0 0 0 0 0 0 0 0 0 0 0 0 0 0 0 0 0 239.697123 60.92207889 0 8.842300014e-12 14.67145553 363.700687 0.602298131 442.6935586 955.3290642 1287.467592 2020.689364 381.6718672 1211.793034 1067.508749 1709.075381 5217.48631 7322.190536 2077.196482 4921.563349 0 7941.549837 2593.922378 4143.021068 5666.423524 2945.758092 11.17110856 7506.797571 4787.151446 10810.53861 4.616448667e-07 3907.873778 4046.583132 4065.386014 15026.51029 12686.31085 10.98270882 0 11500.33199 0 6206.145238 5098.520642 4902.08728 4003.943052 3842.519318 0.03164542025 0 11096.9082 4307.431629 0 3658.614113 6989.478445 2744.10574 2915.689648 2140.199595 151.0080488 9993.476561 2526.772308 6747.497994 2145.409768 1127.838764 1792.820841 2010.656519 3363.743567 4790.468043 2739.711915 1412.717106 3.782532479e-09 2925.622332 2048.09773 3392.737155 2930.871076 55.17081261 2277.01887 1150.504495 512.8981655 553.9377943 86.90024551 0 0 0 0 0 0 0 0 0 0 0 0 0 0 0 0 0 0 0 0 0 0 0 0 0 0 0 0 0 0 0 0 0 0 0 0 0 0 0 0 0 0 0 0 0 0 0 0 0 0 0 0 0 0 0 0 0 0 0 0 0 0 0 0 0 0 0 0 0 0 0 0 0 0 0 0 0 0 0 0 0 0 0 0 0 0 0 0 0 0 
0 0 0 0 0 0 0 0 0 0 0 0 0 0 0 0 0 0 0 0 0 0 0 0 0 0 0 0 0 0 0 0 0 0 0 0 0 0 0 0 0 0 0 0 0 0 0 0 0 0 0 0 0 0 0 0 0 0 0 0 0 0 0 0 0 0 0 0 0 0 0 0 0 0 0 0 0 0 0 0 0 0 0 0 0 0 0 0 0 0.02363753382 339.9507245 507.3764754 1134.24032 966.4489848 300.1445242 802.0801099 1920.780739 674.1509188 3504.201001 1020.954585 1398.479933 2889.592823 1.557367276e-08 3525.069848 1469.160353 1078.119303 2035.212619 8053.826875 11071.53843 3280.052892 13285.15304 5688.388423 0.02708704567 9383.176001 2791.650789 2139.947796 9271.824343 10349.17879 13690.27485 8199.530799 17540.60158 5165.611308 5100.201813 5402.915085 7001.470308 14287.74157 257.4873297 5318.644243 1619.011748 7496.141315 69.90520966 6151.325026 14878.12843 0 2434.451606 7197.367442 2288.658173 0.0001087011355 1818.59177 7040.466521 3574.471907 9043.986236 1413.248526 7749.229827 3403.764007 1224.980884 10098.71219 7153.81778 989.533628 2520.393621 4694.829805 1328.325625 6201.749091 2707.810913 4810.308843 2664.049331 1795.18579 1235.586753 434.9899252 0.01504740309 900.911037 893.7096804 0 0.3732483626 7.750490953 0 0 0 0 0 0 0 0 0 0 0 0 0 0 0 0 0 0 0 0 0 0 0 0 0 0 0 0 0 0 0 0 0 0 0 0 0 0 0 0 0 0 0 0 0 0 0 0 0 0 0 0 0 0 0 0 0 0 0 0 0 0 0 0 0 0 0 0 0 0 0 0 0 0 0 0 0 0 0 0 0 0 0 0 0 0 0 0 0 0 0 
0 0 0 0 0 0 0 0 0 0 0 0 0 0 0 0 0 0 0 0 0 0 0 0 0 0 0 0 0 0 0 0 0 0 0 0 0 0 0 0 0 0 0 0 0 0 0 0 0 0 0 0 0 0 0 0 0 0 0 0 0 0 0 0 0 0 0 0 0 0 0 0 0 0 0 0 0 0 0 0 0 0 0 0 0 0 0 0 0 418.5559922 52.88224199 0 0 440.4748234 0 0 667.7343775 723.7116079 1204.015496 2876.22736 4401.718381 1.122147911 1110.059853 1379.074618 2833.850956 1815.231467 7192.065796 3257.243234 7884.002524 3904.204044 7096.895989 9040.524063 9823.677012 6494.343001 3876.321086 1.016859755e-12 8069.31079 11692.25302 2961.948548 7051.726311 6429.344506 10237.41956 11725.39065 11681.03629 14056.13843 3881.29607 2886.204001 6795.984059 6493.251674 0 8650.065075 8689.87334 10842.72094 5541.523251 25480.43589 5574.361615 7491.128733 2276.048915 11459.70177 3254.467863 5223.498087 3272.467044 5759.92552 5101.260076 600.7988105 2986.661222 11612.72713 6458.927777 6117.01281 414.0343225 27.36538436 1824.905879 0 2342.166157 1932.452011 0 3.265280377e-07 58.79402703 266.7215614 636.1166753 659.9305408 3.283664486e-05 1014.170797 2680.588745 0 4.732295246e-10 0 407.24797 0 0 0 0 0 0 0 0 0 0 0 0 0 0 0 0 0 0 0 0 0 0 0 0 0 0 0 0 0 0 0 0 0 0 0 0 0 0 0 0 0 0 0 0 0 0 0 0 0 0 0 0 0 0 0 0 0 0 0 0 0 0 0 0 0 0 0 0 0 0 0 0 0 0 0 0 0 0 0 0 0 0 0 0 0 0 0 0 
0 0 0 0 0 0 0 0 0 0 0 0 0 0 0 0 0 0 0 0 0 0 0 0 0 0 0 0 0 0 0 0 0 0 0 0 0 0 0 0 0 0 0 0 0 0 0 0 0 0 0 0 0 0 0 0 0 0 0 0 0 0 0 0 0 0 0 0 0 0 0 0 0 0 0 0 0 0 0 0 0 0 0 0 0 0 0 0 0 0 0 143.5073326 0 84.39918082 1387.197111 116.161609 1331.331051 1224.933333 697.4015162 408.6584036 1154.269227 946.2008569 1180.493015 0 5341.736256 4221.136299 9882.153574 5460.885228 3297.467665 11666.85903 0.000161551568 6233.604011 15348.06122 4071.494411 1050.868529 10764.83352 19697.96917 203.3278048 14432.94187 14974.84712 0 31429.61591 6670.247525 6256.512179 18824.95499 20278.45206 21728.83103 26954.06142 4828.868486 6188.06879 9222.188111 12580.3828 17817.9701 6598.580689 10428.56769 2330.990776 12517.17812 11957.61313 5749.966664 9165.217524 9999.364875 15152.61399 3493.16952 2634.899867 12301.17556 0.03418220976 2102.236647 4894.230233 1477.296959 5960.115974 7535.150541 2627.917988 0.05705138887 920.3319558 939.2291268 516.4016716 4015.183943 1025.774482 3206.90403 659.0182023 0 4559.667599 1661.315696 371.9598144 0 95.83868455 167.7685581 0 0 0 0 0 0 0 0 0 0 0 0 0 0 0 0 0 0 0 0 0 0 0 0 0 0 0 0 0 0 0 0 0 0 0 0 0 0 0 0 0 0 0 0 0 0 0 0 0 0 0 0 0 0 0 0 0 0 0 0 0 0 0 0 0 0 0 0 0 0 0 0 0 0 0 0 0 0 0 0 0 0 0 0 0 0 0 0 0 
0 0 0 0 0 0 0 0 0 0 0 0 0 0 0 0 0 0 0 0 0 0 0 0 0 0 0 0 0 0 0 0 0 0 0 0 0 0 0 0 0 0 0 0 0 0 0 0 0 0 0 0 0 0 0 0 0 0 0 0 0 0 0 0 0 0 0 0 0 0 0 0 0 0 0 0 0 0 0 0 0 0 0 0 0 0 0 0 0 195.4751055 449.7728595 952.5284245 13.56689421 1936.157358 1586.056221 1532.017548 803.3282768 1998.180918 548.0131055 0 3317.781857 1890.078151 0 8864.135651 4269.089562 5573.405816 1323.451014 14239.21782 9556.307595 1398.539812 6519.892416 8851.672465 2603.176303 11064.46794 8657.014005 15690.44265 0 0 6069.918119 4510.797246 25116.94271 16165.2597 2980.15926 6464.643339 10946.80719 4874.263855 12527.59678 30454.35176 10464.09662 36048.38279 4732.795282 18114.55887 0 3998.154224 135.6598321 12025.79498 7438.747839 4718.087725 0.0002389476225 0 2051.076604 4994.33881 8428.018877 10088.50794 4347.066861 2132.230133 12046.08844 14609.60707 7655.008921 6961.666322 3541.640324 1512.904648 2971.568508 4093.101977 5433.266424 2307.342801 384.6825948 3044.039087 3512.88529 1269.883353 2180.883761 1017.316968 224.2247977 0 0 540.2999491 79.14437419 0 0 0 0 0 0 0 0 0 0 0 0 0 0 0 0 0 0 0 0 0 0 0 0 0 0 0 0 0 0 0 0 0 0 0 0 0 0 0 0 0 0 0 0 0 0 0 0 0 0 0 0 0 0 0 0 0 0 0 0 0 0 0 0 0 0 0 0 0 0 0 0 0 0 0 0 0 0 0 0 0 0 0 0 0 0 0 0 0 
0 0 0 0 0 0 0 0 0 0 0 0 0 0 0 0 0 0 0 0 0 0 0 0 0 0 0 0 0 0 0 0 0 0 0 0 0 0 0 0 0 0 0 0 0 0 0 0 0 0 0 0 0 0 0 0 0 0 0 0 0 0 0 0 0 0 0 0 0 0 0 0 0 0 0 0 0 0 0 0 0 0 0 0 0 0 0 0 0 119.8235108 199.2833395 573.0441047 845.1443621 989.5848637 926.6382844 1572.267142 1211.444762 2272.374564 3503.391842 5442.131541 2764.487489 4331.58818 12933.99992 7355.532596 7513.055286 2823.987506 0.0004741759289 10135.90013 8299.376346 18037.66503 13854.56048 6410.358657 13305.64477 3015.603972 10432.74339 12803.08701 3424.011749 17588.47381 22095.26534 18470.74612 18784.92735 686.0394192 16673.10383 14141.69328 20587.51708 0.4322019375 4904.614712 17487.89161 11562.52215 12755.36071 13380.06705 16272.01713 11937.19741 3802.540629 10037.21387 32850.06595 20578.13567 22737.58812 8370.724906 17794.81918 22460.14941 15529.94899 8042.102902 7299.699144 9682.031852 7497.323134 0.0001058396907 2120.030393 5416.133531 10323.65455 9496.110489 3935.333718 5490.036668 7347.920136 8877.760333 5623.460996 502.6848601 862.0668105 3454.384044 2034.317554 2818.804227 208.7458541 1661.538275 776.566332 0 150.4634787 0 0 0 0 0 0 0 0 0 0 0 0 0 0 0 0 0 0 0 0 0 0 0 0 0 0 0 0 0 0 0 0 0 0 0 0 0 0 0 0 0 0 0 0 0 0 0 0 0 0 0 0 0 0 0 0 0 0 0 0 0 0 0 0 0 0 0 0 0 0 0 0 0 0 0 0 0 0 0 0 0 0 0 0 0 0 0 0 0 0 
0 0 0 0 0 0 0 0 0 0 0 0 0 0 0 0 0 0 0 0 0 0 0 0 0 0 0 0 0 0 0 0 0 0 0 0 0 0 0 0 0 0 0 0 0 0 0 0 0 0 0 0 0 0 0 0 0 0 0 0 0 0 0 0 0 0 0 0 0 0 0 0 0 0 0 0 0 0 0 0 0 0 0 0 0 0 0 0 0 84.18320708 129.0448075 0 2200.775156 643.5552594 366.7622716 1094.798546 3418.10672 165.9306174 3875.585543 805.6761293 3870.120484 2201.767278 849.8904946 1583.053242 13477.7574 11383.73147 8021.59017 7970.578076 11464.03453 17154.42717 4343.18671 7703.482418 8633.468044 24264.73891 12494.52708 18386.66039 14423.92384 14582.2515 17706.48346 9938.485934 32973.50046 12839.15806 5376.242285 40821.7591 4.045045384 12060.12825 17070.20832 17050.14604 12703.15201 26318.54355 21849.99123 14709.49637 28288.80047 8969.791856 31813.41919 10372.7021 24217.11407 16456.89434 26087.27298 12058.60657 3396.441189 20693.54689 4951.881162 2023.669994 9855.485206 9671.144978 4027.305287 0 1968.169916 3282.899584 3487.006037 5700.405524 6784.881192 0 5546.117615 7986.297969 889.3012761 5667.356263 1525.344574 3211.080081 3967.71274 876.138219 1157.764975 578.3552221 0 248.0388048 0 166.0869257 75.11104096 0 0 0 0 0 0 0 0 0 0 0 0 0 0 0 0 0 0 0 0 0 0 0 0 0 0 0 0 0 0 0 0 0 0 0 0 0 0 0 0 0 0 0 0 0 0 0 0 0 0 0 0 0 0 0 0 0 0 0 0 0 0 0 0 0 0 0 0 0 0 0 0 0 0 0 0 0 0 0 0 0 0 0 0 0 0 0 
0 0 0 0 0 0 0 0 0 0 0 0 0 0 0 0 0 0 0 0 0 0 0 0 0 0 0 0 0 0 0 0 0 0 0 0 0 0 0 0 0 0 0 0 0 0 0 0 0 0 0 0 0 0 0 0 0 0 0 0 0 0 0 0 0 0 0 0 0 0 0 0 0 0 0 0 0 0 0 0 0 0 0 0 0 0 0 0 0 0 715.4714642 350.380777 0 2045.805866 2669.779803 562.6791305 2541.883249 804.5759341 329.777537 1965.560705 4180.343306 11749.21043 3025.714245 4781.933828 0 13712.76056 12379.15594 8304.144192 15831.58394 13197.50485 13396.42303 9802.918878 24431.54724 163.2637698 18809.8393 11082.21559 14419.58279 22584.7166 20562.14341 0 10413.98788 5526.459835 47711.04626 35719.25951 6409.403338 30072.57394 53910.82085 27566.16833 30494.25122 22634.3677 17143.28588 17049.79713 22480.65814 16805.44048 19428.20997 33670.76998 12430.35525 26875.10728 16534.63181 9851.445863 25089.89144 14357.65718 22630.5303 13255.46505 10917.43412 6453.709367 10046.05452 4564.970654 11654.98722 0 6963.826311 8389.272545 8855.876489 3429.833078 4536.093215 3807.614752 5048.665354 5796.537854 1760.78795 1460.252549 4636.290704 1324.017688 1847.144244 0 283.7801815 0 0.06111700442 0 56.25409992 0 0 0 0 0 0 0 0 0 0 0 0 0 0 0 0 0 0 0 0 0 0 0 0 0 0 0 0 0 0 0 0 0 0 0 0 0 0 0 0 0 0 0 0 0 0 0 0 0 0 0 0 0 0 0 0 0 0 0 0 0 0 0 0 0 0 0 0 0 0 0 0 0 0 0 0 0 0 0 0 0 0 0 0 0 0 0 
0 0 0 0 0 0 0 0 0 0 0 0 0 0 0 0 0 0 0 0 0 0 0 0 0 0 0 0 0 0 0 0 0 0 0 0 0 0 0 0 0 0 0 0 0 0 0 0 0 0 0 0 0 0 0 0 0 0 0 0 0 0 0 0 0 0 0 0 0 0 0 0 0 0 0 0 0 0 0 0 0 0 0 0 0 0 0 0 113.5843354 168.3731222 686.6520914 548.3429019 504.821044 1479.773926 778.5779154 935.1176837 5168.917078 1057.659123 0 2697.258784 10648.47139 7342.220057 10059.05231 10238.21587 11006.8638 14289.7392 18875.94928 10826.37973 11139.86538 723.3294138 0 9512.231389 21873.49006 28473.8166 13756.93524 18520.12832 22488.15721 3663.127687 29783.86225 22458.66852 30725.48715 5904.491005 25908.96674 21573.34982 4240.202713 50200.08429 24900.2899 30598.39773 14821.00071 23054.75862 37451.26179 27584.17159 40004.01524 6989.041694 23350.17861 15246.3103 23830.64892 10029.66457 10951.24929 31100.84935 19434.68857 18805.12588 22647.15289 15793.02595 21707.01881 1692.383895 8443.149203 12546.62788 18072.0637 14924.50964 12314.66334 4574.055664 2583.011748 5668.782643 6799.380303 4380.151868 6834.759135 2290.056583 3497.951361 1943.924707 2619.001012 0 1411.590535 1037.031914 505.4298544 1170.067702 0 193.3112261 0 0 0 0 0 0 0 0 0 0 0 0 0 0 0 0 0 0 0 0 0 0 0 0 0 0 0 0 0 0 0 0 0 0 0 0 0 0 0 0 0 0 0 0 0 0 0 0 0 0 0 0 0 0 0 0 0 0 0 0 0 0 0 0 0 0 0 0 0 0 0 0 0 0 0 0 0 0 0 0 0 0 0 0 0 0 0 0 
0 0 0 0 0 0 0 0 0 0 0 0 0 0 0 0 0 0 0 0 0 0 0 0 0 0 0 0 0 0 0 0 0 0 0 0 0 0 0 0 0 0 0 0 0 0 0 0 0 0 0 0 0 0 0 0 0 0 0 0 0 0 0 0 0 0 0 0 0 0 0 0 0 0 0 0 0 0 0 0 0 0 0 0 0 0 0 0 210.0153068 0 1251.461137 227.8612725 1440.053762 964.9672614 3619.655176 1950.702225 4312.714675 436.6361695 5853.924639 4639.250118 7824.194615 7462.337488 0 6035.137744 13816.11185 4945.894156 16553.07614 24921.48148 25702.96282 5272.967492 3314.618938 7137.831565 7263.86799 7889.138031 14345.24097 17342.64295 21219.41527 25083.02902 18451.97702 12079.11706 26544.57934 21465.60468 21534.24015 41531.99665 11907.7489 30715.75201 36810.42668 11470.49039 24546.59365 29458.12933 35886.98277 16814.14024 35075.61257 19388.67184 29889.9777 10144.59205 32458.91819 5816.446568 9837.160269 31357.22955 11343.85359 18221.09945 7693.03501 8508.154399 7868.164508 0 24496.61752 11551.21583 4770.96096 2661.102702 3830.802549 7850.459958 10535.75209 11718.03546 5795.357789 999.9279131 11314.60957 2601.332175 4082.269403 4424.135729 3578.151756 1801.979343 1792.793846 1063.983182 177.4258122 541.4306526 1375.177487 115.2866946 0 0 0 0 0 0 0 0 0 0 0 0 0 0 0 0 0 0 0 0 0 0 0 0 0 0 0 0 0 0 0 0 0 0 0 0 0 0 0 0 0 0 0 0 0 0 0 0 0 0 0 0 0 0 0 0 0 0 0 0 0 0 0 0 0 0 0 0 0 0 0 0 0 0 0 0 0 0 0 0 0 0 0 0 0 0 0 0 
0 0 0 0 0 0 0 0 0 0 0 0 0 0 0 0 0 0 0 0 0 0 0 0 0 0 0 0 0 0 0 0 0 0 0 0 0 0 0 0 0 0 0 0 0 0 0 0 0 0 0 0 0 0 0 0 0 0 0 0 0 0 0 0 0 0 0 0 0 0 0 0 0 0 0 0 0 0 0 0 0 0 0 0 0 0 0 0 0 163.5460921 704.6068627 668.8731261 1428.523403 504.7520147 2364.426077 1816.732846 2183.590385 1492.440522 3417.029021 6344.881076 5847.950378 2493.049186 8820.392303 6855.569009 16007.22816 25082.68556 12154.76042 10330.69317 16645.84768 10857.58833 2459.117409 18579.01629 15035.50047 6657.390039 25908.67591 19326.81115 37665.8237 3212.449128 26151.60566 18361.30026 20193.05815 26055.43397 3789.206719 51073.71508 13818.5618 19651.82999 29378.74037 47034.16048 35466.39335 36525.25491 26144.71163 19192.20248 23218.55968 29052.19405 27334.9741 25602.16392 33600.48724 49528.56838 31028.42125 10236.22081 22079.11889 9653.643607 7756.852291 4009.344397 12516.05762 28133.99007 15904.83105 15953.4351 13913.42843 8685.340474 15175.5924 14407.86719 9513.912831 10745.61254 7678.051804 10283.68956 7858.203066 3034.152615 3846.680295 4903.27832 2688.805385 5125.798851 1715.810781 1945.242916 0 311.8174111 0 0 30.85594637 0 0 0 0 0 0 0 0 0 0 0 0 0 0 0 0 0 0 0 0 0 0 0 0 0 0 0 0 0 0 0 0 0 0 0 0 0 0 0 0 0 0 0 0 0 0 0 0 0 0 0 0 0 0 0 0 0 0 0 0 0 0 0 0 0 0 0 0 0 0 0 0 0 0 0 0 0 0 0 0 0 0 0 0 0 0 0 
0 0 0 0 0 0 0 0 0 0 0 0 0 0 0 0 0 0 0 0 0 0 0 0 0 0 0 0 0 0 0 0 0 0 0 0 0 0 0 0 0 0 0 0 0 0 0 0 0 0 0 0 0 0 0 0 0 0 0 0 0 0 0 0 0 0 0 0 0 0 0 0 0 0 0 0 0 0 0 0 0 0 0 0 0 0 0 0 49.77792697 142.8385584 833.0831175 0 105.2302316 895.2489221 428.6088864 59.75374735 1673.359938 2968.186443 4497.532236 9001.257717 1390.045099 4558.683799 6517.280368 8237.848388 15062.52445 15541.31441 6457.07317 18712.81296 8357.552275 6930.291167 11781.79526 15907.57068 6516.360272 11101.53176 12515.39737 19429.73215 20511.57033 26640.37709 27552.16818 11666.96504 25083.03483 23407.19544 24024.70958 41707.8739 10975.02776 41824.4062 12570.80408 25018.76777 19763.17435 18652.2795 44343.39216 31715.62963 26771.46696 21337.92972 25932.34974 18565.72673 40111.63398 13643.76361 9198.634462 25534.69163 26409.87046 19111.74675 10632.21929 21700.17276 21886.49059 7446.53769 23149.0487 12900.28788 0 22317.31496 8170.919886 11844.99265 6847.340422 1118.843983 3777.308872 4330.198264 2020.186871 3833.855221 264.7274873 185.5850988 177.282303 390.2805999 1747.712824 678.7369315 0 634.6656451 313.0340217 0 0 0 0 0 0 0 0 0 0 0 0 0 0 0 0 0 0 0 0 0 0 0 0 0 0 0 0 0 0 0 0 0 0 0 0 0 0 0 0 0 0 0 0 0 0 0 0 0 0 0 0 0 0 0 0 0 0 0 0 0 0 0 0 0 0 0 0 0 0 0 0 0 0 0 0 0 0 0 0 0 0 0 0 0 0 0 0 0 
0 0 0 0 0 0 0 0 0 0 0 0 0 0 0 0 0 0 0 0 0 0 0 0 0 0 0 0 0 0 0 0 0 0 0 0 0 0 0 0 0 0 0 0 0 0 0 0 0 0 0 0 0 0 0 0 0 0 0 0 0 0 0 0 0 0 0 0 0 0 0 0 0 0 0 0 0 0 0 0 0 0 0 0 0 0 0 0 0 32.73002195 305.2553431 1093.85518 111.4019923 1618.263617 2102.500691 4994.1019 2455.399868 921.7409949 7159.79039 5221.449196 3598.460493 3615.922208 4087.509792 5994.978395 4644.196329 7359.823056 11732.2869 10990.67 6789.782444 3483.738175 6655.642471 15182.57132 16702.13889 6858.451052 35429.42115 9689.646321 20186.26924 3134.625605 7590.24724 11943.35383 28449.33966 11622.25956 17845.24916 12084.35117 5584.508841 41642.73191 28954.84419 31204.40738 8176.373257 17398.69697 10954.83556 7714.088052 27980.42816 17931.71451 20989.88119 25881.01879 35764.38487 0 14362.75234 29614.62424 13986.89357 18112.12859 0 5252.078796 2720.588294 11697.6926 12092.10071 6822.527658 6066.147279 11804.68027 6320.085541 8259.48767 2976.732301 2796.991629 7223.854156 9757.091485 3368.051638 2420.999465 6118.175089 7928.832037 265.3982044 1800.831743 807.7803653 548.54405 19.29656084 331.9861581 56.70347033 73.46622232 0 0 0 0 0 0 0 0 0 0 0 0 0 0 0 0 0 0 0 0 0 0 0 0 0 0 0 0 0 0 0 0 0 0 0 0 0 0 0 0 0 0 0 0 0 0 0 0 0 0 0 0 0 0 0 0 0 0 0 0 0 0 0 0 0 0 0 0 0 0 0 0 0 0 0 0 0 0 0 0 0 0 0 0 0 0 0 0 
0 0 0 0 0 0 0 0 0 0 0 0 0 0 0 0 0 0 0 0 0 0 0 0 0 0 0 0 0 0 0 0 0 0 0 0 0 0 0 0 0 0 0 0 0 0 0 0 0 0 0 0 0 0 0 0 0 0 0 0 0 0 0 0 0 0 0 0 0 0 0 0 0 0 0 0 0 0 0 0 0 0 0 0 0 0 0 0 0 509.8140616 0 0 619.5967725 85.3971398 1735.192533 668.3647125 1177.020124 0 0 1741.008057 2338.668623 5252.140256 9405.945488 8486.33361 8633.042842 3662.238671 4409.351897 8175.839978 16044.38281 22599.17934 20080.23805 13280.77302 3637.672793 18605.94855 22485.74673 24362.83454 9302.854721 16282.04815 23334.49886 5106.176764 12476.74484 29275.85516 5895.49894 20583.32169 35939.33706 43539.16973 14639.24859 24721.45737 29103.94944 29668.95609 19712.3581 27576.78908 12140.72269 7092.572807 10101.37278 29810.42544 10130.76381 18468.26987 13071.13247 21419.21826 11940.11883 14824.33768 5541.774705 0 4184.64731 4497.094734 7251.82661 3544.08192 28080.69904 0 7459.615798 5856.172049 4032.888987 8363.951182 2252.952407 6509.704677 4454.848949 1551.845307 346.554881 4770.032336 2025.91001 837.0313679 2347.938213 0 581.0897522 563.0449644 185.9188787 0 3.064936271 0 0 0 0 0 0 0 0 0 0 0 0 0 0 0 0 0 0 0 0 0 0 0 0 0 0 0 0 0 0 0 0 0 0 0 0 0 0 0 0 0 0 0 0 0 0 0 0 0 0 0 0 0 0 0 0 0 0 0 0 0 0 0 0 0 0 0 0 0 0 0 0 0 0 0 0 0 0 0 0 0 0 0 0 0 0 0 
0 0 0 0 0 0 0 0 0 0 0 0 0 0 0 0 0 0 0 0 0 0 0 0 0 0 0 0 0 0 0 0 0 0 0 0 0 0 0 0 0 0 0 0 0 0 0 0 0 0 0 0 0 0 0 0 0 0 0 0 0 0 0 0 0 0 0 0 0 0 0 0 0 0 0 0 0 0 0 0 0 0 0 0 0 0 0 0 0 0 0 23.97556815 894.3278496 1392.111846 4394.339747 992.9320812 0 2629.141418 2053.077942 1821.5047 3234.114554 6552.927751 3825.167267 6193.718884 9134.244355 1653.912247 7466.017697 7093.672967 10312.09397 6247.80276 22228.96907 8027.843309 15703.9923 22450.03692 10893.03285 15637.03127 36894.02656 15467.71403 25088.76864 18570.31406 20945.80812 0 22216.51539 22080.70238 32154.72974 23009.35905 35974.5711 30179.1298 14907.2292 30541.53297 8913.765676 28348.67496 0 18981.93555 13295.97649 7948.85669 39456.6814 11882.18837 22513.49938 24283.44397 20336.36139 8478.732906 37629.49996 19455.81339 12817.57235 6907.562439 12274.11075 18058.38438 2549.33898 5712.700519 13945.92603 0 6678.137589 12026.619 1478.234865 8401.955706 5929.480651 5330.053504 3205.405028 2442.142721 5026.976213 662.6767551 2121.106442 0 1918.66981 0 0 0 0 0 0 0 0 0 0 0 0 0 0 0 0 0 0 0 0 0 0 0 0 0 0 0 0 0 0 0 0 0 0 0 0 0 0 0 0 0 0 0 0 0 0 0 0 0 0 0 0 0 0 0 0 0 0 0 0 0 0 0 0 0 0 0 0 0 0 0 0 0 0 0 0 0 0 0 0 0 0 0 0 0 0 0 0 0 0 0 
0 0 0 0 0 0 0 0 0 0 0 0 0 0 0 0 0 0 0 0 0 0 0 0 0 0 0 0 0 0 0 0 0 0 0 0 0 0 0 0 0 0 0 0 0 0 0 0 0 0 0 0 0 0 0 0 0 0 0 0 0 0 0 0 0 0 0 0 0 0 0 0 0 0 0 0 0 0 0 0 0 0 0 0 0 0 0 0 102.6570262 216.1783139 301.9165935 646.7184559 0 1828.835136 953.1343988 3329.543195 1174.785729 2989.857319 1294.392589 6351.350577 0 0 7757.17374 3239.209885 9631.170759 2260.592313 7300.671395 10043.46063 7470.514392 8656.880612 12343.24082 2917.260687 4465.046421 34286.40092 11428.37716 10229.3821 11445.50327 5617.042504 26570.79814 20760.50753 0 27233.10497 12313.40718 12331.00717 21872.13542 22967.47552 7469.730427 15721.89681 38240.17736 29148.09036 41895.27539 46830.0185 13374.84336 5350.140904 5711.587479 6141.92224 14714.25694 11512.23826 23993.37974 15818.19646 13910.83833 14959.41007 4526.484019 9337.275486 5332.670508 16205.77854 12467.89579 16747.50117 5714.908513 2972.580251 0 2167.285657 12276.81097 8429.035424 9397.586592 3853.278876 3704.756354 2321.699815 2245.092796 2853.588908 513.7450473 4584.706556 852.8835749 1211.723047 345.4849416 0 0 85.00366136 0 0 0 0 0 0 0 0 0 0 0 0 0 0 0 0 0 0 0 0 0 0 0 0 0 0 0 0 0 0 0 0 0 0 0 0 0 0 0 0 0 0 0 0 0 0 0 0 0 0 0 0 0 0 0 0 0 0 0 0 0 0 0 0 0 0 0 0 0 0 0 0 0 0 0 0 0 0 0 0 0 0 0 0 0 0 0 0 
0 0 0 0 0 0 0 0 0 0 0 0 0 0 0 0 0 0 0 0 0 0 0 0 0 0 0 0 0 0 0 0 0 0 0 0 0 0 0 0 0 0 0 0 0 0 0 0 0 0 0 0 0 0 0 0 0 0 0 0 0 0 0 0 0 0 0 0 0 0 0 0 0 0 0 0 0 0 0 0 0 0 0 0 0 0 0 0 0 0 584.8077395 0 1090.370337 558.1588788 1373.275521 3815.40302 689.4546184 3345.436654 0 7184.64157 5308.368651 0 7138.961547 8149.552248 5531.677721 8059.678755 6736.255916 2025.925149 9687.455703 8407.656126 17512.92855 8957.454355 8844.372933 13522.19507 0 16415.97392 26927.2432 4533.016948 7143.475837 12477.6168 5050.755848 5947.919307 25555.29464 30896.41329 27434.57387 19966.13432 28732.33264 16438.50041 14312.33416 13927.79076 23212.40758 28832.94997 20182.80349 36346.94856 5446.050352 21674.64307 50165.79897 10360.83764 6131.046943 25844.28989 12547.74014 14742.19786 11377.25957 15140.30096 0 7286.379918 0 13807.59555 0 2556.700006 7621.666357 11168.61205 4928.093547 13269.05958 9170.234731 2333.322947 2605.618946 882.7546576 889.3909973 1547.453201 771.9470174 241.0533029 768.524851 716.5596738 0 947.2206701 154.5792527 0 0 0 0 0 0 0 0 0 0 0 0 0 0 0 0 0 0 0 0 0 0 0 0 0 0 0 0 0 0 0 0 0 0 0 0 0 0 0 0 0 0 0 0 0 0 0 0 0 0 0 0 0 0 0 0 0 0 0 0 0 0 0 0 0 0 0 0 0 0 0 0 0 0 0 0 0 0 0 0 0 0 0 0 0 0 0 0 0 
0 0 0 0 0 0 0 0 0 0 0 0 0 0 0 0 0 0 0 0 0 0 0 0 0 0 0 0 0 0 0 0 0 0 0 0 0 0 0 0 0 0 0 0 0 0 0 0 0 0 0 0 0 0 0 0 0 0 0 0 0 0 0 0 0 0 0 0 0 0 0 0 0 0 0 0 0 0 0 0 0 0 0 0 0 0 0 0 0 0 0 0 2705.325961 0 2436.517137 2424.165803 974.0498061 355.8531037 1260.921832 8035.116894 5752.281482 0 3376.859529 3351.942554 1396.660694 15464.64904 4278.534495 11835.36943 6574.908813 11179.40435 12264.94471 14130.63203 15245.07874 8432.754263 4703.441114 14097.6487 16016.28135 17199.21953 11411.85141 17510.83195 18796.88418 19424.69258 8236.208168 41983.3608 28877.81387 14439.78999 13571.87011 14217.99706 30005.57947 38157.20455 41784.35786 7197.743483 6300.883105 14640.70104 20242.19717 5789.921886 11125.84645 24131.77055 0 28902.00991 4950.373192 20440.34552 9562.292608 12617.4996 5428.956195 3891.54055 25827.10987 3441.786212 7710.068144 15041.15729 4317.934496 9459.397922 5128.440845 7071.171729 1279.862622 1838.697285 10265.9594 7483.598501 1387.203155 4390.969867 2043.498432 0 35.96478626 1160.148932 0 553.0085674 659.9715569 31.8546916 0 0 0 0 0 0 0 0 0 0 0 0 0 0 0 0 0 0 0 0 0 0 0 0 0 0 0 0 0 0 0 0 0 0 0 0 0 0 0 0 0 0 0 0 0 0 0 0 0 0 0 0 0 0 0 0 0 0 0 0 0 0 0 0 0 0 0 0 0 0 0 0 0 0 0 0 0 0 0 0 0 0 0 0 0 0 0 0 
0 0 0 0 0 0 0 0 0 0 0 0 0 0 0 0 0 0 0 0 0 0 0 0 0 0 0 0 0 0 0 0 0 0 0 0 0 0 0 0 0 0 0 0 0 0 0 0 0 0 0 0 0 0 0 0 0 0 0 0 0 0 0 0 0 0 0 0 0 0 0 0 0 0 0 0 0 0 0 0 0 0 0 0 0 0 0 0 0 0 0 2137.031922 0 0 3292.692215 1046.598176 0 400.9199682 4659.130207 7480.574387 1377.406192 10318.01217 0 6957.06281 5353.239404 8927.047501 0 7736.012251 8812.85672 12423.53921 16125.82235 9789.993248 9567.56877 21614.21939 23544.74335 0 24748.04908 22430.58893 6359.264895 12300.39436 19846.95315 13295.88217 6283.94205 14841.77763 19688.87303 16979.48137 24248.17279 15352.83064 0 6080.284546 6833.897563 40438.80087 7653.249797 7142.244949 20766.27922 13197.12082 26032.65938 12742.46583 21292.81474 20983.50759 0 10068.26656 3480.580711 13256.09245 10046.3063 23189.05048 3617.072669 6454.680713 7800.916791 5368.268244 13548.20718 7470.679682 2016.550535 8269.737409 3722.129451 1521.398667 4035.250435 0 3388.83443 1439.415509 0 3040.618629 892.6252493 0 480.8503272 942.5592361 0 0 0 0 0 0 0 0 0 0 0 0 0 0 0 0 0 0 0 0 0 0 0 0 0 0 0 0 0 0 0 0 0 0 0 0 0 0 0 0 0 0 0 0 0 0 0 0 0 0 0 0 0 0 0 0 0 0 0 0 0 0 0 0 0 0 0 0 0 0 0 0 0 0 0 0 0 0 0 0 0 0 0 0 0 0 0 0 0 0 
0 0 0 0 0 0 0 0 0 0 0 0 0 0 0 0 0 0 0 0 0 0 0 0 0 0 0 0 0 0 0 0 0 0 0 0 0 0 0 0 0 0 0 0 0 0 0 0 0 0 0 0 0 0 0 0 0 0 0 0 0 0 0 0 0 0 0 0 0 0 0 0 0 0 0 0 0 0 0 0 0 0 0 0 0 0 0 0 0 0 0 692.5180461 1035.203795 784.1808739 0 2556.85035 924.0339937 192.2395122 7350.964189 4191.240019 660.2236292 5522.710435 6301.654173 7284.385453 6102.282265 8067.115456 11476.09168 9054.077477 5956.819318 8125.921897 8550.835791 10564.2924 5560.080786 11604.20913 11632.12742 4951.768463 11244.55933 0 31078.02538 4970.099294 22760.23792 55716.78708 20590.68211 12797.18981 26059.34515 8048.384864 7628.12165 28721.52738 35109.07807 7127.514582 27534.40338 5882.413723 21454.43045 23912.30796 7047.797224 30924.97302 6201.991591 0 25497.40925 21388.2086 0 10649.51064 5643.405579 20872.57854 13917.22738 10242.08712 4242.733079 0 4004.871437 2402.946587 7686.200521 0 16253.28393 0 3754.584127 5176.292689 1178.446838 5007.870747 2310.990806 3308.177179 2729.479415 1209.671261 757.9377553 758.6523054 0 0 132.409489 0 0 0 0 0 0 0 0 0 0 0 0 0 0 0 0 0 0 0 0 0 0 0 0 0 0 0 0 0 0 0 0 0 0 0 0 0 0 0 0 0 0 0 0 0 0 0 0 0 0 0 0 0 0 0 0 0 0 0 0 0 0 0 0 0 0 0 0 0 0 0 0 0 0 0 0 0 0 0 0 0 0 0 0 0 0 0 0 0 
0 0 0 0 0 0 0 0 0 0 0 0 0 0 0 0 0 0 0 0 0 0 0 0 0 0 0 0 0 0 0 0 0 0 0 0 0 0 0 0 0 0 0 0 0 0 0 0 0 0 0 0 0 0 0 0 0 0 0 0 0 0 0 0 0 0 0 0 0 0 0 0 0 0 0 0 0 0 0 0 0 0 0 0 0 0 0 0 0 0 1373.593359 36.23542688 2971.871839 132.2625598 1272.804715 0 6243.332029 3257.525059 5172.393486 6189.507954 6563.643809 1707.788014 10445.04318 7181.381681 6462.997874 1945.662817 4518.346631 25103.67947 25349.83278 9910.742988 17770.51061 3674.41648 37770.99107 23658.03749 14944.60391 11419.96165 5568.529712 12958.22767 17168.40469 6202.030945 0 19598.4475 13309.47593 5939.585427 14930.00759 13301.50463 21632.75675 21338.13992 22149.33498 30586.67709 21618.55024 15786.49317 13617.6639 20079.38443 4818.683522 27241.28483 6905.201537 11629.66601 12750.72675 14831.88912 9731.056409 5366.804392 11117.99907 3409.816417 3726.64496 4634.043653 7566.188936 3379.282919 4678.391058 4735.612651 7188.901625 7883.268353 2731.652915 5315.932224 8352.024605 5695.540846 1062.687424 2851.265766 664.7200438 381.8569398 2830.47382 1272.885118 561.5469785 619.3359855 0 675.808895 0 157.6366438 0 0 0 0 0 0 0 0 0 0 0 0 0 0 0 0 0 0 0 0 0 0 0 0 0 0 0 0 0 0 0 0 0 0 0 0 0 0 0 0 0 0 0 0 0 0 0 0 0 0 0 0 0 0 0 0 0 0 0 0 0 0 0 0 0 0 0 0 0 0 0 0 0 0 0 0 0 0 0 0 0 0 0 0 0 0 0 0 
0 0 0 0 0 0 0 0 0 0 0 0 0 0 0 0 0 0 0 0 0 0 0 0 0 0 0 0 0 0 0 0 0 0 0 0 0 0 0 0 0 0 0 0 0 0 0 0 0 0 0 0 0 0 0 0 0 0 0 0 0 0 0 0 0 0 0 0 0 0 0 0 0 0 0 0 0 0 0 0 0 0 0 0 0 0 0 0 0 0 0 0 1840.018407 227.5511663 26.32280881 551.314418 2679.935053 1561.277651 1772.56387 860.8563124 3280.010872 1702.510108 3116.056305 0 4627.166303 4200.421162 0 8372.911729 7237.059846 10743.05309 6071.964883 4929.688865 8221.552151 16894.46468 5856.379587 4609.013213 7535.120666 12278.93793 7451.622756 8287.689121 26155.40134 5928.84058 0 14841.20932 64222.76775 30174.83216 7594.431934 9212.81633 8343.939208 8098.937857 16628.55327 25747.86134 6502.4748 8054.839052 9631.236959 13836.41265 7105.820944 32939.69402 12280.7907 12050.69717 10259.38232 15191.87897 8896.797411 3850.718262 0 4890.85599 9255.217914 2658.364857 6040.651556 4378.827165 9308.115548 0 3296.938485 7505.391281 1808.497963 2324.259707 2907.509271 4177.951978 2212.367857 1466.657686 5030.914218 343.1984426 4100.386297 0 0 0 0 0 0 0 0 0 0 0 0 0 0 0 0 0 0 0 0 0 0 0 0 0 0 0 0 0 0 0 0 0 0 0 0 0 0 0 0 0 0 0 0 0 0 0 0 0 0 0 0 0 0 0 0 0 0 0 0 0 0 0 0 0 0 0 0 0 0 0 0 0 0 0 0 0 0 0 0 0 0 0 0 0 0 0 0 0 0 0 0 0 
0 0 0 0 0 0 0 0 0 0 0 0 0 0 0 0 0 0 0 0 0 0 0 0 0 0 0 0 0 0 0 0 0 0 0 0 0 0 0 0 0 0 0 0 0 0 0 0 0 0 0 0 0 0 0 0 0 0 0 0 0 0 0 0 0 0 0 0 0 0 0 0 0 0 0 0 0 0 0 0 0 0 0 0 0 0 0 0 0 71.30082222 0 0 811.0870783 2255.118829 1393.339295 0 1495.127348 1508.119742 330.6830945 0 13006.04768 0 2426.006766 0 0 3125.740658 2657.953716 13721.81101 7622.363455 0 0 13957.59723 9424.815779 9814.241586 13564.07773 29834.6552 24749.83914 0 13230.86229 13602.63747 7650.04185 6385.588088 6620.167916 7294.984106 7388.833867 14333.76295 16775.68635 8765.633582 8243.794225 0 9215.751027 29579.10106 23245.20157 0 6653.265533 0 0 0 0 17207.16265 7078.076309 6175.22568 26552.59719 11530.75907 3671.879315 5901.647394 4030.244052 0 3037.683054 4010.142185 10088.41459 5504.604595 0 2871.270693 0 0 870.4840651 2674.798131 0 1114.022515 0 0 0 556.2980379 0 0 0 0 0 0 0 0 0 0 0 0 0 0 0 0 0 0 0 0 0 0 0 0 0 0 0 0 0 0 0 0 0 0 0 0 0 0 0 0 0 0 0 0 0 0 0 0 0 0 0 0 0 0 0 0 0 0 0 0 0 0 0 0 0 0 0 0 0 0 0 0 0 0 0 0 0 0 0 0 0 0 0 0 0 0 0 0 0 0 0 0 
0 0 0 0 0 0 0 0 0 0 0 0 0 0 0 0 0 0 0 0 0 0 0 0 0 0 0 0 0 0 0 0 0 0 0 0 0 0 0 0 0 0 0 0 0 0 0 0 0 0 0 0 0 0 0 0 0 0 0 0 0 0 0 0 0 0 0 0 0 0 0 0 0 0 0 0 0 0 0 0 0 0 0 0 0 0 0 0 0 0 0 696.6487356 0 0 971.1489444 236.5117061 2048.845146 2909.270385 2573.386111 2323.679307 0 6757.194365 3203.667155 2000.608575 3044.817 0 0 0 5645.541352 4465.289235 0 5708.763905 5162.271083 0 0 6197.6248 5317.094614 6691.784868 7006.845561 7144.217461 20223.3933 27838.1419 0 25363.14206 8297.696354 15501.91433 13787.84166 15617.95491 17456.86497 7572.288598 0 8338.150994 5726.770679 19501.20804 16410.9861 0 10784.24761 6336.391503 7122.604405 0 12088.56754 4269.646327 0 16088.44956 10729.93365 2905.596763 0 5440.522978 0 3255.815648 3186.717653 0 3351.075356 1162.101178 0 0 0 3909.382807 133.046516 2246.348355 0 0 1127.369657 616.4575384 1234.222571 0 0 0 42.09739147 0 0 0 0 0 0 0 0 0 0 0 0 0 0 0 0 0 0 0 0 0 0 0 0 0 0 0 0 0 0 0 0 0 0 0 0 0 0 0 0 0 0 0 0 0 0 0 0 0 0 0 0 0 0 0 0 0 0 0 0 0 0 0 0 0 0 0 0 0 0 0 0 0 0 0 0 0 0 0 0 0 0 0 0 0 0 0 
0 0 0 0 0 0 0 0 0 0 0 0 0 0 0 0 0 0 0 0 0 0 0 0 0 0 0 0 0 0 0 0 0 0 0 0 0 0 0 0 0 0 0 0 0 0 0 0 0 0 0 0 0 0 0 0 0 0 0 0 0 0 0 0 0 0 0 0 0 0 0 0 0 0 0 0 0 0 0 0 0 0 0 0 0 0 0 0 0 0 0 527.6410966 0 0 0 2523.953573 0 3222.98153 0 0 6381.40463 0 2859.167222 0 0 3605.713483 3194.460382 4551.951496 4393.174022 4582.496099 0 0 0 5142.552193 0 6173.944019 7216.706239 5476.33857 7519.291565 5610.94701 22965.21164 8748.74514 0 8208.77155 0 9016.974026 8318.368528 8252.468114 7901.035415 0 17745.76845 8150.536629 6636.438545 7286.315138 6043.864886 7786.427622 6654.565535 0 10704.72501 9665.692708 5626.507426 5301.463361 5328.880396 0 0 0 0 2482.173038 3090.593997 3060.195705 0 2268.416452 3098.291175 0 2927.118479 0 0 1421.997159 4279.076966 1576.578215 0 0 0 0 0 0 0 0 0 0 0 0 0 0 0 0 0 0 0 0 0 0 0 0 0 0 0 0 0 0 0 0 0 0 0 0 0 0 0 0 0 0 0 0 0 0 0 0 0 0 0 0 0 0 0 0 0 0 0 0 0 0 0 0 0 0 0 0 0 0 0 0 0 0 0 0 0 0 0 0 0 0 0 0 0 0 0 0 0 0 0 0 0 0 0 0 
0 0 0 0 0 0 0 0 0 0 0 0 0 0 0 0 0 0 0 0 0 0 0 0 0 0 0 0 0 0 0 0 0 0 0 0 0 0 0 0 0 0 0 0 0 0 0 0 0 0 0 0 0 0 0 0 0 0 0 0 0 0 0 0 0 0 0 0 0 0 0 0 0 0 0 0 0 0 0 0 0 0 0 0 0 0 0 0 205.1743148 0 0 0 0 1233.061168 0 0 0 0 0 0 1248.21159 0 2389.8151 0 0 0 0 0 0 3354.935076 5890.064916 0 0 0 0 6687.261929 6623.96821 7324.337577 0 5559.82085 0 0 7754.039445 0 9538.001355 0 0 0 0 0 8181.665933 7999.52798 0 14957.03133 0 6601.288325 20091.68032 0 12690.03349 0 5301.444588 4746.399135 11037.27728 6246.274653 9187.489716 0 4471.910187 13888.40578 0 3294.135295 0 2165.135871 1837.837456 0 0 0 2959.032735 4019.987868 692.7322774 1155.042427 0 148.2358529 1010.021798 0 0 320.2101931 0 0 0 0 0 0 0 0 0 0 0 0 0 0 0 0 0 0 0 0 0 0 0 0 0 0 0 0 0 0 0 0 0 0 0 0 0 0 0 0 0 0 0 0 0 0 0 0 0 0 0 0 0 0 0 0 0 0 0 0 0 0 0 0 0 0 0 0 0 0 0 0 0 0 0 0 0 0 0 0 0 0 0 0 0 0 0 0 0 0 
0 0 0 0 0 0 0 0 0 0 0 0 0 0 0 0 0 0 0 0 0 0 0 0 0 0 0 0 0 0 0 0 0 0 0 0 0 0 0 0 0 0 0 0 0 0 0 0 0 0 0 0 0 0 0 0 0 0 0 0 0 0 0 0 0 0 0 0 0 0 0 0 0 0 0 0 0 0 0 0 0 0 0 0 0 0 0 0 0 0 0 0 0 0 0 0 1151.195833 0 0 1961.934818 2091.999191 0 0 0 2428.769249 4543.183195 2678.822205 0 4129.114567 3743.704794 0 0 9658.622366 0 0 0 0 6342.323072 0 0 6808.427474 0 0 0 9270.352238 0 9359.295776 18765.69329 0 19078.97841 9050.299214 0 0 0 0 0 6904.70624 15335.3261 0 6183.754808 0 5124.756935 6037.492201 5028.181623 0 10211.37367 3727.703288 4543.865352 3240.614746 3471.572493 4028.51465 0 1625.372652 0 1566.708805 0 0 0 0 1672.128871 0 0 638.9533425 0 0 0 0 0 0 0 0 0 0 0 0 0 0 0 0 0 0 0 0 0 0 0 0 0 0 0 0 0 0 0 0 0 0 0 0 0 0 0 0 0 0 0 0 0 0 0 0 0 0 0 0 0 0 0 0 0 0 0 0 0 0 0 0 0 0 0 0 0 0 0 0 0 0 0 0 0 0 0 0 0 0 0 0 0 0 0 0 0 0 0 0 0 
0 0 0 0 0 0 0 0 0 0 0 0 0 0 0 0 0 0 0 0 0 0 0 0 0 0 0 0 0 0 0 0 0 0 0 0 0 0 0 0 0 0 0 0 0 0 0 0 0 0 0 0 0 0 0 0 0 0 0 0 0 0 0 0 0 0 0 0 0 0 0 0 0 0 0 0 0 0 0 0 0 0 0 0 0 0 0 0 0 0 0 0 0 2555.575803 214.6036814 115.0555551 0 0 2082.095333 3227.919882 5670.245631 0 0 3752.170556 2728.783193 0 3787.324999 0 0 0 4895.424805 5253.414794 5195.284789 4604.667374 5822.25029 0 0 15311.61243 6918.493143 0 0 16025.88451 0 9373.521547 8897.02735 7943.549835 0 0 8200.416501 8902.408231 7825.152616 0 0 0 13697.92016 29632.2262 0 0 7132.888508 7860.740275 0 0 11321.99066 16637.15122 0 0 0 10998.41656 3820.095517 0 0 3342.803512 3758.520512 0 0 2029.084725 0 4641.331253 0 1981.20196 1558.554204 0 0 834.5606051 0 416.6522929 343.1092954 91.56934934 0 0 0 0 0 0 0 0 0 0 0 0 0 0 0 0 0 0 0 0 0 0 0 0 0 0 0 0 0 0 0 0 0 0 0 0 0 0 0 0 0 0 0 0 0 0 0 0 0 0 0 0 0 0 0 0 0 0 0 0 0 0 0 0 0 0 0 0 0 0 0 0 0 0 0 0 0 0 0 0 0 0 0 0 0 0 0 0 
0 0 0 0 0 0 0 0 0 0 0 0 0 0 0 0 0 0 0 0 0 0 0 0 0 0 0 0 0 0 0 0 0 0 0 0 0 0 0 0 0 0 0 0 0 0 0 0 0 0 0 0 0 0 0 0 0 0 0 0 0 0 0 0 0 0 0 0 0 0 0 0 0 0 0 0 0 0 0 0 0 0 0 0 0 0 0 0 0 12.92004746 0 0 496.0535242 0 0 2977.725844 1289.452255 0 3100.055261 2784.107598 3374.391924 0 1267.527144 6944.502609 0 6040.428176 8385.478572 16135.26016 0 0 6427.741804 10834.58165 0 6104.983843 10964.65584 12611.21349 7542.515276 5739.898513 15583.57798 7698.320102 0 0 15997.65797 7128.014922 8185.111337 9554.548802 17472.52607 36329.78056 17863.71407 9511.702934 0 25085.67192 18613.93715 7942.758016 8580.400734 21813.35607 16232.66312 0 0 6142.613111 6605.775994 28896.92857 0 0 12803.66211 0 4822.049239 8279.459971 5366.355968 7383.205279 4810.219147 0 3873.646506 7496.893638 1524.397237 2435.984996 0 0 197.1799252 0 0 1767.978555 89.47910457 0 0 0 354.7356238 0 0 0 0 0 0 0 0 0 0 0 0 0 0 0 0 0 0 0 0 0 0 0 0 0 0 0 0 0 0 0 0 0 0 0 0 0 0 0 0 0 0 0 0 0 0 0 0 0 0 0 0 0 0 0 0 0 0 0 0 0 0 0 0 0 0 0 0 0 0 0 0 0 0 0 0 0 0 0 0 0 0 0 0 0 0 0 0 0 
0 0 0 0 0 0 0 0 0 0 0 0 0 0 0 0 0 0 0 0 0 0 0 0 0 0 0 0 0 0 0 0 0 0 0 0 0 0 0 0 0 0 0 0 0 0 0 0 0 0 0 0 0 0 0 0 0 0 0 0 0 0 0 0 0 0 0 0 0 0 0 0 0 0 0 0 0 0 0 0 0 0 0 0 0 0 0 0 0 132.6594482 835.7667123 0 0 837.5448477 947.6402945 1913.578189 786.8288438 2470.244235 1519.281406 2712.044947 1516.770577 7151.465487 5328.622385 0 3565.070679 9834.577114 2646.757039 8140.714105 3618.753224 0 5323.675085 10664.29083 11522.38815 29440.61 7289.796473 7491.717759 13386.33786 15708.13902 14349.38093 7193.042106 8830.640552 9064.142416 8337.481497 7749.185247 0 17017.59339 8733.522744 8554.954763 27667.92845 17639.17815 26767.5186 9184.19804 35016.47955 0 7458.721398 0 13675.39238 29625.83091 6157.181977 0 10373.2407 37706.4644 7148.437282 3995.674324 0 0 0 17581.37781 3874.592623 4503.048236 10558.99856 4669.018854 4044.031888 6625.806694 3845.227545 3419.771337 0 0 6389.82132 0 0 3846.26893 0 0 20.29872072 0 374.960554 0 0 0 0 0 0 0 0 0 0 0 0 0 0 0 0 0 0 0 0 0 0 0 0 0 0 0 0 0 0 0 0 0 0 0 0 0 0 0 0 0 0 0 0 0 0 0 0 0 0 0 0 0 0 0 0 0 0 0 0 0 0 0 0 0 0 0 0 0 0 0 0 0 0 0 0 0 0 0 0 0 0 0 0 0 0 0 0 0 
0 0 0 0 0 0 0 0 0 0 0 0 0 0 0 0 0 0 0 0 0 0 0 0 0 0 0 0 0 0 0 0 0 0 0 0 0 0 0 0 0 0 0 0 0 0 0 0 0 0 0 0 0 0 0 0 0 0 0 0 0 0 0 0 0 0 0 0 0 0 0 0 0 0 0 0 0 0 0 0 0 0 0 0 0 0 0 28.63726898 0 0 0 0 1082.016355 0 29.21697495 813.1941544 3676.355658 7032.423534 0 6219.779209 9662.508557 8557.39257 11688.57391 4213.48122 0 9884.940832 10674.87942 3261.363759 14936.10489 0 21926.21641 6117.949752 5791.145682 4317.303414 4706.083302 32639.6598 24036.20899 23016.95437 6880.89518 7753.839755 15882.36865 22379.49681 16865.50605 8681.914312 46550.78761 33895.92139 28797.91476 25869.08079 37515.51787 17075.33029 17470.69083 18937.23277 7654.407616 8342.694894 0 8448.128081 6823.128201 7531.345463 7905.332108 6515.486917 13328.15177 5691.820869 23003.35833 6135.693271 5507.927638 8538.935871 4881.393483 0 9793.367454 2457.079948 4812.507786 0 0 9421.862017 1443.976459 5622.421365 4631.110567 1296.013861 3251.709461 626.306015 1561.7813 0 705.5242546 2173.288709 0 0 0 0 0 0 0 0 0 0 0 0 0 0 0 0 0 0 0 0 0 0 0 0 0 0 0 0 0 0 0 0 0 0 0 0 0 0 0 0 0 0 0 0 0 0 0 0 0 0 0 0 0 0 0 0 0 0 0 0 0 0 0 0 0 0 0 0 0 0 0 0 0 0 0 0 0 0 0 0 0 0 0 0 0 0 0 0 0 0 0 0 
0 0 0 0 0 0 0 0 0 0 0 0 0 0 0 0 0 0 0 0 0 0 0 0 0 0 0 0 0 0 0 0 0 0 0 0 0 0 0 0 0 0 0 0 0 0 0 0 0 0 0 0 0 0 0 0 0 0 0 0 0 0 0 0 0 0 0 0 0 0 0 0 0 0 0 0 0 0 0 0 0 0 0 0 0 0 0 0 0 0 0 730.8658596 136.9163815 41.03427768 2834.289248 1917.230667 5422.058689 415.5534261 2859.717124 1975.723058 8034.302894 2459.303993 10166.42054 13891.24514 3912.921291 4432.654181 4986.429951 15662.60096 4472.495702 7665.292454 3342.133527 10958.14266 10078.87814 10381.44728 17179.2965 14151.519 6800.501599 0 13653.92325 7273.325942 30966.7888 23025.29606 24125.24308 0 42228.53466 9599.955757 9017.97513 9170.354936 18086.56954 8624.977995 16438.41254 0 24923.78549 0 33322.87164 36327.1806 38766.58047 12858.2531 6741.954558 21858.94612 0 7265.032416 13075.11109 11289.6119 9856.880481 5277.814169 7610.989532 14501.62255 12209.28157 2834.405725 16288.72507 4463.614811 2422.12048 2532.936768 0 3430.505471 8693.406366 3608.838833 2813.551829 1860.936257 1744.065971 1627.86318 0 1266.171871 0 278.1672892 0 0 0 0 0 0 0 0 0 0 0 0 0 0 0 0 0 0 0 0 0 0 0 0 0 0 0 0 0 0 0 0 0 0 0 0 0 0 0 0 0 0 0 0 0 0 0 0 0 0 0 0 0 0 0 0 0 0 0 0 0 0 0 0 0 0 0 0 0 0 0 0 0 0 0 0 0 0 0 0 0 0 0 0 0 0 0 0 0 0 
0 0 0 0 0 0 0 0 0 0 0 0 0 0 0 0 0 0 0 0 0 0 0 0 0 0 0 0 0 0 0 0 0 0 0 0 0 0 0 0 0 0 0 0 0 0 0 0 0 0 0 0 0 0 0 0 0 0 0 0 0 0 0 0 0 0 0 0 0 0 0 0 0 0 0 0 0 0 0 0 0 0 0 0 0 0 0 0 72.6400581 0 0 623.0942976 0 0 183.9392999 1716.667714 55.21658498 4472.700211 5231.251297 8490.47954 914.4460545 7488.119612 2880.417481 3300.885927 7213.306186 23789.35837 0 0 9116.227249 5868.707146 5008.016837 19615.91808 9979.296106 37691.53064 9877.160497 26337.88966 11644.1279 29009.20196 37124.63967 7469.719254 17069.27084 55595.42366 7810.658741 41935.77016 35280.75386 34668.79996 55533.57594 8950.415553 45957.26598 42629.96121 26222.37245 33790.23278 16733.42621 7318.717389 23146.97824 30458.85023 23507.58144 5741.348235 7805.539035 12046.85339 19023.12491 19038.81911 25296.34807 0 9651.786265 10728.87086 27558.37494 18965.50917 33843.33037 9579.905864 0 5740.180145 3054.100465 8440.856771 1771.758828 6362.352546 3379.270816 2133.319268 7411.26954 3307.504464 1171.573004 3984.543769 938.1086378 827.8689433 819.1046198 0 0 234.6834307 0 0 0 0 0 0 0 0 0 0 0 0 0 0 0 0 0 0 0 0 0 0 0 0 0 0 0 0 0 0 0 0 0 0 0 0 0 0 0 0 0 0 0 0 0 0 0 0 0 0 0 0 0 0 0 0 0 0 0 0 0 0 0 0 0 0 0 0 0 0 0 0 0 0 0 0 0 0 0 0 0 0 0 0 0 0 0 0 
0 0 0 0 0 0 0 0 0 0 0 0 0 0 0 0 0 0 0 0 0 0 0 0 0 0 0 0 0 0 0 0 0 0 0 0 0 0 0 0 0 0 0 0 0 0 0 0 0 0 0 0 0 0 0 0 0 0 0 0 0 0 0 0 0 0 0 0 0 0 0 0 0 0 0 0 0 0 0 0 0 0 0 0 0 0 0 0 0 253.424062 0 1241.195371 523.5274467 0 2861.69874 7048.794894 3392.385051 2084.056881 5255.747361 2465.185155 10196.42137 7187.55567 11089.24068 2645.401148 15860.04355 11436.22182 0 15874.72818 12152.21129 12945.17851 15201.83018 29245.4515 17929.64958 28906.26139 5077.33131 6650.892228 30385.31111 20886.87384 16494.33565 8844.24527 24621.75108 51129.90567 40473.82411 27948.69252 9112.134504 55931.50951 16849.18776 27990.10418 62278.43359 17611.87726 43377.3485 52211.01445 34658.64121 7185.840409 17714.57732 0 23572.3256 47794.30032 21660.95052 7498.385583 14229.87878 28140.12574 33488.2241 27634.83737 12340.58861 11064.04428 23240.33328 13608.84877 21543.65172 15184.00551 11407.54418 10260.32701 7917.241699 6921.358104 14733.84097 7401.424421 8157.87813 12841.77683 4957.021041 870.1805374 4904.888491 1724.830116 1917.465127 1517.768485 539.4976372 0 494.2269524 0 0 0 0 0 0 0 0 0 0 0 0 0 0 0 0 0 0 0 0 0 0 0 0 0 0 0 0 0 0 0 0 0 0 0 0 0 0 0 0 0 0 0 0 0 0 0 0 0 0 0 0 0 0 0 0 0 0 0 0 0 0 0 0 0 0 0 0 0 0 0 0 0 0 0 0 0 0 0 0 0 0 0 0 0 0 0 0 0 
0 0 0 0 0 0 0 0 0 0 0 0 0 0 0 0 0 0 0 0 0 0 0 0 0 0 0 0 0 0 0 0 0 0 0 0 0 0 0 0 0 0 0 0 0 0 0 0 0 0 0 0 0 0 0 0 0 0 0 0 0 0 0 0 0 0 0 0 0 0 0 0 0 0 0 0 0 0 0 0 0 0 0 0 0 0 0 13.18515592 0 542.5290583 158.9369067 0 739.1006819 76.0497636 5516.070172 8909.197539 3078.13572 4655.404314 2156.365763 7775.699729 9285.970522 5588.088636 8684.177222 20482.16132 7887.171978 6390.408051 25402.39703 18908.82033 13486.63947 29527.93929 4449.401283 14302.58963 52592.59427 27817.36177 0 10770.41434 13695.49544 34069.78974 20499.60862 30603.3077 37561.73731 23902.1065 0 17901.55782 18323.47205 42682.82648 17931.85485 8668.054275 45163.76188 45529.53287 26561.75031 24542.86358 51929.65268 21744.71943 23029.15725 12864.02944 32495.73052 35883.35324 33275.07632 38577.28559 25597.48369 19697.31256 19070.90406 34936.06758 11443.65774 5072.374069 31104.52401 13570.5422 17522.58186 15701.21941 16752.80389 12542.25782 6217.221847 3718.22034 6295.363345 6009.277102 13402.15913 755.8385159 5029.881896 9.94617351 3776.422032 0 2012.607057 967.6273436 836.3311898 0 384.3878946 195.1362023 0 0 0 0 0 0 0 0 0 0 0 0 0 0 0 0 0 0 0 0 0 0 0 0 0 0 0 0 0 0 0 0 0 0 0 0 0 0 0 0 0 0 0 0 0 0 0 0 0 0 0 0 0 0 0 0 0 0 0 0 0 0 0 0 0 0 0 0 0 0 0 0 0 0 0 0 0 0 0 0 0 0 0 0 0 0 0 0 
0 0 0 0 0 0 0 0 0 0 0 0 0 0 0 0 0 0 0 0 0 0 0 0 0 0 0 0 0 0 0 0 0 0 0 0 0 0 0 0 0 0 0 0 0 0 0 0 0 0 0 0 0 0 0 0 0 0 0 0 0 0 0 0 0 0 0 0 0 0 0 0 0 0 0 0 0 0 0 0 0 0 0 0 0 0 0 0 0 223.1583647 0 877.2422061 1048.319344 0 1535.29573 4493.242993 584.2297016 2043.249306 3700.234235 3096.731478 15156.35838 4325.787754 11057.26091 1756.684743 15299.34399 11201.43796 8260.249274 24184.25898 8346.120976 5294.110014 10756.40927 17105.21787 20145.80059 15699.39926 33749.88384 12544.65395 37765.62135 28763.01566 26957.5864 21929.72877 14700.60586 45871.19537 76002.94904 17091.34529 59264.14212 44519.10773 9087.279961 45047.89106 8656.026752 44719.74218 62347.3811 7938.04614 7660.084239 0 37497.0147 25317.25473 14743.6839 30840.43451 35188.02514 12844.12834 17884.82226 6432.959435 0 25678.81925 4881.983719 43192.40329 18768.54942 7835.093283 9189.297289 10721.45918 21982.87416 7338.061905 16400.16191 8708.773684 7740.425685 8540.921822 6384.595093 5606.884295 3481.164392 3524.268719 6511.054557 1029.030785 1842.629423 2580.198744 982.3059997 370.2204615 754.2445323 0 34.19411851 0 0 0 0 0 0 0 0 0 0 0 0 0 0 0 0 0 0 0 0 0 0 0 0 0 0 0 0 0 0 0 0 0 0 0 0 0 0 0 0 0 0 0 0 0 0 0 0 0 0 0 0 0 0 0 0 0 0 0 0 0 0 0 0 0 0 0 0 0 0 0 0 0 0 0 0 0 0 0 0 0 0 0 0 0 0 0 
0 0 0 0 0 0 0 0 0 0 0 0 0 0 0 0 0 0 0 0 0 0 0 0 0 0 0 0 0 0 0 0 0 0 0 0 0 0 0 0 0 0 0 0 0 0 0 0 0 0 0 0 0 0 0 0 0 0 0 0 0 0 0 0 0 0 0 0 0 0 0 0 0 0 0 0 0 0 0 0 0 0 0 0 0 0 0 0 0 0 591.6287588 1249.237308 3266.035464 779.7275046 1965.495327 3576.19794 2838.0326 6405.35515 5334.977547 10618.61844 9601.113699 7296.367176 6951.833524 2932.055193 0 15485.10749 9387.429066 5235.940261 16692.84989 30064.13425 12333.28674 22130.68748 18719.28966 16066.2019 45895.36553 20699.02918 47190.28315 20620.66037 31349.96205 41659.59232 6679.764969 52259.61683 16727.059 41664.6643 68413.3472 27559.82394 9045.358823 45763.09061 27505.05398 35550.83561 99113.58607 16840.55933 8733.047838 51429.43563 0 8591.071425 15273.36943 26190.47961 24688.4495 13630.66209 11923.45761 19020.83658 5081.121358 38871.84503 18478.21365 19430.47012 15002.57719 10376.2815 21492.26475 10759.91936 14343.22774 20914.74599 19006.69068 5321.718342 7185.703424 2245.764709 8454.491922 9739.331316 4035.404855 2470.764892 681.7397913 743.9746795 1995.604192 790.0652405 52.91256276 0 0 0 95.7132157 0 0 0 0 0 0 0 0 0 0 0 0 0 0 0 0 0 0 0 0 0 0 0 0 0 0 0 0 0 0 0 0 0 0 0 0 0 0 0 0 0 0 0 0 0 0 0 0 0 0 0 0 0 0 0 0 0 0 0 0 0 0 0 0 0 0 0 0 0 0 0 0 0 0 0 0 0 0 0 0 0 0 0 0 0 0 0 
0 0 0 0 0 0 0 0 0 0 0 0 0 0 0 0 0 0 0 0 0 0 0 0 0 0 0 0 0 0 0 0 0 0 0 0 0 0 0 0 0 0 0 0 0 0 0 0 0 0 0 0 0 0 0 0 0 0 0 0 0 0 0 0 0 0 0 0 0 0 0 0 0 0 0 0 0 0 0 0 0 0 0 0 0 0 0 0 188.3565204 0 1661.752237 390.6881743 0 2290.449318 2288.979838 1312.177307 2191.305551 3684.072412 8434.855611 10156.45438 1983.914023 4317.69722 7094.613244 8229.071951 37351.16939 14294.55234 11542.49242 12959.17232 29725.86627 8497.775878 16219.36147 18587.25592 12236.0731 33656.82587 18289.54344 30638.52054 13445.23407 47054.20107 29831.19022 44477.18155 44713.60301 72851.69378 0 58587.98796 78544.73248 69718.64718 33988.44458 8553.720424 37103.85698 54174.55569 34701.70987 71146.90973 17056.85927 53260.06128 17446.56379 38867.75871 19870.56514 13339.61934 43110.32744 33615.5139 11698.60367 22773.67958 40136.96698 16935.93036 19575.47946 26902.54761 26842.85144 10884.2306 36195.14123 8259.971936 15887.18698 10450.24916 3628.631722 6465.494955 16267.71026 7003.873171 6365.039539 1508.048474 2701.930991 5058.696976 343.4014872 3344.854584 1665.715158 773.2625761 820.9988071 1290.046245 0 0 0 0 0 0 0 0 0 0 0 0 0 0 0 0 0 0 0 0 0 0 0 0 0 0 0 0 0 0 0 0 0 0 0 0 0 0 0 0 0 0 0 0 0 0 0 0 0 0 0 0 0 0 0 0 0 0 0 0 0 0 0 0 0 0 0 0 0 0 0 0 0 0 0 0 0 0 0 0 0 0 0 0 0 0 0 0 0 0 
0 0 0 0 0 0 0 0 0 0 0 0 0 0 0 0 0 0 0 0 0 0 0 0 0 0 0 0 0 0 0 0 0 0 0 0 0 0 0 0 0 0 0 0 0 0 0 0 0 0 0 0 0 0 0 0 0 0 0 0 0 0 0 0 0 0 0 0 0 0 0 0 0 0 0 0 0 0 0 0 0 0 0 0 0 0 0 0 0 580.4335531 1101.463553 1665.46195 2309.460345 1629.630123 2166.208261 3185.023112 1144.337794 5791.13661 4207.870047 7803.796758 8764.35617 3776.719515 3180.996776 14515.76148 17841.26101 2362.132426 15717.61687 2627.879919 28486.64441 23371.79369 8636.184095 15921.1813 50908.39519 29253.20503 19323.88156 11986.93716 14831.39064 17515.80048 30856.13817 14577.09285 39253.23906 15011.41546 69574.99827 34079.551 34939.81118 86836.7092 18198.2676 80953.98866 35800.36907 45081.07061 43434.92129 32478.57423 67643.81526 38970.11658 40396.3747 15669.36746 70338.11455 29560.40457 27747.33872 26670.87744 25980.92759 21483.29726 30490.75907 20651.12184 49965.28016 30318.70788 26204.47797 17147.84326 21152.84236 15002.81827 0 7990.70053 11617.34532 8299.663559 12134.61543 23537.46562 11448.02386 5022.55469 4933.814329 3683.116141 3833.535687 4182.127187 3394.24257 142.2588631 0 824.7816081 0 435.6571535 0 0 0 0 0 0 0 0 0 0 0 0 0 0 0 0 0 0 0 0 0 0 0 0 0 0 0 0 0 0 0 0 0 0 0 0 0 0 0 0 0 0 0 0 0 0 0 0 0 0 0 0 0 0 0 0 0 0 0 0 0 0 0 0 0 0 0 0 0 0 0 0 0 0 0 0 0 0 0 0 0 0 0 0 0 0 0 0 
0 0 0 0 0 0 0 0 0 0 0 0 0 0 0 0 0 0 0 0 0 0 0 0 0 0 0 0 0 0 0 0 0 0 0 0 0 0 0 0 0 0 0 0 0 0 0 0 0 0 0 0 0 0 0 0 0 0 0 0 0 0 0 0 0 0 0 0 0 0 0 0 0 0 0 0 0 0 0 0 0 0 0 0 0 0 0 0 0 293.3796814 597.1301628 820.1833168 2401.299839 1322.870165 3614.094024 3296.979504 10310.85951 5368.915832 4785.103708 4461.938653 1115.716241 5903.571812 1601.434196 14602.89563 19969.34229 15010.65005 8992.724572 22171.09944 21776.465 36638.53049 36898.66737 11703.01471 15358.67472 16889.39628 19252.49302 27641.94167 31290.90237 21936.46581 64815.93814 46204.23172 6858.584135 9313.911082 41078.58425 22838.83458 43935.73802 43527.18926 26555.51529 35991.63148 36517.84042 46588.25768 63805.99828 25793.75023 32775.70642 63240.47168 36927.08029 33568.90684 32455.75449 31937.69497 29194.91367 6058.840343 37751.8909 29022.42746 20941.62652 17963.57432 47148.59361 22907.30638 0 22223.41519 23726.66484 11728.04864 33164.79693 16605.54261 24740.72475 7255.884394 3129.990596 11613.12655 8388.675062 464.3999653 10502.09652 1424.894389 1683.287568 1808.467821 2182.800919 694.5255065 1184.213903 1581.717996 703.1189925 0 0 0 0 0 0 0 0 0 0 0 0 0 0 0 0 0 0 0 0 0 0 0 0 0 0 0 0 0 0 0 0 0 0 0 0 0 0 0 0 0 0 0 0 0 0 0 0 0 0 0 0 0 0 0 0 0 0 0 0 0 0 0 0 0 0 0 0 0 0 0 0 0 0 0 0 0 0 0 0 0 0 0 0 0 0 0 0 0 
0 0 0 0 0 0 0 0 0 0 0 0 0 0 0 0 0 0 0 0 0 0 0 0 0 0 0 0 0 0 0 0 0 0 0 0 0 0 0 0 0 0 0 0 0 0 0 0 0 0 0 0 0 0 0 0 0 0 0 0 0 0 0 0 0 0 0 0 0 0 0 0 0 0 0 0 0 0 0 0 0 0 0 0 0 0 0 0 95.16765717 100.2364244 283.4709338 1914.309306 891.6118014 2185.67066 3705.479795 2065.154203 5081.571279 9500.707249 5206.379555 6634.316093 6431.154909 6082.040169 5215.985242 10208.39234 4118.287996 10284.99944 14603.04494 12596.62697 22838.08791 18613.91815 27381.80312 10589.02404 11937.41423 44893.91267 49690.84138 49350.58662 25218.21828 44089.46557 70328.88907 6833.695513 31414.1172 37824.25789 23923.98262 38614.12969 46307.73974 60463.71146 34842.80059 70868.71989 27536.06733 61989.75 33648.77293 46159.09601 25862.54895 32452.54521 26162.98652 38551.56386 32510.02258 13091.30907 47644.29158 6070.470269 21141.65179 37315.90286 21105.36077 5200.038694 18133.77635 39407.7827 8935.017719 16066.54681 7128.310629 16936.99142 11973.55181 11511.87261 4821.230247 7969.290604 14108.84977 10223.86954 10538.74051 10477.24471 4159.264484 3968.686568 7001.801003 1840.786611 689.7945742 3502.414738 535.0942136 710.297621 203.1274331 309.1753806 83.43553077 0 0 0 0 0 0 0 0 0 0 0 0 0 0 0 0 0 0 0 0 0 0 0 0 0 0 0 0 0 0 0 0 0 0 0 0 0 0 0 0 0 0 0 0 0 0 0 0 0 0 0 0 0 0 0 0 0 0 0 0 0 0 0 0 0 0 0 0 0 0 0 0 0 0 0 0 0 0 0 0 0 0 0 0 0 0 0 
0 0 0 0 0 0 0 0 0 0 0 0 0 0 0 0 0 0 0 0 0 0 0 0 0 0 0 0 0 0 0 0 0 0 0 0 0 0 0 0 0 0 0 0 0 0 0 0 0 0 0 0 0 0 0 0 0 0 0 0 0 0 0 0 0 0 0 0 0 0 0 0 0 0 0 0 0 0 0 0 0 0 0 0 0 0 0 0 0 0 1352.957464 1075.251331 3280.049473 697.5091833 1111.204892 1933.353416 8394.438733 2350.233979 5125.327347 5419.518463 7010.804065 10946.68078 10409.56907 3083.605612 4945.778569 14903.67369 32250.56719 18057.22513 20208.24205 27610.10795 9084.543904 27458.28136 27098.89587 11776.20158 19237.33067 4894.148058 48340.44568 13560.75463 60279.48374 45494.28691 32605.9629 32758.01962 55577.6908 40661.37587 42418.90426 62288.8856 36615.56705 27539.01132 53135.03883 8989.192063 70448.72527 33190.84256 16679.93731 34155.51166 30038.26412 8401.117914 50712.84476 27242.4463 31186.16477 25678.65175 23809.76879 25225.1443 16186.92759 28437.90921 14563.16306 12215.53467 33820.72414 26502.43217 13452.11715 9982.777918 18872.79883 2817.232542 11376.7661 10000.77857 25106.15424 11064.91319 16820.83866 7923.040103 4865.672578 2965.767498 1061.681685 244.7067367 658.186579 4095.748219 435.5712843 0 475.6183535 478.3684476 0 0 0 0 0 0 0 0 0 0 0 0 0 0 0 0 0 0 0 0 0 0 0 0 0 0 0 0 0 0 0 0 0 0 0 0 0 0 0 0 0 0 0 0 0 0 0 0 0 0 0 0 0 0 0 0 0 0 0 0 0 0 0 0 0 0 0 0 0 0 0 0 0 0 0 0 0 0 0 0 0 0 0 0 0 0 0 0 
0 0 0 0 0 0 0 0 0 0 0 0 0 0 0 0 0 0 0 0 0 0 0 0 0 0 0 0 0 0 0 0 0 0 0 0 0 0 0 0 0 0 0 0 0 0 0 0 0 0 0 0 0 0 0 0 0 0 0 0 0 0 0 0 0 0 0 0 0 0 0 0 0 0 0 0 0 0 0 0 0 0 0 0 0 0 0 44.75860483 269.1978339 356.5796652 429.6271489 2181.978647 1887.863058 3025.045568 5324.300087 434.6139187 3537.701482 1959.863645 13560.02847 7949.91993 7258.787071 4733.496328 0 1932.092001 25871.21007 19907.446 7397.365352 19224.72995 31547.09248 9709.663355 8738.370918 24704.7781 17546.26972 21220.35274 36229.74483 25450.16662 11127.31998 32115.5747 28116.20361 56511.87787 50098.22031 72935.35879 48882.75838 18983.38993 36640.2983 64021.37762 45734.3076 73230.91136 63644.48359 71231.71992 43939.71798 17448.48466 60523.27068 24577.64647 38529.32705 74500.00913 28941.10207 15844.99798 35133.86024 11838.36599 20868.71973 17701.54106 16211.48249 16085.26165 47301.20455 17804.78839 30538.82382 11740.7409 16399.89845 18028.71795 11078.80641 14101.37173 15751.69173 0 4574.87429 2641.367952 7678.129472 11531.82429 4858.248345 3943.951954 6951.693175 6609.819274 3604.97375 0 872.3968674 907.2872353 64.51190831 0 0 0 0 0 0 0 0 0 0 0 0 0 0 0 0 0 0 0 0 0 0 0 0 0 0 0 0 0 0 0 0 0 0 0 0 0 0 0 0 0 0 0 0 0 0 0 0 0 0 0 0 0 0 0 0 0 0 0 0 0 0 0 0 0 0 0 0 0 0 0 0 0 0 0 0 0 0 0 0 0 0 0 0 0 0 0 0 0 
0 0 0 0 0 0 0 0 0 0 0 0 0 0 0 0 0 0 0 0 0 0 0 0 0 0 0 0 0 0 0 0 0 0 0 0 0 0 0 0 0 0 0 0 0 0 0 0 0 0 0 0 0 0 0 0 0 0 0 0 0 0 0 0 0 0 0 0 0 0 0 0 0 0 0 0 0 0 0 0 0 0 0 0 0 0 0 0 161.6339043 807.0781178 0 1835.957073 163.1304575 3561.202771 3796.703315 3028.193507 6140.944121 4681.30848 5523.836563 3789.51683 21651.23697 4439.639006 12646.6896 2799.592305 22994.39552 10154.9444 21041.50715 8325.652704 5147.079842 26024.22555 39393.82365 15670.26225 34021.29138 29945.90981 42801.47403 24758.77235 49304.46466 26272.5681 50197.20846 16282.98047 52743.92833 28577.59675 40670.74068 37280.53822 26699.16078 63885.46245 9176.934097 36610.47796 45436.23095 70274.57218 37100.79062 16719.96103 52853.18941 40980.93232 62401.05779 29244.42893 23465.82944 29018.50449 35930.78194 11562.33418 7109.217109 41805.85648 41515.90657 13031.70384 13316.21307 30015.38042 18063.89333 17365.09168 22831.72621 15025.19649 5790.272523 10061.59692 12419.07836 4330.477436 17468.6729 14971.89601 3603.015638 9324.493159 8536.856332 4002.954186 1926.712032 5674.367164 3056.05189 624.1420365 1405.086982 225.6534198 937.1270788 0 0 0 0 0 0 0 0 0 0 0 0 0 0 0 0 0 0 0 0 0 0 0 0 0 0 0 0 0 0 0 0 0 0 0 0 0 0 0 0 0 0 0 0 0 0 0 0 0 0 0 0 0 0 0 0 0 0 0 0 0 0 0 0 0 0 0 0 0 0 0 0 0 0 0 0 0 0 0 0 0 0 0 0 0 0 0 0 0 
0 0 0 0 0 0 0 0 0 0 0 0 0 0 0 0 0 0 0 0 0 0 0 0 0 0 0 0 0 0 0 0 0 0 0 0 0 0 0 0 0 0 0 0 0 0 0 0 0 0 0 0 0 0 0 0 0 0 0 0 0 0 0 0 0 0 0 0 0 0 0 0 0 0 0 0 0 0 0 0 0 0 0 0 0 0 0 0 399.554354 0 0 0 521.829995 1828.180127 3678.485729 5526.311345 1382.020593 10342.16092 7990.561558 3905.591424 9430.322753 6648.260152 8206.603231 6954.947231 12088.01798 23666.36595 17764.15615 25690.81257 12433.51059 27379.82192 13671.21422 16144.77201 23377.9259 4458.403354 30517.89953 49539.68025 33789.20836 35572.12341 37869.92742 65001.45808 24470.49987 31545.23494 40794.95096 23755.1298 42876.90722 98763.22019 62217.75141 53855.0809 77074.46968 51449.71698 35548.43112 27364.5638 8319.06765 39640.53156 39620.63892 37076.58456 19574.35589 24571.99443 20485.71174 31863.35211 62027.96606 11659.68249 33686.3374 13639.4649 21086.45399 22680.07589 25961.14962 29807.09347 33762.17681 31352.21574 15862.75354 30582.77533 6143.587657 18311.65565 6406.528937 9814.894097 15717.31951 4958.411855 5636.865663 8825.079381 2684.698323 1906.819013 3070.104227 2522.791688 1827.194188 430.0988271 469.2799579 0 0 0 0 0 0 0 0 0 0 0 0 0 0 0 0 0 0 0 0 0 0 0 0 0 0 0 0 0 0 0 0 0 0 0 0 0 0 0 0 0 0 0 0 0 0 0 0 0 0 0 0 0 0 0 0 0 0 0 0 0 0 0 0 0 0 0 0 0 0 0 0 0 0 0 0 0 0 0 0 0 0 0 0 0 0 0 0 0 
0 0 0 0 0 0 0 0 0 0 0 0 0 0 0 0 0 0 0 0 0 0 0 0 0 0 0 0 0 0 0 0 0 0 0 0 0 0 0 0 0 0 0 0 0 0 0 0 0 0 0 0 0 0 0 0 0 0 0 0 0 0 0 0 0 0 0 0 0 0 0 0 0 0 0 0 0 0 0 0 0 0 0 0 0 0 0 0 318.2670093 579.4434685 1172.221214 2751.110774 325.1576181 3713.881387 4104.489501 4156.69585 5276.659348 2142.274495 10128.20338 4462.72637 4730.928752 18447.24919 0 24961.82734 17921.95577 10495.21059 12271.50165 15235.20085 17023.28076 26511.37918 6272.05157 30898.15207 27496.08221 37346.01334 31079.70063 32932.78055 19862.95702 10946.82385 13722.95237 21644.33396 29578.39834 57044.53111 51251.04851 26393.33425 0 46263.42385 43192.31641 81354.7376 53962.08214 54380.03714 46050.21872 16286.95188 15222.55646 42656.45568 23693.44688 15468.79314 15007.51743 13870.0936 14261.14057 20976.25506 34668.75573 16288.99227 23213.55424 18868.4408 37771.30385 39550.6935 38361.42832 32906.35994 31972.74532 17921.71918 15995.99482 5680.140747 12519.56146 9632.415594 6160.34423 10441.05703 3391.512127 8960.256892 10240.98712 5017.589696 1021.188763 6363.925639 0 2108.828305 669.9507153 707.1973883 235.0156866 37.52921779 0 0 0 0 0 0 0 0 0 0 0 0 0 0 0 0 0 0 0 0 0 0 0 0 0 0 0 0 0 0 0 0 0 0 0 0 0 0 0 0 0 0 0 0 0 0 0 0 0 0 0 0 0 0 0 0 0 0 0 0 0 0 0 0 0 0 0 0 0 0 0 0 0 0 0 0 0 0 0 0 0 0 0 0 0 0 0 0 
0 0 0 0 0 0 0 0 0 0 0 0 0 0 0 0 0 0 0 0 0 0 0 0 0 0 0 0 0 0 0 0 0 0 0 0 0 0 0 0 0 0 0 0 0 0 0 0 0 0 0 0 0 0 0 0 0 0 0 0 0 0 0 0 0 0 0 0 0 0 0 0 0 0 0 0 0 0 0 0 0 0 0 0 0 0 0 0 13.54507031 318.7459248 2995.990352 644.1521909 1376.261906 2199.666641 344.765409 6309.228579 9603.970316 6006.111974 18930.73664 5815.759433 16158.21545 8345.164563 13013.07427 14104.02345 23366.29001 3773.376108 20927.69442 26356.04246 17454.45529 25739.27531 17233.91502 38778.84631 37647.70311 29962.5731 17655.98357 33852.14543 27386.30212 85093.21908 8290.940821 82468.02026 33330.7289 90812.90831 25881.58342 42252.10263 50355.99848 18997.90953 89475.80339 54637.42194 38161.2793 27462.84648 26069.01259 9218.163828 71941.47808 41553.31529 52358.46833 64375.83136 23067.89446 53735.20421 18770.17919 41818.98321 44420.56417 33974.61546 20290.83433 10975.24947 39221.68546 22075.11698 14880.13154 25811.35458 17112.65091 18655.25363 10930.28403 10407.44932 4878.112937 25131.4047 14890.74215 11696.14235 6865.869353 5669.758738 10851.42227 1186.745602 1823.930941 3158.757377 1473.47245 2057.608508 1030.756346 579.3596354 1091.079733 329.5458722 0 0 0 0 0 0 0 0 0 0 0 0 0 0 0 0 0 0 0 0 0 0 0 0 0 0 0 0 0 0 0 0 0 0 0 0 0 0 0 0 0 0 0 0 0 0 0 0 0 0 0 0 0 0 0 0 0 0 0 0 0 0 0 0 0 0 0 0 0 0 0 0 0 0 0 0 0 0 0 0 0 0 0 0 0 0 0 0 
0 0 0 0 0 0 0 0 0 0 0 0 0 0 0 0 0 0 0 0 0 0 0 0 0 0 0 0 0 0 0 0 0 0 0 0 0 0 0 0 0 0 0 0 0 0 0 0 0 0 0 0 0 0 0 0 0 0 0 0 0 0 0 0 0 0 0 0 0 0 0 0 0 0 0 0 0 0 0 0 0 0 0 0 0 0 0 0 163.9959563 584.7350656 0 0 950.6138754 4014.098005 1498.505478 3043.901613 4563.655153 2630.808753 5444.80926 9380.684921 14867.4649 9496.576114 5460.18073 9377.41011 40360.06173 17084.46957 13588.53233 8398.084775 28002.91977 31106.26727 7525.427853 15974.30674 20443.66751 17871.52127 17702.88955 31065.38412 27545.91773 50957.89222 46743.00766 52705.1104 16962.86674 22070.79184 9011.449516 41850.56707 51626.24977 44611.15017 45513.71198 79172.27288 54663.91369 53662.35882 51653.90465 77743.1328 67725.94946 52696.6533 23108.08938 22511.62098 37862.83175 37592.23187 24928.84031 58318.84109 36539.47178 49124.83637 38505.0187 19588.30705 14998.63386 8045.795726 9214.67364 20743.1353 3445.755488 19991.35934 7465.448374 10739.52619 8166.484664 11310.98499 8181.997485 16175.31209 6704.958672 4768.574191 7259.472644 4967.875113 4671.673964 4957.569329 1754.713606 4232.661121 1709.541821 720.0147444 0 323.1914496 0 0 0 0 0 0 0 0 0 0 0 0 0 0 0 0 0 0 0 0 0 0 0 0 0 0 0 0 0 0 0 0 0 0 0 0 0 0 0 0 0 0 0 0 0 0 0 0 0 0 0 0 0 0 0 0 0 0 0 0 0 0 0 0 0 0 0 0 0 0 0 0 0 0 0 0 0 0 0 0 0 0 0 0 0 0 0 0 
0 0 0 0 0 0 0 0 0 0 0 0 0 0 0 0 0 0 0 0 0 0 0 0 0 0 0 0 0 0 0 0 0 0 0 0 0 0 0 0 0 0 0 0 0 0 0 0 0 0 0 0 0 0 0 0 0 0 0 0 0 0 0 0 0 0 0 0 0 0 0 0 0 0 0 0 0 0 0 0 0 0 0 0 0 0 0 0 147.6143373 384.355652 378.7546184 2585.615704 0 105.1809284 2943.216965 1964.490246 1417.266559 1791.867661 12952.75875 8424.025512 7459.349559 5554.078479 2886.536973 24352.56221 7730.703335 11410.66577 7375.084175 30251.27712 17156.80148 3368.395941 24940.96655 14689.18719 39568.43945 10336.27884 37287.15396 55421.57961 34388.14192 34730.5997 30624.86463 44084.78331 49347.98201 24920.37323 7190.895603 40802.18683 54308.53591 41869.1283 44391.29418 27475.93182 35919.89492 54219.71648 63869.39396 70918.74094 24460.64292 15710.25038 23190.35792 7437.975481 31559.3171 27318.05499 40671.61838 47298.60075 19320.99928 20366.08883 28819.77953 45950.70465 27130.79734 26803.69668 25060.15272 15822.98948 9094.520247 15862.97226 12926.10754 20481.45121 20202.9445 27418.09149 4535.507667 12147.06217 6843.054666 5945.481598 8178.210785 1768.354102 2656.550066 3987.961279 1001.745797 842.6180456 0 668.4139637 647.6347934 476.1334493 0 0 0 0 0 0 0 0 0 0 0 0 0 0 0 0 0 0 0 0 0 0 0 0 0 0 0 0 0 0 0 0 0 0 0 0 0 0 0 0 0 0 0 0 0 0 0 0 0 0 0 0 0 0 0 0 0 0 0 0 0 0 0 0 0 0 0 0 0 0 0 0 0 0 0 0 0 0 0 0 0 0 0 0 0 0 0 0 
0 0 0 0 0 0 0 0 0 0 0 0 0 0 0 0 0 0 0 0 0 0 0 0 0 0 0 0 0 0 0 0 0 0 0 0 0 0 0 0 0 0 0 0 0 0 0 0 0 0 0 0 0 0 0 0 0 0 0 0 0 0 0 0 0 0 0 0 0 0 0 0 0 0 0 0 0 0 0 0 0 0 0 0 0 0 0 103.4704965 0 0 550.84451 520.2361607 0 980.9881509 2206.037548 0 2706.524673 4235.104619 3236.322424 2095.366041 5004.252111 3957.297841 10048.36208 14177.65769 12985.31816 7023.452129 21857.07779 15115.2259 13699.79195 28461.56722 22619.63544 8701.47113 27023.14414 30103.61372 45400.04654 56206.01664 53140.35064 47852.28004 14692.65559 38321.78379 69694.08663 38422.71363 65019.71128 31148.96334 15941.24976 85889.2869 44032.88841 54196.33618 51274.96616 42507.87398 16902.57405 35185.80984 80020.10293 30434.74037 52738.86211 74651.32326 49451.77498 21288.50767 24925.97637 33383.46868 35927.10226 60082.51756 26383.14883 4806.3322 33724.87736 32131.86835 21963.3265 15204.97406 17327.27418 18611.24603 14003.56029 2728.77134 13625.12764 13311.22573 15090.6979 10965.97657 10014.8898 17066.64676 7861.232977 5410.873971 2766.739108 3041.304439 3668.153936 2340.431346 0 0 660.6883588 95.42049137 0 0 0 0 0 0 0 0 0 0 0 0 0 0 0 0 0 0 0 0 0 0 0 0 0 0 0 0 0 0 0 0 0 0 0 0 0 0 0 0 0 0 0 0 0 0 0 0 0 0 0 0 0 0 0 0 0 0 0 0 0 0 0 0 0 0 0 0 0 0 0 0 0 0 0 0 0 0 0 0 0 0 0 0 0 0 0 0 
0 0 0 0 0 0 0 0 0 0 0 0 0 0 0 0 0 0 0 0 0 0 0 0 0 0 0 0 0 0 0 0 0 0 0 0 0 0 0 0 0 0 0 0 0 0 0 0 0 0 0 0 0 0 0 0 0 0 0 0 0 0 0 0 0 0 0 0 0 0 0 0 0 0 0 0 0 0 0 0 0 0 0 0 0 0 0 0 0 609.7503841 1137.785567 261.5870649 0 0 2561.672032 2334.933959 66.34911003 6162.50659 2833.222744 10661.2005 1565.419169 6231.158329 14315.89408 8400.270281 6219.52892 28769.92608 17930.75624 9042.705321 7240.214755 33531.05369 22127.15797 10828.25637 8538.999015 44756.0744 25012.81233 19602.61391 32184.88672 13816.43521 49410.28337 31423.04454 31961.18695 69203.73862 15844.02633 8669.263475 30242.00279 80188.11764 53510.55991 34690.49409 105901.2148 54031.39184 25500.62485 66641.87333 65026.53275 0 22684.65749 25910.36121 14949.79223 51206.77533 18757.41322 20526.01248 19142.62355 11547.22765 25872.38786 22137.17041 28718.55814 16147.4594 14666.73249 22801.25083 21790.38903 21843.72541 29936.26478 25331.00167 2557.690424 2320.717536 16088.04469 2368.40378 8429.292532 1681.669278 2253.546679 3447.682198 2414.677991 222.7210264 1463.874789 2894.229809 0 2631.488965 123.9212903 22.87124015 0 0 0 0 0 0 0 0 0 0 0 0 0 0 0 0 0 0 0 0 0 0 0 0 0 0 0 0 0 0 0 0 0 0 0 0 0 0 0 0 0 0 0 0 0 0 0 0 0 0 0 0 0 0 0 0 0 0 0 0 0 0 0 0 0 0 0 0 0 0 0 0 0 0 0 0 0 0 0 0 0 0 0 0 0 0 0 0 
0 0 0 0 0 0 0 0 0 0 0 0 0 0 0 0 0 0 0 0 0 0 0 0 0 0 0 0 0 0 0 0 0 0 0 0 0 0 0 0 0 0 0 0 0 0 0 0 0 0 0 0 0 0 0 0 0 0 0 0 0 0 0 0 0 0 0 0 0 0 0 0 0 0 0 0 0 0 0 0 0 0 0 0 0 0 0 0 0 268.4585519 740.850571 511.4122159 805.052184 626.4284655 1313.054642 3728.694997 2652.854545 7991.63891 6410.046642 8123.868023 15313.38395 8089.39344 20883.62754 5874.172765 17480.16848 14395.79247 18940.80134 9786.530024 9092.088264 16963.65283 14039.22934 13881.58674 31044.11584 15204.21418 5000.771465 25239.87116 13465.30457 19588.55651 27263.32048 7050.818132 21889.00291 30019.34742 72133.31674 67228.88565 42719.22287 25664.89983 27252.77476 43297.93562 18346.73989 27149.45009 7933.317863 33752.59241 17434.46131 64556.15811 53551.74082 31258.99794 50469.53729 47928.14614 21691.35894 6383.168356 17920.62234 29718.64779 20344.27466 29030.71958 6486.173784 28716.49805 16583.13453 21411.23378 10170.65394 14936.00532 2215.723337 8360.405338 15552.39583 9135.346584 15124.65408 9228.971704 7971.799533 2176.131787 10783.82217 2713.803805 1292.438895 3491.689367 2519.699453 863.1917559 652.3623701 861.7001156 262.9074357 0 0 0 0 0 0 0 0 0 0 0 0 0 0 0 0 0 0 0 0 0 0 0 0 0 0 0 0 0 0 0 0 0 0 0 0 0 0 0 0 0 0 0 0 0 0 0 0 0 0 0 0 0 0 0 0 0 0 0 0 0 0 0 0 0 0 0 0 0 0 0 0 0 0 0 0 0 0 0 0 0 0 0 0 0 0 0 0 0 
0 0 0 0 0 0 0 0 0 0 0 0 0 0 0 0 0 0 0 0 0 0 0 0 0 0 0 0 0 0 0 0 0 0 0 0 0 0 0 0 0 0 0 0 0 0 0 0 0 0 0 0 0 0 0 0 0 0 0 0 0 0 0 0 0 0 0 0 0 0 0 0 0 0 0 0 0 0 0 0 0 0 0 0 0 0 0 0 0 358.0247254 685.7560657 0 0 2049.734027 2055.004756 0 262.3639616 1793.814211 4361.001943 2603.73475 10686.66241 10737.47373 9757.824958 13462.86727 2603.79554 23237.0334 11491.82477 15854.18611 21614.44005 11783.8575 8296.544765 8919.119254 16180.29849 9467.941057 5323.711228 20399.30182 13307.34657 6897.518575 33973.84995 0 14961.51483 38781.3829 0 9255.257053 32023.08384 41708.59322 16900.62186 45745.123 70873.93338 8602.917715 52758.62056 17245.46884 24542.10284 48076.62538 39725.15436 37675.45784 28334.75613 22108.54732 34848.49021 19859.10959 10983.64052 6578.908329 22865.8802 9527.049417 33476.24926 4895.006625 9828.036923 8306.865586 17679.08847 11716.11772 6669.532 6631.874774 6609.616924 9275.179418 3224.38639 12041.51801 7347.572692 3926.255578 7285.23809 4233.024191 3069.663765 720.7841276 2352.079683 1301.666673 0 0 0 0 0 0 0 0 0 0 0 0 0 0 0 0 0 0 0 0 0 0 0 0 0 0 0 0 0 0 0 0 0 0 0 0 0 0 0 0 0 0 0 0 0 0 0 0 0 0 0 0 0 0 0 0 0 0 0 0 0 0 0 0 0 0 0 0 0 0 0 0 0 0 0 0 0 0 0 0 0 0 0 0 0 0 0 0 0 0 0 0 
0 0 0 0 0 0 0 0 0 0 0 0 0 0 0 0 0 0 0 0 0 0 0 0 0 0 0 0 0 0 0 0 0 0 0 0 0 0 0 0 0 0 0 0 0 0 0 0 0 0 0 0 0 0 0 0 0 0 0 0 0 0 0 0 0 0 0 0 0 0 0 0 0 0 0 0 0 0 0 0 0 0 0 0 0 0 0 0 0 326.273447 0 0 927.7920581 0 499.9494334 152.4271771 394.6470492 4226.388133 7733.87045 9172.554656 7652.636908 10909.25003 2746.447241 15709.67939 4422.557538 21499.57217 10795.99678 5144.01887 16286.64828 8608.628357 12074.28999 16789.96701 0 0 6895.230359 31196.86732 11150.78383 7709.375012 15102.60869 6089.553549 25957.8341 22608.89319 39753.87656 51176.64615 9257.67841 0 8920.297727 9451.410726 26411.98111 8571.963202 44362.77256 30597.4177 25270.39863 14308.53288 7235.273813 30549.66629 31826.61881 6545.360716 25821.34057 0 23568.56493 22719.02718 5955.861571 23423.20172 0 9578.267399 0 14084.53546 7752.043099 10446.94147 11787.09057 12753.78174 4189.331985 6470.482877 1402.060973 7678.198183 3067.229738 12460.67632 773.6944892 358.6702902 162.1109812 2899.696926 0 464.5371696 984.0896896 159.7974039 254.0529277 0 0 0 0 0 0 0 0 0 0 0 0 0 0 0 0 0 0 0 0 0 0 0 0 0 0 0 0 0 0 0 0 0 0 0 0 0 0 0 0 0 0 0 0 0 0 0 0 0 0 0 0 0 0 0 0 0 0 0 0 0 0 0 0 0 0 0 0 0 0 0 0 0 0 0 0 0 0 0 0 0 0 0 0 0 0 0 0 0 
0 0 0 0 0 0 0 0 0 0 0 0 0 0 0 0 0 0 0 0 0 0 0 0 0 0 0 0 0 0 0 0 0 0 0 0 0 0 0 0 0 0 0 0 0 0 0 0 0 0 0 0 0 0 0 0 0 0 0 0 0 0 0 0 0 0 0 0 0 0 0 0 0 0 0 0 0 0 0 0 0 0 0 0 0 0 0 0 0 0 0 753.0942777 28.17214834 1481.113271 2283.592937 2993.148617 1412.712226 5480.211785 4041.033607 2490.610699 7811.85346 4603.941491 7506.261609 3678.692164 6977.741542 0 15337.93901 7298.840251 12034.36282 8266.541405 28178.95387 16490.5261 14712.46099 11362.39522 5657.065621 14443.71764 38424.85053 5340.847862 13670.07124 12542.26688 6082.840399 15492.9231 8933.247448 40626.85497 0 16894.84246 8250.35476 8530.228245 43822.36642 0 41871.60706 8146.486177 26658.37214 24247.10947 15446.28489 24588.40559 5962.053237 14792.77438 18465.10271 24724.70028 7398.834135 11399.16679 32100.31308 11662.34159 4518.859378 11157.67624 4903.059413 15201.5449 6320.436979 4002.126839 5059.633327 4102.106829 1406.702589 2736.92145 10667.87264 7285.297296 1648.623588 3907.025223 3380.397418 2825.353477 1484.814704 0 1482.973471 1022.435323 0 273.0404975 188.6320051 0 0 0 0 0 0 0 0 0 0 0 0 0 0 0 0 0 0 0 0 0 0 0 0 0 0 0 0 0 0 0 0 0 0 0 0 0 0 0 0 0 0 0 0 0 0 0 0 0 0 0 0 0 0 0 0 0 0 0 0 0 0 0 0 0 0 0 0 0 0 0 0 0 0 0 0 0 0 0 0 0 0 0 0 0 0 0 0 0 
0 0 0 0 0 0 0 0 0 0 0 0 0 0 0 0 0 0 0 0 0 0 0 0 0 0 0 0 0 0 0 0 0 0 0 0 0 0 0 0 0 0 0 0 0 0 0 0 0 0 0 0 0 0 0 0 0 0 0 0 0 0 0 0 0 0 0 0 0 0 0 0 0 0 0 0 0 0 0 0 0 0 0 0 0 0 0 0 0 149.6446205 0 887.8299442 1006.946013 1710.673971 0 1885.791532 0 5572.359752 2630.169188 1900.026721 5864.926668 3599.520451 1457.744519 2573.68111 6326.856657 13901.56889 5335.627476 7159.699835 17846.92427 9667.005071 5109.698373 5287.831387 9794.398219 0 4920.899257 11590.82022 22312.57734 12999.10899 41535.18477 18460.08118 7518.409036 7462.331355 13930.69534 16763.15393 7405.694162 34596.6078 35761.62895 18537.32773 16344.20845 18297.90846 17732.77445 22964.62706 23861.74671 0 8499.456593 24008.00669 26897.34825 12391.03849 19605.64085 7031.992576 18395.62966 18072.1023 25953.05846 9600.178363 10773.24381 27920.48274 0 0 23573.26305 3459.17503 13831.72324 6277.104817 16735.21693 10726.84334 3681.46519 2083.409485 7410.771891 1957.699688 4538.256771 4013.997227 1869.427947 3071.621858 0 0 0 0 58.74179845 0 0 0 0 0 0 0 0 0 0 0 0 0 0 0 0 0 0 0 0 0 0 0 0 0 0 0 0 0 0 0 0 0 0 0 0 0 0 0 0 0 0 0 0 0 0 0 0 0 0 0 0 0 0 0 0 0 0 0 0 0 0 0 0 0 0 0 0 0 0 0 0 0 0 0 0 0 0 0 0 0 0 0 0 0 0 0 0 0 
0 0 0 0 0 0 0 0 0 0 0 0 0 0 0 0 0 0 0 0 0 0 0 0 0 0 0 0 0 0 0 0 0 0 0 0 0 0 0 0 0 0 0 0 0 0 0 0 0 0 0 0 0 0 0 0 0 0 0 0 0 0 0 0 0 0 0 0 0 0 0 0 0 0 0 0 0 0 0 0 0 0 0 0 0 0 0 0 0 251.9144788 473.9705391 692.5515526 0 1139.13753 1904.933302 1405.243124 0 3264.740051 548.9650018 0 12142.24255 6017.726499 2858.848322 6166.133915 7821.485678 3302.029919 10754.31697 3796.754748 3724.80571 9397.295769 0 30257.43179 0 5497.907299 11955.33612 13213.00761 18579.31269 27170.72225 7818.715503 6902.485507 20498.95882 32898.88776 16845.54013 33999.32865 32780.25885 17455.2754 9232.862697 35738.01512 8176.221058 18227.12547 38084.74898 26337.3777 14331.30249 17149.36482 28876.94408 7351.004041 8475.675694 19283.25954 10833.97562 29458.40959 12699.74398 23963.63409 24324.72166 4201.869538 13186.05881 25195.50312 7525.004565 8836.469767 12284.57612 6623.423983 9276.288272 1597.470244 13132.71779 3480.420794 12376.66266 7054.564203 3293.00556 4960.242852 1496.808666 589.1187606 1212.060192 1927.865714 810.4700971 611.9775734 0 225.6217768 0 160.4725929 0 0 0 0 0 0 0 0 0 0 0 0 0 0 0 0 0 0 0 0 0 0 0 0 0 0 0 0 0 0 0 0 0 0 0 0 0 0 0 0 0 0 0 0 0 0 0 0 0 0 0 0 0 0 0 0 0 0 0 0 0 0 0 0 0 0 0 0 0 0 0 0 0 0 0 0 0 0 0 0 0 0 0 0 0 0 0 0 
0 0 0 0 0 0 0 0 0 0 0 0 0 0 0 0 0 0 0 0 0 0 0 0 0 0 0 0 0 0 0 0 0 0 0 0 0 0 0 0 0 0 0 0 0 0 0 0 0 0 0 0 0 0 0 0 0 0 0 0 0 0 0 0 0 0 0 0 0 0 0 0 0 0 0 0 0 0 0 0 0 0 0 0 0 0 0 0 272.369251 0 604.3424027 468.7473002 1562.044423 3683.90224 2585.37606 3411.185088 1065.83458 6975.845981 4858.748195 7238.860825 1051.18854 3318.878942 7208.532532 8049.016242 2463.002131 15675.98961 18141.2779 0 4346.203364 10919.27145 7056.30539 17194.58582 6634.113922 9388.649687 28084.21776 16905.51989 23022.25945 5952.949125 22574.03986 27906.87937 29594.70647 8232.157839 8431.722441 13822.80529 8821.721421 33744.6406 60263.81153 15480.75741 8549.798217 32128.68965 32679.85875 16555.90779 7080.157654 16585.05521 15426.75119 13120.49385 21804.67218 36933.76717 13397.4986 27253.76691 0 18184.0591 10874.61345 8965.818376 0 5383.803439 26991.44893 11672.28635 3780.477462 4430.663268 6884.769107 10700.48632 5929.41906 3584.971362 7690.0468 1577.5626 2907.860069 3556.696321 728.8334127 872.2118138 1461.443457 773.6294773 0 39.96241188 928.0875248 0 0 24.92067647 0 0 0 0 0 0 0 0 0 0 0 0 0 0 0 0 0 0 0 0 0 0 0 0 0 0 0 0 0 0 0 0 0 0 0 0 0 0 0 0 0 0 0 0 0 0 0 0 0 0 0 0 0 0 0 0 0 0 0 0 0 0 0 0 0 0 0 0 0 0 0 0 0 0 0 0 0 0 0 0 0 0 0 0 0 0 0 0 
0 0 0 0 0 0 0 0 0 0 0 0 0 0 0 0 0 0 0 0 0 0 0 0 0 0 0 0 0 0 0 0 0 0 0 0 0 0 0 0 0 0 0 0 0 0 0 0 0 0 0 0 0 0 0 0 0 0 0 0 0 0 0 0 0 0 0 0 0 0 0 0 0 0 0 0 0 0 0 0 0 0 0 0 0 0 0 0 11.63939721 328.6008157 270.626949 0 1871.705542 1049.066934 1344.787864 2259.664052 1574.028273 0 3304.830879 2209.551894 9969.241115 3578.254226 4165.507412 2435.721036 12869.49098 18139.10767 0 7549.396366 3034.638488 4206.406052 24045.06462 7314.34448 6429.486312 4691.732139 15932.42768 17271.85573 14913.65691 12119.04808 33639.15305 21678.24034 13497.77746 8501.077796 15170.24744 31234.42273 23936.81201 15560.21903 32562.7645 16857.06606 24701.04988 16378.42137 50358.31362 16665.56293 29072.81005 14770.61967 22741.97305 19285.92873 14055.40081 7360.039805 15638.40183 16430.41741 19153.00927 6552.408414 21753.75107 19867.75126 5508.196339 23171.58962 21785.38801 15506.26317 19447.79707 14036.25084 3825.631635 5139.310559 10596.77012 7668.324478 0 9189.512393 3789.510419 9067.761359 1970.797488 1571.717181 1498.189701 147.1459186 1421.41721 949.5881426 0 615.1292648 462.8230134 67.32410399 0 0 0 0 0 0 0 0 0 0 0 0 0 0 0 0 0 0 0 0 0 0 0 0 0 0 0 0 0 0 0 0 0 0 0 0 0 0 0 0 0 0 0 0 0 0 0 0 0 0 0 0 0 0 0 0 0 0 0 0 0 0 0 0 0 0 0 0 0 0 0 0 0 0 0 0 0 0 0 0 0 0 0 0 0 0 0 0 
0 0 0 0 0 0 0 0 0 0 0 0 0 0 0 0 0 0 0 0 0 0 0 0 0 0 0 0 0 0 0 0 0 0 0 0 0 0 0 0 0 0 0 0 0 0 0 0 0 0 0 0 0 0 0 0 0 0 0 0 0 0 0 0 0 0 0 0 0 0 0 0 0 0 0 0 0 0 0 0 0 0 0 0 0 0 0 0 0 124.2201641 0 0 764.159268 707.9154149 1653.401877 2025.5898 0 6652.61998 2978.749987 4044.218772 12264.29029 1130.620594 8524.899072 11940.30199 3375.161744 2314.167118 19493.48462 14409.52604 3690.511927 17875.76572 11993.62376 15011.72974 0 27934.89176 10777.82991 23571.21903 0 29550.24255 0 27341.77629 6051.043291 8557.783412 0 48106.98001 32391.45867 7934.384623 7801.221961 17055.20844 0 25244.58834 15246.71298 24220.04778 23132.43306 15577.70833 6781.777139 19115.52419 12245.2927 24781.07307 26775.4615 31175.3612 6370.268496 6195.791965 10878.81916 11281.49315 14579.58057 28986.57366 21427.12554 9689.62413 21670.42555 7877.740311 4866.626957 17112.71685 4884.931568 3208.596077 3345.788754 1771.374023 6545.028459 4641.69329 2371.733039 3924.657335 4041.408936 1168.117976 438.0325004 0 0 625.3243195 0 0 0 0 0 0 0 0 0 0 0 0 0 0 0 0 0 0 0 0 0 0 0 0 0 0 0 0 0 0 0 0 0 0 0 0 0 0 0 0 0 0 0 0 0 0 0 0 0 0 0 0 0 0 0 0 0 0 0 0 0 0 0 0 0 0 0 0 0 0 0 0 0 0 0 0 0 0 0 0 0 0 0 0 0 0 0 0 0 0 
0 0 0 0 0 0 0 0 0 0 0 0 0 0 0 0 0 0 0 0 0 0 0 0 0 0 0 0 0 0 0 0 0 0 0 0 0 0 0 0 0 0 0 0 0 0 0 0 0 0 0 0 0 0 0 0 0 0 0 0 0 0 0 0 0 0 0 0 0 0 0 0 0 0 0 0 0 0 0 0 0 0 0 0 0 0 0 0 0 281.065915 234.3845758 0 653.7029552 1919.878558 1608.894013 1385.119076 269.6518355 6610.818022 6667.944252 0 6945.005109 1330.075684 5611.914243 5124.603804 7698.403736 0 8557.771788 0 13505.19961 2963.530058 15754.93509 17198.50844 10785.60142 17790.5784 5069.740654 4547.026798 13291.03116 18054.54989 31654.15984 0 14426.80281 8806.276026 6741.532485 36986.49249 34195.02481 8560.793105 39965.60044 24737.37849 27234.89125 8984.453376 25249.87321 45705.54342 6426.181965 6377.383371 13514.11741 8486.173811 21731.38517 13681.31827 19199.70619 19070.67968 12219.06278 16538.01567 10733.76478 0 5469.961234 0 11612.05005 0 4934.186082 3671.875949 5552.829039 1792.777284 5426.82872 5525.999627 0 2283.675644 1711.641616 4100.850283 1116.386614 6343.636612 1074.796652 4225.092549 1717.698847 1152.110731 564.7130051 324.4970031 0 121.1407257 0 0 0 0 0 0 0 0 0 0 0 0 0 0 0 0 0 0 0 0 0 0 0 0 0 0 0 0 0 0 0 0 0 0 0 0 0 0 0 0 0 0 0 0 0 0 0 0 0 0 0 0 0 0 0 0 0 0 0 0 0 0 0 0 0 0 0 0 0 0 0 0 0 0 0 0 0 0 0 0 0 0 0 0 0 0 0 0 
0 0 0 0 0 0 0 0 0 0 0 0 0 0 0 0 0 0 0 0 0 0 0 0 0 0 0 0 0 0 0 0 0 0 0 0 0 0 0 0 0 0 0 0 0 0 0 0 0 0 0 0 0 0 0 0 0 0 0 0 0 0 0 0 0 0 0 0 0 0 0 0 0 0 0 0 0 0 0 0 0 0 0 0 0 0 0 0 0 0 0 294.2477983 282.7955022 0 2821.906449 1243.45828 3789.348026 5175.051513 4093.153353 2815.25346 6697.909892 0 6273.722504 9506.313353 14336.79824 0 2550.161557 0 4313.307986 4349.56499 3315.124191 17075.72891 26862.71142 23263.63268 5919.253815 5980.953483 30573.82082 11294.06148 11804.2153 13938.46951 14797.02488 5739.08855 53189.86623 24928.64906 0 15749.57761 33253.01168 32252.99505 24374.90967 0 16901.80651 0 15134.98485 13865.83681 0 14771.3332 20550.57976 39693.88138 0 5986.204966 0 21204.51722 5217.361419 9645.667269 3347.4505 0 11227.84255 2682.461528 7374.637739 0 0 0 4083.120843 6382.289109 3106.06714 2281.069297 4737.48904 1827.229882 1092.183125 1823.272963 0 0 1460.333591 1732.90582 0 0 0 0 0 0 0 0 0 0 0 0 0 0 0 0 0 0 0 0 0 0 0 0 0 0 0 0 0 0 0 0 0 0 0 0 0 0 0 0 0 0 0 0 0 0 0 0 0 0 0 0 0 0 0 0 0 0 0 0 0 0 0 0 0 0 0 0 0 0 0 0 0 0 0 0 0 0 0 0 0 0 0 0 0 0 0 0 0 0 0 0 
0 0 0 0 0 0 0 0 0 0 0 0 0 0 0 0 0 0 0 0 0 0 0 0 0 0 0 0 0 0 0 0 0 0 0 0 0 0 0 0 0 0 0 0 0 0 0 0 0 0 0 0 0 0 0 0 0 0 0 0 0 0 0 0 0 0 0 0 0 0 0 0 0 0 0 0 0 0 0 0 0 0 0 0 0 0 0 0 0 491.6825977 0 667.0548779 0 1081.068245 0 2011.368024 0 3202.454588 0 3266.197655 0 4591.947928 8939.204388 0 2484.171355 13420.23228 3751.010354 0 0 0 0 4181.926422 4467.371106 10537.83859 10589.73353 0 13440.01938 5928.862913 6704.335134 6955.882314 13445.86483 15974.70536 21379.95871 7237.578028 0 22772.91727 7102.609601 32320.29563 0 7978.477714 7457.423021 8197.013798 29640.94572 0 14454.30825 0 14141.10738 6275.250244 5500.737477 0 9549.221696 6942.475532 19206.65261 13356.08601 5470.319485 0 0 3198.047641 2408.691277 2705.242878 11131.12576 2331.916472 7024.622613 0 1673.723908 0 0 0 1975.357101 0 269.5460139 0 0 561.414728 511.0354915 0 0 341.5481926 0 0 0 0 0 0 0 0 0 0 0 0 0 0 0 0 0 0 0 0 0 0 0 0 0 0 0 0 0 0 0 0 0 0 0 0 0 0 0 0 0 0 0 0 0 0 0 0 0 0 0 0 0 0 0 0 0 0 0 0 0 0 0 0 0 0 0 0 0 0 0 0 0 0 0 0 0 0 0 0 0 0 0 0 0 0 0 0 
0 0 0 0 0 0 0 0 0 0 0 0 0 0 0 0 0 0 0 0 0 0 0 0 0 0 0 0 0 0 0 0 0 0 0 0 0 0 0 0 0 0 0 0 0 0 0 0 0 0 0 0 0 0 0 0 0 0 0 0 0 0 0 0 0 0 0 0 0 0 0 0 0 0 0 0 0 0 0 0 0 0 0 0 0 0 0 0 0 0 0 0 923.2493028 0 0 1681.542431 0 1757.65434 2430.459788 2548.627075 3425.284801 0 3527.663761 1690.311355 0 3644.408756 6029.640399 0 12277.34788 4712.556973 3083.178498 5025.276275 10227.10092 0 0 0 6007.165067 0 22605.48697 11457.77888 21649.91447 0 14705.32974 0 5947.432818 0 23026.39638 0 16082.79207 6908.615552 8204.050431 0 0 14223.5959 6724.683311 0 0 12222.9542 6074.362827 0 0 9436.979683 10556.22018 11062.39592 0 5748.055251 8697.920436 5277.286831 0 8196.541921 4510.904033 1966.818736 0 2400.496869 4835.299623 0 4661.183139 0 2121.113485 512.7090241 1038.417608 0 0 0 0 0 288.1392301 0 0 0 0 0 0 0 0 0 0 0 0 0 0 0 0 0 0 0 0 0 0 0 0 0 0 0 0 0 0 0 0 0 0 0 0 0 0 0 0 0 0 0 0 0 0 0 0 0 0 0 0 0 0 0 0 0 0 0 0 0 0 0 0 0 0 0 0 0 0 0 0 0 0 0 0 0 0 0 0 0 0 0 0 0 0 0 0 0 
0 0 0 0 0 0 0 0 0 0 0 0 0 0 0 0 0 0 0 0 0 0 0 0 0 0 0 0 0 0 0 0 0 0 0 0 0 0 0 0 0 0 0 0 0 0 0 0 0 0 0 0 0 0 0 0 0 0 0 0 0 0 0 0 0 0 0 0 0 0 0 0 0 0 0 0 0 0 0 0 0 0 0 0 0 0 0 0 0 0 0 0 0 0 0 0 0 450.2791981 0 0 0 0 0 0 2325.551645 0 0 0 0 4279.311795 0 0 0 9150.787135 4478.508526 0 0 0 4491.405024 5115.241176 0 0 0 0 7623.39583 0 0 0 17107.15624 0 0 0 0 0 6523.182199 0 0 0 0 7699.186712 0 4665.266054 0 0 3882.255144 3556.111543 0 8489.225131 0 0 0 0 0 0 0 0 1083.259197 1301.959789 0 1250.155295 0 0 0 721.2411086 0 0 0 0 0 0 0 0 0 0 0 0 0 0 0 0 0 0 0 0 0 0 0 0 0 0 0 0 0 0 0 0 0 0 0 0 0 0 0 0 0 0 0 0 0 0 0 0 0 0 0 0 0 0 0 0 0 0 0 0 0 0 0 0 0 0 0 0 0 0 0 0 0 0 0 0 0 0 0 0 0 0 0 0 0 0 0 0 0 0 0 0 
0 0 0 0 0 0 0 0 0 0 0 0 0 0 0 0 0 0 0 0 0 0 0 0 0 0 0 0 0 0 0 0 0 0 0 0 0 0 0 0 0 0 0 0 0 0 0 0 0 0 0 0 0 0 0 0 0 0 0 0 0 0 0 0 0 0 0 0 0 0 0 0 0 0 0 0 0 0 0 0 0 0 0 0 0 0 0 0 0 0 0 574.2935515 0 0 0 0 0 0 0 0 0 0 0 0 0 3441.619015 0 0 0 0 0 0 0 0 0 0 0 0 0 0 0 0 0 0 0 0 0 0 0 0 0 0 8982.890584 0 0 0 0 0 0 0 0 0 0 0 0 2621.365245 0 0 0 0 0 0 0 0 0 527.6790092 0 0 0 0 0 0 0 0 0 0 0 0 0 0 0 0 0 0 0 0 0 0 0 0 0 0 0 0 0 0 0 0 0 0 0 0 0 0 0 0 0 0 0 0 0 0 0 0 0 0 0 0 0 0 0 0 0 0 0 0 0 0 0 0 0 0 0 0 0 0 0 0 0 0 0 0 0 0 0 0 0 0 0 0 0 0 0 0 0 0 0 0 0 0 0 0 0 0 0 0 
0 0 0 0 0 0 0 0 0 0 0 0 0 0 0 0 0 0 0 0 0 0 0 0 0 0 0 0 0 0 0 0 0 0 0 0 0 0 0 0 0 0 0 0 0 0 0 0 0 0 0 0 0 0 0 0 0 0 0 0 0 0 0 0 0 0 0 0 0 0 0 0 0 0 0 0 0 0 0 0 0 0 0 0 0 0 0 0 0 90.80428349 0 0 0 0 228.1184545 0 0 0 0 623.9426458 0 0 0 0 0 2259.501197 0 3150.079938 0 0 0 3033.025346 0 0 4499.908961 3406.978349 0 0 8460.532832 0 3972.458558 0 0 0 5910.930859 0 0 0 5362.111578 0 0 4537.892162 0 0 4736.4732 6950.326911 0 0 0 5584.355654 0 3914.712587 0 0 0 0 2652.072426 0 0 0 1882.119861 0 1213.421903 0 0 4728.043102 0 0 804.9940277 0 0 0 0 441.7543201 0 0 0 0 0 0 0 0 0 0 0 0 0 0 0 0 0 0 0 0 0 0 0 0 0 0 0 0 0 0 0 0 0 0 0 0 0 0 0 0 0 0 0 0 0 0 0 0 0 0 0 0 0 0 0 0 0 0 0 0 0 0 0 0 0 0 0 0 0 0 0 0 0 0 0 0 0 0 0 0 0 0 0 0 0 0 0 0 0 0 0 0 
0 0 0 0 0 0 0 0 0 0 0 0 0 0 0 0 0 0 0 0 0 0 0 0 0 0 0 0 0 0 0 0 0 0 0 0 0 0 0 0 0 0 0 0 0 0 0 0 0 0 0 0 0 0 0 0 0 0 0 0 0 0 0 0 0 0 0 0 0 0 0 0 0 0 0 0 0 0 0 0 0 0 0 0 0 0 0 0 0 0 0 0 0 0 0 0 0 0 0 0 0 0 0 0 0 2931.054415 0 0 0 0 1614.926769 3354.715996 0 0 5343.239807 0 0 5167.500059 0 12301.19688 0 5231.13036 0 0 0 5528.384755 0 0 0 11564.89576 0 0 0 748.8956628 3633.123399 0 2807.383996 9117.790517 3896.423264 5495.888996 0 3737.733387 11002.78267 2560.060844 3253.684391 4165.177136 0 1016.332317 3023.758364 2122.083287 5405.752071 8681.359166 0 0 0 0 0 1055.895464 0 0 0 0 0 554.1009254 619.160235 0 0 0 0 0 0 0 0 0 0 0 0 0 0 0 0 0 0 0 0 0 0 0 0 0 0 0 0 0 0 0 0 0 0 0 0 0 0 0 0 0 0 0 0 0 0 0 0 0 0 0 0 0 0 0 0 0 0 0 0 0 0 0 0 0 0 0 0 0 0 0 0 0 0 0 0 0 0 0 0 0 0 0 0 0 0 0 0 0 0 0 
0 0 0 0 0 0 0 0 0 0 0 0 0 0 0 0 0 0 0 0 0 0 0 0 0 0 0 0 0 0 0 0 0 0 0 0 0 0 0 0 0 0 0 0 0 0 0 0 0 0 0 0 0 0 0 0 0 0 0 0 0 0 0 0 0 0 0 0 0 0 0 0 0 0 0 0 0 0 0 0 0 0 0 0 0 0 0 0 0 0 0 0 0 0 620.9318341 0 1302.22125 0 1132.467658 272.6950358 4340.450887 481.5854947 1193.601544 0 2031.18153 5633.684459 0 3444.72805 4514.94945 0 0 0 12088.53936 0 0 0 4459.776807 6165.845559 2749.829795 0 15896.33506 0 10132.02319 5190.858794 11241.45494 18621.68865 0 6704.696832 0 5836.6966 15106.34551 0 0 4471.044598 5507.069319 6113.779187 0 6665.277199 0 3667.914379 2966.320345 4546.251495 0 3287.514295 0 0 0 3369.062616 0 2326.354147 0 3046.705897 0 3757.27438 1257.956768 2110.204028 0 1304.193686 613.2694853 2393.271847 0 1594.362476 0 566.0188755 0 0 0 122.6311119 0 0 0 0 0 0 0 0 0 0 0 0 0 0 0 0 0 0 0 0 0 0 0 0 0 0 0 0 0 0 0 0 0 0 0 0 0 0 0 0 0 0 0 0 0 0 0 0 0 0 0 0 0 0 0 0 0 0 0 0 0 0 0 0 0 0 0 0 0 0 0 0 0 0 0 0 0 0 0 0 0 0 0 0 0 0 0 0 
0 0 0 0 0 0 0 0 0 0 0 0 0 0 0 0 0 0 0 0 0 0 0 0 0 0 0 0 0 0 0 0 0 0 0 0 0 0 0 0 0 0 0 0 0 0 0 0 0 0 0 0 0 0 0 0 0 0 0 0 0 0 0 0 0 0 0 0 0 0 0 0 0 0 0 0 0 0 0 0 0 0 0 0 0 0 0 0 0 0 0 263.4895984 0 0 1387.224674 0 1984.62691 1338.545266 1467.199313 90.51135452 1406.507347 2803.686595 6446.245724 7781.326507 3141.422894 7379.679928 8101.881194 3100.560608 0 7121.961511 5028.390754 5993.372608 2288.542645 9411.153006 4145.153139 4345.454499 0 4301.118218 0 6084.328556 1546.719957 8565.634196 994.9184498 10951.10348 11231.29075 5037.336923 11538.03794 4683.578735 19630.27113 13819.42099 443.1052575 4472.137392 5522.621359 8545.845763 0 0 8824.359866 5442.82839 3960.934494 3563.204981 3648.829118 6812.701452 0 4442.372214 2815.921233 6730.118898 2484.968297 1473.742402 0 4350.608775 8299.322956 7467.417514 2143.423192 4978.570398 1462.08112 1564.960586 0 120.1844293 0 0 1260.158055 0 0 778.2663386 0 0 0 13.38010333 0 0 0 0 0 0 0 0 0 0 0 0 0 0 0 0 0 0 0 0 0 0 0 0 0 0 0 0 0 0 0 0 0 0 0 0 0 0 0 0 0 0 0 0 0 0 0 0 0 0 0 0 0 0 0 0 0 0 0 0 0 0 0 0 0 0 0 0 0 0 0 0 0 0 0 0 0 0 0 0 0 0 0 0 0 0 0 0 
0 0 0 0 0 0 0 0 0 0 0 0 0 0 0 0 0 0 0 0 0 0 0 0 0 0 0 0 0 0 0 0 0 0 0 0 0 0 0 0 0 0 0 0 0 0 0 0 0 0 0 0 0 0 0 0 0 0 0 0 0 0 0 0 0 0 0 0 0 0 0 0 0 0 0 0 0 0 0 0 0 0 0 0 0 0 0 0 0 0 19.05431268 222.6723581 681.6556651 1540.616625 642.8547875 563.1542277 93.18680191 971.8847214 506.8910313 1805.225959 4234.029781 757.137368 4752.653395 4532.488757 3594.195219 1426.506949 4480.082322 2341.630396 0 0 9344.988609 0 4357.398914 9661.754577 5682.535562 6807.963141 20677.47443 3944.782902 4087.712186 11549.20761 19277.10379 9364.042123 17170.4242 0 5955.716342 5609.727444 7366.538026 10422.14362 7407.685526 6806.043988 17884.71926 0 5219.993374 0 6306.911024 4417.67637 5000.724282 10751.61618 2775.950705 4844.058717 10618.83173 0 7643.102339 7325.95821 4098.572801 5948.065629 14319.39374 2717.203129 7072.812106 2739.200303 2042.756785 3520.981155 0 1165.837581 0 1512.935648 4021.776638 0 2.8244622 143.8749819 278.0949436 579.3390607 963.3219742 0 0 0 0 33.98871011 0 0 0 0 0 0 0 0 0 0 0 0 0 0 0 0 0 0 0 0 0 0 0 0 0 0 0 0 0 0 0 0 0 0 0 0 0 0 0 0 0 0 0 0 0 0 0 0 0 0 0 0 0 0 0 0 0 0 0 0 0 0 0 0 0 0 0 0 0 0 0 0 0 0 0 0 0 0 0 0 0 0 0 0 0 0 0 0 
0 0 0 0 0 0 0 0 0 0 0 0 0 0 0 0 0 0 0 0 0 0 0 0 0 0 0 0 0 0 0 0 0 0 0 0 0 0 0 0 0 0 0 0 0 0 0 0 0 0 0 0 0 0 0 0 0 0 0 0 0 0 0 0 0 0 0 0 0 0 0 0 0 0 0 0 0 0 0 0 0 0 0 0 0 0 0 0 0 0 0 798.8831186 0 112.6383584 801.9989387 1954.166543 1887.090597 0 1747.991456 3871.376812 2413.72289 1166.767833 2621.298577 6690.702616 2259.860154 6783.274917 0 6155.801701 4357.877814 3661.146964 4820.695832 7448.025081 2836.799977 4675.310331 8187.580749 9689.764115 16788.94268 11758.13694 0 10240.49504 4941.079361 14633.66102 0 5194.654555 6563.326267 5732.462969 6887.866214 14307.60264 25575.68159 7094.851471 6153.056165 5237.608723 13326.35213 0 5932.809445 9632.185087 0 9487.009392 10250.04473 6935.198919 6884.705084 4998.942141 8378.603536 4997.634764 4205.612555 0 0 23.33175301 8051.926395 3112.105548 2528.284667 5034.644048 7248.335408 2706.546451 917.132716 2100.026831 324.4294418 875.3946652 1732.306245 1998.601845 200.3554048 1080.985101 0 735.1232221 1210.078655 0 0 278.2104027 19.97464385 0 0 0 0 0 0 0 0 0 0 0 0 0 0 0 0 0 0 0 0 0 0 0 0 0 0 0 0 0 0 0 0 0 0 0 0 0 0 0 0 0 0 0 0 0 0 0 0 0 0 0 0 0 0 0 0 0 0 0 0 0 0 0 0 0 0 0 0 0 0 0 0 0 0 0 0 0 0 0 0 0 0 0 0 0 0 0 
0 0 0 0 0 0 0 0 0 0 0 0 0 0 0 0 0 0 0 0 0 0 0 0 0 0 0 0 0 0 0 0 0 0 0 0 0 0 0 0 0 0 0 0 0 0 0 0 0 0 0 0 0 0 0 0 0 0 0 0 0 0 0 0 0 0 0 0 0 0 0 0 0 0 0 0 0 0 0 0 0 0 0 0 0 0 0 0 0 0 310.0920133 0 104.1188403 0 1259.10535 1832.39492 0 2455.627599 1204.174193 3097.398087 3325.438412 3220.159451 2320.335727 3451.54012 8165.673556 6658.913625 4253.537081 0 9307.595338 14563.30534 5329.606623 4133.642027 5343.081082 15021.01474 8487.337707 10014.87337 9216.11329 11826.86308 16150.30669 6703.664091 10882.51026 20227.43199 16961.70185 21816.9193 14632.48505 14668.407 3405.961681 23571.19987 9429.246232 19270.15513 9480.554091 10593.07622 10811.22718 1391.504142 12523.10164 9818.609961 7159.308535 9537.034889 22013.57588 10165.85607 19114.85051 13467.6408 19076.32519 4243.539496 5892.051217 3737.721961 0.1431314728 11975.94953 5600.821917 0 9650.965976 3764.1288 5989.143773 0 0 6298.374888 2900.695221 569.3000407 2533.769588 395.2619459 2409.009468 783.3400119 1287.326426 1110.206353 0 223.9747343 117.7418131 0 0 0 0 0 0 0 0 0 0 0 0 0 0 0 0 0 0 0 0 0 0 0 0 0 0 0 0 0 0 0 0 0 0 0 0 0 0 0 0 0 0 0 0 0 0 0 0 0 0 0 0 0 0 0 0 0 0 0 0 0 0 0 0 0 0 0 0 0 0 0 0 0 0 0 0 0 0 0 0 0 0 0 0 0 0 0 0 0 
0 0 0 0 0 0 0 0 0 0 0 0 0 0 0 0 0 0 0 0 0 0 0 0 0 0 0 0 0 0 0 0 0 0 0 0 0 0 0 0 0 0 0 0 0 0 0 0 0 0 0 0 0 0 0 0 0 0 0 0 0 0 0 0 0 0 0 0 0 0 0 0 0 0 0 0 0 0 0 0 0 0 0 0 0 0 0 16.86279055 14.26424667 0 504.0483002 106.4602287 0 376.8408152 204.3394002 284.6208967 2536.591274 354.0967252 4001.716511 4432.704399 1240.164452 532.131396 1186.286897 0 0 4496.530747 5343.951488 2087.976274 7044.36316 11452.9683 5379.058613 5101.807213 2391.156642 2191.949968 8085.732361 3500.168698 3275.667018 18057.39428 2384.252235 0 8088.038909 7454.85539 8646.267652 6342.184744 5881.47492 0.0468326403 0 7951.795956 19717.84025 7796.993022 6119.342406 3148.278645 24668.54516 16389.96265 3884.430036 10867.72355 7450.257131 6937.797503 12631.30496 0 13714.72843 6053.243815 9025.287759 4083.650907 7446.965996 3460.284688 7643.291706 0 3091.500058 902.1103793 3256.26842 237.5200521 9984.729368 9056.615955 4609.337059 7934.361936 3207.781478 2863.22164 162.1399192 2923.966265 0 1545.890818 0 1015.829365 0 0 0 0 0 0 0 0 0 0 0 0 0 0 0 0 0 0 0 0 0 0 0 0 0 0 0 0 0 0 0 0 0 0 0 0 0 0 0 0 0 0 0 0 0 0 0 0 0 0 0 0 0 0 0 0 0 0 0 0 0 0 0 0 0 0 0 0 0 0 0 0 0 0 0 0 0 0 0 0 0 0 0 0 0 0 0 0 0 0 0 0 
0 0 0 0 0 0 0 0 0 0 0 0 0 0 0 0 0 0 0 0 0 0 0 0 0 0 0 0 0 0 0 0 0 0 0 0 0 0 0 0 0 0 0 0 0 0 0 0 0 0 0 0 0 0 0 0 0 0 0 0 0 0 0 0 0 0 0 0 0 0 0 0 0 0 0 0 0 0 0 0 0 0 0 0 0 0 0 29.82276404 0 104.5617178 35.58068921 911.3089532 0 795.2414352 305.9746531 0 1345.105801 0 1431.994835 4313.242318 2291.431305 1155.20262 2238.775198 889.7946449 0.03228173638 3768.32647 1678.28185 11134.06104 4236.483718 0.0001995508262 10840.2975 2726.480104 9057.930634 21.94815351 0 0 4577.03482 3498.114359 0 5944.957895 12734.69501 0 12051.28244 5099.026341 4466.249457 0.003900370419 13143.82077 5993.426978 3666.744635 256.4088037 16246.72797 9594.596433 5152.999769 1342.558247 4046.567571 3024.872935 10246.78772 15123.87798 0 6699.17378 0 22640.9969 8580.014325 0.0001984995904 6352.082304 115.2114957 1738.33387 5548.282878 0 7287.0218 1401.916872 126.457968 2950.29771 2844.878679 697.1241572 725.8265747 4515.854307 2922.926857 1200.924776 755.1817398 0 570.3698542 0 72.88653419 226.8413078 0 0 0 0 0 0 0 0 0 0 0 0 0 0 0 0 0 0 0 0 0 0 0 0 0 0 0 0 0 0 0 0 0 0 0 0 0 0 0 0 0 0 0 0 0 0 0 0 0 0 0 0 0 0 0 0 0 0 0 0 0 0 0 0 0 0 0 0 0 0 0 0 0 0 0 0 0 0 0 0 0 0 0 0 0 0 0 0 0 0 0 
0 0 0 0 0 0 0 0 0 0 0 0 0 0 0 0 0 0 0 0 0 0 0 0 0 0 0 0 0 0 0 0 0 0 0 0 0 0 0 0 0 0 0 0 0 0 0 0 0 0 0 0 0 0 0 0 0 0 0 0 0 0 0 0 0 0 0 0 0 0 0 0 0 0 0 0 0 0 0 0 0 0 0 0 0 0 0 0 0.5575709953 0 0 223.3796095 357.6611672 511.1563943 694.7232814 828.649583 0.07213423498 1458.414632 3642.737673 0 2606.888482 4892.928704 2.220462942e-05 2836.811351 1412.959917 9129.245043 3742.418851 1224.726094 62.46668447 2296.947796 77.46157527 2330.975853 2369.048174 13671.70275 10061.28071 0 6827.317745 3065.340446 11452.43112 17103.0786 1595.125311 17398.29955 11177.19993 0 9840.436231 11367.10047 3822.382011 11640.08696 7483.716894 6136.409083 20267.07656 5375.557515 11571.79725 3332.799725 7408.495784 2922.098568 19598.51302 8090.675138 1849.501927 3453.169331 4993.285259 4008.075861 7358.515915 5357.591534 1509.191374 5468.353716 5244.481927 3.482877588 2432.350626 3322.627954 1203.226172 4491.866453 0 1981.857612 2228.800918 0.0135621972 148.8270048 1364.837936 151.1000898 694.7338574 1419.886987 1358.178357 1046.001938 0 0 0 0 0 0 0 0 0 0 0 0 0 0 0 0 0 0 0 0 0 0 0 0 0 0 0 0 0 0 0 0 0 0 0 0 0 0 0 0 0 0 0 0 0 0 0 0 0 0 0 0 0 0 0 0 0 0 0 0 0 0 0 0 0 0 0 0 0 0 0 0 0 0 0 0 0 0 0 0 0 0 0 0 0 0 0 0 0 0 0 0 0 
0 0 0 0 0 0 0 0 0 0 0 0 0 0 0 0 0 0 0 0 0 0 0 0 0 0 0 0 0 0 0 0 0 0 0 0 0 0 0 0 0 0 0 0 0 0 0 0 0 0 0 0 0 0 0 0 0 0 0 0 0 0 0 0 0 0 0 0 0 0 0 0 0 0 0 0 0 0 0 0 0 0 0 0 0 0 0 0 4.787843175 55.47844398 0 0 802.9070232 0 336.5250056 890.9510285 842.1698004 891.0428751 0 815.8562922 1443.414624 5690.32593 4031.678497 2929.004715 1040.456179 3594.451757 3808.289716 0 8026.458124 4165.415464 4313.878634 5619.20223 2462.217651 3491.461752 0 7419.614665 5623.694898 0 3051.834654 3507.690788 12794.60437 3004.35137 13588.38407 13088.46277 0 21962.61505 3010.716931 0 6056.510748 10715.24224 10387.9142 8457.453743 5338.541582 7524.515061 16202.06383 7292.333958 11689.06139 5088.958712 10502.91588 8885.105697 4950.90803 1494.645273 32.05956884 1773.03433 3915.263361 6799.348901 4007.914638 7320.955431 11374.88574 329.7040701 5293.483556 442.8233277 2037.46547 1607.626403 4972.088771 1555.403558 335.2456337 2158.047913 0.002119896519 569.6111972 952.386816 140.0896261 205.755356 738.0739524 618.6967685 0 0 0 0 0 0 0 0 0 0 0 0 0 0 0 0 0 0 0 0 0 0 0 0 0 0 0 0 0 0 0 0 0 0 0 0 0 0 0 0 0 0 0 0 0 0 0 0 0 0 0 0 0 0 0 0 0 0 0 0 0 0 0 0 0 0 0 0 0 0 0 0 0 0 0 0 0 0 0 0 0 0 0 0 0 0 0 0 0 0 0 
0 0 0 0 0 0 0 0 0 0 0 0 0 0 0 0 0 0 0 0 0 0 0 0 0 0 0 0 0 0 0 0 0 0 0 0 0 0 0 0 0 0 0 0 0 0 0 0 0 0 0 0 0 0 0 0 0 0 0 0 0 0 0 0 0 0 0 0 0 0 0 0 0 0 0 0 0 0 0 0 0 0 0 0 0 0 0 0 0 0 130.9229846 0 0 543.6565913 32.07737439 363.5624079 2.753618727e-05 327.8580674 1211.909181 0 6.805511857e-10 791.7401134 2738.10642 0 2814.981823 1284.425976 5651.75195 1199.974423 2270.670272 2040.07763 0 0 3386.640454 3222.506645 0.001018709628 2078.870018 6347.156361 6.190932817e-11 1608.227905 10990.93227 3059.228732 6966.051113 5349.562234 22060.77986 6.04776846e-05 11517.17479 3815.439049 6886.784686 16345.65611 3265.826222 0 4293.381073 9192.262096 456.2358285 2003.634115 8957.937918 11839.93401 4133.307782 16493.01248 1.794622087e-05 1197.830204 6728.799438 9310.389966 0.0187605277 5752.707135 8250.279652 53.44191326 9.67303988e-09 6.385212395e-08 1748.098171 1185.628665 4755.152237 1752.795275 688.1568369 2023.344784 2006.137395 1698.771224 331.1569004 1640.549377 1001.168873 247.2930626 1701.518691 825.8615033 740.665679 317.4176628 6.565501385 0 0 0 0 0 0 0 0 0 0 0 0 0 0 0 0 0 0 0 0 0 0 0 0 0 0 0 0 0 0 0 0 0 0 0 0 0 0 0 0 0 0 0 0 0 0 0 0 0 0 0 0 0 0 0 0 0 0 0 0 0 0 0 0 0 0 0 0 0 0 0 0 0 0 0 0 0 0 0 0 0 0 0 0 0 0 0 0 0 0 
0 0 0 0 0 0 0 0 0 0 0 0 0 0 0 0 0 0 0 0 0 0 0 0 0 0 0 0 0 0 0 0 0 0 0 0 0 0 0 0 0 0 0 0 0 0 0 0 0 0 0 0 0 0 0 0 0 0 0 0 0 0 0 0 0 0 0 0 0 0 0 0 0 0 0 0 0 0 0 0 0 0 0 0 0 0 0 0 0 0 0 0 0 1010.566318 1002.837387 973.5878507 240.5063021 0.003330077831 146.8644347 1011.534959 0 2116.066396 2698.518394 0 0.0005613950871 0 2894.147651 5356.210173 3405.929492 7.99239116e-10 1.547231563e-07 2198.479381 3100.880375 3068.020436 12289.97937 4884.737466 0 0.03996989105 2743.011233 4056.119163 2850.762735 0 65.86599942 18752.481 3173.340475 5991.281641 11202.29505 7754.346247 2.251599939e-21 3398.311214 7567.250652 1.418398319 4.922376051e-07 9296.759037 2.371362622e-19 2.212034695e-12 0.2743291724 0.01207593444 5.07131185e-10 5141.822674 3355.87169 2656.000618 8215.687278 4748.794046 1287.97537 0 4510.320261 2491.225818 1005.374164 4776.897605 1275.780074 2528.536512 2812.374548 2247.900971 3006.873973 62.22464426 3.082570979e-11 926.2911622 596.4122705 774.7949742 1006.889113 44.23652314 1107.789001 604.1208563 173.669115 134.2062113 0 89.08454495 0 0 0 0 0 0 0 0 0 0 0 0 0 0 0 0 0 0 0 0 0 0 0 0 0 0 0 0 0 0 0 0 0 0 0 0 0 0 0 0 0 0 0 0 0 0 0 0 0 0 0 0 0 0 0 0 0 0 0 0 0 0 0 0 0 0 0 0 0 0 0 0 0 0 0 0 0 0 0 0 0 0 0 0 0 0 0 0 
0 0 0 0 0 0 0 0 0 0 0 0 0 0 0 0 0 0 0 0 0 0 0 0 0 0 0 0 0 0 0 0 0 0 0 0 0 0 0 0 0 0 0 0 0 0 0 0 0 0 0 0 0 0 0 0 0 0 0 0 0 0 0 0 0 0 0 0 0 0 0 0 0 0 0 0 0 0 0 0 0 0 0 0 0 0 0 0 0 0 34.96337468 0 0.2314728398 643.923023 0 984.5412549 0 0.1816548525 0 3574.42537 1579.616791 1912.36943 0.04021314022 5262.176602 12.95560783 943.3994251 2811.482676 1678.995968 4.166830796e-06 6444.202009 0 3210.40874 2748.858296 2398.449531 5.615355667e-07 9.728850294e-07 2849.221767 3908.726059 9557.284667 15487.97967 12053.82552 4.376517086e-12 0.4750390564 4382.163227 4339.117593 16930.29651 12131.57363 5621.611424 11260.14064 6298.492082 4302.426438 9533.873572 14153.48573 10265.35685 1.304949611e-05 3.259227533e-07 6083.556805 2013.806433 5.614818527e-09 14.24213118 4448.284326 5123.322748 0.0001469533074 2.652813901e-07 3130.219307 0 570.2990898 0 2079.393927 3918.803759 3428.480282 911.5523218 699.8146138 1365.507487 1687.790689 0 0 638.741054 396.9308575 1195.436056 269.8325663 53.46142235 0 0 1.291535591 0 30.71455114 0 0 0 0 0 0 0 0 0 0 0 0 0 0 0 0 0 0 0 0 0 0 0 0 0 0 0 0 0 0 0 0 0 0 0 0 0 0 0 0 0 0 0 0 0 0 0 0 0 0 0 0 0 0 0 0 0 0 0 0 0 0 0 0 0 0 0 0 0 0 0 0 0 0 0 0 0 0 0 0 0 0 0 0 0 0 0 0 0 
0 0 0 0 0 0 0 0 0 0 0 0 0 0 0 0 0 0 0 0 0 0 0 0 0 0 0 0 0 0 0 0 0 0 0 0 0 0 0 0 0 0 0 0 0 0 0 0 0 0 0 0 0 0 0 0 0 0 0 0 0 0 0 0 0 0 0 0 0 0 0 0 0 0 0 0 0 0 0 0 0 0 0 0 0 0 0 0 0 247.2393681 824.2063879 0 22.51280884 867.7569785 0 904.3906529 1293.596661 399.6252723 26.02099344 1236.523993 4911.977848 4724.904804 28.72414684 1.780063195 8.628444606e-10 3014.575315 1358.11912 0 0 1.371847851e-06 2200.671053 6987.736717 0.0008395125096 3.233940236e-05 3814.511318 2472.831873 5929.866093 2999.941218 3828.013139 10333.88379 0 2475.844682 9298.236146 0 518.1571912 4.031330239e-14 4182.135399 0 0.0682656283 13810.74016 16903.2896 1.016492394e-10 8024.352914 0 4923.737757 7019.548096 2881.58055 3989.536896 1785.891076 4167.336037 10254.46163 2023.807506 3100.930294 1.061974373e-08 2467.051587 0 0 6893.106184 714.2178655 1523.267794 3.254240089e-11 9.061544813e-06 4500.867476 3242.117461 0 5466.683746 1314.411725 107.7893799 290.4909331 886.885243 0.6064795399 3.675950326e-12 196.488219 722.2769515 0 0 1.70755393e-20 0 0 0 0 0 0 0 0 0 0 0 0 0 0 0 0 0 0 0 0 0 0 0 0 0 0 0 0 0 0 0 0 0 0 0 0 0 0 0 0 0 0 0 0 0 0 0 0 0 0 0 0 0 0 0 0 0 0 0 0 0 0 0 0 0 0 0 0 0 0 0 0 0 0 0 0 0 0 0 0 0 0 0 0 0 0 0 0 0 
0 0 0 0 0 0 0 0 0 0 0 0 0 0 0 0 0 0 0 0 0 0 0 0 0 0 0 0 0 0 0 0 0 0 0 0 0 0 0 0 0 0 0 0 0 0 0 0 0 0 0 0 0 0 0 0 0 0 0 0 0 0 0 0 0 0 0 0 0 0 0 0 0 0 0 0 0 0 0 0 0 0 0 0 0 0 0 5.532154429 0.07658957418 0 0 327.0924722 0.02634247821 0 4.822762224e-13 0 27.25811416 1153.786374 204.287731 1.133962332e-19 1162.200319 1285.911603 2597.462064 2163.823992 7.300598407 4.043171755e-10 565.0497279 5442.378299 7607.063735 1765.363608 2277.09743 1923.052262 10833.82439 0 4835.810762 3845.914059 3.126941872e-11 4831.726435 6422.028132 5206.674095 9784.259152 3778.478635 0 4722.341094 7707.328477 5962.583347 3832.753743 9438.85778 9684.190914 5698.068585 12827.5673 3740.696509 2911.72299 12078.24404 2749.138116 3902.774006 5558.811033 2044.842893 5453.980012 5742.798753 6964.182417 5200.930382 0 3.09058919e-19 1443.351151 1822.697678 0.02674796722 2711.074819 32.91708344 9747.778193 7263.998805 570.9719858 2473.025385 971.1867605 7.118813199e-10 4550.491434 2628.046449 752.2035544 2041.659595 484.9410928 657.7314048 0 0 436.0647523 1.487718095 226.9992928 197.1276159 0 0 0 0 0 0 0 0 0 0 0 0 0 0 0 0 0 0 0 0 0 0 0 0 0 0 0 0 0 0 0 0 0 0 0 0 0 0 0 0 0 0 0 0 0 0 0 0 0 0 0 0 0 0 0 0 0 0 0 0 0 0 0 0 0 0 0 0 0 0 0 0 0 0 0 0 0 0 0 0 0 0 0 0 0 0 0 0 0 
0 0 0 0 0 0 0 0 0 0 0 0 0 0 0 0 0 0 0 0 0 0 0 0 0 0 0 0 0 0 0 0 0 0 0 0 0 0 0 0 0 0 0 0 0 0 0 0 0 0 0 0 0 0 0 0 0 0 0 0 0 0 0 0 0 0 0 0 0 0 0 0 0 0 0 0 0 0 0 0 0 0 0 0 0 0 0 0 0 0 5.026436257e-16 416.935149 853.3167365 6.247733785e-16 579.8261759 1105.180821 553.7842231 2221.227723 0 432.632423 1554.105575 0 1146.582423 937.7102249 3.019619629e-13 2526.895195 8415.089882 4965.775026 3417.79319 9.270886075 3760.719448 2146.193799 3871.141051 13.94595458 4591.167098 0 7131.008069 2801.216091 7519.562518 106.483206 0 4207.29647 3550.265703 7829.079732 10616.57391 9715.719444 2688.498896 387.6254565 7630.034423 12877.39231 0.5838301725 3616.343312 18110.56385 5990.241231 0 2832.784432 5229.668212 13298.46497 0.001253005329 2663.04752 6545.718227 3510.503651 15.23260334 5245.377683 5788.168591 8410.417558 9371.947568 7290.438416 4127.058815 2977.062266 286.5733287 1484.297713 8.697244705e-16 47.78454817 6.633748502e-15 1023.837413 1134.842881 485.3274643 172.9332963 472.5300538 3.598358471e-18 0 2584.19592 710.151629 0 0 183.2655539 0.102897595 6.139297086e-22 0 0 0 0 0 0 0 0 0 0 0 0 0 0 0 0 0 0 0 0 0 0 0 0 0 0 0 0 0 0 0 0 0 0 0 0 0 0 0 0 0 0 0 0 0 0 0 0 0 0 0 0 0 0 0 0 0 0 0 0 0 0 0 0 0 0 0 0 0 0 0 0 0 0 0 0 0 0 0 0 0 0 0 0 0 0 0 
0 0 0 0 0 0 0 0 0 0 0 0 0 0 0 0 0 0 0 0 0 0 0 0 0 0 0 0 0 0 0 0 0 0 0 0 0 0 0 0 0 0 0 0 0 0 0 0 0 0 0 0 0 0 0 0 0 0 0 0 0 0 0 0 0 0 0 0 0 0 0 0 0 0 0 0 0 0 0 0 0 0 0 0 0 0 0 0 155.0324058 0 0 4.652640848e-26 0 1371.245284 0.1187747422 1105.506513 31.82336778 707.3332523 1573.038111 3.657099818e-08 1047.189736 10.73966586 0 1.608159979e-16 1439.440654 4495.593253 6092.395523 0 3266.736385 2399.878471 4690.094119 1449.96725 6.092292076e-07 4393.757651 10.73370803 3161.842486 2816.377305 6.652964723e-16 2701.238458 4690.484784 760.4162142 0.002196454313 0 9210.119297 8899.393197 2519.740419 14322.58002 4542.091496 0 3821.130993 2841.877565 4.687518069e-08 117.1486497 5031.354449 0 2106.274634 7799.903424 98.95113799 3965.476873 6375.559017 5118.785151 4564.134392 6248.730795 4.499890268e-05 0.1326740526 1812.907056 4718.702835 4999.806589 0 0 896.0771179 991.6156985 1918.783564 2205.882651 0 899.0025967 2244.904826 0 1314.750453 1910.614483 0 4.448746597e-14 66.51530264 0 521.5862402 0 177.5963228 0 0 0 0 0 0 0 0 0 0 0 0 0 0 0 0 0 0 0 0 0 0 0 0 0 0 0 0 0 0 0 0 0 0 0 0 0 0 0 0 0 0 0 0 0 0 0 0 0 0 0 0 0 0 0 0 0 0 0 0 0 0 0 0 0 0 0 0 0 0 0 0 0 0 0 0 0 0 0 0 0 0 0 0 0 0 0 0 0 
0 0 0 0 0 0 0 0 0 0 0 0 0 0 0 0 0 0 0 0 0 0 0 0 0 0 0 0 0 0 0 0 0 0 0 0 0 0 0 0 0 0 0 0 0 0 0 0 0 0 0 0 0 0 0 0 0 0 0 0 0 0 0 0 0 0 0 0 0 0 0 0 0 0 0 0 0 0 0 0 0 0 0 0 0 0 0 0 0 40.31251304 420.3539393 504.4686256 8.020488185e-15 0 1.523104669e-09 31.18079926 2.716799192 1081.711004 937.0683971 425.1652062 0.005641406093 564.808978 735.4519653 1543.109055 1.57469758e-21 1558.936448 1107.444253 3766.38638 2982.685639 587.8653753 3.439674709e-10 1390.850108 1088.214648 5.588398543e-08 10492.99847 0 2791.587706 3509.916489 1937.075915 311.0396661 4726.852023 1.906554333e-09 11003.16721 2266.97163 7588.15739 4653.350327 4351.461295 3737.505075 8440.636342 3158.706942 4672.209329 11365.92217 7264.675273 694.3541003 7010.274212 3078.092756 8585.695984 9313.803406 4648.081601 2811.239278 4662.175245 2580.554691 3.649377117e-26 4380.274994 3002.419 71.4221819 1517.867596 7586.221383 2363.572131 4534.925168 1960.556007 1100.879567 1510.924361 1458.11158 2729.193359 61.35910904 1880.717255 1110.185325 0 2330.583714 294.3411728 0 42.37997723 191.2486074 9.813600833e-12 108.8003163 314.0216966 0 0 0 0 0 0 0 0 0 0 0 0 0 0 0 0 0 0 0 0 0 0 0 0 0 0 0 0 0 0 0 0 0 0 0 0 0 0 0 0 0 0 0 0 0 0 0 0 0 0 0 0 0 0 0 0 0 0 0 0 0 0 0 0 0 0 0 0 0 0 0 0 0 0 0 0 0 0 0 0 0 0 0 0 0 0 0 0 0 
0 0 0 0 0 0 0 0 0 0 0 0 0 0 0 0 0 0 0 0 0 0 0 0 0 0 0 0 0 0 0 0 0 0 0 0 0 0 0 0 0 0 0 0 0 0 0 0 0 0 0 0 0 0 0 0 0 0 0 0 0 0 0 0 0 0 0 0 0 0 0 0 0 0 0 0 0 0 0 0 0 0 0 0 0 0 0 2.85818235e-18 76.23373277 0 0 0.0004751615712 312.4819488 432.4670518 629.6263182 578.1070095 0.01406578891 956.6003253 1860.566709 1.640375096e-16 1.121655812e-39 2376.076639 1492.484362 4.543427978e-21 885.3847937 5927.855352 1368.07762 100.8861877 4325.927693 622.2850172 3185.528562 1.424410322e-10 7406.716893 0 857.5883913 1579.541222 7714.240892 3898.899338 9521.209711 0 0 20012.29223 449.1485817 2861.405736 9.793141063e-15 7.11044249e-06 7643.681525 4818.731043 2775.048232 6883.068026 136.0983265 2656.604984 9067.741557 349.8839508 1.073143905e-12 0 5.611434658e-15 7.605801127e-15 0.002254401679 3007.895105 6789.24219 4699.573172 7.201255091e-07 3193.441098 6481.406985 1968.884908 2655.697656 1.995596392e-29 353.9665197 0 2171.99033 0.5545497869 1999.081854 663.454765 0 2499.305226 0 2.136644883e-10 1252.369451 463.3917968 245.0787497 1.478286331e-43 2.284977046 282.8068293 1.835150951e-17 79.88423752 89.08727996 0 0 0 0 0 0 0 0 0 0 0 0 0 0 0 0 0 0 0 0 0 0 0 0 0 0 0 0 0 0 0 0 0 0 0 0 0 0 0 0 0 0 0 0 0 0 0 0 0 0 0 0 0 0 0 0 0 0 0 0 0 0 0 0 0 0 0 0 0 0 0 0 0 0 0 0 0 0 0 0 0 0 0 0 0 0 0 0 0 
0 0 0 0 0 0 0 0 0 0 0 0 0 0 0 0 0 0 0 0 0 0 0 0 0 0 0 0 0 0 0 0 0 0 0 0 0 0 0 0 0 0 0 0 0 0 0 0 0 0 0 0 0 0 0 0 0 0 0 0 0 0 0 0 0 0 0 0 0 0 0 0 0 0 0 0 0 0 0 0 0 0 0 0 0 0 0 0 0 0 0 0 5.887486797e-21 25.25925071 0 831.734413 6.680032983e-22 0.5118466701 659.0381486 1670.181619 0.01160455193 1120.30377 2018.623863 137.1173852 0 2.551122157e-22 0.1884138209 6949.204721 51.42817677 1486.032418 712.5221106 2089.695021 0 1582.584824 5135.098287 5479.124258 11147.52488 8977.514475 0.06423757564 5.427024641e-21 3785.98506 1519.169096 0 8.341373146e-13 6477.993378 3450.183886 31.4099353 5223.222273 6.261246431e-48 0 0 12187.35986 5.32394153e-07 2115.873248 5898.40035 11292.63828 0 6.116958986e-10 3145.272127 4610.17992 3848.331601 28.9884193 2.376744867e-25 1905.804511 3565.714392 2251.155172 2.071282476e-45 2093.72592 0 1.837732165e-13 1490.341583 0 1020.981688 837.3128537 1.763879744e-14 1.14342613e-13 1.368291364 870.8311496 1411.054618 1.446088843e-11 0.0005271091469 3.24343559e-09 63.79245306 4.088699476e-22 476.4931277 1.007379112e-18 0 0 0 0 0 0 0 0 0 0 0 0 0 0 0 0 0 0 0 0 0 0 0 0 0 0 0 0 0 0 0 0 0 0 0 0 0 0 0 0 0 0 0 0 0 0 0 0 0 0 0 0 0 0 0 0 0 0 0 0 0 0 0 0 0 0 0 0 0 0 0 0 0 0 0 0 0 0 0 0 0 0 0 0 0 0 0 0 0 0 
0 0 0 0 0 0 0 0 0 0 0 0 0 0 0 0 0 0 0 0 0 0 0 0 0 0 0 0 0 0 0 0 0 0 0 0 0 0 0 0 0 0 0 0 0 0 0 0 0 0 0 0 0 0 0 0 0 0 0 0 0 0 0 0 0 0 0 0 0 0 0 0 0 0 0 0 0 0 0 0 0 0 0 0 0 0 0 0 0 3.778196428e-50 0 26.03423616 3.594367134e-19 289.7363648 0.167008019 391.3156958 478.9245744 6.34214419e-38 2.162112806e-32 190.6719476 0.04049046679 2903.6795 4554.753389 0.03486220448 0.0005363842267 1346.1319 2622.70233 2.838504205e-17 0 0.9707456257 2392.092447 1995.888616 1974.624888 3842.593815 814.8090811 2438.60282 103.1858268 8512.041477 8831.71901 0.001947955909 2035.869493 8961.413331 5534.928306 5078.636796 741.4132548 1.023078628 17322.1965 298.3096974 8.815858879 1.054989685e-05 11.91059533 3751.488639 6230.332754 9300.865605 735.1926141 1.843189858e-06 4.127252707e-14 3784.563522 3091.276738 1880.369457 0.5729060185 3.188974085e-46 1872.841284 271.5403339 954.4975261 3114.993004 2617.268026 4628.222605 4264.582823 0 5.50024983e-12 607.956108 3549.247836 875.4532687 444.4481011 1.470537753e-19 5.731888467e-13 1090.891218 9.992092288e-08 1443.941808 532.8989477 1773.5856 216.3538281 1.209555549e-19 0 0 6.239083421e-23 79.75664181 0 0 0 0 0 0 0 0 0 0 0 0 0 0 0 0 0 0 0 0 0 0 0 0 0 0 0 0 0 0 0 0 0 0 0 0 0 0 0 0 0 0 0 0 0 0 0 0 0 0 0 0 0 0 0 0 0 0 0 0 0 0 0 0 0 0 0 0 0 0 0 0 0 0 0 0 0 0 0 0 0 0 0 0 0 0 0 0 
0 0 0 0 0 0 0 0 0 0 0 0 0 0 0 0 0 0 0 0 0 0 0 0 0 0 0 0 0 0 0 0 0 0 0 0 0 0 0 0 0 0 0 0 0 0 0 0 0 0 0 0 0 0 0 0 0 0 0 0 0 0 0 0 0 0 0 0 0 0 0 0 0 0 0 0 0 0 0 0 0 0 0 0 0 0 0 0 0 0 1.174716067e-15 268.3585821 1.231283537e-10 0 1.837687761e-06 620.2591406 409.2835066 326.4376858 313.8866332 5.839095768e-28 748.9497271 0.02631896028 775.945012 3.06064269e-16 2427.257134 5.041605908e-10 5.173837528e-10 830.0174301 2.722760742e-12 3053.197077 971.4102226 7.953021957e-13 3459.989777 3471.601105 2960.987324 1334.599884 7.249890464e-46 2664.226391 1.213982644e-24 0.001413717034 4747.683199 53.54358289 63.72013216 501.8926069 4410.059223 1.342057862e-12 137.9695875 4693.160049 2372.621827 1815.228499 4013.587605 4739.326782 2352.801681 5456.768057 6.39111627e-27 2672.549891 3390.843381 6774.02203 31.7059138 2662.26748 1.945193414e-14 2883.36036 1884.602074 316.6908802 2.545220267e-07 2.220903285e-19 1974.373224 1.175054823e-30 755.1137822 0 7.068885499e-05 0.0009403472936 1.673357323e-18 861.2662584 1050.452026 1680.476551 779.7883494 551.7453687 0 9.57353655e-07 1.191746266e-08 0 46.25988627 0.03133408027 481.8885326 223.0748916 0 65.07212228 0 0 0 0 0 0 0 0 0 0 0 0 0 0 0 0 0 0 0 0 0 0 0 0 0 0 0 0 0 0 0 0 0 0 0 0 0 0 0 0 0 0 0 0 0 0 0 0 0 0 0 0 0 0 0 0 0 0 0 0 0 0 0 0 0 0 0 0 0 0 0 0 0 0 0 0 0 0 0 0 0 0 0 0 0 0 0 0 
0 0 0 0 0 0 0 0 0 0 0 0 0 0 0 0 0 0 0 0 0 0 0 0 0 0 0 0 0 0 0 0 0 0 0 0 0 0 0 0 0 0 0 0 0 0 0 0 0 0 0 0 0 0 0 0 0 0 0 0 0 0 0 0 0 0 0 0 0 0 0 0 0 0 0 0 0 0 0 0 0 0 0 0 0 0 0 0 0 0 200.818756 389.6324974 673.8925534 0 535.2513877 2.530599677e-24 22.93675965 566.3927743 0.009941304695 1.268361377e-24 1859.787525 0 801.4170017 73.12238136 914.9901829 46.06361037 9.474969927e-34 0 3.259449849e-30 222.0962575 1968.769154 3.807127184e-09 0 0 1818.269455 1462.778525 7435.179295 1.924665808e-23 111.4217092 2771.441972 186.4437006 2132.969317 1.976782778e-08 1.316123074e-43 2830.598526 5103.840213 2.12130397e-08 1.589271346e-10 2282.888294 9.236518392e-08 0.006128581641 0 3365.670323 7.112445034e-33 2133.629201 4299.08448 9.055718054e-14 5140.7225 631.3580257 0 1238.489747 2070.685007 0.7661843367 18.94780025 1416.806316 165.1505917 6.104549666e-25 983.7590643 0.1427816399 3.865552213e-39 3.106694669e-09 2.134157142e-06 1658.67205 684.4660337 785.3896186 1401.915138 2.038817567e-14 1.097745854e-22 476.1193827 691.5689128 18.46025319 9.999290273e-12 1045.448575 280.7377958 194.6473801 1.270678641e-23 8.145304733e-37 116.7184562 0 0 0 0 0 0 0 0 0 0 0 0 0 0 0 0 0 0 0 0 0 0 0 0 0 0 0 0 0 0 0 0 0 0 0 0 0 0 0 0 0 0 0 0 0 0 0 0 0 0 0 0 0 0 0 0 0 0 0 0 0 0 0 0 0 0 0 0 0 0 0 0 0 0 0 0 0 0 0 0 0 0 0 0 0 0 0 0 
0 0 0 0 0 0 0 0 0 0 0 0 0 0 0 0 0 0 0 0 0 0 0 0 0 0 0 0 0 0 0 0 0 0 0 0 0 0 0 0 0 0 0 0 0 0 0 0 0 0 0 0 0 0 0 0 0 0 0 0 0 0 0 0 0 0 0 0 0 0 0 0 0 0 0 0 0 0 0 0 0 0 0 0 0 0 0 23.45532997 0 0 0 1.011975126e-47 8.880154364e-30 34.06663156 170.7982418 174.6196141 2.598094384e-37 405.2373514 160.9456766 864.3024991 597.641948 593.0629511 573.9980014 0.002714809491 0 13.5600173 1.007977948e-46 1233.134457 78.2740921 199.5812279 1169.622206 2828.586798 9.433953274 1337.241498 1964.8408 384.042954 665.1426981 2429.979851 6370.310079 0 3074.225155 569.6443244 3666.9216 1.098119631e-23 1719.734341 1.577424179e-46 4342.562215 724.0996355 7.050419084e-09 4.622908011e-11 2646.058465 1.042337872e-34 3439.657862 690.456942 7.88634867e-30 932.3039052 5.042403117e-07 452.3327791 3136.029466 4568.460141 13.3677342 3.197470947e-41 1.850975158e-45 1.456507938e-13 5.224346722e-15 3.872916562e-34 9.317779834e-08 1.591232253e-45 6.966819092e-12 2.113986388e-06 666.1947443 1323.822233 1189.200341 1672.379812 17.90538295 0 0.0005532970852 1.608508325e-34 2.118142466e-09 860.9787465 1.572633664e-21 0 0 3.824167752e-06 1.766064292e-08 1.181418884e-18 0 0 0 0 0 0 0 0 0 0 0 0 0 0 0 0 0 0 0 0 0 0 0 0 0 0 0 0 0 0 0 0 0 0 0 0 0 0 0 0 0 0 0 0 0 0 0 0 0 0 0 0 0 0 0 0 0 0 0 0 0 0 0 0 0 0 0 0 0 0 0 0 0 0 0 0 0 0 0 0 0 0 0 0 0 0 0 0 0 0 
0 0 0 0 0 0 0 0 0 0 0 0 0 0 0 0 0 0 0 0 0 0 0 0 0 0 0 0 0 0 0 0 0 0 0 0 0 0 0 0 0 0 0 0 0 0 0 0 0 0 0 0 0 0 0 0 0 0 0 0 0 0 0 0 0 0 0 0 0 0 0 0 0 0 0 0 0 0 0 0 0 0 0 0 0 0 0 0 0 0 0 166.0808041 572.4488548 0 7.068276879e-48 28.91452839 346.9506932 3.897811482e-14 1509.289858 811.5254889 1401.156979 1347.711423 5.622196026e-20 3.026599744e-14 0 0 0 1201.127904 1.615559855e-21 0.1240821746 867.6993249 1.218299507 1.653460627 1.079083662e-17 0.001306713781 4.208037813e-11 1595.812268 7.739963691e-07 1464.938052 5.736095937e-13 163.2443983 1.346722509e-13 1.100324183e-08 0.3806015925 0 2315.439756 0 2047.089378 1392.847726 0.00788159383 1.055346737e-28 0 0 1166.540864 3.354598033e-09 1915.563818 0.003115735946 0 1449.031809 2.432000308e-06 0 2.473677479e-09 8.697102903e-14 1817.40905 2128.892849 2.015481617e-08 0 0 956.0774532 3459.475044 0 3.778676621e-21 3.59282559e-20 9.468050136e-06 60.8010423 2.685741894e-18 0.3735461498 0 589.6888503 0 5.915428477e-07 3.167240038e-24 2.342923885e-20 0 1.900181286e-32 67.00307807 0 0 0 0 0 0 0 0 0 0 0 0 0 0 0 0 0 0 0 0 0 0 0 0 0 0 0 0 0 0 0 0 0 0 0 0 0 0 0 0 0 0 0 0 0 0 0 0 0 0 0 0 0 0 0 0 0 0 0 0 0 0 0 0 0 0 0 0 0 0 0 0 0 0 0 0 0 0 0 0 0 0 0 0 0 0 0 0 0 0 
0 0 0 0 0 0 0 0 0 0 0 0 0 0 0 0 0 0 0 0 0 0 0 0 0 0 0 0 0 0 0 0 0 0 0 0 0 0 0 0 0 0 0 0 0 0 0 0 0 0 0 0 0 0 0 0 0 0 0 0 0 0 0 0 0 0 0 0 0 0 0 0 0 0 0 0 0 0 0 0 0 0 0 0 0 0 0 0 0 0 0 162.354769 8.200474795 62.73684224 0 175.0324554 6.332425794e-30 0 563.6731452 441.1287686 918.2369728 7.071007937e-51 985.6772864 0.0003664326614 0 9.621579667e-08 0 0 9.144866901e-13 0 5.872982169e-17 1.031673516 1514.353114 1539.015581 2315.038995 2213.452635 0 3.506049315e-38 1.003779222e-34 2194.416786 306.1091156 4.720018639 1.703590619e-33 1.754480939e-35 0 2520.057395 3281.869963 4034.58468 0.1542339344 314.3071773 46.518398 0 1.042996751e-20 9.609572851e-09 2085.744459 2308.832555 3.568107938e-39 0 0.0005528276519 1632.320332 1553.730158 25.14849849 1.332954891e-42 0 3548.500484 0 1.600572829e-39 1.817627085e-18 710.0724722 917.877971 2.137543027e-21 1324.855634 882.8237311 1.734274303e-33 0 0 1077.05092 0 464.0223835 62.01012918 5.459432048e-42 274.4646839 1.964673397e-14 6.326733298 112.4372986 0 0 0 0 0 0 0 0 0 0 0 0 0 0 0 0 0 0 0 0 0 0 0 0 0 0 0 0 0 0 0 0 0 0 0 0 0 0 0 0 0 0 0 0 0 0 0 0 0 0 0 0 0 0 0 0 0 0 0 0 0 0 0 0 0 0 0 0 0 0 0 0 0 0 0 0 0 0 0 0 0 0 0 0 0 0 0 0 0 0 0 
0 0 0 0 0 0 0 0 0 0 0 0 0 0 0 0 0 0 0 0 0 0 0 0 0 0 0 0 0 0 0 0 0 0 0 0 0 0 0 0 0 0 0 0 0 0 0 0 0 0 0 0 0 0 0 0 0 0 0 0 0 0 0 0 0 0 0 0 0 0 0 0 0 0 0 0 0 0 0 0 0 0 0 0 0 0 0 0 1.151963552e-40 0 0 3.928708574e-39 0 5.579177625 1.658917039e-33 1.595825794e-37 5.305702376e-51 0.6230304284 659.0314466 6.908902516 0 3.919001543e-42 0 7.83303748e-15 1.868636508e-11 1.369412055e-25 809.1311604 1.780408961e-11 0 7.649564457e-16 6.197945844e-35 1364.457105 1669.176606 2.126815405e-07 0 6.463739228e-12 0 0.0004263713518 10.56819179 1.3646603e-11 1.745652677e-19 0 0.009434500412 0 0.08590505848 0 848.0292949 5.368476823e-10 5.764528473e-19 0 0 0 2033.780272 4.804699607e-15 2733.230144 2815.929437 6.794707827e-12 9.362656655e-19 963.1596419 856.5974738 0 5.912659471e-14 6.236463369e-18 0 1.416968662e-43 9.411613938e-18 2.855871235e-14 1260.269922 5.978053086e-41 4.657046135e-33 506.6265038 1.156523408e-35 0 0 15.46648807 377.4060604 382.5220961 0 0 481.0189114 1.40089593e-15 6.403791196e-05 3.472673862e-44 350.9782742 0 0 0 0 0 0 0 0 0 0 0 0 0 0 0 0 0 0 0 0 0 0 0 0 0 0 0 0 0 0 0 0 0 0 0 0 0 0 0 0 0 0 0 0 0 0 0 0 0 0 0 0 0 0 0 0 0 0 0 0 0 0 0 0 0 0 0 0 0 0 0 0 0 0 0 0 0 0 0 0 0 0 0 0 0 0 0 0 0 0 0 0 
0 0 0 0 0 0 0 0 0 0 0 0 0 0 0 0 0 0 0 0 0 0 0 0 0 0 0 0 0 0 0 0 0 0 0 0 0 0 0 0 0 0 0 0 0 0 0 0 0 0 0 0 0 0 0 0 0 0 0 0 0 0 0 0 0 0 0 0 0 0 0 0 0 0 0 0 0 0 0 0 0 0 0 0 0 0 0 0 0 0 0 0 1.189476362e-06 0 0 563.8878145 381.1474174 9.706789275 0 1.352731001e-14 5.128208748e-19 4.256299786e-20 0 681.7620032 4.745814895e-06 1026.306788 382.3325006 2018.008064 8.896627736e-48 0.04317256252 0 2.426558802e-09 1.341031815e-18 0 0.0598031017 0 1.813415231e-13 969.7226504 2210.086769 2.049634967e-26 4.197905639e-44 1584.979688 4.529916584e-11 1881.187718 1.215639769 0 3.543000496e-26 2591.178846 1921.063383 3.766580853e-44 0 0 1242.269894 0 9.686397538e-13 0 2.834173302e-10 7.637106788e-30 1555.319851 4.059939877e-08 8.238352307e-33 1696.943007 0 4.549928898e-41 0.1172002272 0 0 6.001565778e-36 2.029543166e-19 1326.831533 2.956648369e-43 1265.572295 586.3314398 5.119039866e-25 2.855083738e-11 0 0 16.55848596 0.00146057955 1.696471174e-40 283.8528407 0 0 7.025341391e-34 0 3.680695119e-27 0 0 0 0 0 0 0 0 0 0 0 0 0 0 0 0 0 0 0 0 0 0 0 0 0 0 0 0 0 0 0 0 0 0 0 0 0 0 0 0 0 0 0 0 0 0 0 0 0 0 0 0 0 0 0 0 0 0 0 0 0 0 0 0 0 0 0 0 0 0 0 0 0 0 0 0 0 0 0 0 0 0 0 0 0 0 0 0 0 0 
0 0 0 0 0 0 0 0 0 0 0 0 0 0 0 0 0 0 0 0 0 0 0 0 0 0 0 0 0 0 0 0 0 0 0 0 0 0 0 0 0 0 0 0 0 0 0 0 0 0 0 0 0 0 0 0 0 0 0 0 0 0 0 0 0 0 0 0 0 0 0 0 0 0 0 0 0 0 0 0 0 0 0 0 0 0 0 0 0 0 0 4.399564311e-39 31.18688325 0 0 0 1.15055072e-19 195.1613588 0 593.4637027 18.99924774 1515.612723 902.808554 1235.875376 1.346090832e-40 2.993657808e-07 0 2.215948566e-21 1.297864929e-13 1.28129884e-48 1.971908591e-34 0 0 7.483492679e-13 1.824608495e-17 9.043809576e-19 0 3.18407858e-37 3.845841055e-29 0 0.001276622573 0 0 1.331932416e-40 0 143.232095 1049.344356 0 2481.805318 4.853116125e-32 0.03731976522 0 1.032053252e-19 7.980691005e-31 1654.209492 151.1232003 229.6314279 1.219383809e-13 0.01027590719 4.37152785e-35 3.064307499e-19 0 5.409853168e-21 5.115799281e-27 4.365321131e-46 0 6.16897984e-30 1.673948528e-17 1157.529829 1.284782977e-05 2.994061415e-31 1.88352482e-29 0 9.840941775e-06 0.0711483266 0 0.03501544671 0 109.9471847 0.001089370312 0 1.522915868e-16 773.6031714 0 0 0 1.203541583 0 0 0 0 0 0 0 0 0 0 0 0 0 0 0 0 0 0 0 0 0 0 0 0 0 0 0 0 0 0 0 0 0 0 0 0 0 0 0 0 0 0 0 0 0 0 0 0 0 0 0 0 0 0 0 0 0 0 0 0 0 0 0 0 0 0 0 0 0 0 0 0 0 0 0 0 0 0 0 0 0 0 0 0 0 0 0 0 0 
0 0 0 0 0 0 0 0 0 0 0 0 0 0 0 0 0 0 0 0 0 0 0 0 0 0 0 0 0 0 0 0 0 0 0 0 0 0 0 0 0 0 0 0 0 0 0 0 0 0 0 0 0 0 0 0 0 0 0 0 0 0 0 0 0 0 0 0 0 0 0 0 0 0 0 0 0 0 0 0 0 0 0 0 0 0 0 0 0 0 5.102370918e-48 0 0 5.544083502e-06 0.0003676454762 0 0 1.201666748e-39 2.205646285e-05 0 800.6638768 0 905.8999399 2.310601855e-38 6.947688201e-27 1.215202064e-06 303.740426 5.259472122e-07 4.988389184e-13 1258.198964 0 0 5.337479866e-44 0 0 2.468753754e-13 369.2160337 9.907512487e-43 5.700998542e-31 4.657020697e-48 2355.101193 0 2964.863358 2549.543957 0 2.099655435e-28 1.691696428e-29 0 0 0 2.316801392e-21 1557.601173 4.42981772e-20 0 1.609425923e-09 0 1.887230064e-44 1069.461774 0 57.85624312 2.639128864e-14 1873.320472 0 0 1.34374616e-38 0 5.689252576e-18 2.203768322e-10 100.983061 2.194829191e-39 1.161455263e-09 1896.620183 0 969.7465452 698.3870223 0 0 0 0 261.7334855 1.431650472e-34 0 0 1.542633624e-33 16.71778986 2.685547987e-20 0 0 0 0 0 0 0 0 0 0 0 0 0 0 0 0 0 0 0 0 0 0 0 0 0 0 0 0 0 0 0 0 0 0 0 0 0 0 0 0 0 0 0 0 0 0 0 0 0 0 0 0 0 0 0 0 0 0 0 0 0 0 0 0 0 0 0 0 0 0 0 0 0 0 0 0 0 0 0 0 0 0 0 0 0 0 0 0 0 0 
0 0 0 0 0 0 0 0 0 0 0 0 0 0 0 0 0 0 0 0 0 0 0 0 0 0 0 0 0 0 0 0 0 0 0 0 0 0 0 0 0 0 0 0 0 0 0 0 0 0 0 0 0 0 0 0 0 0 0 0 0 0 0 0 0 0 0 0 0 0 0 0 0 0 0 0 0 0 0 0 0 0 0 0 0 0 0 0 0 0 0 0 0 7.14349309e-30 0 0 5.349145173e-36 0 251.4497771 153.5723436 111.7697598 414.7782178 0.9013922771 1193.26176 1.279322591e-09 1427.086467 0 246.3246453 0.0222704478 3.040196428e-08 0 6.817041195 1557.454397 0 8.144267543e-10 9.676921016e-09 4187.783062 0.0009852963741 0 2782.727748 4.018500366e-08 4.422411293e-39 1.128324336e-46 1.057211064e-05 1478.975737 301.1703806 2319.898566 4.080557686e-29 3.315697302e-09 13.44532549 208.0137876 0.2833750726 0 2.058889557e-14 1.404887852e-42 0.7641787314 0 0 5.55509429e-41 167.5492728 4.683282578e-31 2042.158564 5.156695889e-35 4.21626522e-15 1582.970358 23.98504658 899.3862776 1487.220607 4.819680105e-10 0 1.11829701e-06 102.6592164 0.003100382696 620.8326857 631.0295714 909.5961994 0 0 0 460.9456648 2.915556656e-12 0 0 6.135515086e-35 0 0 0 0 0 0 0 0 0 0 0 0 0 0 0 0 0 0 0 0 0 0 0 0 0 0 0 0 0 0 0 0 0 0 0 0 0 0 0 0 0 0 0 0 0 0 0 0 0 0 0 0 0 0 0 0 0 0 0 0 0 0 0 0 0 0 0 0 0 0 0 0 0 0 0 0 0 0 0 0 0 0 0 0 0 0 0 0 0 0 0 0 
0 0 0 0 0 0 0 0 0 0 0 0 0 0 0 0 0 0 0 0 0 0 0 0 0 0 0 0 0 0 0 0 0 0 0 0 0 0 0 0 0 0 0 0 0 0 0 0 0 0 0 0 0 0 0 0 0 0 0 0 0 0 0 0 0 0 0 0 0 0 0 0 0 0 0 0 0 0 0 0 0 0 0 0 0 0 0 0 0 17.11122545 0.002249020966 0.06041627463 0 475.0400171 531.6799061 4.548921542e-21 1.030968737e-32 3.674109181e-17 1108.525798 1.105920942e-45 1.978196161e-19 0 0 0 767.1953747 3.177081896e-20 0 1220.048459 2.541281155e-39 1515.434145 52.63878282 4.282063029e-43 4627.25833 3.119147517e-21 939.4782459 1682.745852 0.004019391156 1291.293445 1.096190981e-19 2413.243779 7.733697096e-33 0 582.0420535 1.08503237e-33 0 0 2.456151646e-30 3098.76186 4.87873629e-37 2661.117216 1.841530861e-19 0 7.197249827 22.21457806 1721.198635 0 0 0 8.19023776e-25 4.105017064 0 1.243797645e-07 0 0 3.955220818e-22 0 8.382160432e-42 0 2.455580824e-29 561.8501512 0 0 0 0.09577309427 427.5749339 8.333320163e-28 0 4.605673334e-40 467.5764993 0 719.0808486 8.743489206e-11 117.9363932 9.216175245e-14 3.848209169e-09 0 0 4.957280861e-13 0 0 0 0 0 0 0 0 0 0 0 0 0 0 0 0 0 0 0 0 0 0 0 0 0 0 0 0 0 0 0 0 0 0 0 0 0 0 0 0 0 0 0 0 0 0 0 0 0 0 0 0 0 0 0 0 0 0 0 0 0 0 0 0 0 0 0 0 0 0 0 0 0 0 0 0 0 0 0 0 0 0 0 0 0 0 0 0 
0 0 0 0 0 0 0 0 0 0 0 0 0 0 0 0 0 0 0 0 0 0 0 0 0 0 0 0 0 0 0 0 0 0 0 0 0 0 0 0 0 0 0 0 0 0 0 0 0 0 0 0 0 0 0 0 0 0 0 0 0 0 0 0 0 0 0 0 0 0 0 0 0 0 0 0 0 0 0 0 0 0 0 0 0 0 0 0 0 0 1.519389227 0 1.523242305e-15 5.857784818e-21 0 1.677757574e-20 6.360053806e-38 2.122440263e-17 0 282.2028996 221.4129203 0 1.084818096e-18 0 1.607078479e-42 844.7493175 0 0.2254217582 669.6728498 0 127.4095318 0 1505.100761 1.179759114e-39 0 2.146167871e-10 7.780282872e-41 1701.962978 0 1763.403737 0.0001169172459 3.551502594e-15 0 1.972866798e-07 0 20.00226942 4.802694628e-22 4.650777858e-39 9.976657197e-37 0 0 4655.839916 2140.452142 1240.666749 3.768766128e-46 2269.157893 0 7.154409953e-34 1056.703791 3.387275583e-40 4.749826644e-37 4.049338463 2332.068503 1589.593074 0.00381691521 1446.583192 3.336703697e-13 1938.500173 5.503373263e-22 19.3956048 7.652434273e-07 2.715519545e-09 3.393620572e-34 0 5.792470935e-39 7.508637979e-35 534.2870652 4.322862867e-38 160.3432511 4.981788994e-36 0 265.9507623 4.985415135e-15 0 1.296815668e-14 0 117.2273755 0 0 0 0 0 0 0 0 0 0 0 0 0 0 0 0 0 0 0 0 0 0 0 0 0 0 0 0 0 0 0 0 0 0 0 0 0 0 0 0 0 0 0 0 0 0 0 0 0 0 0 0 0 0 0 0 0 0 0 0 0 0 0 0 0 0 0 0 0 0 0 0 0 0 0 0 0 0 0 0 0 0 0 0 0 0 0 0 0 
0 0 0 0 0 0 0 0 0 0 0 0 0 0 0 0 0 0 0 0 0 0 0 0 0 0 0 0 0 0 0 0 0 0 0 0 0 0 0 0 0 0 0 0 0 0 0 0 0 0 0 0 0 0 0 0 0 0 0 0 0 0 0 0 0 0 0 0 0 0 0 0 0 0 0 0 0 0 0 0 0 0 0 0 0 0 0 0 0 0 0 0 0 0 0 1.54971172e-38 6.449264839e-13 5.875501074e-16 129.3286239 3.311718905e-51 8.166812567e-20 0 0 1.999394908e-40 967.4173437 9.814161156e-32 1.621195376e-08 0 533.0207414 4.020108813e-19 0 0 40.2288291 4.052667128e-43 0 6.655327049e-27 1578.189908 0 1731.082731 0 1.817401946e-40 2.979676066e-20 2738.247458 0 0 0 6.667231383e-36 0 0 4.915506681e-44 6.608997007e-28 2387.792604 1.741427971e-10 2025.840829 2703.453524 37.98754419 1535.571572 1483.349519 9.799406176e-34 1.983173159e-27 0.01805959508 8.117985908 5.572181117e-42 0 1361.840155 0 0 4.870335335e-13 2.922799772e-47 1.220654208e-43 0 0 0 0.3483623853 9.35291384 0 6.547586235e-36 8.170390798e-12 0.6717506644 0 1.91531474e-13 5.686678355e-43 107.8003686 38.38356087 0 0 0 0 0 0 0 0 0 0 0 0 0 0 0 0 0 0 0 0 0 0 0 0 0 0 0 0 0 0 0 0 0 0 0 0 0 0 0 0 0 0 0 0 0 0 0 0 0 0 0 0 0 0 0 0 0 0 0 0 0 0 0 0 0 0 0 0 0 0 0 0 0 0 0 0 0 0 0 0 0 0 0 0 0 0 0 0 0 0 0 0 
0 0 0 0 0 0 0 0 0 0 0 0 0 0 0 0 0 0 0 0 0 0 0 0 0 0 0 0 0 0 0 0 0 0 0 0 0 0 0 0 0 0 0 0 0 0 0 0 0 0 0 0 0 0 0 0 0 0 0 0 0 0 0 0 0 0 0 0 0 0 0 0 0 0 0 0 0 0 0 0 0 0 0 0 0 0 0 0 0 0 0 0 0 6.423626628e-51 91.27048571 0 0 0 0 553.1554399 1.183191249e-48 0 0 0 1.56398815e-13 0 2.11641141e-39 0 199.5814295 0 8.966367777e-27 2.344034697e-32 0 0 0.251890611 0 0 0 0 2.589796797e-08 2.620020111e-10 0 7.661284846e-17 2295.661589 0 0 0 0 1.162610082e-26 0 0 2719.847711 2.069480727e-12 0 2.299850258e-15 2.801116067e-36 897.3876231 3.562348701e-22 1.387910985e-45 2.323789728 3.247416085e-25 631.7198396 0 0 2.662183542e-48 0 94.53188759 0 2.751467361e-26 232.6627586 0 3.304491173 6.222597131e-38 0 0 0 3.67963734e-38 0 3.18573802e-45 0 0 0 0 0 0.000107263816 0 0 0 0 0 0 0 0 0 0 0 0 0 0 0 0 0 0 0 0 0 0 0 0 0 0 0 0 0 0 0 0 0 0 0 0 0 0 0 0 0 0 0 0 0 0 0 0 0 0 0 0 0 0 0 0 0 0 0 0 0 0 0 0 0 0 0 0 0 0 0 0 0 0 0 0 0 0 0 0 0 0 0 0 0 0 0 0 0 0 0 
0 0 0 0 0 0 0 0 0 0 0 0 0 0 0 0 0 0 0 0 0 0 0 0 0 0 0 0 0 0 0 0 0 0 0 0 0 0 0 0 0 0 0 0 0 0 0 0 0 0 0 0 0 0 0 0 0 0 0 0 0 0 0 0 0 0 0 0 0 0 0 0 0 0 0 0 0 0 0 0 0 0 0 0 0 0 0 0 8.36084679e-44 0 1.549152548e-44 0 0 0 0.780935122 0 0 0 0 3.380981848e-48 0 0 3.420193007e-33 0 2.601410334e-31 0 1.170955156e-44 0 0 3.987995284e-36 0 0 0 3.127659787e-31 0 0 0 0 0 0 0 0 0 1.06856384e-48 0 8.49241505e-13 0 0 0 0 0 0 0 0 0 0 0 0 0 3.199388655e-30 0.01925433238 0 0 0 0 0 0 5.321713355e-16 0 0 0 2.342506409e-47 0 838.0340848 0 0 0 0 0 0 63.02768047 0 1.11264348e-44 0 0 0 0 0 0 0 0 0 0 0 0 0 0 0 0 0 0 0 0 0 0 0 0 0 0 0 0 0 0 0 0 0 0 0 0 0 0 0 0 0 0 0 0 0 0 0 0 0 0 0 0 0 0 0 0 0 0 0 0 0 0 0 0 0 0 0 0 0 0 0 0 0 0 0 0 0 0 0 0 0 0 0 0 0 0 0 0 0 0 0 0 0 
0 0 0 0 0 0 0 0 0 0 0 0 0 0 0 0 0 0 0 0 0 0 0 0 0 0 0 0 0 0 0 0 0 0 0 0 0 0 0 0 0 0 0 0 0 0 0 0 0 0 0 0 0 0 0 0 0 0 0 0 0 0 0 0 0 0 0 0 0 0 0 0 0 0 0 0 0 0 0 0 0 0 0 0 0 0 0 0 0 0 0 0 0 0 0 0 0 0 0 0 0 0 0 0 0 0 0 0 0 0 0 0 0 0 0 0 0 0 0 0 0 0 0 0 0 0 0 0 0 0 0 0 0 0 0 0 0 0 0 0 0 0 0 0 0 0 0 0 0 0 0 0 0 0 0 0 742.0436307 0 0 0 0 0 0 0 0 0 0 0 0 0 0 0 0 0 0 0 0 0 0 0 0 0 0 0 0 0 0 0 0 0 0 0 0 0 0 0 0 0 0 0 0 0 0 0 0 0 0 0 0 0 0 0 0 0 0 0 0 0 0 0 0 0 0 0 0 0 0 0 0 0 0 0 0 0 0 0 0 0 0 0 0 0 0 0 0 0 0 0 0 0 0 0 0 0 0 0 
0 0 0 0 0 0 0 0 0 0 0 0 0 0 0 0 0 0 0 0 0 0 0 0 0 0 0 0 0 0 0 0 0 0 0 0 0 0 0 0 0 0 0 0 0 0 0 0 0 0 0 0 0 0 0 0 0 0 0 0 0 0 0 0 0 0 0 0 0 0 0 0 0 0 0 0 0 0 0 0 0 0 0 0 0 0 0 0 0 0 0 0 0 0 0 0 0 0 0 0 0 0 0 0 0 0 0 0 0 0 0 0 0 0 0 0 0 0 0 0 0 0 0 0 0 0 0 0 0 0 0 0 0 0 0 0 0 0 0 0 0 0 0 0 0 0 0 0 0 0 0 0 0 0 0 0 0 0 0 0 0 0 0 0 0 0 0 0 0 0 0 0 0 0 0 0 0 0 0 0 0 0 0 0 0 0 0 0 0 0 0 0 0 0 0 0 0 0 0 0 0 0 0 0 0 0 0 0 0 0 0 0 0 0 0 0 0 0 0 0 0 0 0 0 0 0 0 0 0 0 0 0 0 0 0 0 0 0 0 0 0 0 0 0 0 0 0 0 0 0 0 0 0 0 0 0 
0 0 0 0 0 0 0 0 0 0 0 0 0 0 0 0 0 0 0 0 0 0 0 0 0 0 0 0 0 0 0 0 0 0 0 0 0 0 0 0 0 0 0 0 0 0 0 0 0 0 0 0 0 0 0 0 0 0 0 0 0 0 0 0 0 0 0 0 0 0 0 0 0 0 0 0 0 0 0 0 0 0 0 0 0 0 0 0 0 0 0 0 0 0 0 0 0 0 0 0 0 0 0 0 0 0 0 0 0 0 0 0 0 0 0 0 0 0 0 0 0 0 0 0 0 0 0 0 0 0 0 0 0 0 0 0 0 0 0 0 0 0 0 0 0 0 0 0 0 0 0 0 0 0 0 0 0 0 0 0 0 0 0 0 0 0 0 0 0 0 0 0 0 0 0 0 0 0 0 0 0 0 0 0 0 0 0 0 0 0 0 0 0 0 0 0 0 0 0 0 0 0 0 0 0 0 0 0 0 0 0 0 0 0 0 0 0 0 0 0 0 0 0 0 0 0 0 0 0 0 0 0 0 0 0 0 0 0 0 0 0 0 0 0 0 0 0 0 0 0 0 0 0 0 0 0 
0 0 0 0 0 0 0 0 0 0 0 0 0 0 0 0 0 0 0 0 0 0 0 0 0 0 0 0 0 0 0 0 0 0 0 0 0 0 0 0 0 0 0 0 0 0 0 0 0 0 0 0 0 0 0 0 0 0 0 0 0 0 0 0 0 0 0 0 0 0 0 0 0 0 0 0 0 0 0 0 0 0 0 0 0 0 0 0 0 0 0 0 0 0 0 0 0 0 0 0 0 0 0 0 0 0 0 0 0 0 0 0 0 0 0 0 0 0 0 0 0 0 0 0 0 0 0 0 0 0 0 0 0 0 0 0 0 0 0 0 0 0 0 0 0 0 0 0 0 0 0 0 0 0 0 0 0 0 0 0 0 0 0 0 0 0 0 0 0 0 0 0 0 0 0 0 0 0 0 0 0 0 0 0 0 0 0 0 0 0 0 0 0 0 0 0 0 0 0 0 0 0 0 0 0 0 0 0 0 0 0 0 0 0 0 0 0 0 0 0 0 0 0 0 0 0 0 0 0 0 0 0 0 0 0 0 0 0 0 0 0 0 0 0 0 0 0 0 0 0 0 0 0 0 0 0 
0 0 0 0 0 0 0 0 0 0 0 0 0 0 0 0 0 0 0 0 0 0 0 0 0 0 0 0 0 0 0 0 0 0 0 0 0 0 0 0 0 0 0 0 0 0 0 0 0 0 0 0 0 0 0 0 0 0 0 0 0 0 0 0 0 0 0 0 0 0 0 0 0 0 0 0 0 0 0 0 0 0 0 0 0 0 0 0 0 0 0 0 0 7.879283719e-35 0 0 0 0 0 0 0 0 0 0 0 0 0 0 0 0 0 0 0 0 0 0 0 0 0 0 0.08187698008 0 0 0 0 0 0 3.902740297e-49 0 0 0 0 0 0 0 0 0 0 0 0 0 0 0 0 0 0 0 0 0 112.7978757 8.959907673e-53 0 0 0 0 0 0 0 0 0 0 0 0 0 0 0 0 0 0 0 0 0 0 0 0 0 0 0 0 0 0 0 0 0 0 0 0 0 0 0 0 0 0 0 0 0 0 0 0 0 0 0 0 0 0 0 0 0 0 0 0 0 0 0 0 0 0 0 0 0 0 0 0 0 0 0 0 0 0 0 0 0 0 0 0 0 0 0 0 0 0 0 0 0 0 0 0 0 0 0 0 0 0 0 0 0 
0 0 0 0 0 0 0 0 0 0 0 0 0 0 0 0 0 0 0 0 0 0 0 0 0 0 0 0 0 0 0 0 0 0 0 0 0 0 0 0 0 0 0 0 0 0 0 0 0 0 0 0 0 0 0 0 0 0 0 0 0 0 0 0 0 0 0 0 0 0 0 0 0 0 0 0 0 0 0 0 0 0 0 0 0 0 0 0 0 0 0 0 0 0 0 0 6.843239526e-41 0 0 0 0 0 0 0 0 0 0 0 0 0 0 0 0 0 0 0 0 0 0 6.502371853e-38 0 0 0 0 0 0 0 0 0 0 0 0 0 3.473276195e-35 0 0 0 0 0 0 0 0 0 0 0 0 0 0 0 0 0 0 0 0 0 0 0 0 7.859124341e-55 0 2.467088296e-21 2.030698689e-57 0 0 0 0 0 0 0 0 0 0 0 0 0 0 0 0 0 0 0 0 0 0 0 0 0 0 0 0 0 0 0 0 0 0 0 0 0 0 0 0 0 0 0 0 0 0 0 0 0 0 0 0 0 0 0 0 0 0 0 0 0 0 0 0 0 0 0 0 0 0 0 0 0 0 0 0 0 0 0 0 0 0 0 0 0 0 0 0 0 0 0 0 0 0 
0 0 0 0 0 0 0 0 0 0 0 0 0 0 0 0 0 0 0 0 0 0 0 0 0 0 0 0 0 0 0 0 0 0 0 0 0 0 0 0 0 0 0 0 0 0 0 0 0 0 0 0 0 0 0 0 0 0 0 0 0 0 0 0 0 0 0 0 0 0 0 0 0 0 0 0 0 0 0 0 0 0 0 0 0 0 0 0 0 0 0 0 0 0 0 0 2.001488411e-23 0 0 0 0 0 0 0 0 0 0 0 0 0 4.188233751e-46 0 0 0 0 0 0.001122362155 0 0 0 0 0 0 0 0 0 0 0 0 0 0 0 0 0 0 0 0 0 0 0 0 0 0 0 0 0 0 0 2.300911652e-31 0 0 0 0 0 0 0 0 0 0 0 0 0 0 0 0 0 0 0 0 0 0 0 0 0 0 0 0 0 0 0 0 0 0 0 0 0 0 0 0 0 0 0 0 0 0 0 0 0 0 0 0 0 0 0 0 0 0 0 0 0 0 0 0 0 0 0 0 0 0 0 0 0 0 0 0 0 0 0 0 0 0 0 0 0 0 0 0 0 0 0 0 0 0 0 0 0 0 0 0 0 0 0 0 0 0 0 
0 0 0 0 0 0 0 0 0 0 0 0 0 0 0 0 0 0 0 0 0 0 0 0 0 0 0 0 0 0 0 0 0 0 0 0 0 0 0 0 0 0 0 0 0 0 0 0 0 0 0 0 0 0 0 0 0 0 0 0 0 0 0 0 0 0 0 0 0 0 0 0 0 0 0 0 0 0 0 0 0 0 0 0 0 0 0 0 0 0 0 0 107.075504 0 0 0 0 0 0 0 0 0 0 0 0 0 0 0 0 0 0 0 0 0 0 0 0 0 0 0 0 0 0 0 0 0 1.75848762e-38 0 0 0 0 0 0 0 0 0 0 0 0 0 0 0 0 0 0 0 0 0 0 0 0 0 0 0 0 0 0 0 0 0 0 3.037012561e-33 0 0 0 0 0 0 0 0 0 0 0 0 0 0 0 0 0 0 0 0 0 0 0 0 0 0 0 0 0 0 0 0 0 0 0 0 0 0 0 0 0 0 0 0 0 0 0 0 0 0 0 0 0 0 0 0 0 0 0 0 0 0 0 0 0 0 0 0 0 0 0 0 0 0 0 0 0 0 0 0 0 0 0 0 0 0 0 0 0 0 0 0 0 0 
0 0 0 0 0 0 0 0 0 0 0 0 0 0 0 0 0 0 0 0 0 0 0 0 0 0 0 0 0 0 0 0 0 0 0 0 0 0 0 0 0 0 0 0 0 0 0 0 0 0 0 0 0 0 0 0 0 0 0 0 0 0 0 0 0 0 0 0 0 0 0 0 0 0 0 0 0 0 0 0 0 0 0 0 0 0 0 0 0 0 0 0 0 0 0 0 0 0 0 0 0 0 7.764463959e-36 0 0 0 0 0 0 0 0 0 0 0 0 0 1.05625894e-47 0 0 0 0 0 0 0 0 0 0 0 0 0 0 0 0 0 0 0 0 0 0 0 0 0 0 0 0 1.821473491e-19 0 0 0 0 0 0 0 0 0 0 0 0 0 0 0 0 0 5.451002191e-35 0 0 0 0 0 0 0 0 0 0 0 0 0 0 0 0 0 0 0 0 0 0 0 0 0 0 0 0 0 0 0 0 0 0 0 0 0 0 0 0 0 0 0 0 0 0 0 0 0 0 0 0 0 0 0 0 0 0 0 0 0 0 0 0 0 0 0 0 0 0 0 0 0 0 0 0 0 0 0 0 0 0 0 0 0 0 0 0 0 0 0 0 
0 0 0 0 0 0 0 0 0 0 0 0 0 0 0 0 0 0 0 0 0 0 0 0 0 0 0 0 0 0 0 0 0 0 0 0 0 0 0 0 0 0 0 0 0 0 0 0 0 0 0 0 0 0 0 0 0 0 0 0 0 0 0 0 0 0 0 0 0 0 0 0 0 0 0 0 0 0 0 0 0 0 0 0 0 0 0 0 0 0 0 0 0 0 0 0 0.0002842637795 0 0 0 0 0 2.777191198e-40 0 0 0 0 0 0 0 0 0 0 2.151366916e-30 0 0 0 0 0 0 0 2.340794737e-37 0 0 0 0 5.378666316e-59 0 0 0 0 0 3.46230514e-20 0 9.012032142e-40 0 0 0 0 0 0 0 0 0 0 0 0 0 0 0 0 0 0 0 0 0 0 0 0 0 0 0 3.148961136e-47 0 0 0 0 0 0 0 0 0 0 0 0 0 0 0 0 0 0 0 0 0 0 0 0 0 0 0 0 0 0 0 0 0 0 0 0 0 0 0 0 0 0 0 0 0 0 0 0 0 0 0 0 0 0 0 0 0 0 0 0 0 0 0 0 0 0 0 0 0 0 0 0 0 0 0 0 0 0 0 0 0 0 0 0 0 0 0 0 0 0 0 0 0 
0 0 0 0 0 0 0 0 0 0 0 0 0 0 0 0 0 0 0 0 0 0 0 0 0 0 0 0 0 0 0 0 0 0 0 0 0 0 0 0 0 0 0 0 0 0 0 0 0 0 0 0 0 0 0 0 0 0 0 0 0 0 0 0 0 0 0 0 0 0 0 0 0 0 0 0 0 0 0 0 0 0 0 0 0 0 0 0 0 0 0 0 0 0 0 0 8.476204685e-68 0 0 0 0 1.075284246e-42 0 1.985789436e-39 0 1.73363394e-20 0 0 9.240115168e-06 1.15755912e-20 3.289886828e-64 0 0 0 0 1.37865607e-59 2.308067084e-68 0 0 3.516379805e-55 0 0 0 0 0 0 0 0 0 0 2.483862039e-42 0 0 0 0 0 1.649052775e-64 0 0 0 0 0 4.221792934e-19 0 0 0 0 0 0 0 3.914217475e-28 0 0 0 0 0 0 0 0 0 0 0 0 0 0 0 0 0 0 0 0 0 0 0 0 0 0 0 0 0 0 0 0 0 0 0 0 0 0 0 0 0 0 0 0 0 0 0 0 0 0 0 0 0 0 0 0 0 0 0 0 0 0 0 0 0 0 0 0 0 0 0 0 0 0 0 0 0 0 0 0 0 0 0 0 0 0 0 0 0 0 0 0 0 0 0 0 0 0 0 0 0 0 0 0 0 
0 0 0 0 0 0 0 0 0 0 0 0 0 0 0 0 0 0 0 0 0 0 0 0 0 0 0 0 0 0 0 0 0 0 0 0 0 0 0 0 0 0 0 0 0 0 0 0 0 0 0 0 0 0 0 0 0 0 0 0 0 0 0 0 0 0 0 0 0 0 0 0 0 0 0 0 0 0 0 0 0 0 0 0 0 0 0 0 0 0 0 0 0 0 5.192563743e-30 0 2.592459205e-06 0 0 6.022132636e-30 0 2.849140584e-23 0 0 0 0 0 0 0 0 0 0 0 0 3.897021387e-34 0 0 0 0 0 4.502973043e-64 5.925185241e-23 0 0 0 0 1.740358854e-20 0 3.099282258e-29 0 0 0 0 0 0 0 0 0 7.449325569e-08 0 0 0 0 0 0 2.299050996e-47 7.557861475e-39 0 0 3.507003087e-66 0 1.959276494e-05 0 2.913642424e-35 0 0 0 0 0 0 0 0 0 0 0 0 0 0 0 0 0 0 0 0 0 0 0 0 0 0 0 0 0 0 0 0 0 0 0 0 0 0 0 0 0 0 0 0 0 0 0 0 0 0 0 0 0 0 0 0 0 0 0 0 0 0 0 0 0 0 0 0 0 0 0 0 0 0 0 0 0 0 0 0 0 0 0 0 0 0 0 0 0 0 0 0 0 0 0 0 0 0 0 0 0 0 
0 0 0 0 0 0 0 0 0 0 0 0 0 0 0 0 0 0 0 0 0 0 0 0 0 0 0 0 0 0 0 0 0 0 0 0 0 0 0 0 0 0 0 0 0 0 0 0 0 0 0 0 0 0 0 0 0 0 0 0 0 0 0 0 0 0 0 0 0 0 0 0 0 0 0 0 0 0 0 0 0 0 0 0 0 0 0 0 0 0 0 0 0 0 0 0 0 0 0 1.169817646e-40 0 0 0 0 0 0 0 0 5.266551005e-17 3.508351698e-53 6.036576053e-43 0 0 6.03352605e-67 2.073722711e-26 0 0 0 8.558741948e-12 0 5.059510292e-62 0 9.968076557e-59 3.173412114e-38 0 0 0 0 0 2.477982984e-41 2.852176019e-55 0 0 0 0 0 1.535123896e-27 9.094167907e-22 0 0 0 0 0 0 0 0 0 0 6.426546221e-63 0 0 0 0 1.912325445e-67 0 1.075225699e-19 0 0 1.370478181e-15 0 0 0 0 0 0 0 0 0 0 0 0 0 0 0 0 0 0 0 0 0 0 0 0 0 0 0 0 0 0 0 0 0 0 0 0 0 0 0 0 0 0 0 0 0 0 0 0 0 0 0 0 0 0 0 0 0 0 0 0 0 0 0 0 0 0 0 0 0 0 0 0 0 0 0 0 0 0 0 0 0 0 0 0 0 0 0 0 0 0 0 0 0 0 0 0 0 
0 0 0 0 0 0 0 0 0 0 0 0 0 0 0 0 0 0 0 0 0 0 0 0 0 0 0 0 0 0 0 0 0 0 0 0 0 0 0 0 0 0 0 0 0 0 0 0 0 0 0 0 0 0 0 0 0 0 0 0 0 0 0 0 0 0 0 0 0 0 0 0 0 0 0 0 0 0 0 0 0 0 0 0 0 0 0 0 0 0 0 0 0 0 0 0 3.049490133e-25 0 2.338775919e-25 0 0 0 0 0 1.766130197e-27 0 0 0 0 0 0 2.61777174e-14 4.977512591e-12 1.078094967e-28 0 0 0 1.33979081e-40 4.787671619e-20 0 5.927737827e-11 0 7.330745901e-49 0 3.816092896e-42 0 2.556564819e-38 0 3.933592256e-51 0 1.901770485e-66 2.792762139e-09 0 9.514559683e-37 0 0 0 0 0 4.124396551e-45 7.694625404e-18 0 0 1.533889689e-08 0 0 0 0 5.201893814e-24 0 7.195505953e-32 1.643844502e-06 0 0 3.412754773e-17 1.436833199e-68 0 2.531283664e-51 0 0 0 1.312712676e-23 5.560930226e-51 0 0 0 3.625985329e-65 0 0 0 0 0 0 0 0 0 0 0 0 0 0 0 0 0 0 0 0 0 0 0 0 0 0 0 0 0 0 0 0 0 0 0 0 0 0 0 0 0 0 0 0 0 0 0 0 0 0 0 0 0 0 0 0 0 0 0 0 0 0 0 0 0 0 0 0 0 0 0 0 0 0 0 0 0 0 0 0 0 0 0 0 0 0 0 0 0 
0 0 0 0 0 0 0 0 0 0 0 0 0 0 0 0 0 0 0 0 0 0 0 0 0 0 0 0 0 0 0 0 0 0 0 0 0 0 0 0 0 0 0 0 0 0 0 0 0 0 0 0 0 0 0 0 0 0 0 0 0 0 0 0 0 0 0 0 0 0 0 0 0 0 0 0 0 0 0 0 0 0 0 0 0 0 0 0 0 0 0 0 0 0 2.521467043e-48 0 0 2.332041654e-06 7.047858799e-11 0 5.66007766e-13 0 2.259722089e-60 0 0 0 0 1.228641023e-61 0 2.991291487e-34 0 0 0 4.212839686e-21 0 0 3.708790265e-64 0 1.046746064e-20 0 7.15548027e-60 0 4.624162624e-16 2.602549681e-27 0 0 1.655098818e-52 0 0 0 0 0 1.433339553e-66 1.988789634e-14 0 0 0 0 0 0 0 0 5.904150636e-44 0 7.527381857e-27 5.489918396e-45 2.320409446e-30 0 0 4.355636019e-61 0 0 0 7.995108177e-45 5.316635594e-33 7.593846762e-16 1.999225033e-68 0 0 7.715811312e-30 0 0 0 0 2.857243934e-38 0 0 0 0 0 0 0 0 0 0 0 0 0 0 0 0 0 0 0 0 0 0 0 0 0 0 0 0 0 0 0 0 0 0 0 0 0 0 0 0 0 0 0 0 0 0 0 0 0 0 0 0 0 0 0 0 0 0 0 0 0 0 0 0 0 0 0 0 0 0 0 0 0 0 0 0 0 0 0 0 0 0 0 0 0 0 0 0 0 0 0 
0 0 0 0 0 0 0 0 0 0 0 0 0 0 0 0 0 0 0 0 0 0 0 0 0 0 0 0 0 0 0 0 0 0 0 0 0 0 0 0 0 0 0 0 0 0 0 0 0 0 0 0 0 0 0 0 0 0 0 0 0 0 0 0 0 0 0 0 0 0 0 0 0 0 0 0 0 0 0 0 0 0 0 0 0 0 0 0 0 0 0 0 0 0 0 0 1.931206535e-50 0 0 6.437788556e-34 0 0 0 4.767793037e-26 0 1.346026348e-21 6.934794283e-26 0 0 0 0 0 4.22781654e-07 0 2.30857262e-63 0 0 0 0 5.313741225e-56 0 0 6.756876334e-29 0 0 0 5.618597223e-55 3.527518273e-49 0 0 0 3.249640156e-29 0 0 0 9.094206972e-46 9.572996291e-63 0 1.426889689e-22 0 0 0 0 9.36109538e-48 8.877012641e-09 0 1.47218992e-56 4.750600634e-44 0 0 0 0 0 0 0 0 0 1.507005089e-30 0 0 0 0 7.33423854e-67 0 0 4.178761809e-48 0 0 0 0 0 0 0 0 0 0 0 0 0 0 0 0 0 0 0 0 0 0 0 0 0 0 0 0 0 0 0 0 0 0 0 0 0 0 0 0 0 0 0 0 0 0 0 0 0 0 0 0 0 0 0 0 0 0 0 0 0 0 0 0 0 0 0 0 0 0 0 0 0 0 0 0 0 0 0 0 0 0 0 0 0 0 0 0 0 0 
0 0 0 0 0 0 0 0 0 0 0 0 0 0 0 0 0 0 0 0 0 0 0 0 0 0 0 0 0 0 0 0 0 0 0 0 0 0 0 0 0 0 0 0 0 0 0 0 0 0 0 0 0 0 0 0 0 0 0 0 0 0 0 0 0 0 0 0 0 0 0 0 0 0 0 0 0 0 0 0 0 0 0 0 0 0 0 0 0 0 0 0 0 0 0 1.539597537e-54 0 0 1.777714218e-22 0 0 0 6.875408578e-22 0 2.014054888e-35 0 0 0 0 0 1.48955921e-62 0 4.453537087e-37 8.754668746e-68 0 0 0 0 1.859734907e-48 0 2.503405502e-37 0 0 9.969801022e-30 0 0 0 8.524163847e-21 3.165471861e-57 0 0 0 0 0 1.312647757e-15 0 0 0 2.386233719e-12 6.470525208e-64 0 1.473966919e-51 0 0 0 1.008472077e-43 0 0 0 3.396159566e-24 0 0 0 0 0 0 2.507085347e-31 0 1.254302741e-45 0 0 2.983686204e-60 3.26438082e-41 0 0 0 0 0 0 0 0 0 0 0 0 0 0 0 0 0 0 0 0 0 0 0 0 0 0 0 0 0 0 0 0 0 0 0 0 0 0 0 0 0 0 0 0 0 0 0 0 0 0 0 0 0 0 0 0 0 0 0 0 0 0 0 0 0 0 0 0 0 0 0 0 0 0 0 0 0 0 0 0 0 0 0 0 0 0 0 0 0 0 0 0 0 
0 0 0 0 0 0 0 0 0 0 0 0 0 0 0 0 0 0 0 0 0 0 0 0 0 0 0 0 0 0 0 0 0 0 0 0 0 0 0 0 0 0 0 0 0 0 0 0 0 0 0 0 0 0 0 0 0 0 0 0 0 0 0 0 0 0 0 0 0 0 0 0 0 0 0 0 0 0 0 0 0 0 0 0 0 0 0 0 0 0 1.408568531e-15 0 3.60084042e-67 0 7.894595363e-56 0 0 0 0 0 0 0 0 0 0 0 1.756591875e-29 0 6.038044863e-49 0 3.667978293e-63 1.32591477e-41 1.340544147e-36 0 0 1.462025011e-28 6.37206779e-28 0 0 0 0 0 0 0 0 0 0 0 0 0 0 1.485711033e-11 0 0 3.450794562e-60 0 3.064609073e-20 1.359867057e-31 0 4.591701669e-07 0 0 0 0 0 1.282016857e-41 0 0 5.294099895e-68 0 0 3.695555345e-32 0 0 1.275301655e-35 6.812427985e-22 0 3.096183848e-31 0 0 0 0 0 0 1.140181973e-63 0 0 0 0 0 0 0 0 0 0 0 0 0 0 0 0 0 0 0 0 0 0 0 0 0 0 0 0 0 0 0 0 0 0 0 0 0 0 0 0 0 0 0 0 0 0 0 0 0 0 0 0 0 0 0 0 0 0 0 0 0 0 0 0 0 0 0 0 0 0 0 0 0 0 0 0 0 0 0 0 0 0 0 0 0 0 0 0 0 0 0 
0 0 0 0 0 0 0 0 0 0 0 0 0 0 0 0 0 0 0 0 0 0 0 0 0 0 0 0 0 0 0 0 0 0 0 0 0 0 0 0 0 0 0 0 0 0 0 0 0 0 0 0 0 0 0 0 0 0 0 0 0 0 0 0 0 0 0 0 0 0 0 0 0 0 0 0 0 0 0 0 0 0 0 0 0 0 0 0 0 0 0 0 0 0 0 0 0 0 0 0 1.289184678e-11 1.082968557e-22 1.155245733e-15 1.873409236e-60 1.244951015e-55 0 0 0 0 0 0 0 0 7.101617241e-22 0 0 0 0 0 0 0 0 0 0 0 1.549236839e-28 0 1.0100161e-60 4.266896006e-44 0 0 0 0 0 0 0 0 0 0 4.786934717e-26 3.065938247e-15 0 7.04257864e-21 0 0 0 0 0 0 0 0 0 0 0 0 1.027355516e-45 0 3.448533048e-59 7.904684691e-42 2.959396402e-48 0 0 0 0 0 0 0 0 0 0 0 0 0 0 0 0 0 0 0 0 0 0 0 0 0 0 0 0 0 0 0 0 0 0 0 0 0 0 0 0 0 0 0 0 0 0 0 0 0 0 0 0 0 0 0 0 0 0 0 0 0 0 0 0 0 0 0 0 0 0 0 0 0 0 0 0 0 0 0 0 0 0 0 0 0 0 0 0 0 0 0 0 0 0 0 0 
0 0 0 0 0 0 0 0 0 0 0 0 0 0 0 0 0 0 0 0 0 0 0 0 0 0 0 0 0 0 0 0 0 0 0 0 0 0 0 0 0 0 0 0 0 0 0 0 0 0 0 0 0 0 0 0 0 0 0 0 0 0 0 0 0 0 0 0 0 0 0 0 0 0 0 0 0 0 0 0 0 0 0 0 0 0 0 0 0 0 0 0 0 3.139084897e-61 0 1.481645952e-20 0 1.514894003e-48 0 2.394298098e-47 2.135863599e-41 0 0 0 0 0 0 5.802417512e-23 0 0 0 0 0 0 0 0 0 0 0 0 0 0 1.119870914e-30 0 3.295353616e-49 0 0 0 0 0 1.634644398e-57 0 0 0 1.304222787e-63 1.912063514e-66 0 0 0 0 8.635057581e-57 0 0 0 7.633831421e-62 0 0 0 0 5.374636371e-65 7.582571932e-57 6.321101524e-32 0 0 0 3.803857364e-67 0 0 2.634497473e-42 0 0 0 0 0 0 0 0 0 0 0 0 0 0 0 0 0 0 0 0 0 0 0 0 0 0 0 0 0 0 0 0 0 0 0 0 0 0 0 0 0 0 0 0 0 0 0 0 0 0 0 0 0 0 0 0 0 0 0 0 0 0 0 0 0 0 0 0 0 0 0 0 0 0 0 0 0 0 0 0 0 0 0 0 0 0 0 0 0 0 0 0 0 0 0 0 0 
0 0 0 0 0 0 0 0 0 0 0 0 0 0 0 0 0 0 0 0 0 0 0 0 0 0 0 0 0 0 0 0 0 0 0 0 0 0 0 0 0 0 0 0 0 0 0 0 0 0 0 0 0 0 0 0 0 0 0 0 0 0 0 0 0 0 0 0 0 0 0 0 0 0 0 0 0 0 0 0 0 0 0 0 0 0 0 0 0 0 0 0 0 0 0 0 0 0 1.080946559e-65 1.187772668e-47 0 0 0 0 0 0 0 0 0 0 4.564189489e-30 6.971636485e-36 1.232851015e-76 0 0 0 0 0 0 0 0 7.281143356e-36 0 0 0 0 0 0 0 0 3.454816471e-41 0 0 0 0 0 0 0 1.174330716e-30 3.824945495e-25 0 4.212876856e-55 0 0 0 0 6.117999105e-65 0 0 0 0 0 0 0 0 0 0 0 0 0 0 0 0 0 0 0 0 0 0 0 0 0 0 0 0 0 0 0 0 0 0 0 0 0 0 0 0 0 0 0 0 0 0 0 0 0 0 0 0 0 0 0 0 0 0 0 0 0 0 0 0 0 0 0 0 0 0 0 0 0 0 0 0 0 0 0 0 0 0 0 0 0 0 0 0 0 0 0 0 0 0 0 0 0 0 0 0 0 0 0 0 0 0 0 0 0 
0 0 0 0 0 0 0 0 0 0 0 0 0 0 0 0 0 0 0 0 0 0 0 0 0 0 0 0 0 0 0 0 0 0 0 0 0 0 0 0 0 0 0 0 0 0 0 0 0 0 0 0 0 0 0 0 0 0 0 0 0 0 0 0 0 0 0 0 0 0 0 0 0 0 0 0 0 0 0 0 0 0 0 0 0 0 0 0 0 0 0 0 0 0 0 0 0 0 0 1.363228165e-29 0 0 0 0 0 0 0 0 0 0 0 0 0 0 0 0 0 0 0 0 0 6.567758388e-67 0 0 0 0 0 0 0 0 0 0 0 4.883045259e-46 0 0 0 0 1.04363134e-69 0 0 0 0 0 0 0 0 0 0 0 0 0 0 0 0 0 0 0 1.241420272e-41 0 0 0 0 0 0 0 0 0 0 0 0 0 0 0 0 0 0 0 0 0 0 0 0 0 0 0 0 0 0 0 0 0 0 0 0 0 0 0 0 0 0 0 0 0 0 0 0 0 0 0 0 0 0 0 0 0 0 0 0 0 0 0 0 0 0 0 0 0 0 0 0 0 0 0 0 0 0 0 0 0 0 0 0 0 0 0 0 0 0 0 0 0 0 0 0 0 
0 0 0 0 0 0 0 0 0 0 0 0 0 0 0 0 0 0 0 0 0 0 0 0 0 0 0 0 0 0 0 0 0 0 0 0 0 0 0 0 0 0 0 0 0 0 0 0 0 0 0 0 0 0 0 0 0 0 0 0 0 0 0 0 0 0 0 0 0 0 0 0 0 0 0 0 0 0 0 0 0 0 0 0 0 0 0 0 0 0 0 5.099829496e-35 0 0 0 0 0 0 0 0 0 0 0 0 0 0 0 0 0 0 0 0 0 0 5.203204751e-34 0 2.559641373e-47 0 0 0 0 0 3.237131431e-24 0 0 0 1.284847538e-56 7.660434988e-63 0 7.987810537e-69 0 0 0 0 7.555440134e-45 0 0 0 0 0 0 1.251696909e-54 0 0 0 2.383468747e-30 1.849059774e-37 0 0 0 0 0 0 0 0 0 0 0 0 0 0 0 0 0 0 0 0 0 0 0 0 0 0 0 0 0 0 0 0 0 0 0 0 0 0 0 0 0 0 0 0 0 0 0 0 0 0 0 0 0 0 0 0 0 0 0 0 0 0 0 0 0 0 0 0 0 0 0 0 0 0 0 0 0 0 0 0 0 0 0 0 0 0 0 0 0 0 0 0 0 0 0 0 0 0 0 0 0 0 0 0 0 0 0 0 0 
0 0 0 0 0 0 0 0 0 0 0 0 0 0 0 0 0 0 0 0 0 0 0 0 0 0 0 0 0 0 0 0 0 0 0 0 0 0 0 0 0 0 0 0 0 0 0 0 0 0 0 0 0 0 0 0 0 0 0 0 0 0 0 0 0 0 0 0 0 0 0 0 0 0 0 0 0 0 0 0 0 0 0 0 0 0 0 0 0 3.506938116e-19 0 0 0 0 0 0 0 0 0 0 0 0 7.589469489e-68 0 0 0 0 0 0 0 0 0 0 0 0 0 0 0 0 0 0 0 0 0 0 8.529199263e-61 0 0 0 0 0 0 0 0 0 0 0 0 6.228494328e-74 0 3.331884432e-40 0 0 0 5.651106403e-61 0 0 0 0 0 0 0 2.188329784e-63 0 0 0 0 0 0 0 0 0 0 0 0 0 0 0 0 0 0 0 0 0 0 0 0 0 0 0 0 0 0 0 0 0 0 0 0 0 0 0 0 0 0 0 0 0 0 0 0 0 0 0 0 0 0 0 0 0 0 0 0 0 0 0 0 0 0 0 0 0 0 0 0 0 0 0 0 0 0 0 0 0 0 0 0 0 0 0 0 0 0 0 0 0 0 0 0 0 0 0 0 0 0 0 
0 0 0 0 0 0 0 0 0 0 0 0 0 0 0 0 0 0 0 0 0 0 0 0 0 0 0 0 0 0 0 0 0 0 0 0 0 0 0 0 0 0 0 0 0 0 0 0 0 0 0 0 0 0 0 0 0 0 0 0 0 0 0 0 0 0 0 0 0 0 0 0 0 0 0 0 0 0 0 0 0 0 0 0 0 0 0 0 0 0 0 0 0 1.883319978e-58 0 0 0 5.371997337e-82 6.877102158e-71 0 0 1.142358185e-85 0 0 0 0 0 0 0 0 0 0 1.804057075e-65 0 4.344573568e-64 0 0 3.27020091e-47 0 0 5.187176449e-38 6.92100233e-50 5.135512101e-46 0 0 0 0 7.159393444e-80 0 8.860627862e-62 1.157043567e-62 0 0 0 0 1.674732291e-45 9.795298136e-81 0 0 0 0 0 0 0 0 0 0 0 0 0 4.794236196e-48 0 0 0 2.698957068e-82 0 5.482593058e-80 0 0 0 6.674208439e-64 0 0 0 0 0 0 0 0 0 0 0 0 0 0 0 0 0 0 0 0 0 0 0 0 0 0 0 0 0 0 0 0 0 0 0 0 0 0 0 0 0 0 0 0 0 0 0 0 0 0 0 0 0 0 0 0 0 0 0 0 0 0 0 0 0 0 0 0 0 0 0 0 0 0 0 0 0 0 0 0 0 0 0 0 0 0 0 0 0 0 0 0 0 0 0 
0 0 0 0 0 0 0 0 0 0 0 0 0 0 0 0 0 0 0 0 0 0 0 0 0 0 0 0 0 0 0 0 0 0 0 0 0 0 0 0 0 0 0 0 0 0 0 0 0 0 0 0 0 0 0 0 0 0 0 0 0 0 0 0 0 0 0 0 0 0 0 0 0 0 0 0 0 0 0 0 0 0 0 0 0 0 0 0 0 0 0 0 0 0 0 0 0 4.413169683e-56 0 0 0 0 0 0 4.177223649e-30 0 0 0 0 0 0 0 0 0 0 0 0 0 0 0 1.194441191e-73 3.179191533e-29 0 0 0 0 0 0 0 2.299361892e-83 5.896506839e-64 0 0 4.58687664e-68 0 0 0 0 0 0 0 0 0 0 0 0 2.787047188e-76 0 0 0 0 0 0 1.491413284e-41 0 0 1.968024444e-50 0 0 0 0 0 0 0 3.188599394e-40 0 0 0 0 0 0 0 0 0 0 0 0 0 0 0 0 0 0 0 0 0 0 0 0 0 0 0 0 0 0 0 0 0 0 0 0 0 0 0 0 0 0 0 0 0 0 0 0 0 0 0 0 0 0 0 0 0 0 0 0 0 0 0 0 0 0 0 0 0 0 0 0 0 0 0 0 0 0 0 0 0 0 0 0 0 0 0 0 0 0 0 
0 0 0 0 0 0 0 0 0 0 0 0 0 0 0 0 0 0 0 0 0 0 0 0 0 0 0 0 0 0 0 0 0 0 0 0 0 0 0 0 0 0 0 0 0 0 0 0 0 0 0 0 0 0 0 0 0 0 0 0 0 0 0 0 0 0 0 0 0 0 0 0 0 0 0 0 0 0 0 0 0 0 0 0 0 0 0 0 0 0 0 0 0 0 0 2.163628199e-51 0 0 0 0 0 2.94775688e-55 0 0 0 0 0 1.252350989e-51 0 2.536711986e-74 0 0 0 0 0 0 0 0 0 0 0 0 0 0 0 0 0 0 0 0 0 1.233535587e-58 0 0 0 0 0 0 0 3.513198231e-55 0 0 0 0 0 0 0 0 0 0 0 0 0 0 0 0 1.229821395e-72 0 0 0 0 0 0 0 0 0 0 0 0 0 0 0 0 0 0 0 0 0 0 0 0 0 0 0 0 0 0 0 0 0 0 0 0 0 0 0 0 0 0 0 0 0 0 0 0 0 0 0 0 0 0 0 0 0 0 0 0 0 0 0 0 0 0 0 0 0 0 0 0 0 0 0 0 0 0 0 0 0 0 0 0 0 0 0 0 0 0 0 0 0 0 0 0 0 0 0 
0 0 0 0 0 0 0 0 0 0 0 0 0 0 0 0 0 0 0 0 0 0 0 0 0 0 0 0 0 0 0 0 0 0 0 0 0 0 0 0 0 0 0 0 0 0 0 0 0 0 0 0 0 0 0 0 0 0 0 0 0 0 0 0 0 0 0 0 0 0 0 0 0 0 0 0 0 0 0 0 0 0 0 0 0 0 0 0 0 0 0 0 0 0 0 0 0 0 0 0 0 3.104101899e-76 0 7.133991548e-49 0 0 0 0 0 0 0 0 0 0 0 0 0 0 0 0 0 0 0 0 0 0 0 0 0 0 0 0 0 3.200523309e-55 0 0 0 0 4.911615867e-57 1.802483043e-77 0 0 0 0 9.785170038e-74 0 0 0 0 0 0 0 0 0 0 0 0 0 0 0 1.390491925e-52 0 0 0 0 0 0 0 0 0 0 0 0 0 0 0 0 0 0 0 0 0 0 0 0 0 0 0 0 0 0 0 0 0 0 0 0 0 0 0 0 0 0 0 0 0 0 0 0 0 0 0 0 0 0 0 0 0 0 0 0 0 0 0 0 0 0 0 0 0 0 0 0 0 0 0 0 0 0 0 0 0 0 0 0 0 0 0 0 0 0 0 0 0 0 0 
0 0 0 0 0 0 0 0 0 0 0 0 0 0 0 0 0 0 0 0 0 0 0 0 0 0 0 0 0 0 0 0 0 0 0 0 0 0 0 0 0 0 0 0 0 0 0 0 0 0 0 0 0 0 0 0 0 0 0 0 0 0 0 0 0 0 0 0 0 0 0 0 0 0 0 0 0 0 0 0 0 0 0 0 0 0 0 0 0 0 0 0 7.51716891e-62 0 0 1.016507814e-82 0 0 0 0 0 0 0 0 0 0 0 0 0 0 0 0 0 0 0 0 0 0 0 0 0 0 0 0 0 0 0 0 0 0 0 6.609714486e-52 0 0 0 1.560666811e-73 0 0 0 0 0 0 0 0 2.657161118e-67 0 0 0 0 0 0 0 2.292732307e-77 0 0 0 0 0 0 0 0 0 0 0 0 0 0 0 0 0 0 0 0 0 0 0 0 0 0 0 0 0 0 0 0 0 0 0 0 0 0 0 0 0 0 0 0 0 0 0 0 0 0 0 0 0 0 0 0 0 0 0 0 0 0 0 0 0 0 0 0 0 0 0 0 0 0 0 0 0 0 0 0 0 0 0 0 0 0 0 0 0 0 0 0 0 0 0 0 0 0 0 0 0 0 0 
0 0 0 0 0 0 0 0 0 0 0 0 0 0 0 0 0 0 0 0 0 0 0 0 0 0 0 0 0 0 0 0 0 0 0 0 0 0 0 0 0 0 0 0 0 0 0 0 0 0 0 0 0 0 0 0 0 0 0 0 0 0 0 0 0 0 0 0 0 0 0 0 0 0 0 0 0 0 0 0 0 0 0 0 0 0 0 0 0 0 0 0 0 0 0 0 0 0 0 0 0 0 0 0 0 0 0 0 0 0 0 0 0 0 0 0 1.09705564e-64 0 0 0 2.98452814e-53 0 0 0 3.560712784e-53 1.030274331e-69 0 0 0 7.917196531e-46 0 0 1.640447475e-61 0 0 0 0 0 0 0 0 5.030859759e-86 0 0 0 1.969926552e-58 0 0 0 0 0 1.433741542e-60 0 0 0 0 0 0 0 1.480167597e-62 0 0 0 0 0 0 0 0 0 0 0 0 0 0 0 0 0 0 0 0 0 0 0 0 0 0 0 0 0 0 0 0 0 0 0 0 0 0 0 0 0 0 0 0 0 0 0 0 0 0 0 0 0 0 0 0 0 0 0 0 0 0 0 0 0 0 0 0 0 0 0 0 0 0 0 0 0 0 0 0 0 0 0 0 0 0 0 0 0 0 0 0 0 0 0 0 
0 0 0 0 0 0 0 0 0 0 0 0 0 0 0 0 0 0 0 0 0 0 0 0 0 0 0 0 0 0 0 0 0 0 0 0 0 0 0 0 0 0 0 0 0 0 0 0 0 0 0 0 0 0 0 0 0 0 0 0 0 0 0 0 0 0 0 0 0 0 0 0 0 0 0 0 0 0 0 0 0 0 0 0 0 0 0 0 0 0 0 0 0 0 0 0 0 0 0 0 0 0 0 0 0 0 0 0 2.225676911e-68 0 0 0 0 0 0 0 0 0 0 0 0 0 0 0 0 0 0 0 0 0 0 0 0 4.209350092e-77 0 0 0 0 0 0 0 0 0 0 0 0 0 0 6.26104991e-65 0 4.568939869e-54 0 0 0 0 0 0 2.892235776e-84 0 0 0 0 0 0 0 0 3.587574293e-53 0 0 0 0 0 0 0 0 0 0 0 0 0 0 0 0 0 0 0 0 0 0 0 0 0 0 0 0 0 0 0 0 0 0 0 0 0 0 0 0 0 0 0 0 0 0 0 0 0 0 0 0 0 0 0 0 0 0 0 0 0 0 0 0 0 0 0 0 0 0 0 0 0 0 0 0 0 0 0 0 0 0 0 0 0 0 0 0 0 
0 0 0 0 0 0 0 0 0 0 0 0 0 0 0 0 0 0 0 0 0 0 0 0 0 0 0 0 0 0 0 0 0 0 0 0 0 0 0 0 0 0 0 0 0 0 0 0 0 0 0 0 0 0 0 0 0 0 0 0 0 0 0 0 0 0 0 0 0 0 0 0 0 0 0 0 0 0 0 0 0 0 0 0 0 0 0 0 0 0 0 0 0 0 4.269591109e-56 0 0 0 0 0 0 0 9.474621162e-53 0 0 0 0 0 0 0 0 0 0 0 0 0 0 0 0 0 0 1.082090912e-70 0 0 0 0 0 0 0 2.356601423e-66 0 0 0 0 0 0 0 0 0 0 0 0 0 0 0 0 1.157821291e-51 0 0 0 0 0 0 0 0 0 0 0 0 0 0 0 0 0 0 0 0 0 0 0 0 0 0 0 0 0 0 0 0 0 0 0 0 0 0 0 0 0 0 0 0 0 0 0 0 0 0 0 0 0 0 0 0 0 0 0 0 0 0 0 0 0 0 0 0 0 0 0 0 0 0 0 0 0 0 0 0 0 0 0 0 0 0 0 0 0 0 0 0 0 0 0 0 0 0 0 0 0 0 0 0 0 0 0 0 0 
0 0 0 0 0 0 0 0 0 0 0 0 0 0 0 0 0 0 0 0 0 0 0 0 0 0 0 0 0 0 0 0 0 0 0 0 0 0 0 0 0 0 0 0 0 0 0 0 0 0 0 0 0 0 0 0 0 0 0 0 0 0 0 0 0 0 0 0 0 0 0 0 0 0 0 0 0 0 0 0 0 0 0 0 0 0 0 0 0 0 0 0 0 0 0 0 0 0 0 0 0 0 0 0 0 0 0 0 0 0 0 0 0 2.239912917e-64 0 0 0 2.351636765e-55 0 0 0 0 0 0 0 0 0 0 0 0 0 0 0 0 0 0 0 0 0 0 0 4.694449009e-66 0 0 0 0 0 0 0 0 0 0 0 0 0 0 0 0 0 0 0 0 0 0 0 0 0 0 0 0 0 0 0 0 0 0 0 0 0 0 0 0 0 0 0 0 0 0 0 0 0 0 0 0 0 0 0 0 0 0 0 0 0 0 0 0 0 0 0 0 0 0 0 0 0 0 0 0 0 0 0 0 0 0 0 0 0 0 0 0 0 0 0 0 0 0 0 0 0 0 0 0 0 0 0 0 0 0 0 0 0 0 0 0 0 0 
0 0 0 0 0 0 0 0 0 0 0 0 0 0 0 0 0 0 0 0 0 0 0 0 0 0 0 0 0 0 0 0 0 0 0 0 0 0 0 0 0 0 0 0 0 0 0 0 0 0 0 0 0 0 0 0 0 0 0 0 0 0 0 0 0 0 0 0 0 0 0 0 0 0 0 0 0 0 0 0 0 0 0 0 0 0 0 0 0 0 0 0 0 0 0 0 0 0 0 0 0 0 7.091958363e-81 0 0 0 0 0 0 0 0 0 0 0 0 0 0 0 0 0 0 0 0 0 0 3.311186217e-59 0 0 0 0 0 0 0 0 0 0 0 0 0 0 0 0 0 1.714878252e-50 0 0 0 0 0 0 0 0 0 0 0 0 0 0 0 0 0 0 0 0 0 0 0 0 0 0 0 0 0 0 0 0 0 0 0 0 0 0 0 0 0 0 0 0 0 0 0 0 0 0 0 0 0 0 0 0 0 0 0 0 0 0 0 0 0 0 0 0 0 0 0 0 0 0 0 0 0 0 0 0 0 0 0 0 0 0 0 0 0 0 0 0 0 0 0 0 0 0 0 0 0 0 0 0 0 0 0 0 0 0 0 0 
0 0 0 0 0 0 0 0 0 0 0 0 0 0 0 0 0 0 0 0 0 0 0 0 0 0 0 0 0 0 0 0 0 0 0 0 0 0 0 0 0 0 0 0 0 0 0 0 0 0 0 0 0 0 0 0 0 0 0 0 0 0 0 0 0 0 0 0 0 0 0 0 0 0 0 0 0 0 0 0 0 0 0 0 0 0 0 0 0 0 0 0 0 0 0 0 0 0 0 0 0 0 0 0 0 0 0 0 0 0 0 0 0 0 0 0 0 0 0 0 0 0 0 0 0 0 0 0 0 0 0 0 0 0 0 0 0 0 5.798277836e-65 0 0 0 0 0 0 0 0 0 0 0 0 0 0 0 0 0 0 0 0 0 0 0 0 0 0 0 0 0 0 0 0 0 0 0 0 0 0 0 0 0 0 0 0 0 0 0 0 0 0 0 0 0 0 0 0 0 0 0 0 0 0 0 0 0 0 0 0 0 0 0 0 0 0 0 0 0 0 0 0 0 0 0 0 0 0 0 0 0 0 0 0 0 0 0 0 0 0 0 0 0 0 0 0 0 0 0 0 0 0 0 0 0 0 0 0 0 
0 0 0 0 0 0 0 0 0 0 0 0 0 0 0 0 0 0 0 0 0 0 0 0 0 0 0 0 0 0 0 0 0 0 0 0 0 0 0 0 0 0 0 0 0 0 0 0 0 0 0 0 0 0 0 0 0 0 0 0 0 0 0 0 0 0 0 0 0 0 0 0 0 0 0 0 0 0 0 0 0 0 0 0 0 0 0 0 0 0 0 0 0 0 0 0 0 0 0 0 0 0 4.402751909e-69 0 0 0 0 0 0 0 0 0 0 0 0 0 0 0 0 0 0 0 0 0 0 0 0 0 0 0 0 0 0 0 0 0 0 0 0 0 0 0 0 0 0 0 0 0 0 0 0 0 0 0 0 0 0 0 0 0 0 0 0 0 0 0 0 0 0 0 0 0 0 0 0 0 0 0 0 0 0 0 0 0 0 0 0 0 0 0 0 0 0 0 0 0 0 0 0 0 0 0 0 0 0 0 0 0 0 0 0 0 0 0 0 0 0 0 0 0 0 0 0 0 0 0 0 0 0 0 0 0 0 0 0 0 0 0 0 0 0 0 0 0 0 0 0 0 0 0 0 0 0 0 0 0 
0 0 0 0 0 0 0 0 0 0 0 0 0 0 0 0 0 0 0 0 0 0 0 0 0 0 0 0 0 0 0 0 0 0 0 0 0 0 0 0 0 0 0 0 0 0 0 0 0 0 0 0 0 0 0 0 0 0 0 0 0 0 0 0 0 0 0 0 0 0 0 0 0 0 0 0 0 0 0 0 0 0 0 0 0 0 0 0 0 0 0 0 0 0 0 0 0 0 0 0 0 0 0 0 0 0 0 0 0 0 0 0 0 0 0 0 0 0 0 0 0 0 0 0 0 0 0 0 0 0 0 0 0 0 0 0 0 0 0 0 0 0 0 0 0 0 0 0 0 0 0 0 0 0 0 0 0 0 0 0 0 0 0 0 0 0 0 0 0 0 0 0 0 0 0 0 0 0 0 0 0 0 0 0 0 0 0 0 0 0 0 0 0 0 0 0 0 0 0 0 0 0 0 0 0 0 0 0 0 0 0 0 0 0 0 0 0 0 0 0 0 0 0 0 0 0 0 0 0 0 0 0 0 0 0 0 0 0 0 0 0 0 0 0 0 0 0 0 0 0 0 0 0 0 0 0 
0 0 0 0 0 0 0 0 0 0 0 0 0 0 0 0 0 0 0 0 0 0 0 0 0 0 0 0 0 0 0 0 0 0 0 0 0 0 0 0 0 0 0 0 0 0 0 0 0 0 0 0 0 0 0 0 0 0 0 0 0 0 0 0 0 0 0 0 0 0 0 0 0 0 0 0 0 0 0 0 0 0 0 0 0 0 0 0 0 0 0 0 0 0 0 0 0 0 0 0 0 0 0 0 0 0 0 0 0 0 0 0 0 0 0 0 0 0 0 0 0 0 0 0 0 0 0 0 0 0 0 0 0 0 0 0 0 0 0 0 0 0 0 0 0 0 0 0 0 0 0 0 0 0 0 0 0 0 0 0 0 0 0 0 0 0 0 0 0 0 0 0 0 0 0 0 0 0 0 0 0 0 0 0 0 0 0 0 0 0 0 0 0 0 0 0 0 0 0 0 0 0 0 0 0 0 0 0 0 0 0 0 0 0 0 0 0 0 0 0 0 0 0 0 0 0 0 0 0 0 0 0 0 0 0 0 0 0 0 0 0 0 0 0 0 0 0 0 0 0 0 0 0 0 0 0 
0 0 0 0 0 0 0 0 0 0 0 0 0 0 0 0 0 0 0 0 0 0 0 0 0 0 0 0 0 0 0 0 0 0 0 0 0 0 0 0 0 0 0 0 0 0 0 0 0 0 0 0 0 0 0 0 0 0 0 0 0 0 0 0 0 0 0 0 0 0 0 0 0 0 0 0 0 0 0 0 0 0 0 0 0 0 0 0 0 0 0 0 0 0 0 0 0 0 0 0 0 0 0 0 0 0 0 0 0 0 0 0 0 0 0 0 0 0 0 0 0 0 0 0 0 0 0 0 0 0 0 0 0 0 0 0 0 0 0 0 0 0 0 0 0 0 0 0 0 0 0 0 0 0 0 0 0 0 0 0 0 0 0 0 0 0 0 0 0 0 0 0 0 0 0 0 0 0 0 0 0 0 0 0 0 0 0 0 0 0 0 0 0 0 0 0 0 0 0 0 0 0 0 0 0 0 0 0 0 0 0 0 0 0 0 0 0 0 0 0 0 0 0 0 0 0 0 0 0 0 0 0 0 0 0 0 0 0 0 0 0 0 0 0 0 0 0 0 0 0 0 0 0 0 0 0 
0 0 0 0 0 0 0 0 0 0 0 0 0 0 0 0 0 0 0 0 0 0 0 0 0 0 0 0 0 0 0 0 0 0 0 0 0 0 0 0 0 0 0 0 0 0 0 0 0 0 0 0 0 0 0 0 0 0 0 0 0 0 0 0 0 0 0 0 0 0 0 0 0 0 0 0 0 0 0 0 0 0 0 0 0 0 0 0 0 0 0 0 0 0 0 0 0 0 0 0 0 0 0 0 0 0 0 0 0 0 0 0 0 0 0 0 0 0 0 0 0 0 0 0 0 0 0 0 0 0 0 0 0 0 0 0 0 0 0 0 0 0 0 0 0 0 0 0 0 0 0 0 0 0 0 0 0 0 0 0 0 0 0 0 0 0 0 0 0 0 0 0 0 0 0 0 0 0 0 0 0 0 0 0 0 0 0 0 0 0 0 0 0 0 0 0 0 0 0 0 0 0 0 0 0 0 0 0 0 0 0 0 0 0 0 0 0 0 0 0 0 0 0 0 0 0 0 0 0 0 0 0 0 0 0 0 0 0 0 0 0 0 0 0 0 0 0 0 0 0 0 0 0 0 0 0 
0 0 0 0 0 0 0 0 0 0 0 0 0 0 0 0 0 0 0 0 0 0 0 0 0 0 0 0 0 0 0 0 0 0 0 0 0 0 0 0 0 0 0 0 0 0 0 0 0 0 0 0 0 0 0 0 0 0 0 0 0 0 0 0 0 0 0 0 0 0 0 0 0 0 0 0 0 0 0 0 0 0 0 0 0 0 0 0 0 0 0 0 0 0 0 0 0 0 0 0 0 0 0 0 0 0 0 0 0 0 0 0 0 0 0 0 0 0 0 0 0 0 0 0 0 0 0 0 0 0 0 0 0 0 0 0 0 0 0 0 0 0 0 0 0 0 0 0 0 0 0 0 0 0 0 0 0 0 0 0 0 0 0 0 0 0 0 0 0 0 0 0 0 0 0 0 0 0 0 0 0 0 0 0 0 0 0 0 0 0 0 0 0 0 0 0 0 0 0 0 0 0 0 0 0 0 0 0 0 0 0 0 0 0 0 0 0 0 0 0 0 0 0 0 0 0 0 0 0 0 0 0 0 0 0 0 0 0 0 0 0 0 0 0 0 0 0 0 0 0 0 0 0 0 0 0 
0 0 0 0 0 0 0 0 0 0 0 0 0 0 0 0 0 0 0 0 0 0 0 0 0 0 0 0 0 0 0 0 0 0 0 0 0 0 0 0 0 0 0 0 0 0 0 0 0 0 0 0 0 0 0 0 0 0 0 0 0 0 0 0 0 0 0 0 0 0 0 0 0 0 0 0 0 0 0 0 0 0 0 0 0 0 0 0 0 0 0 0 0 0 0 0 0 0 0 0 0 0 0 0 0 0 0 0 0 0 0 0 0 0 0 0 0 0 0 0 0 0 0 0 0 0 0 0 0 0 0 0 0 0 0 0 0 0 0 0 0 0 0 0 0 0 0 0 0 0 0 0 0 0 0 0 0 0 0 0 0 0 0 0 0 0 0 0 0 0 0 0 0 0 0 0 0 0 0 0 0 0 0 0 0 0 0 0 0 0 0 0 0 0 0 0 0 0 0 0 0 0 0 0 0 0 0 0 0 0 0 0 0 0 0 0 0 0 0 0 0 0 0 0 0 0 0 0 0 0 0 0 0 0 0 0 0 0 0 0 0 0 0 0 0 0 0 0 0 0 0 0 0 0 0 0 
0 0 0 0 0 0 0 0 0 0 0 0 0 0 0 0 0 0 0 0 0 0 0 0 0 0 0 0 0 0 0 0 0 0 0 0 0 0 0 0 0 0 0 0 0 0 0 0 0 0 0 0 0 0 0 0 0 0 0 0 0 0 0 0 0 0 0 0 0 0 0 0 0 0 0 0 0 0 0 0 0 0 0 0 0 0 0 0 0 0 0 0 0 0 0 0 0 0 0 0 0 0 0 0 0 0 0 0 0 0 0 0 0 0 0 0 0 0 0 0 0 0 0 0 0 0 0 0 0 0 0 0 0 0 0 0 0 0 0 0 0 0 0 0 0 0 0 0 0 0 0 0 0 0 0 0 0 0 0 0 0 0 0 0 0 0 0 0 0 0 0 0 0 0 0 0 0 0 0 0 0 0 0 0 0 0 0 0 0 0 0 0 0 0 0 0 0 0 0 0 0 0 0 0 0 0 0 0 0 0 0 0 0 0 0 0 0 0 0 0 0 0 0 0 0 0 0 0 0 0 0 0 0 0 0 0 0 0 0 0 0 0 0 0 0 0 0 0 0 0 0 0 0 0 0 0 
0 0 0 0 0 0 0 0 0 0 0 0 0 0 0 0 0 0 0 0 0 0 0 0 0 0 0 0 0 0 0 0 0 0 0 0 0 0 0 0 0 0 0 0 0 0 0 0 0 0 0 0 0 0 0 0 0 0 0 0 0 0 0 0 0 0 0 0 0 0 0 0 0 0 0 0 0 0 0 0 0 0 0 0 0 0 0 0 0 0 0 0 0 0 0 0 0 0 0 0 0 0 0 0 0 0 0 0 0 0 0 0 0 0 0 0 0 0 0 0 0 0 0 0 0 0 0 0 0 0 0 0 0 0 0 0 0 0 0 0 0 0 0 0 0 0 0 0 0 0 0 0 0 0 0 0 0 0 0 0 0 0 0 0 0 0 0 0 0 0 0 0 0 0 0 0 0 0 0 0 0 0 0 0 0 0 0 0 0 0 0 0 0 0 0 0 0 0 0 0 0 0 0 0 0 0 0 0 0 0 0 0 0 0 0 0 0 0 0 0 0 0 0 0 0 0 0 0 0 0 0 0 0 0 0 0 0 0 0 0 0 0 0 0 0 0 0 0 0 0 0 0 0 0 0 0 
0 0 0 0 0 0 0 0 0 0 0 0 0 0 0 0 0 0 0 0 0 0 0 0 0 0 0 0 0 0 0 0 0 0 0 0 0 0 0 0 0 0 0 0 0 0 0 0 0 0 0 0 0 0 0 0 0 0 0 0 0 0 0 0 0 0 0 0 0 0 0 0 0 0 0 0 0 0 0 0 0 0 0 0 0 0 0 0 0 0 0 0 0 0 0 0 0 0 0 0 0 0 0 0 0 0 0 0 0 0 0 0 0 0 0 0 0 0 0 0 0 0 0 0 0 0 0 0 0 0 0 0 0 0 0 0 0 0 0 0 0 0 0 0 0 0 0 0 0 0 0 0 0 0 0 0 0 0 0 0 0 0 0 0 0 0 0 0 0 0 0 0 0 0 0 0 0 0 0 0 0 0 0 0 0 0 0 0 0 0 0 0 0 0 0 0 0 0 0 0 0 0 0 0 0 0 0 0 0 0 0 0 0 0 0 0 0 0 0 0 0 0 0 0 0 0 0 0 0 0 0 0 0 0 0 0 0 0 0 0 0 0 0 0 0 0 0 0 0 0 0 0 0 0 0 0 
0 0 0 0 0 0 0 0 0 0 0 0 0 0 0 0 0 0 0 0 0 0 0 0 0 0 0 0 0 0 0 0 0 0 0 0 0 0 0 0 0 0 0 0 0 0 0 0 0 0 0 0 0 0 0 0 0 0 0 0 0 0 0 0 0 0 0 0 0 0 0 0 0 0 0 0 0 0 0 0 0 0 0 0 0 0 0 0 0 0 0 0 0 0 0 0 0 0 0 0 0 0 0 0 0 0 0 0 0 0 0 0 0 0 0 0 0 0 0 0 0 0 0 0 0 0 0 0 0 0 0 0 0 0 0 0 0 0 0 0 0 0 0 0 0 0 0 0 0 0 0 0 0 0 0 0 0 0 0 0 0 0 0 0 0 0 0 0 0 0 0 0 0 0 0 0 0 0 0 0 0 0 0 0 0 0 0 0 0 0 0 0 0 0 0 0 0 0 0 0 0 0 0 0 0 0 0 0 0 0 0 0 0 0 0 0 0 0 0 0 0 0 0 0 0 0 0 0 0 0 0 0 0 0 0 0 0 0 0 0 0 0 0 0 0 0 0 0 0 0 0 0 0 0 0 0 
0 0 0 0 0 0 0 0 0 0 0 0 0 0 0 0 0 0 0 0 0 0 0 0 0 0 0 0 0 0 0 0 0 0 0 0 0 0 0 0 0 0 0 0 0 0 0 0 0 0 0 0 0 0 0 0 0 0 0 0 0 0 0 0 0 0 0 0 0 0 0 0 0 0 0 0 0 0 0 0 0 0 0 0 0 0 0 0 0 0 0 0 0 0 0 0 0 0 0 0 0 0 0 0 0 0 0 0 0 0 0 0 0 0 0 0 0 0 0 0 0 0 0 0 0 0 0 0 0 0 0 0 0 0 0 0 0 0 0 0 0 0 0 0 0 0 0 0 0 0 0 0 0 0 0 0 0 0 0 0 0 0 0 0 0 0 0 0 0 0 0 0 0 0 0 0 0 0 0 0 0 0 0 0 0 0 0 0 0 0 0 0 0 0 0 0 0 0 0 0 0 0 0 0 0 0 0 0 0 0 0 0 0 0 0 0 0 0 0 0 0 0 0 0 0 0 0 0 0 0 0 0 0 0 0 0 0 0 0 0 0 0 0 0 0 0 0 0 0 0 0 0 0 0 0 0 
0 0 0 0 0 0 0 0 0 0 0 0 0 0 0 0 0 0 0 0 0 0 0 0 0 0 0 0 0 0 0 0 0 0 0 0 0 0 0 0 0 0 0 0 0 0 0 0 0 0 0 0 0 0 0 0 0 0 0 0 0 0 0 0 0 0 0 0 0 0 0 0 0 0 0 0 0 0 0 0 0 0 0 0 0 0 0 0 0 0 0 0 0 0 0 0 0 0 0 0 0 0 0 0 0 0 0 0 0 0 0 0 0 0 0 0 0 0 0 0 0 0 0 0 0 0 0 0 0 0 0 0 0 0 0 0 0 0 0 0 0 0 0 0 0 0 0 0 0 0 0 0 0 0 0 0 0 0 0 0 0 0 0 0 0 0 0 0 0 0 0 0 0 0 0 0 0 0 0 0 0 0 0 0 0 0 0 0 0 0 0 0 0 0 0 0 0 0 0 0 0 0 0 0 0 0 0 0 0 0 0 0 0 0 0 0 0 0 0 0 0 0 0 0 0 0 0 0 0 0 0 0 0 0 0 0 0 0 0 0 0 0 0 0 0 0 0 0 0 0 0 0 0 0 0 0 
0 0 0 0 0 0 0 0 0 0 0 0 0 0 0 0 0 0 0 0 0 0 0 0 0 0 0 0 0 0 0 0 0 0 0 0 0 0 0 0 0 0 0 0 0 0 0 0 0 0 0 0 0 0 0 0 0 0 0 0 0 0 0 0 0 0 0 0 0 0 0 0 0 0 0 0 0 0 0 0 0 0 0 0 0 0 0 0 0 0 0 0 0 0 0 0 0 0 0 0 0 0 0 0 0 0 0 0 0 0 0 0 0 0 0 0 0 0 0 0 0 0 0 0 0 0 0 0 0 0 0 0 0 0 0 0 0 0 0 0 0 0 0 0 0 0 0 0 0 0 0 0 0 0 0 0 0 0 0 0 0 0 0 0 0 0 0 0 0 0 0 0 0 0 0 0 0 0 0 0 0 0 0 0 0 0 0 0 0 0 0 0 0 0 0 0 0 0 0 0 0 0 0 0 0 0 0 0 0 0 0 0 0 0 0 0 0 0 0 0 0 0 0 0 0 0 0 0 0 0 0 0 0 0 0 0 0 0 0 0 0 0 0 0 0 0 0 0 0 0 0 0 0 0 0 0 
0 0 0 0 0 0 0 0 0 0 0 0 0 0 0 0 0 0 0 0 0 0 0 0 0 0 0 0 0 0 0 0 0 0 0 0 0 0 0 0 0 0 0 0 0 0 0 0 0 0 0 0 0 0 0 0 0 0 0 0 0 0 0 0 0 0 0 0 0 0 0 0 0 0 0 0 0 0 0 0 0 0 0 0 0 0 0 0 0 0 0 0 0 0 0 0 0 0 0 0 0 0 0 0 0 0 0 0 0 0 0 0 0 0 0 0 0 0 0 0 0 0 0 0 0 0 0 0 0 0 0 0 0 0 0 0 0 0 0 0 0 0 0 0 0 0 0 0 0 0 0 0 0 0 0 0 0 0 0 0 0 0 0 0 0 0 0 0 0 0 0 0 0 0 0 0 0 0 0 0 0 0 0 0 0 0 0 0 0 0 0 0 0 0 0 0 0 0 0 0 0 0 0 0 0 0 0 0 0 0 0 0 0 0 0 0 0 0 0 0 0 0 0 0 0 0 0 0 0 0 0 0 0 0 0 0 0 0 0 0 0 0 0 0 0 0 0 0 0 0 0 0 0 0 0 0 
0 0 0 0 0 0 0 0 0 0 0 0 0 0 0 0 0 0 0 0 0 0 0 0 0 0 0 0 0 0 0 0 0 0 0 0 0 0 0 0 0 0 0 0 0 0 0 0 0 0 0 0 0 0 0 0 0 0 0 0 0 0 0 0 0 0 0 0 0 0 0 0 0 0 0 0 0 0 0 0 0 0 0 0 0 0 0 0 0 0 0 0 0 0 0 0 0 0 0 0 0 0 0 0 0 0 0 0 0 0 0 0 0 0 0 0 0 0 0 0 0 0 0 0 0 0 0 0 0 0 0 0 0 0 0 0 0 0 0 0 0 0 0 0 0 0 0 0 0 0 0 0 0 0 0 0 0 0 0 0 0 0 0 0 0 0 0 0 0 0 0 0 0 0 0 0 0 0 0 0 0 0 0 0 0 0 0 0 0 0 0 0 0 0 0 0 0 0 0 0 0 0 0 0 0 0 0 0 0 0 0 0 0 0 0 0 0 0 0 0 0 0 0 0 0 0 0 0 0 0 0 0 0 0 0 0 0 0 0 0 0 0 0 0 0 0 0 0 0 0 0 0 0 0 0 0 
0 0 0 0 0 0 0 0 0 0 0 0 0 0 0 0 0 0 0 0 0 0 0 0 0 0 0 0 0 0 0 0 0 0 0 0 0 0 0 0 0 0 0 0 0 0 0 0 0 0 0 0 0 0 0 0 0 0 0 0 0 0 0 0 0 0 0 0 0 0 0 0 0 0 0 0 0 0 0 0 0 0 0 0 0 0 0 0 0 0 0 0 0 0 0 0 0 0 0 0 0 0 0 0 0 0 0 0 0 0 0 0 0 0 0 0 0 0 0 0 0 0 0 0 0 0 0 0 0 0 0 0 0 0 0 0 0 0 0 0 0 0 0 0 0 0 0 0 0 0 0 0 0 0 0 0 0 0 0 0 0 0 0 0 0 0 0 0 0 0 0 0 0 0 0 0 0 0 0 0 0 0 0 0 0 0 0 0 0 0 0 0 0 0 0 0 0 0 0 0 0 0 0 0 0 0 0 0 0 0 0 0 0 0 0 0 0 0 0 0 0 0 0 0 0 0 0 0 0 0 0 0 0 0 0 0 0 0 0 0 0 0 0 0 0 0 0 0 0 0 0 0 0 0 0 0 
0 0 0 0 0 0 0 0 0 0 0 0 0 0 0 0 0 0 0 0 0 0 0 0 0 0 0 0 0 0 0 0 0 0 0 0 0 0 0 0 0 0 0 0 0 0 0 0 0 0 0 0 0 0 0 0 0 0 0 0 0 0 0 0 0 0 0 0 0 0 0 0 0 0 0 0 0 0 0 0 0 0 0 0 0 0 0 0 0 0 0 0 0 0 0 0 0 0 0 0 0 0 0 0 0 0 0 0 0 0 0 0 0 0 0 0 0 0 0 0 0 0 0 0 0 0 0 0 0 0 0 0 0 0 0 0 0 0 0 0 0 0 0 0 0 0 0 0 0 0 0 0 0 0 0 0 0 0 0 0 0 0 0 0 0 0 0 0 0 0 0 0 0 0 0 0 0 0 0 0 0 0 0 0 0 0 0 0 0 0 0 0 0 0 0 0 0 0 0 0 0 0 0 0 0 0 0 0 0 0 0 0 0 0 0 0 0 0 0 0 0 0 0 0 0 0 0 0 0 0 0 0 0 0 0 0 0 0 0 0 0 0 0 0 0 0 0 0 0 0 0 0 0 0 0 0 
0 0 0 0 0 0 0 0 0 0 0 0 0 0 0 0 0 0 0 0 0 0 0 0 0 0 0 0 0 0 0 0 0 0 0 0 0 0 0 0 0 0 0 0 0 0 0 0 0 0 0 0 0 0 0 0 0 0 0 0 0 0 0 0 0 0 0 0 0 0 0 0 0 0 0 0 0 0 0 0 0 0 0 0 0 0 0 0 0 0 0 0 0 0 0 0 0 0 0 0 0 0 0 0 0 0 0 0 0 0 0 0 0 0 0 0 0 0 0 0 0 0 0 0 0 0 0 0 0 0 0 0 0 0 0 0 0 0 0 0 0 0 0 0 0 0 0 0 0 0 0 0 0 0 0 0 0 0 0 0 0 0 0 0 0 0 0 0 0 0 0 0 0 0 0 0 0 0 0 0 0 0 0 0 0 0 0 0 0 0 0 0 0 0 0 0 0 0 0 0 0 0 0 0 0 0 0 0 0 0 0 0 0 0 0 0 0 0 0 0 0 0 0 0 0 0 0 0 0 0 0 0 0 0 0 0 0 0 0 0 0 0 0 0 0 0 0 0 0 0 0 0 0 0 0 0 
0 0 0 0 0 0 0 0 0 0 0 0 0 0 0 0 0 0 0 0 0 0 0 0 0 0 0 0 0 0 0 0 0 0 0 0 0 0 0 0 0 0 0 0 0 0 0 0 0 0 0 0 0 0 0 0 0 0 0 0 0 0 0 0 0 0 0 0 0 0 0 0 0 0 0 0 0 0 0 0 0 0 0 0 0 0 0 0 0 0 0 0 0 0 0 0 0 0 0 0 0 0 0 0 0 0 0 0 0 0 0 0 0 0 0 0 0 0 0 0 0 0 0 0 0 0 0 0 0 0 0 0 0 0 0 0 0 0 0 0 0 0 0 0 0 0 0 0 0 0 0 0 0 0 0 0 0 0 0 0 0 0 0 0 0 0 0 0 0 0 0 0 0 0 0 0 0 0 0 0 0 0 0 0 0 0 0 0 0 0 0 0 0 0 0 0 0 0 0 0 0 0 0 0 0 0 0 0 0 0 0 0 0 0 0 0 0 0 0 0 0 0 0 0 0 0 0 0 0 0 0 0 0 0 0 0 0 0 0 0 0 0 0 0 0 0 0 0 0 0 0 0 0 0 0 0 
0 0 0 0 0 0 0 0 0 0 0 0 0 0 0 0 0 0 0 0 0 0 0 0 0 0 0 0 0 0 0 0 0 0 0 0 0 0 0 0 0 0 0 0 0 0 0 0 0 0 0 0 0 0 0 0 0 0 0 0 0 0 0 0 0 0 0 0 0 0 0 0 0 0 0 0 0 0 0 0 0 0 0 0 0 0 0 0 0 0 0 0 0 0 0 0 0 0 0 0 0 0 0 0 0 0 0 0 0 0 0 0 0 0 0 0 0 0 0 0 0 0 0 0 0 0 0 0 0 0 0 0 0 0 0 0 0 0 0 0 0 0 0 0 0 0 0 0 0 0 0 0 0 0 0 0 0 0 0 0 0 0 0 0 0 0 0 0 0 0 0 0 0 0 0 0 0 0 0 0 0 0 0 0 0 0 0 0 0 0 0 0 0 0 0 0 0 0 0 0 0 0 0 0 0 0 0 0 0 0 0 0 0 0 0 0 0 0 0 0 0 0 0 0 0 0 0 0 0 0 0 0 0 0 0 0 0 0 0 0 0 0 0 0 0 0 0 0 0 0 0 0 0 0 0 0 
0 0 0 0 0 0 0 0 0 0 0 0 0 0 0 0 0 0 0 0 0 0 0 0 0 0 0 0 0 0 0 0 0 0 0 0 0 0 0 0 0 0 0 0 0 0 0 0 0 0 0 0 0 0 0 0 0 0 0 0 0 0 0 0 0 0 0 0 0 0 0 0 0 0 0 0 0 0 0 0 0 0 0 0 0 0 0 0 0 0 0 0 0 0 0 0 0 0 0 0 0 0 0 0 0 0 0 0 0 0 0 0 0 0 0 0 0 0 0 0 0 0 0 0 0 0 0 0 0 0 0 0 0 0 0 0 0 0 0 0 0 0 0 0 0 0 0 0 0 0 0 0 0 0 0 0 0 0 0 0 0 0 0 0 0 0 0 0 0 0 0 0 0 0 0 0 0 0 0 0 0 0 0 0 0 0 0 0 0 0 0 0 0 0 0 0 0 0 0 0 0 0 0 0 0 0 0 0 0 0 0 0 0 0 0 0 0 0 0 0 0 0 0 0 0 0 0 0 0 0 0 0 0 0 0 0 0 0 0 0 0 0 0 0 0 0 0 0 0 0 0 0 0 0 0 0 
0 0 0 0 0 0 0 0 0 0 0 0 0 0 0 0 0 0 0 0 0 0 0 0 0 0 0 0 0 0 0 0 0 0 0 0 0 0 0 0 0 0 0 0 0 0 0 0 0 0 0 0 0 0 0 0 0 0 0 0 0 0 0 0 0 0 0 0 0 0 0 0 0 0 0 0 0 0 0 0 0 0 0 0 0 0 0 0 0 0 0 0 0 0 0 0 0 0 0 0 0 0 0 0 0 0 0 0 0 0 0 0 0 0 0 0 0 0 0 0 0 0 0 0 0 0 0 0 0 0 0 0 0 0 0 0 0 0 0 0 0 0 0 0 0 0 0 0 0 0 0 0 0 0 0 0 0 0 0 0 0 0 0 0 0 0 0 0 0 0 0 0 0 0 0 0 0 0 0 0 0 0 0 0 0 0 0 0 0 0 0 0 0 0 0 0 0 0 0 0 0 0 0 0 0 0 0 0 0 0 0 0 0 0 0 0 0 0 0 0 0 0 0 0 0 0 0 0 0 0 0 0 0 0 0 0 0 0 0 0 0 0 0 0 0 0 0 0 0 0 0 0 0 0 0 0 
0 0 0 0 0 0 0 0 0 0 0 0 0 0 0 0 0 0 0 0 0 0 0 0 0 0 0 0 0 0 0 0 0 0 0 0 0 0 0 0 0 0 0 0 0 0 0 0 0 0 0 0 0 0 0 0 0 0 0 0 0 0 0 0 0 0 0 0 0 0 0 0 0 0 0 0 0 0 0 0 0 0 0 0 0 0 0 0 0 0 0 0 0 0 0 0 0 0 0 0 0 0 0 0 0 0 0 0 0 0 0 0 0 0 0 0 0 0 0 0 0 0 0 0 0 0 0 0 0 0 0 0 0 0 0 0 0 0 0 0 0 0 0 0 0 0 0 0 0 0 0 0 0 0 0 0 0 0 0 0 0 0 0 0 0 0 0 0 0 0 0 0 0 0 0 0 0 0 0 0 0 0 0 0 0 0 0 0 0 0 0 0 0 0 0 0 0 0 0 0 0 0 0 0 0 0 0 0 0 0 0 0 0 0 0 0 0 0 0 0 0 0 0 0 0 0 0 0 0 0 0 0 0 0 0 0 0 0 0 0 0 0 0 0 0 0 0 0 0 0 0 0 0 0 0 0 
0 0 0 0 0 0 0 0 0 0 0 0 0 0 0 0 0 0 0 0 0 0 0 0 0 0 0 0 0 0 0 0 0 0 0 0 0 0 0 0 0 0 0 0 0 0 0 0 0 0 0 0 0 0 0 0 0 0 0 0 0 0 0 0 0 0 0 0 0 0 0 0 0 0 0 0 0 0 0 0 0 0 0 0 0 0 0 0 0 0 0 0 0 0 0 0 0 0 0 0 0 0 0 0 0 0 0 0 0 0 0 0 0 0 0 0 0 0 0 0 0 0 0 0 0 0 0 0 0 0 0 0 0 0 0 0 0 0 0 0 0 0 0 0 0 0 0 0 0 0 0 0 0 0 0 0 0 0 0 0 0 0 0 0 0 0 0 0 0 0 0 0 0 0 0 0 0 0 0 0 0 0 0 0 0 0 0 0 0 0 0 0 0 0 0 0 0 0 0 0 0 0 0 0 0 0 0 0 0 0 0 0 0 0 0 0 0 0 0 0 0 0 0 0 0 0 0 0 0 0 0 0 0 0 0 0 0 0 0 0 0 0 0 0 0 0 0 0 0 0 0 0 0 0 0 0 
0 0 0 0 0 0 0 0 0 0 0 0 0 0 0 0 0 0 0 0 0 0 0 0 0 0 0 0 0 0 0 0 0 0 0 0 0 0 0 0 0 0 0 0 0 0 0 0 0 0 0 0 0 0 0 0 0 0 0 0 0 0 0 0 0 0 0 0 0 0 0 0 0 0 0 0 0 0 0 0 0 0 0 0 0 0 0 0 0 0 0 0 0 0 0 0 0 0 0 0 0 0 0 0 0 0 0 0 0 0 0 0 0 0 0 0 0 0 0 0 0 0 0 0 0 0 0 0 0 0 0 0 0 0 0 0 0 0 0 0 0 0 0 0 0 0 0 0 0 0 0 0 0 0 0 0 0 0 0 0 0 0 0 0 0 0 0 0 0 0 0 0 0 0 0 0 0 0 0 0 0 0 0 0 0 0 0 0 0 0 0 0 0 0 0 0 0 0 0 0 0 0 0 0 0 0 0 0 0 0 0 0 0 0 0 0 0 0 0 0 0 0 0 0 0 0 0 0 0 0 0 0 0 0 0 0 0 0 0 0 0 0 0 0 0 0 0 0 0 0 0 0 0 0 0 0 
0 0 0 0 0 0 0 0 0 0 0 0 0 0 0 0 0 0 0 0 0 0 0 0 0 0 0 0 0 0 0 0 0 0 0 0 0 0 0 0 0 0 0 0 0 0 0 0 0 0 0 0 0 0 0 0 0 0 0 0 0 0 0 0 0 0 0 0 0 0 0 0 0 0 0 0 0 0 0 0 0 0 0 0 0 0 0 0 0 0 0 0 0 0 0 0 0 0 0 0 0 0 0 0 0 0 0 0 0 0 0 0 0 0 0 0 0 0 0 0 0 0 0 0 0 0 0 0 0 0 0 0 0 0 0 0 0 0 0 0 0 0 0 0 0 0 0 0 0 0 0 0 0 0 0 0 0 0 0 0 0 0 0 0 0 0 0 0 0 0 0 0 0 0 0 0 0 0 0 0 0 0 0 0 0 0 0 0 0 0 0 0 0 0 0 0 0 0 0 0 0 0 0 0 0 0 0 0 0 0 0 0 0 0 0 0 0 0 0 0 0 0 0 0 0 0 0 0 0 0 0 0 0 0 0 0 0 0 0 0 0 0 0 0 0 0 0 0 0 0 0 0 0 0 0 0 
0 0 0 0 0 0 0 0 0 0 0 0 0 0 0 0 0 0 0 0 0 0 0 0 0 0 0 0 0 0 0 0 0 0 0 0 0 0 0 0 0 0 0 0 0 0 0 0 0 0 0 0 0 0 0 0 0 0 0 0 0 0 0 0 0 0 0 0 0 0 0 0 0 0 0 0 0 0 0 0 0 0 0 0 0 0 0 0 0 0 0 0 0 0 0 0 0 0 0 0 0 0 0 0 0 0 0 0 0 0 0 0 0 0 0 0 0 0 0 0 0 0 0 0 0 0 0 0 0 0 0 0 0 0 0 0 0 0 0 0 0 0 0 0 0 0 0 0 0 0 0 0 0 0 0 0 0 0 0 0 0 0 0 0 0 0 0 0 0 0 0 0 0 0 0 0 0 0 0 0 0 0 0 0 0 0 0 0 0 0 0 0 0 0 0 0 0 0 0 0 0 0 0 0 0 0 0 0 0 0 0 0 0 0 0 0 0 0 0 0 0 0 0 0 0 0 0 0 0 0 0 0 0 0 0 0 0 0 0 0 0 0 0 0 0 0 0 0 0 0 0 0 0 0 0 0 
0 0 0 0 0 0 0 0 0 0 0 0 0 0 0 0 0 0 0 0 0 0 0 0 0 0 0 0 0 0 0 0 0 0 0 0 0 0 0 0 0 0 0 0 0 0 0 0 0 0 0 0 0 0 0 0 0 0 0 0 0 0 0 0 0 0 0 0 0 0 0 0 0 0 0 0 0 0 0 0 0 0 0 0 0 0 0 0 0 0 0 0 0 0 0 0 0 0 0 0 0 0 0 0 0 0 0 0 0 0 0 0 0 0 0 0 0 0 0 0 0 0 0 0 0 0 0 0 0 0 0 0 0 0 0 0 0 0 0 0 0 0 0 0 0 0 0 0 0 0 0 0 0 0 0 0 0 0 0 0 0 0 0 0 0 0 0 0 0 0 0 0 0 0 0 0 0 0 0 0 0 0 0 0 0 0 0 0 0 0 0 0 0 0 0 0 0 0 0 0 0 0 0 0 0 0 0 0 0 0 0 0 0 0 0 0 0 0 0 0 0 0 0 0 0 0 0 0 0 0 0 0 0 0 0 0 0 0 0 0 0 0 0 0 0 0 0 0 0 0 0 0 0 0 0 0 
0 0 0 0 0 0 0 0 0 0 0 0 0 0 0 0 0 0 0 0 0 0 0 0 0 0 0 0 0 0 0 0 0 0 0 0 0 0 0 0 0 0 0 0 0 0 0 0 0 0 0 0 0 0 0 0 0 0 0 0 0 0 0 0 0 0 0 0 0 0 0 0 0 0 0 0 0 0 0 0 0 0 0 0 0 0 0 0 0 0 0 0 0 0 0 0 0 0 0 0 0 0 0 0 0 0 0 0 0 0 0 0 0 0 0 0 0 0 0 0 0 0 0 0 0 0 0 0 0 0 0 0 0 0 0 0 0 0 0 0 0 0 0 0 0 0 0 0 0 0 0 0 0 0 0 0 0 0 0 0 0 0 0 0 0 0 0 0 0 0 0 0 0 0 0 0 0 0 0 0 0 0 0 0 0 0 0 0 0 0 0 0 0 0 0 0 0 0 0 0 0 0 0 0 0 0 0 0 0 0 0 0 0 0 0 0 0 0 0 0 0 0 0 0 0 0 0 0 0 0 0 0 0 0 0 0 0 0 0 0 0 0 0 0 0 0 0 0 0 0 0 0 0 0 0 0 
# Errors [detector/detector.dat] I_err:
0 0 0 0 0 0 0 0 0 0 0 0 0 0 0 0 0 0 0 0 0 0 0 0 0 0 0 0 0 0 0 0 0 0 0 0 0 0 0 0 0 0 0 0 0 0 0 0 0 0 0 0 0 0 0 0 0 0 0 0 0 0 0 0 0 0 0 0 0 0 0 0 0 0 0 0 0 0 0 0 0 0 0 0 0 0 0 0 0 0 0 0 0 0 0 0 0 0 0 0 0 0 0 0 0 0 0 0 0 0 0 0 0 0 0 0 0 0 0 0 0 0 0 0 0 0 0 0 0 0 0 0 0 0 0 0 0 0 0 0 0 0 0 0 0 0 0 0 0 0 0 0 0 0 0 0 0 0 0 0 0 0 0 0 0 0 0 0 0 0 0 0 0 0 0 0 0 0 0 0 0 0 0 0 0 0 0 0 0 0 0 0 0 0 0 0 0 0 0 0 0 0 0 0 0 0 0 0 0 0 0 0 0 0 0 0 0 0 0 0 0 0 0 0 0 0 0 0 0 0 0 0 0 0 0 0 0 0 0 0 0 0 0 0 0 0 0 0 0 0 0 0 0 0 0 0 
0 0 0 0 0 0 0 0 0 0 0 0 0 0 0 0 0 0 0 0 0 0 0 0 0 0 0 0 0 0 0 0 0 0 0 0 0 0 0 0 0 0 0 0 0 0 0 0 0 0 0 0 0 0 0 0 0 0 0 0 0 0 0 0 0 0 0 0 0 0 0 0 0 0 0 0 0 0 0 0 0 0 0 0 0 0 0 0 0 0 0 0 0 0 0 0 0 0 0 0 0 0 0 0 0 0 0 0 0 0 0 0 0 0 0 0 0 0 0 0 0 0 0 0 0 0 0 0 0 0 0 0 0 0 0 0 0 0 0 0 0 0 0 0 0 0 0 0 0 0 0 0 0 0 0 0 0 0 0 0 0 0 0 0 0 0 0 0 0 0 0 0 0 0 0 0 0 0 0 0 0 0 0 0 0 0 0 0 0 0 0 0 0 0 0 0 0 0 0 0 0 0 0 0 0 0 0 0 0 0 0 0 0 0 0 0 0 0 0 0 0 0 0 0 0 0 0 0 0 0 0 0 0 0 0 0 0 0 0 0 0 0 0 0 0 0 0 0 0 0 0 0 0 0 0 0 
0 0 0 0 0 0 0 0 0 0 0 0 0 0 0 0 0 0 0 0 0 0 0 0 0 0 0 0 0 0 0 0 0 0 0 0 0 0 0 0 0 0 0 0 0 0 0 0 0 0 0 0 0 0 0 0 0 0 0 0 0 0 0 0 0 0 0 0 0 0 0 0 0 0 0 0 0 0 0 0 0 0 0 0 0 0 0 0 0 0 0 0 0 0 0 0 0 0 0 0 0 0 0 0 0 0 0 0 0 0 0 0 0 0 0 0 0 0 0 0 0 0 0 0 0 0 0 0 0 0 0 0 0 0 0 0 0 0 0 0 0 0 0 0 0 0 0 0 0 0 0 0 0 0 0 0 0 0 0 0 0 0 0 0 0 0 0 0 0 0 0 0 0 0 0 0 0 0 0 0 0 0 0 0 0 0 0 0 0 0 0 0 0 0 0 0 0 0 0 0 0 0 0 0 0 0 0 0 0 0 0 0 0 0 0 0 0 0 0 0 0 0 0 0 0 0 0 0 0 0 0 0 0 0 0 0 0 0 0 0 0 0 0 0 0 0 0 0 0 0 0 0 0 0 0 0 
0 0 0 0 0 0 0 0 0 0 0 0 0 0 0 0 0 0 0 0 0 0 0 0 0 0 0 0 0 0 0 0 0 0 0 0 0 0 0 0 0 0 0 0 0 0 0 0 0 0 0 0 0 0 0 0 0 0 0 0 0 0 0 0 0 0 0 0 0 0 0 0 0 0 0 0 0 0 0 0 0 0 0 0 0 0 0 0 0 0 0 0 0 0 0 0 0 0 0 0 0 0 0 0 0 0 0 0 0 0 0 0 0 0 0 0 0 0 0 0 0 0 0 0 0 0 0 0 0 0 0 0 0 0 0 0 0 0 0 0 0 0 0 0 0 0 0 0 0 0 0 0 0 0 0 0 0 0 0 0 0 0 0 0 0 0 0 0 0 0 0 0 0 0 0 0 0 0 0 0 0 0 0 0 0 0 0 0 0 0 0 0 0 0 0 0 0 0 0 0 0 0 0 0 0 0 0 0 0 0 0 0 0 0 0 0 0 0 0 0 0 0 0 0 0 0 0 0 0 0 0 0 0 0 0 0 0 0 0 0 0 0 0 0 0 0 0 0 0 0 0 0 0 0 0 0 
0 0 0 0 0 0 0 0 0 0 0 0 0 0 0 0 0 0 0 0 0 0 0 0 0 0 0 0 0 0 0 0 0 0 0 0 0 0 0 0 0 0 0 0 0 0 0 0 0 0 0 0 0 0 0 0 0 0 0 0 0 0 0 0 0 0 0 0 0 0 0 0 0 0 0 0 0 0 0 0 0 0 0 0 0 0 0 0 0 0 0 0 0 0 0 0 0 0 0 0 0 0 0 0 0 0 0 0 0 0 0 0 0 0 0 0 0 0 0 0 0 0 0 0 0 0 0 0 0 0 0 0 0 0 0 0 0 0 0 0 0 0 0 0 0 0 0 0 0 0 0 0 0 0 0 0 0 0 0 0 0 0 0 0 0 0 0 0 0 0 0 0 0 0 0 0 0 0 0 0 0 0 0 0 0 0 0 0 0 0 0 0 0 0 0 0 0 0 0 0 0 0 0 0 0 0 0 0 0 0 0 0 0 0 0 0 0 0 0 0 0 0 0 0 0 0 0 0 0 0 0 0 0 0 0 0 0 0 0 0 0 0 0 0 0 0 0 0 0 0 0 0 0 0 0 0 
0 0 0 0 0 0 0 0 0 0 0 0 0 0 0 0 0 0 0 0 0 0 0 0 0 0 0 0 0 0 0 0 0 0 0 0 0 0 0 0 0 0 0 0 0 0 0 0 0 0 0 0 0 0 0 0 0 0 0 0 0 0 0 0 0 0 0 0 0 0 0 0 0 0 0 0 0 0 0 0 0 0 0 0 0 0 0 0 0 0 0 0 0 0 0 0 0 0 0 0 0 0 0 0 0 0 0 0 0 0 0 0 0 0 0 0 0 0 0 0 0 0 0 0 0 0 0 0 0 0 0 0 0 0 0 0 0 0 0 0 0 0 0 0 0 0 0 0 0 0 0 0 0 0 0 0 0 0 0 0 0 0 0 0 0 0 0 0 0 0 0 0 0 0 0 0 0 0 0 0 0 0 0 0 0 0 0 0 0 0 0 0 0 0 0 0 0 0 0 0 0 0 0 0 0 0 0 0 0 0 0 0 0 0 0 0 0 0 0 0 0 0 0 0 0 0 0 0 0 0 0 0 0 0 0 0 0 0 0 0 0 0 0 0 0 0 0 0 0 0 0 0 0 0 0 0 
0 0 0 0 0 0 0 0 0 0 0 0 0 0 0 0 0 0 0 0 0 0 0 0 0 0 0 0 0 0 0 0 0 0 0 0 0 0 0 0 0 0 0 0 0 0 0 0 0 0 0 0 0 0 0 0 0 0 0 0 0 0 0 0 0 0 0 0 0 0 0 0 0 0 0 0 0 0 0 0 0 0 0 0 0 0 0 0 0 0 0 0 0 0 0 0 0 0 0 0 0 0 0 0 0 0 0 0 0 0 0 0 0 0 0 0 0 0 0 0 0 0 0 0 0 0 0 0 0 0 0 0 0 0 0 0 0 0 0 0 0 0 0 0 0 0 0 0 0 0 0 0 0 0 0 0 0 0 0 0 0 0 0 0 0 0 0 0 0 0 0 0 0 0 0 0 0 0 0 0 0 0 0 0 0 0 0 0 0 0 0 0 0 0 0 0 0 0 0 0 0 0 0 0 0 0 0 0 0 0 0 0 0 0 0 0 0 0 0 0 0 0 0 0 0 0 0 0 0 0 0 0 0 0 0 0 0 0 0 0 0 0 0 0 0 0 0 0 0 0 0 0 0 0 0 0 
0 0 0 0 0 0 0 0 0 0 0 0 0 0 0 0 0 0 0 0 0 0 0 0 0 0 0 0 0 0 0 0 0 0 0 0 0 0 0 0 0 0 0 0 0 0 0 0 0 0 0 0 0 0 0 0 0 0 0 0 0 0 0 0 0 0 0 0 0 0 0 0 0 0 0 0 0 0 0 0 0 0 0 0 0 0 0 0 0 0 0 0 0 0 0 0 0 0 0 0 0 0 0 0 0 0 0 0 0 0 0 0 0 0 0 0 0 0 0 0 0 0 0 0 0 0 0 0 0 0 0 0 0 0 0 0 0 0 0 0 0 0 0 0 0 0 0 0 0 0 0 0 0 0 0 0 0 0 0 0 0 0 0 0 0 0 0 0 0 0 0 0 0 0 0 0 0 0 0 0 0 0 0 0 0 0 0 0 0 0 0 0 0 0 0 0 0 0 0 0 0 0 0 0 0 0 0 0 0 0 0 0 0 0 0 0 0 0 0 0 0 0 0 0 0 0 0 0 0 0 0 0 0 0 0 0 0 0 0 0 0 0 0 0 0 0 0 0 0 0 0 0 0 0 0 0 
0 0 0 0 0 0 0 0 0 0 0 0 0 0 0 0 0 0 0 0 0 0 0 0 0 0 0 0 0 0 0 0 0 0 0 0 0 0 0 0 0 0 0 0 0 0 0 0 0 0 0 0 0 0 0 0 0 0 0 0 0 0 0 0 0 0 0 0 0 0 0 0 0 0 0 0 0 0 0 0 0 0 0 0 0 0 0 0 0 0 0 0 0 0 0 0 0 0 0 0 0 0 0 0 0 0 0 0 0 0 0 0 0 0 0 0 0 0 0 0 0 0 0 0 0 0 0 0 0 0 0 0 0 0 0 0 0 0 0 0 0 0 0 0 0 0 0 0 0 0 0 0 0 0 0 0 0 0 0 0 0 0 0 0 0 0 0 0 0 0 0 0 0 0 0 0 0 0 0 0 0 0 0 0 0 0 0 0 0 0 0 0 0 0 0 0 0 0 0 0 0 0 0 0 0 0 0 0 0 0 0 0 0 0 0 0 0 0 0 0 0 0 0 0 0 0 0 0 0 0 0 0 0 0 0 0 0 0 0 0 0 0 0 0 0 0 0 0 0 0 0 0 0 0 0 0 
0 0 0 0 0 0 0 0 0 0 0 0 0 0 0 0 0 0 0 0 0 0 0 0 0 0 0 0 0 0 0 0 0 0 0 0 0 0 0 0 0 0 0 0 0 0 0 0 0 0 0 0 0 0 0 0 0 0 0 0 0 0 0 0 0 0 0 0 0 0 0 0 0 0 0 0 0 0 0 0 0 0 0 0 0 0 0 0 0 0 0 0 0 0 0 0 0 0 0 0 0 0 0 0 0 0 0 0 0 0 0 0 0 0 0 0 0 0 0 0 0 0 0 0 0 0 0 0 0 0 0 0 0 0 0 0 0 0 0 0 0 0 0 0 0 0 0 0 0 0 0 0 0 0 0 0 0 0 0 0 0 0 0 0 0 0 0 0 0 0 0 0 0 0 0 0 0 0 0 0 0 0 0 0 0 0 0 0 0 0 0 0 0 0 0 0 0 0 0 0 0 0 0 0 0 0 0 0 0 0 0 0 0 0 0 0 0 0 0 0 0 0 0 0 0 0 0 0 0 0 0 0 0 0 0 0 0 0 0 0 0 0 0 0 0 0 0 0 0 0 0 0 0 0 0 0 
0 0 0 0 0 0 0 0 0 0 0 0 0 0 0 0 0 0 0 0 0 0 0 0 0 0 0 0 0 0 0 0 0 0 0 0 0 0 0 0 0 0 0 0 0 0 0 0 0 0 0 0 0 0 0 0 0 0 0 0 0 0 0 0 0 0 0 0 0 0 0 0 0 0 0 0 0 0 0 0 0 0 0 0 0 0 0 0 0 0 0 0 0 0 0 0 0 0 0 0 0 0 0 0 0 0 0 0 0 0 0 0 0 0 0 0 0 0 0 0 0 0 0 0 0 0 0 0 0 0 0 0 0 0 0 0 0 0 0 0 0 0 0 0 0 0 0 0 0 0 0 0 0 0 0 0 0 0 0 0 0 0 0 0 0 0 0 0 0 0 0 0 0 0 0 0 0 0 0 0 0 0 0 0 0 0 0 0 0 0 0 0 0 0 0 0 0 0 0 0 0 0 0 0 0 0 0 0 0 0 0 0 0 0 0 0 0 0 0 0 0 0 0 0 0 0 0 0 0 0 0 0 0 0 0 0 0 0 0 0 0 0 0 0 0 0 0 0 0 0 0 0 0 0 0 0 
0 0 0 0 0 0 0 0 0 0 0 0 0 0 0 0 0 0 0 0 0 0 0 0 0 0 0 0 0 0 0 0 0 0 0 0 0 0 0 0 0 0 0 0 0 0 0 0 0 0 0 0 0 0 0 0 0 0 0 0 0 0 0 0 0 0 0 0 0 0 0 0 0 0 0 0 0 0 0 0 0 0 0 0 0 0 0 0 0 0 0 0 0 0 0 0 0 0 0 0 0 0 0 0 0 0 0 0 0 0 0 0 0 0 0 0 0 0 0 0 0 0 0 0 0 0 0 0 0 0 0 0 0 0 0 0 0 0 0 0 0 0 0 0 0 0 0 0 0 0 0 0 0 0 0 0 0 0 0 0 0 0 0 0 0 0 0 0 0 0 0 0 0 0 0 0 0 0 0 0 0 0 0 0 0 0 0 0 0 0 0 0 0 0 0 0 0 0 0 0 0 0 0 0 0 0 0 0 0 0 0 0 0 0 0 0 0 0 0 0 0 0 0 0 0 0 0 0 0 0 0 0 0 0 0 0 0 0 0 0 0 0 0 0 0 0 0 0 0 0 0 0 0 0 0 0 
0 0 0 0 0 0 0 0 0 0 0 0 0 0 0 0 0 0 0 0 0 0 0 0 0 0 0 0 0 0 0 0 0 0 0 0 0 0 0 0 0 0 0 0 0 0 0 0 0 0 0 0 0 0 0 0 0 0 0 0 0 0 0 0 0 0 0 0 0 0 0 0 0 0 0 0 0 0 0 0 0 0 0 0 0 0 0 0 0 0 0 0 0 0 0 0 0 0 0 0 0 0 0 0 0 0 0 0 0 0 0 0 0 0 0 0 0 0 0 0 0 0 0 0 0 0 0 0 0 0 0 0 0 0 0 0 0 0 0 0 0 0 0 0 0 0 0 0 0 0 0 0 0 0 0 0 0 0 0 0 0 0 0 0 0 0 0 0 0 0 0 0 0 0 0 0 0 0 0 0 0 0 0 0 0 0 0 0 0 0 0 0 0 0 0 0 0 0 0 0 0 0 0 0 0 0 0 0 0 0 0 0 0 0 0 0 0 0 0 0 0 0 0 0 0 0 0 0 0 0 0 0 0 0 0 0 0 0 0 0 0 0 0 0 0 0 0 0 0 0 0 0 0 0 0 0 
0 0 0 0 0 0 0 0 0 0 0 0 0 0 0 0 0 0 0 0 0 0 0 0 0 0 0 0 0 0 0 0 0 0 0 0 0 0 0 0 0 0 0 0 0 0 0 0 0 0 0 0 0 0 0 0 0 0 0 0 0 0 0 0 0 0 0 0 0 0 0 0 0 0 0 0 0 0 0 0 0 0 0 0 0 0 0 0 0 0 0 0 0 0 0 0 0 0 0 0 0 0 0 0 0 0 0 0 0 0 0 0 0 0 0 0 0 0 0 0 0 0 0 0 0 0 0 0 0 0 0 0 0 0 0 0 0 0 0 0 0 0 0 0 0 0 0 0 0 0 0 0 0 0 0 0 0 0 0 0 0 0 0 0 0 0 0 0 0 0 0 0 0 0 0 0 0 0 0 0 0 0 0 0 0 0 0 0 0 0 0 0 0 0 0 0 0 0 0 0 0 0 0 0 0 0 0 0 0 0 0 0 0 0 0 0 0 0 0 0 0 0 0 0 0 0 0 0 0 0 0 0 0 0 0 0 0 0 0 0 0 0 0 0 0 0 0 0 0 0 0 0 0 0 0 0 
0 0 0 0 0 0 0 0 0 0 0 0 0 0 0 0 0 0 0 0 0 0 0 0 0 0 0 0 0 0 0 0 0 0 0 0 0 0 0 0 0 0 0 0 0 0 0 0 0 0 0 0 0 0 0 0 0 0 0 0 0 0 0 0 0 0 0 0 0 0 0 0 0 0 0 0 0 0 0 0 0 0 0 0 0 0 0 0 0 0 0 0 0 0 0 0 0 0 0 0 0 0 0 0 0 0 0 0 0 0 0 0 0 0 0 0 0 0 0 0 0 0 0 0 0 0 0 0 0 0 0 0 0 0 0 0 0 0 0 0 0 0 0 0 0 0 0 0 0 0 0 0 0 0 0 0 0 0 0 0 0 0 0 0 0 0 0 0 0 0 0 0 0 0 0 0 0 0 0 0 0 0 0 0 0 0 0 0 0 0 0 0 0 0 0 0 0 0 0 0 0 0 0 0 0 0 0 0 0 0 0 0 0 0 0 0 0 0 0 0 0 0 0 0 0 0 0 0 0 0 0 0 0 0 0 0 0 0 0 0 0 0 0 0 0 0 0 0 0 0 0 0 0 0 0 0 
0 0 0 0 0 0 0 0 0 0 0 0 0 0 0 0 0 0 0 0 0 0 0 0 0 0 0 0 0 0 0 0 0 0 0 0 0 0 0 0 0 0 0 0 0 0 0 0 0 0 0 0 0 0 0 0 0 0 0 0 0 0 0 0 0 0 0 0 0 0 0 0 0 0 0 0 0 0 0 0 0 0 0 0 0 0 0 0 0 0 0 0 0 0 0 0 0 0 0 0 0 0 0 0 0 0 0 0 0 0 0 0 0 0 0 0 0 0 0 0 0 0 0 0 0 0 0 0 0 0 0 0 0 0 0 0 0 0 0 0 0 0 0 0 0 0 0 0 0 0 0 0 0 0 0 0 0 0 0 0 0 0 0 0 0 0 0 0 0 0 0 0 0 0 0 0 0 0 0 0 0 0 0 0 0 0 0 0 0 0 0 0 0 0 0 0 0 0 0 0 0 0 0 0 0 0 0 0 0 0 0 0 0 0 0 0 0 0 0 0 0 0 0 0 0 0 0 0 0 0 0 0 0 0 0 0 0 0 0 0 0 0 0 0 0 0 0 0 0 0 0 0 0 0 0 0 
0 0 0 0 0 0 0 0 0 0 0 0 0 0 0 0 0 0 0 0 0 0 0 0 0 0 0 0 0 0 0 0 0 0 0 0 0 0 0 0 0 0 0 0 0 0 0 0 0 0 0 0 0 0 0 0 0 0 0 0 0 0 0 0 0 0 0 0 0 0 0 0 0 0 0 0 0 0 0 0 0 0 0 0 0 0 0 0 0 0 0 0 0 0 0 0 0 0 0 0 0 0 0 0 0 0 0 0 0 0 0 0 0 0 0 0 0 0 0 0 0 0 0 0 0 0 0 0 0 0 0 0 0 0 0 0 0 0 0 0 0 0 0 0 0 0 0 0 0 0 0 0 0 0 0 0 0 0 0 0 0 0 0 0 0 0 0 0 0 0 0 0 0 0 0 0 0 0 0 0 0 0 0 0 0 0 0 0 0 0 0 0 0 0 0 0 0 0 0 0 0 0 0 0 0 0 0 0 0 0 0 0 0 0 0 0 0 0 0 0 0 0 0 0 0 0 0 0 0 0 0 0 0 0 0 0 0 0 0 0 0 0 0 0 0 0 0 0 0 0 0 0 0 0 0 0 
0 0 0 0 0 0 0 0 0 0 0 0 0 0 0 0 0 0 0 0 0 0 0 0 0 0 0 0 0 0 0 0 0 0 0 0 0 0 0 0 0 0 0 0 0 0 0 0 0 0 0 0 0 0 0 0 0 0 0 0 0 0 0 0 0 0 0 0 0 0 0 0 0 0 0 0 0 0 0 0 0 0 0 0 0 0 0 0 0 0 0 0 3.040171414e-92 0 0 0 0 0 0 0 0 0 0 0 0 0 0 0 0 0 0 0 0 0 0 0 0 0 0 0 0 0 0 0 0 0 0 0 0 0 0 0 0 0 0 0 0 0 0 0 0 0 0 0 0 0 0 0 0 0 0 0 0 0 0 0 0 0 0 0 0 0 0 0 0 0 0 0 0 0 0 0 0 0 0 0 0 0 0 0 0 0 0 0 0 0 0 0 0 0 0 0 0 0 0 0 0 0 0 0 0 0 0 0 0 0 0 0 0 0 0 0 0 0 0 0 0 0 0 0 0 0 0 0 0 0 0 0 0 0 0 0 0 0 0 0 0 0 0 0 0 0 0 0 0 0 0 0 0 0 0 0 0 0 0 0 
0 0 0 0 0 0 0 0 0 0 0 0 0 0 0 0 0 0 0 0 0 0 0 0 0 0 0 0 0 0 0 0 0 0 0 0 0 0 0 0 0 0 0 0 0 0 0 0 0 0 0 0 0 0 0 0 0 0 0 0 0 0 0 0 0 0 0 0 0 0 0 0 0 0 0 0 0 0 0 0 0 0 0 0 0 0 0 0 0 0 0 0 0 0 0 0 0 0 0 0 0 0 0 0 0 0 0 0 0 0 0 0 0 0 0 0 0 0 0 0 0 0 0 0 0 0 0 0 0 0 0 0 0 0 0 0 0 0 0 0 0 0 0 0 0 0 0 0 0 0 0 0 0 0 0 0 0 0 0 0 0 0 0 0 0 0 0 0 0 0 0 0 0 0 0 0 0 0 0 0 0 0 0 0 0 0 0 0 0 0 0 0 0 0 0 0 0 0 0 0 0 0 0 0 0 0 0 0 0 0 0 0 0 0 0 0 0 0 0 0 0 0 0 0 0 0 0 0 0 0 0 0 0 0 0 0 0 0 0 0 0 0 0 0 0 0 0 0 0 0 0 0 0 0 0 0 
0 0 0 0 0 0 0 0 0 0 0 0 0 0 0 0 0 0 0 0 0 0 0 0 0 0 0 0 0 0 0 0 0 0 0 0 0 0 0 0 0 0 0 0 0 0 0 0 0 0 0 0 0 0 0 0 0 0 0 0 0 0 0 0 0 0 0 0 0 0 0 0 0 0 0 0 0 0 0 0 0 0 0 0 0 0 0 0 0 0 0 0 0 0 0 0 0 0 0 0 0 0 0 0 0 0 0 0 0 0 0 0 0 0 0 0 0 0 0 0 0 0 1.022033661e-84 7.103831234e-83 0 0 0 0 0 0 0 0 0 0 0 0 0 0 0 0 0 0 0 0 0 0 0 0 0 0 0 0 0 0 0 0 0 0 0 0 0 0 0 0 0 0 0 0 0 0 0 0 0 0 0 0 0 0 0 0 0 0 0 0 0 0 0 0 0 0 0 0 0 0 0 0 0 0 0 0 0 0 0 0 0 0 0 0 0 0 0 0 0 0 0 0 0 0 0 0 0 0 0 0 0 0 0 0 0 0 0 0 0 0 0 0 0 0 0 0 0 0 0 0 0 0 0 0 0 0 0 0 0 0 0 0 
0 0 0 0 0 0 0 0 0 0 0 0 0 0 0 0 0 0 0 0 0 0 0 0 0 0 0 0 0 0 0 0 0 0 0 0 0 0 0 0 0 0 0 0 0 0 0 0 0 0 0 0 0 0 0 0 0 0 0 0 0 0 0 0 0 0 0 0 0 0 0 0 0 0 0 0 0 0 0 0 0 0 0 0 0 0 0 0 0 0 0 0 0 0 0 0 0 0 0 0 0 0 0 0 0 0 0 0 0 0 0 0 0 0 0 0 0 2.498130128e-83 0 0 0 0 0 0 0 0 0 0 0 0 0 0 0 0 0 0 0 0 0 0 0 0 0 0 0 0 0 0 0 0 0 0 0 0 0 0 0 0 1.015137636e-83 0 0 0 0 0 0 0 0 0 0 0 0 0 0 0 0 0 0 0 0 0 0 0 0 0 0 0 0 0 0 0 0 0 0 0 0 0 0 0 0 0 0 0 0 0 0 0 0 0 0 0 0 0 0 0 0 0 0 0 0 0 0 0 0 0 0 0 0 0 0 0 0 0 0 0 0 0 0 0 0 0 0 0 0 0 0 0 0 0 0 0 0 0 0 0 0 0 
0 0 0 0 0 0 0 0 0 0 0 0 0 0 0 0 0 0 0 0 0 0 0 0 0 0 0 0 0 0 0 0 0 0 0 0 0 0 0 0 0 0 0 0 0 0 0 0 0 0 0 0 0 0 0 0 0 0 0 0 0 0 0 0 0 0 0 0 0 0 0 0 0 0 0 0 0 0 0 0 0 0 0 0 0 0 0 0 0 0 0 0 0 0 0 0 0 0 0 3.51163087e-81 0 0 0 0 0 0 0 0 0 0 0 0 0 0 0 0 0 0 0 2.739027347e-82 0 8.806631345e-84 0 0 0 0 0 0 0 0 0 0 0 0 0 0 0 0 0 0 0 0 0 0 0 0 0 0 0 1.468989727e-85 0 0 0 0 0 0 0 0 0 0 0 0 0 0 0 0 0 0 0 0 0 0 0 0 0 0 0 0 0 0 0 0 0 0 0 0 0 0 0 0 0 0 0 0 0 0 0 0 0 0 0 0 0 0 0 0 0 0 0 0 0 0 0 0 0 0 0 0 0 0 0 0 0 0 0 0 0 0 0 0 0 0 0 0 0 0 0 0 0 0 0 0 0 0 0 0 0 0 0 0 0 0 0 0 0 0 
0 0 0 0 0 0 0 0 0 0 0 0 0 0 0 0 0 0 0 0 0 0 0 0 0 0 0 0 0 0 0 0 0 0 0 0 0 0 0 0 0 0 0 0 0 0 0 0 0 0 0 0 0 0 0 0 0 0 0 0 0 0 0 0 0 0 0 0 0 0 0 0 0 0 0 0 0 0 0 0 0 0 0 0 0 0 0 0 0 0 4.634141811e-78 0 0 0 0 0 0 0 0 0 0 0 0 0 0 0 0 0 0 0 4.650316688e-81 0 0 0 0 0 0 0 0 0 0 1.430680888e-76 0 0 0 0 0 0 0 0 5.354229666e-75 0 0 0 0 0 0 0 0 0 0 0 0 0 1.387035468e-84 0 0 0 0 0 0 0 0 0 0 0 0 0 0 0 0 0 0 0 0 0 0 0 0 0 0 0 0 0 0 0 0 0 0 0 0 0 0 0 0 0 0 0 0 0 0 0 0 0 0 0 0 0 0 0 0 0 0 0 0 0 0 0 0 0 0 0 0 0 0 0 0 0 0 0 0 0 0 0 0 0 0 0 0 0 0 0 0 0 0 0 0 0 0 0 0 0 0 0 0 0 0 0 0 0 0 0 0 0 0 0 
0 0 0 0 0 0 0 0 0 0 0 0 0 0 0 0 0 0 0 0 0 0 0 0 0 0 0 0 0 0 0 0 0 0 0 0 0 0 0 0 0 0 0 0 0 0 0 0 0 0 0 0 0 0 0 0 0 0 0 0 0 0 0 0 0 0 0 0 0 0 0 0 0 0 0 0 0 0 0 0 0 0 0 0 0 0 0 0 0 0 0 0 0 0 0 9.397927134e-76 0 0 0 0 0 0 0 0 0 0 0 0 0 0 0 0 0 0 0 0 0 0 0 0 0 7.312254196e-69 0 0 0 0 0 0 0 0 0 0 0 0 0 0 0 0 0 0 0 0 0 0 0 0 0 0 0 0 0 0 4.219933778e-79 0 0 0 0 0 0 0 0 0 0 0 0 0 0 0 0 0 0 0 0 0 0 0 0 0 0 0 0 0 0 0 0 0 0 0 0 0 0 0 0 0 0 0 0 0 0 0 0 0 0 0 0 0 0 0 0 0 0 0 0 0 0 0 0 0 0 0 0 0 0 0 0 0 0 0 0 0 0 0 0 0 0 0 0 0 0 0 0 0 0 0 0 0 0 0 0 0 0 0 0 0 0 0 
0 0 0 0 0 0 0 0 0 0 0 0 0 0 0 0 0 0 0 0 0 0 0 0 0 0 0 0 0 0 0 0 0 0 0 0 0 0 0 0 0 0 0 0 0 0 0 0 0 0 0 0 0 0 0 0 0 0 0 0 0 0 0 0 0 0 0 0 0 0 0 0 0 0 0 0 0 0 0 0 0 0 0 0 0 0 0 0 0 0 0 0 0 4.29959416e-81 0 0 0 0 0 0 0 0 0 0 0 0 0 0 0 0 0 0 0 0 0 0 0 0 0 0 0 0 0 0 0 0 0 0 0 0 0 0 0 0 0 0 0 0 0 0 0 0 0 0 0 0 0 0 0 2.750837907e-85 0 0 0 0 0 0 0 0 0 0 0 0 0 0 0 0 0 0 0 0 0 0 0 0 0 0 0 0 0 0 0 0 0 0 0 0 0 0 0 0 0 0 0 0 0 0 0 0 0 0 0 0 0 0 0 0 0 0 0 0 0 0 0 0 0 0 0 0 0 0 0 0 0 0 0 0 0 0 0 0 0 0 0 0 0 0 0 0 0 0 0 0 0 0 0 0 0 0 0 0 0 0 0 0 0 0 
0 0 0 0 0 0 0 0 0 0 0 0 0 0 0 0 0 0 0 0 0 0 0 0 0 0 0 0 0 0 0 0 0 0 0 0 0 0 0 0 0 0 0 0 0 0 0 0 0 0 0 0 0 0 0 0 0 0 0 0 0 0 0 0 0 0 0 0 0 0 0 0 0 0 0 0 0 0 0 0 0 0 0 0 0 0 0 0 0 0 0 0 0 0 0 0 2.423896686e-77 0 0 0 0 0 0 0 0 0 0 0 0 3.202546074e-73 0 0 0 0 0 0 0 0 0 0 0 1.075941361e-72 0 0 0 0 0 0 0 0 0 1.337347355e-84 0 0 0 0 0 0 0 0 0 0 0 0 0 0 0 0 0 0 0 0 0 0 0 0 0 0 0 0 0 0 0 0 0 0 0 0 0 0 0 0 0 0 0 0 0 0 0 0 0 0 0 0 0 0 0 0 0 0 0 0 0 0 0 0 0 0 0 0 0 0 0 0 0 0 0 0 0 0 0 0 0 0 0 0 0 0 0 0 0 0 0 0 0 0 0 0 0 0 0 0 0 0 0 0 0 0 0 0 0 0 0 0 0 0 0 0 0 0 0 0 0 0 0 0 
0 0 0 0 0 0 0 0 0 0 0 0 0 0 0 0 0 0 0 0 0 0 0 0 0 0 0 0 0 0 0 0 0 0 0 0 0 0 0 0 0 0 0 0 0 0 0 0 0 0 0 0 0 0 0 0 0 0 0 0 0 0 0 0 0 0 0 0 0 0 0 0 0 0 0 0 0 0 0 0 0 0 0 0 0 0 0 0 0 0 0 0 0 0 0 0 0 2.582803109e-63 0 3.128596073e-77 0 0 0 0 0 0 0 0 0 0 0 0 0 0 0 0 0 0 0 0 0 0 0 0 1.177644519e-69 0 0 0 0 0 0 0 0 0 0 0 0 0 0 0 0 0 0 1.183315679e-72 0 0 0 0 0 0 0 0 0 0 0 2.917120809e-86 0 0 0 0 0 1.629668729e-68 0 0 0 0 0 0 0 0 0 0 0 0 0 0 0 0 0 0 0 0 0 0 0 0 0 0 0 0 0 0 0 0 0 0 0 0 0 0 0 0 0 0 0 0 0 0 0 0 0 0 0 0 0 0 0 0 0 0 0 0 0 0 0 0 0 0 0 0 0 0 0 0 0 0 0 0 0 0 0 0 0 0 0 0 0 0 0 0 0 0 0 0 0 0 
0 0 0 0 0 0 0 0 0 0 0 0 0 0 0 0 0 0 0 0 0 0 0 0 0 0 0 0 0 0 0 0 0 0 0 0 0 0 0 0 0 0 0 0 0 0 0 0 0 0 0 0 0 0 0 0 0 0 0 0 0 0 0 0 0 0 0 0 0 0 0 0 0 0 0 0 0 0 0 0 0 0 0 0 0 0 0 0 0 0 0 0 0 0 0 1.469222964e-77 0 0 0 0 0 0 0 0 0 0 0 0 0 0 0 0 0 0 0 0 0 0 0 0 0 0 2.431385801e-81 0 0 0 0 0 0 0 0 0 0 1.203891915e-72 0 0 0 0 0 0 0 0 0 0 0 0 0 0 0 0 0 0 0 0 0 0 0 0 0 0 0 0 0 0 0 0 0 0 0 0 0 0 0 0 0 0 0 0 0 0 0 0 0 0 0 0 0 0 0 0 0 0 0 0 0 0 0 0 0 0 0 0 0 0 0 0 0 0 0 0 0 0 0 0 0 0 0 0 0 0 0 0 0 0 0 0 0 0 0 0 0 0 0 0 0 0 0 0 0 0 0 0 0 0 0 0 0 0 0 0 0 0 0 0 0 0 
0 0 0 0 0 0 0 0 0 0 0 0 0 0 0 0 0 0 0 0 0 0 0 0 0 0 0 0 0 0 0 0 0 0 0 0 0 0 0 0 0 0 0 0 0 0 0 0 0 0 0 0 0 0 0 0 0 0 0 0 0 0 0 0 0 0 0 0 0 0 0 0 0 0 0 0 0 0 0 0 0 0 0 0 0 0 0 0 0 0 0 0 0 0 0 0 0 0 0 0 0 1.738819446e-57 0 0 9.83756155e-85 0 0 0 0 0 0 0 0 0 0 0 0 0 0 0 0 0 0 0 0 0 0 0 0 0 0 0 0 0 0 0 0 0 0 0 5.710940875e-64 0 0 0 0 0 0 0 0 0 0 0 0 0 0 1.502052306e-74 0 0 0 0 0 4.892875445e-74 0 0 0 0 0 0 0 0 0 0 0 0 0 0 0 0 0 0 0 0 0 0 0 0 0 0 0 0 0 0 0 0 0 0 0 0 0 0 0 0 0 0 0 0 0 0 0 0 0 0 0 0 0 0 0 0 0 0 0 0 0 0 0 0 0 0 0 0 0 0 0 0 0 0 0 0 0 0 0 0 0 0 0 0 0 0 0 0 0 0 0 0 0 0 
0 0 0 0 0 0 0 0 0 0 0 0 0 0 0 0 0 0 0 0 0 0 0 0 0 0 0 0 0 0 0 0 0 0 0 0 0 0 0 0 0 0 0 0 0 0 0 0 0 0 0 0 0 0 0 0 0 0 0 0 0 0 0 0 0 0 0 0 0 0 0 0 0 0 0 0 0 0 0 0 0 0 0 0 0 0 0 0 0 0 0 0 0 0 0 0 0 0 0 0 0 0 0 0 0 0 0 0 0 0 0 0 0 0 0 0 0 0 0 0 0 0 0 0 0 0 0 0 0 0 0 7.494704155e-83 0 0 7.987989538e-63 0 0 0 0 0 0 0 0 0 0 0 0 0 0 1.101959259e-85 0 0 0 0 0 0 0 0 0 0 0 0 0 0 0 0 0 0 0 0 0 0 0 0 0 0 0 0 0 0 0 0 0 0 0 0 0 0 0 0 0 0 0 0 0 0 0 0 0 0 0 0 0 0 0 0 0 0 0 0 0 0 0 0 0 0 0 0 0 0 0 0 0 0 0 0 0 0 0 0 0 0 0 0 0 0 0 0 0 0 0 0 0 0 0 0 0 0 0 0 0 0 0 0 0 0 
0 0 0 0 0 0 0 0 0 0 0 0 0 0 0 0 0 0 0 0 0 0 0 0 0 0 0 0 0 0 0 0 0 0 0 0 0 0 0 0 0 0 0 0 0 0 0 0 0 0 0 0 0 0 0 0 0 0 0 0 0 0 0 0 0 0 0 0 0 0 0 0 0 0 0 0 0 0 0 0 0 0 0 0 0 0 0 0 0 0 0 0 0 0 0 0 0 0 0 0 0 0 1.157741713e-64 0 0 0 0 0 0 0 0 0 4.879289022e-56 0 0 0 0 0 0 0 0 0 0 0 0 0 0 0 0 0 0 0 0 0 0 0 0 0 0 0 0 0 0 0 0 0 0 0 0 0 0 0 0 0 0 0 0 0 0 0 0 0 0 0 0 0 0 0 0 0 0 0 0 0 0 0 0 0 0 0 0 0 0 0 0 0 0 0 0 0 0 0 0 0 0 0 0 0 0 0 0 0 0 0 0 0 0 0 0 0 0 0 0 0 0 0 0 0 0 0 0 0 0 0 0 0 0 0 0 0 0 0 0 0 0 0 0 0 0 0 0 0 0 0 0 0 0 0 0 0 0 0 0 0 0 0 
0 0 0 0 0 0 0 0 0 0 0 0 0 0 0 0 0 0 0 0 0 0 0 0 0 0 0 0 0 0 0 0 0 0 0 0 0 0 0 0 0 0 0 0 0 0 0 0 0 0 0 0 0 0 0 0 0 0 0 0 0 0 0 0 0 0 0 0 0 0 0 0 0 0 0 0 0 0 0 0 0 0 0 0 0 0 0 0 0 0 0 0 0 0 0 0 0 0 0 0 0 0 0 0 0 0 0 0 0 0 0 0 0 0 0 0 0 0 0 0 0 0 0 0 0 0 0 0 0 0 0 0 0 0 0 0 1.428110325e-60 0 0 0 0 0 0 0 0 0 0 0 0 0 0 0 0 0 0 0 0 0 0 0 0 4.979176066e-84 0 0 0 0 0 0 0 0 0 0 0 0 0 0 0 0 0 0 0 0 0 0 0 0 0 0 0 0 0 0 0 0 0 0 0 0 0 0 0 0 0 0 0 0 0 0 0 0 0 0 0 0 0 0 0 0 0 0 0 0 0 0 0 0 0 0 0 0 0 0 0 0 0 0 0 0 0 0 0 0 0 0 0 0 0 0 0 0 0 0 0 0 0 0 
0 0 0 0 0 0 0 0 0 0 0 0 0 0 0 0 0 0 0 0 0 0 0 0 0 0 0 0 0 0 0 0 0 0 0 0 0 0 0 0 0 0 0 0 0 0 0 0 0 0 0 0 0 0 0 0 0 0 0 0 0 0 0 0 0 0 0 0 0 0 0 0 0 0 0 0 0 0 0 0 0 0 0 0 0 0 0 0 0 0 0 0 0 0 0 0 0 0 0 0 0 0 0 0 0 0 0 0 0 0 0 0 0 0 0 0 0 0 0 0 0 0 0 0 0 0 0 0 0 0 0 0 0 0 0 0 0 0 0 0 0 0 0 0 0 0 0 0 0 0 0 0 0 0 0 0 0 0 0 5.880735635e-70 0 0 0 0 0 0 0 0 0 0 0 0 0 0 0 0 0 0 0 0 0 0 0 0 0 0 0 0 0 0 0 0 0 0 0 0 0 0 0 0 0 0 0 0 0 0 0 0 0 0 0 0 0 0 0 0 0 0 0 0 0 0 0 0 0 0 0 0 0 0 0 0 0 0 0 0 0 0 0 0 0 0 0 0 0 0 0 0 0 0 0 0 0 0 0 0 
0 0 0 0 0 0 0 0 0 0 0 0 0 0 0 0 0 0 0 0 0 0 0 0 0 0 0 0 0 0 0 0 0 0 0 0 0 0 0 0 0 0 0 0 0 0 0 0 0 0 0 0 0 0 0 0 0 0 0 0 0 0 0 0 0 0 0 0 0 0 0 0 0 0 0 0 0 0 0 0 0 0 0 0 0 0 0 0 0 0 0 0 0 0 0 0 0 0 0 0 0 0 0 0 0 0 0 0 0 0 0 0 0 0 0 0 0 0 0 0 0 0 0 0 0 0 0 0 0 0 0 0 0 0 0 0 0 0 0 0 0 0 0 0 0 0 0 0 0 0 0 0 0 0 0 0 0 0 0 0 0 0 0 0 0 0 0 0 0 0 0 0 0 0 0 0 0 0 0 0 0 0 0 0 0 0 0 0 0 0 0 0 0 0 0 0 0 0 0 0 0 0 0 0 0 0 0 0 0 0 0 0 0 0 0 0 0 0 0 0 0 0 0 0 0 0 0 0 0 0 0 0 0 0 0 0 0 0 0 0 0 0 0 0 0 0 0 0 0 0 0 0 0 0 0 0 
0 0 0 0 0 0 0 0 0 0 0 0 0 0 0 0 0 0 0 0 0 0 0 0 0 0 0 0 0 0 0 0 0 0 0 0 0 0 0 0 0 0 0 0 0 0 0 0 0 0 0 0 0 0 0 0 0 0 0 0 0 0 0 0 0 0 0 0 0 0 0 0 0 0 0 0 0 0 0 0 0 0 0 0 0 0 0 0 0 0 0 0 0 0 0 0 0 0 0 0 0 0 0 0 0 0 0 0 0 0 0 0 0 0 0 0 0 0 0 0 0 0 0 0 0 0 0 0 0 0 0 0 0 0 0 0 0 0 0 0 0 0 0 0 0 0 0 0 0 0 0 0 0 0 0 0 0 0 0 0 0 0 0 0 0 0 0 0 0 0 0 0 0 0 0 0 0 0 0 0 0 0 0 0 0 0 0 0 0 0 0 0 0 0 0 0 0 0 0 0 0 0 0 0 0 0 0 0 0 0 0 0 0 0 0 0 0 0 0 0 0 0 0 0 0 0 0 0 0 0 0 0 0 0 0 0 0 0 0 0 0 0 0 0 0 0 0 0 0 0 0 0 0 0 0 0 
0 0 0 0 0 0 0 0 0 0 0 0 0 0 0 0 0 0 0 0 0 0 0 0 0 0 0 0 0 0 0 0 0 0 0 0 0 0 0 0 0 0 0 0 0 0 0 0 0 0 0 0 0 0 0 0 0 0 0 0 0 0 0 0 0 0 0 0 0 0 0 0 0 0 0 0 0 0 0 0 0 0 0 0 0 0 0 0 0 0 0 0 0 0 0 0 0 0 0 0 0 0 0 0 0 0 0 0 0 0 0 0 0 0 0 0 0 0 0 0 0 0 0 0 0 0 0 0 0 0 0 0 0 0 0 0 0 0 0 0 0 0 0 0 0 0 0 0 0 0 0 0 0 0 0 0 0 0 0 0 0 0 0 0 0 0 0 0 0 0 0 0 0 0 0 0 0 0 0 0 0 0 0 0 0 0 0 0 0 0 0 0 0 0 0 0 0 0 0 0 0 0 0 0 0 0 0 0 0 0 0 0 0 0 0 0 0 0 0 0 0 0 0 0 0 0 0 0 0 0 0 0 0 0 0 0 0 0 0 0 0 0 0 0 0 0 0 0 0 0 0 0 0 0 0 0 
0 0 0 0 0 0 0 0 0 0 0 0 0 0 0 0 0 0 0 0 0 0 0 0 0 0 0 0 0 0 0 0 0 0 0 0 0 0 0 0 0 0 0 0 0 0 0 0 0 0 0 0 0 0 0 0 0 0 0 0 0 0 0 0 0 0 0 0 0 0 0 0 0 0 0 0 0 0 0 0 0 0 0 0 0 0 0 0 0 0 0 0 0 0 0 0 0 0 0 0 0 0 0 0 0 0 0 0 0 0 0 0 0 0 0 0 0 0 0 0 0 0 0 0 0 0 0 0 0 0 0 0 0 0 0 0 0 0 0 0 0 0 0 0 0 0 0 0 0 0 0 0 0 0 0 0 0 0 0 0 0 0 0 0 0 0 0 0 0 0 0 0 0 0 0 0 0 0 0 0 0 0 0 0 0 0 0 0 0 0 0 0 0 0 0 0 0 0 0 0 0 0 0 0 0 0 0 0 0 0 0 0 0 0 0 0 0 0 0 0 0 0 0 0 0 0 0 0 0 0 0 0 0 0 0 0 0 0 0 0 0 0 0 0 0 0 0 0 0 0 0 0 0 0 0 0 
0 0 0 0 0 0 0 0 0 0 0 0 0 0 0 0 0 0 0 0 0 0 0 0 0 0 0 0 0 0 0 0 0 0 0 0 0 0 0 0 0 0 0 0 0 0 0 0 0 0 0 0 0 0 0 0 0 0 0 0 0 0 0 0 0 0 0 0 0 0 0 0 0 0 0 0 0 0 0 0 0 0 0 0 0 0 0 0 0 0 0 0 0 0 0 0 0 0 0 0 0 0 0 0 0 0 0 0 0 0 0 0 0 0 0 0 0 0 0 0 0 0 0 0 0 0 0 0 0 0 0 0 0 0 0 0 0 0 0 0 0 0 0 0 0 0 0 0 0 0 0 0 0 0 0 0 0 0 0 0 0 0 0 0 0 0 0 0 0 0 0 0 0 0 0 0 0 0 0 0 0 0 0 0 0 0 0 0 0 0 0 0 0 0 0 0 0 0 0 0 0 0 0 0 0 0 0 0 0 0 0 0 0 0 0 0 0 0 0 0 0 0 0 0 0 0 0 0 0 0 0 0 0 0 0 0 0 0 0 0 0 0 0 0 0 0 0 0 0 0 0 0 0 0 0 0 
0 0 0 0 0 0 0 0 0 0 0 0 0 0 0 0 0 0 0 0 0 0 0 0 0 0 0 0 0 0 0 0 0 0 0 0 0 0 0 0 0 0 0 0 0 0 0 0 0 0 0 0 0 0 0 0 0 0 0 0 0 0 0 0 0 0 0 0 0 0 0 0 0 0 0 0 0 0 0 0 0 0 0 0 0 0 0 0 0 0 0 0 0 0 0 0 0 0 0 0 0 0 0 0 0 0 0 0 0 0 0 0 0 0 0 0 0 0 0 0 0 0 0 0 0 0 0 0 0 0 0 0 0 0 0 0 0 0 0 0 0 0 0 0 0 0 0 0 0 0 0 0 0 0 0 0 0 0 0 0 0 0 0 0 0 0 0 0 0 0 0 0 0 0 0 0 0 0 0 0 0 0 0 0 0 0 0 0 0 0 0 0 0 0 0 0 0 0 0 0 0 0 0 0 0 0 0 0 0 0 0 0 0 0 0 0 0 0 0 0 0 0 0 0 0 0 0 0 0 0 0 0 0 0 0 0 0 0 0 0 0 0 0 0 0 0 0 0 0 0 0 0 0 0 0 0 
0 0 0 0 0 0 0 0 0 0 0 0 0 0 0 0 0 0 0 0 0 0 0 0 0 0 0 0 0 0 0 0 0 0 0 0 0 0 0 0 0 0 0 0 0 0 0 0 0 0 0 0 0 0 0 0 0 0 0 0 0 0 0 0 0 0 0 0 0 0 0 0 0 0 0 0 0 0 0 0 0 0 0 0 0 0 0 0 0 0 0 0 0 0 0 0 0 0 0 0 0 0 0 0 0 0 0 0 0 0 0 0 0 0 0 0 0 0 0 0 0 0 0 0 0 0 0 0 0 0 0 0 0 0 0 0 0 0 0 0 0 0 0 0 0 0 0 0 0 0 0 0 0 0 0 0 0 0 0 0 0 0 0 0 0 0 0 0 0 0 0 0 0 0 0 0 0 0 0 0 0 0 0 0 0 0 0 0 0 0 0 0 0 0 0 0 0 0 0 0 0 0 0 0 0 0 0 0 0 0 0 0 0 0 0 0 0 0 0 0 0 0 0 0 0 0 0 0 0 0 0 0 0 0 0 0 0 0 0 0 0 0 0 0 0 0 0 0 0 0 0 0 0 0 0 0 
0 0 0 0 0 0 0 0 0 0 0 0 0 0 0 0 0 0 0 0 0 0 0 0 0 0 0 0 0 0 0 0 0 0 0 0 0 0 0 0 0 0 0 0 0 0 0 0 0 0 0 0 0 0 0 0 0 0 0 0 0 0 0 0 0 0 0 0 0 0 0 0 0 0 0 0 0 0 0 0 0 0 0 0 0 0 0 0 0 0 0 0 0 0 0 0 0 0 0 0 0 0 0 0 0 0 0 0 0 0 0 0 0 0 0 0 0 0 0 0 0 0 0 0 0 0 0 0 0 0 0 0 0 0 0 0 0 0 0 0 0 0 0 0 0 0 0 0 0 0 0 0 0 0 0 0 0 0 0 0 0 0 0 0 0 0 0 0 0 0 0 0 0 0 0 0 0 0 0 0 0 0 0 0 0 0 0 0 0 0 0 0 0 0 0 0 0 0 0 0 0 0 0 0 0 0 0 0 0 0 0 0 0 0 0 0 0 0 0 0 0 0 0 0 0 0 0 0 0 0 0 0 0 0 0 0 0 0 0 0 0 0 0 0 0 0 0 0 0 0 0 0 0 0 0 0 
0 0 0 0 0 0 0 0 0 0 0 0 0 0 0 0 0 0 0 0 0 0 0 0 0 0 0 0 0 0 0 0 0 0 0 0 0 0 0 0 0 0 0 0 0 0 0 0 0 0 0 0 0 0 0 0 0 0 0 0 0 0 0 0 0 0 0 0 0 0 0 0 0 0 0 0 0 0 0 0 0 0 0 0 0 0 0 0 0 0 0 0 0 0 3.249327738e-16 0 1.371320322e-67 0 0 0 0 0 0 0 0 0 0 0 0 0 0 0 0 0 0 0 0 0 0 0 0 0 0 0 0 0 0 0 0 0 0 0 7.770984779e-32 0 0 0 0 0 0 0 8.988892341e-57 0 0 0 0 0 3.565570439e-72 0 0 0 0 0 0 0 0 0 0 0 0 0 0 0 0 0 0 0 0 0 0 0 0 0 0 0 0 0 0 0 0 0 0 0 0 0 0 0 0 0 0 0 0 0 0 0 0 0 0 0 0 0 0 0 0 0 0 0 0 0 0 0 0 0 0 0 0 0 0 0 0 0 0 0 0 0 0 0 0 0 0 0 0 0 0 0 0 0 0 0 0 0 0 0 0 0 0 0 0 0 0 0 0 0 0 0 0 0 
0 0 0 0 0 0 0 0 0 0 0 0 0 0 0 0 0 0 0 0 0 0 0 0 0 0 0 0 0 0 0 0 0 0 0 0 0 0 0 0 0 0 0 0 0 0 0 0 0 0 0 0 0 0 0 0 0 0 0 0 0 0 0 0 0 0 0 0 0 0 0 0 0 0 0 0 0 0 0 0 0 0 0 0 0 0 0 0 0 0 0 0 0 0 0 0 2.006683996e-52 0 8.643418699e-52 0 0 0 0 0 0 0 0 0 0 0 0 0 0 2.848060992e-50 0 0 0 0 0 0 0 0 0 0 0 0 0 0 0 0 0 0 0 0 0 0 5.893694686e-18 0 0 0 0 0 0 0 3.383698997e-59 0 0 0 0 0 0 0 0 0 0 0 0 0 0 4.93374981e-46 0 0 0 0 0 0 0 0 0 0 0 0 0 0 0 0 0 0 0 0 0 0 0 0 0 0 0 0 0 0 0 0 0 0 0 0 0 0 0 0 0 0 0 0 0 0 0 0 0 0 0 0 0 0 0 0 0 0 0 0 0 0 0 0 0 0 0 0 0 0 0 0 0 0 0 0 0 0 0 0 0 0 0 0 0 0 0 0 0 0 0 0 0 0 0 0 
0 0 0 0 0 0 0 0 0 0 0 0 0 0 0 0 0 0 0 0 0 0 0 0 0 0 0 0 0 0 0 0 0 0 0 0 0 0 0 0 0 0 0 0 0 0 0 0 0 0 0 0 0 0 0 0 0 0 0 0 0 0 0 0 0 0 0 0 0 0 0 0 0 0 0 0 0 0 0 0 0 0 0 0 0 0 0 0 0 0 0 0 0 0 0 0 0 0 0 0 0 0 0 2.127888321e-36 0 0 0 0 0 0 1.2625883e-44 1.181312215e-26 0 0 0 0 0 0 5.518222503e-57 0 0 0 0 0 7.506044798e-23 0 0 0 0 0 0 0 0 0 2.446043916e-29 0 1.717675933e-29 7.754427263e-30 0 1.442198698e-47 0 0 0 0 0 0 0 0 6.343503178e-66 0 0 0 0 0 0 0 1.103589088e-16 9.366125723e-23 6.390230894e-59 0 0 2.959483174e-57 0 0 0 0 0 0 0 0 0 0 0 0 0 0 0 0 0 0 0 0 0 0 0 0 0 0 0 0 0 0 0 0 0 0 0 0 0 0 0 0 0 0 0 0 0 0 0 0 0 0 0 0 0 0 0 0 0 0 0 0 0 0 0 0 0 0 0 0 0 0 0 0 0 0 0 0 0 0 0 0 0 0 0 0 0 0 0 0 0 0 0 0 0 0 
0 0 0 0 0 0 0 0 0 0 0 0 0 0 0 0 0 0 0 0 0 0 0 0 0 0 0 0 0 0 0 0 0 0 0 0 0 0 0 0 0 0 0 0 0 0 0 0 0 0 0 0 0 0 0 0 0 0 0 0 0 0 0 0 0 0 0 0 0 0 0 0 0 0 0 0 0 0 0 0 0 0 0 0 0 0 0 0 0 0 0 0 0 0 0 0 0 0 0 0 0 0 1.533734491e-37 0 0 0 0 0 0 0 0 0 0 0 0 0 1.117743863e-23 0 0 6.803130147e-40 0 3.318334871e-46 1.203744395e-19 0 0 0 0 0 0 0 0 0 0 0 6.776730351e-36 0 0 5.039486582e-31 0 2.321695117e-28 0 0 2.761087822e-22 0 1.185790698e-34 0 0 0 0 0 0 0 0 1.137685155e-52 0 0 0 0 0 0 0 0 0 1.623097431e-41 0 0 0 0 0 0 0 0 0 0 0 0 0 0 0 0 0 0 0 0 0 0 0 0 0 0 0 0 0 0 0 0 0 0 0 0 0 0 0 0 0 0 0 0 0 0 0 0 0 0 0 0 0 0 0 0 0 0 0 0 0 0 0 0 0 0 0 0 0 0 0 0 0 0 0 0 0 0 0 0 0 0 0 0 0 0 0 0 0 0 0 0 
0 0 0 0 0 0 0 0 0 0 0 0 0 0 0 0 0 0 0 0 0 0 0 0 0 0 0 0 0 0 0 0 0 0 0 0 0 0 0 0 0 0 0 0 0 0 0 0 0 0 0 0 0 0 0 0 0 0 0 0 0 0 0 0 0 0 0 0 0 0 0 0 0 0 0 0 0 0 0 0 0 0 0 0 0 0 0 0 0 0 0 2.401697554e-63 0 1.067575419e-11 0 0 0 0 0 0 0 0 0 0 0 0 0 1.09896514e-53 4.163218886e-19 0 0 0 0 0 2.078295088e-66 0 0 9.918449988e-31 0 0 0 0 0 1.674885423e-64 0 0 0 1.08395114e-12 0 0 0 0 6.310823229e-67 1.035156377e-32 0 0 0 0 0 0 0 0 0 9.980893714e-27 0 0 0 0 0 5.173227343e-68 0 0 0 0 0 7.634577131e-49 0 3.612246105e-58 1.4819001e-43 0 0 0 0 0 0 0 0 0 0 0 0 0 0 0 0 0 0 0 0 0 0 0 0 0 0 0 0 0 0 0 0 0 0 0 0 0 0 0 0 0 0 0 0 0 0 0 0 0 0 0 0 0 0 0 0 0 0 0 0 0 0 0 0 0 0 0 0 0 0 0 0 0 0 0 0 0 0 0 0 0 0 0 0 0 0 0 0 0 0 0 0 0 0 0 0 0 
0 0 0 0 0 0 0 0 0 0 0 0 0 0 0 0 0 0 0 0 0 0 0 0 0 0 0 0 0 0 0 0 0 0 0 0 0 0 0 0 0 0 0 0 0 0 0 0 0 0 0 0 0 0 0 0 0 0 0 0 0 0 0 0 0 0 0 0 0 0 0 0 0 0 0 0 0 0 0 0 0 0 0 0 0 0 0 0 0 0 0 0 0 0 0 0 3.579595507e-14 1.705285723e-50 1.911913677e-08 8.087051973e-32 0 5.327816119e-05 0 0 0 0 0 0 0 0 0 0 0 0 5.866168987e-39 5.359539337e-22 0 0 0 0 5.275700131e-08 0 0 1.055533108e-05 6.458851899e-65 6.992912111e-58 2.989664811e-33 0 0 0 4.526786886e-21 0 0 5.336692748e-25 2.721286748e-60 0 6.110104086e-64 2.662366202e-57 0 4.370860335e-21 5.618389229e-36 0 1.742483801e-33 2.846593616e-09 0 0 2.852585624e-18 0 0 0 1.081993741e-26 0 3.810666604e-39 0 0 0 6.334056795e-53 0 0 0 0 0 4.283302592e-36 0 0 0 0 0 0 0 0 0 0 0 0 0 0 0 0 0 0 0 0 0 0 0 0 0 0 0 0 0 0 0 0 0 0 0 0 0 0 0 0 0 0 0 0 0 0 0 0 0 0 0 0 0 0 0 0 0 0 0 0 0 0 0 0 0 0 0 0 0 0 0 0 0 0 0 0 0 0 0 0 0 0 0 0 0 0 0 0 0 0 0 0 0 
0 0 0 0 0 0 0 0 0 0 0 0 0 0 0 0 0 0 0 0 0 0 0 0 0 0 0 0 0 0 0 0 0 0 0 0 0 0 0 0 0 0 0 0 0 0 0 0 0 0 0 0 0 0 0 0 0 0 0 0 0 0 0 0 0 0 0 0 0 0 0 0 0 0 0 0 0 0 0 0 0 0 0 0 0 0 0 0 0 5.616924803e-51 0 0 0 0 0 0 5.911806797e-35 0 2.204186042e-35 0 0 3.308859245e-62 0 1.089159817e-64 0 2.130698207e-50 0 0 0 9.181607471e-55 0 0 2.897465668e-17 0 0 0 0 5.792559699e-43 0 2.924704515e-44 2.41304073e-27 0 0 3.540204954e-58 0 0 1.612480528e-50 4.337187331e-40 2.677660343e-52 1.929086176e-19 9.982288511e-63 0 0 0 0 0 4.434465844e-68 0 2.449185222e-28 6.618204296e-26 8.608184942e-37 0 0 1.430012197e-65 1.146931948e-32 1.066816261e-26 3.469938136e-49 0 0 0 1.173021661e-42 0 0 2.855042769e-36 2.191265123e-50 1.33697734e-39 0 1.405084077e-29 3.747130158e-18 0 1.671547317e-27 2.069221598e-42 0 0 0 0 0 0 0 0 0 0 0 0 0 0 0 0 0 0 0 0 0 0 0 0 0 0 0 0 0 0 0 0 0 0 0 0 0 0 0 0 0 0 0 0 0 0 0 0 0 0 0 0 0 0 0 0 0 0 0 0 0 0 0 0 0 0 0 0 0 0 0 0 0 0 0 0 0 0 0 0 0 0 0 0 0 0 0 0 0 0 0 0 0 0 
0 0 0 0 0 0 0 0 0 0 0 0 0 0 0 0 0 0 0 0 0 0 0 0 0 0 0 0 0 0 0 0 0 0 0 0 0 0 0 0 0 0 0 0 0 0 0 0 0 0 0 0 0 0 0 0 0 0 0 0 0 0 0 0 0 0 0 0 0 0 0 0 0 0 0 0 0 0 0 0 0 0 0 0 0 0 0 0 0 0 0 2.019188965e-51 0 1.925436772e-34 4.019107038e-26 0 0 0 1.658399969e-45 0 7.677015769e-11 8.934361387e-37 6.463246012e-23 0 0 0 0 0 0 2.254812955e-29 0 1.439173185e-19 0 2.298406993e-19 0 0 6.640665914e-28 1.7923409e-45 0 0 1.324583577e-37 0 1.072620076e-54 2.027117449e-60 0 0 1.193380515e-14 5.899728052e-43 1.831657896e-64 0 0 4.909491615e-12 3.849247168e-10 0 1.216877724e-43 0 0 0 0 0 3.558668091e-34 0 9.140088131e-39 4.002090164e-32 4.31274723e-43 4.684979593e-55 0 0 0 9.745090637e-53 0 4.16395806e-66 0 0 5.174730372e-28 0 0 0 0 0 0 0 0 0 0 1.323241432e-35 4.589977418e-41 0 0 0 0 0 0 0 0 0 0 0 0 0 0 0 0 0 0 0 0 0 0 0 0 0 0 0 0 0 0 0 0 0 0 0 0 0 0 0 0 0 0 0 0 0 0 0 0 0 0 0 0 0 0 0 0 0 0 0 0 0 0 0 0 0 0 0 0 0 0 0 0 0 0 0 0 0 0 0 0 0 0 0 0 0 0 0 0 0 
0 0 0 0 0 0 0 0 0 0 0 0 0 0 0 0 0 0 0 0 0 0 0 0 0 0 0 0 0 0 0 0 0 0 0 0 0 0 0 0 0 0 0 0 0 0 0 0 0 0 0 0 0 0 0 0 0 0 0 0 0 0 0 0 0 0 0 0 0 0 0 0 0 0 0 0 0 0 0 0 0 0 0 0 0 0 0 0 0 0 0 4.257134293e-50 1.548126417e-11 0 7.619619216e-13 3.236897108e-38 1.038561402e-20 0 9.847227971e-05 0 0 0 0 0 0 7.335566023e-55 0 2.104812094e-16 0 9.894943578e-19 1.451132024e-35 0 3.663585344e-05 0 3.29373283e-57 0 0 0 3.990519354e-41 0 0 1.839876804e-18 1.514069877e-11 7.258021177e-36 0 2.291468739e-15 0 4.144787702e-34 1.582341909e-21 3.168282643e-15 1.452894921e-47 0 0.007090825174 1.978330237e-28 1.961056292e-45 9.61381862e-41 1.602876581e-48 0 0 0 4.668021622e-41 0 1.581922894e-10 0 0 0 0 1.356897613e-31 9.852694029e-38 4.928657359e-56 1.595686542e-42 4.050345463e-27 0 1.500081615e-43 0 0 0 0 1.223875219e-21 0 0 0 8.851258547e-29 3.943408401e-20 0 0 0 0 0 0 0 0 0 0 0 0 0 0 0 0 0 0 0 0 0 0 0 0 0 0 0 0 0 0 0 0 0 0 0 0 0 0 0 0 0 0 0 0 0 0 0 0 0 0 0 0 0 0 0 0 0 0 0 0 0 0 0 0 0 0 0 0 0 0 0 0 0 0 0 0 0 0 0 0 0 0 0 0 0 0 0 0 0 0 0 0 
0 0 0 0 0 0 0 0 0 0 0 0 0 0 0 0 0 0 0 0 0 0 0 0 0 0 0 0 0 0 0 0 0 0 0 0 0 0 0 0 0 0 0 0 0 0 0 0 0 0 0 0 0 0 0 0 0 0 0 0 0 0 0 0 0 0 0 0 0 0 0 0 0 0 0 0 0 0 0 0 0 0 0 0 0 0 0 0 0 0 3.854569786e-40 0 1.712309358e-56 0 0 0 0 0 3.681888301e-20 2.194459353e-59 2.12184372e-15 5.985075349e-13 9.949383427e-08 4.217591992e-40 0 7.973440472e-27 0 4.751921045e-13 0 0 0 5.660934727e-35 0 0 3.059829304e-26 0 0 0 0 0 1.539733052e-34 0 0 0 0 7.422381709e-41 1.50810831e-16 2.558791395e-56 1.124340249e-38 2.974068625e-53 1.697283141e-12 7.164385742e-13 2.963270667e-09 0 0 4.730668895e-21 0 6.270954137e-05 3.159079476e-10 0 0 0 0 5.403234467e-66 1.417168135e-49 3.064015679e-12 4.831480627e-46 0 0 0 0 2.841986555e-07 0 0 0 1.638605522e-07 3.697111003e-36 0 0 0 0 0 0 0 0 0 0 0 0 0 0 0 0 0 0 0 0 0 0 0 0 0 0 0 0 0 0 0 0 0 0 0 0 0 0 0 0 0 0 0 0 0 0 0 0 0 0 0 0 0 0 0 0 0 0 0 0 0 0 0 0 0 0 0 0 0 0 0 0 0 0 0 0 0 0 0 0 0 0 0 0 0 0 0 0 0 0 0 0 0 0 0 0 0 0 0 
0 0 0 0 0 0 0 0 0 0 0 0 0 0 0 0 0 0 0 0 0 0 0 0 0 0 0 0 0 0 0 0 0 0 0 0 0 0 0 0 0 0 0 0 0 0 0 0 0 0 0 0 0 0 0 0 0 0 0 0 0 0 0 0 0 0 0 0 0 0 0 0 0 0 0 0 0 0 0 0 0 0 0 0 0 0 0 0 0 0 1.756870107e-13 0 0 2.168252392e-55 0 0 0 0 2.582945742e-45 0 7.002358344e-38 0 0 2.364297048e-07 0 1.126330591e-66 1.593168593e-13 0 0 5.924071211e-36 1.323760851e-47 0 130.0315849 8.552784937e-46 0 0 9.257986562e-57 5.869375993e-43 0 5.036698288e-11 0 1.595962479e-65 0 0 2.931382919e-23 9.12856811e-40 2.169402687e-40 3.260459562e-05 0 0 5.166050252e-64 0 2.129891474e-23 7.975635139e-13 0 8.596130759e-57 0 4.970292388e-31 7.307794041e-21 0 0 0 0 0 0 0 0 1.450908732e-58 1.725753801e-19 6.887897344e-22 0 9.553525808 0 7.320254463e-43 0 1.026121874e-28 0.00134816975 5.048907071e-53 0.6382821945 1.854241068e-43 2.349712328e-33 0 2.465078216e-27 1.278863379e-35 2.465865805e-51 0 0 0 0 0 0 0 0 0 0 0 0 0 0 0 0 0 0 0 0 0 0 0 0 0 0 0 0 0 0 0 0 0 0 0 0 0 0 0 0 0 0 0 0 0 0 0 0 0 0 0 0 0 0 0 0 0 0 0 0 0 0 0 0 0 0 0 0 0 0 0 0 0 0 0 0 0 0 0 0 0 0 0 0 0 0 0 0 0 0 0 
0 0 0 0 0 0 0 0 0 0 0 0 0 0 0 0 0 0 0 0 0 0 0 0 0 0 0 0 0 0 0 0 0 0 0 0 0 0 0 0 0 0 0 0 0 0 0 0 0 0 0 0 0 0 0 0 0 0 0 0 0 0 0 0 0 0 0 0 0 0 0 0 0 0 0 0 0 0 0 0 0 0 0 0 0 0 0 0 0 0 7.45896674e-55 5.857243482e-44 4.07262905e-33 2.255730447e-55 2.882040571e-22 0.008539099725 0 0 0 7.925366577e-41 6.441019475e-12 0 0 0 0 0 1.145460852e-29 7.105650549e-52 3.391345293e-41 0 1.319308612e-65 6.539092401e-14 0 1.084201242e-06 1.071909618e-38 3.186784876e-49 5.242797265e-49 6.97024298e-59 4.850307933e-45 4.318344e-18 4.697028256e-40 0 2.112792448e-46 0 6.075244988e-09 2.1822502 0 1.446689982e-63 2.063634536e-21 0 1.462306327e-17 5.016344556e-18 0 0 3.961878643e-14 0 0 2.378915994e-40 4.334789067e-15 0 1.223505581e-08 8.294133273e-11 5.375536635e-13 0 0 5.967341997e-10 0 0.5944456166 1.122683211e-08 0.5406829629 0 3.05725634e-53 1.889662912e-22 0 0 0 1.534440854e-14 8.16948654e-54 0.02000572439 1.799934334e-55 5.40649317e-30 0 1.223924894e-64 0 0 0 0 0 0 0 0 0 0 0 0 0 0 0 0 0 0 0 0 0 0 0 0 0 0 0 0 0 0 0 0 0 0 0 0 0 0 0 0 0 0 0 0 0 0 0 0 0 0 0 0 0 0 0 0 0 0 0 0 0 0 0 0 0 0 0 0 0 0 0 0 0 0 0 0 0 0 0 0 0 0 0 0 0 0 0 0 0 0 0 0 0 
0 0 0 0 0 0 0 0 0 0 0 0 0 0 0 0 0 0 0 0 0 0 0 0 0 0 0 0 0 0 0 0 0 0 0 0 0 0 0 0 0 0 0 0 0 0 0 0 0 0 0 0 0 0 0 0 0 0 0 0 0 0 0 0 0 0 0 0 0 0 0 0 0 0 0 0 0 0 0 0 0 0 0 0 0 0 0 0 0 0 9.950313093e-19 7.592434906e-36 0 0 1.202714428e-34 3.598029702e-46 1.345676558e-07 3.506635902e-38 0.00201761328 0 0 6.097107876e-18 2.641339154e-28 0 0 7.151556955e-07 0.0008004339195 0 7.474758977e-52 6.366018763e-13 8.758705055e-13 4.470802175e-28 5.363578053e-13 0 0 1.827597532e-18 0 3.884431284e-44 1.943604298e-40 0 0.0001959567202 8.298321834e-59 1.406629651e-10 6.292908117e-32 6.595093102e-15 5.749285677e-15 2.622000539e-29 1.302223596e-30 1.464453564e-47 0 6.485713182e-29 1.177460823e-42 0 0 4.011696173e-21 5.191508938e-36 1.913521716e-17 1.89857431e-61 1.005164408e-32 0 5.187692573e-29 3.806016042e-64 9.560836412e-33 117.6681623 4.355850742e-15 1.601684878e-19 226.3954794 0 8.514902676e-38 0 0 8.588882661e-38 0 9.841926227e-29 2.406444623e-50 0 0 2.522854273e-59 2.010721535e-18 1.086783612e-10 4.691429088e-36 0 0 0 9.162805499e-09 0 0 0 0 0 0 0 0 0 0 0 0 0 0 0 0 0 0 0 0 0 0 0 0 0 0 0 0 0 0 0 0 0 0 0 0 0 0 0 0 0 0 0 0 0 0 0 0 0 0 0 0 0 0 0 0 0 0 0 0 0 0 0 0 0 0 0 0 0 0 0 0 0 0 0 0 0 0 0 0 0 0 0 0 0 0 0 0 0 0 0 
0 0 0 0 0 0 0 0 0 0 0 0 0 0 0 0 0 0 0 0 0 0 0 0 0 0 0 0 0 0 0 0 0 0 0 0 0 0 0 0 0 0 0 0 0 0 0 0 0 0 0 0 0 0 0 0 0 0 0 0 0 0 0 0 0 0 0 0 0 0 0 0 0 0 0 0 0 0 0 0 0 0 0 0 0 0 0 0 0 9.836990255e-42 0 0 1.100000069e-17 0 0 3.02108074 0 0 0.8020844869 1.916216251e-42 1.176502632e-53 3.317153735e-10 0 0 0 4.173839671e-08 0 1.283180956e-13 0.06840292649 0 169.4002527 0 0 0 0 2.541011155e-15 0.0393865625 1.351448618e-14 7.25100231e-05 1.137021487e-56 1.853459967e-14 2.852956197e-07 0 1.615320558e-33 0 0 0 0 0 2.720896697e-11 0 0 0 1.282960293e-47 0 8.808097989e-26 2.14166129e-21 5.407381919e-06 8.403017444e-27 0 2.923164142e-16 1.279035656 9.982455946e-05 6.225989368e-09 1.074364127e-22 1.168959625 2.30216531e-13 1.108264864e-07 1.207965515e-11 2.488861426e-31 1.816456557e-22 3.077763005e-16 0 0 4.479207921e-17 1.039444636e-21 0 0 0 1.680743533e-55 3.239790922e-22 9.863219059e-12 0 0 0.4144446334 2.042778384e-44 1.443505604e-11 0 0 0 0 0 0 0 0 0 0 0 0 0 0 0 0 0 0 0 0 0 0 0 0 0 0 0 0 0 0 0 0 0 0 0 0 0 0 0 0 0 0 0 0 0 0 0 0 0 0 0 0 0 0 0 0 0 0 0 0 0 0 0 0 0 0 0 0 0 0 0 0 0 0 0 0 0 0 0 0 0 0 0 0 0 0 0 0 0 
0 0 0 0 0 0 0 0 0 0 0 0 0 0 0 0 0 0 0 0 0 0 0 0 0 0 0 0 0 0 0 0 0 0 0 0 0 0 0 0 0 0 0 0 0 0 0 0 0 0 0 0 0 0 0 0 0 0 0 0 0 0 0 0 0 0 0 0 0 0 0 0 0 0 0 0 0 0 0 0 0 0 0 0 0 0 0 0 2.035061379e-54 1.425979633e-43 1.41103946e-14 1.116161458e-30 0 2.241236138e-20 0 4.569141833e-28 5.946484135e-13 0.2375124628 0 1.047976835e-18 1.052055649e-25 2.454752259e-07 9.652707687e-44 0 0 6.229039686e-57 1.914243311e-22 23.5987369 2.106305522e-25 0 8.389277737e-40 1.319216493e-11 56.75627544 8.881144832e-08 0 0 0 1.545359272e-29 52.43554235 0 0 1.006901393e-11 0 0 2.377624743e-22 1.568046843e-20 0 1.277930205e-07 2.358754079e-16 0 0 5.726384466e-53 2.618581973e-05 0 286.1477411 2.759029059e-49 0.03263523253 0 0 0 2.559736773e-36 0 1.230182638e-17 0 0 0 57.21204812 1.788356727e-05 0 3.411074214e-22 1.673113752e-06 7.426208736e-50 3.918821563e-05 1.853840493e-22 1.79937733e-12 2.23133103e-23 1.178226858e-29 2.431995545e-27 1.22939048 1.119179061e-05 0 15.01302595 0 0 0 0 2.10094669e-29 7.834898744e-43 0 0 0 0 0 0 0 0 0 0 0 0 0 0 0 0 0 0 0 0 0 0 0 0 0 0 0 0 0 0 0 0 0 0 0 0 0 0 0 0 0 0 0 0 0 0 0 0 0 0 0 0 0 0 0 0 0 0 0 0 0 0 0 0 0 0 0 0 0 0 0 0 0 0 0 0 0 0 0 0 0 0 0 0 0 0 0 0 
0 0 0 0 0 0 0 0 0 0 0 0 0 0 0 0 0 0 0 0 0 0 0 0 0 0 0 0 0 0 0 0 0 0 0 0 0 0 0 0 0 0 0 0 0 0 0 0 0 0 0 0 0 0 0 0 0 0 0 0 0 0 0 0 0 0 0 0 0 0 0 0 0 0 0 0 0 0 0 0 0 0 0 0 0 0 0 0 4.373340454e-51 0 0 0 2.386939906e-22 0 0 1.727551921e-58 0 1.295153781e-35 1.217392819e-22 4.432518168e-14 113.924471 0 0 0.0001650758994 2.042999852e-25 3.630616154e-61 1.799833804e-62 0 0 5.350445565e-56 1.956132783e-43 0.00491422504 0.003747075061 1.433678699e-56 7.29756042e-27 0 682.1359474 772.8150344 5.312203401e-22 317.4063572 0 3.122456706e-14 2.033354972e-13 0 0 8.643268012e-14 9.516945759e-45 0.2312666082 2.513556206e-56 0.04325825394 20.69760921 7.59500652e-21 6.904809527e-43 1.781374704e-34 357.5055102 2.247877373e-31 1.807910673e-25 2.015011094e-06 1.579597663e-12 2.429776262e-45 6.901130128e-42 53.95209754 2.405277065e-53 1.855114908e-42 8.428593121e-68 12.10989381 1.013447722e-47 0.0004367737792 1.637489059e-51 1.714350006e-43 1.034243235e-39 154.6363699 0 3.138896194e-48 2.034317451e-11 3.422684635e-43 7.350915552e-56 0 1.138885157e-09 255.3263126 0 2.429006252e-22 1.009214319e-30 9.209406414e-36 0 5.479302832e-57 5.373265724e-42 0 0 0 0 0 0 0 0 0 0 0 0 0 0 0 0 0 0 0 0 0 0 0 0 0 0 0 0 0 0 0 0 0 0 0 0 0 0 0 0 0 0 0 0 0 0 0 0 0 0 0 0 0 0 0 0 0 0 0 0 0 0 0 0 0 0 0 0 0 0 0 0 0 0 0 0 0 0 0 0 0 0 0 0 0 0 0 0 0 
0 0 0 0 0 0 0 0 0 0 0 0 0 0 0 0 0 0 0 0 0 0 0 0 0 0 0 0 0 0 0 0 0 0 0 0 0 0 0 0 0 0 0 0 0 0 0 0 0 0 0 0 0 0 0 0 0 0 0 0 0 0 0 0 0 0 0 0 0 0 0 0 0 0 0 0 0 0 0 0 0 0 0 0 0 0 0 0 0 0 3.436560975e-47 0 0 1.255045001e-31 47.71580327 0 2.961219945e-50 0 0 0 0 1.628209059e-51 3.445290186e-24 329.0484684 2.115945757e-34 13.09675025 8.242259452e-35 3.356863085e-36 1.560561989e-33 276.263732 0 0.0001102852747 7.574896089e-29 0 5.72504479 0 5.74761935e-12 2.877482566e-19 0 1.50270846e-49 2.5489579e-19 1.662006512e-33 56.37725706 2.835140103e-50 0 9.05281831e-22 0 0 0 0 4.863425985e-16 5.606079922e-30 0 9.791065881e-41 2.557646856e-09 4.556439943 1394.740388 1.18310248e-17 1.848527245e-08 6.507804187e-55 0 0 0 245.8101931 0.5136829396 3.381661246e-12 0 4.636070324e-11 0 3.296733833e-16 2.003920616e-14 4.252095289e-56 2.59285884e-50 1.682687215e-43 1.550878855e-63 0 0 0 1.230340198e-05 8.353708697e-38 0 3.153857123e-55 0 0 0 0 1.071854712e-17 0 0 0 0 0 0 0 0 0 0 0 0 0 0 0 0 0 0 0 0 0 0 0 0 0 0 0 0 0 0 0 0 0 0 0 0 0 0 0 0 0 0 0 0 0 0 0 0 0 0 0 0 0 0 0 0 0 0 0 0 0 0 0 0 0 0 0 0 0 0 0 0 0 0 0 0 0 0 0 0 0 0 0 0 0 0 0 0 0 
0 0 0 0 0 0 0 0 0 0 0 0 0 0 0 0 0 0 0 0 0 0 0 0 0 0 0 0 0 0 0 0 0 0 0 0 0 0 0 0 0 0 0 0 0 0 0 0 0 0 0 0 0 0 0 0 0 0 0 0 0 0 0 0 0 0 0 0 0 0 0 0 0 0 0 0 0 0 0 0 0 0 0 0 0 0 0 0 0.0003930438208 8.116495596e-27 0 0 0 0 0 0 0 0 3.790928875e-63 0 1.070224552e-35 9.756948212e-37 4.752968121e-18 6.644793504e-35 7.231976825e-39 2.670741367e-56 0 1.048527113e-29 0 7.174412759e-44 0 0 2.255950102e-40 2.439015407e-15 0 0 0 4.497767143e-05 0 4.837207983e-33 0.01274230964 5.550154639e-11 8.795883717e-14 0 1.029903324 1.364652586e-45 7.981592292e-06 1.353339212e-08 2.339706795e-12 0 1.453905135e-31 3.181461979e-19 3.931784944e-43 4.395565737e-24 4.992310366e-14 425.616153 0 1.897509203e-40 0 1.679691532e-24 6.945245306e-49 5.330478693e-67 1082.427917 0.09133621829 0 6.633202278e-40 0 0 0 2.82010675e-41 0 3.609984512e-54 2.058798784e-23 2.008377107e-39 51.4182478 7.181402939e-37 4.42952275e-42 5.133023323e-12 0 0 0 0 0 0 0 0 0.2039913725 0 0 0 0 0 0 0 0 0 0 0 0 0 0 0 0 0 0 0 0 0 0 0 0 0 0 0 0 0 0 0 0 0 0 0 0 0 0 0 0 0 0 0 0 0 0 0 0 0 0 0 0 0 0 0 0 0 0 0 0 0 0 0 0 0 0 0 0 0 0 0 0 0 0 0 0 0 0 0 0 0 0 0 0 0 0 0 0 0 
0 0 0 0 0 0 0 0 0 0 0 0 0 0 0 0 0 0 0 0 0 0 0 0 0 0 0 0 0 0 0 0 0 0 0 0 0 0 0 0 0 0 0 0 0 0 0 0 0 0 0 0 0 0 0 0 0 0 0 0 0 0 0 0 0 0 0 0 0 0 0 0 0 0 0 0 0 0 0 0 0 0 0 0 0 0 0 0 0 0 0 20.01032103 0 0 0 1.470252697e-27 1.791571078e-23 0 0 1.887592436e-29 3.741752615e-10 0 0 4.519118867e-09 8.017132253e-20 0.001217545465 2.277816787e-43 0 6.815529308e-43 0 8.298583124e-39 2.956089299e-46 1.21792274e-27 0 1.299232451e-44 1.46111605 896.1229402 0 704.6883524 0 1.58039383e-19 1.253930345e-65 6.4471907e-17 1.678481566e-42 0 0 5.280532376e-10 1.613494935e-39 0 0 0 0 0 0 3.049990845e-34 0 6.730927555e-43 8.751176207e-59 0 5.513147929e-06 0 6.145038137e-19 4.929799085e-25 0 218.3685664 1.3450268e-07 0 37.84930307 7.622398373e-09 0 0 810.3317508 0 1.596038689 167.2419615 0 9.565559738e-45 2.817922569e-32 0.2109780335 107.8173673 0.007382249552 4.343776506e-44 0 0 1.220627723e-05 0 0 0 0 0 0 0 0 0 0 0 0 0 0 0 0 0 0 0 0 0 0 0 0 0 0 0 0 0 0 0 0 0 0 0 0 0 0 0 0 0 0 0 0 0 0 0 0 0 0 0 0 0 0 0 0 0 0 0 0 0 0 0 0 0 0 0 0 0 0 0 0 0 0 0 0 0 0 0 0 0 0 0 0 0 0 0 0 0 0 0 
0 0 0 0 0 0 0 0 0 0 0 0 0 0 0 0 0 0 0 0 0 0 0 0 0 0 0 0 0 0 0 0 0 0 0 0 0 0 0 0 0 0 0 0 0 0 0 0 0 0 0 0 0 0 0 0 0 0 0 0 0 0 0 0 0 0 0 0 0 0 0 0 0 0 0 0 0 0 0 0 0 0 0 0 0 0 0 0 0 0 0 0 0 4.500275635e-46 68.67179641 0 69.35283061 0 0 3.355241626e-39 836.3882082 0 0 0 0 0 157.3157318 0 5.288418028e-11 0 9.837187344e-25 0 0 0 807.1561549 0 0 3.876163503e-26 9.132226214e-31 1.952653599e-25 5.375310072e-20 1.034164706e-47 2284.193268 0 0 0 0 0 1758.726049 0 1460.938027 8.957399564e-37 0 0 3.101663846e-06 1.308519201e-38 0 0 0 1.916017166e-26 0 1.138353301e-38 1136.826678 2.994157078e-36 0 2.395190757e-33 4.667183537e-17 0 6.402101555e-50 0 0 1014.312665 0 0 0 0 0 3.470061176e-44 0 3.155043968e-07 0 5.841517582e-49 0 0 0 0 0 0 0 0 0 0 0 0 0 0 0 0 0 0 0 0 0 0 0 0 0 0 0 0 0 0 0 0 0 0 0 0 0 0 0 0 0 0 0 0 0 0 0 0 0 0 0 0 0 0 0 0 0 0 0 0 0 0 0 0 0 0 0 0 0 0 0 0 0 0 0 0 0 0 0 0 0 0 0 0 0 0 0 0 0 0 0 0 0 0 
0 0 0 0 0 0 0 0 0 0 0 0 0 0 0 0 0 0 0 0 0 0 0 0 0 0 0 0 0 0 0 0 0 0 0 0 0 0 0 0 0 0 0 0 0 0 0 0 0 0 0 0 0 0 0 0 0 0 0 0 0 0 0 0 0 0 0 0 0 0 0 0 0 0 0 0 0 0 0 0 0 0 0 0 0 0 0 0 0 1.182274279e-46 0 0 0 0 3.526640235e-35 0 107.195564 0 0 0 5.351197705e-43 26.46219284 8.380119319e-26 2.524459403e-32 1.546381876e-15 0 0 1.751177233e-10 4.032305701e-42 5.466513192e-33 0 1236.777959 0 0 1.581358329 0 0 0 4.689036653e-10 0 2.739874439e-47 0 0 42.33681581 0 0 13.92098344 5.522556065e-31 7.791138675e-08 0 0 0 0 0 0 1.019679537e-05 198.7622107 0 3.73711941e-07 0 0 2.656832567e-20 0 0 1.109898539e-10 0 0 0 2.886976557e-08 0 0 0 0 0 0 1.600952463e-31 0 0 0 7.073331857e-12 0 0 0 0 0 0 0 0 0 0 0 0 0 0 0 0 0 0 0 0 0 0 0 0 0 0 0 0 0 0 0 0 0 0 0 0 0 0 0 0 0 0 0 0 0 0 0 0 0 0 0 0 0 0 0 0 0 0 0 0 0 0 0 0 0 0 0 0 0 0 0 0 0 0 0 0 0 0 0 0 0 0 0 0 0 0 0 0 0 0 0 0 0 0 0 0 
0 0 0 0 0 0 0 0 0 0 0 0 0 0 0 0 0 0 0 0 0 0 0 0 0 0 0 0 0 0 0 0 0 0 0 0 0 0 0 0 0 0 0 0 0 0 0 0 0 0 0 0 0 0 0 0 0 0 0 0 0 0 0 0 0 0 0 0 0 0 0 0 0 0 0 0 0 0 0 0 0 0 0 0 0 0 0 0 0 0 0 0 0 0 3.999754805e-39 0 0 2.032584764e-18 1.759507477e-10 0 0 1.101491534e-19 1.236328283e-05 0 0 0 1.422474998e-44 428.242294 0 2.141718444e-30 226.3851582 574.399041 1.397785882e-23 0 0 0 0 830.0860602 0 0 5.678857322e-08 2547.709486 1.871734334e-24 0 0 1.34306842e-41 0 1869.503421 2.159779323e-17 0 2.833532752e-29 0 0 0 0 3.514243723e-14 0 9.012226584e-36 2.799929702e-39 0 6.403281375e-15 1.463411818e-23 0 0 0 7.792536798e-12 0 9.318712366e-42 0 0 0 1.912840651 0 0 0 7.057581536e-31 0 0 0 0 0 0 2.588262917e-49 254.4825059 2.833698798e-13 0 0 0 0 0 0 0 0 0 0 0 0 0 0 0 0 0 0 0 0 0 0 0 0 0 0 0 0 0 0 0 0 0 0 0 0 0 0 0 0 0 0 0 0 0 0 0 0 0 0 0 0 0 0 0 0 0 0 0 0 0 0 0 0 0 0 0 0 0 0 0 0 0 0 0 0 0 0 0 0 0 0 0 0 0 0 0 0 0 0 0 
0 0 0 0 0 0 0 0 0 0 0 0 0 0 0 0 0 0 0 0 0 0 0 0 0 0 0 0 0 0 0 0 0 0 0 0 0 0 0 0 0 0 0 0 0 0 0 0 0 0 0 0 0 0 0 0 0 0 0 0 0 0 0 0 0 0 0 0 0 0 0 0 0 0 0 0 0 0 0 0 0 0 0 0 0 0 0 0 0 0 0 0 0 1.217545557e-49 0 0 7.611832409e-22 7.608162802e-33 4.468345248e-22 5.613599773e-30 0 2.286618836e-28 3.488862936e-39 1.821949938e-09 0 0 0 0 9.670143134e-08 388.5317338 0 0 0 0 0 1.507178148e-13 0 5.980039809e-32 0 1.775016617e-12 0 0 0 0 0 7.623600971e-20 1.239463143e-42 2.47349809e-36 0 1748.416758 0 5.991936121e-39 0 1.980330308e-36 7.616718746e-43 3.117288956e-48 0 6.568879205e-26 2.034809095e-18 25.06312952 1.691453242e-21 8.826047868e-30 80.45697801 1.159189107e-41 0 0 0 1.238432875e-18 0 0 1.915005024e-23 9.620838168e-27 0 0 1021.028522 2.158862812e-21 0 1.058937411e-07 0 5.766417743e-13 0 5.065670482e-32 0 0 0 0.2629595298 0 0 0 0 0 0 0 0 0 0 0 0 0 0 0 0 0 0 0 0 0 0 0 0 0 0 0 0 0 0 0 0 0 0 0 0 0 0 0 0 0 0 0 0 0 0 0 0 0 0 0 0 0 0 0 0 0 0 0 0 0 0 0 0 0 0 0 0 0 0 0 0 0 0 0 0 0 0 0 0 0 0 0 0 0 0 0 0 0 0 
0 0 0 0 0 0 0 0 0 0 0 0 0 0 0 0 0 0 0 0 0 0 0 0 0 0 0 0 0 0 0 0 0 0 0 0 0 0 0 0 0 0 0 0 0 0 0 0 0 0 0 0 0 0 0 0 0 0 0 0 0 0 0 0 0 0 0 0 0 0 0 0 0 0 0 0 0 0 0 0 0 0 0 0 0 0 0 0 0 0 0 0 0 3.267501626e-32 9.597772935e-39 0.02515028224 6.229233176e-47 0 2.490226283e-08 0 0 3.233118385e-17 0 660.263783 4.943786844e-34 4.771397588e-09 0 3.586364494 2.360945808e-10 6.357005481e-45 3.842633777e-44 1.999856048e-47 0 0 7.927115444e-08 0 9.743035433e-15 0 5.460245839e-21 923.220184 0 0 2.497638391e-30 1.801649063e-27 0 1.204169686e-17 0 23.58349836 1.890117881e-08 0 3.870252609e-34 2.945707555e-26 1.499621182e-20 5.923640136e-29 1.984818092e-10 1.390485177e-30 0 4.513145124e-24 0 990.3334442 0 0 0 0 0 0 0 1.423703685e-27 0 0 0 0 0 0 7.969502589e-45 29.17570302 0 0.2163196044 0 0 1.941578977e-46 0 254.9697013 0 0 0 0 0 0 0 0 0 0 0 0 0 0 0 0 0 0 0 0 0 0 0 0 0 0 0 0 0 0 0 0 0 0 0 0 0 0 0 0 0 0 0 0 0 0 0 0 0 0 0 0 0 0 0 0 0 0 0 0 0 0 0 0 0 0 0 0 0 0 0 0 0 0 0 0 0 0 0 0 0 0 0 0 0 0 0 0 0 0 0 0 0 
0 0 0 0 0 0 0 0 0 0 0 0 0 0 0 0 0 0 0 0 0 0 0 0 0 0 0 0 0 0 0 0 0 0 0 0 0 0 0 0 0 0 0 0 0 0 0 0 0 0 0 0 0 0 0 0 0 0 0 0 0 0 0 0 0 0 0 0 0 0 0 0 0 0 0 0 0 0 0 0 0 0 0 0 0 0 0 0 0 0 0 0 1.058980177e-05 0 375.9002642 9.363745809e-25 3.848524514e-07 0 7.492922033e-21 0.01188532621 0 26.31570012 456.3233155 0 0 1.53959494 4.189861681e-13 0 0 0 699.906585 0 0 0 878.2362128 0 6.592240206e-06 2.0385428 6.391807729e-48 8.534178118e-29 0 4.762590143e-37 1721.631818 1.329494125e-38 0 0 0 768.5405663 4.66318145e-32 2169.270329 1.965590536e-08 1.721654574e-18 0 2276.249278 1.307754402e-11 0 0.01465894183 0 12.24724094 1.526599014e-21 1.450735282e-39 8.302212696e-28 2.381869718e-21 0 0.0826433925 1.428124846e-16 892.0974545 0 0 0 3.592506694e-44 8.642331191e-43 0 1.724561964e-06 329.3458504 0 0 139.9285435 0 318.2414569 1.175480204e-27 0 0 1.895782661e-32 0 0 0 0 0 0 0 0 0 0 0 0 0 0 0 0 0 0 0 0 0 0 0 0 0 0 0 0 0 0 0 0 0 0 0 0 0 0 0 0 0 0 0 0 0 0 0 0 0 0 0 0 0 0 0 0 0 0 0 0 0 0 0 0 0 0 0 0 0 0 0 0 0 0 0 0 0 0 0 0 0 0 0 0 0 0 0 0 0 0 0 0 
0 0 0 0 0 0 0 0 0 0 0 0 0 0 0 0 0 0 0 0 0 0 0 0 0 0 0 0 0 0 0 0 0 0 0 0 0 0 0 0 0 0 0 0 0 0 0 0 0 0 0 0 0 0 0 0 0 0 0 0 0 0 0 0 0 0 0 0 0 0 0 0 0 0 0 0 0 0 0 0 0 0 0 0 0 0 0 0 2.800432674e-37 0 0 35.46487565 202.7475808 0 5.124999644e-49 0 3.81071281e-06 1.684114714e-18 2.690281263e-13 3.587076557e-47 645.6857691 0 4.743980057 0 2.308737204e-34 0 0 0 7.237943217e-36 4.164779296e-44 0 0 6.228000025e-12 8.41343592e-45 1.515480997e-44 2.999319271e-38 0 3.643138618e-26 1.942170973e-28 0 767.9780984 0.000162664485 2.334770894 1.251248076e-12 0 1.868857942e-42 1684.222418 0 0 0 0.0003167086649 3.126730313e-17 4.232558642e-20 0 2052.206138 1795.749539 1.455640413e-40 1.245952944e-08 0 0 0 3.216779236e-34 5.414404125e-11 0 0 0 2.843331947e-30 0 0 1.880951576e-47 0 223.7500145 5.750107222e-17 1.443364226e-13 1.439478754e-43 0 17.45562328 6.693041718e-43 0 3.890422149e-05 2.131167586e-10 1.427925876e-26 3.128889856e-43 0 0 6.677263017e-07 0 0 0 0 0 0 0 0 0 0 0 0 0 0 0 0 0 0 0 0 0 0 0 0 0 0 0 0 0 0 0 0 0 0 0 0 0 0 0 0 0 0 0 0 0 0 0 0 0 0 0 0 0 0 0 0 0 0 0 0 0 0 0 0 0 0 0 0 0 0 0 0 0 0 0 0 0 0 0 0 0 0 0 0 0 0 0 0 0 0 
0 0 0 0 0 0 0 0 0 0 0 0 0 0 0 0 0 0 0 0 0 0 0 0 0 0 0 0 0 0 0 0 0 0 0 0 0 0 0 0 0 0 0 0 0 0 0 0 0 0 0 0 0 0 0 0 0 0 0 0 0 0 0 0 0 0 0 0 0 0 0 0 0 0 0 0 0 0 0 0 0 0 0 0 0 0 0 0 0 6.121426584e-34 0 0 0 0 0 2.327333084e-50 396.9020875 0.9430381442 2.644627169e-11 531.3812912 342.365335 12.30166984 0 1.158627121e-43 0.6176764041 2.561633266e-05 9.864372433e-22 1490.125714 7.474630851e-48 0 0.0001026390219 2.801831071e-24 0 932.7688358 2.079231165e-29 143.5067625 0 4.907819505e-15 2.796953027e-32 0 0 0 2.432652848e-48 3.533066954e-13 28.14862885 8.311940108e-19 3068.111412 2046.88827 1.561266414e-22 0 7.131578218 0.0004701039109 0 0 8.329527997e-19 0.01035823713 0 1.249483212e-43 23.02061343 2.340540102e-23 39.18769012 1855.292044 0 298.0678165 1.047130947e-05 410.4229448 0 0 0 807.1705279 1.201848349e-37 0 0 0 0 0 2.020635546e-19 8.255592579e-15 325.1320625 5.567542444e-24 3.498923488e-46 263.8067665 0.0002861766044 0 0 0 0 0 0 0 0 0 0 0 0 0 0 0 0 0 0 0 0 0 0 0 0 0 0 0 0 0 0 0 0 0 0 0 0 0 0 0 0 0 0 0 0 0 0 0 0 0 0 0 0 0 0 0 0 0 0 0 0 0 0 0 0 0 0 0 0 0 0 0 0 0 0 0 0 0 0 0 0 0 0 0 0 0 0 0 0 0 0 0 0 0 
0 0 0 0 0 0 0 0 0 0 0 0 0 0 0 0 0 0 0 0 0 0 0 0 0 0 0 0 0 0 0 0 0 0 0 0 0 0 0 0 0 0 0 0 0 0 0 0 0 0 0 0 0 0 0 0 0 0 0 0 0 0 0 0 0 0 0 0 0 0 0 0 0 0 0 0 0 0 0 0 0 0 0 0 0 0 0 0 0 0 3.612668342e-33 0 42.13557981 71.19280775 2.571940228e-31 5.611370162e-15 0 9.62807866e-48 1.943236962e-49 6.528128132e-43 1.924972672e-46 6.553555602 0 7.337770504e-43 1.891206781e-13 1.060380189e-25 0 0 0.009212470706 0 0 5.496173191e-38 288.2700949 3.074228473e-41 0 315.2833894 9.902444166e-09 2.289091674e-29 0 0 1885.020153 178.4434614 8.7882523e-41 0 2.594534649e-18 1.963116704e-12 4.791906696e-20 0.01414905982 2.453870949e-15 0 0 82.33955525 5.038210003e-26 1.242305184e-07 1.770049229e-36 5.759141224 0 3.68463217e-17 1.595009355e-13 6.100954786e-42 0 0 0 547.3396963 0.3595550011 2.78425403e-29 2.117569359e-05 0 2.219037728e-15 0.006384455752 1.805338876e-13 0 1.265435386e-21 7.621688377e-32 0 7.418793369 4.84254091e-36 0 0 253.2929924 0 0 0 203.4756428 0 1.426395735e-45 0 0 0 0 0 0 0 0 0 0 0 0 0 0 0 0 0 0 0 0 0 0 0 0 0 0 0 0 0 0 0 0 0 0 0 0 0 0 0 0 0 0 0 0 0 0 0 0 0 0 0 0 0 0 0 0 0 0 0 0 0 0 0 0 0 0 0 0 0 0 0 0 0 0 0 0 0 0 0 0 0 0 0 0 0 0 0 0 0 0 
0 0 0 0 0 0 0 0 0 0 0 0 0 0 0 0 0 0 0 0 0 0 0 0 0 0 0 0 0 0 0 0 0 0 0 0 0 0 0 0 0 0 0 0 0 0 0 0 0 0 0 0 0 0 0 0 0 0 0 0 0 0 0 0 0 0 0 0 0 0 0 0 0 0 0 0 0 0 0 0 0 0 0 0 0 0 0 0 0 0 0 7.280148092e-25 0 0 0 0 0 3.608877324e-30 0 0 0 5.100541093e-05 0 0 0 3.16884391e-37 0 0 0 1.484751655e-42 0 2.118620307e-27 6.953372921e-11 0 400.0498883 0 0 0 0 2051.068581 7.32414113e-05 0 2.118419505e-48 1.012541267e-24 0 0 0 2.943617085e-49 0 0 1.722697105e-46 0 0 1.361011512e-36 3.023993271e-49 0 3.455056336e-11 6.274531281e-16 0 4.498069018e-11 0 0 0 0 1371.876428 1.644150542e-08 0 0 0 6.251647206e-19 0 0 1.462041391e-48 7.373256734 0 2.808828748e-09 0 3.843980799e-36 0 0.008181953736 3.665227847e-17 0 4.38912489 0 0 0 0 0 0 0 0 0 0 0 0 0 0 0 0 0 0 0 0 0 0 0 0 0 0 0 0 0 0 0 0 0 0 0 0 0 0 0 0 0 0 0 0 0 0 0 0 0 0 0 0 0 0 0 0 0 0 0 0 0 0 0 0 0 0 0 0 0 0 0 0 0 0 0 0 0 0 0 0 0 0 0 0 0 0 0 0 0 0 0 0 0 
0 0 0 0 0 0 0 0 0 0 0 0 0 0 0 0 0 0 0 0 0 0 0 0 0 0 0 0 0 0 0 0 0 0 0 0 0 0 0 0 0 0 0 0 0 0 0 0 0 0 0 0 0 0 0 0 0 0 0 0 0 0 0 0 0 0 0 0 0 0 0 0 0 0 0 0 0 0 0 0 0 0 0 0 0 0 0 0 0 0 0 7.325081775e-11 0 0 0 0 6.477409671e-18 0 0 0 0 391.9098018 0 5.277018226e-18 2.861915289e-06 1.636680624e-40 1.710287962e-35 2.127556488e-47 1519.578227 4.498814065e-33 9.469305951e-46 7.796787983e-50 1375.568314 3.599820958e-27 0 3.684795369e-25 0 0 0 0 0 0.0002328263685 0 0 4.560984856e-08 1083.232352 0 1.972288828e-40 0 0 0 1.619209058e-23 0 1.263626732 0 0 0 3.206103442e-44 0 0 3.548751433e-18 0 1184.136808 0 0 948.9466149 0 5.519936292e-31 4.537929904e-44 0 0 0 0 2.748930302e-11 4.672370876e-12 1.869966602e-11 959.3482749 0 8.663138816e-36 0 0 0 0 2.825637169 77.84980264 0 0 0 0 0 0 0 0 0 0 0 0 0 0 0 0 0 0 0 0 0 0 0 0 0 0 0 0 0 0 0 0 0 0 0 0 0 0 0 0 0 0 0 0 0 0 0 0 0 0 0 0 0 0 0 0 0 0 0 0 0 0 0 0 0 0 0 0 0 0 0 0 0 0 0 0 0 0 0 0 0 0 0 0 0 0 0 0 0 0 0 
0 0 0 0 0 0 0 0 0 0 0 0 0 0 0 0 0 0 0 0 0 0 0 0 0 0 0 0 0 0 0 0 0 0 0 0 0 0 0 0 0 0 0 0 0 0 0 0 0 0 0 0 0 0 0 0 0 0 0 0 0 0 0 0 0 0 0 0 0 0 0 0 0 0 0 0 0 0 0 0 0 0 0 0 0 0 0 0 0 0 0 0 0 0 0 0 3.365997998e-45 2.671760141e-36 413.6988538 0 1.959550681e-05 0 0 0 0 5.518092422e-44 5.000674984e-19 0 1.321503231e-39 1652.448443 0 0 0 1185.768545 0 2.785183586e-12 0 3.71425582e-32 0 0 0 0 1.186216684e-31 0 0 0 0 0 0 0 0 6.139181547e-31 3.450002867e-06 0 0 1.045518684e-43 0 0 2.032629602e-24 0 0 0 0 183.2579194 0 0 0 914.0109851 0 0 0 0 0 0 2.089639859 6.781388481e-37 0 308.9907038 8.206580726e-28 760.8813507 445.2347616 0 0 0 0 0 1.368805075e-41 0 0 0 0 0 0 0 0 0 0 0 0 0 0 0 0 0 0 0 0 0 0 0 0 0 0 0 0 0 0 0 0 0 0 0 0 0 0 0 0 0 0 0 0 0 0 0 0 0 0 0 0 0 0 0 0 0 0 0 0 0 0 0 0 0 0 0 0 0 0 0 0 0 0 0 0 0 0 0 0 0 0 0 0 0 0 0 0 0 
0 0 0 0 0 0 0 0 0 0 0 0 0 0 0 0 0 0 0 0 0 0 0 0 0 0 0 0 0 0 0 0 0 0 0 0 0 0 0 0 0 0 0 0 0 0 0 0 0 0 0 0 0 0 0 0 0 0 0 0 0 0 0 0 0 0 0 0 0 0 0 0 0 0 0 0 0 0 0 0 0 0 0 0 0 0 0 0 0 0 0 0 0 0 0 22.75974899 0 0 0 0 0 0 0 0 0 0 1.301702048e-30 0 0 0 0 0 0 0 0 0 0 0 0 0 0 0 0 0 0 0 0 0 0 0 0 0 0 0 0 3.26134258e-19 7.959773263e-30 0 0 0 0 0 0 602.8920762 2.258642908e-49 0.1956592216 0 0 0 0 0 0 0 1.119320111e-11 0 0 0 0 9.084906504e-45 0 0 0 0 0 0.5067839858 0 0 0 0 0 0 0 0 0 0 0 0 0 0 0 0 0 0 0 0 0 0 0 0 0 0 0 0 0 0 0 0 0 0 0 0 0 0 0 0 0 0 0 0 0 0 0 0 0 0 0 0 0 0 0 0 0 0 0 0 0 0 0 0 0 0 0 0 0 0 0 0 0 0 0 0 0 0 0 0 0 0 0 0 0 0 0 0 0 0 0 
0 0 0 0 0 0 0 0 0 0 0 0 0 0 0 0 0 0 0 0 0 0 0 0 0 0 0 0 0 0 0 0 0 0 0 0 0 0 0 0 0 0 0 0 0 0 0 0 0 0 0 0 0 0 0 0 0 0 0 0 0 0 0 0 0 0 0 0 0 0 0 0 0 0 0 0 0 0 0 0 0 0 0 0 0 0 0 0 0 0 0 0 0 0 0 0 0 0 0 0 0 0 0 0 0 0 0 0 0 0 0 0 0 0 0 0 0 0 0 0 0 0 0 0 0 0 0 0 0 0 0 0 0 0 0 0 0 0 0 0 0 0 0 0 0 0 0 0 0 0 0 0 0 0 0 0 0 0 0 0 0 0 0 0 0 0 0 0 0 0 0 0 0 0 0 0 0 0 0 0 0 0 0 0 0 0 0 0 0 0 0 0 0 0 0 0 0 0 0 0 0 0 0 0 0 0 0 0 0 0 0 0 0 0 0 0 0 0 0 0 0 0 0 0 0 0 0 0 0 0 0 0 0 0 0 0 0 0 0 0 0 0 0 0 0 0 0 0 0 0 0 0 0 0 0 0 
0 0 0 0 0 0 0 0 0 0 0 0 0 0 0 0 0 0 0 0 0 0 0 0 0 0 0 0 0 0 0 0 0 0 0 0 0 0 0 0 0 0 0 0 0 0 0 0 0 0 0 0 0 0 0 0 0 0 0 0 0 0 0 0 0 0 0 0 0 0 0 0 0 0 0 0 0 0 0 0 0 0 0 0 0 0 0 0 0 0 0 0 0 0 0 0 0 0 0 5.67454099e-27 0 0 0 0 0 0 0 0 0 1553.55413 0 0 0 3887.329143 0 0 0 0 56.21447355 0 0 0 0 0 0 0 0 0 0 0 0 0 0 0 0 3710.853958 0 5.722842965 0 0 2382.506033 0 6.647875088e-29 506.7933073 0 0 0 0 1.718859325e-34 0 0 0 0 0 0 4.181350168e-30 0 0 0 0 0 0 0 0 0 0 0 0 0 0 0 0 0 0 0 0 0 0 0 0 0 0 0 0 0 0 0 0 0 0 0 0 0 0 0 0 0 0 0 0 0 0 0 0 0 0 0 0 0 0 0 0 0 0 0 0 0 0 0 0 0 0 0 0 0 0 0 0 0 0 0 0 0 0 0 0 0 0 0 0 0 0 0 0 0 0 0 0 0 0 0 0 0 0 0 0 
0 0 0 0 0 0 0 0 0 0 0 0 0 0 0 0 0 0 0 0 0 0 0 0 0 0 0 0 0 0 0 0 0 0 0 0 0 0 0 0 0 0 0 0 0 0 0 0 0 0 0 0 0 0 0 0 0 0 0 0 0 0 0 0 0 0 0 0 0 0 0 0 0 0 0 0 0 0 0 0 0 0 0 0 0 0 0 0 0 0 0 0 0 0 5.899454762e-27 254.587572 2.409239757e-36 7.772043961e-30 0 6.124688963e-06 8.244929884e-23 4.791410824e-33 0 0.0003203107809 0 5.593463858e-09 0 0 0 0 0 0 4.8513145e-38 0 0 4.361141088e-28 534.8164182 2153.658766 0 0 0 0 0 0 0 0 225.1552681 0 0.6676142922 0 0 0 0 1.903669144e-11 0 1.423612181 0.005493976734 0 0 0 0 0 450.567088 0 0 6.745074494e-37 0 0 2.167536236e-33 0 837.9492992 0 55.05431614 0.08078173709 1659.932422 0 0 0 4.652743416e-30 0 2.25374227e-19 0 0 0 118.4821445 0 0 0 0 0 0 0 0 0 0 0 0 0 0 0 0 0 0 0 0 0 0 0 0 0 0 0 0 0 0 0 0 0 0 0 0 0 0 0 0 0 0 0 0 0 0 0 0 0 0 0 0 0 0 0 0 0 0 0 0 0 0 0 0 0 0 0 0 0 0 0 0 0 0 0 0 0 0 0 0 0 0 0 0 0 0 0 0 0 0 0 
0 0 0 0 0 0 0 0 0 0 0 0 0 0 0 0 0 0 0 0 0 0 0 0 0 0 0 0 0 0 0 0 0 0 0 0 0 0 0 0 0 0 0 0 0 0 0 0 0 0 0 0 0 0 0 0 0 0 0 0 0 0 0 0 0 0 0 0 0 0 0 0 0 0 0 0 0 0 0 0 0 0 0 0 0 0 0 0 0 0 0 0 0 0 4.037490507e-20 0 1.266897746e-30 414.3659161 0 0 454.2333206 893.6721173 0 0 0 0 0 0 0 0 0.7591711913 0 0 0 6.411194904e-11 4.543688981e-09 1.633642086e-35 2.658587131e-05 3017.032288 0 0 0 1.244948248e-18 3.94444569e-18 0 0 0 1.01869682e-17 1.355289112e-34 1.003913845e-07 0 0 1.584165457e-32 3594.890168 4.506109123e-22 1919.646851 2.683212645e-06 6.53352736e-32 0 2241.003197 0 5.001022299e-08 2816.451784 0 2713.020654 3.680187575e-09 7.110169054e-34 4.806512215e-34 0 0 0 1893.139696 14.85481847 1316.10355 0 595.2240757 0 0 3.964834523e-24 6.926153725e-25 135.7225314 1.595538342e-25 0 0 0 0 0 0 0 0 0 0 0 0 0 0 0 0 0 0 0 0 0 0 0 0 0 0 0 0 0 0 0 0 0 0 0 0 0 0 0 0 0 0 0 0 0 0 0 0 0 0 0 0 0 0 0 0 0 0 0 0 0 0 0 0 0 0 0 0 0 0 0 0 0 0 0 0 0 0 0 0 0 0 0 0 0 0 0 0 0 0 0 0 0 0 
0 0 0 0 0 0 0 0 0 0 0 0 0 0 0 0 0 0 0 0 0 0 0 0 0 0 0 0 0 0 0 0 0 0 0 0 0 0 0 0 0 0 0 0 0 0 0 0 0 0 0 0 0 0 0 0 0 0 0 0 0 0 0 0 0 0 0 0 0 0 0 0 0 0 0 0 0 0 0 0 0 0 0 0 0 0 0 0 50.77878351 29.19829946 0 0 1.354556535e-19 0 0 317.1960727 35.02909166 0 787.3296528 1382.718147 1521.269697 3.600628609e-23 1342.526298 4.049884038e-12 1561.223163 0 0 0 982.1738002 7.815511464e-37 1614.9435 3255.837054 0 0.0007219816013 2.283273668e-32 2846.303268 0 0 5.18169882 3615.379139 1.376467057e-25 0 0.02565958428 6.462752841e-39 1.959432008e-27 0 0 1.397234477e-09 0 1248.619509 1.346168408e-19 0 7.059087908e-27 15.50410362 0 0 0 3.539912332e-19 1556.56856 0 3.757959098e-41 1.225640024e-38 0 151.1814765 0 2010.233283 1.728300759e-28 1.57200517e-26 1.122243468e-26 1581.571213 0 0 1712.236815 1773.160108 0 3.474250183e-27 0 3.701256456e-30 1.896866571e-30 1.538168717e-38 0 1.391391788e-23 294.6886451 0 0.7977154418 0 0 0 0 0 0 0 0 0 0 0 0 0 0 0 0 0 0 0 0 0 0 0 0 0 0 0 0 0 0 0 0 0 0 0 0 0 0 0 0 0 0 0 0 0 0 0 0 0 0 0 0 0 0 0 0 0 0 0 0 0 0 0 0 0 0 0 0 0 0 0 0 0 0 0 0 0 0 0 0 0 0 0 0 0 0 0 0 0 0 0 
0 0 0 0 0 0 0 0 0 0 0 0 0 0 0 0 0 0 0 0 0 0 0 0 0 0 0 0 0 0 0 0 0 0 0 0 0 0 0 0 0 0 0 0 0 0 0 0 0 0 0 0 0 0 0 0 0 0 0 0 0 0 0 0 0 0 0 0 0 0 0 0 0 0 0 0 0 0 0 0 0 0 0 0 0 0 0 0 0 0 0 0 465.332768 0 2.215670571e-13 425.9394851 0 6.306486455e-17 3.36629734e-07 125.1348795 1547.099006 1.488024786 0 1415.619614 2482.964098 1814.104853 0 1510.702428 0 0 3.259736168e-17 0 8.154604199e-05 280.8262418 3479.848092 1.405869849e-17 3027.445465 3283.658573 2172.610301 2475.523655 1.684094136e-17 4616.492242 3222.949662 1.095698929e-13 3.135286004e-27 4.658607404e-08 3960.682275 1.582943447 4838.489797 1.97999323e-18 4042.548737 3210.705758 1.804707921e-23 3212.297726 402.8223594 0 1.175772642e-21 0 0.0003046627716 2324.485495 0.0001258437311 1.639537291e-29 0 0 8.743708621e-21 1580.471844 9.878092323e-11 6.502963991e-09 0 0.0004554821513 1852.372049 0 673.8578261 106.2084542 0 2.409172917e-17 279.3198296 3.432552077e-12 62.86580952 0 3.105886782e-33 55.23201915 6.381638175e-26 0 0 0 0 0 0 0 0 0 0 0 0 0 0 0 0 0 0 0 0 0 0 0 0 0 0 0 0 0 0 0 0 0 0 0 0 0 0 0 0 0 0 0 0 0 0 0 0 0 0 0 0 0 0 0 0 0 0 0 0 0 0 0 0 0 0 0 0 0 0 0 0 0 0 0 0 0 0 0 0 0 0 0 0 0 0 0 0 0 0 0 0 0 
0 0 0 0 0 0 0 0 0 0 0 0 0 0 0 0 0 0 0 0 0 0 0 0 0 0 0 0 0 0 0 0 0 0 0 0 0 0 0 0 0 0 0 0 0 0 0 0 0 0 0 0 0 0 0 0 0 0 0 0 0 0 0 0 0 0 0 0 0 0 0 0 0 0 0 0 0 0 0 0 0 0 0 0 0 0 0 0 0 0 0 1.291347226e-18 0 88.81080649 2.527622026e-05 785.6447014 1343.373401 1053.476305 1858.82147 9.021046777e-32 0.0008328683564 1212.758357 1508.583693 8.251798563e-37 4.934693259e-17 0 0 2468.728357 1664.854444 0.001735410641 1.290271639e-36 2112.851365 1035.129932 3.672233865e-26 1618.141936 2584.669576 48.01042254 1.381830534e-15 4838.469217 199.2481392 85.90216141 2991.837055 277.090218 4.464321965e-05 2.91927104e-21 0 3.672544749e-12 3690.188139 2915.199679 2275.875342 0 3666.551088 4827.640688 0 3619.840628 3130.987155 2349.097299 0 0 1.941764161e-18 2987.004377 4.144804882e-06 1078.716161 2088.862179 1572.708629 9.769882533 2.638950073e-18 0 1981.051243 2748.691543 1.145153967e-10 35.98152684 1565.32746 1.363134674e-10 4.186596965e-35 43.41322113 1078.692489 1.539057672e-06 1315.762452 35.26536148 0 0 0 1.075924409e-15 0 1.246512633e-28 0 0 0 0 0 0 0 0 0 0 0 0 0 0 0 0 0 0 0 0 0 0 0 0 0 0 0 0 0 0 0 0 0 0 0 0 0 0 0 0 0 0 0 0 0 0 0 0 0 0 0 0 0 0 0 0 0 0 0 0 0 0 0 0 0 0 0 0 0 0 0 0 0 0 0 0 0 0 0 0 0 0 0 0 0 0 0 0 0 0 
0 0 0 0 0 0 0 0 0 0 0 0 0 0 0 0 0 0 0 0 0 0 0 0 0 0 0 0 0 0 0 0 0 0 0 0 0 0 0 0 0 0 0 0 0 0 0 0 0 0 0 0 0 0 0 0 0 0 0 0 0 0 0 0 0 0 0 0 0 0 0 0 0 0 0 0 0 0 0 0 0 0 0 0 0 0 0 0 0 0 0 4.25074613e-05 159.6182309 140.8017259 1.91022967 955.9001381 891.8351932 437.6688808 2.168540653e-13 948.4573742 1.481268741e-20 0 9.828325532e-35 0 2074.039563 1984.8265 1877.140141 1751.133057 1623.019033 662.2317691 1.993891206e-09 2731.342665 1.209902056e-17 0 2815.862295 2660.123478 3653.233952 0 0.06713628912 0 2071.955744 5807.809499 3317.049272 4003.44027 3308.102113 3.00039008e-32 0 5613.014349 5027.615897 0 4774.340386 1748.034409 5646.933715 8.483896841e-10 571.3945322 2370.401767 3.26444026e-05 0.2244897538 2579.625139 1379.803006 0 2677.293486 2769.350467 3920.288901 3181.913607 2072.056305 3.378640246e-08 603.4402341 1.613345836e-32 2.868831724e-24 2124.242165 2.418913653e-16 1278.904167 970.2540576 1.440455121 774.239951 911.5428152 2.93733436e-20 1.339682839 332.7219026 766.4714657 0 0 2.537154698e-13 350.5487728 1.783489603e-18 7.722307844e-16 0 0 0 0 0 0 0 0 0 0 0 0 0 0 0 0 0 0 0 0 0 0 0 0 0 0 0 0 0 0 0 0 0 0 0 0 0 0 0 0 0 0 0 0 0 0 0 0 0 0 0 0 0 0 0 0 0 0 0 0 0 0 0 0 0 0 0 0 0 0 0 0 0 0 0 0 0 0 0 0 0 0 0 0 0 0 0 0 0 
0 0 0 0 0 0 0 0 0 0 0 0 0 0 0 0 0 0 0 0 0 0 0 0 0 0 0 0 0 0 0 0 0 0 0 0 0 0 0 0 0 0 0 0 0 0 0 0 0 0 0 0 0 0 0 0 0 0 0 0 0 0 0 0 0 0 0 0 0 0 0 0 0 0 0 0 0 0 0 0 0 0 0 0 0 0 0 0 3.25909699e-12 0 3.818582547 0 0 1.380482377 433.6991334 372.5693831 795.7547488 0 0 615.8568326 1017.515126 1138.491793 1994.072483 1529.348789 1533.360367 1657.677848 1192.54139 1881.052372 3549.105909 1014.002012 3175.000855 3087.225285 1.376141989e-33 2546.696094 2735.591811 3241.808499 2409.625983 4398.493217 0.01520702594 0.0005104680613 4244.568262 7.871791487e-21 0 2367.319044 1.53216959e-34 0.09852898288 6359.726031 3289.442467 3299.901374 6118.511312 1.266517669e-12 5.372984228e-07 56.27232041 0.2922023345 0 3.6760148 244.7610059 5.79716077e-20 3228.666291 5163.980495 1720.798967 3587.602311 3.107982062e-14 0.2876086301 3617.737599 6.798741742e-15 3442.578954 529.5040067 1597.870913 3.434591036e-06 15.13542302 944.2282399 1.314423928e-15 1030.514444 0 1367.812056 0 486.0236057 0 1.940586911e-24 305.9272822 67.21238868 0 295.4426062 3.177700449e-30 4.711054573e-15 0 0 0 0 0 0 0 0 0 0 0 0 0 0 0 0 0 0 0 0 0 0 0 0 0 0 0 0 0 0 0 0 0 0 0 0 0 0 0 0 0 0 0 0 0 0 0 0 0 0 0 0 0 0 0 0 0 0 0 0 0 0 0 0 0 0 0 0 0 0 0 0 0 0 0 0 0 0 0 0 0 0 0 0 0 0 0 0 0 0 
0 0 0 0 0 0 0 0 0 0 0 0 0 0 0 0 0 0 0 0 0 0 0 0 0 0 0 0 0 0 0 0 0 0 0 0 0 0 0 0 0 0 0 0 0 0 0 0 0 0 0 0 0 0 0 0 0 0 0 0 0 0 0 0 0 0 0 0 0 0 0 0 0 0 0 0 0 0 0 0 0 0 0 0 0 0 0 0 0 1.120246262e-07 20.29608126 4.184191903e-22 205.1904454 0 0 93.75541768 0.0001110841578 1.538957967e-26 398.2043158 1873.990337 1.852599894e-41 1433.143375 83.3212671 3928.403247 2574.091112 0 4710.727399 2.136657435e-05 2103.684634 1576.296756 4369.050164 3492.053031 3614.827569 2.134158887e-11 1.687605606e-25 3603.311795 1.14176034e-06 3914.104718 4414.635119 0.5324164035 0 18.4127614 2708.504133 3496.12647 6955.370121 634.2248315 2.808697209e-27 864.6603505 5.470695186e-24 1971.192208 3.292532441e-26 6831.540192 4287.202308 5061.968149 249.1019031 5492.545278 8.063751436e-21 2.163192136e-12 0.006433257152 4337.938902 1172.366415 3615.503342 9.138187105e-28 2213.074833 2325.668856 3499.609304 4809.393081 2517.861949 6.309918195e-05 868.1861554 2255.104562 2054.080497 1989.835918 441.374985 70.01783734 4.030686558e-19 0.1269311838 765.3480981 807.4328715 715.9262286 0 990.1332527 772.946669 0.04988945193 419.9321697 570.7412244 2.740369646e-08 0 0 0 0 0 0 0 0 0 0 0 0 0 0 0 0 0 0 0 0 0 0 0 0 0 0 0 0 0 0 0 0 0 0 0 0 0 0 0 0 0 0 0 0 0 0 0 0 0 0 0 0 0 0 0 0 0 0 0 0 0 0 0 0 0 0 0 0 0 0 0 0 0 0 0 0 0 0 0 0 0 0 0 0 0 0 0 0 0 
0 0 0 0 0 0 0 0 0 0 0 0 0 0 0 0 0 0 0 0 0 0 0 0 0 0 0 0 0 0 0 0 0 0 0 0 0 0 0 0 0 0 0 0 0 0 0 0 0 0 0 0 0 0 0 0 0 0 0 0 0 0 0 0 0 0 0 0 0 0 0 0 0 0 0 0 0 0 0 0 0 0 0 0 0 0 0 0 0 0 0 0.0001108730335 413.5949102 0.232009886 598.2078182 8.207048189e-31 1055.916344 772.7991119 1.780794097e-05 604.5488385 1757.607569 2681.839654 1157.682444 2491.674037 1823.323654 1.090170957e-12 1752.535577 1907.045329 6.540184105e-19 638.7350229 3104.299743 3504.305128 6015.199501 5344.517878 0.005328233766 251.7449888 4987.141552 2728.719373 1.311883671e-10 4426.260777 3456.089721 4556.583302 0 5448.933634 6540.252693 6378.363337 3689.031797 4260.502372 4246.102677 6869.290307 993.9573214 4174.083759 4.679026162e-09 9.333005502e-17 2934.769677 3356.149478 4975.740865 3549.148654 2944.842222 1651.964007 4211.844998 2785.267409 2511.293878 4887.195754 4507.167231 3366.541128 2055.171967 2.069249737e-20 1891.661347 3682.088153 1804.401248 1853.11267 843.0846759 722.9089016 1144.361031 0.0009721171322 1753.564641 0 530.7340969 710.6599119 81.09829423 3.513614228e-17 1.594994275e-11 423.4005507 300.0713047 0 0 0 0 0 0 0 0 0 0 0 0 0 0 0 0 0 0 0 0 0 0 0 0 0 0 0 0 0 0 0 0 0 0 0 0 0 0 0 0 0 0 0 0 0 0 0 0 0 0 0 0 0 0 0 0 0 0 0 0 0 0 0 0 0 0 0 0 0 0 0 0 0 0 0 0 0 0 0 0 0 0 0 0 0 0 0 0 0 0 0 
0 0 0 0 0 0 0 0 0 0 0 0 0 0 0 0 0 0 0 0 0 0 0 0 0 0 0 0 0 0 0 0 0 0 0 0 0 0 0 0 0 0 0 0 0 0 0 0 0 0 0 0 0 0 0 0 0 0 0 0 0 0 0 0 0 0 0 0 0 0 0 0 0 0 0 0 0 0 0 0 0 0 0 0 0 0 0 0 0 2.790071904e-10 0 0 0 41.20025255 1166.18741 1160.36174 26.767211 686.9982944 8.242873988e-11 1886.467913 1518.708201 3316.685807 0 1422.466997 2689.337643 2725.671781 1158.894014 1290.764958 1722.43317 2474.726216 2347.056507 4039.01103 1845.705411 3.24667497 3820.756985 2540.209397 28.34178411 3963.927088 2.218457826e-11 2561.561064 0 5273.571384 2768.004862 5180.910073 4369.430509 4192.090725 7463.630182 4387.671056 2999.927365 5305.769817 108.8076089 5874.056041 1.361166882e-06 5958.266659 5582.827016 3615.269037 4840.36598 5130.343755 0.04353145539 5919.476744 0 5241.193311 9.675722801e-10 2707.646862 1.667670596e-19 4621.871906 3985.978831 2800.710237 2829.173747 1800.228198 1.311112634e-19 0.002037240256 0 1.008726941e-27 1444.244022 5.660746962e-21 525.3910077 1570.685991 336.8168274 1044.168442 584.3694105 20.05765537 3.082336869e-06 39.81428301 510.8002459 0 6.208040612 0 0 0 0 0 0 0 0 0 0 0 0 0 0 0 0 0 0 0 0 0 0 0 0 0 0 0 0 0 0 0 0 0 0 0 0 0 0 0 0 0 0 0 0 0 0 0 0 0 0 0 0 0 0 0 0 0 0 0 0 0 0 0 0 0 0 0 0 0 0 0 0 0 0 0 0 0 0 0 0 0 0 0 0 0 0 0 0 0 
0 0 0 0 0 0 0 0 0 0 0 0 0 0 0 0 0 0 0 0 0 0 0 0 0 0 0 0 0 0 0 0 0 0 0 0 0 0 0 0 0 0 0 0 0 0 0 0 0 0 0 0 0 0 0 0 0 0 0 0 0 0 0 0 0 0 0 0 0 0 0 0 0 0 0 0 0 0 0 0 0 0 0 0 0 0 0 0 0 3.446182826 84.71162554 701.5774549 0.0002423566815 6.667377268 640.6544462 1439.281416 13.86642743 1510.497179 356.8835876 1414.82796 4.528599404e-18 1518.904192 4.458210749 2258.692817 3.332018293e-20 1579.653639 1.055580464 4.172512224 0 3492.572801 1.309406956 2087.827734 2.03140487e-08 1903.534288 1550.090306 5452.559443 0.1490377712 3702.969636 6512.42561 8445.971323 5777.695682 5009.866935 5589.430961 4272.100238 0.008044784499 4059.24071 7391.307292 0.00340126842 7201.723905 8371.735819 5336.442877 4355.40596 3.159768131e-06 5216.044413 4588.106246 3599.969365 3.780585441e-10 3909.292399 4444.312767 6799.392942 1840.154783 3777.58368 6636.818847 2284.348783 3693.756794 5165.845762 3428.922735 0 808.6942966 1918.217045 1861.225002 3.53129989e-19 107.3975465 1839.322886 2393.953207 1565.869165 7.224398999 646.7579204 635.3524074 0.0004183180536 514.5672975 1008.284653 308.1590568 101.2585446 814.7712967 0 0 0 0 0 0 0 0 0 0 0 0 0 0 0 0 0 0 0 0 0 0 0 0 0 0 0 0 0 0 0 0 0 0 0 0 0 0 0 0 0 0 0 0 0 0 0 0 0 0 0 0 0 0 0 0 0 0 0 0 0 0 0 0 0 0 0 0 0 0 0 0 0 0 0 0 0 0 0 0 0 0 0 0 0 0 0 0 0 0 0 
0 0 0 0 0 0 0 0 0 0 0 0 0 0 0 0 0 0 0 0 0 0 0 0 0 0 0 0 0 0 0 0 0 0 0 0 0 0 0 0 0 0 0 0 0 0 0 0 0 0 0 0 0 0 0 0 0 0 0 0 0 0 0 0 0 0 0 0 0 0 0 0 0 0 0 0 0 0 0 0 0 0 0 0 0 0 0 0 0 0 651.0847841 215.0473894 0 431.9838628 144.2613096 1.713448925e-10 1090.863034 926.3820444 5.980167437e-11 2293.926763 2.414779343e-08 2367.183874 1725.875676 3116.504684 1153.503844 2358.559958 3555.020492 938.4227735 3184.44074 4519.040297 3141.989655 3264.619592 2.912410981e-20 3731.514107 7438.953884 3421.788842 0 2923.290085 5522.884166 5891.076414 1.035074881e-10 4685.985719 1.175208127 5087.472951 6291.847573 4797.15189 2157.912893 7487.872802 99.80004712 6512.087054 5023.757848 6652.339209 7060.307102 5169.463786 2325.774855 3778.738168 3467.252762 4634.619511 6995.746262 5659.163332 3429.521015 7881.753867 4683.437358 2384.422935 2956.253757 3549.874974 1.026540351e-06 2364.451807 3296.345238 2496.250875 2009.066049 3556.728676 2272.326393 1765.628763 3404.166132 632.762584 448.5235084 1456.997358 1511.596282 5.195180164e-10 491.1563495 9.097832066e-22 617.164954 536.0236865 387.7723764 0 0 21.42059682 0 0 0 0 0 0 0 0 0 0 0 0 0 0 0 0 0 0 0 0 0 0 0 0 0 0 0 0 0 0 0 0 0 0 0 0 0 0 0 0 0 0 0 0 0 0 0 0 0 0 0 0 0 0 0 0 0 0 0 0 0 0 0 0 0 0 0 0 0 0 0 0 0 0 0 0 0 0 0 0 0 0 0 0 0 0 0 0 
0 0 0 0 0 0 0 0 0 0 0 0 0 0 0 0 0 0 0 0 0 0 0 0 0 0 0 0 0 0 0 0 0 0 0 0 0 0 0 0 0 0 0 0 0 0 0 0 0 0 0 0 0 0 0 0 0 0 0 0 0 0 0 0 0 0 0 0 0 0 0 0 0 0 0 0 0 0 0 0 0 0 0 0 0 0 0 5.11664381e-15 49.52506373 0 154.7130803 329.7822159 883.3381802 0 1227.376474 1002.196821 696.5151682 1605.286986 2124.404838 2921.08829 2018.323506 89.01286614 2104.043144 1608.665448 3304.423179 3423.836394 3755.453963 3109.848882 5136.724106 3911.233014 400.9786175 4087.555265 4180.161483 5585.87065 4925.869337 4860.505142 7010.93409 3937.942763 1644.883956 6986.025796 6632.797231 5801.22055 6522.198969 8309.529397 0.005816371249 0 4957.656017 6090.481545 6071.019604 7116.477658 1737.823745 7758.437356 5662.877349 12444.44461 8103.647841 4229.626052 0 4568.720176 2917.876603 0.01130429664 4477.559658 4702.6692 4632.403951 3359.24407 5661.664171 0.04572535413 3332.310061 2372.986355 3022.539513 2867.355255 2733.724457 974.2710832 18.71104246 2213.660601 1.874398898e-06 2136.209947 0.001980105343 1045.040554 2254.976757 1811.117172 694.8203876 228.226405 474.0955941 394.2924921 0 0.0001001032415 0 9.366616461e-15 18.10325035 0 0 0 0 0 0 0 0 0 0 0 0 0 0 0 0 0 0 0 0 0 0 0 0 0 0 0 0 0 0 0 0 0 0 0 0 0 0 0 0 0 0 0 0 0 0 0 0 0 0 0 0 0 0 0 0 0 0 0 0 0 0 0 0 0 0 0 0 0 0 0 0 0 0 0 0 0 0 0 0 0 0 0 0 0 0 0 
0 0 0 0 0 0 0 0 0 0 0 0 0 0 0 0 0 0 0 0 0 0 0 0 0 0 0 0 0 0 0 0 0 0 0 0 0 0 0 0 0 0 0 0 0 0 0 0 0 0 0 0 0 0 0 0 0 0 0 0 0 0 0 0 0 0 0 0 0 0 0 0 0 0 0 0 0 0 0 0 0 0 0 0 0 0 0 0 0 276.753742 60.92207889 0 8.842300014e-12 9.888362998 270.97601 0.7360683548 429.6287521 1170.034371 1571.059437 1852.323172 440.6292477 1211.793034 890.2283575 2093.181308 3432.239462 4392.920291 2077.196482 3023.227867 0 4624.891961 2593.922378 5074.142789 4400.914076 2945.758092 9.654773401 4607.997266 4785.400983 6654.470329 4.093300214e-07 3907.873778 4621.611685 4978.964622 7720.511368 7833.258358 13.39767525 0 7543.909157 0 7600.944551 6244.384986 6003.806256 3467.173081 4346.42997 0.03654096063 0 7808.135351 4652.557245 0 3162.297099 5005.667812 3168.616446 3366.74832 2140.199595 174.3690743 5498.985912 2526.772308 5212.067445 2626.67621 1167.864807 1792.820841 2010.656519 2609.345972 2969.310942 1774.66964 1037.745151 4.632637254e-09 2280.938513 1436.897322 1815.051035 1640.304277 61.12465743 1780.0065 665.0150767 512.8981655 553.9377943 86.90024551 0 0 0 0 0 0 0 0 0 0 0 0 0 0 0 0 0 0 0 0 0 0 0 0 0 0 0 0 0 0 0 0 0 0 0 0 0 0 0 0 0 0 0 0 0 0 0 0 0 0 0 0 0 0 0 0 0 0 0 0 0 0 0 0 0 0 0 0 0 0 0 0 0 0 0 0 0 0 0 0 0 0 0 0 0 0 0 0 0 0 
0 0 0 0 0 0 0 0 0 0 0 0 0 0 0 0 0 0 0 0 0 0 0 0 0 0 0 0 0 0 0 0 0 0 0 0 0 0 0 0 0 0 0 0 0 0 0 0 0 0 0 0 0 0 0 0 0 0 0 0 0 0 0 0 0 0 0 0 0 0 0 0 0 0 0 0 0 0 0 0 0 0 0 0 0 0 0 0 0 0.02363753382 339.9507245 621.4047068 671.2626997 1095.534569 255.6310214 744.6253351 1336.659166 748.4486877 2210.997616 1020.954585 1398.479933 2081.450842 1.557367276e-08 2755.863402 1469.160353 1205.637698 2035.212619 4031.945712 5804.647709 3280.052892 7124.637736 4576.896345 0.02708704567 5493.135338 3419.039427 2620.890089 6104.536553 6598.551357 6768.396503 5849.363879 8322.486322 5165.611308 6195.042584 5717.950101 5411.880087 8580.600759 257.4873297 6391.478037 1619.011748 5633.382138 79.36121497 4617.050327 8074.417829 0 2981.582119 5148.409467 1882.552269 0.0001087011355 1277.746024 5254.662834 4043.22845 6185.086964 1413.248526 4392.163617 2567.169091 1500.288842 5195.766672 4751.023644 1211.926236 1942.331475 2824.721059 1359.458286 3797.158713 2110.864509 2653.040539 2363.870226 1491.508447 797.8515479 387.4550535 0.01842919825 692.0781092 860.6533316 0 0.3732483626 7.750490953 0 0 0 0 0 0 0 0 0 0 0 0 0 0 0 0 0 0 0 0 0 0 0 0 0 0 0 0 0 0 0 0 0 0 0 0 0 0 0 0 0 0 0 0 0 0 0 0 0 0 0 0 0 0 0 0 0 0 0 0 0 0 0 0 0 0 0 0 0 0 0 0 0 0 0 0 0 0 0 0 0 0 0 0 0 0 0 0 0 0 0 
0 0 0 0 0 0 0 0 0 0 0 0 0 0 0 0 0 0 0 0 0 0 0 0 0 0 0 0 0 0 0 0 0 0 0 0 0 0 0 0 0 0 0 0 0 0 0 0 0 0 0 0 0 0 0 0 0 0 0 0 0 0 0 0 0 0 0 0 0 0 0 0 0 0 0 0 0 0 0 0 0 0 0 0 0 0 0 0 0 254.4529731 52.88224199 0 0 392.2350708 0 0 667.7343775 791.7028495 920.123355 1917.76992 2544.932323 1.122147911 1110.059853 1379.074618 1706.011129 2223.187719 4012.427989 1910.453484 5877.081808 3904.204044 4440.769654 5550.855142 5822.832747 4465.650161 4475.989777 1.016859755e-12 6282.181137 7578.954224 3297.544523 4919.277789 4672.191891 7638.275329 7183.181704 7216.503825 7357.702665 3881.29607 3225.734673 7035.250571 6493.251674 0 6118.658209 8060.674573 6579.757278 5541.523251 11299.51402 5053.365997 5339.429038 2787.575917 6705.447207 3985.892807 6397.434431 3538.775986 4502.993692 3905.687223 600.7988105 3444.560126 6010.778836 3806.432872 3103.068901 478.0856526 33.51310913 2107.21052 0 1828.499868 1619.136165 0 3.265280377e-07 72.00768307 266.7215614 779.0806313 659.9305408 3.283664486e-05 787.9818681 1419.1778 0 4.732295246e-10 0 235.097054 0 0 0 0 0 0 0 0 0 0 0 0 0 0 0 0 0 0 0 0 0 0 0 0 0 0 0 0 0 0 0 0 0 0 0 0 0 0 0 0 0 0 0 0 0 0 0 0 0 0 0 0 0 0 0 0 0 0 0 0 0 0 0 0 0 0 0 0 0 0 0 0 0 0 0 0 0 0 0 0 0 0 0 0 0 0 0 0 
0 0 0 0 0 0 0 0 0 0 0 0 0 0 0 0 0 0 0 0 0 0 0 0 0 0 0 0 0 0 0 0 0 0 0 0 0 0 0 0 0 0 0 0 0 0 0 0 0 0 0 0 0 0 0 0 0 0 0 0 0 0 0 0 0 0 0 0 0 0 0 0 0 0 0 0 0 0 0 0 0 0 0 0 0 0 0 0 0 0 0 175.7593692 0 84.39918082 979.4585728 90.94780404 955.5894769 1137.214987 697.4015162 500.5022773 958.4939511 946.2008569 1443.194217 0 4083.36414 2996.757353 4679.514542 3538.390559 2429.267672 6071.38287 0.000161551568 3843.832207 7490.627634 2881.284908 795.7685764 6389.779775 8355.920947 203.3278048 7589.920682 7291.453848 0 12401.89653 5188.11916 4826.457853 11660.34926 10874.15503 11055.82852 11981.4842 4828.868486 6204.04131 5543.19003 7319.516344 9670.948231 6394.949334 6047.693059 2854.868989 7544.081713 6368.484057 4696.268824 4881.932311 7570.911263 6865.307827 2371.105104 2081.665465 6345.372717 0.03418220976 2102.236647 3131.247148 1477.296959 3694.71891 3976.458042 2010.354293 0.05705138887 1127.171843 1148.630914 516.4016716 2889.664596 1256.31172 2474.807751 659.0182023 0 2173.524672 1008.353635 373.9505357 0 117.3779374 167.7685581 0 0 0 0 0 0 0 0 0 0 0 0 0 0 0 0 0 0 0 0 0 0 0 0 0 0 0 0 0 0 0 0 0 0 0 0 0 0 0 0 0 0 0 0 0 0 0 0 0 0 0 0 0 0 0 0 0 0 0 0 0 0 0 0 0 0 0 0 0 0 0 0 0 0 0 0 0 0 0 0 0 0 0 0 0 0 0 0 0 
0 0 0 0 0 0 0 0 0 0 0 0 0 0 0 0 0 0 0 0 0 0 0 0 0 0 0 0 0 0 0 0 0 0 0 0 0 0 0 0 0 0 0 0 0 0 0 0 0 0 0 0 0 0 0 0 0 0 0 0 0 0 0 0 0 0 0 0 0 0 0 0 0 0 0 0 0 0 0 0 0 0 0 0 0 0 0 0 0 195.4751055 368.7712287 588.6245206 10.84793613 1250.86494 881.4023021 1512.516155 983.8720593 1124.173705 597.682129 0 1806.992659 1826.227202 0 3855.153047 2552.625662 3443.50208 1612.736942 6263.343236 5625.329861 1601.51751 5032.853915 5427.227513 2603.176303 7726.70336 6465.268963 7658.141 0 0 4334.198342 4365.497795 10836.89244 10623.13727 3649.93477 4605.745367 7641.651793 4874.263855 9591.591729 13294.56873 6428.173788 15530.81968 4732.795282 10143.11666 0 3998.154224 166.1486178 7413.624088 5858.374095 4718.087725 0.0001965950375 0 2512.014461 6018.117191 5119.54356 6018.545221 3153.044055 2132.230133 5151.191589 6213.065745 4816.033796 4212.412817 2505.768418 1512.904648 1848.367424 3186.914878 3541.010227 1787.695382 471.0660244 2723.637401 2486.009778 900.2921274 1402.88865 996.2110925 267.8594096 0 0 384.3983226 96.93125705 0 0 0 0 0 0 0 0 0 0 0 0 0 0 0 0 0 0 0 0 0 0 0 0 0 0 0 0 0 0 0 0 0 0 0 0 0 0 0 0 0 0 0 0 0 0 0 0 0 0 0 0 0 0 0 0 0 0 0 0 0 0 0 0 0 0 0 0 0 0 0 0 0 0 0 0 0 0 0 0 0 0 0 0 0 0 0 0 0 
0 0 0 0 0 0 0 0 0 0 0 0 0 0 0 0 0 0 0 0 0 0 0 0 0 0 0 0 0 0 0 0 0 0 0 0 0 0 0 0 0 0 0 0 0 0 0 0 0 0 0 0 0 0 0 0 0 0 0 0 0 0 0 0 0 0 0 0 0 0 0 0 0 0 0 0 0 0 0 0 0 0 0 0 0 0 0 0 0 119.8235108 193.6963053 701.8321 845.1443621 922.6331898 559.1687124 769.5096743 711.0732324 1426.820053 2229.46556 2691.285436 2764.487489 2862.258256 5143.791338 3503.030999 4199.565893 2026.189768 0.0004741759289 5330.752319 5002.803427 7766.446214 5985.452532 3892.136444 8001.391708 2415.124093 6424.121391 7934.71125 3424.011749 8589.476626 9499.003228 9969.7037 9864.938073 686.0394192 9522.478085 8287.070367 9554.113563 0.4322019375 4904.614712 10259.39475 8791.736594 7524.827883 7929.126431 10514.39172 7806.491433 4656.891763 7357.920997 12748.71527 10784.98871 11035.62177 6719.770804 9413.154308 10342.76684 8014.559216 6263.030555 5545.590493 5041.307448 4502.438057 0.0001058396907 2173.992296 4246.323011 5588.027338 4954.664517 2923.909321 3400.279612 3823.729858 3935.753439 3520.187793 502.6848601 862.0668105 1952.923004 1645.316708 1352.726976 208.7458541 1306.36563 662.4563178 0 150.4634787 0 0 0 0 0 0 0 0 0 0 0 0 0 0 0 0 0 0 0 0 0 0 0 0 0 0 0 0 0 0 0 0 0 0 0 0 0 0 0 0 0 0 0 0 0 0 0 0 0 0 0 0 0 0 0 0 0 0 0 0 0 0 0 0 0 0 0 0 0 0 0 0 0 0 0 0 0 0 0 0 0 0 0 0 0 0 0 0 0 0 
0 0 0 0 0 0 0 0 0 0 0 0 0 0 0 0 0 0 0 0 0 0 0 0 0 0 0 0 0 0 0 0 0 0 0 0 0 0 0 0 0 0 0 0 0 0 0 0 0 0 0 0 0 0 0 0 0 0 0 0 0 0 0 0 0 0 0 0 0 0 0 0 0 0 0 0 0 0 0 0 0 0 0 0 0 0 0 0 0 68.36405116 129.0448075 0 1391.105849 620.2293128 371.0432896 785.5701097 1971.414293 165.9306174 2543.350667 986.3128743 1861.552435 1650.799261 849.8904946 1583.053242 5783.515886 5371.339289 4213.44276 4781.512028 5642.689379 7172.898582 3238.107903 5519.524543 5140.184556 9735.425166 6274.78455 8241.061376 7497.490876 7887.965871 8975.142912 5739.494453 13576.53489 7471.590031 5376.242285 15812.17658 4.045045384 7028.696816 9919.508408 10338.9001 8815.731618 12169.75473 11388.49585 10226.74222 11957.95045 6491.845853 13118.34233 7989.058977 10922.82135 9536.84561 10975.00676 7560.633181 3017.907564 8651.304216 3649.651535 2023.669994 5004.000661 6246.619839 3849.111241 0 1968.169916 2448.408599 2476.826098 3634.618548 3220.568953 0 3224.415851 3903.027919 721.3454643 2515.720915 1093.988325 1789.968421 1804.803945 655.5236822 751.1637301 542.7303077 0 248.0388048 0 166.0869257 75.11104096 0 0 0 0 0 0 0 0 0 0 0 0 0 0 0 0 0 0 0 0 0 0 0 0 0 0 0 0 0 0 0 0 0 0 0 0 0 0 0 0 0 0 0 0 0 0 0 0 0 0 0 0 0 0 0 0 0 0 0 0 0 0 0 0 0 0 0 0 0 0 0 0 0 0 0 0 0 0 0 0 0 0 0 0 0 0 0 
0 0 0 0 0 0 0 0 0 0 0 0 0 0 0 0 0 0 0 0 0 0 0 0 0 0 0 0 0 0 0 0 0 0 0 0 0 0 0 0 0 0 0 0 0 0 0 0 0 0 0 0 0 0 0 0 0 0 0 0 0 0 0 0 0 0 0 0 0 0 0 0 0 0 0 0 0 0 0 0 0 0 0 0 0 0 0 0 0 0 615.8250709 350.380777 0 1303.2065 1491.687291 619.5156932 1664.853325 629.0864638 245.7732867 1625.506343 2426.906351 5381.977007 2228.85695 2840.963246 0 6209.269985 5846.780046 5219.036684 7174.950639 6113.10276 7748.030648 6307.21512 9713.287614 163.2637698 9627.469363 6525.263742 8149.723418 10432.35011 10532.35125 0 7557.017323 5526.459835 17720.4687 14303.59548 6409.403338 13850.82165 18853.70178 12994.35145 13880.30045 11653.2534 9995.436581 8872.723659 12223.76738 8028.362219 9937.423291 13516.02529 7791.46028 12349.15545 8363.781742 7031.497575 10304.34336 7533.681644 9170.204519 6736.048163 6863.357426 4604.455775 5406.460154 2709.825124 6731.564487 0 3888.7603 4870.752626 4330.375924 3429.833078 2704.507348 2692.98247 2769.446525 2874.006046 1388.14907 1699.924672 2301.573137 959.2725301 1141.131087 0 283.7801815 0 0.06111700442 0 56.25409992 0 0 0 0 0 0 0 0 0 0 0 0 0 0 0 0 0 0 0 0 0 0 0 0 0 0 0 0 0 0 0 0 0 0 0 0 0 0 0 0 0 0 0 0 0 0 0 0 0 0 0 0 0 0 0 0 0 0 0 0 0 0 0 0 0 0 0 0 0 0 0 0 0 0 0 0 0 0 0 0 0 0 0 0 0 0 0 
0 0 0 0 0 0 0 0 0 0 0 0 0 0 0 0 0 0 0 0 0 0 0 0 0 0 0 0 0 0 0 0 0 0 0 0 0 0 0 0 0 0 0 0 0 0 0 0 0 0 0 0 0 0 0 0 0 0 0 0 0 0 0 0 0 0 0 0 0 0 0 0 0 0 0 0 0 0 0 0 0 0 0 0 0 0 0 0 113.5843354 168.3731222 509.9804851 411.9190371 612.6067439 1479.773926 778.5779154 559.3206841 2481.22948 751.6876316 0 2370.076669 4609.455842 3714.759704 5180.4397 4986.08184 5155.268499 6812.537566 7160.414174 5908.787758 5643.491104 723.3294138 0 5501.277541 9983.249571 10415.44688 7807.041157 8916.109171 10250.41472 3663.127687 12485.33609 9409.886711 12848.95736 5662.03047 11966.79268 11385.39937 5193.164431 17480.28628 12808.00431 14250.1555 10494.3896 13348.36192 16554.05499 13144.32415 14352.30712 5488.843707 10763.44623 9167.348012 12924.80509 7489.941953 7286.378707 12009.31918 8982.462735 8538.843545 9517.389833 7466.249034 9020.795202 1890.421171 5137.422195 6569.740137 7346.592169 6814.80804 5817.770864 3076.130093 1884.285099 2927.516876 3272.169285 2845.779072 3524.933243 1770.220496 2671.714387 1588.464582 1587.331789 0 1324.04361 1095.354536 598.6039144 736.3476733 0 193.3112261 0 0 0 0 0 0 0 0 0 0 0 0 0 0 0 0 0 0 0 0 0 0 0 0 0 0 0 0 0 0 0 0 0 0 0 0 0 0 0 0 0 0 0 0 0 0 0 0 0 0 0 0 0 0 0 0 0 0 0 0 0 0 0 0 0 0 0 0 0 0 0 0 0 0 0 0 0 0 0 0 0 0 0 0 0 0 0 0 
0 0 0 0 0 0 0 0 0 0 0 0 0 0 0 0 0 0 0 0 0 0 0 0 0 0 0 0 0 0 0 0 0 0 0 0 0 0 0 0 0 0 0 0 0 0 0 0 0 0 0 0 0 0 0 0 0 0 0 0 0 0 0 0 0 0 0 0 0 0 0 0 0 0 0 0 0 0 0 0 0 0 0 0 0 0 0 0 210.0153068 0 768.5069838 227.8612725 1287.257407 1092.460723 1895.544407 1526.758737 2016.493041 436.6361695 2973.347008 2720.086967 3960.053679 3704.867326 0 3579.690347 5871.378086 3660.353536 7213.904982 9022.750358 8820.808916 3979.426341 3314.618938 4561.505642 5330.196493 4835.654738 8314.975365 9349.685163 10783.32964 11606.73097 10869.35995 8097.26043 13175.59629 10892.89337 13108.72128 16238.12267 7376.90924 13235.2263 15389.22228 7900.019422 12363.61558 13049.83818 15468.56051 10904.59189 14576.58043 10498.27817 13513.60567 7174.989246 13006.69654 4125.21604 6958.846916 12018.61775 7192.62308 8376.740486 5957.178596 5170.449561 5585.466434 0 8794.700039 5228.488063 3381.957061 2371.793284 3185.689376 4790.778637 4873.449225 4621.681503 3544.371747 999.9279131 4425.487252 1784.649747 2200.913388 2002.353185 2155.645639 1310.879943 1114.754062 721.6499645 177.4258122 328.2940915 845.878369 135.2251356 0 0 0 0 0 0 0 0 0 0 0 0 0 0 0 0 0 0 0 0 0 0 0 0 0 0 0 0 0 0 0 0 0 0 0 0 0 0 0 0 0 0 0 0 0 0 0 0 0 0 0 0 0 0 0 0 0 0 0 0 0 0 0 0 0 0 0 0 0 0 0 0 0 0 0 0 0 0 0 0 0 0 0 0 0 0 0 0 
0 0 0 0 0 0 0 0 0 0 0 0 0 0 0 0 0 0 0 0 0 0 0 0 0 0 0 0 0 0 0 0 0 0 0 0 0 0 0 0 0 0 0 0 0 0 0 0 0 0 0 0 0 0 0 0 0 0 0 0 0 0 0 0 0 0 0 0 0 0 0 0 0 0 0 0 0 0 0 0 0 0 0 0 0 0 0 0 0 163.5460921 704.6068627 668.8731261 980.6577189 519.2836442 1618.235829 1273.748369 1313.426241 1492.440522 1898.014181 3442.890596 3807.03627 2347.536084 3920.999095 4427.143298 7227.142001 8979.089993 6174.364159 6105.336127 7671.516491 6567.059592 2459.117409 8459.317418 7784.363576 4778.837034 10859.78476 9988.672768 14355.82798 3212.449128 12107.07103 9760.948558 10189.21098 11933.39749 2686.938019 18283.84616 9798.799898 11570.96242 13754.67412 17924.07893 16062.32063 15386.01947 13600.14452 9940.264144 11865.63708 12149.33722 12869.76274 11558.3952 13892.99788 15884.47676 14047.83326 7256.357986 11194.36496 6899.771761 5549.817536 4009.344397 7327.777053 10615.47286 7153.163981 7388.536035 6643.532441 5105.079081 6370.161127 5873.785482 4517.481817 4007.175305 3237.089208 4431.757839 3380.800668 2148.23303 2046.904889 2517.648146 1565.681297 2596.15153 964.484955 1356.296037 0 240.7807022 0 0 30.85594637 0 0 0 0 0 0 0 0 0 0 0 0 0 0 0 0 0 0 0 0 0 0 0 0 0 0 0 0 0 0 0 0 0 0 0 0 0 0 0 0 0 0 0 0 0 0 0 0 0 0 0 0 0 0 0 0 0 0 0 0 0 0 0 0 0 0 0 0 0 0 0 0 0 0 0 0 0 0 0 0 0 0 0 0 0 0 0 
0 0 0 0 0 0 0 0 0 0 0 0 0 0 0 0 0 0 0 0 0 0 0 0 0 0 0 0 0 0 0 0 0 0 0 0 0 0 0 0 0 0 0 0 0 0 0 0 0 0 0 0 0 0 0 0 0 0 0 0 0 0 0 0 0 0 0 0 0 0 0 0 0 0 0 0 0 0 0 0 0 0 0 0 0 0 0 0 49.77792697 142.8385584 426.5906616 0 105.2302316 895.2489221 337.9280209 59.75374735 1673.359938 2029.013119 2665.59119 3810.463339 1390.045099 3052.285609 3766.154439 4590.917256 5582.744978 6925.726457 3900.806555 7914.97259 5079.006675 4280.211576 7209.17108 7296.946942 4962.505381 7927.296909 7489.847306 10125.58771 10273.35396 12202.00255 11301.34237 8249.940109 12596.88638 11909.83173 12710.74204 17223.76137 8169.338808 16340.65926 8886.268494 12936.69296 10184.15632 10855.42524 17172.13448 14303.02003 13754.26279 12481.65153 13453.27831 11124.80023 15489.69576 8451.881434 6622.280893 10889.78859 11421.72513 9707.645297 6289.604602 9179.556736 9275.242729 6309.816768 8964.02637 6483.398214 0 7197.875301 4567.845454 5384.529114 4137.412449 1118.843983 2995.909925 2669.335966 1325.072873 2506.913079 264.7274873 185.5850988 177.282303 390.2805999 1357.348348 813.8376379 0 520.6123113 313.0340217 0 0 0 0 0 0 0 0 0 0 0 0 0 0 0 0 0 0 0 0 0 0 0 0 0 0 0 0 0 0 0 0 0 0 0 0 0 0 0 0 0 0 0 0 0 0 0 0 0 0 0 0 0 0 0 0 0 0 0 0 0 0 0 0 0 0 0 0 0 0 0 0 0 0 0 0 0 0 0 0 0 0 0 0 0 0 0 0 0 
0 0 0 0 0 0 0 0 0 0 0 0 0 0 0 0 0 0 0 0 0 0 0 0 0 0 0 0 0 0 0 0 0 0 0 0 0 0 0 0 0 0 0 0 0 0 0 0 0 0 0 0 0 0 0 0 0 0 0 0 0 0 0 0 0 0 0 0 0 0 0 0 0 0 0 0 0 0 0 0 0 0 0 0 0 0 0 0 0 32.73002195 305.2553431 775.26983 111.4019923 1258.019179 1314.544108 2843.477333 2239.463702 728.7577773 3316.249698 2821.414537 2565.817135 2730.285278 2383.910826 3475.060922 3515.208493 4297.323805 5992.463463 6637.254624 4965.312527 3483.738175 4724.922411 7738.901497 8398.426833 4993.60708 13693.30488 6876.48978 10720.09636 3134.625605 7590.24724 8860.743135 12836.19751 8221.418285 10309.85989 8549.934552 5584.508841 16090.0695 14651.09427 15017.78966 8176.373257 10175.8893 9024.809398 7714.088052 14079.58179 11372.24031 10765.99699 13134.57557 14740.35278 0 8888.490149 12189.50892 8269.685508 9236.107426 0 5252.078796 2720.588294 6832.428849 7067.664163 4863.567173 4516.278591 6400.273621 3714.291214 5296.375083 2232.609461 2125.422177 3707.196855 4281.811612 2246.693888 1725.497671 3266.876072 3457.312264 265.3982044 1256.358253 821.7812846 548.54405 19.29656084 331.9861581 56.70347033 73.46622232 0 0 0 0 0 0 0 0 0 0 0 0 0 0 0 0 0 0 0 0 0 0 0 0 0 0 0 0 0 0 0 0 0 0 0 0 0 0 0 0 0 0 0 0 0 0 0 0 0 0 0 0 0 0 0 0 0 0 0 0 0 0 0 0 0 0 0 0 0 0 0 0 0 0 0 0 0 0 0 0 0 0 0 0 0 0 0 0 
0 0 0 0 0 0 0 0 0 0 0 0 0 0 0 0 0 0 0 0 0 0 0 0 0 0 0 0 0 0 0 0 0 0 0 0 0 0 0 0 0 0 0 0 0 0 0 0 0 0 0 0 0 0 0 0 0 0 0 0 0 0 0 0 0 0 0 0 0 0 0 0 0 0 0 0 0 0 0 0 0 0 0 0 0 0 0 0 0 509.8140616 0 0 619.5967725 85.3971398 1517.820347 668.3647125 855.3365579 0 0 1741.008057 2132.294998 3716.58986 4962.607236 5072.38829 5142.473261 3662.238671 4409.351897 5047.690123 8228.313276 9512.972809 9043.389846 7712.525498 3637.672793 9474.289225 10225.16872 10926.76315 6604.650643 9434.536134 11841.60852 5106.176764 8825.751074 13155.72943 5895.49894 11961.59336 16287.3302 17846.30496 10356.20153 12512.05867 14819.1838 14874.68108 11417.52787 14009.73351 8686.468509 7092.572807 7174.226847 13640.68044 7216.787563 10688.7302 7593.275822 11138.48621 8473.334181 8623.437673 5541.774705 0 4184.64731 4497.094734 5971.002872 3544.08192 9730.292487 0 4630.520066 4219.614029 2874.429677 4508.439683 1746.668769 3835.008407 2601.224653 1551.845307 346.554881 2533.679759 1752.493585 837.0313679 1662.479864 0 581.0897522 563.0449644 185.9188787 0 3.064936271 0 0 0 0 0 0 0 0 0 0 0 0 0 0 0 0 0 0 0 0 0 0 0 0 0 0 0 0 0 0 0 0 0 0 0 0 0 0 0 0 0 0 0 0 0 0 0 0 0 0 0 0 0 0 0 0 0 0 0 0 0 0 0 0 0 0 0 0 0 0 0 0 0 0 0 0 0 0 0 0 0 0 0 0 0 0 0 
0 0 0 0 0 0 0 0 0 0 0 0 0 0 0 0 0 0 0 0 0 0 0 0 0 0 0 0 0 0 0 0 0 0 0 0 0 0 0 0 0 0 0 0 0 0 0 0 0 0 0 0 0 0 0 0 0 0 0 0 0 0 0 0 0 0 0 0 0 0 0 0 0 0 0 0 0 0 0 0 0 0 0 0 0 0 0 0 0 0 0 23.97556815 894.3278496 1405.725766 2216.038526 1071.783789 0 1974.950741 1456.486001 1454.092259 2065.253904 3879.131509 2888.24275 4431.912688 4817.555113 1653.912247 5393.160515 5023.420625 6103.640935 4422.883156 10151.3522 5679.509977 9077.499044 10123.9537 7702.542116 9085.564499 15287.62527 8947.847583 12552.84731 10838.8157 12172.65618 0 12872.69353 13088.04752 14705.28261 13371.90349 16226.54141 15251.17576 10601.20265 15386.72417 8913.765676 14456.28565 0 11122.39948 9403.386635 7948.85669 16317.76972 8443.665293 11411.95886 11058.43472 10316.23085 6037.360688 13382.89551 8891.852708 7864.315622 5162.335804 6276.671865 8278.782886 2549.33898 4064.025209 5999.403258 0 4206.918648 5615.147976 1478.234865 4344.338341 2817.541294 3285.663061 2299.055265 1971.716495 2737.14201 468.996763 1631.843003 0 1140.540171 0 0 0 0 0 0 0 0 0 0 0 0 0 0 0 0 0 0 0 0 0 0 0 0 0 0 0 0 0 0 0 0 0 0 0 0 0 0 0 0 0 0 0 0 0 0 0 0 0 0 0 0 0 0 0 0 0 0 0 0 0 0 0 0 0 0 0 0 0 0 0 0 0 0 0 0 0 0 0 0 0 0 0 0 0 0 0 0 0 0 0 
0 0 0 0 0 0 0 0 0 0 0 0 0 0 0 0 0 0 0 0 0 0 0 0 0 0 0 0 0 0 0 0 0 0 0 0 0 0 0 0 0 0 0 0 0 0 0 0 0 0 0 0 0 0 0 0 0 0 0 0 0 0 0 0 0 0 0 0 0 0 0 0 0 0 0 0 0 0 0 0 0 0 0 0 0 0 0 0 102.6570262 216.1783139 301.9165935 646.7184559 0 1103.079651 953.1343988 2160.737653 1174.785729 2143.767132 982.6903736 3703.554836 0 0 4069.959648 3239.209885 5594.690731 2260.592313 5199.618441 5315.037699 5595.136008 6121.462338 7360.842882 2917.260687 4465.046421 13183.8654 8099.778654 7259.903943 8119.962816 5617.042504 11995.29519 12052.59153 0 13720.03512 8802.917154 8741.364662 12763.44943 13382.57014 7469.730427 11156.3261 17175.96134 14608.52501 17180.69521 17874.12893 9459.005498 5350.140904 5711.587479 6141.92224 8523.5213 8522.251694 12107.99615 9178.521394 8066.606343 9016.483145 4526.484019 6624.339675 5332.670508 8221.647253 7201.250152 8411.358961 4049.682488 2972.580251 0 2167.285657 6219.162381 5126.195346 4552.216576 2799.812863 2214.647448 2321.699815 2051.222173 2055.723942 363.684406 2267.395969 874.0331372 1211.723047 345.4849416 0 0 85.00366136 0 0 0 0 0 0 0 0 0 0 0 0 0 0 0 0 0 0 0 0 0 0 0 0 0 0 0 0 0 0 0 0 0 0 0 0 0 0 0 0 0 0 0 0 0 0 0 0 0 0 0 0 0 0 0 0 0 0 0 0 0 0 0 0 0 0 0 0 0 0 0 0 0 0 0 0 0 0 0 0 0 0 0 0 0 0 0 0 
0 0 0 0 0 0 0 0 0 0 0 0 0 0 0 0 0 0 0 0 0 0 0 0 0 0 0 0 0 0 0 0 0 0 0 0 0 0 0 0 0 0 0 0 0 0 0 0 0 0 0 0 0 0 0 0 0 0 0 0 0 0 0 0 0 0 0 0 0 0 0 0 0 0 0 0 0 0 0 0 0 0 0 0 0 0 0 0 0 0 497.7789939 0 1297.643309 558.1588788 1142.199556 2353.307291 689.4546184 1750.135088 0 3927.741305 2852.081907 0 4652.712629 4735.444559 4093.437019 4795.277075 4763.347558 2025.925149 5890.722514 5998.534447 8096.387107 6388.069296 6268.60193 7810.227729 0 9773.614566 12072.99017 4533.016948 7143.475837 8997.644272 5050.755848 5947.919307 12849.09554 15561.62209 13790.46613 11560.2593 14533.73187 11661.62688 10367.61379 10166.30915 13563.20315 14488.88088 11829.43482 16714.92451 5446.050352 10918.9326 18015.85043 7326.219619 6131.046943 11949.10218 9104.5371 8726.184708 8155.202793 8853.634909 0 5159.249147 0 6982.930866 0 2556.700006 4441.086023 5772.624209 3747.93474 5219.824499 5094.961447 2333.322947 1855.808835 882.7546576 889.3909973 1341.64598 880.1840597 241.0533029 757.5935144 564.4341908 0 690.1006091 154.5792527 0 0 0 0 0 0 0 0 0 0 0 0 0 0 0 0 0 0 0 0 0 0 0 0 0 0 0 0 0 0 0 0 0 0 0 0 0 0 0 0 0 0 0 0 0 0 0 0 0 0 0 0 0 0 0 0 0 0 0 0 0 0 0 0 0 0 0 0 0 0 0 0 0 0 0 0 0 0 0 0 0 0 0 0 0 0 0 0 0 
0 0 0 0 0 0 0 0 0 0 0 0 0 0 0 0 0 0 0 0 0 0 0 0 0 0 0 0 0 0 0 0 0 0 0 0 0 0 0 0 0 0 0 0 0 0 0 0 0 0 0 0 0 0 0 0 0 0 0 0 0 0 0 0 0 0 0 0 0 0 0 0 0 0 0 0 0 0 0 0 0 0 0 0 0 0 0 0 0 0 0 0 1588.571467 0 1724.406973 2088.706728 974.0498061 355.8531037 985.8049178 3920.368719 3371.094519 0 2524.459201 3351.942554 1396.660694 7006.031566 4278.534495 6067.59605 4953.87489 6734.076346 7325.427379 8429.174725 8842.410744 6028.503305 4703.441114 8154.7256 9324.64707 10108.47608 8184.746799 10251.67745 10976.70524 11215.26527 8236.208168 17224.1224 14569.88956 10259.54099 9681.684154 10053.68459 15226.98601 17165.67266 17168.04897 7197.743483 6300.883105 10358.03298 11991.21462 5789.921886 7878.148933 12117.59947 0 13162.19098 4950.373192 10317.65607 6810.693508 7447.323266 5428.956195 3891.54055 10023.04562 3441.786212 5897.085224 7041.941331 3243.37548 5565.300313 2962.949723 3598.780379 1279.862622 1351.558412 4846.302992 3761.153183 1387.203155 2774.516646 1632.927924 0 35.96478626 1040.948756 0 553.0085674 659.9715569 31.8546916 0 0 0 0 0 0 0 0 0 0 0 0 0 0 0 0 0 0 0 0 0 0 0 0 0 0 0 0 0 0 0 0 0 0 0 0 0 0 0 0 0 0 0 0 0 0 0 0 0 0 0 0 0 0 0 0 0 0 0 0 0 0 0 0 0 0 0 0 0 0 0 0 0 0 0 0 0 0 0 0 0 0 0 0 0 0 0 0 
0 0 0 0 0 0 0 0 0 0 0 0 0 0 0 0 0 0 0 0 0 0 0 0 0 0 0 0 0 0 0 0 0 0 0 0 0 0 0 0 0 0 0 0 0 0 0 0 0 0 0 0 0 0 0 0 0 0 0 0 0 0 0 0 0 0 0 0 0 0 0 0 0 0 0 0 0 0 0 0 0 0 0 0 0 0 0 0 0 0 0 1340.00614 0 0 2379.229621 1046.598176 0 400.9199682 3290.179433 3823.952852 1377.406192 4864.821901 0 4050.256707 3785.805106 5316.546221 0 5471.160179 6255.060816 7279.93193 8239.939667 6959.522165 6893.467909 11056.87218 10744.95363 0 12505.16224 11555.55773 6359.264895 8716.017087 11466.70873 9408.465629 6283.94205 10497.08938 11543.91166 12029.85874 14018.79794 11132.43072 0 6080.284546 6833.897563 16667.39943 7653.249797 7142.244949 12097.48762 9343.816614 13180.88289 9028.173761 10766.87034 10669.03355 0 7158.395998 3480.580711 7863.049778 7264.282906 9700.371145 3617.072669 4735.305249 5604.049799 3881.387321 6905.062082 4361.91801 2016.550535 4803.644277 3146.422379 1521.398667 2075.654645 0 2121.473372 1460.368739 0 1863.246867 892.6252493 0 480.8503272 787.499153 0 0 0 0 0 0 0 0 0 0 0 0 0 0 0 0 0 0 0 0 0 0 0 0 0 0 0 0 0 0 0 0 0 0 0 0 0 0 0 0 0 0 0 0 0 0 0 0 0 0 0 0 0 0 0 0 0 0 0 0 0 0 0 0 0 0 0 0 0 0 0 0 0 0 0 0 0 0 0 0 0 0 0 0 0 0 0 0 0 0 
0 0 0 0 0 0 0 0 0 0 0 0 0 0 0 0 0 0 0 0 0 0 0 0 0 0 0 0 0 0 0 0 0 0 0 0 0 0 0 0 0 0 0 0 0 0 0 0 0 0 0 0 0 0 0 0 0 0 0 0 0 0 0 0 0 0 0 0 0 0 0 0 0 0 0 0 0 0 0 0 0 0 0 0 0 0 0 0 0 0 0 692.5180461 1035.203795 784.1808739 0 1730.495468 924.0339937 192.2395122 3528.615209 3028.285288 660.2236292 3588.515021 4129.743487 4232.523708 4608.973215 5706.729207 6794.6964 5236.579489 4228.569242 6672.820255 6171.963986 7585.580111 5560.080786 8207.245941 8257.048666 4951.768463 7958.134807 0 14040.04919 4970.099294 13493.11697 20051.91011 11903.57026 9090.809236 13050.46427 8048.384864 7628.12165 14678.96815 15924.59197 7127.514582 14279.37762 5882.413723 12598.41956 12072.84005 7047.797224 14135.59272 6201.991591 0 12993.47238 10701.74156 0 8005.168513 5643.405579 9443.510206 8053.409341 7342.436359 4242.733079 0 4004.871437 2402.946587 5598.069254 0 7484.94192 0 2721.844923 3567.32242 1178.446838 3354.207214 2010.929238 2454.500509 1943.115055 1325.955522 659.0529522 758.6523054 0 0 132.409489 0 0 0 0 0 0 0 0 0 0 0 0 0 0 0 0 0 0 0 0 0 0 0 0 0 0 0 0 0 0 0 0 0 0 0 0 0 0 0 0 0 0 0 0 0 0 0 0 0 0 0 0 0 0 0 0 0 0 0 0 0 0 0 0 0 0 0 0 0 0 0 0 0 0 0 0 0 0 0 0 0 0 0 0 0 0 0 0 0 
0 0 0 0 0 0 0 0 0 0 0 0 0 0 0 0 0 0 0 0 0 0 0 0 0 0 0 0 0 0 0 0 0 0 0 0 0 0 0 0 0 0 0 0 0 0 0 0 0 0 0 0 0 0 0 0 0 0 0 0 0 0 0 0 0 0 0 0 0 0 0 0 0 0 0 0 0 0 0 0 0 0 0 0 0 0 0 0 0 0 1011.319005 36.23542688 1898.000507 132.2625598 1524.937791 0 3087.108313 1975.864864 3623.191341 3831.975464 3880.36891 1707.788014 4922.258943 4368.261425 4072.07378 1945.662817 3205.312264 9827.628507 10377.10474 5948.008642 9090.204761 3674.41648 14436.65895 10675.05345 8771.323533 8169.160314 5568.529712 9257.35764 10155.60696 6202.030945 0 11500.83615 9461.924735 5939.585427 10794.10367 9413.64849 12496.20798 12325.25595 12794.2832 15306.38078 12545.69685 11234.13039 10349.53465 11636.38734 4818.683522 13715.61507 6905.201537 8332.815165 7410.78552 8622.97679 6970.966611 5366.804392 7955.357351 3409.816417 3726.64496 4634.043653 5583.471984 3379.282919 4678.391058 3619.333128 5083.350077 4924.718916 2731.652915 3772.746304 5145.489448 3879.424731 1062.687424 2287.519978 664.7200438 381.8569398 1890.005024 1272.885118 561.5469785 619.3359855 0 675.808895 0 157.6366438 0 0 0 0 0 0 0 0 0 0 0 0 0 0 0 0 0 0 0 0 0 0 0 0 0 0 0 0 0 0 0 0 0 0 0 0 0 0 0 0 0 0 0 0 0 0 0 0 0 0 0 0 0 0 0 0 0 0 0 0 0 0 0 0 0 0 0 0 0 0 0 0 0 0 0 0 0 0 0 0 0 0 0 0 0 0 0 0 
0 0 0 0 0 0 0 0 0 0 0 0 0 0 0 0 0 0 0 0 0 0 0 0 0 0 0 0 0 0 0 0 0 0 0 0 0 0 0 0 0 0 0 0 0 0 0 0 0 0 0 0 0 0 0 0 0 0 0 0 0 0 0 0 0 0 0 0 0 0 0 0 0 0 0 0 0 0 0 0 0 0 0 0 0 0 0 0 0 0 0 0 1401.276802 227.5511663 26.32280881 551.314418 2134.597925 1488.811931 1772.56387 860.8563124 2897.100468 1702.510108 2257.360303 0 3409.267596 4200.421162 0 5928.414298 5210.30596 6224.375902 6071.964883 4929.688865 5943.392837 9820.185668 5856.379587 4609.013213 7535.120666 8799.047366 7451.622756 8287.689121 13380.09641 5928.84058 0 10602.65574 22877.98158 15121.43368 7594.431934 9212.81633 8343.939208 8098.937857 11830.80805 14893.16968 6502.4748 8054.839052 6810.818126 10240.38073 7105.820944 14869.14835 8687.00078 8552.343478 7266.007388 9180.02239 6949.406583 3850.718262 0 4890.85599 6839.712988 2658.364857 4274.147304 4378.827165 6582.045952 0 3296.938485 4351.634033 1808.497963 2324.259707 2056.762704 2973.057007 1650.847837 1466.657686 2630.548891 343.1984426 2315.904006 0 0 0 0 0 0 0 0 0 0 0 0 0 0 0 0 0 0 0 0 0 0 0 0 0 0 0 0 0 0 0 0 0 0 0 0 0 0 0 0 0 0 0 0 0 0 0 0 0 0 0 0 0 0 0 0 0 0 0 0 0 0 0 0 0 0 0 0 0 0 0 0 0 0 0 0 0 0 0 0 0 0 0 0 0 0 0 0 0 0 0 0 0 
0 0 0 0 0 0 0 0 0 0 0 0 0 0 0 0 0 0 0 0 0 0 0 0 0 0 0 0 0 0 0 0 0 0 0 0 0 0 0 0 0 0 0 0 0 0 0 0 0 0 0 0 0 0 0 0 0 0 0 0 0 0 0 0 0 0 0 0 0 0 0 0 0 0 0 0 0 0 0 0 0 0 0 0 0 0 0 0 0 71.30082222 0 0 785.7838434 1624.275717 1393.339295 0 1631.666526 1508.119742 330.6830945 0 5231.065202 0 2426.006766 0 0 3125.740658 2657.953716 7032.20686 5431.411901 0 0 8186.782367 6794.045873 6968.123161 9634.933395 13416.15495 12508.0063 0 9362.668398 9911.997515 7650.04185 6385.588088 6620.167916 7294.984106 7388.833867 10139.35386 11907.3244 8765.633582 8243.794225 0 9215.751027 14860.96722 13550.0923 0 6653.265533 0 0 0 0 10025.20559 7078.076309 6175.22568 11906.22636 8203.177092 3671.879315 5901.647394 4030.244052 0 3037.683054 4010.142185 5923.582658 4002.397553 0 2111.150058 0 0 870.4840651 2075.080322 0 858.4003593 0 0 0 556.2980379 0 0 0 0 0 0 0 0 0 0 0 0 0 0 0 0 0 0 0 0 0 0 0 0 0 0 0 0 0 0 0 0 0 0 0 0 0 0 0 0 0 0 0 0 0 0 0 0 0 0 0 0 0 0 0 0 0 0 0 0 0 0 0 0 0 0 0 0 0 0 0 0 0 0 0 0 0 0 0 0 0 0 0 0 0 0 0 0 0 0 0 0 
0 0 0 0 0 0 0 0 0 0 0 0 0 0 0 0 0 0 0 0 0 0 0 0 0 0 0 0 0 0 0 0 0 0 0 0 0 0 0 0 0 0 0 0 0 0 0 0 0 0 0 0 0 0 0 0 0 0 0 0 0 0 0 0 0 0 0 0 0 0 0 0 0 0 0 0 0 0 0 0 0 0 0 0 0 0 0 0 0 0 0 696.6487356 0 0 1084.227744 236.5117061 2048.845146 2107.746755 2573.386111 2323.679307 0 3577.405701 3203.667155 2000.608575 3044.817 0 0 0 5645.541352 4465.289235 0 5708.763905 5162.271083 0 0 6197.6248 5317.094614 6691.784868 7006.845561 7144.217461 11819.54684 13990.49749 0 14732.4024 8297.696354 10963.41134 9751.259443 11043.60879 12410.33564 7572.288598 0 8338.150994 5726.770679 11281.90173 11682.91031 0 7628.129699 6336.391503 7122.604405 0 8755.942996 4269.646327 0 9372.797042 7591.483344 2905.596763 0 5440.522978 0 3255.815648 3186.717653 0 3351.075356 1162.101178 0 0 0 2299.07184 133.046516 1454.938135 0 0 1127.369657 616.4575384 810.4192295 0 0 0 42.09739147 0 0 0 0 0 0 0 0 0 0 0 0 0 0 0 0 0 0 0 0 0 0 0 0 0 0 0 0 0 0 0 0 0 0 0 0 0 0 0 0 0 0 0 0 0 0 0 0 0 0 0 0 0 0 0 0 0 0 0 0 0 0 0 0 0 0 0 0 0 0 0 0 0 0 0 0 0 0 0 0 0 0 0 0 0 0 0 
0 0 0 0 0 0 0 0 0 0 0 0 0 0 0 0 0 0 0 0 0 0 0 0 0 0 0 0 0 0 0 0 0 0 0 0 0 0 0 0 0 0 0 0 0 0 0 0 0 0 0 0 0 0 0 0 0 0 0 0 0 0 0 0 0 0 0 0 0 0 0 0 0 0 0 0 0 0 0 0 0 0 0 0 0 0 0 0 0 0 0 527.6410966 0 0 0 1914.611318 0 2116.175824 0 0 4515.975882 0 2859.167222 0 0 3605.713483 3194.460382 4551.951496 4393.174022 4582.496099 0 0 0 5142.552193 0 6173.944019 7216.706239 5476.33857 7519.291565 5610.94701 13279.28305 8748.74514 0 8208.77155 0 9016.974026 8318.368528 8252.468114 7901.035415 0 12637.9013 8150.536629 6636.438545 7286.315138 6043.864886 7786.427622 6654.565535 0 7584.626526 6843.541395 5626.507426 5301.463361 5328.880396 0 0 0 0 2482.173038 3090.593997 3060.195705 0 2268.416452 3098.291175 0 2927.118479 0 0 1421.997159 2666.166496 1576.578215 0 0 0 0 0 0 0 0 0 0 0 0 0 0 0 0 0 0 0 0 0 0 0 0 0 0 0 0 0 0 0 0 0 0 0 0 0 0 0 0 0 0 0 0 0 0 0 0 0 0 0 0 0 0 0 0 0 0 0 0 0 0 0 0 0 0 0 0 0 0 0 0 0 0 0 0 0 0 0 0 0 0 0 0 0 0 0 0 0 0 0 0 0 0 0 0 
0 0 0 0 0 0 0 0 0 0 0 0 0 0 0 0 0 0 0 0 0 0 0 0 0 0 0 0 0 0 0 0 0 0 0 0 0 0 0 0 0 0 0 0 0 0 0 0 0 0 0 0 0 0 0 0 0 0 0 0 0 0 0 0 0 0 0 0 0 0 0 0 0 0 0 0 0 0 0 0 0 0 0 0 0 0 0 0 205.1743148 0 0 0 0 1233.061168 0 0 0 0 0 0 1248.21159 0 2389.8151 0 0 0 0 0 0 3354.935076 5890.064916 0 0 0 0 6687.261929 6623.96821 7324.337577 0 5559.82085 0 0 7754.039445 0 9538.001355 0 0 0 0 0 8181.665933 7999.52798 0 10642.8738 0 6601.288325 11619.39418 0 9041.934336 0 5301.444588 4746.399135 7827.045748 6246.274653 6682.185614 0 4471.910187 8161.773837 0 3294.135295 0 2165.135871 1837.837456 0 0 0 2959.032735 3224.048803 692.7322774 1155.042427 0 148.2358529 1010.021798 0 0 320.2101931 0 0 0 0 0 0 0 0 0 0 0 0 0 0 0 0 0 0 0 0 0 0 0 0 0 0 0 0 0 0 0 0 0 0 0 0 0 0 0 0 0 0 0 0 0 0 0 0 0 0 0 0 0 0 0 0 0 0 0 0 0 0 0 0 0 0 0 0 0 0 0 0 0 0 0 0 0 0 0 0 0 0 0 0 0 0 0 0 0 0 
0 0 0 0 0 0 0 0 0 0 0 0 0 0 0 0 0 0 0 0 0 0 0 0 0 0 0 0 0 0 0 0 0 0 0 0 0 0 0 0 0 0 0 0 0 0 0 0 0 0 0 0 0 0 0 0 0 0 0 0 0 0 0 0 0 0 0 0 0 0 0 0 0 0 0 0 0 0 0 0 0 0 0 0 0 0 0 0 0 0 0 0 0 0 0 0 1231.657144 0 0 1961.934818 2091.999191 0 0 0 2428.769249 4543.183195 2678.822205 0 4129.114567 3743.704794 0 0 6866.934677 0 0 0 0 6342.323072 0 0 6808.427474 0 0 0 9270.352238 0 9359.295776 13269.36846 0 13491.93518 9050.299214 0 0 0 0 0 6904.70624 10973.2472 0 6183.754808 0 5124.756935 6037.492201 5028.181623 0 7456.395053 3727.703288 4543.865352 3240.614746 3471.572493 4028.51465 0 1625.372652 0 1566.708805 0 0 0 0 1672.128871 0 0 697.8099812 0 0 0 0 0 0 0 0 0 0 0 0 0 0 0 0 0 0 0 0 0 0 0 0 0 0 0 0 0 0 0 0 0 0 0 0 0 0 0 0 0 0 0 0 0 0 0 0 0 0 0 0 0 0 0 0 0 0 0 0 0 0 0 0 0 0 0 0 0 0 0 0 0 0 0 0 0 0 0 0 0 0 0 0 0 0 0 0 0 0 0 0 0 
0 0 0 0 0 0 0 0 0 0 0 0 0 0 0 0 0 0 0 0 0 0 0 0 0 0 0 0 0 0 0 0 0 0 0 0 0 0 0 0 0 0 0 0 0 0 0 0 0 0 0 0 0 0 0 0 0 0 0 0 0 0 0 0 0 0 0 0 0 0 0 0 0 0 0 0 0 0 0 0 0 0 0 0 0 0 0 0 0 0 0 0 0 1849.780606 214.6036814 115.0555551 0 0 2082.095333 2329.322641 4051.789197 0 0 3752.170556 2728.783193 0 3787.324999 0 0 0 4895.424805 5253.414794 5195.284789 4604.667374 5822.25029 0 0 10867.53081 6918.493143 0 0 11346.08184 0 9373.521547 8897.02735 7943.549835 0 0 8200.416501 8902.408231 7825.152616 0 0 0 9691.486056 14888.89234 0 0 7132.888508 7860.740275 0 0 8147.519031 9652.787668 0 0 0 6451.11697 3820.095517 0 0 3342.803512 3758.520512 0 0 2029.084725 0 3453.320835 0 1981.20196 1558.554204 0 0 834.5606051 0 416.6522929 343.1092954 91.56934934 0 0 0 0 0 0 0 0 0 0 0 0 0 0 0 0 0 0 0 0 0 0 0 0 0 0 0 0 0 0 0 0 0 0 0 0 0 0 0 0 0 0 0 0 0 0 0 0 0 0 0 0 0 0 0 0 0 0 0 0 0 0 0 0 0 0 0 0 0 0 0 0 0 0 0 0 0 0 0 0 0 0 0 0 0 0 0 0 
0 0 0 0 0 0 0 0 0 0 0 0 0 0 0 0 0 0 0 0 0 0 0 0 0 0 0 0 0 0 0 0 0 0 0 0 0 0 0 0 0 0 0 0 0 0 0 0 0 0 0 0 0 0 0 0 0 0 0 0 0 0 0 0 0 0 0 0 0 0 0 0 0 0 0 0 0 0 0 0 0 0 0 0 0 0 0 0 0 12.92004746 0 0 496.0535242 0 0 2029.966495 1355.152548 0 2066.796467 2784.107598 3374.391924 0 1267.527144 5014.935371 0 4540.74304 5931.22912 8146.335986 0 0 6427.741804 7930.536733 0 6104.983843 7766.498578 9051.281987 7542.515276 5739.898513 11026.86869 7698.320102 0 0 11405.94279 7128.014922 8185.111337 9554.548802 12357.96934 18196.59701 12635.36851 9511.702934 0 14562.8905 13167.31177 7942.758016 8580.400734 12619.79417 11478.69422 0 0 6142.613111 6605.775994 13058.43583 0 0 9054.186945 0 4822.049239 5857.146899 5366.355968 5893.612768 4810.219147 0 3873.646506 5317.32272 1524.397237 2435.984996 0 0 197.1799252 0 0 1767.978555 89.47910457 0 0 0 354.7356238 0 0 0 0 0 0 0 0 0 0 0 0 0 0 0 0 0 0 0 0 0 0 0 0 0 0 0 0 0 0 0 0 0 0 0 0 0 0 0 0 0 0 0 0 0 0 0 0 0 0 0 0 0 0 0 0 0 0 0 0 0 0 0 0 0 0 0 0 0 0 0 0 0 0 0 0 0 0 0 0 0 0 0 0 0 0 0 0 0 
0 0 0 0 0 0 0 0 0 0 0 0 0 0 0 0 0 0 0 0 0 0 0 0 0 0 0 0 0 0 0 0 0 0 0 0 0 0 0 0 0 0 0 0 0 0 0 0 0 0 0 0 0 0 0 0 0 0 0 0 0 0 0 0 0 0 0 0 0 0 0 0 0 0 0 0 0 0 0 0 0 0 0 0 0 0 0 0 0 132.6594482 697.607545 0 0 837.5448477 947.6402945 1913.578189 786.8288438 2470.244235 1519.281406 2712.044947 1516.770577 4437.722577 3148.817492 0 3565.070679 6954.899382 2646.757039 6107.501049 3618.753224 0 5323.675085 7876.912167 8314.816907 13401.55132 7289.796473 7491.717759 9471.513098 11122.90789 10174.38699 7193.042106 8830.640552 9064.142416 8337.481497 7749.185247 0 12204.11739 8733.522744 8554.954763 15982.38182 12473.20247 15506.23335 9184.19804 17584.4116 0 7458.721398 0 9669.966824 14905.29757 6157.181977 0 7348.730563 15429.92737 7148.437282 3995.674324 0 0 0 9123.860427 3874.592623 4503.048236 6126.143393 4669.018854 2891.638957 4696.389526 2882.374964 3419.771337 0 0 3706.661665 0 0 2255.716865 0 0 20.29872072 0 374.960554 0 0 0 0 0 0 0 0 0 0 0 0 0 0 0 0 0 0 0 0 0 0 0 0 0 0 0 0 0 0 0 0 0 0 0 0 0 0 0 0 0 0 0 0 0 0 0 0 0 0 0 0 0 0 0 0 0 0 0 0 0 0 0 0 0 0 0 0 0 0 0 0 0 0 0 0 0 0 0 0 0 0 0 0 0 0 0 0 0 
0 0 0 0 0 0 0 0 0 0 0 0 0 0 0 0 0 0 0 0 0 0 0 0 0 0 0 0 0 0 0 0 0 0 0 0 0 0 0 0 0 0 0 0 0 0 0 0 0 0 0 0 0 0 0 0 0 0 0 0 0 0 0 0 0 0 0 0 0 0 0 0 0 0 0 0 0 0 0 0 0 0 0 0 0 0 0 28.63726898 0 0 0 0 1082.016355 0 29.21697495 813.1941544 2642.050343 3722.045576 0 4400.876768 4929.258504 4244.994924 6076.122841 4213.48122 0 5849.444497 6639.139741 3261.363759 8729.901424 0 11141.91418 6117.949752 5791.145682 4317.303414 4706.083302 14723.86704 12112.04232 13291.44291 6880.89518 7753.839755 11338.83191 13102.47724 11952.00849 8681.914312 20821.96861 17005.72863 16626.50334 14983.50385 18760.69496 12108.64931 12404.97414 13395.76546 7654.407616 8342.694894 0 8448.128081 6823.128201 7531.345463 7905.332108 6515.486917 9445.730915 5691.820869 11648.43898 6135.693271 5507.927638 6038.78947 4881.393483 0 7017.973548 2457.079948 4812.507786 0 0 5079.166336 1443.976459 3731.400343 3397.925377 926.0692653 2566.066598 626.306015 1561.7813 0 705.5242546 1541.607398 0 0 0 0 0 0 0 0 0 0 0 0 0 0 0 0 0 0 0 0 0 0 0 0 0 0 0 0 0 0 0 0 0 0 0 0 0 0 0 0 0 0 0 0 0 0 0 0 0 0 0 0 0 0 0 0 0 0 0 0 0 0 0 0 0 0 0 0 0 0 0 0 0 0 0 0 0 0 0 0 0 0 0 0 0 0 0 0 0 0 0 0 
0 0 0 0 0 0 0 0 0 0 0 0 0 0 0 0 0 0 0 0 0 0 0 0 0 0 0 0 0 0 0 0 0 0 0 0 0 0 0 0 0 0 0 0 0 0 0 0 0 0 0 0 0 0 0 0 0 0 0 0 0 0 0 0 0 0 0 0 0 0 0 0 0 0 0 0 0 0 0 0 0 0 0 0 0 0 0 0 0 0 0 730.8658596 136.9163815 41.03427768 2048.875521 2112.770994 3293.442588 310.8917567 2859.717124 1975.723058 4369.278651 2459.303993 5299.333476 6549.409693 3912.921291 4432.654181 4986.429951 7854.914246 4472.495702 5481.08327 3342.133527 7748.607461 7187.02103 7401.663051 10067.59075 10009.01796 6800.501599 0 9668.361091 7273.325942 15549.31574 13410.0232 13956.98473 0 18923.85683 9599.955757 9017.97513 9170.354936 12835.01616 8624.977995 11668.13404 0 14396.08448 0 16789.82369 16304.31812 17548.52607 9173.940346 6741.954558 12691.63991 0 7265.032416 9264.150836 8238.676911 7092.808849 5277.814169 5397.818623 7368.807656 7091.906225 2834.405725 7427.575495 4463.614811 2422.12048 2532.936768 0 2860.028286 4593.048336 3170.612403 2919.817858 1860.936257 1744.065971 1275.587757 0 1266.171871 0 278.1672892 0 0 0 0 0 0 0 0 0 0 0 0 0 0 0 0 0 0 0 0 0 0 0 0 0 0 0 0 0 0 0 0 0 0 0 0 0 0 0 0 0 0 0 0 0 0 0 0 0 0 0 0 0 0 0 0 0 0 0 0 0 0 0 0 0 0 0 0 0 0 0 0 0 0 0 0 0 0 0 0 0 0 0 0 0 0 0 0 0 0 
0 0 0 0 0 0 0 0 0 0 0 0 0 0 0 0 0 0 0 0 0 0 0 0 0 0 0 0 0 0 0 0 0 0 0 0 0 0 0 0 0 0 0 0 0 0 0 0 0 0 0 0 0 0 0 0 0 0 0 0 0 0 0 0 0 0 0 0 0 0 0 0 0 0 0 0 0 0 0 0 0 0 0 0 0 0 0 0 72.6400581 0 0 623.0942976 0 0 183.9392999 1145.161892 55.21658498 2901.838883 3042.080074 4490.549315 914.4460545 4466.079518 2880.417481 3300.885927 5230.959347 9912.882482 0 0 6455.400075 5868.707146 5008.016837 10008.25136 7174.162933 15491.74774 6989.129096 13171.10004 8329.509112 14593.85314 16688.6137 7469.719254 12085.0314 21142.97154 7810.658741 18825.20286 17762.85249 17402.21896 22679.07733 8950.415553 20575.42902 19096.99926 15198.59031 16960.09085 11863.96582 7318.717389 13419.40449 15305.37818 13604.52302 5741.348235 7805.539035 8536.239565 11048.67814 11039.62834 12696.52941 0 6963.050407 7688.313496 11498.16062 9881.345635 12200.94848 6777.283578 0 4112.554127 2246.631042 5162.887459 1771.758828 4075.187766 2989.982512 1551.005537 3643.810575 2299.131112 1171.573004 2218.416319 938.1086378 885.9345541 819.1046198 0 0 234.6834307 0 0 0 0 0 0 0 0 0 0 0 0 0 0 0 0 0 0 0 0 0 0 0 0 0 0 0 0 0 0 0 0 0 0 0 0 0 0 0 0 0 0 0 0 0 0 0 0 0 0 0 0 0 0 0 0 0 0 0 0 0 0 0 0 0 0 0 0 0 0 0 0 0 0 0 0 0 0 0 0 0 0 0 0 0 0 0 0 
0 0 0 0 0 0 0 0 0 0 0 0 0 0 0 0 0 0 0 0 0 0 0 0 0 0 0 0 0 0 0 0 0 0 0 0 0 0 0 0 0 0 0 0 0 0 0 0 0 0 0 0 0 0 0 0 0 0 0 0 0 0 0 0 0 0 0 0 0 0 0 0 0 0 0 0 0 0 0 0 0 0 0 0 0 0 0 0 0 253.424062 0 1174.054089 523.5274467 0 2090.656078 3140.47586 2137.007954 2050.434588 3260.774731 2465.185155 5167.36644 4625.004574 5736.281671 2645.401148 7239.461347 6628.289722 0 8099.411673 7222.870133 7907.682888 8820.971138 13116.08835 10397.368 13046.95812 5077.33131 6650.892228 15199.11889 12193.64802 11663.49614 8844.24527 14216.99468 20956.36847 18185.58273 16138.63492 9112.134504 22842.44148 11916.99757 16165.14502 23559.9036 12454.03057 19508.42271 21387.0096 17392.89085 7185.840409 12526.17842 0 13689.94764 18309.37538 12593.81942 7498.385583 10062.56451 12775.18586 13831.85779 12604.26583 8741.494155 7915.076091 11644.48266 8035.233418 10028.9536 6866.739634 6618.30595 6067.000026 4872.707811 4894.26983 6366.486234 4299.49287 4238.736868 4723.226594 2615.641703 796.9238213 2898.757522 1661.599452 1682.546923 1095.999275 384.2428301 0 502.0603201 0 0 0 0 0 0 0 0 0 0 0 0 0 0 0 0 0 0 0 0 0 0 0 0 0 0 0 0 0 0 0 0 0 0 0 0 0 0 0 0 0 0 0 0 0 0 0 0 0 0 0 0 0 0 0 0 0 0 0 0 0 0 0 0 0 0 0 0 0 0 0 0 0 0 0 0 0 0 0 0 0 0 0 0 0 0 0 0 0 
0 0 0 0 0 0 0 0 0 0 0 0 0 0 0 0 0 0 0 0 0 0 0 0 0 0 0 0 0 0 0 0 0 0 0 0 0 0 0 0 0 0 0 0 0 0 0 0 0 0 0 0 0 0 0 0 0 0 0 0 0 0 0 0 0 0 0 0 0 0 0 0 0 0 0 0 0 0 0 0 0 0 0 0 0 0 0 13.18515592 0 542.5290583 158.9369067 0 739.1006819 76.0497636 2867.922056 3745.25332 2030.838984 2862.370545 1732.52424 4571.985276 4759.23026 4398.123156 4425.119853 8481.590867 5611.065141 4592.641456 9858.913766 8689.124582 7837.100252 11384.48595 4449.401283 8348.790857 17652.0411 12543.11031 0 7653.863704 9781.098345 15378.89833 11857.23458 15340.77283 16852.66752 13965.90103 0 12684.52104 12958.57015 19159.09094 12730.27492 8668.054275 20217.13012 20381.44582 15339.98622 14198.34107 21350.63428 12566.25244 13435.03742 9100.9831 16257.87047 16220.45171 14946.57844 15876.69397 12812.1841 11476.40218 11013.39845 13335.51872 8166.120163 5072.374069 11839.76725 7998.283479 8884.444342 8064.350164 8455.562887 6827.950458 4397.142948 3718.22034 4539.156851 3473.758012 5633.699461 755.8385159 2665.700951 9.94617351 2810.565976 0 1474.151099 967.6273436 836.3311898 0 326.5390404 195.1362023 0 0 0 0 0 0 0 0 0 0 0 0 0 0 0 0 0 0 0 0 0 0 0 0 0 0 0 0 0 0 0 0 0 0 0 0 0 0 0 0 0 0 0 0 0 0 0 0 0 0 0 0 0 0 0 0 0 0 0 0 0 0 0 0 0 0 0 0 0 0 0 0 0 0 0 0 0 0 0 0 0 0 0 0 0 0 0 0 
0 0 0 0 0 0 0 0 0 0 0 0 0 0 0 0 0 0 0 0 0 0 0 0 0 0 0 0 0 0 0 0 0 0 0 0 0 0 0 0 0 0 0 0 0 0 0 0 0 0 0 0 0 0 0 0 0 0 0 0 0 0 0 0 0 0 0 0 0 0 0 0 0 0 0 0 0 0 0 0 0 0 0 0 0 0 0 0 0 223.1583647 0 877.2422061 741.8026367 0 1188.129674 2621.101087 417.9845986 1917.707146 3106.794644 3096.731478 5954.711452 3672.213784 5582.269405 1756.684743 7759.976236 6672.456511 5855.712725 10152.79726 6053.796477 5294.110014 7707.948928 8695.246003 10355.64675 9503.894892 14093.42656 8874.578129 15573.36738 14548.40574 13550.11105 12849.78047 10396.15388 18757.50089 25445.91853 12303.75472 22542.04146 19989.36747 9087.279961 20165.75826 8656.026752 20016.93677 23659.62761 7938.04614 7660.084239 0 16817.48706 14639.00449 10618.17351 15432.01612 15882.7159 9156.575972 10600.39249 6432.959435 0 11614.65458 4881.983719 15355.97713 9507.198326 5594.64464 6706.222924 6350.426378 9148.732843 5422.134182 6943.746153 5046.452014 4364.238191 4588.275222 3802.45449 3497.473838 2260.046473 2816.717252 3095.371098 1029.030785 1464.14543 1562.391182 982.3059997 370.2204615 537.0555976 0 34.19411851 0 0 0 0 0 0 0 0 0 0 0 0 0 0 0 0 0 0 0 0 0 0 0 0 0 0 0 0 0 0 0 0 0 0 0 0 0 0 0 0 0 0 0 0 0 0 0 0 0 0 0 0 0 0 0 0 0 0 0 0 0 0 0 0 0 0 0 0 0 0 0 0 0 0 0 0 0 0 0 0 0 0 0 0 0 0 0 
0 0 0 0 0 0 0 0 0 0 0 0 0 0 0 0 0 0 0 0 0 0 0 0 0 0 0 0 0 0 0 0 0 0 0 0 0 0 0 0 0 0 0 0 0 0 0 0 0 0 0 0 0 0 0 0 0 0 0 0 0 0 0 0 0 0 0 0 0 0 0 0 0 0 0 0 0 0 0 0 0 0 0 0 0 0 0 0 0 0 633.5748363 1022.648715 1901.026783 779.7275046 1794.429943 2218.221124 2268.883391 3447.872806 3801.076008 4701.618677 5112.626571 4621.366772 4325.588035 2932.055193 0 7826.467891 5828.29346 5235.940261 8606.535729 12464.44492 8726.122572 11119.72476 10878.18083 9372.701983 16446.22844 11953.99669 17911.47864 11996.62857 15679.01055 17090.75713 6679.764969 19878.96401 11992.1662 18740.19863 24265.54585 15940.47803 9045.358823 20489.3883 15924.64016 17816.73184 29965.20985 11958.07146 8733.047838 21195.06648 0 8591.071425 10872.2239 13103.66061 12389.26957 9806.400401 8431.346398 11068.27751 5081.121358 14874.74505 10699.10873 9936.306949 8725.859068 6096.834273 9003.894619 6228.670357 7454.112153 8086.190054 7530.567319 4277.433634 4490.172644 2245.764709 4618.397428 4338.817914 2517.976271 1581.871189 681.7397913 417.2060267 1337.267741 790.0652405 52.91256276 0 0 0 95.7132157 0 0 0 0 0 0 0 0 0 0 0 0 0 0 0 0 0 0 0 0 0 0 0 0 0 0 0 0 0 0 0 0 0 0 0 0 0 0 0 0 0 0 0 0 0 0 0 0 0 0 0 0 0 0 0 0 0 0 0 0 0 0 0 0 0 0 0 0 0 0 0 0 0 0 0 0 0 0 0 0 0 0 0 0 0 0 0 
0 0 0 0 0 0 0 0 0 0 0 0 0 0 0 0 0 0 0 0 0 0 0 0 0 0 0 0 0 0 0 0 0 0 0 0 0 0 0 0 0 0 0 0 0 0 0 0 0 0 0 0 0 0 0 0 0 0 0 0 0 0 0 0 0 0 0 0 0 0 0 0 0 0 0 0 0 0 0 0 0 0 0 0 0 0 0 0 141.7240526 0 1239.78891 390.6881743 0 1549.472713 1496.842078 1312.177307 2113.940038 3220.269237 3536.994483 4292.780274 1983.914023 3169.438426 4668.138297 5107.515575 12120.89706 7410.117582 5942.057442 6582.273752 11465.91082 6045.471065 9411.201056 9419.387666 8747.548506 13913.77246 10581.92756 13761.45112 9608.351138 18022.55452 15026.35944 18259.73805 18397.55141 24364.38379 0 22235.47321 26309.21029 24781.80055 17011.25216 8553.720424 18583.88926 22155.5324 17390.24108 25280.82534 12217.71336 21797.33688 12344.91189 17493.9434 11476.75224 9521.549073 17792.00939 15229.67499 8430.69352 11532.40724 15449.83127 9874.281565 10112.72415 11072.96614 11152.85043 6385.911458 12421.26487 5841.551049 7424.825927 6333.532429 3628.631722 3983.39251 7141.905916 4534.806943 3639.215172 1072.624813 1702.718388 2824.73859 343.4014872 2321.055365 1529.318166 773.2625761 820.9988071 852.3689997 0 0 0 0 0 0 0 0 0 0 0 0 0 0 0 0 0 0 0 0 0 0 0 0 0 0 0 0 0 0 0 0 0 0 0 0 0 0 0 0 0 0 0 0 0 0 0 0 0 0 0 0 0 0 0 0 0 0 0 0 0 0 0 0 0 0 0 0 0 0 0 0 0 0 0 0 0 0 0 0 0 0 0 0 0 0 0 0 0 0 
0 0 0 0 0 0 0 0 0 0 0 0 0 0 0 0 0 0 0 0 0 0 0 0 0 0 0 0 0 0 0 0 0 0 0 0 0 0 0 0 0 0 0 0 0 0 0 0 0 0 0 0 0 0 0 0 0 0 0 0 0 0 0 0 0 0 0 0 0 0 0 0 0 0 0 0 0 0 0 0 0 0 0 0 0 0 0 0 0 580.4335531 680.5646602 1331.859917 1363.125288 1771.810164 1295.396253 2293.12631 1144.337794 3317.654681 2991.03454 3816.767983 5123.453556 2805.283784 3180.996776 6524.439281 8240.49852 2362.132426 7985.124333 2627.879919 11927.59842 10600.99253 6132.775364 9367.832361 17137.26262 13140.61743 11348.42185 8603.024525 10494.70574 10133.2503 15474.11807 10453.4029 17603.26618 10723.47392 24709.24401 17177.52349 17554.64223 27559.25108 12888.27328 27021.23731 17950.72902 20167.99999 19466.39766 16292.96294 23988.10574 17450.85865 18089.49881 11225.08746 23537.80525 14852.37146 13978.5739 13416.9998 13257.74799 10914.43052 13812.7658 10435.13071 16813.87224 12656.4823 11798.08947 8883.131335 9808.541591 7571.307236 0 4701.670492 6088.392927 4717.823106 5633.858777 7724.135518 5831.129466 3224.844514 3082.281006 2704.160812 2555.474437 2511.256938 2180.37008 142.2588631 0 605.7890232 0 435.6571535 0 0 0 0 0 0 0 0 0 0 0 0 0 0 0 0 0 0 0 0 0 0 0 0 0 0 0 0 0 0 0 0 0 0 0 0 0 0 0 0 0 0 0 0 0 0 0 0 0 0 0 0 0 0 0 0 0 0 0 0 0 0 0 0 0 0 0 0 0 0 0 0 0 0 0 0 0 0 0 0 0 0 0 0 0 0 0 0 
0 0 0 0 0 0 0 0 0 0 0 0 0 0 0 0 0 0 0 0 0 0 0 0 0 0 0 0 0 0 0 0 0 0 0 0 0 0 0 0 0 0 0 0 0 0 0 0 0 0 0 0 0 0 0 0 0 0 0 0 0 0 0 0 0 0 0 0 0 0 0 0 0 0 0 0 0 0 0 0 0 0 0 0 0 0 0 0 0 293.3796814 422.2354131 820.1833168 1569.476045 852.2594974 2051.965222 2019.731129 4295.820895 3320.039312 2478.349386 2618.908864 1115.716241 4188.074639 1601.434196 6738.848266 9109.60353 6888.747436 5251.071214 9954.309865 9968.513158 13983.93709 14152.91773 8286.599921 8915.04047 9885.936577 11377.32654 14034.26739 14199.55917 12692.87368 21772.30892 19035.85323 6858.584135 9313.911082 18492.64558 13199.62985 19714.59263 19537.97416 15392.01497 18010.6723 18269.97494 20844.96223 24178.29157 15008.071 16484.3625 22493.07996 16700.27857 16797.20599 16274.83106 16049.37493 14634.25533 6058.840343 15573.25701 13055.79357 10585.50286 10453.48887 16047.35595 10373.54301 0 10007.09636 9894.325448 5984.415214 11388.08213 7563.638519 9167.445504 4489.113915 2235.59712 5615.637523 4395.922609 464.3999653 4525.730104 1405.798436 1004.111781 1808.467821 1622.087226 494.2089029 908.5679402 1004.762887 509.1053149 0 0 0 0 0 0 0 0 0 0 0 0 0 0 0 0 0 0 0 0 0 0 0 0 0 0 0 0 0 0 0 0 0 0 0 0 0 0 0 0 0 0 0 0 0 0 0 0 0 0 0 0 0 0 0 0 0 0 0 0 0 0 0 0 0 0 0 0 0 0 0 0 0 0 0 0 0 0 0 0 0 0 0 0 0 0 0 0 0 
0 0 0 0 0 0 0 0 0 0 0 0 0 0 0 0 0 0 0 0 0 0 0 0 0 0 0 0 0 0 0 0 0 0 0 0 0 0 0 0 0 0 0 0 0 0 0 0 0 0 0 0 0 0 0 0 0 0 0 0 0 0 0 0 0 0 0 0 0 0 0 0 0 0 0 0 0 0 0 0 0 0 0 0 0 0 0 0 95.16765717 100.2364244 283.4709338 1139.722109 881.2753542 1436.898916 1954.707189 1738.86681 2918.819633 4581.313948 3636.879917 3889.161069 3507.157519 3605.862104 3777.539781 5275.884852 4118.287996 6238.854271 7417.702876 7457.510621 10418.36306 9386.785541 12271.45394 7681.104338 8535.566843 15996.31494 17717.55266 17576.41213 12757.07194 18026.90783 22409.94611 6833.695513 15806.49709 16998.77439 13938.96825 17427.73209 20711.31598 22942.92744 17467.72012 25111.48432 15919.39804 23488.64947 16857.50563 20701.56278 14970.21136 16301.47291 15117.89361 17353.45304 14575.54266 9257.803392 18151.53709 6070.470269 12245.66335 15511.91203 10721.88336 5200.038694 9281.755248 14088.66894 6363.163592 8155.87163 5044.224364 7753.274701 6965.662149 5906.636499 3409.50085 4214.739988 6625.289973 5081.572914 4755.331997 5281.691495 2446.48026 2408.640623 2980.285682 1840.786611 585.3284856 1978.881742 535.0942136 710.297621 203.1274331 228.0159137 83.43553077 0 0 0 0 0 0 0 0 0 0 0 0 0 0 0 0 0 0 0 0 0 0 0 0 0 0 0 0 0 0 0 0 0 0 0 0 0 0 0 0 0 0 0 0 0 0 0 0 0 0 0 0 0 0 0 0 0 0 0 0 0 0 0 0 0 0 0 0 0 0 0 0 0 0 0 0 0 0 0 0 0 0 0 0 0 0 0 
0 0 0 0 0 0 0 0 0 0 0 0 0 0 0 0 0 0 0 0 0 0 0 0 0 0 0 0 0 0 0 0 0 0 0 0 0 0 0 0 0 0 0 0 0 0 0 0 0 0 0 0 0 0 0 0 0 0 0 0 0 0 0 0 0 0 0 0 0 0 0 0 0 0 0 0 0 0 0 0 0 0 0 0 0 0 0 0 0 0 838.3080673 884.7977441 1967.906165 680.3328674 945.2328262 1129.763178 3698.560638 2102.960707 3385.626826 3511.996096 4505.561907 6007.857585 6137.559403 3083.605612 3599.793612 7657.68833 10981.99558 9315.502792 10184.25013 11448.65958 6819.119206 12365.73847 12338.657 8398.640167 11159.63536 4894.148058 18331.50247 9899.67464 20213.23199 18749.12034 16333.14752 16523.11533 21074.85578 18304.96563 19038.87993 23598.53846 18318.47977 15920.69608 21701.53715 8989.192063 25006.04598 16662.12371 11971.04881 17084.18453 15114.80216 8401.117914 19313.5235 13767.97112 14000.80104 12995.90028 11930.91027 12697.98045 9368.743934 12802.2399 8438.949927 7148.14174 13829.41841 11018.85895 7949.652356 7058.906461 8562.266649 2817.232542 5560.364076 5472.10817 8317.024199 5525.711558 6578.727874 4077.793925 2902.023727 1638.170924 794.5422622 244.7067367 582.5284832 2113.914934 435.5712843 0 475.6183535 340.5905535 0 0 0 0 0 0 0 0 0 0 0 0 0 0 0 0 0 0 0 0 0 0 0 0 0 0 0 0 0 0 0 0 0 0 0 0 0 0 0 0 0 0 0 0 0 0 0 0 0 0 0 0 0 0 0 0 0 0 0 0 0 0 0 0 0 0 0 0 0 0 0 0 0 0 0 0 0 0 0 0 0 0 0 0 0 0 0 0 
0 0 0 0 0 0 0 0 0 0 0 0 0 0 0 0 0 0 0 0 0 0 0 0 0 0 0 0 0 0 0 0 0 0 0 0 0 0 0 0 0 0 0 0 0 0 0 0 0 0 0 0 0 0 0 0 0 0 0 0 0 0 0 0 0 0 0 0 0 0 0 0 0 0 0 0 0 0 0 0 0 0 0 0 0 0 0 44.75860483 269.1978339 356.5796652 429.6271489 1543.262898 1337.456222 2048.976352 2689.1972 434.6139187 2872.242679 1748.803892 5602.605704 3884.492811 3792.928136 3787.121364 0 1932.092001 9962.867477 8994.147566 5231.198192 9715.810219 12107.78734 6885.431807 6248.93565 11090.62718 8795.971162 10660.22125 14952.97314 12883.55908 7869.648488 14462.10286 14151.12963 21528.40926 19131.76969 24482.30898 20069.42782 13427.31827 18336.45262 24227.63241 20475.30656 25923.23484 24081.16321 25251.72206 19713.8804 12480.16373 23029.79358 14306.54606 17397.19047 23667.2883 14627.62092 11278.8501 15876.74175 8378.918755 12125.42854 10363.53873 9619.252857 9389.097421 15946.31231 9186.355321 12505.1652 6835.489325 8458.374658 8183.779482 6507.893964 7377.984979 6806.14742 0 4031.548468 2036.536675 4251.327147 5080.698529 3284.646863 1898.057 3150.928879 3033.755941 1857.978429 0 835.3149239 662.1400954 64.51190831 0 0 0 0 0 0 0 0 0 0 0 0 0 0 0 0 0 0 0 0 0 0 0 0 0 0 0 0 0 0 0 0 0 0 0 0 0 0 0 0 0 0 0 0 0 0 0 0 0 0 0 0 0 0 0 0 0 0 0 0 0 0 0 0 0 0 0 0 0 0 0 0 0 0 0 0 0 0 0 0 0 0 0 0 0 0 0 0 0 
0 0 0 0 0 0 0 0 0 0 0 0 0 0 0 0 0 0 0 0 0 0 0 0 0 0 0 0 0 0 0 0 0 0 0 0 0 0 0 0 0 0 0 0 0 0 0 0 0 0 0 0 0 0 0 0 0 0 0 0 0 0 0 0 0 0 0 0 0 0 0 0 0 0 0 0 0 0 0 0 0 0 0 0 0 0 0 0 117.5528392 564.7323062 0 1406.209602 163.1304575 1763.018144 2129.18618 2125.651474 2921.556639 3296.489227 3554.2857 3537.418097 7483.977105 3588.769452 5893.054018 2799.592305 9518.581027 6021.184336 9593.446567 6157.6654 5147.079842 11724.1551 14197.72291 9258.903829 14076.51677 13557.37931 16429.5738 12415.79166 18790.47359 13210.62781 19080.23431 11517.74322 20052.64989 14329.9804 18293.41076 18657.26526 15421.25334 24192.06505 9176.934097 18340.62823 20370.5538 24875.54273 18562.80296 11915.61923 21645.11376 18501.13318 22176.78447 14743.20749 13665.02243 14658.78265 16104.17064 8191.630049 7109.217109 15949.81858 15941.48318 9247.717334 7715.364978 12311.51805 9295.892161 8817.105492 10428.62325 7848.211021 4113.160868 5184.608532 7192.438346 3264.483689 6720.008051 6109.773119 3691.094628 4179.091691 4235.500118 2673.423772 1912.524987 2889.278065 1860.985865 624.1420365 1089.568678 225.6534198 567.9434193 0 0 0 0 0 0 0 0 0 0 0 0 0 0 0 0 0 0 0 0 0 0 0 0 0 0 0 0 0 0 0 0 0 0 0 0 0 0 0 0 0 0 0 0 0 0 0 0 0 0 0 0 0 0 0 0 0 0 0 0 0 0 0 0 0 0 0 0 0 0 0 0 0 0 0 0 0 0 0 0 0 0 0 0 0 0 0 0 0 
0 0 0 0 0 0 0 0 0 0 0 0 0 0 0 0 0 0 0 0 0 0 0 0 0 0 0 0 0 0 0 0 0 0 0 0 0 0 0 0 0 0 0 0 0 0 0 0 0 0 0 0 0 0 0 0 0 0 0 0 0 0 0 0 0 0 0 0 0 0 0 0 0 0 0 0 0 0 0 0 0 0 0 0 0 0 0 0 346.4883653 0 0 0 521.829995 1314.520834 2165.966533 2383.825244 1498.268122 4375.653938 4619.852425 2604.813865 5041.216009 4320.233392 4768.241955 4150.551655 6205.384954 9734.935651 8948.343861 11512.4513 7493.895149 11515.02922 7969.970853 9338.972862 11766.49678 4458.403354 13699.31059 17742.30322 15249.57697 15974.50463 17064.30638 21834.05031 14171.03729 15864.89066 18352.00521 13820.00161 19268.94228 29855.30587 23527.58072 22024.54622 25715.29474 21045.89923 17848.7695 15841.7694 8319.06765 17881.6235 17848.1663 16687.31672 11334.03812 14197.03475 11831.8012 14427.79559 19797.27245 8283.883646 13978.28794 7885.746414 10554.28682 11404.80075 10802.73004 12262.00726 12220.59059 11334.38109 8007.69853 10401.60677 3606.684564 8248.42861 4246.664716 4464.561182 5929.648472 2946.562065 2646.660244 4209.620806 2175.447426 1704.363248 1978.461583 1640.796478 1224.073714 430.0988271 469.2799579 0 0 0 0 0 0 0 0 0 0 0 0 0 0 0 0 0 0 0 0 0 0 0 0 0 0 0 0 0 0 0 0 0 0 0 0 0 0 0 0 0 0 0 0 0 0 0 0 0 0 0 0 0 0 0 0 0 0 0 0 0 0 0 0 0 0 0 0 0 0 0 0 0 0 0 0 0 0 0 0 0 0 0 0 0 0 0 0 0 
0 0 0 0 0 0 0 0 0 0 0 0 0 0 0 0 0 0 0 0 0 0 0 0 0 0 0 0 0 0 0 0 0 0 0 0 0 0 0 0 0 0 0 0 0 0 0 0 0 0 0 0 0 0 0 0 0 0 0 0 0 0 0 0 0 0 0 0 0 0 0 0 0 0 0 0 0 0 0 0 0 0 0 0 0 0 0 0 219.7945099 579.4434685 830.5891277 1698.260567 325.1576181 1909.28658 2308.900503 2533.563246 3020.958617 1548.282062 4767.824709 2433.599242 3171.3853 7245.289493 0 9319.919243 8184.673238 6286.455483 7258.275714 8011.953056 8791.879409 10994.26003 6272.05157 12906.9157 12444.35311 14204.31415 14098.52479 14837.14812 11621.15132 7742.636584 9799.475602 12689.50744 14945.94236 21750.40992 21096.55596 15286.64925 0 20697.70951 19346.03609 27167.67137 22047.92705 22244.04023 20614.81911 11527.0126 10776.48723 19157.3818 13756.48602 10978.16663 10626.35479 10000.35177 10343.39237 12172.55501 14303.43602 9599.295896 11645.97382 9475.455327 14416.28169 14132.78468 13845.97366 12626.00999 11710.47897 8281.17679 7414.498182 4140.323153 6338.209403 4950.31547 4487.802768 4978.075767 2479.556959 4296.193843 4939.21946 2686.584834 967.8387121 2696.570376 0 1514.811952 699.3438492 661.057138 235.0156866 37.52921779 0 0 0 0 0 0 0 0 0 0 0 0 0 0 0 0 0 0 0 0 0 0 0 0 0 0 0 0 0 0 0 0 0 0 0 0 0 0 0 0 0 0 0 0 0 0 0 0 0 0 0 0 0 0 0 0 0 0 0 0 0 0 0 0 0 0 0 0 0 0 0 0 0 0 0 0 0 0 0 0 0 0 0 0 0 0 0 0 
0 0 0 0 0 0 0 0 0 0 0 0 0 0 0 0 0 0 0 0 0 0 0 0 0 0 0 0 0 0 0 0 0 0 0 0 0 0 0 0 0 0 0 0 0 0 0 0 0 0 0 0 0 0 0 0 0 0 0 0 0 0 0 0 0 0 0 0 0 0 0 0 0 0 0 0 0 0 0 0 0 0 0 0 0 0 0 0 13.54507031 361.2683271 1343.945754 644.1521909 967.8741458 1672.222155 338.0036003 3227.93395 4214.354661 3480.158323 6831.002173 3585.797856 6658.735724 5176.43761 6105.022363 7165.408159 8580.334686 3773.376108 9444.704856 10969.41671 8869.449601 10627.08787 8698.2416 14850.59146 14343.53436 13584.51626 10339.95326 15163.7247 13797.43887 24765.35594 8290.940821 24961.00883 16671.73847 26314.88046 14999.08125 18936.25873 20645.38554 13440.62762 28340.70514 22328.38461 19084.56544 15857.5744 15127.53994 9218.163828 25484.12713 18711.54114 19856.75245 21556.38381 13481.3443 19108.06274 10887.10962 15991.27257 16892.15829 14018.6152 10250.47155 7762.474082 14866.36718 11108.11032 8636.545543 10734.66715 8586.237503 8393.020213 6521.435331 6065.209168 3449.371502 9144.437326 6117.306676 5478.182834 4033.379116 3660.224951 4670.321944 835.0264054 1642.438195 2249.311767 1291.267482 1548.600138 744.7647533 579.3596354 614.2726304 382.7522335 0 0 0 0 0 0 0 0 0 0 0 0 0 0 0 0 0 0 0 0 0 0 0 0 0 0 0 0 0 0 0 0 0 0 0 0 0 0 0 0 0 0 0 0 0 0 0 0 0 0 0 0 0 0 0 0 0 0 0 0 0 0 0 0 0 0 0 0 0 0 0 0 0 0 0 0 0 0 0 0 0 0 0 0 0 0 0 0 
0 0 0 0 0 0 0 0 0 0 0 0 0 0 0 0 0 0 0 0 0 0 0 0 0 0 0 0 0 0 0 0 0 0 0 0 0 0 0 0 0 0 0 0 0 0 0 0 0 0 0 0 0 0 0 0 0 0 0 0 0 0 0 0 0 0 0 0 0 0 0 0 0 0 0 0 0 0 0 0 0 0 0 0 0 0 0 0 163.9959563 451.9324537 0 0 950.6138754 2200.427888 1095.334424 2016.129944 3080.741751 2308.570532 3179.677298 5061.311143 6252.126883 4712.046019 3885.230022 5488.724825 12057.55801 7728.741688 6873.02357 6264.711168 11669.5228 12860.44406 5322.165456 9561.650788 10223.16119 10569.28161 10479.56308 14052.6814 13908.60945 18123.64692 17775.85187 19964.9624 12009.3612 12811.28894 9011.449516 18814.84091 21204.80588 19994.79468 20364.82816 26449.48446 22338.41604 21966.67459 21120.30663 25960.31204 24029.49954 21521.68625 13358.40302 13077.79431 16969.37186 16869.38101 12621.07758 19670.71227 15073.25524 17559.18977 14726.42191 9957.689827 8820.898592 5757.635886 6737.355181 9530.884549 3445.755488 9141.880082 5408.431202 5802.471206 5001.97668 6192.324754 4337.375839 6165.909982 3649.529731 3212.740435 3658.213872 2871.1764 2337.045817 2517.809343 1999.381051 2090.703605 1307.205063 534.7522144 0 228.5554179 0 0 0 0 0 0 0 0 0 0 0 0 0 0 0 0 0 0 0 0 0 0 0 0 0 0 0 0 0 0 0 0 0 0 0 0 0 0 0 0 0 0 0 0 0 0 0 0 0 0 0 0 0 0 0 0 0 0 0 0 0 0 0 0 0 0 0 0 0 0 0 0 0 0 0 0 0 0 0 0 0 0 0 0 0 0 0 0 
0 0 0 0 0 0 0 0 0 0 0 0 0 0 0 0 0 0 0 0 0 0 0 0 0 0 0 0 0 0 0 0 0 0 0 0 0 0 0 0 0 0 0 0 0 0 0 0 0 0 0 0 0 0 0 0 0 0 0 0 0 0 0 0 0 0 0 0 0 0 0 0 0 0 0 0 0 0 0 0 0 0 0 0 0 0 0 0 147.6143373 384.355652 297.0649124 1573.181854 0 105.1809284 1956.466008 1157.971715 1205.747284 1530.112217 4985.002092 4096.313239 4659.339344 3937.546233 2886.536973 8932.244382 4807.862345 5817.762812 5217.90025 10840.98954 8833.468019 3368.395941 11280.7792 8608.382535 15196.11675 7425.575771 15445.6447 18660.6521 15483.69221 15668.34227 15381.64572 18071.74962 18814.7536 14481.41589 7190.895603 18402.31479 22186.41094 18744.46586 19883.87035 15872.72584 17997.04839 22143.95531 24164.95436 25143.56066 14216.65313 11132.30891 13454.47414 7437.975481 15952.42466 13716.94544 16699.93891 17993.04288 11190.78458 11761.37968 12906.72766 16502.32561 12209.81906 11368.75734 10359.83206 8157.660292 6707.323912 8161.976201 6506.23361 8706.424646 8284.049518 9815.055719 4036.613724 5974.69797 4144.498839 3646.224092 3780.995206 1751.868234 1611.813476 1892.556087 1001.745797 842.6180456 0 668.4139637 482.8204714 343.1208991 0 0 0 0 0 0 0 0 0 0 0 0 0 0 0 0 0 0 0 0 0 0 0 0 0 0 0 0 0 0 0 0 0 0 0 0 0 0 0 0 0 0 0 0 0 0 0 0 0 0 0 0 0 0 0 0 0 0 0 0 0 0 0 0 0 0 0 0 0 0 0 0 0 0 0 0 0 0 0 0 0 0 0 0 0 0 0 0 
0 0 0 0 0 0 0 0 0 0 0 0 0 0 0 0 0 0 0 0 0 0 0 0 0 0 0 0 0 0 0 0 0 0 0 0 0 0 0 0 0 0 0 0 0 0 0 0 0 0 0 0 0 0 0 0 0 0 0 0 0 0 0 0 0 0 0 0 0 0 0 0 0 0 0 0 0 0 0 0 0 0 0 0 0 0 0 103.4704965 0 0 550.84451 520.2361607 0 980.9881509 1238.426173 0 1753.832135 2468.518005 2276.2701 1722.960878 3911.699234 3077.869666 5841.775293 7201.890206 6835.418439 5509.0839 9219.701845 7853.580167 8012.068164 10875.32087 11414.72551 6232.727145 12148.59356 13603.20743 16158.69239 18889.92292 18945.46825 18202.60698 10418.43461 17202.8694 23317.02219 17307.54495 23074.33764 15653.8586 11276.75276 27216.27705 19738.94321 22169.56199 20964.76562 19049.86463 11954.13531 17642.61415 26753.5422 15317.52799 19954.02093 23809.06946 18872.32564 12458.5082 12599.9193 15054.96615 14727.21603 19135.44072 11978.1274 4806.3322 13015.53123 13292.40842 10046.7896 7713.16649 8760.381855 8714.912758 7349.057379 2728.77134 6856.929426 6135.396617 6560.082479 5258.305447 4930.920379 6142.411353 3253.173897 3010.486142 1642.632004 1926.864487 2113.231935 1432.365546 0 0 425.6329905 95.42049137 0 0 0 0 0 0 0 0 0 0 0 0 0 0 0 0 0 0 0 0 0 0 0 0 0 0 0 0 0 0 0 0 0 0 0 0 0 0 0 0 0 0 0 0 0 0 0 0 0 0 0 0 0 0 0 0 0 0 0 0 0 0 0 0 0 0 0 0 0 0 0 0 0 0 0 0 0 0 0 0 0 0 0 0 0 0 0 0 
0 0 0 0 0 0 0 0 0 0 0 0 0 0 0 0 0 0 0 0 0 0 0 0 0 0 0 0 0 0 0 0 0 0 0 0 0 0 0 0 0 0 0 0 0 0 0 0 0 0 0 0 0 0 0 0 0 0 0 0 0 0 0 0 0 0 0 0 0 0 0 0 0 0 0 0 0 0 0 0 0 0 0 0 0 0 0 0 0 439.3745442 848.8852114 261.5870649 0 0 1695.935064 1744.794751 66.34911003 3182.198296 2435.949025 5034.008535 1565.419169 3927.514341 6679.056426 5376.171646 4544.23361 10520.86877 8285.656682 6412.084713 5127.225199 12082.14794 11184.69344 7892.604766 6137.664264 15979.67259 12561.32867 11352.69356 14598.86197 9888.008905 18837.67641 15815.2921 16137.97907 23230.34569 11331.09268 8669.263475 15145.49451 26790.62673 21883.7176 17363.8392 30616.72583 22100.80843 14732.60978 23643.74802 23119.44904 0 13214.67961 14975.71595 10572.10988 19485.59311 10835.88505 11998.64212 11138.00481 8195.306092 11719.80916 11135.72785 11901.89661 9377.668914 8509.473815 9507.103905 9938.944177 9862.595483 11365.78603 9265.695504 2557.690424 2320.717536 6520.982167 2368.40378 4544.527834 1681.669278 1938.838078 2268.237374 1836.735081 191.0088808 1463.874789 1716.995484 0 1262.387094 123.9212903 22.87124015 0 0 0 0 0 0 0 0 0 0 0 0 0 0 0 0 0 0 0 0 0 0 0 0 0 0 0 0 0 0 0 0 0 0 0 0 0 0 0 0 0 0 0 0 0 0 0 0 0 0 0 0 0 0 0 0 0 0 0 0 0 0 0 0 0 0 0 0 0 0 0 0 0 0 0 0 0 0 0 0 0 0 0 0 0 0 0 0 
0 0 0 0 0 0 0 0 0 0 0 0 0 0 0 0 0 0 0 0 0 0 0 0 0 0 0 0 0 0 0 0 0 0 0 0 0 0 0 0 0 0 0 0 0 0 0 0 0 0 0 0 0 0 0 0 0 0 0 0 0 0 0 0 0 0 0 0 0 0 0 0 0 0 0 0 0 0 0 0 0 0 0 0 0 0 0 0 0 189.9393361 740.850571 511.4122159 805.052184 626.4284655 1349.442578 2517.654648 1567.832193 3636.233068 4129.471794 4316.176904 6174.865413 4116.684185 7893.299508 4361.210781 8130.214303 7397.980762 8048.805917 5686.040344 6429.48092 8664.334593 8283.955568 8140.904845 12760.13475 8834.994542 5000.771465 12691.15735 9575.608111 11380.92375 13714.73597 7050.818132 12812.37468 15122.37248 24179.19472 23819.60985 19132.1147 14864.82964 15756.59167 19405.47604 12979.08456 15679.97508 7933.317863 16980.34959 12407.06876 22990.14236 20292.6974 15800.73551 19193.6889 18321.49578 12564.27007 6383.168356 10364.67826 13466.44948 10420.83236 13251.13185 6486.173784 11980.43536 8584.34084 9711.966543 7204.809344 6769.27164 2215.723337 5911.779838 7120.559252 5033.173884 6045.464636 5091.594514 4436.506725 1984.963391 4858.108257 1656.231736 1174.443057 2272.224673 1482.98065 776.8813431 652.3623701 669.5120021 262.9074357 0 0 0 0 0 0 0 0 0 0 0 0 0 0 0 0 0 0 0 0 0 0 0 0 0 0 0 0 0 0 0 0 0 0 0 0 0 0 0 0 0 0 0 0 0 0 0 0 0 0 0 0 0 0 0 0 0 0 0 0 0 0 0 0 0 0 0 0 0 0 0 0 0 0 0 0 0 0 0 0 0 0 0 0 0 0 0 0 0 
0 0 0 0 0 0 0 0 0 0 0 0 0 0 0 0 0 0 0 0 0 0 0 0 0 0 0 0 0 0 0 0 0 0 0 0 0 0 0 0 0 0 0 0 0 0 0 0 0 0 0 0 0 0 0 0 0 0 0 0 0 0 0 0 0 0 0 0 0 0 0 0 0 0 0 0 0 0 0 0 0 0 0 0 0 0 0 0 0 358.0247254 685.7560657 0 0 1449.521198 1408.193589 0 262.3639616 1618.846639 2888.167574 2603.73475 4866.49315 5451.722968 5835.657259 6877.959324 2603.79554 9009.912487 6853.714261 8234.818232 9883.105919 8335.150622 6145.465225 6380.127879 9413.913919 6736.527495 5323.711228 11800.70254 9569.947985 6897.518575 15338.09846 0 10634.79287 17364.64939 0 9255.257053 16040.76519 18712.14634 11954.31904 20463.08876 25102.83311 8602.917715 21594.40823 12294.4572 14276.74061 19715.91057 17935.30819 17027.15572 14290.47217 12930.23223 15803.49417 11465.99148 7767.186504 6578.908329 11572.48375 6738.272132 13769.81315 4895.006625 7014.185174 5983.340204 8902.91739 7013.235684 4855.677302 5098.954558 4709.540538 5401.04251 2288.917818 5918.326011 4085.229999 2642.350628 3722.701871 2560.074666 2289.440063 720.7841276 1759.665322 1301.666673 0 0 0 0 0 0 0 0 0 0 0 0 0 0 0 0 0 0 0 0 0 0 0 0 0 0 0 0 0 0 0 0 0 0 0 0 0 0 0 0 0 0 0 0 0 0 0 0 0 0 0 0 0 0 0 0 0 0 0 0 0 0 0 0 0 0 0 0 0 0 0 0 0 0 0 0 0 0 0 0 0 0 0 0 0 0 0 0 0 0 0 0 
0 0 0 0 0 0 0 0 0 0 0 0 0 0 0 0 0 0 0 0 0 0 0 0 0 0 0 0 0 0 0 0 0 0 0 0 0 0 0 0 0 0 0 0 0 0 0 0 0 0 0 0 0 0 0 0 0 0 0 0 0 0 0 0 0 0 0 0 0 0 0 0 0 0 0 0 0 0 0 0 0 0 0 0 0 0 0 0 0 326.273447 0 0 966.6564278 0 404.5786139 152.4271771 394.6470492 3219.939127 4029.13345 4793.147954 4716.260511 5540.767168 2746.447241 7326.861537 4422.557538 8414.581872 6340.470541 3642.052374 8390.046271 6345.169941 7229.303972 9783.654324 0 0 6895.230359 14143.0367 7901.827542 7709.375012 10684.94796 6089.553549 14994.44928 13062.60889 17857.26586 20982.0276 9257.67841 0 8920.297727 9451.410726 15270.97339 8571.963202 19933.47376 15373.78137 14736.77387 10143.57386 7235.273813 15368.46296 15967.44261 6545.360716 13101.32476 0 11903.68638 11472.67218 5955.861571 11784.44904 0 6949.330245 0 8277.556469 5713.737522 6362.574709 6827.690091 6762.75713 2979.915686 4747.591977 1402.060973 4012.822316 2180.796193 5400.516238 779.3373321 358.6702902 162.1109812 1848.444615 0 464.5371696 1108.064145 159.7974039 254.0529277 0 0 0 0 0 0 0 0 0 0 0 0 0 0 0 0 0 0 0 0 0 0 0 0 0 0 0 0 0 0 0 0 0 0 0 0 0 0 0 0 0 0 0 0 0 0 0 0 0 0 0 0 0 0 0 0 0 0 0 0 0 0 0 0 0 0 0 0 0 0 0 0 0 0 0 0 0 0 0 0 0 0 0 0 0 0 0 0 0 
0 0 0 0 0 0 0 0 0 0 0 0 0 0 0 0 0 0 0 0 0 0 0 0 0 0 0 0 0 0 0 0 0 0 0 0 0 0 0 0 0 0 0 0 0 0 0 0 0 0 0 0 0 0 0 0 0 0 0 0 0 0 0 0 0 0 0 0 0 0 0 0 0 0 0 0 0 0 0 0 0 0 0 0 0 0 0 0 0 0 0 753.0942777 28.17214834 1120.875481 1741.807138 2127.779571 1240.32119 3005.944517 2987.941627 2490.610699 4589.629677 3278.170199 4465.22723 3678.692164 5082.73882 0 7722.552232 5203.650306 7043.398422 5891.417111 11590.42758 9611.066801 8758.211432 8095.501672 5657.065621 10236.62304 15720.70705 5340.847862 9947.161649 8894.916862 6082.840399 11034.858 8933.247448 18280.23898 0 12053.28783 8250.35476 8530.228245 19635.08998 0 18792.54754 8146.486177 15399.53926 14042.72385 10926.49021 14218.94961 5962.053237 10460.63047 10691.46163 12429.46511 7398.834135 8069.781772 13199.26985 8312.258898 4518.859378 8030.330521 4903.059413 7728.74923 4475.50662 4002.126839 3600.820613 4102.106829 1406.702589 2736.92145 5119.903107 3947.74569 1648.623588 2808.63489 2844.538543 2001.821691 1484.814704 0 1482.973471 1022.435323 0 273.0404975 188.6320051 0 0 0 0 0 0 0 0 0 0 0 0 0 0 0 0 0 0 0 0 0 0 0 0 0 0 0 0 0 0 0 0 0 0 0 0 0 0 0 0 0 0 0 0 0 0 0 0 0 0 0 0 0 0 0 0 0 0 0 0 0 0 0 0 0 0 0 0 0 0 0 0 0 0 0 0 0 0 0 0 0 0 0 0 0 0 0 0 0 
0 0 0 0 0 0 0 0 0 0 0 0 0 0 0 0 0 0 0 0 0 0 0 0 0 0 0 0 0 0 0 0 0 0 0 0 0 0 0 0 0 0 0 0 0 0 0 0 0 0 0 0 0 0 0 0 0 0 0 0 0 0 0 0 0 0 0 0 0 0 0 0 0 0 0 0 0 0 0 0 0 0 0 0 0 0 0 0 0 149.6446205 0 751.7586119 948.1289927 1243.447622 0 1248.81 0 3476.30112 2630.169188 1900.026721 4174.058943 2558.598258 1457.744519 2573.68111 4492.432289 7371.075676 3790.453331 5063.734898 9104.731236 6842.27337 5109.698373 5287.831387 6936.629187 0 4920.899257 8225.563042 11167.91582 9398.300594 16992.46736 10691.62892 7518.409036 7462.331355 9861.29057 11871.17769 7405.694162 17318.70992 17937.33037 13108.62085 11564.51684 12948.67483 12539.77186 13282.28158 13829.36573 0 8499.456593 13967.45077 13518.33428 8784.416781 11669.4579 7031.992576 10652.32025 10604.20233 11704.17656 6788.385368 7799.092465 11588.15375 0 0 9914.643779 3459.17503 7015.978009 3797.904911 6167.729906 5767.102732 2652.993837 2083.409485 3970.607386 1957.699688 2638.423446 2956.785587 1869.427947 2008.29619 0 0 0 0 58.74179845 0 0 0 0 0 0 0 0 0 0 0 0 0 0 0 0 0 0 0 0 0 0 0 0 0 0 0 0 0 0 0 0 0 0 0 0 0 0 0 0 0 0 0 0 0 0 0 0 0 0 0 0 0 0 0 0 0 0 0 0 0 0 0 0 0 0 0 0 0 0 0 0 0 0 0 0 0 0 0 0 0 0 0 0 0 0 0 0 0 
0 0 0 0 0 0 0 0 0 0 0 0 0 0 0 0 0 0 0 0 0 0 0 0 0 0 0 0 0 0 0 0 0 0 0 0 0 0 0 0 0 0 0 0 0 0 0 0 0 0 0 0 0 0 0 0 0 0 0 0 0 0 0 0 0 0 0 0 0 0 0 0 0 0 0 0 0 0 0 0 0 0 0 0 0 0 0 0 0 251.9144788 372.9542322 692.5515526 0 1139.13753 1135.626249 1166.267193 0 2589.248826 548.9650018 0 5233.225554 4340.323354 2858.848322 4449.252304 5548.259225 3302.029919 6239.860673 3796.754748 3724.80571 6645.050344 0 12623.51391 0 5497.907299 8612.801955 9476.547624 10854.94197 13690.6195 7818.715503 6902.485507 11862.58624 16509.36445 11925.1467 17116.16073 16514.29988 12352.23423 9232.862697 17887.75547 8176.221058 12888.52445 17137.22054 15226.87192 10154.79666 12195.20549 14549.6116 7351.004041 8475.675694 11214.47039 7660.816829 13231.85984 8990.210768 12102.0224 11201.52042 4201.869538 7953.603308 11434.90897 5355.500644 6284.180202 7301.608913 4904.152403 5599.126833 1597.470244 6636.694626 3480.420794 5741.673334 3857.329297 2819.055483 2886.738282 1496.808666 589.1187606 1212.060192 1927.865714 810.4700971 611.9775734 0 225.6217768 0 160.4725929 0 0 0 0 0 0 0 0 0 0 0 0 0 0 0 0 0 0 0 0 0 0 0 0 0 0 0 0 0 0 0 0 0 0 0 0 0 0 0 0 0 0 0 0 0 0 0 0 0 0 0 0 0 0 0 0 0 0 0 0 0 0 0 0 0 0 0 0 0 0 0 0 0 0 0 0 0 0 0 0 0 0 0 0 0 0 0 0 
0 0 0 0 0 0 0 0 0 0 0 0 0 0 0 0 0 0 0 0 0 0 0 0 0 0 0 0 0 0 0 0 0 0 0 0 0 0 0 0 0 0 0 0 0 0 0 0 0 0 0 0 0 0 0 0 0 0 0 0 0 0 0 0 0 0 0 0 0 0 0 0 0 0 0 0 0 0 0 0 0 0 0 0 0 0 0 0 272.369251 0 604.3424027 468.7473002 1165.069442 2116.367394 1852.667086 2440.214365 1213.857552 3788.964371 3278.54274 4557.663837 1051.18854 3318.878942 4724.537202 4664.285879 2463.002131 8101.730465 8608.554803 0 4346.203364 6468.850136 5030.907593 8734.620779 6634.113922 6647.908585 12701.05355 9792.664312 11637.67641 5952.949125 13059.30928 14220.03136 14835.10686 8232.157839 8431.722441 9782.720674 8821.721421 16950.48267 22859.15651 11001.56095 8549.798217 16208.17934 16445.63624 11752.74509 7080.157654 11772.53181 11100.8618 9278.099341 12687.55705 15187.51127 9548.965945 13669.75009 0 10563.68693 7749.568017 6468.363488 0 5383.803439 11157.95035 6943.040695 3780.477462 3153.539915 4873.837575 6833.065644 4293.155555 2759.560127 4690.076908 1577.5626 1868.232736 2515.607756 687.2494455 872.2118138 950.139612 773.6294773 0 39.96241188 928.0875248 0 0 24.92067647 0 0 0 0 0 0 0 0 0 0 0 0 0 0 0 0 0 0 0 0 0 0 0 0 0 0 0 0 0 0 0 0 0 0 0 0 0 0 0 0 0 0 0 0 0 0 0 0 0 0 0 0 0 0 0 0 0 0 0 0 0 0 0 0 0 0 0 0 0 0 0 0 0 0 0 0 0 0 0 0 0 0 0 0 0 0 0 0 
0 0 0 0 0 0 0 0 0 0 0 0 0 0 0 0 0 0 0 0 0 0 0 0 0 0 0 0 0 0 0 0 0 0 0 0 0 0 0 0 0 0 0 0 0 0 0 0 0 0 0 0 0 0 0 0 0 0 0 0 0 0 0 0 0 0 0 0 0 0 0 0 0 0 0 0 0 0 0 0 0 0 0 0 0 0 0 0 11.63939721 328.6008157 270.626949 0 1090.321831 1049.066934 1344.787864 1988.81217 1574.028273 0 2050.564159 2209.551894 5014.104022 2599.091405 3153.72274 2435.721036 6499.32682 8450.128531 0 5455.613182 3034.638488 4206.406052 11036.20275 5202.494871 6429.486312 4691.732139 9231.143819 10065.74662 8657.883087 8618.115497 15064.80994 12538.08947 9791.14932 8501.077796 10804.0853 15684.33591 13927.61736 11104.67775 16355.08834 11919.77457 14402.86785 11583.01018 20633.69608 11844.28688 14610.9786 10511.10117 13132.68642 11298.11874 9965.198276 7360.039805 11058.17133 9543.171153 11083.27465 6552.408414 10931.32528 10058.83947 5508.196339 10454.48306 9812.838238 8961.897351 8809.978091 7221.042498 3825.631635 3644.399043 5527.505805 4732.616528 0 4824.380689 2286.896563 4139.538274 1650.90033 1571.717181 1498.189701 147.1459186 1421.41721 714.1360472 0 615.1292648 462.8230134 67.32410399 0 0 0 0 0 0 0 0 0 0 0 0 0 0 0 0 0 0 0 0 0 0 0 0 0 0 0 0 0 0 0 0 0 0 0 0 0 0 0 0 0 0 0 0 0 0 0 0 0 0 0 0 0 0 0 0 0 0 0 0 0 0 0 0 0 0 0 0 0 0 0 0 0 0 0 0 0 0 0 0 0 0 0 0 0 0 0 0 
0 0 0 0 0 0 0 0 0 0 0 0 0 0 0 0 0 0 0 0 0 0 0 0 0 0 0 0 0 0 0 0 0 0 0 0 0 0 0 0 0 0 0 0 0 0 0 0 0 0 0 0 0 0 0 0 0 0 0 0 0 0 0 0 0 0 0 0 0 0 0 0 0 0 0 0 0 0 0 0 0 0 0 0 0 0 0 0 0 124.2201641 0 0 764.159268 707.9154149 1653.401877 1341.76238 0 3882.443864 2978.749987 3065.374126 5538.796296 1130.620594 5193.363765 6236.56518 3375.161744 2314.167118 8872.090218 7407.480317 3690.511927 9065.90047 7049.357488 8909.809447 0 12563.47175 7626.60428 11838.17931 0 14803.75905 0 13769.46882 6051.043291 8557.783412 0 19758.61442 16407.68858 7934.384623 7801.221961 12134.49492 0 14631.42665 10820.79369 14028.18506 13519.27673 11181.56414 6781.777139 11324.58215 8713.249087 12647.59947 13438.50282 14144.26393 6370.268496 6195.791965 7722.064006 8064.354764 8498.809593 12038.39386 9754.398127 6884.295397 9079.466006 5573.781437 3603.877997 7818.412221 3816.304149 3208.596077 2370.280248 1771.374023 3512.564447 2949.255984 2371.733039 2536.195992 2547.962213 1121.48387 438.0325004 0 0 535.5193032 0 0 0 0 0 0 0 0 0 0 0 0 0 0 0 0 0 0 0 0 0 0 0 0 0 0 0 0 0 0 0 0 0 0 0 0 0 0 0 0 0 0 0 0 0 0 0 0 0 0 0 0 0 0 0 0 0 0 0 0 0 0 0 0 0 0 0 0 0 0 0 0 0 0 0 0 0 0 0 0 0 0 0 0 0 0 0 0 0 0 
0 0 0 0 0 0 0 0 0 0 0 0 0 0 0 0 0 0 0 0 0 0 0 0 0 0 0 0 0 0 0 0 0 0 0 0 0 0 0 0 0 0 0 0 0 0 0 0 0 0 0 0 0 0 0 0 0 0 0 0 0 0 0 0 0 0 0 0 0 0 0 0 0 0 0 0 0 0 0 0 0 0 0 0 0 0 0 0 0 281.065915 234.3845758 0 653.7029552 1366.433265 1458.119634 1189.000451 269.6518355 3830.678681 3643.032704 0 4426.780508 1330.075684 3576.995632 3765.8422 5488.440242 0 6081.858758 0 6908.620506 2963.530058 9258.143005 8628.883483 7655.927578 10409.0941 5069.740654 4547.026798 9401.890979 10434.3742 14469.63124 0 10246.75288 8806.276026 6741.532485 16593.88626 17168.59589 8560.793105 17921.57549 14353.75859 15747.26803 8984.453376 14717.34647 18892.52238 6426.181965 6377.383371 9586.48042 8486.173811 12625.85087 9899.357916 11273.31412 11123.76482 8641.235572 9833.247479 7798.218097 0 5469.961234 0 6794.26044 0 4934.186082 3671.875949 3926.821603 1792.777284 3917.509513 4344.637527 0 2283.675644 1362.80375 2994.532695 1116.386614 3160.714594 1074.796652 2389.827802 1450.512671 1152.110731 564.7130051 324.4970031 0 121.1407257 0 0 0 0 0 0 0 0 0 0 0 0 0 0 0 0 0 0 0 0 0 0 0 0 0 0 0 0 0 0 0 0 0 0 0 0 0 0 0 0 0 0 0 0 0 0 0 0 0 0 0 0 0 0 0 0 0 0 0 0 0 0 0 0 0 0 0 0 0 0 0 0 0 0 0 0 0 0 0 0 0 0 0 0 0 0 0 0 
0 0 0 0 0 0 0 0 0 0 0 0 0 0 0 0 0 0 0 0 0 0 0 0 0 0 0 0 0 0 0 0 0 0 0 0 0 0 0 0 0 0 0 0 0 0 0 0 0 0 0 0 0 0 0 0 0 0 0 0 0 0 0 0 0 0 0 0 0 0 0 0 0 0 0 0 0 0 0 0 0 0 0 0 0 0 0 0 0 0 0 294.2477983 282.7955022 0 1996.642753 1243.45828 2228.708652 3097.408928 3383.481363 2224.46475 4010.092557 0 3184.605098 5157.082183 6656.698307 0 2550.161557 0 4313.307986 4349.56499 3315.124191 9941.877287 12028.80861 11676.23401 5919.253815 5980.953483 13800.9245 7995.514204 8356.600104 9942.389928 10463.08044 5739.08855 20337.46102 14485.01771 0 11139.82947 16664.11311 16191.83254 14103.28317 0 11951.51847 0 10742.26387 9861.796382 0 10831.25412 12030.42445 16313.86846 0 5986.204966 0 10712.2775 5217.361419 6838.905161 3347.4505 0 6762.458165 2682.461528 5396.781986 0 0 0 4083.120843 4454.468904 3106.06714 2281.069297 2782.563531 1827.229882 1092.183125 1823.272963 0 0 1460.333591 1537.008476 0 0 0 0 0 0 0 0 0 0 0 0 0 0 0 0 0 0 0 0 0 0 0 0 0 0 0 0 0 0 0 0 0 0 0 0 0 0 0 0 0 0 0 0 0 0 0 0 0 0 0 0 0 0 0 0 0 0 0 0 0 0 0 0 0 0 0 0 0 0 0 0 0 0 0 0 0 0 0 0 0 0 0 0 0 0 0 0 0 0 0 0 
0 0 0 0 0 0 0 0 0 0 0 0 0 0 0 0 0 0 0 0 0 0 0 0 0 0 0 0 0 0 0 0 0 0 0 0 0 0 0 0 0 0 0 0 0 0 0 0 0 0 0 0 0 0 0 0 0 0 0 0 0 0 0 0 0 0 0 0 0 0 0 0 0 0 0 0 0 0 0 0 0 0 0 0 0 0 0 0 0 472.3652101 0 667.0548779 0 1081.068245 0 1694.386666 0 2159.365406 0 2913.670209 0 3250.289502 5245.194701 0 2484.171355 7750.924971 3751.010354 0 0 0 0 4181.926422 4467.371106 7497.385687 7510.744609 0 9550.672353 5928.862913 6704.335134 6955.882314 9521.184895 11301.73311 12400.78094 7237.578028 0 13292.37424 7102.609601 16244.90199 0 7978.477714 7457.423021 8197.013798 14879.8374 0 10361.36106 0 10153.11457 6275.250244 5500.737477 0 6752.50573 6942.475532 9773.957501 7753.207033 5470.319485 0 0 3198.047641 2408.691277 2705.242878 6999.204011 2331.916472 4967.323279 0 1673.723908 0 0 0 1975.357101 0 269.5460139 0 0 561.414728 511.0354915 0 0 289.2519821 0 0 0 0 0 0 0 0 0 0 0 0 0 0 0 0 0 0 0 0 0 0 0 0 0 0 0 0 0 0 0 0 0 0 0 0 0 0 0 0 0 0 0 0 0 0 0 0 0 0 0 0 0 0 0 0 0 0 0 0 0 0 0 0 0 0 0 0 0 0 0 0 0 0 0 0 0 0 0 0 0 0 0 0 0 0 0 0 
0 0 0 0 0 0 0 0 0 0 0 0 0 0 0 0 0 0 0 0 0 0 0 0 0 0 0 0 0 0 0 0 0 0 0 0 0 0 0 0 0 0 0 0 0 0 0 0 0 0 0 0 0 0 0 0 0 0 0 0 0 0 0 0 0 0 0 0 0 0 0 0 0 0 0 0 0 0 0 0 0 0 0 0 0 0 0 0 0 0 0 0 923.2493028 0 0 1681.542431 0 1757.65434 2430.459788 2548.627075 3425.284801 0 3527.663761 1690.311355 0 3644.408756 4799.087259 0 7132.078386 4712.556973 3083.178498 5025.276275 7544.812477 0 0 0 6007.165067 0 13079.96906 8106.665164 12503.32877 0 10471.88275 0 5947.432818 0 13415.67549 0 11561.74388 6908.615552 8204.050431 0 0 10259.8853 6724.683311 0 0 8892.777686 6074.362827 0 0 6859.855257 7718.526573 7826.111421 0 5748.055251 6349.754294 5277.286831 0 5796.671459 4510.904033 1966.818736 0 2400.496869 3525.186256 0 2471.813653 0 2121.113485 512.7090241 1038.417608 0 0 0 0 0 288.1392301 0 0 0 0 0 0 0 0 0 0 0 0 0 0 0 0 0 0 0 0 0 0 0 0 0 0 0 0 0 0 0 0 0 0 0 0 0 0 0 0 0 0 0 0 0 0 0 0 0 0 0 0 0 0 0 0 0 0 0 0 0 0 0 0 0 0 0 0 0 0 0 0 0 0 0 0 0 0 0 0 0 0 0 0 0 0 0 0 0 
0 0 0 0 0 0 0 0 0 0 0 0 0 0 0 0 0 0 0 0 0 0 0 0 0 0 0 0 0 0 0 0 0 0 0 0 0 0 0 0 0 0 0 0 0 0 0 0 0 0 0 0 0 0 0 0 0 0 0 0 0 0 0 0 0 0 0 0 0 0 0 0 0 0 0 0 0 0 0 0 0 0 0 0 0 0 0 0 0 0 0 0 0 0 0 0 0 450.2791981 0 0 0 0 0 0 2325.551645 0 0 0 0 4279.311795 0 0 0 6944.524559 4478.508526 0 0 0 4491.405024 5115.241176 0 0 0 0 7623.39583 0 0 0 12119.24005 0 0 0 0 0 6523.182199 0 0 0 0 7699.186712 0 4665.266054 0 0 3882.255144 3556.111543 0 6047.818802 0 0 0 0 0 0 0 0 1083.259197 1301.959789 0 1250.155295 0 0 0 721.2411086 0 0 0 0 0 0 0 0 0 0 0 0 0 0 0 0 0 0 0 0 0 0 0 0 0 0 0 0 0 0 0 0 0 0 0 0 0 0 0 0 0 0 0 0 0 0 0 0 0 0 0 0 0 0 0 0 0 0 0 0 0 0 0 0 0 0 0 0 0 0 0 0 0 0 0 0 0 0 0 0 0 0 0 0 0 0 0 0 0 0 0 0 
0 0 0 0 0 0 0 0 0 0 0 0 0 0 0 0 0 0 0 0 0 0 0 0 0 0 0 0 0 0 0 0 0 0 0 0 0 0 0 0 0 0 0 0 0 0 0 0 0 0 0 0 0 0 0 0 0 0 0 0 0 0 0 0 0 0 0 0 0 0 0 0 0 0 0 0 0 0 0 0 0 0 0 0 0 0 0 0 0 0 0 574.2935515 0 0 0 0 0 0 0 0 0 0 0 0 0 2474.234117 0 0 0 0 0 0 0 0 0 0 0 0 0 0 0 0 0 0 0 0 0 0 0 0 0 0 8982.890584 0 0 0 0 0 0 0 0 0 0 0 0 2621.365245 0 0 0 0 0 0 0 0 0 527.6790092 0 0 0 0 0 0 0 0 0 0 0 0 0 0 0 0 0 0 0 0 0 0 0 0 0 0 0 0 0 0 0 0 0 0 0 0 0 0 0 0 0 0 0 0 0 0 0 0 0 0 0 0 0 0 0 0 0 0 0 0 0 0 0 0 0 0 0 0 0 0 0 0 0 0 0 0 0 0 0 0 0 0 0 0 0 0 0 0 0 0 0 0 0 0 0 0 0 0 0 0 
0 0 0 0 0 0 0 0 0 0 0 0 0 0 0 0 0 0 0 0 0 0 0 0 0 0 0 0 0 0 0 0 0 0 0 0 0 0 0 0 0 0 0 0 0 0 0 0 0 0 0 0 0 0 0 0 0 0 0 0 0 0 0 0 0 0 0 0 0 0 0 0 0 0 0 0 0 0 0 0 0 0 0 0 0 0 0 0 0 90.80428349 0 0 0 0 228.1184545 0 0 0 0 474.1068417 0 0 0 0 0 2259.501197 0 3150.079938 0 0 0 3033.025346 0 0 4499.908961 3406.978349 0 0 6046.197128 0 3972.458558 0 0 0 5910.930859 0 0 0 5362.111578 0 0 4537.892162 0 0 4736.4732 6950.326911 0 0 0 5584.355654 0 3914.712587 0 0 0 0 2652.072426 0 0 0 1882.119861 0 1213.421903 0 0 3585.553873 0 0 804.9940277 0 0 0 0 441.7543201 0 0 0 0 0 0 0 0 0 0 0 0 0 0 0 0 0 0 0 0 0 0 0 0 0 0 0 0 0 0 0 0 0 0 0 0 0 0 0 0 0 0 0 0 0 0 0 0 0 0 0 0 0 0 0 0 0 0 0 0 0 0 0 0 0 0 0 0 0 0 0 0 0 0 0 0 0 0 0 0 0 0 0 0 0 0 0 0 0 0 0 0 
0 0 0 0 0 0 0 0 0 0 0 0 0 0 0 0 0 0 0 0 0 0 0 0 0 0 0 0 0 0 0 0 0 0 0 0 0 0 0 0 0 0 0 0 0 0 0 0 0 0 0 0 0 0 0 0 0 0 0 0 0 0 0 0 0 0 0 0 0 0 0 0 0 0 0 0 0 0 0 0 0 0 0 0 0 0 0 0 0 0 0 0 0 0 0 0 0 0 0 0 0 0 0 0 0 2931.054415 0 0 0 0 1614.926769 3354.715996 0 0 5343.239807 0 0 5167.500059 0 7507.480792 0 5231.13036 0 0 0 5528.384755 0 0 0 8471.375266 0 0 0 748.8956628 3633.123399 0 2807.383996 6878.548139 3896.423264 6177.432117 0 3737.733387 6362.737749 2560.060844 3253.684391 4165.177136 0 1016.332317 3023.758364 2122.083287 3938.93426 4665.768167 0 0 0 0 0 1055.895464 0 0 0 0 0 554.1009254 619.160235 0 0 0 0 0 0 0 0 0 0 0 0 0 0 0 0 0 0 0 0 0 0 0 0 0 0 0 0 0 0 0 0 0 0 0 0 0 0 0 0 0 0 0 0 0 0 0 0 0 0 0 0 0 0 0 0 0 0 0 0 0 0 0 0 0 0 0 0 0 0 0 0 0 0 0 0 0 0 0 0 0 0 0 0 0 0 0 0 0 0 0 
0 0 0 0 0 0 0 0 0 0 0 0 0 0 0 0 0 0 0 0 0 0 0 0 0 0 0 0 0 0 0 0 0 0 0 0 0 0 0 0 0 0 0 0 0 0 0 0 0 0 0 0 0 0 0 0 0 0 0 0 0 0 0 0 0 0 0 0 0 0 0 0 0 0 0 0 0 0 0 0 0 0 0 0 0 0 0 0 0 0 0 0 0 0 620.9318341 0 1302.22125 0 1161.283669 272.6950358 2619.862302 481.5854947 1193.601544 0 2031.18153 4332.917379 0 3444.72805 3264.307545 0 0 0 7145.810979 0 0 0 4459.776807 6165.845559 2749.829795 0 9788.648381 0 7166.327434 4950.659151 7950.097958 10770.5786 0 6704.696832 0 5836.6966 8788.706756 0 0 4471.044598 5507.069319 6113.779187 0 4746.812799 0 3667.914379 2966.320345 4050.936374 0 3287.514295 0 0 0 3369.062616 0 2326.354147 0 3046.705897 0 2665.525602 1257.956768 2110.204028 0 1304.193686 613.2694853 2006.100327 0 1345.091119 0 410.8922354 0 0 0 122.6311119 0 0 0 0 0 0 0 0 0 0 0 0 0 0 0 0 0 0 0 0 0 0 0 0 0 0 0 0 0 0 0 0 0 0 0 0 0 0 0 0 0 0 0 0 0 0 0 0 0 0 0 0 0 0 0 0 0 0 0 0 0 0 0 0 0 0 0 0 0 0 0 0 0 0 0 0 0 0 0 0 0 0 0 0 0 0 0 0 
0 0 0 0 0 0 0 0 0 0 0 0 0 0 0 0 0 0 0 0 0 0 0 0 0 0 0 0 0 0 0 0 0 0 0 0 0 0 0 0 0 0 0 0 0 0 0 0 0 0 0 0 0 0 0 0 0 0 0 0 0 0 0 0 0 0 0 0 0 0 0 0 0 0 0 0 0 0 0 0 0 0 0 0 0 0 0 0 0 0 0 263.4895984 0 0 1209.281004 0 1199.801293 1338.545266 1467.199313 90.51135452 1406.507347 1821.736123 3647.808518 3795.618005 2387.503227 4278.43577 4853.993162 3100.560608 0 5078.228724 3626.15675 4313.801318 2288.542645 5932.665944 4145.153139 4345.454499 0 4301.118218 0 5601.715001 1546.719957 6063.606462 994.9184498 8275.547285 9033.022024 5037.336923 8367.407664 4683.578735 11698.8244 9874.655551 443.1052575 4472.137392 5522.621359 6093.259558 0 0 6325.060453 6666.076143 3960.934494 3563.204981 3648.829118 5276.542934 0 4442.372214 2815.921233 4994.344629 2484.968297 1473.742402 0 3078.950489 4847.641495 4502.480762 2143.423192 3337.3021 1462.08112 1564.960586 0 120.1844293 0 0 904.7453014 0 0 778.2663386 0 0 0 13.38010333 0 0 0 0 0 0 0 0 0 0 0 0 0 0 0 0 0 0 0 0 0 0 0 0 0 0 0 0 0 0 0 0 0 0 0 0 0 0 0 0 0 0 0 0 0 0 0 0 0 0 0 0 0 0 0 0 0 0 0 0 0 0 0 0 0 0 0 0 0 0 0 0 0 0 0 0 0 0 0 0 0 0 0 0 0 0 0 0 
0 0 0 0 0 0 0 0 0 0 0 0 0 0 0 0 0 0 0 0 0 0 0 0 0 0 0 0 0 0 0 0 0 0 0 0 0 0 0 0 0 0 0 0 0 0 0 0 0 0 0 0 0 0 0 0 0 0 0 0 0 0 0 0 0 0 0 0 0 0 0 0 0 0 0 0 0 0 0 0 0 0 0 0 0 0 0 0 0 0 14.66268791 222.6723581 681.6556651 1097.368823 642.8547875 415.4170049 93.18680191 971.8847214 506.8910313 1805.225959 2232.3419 757.137368 3581.177687 3252.105007 2559.447087 1747.10707 4480.082322 2341.630396 0 0 5511.076571 0 3081.200697 5656.56387 4271.495995 5090.393077 9455.443151 3944.782902 4087.712186 7588.21239 10461.32405 6622.820027 10016.05679 0 5955.716342 5609.727444 6470.89708 7911.208493 5847.182199 6806.043988 9059.994019 0 5219.993374 0 6306.911024 4417.67637 5000.724282 5804.006613 2775.950705 4844.058717 7572.141647 0 5200.346672 5184.824744 4098.572801 6567.472326 7408.066928 2717.203129 5033.836363 3353.515924 2042.756785 3520.981155 0 1165.837581 0 1216.909548 2166.66359 0 2.8244622 143.8749819 278.0949436 579.3390607 963.3219742 0 0 0 0 33.98871011 0 0 0 0 0 0 0 0 0 0 0 0 0 0 0 0 0 0 0 0 0 0 0 0 0 0 0 0 0 0 0 0 0 0 0 0 0 0 0 0 0 0 0 0 0 0 0 0 0 0 0 0 0 0 0 0 0 0 0 0 0 0 0 0 0 0 0 0 0 0 0 0 0 0 0 0 0 0 0 0 0 0 0 0 0 0 0 0 
0 0 0 0 0 0 0 0 0 0 0 0 0 0 0 0 0 0 0 0 0 0 0 0 0 0 0 0 0 0 0 0 0 0 0 0 0 0 0 0 0 0 0 0 0 0 0 0 0 0 0 0 0 0 0 0 0 0 0 0 0 0 0 0 0 0 0 0 0 0 0 0 0 0 0 0 0 0 0 0 0 0 0 0 0 0 0 0 0 0 0 798.8831186 0 112.6383584 620.519111 1418.445291 1413.952614 0 1747.991456 2773.380741 1408.683013 1166.767833 2621.298577 4015.579638 2259.860154 4087.630967 0 5255.446218 3121.128564 4479.542162 3591.924971 4562.569265 2445.646911 4675.310331 6443.326125 6227.639529 9736.592917 7082.787512 0 7274.279454 4941.079361 8686.185421 0 5194.654555 7838.161448 5732.462969 5019.936098 8724.044135 12946.5333 7094.851471 6153.056165 5237.608723 7891.049036 0 5932.809445 6955.749981 0 6722.4569 7272.949276 4904.157284 5328.481057 4998.942141 6001.62224 3558.574612 3022.531674 0 0 23.33175301 4074.420903 2218.127125 1799.973475 3985.818605 4549.991269 1727.728082 917.132716 1882.405511 324.4294418 875.3946652 1489.0205 2119.391771 245.3839962 816.9052078 0 521.9520746 733.9332629 0 0 278.2104027 19.97464385 0 0 0 0 0 0 0 0 0 0 0 0 0 0 0 0 0 0 0 0 0 0 0 0 0 0 0 0 0 0 0 0 0 0 0 0 0 0 0 0 0 0 0 0 0 0 0 0 0 0 0 0 0 0 0 0 0 0 0 0 0 0 0 0 0 0 0 0 0 0 0 0 0 0 0 0 0 0 0 0 0 0 0 0 0 0 0 
0 0 0 0 0 0 0 0 0 0 0 0 0 0 0 0 0 0 0 0 0 0 0 0 0 0 0 0 0 0 0 0 0 0 0 0 0 0 0 0 0 0 0 0 0 0 0 0 0 0 0 0 0 0 0 0 0 0 0 0 0 0 0 0 0 0 0 0 0 0 0 0 0 0 0 0 0 0 0 0 0 0 0 0 0 0 0 0 0 0 367.7978871 0 78.37837637 0 1172.644828 1539.47574 0 1668.742637 869.6073902 2463.720441 1939.818917 2304.26657 1698.841071 2457.592106 5149.145754 3630.737727 3020.747299 0 5380.836534 7123.603409 3768.759847 4133.642027 3847.605988 7866.278564 6696.834041 5912.919195 7204.049127 8374.128255 7896.283778 7967.673497 7911.460691 10175.4325 10319.48106 10201.7238 10549.56557 9000.543238 3405.961681 11870.13553 5993.090903 11086.75991 6711.357216 7493.138628 8352.977174 1391.504142 7542.120082 7947.94357 4420.908057 6681.577674 10743.25194 7913.689888 8908.214806 7906.814017 8009.526934 4243.539496 3845.517388 3737.721961 0.1431314728 5873.483583 4283.549511 0 4977.314394 2859.035574 3606.917429 0 0 3144.201799 1763.971065 586.2191535 1791.876329 395.2619459 2045.159282 707.6596079 936.2957525 1110.206353 0 223.9747343 117.7418131 0 0 0 0 0 0 0 0 0 0 0 0 0 0 0 0 0 0 0 0 0 0 0 0 0 0 0 0 0 0 0 0 0 0 0 0 0 0 0 0 0 0 0 0 0 0 0 0 0 0 0 0 0 0 0 0 0 0 0 0 0 0 0 0 0 0 0 0 0 0 0 0 0 0 0 0 0 0 0 0 0 0 0 0 0 0 0 0 0 
0 0 0 0 0 0 0 0 0 0 0 0 0 0 0 0 0 0 0 0 0 0 0 0 0 0 0 0 0 0 0 0 0 0 0 0 0 0 0 0 0 0 0 0 0 0 0 0 0 0 0 0 0 0 0 0 0 0 0 0 0 0 0 0 0 0 0 0 0 0 0 0 0 0 0 0 0 0 0 0 0 0 0 0 0 0 0 16.86279055 14.26424667 0 356.7885518 106.4602287 0 376.8408152 165.9083437 347.8742146 1891.224406 326.9073509 2808.649802 2138.138974 1240.164452 651.6935904 932.0040776 0 0 3463.655567 3914.683594 2087.976274 4235.955675 5849.97782 3971.963454 4651.232689 2391.156642 2015.785648 5027.163791 3608.03933 3275.667018 8304.196141 2384.252235 0 4918.298307 5742.165908 7698.990295 7767.5582 5074.413596 0.0468326403 0 6256.969293 10430.21992 6114.457102 6119.342406 3148.278645 11915.40784 10025.12719 3884.430036 6617.441041 5459.822133 4931.676695 7300.704281 0 7060.076548 4542.882575 5470.596672 4083.650907 5373.245492 4231.304707 5515.133108 0 2336.080548 902.1103793 3988.097278 290.8269245 4787.309435 4466.732156 3523.246656 3658.09934 2317.64883 1866.699095 162.1399192 1646.02965 0 1389.136825 0 1186.792287 0 0 0 0 0 0 0 0 0 0 0 0 0 0 0 0 0 0 0 0 0 0 0 0 0 0 0 0 0 0 0 0 0 0 0 0 0 0 0 0 0 0 0 0 0 0 0 0 0 0 0 0 0 0 0 0 0 0 0 0 0 0 0 0 0 0 0 0 0 0 0 0 0 0 0 0 0 0 0 0 0 0 0 0 0 0 0 0 0 0 0 0 
0 0 0 0 0 0 0 0 0 0 0 0 0 0 0 0 0 0 0 0 0 0 0 0 0 0 0 0 0 0 0 0 0 0 0 0 0 0 0 0 0 0 0 0 0 0 0 0 0 0 0 0 0 0 0 0 0 0 0 0 0 0 0 0 0 0 0 0 0 0 0 0 0 0 0 0 0 0 0 0 0 0 0 0 0 0 0 29.82276404 0 104.5617178 35.58068921 708.732133 0 795.2414352 335.9146309 0 983.2382456 0 1159.323459 2530.401498 1431.259648 1155.20262 1646.947991 889.7946449 0.03228173638 2875.713494 1678.28185 5243.787204 3099.799716 0.0001995508262 6598.835303 2951.676894 4727.192554 23.02019408 0 0 3747.980102 4284.229918 0 4204.685009 7387.800615 0 6972.346191 6245.00636 4466.249457 0.002775662297 9294.109748 4517.278421 3666.744635 256.4088037 9620.992524 6219.900934 6038.669683 1342.558247 4046.567571 3024.872935 8076.580737 8917.305554 0 5039.621788 0 9290.648057 5152.49661 0.0001984995904 4086.337214 132.0272357 1536.57483 4415.406763 0 4867.032045 1401.916872 154.8754453 2163.394502 2161.790436 697.1241572 888.9523747 2739.48401 2138.854372 1470.82646 577.7505833 0 429.6376922 0 65.72343855 277.3040227 0 0 0 0 0 0 0 0 0 0 0 0 0 0 0 0 0 0 0 0 0 0 0 0 0 0 0 0 0 0 0 0 0 0 0 0 0 0 0 0 0 0 0 0 0 0 0 0 0 0 0 0 0 0 0 0 0 0 0 0 0 0 0 0 0 0 0 0 0 0 0 0 0 0 0 0 0 0 0 0 0 0 0 0 0 0 0 0 0 0 0 
0 0 0 0 0 0 0 0 0 0 0 0 0 0 0 0 0 0 0 0 0 0 0 0 0 0 0 0 0 0 0 0 0 0 0 0 0 0 0 0 0 0 0 0 0 0 0 0 0 0 0 0 0 0 0 0 0 0 0 0 0 0 0 0 0 0 0 0 0 0 0 0 0 0 0 0 0 0 0 0 0 0 0 0 0 0 0 0 0.5575709953 0 0 223.3796095 438.0436802 511.1563943 694.7232814 793.0923441 0.07213423498 1163.02194 1788.359101 0 2003.018375 2478.873822 2.715862325e-05 2325.612095 1730.515412 3891.389091 3548.285728 1375.721501 76.22469766 2296.947796 77.46157527 2330.975853 2369.048174 6252.276969 6197.268451 0 5214.638517 3065.340446 6686.454263 8826.124269 1595.125311 9130.053952 6571.5874 0 7234.838713 8075.511979 4681.442724 7122.768115 7965.638005 6136.409083 10605.60378 6535.070401 8188.288017 3848.385636 5250.754057 2922.098568 10348.61689 6316.71453 2135.620871 3389.355121 4993.285259 4008.075861 4591.706035 3804.586629 1740.657006 4055.907425 4009.435708 3.482877588 2808.636563 2561.938956 1203.226172 3433.959841 0 1404.284455 2228.800918 0.0135621972 148.8270048 1054.134227 151.1000898 694.7338574 1434.745688 1106.836176 860.230485 0 0 0 0 0 0 0 0 0 0 0 0 0 0 0 0 0 0 0 0 0 0 0 0 0 0 0 0 0 0 0 0 0 0 0 0 0 0 0 0 0 0 0 0 0 0 0 0 0 0 0 0 0 0 0 0 0 0 0 0 0 0 0 0 0 0 0 0 0 0 0 0 0 0 0 0 0 0 0 0 0 0 0 0 0 0 0 0 0 0 0 0 0 
0 0 0 0 0 0 0 0 0 0 0 0 0 0 0 0 0 0 0 0 0 0 0 0 0 0 0 0 0 0 0 0 0 0 0 0 0 0 0 0 0 0 0 0 0 0 0 0 0 0 0 0 0 0 0 0 0 0 0 0 0 0 0 0 0 0 0 0 0 0 0 0 0 0 0 0 0 0 0 0 0 0 0 0 0 0 0 0 4.787843175 55.47844398 0 0 909.1232781 0 399.323565 623.7769151 842.1698004 671.9794889 0 999.2158097 1289.5389 3306.003559 2886.54055 2204.677417 1274.292908 2854.17815 3102.372711 0 4520.066925 3255.903641 3419.105895 4137.690704 3015.588399 3903.533803 0 4291.836297 3925.262461 0 3523.863458 3507.690788 7893.521472 3675.432418 8463.66529 7561.725603 0 10668.77395 3010.716931 0 6056.510748 6751.091202 6678.856925 6621.303045 5338.541582 5663.170907 9475.96893 5573.703444 6991.013152 6232.541087 6469.707794 6648.418509 6063.59487 1494.645273 32.05956884 1773.03433 3915.263361 5529.127317 2863.947373 4401.814156 5752.285521 329.7040701 3337.693637 442.8233277 2495.375385 1450.037321 2706.047273 1781.559955 410.5903705 1391.664595 0.002119896519 697.2746418 738.5348919 171.4872283 237.5858203 581.9974468 472.8623218 0 0 0 0 0 0 0 0 0 0 0 0 0 0 0 0 0 0 0 0 0 0 0 0 0 0 0 0 0 0 0 0 0 0 0 0 0 0 0 0 0 0 0 0 0 0 0 0 0 0 0 0 0 0 0 0 0 0 0 0 0 0 0 0 0 0 0 0 0 0 0 0 0 0 0 0 0 0 0 0 0 0 0 0 0 0 0 0 0 0 0 
0 0 0 0 0 0 0 0 0 0 0 0 0 0 0 0 0 0 0 0 0 0 0 0 0 0 0 0 0 0 0 0 0 0 0 0 0 0 0 0 0 0 0 0 0 0 0 0 0 0 0 0 0 0 0 0 0 0 0 0 0 0 0 0 0 0 0 0 0 0 0 0 0 0 0 0 0 0 0 0 0 0 0 0 0 0 0 0 0 0 130.9229846 0 0 543.6565913 31.28744291 432.5553922 2.364083678e-05 327.8580674 1211.909181 0 6.611471861e-10 969.6462878 2439.927257 0 1644.614984 1564.788994 3105.506431 1199.974423 2270.670272 2498.57459 0 0 3882.174429 3720.777649 0.001018709628 2078.870018 4546.932718 6.190932817e-11 1967.881364 6351.926314 3059.228732 5487.131874 5349.562234 11214.34978 7.406681332e-05 7224.543028 4386.765013 6471.35109 8590.327758 3999.248264 0 5258.29645 6515.793261 558.7724911 2453.940605 6713.041745 6546.471439 5062.247508 8697.626837 1.794622087e-05 1383.132229 5148.588567 5447.166312 0.0187605277 4092.856191 5250.944873 42.95574945 9.67303988e-09 7.818598963e-08 2140.815641 1185.628665 3365.585344 1752.795275 674.1072571 1555.971946 2006.137395 1698.771224 331.1569004 1834.189954 769.0744894 247.2930626 1565.887616 996.5797968 855.2470582 317.4176628 8.041062911 0 0 0 0 0 0 0 0 0 0 0 0 0 0 0 0 0 0 0 0 0 0 0 0 0 0 0 0 0 0 0 0 0 0 0 0 0 0 0 0 0 0 0 0 0 0 0 0 0 0 0 0 0 0 0 0 0 0 0 0 0 0 0 0 0 0 0 0 0 0 0 0 0 0 0 0 0 0 0 0 0 0 0 0 0 0 0 0 0 0 
0 0 0 0 0 0 0 0 0 0 0 0 0 0 0 0 0 0 0 0 0 0 0 0 0 0 0 0 0 0 0 0 0 0 0 0 0 0 0 0 0 0 0 0 0 0 0 0 0 0 0 0 0 0 0 0 0 0 0 0 0 0 0 0 0 0 0 0 0 0 0 0 0 0 0 0 0 0 0 0 0 0 0 0 0 0 0 0 0 0 0 0 0 1014.202642 786.1475557 944.3510585 200.5362883 0.002354721361 179.8714632 1011.534959 0 1728.789187 1908.840634 0 0.0005613950871 0 2894.147651 3450.937731 3898.162298 9.78823182e-10 1.547231563e-07 2538.585325 3100.880375 3757.316458 6291.15747 3834.192673 0 0.04895291902 3166.668361 4683.576915 2850.762735 0 76.0554311 9819.210185 3886.532413 5991.281641 6630.138203 5493.237431 2.251599939e-21 3971.895125 5876.999852 1.418398319 4.922376051e-07 7209.000651 2.371362622e-19 2.212034695e-12 0.2743291724 0.01478993877 5.07131185e-10 4394.701961 3875.026847 2656.000618 4772.782973 3719.029606 1575.200904 0 3644.386061 2327.44663 1231.326851 3726.89969 1059.99845 2025.207958 1916.723908 2247.900971 2310.593349 76.20931393 3.082570979e-11 1069.588903 596.4122705 774.7949742 712.1090952 54.17839426 679.3823489 604.1208563 212.7003579 134.2062113 0 89.08454495 0 0 0 0 0 0 0 0 0 0 0 0 0 0 0 0 0 0 0 0 0 0 0 0 0 0 0 0 0 0 0 0 0 0 0 0 0 0 0 0 0 0 0 0 0 0 0 0 0 0 0 0 0 0 0 0 0 0 0 0 0 0 0 0 0 0 0 0 0 0 0 0 0 0 0 0 0 0 0 0 0 0 0 0 0 0 0 0 
0 0 0 0 0 0 0 0 0 0 0 0 0 0 0 0 0 0 0 0 0 0 0 0 0 0 0 0 0 0 0 0 0 0 0 0 0 0 0 0 0 0 0 0 0 0 0 0 0 0 0 0 0 0 0 0 0 0 0 0 0 0 0 0 0 0 0 0 0 0 0 0 0 0 0 0 0 0 0 0 0 0 0 0 0 0 0 0 0 0 42.82121374 0 0.2725189219 788.64142 0 756.2278961 0 0.2224808489 0 2250.38676 1229.276084 2178.872415 0.04643413466 3429.729321 12.95560783 1089.328155 2165.850641 1678.995968 4.166830796e-06 4358.556129 0 2527.23486 3366.646968 2402.282909 5.615355667e-07 1.183073582e-06 2849.221767 3908.726059 7362.129606 7238.389755 6712.826256 5.359958404e-12 0.566190048 5366.036278 5010.355423 7858.609325 7021.699541 6885.03976 6793.087415 6298.492082 4236.887257 6793.087853 8579.214386 6259.226631 1.506825903e-05 3.259227533e-07 4569.020219 2456.875559 4.271934772e-09 16.44539654 3340.379014 3896.324511 0.0001799269929 2.652813901e-07 3130.219307 0 637.6137662 0 2079.393927 2996.234581 2615.395286 911.5523218 699.8146138 1672.398276 1178.388271 0 0 638.741054 387.1013088 1357.073619 300.9574563 53.46142235 0 0 1.291535591 0 30.71455114 0 0 0 0 0 0 0 0 0 0 0 0 0 0 0 0 0 0 0 0 0 0 0 0 0 0 0 0 0 0 0 0 0 0 0 0 0 0 0 0 0 0 0 0 0 0 0 0 0 0 0 0 0 0 0 0 0 0 0 0 0 0 0 0 0 0 0 0 0 0 0 0 0 0 0 0 0 0 0 0 0 0 0 0 0 0 0 0 0 
0 0 0 0 0 0 0 0 0 0 0 0 0 0 0 0 0 0 0 0 0 0 0 0 0 0 0 0 0 0 0 0 0 0 0 0 0 0 0 0 0 0 0 0 0 0 0 0 0 0 0 0 0 0 0 0 0 0 0 0 0 0 0 0 0 0 0 0 0 0 0 0 0 0 0 0 0 0 0 0 0 0 0 0 0 0 0 0 0 247.2393681 610.8406785 0 22.51280884 763.9314157 0 798.9457288 790.9676376 399.6252723 31.45137274 944.8709382 2649.031643 2294.420591 28.72414684 1.780063195 8.628444606e-10 2515.759597 1568.20632 0 0 1.371847851e-06 2200.671053 4202.862756 0.0008395125096 3.733663737e-05 4404.483502 2855.380264 4300.5415 2999.941218 4688.33946 6824.460823 0 1950.288845 7124.159843 0 634.6103625 4.031330239e-14 4182.135399 0 0.0682656283 8196.119982 8974.590256 1.016492394e-10 6178.69795 0 6030.322566 5302.190715 3136.232055 3989.536896 1785.891076 4658.876853 6195.490679 2336.891544 3797.848474 1.061974373e-08 2848.705795 0 0 4650.402122 874.7346678 1668.656264 3.254240089e-11 9.061544813e-06 2768.978977 2293.467063 0 2948.097545 1036.591895 132.0144903 279.2658883 1024.086868 0.6064795399 3.675950326e-12 240.6479385 581.5964043 0 0 1.70755393e-20 0 0 0 0 0 0 0 0 0 0 0 0 0 0 0 0 0 0 0 0 0 0 0 0 0 0 0 0 0 0 0 0 0 0 0 0 0 0 0 0 0 0 0 0 0 0 0 0 0 0 0 0 0 0 0 0 0 0 0 0 0 0 0 0 0 0 0 0 0 0 0 0 0 0 0 0 0 0 0 0 0 0 0 0 0 0 0 0 0 
0 0 0 0 0 0 0 0 0 0 0 0 0 0 0 0 0 0 0 0 0 0 0 0 0 0 0 0 0 0 0 0 0 0 0 0 0 0 0 0 0 0 0 0 0 0 0 0 0 0 0 0 0 0 0 0 0 0 0 0 0 0 0 0 0 0 0 0 0 0 0 0 0 0 0 0 0 0 0 0 0 0 0 0 0 0 0 5.532154429 0.07658957418 0 0 350.0084652 0.02634247821 0 4.822762224e-13 0 27.25811416 1153.786374 250.2003509 1.133962332e-19 796.0923456 1574.913625 1991.870469 1773.787131 8.43000199 4.043171755e-10 565.0497279 3045.731966 3825.590214 2023.386076 2629.363804 1923.052262 5520.441617 0 3842.865367 3272.136828 3.826111925e-11 3931.898613 5150.017194 5206.674095 6570.037781 4623.767179 0 5783.663036 4840.019527 5041.744659 4660.89497 6794.642676 7549.312478 6579.562863 8254.852213 4581.398865 3255.378314 7891.302914 3090.944141 4471.25257 5558.811033 2504.410817 3898.459009 4395.746069 5386.136095 3396.82759 0 3.09058919e-19 1767.501724 2037.837948 0.03275936477 2641.405624 38.00825509 5197.695272 4428.747028 659.3016588 2855.603743 971.1867605 7.118813199e-10 2855.415138 2262.746767 714.2384302 1737.626853 370.9455227 657.7314048 0 0 436.0647523 1.816951464 226.9992928 197.1276159 0 0 0 0 0 0 0 0 0 0 0 0 0 0 0 0 0 0 0 0 0 0 0 0 0 0 0 0 0 0 0 0 0 0 0 0 0 0 0 0 0 0 0 0 0 0 0 0 0 0 0 0 0 0 0 0 0 0 0 0 0 0 0 0 0 0 0 0 0 0 0 0 0 0 0 0 0 0 0 0 0 0 0 0 0 0 0 0 0 
0 0 0 0 0 0 0 0 0 0 0 0 0 0 0 0 0 0 0 0 0 0 0 0 0 0 0 0 0 0 0 0 0 0 0 0 0 0 0 0 0 0 0 0 0 0 0 0 0 0 0 0 0 0 0 0 0 0 0 0 0 0 0 0 0 0 0 0 0 0 0 0 0 0 0 0 0 0 0 0 0 0 0 0 0 0 0 0 0 0 5.026436257e-16 416.935149 879.4828543 6.247733785e-16 579.8261759 886.1948332 553.7842231 1297.158643 0 499.5608912 970.780121 0 1182.888218 937.7102249 3.698263655e-13 1811.668047 3826.628235 3794.312826 2584.783789 9.270886075 3362.894848 2628.539849 4132.826263 17.08023273 4160.191302 0 5255.792257 2801.216091 4600.70493 130.4141811 0 4207.29647 4117.902552 6103.172101 7568.284687 6571.026406 2212.499432 446.115811 5250.864457 7932.948629 0.6703389153 4318.105431 9570.886998 6690.271758 0 3464.406828 5715.287679 7170.928974 0.001253005329 3261.473272 5178.360181 3306.524571 18.65605282 4008.443336 4523.640678 4453.750891 5077.999235 4361.400988 3312.07132 2977.062266 263.2795432 1452.852071 8.697244705e-16 58.5238803 8.065343808e-15 1091.237049 1134.842881 542.6092378 199.566468 545.2959717 3.598358471e-18 0 1310.284797 869.7545656 0 0 183.2655539 0.102897595 6.139297086e-22 0 0 0 0 0 0 0 0 0 0 0 0 0 0 0 0 0 0 0 0 0 0 0 0 0 0 0 0 0 0 0 0 0 0 0 0 0 0 0 0 0 0 0 0 0 0 0 0 0 0 0 0 0 0 0 0 0 0 0 0 0 0 0 0 0 0 0 0 0 0 0 0 0 0 0 0 0 0 0 0 0 0 0 0 0 0 0 
0 0 0 0 0 0 0 0 0 0 0 0 0 0 0 0 0 0 0 0 0 0 0 0 0 0 0 0 0 0 0 0 0 0 0 0 0 0 0 0 0 0 0 0 0 0 0 0 0 0 0 0 0 0 0 0 0 0 0 0 0 0 0 0 0 0 0 0 0 0 0 0 0 0 0 0 0 0 0 0 0 0 0 0 0 0 0 0 141.823597 0 0 4.652640848e-26 0 795.9460033 0.1187747422 1063.074427 38.97550648 866.3027732 989.9653405 4.222853638e-08 1209.190551 12.40109795 0 1.608159979e-16 1662.122841 2787.144196 4051.179891 0 3578.530415 2939.238849 4955.198976 1775.337084 6.456994686e-07 3215.039749 12.39421837 3371.146559 3449.343659 6.652964723e-16 2701.238458 5744.647183 931.3158572 0.002690096155 0 5549.011272 6841.64427 2817.155402 8672.853571 5562.903264 0 3821.130993 3177.315403 5.741013715e-08 117.1486497 3877.424836 0 2321.334735 5957.388027 106.8794109 4424.086693 4651.3821 4138.757988 5263.252475 4639.038244 4.499890268e-05 0.1326740526 2093.364753 3624.320573 3846.769299 0 0 1097.465854 1108.660055 1419.402121 1577.580021 0 1038.078782 1949.937517 0 1388.233495 1365.271311 0 4.487999146e-14 57.27911556 0 377.0126805 0 177.5963228 0 0 0 0 0 0 0 0 0 0 0 0 0 0 0 0 0 0 0 0 0 0 0 0 0 0 0 0 0 0 0 0 0 0 0 0 0 0 0 0 0 0 0 0 0 0 0 0 0 0 0 0 0 0 0 0 0 0 0 0 0 0 0 0 0 0 0 0 0 0 0 0 0 0 0 0 0 0 0 0 0 0 0 0 0 0 0 0 0 
0 0 0 0 0 0 0 0 0 0 0 0 0 0 0 0 0 0 0 0 0 0 0 0 0 0 0 0 0 0 0 0 0 0 0 0 0 0 0 0 0 0 0 0 0 0 0 0 0 0 0 0 0 0 0 0 0 0 0 0 0 0 0 0 0 0 0 0 0 0 0 0 0 0 0 0 0 0 0 0 0 0 0 0 0 0 0 0 0 40.31251304 315.2910969 376.0950913 8.020488185e-15 0 1.523104669e-09 31.18079926 2.976090701 899.6440687 1040.789757 328.0919348 0.005641406093 630.3912622 805.6472149 1889.914852 1.57469758e-21 1741.70732 1107.444253 3008.679482 3444.05928 678.8084654 4.212568789e-10 1118.059944 1256.56204 5.588398543e-08 5929.147081 0 2791.587706 4298.752219 2068.889763 380.9442359 4092.253951 2.335042642e-09 6382.674864 2478.899194 5560.911178 5699.152149 5329.429904 3362.766256 6040.19847 3864.718181 5118.139467 7064.666342 6167.20169 530.6335809 5348.197677 3078.092756 6557.465369 7246.278733 5367.1423 2501.337883 3603.501072 2738.50361 3.649377117e-26 3340.699888 2048.92118 82.4712319 1752.682531 4162.954182 2368.78939 3571.735977 1879.640535 1100.879567 1850.459872 1785.814679 2305.174767 61.35910904 1467.286334 1239.196665 0 1600.58335 360.4928418 0 51.90465976 166.6731758 9.813600833e-12 133.2526294 314.0216966 0 0 0 0 0 0 0 0 0 0 0 0 0 0 0 0 0 0 0 0 0 0 0 0 0 0 0 0 0 0 0 0 0 0 0 0 0 0 0 0 0 0 0 0 0 0 0 0 0 0 0 0 0 0 0 0 0 0 0 0 0 0 0 0 0 0 0 0 0 0 0 0 0 0 0 0 0 0 0 0 0 0 0 0 0 0 0 0 0 
0 0 0 0 0 0 0 0 0 0 0 0 0 0 0 0 0 0 0 0 0 0 0 0 0 0 0 0 0 0 0 0 0 0 0 0 0 0 0 0 0 0 0 0 0 0 0 0 0 0 0 0 0 0 0 0 0 0 0 0 0 0 0 0 0 0 0 0 0 0 0 0 0 0 0 0 0 0 0 0 0 0 0 0 0 0 0 2.85818235e-18 76.23373277 0 0 0.0004751615712 329.2872049 483.5128629 771.1316041 708.033595 0.01540829975 956.6003253 1173.514998 1.30214653e-16 1.121655812e-39 1814.986041 1439.817838 4.543427978e-21 1084.370485 3784.27699 1579.719964 123.559841 3323.284095 622.2850172 3185.528562 1.744539236e-10 3902.877243 0 1050.326984 1743.897936 5215.446382 3898.899338 5197.500259 0 0 9077.965531 491.8040329 3128.962797 1.199351807e-14 7.785785142e-06 5824.018348 5901.716132 3154.056586 6463.24558 166.6857272 2910.164463 5792.048459 349.8839508 1.239159844e-12 0 5.611434658e-15 8.481914214e-15 0.002603158833 3683.904104 5233.02067 3323.743585 8.81970024e-07 2405.579822 4691.327339 2411.381693 2113.01026 1.995596392e-29 353.9665197 0 1583.548038 0.672107221 1999.081854 726.7782811 0 1995.581879 0 2.136644883e-10 649.9398205 518.0864232 245.0787497 1.478286331e-43 2.638357897 201.2188094 1.835150951e-17 97.83781021 102.8691301 0 0 0 0 0 0 0 0 0 0 0 0 0 0 0 0 0 0 0 0 0 0 0 0 0 0 0 0 0 0 0 0 0 0 0 0 0 0 0 0 0 0 0 0 0 0 0 0 0 0 0 0 0 0 0 0 0 0 0 0 0 0 0 0 0 0 0 0 0 0 0 0 0 0 0 0 0 0 0 0 0 0 0 0 0 0 0 0 0 
0 0 0 0 0 0 0 0 0 0 0 0 0 0 0 0 0 0 0 0 0 0 0 0 0 0 0 0 0 0 0 0 0 0 0 0 0 0 0 0 0 0 0 0 0 0 0 0 0 0 0 0 0 0 0 0 0 0 0 0 0 0 0 0 0 0 0 0 0 0 0 0 0 0 0 0 0 0 0 0 0 0 0 0 0 0 0 0 0 0 0 0 5.887486797e-21 25.25925071 0 1018.662457 6.680032983e-22 0.6268815842 760.991705 1928.559615 0.01160455193 1293.615367 1315.598312 167.9338143 0 2.551122157e-22 0.2307588608 4407.207919 62.39597574 1661.434717 761.6870099 2412.971866 0 1827.410457 3996.038743 4488.880057 6143.550862 5163.902558 0.0786746413 5.427024641e-21 4636.865785 1544.521536 0 9.322093175e-13 4958.793992 3845.172366 35.11737525 3969.887256 6.261246431e-48 0 0 7488.919552 5.32394153e-07 2285.404311 4849.255537 6787.447806 0 6.116958986e-10 3852.155907 4532.748402 4556.375057 31.755128 2.910906087e-25 2200.156069 3109.248189 2516.867996 2.071282476e-45 1909.090997 0 1.837732165e-13 1490.341583 0 1250.442086 1025.494623 1.763879744e-14 1.14342613e-13 1.368291364 870.8311496 1132.873086 1.446088843e-11 0.0006455742243 3.954980471e-09 78.02144862 4.088699476e-22 476.4931277 1.007379112e-18 0 0 0 0 0 0 0 0 0 0 0 0 0 0 0 0 0 0 0 0 0 0 0 0 0 0 0 0 0 0 0 0 0 0 0 0 0 0 0 0 0 0 0 0 0 0 0 0 0 0 0 0 0 0 0 0 0 0 0 0 0 0 0 0 0 0 0 0 0 0 0 0 0 0 0 0 0 0 0 0 0 0 0 0 0 0 0 0 0 0 
0 0 0 0 0 0 0 0 0 0 0 0 0 0 0 0 0 0 0 0 0 0 0 0 0 0 0 0 0 0 0 0 0 0 0 0 0 0 0 0 0 0 0 0 0 0 0 0 0 0 0 0 0 0 0 0 0 0 0 0 0 0 0 0 0 0 0 0 0 0 0 0 0 0 0 0 0 0 0 0 0 0 0 0 0 0 0 0 0 3.778196428e-50 0 31.88529722 3.594367134e-19 354.8531268 0.1861119177 451.8524446 586.5604163 6.34214419e-38 2.636914177e-32 213.117135 0.04526969215 2221.50165 2815.482835 0.04125062768 0.0006569338307 1505.021138 2120.755074 2.838504205e-17 0 0.9707456257 2929.702957 1995.888616 2207.69774 3242.488139 940.8604846 2815.855989 103.1858268 5197.065696 6699.524388 0.002385748997 2035.869493 6852.383193 4763.371304 4149.918237 524.284655 1.242648327 8116.884949 365.353272 9.856429867 1.292093206e-05 13.31645038 4109.549903 4940.783032 6277.771649 900.4233836 2.060748909e-06 4.372904253e-14 3784.563522 3569.498914 1853.086312 0.661534888 3.188974085e-46 2293.751592 286.0646863 1102.158807 2887.789428 1997.17598 2876.906321 3218.645444 0 6.682686576e-12 701.79842 2636.515058 978.7166498 444.4481011 1.470537753e-19 7.020101002e-13 1083.455834 9.992092288e-08 866.9261452 615.3387018 1099.620018 218.62545 1.209555549e-19 0 0 7.641260478e-23 79.75664181 0 0 0 0 0 0 0 0 0 0 0 0 0 0 0 0 0 0 0 0 0 0 0 0 0 0 0 0 0 0 0 0 0 0 0 0 0 0 0 0 0 0 0 0 0 0 0 0 0 0 0 0 0 0 0 0 0 0 0 0 0 0 0 0 0 0 0 0 0 0 0 0 0 0 0 0 0 0 0 0 0 0 0 0 0 0 0 0 
0 0 0 0 0 0 0 0 0 0 0 0 0 0 0 0 0 0 0 0 0 0 0 0 0 0 0 0 0 0 0 0 0 0 0 0 0 0 0 0 0 0 0 0 0 0 0 0 0 0 0 0 0 0 0 0 0 0 0 0 0 0 0 0 0 0 0 0 0 0 0 0 0 0 0 0 0 0 0 0 0 0 0 0 0 0 0 0 0 0 1.43869367e-15 252.2072926 1.508008197e-10 0 1.837687761e-06 620.2591406 456.1217978 376.9377715 313.8866332 6.396408805e-28 916.7373401 0.03223400923 950.3346739 3.06064269e-16 2802.755119 5.82154505e-10 6.336630977e-10 958.4194967 2.722760742e-12 2665.807209 1086.069646 9.182028051e-13 3737.216094 3471.601105 2421.604046 1482.174199 7.249890464e-46 3262.997608 1.486753424e-24 0.001413717034 3592.238516 61.82680399 48.86553366 579.5356634 5401.197416 1.549660272e-12 159.3135569 4158.576355 2739.667701 1988.361407 3022.470751 5188.365448 2881.581791 4191.699629 7.818414421e-27 2988.001254 2755.719992 4793.78663 36.59589201 2330.202866 2.382365658e-14 2667.630086 2106.633869 354.071168 2.545220267e-07 2.220903285e-19 2418.10348 1.175054823e-30 827.185704 0 8.657581262e-05 0.001085819526 1.673357323e-18 861.2662584 1004.524582 2058.155037 871.8298787 422.6926793 0 1.172513979e-06 1.191746266e-08 0 48.28711656 0.03133408027 481.8885326 229.6135315 0 79.69674803 0 0 0 0 0 0 0 0 0 0 0 0 0 0 0 0 0 0 0 0 0 0 0 0 0 0 0 0 0 0 0 0 0 0 0 0 0 0 0 0 0 0 0 0 0 0 0 0 0 0 0 0 0 0 0 0 0 0 0 0 0 0 0 0 0 0 0 0 0 0 0 0 0 0 0 0 0 0 0 0 0 0 0 0 0 0 0 0 
0 0 0 0 0 0 0 0 0 0 0 0 0 0 0 0 0 0 0 0 0 0 0 0 0 0 0 0 0 0 0 0 0 0 0 0 0 0 0 0 0 0 0 0 0 0 0 0 0 0 0 0 0 0 0 0 0 0 0 0 0 0 0 0 0 0 0 0 0 0 0 0 0 0 0 0 0 0 0 0 0 0 0 0 0 0 0 0 0 0 200.818756 282.7651792 507.3726328 0 535.2513877 3.099322697e-24 22.93675965 633.2432567 0.01111471654 1.432888495e-24 1366.850396 0 981.5313627 89.55626155 988.3023529 56.41617056 9.474969927e-34 0 3.991994487e-30 272.0112523 1721.203638 3.807127184e-09 0 0 2226.91619 1689.07115 5145.328356 1.924665808e-23 136.4631669 3027.623019 186.4437006 2132.969317 2.282592113e-08 1.316123074e-43 3268.493642 3770.161249 2.449216887e-08 1.589271346e-10 2636.052342 1.066541276e-07 0.007505948934 0 3365.670323 8.566946262e-33 2613.151421 3430.633639 8.18463153e-14 4005.553344 671.8340039 0 1516.833965 2314.976292 0.9383803369 21.87902934 1552.033558 165.1505917 7.476515896e-25 787.2214471 0.1596347263 3.865552213e-39 3.587302007e-09 2.134157142e-06 1360.191783 749.794973 952.4605307 1269.139619 2.497031359e-14 1.097745854e-22 583.1247721 846.9954792 18.46025319 1.154618586e-11 818.995974 280.7377958 238.3933805 1.270678641e-23 8.145304733e-37 142.9503306 0 0 0 0 0 0 0 0 0 0 0 0 0 0 0 0 0 0 0 0 0 0 0 0 0 0 0 0 0 0 0 0 0 0 0 0 0 0 0 0 0 0 0 0 0 0 0 0 0 0 0 0 0 0 0 0 0 0 0 0 0 0 0 0 0 0 0 0 0 0 0 0 0 0 0 0 0 0 0 0 0 0 0 0 0 0 0 0 
0 0 0 0 0 0 0 0 0 0 0 0 0 0 0 0 0 0 0 0 0 0 0 0 0 0 0 0 0 0 0 0 0 0 0 0 0 0 0 0 0 0 0 0 0 0 0 0 0 0 0 0 0 0 0 0 0 0 0 0 0 0 0 0 0 0 0 0 0 0 0 0 0 0 0 0 0 0 0 0 0 0 0 0 0 0 0 23.45532997 0 0 0 1.011975126e-47 1.087592352e-29 41.72293229 209.1842706 201.6333431 3.182002771e-37 496.3119145 185.8440594 1058.550053 731.9589108 726.3508078 573.9980014 0.003324949001 0 15.15872222 1.007977948e-46 1510.275102 95.86579286 230.4565513 1261.360477 2828.586798 9.433953274 1543.624364 1192.5194 440.6961806 470.4648659 2805.899042 5206.121557 0 3074.225155 697.6689648 2846.503637 1.344916386e-23 2106.235814 1.577424179e-46 4855.131695 774.0950713 8.517235223e-09 5.661882877e-11 2646.058465 1.042337872e-34 3971.774785 771.8961069 7.88634867e-30 1042.347454 6.175657357e-07 553.9922513 3840.836005 3353.720224 16.3720639 3.197470947e-41 1.850975158e-45 1.6818305e-13 6.0297208e-15 4.743334697e-34 6.589316818e-08 1.591232253e-45 7.789140538e-12 2.441021221e-06 815.9185965 1621.344491 1189.200341 1666.794832 21.92952594 0 0.0006388924422 1.970012322e-34 2.44581769e-09 1054.479304 1.572633664e-21 0 0 4.415768562e-06 1.766064292e-08 1.181418884e-18 0 0 0 0 0 0 0 0 0 0 0 0 0 0 0 0 0 0 0 0 0 0 0 0 0 0 0 0 0 0 0 0 0 0 0 0 0 0 0 0 0 0 0 0 0 0 0 0 0 0 0 0 0 0 0 0 0 0 0 0 0 0 0 0 0 0 0 0 0 0 0 0 0 0 0 0 0 0 0 0 0 0 0 0 0 0 0 0 0 0 
0 0 0 0 0 0 0 0 0 0 0 0 0 0 0 0 0 0 0 0 0 0 0 0 0 0 0 0 0 0 0 0 0 0 0 0 0 0 0 0 0 0 0 0 0 0 0 0 0 0 0 0 0 0 0 0 0 0 0 0 0 0 0 0 0 0 0 0 0 0 0 0 0 0 0 0 0 0 0 0 0 0 0 0 0 0 0 0 0 0 0 203.4066131 410.2070012 0 7.068276879e-48 28.91452839 400.2929205 4.500805017e-14 1179.512455 641.152212 1087.498406 1556.203106 5.622196026e-20 3.706786977e-14 0 0 0 1315.767229 1.615559855e-21 0.1519690069 970.1173372 1.492106072 2.025067423 1.321602181e-17 0.001306713781 5.15377273e-11 1954.462891 7.739963691e-07 1794.175366 6.623473055e-13 199.839084 1.555061188e-13 1.100324183e-08 0.4661398485 0 2430.520405 0 2047.089378 1511.030319 0.009652941622 1.055346737e-28 0 0 1347.005364 4.108526736e-09 2140.553019 0.003597741974 0 1620.066813 2.432000308e-06 0 3.029623806e-09 1.004230274e-13 2087.074567 1687.400166 2.015481617e-08 0 0 1170.950957 2197.014491 0 4.627914812e-21 3.59282559e-20 9.468050136e-06 70.20699628 2.685741894e-18 0.4313339403 0 680.9140329 0 7.24489069e-07 3.657194071e-24 2.869484012e-20 0 1.900181286e-32 67.00307807 0 0 0 0 0 0 0 0 0 0 0 0 0 0 0 0 0 0 0 0 0 0 0 0 0 0 0 0 0 0 0 0 0 0 0 0 0 0 0 0 0 0 0 0 0 0 0 0 0 0 0 0 0 0 0 0 0 0 0 0 0 0 0 0 0 0 0 0 0 0 0 0 0 0 0 0 0 0 0 0 0 0 0 0 0 0 0 0 0 0 
0 0 0 0 0 0 0 0 0 0 0 0 0 0 0 0 0 0 0 0 0 0 0 0 0 0 0 0 0 0 0 0 0 0 0 0 0 0 0 0 0 0 0 0 0 0 0 0 0 0 0 0 0 0 0 0 0 0 0 0 0 0 0 0 0 0 0 0 0 0 0 0 0 0 0 0 0 0 0 0 0 0 0 0 0 0 0 0 0 0 0 162.354769 9.46909266 76.83662578 0 214.370102 6.332425794e-30 0 630.1866761 540.2701883 923.0957197 7.071007937e-51 1207.202484 0.0004487865227 0 9.621579667e-08 0 0 9.144866901e-13 0 6.759520119e-17 0.9499338789 1854.69621 1655.499955 2673.176774 2213.452635 0 3.506049315e-38 1.003779222e-34 2687.600704 353.4643606 5.262357242 1.703590619e-33 2.148791532e-35 0 2520.057395 3281.869963 3206.102816 0.1724387809 314.3071773 46.518398 0 1.042996751e-20 9.948283738e-09 2408.41025 2827.730831 3.568107938e-39 0 0.0005528276519 1884.841166 1553.730158 20.09553109 1.332954891e-42 0 2720.091924 0 1.960292228e-39 2.226127022e-18 710.0724722 917.877971 1.855387945e-21 1324.855634 1081.233837 1.734274303e-33 0 0 1169.945044 0 504.7984116 75.94658768 5.459432048e-42 336.149214 2.365940803e-14 7.74863416 112.4372986 0 0 0 0 0 0 0 0 0 0 0 0 0 0 0 0 0 0 0 0 0 0 0 0 0 0 0 0 0 0 0 0 0 0 0 0 0 0 0 0 0 0 0 0 0 0 0 0 0 0 0 0 0 0 0 0 0 0 0 0 0 0 0 0 0 0 0 0 0 0 0 0 0 0 0 0 0 0 0 0 0 0 0 0 0 0 0 0 0 0 0 
0 0 0 0 0 0 0 0 0 0 0 0 0 0 0 0 0 0 0 0 0 0 0 0 0 0 0 0 0 0 0 0 0 0 0 0 0 0 0 0 0 0 0 0 0 0 0 0 0 0 0 0 0 0 0 0 0 0 0 0 0 0 0 0 0 0 0 0 0 0 0 0 0 0 0 0 0 0 0 0 0 0 0 0 0 0 0 0 1.151963552e-40 0 0 3.928708574e-39 0 5.579177625 1.658917039e-33 1.595825794e-37 5.305702376e-51 0.6230304284 503.6337997 6.908902516 0 3.919001543e-42 0 9.593472481e-15 2.288602977e-11 1.677180391e-25 990.979239 1.780408961e-11 0 7.649564457e-16 7.156771403e-35 1364.457105 1927.399125 2.126815405e-07 0 6.463739228e-12 0 0.0005048152117 12.9433387 1.671360703e-11 2.137979163e-19 0 0.009434500412 0 0.08590505848 0 979.2108207 6.575013371e-10 5.764528473e-19 0 0 0 2326.373631 5.547371337e-15 3343.732972 3148.304821 8.321783563e-12 1.081106433e-18 963.1596419 989.1135642 0 5.912659471e-14 6.236463369e-18 0 1.416968662e-43 1.15268259e-17 3.497713649e-14 1260.269922 5.978053086e-41 5.377493679e-33 506.6265038 1.156523408e-35 0 0 18.94250194 377.4060604 441.6984703 0 0 481.0189114 1.40089593e-15 6.403791196e-05 3.472673862e-44 350.9782742 0 0 0 0 0 0 0 0 0 0 0 0 0 0 0 0 0 0 0 0 0 0 0 0 0 0 0 0 0 0 0 0 0 0 0 0 0 0 0 0 0 0 0 0 0 0 0 0 0 0 0 0 0 0 0 0 0 0 0 0 0 0 0 0 0 0 0 0 0 0 0 0 0 0 0 0 0 0 0 0 0 0 0 0 0 0 0 0 0 0 0 0 
0 0 0 0 0 0 0 0 0 0 0 0 0 0 0 0 0 0 0 0 0 0 0 0 0 0 0 0 0 0 0 0 0 0 0 0 0 0 0 0 0 0 0 0 0 0 0 0 0 0 0 0 0 0 0 0 0 0 0 0 0 0 0 0 0 0 0 0 0 0 0 0 0 0 0 0 0 0 0 0 0 0 0 0 0 0 0 0 0 0 0 0 1.189476362e-06 0 0 563.8878145 381.1474174 9.706789275 0 1.656750356e-14 6.280747187e-19 4.256299786e-20 0 786.4401981 4.745814895e-06 1147.316335 468.2597692 1428.839562 8.896627736e-48 0.05287537453 0 2.426558802e-09 1.341031815e-18 0 0.0598031017 0 2.220971004e-13 1025.829477 2706.792435 2.049634967e-26 4.197905639e-44 1584.979688 4.529916584e-11 2172.208471 1.403699896 0 3.543000496e-26 2199.456057 2352.812526 3.766580853e-44 0 0 1242.269894 0 1.186336571e-12 0 2.834173302e-10 7.637106788e-30 1795.92867 4.059939877e-08 8.238352307e-33 1696.943007 0 4.549928898e-41 0.1353311654 0 0 7.350378743e-36 2.485672524e-19 1021.338641 2.956648369e-43 1265.572295 718.1064238 5.119039866e-25 3.296766729e-11 0 0 20.27992076 0.00146057955 1.696471174e-40 283.8528407 0 0 7.025341391e-34 0 3.680695119e-27 0 0 0 0 0 0 0 0 0 0 0 0 0 0 0 0 0 0 0 0 0 0 0 0 0 0 0 0 0 0 0 0 0 0 0 0 0 0 0 0 0 0 0 0 0 0 0 0 0 0 0 0 0 0 0 0 0 0 0 0 0 0 0 0 0 0 0 0 0 0 0 0 0 0 0 0 0 0 0 0 0 0 0 0 0 0 0 0 0 0 
0 0 0 0 0 0 0 0 0 0 0 0 0 0 0 0 0 0 0 0 0 0 0 0 0 0 0 0 0 0 0 0 0 0 0 0 0 0 0 0 0 0 0 0 0 0 0 0 0 0 0 0 0 0 0 0 0 0 0 0 0 0 0 0 0 0 0 0 0 0 0 0 0 0 0 0 0 0 0 0 0 0 0 0 0 0 0 0 0 0 0 4.399564311e-39 38.19597532 0 0 0 1.15055072e-19 194.6684538 0 593.4637027 18.99924774 1237.63602 1042.466311 1513.632028 1.346090832e-40 2.993657808e-07 0 2.215948566e-21 1.297864929e-13 1.28129884e-48 1.971908591e-34 0 0 9.165369125e-13 2.105014609e-17 1.10763594e-18 0 3.18407858e-37 3.845841055e-29 0 0.001563536949 0 0 1.331932416e-40 0 143.232095 1173.202656 0 2481.805318 4.853116125e-32 0.03731976522 0 1.032053252e-19 7.980691005e-31 1849.413797 151.1232003 229.6314279 1.493428548e-13 0.01027590719 4.37152785e-35 3.064307499e-19 0 5.409853168e-21 5.115799281e-27 4.365321131e-46 0 6.16897984e-30 2.050159875e-17 1157.529829 1.284782977e-05 2.994061415e-31 1.88352482e-29 0 9.840941775e-06 0.0711483266 0 0.04288498878 0 109.9471847 0.001089370312 0 1.865183399e-16 947.4665167 0 0 0 1.474031381 0 0 0 0 0 0 0 0 0 0 0 0 0 0 0 0 0 0 0 0 0 0 0 0 0 0 0 0 0 0 0 0 0 0 0 0 0 0 0 0 0 0 0 0 0 0 0 0 0 0 0 0 0 0 0 0 0 0 0 0 0 0 0 0 0 0 0 0 0 0 0 0 0 0 0 0 0 0 0 0 0 0 0 0 0 0 0 0 0 
0 0 0 0 0 0 0 0 0 0 0 0 0 0 0 0 0 0 0 0 0 0 0 0 0 0 0 0 0 0 0 0 0 0 0 0 0 0 0 0 0 0 0 0 0 0 0 0 0 0 0 0 0 0 0 0 0 0 0 0 0 0 0 0 0 0 0 0 0 0 0 0 0 0 0 0 0 0 0 0 0 0 0 0 0 0 0 0 0 0 5.102370918e-48 0 0 5.544083502e-06 0.0003676454762 0 0 1.201666748e-39 2.205646285e-05 0 799.3451032 0 1012.826923 2.310601855e-38 8.509145492e-27 1.215202064e-06 350.729214 5.259472122e-07 6.109504069e-13 1452.843021 0 0 5.337479866e-44 0 0 2.850671289e-13 452.1954437 9.907512487e-43 6.982261949e-31 4.657020697e-48 2550.724803 0 3631.201193 3122.540886 0 2.099655435e-28 1.691696428e-29 0 0 0 2.316801392e-21 1557.601173 4.933506282e-20 0 1.609425923e-09 0 1.887230064e-44 1309.817823 0 57.85624312 3.232259541e-14 2294.33964 0 0 1.34374616e-38 0 5.689252576e-18 2.69905395e-10 116.605195 2.194829191e-39 1.341133017e-09 1449.452999 0 969.7465452 806.4278707 0 0 0 0 320.5563015 1.753406574e-34 0 0 1.542633624e-33 16.71778986 2.685547987e-20 0 0 0 0 0 0 0 0 0 0 0 0 0 0 0 0 0 0 0 0 0 0 0 0 0 0 0 0 0 0 0 0 0 0 0 0 0 0 0 0 0 0 0 0 0 0 0 0 0 0 0 0 0 0 0 0 0 0 0 0 0 0 0 0 0 0 0 0 0 0 0 0 0 0 0 0 0 0 0 0 0 0 0 0 0 0 0 0 0 0 
0 0 0 0 0 0 0 0 0 0 0 0 0 0 0 0 0 0 0 0 0 0 0 0 0 0 0 0 0 0 0 0 0 0 0 0 0 0 0 0 0 0 0 0 0 0 0 0 0 0 0 0 0 0 0 0 0 0 0 0 0 0 0 0 0 0 0 0 0 0 0 0 0 0 0 0 0 0 0 0 0 0 0 0 0 0 0 0 0 0 0 0 0 8.748956526e-30 0 0 5.349145173e-36 0 307.9618249 177.3300679 129.0606018 478.9442206 1.103975568 1193.26176 1.566843782e-09 1427.086467 0 301.6834867 0.0222704478 3.040196428e-08 0 6.817041195 1557.454397 0 9.974647745e-10 9.676921016e-09 3198.237519 0.0009852963741 0 2720.19067 4.018500366e-08 5.416325545e-39 1.128324336e-46 1.294813828e-05 1811.367949 368.8568791 2841.283871 4.997642073e-29 3.82863746e-09 16.46709343 208.0137876 0.2833750726 0 2.058889557e-14 1.404887852e-42 0.7641787314 0 0 5.55509429e-41 193.4692355 4.683282578e-31 2042.158564 5.156695889e-35 4.868471915e-15 1582.970358 23.98504658 1101.518731 1821.465812 5.565287211e-10 0 1.369627665e-06 114.7764932 0.003100382696 683.0726133 631.0295714 664.2295955 0 0 0 460.9456648 2.915556656e-12 0 0 6.135515086e-35 0 0 0 0 0 0 0 0 0 0 0 0 0 0 0 0 0 0 0 0 0 0 0 0 0 0 0 0 0 0 0 0 0 0 0 0 0 0 0 0 0 0 0 0 0 0 0 0 0 0 0 0 0 0 0 0 0 0 0 0 0 0 0 0 0 0 0 0 0 0 0 0 0 0 0 0 0 0 0 0 0 0 0 0 0 0 0 0 0 0 0 0 
0 0 0 0 0 0 0 0 0 0 0 0 0 0 0 0 0 0 0 0 0 0 0 0 0 0 0 0 0 0 0 0 0 0 0 0 0 0 0 0 0 0 0 0 0 0 0 0 0 0 0 0 0 0 0 0 0 0 0 0 0 0 0 0 0 0 0 0 0 0 0 0 0 0 0 0 0 0 0 0 0 0 0 0 0 0 0 0 0 17.11122545 0.002754476894 0.06041627463 0 472.6950828 613.9310738 5.252642059e-21 1.262673673e-32 3.674109181e-17 855.8703489 1.105920942e-45 2.416863818e-19 0 0 0 939.6186005 3.177081896e-20 0 1220.048459 2.541281155e-39 1515.434145 60.77142357 4.282063029e-43 2861.229659 3.119147517e-21 1150.621163 1190.436602 0.003075147052 1291.293445 1.342554259e-19 2955.607942 7.733697096e-33 0 712.85302 1.248989963e-33 0 0 3.007823531e-30 3574.418761 5.975207221e-37 2661.117216 2.255405478e-19 0 8.814794813 27.20719055 1987.463895 0 0 0 9.45727194e-25 4.740065414 0 1.243797645e-07 0 0 3.955220818e-22 0 8.382160432e-42 0 2.455580824e-29 561.8501512 0 0 0 0.1172976054 427.5749339 1.020619113e-27 0 4.605673334e-40 572.6619196 0 719.0808486 8.743489206e-11 144.4419927 9.216175245e-14 3.848209169e-09 0 0 6.07140431e-13 0 0 0 0 0 0 0 0 0 0 0 0 0 0 0 0 0 0 0 0 0 0 0 0 0 0 0 0 0 0 0 0 0 0 0 0 0 0 0 0 0 0 0 0 0 0 0 0 0 0 0 0 0 0 0 0 0 0 0 0 0 0 0 0 0 0 0 0 0 0 0 0 0 0 0 0 0 0 0 0 0 0 0 0 0 0 0 0 
0 0 0 0 0 0 0 0 0 0 0 0 0 0 0 0 0 0 0 0 0 0 0 0 0 0 0 0 0 0 0 0 0 0 0 0 0 0 0 0 0 0 0 0 0 0 0 0 0 0 0 0 0 0 0 0 0 0 0 0 0 0 0 0 0 0 0 0 0 0 0 0 0 0 0 0 0 0 0 0 0 0 0 0 0 0 0 0 0 0 1.860864163 0 1.523242305e-15 5.857784818e-21 0 1.677757574e-20 7.78944313e-38 2.599297091e-17 0 345.626554 221.4129203 0 1.084818096e-18 0 1.607078479e-42 844.7493175 0 0.2254217582 669.6728498 0 155.9428789 0 1843.364438 1.179759114e-39 0 2.146167871e-10 7.780282872e-41 1730.975052 0 1763.403737 0.0001169172459 3.551502594e-15 0 2.416258492e-07 0 24.49767689 5.882075614e-22 4.650777858e-39 9.976657197e-37 0 0 3557.883592 2140.452142 1519.500237 3.768766128e-46 2779.139492 0 7.154409953e-34 1294.192549 4.148548287e-40 4.0635793e-37 4.049338463 2692.840756 1946.845965 0.004261847856 1771.695346 4.086610741e-13 1425.774255 6.740228179e-22 19.3956048 7.652434273e-07 2.715519545e-09 3.393620572e-34 0 5.792470935e-39 7.508637979e-35 585.1518287 4.322862867e-38 185.1484383 4.649475517e-36 0 325.7218322 4.985415135e-15 0 1.494545248e-14 0 117.2273755 0 0 0 0 0 0 0 0 0 0 0 0 0 0 0 0 0 0 0 0 0 0 0 0 0 0 0 0 0 0 0 0 0 0 0 0 0 0 0 0 0 0 0 0 0 0 0 0 0 0 0 0 0 0 0 0 0 0 0 0 0 0 0 0 0 0 0 0 0 0 0 0 0 0 0 0 0 0 0 0 0 0 0 0 0 0 0 0 0 
0 0 0 0 0 0 0 0 0 0 0 0 0 0 0 0 0 0 0 0 0 0 0 0 0 0 0 0 0 0 0 0 0 0 0 0 0 0 0 0 0 0 0 0 0 0 0 0 0 0 0 0 0 0 0 0 0 0 0 0 0 0 0 0 0 0 0 0 0 0 0 0 0 0 0 0 0 0 0 0 0 0 0 0 0 0 0 0 0 0 0 0 0 0 0 1.54971172e-38 6.449264839e-13 5.875501074e-16 158.3929997 3.311718905e-51 8.166812567e-20 0 0 1.999394908e-40 967.4173437 9.814161156e-32 1.985550722e-08 0 533.0207414 4.020108813e-19 0 0 49.27005141 4.052667128e-43 0 6.655327049e-27 1865.626216 0 2120.132895 0 2.225849244e-40 2.979676066e-20 3353.654531 0 0 0 6.667231383e-36 0 0 4.915506681e-44 6.608997007e-28 2387.792604 1.741427971e-10 2025.840829 3115.052416 37.98754419 1880.683407 1483.349519 1.131537959e-33 1.983173159e-27 0.02211839646 8.117985908 5.572181117e-42 0 1361.840155 0 0 4.870335335e-13 2.922799772e-47 1.220654208e-43 0 0 0 0.3483623853 9.35291384 0 6.547586235e-36 1.000664423e-11 0.6717506644 0 1.91531474e-13 5.686678355e-43 107.8003686 38.38356087 0 0 0 0 0 0 0 0 0 0 0 0 0 0 0 0 0 0 0 0 0 0 0 0 0 0 0 0 0 0 0 0 0 0 0 0 0 0 0 0 0 0 0 0 0 0 0 0 0 0 0 0 0 0 0 0 0 0 0 0 0 0 0 0 0 0 0 0 0 0 0 0 0 0 0 0 0 0 0 0 0 0 0 0 0 0 0 0 0 0 0 0 
0 0 0 0 0 0 0 0 0 0 0 0 0 0 0 0 0 0 0 0 0 0 0 0 0 0 0 0 0 0 0 0 0 0 0 0 0 0 0 0 0 0 0 0 0 0 0 0 0 0 0 0 0 0 0 0 0 0 0 0 0 0 0 0 0 0 0 0 0 0 0 0 0 0 0 0 0 0 0 0 0 0 0 0 0 0 0 0 0 0 0 0 0 6.423626628e-51 91.27048571 0 0 0 0 677.474288 1.183191249e-48 0 0 0 1.56398815e-13 0 2.11641141e-39 0 199.5814295 0 8.966367777e-27 2.344034697e-32 0 0 0.308501734 0 0 0 0 2.589796797e-08 3.208856194e-10 0 7.661284846e-17 2811.599758 0 0 0 0 1.162610082e-26 0 0 2719.847711 2.069480727e-12 0 2.299850258e-15 2.801116067e-36 897.3876231 4.362968301e-22 1.387910985e-45 2.323789728 3.247416085e-25 631.7198396 0 0 2.662183542e-48 0 111.1316104 0 2.751467361e-26 232.6627586 0 3.304491173 6.222597131e-38 0 0 0 3.67963734e-38 0 3.18573802e-45 0 0 0 0 0 0.0001313708086 0 0 0 0 0 0 0 0 0 0 0 0 0 0 0 0 0 0 0 0 0 0 0 0 0 0 0 0 0 0 0 0 0 0 0 0 0 0 0 0 0 0 0 0 0 0 0 0 0 0 0 0 0 0 0 0 0 0 0 0 0 0 0 0 0 0 0 0 0 0 0 0 0 0 0 0 0 0 0 0 0 0 0 0 0 0 0 0 0 0 0 
0 0 0 0 0 0 0 0 0 0 0 0 0 0 0 0 0 0 0 0 0 0 0 0 0 0 0 0 0 0 0 0 0 0 0 0 0 0 0 0 0 0 0 0 0 0 0 0 0 0 0 0 0 0 0 0 0 0 0 0 0 0 0 0 0 0 0 0 0 0 0 0 0 0 0 0 0 0 0 0 0 0 0 0 0 0 0 0 8.36084679e-44 0 1.549152548e-44 0 0 0 0.9564462855 0 0 0 0 3.380981848e-48 0 0 3.420193007e-33 0 2.601410334e-31 0 1.170955156e-44 0 0 3.987995284e-36 0 0 0 3.127659787e-31 0 0 0 0 0 0 0 0 0 1.06856384e-48 0 8.49241505e-13 0 0 0 0 0 0 0 0 0 0 0 0 0 3.199388655e-30 0.01925433238 0 0 0 0 0 0 6.517741139e-16 0 0 0 2.342506409e-47 0 838.0340848 0 0 0 0 0 0 63.02768047 0 1.11264348e-44 0 0 0 0 0 0 0 0 0 0 0 0 0 0 0 0 0 0 0 0 0 0 0 0 0 0 0 0 0 0 0 0 0 0 0 0 0 0 0 0 0 0 0 0 0 0 0 0 0 0 0 0 0 0 0 0 0 0 0 0 0 0 0 0 0 0 0 0 0 0 0 0 0 0 0 0 0 0 0 0 0 0 0 0 0 0 0 0 0 0 0 0 0 
0 0 0 0 0 0 0 0 0 0 0 0 0 0 0 0 0 0 0 0 0 0 0 0 0 0 0 0 0 0 0 0 0 0 0 0 0 0 0 0 0 0 0 0 0 0 0 0 0 0 0 0 0 0 0 0 0 0 0 0 0 0 0 0 0 0 0 0 0 0 0 0 0 0 0 0 0 0 0 0 0 0 0 0 0 0 0 0 0 0 0 0 0 0 0 0 0 0 0 0 0 0 0 0 0 0 0 0 0 0 0 0 0 0 0 0 0 0 0 0 0 0 0 0 0 0 0 0 0 0 0 0 0 0 0 0 0 0 0 0 0 0 0 0 0 0 0 0 0 0 0 0 0 0 0 0 742.0436307 0 0 0 0 0 0 0 0 0 0 0 0 0 0 0 0 0 0 0 0 0 0 0 0 0 0 0 0 0 0 0 0 0 0 0 0 0 0 0 0 0 0 0 0 0 0 0 0 0 0 0 0 0 0 0 0 0 0 0 0 0 0 0 0 0 0 0 0 0 0 0 0 0 0 0 0 0 0 0 0 0 0 0 0 0 0 0 0 0 0 0 0 0 0 0 0 0 0 0 
0 0 0 0 0 0 0 0 0 0 0 0 0 0 0 0 0 0 0 0 0 0 0 0 0 0 0 0 0 0 0 0 0 0 0 0 0 0 0 0 0 0 0 0 0 0 0 0 0 0 0 0 0 0 0 0 0 0 0 0 0 0 0 0 0 0 0 0 0 0 0 0 0 0 0 0 0 0 0 0 0 0 0 0 0 0 0 0 0 0 0 0 0 0 0 0 0 0 0 0 0 0 0 0 0 0 0 0 0 0 0 0 0 0 0 0 0 0 0 0 0 0 0 0 0 0 0 0 0 0 0 0 0 0 0 0 0 0 0 0 0 0 0 0 0 0 0 0 0 0 0 0 0 0 0 0 0 0 0 0 0 0 0 0 0 0 0 0 0 0 0 0 0 0 0 0 0 0 0 0 0 0 0 0 0 0 0 0 0 0 0 0 0 0 0 0 0 0 0 0 0 0 0 0 0 0 0 0 0 0 0 0 0 0 0 0 0 0 0 0 0 0 0 0 0 0 0 0 0 0 0 0 0 0 0 0 0 0 0 0 0 0 0 0 0 0 0 0 0 0 0 0 0 0 0 0 
0 0 0 0 0 0 0 0 0 0 0 0 0 0 0 0 0 0 0 0 0 0 0 0 0 0 0 0 0 0 0 0 0 0 0 0 0 0 0 0 0 0 0 0 0 0 0 0 0 0 0 0 0 0 0 0 0 0 0 0 0 0 0 0 0 0 0 0 0 0 0 0 0 0 0 0 0 0 0 0 0 0 0 0 0 0 0 0 0 0 0 0 0 0 0 0 0 0 0 0 0 0 0 0 0 0 0 0 0 0 0 0 0 0 0 0 0 0 0 0 0 0 0 0 0 0 0 0 0 0 0 0 0 0 0 0 0 0 0 0 0 0 0 0 0 0 0 0 0 0 0 0 0 0 0 0 0 0 0 0 0 0 0 0 0 0 0 0 0 0 0 0 0 0 0 0 0 0 0 0 0 0 0 0 0 0 0 0 0 0 0 0 0 0 0 0 0 0 0 0 0 0 0 0 0 0 0 0 0 0 0 0 0 0 0 0 0 0 0 0 0 0 0 0 0 0 0 0 0 0 0 0 0 0 0 0 0 0 0 0 0 0 0 0 0 0 0 0 0 0 0 0 0 0 0 0 
0 0 0 0 0 0 0 0 0 0 0 0 0 0 0 0 0 0 0 0 0 0 0 0 0 0 0 0 0 0 0 0 0 0 0 0 0 0 0 0 0 0 0 0 0 0 0 0 0 0 0 0 0 0 0 0 0 0 0 0 0 0 0 0 0 0 0 0 0 0 0 0 0 0 0 0 0 0 0 0 0 0 0 0 0 0 0 0 0 0 0 0 0 0 0 0 0 0 0 0 0 0 0 0 0 0 0 0 0 0 0 0 0 0 0 0 0 0 0 0 0 0 0 0 0 0 0 0 0 0 0 0 0 0 0 0 0 0 0 0 0 0 0 0 0 0 0 0 0 0 0 0 0 0 0 0 0 0 0 0 0 0 0 0 0 0 0 0 0 0 0 0 0 0 0 0 0 0 0 0 0 0 0 0 0 0 0 0 0 0 0 0 0 0 0 0 0 0 0 0 0 0 0 0 0 0 0 0 0 0 0 0 0 0 0 0 0 0 0 0 0 0 0 0 0 0 0 0 0 0 0 0 0 0 0 0 0 0 0 0 0 0 0 0 0 0 0 0 0 0 0 0 0 0 0 0 
0 0 0 0 0 0 0 0 0 0 0 0 0 0 0 0 0 0 0 0 0 0 0 0 0 0 0 0 0 0 0 0 0 0 0 0 0 0 0 0 0 0 0 0 0 0 0 0 0 0 0 0 0 0 0 0 0 0 0 0 0 0 0 0 0 0 0 0 0 0 0 0 0 0 0 0 0 0 0 0 0 0 0 0 0 0 0 0 0 0 0 0 0 7.879283719e-35 0 0 0 0 0 0 0 0 0 0 0 0 0 0 0 0 0 0 0 0 0 0 0 0 0 0 0.08187698008 0 0 0 0 0 0 3.902740297e-49 0 0 0 0 0 0 0 0 0 0 0 0 0 0 0 0 0 0 0 0 0 112.7978757 8.959907673e-53 0 0 0 0 0 0 0 0 0 0 0 0 0 0 0 0 0 0 0 0 0 0 0 0 0 0 0 0 0 0 0 0 0 0 0 0 0 0 0 0 0 0 0 0 0 0 0 0 0 0 0 0 0 0 0 0 0 0 0 0 0 0 0 0 0 0 0 0 0 0 0 0 0 0 0 0 0 0 0 0 0 0 0 0 0 0 0 0 0 0 0 0 0 0 0 0 0 0 0 0 0 0 0 0 0 
0 0 0 0 0 0 0 0 0 0 0 0 0 0 0 0 0 0 0 0 0 0 0 0 0 0 0 0 0 0 0 0 0 0 0 0 0 0 0 0 0 0 0 0 0 0 0 0 0 0 0 0 0 0 0 0 0 0 0 0 0 0 0 0 0 0 0 0 0 0 0 0 0 0 0 0 0 0 0 0 0 0 0 0 0 0 0 0 0 0 0 0 0 0 0 0 6.843239526e-41 0 0 0 0 0 0 0 0 0 0 0 0 0 0 0 0 0 0 0 0 0 0 6.502371853e-38 0 0 0 0 0 0 0 0 0 0 0 0 0 3.473276195e-35 0 0 0 0 0 0 0 0 0 0 0 0 0 0 0 0 0 0 0 0 0 0 0 0 7.859124341e-55 0 2.467088296e-21 2.030698689e-57 0 0 0 0 0 0 0 0 0 0 0 0 0 0 0 0 0 0 0 0 0 0 0 0 0 0 0 0 0 0 0 0 0 0 0 0 0 0 0 0 0 0 0 0 0 0 0 0 0 0 0 0 0 0 0 0 0 0 0 0 0 0 0 0 0 0 0 0 0 0 0 0 0 0 0 0 0 0 0 0 0 0 0 0 0 0 0 0 0 0 0 0 0 0 
0 0 0 0 0 0 0 0 0 0 0 0 0 0 0 0 0 0 0 0 0 0 0 0 0 0 0 0 0 0 0 0 0 0 0 0 0 0 0 0 0 0 0 0 0 0 0 0 0 0 0 0 0 0 0 0 0 0 0 0 0 0 0 0 0 0 0 0 0 0 0 0 0 0 0 0 0 0 0 0 0 0 0 0 0 0 0 0 0 0 0 0 0 0 0 0 2.001488411e-23 0 0 0 0 0 0 0 0 0 0 0 0 0 4.188233751e-46 0 0 0 0 0 0.001122362155 0 0 0 0 0 0 0 0 0 0 0 0 0 0 0 0 0 0 0 0 0 0 0 0 0 0 0 0 0 0 0 2.300911652e-31 0 0 0 0 0 0 0 0 0 0 0 0 0 0 0 0 0 0 0 0 0 0 0 0 0 0 0 0 0 0 0 0 0 0 0 0 0 0 0 0 0 0 0 0 0 0 0 0 0 0 0 0 0 0 0 0 0 0 0 0 0 0 0 0 0 0 0 0 0 0 0 0 0 0 0 0 0 0 0 0 0 0 0 0 0 0 0 0 0 0 0 0 0 0 0 0 0 0 0 0 0 0 0 0 0 0 0 
0 0 0 0 0 0 0 0 0 0 0 0 0 0 0 0 0 0 0 0 0 0 0 0 0 0 0 0 0 0 0 0 0 0 0 0 0 0 0 0 0 0 0 0 0 0 0 0 0 0 0 0 0 0 0 0 0 0 0 0 0 0 0 0 0 0 0 0 0 0 0 0 0 0 0 0 0 0 0 0 0 0 0 0 0 0 0 0 0 0 0 0 107.075504 0 0 0 0 0 0 0 0 0 0 0 0 0 0 0 0 0 0 0 0 0 0 0 0 0 0 0 0 0 0 0 0 0 1.75848762e-38 0 0 0 0 0 0 0 0 0 0 0 0 0 0 0 0 0 0 0 0 0 0 0 0 0 0 0 0 0 0 0 0 0 0 3.037012561e-33 0 0 0 0 0 0 0 0 0 0 0 0 0 0 0 0 0 0 0 0 0 0 0 0 0 0 0 0 0 0 0 0 0 0 0 0 0 0 0 0 0 0 0 0 0 0 0 0 0 0 0 0 0 0 0 0 0 0 0 0 0 0 0 0 0 0 0 0 0 0 0 0 0 0 0 0 0 0 0 0 0 0 0 0 0 0 0 0 0 0 0 0 0 0 
0 0 0 0 0 0 0 0 0 0 0 0 0 0 0 0 0 0 0 0 0 0 0 0 0 0 0 0 0 0 0 0 0 0 0 0 0 0 0 0 0 0 0 0 0 0 0 0 0 0 0 0 0 0 0 0 0 0 0 0 0 0 0 0 0 0 0 0 0 0 0 0 0 0 0 0 0 0 0 0 0 0 0 0 0 0 0 0 0 0 0 0 0 0 0 0 0 0 0 0 0 0 7.764463959e-36 0 0 0 0 0 0 0 0 0 0 0 0 0 1.293004453e-47 0 0 0 0 0 0 0 0 0 0 0 0 0 0 0 0 0 0 0 0 0 0 0 0 0 0 0 0 1.821473491e-19 0 0 0 0 0 0 0 0 0 0 0 0 0 0 0 0 0 5.451002191e-35 0 0 0 0 0 0 0 0 0 0 0 0 0 0 0 0 0 0 0 0 0 0 0 0 0 0 0 0 0 0 0 0 0 0 0 0 0 0 0 0 0 0 0 0 0 0 0 0 0 0 0 0 0 0 0 0 0 0 0 0 0 0 0 0 0 0 0 0 0 0 0 0 0 0 0 0 0 0 0 0 0 0 0 0 0 0 0 0 0 0 0 0 
0 0 0 0 0 0 0 0 0 0 0 0 0 0 0 0 0 0 0 0 0 0 0 0 0 0 0 0 0 0 0 0 0 0 0 0 0 0 0 0 0 0 0 0 0 0 0 0 0 0 0 0 0 0 0 0 0 0 0 0 0 0 0 0 0 0 0 0 0 0 0 0 0 0 0 0 0 0 0 0 0 0 0 0 0 0 0 0 0 0 0 0 0 0 0 0 0.0002842637795 0 0 0 0 0 2.777191198e-40 0 0 0 0 0 0 0 0 0 0 2.151366916e-30 0 0 0 0 0 0 0 2.340794737e-37 0 0 0 0 5.378666316e-59 0 0 0 0 0 3.46230514e-20 0 9.012032142e-40 0 0 0 0 0 0 0 0 0 0 0 0 0 0 0 0 0 0 0 0 0 0 0 0 0 0 0 3.148961136e-47 0 0 0 0 0 0 0 0 0 0 0 0 0 0 0 0 0 0 0 0 0 0 0 0 0 0 0 0 0 0 0 0 0 0 0 0 0 0 0 0 0 0 0 0 0 0 0 0 0 0 0 0 0 0 0 0 0 0 0 0 0 0 0 0 0 0 0 0 0 0 0 0 0 0 0 0 0 0 0 0 0 0 0 0 0 0 0 0 0 0 0 0 0 
0 0 0 0 0 0 0 0 0 0 0 0 0 0 0 0 0 0 0 0 0 0 0 0 0 0 0 0 0 0 0 0 0 0 0 0 0 0 0 0 0 0 0 0 0 0 0 0 0 0 0 0 0 0 0 0 0 0 0 0 0 0 0 0 0 0 0 0 0 0 0 0 0 0 0 0 0 0 0 0 0 0 0 0 0 0 0 0 0 0 0 0 0 0 0 0 8.476204685e-68 0 0 0 0 1.075284246e-42 0 1.985789436e-39 0 1.73363394e-20 0 0 9.240115168e-06 1.15755912e-20 3.289886828e-64 0 0 0 0 1.37865607e-59 2.308067084e-68 0 0 3.516379805e-55 0 0 0 0 0 0 0 0 0 0 2.483862039e-42 0 0 0 0 0 1.649052775e-64 0 0 0 0 0 4.221792934e-19 0 0 0 0 0 0 0 3.914217475e-28 0 0 0 0 0 0 0 0 0 0 0 0 0 0 0 0 0 0 0 0 0 0 0 0 0 0 0 0 0 0 0 0 0 0 0 0 0 0 0 0 0 0 0 0 0 0 0 0 0 0 0 0 0 0 0 0 0 0 0 0 0 0 0 0 0 0 0 0 0 0 0 0 0 0 0 0 0 0 0 0 0 0 0 0 0 0 0 0 0 0 0 0 0 0 0 0 0 0 0 0 0 0 0 0 0 
0 0 0 0 0 0 0 0 0 0 0 0 0 0 0 0 0 0 0 0 0 0 0 0 0 0 0 0 0 0 0 0 0 0 0 0 0 0 0 0 0 0 0 0 0 0 0 0 0 0 0 0 0 0 0 0 0 0 0 0 0 0 0 0 0 0 0 0 0 0 0 0 0 0 0 0 0 0 0 0 0 0 0 0 0 0 0 0 0 0 0 0 0 0 5.192563743e-30 0 2.592459205e-06 0 0 6.022132636e-30 0 2.849140584e-23 0 0 0 0 0 0 0 0 0 0 0 0 3.897021387e-34 0 0 0 0 0 4.502973043e-64 5.925185241e-23 0 0 0 0 1.740358854e-20 0 3.099282258e-29 0 0 0 0 0 0 0 0 0 7.449325569e-08 0 0 0 0 0 0 2.299050996e-47 7.557861475e-39 0 0 3.507003087e-66 0 1.959276494e-05 0 2.913642424e-35 0 0 0 0 0 0 0 0 0 0 0 0 0 0 0 0 0 0 0 0 0 0 0 0 0 0 0 0 0 0 0 0 0 0 0 0 0 0 0 0 0 0 0 0 0 0 0 0 0 0 0 0 0 0 0 0 0 0 0 0 0 0 0 0 0 0 0 0 0 0 0 0 0 0 0 0 0 0 0 0 0 0 0 0 0 0 0 0 0 0 0 0 0 0 0 0 0 0 0 0 0 0 
0 0 0 0 0 0 0 0 0 0 0 0 0 0 0 0 0 0 0 0 0 0 0 0 0 0 0 0 0 0 0 0 0 0 0 0 0 0 0 0 0 0 0 0 0 0 0 0 0 0 0 0 0 0 0 0 0 0 0 0 0 0 0 0 0 0 0 0 0 0 0 0 0 0 0 0 0 0 0 0 0 0 0 0 0 0 0 0 0 0 0 0 0 0 0 0 0 0 0 1.432565351e-40 0 0 0 0 0 0 0 0 5.266551005e-17 3.508351698e-53 7.393265561e-43 0 0 6.03352605e-67 2.073722711e-26 0 0 0 8.558741948e-12 0 6.160635686e-62 0 9.968076557e-59 3.173412114e-38 0 0 0 0 0 3.034893744e-41 2.852176019e-55 0 0 0 0 0 1.880135118e-27 9.094167907e-22 0 0 0 0 0 0 0 0 0 0 6.426546221e-63 0 0 0 0 1.912325445e-67 0 1.075225699e-19 0 0 1.370478181e-15 0 0 0 0 0 0 0 0 0 0 0 0 0 0 0 0 0 0 0 0 0 0 0 0 0 0 0 0 0 0 0 0 0 0 0 0 0 0 0 0 0 0 0 0 0 0 0 0 0 0 0 0 0 0 0 0 0 0 0 0 0 0 0 0 0 0 0 0 0 0 0 0 0 0 0 0 0 0 0 0 0 0 0 0 0 0 0 0 0 0 0 0 0 0 0 0 0 
0 0 0 0 0 0 0 0 0 0 0 0 0 0 0 0 0 0 0 0 0 0 0 0 0 0 0 0 0 0 0 0 0 0 0 0 0 0 0 0 0 0 0 0 0 0 0 0 0 0 0 0 0 0 0 0 0 0 0 0 0 0 0 0 0 0 0 0 0 0 0 0 0 0 0 0 0 0 0 0 0 0 0 0 0 0 0 0 0 0 0 0 0 0 0 0 3.049490133e-25 0 2.338775919e-25 0 0 0 0 0 1.766130197e-27 0 0 0 0 0 0 2.61777174e-14 4.977512591e-12 1.320391281e-28 0 0 0 1.640901923e-40 5.863676261e-20 0 5.927737827e-11 0 7.330745901e-49 0 3.816092896e-42 0 2.556564819e-38 0 3.933592256e-51 0 1.901770485e-66 2.792762139e-09 0 1.165290818e-36 0 0 0 0 0 4.124396551e-45 7.694625404e-18 0 0 1.533889689e-08 0 0 0 0 6.37099277e-24 0 7.195505953e-32 1.643844502e-06 0 0 3.412754773e-17 1.436833199e-68 0 2.531283664e-51 0 0 0 1.312712676e-23 5.560930226e-51 0 0 0 3.625985329e-65 0 0 0 0 0 0 0 0 0 0 0 0 0 0 0 0 0 0 0 0 0 0 0 0 0 0 0 0 0 0 0 0 0 0 0 0 0 0 0 0 0 0 0 0 0 0 0 0 0 0 0 0 0 0 0 0 0 0 0 0 0 0 0 0 0 0 0 0 0 0 0 0 0 0 0 0 0 0 0 0 0 0 0 0 0 0 0 0 0 
0 0 0 0 0 0 0 0 0 0 0 0 0 0 0 0 0 0 0 0 0 0 0 0 0 0 0 0 0 0 0 0 0 0 0 0 0 0 0 0 0 0 0 0 0 0 0 0 0 0 0 0 0 0 0 0 0 0 0 0 0 0 0 0 0 0 0 0 0 0 0 0 0 0 0 0 0 0 0 0 0 0 0 0 0 0 0 0 0 0 0 0 0 0 2.521467043e-48 0 0 2.332041654e-06 7.047858799e-11 0 6.932151085e-13 0 2.259722089e-60 0 0 0 0 1.444252561e-61 0 2.991291487e-34 0 0 0 4.212839686e-21 0 0 3.708790265e-64 0 1.046746064e-20 0 7.15548027e-60 0 5.32969101e-16 2.602549681e-27 0 0 1.655098818e-52 0 0 0 0 0 1.433339553e-66 1.988789634e-14 0 0 0 0 0 0 0 0 5.904150636e-44 0 7.527381857e-27 5.489918396e-45 2.320409446e-30 0 0 4.355636019e-61 0 0 0 7.995108177e-45 5.316635594e-33 7.593846762e-16 1.999225033e-68 0 0 7.715811312e-30 0 0 0 0 2.857243934e-38 0 0 0 0 0 0 0 0 0 0 0 0 0 0 0 0 0 0 0 0 0 0 0 0 0 0 0 0 0 0 0 0 0 0 0 0 0 0 0 0 0 0 0 0 0 0 0 0 0 0 0 0 0 0 0 0 0 0 0 0 0 0 0 0 0 0 0 0 0 0 0 0 0 0 0 0 0 0 0 0 0 0 0 0 0 0 0 0 0 0 0 
0 0 0 0 0 0 0 0 0 0 0 0 0 0 0 0 0 0 0 0 0 0 0 0 0 0 0 0 0 0 0 0 0 0 0 0 0 0 0 0 0 0 0 0 0 0 0 0 0 0 0 0 0 0 0 0 0 0 0 0 0 0 0 0 0 0 0 0 0 0 0 0 0 0 0 0 0 0 0 0 0 0 0 0 0 0 0 0 0 0 0 0 0 0 0 0 2.365226312e-50 0 0 6.437788556e-34 0 0 0 4.767793037e-26 0 1.346026348e-21 6.934794283e-26 0 0 0 0 0 4.22781654e-07 0 2.30857262e-63 0 0 0 0 5.313741225e-56 0 0 6.756876334e-29 0 0 0 5.618597223e-55 3.527518273e-49 0 0 0 3.249640156e-29 0 0 0 9.094206972e-46 9.572996291e-63 0 1.747575829e-22 0 0 0 0 1.146495356e-47 8.877012641e-09 0 1.801247378e-56 4.750600634e-44 0 0 0 0 0 0 0 0 0 1.815063639e-30 0 0 0 0 7.33423854e-67 0 0 4.178761809e-48 0 0 0 0 0 0 0 0 0 0 0 0 0 0 0 0 0 0 0 0 0 0 0 0 0 0 0 0 0 0 0 0 0 0 0 0 0 0 0 0 0 0 0 0 0 0 0 0 0 0 0 0 0 0 0 0 0 0 0 0 0 0 0 0 0 0 0 0 0 0 0 0 0 0 0 0 0 0 0 0 0 0 0 0 0 0 0 0 0 0 
0 0 0 0 0 0 0 0 0 0 0 0 0 0 0 0 0 0 0 0 0 0 0 0 0 0 0 0 0 0 0 0 0 0 0 0 0 0 0 0 0 0 0 0 0 0 0 0 0 0 0 0 0 0 0 0 0 0 0 0 0 0 0 0 0 0 0 0 0 0 0 0 0 0 0 0 0 0 0 0 0 0 0 0 0 0 0 0 0 0 0 0 0 0 0 1.539597537e-54 0 0 1.777714218e-22 0 0 0 6.875408578e-22 0 2.014054888e-35 0 0 0 0 0 1.48955921e-62 0 5.454442023e-37 8.754668746e-68 0 0 0 0 1.859734907e-48 0 2.503405502e-37 0 0 1.221046267e-29 0 0 0 8.524163847e-21 3.165471861e-57 0 0 0 0 0 1.59082326e-15 0 0 0 2.386233719e-12 6.470525208e-64 0 1.473966919e-51 0 0 0 1.233861698e-43 0 0 0 3.396159566e-24 0 0 0 0 0 0 2.507085347e-31 0 1.254302741e-45 0 0 2.983686204e-60 3.26438082e-41 0 0 0 0 0 0 0 0 0 0 0 0 0 0 0 0 0 0 0 0 0 0 0 0 0 0 0 0 0 0 0 0 0 0 0 0 0 0 0 0 0 0 0 0 0 0 0 0 0 0 0 0 0 0 0 0 0 0 0 0 0 0 0 0 0 0 0 0 0 0 0 0 0 0 0 0 0 0 0 0 0 0 0 0 0 0 0 0 0 0 0 0 0 
0 0 0 0 0 0 0 0 0 0 0 0 0 0 0 0 0 0 0 0 0 0 0 0 0 0 0 0 0 0 0 0 0 0 0 0 0 0 0 0 0 0 0 0 0 0 0 0 0 0 0 0 0 0 0 0 0 0 0 0 0 0 0 0 0 0 0 0 0 0 0 0 0 0 0 0 0 0 0 0 0 0 0 0 0 0 0 0 0 0 1.408568531e-15 0 3.60084042e-67 0 7.894595363e-56 0 0 0 0 0 0 0 0 0 0 0 1.756591875e-29 0 6.038044863e-49 0 3.667978293e-63 1.623882064e-41 1.340544147e-36 0 0 1.774609437e-28 6.37206779e-28 0 0 0 0 0 0 0 0 0 0 0 0 0 0 1.485711033e-11 0 0 3.450794562e-60 0 3.064609073e-20 1.359867057e-31 0 5.62366307e-07 0 0 0 0 0 1.282016857e-41 0 0 5.294099895e-68 0 0 3.695555345e-32 0 0 1.275301655e-35 8.343486236e-22 0 3.096183848e-31 0 0 0 0 0 0 1.140181973e-63 0 0 0 0 0 0 0 0 0 0 0 0 0 0 0 0 0 0 0 0 0 0 0 0 0 0 0 0 0 0 0 0 0 0 0 0 0 0 0 0 0 0 0 0 0 0 0 0 0 0 0 0 0 0 0 0 0 0 0 0 0 0 0 0 0 0 0 0 0 0 0 0 0 0 0 0 0 0 0 0 0 0 0 0 0 0 0 0 0 0 0 
0 0 0 0 0 0 0 0 0 0 0 0 0 0 0 0 0 0 0 0 0 0 0 0 0 0 0 0 0 0 0 0 0 0 0 0 0 0 0 0 0 0 0 0 0 0 0 0 0 0 0 0 0 0 0 0 0 0 0 0 0 0 0 0 0 0 0 0 0 0 0 0 0 0 0 0 0 0 0 0 0 0 0 0 0 0 0 0 0 0 0 0 0 0 0 0 0 0 0 0 1.578922322e-11 1.082968557e-22 1.155245733e-15 1.873409236e-60 1.244951015e-55 0 0 0 0 0 0 0 0 7.101617241e-22 0 0 0 0 0 0 0 0 0 0 0 1.897419873e-28 0 1.0100161e-60 4.266896006e-44 0 0 0 0 0 0 0 0 0 0 4.786934717e-26 3.065938247e-15 0 7.04257864e-21 0 0 0 0 0 0 0 0 0 0 0 0 1.027355516e-45 0 3.448533048e-59 7.904684691e-42 2.959396402e-48 0 0 0 0 0 0 0 0 0 0 0 0 0 0 0 0 0 0 0 0 0 0 0 0 0 0 0 0 0 0 0 0 0 0 0 0 0 0 0 0 0 0 0 0 0 0 0 0 0 0 0 0 0 0 0 0 0 0 0 0 0 0 0 0 0 0 0 0 0 0 0 0 0 0 0 0 0 0 0 0 0 0 0 0 0 0 0 0 0 0 0 0 0 0 0 0 
0 0 0 0 0 0 0 0 0 0 0 0 0 0 0 0 0 0 0 0 0 0 0 0 0 0 0 0 0 0 0 0 0 0 0 0 0 0 0 0 0 0 0 0 0 0 0 0 0 0 0 0 0 0 0 0 0 0 0 0 0 0 0 0 0 0 0 0 0 0 0 0 0 0 0 0 0 0 0 0 0 0 0 0 0 0 0 0 0 0 0 0 0 3.139084897e-61 0 1.481645952e-20 0 1.514894003e-48 0 2.932404316e-47 2.135863599e-41 0 0 0 0 0 0 7.10648109e-23 0 0 0 0 0 0 0 0 0 0 0 0 0 0 1.119870914e-30 0 3.295353616e-49 0 0 0 0 0 1.634644398e-57 0 0 0 1.304222787e-63 1.912063514e-66 0 0 0 0 1.057568497e-56 0 0 0 7.633831421e-62 0 0 0 0 5.374636371e-65 7.582571932e-57 6.321101524e-32 0 0 0 3.803857364e-67 0 0 2.634497473e-42 0 0 0 0 0 0 0 0 0 0 0 0 0 0 0 0 0 0 0 0 0 0 0 0 0 0 0 0 0 0 0 0 0 0 0 0 0 0 0 0 0 0 0 0 0 0 0 0 0 0 0 0 0 0 0 0 0 0 0 0 0 0 0 0 0 0 0 0 0 0 0 0 0 0 0 0 0 0 0 0 0 0 0 0 0 0 0 0 0 0 0 0 0 0 0 0 0 
0 0 0 0 0 0 0 0 0 0 0 0 0 0 0 0 0 0 0 0 0 0 0 0 0 0 0 0 0 0 0 0 0 0 0 0 0 0 0 0 0 0 0 0 0 0 0 0 0 0 0 0 0 0 0 0 0 0 0 0 0 0 0 0 0 0 0 0 0 0 0 0 0 0 0 0 0 0 0 0 0 0 0 0 0 0 0 0 0 0 0 0 0 0 0 0 0 0 1.323883735e-65 1.187772668e-47 0 0 0 0 0 0 0 0 0 0 4.564189489e-30 6.971636485e-36 1.232851015e-76 0 0 0 0 0 0 0 0 7.281143356e-36 0 0 0 0 0 0 0 0 3.454816471e-41 0 0 0 0 0 0 0 1.438255522e-30 3.824945495e-25 0 5.159699324e-55 0 0 0 0 6.117999105e-65 0 0 0 0 0 0 0 0 0 0 0 0 0 0 0 0 0 0 0 0 0 0 0 0 0 0 0 0 0 0 0 0 0 0 0 0 0 0 0 0 0 0 0 0 0 0 0 0 0 0 0 0 0 0 0 0 0 0 0 0 0 0 0 0 0 0 0 0 0 0 0 0 0 0 0 0 0 0 0 0 0 0 0 0 0 0 0 0 0 0 0 0 0 0 0 0 0 0 0 0 0 0 0 0 0 0 0 0 0 
0 0 0 0 0 0 0 0 0 0 0 0 0 0 0 0 0 0 0 0 0 0 0 0 0 0 0 0 0 0 0 0 0 0 0 0 0 0 0 0 0 0 0 0 0 0 0 0 0 0 0 0 0 0 0 0 0 0 0 0 0 0 0 0 0 0 0 0 0 0 0 0 0 0 0 0 0 0 0 0 0 0 0 0 0 0 0 0 0 0 0 0 0 0 0 0 0 0 0 1.363228165e-29 0 0 0 0 0 0 0 0 0 0 0 0 0 0 0 0 0 0 0 0 0 6.567758388e-67 0 0 0 0 0 0 0 0 0 0 0 4.883045259e-46 0 0 0 0 1.04363134e-69 0 0 0 0 0 0 0 0 0 0 0 0 0 0 0 0 0 0 0 1.241420272e-41 0 0 0 0 0 0 0 0 0 0 0 0 0 0 0 0 0 0 0 0 0 0 0 0 0 0 0 0 0 0 0 0 0 0 0 0 0 0 0 0 0 0 0 0 0 0 0 0 0 0 0 0 0 0 0 0 0 0 0 0 0 0 0 0 0 0 0 0 0 0 0 0 0 0 0 0 0 0 0 0 0 0 0 0 0 0 0 0 0 0 0 0 0 0 0 0 0 
0 0 0 0 0 0 0 0 0 0 0 0 0 0 0 0 0 0 0 0 0 0 0 0 0 0 0 0 0 0 0 0 0 0 0 0 0 0 0 0 0 0 0 0 0 0 0 0 0 0 0 0 0 0 0 0 0 0 0 0 0 0 0 0 0 0 0 0 0 0 0 0 0 0 0 0 0 0 0 0 0 0 0 0 0 0 0 0 0 0 0 5.099829496e-35 0 0 0 0 0 0 0 0 0 0 0 0 0 0 0 0 0 0 0 0 0 0 5.203204751e-34 0 3.134892578e-47 0 0 0 0 0 3.237131431e-24 0 0 0 1.284847538e-56 7.660434988e-63 0 7.987810537e-69 0 0 0 0 7.555440134e-45 0 0 0 0 0 0 1.53300937e-54 0 0 0 2.383468747e-30 1.849059774e-37 0 0 0 0 0 0 0 0 0 0 0 0 0 0 0 0 0 0 0 0 0 0 0 0 0 0 0 0 0 0 0 0 0 0 0 0 0 0 0 0 0 0 0 0 0 0 0 0 0 0 0 0 0 0 0 0 0 0 0 0 0 0 0 0 0 0 0 0 0 0 0 0 0 0 0 0 0 0 0 0 0 0 0 0 0 0 0 0 0 0 0 0 0 0 0 0 0 0 0 0 0 0 0 0 0 0 0 0 0 
0 0 0 0 0 0 0 0 0 0 0 0 0 0 0 0 0 0 0 0 0 0 0 0 0 0 0 0 0 0 0 0 0 0 0 0 0 0 0 0 0 0 0 0 0 0 0 0 0 0 0 0 0 0 0 0 0 0 0 0 0 0 0 0 0 0 0 0 0 0 0 0 0 0 0 0 0 0 0 0 0 0 0 0 0 0 0 0 0 3.506938116e-19 0 0 0 0 0 0 0 0 0 0 0 0 7.589469489e-68 0 0 0 0 0 0 0 0 0 0 0 0 0 0 0 0 0 0 0 0 0 0 8.529199263e-61 0 0 0 0 0 0 0 0 0 0 0 0 6.228494328e-74 0 3.331884432e-40 0 0 0 5.651106403e-61 0 0 0 0 0 0 0 2.188329784e-63 0 0 0 0 0 0 0 0 0 0 0 0 0 0 0 0 0 0 0 0 0 0 0 0 0 0 0 0 0 0 0 0 0 0 0 0 0 0 0 0 0 0 0 0 0 0 0 0 0 0 0 0 0 0 0 0 0 0 0 0 0 0 0 0 0 0 0 0 0 0 0 0 0 0 0 0 0 0 0 0 0 0 0 0 0 0 0 0 0 0 0 0 0 0 0 0 0 0 0 0 0 0 0 
0 0 0 0 0 0 0 0 0 0 0 0 0 0 0 0 0 0 0 0 0 0 0 0 0 0 0 0 0 0 0 0 0 0 0 0 0 0 0 0 0 0 0 0 0 0 0 0 0 0 0 0 0 0 0 0 0 0 0 0 0 0 0 0 0 0 0 0 0 0 0 0 0 0 0 0 0 0 0 0 0 0 0 0 0 0 0 0 0 0 0 0 0 1.883319978e-58 0 0 0 5.371997337e-82 6.877102158e-71 0 0 1.142358185e-85 0 0 0 0 0 0 0 0 0 0 1.804057075e-65 0 4.344573568e-64 0 0 3.27020091e-47 0 0 5.187176449e-38 6.92100233e-50 5.135512101e-46 0 0 0 0 7.159393444e-80 0 1.085022078e-61 1.157043567e-62 0 0 0 0 1.674732291e-45 9.795298136e-81 0 0 0 0 0 0 0 0 0 0 0 0 0 4.794236196e-48 0 0 0 2.698957068e-82 0 5.482593058e-80 0 0 0 6.674208439e-64 0 0 0 0 0 0 0 0 0 0 0 0 0 0 0 0 0 0 0 0 0 0 0 0 0 0 0 0 0 0 0 0 0 0 0 0 0 0 0 0 0 0 0 0 0 0 0 0 0 0 0 0 0 0 0 0 0 0 0 0 0 0 0 0 0 0 0 0 0 0 0 0 0 0 0 0 0 0 0 0 0 0 0 0 0 0 0 0 0 0 0 0 0 0 0 
0 0 0 0 0 0 0 0 0 0 0 0 0 0 0 0 0 0 0 0 0 0 0 0 0 0 0 0 0 0 0 0 0 0 0 0 0 0 0 0 0 0 0 0 0 0 0 0 0 0 0 0 0 0 0 0 0 0 0 0 0 0 0 0 0 0 0 0 0 0 0 0 0 0 0 0 0 0 0 0 0 0 0 0 0 0 0 0 0 0 0 0 0 0 0 0 0 5.405006936e-56 0 0 0 0 0 0 4.177223649e-30 0 0 0 0 0 0 0 0 0 0 0 0 0 0 0 1.194441191e-73 3.179191533e-29 0 0 0 0 0 0 0 2.299361892e-83 5.896506839e-64 0 0 4.58687664e-68 0 0 0 0 0 0 0 0 0 0 0 0 2.787047188e-76 0 0 0 0 0 0 1.491413284e-41 0 0 1.968024444e-50 0 0 0 0 0 0 0 3.188599394e-40 0 0 0 0 0 0 0 0 0 0 0 0 0 0 0 0 0 0 0 0 0 0 0 0 0 0 0 0 0 0 0 0 0 0 0 0 0 0 0 0 0 0 0 0 0 0 0 0 0 0 0 0 0 0 0 0 0 0 0 0 0 0 0 0 0 0 0 0 0 0 0 0 0 0 0 0 0 0 0 0 0 0 0 0 0 0 0 0 0 0 0 
0 0 0 0 0 0 0 0 0 0 0 0 0 0 0 0 0 0 0 0 0 0 0 0 0 0 0 0 0 0 0 0 0 0 0 0 0 0 0 0 0 0 0 0 0 0 0 0 0 0 0 0 0 0 0 0 0 0 0 0 0 0 0 0 0 0 0 0 0 0 0 0 0 0 0 0 0 0 0 0 0 0 0 0 0 0 0 0 0 0 0 0 0 0 0 2.163628199e-51 0 0 0 0 0 2.94775688e-55 0 0 0 0 0 1.252350989e-51 0 2.536711986e-74 0 0 0 0 0 0 0 0 0 0 0 0 0 0 0 0 0 0 0 0 0 1.233535587e-58 0 0 0 0 0 0 0 3.513198231e-55 0 0 0 0 0 0 0 0 0 0 0 0 0 0 0 0 1.229821395e-72 0 0 0 0 0 0 0 0 0 0 0 0 0 0 0 0 0 0 0 0 0 0 0 0 0 0 0 0 0 0 0 0 0 0 0 0 0 0 0 0 0 0 0 0 0 0 0 0 0 0 0 0 0 0 0 0 0 0 0 0 0 0 0 0 0 0 0 0 0 0 0 0 0 0 0 0 0 0 0 0 0 0 0 0 0 0 0 0 0 0 0 0 0 0 0 0 0 0 0 
0 0 0 0 0 0 0 0 0 0 0 0 0 0 0 0 0 0 0 0 0 0 0 0 0 0 0 0 0 0 0 0 0 0 0 0 0 0 0 0 0 0 0 0 0 0 0 0 0 0 0 0 0 0 0 0 0 0 0 0 0 0 0 0 0 0 0 0 0 0 0 0 0 0 0 0 0 0 0 0 0 0 0 0 0 0 0 0 0 0 0 0 0 0 0 0 0 0 0 0 0 3.104101899e-76 0 7.133991548e-49 0 0 0 0 0 0 0 0 0 0 0 0 0 0 0 0 0 0 0 0 0 0 0 0 0 0 0 0 0 3.200523309e-55 0 0 0 0 4.911615867e-57 1.802483043e-77 0 0 0 0 9.785170038e-74 0 0 0 0 0 0 0 0 0 0 0 0 0 0 0 1.390491925e-52 0 0 0 0 0 0 0 0 0 0 0 0 0 0 0 0 0 0 0 0 0 0 0 0 0 0 0 0 0 0 0 0 0 0 0 0 0 0 0 0 0 0 0 0 0 0 0 0 0 0 0 0 0 0 0 0 0 0 0 0 0 0 0 0 0 0 0 0 0 0 0 0 0 0 0 0 0 0 0 0 0 0 0 0 0 0 0 0 0 0 0 0 0 0 0 
0 0 0 0 0 0 0 0 0 0 0 0 0 0 0 0 0 0 0 0 0 0 0 0 0 0 0 0 0 0 0 0 0 0 0 0 0 0 0 0 0 0 0 0 0 0 0 0 0 0 0 0 0 0 0 0 0 0 0 0 0 0 0 0 0 0 0 0 0 0 0 0 0 0 0 0 0 0 0 0 0 0 0 0 0 0 0 0 0 0 0 0 7.51716891e-62 0 0 1.016507814e-82 0 0 0 0 0 0 0 0 0 0 0 0 0 0 0 0 0 0 0 0 0 0 0 0 0 0 0 0 0 0 0 0 0 0 0 6.609714486e-52 0 0 0 1.560666811e-73 0 0 0 0 0 0 0 0 2.657161118e-67 0 0 0 0 0 0 0 2.292732307e-77 0 0 0 0 0 0 0 0 0 0 0 0 0 0 0 0 0 0 0 0 0 0 0 0 0 0 0 0 0 0 0 0 0 0 0 0 0 0 0 0 0 0 0 0 0 0 0 0 0 0 0 0 0 0 0 0 0 0 0 0 0 0 0 0 0 0 0 0 0 0 0 0 0 0 0 0 0 0 0 0 0 0 0 0 0 0 0 0 0 0 0 0 0 0 0 0 0 0 0 0 0 0 0 
0 0 0 0 0 0 0 0 0 0 0 0 0 0 0 0 0 0 0 0 0 0 0 0 0 0 0 0 0 0 0 0 0 0 0 0 0 0 0 0 0 0 0 0 0 0 0 0 0 0 0 0 0 0 0 0 0 0 0 0 0 0 0 0 0 0 0 0 0 0 0 0 0 0 0 0 0 0 0 0 0 0 0 0 0 0 0 0 0 0 0 0 0 0 0 0 0 0 0 0 0 0 0 0 0 0 0 0 0 0 0 0 0 0 0 0 1.09705564e-64 0 0 0 2.98452814e-53 0 0 0 3.560712784e-53 1.030274331e-69 0 0 0 7.917196531e-46 0 0 2.009129632e-61 0 0 0 0 0 0 0 0 5.030859759e-86 0 0 0 1.969926552e-58 0 0 0 0 0 1.433741542e-60 0 0 0 0 0 0 0 1.480167597e-62 0 0 0 0 0 0 0 0 0 0 0 0 0 0 0 0 0 0 0 0 0 0 0 0 0 0 0 0 0 0 0 0 0 0 0 0 0 0 0 0 0 0 0 0 0 0 0 0 0 0 0 0 0 0 0 0 0 0 0 0 0 0 0 0 0 0 0 0 0 0 0 0 0 0 0 0 0 0 0 0 0 0 0 0 0 0 0 0 0 0 0 0 0 0 0 0 
0 0 0 0 0 0 0 0 0 0 0 0 0 0 0 0 0 0 0 0 0 0 0 0 0 0 0 0 0 0 0 0 0 0 0 0 0 0 0 0 0 0 0 0 0 0 0 0 0 0 0 0 0 0 0 0 0 0 0 0 0 0 0 0 0 0 0 0 0 0 0 0 0 0 0 0 0 0 0 0 0 0 0 0 0 0 0 0 0 0 0 0 0 0 0 0 0 0 0 0 0 0 0 0 0 0 0 0 2.225676911e-68 0 0 0 0 0 0 0 0 0 0 0 0 0 0 0 0 0 0 0 0 0 0 0 0 4.209350092e-77 0 0 0 0 0 0 0 0 0 0 0 0 0 0 6.26104991e-65 0 4.568939869e-54 0 0 0 0 0 0 2.892235776e-84 0 0 0 0 0 0 0 0 3.587574293e-53 0 0 0 0 0 0 0 0 0 0 0 0 0 0 0 0 0 0 0 0 0 0 0 0 0 0 0 0 0 0 0 0 0 0 0 0 0 0 0 0 0 0 0 0 0 0 0 0 0 0 0 0 0 0 0 0 0 0 0 0 0 0 0 0 0 0 0 0 0 0 0 0 0 0 0 0 0 0 0 0 0 0 0 0 0 0 0 0 0 
0 0 0 0 0 0 0 0 0 0 0 0 0 0 0 0 0 0 0 0 0 0 0 0 0 0 0 0 0 0 0 0 0 0 0 0 0 0 0 0 0 0 0 0 0 0 0 0 0 0 0 0 0 0 0 0 0 0 0 0 0 0 0 0 0 0 0 0 0 0 0 0 0 0 0 0 0 0 0 0 0 0 0 0 0 0 0 0 0 0 0 0 0 0 4.269591109e-56 0 0 0 0 0 0 0 9.474621162e-53 0 0 0 0 0 0 0 0 0 0 0 0 0 0 0 0 0 0 1.082090912e-70 0 0 0 0 0 0 0 2.356601423e-66 0 0 0 0 0 0 0 0 0 0 0 0 0 0 0 0 1.157821291e-51 0 0 0 0 0 0 0 0 0 0 0 0 0 0 0 0 0 0 0 0 0 0 0 0 0 0 0 0 0 0 0 0 0 0 0 0 0 0 0 0 0 0 0 0 0 0 0 0 0 0 0 0 0 0 0 0 0 0 0 0 0 0 0 0 0 0 0 0 0 0 0 0 0 0 0 0 0 0 0 0 0 0 0 0 0 0 0 0 0 0 0 0 0 0 0 0 0 0 0 0 0 0 0 0 0 0 0 0 0 
0 0 0 0 0 0 0 0 0 0 0 0 0 0 0 0 0 0 0 0 0 0 0 0 0 0 0 0 0 0 0 0 0 0 0 0 0 0 0 0 0 0 0 0 0 0 0 0 0 0 0 0 0 0 0 0 0 0 0 0 0 0 0 0 0 0 0 0 0 0 0 0 0 0 0 0 0 0 0 0 0 0 0 0 0 0 0 0 0 0 0 0 0 0 0 0 0 0 0 0 0 0 0 0 0 0 0 0 0 0 0 0 0 2.239912917e-64 0 0 0 2.351636765e-55 0 0 0 0 0 0 0 0 0 0 0 0 0 0 0 0 0 0 0 0 0 0 0 4.694449009e-66 0 0 0 0 0 0 0 0 0 0 0 0 0 0 0 0 0 0 0 0 0 0 0 0 0 0 0 0 0 0 0 0 0 0 0 0 0 0 0 0 0 0 0 0 0 0 0 0 0 0 0 0 0 0 0 0 0 0 0 0 0 0 0 0 0 0 0 0 0 0 0 0 0 0 0 0 0 0 0 0 0 0 0 0 0 0 0 0 0 0 0 0 0 0 0 0 0 0 0 0 0 0 0 0 0 0 0 0 0 0 0 0 0 0 
0 0 0 0 0 0 0 0 0 0 0 0 0 0 0 0 0 0 0 0 0 0 0 0 0 0 0 0 0 0 0 0 0 0 0 0 0 0 0 0 0 0 0 0 0 0 0 0 0 0 0 0 0 0 0 0 0 0 0 0 0 0 0 0 0 0 0 0 0 0 0 0 0 0 0 0 0 0 0 0 0 0 0 0 0 0 0 0 0 0 0 0 0 0 0 0 0 0 0 0 0 0 7.091958363e-81 0 0 0 0 0 0 0 0 0 0 0 0 0 0 0 0 0 0 0 0 0 0 3.311186217e-59 0 0 0 0 0 0 0 0 0 0 0 0 0 0 0 0 0 1.714878252e-50 0 0 0 0 0 0 0 0 0 0 0 0 0 0 0 0 0 0 0 0 0 0 0 0 0 0 0 0 0 0 0 0 0 0 0 0 0 0 0 0 0 0 0 0 0 0 0 0 0 0 0 0 0 0 0 0 0 0 0 0 0 0 0 0 0 0 0 0 0 0 0 0 0 0 0 0 0 0 0 0 0 0 0 0 0 0 0 0 0 0 0 0 0 0 0 0 0 0 0 0 0 0 0 0 0 0 0 0 0 0 0 0 
0 0 0 0 0 0 0 0 0 0 0 0 0 0 0 0 0 0 0 0 0 0 0 0 0 0 0 0 0 0 0 0 0 0 0 0 0 0 0 0 0 0 0 0 0 0 0 0 0 0 0 0 0 0 0 0 0 0 0 0 0 0 0 0 0 0 0 0 0 0 0 0 0 0 0 0 0 0 0 0 0 0 0 0 0 0 0 0 0 0 0 0 0 0 0 0 0 0 0 0 0 0 0 0 0 0 0 0 0 0 0 0 0 0 0 0 0 0 0 0 0 0 0 0 0 0 0 0 0 0 0 0 0 0 0 0 0 0 5.798277836e-65 0 0 0 0 0 0 0 0 0 0 0 0 0 0 0 0 0 0 0 0 0 0 0 0 0 0 0 0 0 0 0 0 0 0 0 0 0 0 0 0 0 0 0 0 0 0 0 0 0 0 0 0 0 0 0 0 0 0 0 0 0 0 0 0 0 0 0 0 0 0 0 0 0 0 0 0 0 0 0 0 0 0 0 0 0 0 0 0 0 0 0 0 0 0 0 0 0 0 0 0 0 0 0 0 0 0 0 0 0 0 0 0 0 0 0 0 0 
0 0 0 0 0 0 0 0 0 0 0 0 0 0 0 0 0 0 0 0 0 0 0 0 0 0 0 0 0 0 0 0 0 0 0 0 0 0 0 0 0 0 0 0 0 0 0 0 0 0 0 0 0 0 0 0 0 0 0 0 0 0 0 0 0 0 0 0 0 0 0 0 0 0 0 0 0 0 0 0 0 0 0 0 0 0 0 0 0 0 0 0 0 0 0 0 0 0 0 0 0 0 4.402751909e-69 0 0 0 0 0 0 0 0 0 0 0 0 0 0 0 0 0 0 0 0 0 0 0 0 0 0 0 0 0 0 0 0 0 0 0 0 0 0 0 0 0 0 0 0 0 0 0 0 0 0 0 0 0 0 0 0 0 0 0 0 0 0 0 0 0 0 0 0 0 0 0 0 0 0 0 0 0 0 0 0 0 0 0 0 0 0 0 0 0 0 0 0 0 0 0 0 0 0 0 0 0 0 0 0 0 0 0 0 0 0 0 0 0 0 0 0 0 0 0 0 0 0 0 0 0 0 0 0 0 0 0 0 0 0 0 0 0 0 0 0 0 0 0 0 0 0 0 0 0 0 0 0 0 
0 0 0 0 0 0 0 0 0 0 0 0 0 0 0 0 0 0 0 0 0 0 0 0 0 0 0 0 0 0 0 0 0 0 0 0 0 0 0 0 0 0 0 0 0 0 0 0 0 0 0 0 0 0 0 0 0 0 0 0 0 0 0 0 0 0 0 0 0 0 0 0 0 0 0 0 0 0 0 0 0 0 0 0 0 0 0 0 0 0 0 0 0 0 0 0 0 0 0 0 0 0 0 0 0 0 0 0 0 0 0 0 0 0 0 0 0 0 0 0 0 0 0 0 0 0 0 0 0 0 0 0 0 0 0 0 0 0 0 0 0 0 0 0 0 0 0 0 0 0 0 0 0 0 0 0 0 0 0 0 0 0 0 0 0 0 0 0 0 0 0 0 0 0 0 0 0 0 0 0 0 0 0 0 0 0 0 0 0 0 0 0 0 0 0 0 0 0 0 0 0 0 0 0 0 0 0 0 0 0 0 0 0 0 0 0 0 0 0 0 0 0 0 0 0 0 0 0 0 0 0 0 0 0 0 0 0 0 0 0 0 0 0 0 0 0 0 0 0 0 0 0 0 0 0 0 
0 0 0 0 0 0 0 0 0 0 0 0 0 0 0 0 0 0 0 0 0 0 0 0 0 0 0 0 0 0 0 0 0 0 0 0 0 0 0 0 0 0 0 0 0 0 0 0 0 0 0 0 0 0 0 0 0 0 0 0 0 0 0 0 0 0 0 0 0 0 0 0 0 0 0 0 0 0 0 0 0 0 0 0 0 0 0 0 0 0 0 0 0 0 0 0 0 0 0 0 0 0 0 0 0 0 0 0 0 0 0 0 0 0 0 0 0 0 0 0 0 0 0 0 0 0 0 0 0 0 0 0 0 0 0 0 0 0 0 0 0 0 0 0 0 0 0 0 0 0 0 0 0 0 0 0 0 0 0 0 0 0 0 0 0 0 0 0 0 0 0 0 0 0 0 0 0 0 0 0 0 0 0 0 0 0 0 0 0 0 0 0 0 0 0 0 0 0 0 0 0 0 0 0 0 0 0 0 0 0 0 0 0 0 0 0 0 0 0 0 0 0 0 0 0 0 0 0 0 0 0 0 0 0 0 0 0 0 0 0 0 0 0 0 0 0 0 0 0 0 0 0 0 0 0 0 
0 0 0 0 0 0 0 0 0 0 0 0 0 0 0 0 0 0 0 0 0 0 0 0 0 0 0 0 0 0 0 0 0 0 0 0 0 0 0 0 0 0 0 0 0 0 0 0 0 0 0 0 0 0 0 0 0 0 0 0 0 0 0 0 0 0 0 0 0 0 0 0 0 0 0 0 0 0 0 0 0 0 0 0 0 0 0 0 0 0 0 0 0 0 0 0 0 0 0 0 0 0 0 0 0 0 0 0 0 0 0 0 0 0 0 0 0 0 0 0 0 0 0 0 0 0 0 0 0 0 0 0 0 0 0 0 0 0 0 0 0 0 0 0 0 0 0 0 0 0 0 0 0 0 0 0 0 0 0 0 0 0 0 0 0 0 0 0 0 0 0 0 0 0 0 0 0 0 0 0 0 0 0 0 0 0 0 0 0 0 0 0 0 0 0 0 0 0 0 0 0 0 0 0 0 0 0 0 0 0 0 0 0 0 0 0 0 0 0 0 0 0 0 0 0 0 0 0 0 0 0 0 0 0 0 0 0 0 0 0 0 0 0 0 0 0 0 0 0 0 0 0 0 0 0 0 
0 0 0 0 0 0 0 0 0 0 0 0 0 0 0 0 0 0 0 0 0 0 0 0 0 0 0 0 0 0 0 0 0 0 0 0 0 0 0 0 0 0 0 0 0 0 0 0 0 0 0 0 0 0 0 0 0 0 0 0 0 0 0 0 0 0 0 0 0 0 0 0 0 0 0 0 0 0 0 0 0 0 0 0 0 0 0 0 0 0 0 0 0 0 0 0 0 0 0 0 0 0 0 0 0 0 0 0 0 0 0 0 0 0 0 0 0 0 0 0 0 0 0 0 0 0 0 0 0 0 0 0 0 0 0 0 0 0 0 0 0 0 0 0 0 0 0 0 0 0 0 0 0 0 0 0 0 0 0 0 0 0 0 0 0 0 0 0 0 0 0 0 0 0 0 0 0 0 0 0 0 0 0 0 0 0 0 0 0 0 0 0 0 0 0 0 0 0 0 0 0 0 0 0 0 0 0 0 0 0 0 0 0 0 0 0 0 0 0 0 0 0 0 0 0 0 0 0 0 0 0 0 0 0 0 0 0 0 0 0 0 0 0 0 0 0 0 0 0 0 0 0 0 0 0 0 
0 0 0 0 0 0 0 0 0 0 0 0 0 0 0 0 0 0 0 0 0 0 0 0 0 0 0 0 0 0 0 0 0 0 0 0 0 0 0 0 0 0 0 0 0 0 0 0 0 0 0 0 0 0 0 0 0 0 0 0 0 0 0 0 0 0 0 0 0 0 0 0 0 0 0 0 0 0 0 0 0 0 0 0 0 0 0 0 0 0 0 0 0 0 0 0 0 0 0 0 0 0 0 0 0 0 0 0 0 0 0 0 0 0 0 0 0 0 0 0 0 0 0 0 0 0 0 0 0 0 0 0 0 0 0 0 0 0 0 0 0 0 0 0 0 0 0 0 0 0 0 0 0 0 0 0 0 0 0 0 0 0 0 0 0 0 0 0 0 0 0 0 0 0 0 0 0 0 0 0 0 0 0 0 0 0 0 0 0 0 0 0 0 0 0 0 0 0 0 0 0 0 0 0 0 0 0 0 0 0 0 0 0 0 0 0 0 0 0 0 0 0 0 0 0 0 0 0 0 0 0 0 0 0 0 0 0 0 0 0 0 0 0 0 0 0 0 0 0 0 0 0 0 0 0 0 
0 0 0 0 0 0 0 0 0 0 0 0 0 0 0 0 0 0 0 0 0 0 0 0 0 0 0 0 0 0 0 0 0 0 0 0 0 0 0 0 0 0 0 0 0 0 0 0 0 0 0 0 0 0 0 0 0 0 0 0 0 0 0 0 0 0 0 0 0 0 0 0 0 0 0 0 0 0 0 0 0 0 0 0 0 0 0 0 0 0 0 0 0 0 0 0 0 0 0 0 0 0 0 0 0 0 0 0 0 0 0 0 0 0 0 0 0 0 0 0 0 0 0 0 0 0 0 0 0 0 0 0 0 0 0 0 0 0 0 0 0 0 0 0 0 0 0 0 0 0 0 0 0 0 0 0 0 0 0 0 0 0 0 0 0 0 0 0 0 0 0 0 0 0 0 0 0 0 0 0 0 0 0 0 0 0 0 0 0 0 0 0 0 0 0 0 0 0 0 0 0 0 0 0 0 0 0 0 0 0 0 0 0 0 0 0 0 0 0 0 0 0 0 0 0 0 0 0 0 0 0 0 0 0 0 0 0 0 0 0 0 0 0 0 0 0 0 0 0 0 0 0 0 0 0 0 
0 0 0 0 0 0 0 0 0 0 0 0 0 0 0 0 0 0 0 0 0 0 0 0 0 0 0 0 0 0 0 0 0 0 0 0 0 0 0 0 0 0 0 0 0 0 0 0 0 0 0 0 0 0 0 0 0 0 0 0 0 0 0 0 0 0 0 0 0 0 0 0 0 0 0 0 0 0 0 0 0 0 0 0 0 0 0 0 0 0 0 0 0 0 0 0 0 0 0 0 0 0 0 0 0 0 0 0 0 0 0 0 0 0 0 0 0 0 0 0 0 0 0 0 0 0 0 0 0 0 0 0 0 0 0 0 0 0 0 0 0 0 0 0 0 0 0 0 0 0 0 0 0 0 0 0 0 0 0 0 0 0 0 0 0 0 0 0 0 0 0 0 0 0 0 0 0 0 0 0 0 0 0 0 0 0 0 0 0 0 0 0 0 0 0 0 0 0 0 0 0 0 0 0 0 0 0 0 0 0 0 0 0 0 0 0 0 0 0 0 0 0 0 0 0 0 0 0 0 0 0 0 0 0 0 0 0 0 0 0 0 0 0 0 0 0 0 0 0 0 0 0 0 0 0 0 
0 0 0 0 0 0 0 0 0 0 0 0 0 0 0 0 0 0 0 0 0 0 0 0 0 0 0 0 0 0 0 0 0 0 0 0 0 0 0 0 0 0 0 0 0 0 0 0 0 0 0 0 0 0 0 0 0 0 0 0 0 0 0 0 0 0 0 0 0 0 0 0 0 0 0 0 0 0 0 0 0 0 0 0 0 0 0 0 0 0 0 0 0 0 0 0 0 0 0 0 0 0 0 0 0 0 0 0 0 0 0 0 0 0 0 0 0 0 0 0 0 0 0 0 0 0 0 0 0 0 0 0 0 0 0 0 0 0 0 0 0 0 0 0 0 0 0 0 0 0 0 0 0 0 0 0 0 0 0 0 0 0 0 0 0 0 0 0 0 0 0 0 0 0 0 0 0 0 0 0 0 0 0 0 0 0 0 0 0 0 0 0 0 0 0 0 0 0 0 0 0 0 0 0 0 0 0 0 0 0 0 0 0 0 0 0 0 0 0 0 0 0 0 0 0 0 0 0 0 0 0 0 0 0 0 0 0 0 0 0 0 0 0 0 0 0 0 0 0 0 0 0 0 0 0 0 
0 0 0 0 0 0 0 0 0 0 0 0 0 0 0 0 0 0 0 0 0 0 0 0 0 0 0 0 0 0 0 0 0 0 0 0 0 0 0 0 0 0 0 0 0 0 0 0 0 0 0 0 0 0 0 0 0 0 0 0 0 0 0 0 0 0 0 0 0 0 0 0 0 0 0 0 0 0 0 0 0 0 0 0 0 0 0 0 0 0 0 0 0 0 0 0 0 0 0 0 0 0 0 0 0 0 0 0 0 0 0 0 0 0 0 0 0 0 0 0 0 0 0 0 0 0 0 0 0 0 0 0 0 0 0 0 0 0 0 0 0 0 0 0 0 0 0 0 0 0 0 0 0 0 0 0 0 0 0 0 0 0 0 0 0 0 0 0 0 0 0 0 0 0 0 0 0 0 0 0 0 0 0 0 0 0 0 0 0 0 0 0 0 0 0 0 0 0 0 0 0 0 0 0 0 0 0 0 0 0 0 0 0 0 0 0 0 0 0 0 0 0 0 0 0 0 0 0 0 0 0 0 0 0 0 0 0 0 0 0 0 0 0 0 0 0 0 0 0 0 0 0 0 0 0 0 
0 0 0 0 0 0 0 0 0 0 0 0 0 0 0 0 0 0 0 0 0 0 0 0 0 0 0 0 0 0 0 0 0 0 0 0 0 0 0 0 0 0 0 0 0 0 0 0 0 0 0 0 0 0 0 0 0 0 0 0 0 0 0 0 0 0 0 0 0 0 0 0 0 0 0 0 0 0 0 0 0 0 0 0 0 0 0 0 0 0 0 0 0 0 0 0 0 0 0 0 0 0 0 0 0 0 0 0 0 0 0 0 0 0 0 0 0 0 0 0 0 0 0 0 0 0 0 0 0 0 0 0 0 0 0 0 0 0 0 0 0 0 0 0 0 0 0 0 0 0 0 0 0 0 0 0 0 0 0 0 0 0 0 0 0 0 0 0 0 0 0 0 0 0 0 0 0 0 0 0 0 0 0 0 0 0 0 0 0 0 0 0 0 0 0 0 0 0 0 0 0 0 0 0 0 0 0 0 0 0 0 0 0 0 0 0 0 0 0 0 0 0 0 0 0 0 0 0 0 0 0 0 0 0 0 0 0 0 0 0 0 0 0 0 0 0 0 0 0 0 0 0 0 0 0 0 
0 0 0 0 0 0 0 0 0 0 0 0 0 0 0 0 0 0 0 0 0 0 0 0 0 0 0 0 0 0 0 0 0 0 0 0 0 0 0 0 0 0 0 0 0 0 0 0 0 0 0 0 0 0 0 0 0 0 0 0 0 0 0 0 0 0 0 0 0 0 0 0 0 0 0 0 0 0 0 0 0 0 0 0 0 0 0 0 0 0 0 0 0 0 0 0 0 0 0 0 0 0 0 0 0 0 0 0 0 0 0 0 0 0 0 0 0 0 0 0 0 0 0 0 0 0 0 0 0 0 0 0 0 0 0 0 0 0 0 0 0 0 0 0 0 0 0 0 0 0 0 0 0 0 0 0 0 0 0 0 0 0 0 0 0 0 0 0 0 0 0 0 0 0 0 0 0 0 0 0 0 0 0 0 0 0 0 0 0 0 0 0 0 0 0 0 0 0 0 0 0 0 0 0 0 0 0 0 0 0 0 0 0 0 0 0 0 0 0 0 0 0 0 0 0 0 0 0 0 0 0 0 0 0 0 0 0 0 0 0 0 0 0 0 0 0 0 0 0 0 0 0 0 0 0 0 
0 0 0 0 0 0 0 0 0 0 0 0 0 0 0 0 0 0 0 0 0 0 0 0 0 0 0 0 0 0 0 0 0 0 0 0 0 0 0 0 0 0 0 0 0 0 0 0 0 0 0 0 0 0 0 0 0 0 0 0 0 0 0 0 0 0 0 0 0 0 0 0 0 0 0 0 0 0 0 0 0 0 0 0 0 0 0 0 0 0 0 0 0 0 0 0 0 0 0 0 0 0 0 0 0 0 0 0 0 0 0 0 0 0 0 0 0 0 0 0 0 0 0 0 0 0 0 0 0 0 0 0 0 0 0 0 0 0 0 0 0 0 0 0 0 0 0 0 0 0 0 0 0 0 0 0 0 0 0 0 0 0 0 0 0 0 0 0 0 0 0 0 0 0 0 0 0 0 0 0 0 0 0 0 0 0 0 0 0 0 0 0 0 0 0 0 0 0 0 0 0 0 0 0 0 0 0 0 0 0 0 0 0 0 0 0 0 0 0 0 0 0 0 0 0 0 0 0 0 0 0 0 0 0 0 0 0 0 0 0 0 0 0 0 0 0 0 0 0 0 0 0 0 0 0 0 
0 0 0 0 0 0 0 0 0 0 0 0 0 0 0 0 0 0 0 0 0 0 0 0 0 0 0 0 0 0 0 0 0 0 0 0 0 0 0 0 0 0 0 0 0 0 0 0 0 0 0 0 0 0 0 0 0 0 0 0 0 0 0 0 0 0 0 0 0 0 0 0 0 0 0 0 0 0 0 0 0 0 0 0 0 0 0 0 0 0 0 0 0 0 0 0 0 0 0 0 0 0 0 0 0 0 0 0 0 0 0 0 0 0 0 0 0 0 0 0 0 0 0 0 0 0 0 0 0 0 0 0 0 0 0 0 0 0 0 0 0 0 0 0 0 0 0 0 0 0 0 0 0 0 0 0 0 0 0 0 0 0 0 0 0 0 0 0 0 0 0 0 0 0 0 0 0 0 0 0 0 0 0 0 0 0 0 0 0 0 0 0 0 0 0 0 0 0 0 0 0 0 0 0 0 0 0 0 0 0 0 0 0 0 0 0 0 0 0 0 0 0 0 0 0 0 0 0 0 0 0 0 0 0 0 0 0 0 0 0 0 0 0 0 0 0 0 0 0 0 0 0 0 0 0 0 
0 0 0 0 0 0 0 0 0 0 0 0 0 0 0 0 0 0 0 0 0 0 0 0 0 0 0 0 0 0 0 0 0 0 0 0 0 0 0 0 0 0 0 0 0 0 0 0 0 0 0 0 0 0 0 0 0 0 0 0 0 0 0 0 0 0 0 0 0 0 0 0 0 0 0 0 0 0 0 0 0 0 0 0 0 0 0 0 0 0 0 0 0 0 0 0 0 0 0 0 0 0 0 0 0 0 0 0 0 0 0 0 0 0 0 0 0 0 0 0 0 0 0 0 0 0 0 0 0 0 0 0 0 0 0 0 0 0 0 0 0 0 0 0 0 0 0 0 0 0 0 0 0 0 0 0 0 0 0 0 0 0 0 0 0 0 0 0 0 0 0 0 0 0 0 0 0 0 0 0 0 0 0 0 0 0 0 0 0 0 0 0 0 0 0 0 0 0 0 0 0 0 0 0 0 0 0 0 0 0 0 0 0 0 0 0 0 0 0 0 0 0 0 0 0 0 0 0 0 0 0 0 0 0 0 0 0 0 0 0 0 0 0 0 0 0 0 0 0 0 0 0 0 0 0 0 
0 0 0 0 0 0 0 0 0 0 0 0 0 0 0 0 0 0 0 0 0 0 0 0 0 0 0 0 0 0 0 0 0 0 0 0 0 0 0 0 0 0 0 0 0 0 0 0 0 0 0 0 0 0 0 0 0 0 0 0 0 0 0 0 0 0 0 0 0 0 0 0 0 0 0 0 0 0 0 0 0 0 0 0 0 0 0 0 0 0 0 0 0 0 0 0 0 0 0 0 0 0 0 0 0 0 0 0 0 0 0 0 0 0 0 0 0 0 0 0 0 0 0 0 0 0 0 0 0 0 0 0 0 0 0 0 0 0 0 0 0 0 0 0 0 0 0 0 0 0 0 0 0 0 0 0 0 0 0 0 0 0 0 0 0 0 0 0 0 0 0 0 0 0 0 0 0 0 0 0 0 0 0 0 0 0 0 0 0 0 0 0 0 0 0 0 0 0 0 0 0 0 0 0 0 0 0 0 0 0 0 0 0 0 0 0 0 0 0 0 0 0 0 0 0 0 0 0 0 0 0 0 0 0 0 0 0 0 0 0 0 0 0 0 0 0 0 0 0 0 0 0 0 0 0 0 
0 0 0 0 0 0 0 0 0 0 0 0 0 0 0 0 0 0 0 0 0 0 0 0 0 0 0 0 0 0 0 0 0 0 0 0 0 0 0 0 0 0 0 0 0 0 0 0 0 0 0 0 0 0 0 0 0 0 0 0 0 0 0 0 0 0 0 0 0 0 0 0 0 0 0 0 0 0 0 0 0 0 0 0 0 0 0 0 0 0 0 0 0 0 0 0 0 0 0 0 0 0 0 0 0 0 0 0 0 0 0 0 0 0 0 0 0 0 0 0 0 0 0 0 0 0 0 0 0 0 0 0 0 0 0 0 0 0 0 0 0 0 0 0 0 0 0 0 0 0 0 0 0 0 0 0 0 0 0 0 0 0 0 0 0 0 0 0 0 0 0 0 0 0 0 0 0 0 0 0 0 0 0 0 0 0 0 0 0 0 0 0 0 0 0 0 0 0 0 0 0 0 0 0 0 0 0 0 0 0 0 0 0 0 0 0 0 0 0 0 0 0 0 0 0 0 0 0 0 0 0 0 0 0 0 0 0 0 0 0 0 0 0 0 0 0 0 0 0 0 0 0 0 0 0 0 
0 0 0 0 0 0 0 0 0 0 0 0 0 0 0 0 0 0 0 0 0 0 0 0 0 0 0 0 0 0 0 0 0 0 0 0 0 0 0 0 0 0 0 0 0 0 0 0 0 0 0 0 0 0 0 0 0 0 0 0 0 0 0 0 0 0 0 0 0 0 0 0 0 0 0 0 0 0 0 0 0 0 0 0 0 0 0 0 0 0 0 0 0 0 0 0 0 0 0 0 0 0 0 0 0 0 0 0 0 0 0 0 0 0 0 0 0 0 0 0 0 0 0 0 0 0 0 0 0 0 0 0 0 0 0 0 0 0 0 0 0 0 0 0 0 0 0 0 0 0 0 0 0 0 0 0 0 0 0 0 0 0 0 0 0 0 0 0 0 0 0 0 0 0 0 0 0 0 0 0 0 0 0 0 0 0 0 0 0 0 0 0 0 0 0 0 0 0 0 0 0 0 0 0 0 0 0 0 0 0 0 0 0 0 0 0 0 0 0 0 0 0 0 0 0 0 0 0 0 0 0 0 0 0 0 0 0 0 0 0 0 0 0 0 0 0 0 0 0 0 0 0 0 0 0 0 
0 0 0 0 0 0 0 0 0 0 0 0 0 0 0 0 0 0 0 0 0 0 0 0 0 0 0 0 0 0 0 0 0 0 0 0 0 0 0 0 0 0 0 0 0 0 0 0 0 0 0 0 0 0 0 0 0 0 0 0 0 0 0 0 0 0 0 0 0 0 0 0 0 0 0 0 0 0 0 0 0 0 0 0 0 0 0 0 0 0 0 0 0 0 0 0 0 0 0 0 0 0 0 0 0 0 0 0 0 0 0 0 0 0 0 0 0 0 0 0 0 0 0 0 0 0 0 0 0 0 0 0 0 0 0 0 0 0 0 0 0 0 0 0 0 0 0 0 0 0 0 0 0 0 0 0 0 0 0 0 0 0 0 0 0 0 0 0 0 0 0 0 0 0 0 0 0 0 0 0 0 0 0 0 0 0 0 0 0 0 0 0 0 0 0 0 0 0 0 0 0 0 0 0 0 0 0 0 0 0 0 0 0 0 0 0 0 0 0 0 0 0 0 0 0 0 0 0 0 0 0 0 0 0 0 0 0 0 0 0 0 0 0 0 0 0 0 0 0 0 0 0 0 0 0 0 
0 0 0 0 0 0 0 0 0 0 0 0 0 0 0 0 0 0 0 0 0 0 0 0 0 0 0 0 0 0 0 0 0 0 0 0 0 0 0 0 0 0 0 0 0 0 0 0 0 0 0 0 0 0 0 0 0 0 0 0 0 0 0 0 0 0 0 0 0 0 0 0 0 0 0 0 0 0 0 0 0 0 0 0 0 0 0 0 0 0 0 0 0 0 0 0 0 0 0 0 0 0 0 0 0 0 0 0 0 0 0 0 0 0 0 0 0 0 0 0 0 0 0 0 0 0 0 0 0 0 0 0 0 0 0 0 0 0 0 0 0 0 0 0 0 0 0 0 0 0 0 0 0 0 0 0 0 0 0 0 0 0 0 0 0 0 0 0 0 0 0 0 0 0 0 0 0 0 0 0 0 0 0 0 0 0 0 0 0 0 0 0 0 0 0 0 0 0 0 0 0 0 0 0 0 0 0 0 0 0 0 0 0 0 0 0 0 0 0 0 0 0 0 0 0 0 0 0 0 0 0 0 0 0 0 0 0 0 0 0 0 0 0 0 0 0 0 0 0 0 0 0 0 0 0 0 
0 0 0 0 0 0 0 0 0 0 0 0 0 0 0 0 0 0 0 0 0 0 0 0 0 0 0 0 0 0 0 0 0 0 0 0 0 0 0 0 0 0 0 0 0 0 0 0 0 0 0 0 0 0 0 0 0 0 0 0 0 0 0 0 0 0 0 0 0 0 0 0 0 0 0 0 0 0 0 0 0 0 0 0 0 0 0 0 0 0 0 0 0 0 0 0 0 0 0 0 0 0 0 0 0 0 0 0 0 0 0 0 0 0 0 0 0 0 0 0 0 0 0 0 0 0 0 0 0 0 0 0 0 0 0 0 0 0 0 0 0 0 0 0 0 0 0 0 0 0 0 0 0 0 0 0 0 0 0 0 0 0 0 0 0 0 0 0 0 0 0 0 0 0 0 0 0 0 0 0 0 0 0 0 0 0 0 0 0 0 0 0 0 0 0 0 0 0 0 0 0 0 0 0 0 0 0 0 0 0 0 0 0 0 0 0 0 0 0 0 0 0 0 0 0 0 0 0 0 0 0 0 0 0 0 0 0 0 0 0 0 0 0 0 0 0 0 0 0 0 0 0 0 0 0 0 
0 0 0 0 0 0 0 0 0 0 0 0 0 0 0 0 0 0 0 0 0 0 0 0 0 0 0 0 0 0 0 0 0 0 0 0 0 0 0 0 0 0 0 0 0 0 0 0 0 0 0 0 0 0 0 0 0 0 0 0 0 0 0 0 0 0 0 0 0 0 0 0 0 0 0 0 0 0 0 0 0 0 0 0 0 0 0 0 0 0 0 0 0 0 0 0 0 0 0 0 0 0 0 0 0 0 0 0 0 0 0 0 0 0 0 0 0 0 0 0 0 0 0 0 0 0 0 0 0 0 0 0 0 0 0 0 0 0 0 0 0 0 0 0 0 0 0 0 0 0 0 0 0 0 0 0 0 0 0 0 0 0 0 0 0 0 0 0 0 0 0 0 0 0 0 0 0 0 0 0 0 0 0 0 0 0 0 0 0 0 0 0 0 0 0 0 0 0 0 0 0 0 0 0 0 0 0 0 0 0 0 0 0 0 0 0 0 0 0 0 0 0 0 0 0 0 0 0 0 0 0 0 0 0 0 0 0 0 0 0 0 0 0 0 0 0 0 0 0 0 0 0 0 0 0 0 
0 0 0 0 0 0 0 0 0 0 0 0 0 0 0 0 0 0 0 0 0 0 0 0 0 0 0 0 0 0 0 0 0 0 0 0 0 0 0 0 0 0 0 0 0 0 0 0 0 0 0 0 0 0 0 0 0 0 0 0 0 0 0 0 0 0 0 0 0 0 0 0 0 0 0 0 0 0 0 0 0 0 0 0 0 0 0 0 0 0 0 0 0 0 0 0 0 0 0 0 0 0 0 0 0 0 0 0 0 0 0 0 0 0 0 0 0 0 0 0 0 0 0 0 0 0 0 0 0 0 0 0 0 0 0 0 0 0 0 0 0 0 0 0 0 0 0 0 0 0 0 0 0 0 0 0 0 0 0 0 0 0 0 0 0 0 0 0 0 0 0 0 0 0 0 0 0 0 0 0 0 0 0 0 0 0 0 0 0 0 0 0 0 0 0 0 0 0 0 0 0 0 0 0 0 0 0 0 0 0 0 0 0 0 0 0 0 0 0 0 0 0 0 0 0 0 0 0 0 0 0 0 0 0 0 0 0 0 0 0 0 0 0 0 0 0 0 0 0 0 0 0 0 0 0 0 
0 0 0 0 0 0 0 0 0 0 0 0 0 0 0 0 0 0 0 0 0 0 0 0 0 0 0 0 0 0 0 0 0 0 0 0 0 0 0 0 0 0 0 0 0 0 0 0 0 0 0 0 0 0 0 0 0 0 0 0 0 0 0 0 0 0 0 0 0 0 0 0 0 0 0 0 0 0 0 0 0 0 0 0 0 0 0 0 0 0 0 0 0 0 0 0 0 0 0 0 0 0 0 0 0 0 0 0 0 0 0 0 0 0 0 0 0 0 0 0 0 0 0 0 0 0 0 0 0 0 0 0 0 0 0 0 0 0 0 0 0 0 0 0 0 0 0 0 0 0 0 0 0 0 0 0 0 0 0 0 0 0 0 0 0 0 0 0 0 0 0 0 0 0 0 0 0 0 0 0 0 0 0 0 0 0 0 0 0 0 0 0 0 0 0 0 0 0 0 0 0 0 0 0 0 0 0 0 0 0 0 0 0 0 0 0 0 0 0 0 0 0 0 0 0 0 0 0 0 0 0 0 0 0 0 0 0 0 0 0 0 0 0 0 0 0 0 0 0 0 0 0 0 0 0 0 
0 0 0 0 0 0 0 0 0 0 0 0 0 0 0 0 0 0 0 0 0 0 0 0 0 0 0 0 0 0 0 0 0 0 0 0 0 0 0 0 0 0 0 0 0 0 0 0 0 0 0 0 0 0 0 0 0 0 0 0 0 0 0 0 0 0 0 0 0 0 0 0 0 0 0 0 0 0 0 0 0 0 0 0 0 0 0 0 0 0 0 0 0 0 0 0 0 0 0 0 0 0 0 0 0 0 0 0 0 0 0 0 0 0 0 0 0 0 0 0 0 0 0 0 0 0 0 0 0 0 0 0 0 0 0 0 0 0 0 0 0 0 0 0 0 0 0 0 0 0 0 0 0 0 0 0 0 0 0 0 0 0 0 0 0 0 0 0 0 0 0 0 0 0 0 0 0 0 0 0 0 0 0 0 0 0 0 0 0 0 0 0 0 0 0 0 0 0 0 0 0 0 0 0 0 0 0 0 0 0 0 0 0 0 0 0 0 0 0 0 0 0 0 0 0 0 0 0 0 0 0 0 0 0 0 0 0 0 0 0 0 0 0 0 0 0 0 0 0 0 0 0 0 0 0 0 
0 0 0 0 0 0 0 0 0 0 0 0 0 0 0 0 0 0 0 0 0 0 0 0 0 0 0 0 0 0 0 0 0 0 0 0 0 0 0 0 0 0 0 0 0 0 0 0 0 0 0 0 0 0 0 0 0 0 0 0 0 0 0 0 0 0 0 0 0 0 0 0 0 0 0 0 0 0 0 0 0 0 0 0 0 0 0 0 0 0 0 0 0 0 0 0 0 0 0 0 0 0 0 0 0 0 0 0 0 0 0 0 0 0 0 0 0 0 0 0 0 0 0 0 0 0 0 0 0 0 0 0 0 0 0 0 0 0 0 0 0 0 0 0 0 0 0 0 0 0 0 0 0 0 0 0 0 0 0 0 0 0 0 0 0 0 0 0 0 0 0 0 0 0 0 0 0 0 0 0 0 0 0 0 0 0 0 0 0 0 0 0 0 0 0 0 0 0 0 0 0 0 0 0 0 0 0 0 0 0 0 0 0 0 0 0 0 0 0 0 0 0 0 0 0 0 0 0 0 0 0 0 0 0 0 0 0 0 0 0 0 0 0 0 0 0 0 0 0 0 0 0 0 0 0 0 
0 0 0 0 0 0 0 0 0 0 0 0 0 0 0 0 0 0 0 0 0 0 0 0 0 0 0 0 0 0 0 0 0 0 0 0 0 0 0 0 0 0 0 0 0 0 0 0 0 0 0 0 0 0 0 0 0 0 0 0 0 0 0 0 0 0 0 0 0 0 0 0 0 0 0 0 0 0 0 0 0 0 0 0 0 0 0 0 0 0 0 0 0 0 0 0 0 0 0 0 0 0 0 0 0 0 0 0 0 0 0 0 0 0 0 0 0 0 0 0 0 0 0 0 0 0 0 0 0 0 0 0 0 0 0 0 0 0 0 0 0 0 0 0 0 0 0 0 0 0 0 0 0 0 0 0 0 0 0 0 0 0 0 0 0 0 0 0 0 0 0 0 0 0 0 0 0 0 0 0 0 0 0 0 0 0 0 0 0 0 0 0 0 0 0 0 0 0 0 0 0 0 0 0 0 0 0 0 0 0 0 0 0 0 0 0 0 0 0 0 0 0 0 0 0 0 0 0 0 0 0 0 0 0 0 0 0 0 0 0 0 0 0 0 0 0 0 0 0 0 0 0 0 0 0 0 
0 0 0 0 0 0 0 0 0 0 0 0 0 0 0 0 0 0 0 0 0 0 0 0 0 0 0 0 0 0 0 0 0 0 0 0 0 0 0 0 0 0 0 0 0 0 0 0 0 0 0 0 0 0 0 0 0 0 0 0 0 0 0 0 0 0 0 0 0 0 0 0 0 0 0 0 0 0 0 0 0 0 0 0 0 0 0 0 0 0 0 0 0 0 0 0 0 0 0 0 0 0 0 0 0 0 0 0 0 0 0 0 0 0 0 0 0 0 0 0 0 0 0 0 0 0 0 0 0 0 0 0 0 0 0 0 0 0 0 0 0 0 0 0 0 0 0 0 0 0 0 0 0 0 0 0 0 0 0 0 0 0 0 0 0 0 0 0 0 0 0 0 0 0 0 0 0 0 0 0 0 0 0 0 0 0 0 0 0 0 0 0 0 0 0 0 0 0 0 0 0 0 0 0 0 0 0 0 0 0 0 0 0 0 0 0 0 0 0 0 0 0 0 0 0 0 0 0 0 0 0 0 0 0 0 0 0 0 0 0 0 0 0 0 0 0 0 0 0 0 0 0 0 0 0 0 
0 0 0 0 0 0 0 0 0 0 0 0 0 0 0 0 0 0 0 0 0 0 0 0 0 0 0 0 0 0 0 0 0 0 0 0 0 0 0 0 0 0 0 0 0 0 0 0 0 0 0 0 0 0 0 0 0 0 0 0 0 0 0 0 0 0 0 0 0 0 0 0 0 0 0 0 0 0 0 0 0 0 0 0 0 0 0 0 0 0 0 0 0 0 0 0 0 0 0 0 0 0 0 0 0 0 0 0 0 0 0 0 0 0 0 0 0 0 0 0 0 0 0 0 0 0 0 0 0 0 0 0 0 0 0 0 0 0 0 0 0 0 0 0 0 0 0 0 0 0 0 0 0 0 0 0 0 0 0 0 0 0 0 0 0 0 0 0 0 0 0 0 0 0 0 0 0 0 0 0 0 0 0 0 0 0 0 0 0 0 0 0 0 0 0 0 0 0 0 0 0 0 0 0 0 0 0 0 0 0 0 0 0 0 0 0 0 0 0 0 0 0 0 0 0 0 0 0 0 0 0 0 0 0 0 0 0 0 0 0 0 0 0 0 0 0 0 0 0 0 0 0 0 0 0 0 
0 0 0 0 0 0 0 0 0 0 0 0 0 0 0 0 0 0 0 0 0 0 0 0 0 0 0 0 0 0 0 0 0 0 0 0 0 0 0 0 0 0 0 0 0 0 0 0 0 0 0 0 0 0 0 0 0 0 0 0 0 0 0 0 0 0 0 0 0 0 0 0 0 0 0 0 0 0 0 0 0 0 0 0 0 0 0 0 0 0 0 0 0 0 0 0 0 0 0 0 0 0 0 0 0 0 0 0 0 0 0 0 0 0 0 0 0 0 0 0 0 0 0 0 0 0 0 0 0 0 0 0 0 0 0 0 0 0 0 0 0 0 0 0 0 0 0 0 0 0 0 0 0 0 0 0 0 0 0 0 0 0 0 0 0 0 0 0 0 0 0 0 0 0 0 0 0 0 0 0 0 0 0 0 0 0 0 0 0 0 0 0 0 0 0 0 0 0 0 0 0 0 0 0 0 0 0 0 0 0 0 0 0 0 0 0 0 0 0 0 0 0 0 0 0 0 0 0 0 0 0 0 0 0 0 0 0 0 0 0 0 0 0 0 0 0 0 0 0 0 0 0 0 0 0 0 
# Events [detector/detector.dat] N:
0 0 0 0 0 0 0 0 0 0 0 0 0 0 0 0 0 0 0 0 0 0 0 0 0 0 0 0 0 0 0 0 0 0 0 0 0 0 0 0 0 0 0 0 0 0 0 0 0 0 0 0 0 0 0 0 0 0 0 0 0 0 0 0 0 0 0 0 0 0 0 0 0 0 0 0 0 0 0 0 0 0 0 0 0 0 0 0 0 0 0 0 0 0 0 0 0 0 0 0 0 0 0 0 0 0 0 0 0 0 0 0 0 0 0 0 0 0 0 0 0 0 0 0 0 0 0 0 0 0 0 0 0 0 0 0 0 0 0 0 0 0 0 0 0 0 0 0 0 0 0 0 0 0 0 0 0 0 0 0 0 0 0 0 0 0 0 0 0 0 0 0 0 0 0 0 0 0 0 0 0 0 0 0 0 0 0 0 0 0 0 0 0 0 0 0 0 0 0 0 0 0 0 0 0 0 0 0 0 0 0 0 0 0 0 0 0 0 0 0 0 0 0 0 0 0 0 0 0 0 0 0 0 0 0 0 0 0 0 0 0 0 0 0 0 0 0 0 0 0 0 0 0 0 0 0 
0 0 0 0 0 0 0 0 0 0 0 0 0 0 0 0 0 0 0 0 0 0 0 0 0 0 0 0 0 0 0 0 0 0 0 0 0 0 0 0 0 0 0 0 0 0 0 0 0 0 0 0 0 0 0 0 0 0 0 0 0 0 0 0 0 0 0 0 0 0 0 0 0 0 0 0 0 0 0 0 0 0 0 0 0 0 0 0 0 0 0 0 0 0 0 0 0 0 0 0 0 0 0 0 0 0 0 0 0 0 0 0 0 0 0 0 0 0 0 0 0 0 0 0 0 0 0 0 0 0 0 0 0 0 0 0 0 0 0 0 0 0 0 0 0 0 0 0 0 0 0 0 0 0 0 0 0 0 0 0 0 0 0 0 0 0 0 0 0 0 0 0 0 0 0 0 0 0 0 0 0 0 0 0 0 0 0 0 0 0 0 0 0 0 0 0 0 0 0 0 0 0 0 0 0 0 0 0 0 0 0 0 0 0 0 0 0 0 0 0 0 0 0 0 0 0 0 0 0 0 0 0 0 0 0 0 0 0 0 0 0 0 0 0 0 0 0 0 0 0 0 0 0 0 0 0 
0 0 0 0 0 0 0 0 0 0 0 0 0 0 0 0 0 0 0 0 0 0 0 0 0 0 0 0 0 0 0 0 0 0 0 0 0 0 0 0 0 0 0 0 0 0 0 0 0 0 0 0 0 0 0 0 0 0 0 0 0 0 0 0 0 0 0 0 0 0 0 0 0 0 0 0 0 0 0 0 0 0 0 0 0 0 0 0 0 0 0 0 0 0 0 0 0 0 0 0 0 0 0 0 0 0 0 0 0 0 0 0 0 0 0 0 0 0 0 0 0 0 0 0 0 0 0 0 0 0 0 0 0 0 0 0 0 0 0 0 0 0 0 0 0 0 0 0 0 0 0 0 0 0 0 0 0 0 0 0 0 0 0 0 0 0 0 0 0 0 0 0 0 0 0 0 0 0 0 0 0 0 0 0 0 0 0 0 0 0 0 0 0 0 0 0 0 0 0 0 0 0 0 0 0 0 0 0 0 0 0 0 0 0 0 0 0 0 0 0 0 0 0 0 0 0 0 0 0 0 0 0 0 0 0 0 0 0 0 0 0 0 0 0 0 0 0 0 0 0 0 0 0 0 0 0 
0 0 0 0 0 0 0 0 0 0 0 0 0 0 0 0 0 0 0 0 0 0 0 0 0 0 0 0 0 0 0 0 0 0 0 0 0 0 0 0 0 0 0 0 0 0 0 0 0 0 0 0 0 0 0 0 0 0 0 0 0 0 0 0 0 0 0 0 0 0 0 0 0 0 0 0 0 0 0 0 0 0 0 0 0 0 0 0 0 0 0 0 0 0 0 0 0 0 0 0 0 0 0 0 0 0 0 0 0 0 0 0 0 0 0 0 0 0 0 0 0 0 0 0 0 0 0 0 0 0 0 0 0 0 0 0 0 0 0 0 0 0 0 0 0 0 0 0 0 0 0 0 0 0 0 0 0 0 0 0 0 0 0 0 0 0 0 0 0 0 0 0 0 0 0 0 0 0 0 0 0 0 0 0 0 0 0 0 0 0 0 0 0 0 0 0 0 0 0 0 0 0 0 0 0 0 0 0 0 0 0 0 0 0 0 0 0 0 0 0 0 0 0 0 0 0 0 0 0 0 0 0 0 0 0 0 0 0 0 0 0 0 0 0 0 0 0 0 0 0 0 0 0 0 0 0 
0 0 0 0 0 0 0 0 0 0 0 0 0 0 0 0 0 0 0 0 0 0 0 0 0 0 0 0 0 0 0 0 0 0 0 0 0 0 0 0 0 0 0 0 0 0 0 0 0 0 0 0 0 0 0 0 0 0 0 0 0 0 0 0 0 0 0 0 0 0 0 0 0 0 0 0 0 0 0 0 0 0 0 0 0 0 0 0 0 0 0 0 0 0 0 0 0 0 0 0 0 0 0 0 0 0 0 0 0 0 0 0 0 0 0 0 0 0 0 0 0 0 0 0 0 0 0 0 0 0 0 0 0 0 0 0 0 0 0 0 0 0 0 0 0 0 0 0 0 0 0 0 0 0 0 0 0 0 0 0 0 0 0 0 0 0 0 0 0 0 0 0 0 0 0 0 0 0 0 0 0 0 0 0 0 0 0 0 0 0 0 0 0 0 0 0 0 0 0 0 0 0 0 0 0 0 0 0 0 0 0 0 0 0 0 0 0 0 0 0 0 0 0 0 0 0 0 0 0 0 0 0 0 0 0 0 0 0 0 0 0 0 0 0 0 0 0 0 0 0 0 0 0 0 0 0 
0 0 0 0 0 0 0 0 0 0 0 0 0 0 0 0 0 0 0 0 0 0 0 0 0 0 0 0 0 0 0 0 0 0 0 0 0 0 0 0 0 0 0 0 0 0 0 0 0 0 0 0 0 0 0 0 0 0 0 0 0 0 0 0 0 0 0 0 0 0 0 0 0 0 0 0 0 0 0 0 0 0 0 0 0 0 0 0 0 0 0 0 0 0 0 0 0 0 0 0 0 0 0 0 0 0 0 0 0 0 0 0 0 0 0 0 0 0 0 0 0 0 0 0 0 0 0 0 0 0 0 0 0 0 0 0 0 0 0 0 0 0 0 0 0 0 0 0 0 0 0 0 0 0 0 0 0 0 0 0 0 0 0 0 0 0 0 0 0 0 0 0 0 0 0 0 0 0 0 0 0 0 0 0 0 0 0 0 0 0 0 0 0 0 0 0 0 0 0 0 0 0 0 0 0 0 0 0 0 0 0 0 0 0 0 0 0 0 0 0 0 0 0 0 0 0 0 0 0 0 0 0 0 0 0 0 0 0 0 0 0 0 0 0 0 0 0 0 0 0 0 0 0 0 0 0 
0 0 0 0 0 0 0 0 0 0 0 0 0 0 0 0 0 0 0 0 0 0 0 0 0 0 0 0 0 0 0 0 0 0 0 0 0 0 0 0 0 0 0 0 0 0 0 0 0 0 0 0 0 0 0 0 0 0 0 0 0 0 0 0 0 0 0 0 0 0 0 0 0 0 0 0 0 0 0 0 0 0 0 0 0 0 0 0 0 0 0 0 0 0 0 0 0 0 0 0 0 0 0 0 0 0 0 0 0 0 0 0 0 0 0 0 0 0 0 0 0 0 0 0 0 0 0 0 0 0 0 0 0 0 0 0 0 0 0 0 0 0 0 0 0 0 0 0 0 0 0 0 0 0 0 0 0 0 0 0 0 0 0 0 0 0 0 0 0 0 0 0 0 0 0 0 0 0 0 0 0 0 0 0 0 0 0 0 0 0 0 0 0 0 0 0 0 0 0 0 0 0 0 0 0 0 0 0 0 0 0 0 0 0 0 0 0 0 0 0 0 0 0 0 0 0 0 0 0 0 0 0 0 0 0 0 0 0 0 0 0 0 0 0 0 0 0 0 0 0 0 0 0 0 0 0 
0 0 0 0 0 0 0 0 0 0 0 0 0 0 0 0 0 0 0 0 0 0 0 0 0 0 0 0 0 0 0 0 0 0 0 0 0 0 0 0 0 0 0 0 0 0 0 0 0 0 0 0 0 0 0 0 0 0 0 0 0 0 0 0 0 0 0 0 0 0 0 0 0 0 0 0 0 0 0 0 0 0 0 0 0 0 0 0 0 0 0 0 0 0 0 0 0 0 0 0 0 0 0 0 0 0 0 0 0 0 0 0 0 0 0 0 0 0 0 0 0 0 0 0 0 0 0 0 0 0 0 0 0 0 0 0 0 0 0 0 0 0 0 0 0 0 0 0 0 0 0 0 0 0 0 0 0 0 0 0 0 0 0 0 0 0 0 0 0 0 0 0 0 0 0 0 0 0 0 0 0 0 0 0 0 0 0 0 0 0 0 0 0 0 0 0 0 0 0 0 0 0 0 0 0 0 0 0 0 0 0 0 0 0 0 0 0 0 0 0 0 0 0 0 0 0 0 0 0 0 0 0 0 0 0 0 0 0 0 0 0 0 0 0 0 0 0 0 0 0 0 0 0 0 0 0 
0 0 0 0 0 0 0 0 0 0 0 0 0 0 0 0 0 0 0 0 0 0 0 0 0 0 0 0 0 0 0 0 0 0 0 0 0 0 0 0 0 0 0 0 0 0 0 0 0 0 0 0 0 0 0 0 0 0 0 0 0 0 0 0 0 0 0 0 0 0 0 0 0 0 0 0 0 0 0 0 0 0 0 0 0 0 0 0 0 0 0 0 0 0 0 0 0 0 0 0 0 0 0 0 0 0 0 0 0 0 0 0 0 0 0 0 0 0 0 0 0 0 0 0 0 0 0 0 0 0 0 0 0 0 0 0 0 0 0 0 0 0 0 0 0 0 0 0 0 0 0 0 0 0 0 0 0 0 0 0 0 0 0 0 0 0 0 0 0 0 0 0 0 0 0 0 0 0 0 0 0 0 0 0 0 0 0 0 0 0 0 0 0 0 0 0 0 0 0 0 0 0 0 0 0 0 0 0 0 0 0 0 0 0 0 0 0 0 0 0 0 0 0 0 0 0 0 0 0 0 0 0 0 0 0 0 0 0 0 0 0 0 0 0 0 0 0 0 0 0 0 0 0 0 0 0 
0 0 0 0 0 0 0 0 0 0 0 0 0 0 0 0 0 0 0 0 0 0 0 0 0 0 0 0 0 0 0 0 0 0 0 0 0 0 0 0 0 0 0 0 0 0 0 0 0 0 0 0 0 0 0 0 0 0 0 0 0 0 0 0 0 0 0 0 0 0 0 0 0 0 0 0 0 0 0 0 0 0 0 0 0 0 0 0 0 0 0 0 0 0 0 0 0 0 0 0 0 0 0 0 0 0 0 0 0 0 0 0 0 0 0 0 0 0 0 0 0 0 0 0 0 0 0 0 0 0 0 0 0 0 0 0 0 0 0 0 0 0 0 0 0 0 0 0 0 0 0 0 0 0 0 0 0 0 0 0 0 0 0 0 0 0 0 0 0 0 0 0 0 0 0 0 0 0 0 0 0 0 0 0 0 0 0 0 0 0 0 0 0 0 0 0 0 0 0 0 0 0 0 0 0 0 0 0 0 0 0 0 0 0 0 0 0 0 0 0 0 0 0 0 0 0 0 0 0 0 0 0 0 0 0 0 0 0 0 0 0 0 0 0 0 0 0 0 0 0 0 0 0 0 0 0 
0 0 0 0 0 0 0 0 0 0 0 0 0 0 0 0 0 0 0 0 0 0 0 0 0 0 0 0 0 0 0 0 0 0 0 0 0 0 0 0 0 0 0 0 0 0 0 0 0 0 0 0 0 0 0 0 0 0 0 0 0 0 0 0 0 0 0 0 0 0 0 0 0 0 0 0 0 0 0 0 0 0 0 0 0 0 0 0 0 0 0 0 0 0 0 0 0 0 0 0 0 0 0 0 0 0 0 0 0 0 0 0 0 0 0 0 0 0 0 0 0 0 0 0 0 0 0 0 0 0 0 0 0 0 0 0 0 0 0 0 0 0 0 0 0 0 0 0 0 0 0 0 0 0 0 0 0 0 0 0 0 0 0 0 0 0 0 0 0 0 0 0 0 0 0 0 0 0 0 0 0 0 0 0 0 0 0 0 0 0 0 0 0 0 0 0 0 0 0 0 0 0 0 0 0 0 0 0 0 0 0 0 0 0 0 0 0 0 0 0 0 0 0 0 0 0 0 0 0 0 0 0 0 0 0 0 0 0 0 0 0 0 0 0 0 0 0 0 0 0 0 0 0 0 0 0 
0 0 0 0 0 0 0 0 0 0 0 0 0 0 0 0 0 0 0 0 0 0 0 0 0 0 0 0 0 0 0 0 0 0 0 0 0 0 0 0 0 0 0 0 0 0 0 0 0 0 0 0 0 0 0 0 0 0 0 0 0 0 0 0 0 0 0 0 0 0 0 0 0 0 0 0 0 0 0 0 0 0 0 0 0 0 0 0 0 0 0 0 0 0 0 0 0 0 0 0 0 0 0 0 0 0 0 0 0 0 0 0 0 0 0 0 0 0 0 0 0 0 0 0 0 0 0 0 0 0 0 0 0 0 0 0 0 0 0 0 0 0 0 0 0 0 0 0 0 0 0 0 0 0 0 0 0 0 0 0 0 0 0 0 0 0 0 0 0 0 0 0 0 0 0 0 0 0 0 0 0 0 0 0 0 0 0 0 0 0 0 0 0 0 0 0 0 0 0 0 0 0 0 0 0 0 0 0 0 0 0 0 0 0 0 0 0 0 0 0 0 0 0 0 0 0 0 0 0 0 0 0 0 0 0 0 0 0 0 0 0 0 0 0 0 0 0 0 0 0 0 0 0 0 0 0 
0 0 0 0 0 0 0 0 0 0 0 0 0 0 0 0 0 0 0 0 0 0 0 0 0 0 0 0 0 0 0 0 0 0 0 0 0 0 0 0 0 0 0 0 0 0 0 0 0 0 0 0 0 0 0 0 0 0 0 0 0 0 0 0 0 0 0 0 0 0 0 0 0 0 0 0 0 0 0 0 0 0 0 0 0 0 0 0 0 0 0 0 0 0 0 0 0 0 0 0 0 0 0 0 0 0 0 0 0 0 0 0 0 0 0 0 0 0 0 0 0 0 0 0 0 0 0 0 0 0 0 0 0 0 0 0 0 0 0 0 0 0 0 0 0 0 0 0 0 0 0 0 0 0 0 0 0 0 0 0 0 0 0 0 0 0 0 0 0 0 0 0 0 0 0 0 0 0 0 0 0 0 0 0 0 0 0 0 0 0 0 0 0 0 0 0 0 0 0 0 0 0 0 0 0 0 0 0 0 0 0 0 0 0 0 0 0 0 0 0 0 0 0 0 0 0 0 0 0 0 0 0 0 0 0 0 0 0 0 0 0 0 0 0 0 0 0 0 0 0 0 0 0 0 0 0 
0 0 0 0 0 0 0 0 0 0 0 0 0 0 0 0 0 0 0 0 0 0 0 0 0 0 0 0 0 0 0 0 0 0 0 0 0 0 0 0 0 0 0 0 0 0 0 0 0 0 0 0 0 0 0 0 0 0 0 0 0 0 0 0 0 0 0 0 0 0 0 0 0 0 0 0 0 0 0 0 0 0 0 0 0 0 0 0 0 0 0 0 0 0 0 0 0 0 0 0 0 0 0 0 0 0 0 0 0 0 0 0 0 0 0 0 0 0 0 0 0 0 0 0 0 0 0 0 0 0 0 0 0 0 0 0 0 0 0 0 0 0 0 0 0 0 0 0 0 0 0 0 0 0 0 0 0 0 0 0 0 0 0 0 0 0 0 0 0 0 0 0 0 0 0 0 0 0 0 0 0 0 0 0 0 0 0 0 0 0 0 0 0 0 0 0 0 0 0 0 0 0 0 0 0 0 0 0 0 0 0 0 0 0 0 0 0 0 0 0 0 0 0 0 0 0 0 0 0 0 0 0 0 0 0 0 0 0 0 0 0 0 0 0 0 0 0 0 0 0 0 0 0 0 0 0 
0 0 0 0 0 0 0 0 0 0 0 0 0 0 0 0 0 0 0 0 0 0 0 0 0 0 0 0 0 0 0 0 0 0 0 0 0 0 0 0 0 0 0 0 0 0 0 0 0 0 0 0 0 0 0 0 0 0 0 0 0 0 0 0 0 0 0 0 0 0 0 0 0 0 0 0 0 0 0 0 0 0 0 0 0 0 0 0 0 0 0 0 0 0 0 0 0 0 0 0 0 0 0 0 0 0 0 0 0 0 0 0 0 0 0 0 0 0 0 0 0 0 0 0 0 0 0 0 0 0 0 0 0 0 0 0 0 0 0 0 0 0 0 0 0 0 0 0 0 0 0 0 0 0 0 0 0 0 0 0 0 0 0 0 0 0 0 0 0 0 0 0 0 0 0 0 0 0 0 0 0 0 0 0 0 0 0 0 0 0 0 0 0 0 0 0 0 0 0 0 0 0 0 0 0 0 0 0 0 0 0 0 0 0 0 0 0 0 0 0 0 0 0 0 0 0 0 0 0 0 0 0 0 0 0 0 0 0 0 0 0 0 0 0 0 0 0 0 0 0 0 0 0 0 0 0 
0 0 0 0 0 0 0 0 0 0 0 0 0 0 0 0 0 0 0 0 0 0 0 0 0 0 0 0 0 0 0 0 0 0 0 0 0 0 0 0 0 0 0 0 0 0 0 0 0 0 0 0 0 0 0 0 0 0 0 0 0 0 0 0 0 0 0 0 0 0 0 0 0 0 0 0 0 0 0 0 0 0 0 0 0 0 0 0 0 0 0 0 0 0 0 0 0 0 0 0 0 0 0 0 0 0 0 0 0 0 0 0 0 0 0 0 0 0 0 0 0 0 0 0 0 0 0 0 0 0 0 0 0 0 0 0 0 0 0 0 0 0 0 0 0 0 0 0 0 0 0 0 0 0 0 0 0 0 0 0 0 0 0 0 0 0 0 0 0 0 0 0 0 0 0 0 0 0 0 0 0 0 0 0 0 0 0 0 0 0 0 0 0 0 0 0 0 0 0 0 0 0 0 0 0 0 0 0 0 0 0 0 0 0 0 0 0 0 0 0 0 0 0 0 0 0 0 0 0 0 0 0 0 0 0 0 0 0 0 0 0 0 0 0 0 0 0 0 0 0 0 0 0 0 0 0 
0 0 0 0 0 0 0 0 0 0 0 0 0 0 0 0 0 0 0 0 0 0 0 0 0 0 0 0 0 0 0 0 0 0 0 0 0 0 0 0 0 0 0 0 0 0 0 0 0 0 0 0 0 0 0 0 0 0 0 0 0 0 0 0 0 0 0 0 0 0 0 0 0 0 0 0 0 0 0 0 0 0 0 0 0 0 0 0 0 0 0 0 0 0 0 0 0 0 0 0 0 0 0 0 0 0 0 0 0 0 0 0 0 0 0 0 0 0 0 0 0 0 0 0 0 0 0 0 0 0 0 0 0 0 0 0 0 0 0 0 0 0 0 0 0 0 0 0 0 0 0 0 0 0 0 0 0 0 0 0 0 0 0 0 0 0 0 0 0 0 0 0 0 0 0 0 0 0 0 0 0 0 0 0 0 0 0 0 0 0 0 0 0 0 0 0 0 0 0 0 0 0 0 0 0 0 0 0 0 0 0 0 0 0 0 0 0 0 0 0 0 0 0 0 0 0 0 0 0 0 0 0 0 0 0 0 0 0 0 0 0 0 0 0 0 0 0 0 0 0 0 0 0 0 0 0 
0 0 0 0 0 0 0 0 0 0 0 0 0 0 0 0 0 0 0 0 0 0 0 0 0 0 0 0 0 0 0 0 0 0 0 0 0 0 0 0 0 0 0 0 0 0 0 0 0 0 0 0 0 0 0 0 0 0 0 0 0 0 0 0 0 0 0 0 0 0 0 0 0 0 0 0 0 0 0 0 0 0 0 0 0 0 0 0 0 0 0 0 1 0 0 0 0 0 0 0 0 0 0 0 0 0 0 0 0 0 0 0 0 0 0 0 0 0 0 0 0 0 0 0 0 0 0 0 0 0 0 0 0 0 0 0 0 0 0 0 0 0 0 0 0 0 0 0 0 0 0 0 0 0 0 0 0 0 0 0 0 0 0 0 0 0 0 0 0 0 0 0 0 0 0 0 0 0 0 0 0 0 0 0 0 0 0 0 0 0 0 0 0 0 0 0 0 0 0 0 0 0 0 0 0 0 0 0 0 0 0 0 0 0 0 0 0 0 0 0 0 0 0 0 0 0 0 0 0 0 0 0 0 0 0 0 0 0 0 0 0 0 0 0 0 0 0 0 0 0 0 0 0 0 0 0 
0 0 0 0 0 0 0 0 0 0 0 0 0 0 0 0 0 0 0 0 0 0 0 0 0 0 0 0 0 0 0 0 0 0 0 0 0 0 0 0 0 0 0 0 0 0 0 0 0 0 0 0 0 0 0 0 0 0 0 0 0 0 0 0 0 0 0 0 0 0 0 0 0 0 0 0 0 0 0 0 0 0 0 0 0 0 0 0 0 0 0 0 0 0 0 0 0 0 0 0 0 0 0 0 0 0 0 0 0 0 0 0 0 0 0 0 0 0 0 0 0 0 0 0 0 0 0 0 0 0 0 0 0 0 0 0 0 0 0 0 0 0 0 0 0 0 0 0 0 0 0 0 0 0 0 0 0 0 0 0 0 0 0 0 0 0 0 0 0 0 0 0 0 0 0 0 0 0 0 0 0 0 0 0 0 0 0 0 0 0 0 0 0 0 0 0 0 0 0 0 0 0 0 0 0 0 0 0 0 0 0 0 0 0 0 0 0 0 0 0 0 0 0 0 0 0 0 0 0 0 0 0 0 0 0 0 0 0 0 0 0 0 0 0 0 0 0 0 0 0 0 0 0 0 0 0 
0 0 0 0 0 0 0 0 0 0 0 0 0 0 0 0 0 0 0 0 0 0 0 0 0 0 0 0 0 0 0 0 0 0 0 0 0 0 0 0 0 0 0 0 0 0 0 0 0 0 0 0 0 0 0 0 0 0 0 0 0 0 0 0 0 0 0 0 0 0 0 0 0 0 0 0 0 0 0 0 0 0 0 0 0 0 0 0 0 0 0 0 0 0 0 0 0 0 0 0 0 0 0 0 0 0 0 0 0 0 0 0 0 0 0 0 0 0 0 0 0 0 1 1 0 0 0 0 0 0 0 0 0 0 0 0 0 0 0 0 0 0 0 0 0 0 0 0 0 0 0 0 0 0 0 0 0 0 0 0 0 0 0 0 0 0 0 0 0 0 0 0 0 0 0 0 0 0 0 0 0 0 0 0 0 0 0 0 0 0 0 0 0 0 0 0 0 0 0 0 0 0 0 0 0 0 0 0 0 0 0 0 0 0 0 0 0 0 0 0 0 0 0 0 0 0 0 0 0 0 0 0 0 0 0 0 0 0 0 0 0 0 0 0 0 0 0 0 0 0 0 0 0 0 0 0 
0 0 0 0 0 0 0 0 0 0 0 0 0 0 0 0 0 0 0 0 0 0 0 0 0 0 0 0 0 0 0 0 0 0 0 0 0 0 0 0 0 0 0 0 0 0 0 0 0 0 0 0 0 0 0 0 0 0 0 0 0 0 0 0 0 0 0 0 0 0 0 0 0 0 0 0 0 0 0 0 0 0 0 0 0 0 0 0 0 0 0 0 0 0 0 0 0 0 0 0 0 0 0 0 0 0 0 0 0 0 0 0 0 0 0 0 0 1 0 0 0 0 0 0 0 0 0 0 0 0 0 0 0 0 0 0 0 0 0 0 0 0 0 0 0 0 0 0 0 0 0 0 0 0 0 0 0 0 1 0 0 0 0 0 0 0 0 0 0 0 0 0 0 0 0 0 0 0 0 0 0 0 0 0 0 0 0 0 0 0 0 0 0 0 0 0 0 0 0 0 0 0 0 0 0 0 0 0 0 0 0 0 0 0 0 0 0 0 0 0 0 0 0 0 0 0 0 0 0 0 0 0 0 0 0 0 0 0 0 0 0 0 0 0 0 0 0 0 0 0 0 0 0 0 0 0 
0 0 0 0 0 0 0 0 0 0 0 0 0 0 0 0 0 0 0 0 0 0 0 0 0 0 0 0 0 0 0 0 0 0 0 0 0 0 0 0 0 0 0 0 0 0 0 0 0 0 0 0 0 0 0 0 0 0 0 0 0 0 0 0 0 0 0 0 0 0 0 0 0 0 0 0 0 0 0 0 0 0 0 0 0 0 0 0 0 0 0 0 0 0 0 0 0 0 0 2 0 0 0 0 0 0 0 0 0 0 0 0 0 0 0 0 0 0 0 2 0 1 0 0 0 0 0 0 0 0 0 0 0 0 0 0 0 0 0 0 0 0 0 0 0 0 0 0 0 1 0 0 0 0 0 0 0 0 0 0 0 0 0 0 0 0 0 0 0 0 0 0 0 0 0 0 0 0 0 0 0 0 0 0 0 0 0 0 0 0 0 0 0 0 0 0 0 0 0 0 0 0 0 0 0 0 0 0 0 0 0 0 0 0 0 0 0 0 0 0 0 0 0 0 0 0 0 0 0 0 0 0 0 0 0 0 0 0 0 0 0 0 0 0 0 0 0 0 0 0 0 0 0 0 0 0 
0 0 0 0 0 0 0 0 0 0 0 0 0 0 0 0 0 0 0 0 0 0 0 0 0 0 0 0 0 0 0 0 0 0 0 0 0 0 0 0 0 0 0 0 0 0 0 0 0 0 0 0 0 0 0 0 0 0 0 0 0 0 0 0 0 0 0 0 0 0 0 0 0 0 0 0 0 0 0 0 0 0 0 0 0 0 0 0 0 0 1 0 0 0 0 0 0 0 0 0 0 0 0 0 0 0 0 0 0 0 1 0 0 0 0 0 0 0 0 0 0 1 0 0 0 0 0 0 0 0 1 0 0 0 0 0 0 0 0 0 0 0 0 0 1 0 0 0 0 0 0 0 0 0 0 0 0 0 0 0 0 0 0 0 0 0 0 0 0 0 0 0 0 0 0 0 0 0 0 0 0 0 0 0 0 0 0 0 0 0 0 0 0 0 0 0 0 0 0 0 0 0 0 0 0 0 0 0 0 0 0 0 0 0 0 0 0 0 0 0 0 0 0 0 0 0 0 0 0 0 0 0 0 0 0 0 0 0 0 0 0 0 0 0 0 0 0 0 0 0 0 0 0 0 0 0 
0 0 0 0 0 0 0 0 0 0 0 0 0 0 0 0 0 0 0 0 0 0 0 0 0 0 0 0 0 0 0 0 0 0 0 0 0 0 0 0 0 0 0 0 0 0 0 0 0 0 0 0 0 0 0 0 0 0 0 0 0 0 0 0 0 0 0 0 0 0 0 0 0 0 0 0 0 0 0 0 0 0 0 0 0 0 0 0 0 0 0 0 0 0 0 1 0 0 0 0 0 0 0 0 0 0 0 0 0 0 0 0 0 0 0 0 0 0 0 0 0 1 0 0 0 0 0 0 0 0 0 0 0 0 0 0 0 0 0 0 0 0 0 0 0 0 0 0 0 0 0 0 1 0 0 0 0 0 0 0 0 0 0 0 0 0 0 0 0 0 0 0 0 0 0 0 0 0 0 0 0 0 0 0 0 0 0 0 0 0 0 0 0 0 0 0 0 0 0 0 0 0 0 0 0 0 0 0 0 0 0 0 0 0 0 0 0 0 0 0 0 0 0 0 0 0 0 0 0 0 0 0 0 0 0 0 0 0 0 0 0 0 0 0 0 0 0 0 0 0 0 0 0 0 0 0 
0 0 0 0 0 0 0 0 0 0 0 0 0 0 0 0 0 0 0 0 0 0 0 0 0 0 0 0 0 0 0 0 0 0 0 0 0 0 0 0 0 0 0 0 0 0 0 0 0 0 0 0 0 0 0 0 0 0 0 0 0 0 0 0 0 0 0 0 0 0 0 0 0 0 0 0 0 0 0 0 0 0 0 0 0 0 0 0 0 0 0 0 0 1 0 0 0 0 0 0 0 0 0 0 0 0 0 0 0 0 0 0 0 0 0 0 0 0 0 0 0 0 0 0 0 0 0 0 0 0 0 0 0 0 0 0 0 0 0 0 0 0 0 0 0 0 0 0 0 1 0 0 0 0 0 0 0 0 0 0 0 0 0 0 0 0 0 0 0 0 0 0 0 0 0 0 0 0 0 0 0 0 0 0 0 0 0 0 0 0 0 0 0 0 0 0 0 0 0 0 0 0 0 0 0 0 0 0 0 0 0 0 0 0 0 0 0 0 0 0 0 0 0 0 0 0 0 0 0 0 0 0 0 0 0 0 0 0 0 0 0 0 0 0 0 0 0 0 0 0 0 0 0 0 0 0 
0 0 0 0 0 0 0 0 0 0 0 0 0 0 0 0 0 0 0 0 0 0 0 0 0 0 0 0 0 0 0 0 0 0 0 0 0 0 0 0 0 0 0 0 0 0 0 0 0 0 0 0 0 0 0 0 0 0 0 0 0 0 0 0 0 0 0 0 0 0 0 0 0 0 0 0 0 0 0 0 0 0 0 0 0 0 0 0 0 0 0 0 0 0 0 0 1 0 0 0 0 0 0 0 0 0 0 0 0 1 0 0 0 0 0 0 0 0 0 0 0 2 0 0 0 0 0 0 0 0 0 1 0 0 0 0 0 0 0 0 0 0 0 0 0 0 0 0 0 0 0 0 0 0 0 0 0 0 0 0 0 0 0 0 0 0 0 0 0 0 0 0 0 0 0 0 0 0 0 0 0 0 0 0 0 0 0 0 0 0 0 0 0 0 0 0 0 0 0 0 0 0 0 0 0 0 0 0 0 0 0 0 0 0 0 0 0 0 0 0 0 0 0 0 0 0 0 0 0 0 0 0 0 0 0 0 0 0 0 0 0 0 0 0 0 0 0 0 0 0 0 0 0 0 0 0 
0 0 0 0 0 0 0 0 0 0 0 0 0 0 0 0 0 0 0 0 0 0 0 0 0 0 0 0 0 0 0 0 0 0 0 0 0 0 0 0 0 0 0 0 0 0 0 0 0 0 0 0 0 0 0 0 0 0 0 0 0 0 0 0 0 0 0 0 0 0 0 0 0 0 0 0 0 0 0 0 0 0 0 0 0 0 0 0 0 0 0 0 0 0 0 0 0 1 0 1 0 0 0 0 0 0 0 0 0 0 0 0 0 0 0 0 0 0 0 0 0 0 0 0 1 0 0 0 0 0 0 0 0 0 0 0 0 0 0 0 0 0 0 1 0 0 0 0 0 0 0 0 0 0 0 1 0 0 0 0 0 1 0 0 0 0 0 0 0 0 0 0 0 0 0 0 0 0 0 0 0 0 0 0 0 0 0 0 0 0 0 0 0 0 0 0 0 0 0 0 0 0 0 0 0 0 0 0 0 0 0 0 0 0 0 0 0 0 0 0 0 0 0 0 0 0 0 0 0 0 0 0 0 0 0 0 0 0 0 0 0 0 0 0 0 0 0 0 0 0 0 0 0 0 0 0 
0 0 0 0 0 0 0 0 0 0 0 0 0 0 0 0 0 0 0 0 0 0 0 0 0 0 0 0 0 0 0 0 0 0 0 0 0 0 0 0 0 0 0 0 0 0 0 0 0 0 0 0 0 0 0 0 0 0 0 0 0 0 0 0 0 0 0 0 0 0 0 0 0 0 0 0 0 0 0 0 0 0 0 0 0 0 0 0 0 0 0 0 0 0 0 2 0 0 0 0 0 0 0 0 0 0 0 0 0 0 0 0 0 0 0 0 0 0 0 0 0 0 1 0 0 0 0 0 0 0 0 0 0 1 0 0 0 0 0 0 0 0 0 0 0 0 0 0 0 0 0 0 0 0 0 0 0 0 0 0 0 0 0 0 0 0 0 0 0 0 0 0 0 0 0 0 0 0 0 0 0 0 0 0 0 0 0 0 0 0 0 0 0 0 0 0 0 0 0 0 0 0 0 0 0 0 0 0 0 0 0 0 0 0 0 0 0 0 0 0 0 0 0 0 0 0 0 0 0 0 0 0 0 0 0 0 0 0 0 0 0 0 0 0 0 0 0 0 0 0 0 0 0 0 0 0 
0 0 0 0 0 0 0 0 0 0 0 0 0 0 0 0 0 0 0 0 0 0 0 0 0 0 0 0 0 0 0 0 0 0 0 0 0 0 0 0 0 0 0 0 0 0 0 0 0 0 0 0 0 0 0 0 0 0 0 0 0 0 0 0 0 0 0 0 0 0 0 0 0 0 0 0 0 0 0 0 0 0 0 0 0 0 0 0 0 0 0 0 0 0 0 0 0 0 0 0 0 1 0 0 1 0 0 0 0 0 0 0 0 0 0 0 0 0 0 0 0 0 0 0 0 0 0 0 0 0 0 0 0 0 0 0 0 0 0 0 1 0 0 0 0 0 0 0 0 0 0 0 0 0 0 1 0 0 0 0 0 1 0 0 0 0 0 0 0 0 0 0 0 0 0 0 0 0 0 0 0 0 0 0 0 0 0 0 0 0 0 0 0 0 0 0 0 0 0 0 0 0 0 0 0 0 0 0 0 0 0 0 0 0 0 0 0 0 0 0 0 0 0 0 0 0 0 0 0 0 0 0 0 0 0 0 0 0 0 0 0 0 0 0 0 0 0 0 0 0 0 0 0 0 0 0 
0 0 0 0 0 0 0 0 0 0 0 0 0 0 0 0 0 0 0 0 0 0 0 0 0 0 0 0 0 0 0 0 0 0 0 0 0 0 0 0 0 0 0 0 0 0 0 0 0 0 0 0 0 0 0 0 0 0 0 0 0 0 0 0 0 0 0 0 0 0 0 0 0 0 0 0 0 0 0 0 0 0 0 0 0 0 0 0 0 0 0 0 0 0 0 0 0 0 0 0 0 0 0 0 0 0 0 0 0 0 0 0 0 0 0 0 0 0 0 0 0 0 0 0 0 0 0 0 0 0 0 1 0 0 2 0 0 0 0 0 0 0 0 0 0 0 0 0 0 1 0 0 0 0 0 0 0 0 0 0 0 0 0 0 0 0 0 0 0 0 0 0 0 0 0 0 0 0 0 0 0 0 0 0 0 0 0 0 0 0 0 0 0 0 0 0 0 0 0 0 0 0 0 0 0 0 0 0 0 0 0 0 0 0 0 0 0 0 0 0 0 0 0 0 0 0 0 0 0 0 0 0 0 0 0 0 0 0 0 0 0 0 0 0 0 0 0 0 0 0 0 0 0 0 0 0 
0 0 0 0 0 0 0 0 0 0 0 0 0 0 0 0 0 0 0 0 0 0 0 0 0 0 0 0 0 0 0 0 0 0 0 0 0 0 0 0 0 0 0 0 0 0 0 0 0 0 0 0 0 0 0 0 0 0 0 0 0 0 0 0 0 0 0 0 0 0 0 0 0 0 0 0 0 0 0 0 0 0 0 0 0 0 0 0 0 0 0 0 0 0 0 0 0 0 0 0 0 0 1 0 0 0 0 0 0 0 0 0 1 0 0 0 0 0 0 0 0 0 0 0 0 0 0 0 0 0 0 0 0 0 0 0 0 0 0 0 0 0 0 0 0 0 0 0 0 0 0 0 0 0 0 0 0 0 0 0 0 0 0 0 0 0 0 0 0 0 0 0 0 0 0 0 0 0 0 0 0 0 0 0 0 0 0 0 0 0 0 0 0 0 0 0 0 0 0 0 0 0 0 0 0 0 0 0 0 0 0 0 0 0 0 0 0 0 0 0 0 0 0 0 0 0 0 0 0 0 0 0 0 0 0 0 0 0 0 0 0 0 0 0 0 0 0 0 0 0 0 0 0 0 0 0 
0 0 0 0 0 0 0 0 0 0 0 0 0 0 0 0 0 0 0 0 0 0 0 0 0 0 0 0 0 0 0 0 0 0 0 0 0 0 0 0 0 0 0 0 0 0 0 0 0 0 0 0 0 0 0 0 0 0 0 0 0 0 0 0 0 0 0 0 0 0 0 0 0 0 0 0 0 0 0 0 0 0 0 0 0 0 0 0 0 0 0 0 0 0 0 0 0 0 0 0 0 0 0 0 0 0 0 0 0 0 0 0 0 0 0 0 0 0 0 0 0 0 0 0 0 0 0 0 0 0 0 0 0 0 0 0 1 0 0 0 0 0 0 0 0 0 0 0 0 0 0 0 0 0 0 0 0 0 0 0 0 1 0 0 0 0 0 0 0 0 0 0 0 0 0 0 0 0 0 0 0 0 0 0 0 0 0 0 0 0 0 0 0 0 0 0 0 0 0 0 0 0 0 0 0 0 0 0 0 0 0 0 0 0 0 0 0 0 0 0 0 0 0 0 0 0 0 0 0 0 0 0 0 0 0 0 0 0 0 0 0 0 0 0 0 0 0 0 0 0 0 0 0 0 0 0 
0 0 0 0 0 0 0 0 0 0 0 0 0 0 0 0 0 0 0 0 0 0 0 0 0 0 0 0 0 0 0 0 0 0 0 0 0 0 0 0 0 0 0 0 0 0 0 0 0 0 0 0 0 0 0 0 0 0 0 0 0 0 0 0 0 0 0 0 0 0 0 0 0 0 0 0 0 0 0 0 0 0 0 0 0 0 0 0 0 0 0 0 0 0 0 0 0 0 0 0 0 0 0 0 0 0 0 0 0 0 0 0 0 0 0 0 0 0 0 0 0 0 0 0 0 0 0 0 0 0 0 0 0 0 0 0 0 0 0 0 0 0 0 0 0 0 0 0 0 0 0 0 0 0 0 0 0 0 0 1 0 0 0 0 0 0 0 0 0 0 0 0 0 0 0 0 0 0 0 0 0 0 0 0 0 0 0 0 0 0 0 0 0 0 0 0 0 0 0 0 0 0 0 0 0 0 0 0 0 0 0 0 0 0 0 0 0 0 0 0 0 0 0 0 0 0 0 0 0 0 0 0 0 0 0 0 0 0 0 0 0 0 0 0 0 0 0 0 0 0 0 0 0 0 0 0 
0 0 0 0 0 0 0 0 0 0 0 0 0 0 0 0 0 0 0 0 0 0 0 0 0 0 0 0 0 0 0 0 0 0 0 0 0 0 0 0 0 0 0 0 0 0 0 0 0 0 0 0 0 0 0 0 0 0 0 0 0 0 0 0 0 0 0 0 0 0 0 0 0 0 0 0 0 0 0 0 0 0 0 0 0 0 0 0 0 0 0 0 0 0 0 0 0 0 0 0 0 0 0 0 0 0 0 0 0 0 0 0 0 0 0 0 0 0 0 0 0 0 0 0 0 0 0 0 0 0 0 0 0 0 0 0 0 0 0 0 0 0 0 0 0 0 0 0 0 0 0 0 0 0 0 0 0 0 0 0 0 0 0 0 0 0 0 0 0 0 0 0 0 0 0 0 0 0 0 0 0 0 0 0 0 0 0 0 0 0 0 0 0 0 0 0 0 0 0 0 0 0 0 0 0 0 0 0 0 0 0 0 0 0 0 0 0 0 0 0 0 0 0 0 0 0 0 0 0 0 0 0 0 0 0 0 0 0 0 0 0 0 0 0 0 0 0 0 0 0 0 0 0 0 0 0 
0 0 0 0 0 0 0 0 0 0 0 0 0 0 0 0 0 0 0 0 0 0 0 0 0 0 0 0 0 0 0 0 0 0 0 0 0 0 0 0 0 0 0 0 0 0 0 0 0 0 0 0 0 0 0 0 0 0 0 0 0 0 0 0 0 0 0 0 0 0 0 0 0 0 0 0 0 0 0 0 0 0 0 0 0 0 0 0 0 0 0 0 0 0 0 0 0 0 0 0 0 0 0 0 0 0 0 0 0 0 0 0 0 0 0 0 0 0 0 0 0 0 0 0 0 0 0 0 0 0 0 0 0 0 0 0 0 0 0 0 0 0 0 0 0 0 0 0 0 0 0 0 0 0 0 0 0 0 0 0 0 0 0 0 0 0 0 0 0 0 0 0 0 0 0 0 0 0 0 0 0 0 0 0 0 0 0 0 0 0 0 0 0 0 0 0 0 0 0 0 0 0 0 0 0 0 0 0 0 0 0 0 0 0 0 0 0 0 0 0 0 0 0 0 0 0 0 0 0 0 0 0 0 0 0 0 0 0 0 0 0 0 0 0 0 0 0 0 0 0 0 0 0 0 0 0 
0 0 0 0 0 0 0 0 0 0 0 0 0 0 0 0 0 0 0 0 0 0 0 0 0 0 0 0 0 0 0 0 0 0 0 0 0 0 0 0 0 0 0 0 0 0 0 0 0 0 0 0 0 0 0 0 0 0 0 0 0 0 0 0 0 0 0 0 0 0 0 0 0 0 0 0 0 0 0 0 0 0 0 0 0 0 0 0 0 0 0 0 0 0 0 0 0 0 0 0 0 0 0 0 0 0 0 0 0 0 0 0 0 0 0 0 0 0 0 0 0 0 0 0 0 0 0 0 0 0 0 0 0 0 0 0 0 0 0 0 0 0 0 0 0 0 0 0 0 0 0 0 0 0 0 0 0 0 0 0 0 0 0 0 0 0 0 0 0 0 0 0 0 0 0 0 0 0 0 0 0 0 0 0 0 0 0 0 0 0 0 0 0 0 0 0 0 0 0 0 0 0 0 0 0 0 0 0 0 0 0 0 0 0 0 0 0 0 0 0 0 0 0 0 0 0 0 0 0 0 0 0 0 0 0 0 0 0 0 0 0 0 0 0 0 0 0 0 0 0 0 0 0 0 0 0 
0 0 0 0 0 0 0 0 0 0 0 0 0 0 0 0 0 0 0 0 0 0 0 0 0 0 0 0 0 0 0 0 0 0 0 0 0 0 0 0 0 0 0 0 0 0 0 0 0 0 0 0 0 0 0 0 0 0 0 0 0 0 0 0 0 0 0 0 0 0 0 0 0 0 0 0 0 0 0 0 0 0 0 0 0 0 0 0 0 0 0 0 0 0 0 0 0 0 0 0 0 0 0 0 0 0 0 0 0 0 0 0 0 0 0 0 0 0 0 0 0 0 0 0 0 0 0 0 0 0 0 0 0 0 0 0 0 0 0 0 0 0 0 0 0 0 0 0 0 0 0 0 0 0 0 0 0 0 0 0 0 0 0 0 0 0 0 0 0 0 0 0 0 0 0 0 0 0 0 0 0 0 0 0 0 0 0 0 0 0 0 0 0 0 0 0 0 0 0 0 0 0 0 0 0 0 0 0 0 0 0 0 0 0 0 0 0 0 0 0 0 0 0 0 0 0 0 0 0 0 0 0 0 0 0 0 0 0 0 0 0 0 0 0 0 0 0 0 0 0 0 0 0 0 0 0 
0 0 0 0 0 0 0 0 0 0 0 0 0 0 0 0 0 0 0 0 0 0 0 0 0 0 0 0 0 0 0 0 0 0 0 0 0 0 0 0 0 0 0 0 0 0 0 0 0 0 0 0 0 0 0 0 0 0 0 0 0 0 0 0 0 0 0 0 0 0 0 0 0 0 0 0 0 0 0 0 0 0 0 0 0 0 0 0 0 0 0 0 0 0 0 0 0 0 0 0 0 0 0 0 0 0 0 0 0 0 0 0 0 0 0 0 0 0 0 0 0 0 0 0 0 0 0 0 0 0 0 0 0 0 0 0 0 0 0 0 0 0 0 0 0 0 0 0 0 0 0 0 0 0 0 0 0 0 0 0 0 0 0 0 0 0 0 0 0 0 0 0 0 0 0 0 0 0 0 0 0 0 0 0 0 0 0 0 0 0 0 0 0 0 0 0 0 0 0 0 0 0 0 0 0 0 0 0 0 0 0 0 0 0 0 0 0 0 0 0 0 0 0 0 0 0 0 0 0 0 0 0 0 0 0 0 0 0 0 0 0 0 0 0 0 0 0 0 0 0 0 0 0 0 0 0 
0 0 0 0 0 0 0 0 0 0 0 0 0 0 0 0 0 0 0 0 0 0 0 0 0 0 0 0 0 0 0 0 0 0 0 0 0 0 0 0 0 0 0 0 0 0 0 0 0 0 0 0 0 0 0 0 0 0 0 0 0 0 0 0 0 0 0 0 0 0 0 0 0 0 0 0 0 0 0 0 0 0 0 0 0 0 0 0 0 0 0 0 0 0 0 0 0 0 0 0 0 0 0 0 0 0 0 0 0 0 0 0 0 0 0 0 0 0 0 0 0 0 0 0 0 0 0 0 0 0 0 0 0 0 0 0 0 0 0 0 0 0 0 0 0 0 0 0 0 0 0 0 0 0 0 0 0 0 0 0 0 0 0 0 0 0 0 0 0 0 0 0 0 0 0 0 0 0 0 0 0 0 0 0 0 0 0 0 0 0 0 0 0 0 0 0 0 0 0 0 0 0 0 0 0 0 0 0 0 0 0 0 0 0 0 0 0 0 0 0 0 0 0 0 0 0 0 0 0 0 0 0 0 0 0 0 0 0 0 0 0 0 0 0 0 0 0 0 0 0 0 0 0 0 0 0 
0 0 0 0 0 0 0 0 0 0 0 0 0 0 0 0 0 0 0 0 0 0 0 0 0 0 0 0 0 0 0 0 0 0 0 0 0 0 0 0 0 0 0 0 0 0 0 0 0 0 0 0 0 0 0 0 0 0 0 0 0 0 0 0 0 0 0 0 0 0 0 0 0 0 0 0 0 0 0 0 0 0 0 0 0 0 0 0 0 0 0 0 0 0 0 0 0 0 0 0 0 0 0 0 0 0 0 0 0 0 0 0 0 0 0 0 0 0 0 0 0 0 0 0 0 0 0 0 0 0 0 0 0 0 0 0 0 0 0 0 0 0 0 0 0 0 0 0 0 0 0 0 0 0 0 0 0 0 0 0 0 0 0 0 0 0 0 0 0 0 0 0 0 0 0 0 0 0 0 0 0 0 0 0 0 0 0 0 0 0 0 0 0 0 0 0 0 0 0 0 0 0 0 0 0 0 0 0 0 0 0 0 0 0 0 0 0 0 0 0 0 0 0 0 0 0 0 0 0 0 0 0 0 0 0 0 0 0 0 0 0 0 0 0 0 0 0 0 0 0 0 0 0 0 0 0 
0 0 0 0 0 0 0 0 0 0 0 0 0 0 0 0 0 0 0 0 0 0 0 0 0 0 0 0 0 0 0 0 0 0 0 0 0 0 0 0 0 0 0 0 0 0 0 0 0 0 0 0 0 0 0 0 0 0 0 0 0 0 0 0 0 0 0 0 0 0 0 0 0 0 0 0 0 0 0 0 0 0 0 0 0 0 0 0 0 0 0 0 0 0 0 0 0 0 0 0 0 0 0 0 0 0 0 0 0 0 0 0 0 0 0 0 0 0 0 0 0 0 0 0 0 0 0 0 0 0 0 0 0 0 0 0 0 0 0 0 0 0 0 0 0 0 0 0 0 0 0 0 0 0 0 0 0 0 0 0 0 0 0 0 0 0 0 0 0 0 0 0 0 0 0 0 0 0 0 0 0 0 0 0 0 0 0 0 0 0 0 0 0 0 0 0 0 0 0 0 0 0 0 0 0 0 0 0 0 0 0 0 0 0 0 0 0 0 0 0 0 0 0 0 0 0 0 0 0 0 0 0 0 0 0 0 0 0 0 0 0 0 0 0 0 0 0 0 0 0 0 0 0 0 0 0 
0 0 0 0 0 0 0 0 0 0 0 0 0 0 0 0 0 0 0 0 0 0 0 0 0 0 0 0 0 0 0 0 0 0 0 0 0 0 0 0 0 0 0 0 0 0 0 0 0 0 0 0 0 0 0 0 0 0 0 0 0 0 0 0 0 0 0 0 0 0 0 0 0 0 0 0 0 0 0 0 0 0 0 0 0 0 0 0 0 0 0 0 0 0 1 0 1 0 0 0 0 0 0 0 0 0 0 0 0 0 0 0 0 0 0 0 0 0 0 0 0 0 0 0 0 0 0 0 0 0 0 0 1 0 0 0 0 0 0 0 1 0 0 0 0 0 1 0 0 0 0 0 0 0 0 0 0 0 0 0 0 0 0 0 0 0 0 0 0 0 0 0 0 0 0 0 0 0 0 0 0 0 0 0 0 0 0 0 0 0 0 0 0 0 0 0 0 0 0 0 0 0 0 0 0 0 0 0 0 0 0 0 0 0 0 0 0 0 0 0 0 0 0 0 0 0 0 0 0 0 0 0 0 0 0 0 0 0 0 0 0 0 0 0 0 0 0 0 0 0 0 0 0 0 0 0 
0 0 0 0 0 0 0 0 0 0 0 0 0 0 0 0 0 0 0 0 0 0 0 0 0 0 0 0 0 0 0 0 0 0 0 0 0 0 0 0 0 0 0 0 0 0 0 0 0 0 0 0 0 0 0 0 0 0 0 0 0 0 0 0 0 0 0 0 0 0 0 0 0 0 0 0 0 0 0 0 0 0 0 0 0 0 0 0 0 0 0 0 0 0 0 0 1 0 1 0 0 0 0 0 0 0 0 0 0 0 0 0 0 1 0 0 0 0 0 0 0 0 0 0 0 0 0 0 0 0 0 0 0 0 0 0 1 0 0 0 0 0 0 0 1 0 0 0 0 0 0 0 0 0 0 0 0 0 0 1 0 0 0 0 0 0 0 0 0 0 0 0 0 0 0 0 0 0 0 0 0 0 0 0 0 0 0 0 0 0 0 0 0 0 0 0 0 0 0 0 0 0 0 0 0 0 0 0 0 0 0 0 0 0 0 0 0 0 0 0 0 0 0 0 0 0 0 0 0 0 0 0 0 0 0 0 0 0 0 0 0 0 0 0 0 0 0 0 0 0 0 0 0 0 0 0 
0 0 0 0 0 0 0 0 0 0 0 0 0 0 0 0 0 0 0 0 0 0 0 0 0 0 0 0 0 0 0 0 0 0 0 0 0 0 0 0 0 0 0 0 0 0 0 0 0 0 0 0 0 0 0 0 0 0 0 0 0 0 0 0 0 0 0 0 0 0 0 0 0 0 0 0 0 0 0 0 0 0 0 0 0 0 0 0 0 0 0 0 0 0 0 0 0 0 0 0 0 0 0 1 0 0 0 0 0 0 1 1 0 0 0 0 0 0 1 0 0 0 0 0 1 0 0 0 0 0 0 0 0 0 1 0 3 3 0 1 0 0 0 0 0 0 0 0 1 0 0 0 0 0 0 0 1 1 1 0 0 1 0 0 0 0 0 0 0 0 0 0 0 0 0 0 0 0 0 0 0 0 0 0 0 0 0 0 0 0 0 0 0 0 0 0 0 0 0 0 0 0 0 0 0 0 0 0 0 0 0 0 0 0 0 0 0 0 0 0 0 0 0 0 0 0 0 0 0 0 0 0 0 0 0 0 0 0 0 0 0 0 0 0 0 0 0 0 0 0 0 0 0 0 0 0 
0 0 0 0 0 0 0 0 0 0 0 0 0 0 0 0 0 0 0 0 0 0 0 0 0 0 0 0 0 0 0 0 0 0 0 0 0 0 0 0 0 0 0 0 0 0 0 0 0 0 0 0 0 0 0 0 0 0 0 0 0 0 0 0 0 0 0 0 0 0 0 0 0 0 0 0 0 0 0 0 0 0 0 0 0 0 0 0 0 0 0 0 0 0 0 0 0 0 0 0 0 0 1 0 0 0 0 0 0 0 0 0 0 0 0 0 1 0 0 2 0 1 1 0 0 0 0 0 0 0 0 0 0 0 1 0 0 1 0 1 0 0 1 0 1 0 0 0 0 0 0 0 0 1 0 0 0 0 0 0 0 0 0 1 0 0 0 0 0 0 0 0 0 0 0 0 0 0 0 0 0 0 0 0 0 0 0 0 0 0 0 0 0 0 0 0 0 0 0 0 0 0 0 0 0 0 0 0 0 0 0 0 0 0 0 0 0 0 0 0 0 0 0 0 0 0 0 0 0 0 0 0 0 0 0 0 0 0 0 0 0 0 0 0 0 0 0 0 0 0 0 0 0 0 0 0 
0 0 0 0 0 0 0 0 0 0 0 0 0 0 0 0 0 0 0 0 0 0 0 0 0 0 0 0 0 0 0 0 0 0 0 0 0 0 0 0 0 0 0 0 0 0 0 0 0 0 0 0 0 0 0 0 0 0 0 0 0 0 0 0 0 0 0 0 0 0 0 0 0 0 0 0 0 0 0 0 0 0 0 0 0 0 0 0 0 0 0 1 0 1 0 0 0 0 0 0 0 0 0 0 0 0 0 1 1 0 0 0 0 0 1 0 0 1 0 0 0 0 0 1 0 0 0 1 0 0 0 0 1 1 0 0 0 0 0 0 0 0 0 2 0 0 0 0 0 1 0 0 0 0 0 1 0 1 1 0 0 0 0 0 0 0 0 0 0 0 0 0 0 0 0 0 0 0 0 0 0 0 0 0 0 0 0 0 0 0 0 0 0 0 0 0 0 0 0 0 0 0 0 0 0 0 0 0 0 0 0 0 0 0 0 0 0 0 0 0 0 0 0 0 0 0 0 0 0 0 0 0 0 0 0 0 0 0 0 0 0 0 0 0 0 0 0 0 0 0 0 0 0 0 0 0 
0 0 0 0 0 0 0 0 0 0 0 0 0 0 0 0 0 0 0 0 0 0 0 0 0 0 0 0 0 0 0 0 0 0 0 0 0 0 0 0 0 0 0 0 0 0 0 0 0 0 0 0 0 0 0 0 0 0 0 0 0 0 0 0 0 0 0 0 0 0 0 0 0 0 0 0 0 0 0 0 0 0 0 0 0 0 0 0 0 0 0 0 0 0 0 0 1 1 2 1 0 1 0 0 0 0 0 0 0 0 0 0 0 0 1 2 0 0 0 0 2 0 0 2 1 1 1 0 0 0 1 0 0 1 1 0 1 1 0 2 1 0 2 1 0 0 1 0 0 0 1 0 1 0 0 0 1 0 0 0 0 0 1 0 0 0 0 0 0 0 0 0 0 0 0 0 0 0 0 0 0 0 0 0 0 0 0 0 0 0 0 0 0 0 0 0 0 0 0 0 0 0 0 0 0 0 0 0 0 0 0 0 0 0 0 0 0 0 0 0 0 0 0 0 0 0 0 0 0 0 0 0 0 0 0 0 0 0 0 0 0 0 0 0 0 0 0 0 0 0 0 0 0 0 0 0 
0 0 0 0 0 0 0 0 0 0 0 0 0 0 0 0 0 0 0 0 0 0 0 0 0 0 0 0 0 0 0 0 0 0 0 0 0 0 0 0 0 0 0 0 0 0 0 0 0 0 0 0 0 0 0 0 0 0 0 0 0 0 0 0 0 0 0 0 0 0 0 0 0 0 0 0 0 0 0 0 0 0 0 0 0 0 0 0 0 1 0 0 0 0 0 0 1 0 1 0 0 1 0 1 0 1 0 0 0 1 0 0 1 0 0 0 0 1 0 2 2 0 0 1 0 0 1 1 1 1 1 0 0 0 0 0 1 0 1 2 2 0 0 1 1 1 1 0 0 0 1 0 0 1 1 2 0 3 2 0 1 1 0 0 0 0 0 0 0 0 0 0 0 0 0 0 0 0 0 0 0 0 0 0 0 0 0 0 0 0 0 0 0 0 0 0 0 0 0 0 0 0 0 0 0 0 0 0 0 0 0 0 0 0 0 0 0 0 0 0 0 0 0 0 0 0 0 0 0 0 0 0 0 0 0 0 0 0 0 0 0 0 0 0 0 0 0 0 0 0 0 0 0 0 0 0 
0 0 0 0 0 0 0 0 0 0 0 0 0 0 0 0 0 0 0 0 0 0 0 0 0 0 0 0 0 0 0 0 0 0 0 0 0 0 0 0 0 0 0 0 0 0 0 0 0 0 0 0 0 0 0 0 0 0 0 0 0 0 0 0 0 0 0 0 0 0 0 0 0 0 0 0 0 0 0 0 0 0 0 0 0 0 0 0 0 0 0 1 0 1 1 0 0 0 1 0 1 1 2 0 0 0 0 0 0 1 0 1 0 2 0 0 1 1 0 0 1 0 1 1 0 0 2 1 1 0 0 2 2 0 1 0 0 0 0 0 1 0 1 1 2 1 0 0 0 1 0 1 0 0 1 0 0 0 0 0 0 0 0 0 0 1 1 0 0 0 0 0 0 0 0 0 0 0 0 0 0 0 0 0 0 0 0 0 0 0 0 0 0 0 0 0 0 0 0 0 0 0 0 0 0 0 0 0 0 0 0 0 0 0 0 0 0 0 0 0 0 0 0 0 0 0 0 0 0 0 0 0 0 0 0 0 0 0 0 0 0 0 0 0 0 0 0 0 0 0 0 0 0 0 0 0 
0 0 0 0 0 0 0 0 0 0 0 0 0 0 0 0 0 0 0 0 0 0 0 0 0 0 0 0 0 0 0 0 0 0 0 0 0 0 0 0 0 0 0 0 0 0 0 0 0 0 0 0 0 0 0 0 0 0 0 0 0 0 0 0 0 0 0 0 0 0 0 0 0 0 0 0 0 0 0 0 0 0 0 0 0 0 0 0 0 0 0 1 1 0 2 1 2 0 2 0 0 0 0 0 0 1 0 3 0 1 1 0 2 0 1 0 0 0 1 0 0 3 1 2 0 1 0 1 1 2 2 0 1 1 2 1 2 0 0 0 1 0 2 0 0 0 0 1 1 1 1 2 0 1 0 0 0 0 1 0 0 0 1 1 0 0 0 0 0 0 0 0 0 0 0 0 0 0 0 0 0 0 0 0 0 0 0 0 0 0 0 0 0 0 0 0 0 0 0 0 0 0 0 0 0 0 0 0 0 0 0 0 0 0 0 0 0 0 0 0 0 0 0 0 0 0 0 0 0 0 0 0 0 0 0 0 0 0 0 0 0 0 0 0 0 0 0 0 0 0 0 0 0 0 0 0 
0 0 0 0 0 0 0 0 0 0 0 0 0 0 0 0 0 0 0 0 0 0 0 0 0 0 0 0 0 0 0 0 0 0 0 0 0 0 0 0 0 0 0 0 0 0 0 0 0 0 0 0 0 0 0 0 0 0 0 0 0 0 0 0 0 0 0 0 0 0 0 0 0 0 0 0 0 0 0 0 0 0 0 0 0 0 0 0 0 0 1 0 1 0 0 0 0 0 1 1 2 1 2 1 0 1 0 3 0 0 0 1 0 0 1 0 0 0 0 0 1 0 0 0 0 2 3 1 2 1 4 2 2 0 0 1 0 3 1 0 0 0 0 1 1 2 1 0 0 0 0 3 0 0 0 1 2 0 0 0 0 0 0 0 0 0 0 0 0 0 0 0 0 0 0 0 0 0 0 0 0 0 0 0 0 0 0 0 0 0 0 0 0 0 0 0 0 0 0 0 0 0 0 0 0 0 0 0 0 0 0 0 0 0 0 0 0 0 0 0 0 0 0 0 0 0 0 0 0 0 0 0 0 0 0 0 0 0 0 0 0 0 0 0 0 0 0 0 0 0 0 0 0 0 0 0 
0 0 0 0 0 0 0 0 0 0 0 0 0 0 0 0 0 0 0 0 0 0 0 0 0 0 0 0 0 0 0 0 0 0 0 0 0 0 0 0 0 0 0 0 0 0 0 0 0 0 0 0 0 0 0 0 0 0 0 0 0 0 0 0 0 0 0 0 0 0 0 0 0 0 0 0 0 0 0 0 0 0 0 0 0 0 0 0 0 0 2 0 0 1 0 0 0 0 1 0 1 0 0 2 0 1 1 0 0 1 1 0 1 1 0 0 1 1 0 2 0 1 0 0 1 2 1 2 0 0 1 0 1 3 0 1 0 1 2 0 0 0 0 0 0 0 0 1 1 1 0 2 0 1 0 1 2 1 2 1 2 0 1 1 3 0 0 0 0 0 0 0 0 0 0 0 0 0 0 0 0 0 0 0 0 0 0 0 0 0 0 0 0 0 0 0 0 0 0 0 0 0 0 0 0 0 0 0 0 0 0 0 0 0 0 0 0 0 0 0 0 0 0 0 0 0 0 0 0 0 0 0 0 0 0 0 0 0 0 0 0 0 0 0 0 0 0 0 0 0 0 0 0 0 0 0 
0 0 0 0 0 0 0 0 0 0 0 0 0 0 0 0 0 0 0 0 0 0 0 0 0 0 0 0 0 0 0 0 0 0 0 0 0 0 0 0 0 0 0 0 0 0 0 0 0 0 0 0 0 0 0 0 0 0 0 0 0 0 0 0 0 0 0 0 0 0 0 0 0 0 0 0 0 0 0 0 0 0 0 0 0 0 0 0 0 0 2 1 1 1 1 2 0 0 0 1 1 0 0 0 0 0 1 1 1 0 1 1 0 1 3 1 2 1 2 1 3 0 2 0 2 2 0 1 1 0 1 1 0 0 3 0 0 1 2 0 1 2 1 0 0 1 0 2 1 1 0 1 2 0 0 0 1 3 1 1 1 0 1 0 0 0 0 0 0 0 0 0 0 0 0 0 0 0 0 0 0 0 0 0 0 0 0 0 0 0 0 0 0 0 0 0 0 0 0 0 0 0 0 0 0 0 0 0 0 0 0 0 0 0 0 0 0 0 0 0 0 0 0 0 0 0 0 0 0 0 0 0 0 0 0 0 0 0 0 0 0 0 0 0 0 0 0 0 0 0 0 0 0 0 0 0 
0 0 0 0 0 0 0 0 0 0 0 0 0 0 0 0 0 0 0 0 0 0 0 0 0 0 0 0 0 0 0 0 0 0 0 0 0 0 0 0 0 0 0 0 0 0 0 0 0 0 0 0 0 0 0 0 0 0 0 0 0 0 0 0 0 0 0 0 0 0 0 0 0 0 0 0 0 0 0 0 0 0 0 0 0 0 0 0 0 0 1 1 0 0 1 1 2 2 2 0 0 1 2 0 0 1 1 0 1 1 1 1 2 0 0 1 0 1 1 0 5 1 2 2 1 2 1 3 1 0 2 1 0 0 1 1 1 2 1 0 1 1 1 2 4 3 2 0 1 0 0 3 0 3 1 0 0 1 2 2 1 0 0 0 1 0 0 0 0 0 0 0 0 0 0 0 0 0 0 0 0 0 0 0 0 0 0 0 0 0 0 0 0 0 0 0 0 0 0 0 0 0 0 0 0 0 0 0 0 0 0 0 0 0 0 0 0 0 0 0 0 0 0 0 0 0 0 0 0 0 0 0 0 0 0 0 0 0 0 0 0 0 0 0 0 0 0 0 0 0 0 0 0 0 0 0 
0 0 0 0 0 0 0 0 0 0 0 0 0 0 0 0 0 0 0 0 0 0 0 0 0 0 0 0 0 0 0 0 0 0 0 0 0 0 0 0 0 0 0 0 0 0 0 0 0 0 0 0 0 0 0 0 0 0 0 0 0 0 0 0 0 0 0 0 0 0 0 0 0 0 0 0 0 0 0 0 0 0 0 0 0 0 0 0 0 1 0 0 1 0 0 2 0 0 3 1 1 2 0 0 0 2 0 2 1 0 3 0 0 0 0 1 1 2 2 1 1 3 0 1 0 0 0 0 0 3 0 0 0 2 0 1 1 1 1 0 3 1 2 3 4 1 3 2 1 3 3 3 0 0 1 4 0 0 0 1 1 3 0 0 2 1 2 0 0 0 0 0 0 0 0 0 0 0 0 0 0 0 0 0 0 0 0 0 0 0 0 0 0 0 0 0 0 0 0 0 0 0 0 0 0 0 0 0 0 0 0 0 0 0 0 0 0 0 0 0 0 0 0 0 0 0 0 0 0 0 0 0 0 0 0 0 0 0 0 0 0 0 0 0 0 0 0 0 0 0 0 0 0 0 0 0 
0 0 0 0 0 0 0 0 0 0 0 0 0 0 0 0 0 0 0 0 0 0 0 0 0 0 0 0 0 0 0 0 0 0 0 0 0 0 0 0 0 0 0 0 0 0 0 0 0 0 0 0 0 0 0 0 0 0 0 0 0 0 0 0 0 0 0 0 0 0 0 0 0 0 0 0 0 0 0 0 0 0 0 0 0 0 0 0 1 1 1 1 0 1 0 1 2 1 0 1 1 1 1 0 0 1 2 3 1 0 1 2 3 2 0 0 0 3 4 0 0 3 0 0 1 5 0 1 3 0 0 1 2 0 3 1 3 0 0 0 1 0 2 0 0 0 1 3 0 1 1 2 2 1 1 1 1 1 3 2 0 1 0 0 0 0 1 1 0 0 0 0 0 0 0 0 0 0 0 0 0 0 0 0 0 0 0 0 0 0 0 0 0 0 0 0 0 0 0 0 0 0 0 0 0 0 0 0 0 0 0 0 0 0 0 0 0 0 0 0 0 0 0 0 0 0 0 0 0 0 0 0 0 0 0 0 0 0 0 0 0 0 0 0 0 0 0 0 0 0 0 0 0 0 0 0 
0 0 0 0 0 0 0 0 0 0 0 0 0 0 0 0 0 0 0 0 0 0 0 0 0 0 0 0 0 0 0 0 0 0 0 0 0 0 0 0 0 0 0 0 0 0 0 0 0 0 0 0 0 0 0 0 0 0 0 0 0 0 0 0 0 0 0 0 0 0 0 0 0 0 0 0 0 0 0 0 0 0 0 0 0 0 0 0 1 0 0 0 1 0 0 1 0 1 1 2 2 0 0 1 1 1 1 0 0 1 1 1 2 1 1 0 2 4 2 2 0 1 1 0 0 2 2 5 1 2 2 2 1 2 4 2 1 2 1 1 1 1 1 1 1 1 1 1 1 1 2 3 0 2 1 2 1 0 2 1 0 1 1 1 0 1 1 0 0 0 0 0 0 0 0 0 0 0 0 0 0 0 0 0 0 0 0 0 0 0 0 0 0 0 0 0 0 0 0 0 0 0 0 0 0 0 0 0 0 0 0 0 0 0 0 0 0 0 0 0 0 0 0 0 0 0 0 0 0 0 0 0 0 0 0 0 0 0 0 0 0 0 0 0 0 0 0 0 0 0 0 0 0 0 0 0 
0 0 0 0 0 0 0 0 0 0 0 0 0 0 0 0 0 0 0 0 0 0 0 0 0 0 0 0 0 0 0 0 0 0 0 0 0 0 0 0 0 0 0 0 0 0 0 0 0 0 0 0 0 0 0 0 0 0 0 0 0 0 0 0 0 0 0 0 0 0 0 0 0 0 0 0 0 0 0 0 0 0 0 0 0 0 0 0 0 0 1 0 0 1 3 0 1 0 0 0 0 1 2 2 3 3 1 1 1 1 0 1 1 0 1 0 1 3 0 2 2 3 1 1 0 3 0 0 0 0 1 1 0 1 2 4 2 3 2 1 0 0 0 1 2 1 0 2 0 2 2 1 2 1 1 0 0 0 1 1 0 1 0 0 0 0 3 0 0 0 0 0 0 0 0 0 0 0 0 0 0 0 0 0 0 0 0 0 0 0 0 0 0 0 0 0 0 0 0 0 0 0 0 0 0 0 0 0 0 0 0 0 0 0 0 0 0 0 0 0 0 0 0 0 0 0 0 0 0 0 0 0 0 0 0 0 0 0 0 0 0 0 0 0 0 0 0 0 0 0 0 0 0 0 0 0 
0 0 0 0 0 0 0 0 0 0 0 0 0 0 0 0 0 0 0 0 0 0 0 0 0 0 0 0 0 0 0 0 0 0 0 0 0 0 0 0 0 0 0 0 0 0 0 0 0 0 0 0 0 0 0 0 0 0 0 0 0 0 0 0 0 0 0 0 0 0 0 0 0 0 0 0 0 0 0 0 0 0 0 0 0 0 0 0 2 2 0 0 0 0 0 0 0 0 1 0 1 2 1 1 1 1 0 2 0 2 0 0 2 1 0 0 0 1 0 2 1 2 1 0 2 1 1 3 1 0 1 2 1 1 1 2 0 1 0 1 1 1 1 2 0 1 0 0 0 1 0 1 1 1 1 1 1 1 0 0 0 0 0 0 0 0 1 0 0 0 0 0 0 0 0 0 0 0 0 0 0 0 0 0 0 0 0 0 0 0 0 0 0 0 0 0 0 0 0 0 0 0 0 0 0 0 0 0 0 0 0 0 0 0 0 0 0 0 0 0 0 0 0 0 0 0 0 0 0 0 0 0 0 0 0 0 0 0 0 0 0 0 0 0 0 0 0 0 0 0 0 0 0 0 0 0 
0 0 0 0 0 0 0 0 0 0 0 0 0 0 0 0 0 0 0 0 0 0 0 0 0 0 0 0 0 0 0 0 0 0 0 0 0 0 0 0 0 0 0 0 0 0 0 0 0 0 0 0 0 0 0 0 0 0 0 0 0 0 0 0 0 0 0 0 0 0 0 0 0 0 0 0 0 0 0 0 0 0 0 0 0 0 0 0 0 0 0 1 0 0 0 1 1 0 0 1 1 0 0 1 4 1 1 0 1 0 1 1 1 0 2 1 3 0 1 0 2 1 1 1 0 0 1 2 0 0 0 0 0 0 2 0 1 1 0 4 0 1 2 0 1 2 0 2 2 0 0 1 0 3 1 0 1 1 1 1 1 1 0 0 1 0 0 0 0 0 0 0 0 0 0 0 0 0 0 0 0 0 0 0 0 0 0 0 0 0 0 0 0 0 0 0 0 0 0 0 0 0 0 0 0 0 0 0 0 0 0 0 0 0 0 0 0 0 0 0 0 0 0 0 0 0 0 0 0 0 0 0 0 0 0 0 0 0 0 0 0 0 0 0 0 0 0 0 0 0 0 0 0 0 0 0 
0 0 0 0 0 0 0 0 0 0 0 0 0 0 0 0 0 0 0 0 0 0 0 0 0 0 0 0 0 0 0 0 0 0 0 0 0 0 0 0 0 0 0 0 0 0 0 0 0 0 0 0 0 0 0 0 0 0 0 0 0 0 0 0 0 0 0 0 0 0 0 0 0 0 0 0 0 0 0 0 0 0 0 0 0 0 0 0 0 0 0 0 0 1 1 0 1 0 0 2 2 0 0 0 0 0 2 0 2 0 1 0 0 0 1 0 0 1 1 1 1 1 2 0 0 0 0 0 3 0 1 2 0 0 2 2 0 0 0 1 0 2 1 1 0 1 1 0 1 0 0 2 0 0 0 0 0 1 0 1 0 1 0 0 0 0 0 0 0 0 0 0 0 0 0 0 0 0 0 0 0 0 0 0 0 0 0 0 0 0 0 0 0 0 0 0 0 0 0 0 0 0 0 0 0 0 0 0 0 0 0 0 0 0 0 0 0 0 0 0 0 0 0 0 0 0 0 0 0 0 0 0 0 0 0 0 0 0 0 0 0 0 0 0 0 0 0 0 0 0 0 0 0 0 0 0 
0 0 0 0 0 0 0 0 0 0 0 0 0 0 0 0 0 0 0 0 0 0 0 0 0 0 0 0 0 0 0 0 0 0 0 0 0 0 0 0 0 0 0 0 0 0 0 0 0 0 0 0 0 0 0 0 0 0 0 0 0 0 0 0 0 0 0 0 0 0 0 0 0 0 0 0 0 0 0 0 0 0 0 0 0 0 0 0 0 1 0 0 0 0 1 0 1 0 0 0 1 1 1 2 1 0 0 4 1 1 0 1 0 0 1 0 0 0 1 0 1 0 0 1 0 0 2 1 1 0 0 0 0 0 0 1 2 0 2 0 0 2 0 0 2 0 0 0 1 0 0 0 0 0 0 1 0 0 0 2 0 0 0 0 0 0 0 0 0 0 0 0 0 0 0 0 0 0 0 0 0 0 0 0 0 0 0 0 0 0 0 0 0 0 0 0 0 0 0 0 0 0 0 0 0 0 0 0 0 0 0 0 0 0 0 0 0 0 0 0 0 0 0 0 0 0 0 0 0 0 0 0 0 0 0 0 0 0 0 0 0 0 0 0 0 0 0 0 0 0 0 0 0 0 0 0 
0 0 0 0 0 0 0 0 0 0 0 0 0 0 0 0 0 0 0 0 0 0 0 0 0 0 0 0 0 0 0 0 0 0 0 0 0 0 0 0 0 0 0 0 0 0 0 0 0 0 0 0 0 0 0 0 0 0 0 0 0 0 0 0 0 0 0 0 0 0 0 0 0 0 0 0 0 0 0 0 0 0 0 0 0 0 0 0 0 0 0 0 0 0 1 0 0 1 2 0 0 1 3 0 0 0 1 2 0 1 1 1 1 0 0 0 0 1 0 0 1 2 1 0 0 1 0 1 1 0 1 0 0 0 0 1 0 1 1 0 2 1 0 0 0 1 0 1 0 0 0 1 0 0 0 1 0 0 0 0 0 0 1 1 2 0 0 0 0 0 0 0 0 0 0 0 0 0 0 0 0 0 0 0 0 0 0 0 0 0 0 0 0 0 0 0 0 0 0 0 0 0 0 0 0 0 0 0 0 0 0 0 0 0 0 0 0 0 0 0 0 0 0 0 0 0 0 0 0 0 0 0 0 0 0 0 0 0 0 0 0 0 0 0 0 0 0 0 0 0 0 0 0 0 0 0 
0 0 0 0 0 0 0 0 0 0 0 0 0 0 0 0 0 0 0 0 0 0 0 0 0 0 0 0 0 0 0 0 0 0 0 0 0 0 0 0 0 0 0 0 0 0 0 0 0 0 0 0 0 0 0 0 0 0 0 0 0 0 0 0 0 0 0 0 0 0 0 0 0 0 0 0 0 0 0 0 0 0 0 0 0 0 0 0 0 0 0 0 0 1 0 0 1 1 2 1 0 1 1 1 0 0 0 0 1 1 0 0 0 0 0 3 0 1 0 2 0 0 0 0 0 2 1 1 0 2 0 1 0 1 1 1 0 1 2 2 2 1 2 1 0 0 0 1 0 0 1 1 0 0 2 1 0 3 0 2 0 1 0 0 0 1 0 0 0 0 0 0 0 0 0 0 0 0 0 0 0 0 0 0 0 0 0 0 0 0 0 0 0 0 0 0 0 0 0 0 0 0 0 0 0 0 0 0 0 0 0 0 0 0 0 0 0 0 0 0 0 0 0 0 0 0 0 0 0 0 0 0 0 0 0 0 0 0 0 0 0 0 0 0 0 0 0 0 0 0 0 0 0 0 0 0 
0 0 0 0 0 0 0 0 0 0 0 0 0 0 0 0 0 0 0 0 0 0 0 0 0 0 0 0 0 0 0 0 0 0 0 0 0 0 0 0 0 0 0 0 0 0 0 0 0 0 0 0 0 0 0 0 0 0 0 0 0 0 0 0 0 0 0 0 0 0 0 0 0 0 0 0 0 0 0 0 0 0 0 0 0 0 0 0 0 0 0 0 0 1 1 1 1 0 1 0 0 1 0 1 2 1 0 1 2 1 1 2 0 0 3 0 1 0 1 2 0 0 2 1 0 1 0 2 2 0 1 1 1 2 3 1 0 2 0 2 0 0 0 0 0 0 0 1 0 0 0 0 0 0 1 1 0 2 0 0 1 0 3 0 0 0 0 0 0 0 0 0 0 0 0 0 0 0 0 0 0 0 0 0 0 0 0 0 0 0 0 0 0 0 0 0 0 0 0 0 0 0 0 0 0 0 0 0 0 0 0 0 0 0 0 0 0 0 0 0 0 0 0 0 0 0 0 0 0 0 0 0 0 0 0 0 0 0 0 0 0 0 0 0 0 0 0 0 0 0 0 0 0 0 0 0 
0 0 0 0 0 0 0 0 0 0 0 0 0 0 0 0 0 0 0 0 0 0 0 0 0 0 0 0 0 0 0 0 0 0 0 0 0 0 0 0 0 0 0 0 0 0 0 0 0 0 0 0 0 0 0 0 0 0 0 0 0 0 0 0 0 0 0 0 0 0 0 0 0 0 0 0 0 0 0 0 0 0 0 0 0 0 0 0 0 0 0 0 1 0 1 2 2 0 3 2 0 1 1 0 0 1 1 0 0 0 1 0 0 0 1 0 2 1 1 1 0 1 1 1 0 0 0 2 1 3 1 1 0 1 2 0 2 0 2 3 1 1 1 0 1 2 1 0 0 0 1 1 0 1 2 0 0 1 0 1 2 0 0 2 0 0 0 0 0 0 0 0 0 0 0 0 0 0 0 0 0 0 0 0 0 0 0 0 0 0 0 0 0 0 0 0 0 0 0 0 0 0 0 0 0 0 0 0 0 0 0 0 0 0 0 0 0 0 0 0 0 0 0 0 0 0 0 0 0 0 0 0 0 0 0 0 0 0 0 0 0 0 0 0 0 0 0 0 0 0 0 0 0 0 0 0 
0 0 0 0 0 0 0 0 0 0 0 0 0 0 0 0 0 0 0 0 0 0 0 0 0 0 0 0 0 0 0 0 0 0 0 0 0 0 0 0 0 0 0 0 0 0 0 0 0 0 0 0 0 0 0 0 0 0 0 0 0 0 0 0 0 0 0 0 0 0 0 0 0 0 0 0 0 0 0 0 0 0 0 0 0 0 0 0 1 0 0 1 1 0 1 0 1 2 1 1 2 0 1 0 1 0 0 0 1 1 0 0 1 1 1 2 0 1 1 0 2 2 2 2 0 1 2 0 0 0 1 1 1 0 4 1 1 3 0 0 0 1 2 0 0 0 2 0 0 1 0 2 1 1 2 0 2 2 0 1 3 2 1 0 0 3 0 0 0 0 0 0 0 0 0 0 0 0 0 0 0 0 0 0 0 0 0 0 0 0 0 0 0 0 0 0 0 0 0 0 0 0 0 0 0 0 0 0 0 0 0 0 0 0 0 0 0 0 0 0 0 0 0 0 0 0 0 0 0 0 0 0 0 0 0 0 0 0 0 0 0 0 0 0 0 0 0 0 0 0 0 0 0 0 0 0 
0 0 0 0 0 0 0 0 0 0 0 0 0 0 0 0 0 0 0 0 0 0 0 0 0 0 0 0 0 0 0 0 0 0 0 0 0 0 0 0 0 0 0 0 0 0 0 0 0 0 0 0 0 0 0 0 0 0 0 0 0 0 0 0 0 0 0 0 0 0 0 0 0 0 0 0 0 0 0 0 0 0 0 0 0 0 0 0 0 1 0 0 0 0 0 1 1 2 1 1 3 1 0 1 1 1 2 2 1 0 1 1 0 2 1 1 0 2 1 0 0 0 1 1 2 1 4 1 3 0 2 1 0 0 1 2 0 1 2 1 1 1 0 1 3 1 0 0 0 1 1 0 0 0 0 0 1 1 2 1 2 1 1 0 0 0 0 0 0 0 0 0 0 0 0 0 0 0 0 0 0 0 0 0 0 0 0 0 0 0 0 0 0 0 0 0 0 0 0 0 0 0 0 0 0 0 0 0 0 0 0 0 0 0 0 0 0 0 0 0 0 0 0 0 0 0 0 0 0 0 0 0 0 0 0 0 0 0 0 0 0 0 0 0 0 0 0 0 0 0 0 0 0 0 0 0 
0 0 0 0 0 0 0 0 0 0 0 0 0 0 0 0 0 0 0 0 0 0 0 0 0 0 0 0 0 0 0 0 0 0 0 0 0 0 0 0 0 0 0 0 0 0 0 0 0 0 0 0 0 0 0 0 0 0 0 0 0 0 0 0 0 0 0 0 0 0 0 0 0 0 0 0 0 0 0 0 0 0 0 0 0 0 0 0 0 0 1 0 1 1 1 1 0 1 1 1 1 2 0 2 2 1 0 0 1 0 0 1 1 1 0 2 3 2 0 0 1 1 1 0 1 1 1 2 2 0 0 2 2 2 1 1 0 1 1 1 0 0 0 1 2 2 1 0 2 3 1 0 1 1 0 1 1 0 0 2 0 0 0 1 0 1 0 0 0 0 0 0 0 0 0 0 0 0 0 0 0 0 0 0 0 0 0 0 0 0 0 0 0 0 0 0 0 0 0 0 0 0 0 0 0 0 0 0 0 0 0 0 0 0 0 0 0 0 0 0 0 0 0 0 0 0 0 0 0 0 0 0 0 0 0 0 0 0 0 0 0 0 0 0 0 0 0 0 0 0 0 0 0 0 0 0 
0 0 0 0 0 0 0 0 0 0 0 0 0 0 0 0 0 0 0 0 0 0 0 0 0 0 0 0 0 0 0 0 0 0 0 0 0 0 0 0 0 0 0 0 0 0 0 0 0 0 0 0 0 0 0 0 0 0 0 0 0 0 0 0 0 0 0 0 0 0 0 0 0 0 0 0 0 0 0 0 0 0 0 0 0 0 0 0 0 0 0 1 0 0 0 0 0 1 0 0 0 1 0 0 0 2 0 0 0 1 0 2 2 0 1 0 0 0 0 2 1 0 1 1 0 0 0 1 0 0 1 0 0 1 1 0 1 1 0 1 0 0 0 0 1 1 0 0 0 1 0 0 2 1 0 1 0 2 0 2 1 0 1 0 0 0 0 0 0 0 0 0 0 0 0 0 0 0 0 0 0 0 0 0 0 0 0 0 0 0 0 0 0 0 0 0 0 0 0 0 0 0 0 0 0 0 0 0 0 0 0 0 0 0 0 0 0 0 0 0 0 0 0 0 0 0 0 0 0 0 0 0 0 0 0 0 0 0 0 0 0 0 0 0 0 0 0 0 0 0 0 0 0 0 0 0 
0 0 0 0 0 0 0 0 0 0 0 0 0 0 0 0 0 0 0 0 0 0 0 0 0 0 0 0 0 0 0 0 0 0 0 0 0 0 0 0 0 0 0 0 0 0 0 0 0 0 0 0 0 0 0 0 0 0 0 0 0 0 0 0 0 0 0 0 0 0 0 0 0 0 0 0 0 0 0 0 0 0 0 0 0 0 0 0 0 0 0 1 0 0 0 0 1 0 0 0 0 1 0 1 1 1 1 1 2 1 1 1 2 1 0 1 0 0 0 0 0 1 0 0 1 2 0 1 0 0 0 1 0 1 0 0 0 1 0 0 4 0 1 0 0 1 0 1 2 0 0 0 0 1 2 1 1 0 2 0 0 0 0 1 1 0 0 0 0 0 0 0 0 0 0 0 0 0 0 0 0 0 0 0 0 0 0 0 0 0 0 0 0 0 0 0 0 0 0 0 0 0 0 0 0 0 0 0 0 0 0 0 0 0 0 0 0 0 0 0 0 0 0 0 0 0 0 0 0 0 0 0 0 0 0 0 0 0 0 0 0 0 0 0 0 0 0 0 0 0 0 0 0 0 0 0 
0 0 0 0 0 0 0 0 0 0 0 0 0 0 0 0 0 0 0 0 0 0 0 0 0 0 0 0 0 0 0 0 0 0 0 0 0 0 0 0 0 0 0 0 0 0 0 0 0 0 0 0 0 0 0 0 0 0 0 0 0 0 0 0 0 0 0 0 0 0 0 0 0 0 0 0 0 0 0 0 0 0 0 0 0 0 0 0 0 0 0 0 0 0 0 0 1 1 1 0 2 0 0 0 0 1 1 0 1 2 0 0 0 1 0 1 0 2 0 0 0 0 1 0 0 0 0 0 0 0 0 1 1 0 0 2 0 0 1 0 0 0 0 1 0 0 0 1 0 0 0 0 0 0 2 1 0 1 1 2 1 0 0 0 0 0 1 0 0 0 0 0 0 0 0 0 0 0 0 0 0 0 0 0 0 0 0 0 0 0 0 0 0 0 0 0 0 0 0 0 0 0 0 0 0 0 0 0 0 0 0 0 0 0 0 0 0 0 0 0 0 0 0 0 0 0 0 0 0 0 0 0 0 0 0 0 0 0 0 0 0 0 0 0 0 0 0 0 0 0 0 0 0 0 0 0 
0 0 0 0 0 0 0 0 0 0 0 0 0 0 0 0 0 0 0 0 0 0 0 0 0 0 0 0 0 0 0 0 0 0 0 0 0 0 0 0 0 0 0 0 0 0 0 0 0 0 0 0 0 0 0 0 0 0 0 0 0 0 0 0 0 0 0 0 0 0 0 0 0 0 0 0 0 0 0 0 0 0 0 0 0 0 0 0 0 0 0 0 0 0 0 1 0 0 0 0 0 0 0 0 0 0 1 0 0 0 0 0 0 0 0 0 0 0 0 0 0 0 0 0 0 0 0 0 0 0 0 0 0 0 0 1 1 0 0 0 0 0 0 1 1 1 0 0 0 0 0 0 0 1 0 0 0 0 1 0 0 0 0 0 1 0 0 0 0 0 0 0 0 0 0 0 0 0 0 0 0 0 0 0 0 0 0 0 0 0 0 0 0 0 0 0 0 0 0 0 0 0 0 0 0 0 0 0 0 0 0 0 0 0 0 0 0 0 0 0 0 0 0 0 0 0 0 0 0 0 0 0 0 0 0 0 0 0 0 0 0 0 0 0 0 0 0 0 0 0 0 0 0 0 0 0 
0 0 0 0 0 0 0 0 0 0 0 0 0 0 0 0 0 0 0 0 0 0 0 0 0 0 0 0 0 0 0 0 0 0 0 0 0 0 0 0 0 0 0 0 0 0 0 0 0 0 0 0 0 0 0 0 0 0 0 0 0 0 0 0 0 0 0 0 0 0 0 0 0 0 0 0 0 0 0 0 0 0 0 0 0 0 0 0 0 0 0 0 0 0 0 0 0 0 0 0 0 0 0 0 0 0 0 0 0 0 0 0 0 0 0 0 0 0 0 0 0 0 0 0 0 0 0 0 0 0 0 0 0 0 0 0 0 0 0 0 0 0 0 0 0 0 0 0 0 0 0 0 0 0 0 0 0 0 0 0 0 0 0 0 0 0 0 0 0 0 0 0 0 0 0 0 0 0 0 0 0 0 0 0 0 0 0 0 0 0 0 0 0 0 0 0 0 0 0 0 0 0 0 0 0 0 0 0 0 0 0 0 0 0 0 0 0 0 0 0 0 0 0 0 0 0 0 0 0 0 0 0 0 0 0 0 0 0 0 0 0 0 0 0 0 0 0 0 0 0 0 0 0 0 0 0 
0 0 0 0 0 0 0 0 0 0 0 0 0 0 0 0 0 0 0 0 0 0 0 0 0 0 0 0 0 0 0 0 0 0 0 0 0 0 0 0 0 0 0 0 0 0 0 0 0 0 0 0 0 0 0 0 0 0 0 0 0 0 0 0 0 0 0 0 0 0 0 0 0 0 0 0 0 0 0 0 0 0 0 0 0 0 0 0 0 0 0 0 0 0 0 0 0 0 0 1 0 0 0 0 0 0 0 0 0 1 0 0 0 3 0 0 0 0 1 0 0 0 0 0 0 0 0 0 0 0 0 0 0 0 0 1 0 1 0 0 1 0 1 1 0 0 0 0 1 0 0 0 0 0 0 1 0 0 0 0 0 0 0 0 0 0 0 0 0 0 0 0 0 0 0 0 0 0 0 0 0 0 0 0 0 0 0 0 0 0 0 0 0 0 0 0 0 0 0 0 0 0 0 0 0 0 0 0 0 0 0 0 0 0 0 0 0 0 0 0 0 0 0 0 0 0 0 0 0 0 0 0 0 0 0 0 0 0 0 0 0 0 0 0 0 0 0 0 0 0 0 0 0 0 0 0 
0 0 0 0 0 0 0 0 0 0 0 0 0 0 0 0 0 0 0 0 0 0 0 0 0 0 0 0 0 0 0 0 0 0 0 0 0 0 0 0 0 0 0 0 0 0 0 0 0 0 0 0 0 0 0 0 0 0 0 0 0 0 0 0 0 0 0 0 0 0 0 0 0 0 0 0 0 0 0 0 0 0 0 0 0 0 0 0 0 0 0 0 0 0 1 1 1 2 0 1 1 1 0 2 0 1 0 0 0 0 0 0 1 0 0 1 1 3 0 0 0 0 0 0 0 0 2 0 1 0 0 0 0 1 0 1 1 0 0 0 0 0 1 0 0 1 0 0 1 0 1 0 1 1 1 0 0 0 1 0 2 0 0 0 1 0 0 0 0 0 0 0 0 0 0 0 0 0 0 0 0 0 0 0 0 0 0 0 0 0 0 0 0 0 0 0 0 0 0 0 0 0 0 0 0 0 0 0 0 0 0 0 0 0 0 0 0 0 0 0 0 0 0 0 0 0 0 0 0 0 0 0 0 0 0 0 0 0 0 0 0 0 0 0 0 0 0 0 0 0 0 0 0 0 0 0 
0 0 0 0 0 0 0 0 0 0 0 0 0 0 0 0 0 0 0 0 0 0 0 0 0 0 0 0 0 0 0 0 0 0 0 0 0 0 0 0 0 0 0 0 0 0 0 0 0 0 0 0 0 0 0 0 0 0 0 0 0 0 0 0 0 0 0 0 0 0 0 0 0 0 0 0 0 0 0 0 0 0 0 0 0 0 0 0 0 0 0 0 0 0 1 0 1 3 0 0 1 1 0 0 0 0 0 0 0 0 2 0 0 0 1 1 1 1 2 0 0 0 1 1 0 0 0 3 1 1 0 0 1 1 1 1 1 3 0 1 0 1 2 0 3 1 1 1 0 0 0 2 2 1 0 2 0 0 1 1 1 1 0 0 0 0 0 0 0 0 0 0 0 0 0 0 0 0 0 0 0 0 0 0 0 0 0 0 0 0 0 0 0 0 0 0 0 0 0 0 0 0 0 0 0 0 0 0 0 0 0 0 0 0 0 0 0 0 0 0 0 0 0 0 0 0 0 0 0 0 0 0 0 0 0 0 0 0 0 0 0 0 0 0 0 0 0 0 0 0 0 0 0 0 0 0 
0 0 0 0 0 0 0 0 0 0 0 0 0 0 0 0 0 0 0 0 0 0 0 0 0 0 0 0 0 0 0 0 0 0 0 0 0 0 0 0 0 0 0 0 0 0 0 0 0 0 0 0 0 0 0 0 0 0 0 0 0 0 0 0 0 0 0 0 0 0 0 0 0 0 0 0 0 0 0 0 0 0 0 0 0 0 0 0 1 1 0 0 2 0 0 1 1 0 2 2 3 1 2 1 1 0 0 0 1 1 1 2 0 1 2 1 0 0 1 2 1 0 1 2 1 0 0 2 0 3 1 0 1 1 0 0 0 1 1 0 1 1 0 1 0 1 1 1 1 1 0 0 4 2 0 1 0 1 1 1 0 1 3 0 1 0 0 0 0 0 0 0 0 0 0 0 0 0 0 0 0 0 0 0 0 0 0 0 0 0 0 0 0 0 0 0 0 0 0 0 0 0 0 0 0 0 0 0 0 0 0 0 0 0 0 0 0 0 0 0 0 0 0 0 0 0 0 0 0 0 0 0 0 0 0 0 0 0 0 0 0 0 0 0 0 0 0 0 0 0 0 0 0 0 0 0 
0 0 0 0 0 0 0 0 0 0 0 0 0 0 0 0 0 0 0 0 0 0 0 0 0 0 0 0 0 0 0 0 0 0 0 0 0 0 0 0 0 0 0 0 0 0 0 0 0 0 0 0 0 0 0 0 0 0 0 0 0 0 0 0 0 0 0 0 0 0 0 0 0 0 0 0 0 0 0 0 0 0 0 0 0 0 0 0 0 0 0 0 2 0 1 2 0 1 1 1 2 3 0 2 2 3 0 1 0 0 1 0 1 2 3 2 3 4 2 1 1 4 2 1 2 3 3 2 2 1 2 2 1 2 2 0 2 0 1 1 1 1 0 0 2 1 1 1 0 1 3 0 4 1 0 2 1 1 4 0 1 2 1 0 0 0 0 0 0 0 0 0 0 0 0 0 0 0 0 0 0 0 0 0 0 0 0 0 0 0 0 0 0 0 0 0 0 0 0 0 0 0 0 0 0 0 0 0 0 0 0 0 0 0 0 0 0 0 0 0 0 0 0 0 0 0 0 0 0 0 0 0 0 0 0 0 0 0 0 0 0 0 0 0 0 0 0 0 0 0 0 0 0 0 0 0 
0 0 0 0 0 0 0 0 0 0 0 0 0 0 0 0 0 0 0 0 0 0 0 0 0 0 0 0 0 0 0 0 0 0 0 0 0 0 0 0 0 0 0 0 0 0 0 0 0 0 0 0 0 0 0 0 0 0 0 0 0 0 0 0 0 0 0 0 0 0 0 0 0 0 0 0 0 0 0 0 0 0 0 0 0 0 0 0 0 0 0 1 0 1 3 5 3 2 3 1 2 3 3 1 1 0 0 1 3 2 1 2 2 1 1 1 3 3 2 3 2 5 1 2 3 0 3 3 3 1 0 1 3 0 4 3 3 0 0 2 3 3 1 1 3 2 2 0 3 7 1 2 1 1 1 3 2 3 2 2 0 0 0 1 0 2 0 0 0 0 0 0 0 0 0 0 0 0 0 0 0 0 0 0 0 0 0 0 0 0 0 0 0 0 0 0 0 0 0 0 0 0 0 0 0 0 0 0 0 0 0 0 0 0 0 0 0 0 0 0 0 0 0 0 0 0 0 0 0 0 0 0 0 0 0 0 0 0 0 0 0 0 0 0 0 0 0 0 0 0 0 0 0 0 0 0 
0 0 0 0 0 0 0 0 0 0 0 0 0 0 0 0 0 0 0 0 0 0 0 0 0 0 0 0 0 0 0 0 0 0 0 0 0 0 0 0 0 0 0 0 0 0 0 0 0 0 0 0 0 0 0 0 0 0 0 0 0 0 0 0 0 0 0 0 0 0 0 0 0 0 0 0 0 0 0 0 0 0 0 0 0 0 0 0 0 0 0 1 1 1 2 4 4 2 2 3 1 0 1 0 5 2 1 1 4 3 1 4 1 0 1 5 2 0 2 0 1 4 3 1 3 1 0 3 2 0 3 1 3 2 2 2 2 1 3 2 0 2 4 4 1 2 3 1 1 1 2 1 3 1 3 1 2 3 1 3 3 0 0 1 2 1 2 0 0 0 0 0 0 0 0 0 0 0 0 0 0 0 0 0 0 0 0 0 0 0 0 0 0 0 0 0 0 0 0 0 0 0 0 0 0 0 0 0 0 0 0 0 0 0 0 0 0 0 0 0 0 0 0 0 0 0 0 0 0 0 0 0 0 0 0 0 0 0 0 0 0 0 0 0 0 0 0 0 0 0 0 0 0 0 0 0 
0 0 0 0 0 0 0 0 0 0 0 0 0 0 0 0 0 0 0 0 0 0 0 0 0 0 0 0 0 0 0 0 0 0 0 0 0 0 0 0 0 0 0 0 0 0 0 0 0 0 0 0 0 0 0 0 0 0 0 0 0 0 0 0 0 0 0 0 0 0 0 0 0 0 0 0 0 0 0 0 0 0 0 0 0 0 0 0 1 0 1 0 0 2 3 2 4 0 0 1 1 5 2 3 3 4 3 3 6 5 4 3 1 3 2 3 1 5 2 2 5 1 0 1 1 3 3 2 2 2 3 3 1 4 0 1 1 2 2 3 4 4 2 3 6 2 2 3 2 3 2 3 1 2 0 4 0 1 0 1 1 5 0 3 1 1 0 0 0 0 0 0 0 0 0 0 0 0 0 0 0 0 0 0 0 0 0 0 0 0 0 0 0 0 0 0 0 0 0 0 0 0 0 0 0 0 0 0 0 0 0 0 0 0 0 0 0 0 0 0 0 0 0 0 0 0 0 0 0 0 0 0 0 0 0 0 0 0 0 0 0 0 0 0 0 0 0 0 0 0 0 0 0 0 0 0 
0 0 0 0 0 0 0 0 0 0 0 0 0 0 0 0 0 0 0 0 0 0 0 0 0 0 0 0 0 0 0 0 0 0 0 0 0 0 0 0 0 0 0 0 0 0 0 0 0 0 0 0 0 0 0 0 0 0 0 0 0 0 0 0 0 0 0 0 0 0 0 0 0 0 0 0 0 0 0 0 0 0 0 0 0 0 0 0 0 1 1 1 3 0 0 1 3 1 2 3 1 4 4 6 3 0 7 3 2 5 4 4 6 3 1 2 2 1 2 2 0 2 2 2 5 1 1 4 1 1 2 4 1 6 1 3 2 1 5 1 2 5 1 2 2 4 5 3 1 3 3 4 3 1 2 1 4 6 2 4 0 3 2 1 1 3 1 0 0 0 0 0 0 0 0 0 0 0 0 0 0 0 0 0 0 0 0 0 0 0 0 0 0 0 0 0 0 0 0 0 0 0 0 0 0 0 0 0 0 0 0 0 0 0 0 0 0 0 0 0 0 0 0 0 0 0 0 0 0 0 0 0 0 0 0 0 0 0 0 0 0 0 0 0 0 0 0 0 0 0 0 0 0 0 0 0 
0 0 0 0 0 0 0 0 0 0 0 0 0 0 0 0 0 0 0 0 0 0 0 0 0 0 0 0 0 0 0 0 0 0 0 0 0 0 0 0 0 0 0 0 0 0 0 0 0 0 0 0 0 0 0 0 0 0 0 0 0 0 0 0 0 0 0 0 0 0 0 0 0 0 0 0 0 0 0 0 0 0 0 0 0 0 0 0 0 0 0 1 1 1 2 1 2 2 2 2 3 3 5 5 5 1 3 2 1 2 4 3 5 3 1 2 4 3 1 6 2 4 0 6 4 2 2 3 2 3 3 1 2 2 2 2 4 1 4 3 4 4 2 7 6 5 4 1 5 3 5 4 4 3 3 3 4 0 3 4 3 1 1 3 1 0 0 0 0 0 0 0 0 0 0 0 0 0 0 0 0 0 0 0 0 0 0 0 0 0 0 0 0 0 0 0 0 0 0 0 0 0 0 0 0 0 0 0 0 0 0 0 0 0 0 0 0 0 0 0 0 0 0 0 0 0 0 0 0 0 0 0 0 0 0 0 0 0 0 0 0 0 0 0 0 0 0 0 0 0 0 0 0 0 0 0 
0 0 0 0 0 0 0 0 0 0 0 0 0 0 0 0 0 0 0 0 0 0 0 0 0 0 0 0 0 0 0 0 0 0 0 0 0 0 0 0 0 0 0 0 0 0 0 0 0 0 0 0 0 0 0 0 0 0 0 0 0 0 0 0 0 0 0 0 0 0 0 0 0 0 0 0 0 0 0 0 0 0 0 0 0 0 0 0 0 1 0 0 0 1 4 3 2 2 2 5 4 4 0 2 4 2 1 4 1 2 6 1 3 1 3 2 1 7 1 6 0 5 2 2 5 5 7 6 3 3 3 2 1 5 5 4 4 3 2 5 0 2 1 4 2 6 4 7 3 3 1 2 0 1 2 1 2 3 4 2 3 3 1 1 2 0 1 0 0 0 0 0 0 0 0 0 0 0 0 0 0 0 0 0 0 0 0 0 0 0 0 0 0 0 0 0 0 0 0 0 0 0 0 0 0 0 0 0 0 0 0 0 0 0 0 0 0 0 0 0 0 0 0 0 0 0 0 0 0 0 0 0 0 0 0 0 0 0 0 0 0 0 0 0 0 0 0 0 0 0 0 0 0 0 0 0 
0 0 0 0 0 0 0 0 0 0 0 0 0 0 0 0 0 0 0 0 0 0 0 0 0 0 0 0 0 0 0 0 0 0 0 0 0 0 0 0 0 0 0 0 0 0 0 0 0 0 0 0 0 0 0 0 0 0 0 0 0 0 0 0 0 0 0 0 0 0 0 0 0 0 0 0 0 0 0 0 0 0 0 0 0 0 0 0 0 1 2 3 4 1 1 4 1 2 2 8 1 2 2 3 2 3 3 1 0 9 3 3 2 4 1 4 2 2 3 7 5 1 5 3 1 3 5 3 4 6 2 3 2 1 4 1 1 3 1 4 2 2 5 3 2 3 2 0 3 5 2 1 3 4 6 2 2 2 2 3 3 3 1 3 2 0 0 0 0 0 0 0 0 0 0 0 0 0 0 0 0 0 0 0 0 0 0 0 0 0 0 0 0 0 0 0 0 0 0 0 0 0 0 0 0 0 0 0 0 0 0 0 0 0 0 0 0 0 0 0 0 0 0 0 0 0 0 0 0 0 0 0 0 0 0 0 0 0 0 0 0 0 0 0 0 0 0 0 0 0 0 0 0 0 0 0 
0 0 0 0 0 0 0 0 0 0 0 0 0 0 0 0 0 0 0 0 0 0 0 0 0 0 0 0 0 0 0 0 0 0 0 0 0 0 0 0 0 0 0 0 0 0 0 0 0 0 0 0 0 0 0 0 0 0 0 0 0 0 0 0 0 0 0 0 0 0 0 0 0 0 0 0 0 0 0 0 0 0 0 0 0 0 0 0 0 0 2 3 0 1 1 1 2 3 1 6 1 3 3 2 5 2 2 2 3 7 4 3 1 2 7 2 0 2 2 3 1 2 3 2 3 3 2 6 1 3 4 4 7 4 1 4 3 1 5 5 8 10 3 4 1 3 2 2 5 3 5 3 5 4 6 2 1 3 5 1 1 1 2 4 3 0 0 2 0 0 0 0 0 0 0 0 0 0 0 0 0 0 0 0 0 0 0 0 0 0 0 0 0 0 0 0 0 0 0 0 0 0 0 0 0 0 0 0 0 0 0 0 0 0 0 0 0 0 0 0 0 0 0 0 0 0 0 0 0 0 0 0 0 0 0 0 0 0 0 0 0 0 0 0 0 0 0 0 0 0 0 0 0 0 0 0 
0 0 0 0 0 0 0 0 0 0 0 0 0 0 0 0 0 0 0 0 0 0 0 0 0 0 0 0 0 0 0 0 0 0 0 0 0 0 0 0 0 0 0 0 0 0 0 0 0 0 0 0 0 0 0 0 0 0 0 0 0 0 0 0 0 0 0 0 0 0 0 0 0 0 0 0 0 0 0 0 0 0 0 0 0 0 0 1 1 0 1 2 2 0 3 2 2 5 4 5 5 4 3 2 5 4 4 4 6 6 2 4 2 3 6 4 3 2 3 6 6 2 3 4 2 0 7 2 2 3 2 5 2 11 8 4 0 3 2 2 4 6 5 2 4 2 3 2 5 8 4 1 3 3 2 6 1 6 5 5 3 2 2 1 0 1 0 1 1 0 0 0 0 0 0 0 0 0 0 0 0 0 0 0 0 0 0 0 0 0 0 0 0 0 0 0 0 0 0 0 0 0 0 0 0 0 0 0 0 0 0 0 0 0 0 0 0 0 0 0 0 0 0 0 0 0 0 0 0 0 0 0 0 0 0 0 0 0 0 0 0 0 0 0 0 0 0 0 0 0 0 0 0 0 0 0 
0 0 0 0 0 0 0 0 0 0 0 0 0 0 0 0 0 0 0 0 0 0 0 0 0 0 0 0 0 0 0 0 0 0 0 0 0 0 0 0 0 0 0 0 0 0 0 0 0 0 0 0 0 0 0 0 0 0 0 0 0 0 0 0 0 0 0 0 0 0 0 0 0 0 0 0 0 0 0 0 0 0 0 0 0 0 0 0 0 3 1 0 1 3 3 2 2 2 2 3 3 1 3 2 4 5 1 4 0 6 1 2 3 1 4 3 3 3 3 1 3 2 5 4 2 0 4 0 2 2 2 6 3 3 0 6 6 0 2 2 3 3 1 3 5 1 4 2 3 1 1 3 4 3 2 2 3 3 7 5 4 3 6 1 1 1 0 0 0 0 0 0 0 0 0 0 0 0 0 0 0 0 0 0 0 0 0 0 0 0 0 0 0 0 0 0 0 0 0 0 0 0 0 0 0 0 0 0 0 0 0 0 0 0 0 0 0 0 0 0 0 0 0 0 0 0 0 0 0 0 0 0 0 0 0 0 0 0 0 0 0 0 0 0 0 0 0 0 0 0 0 0 0 0 0 0 
0 0 0 0 0 0 0 0 0 0 0 0 0 0 0 0 0 0 0 0 0 0 0 0 0 0 0 0 0 0 0 0 0 0 0 0 0 0 0 0 0 0 0 0 0 0 0 0 0 0 0 0 0 0 0 0 0 0 0 0 0 0 0 0 0 0 0 0 0 0 0 0 0 0 0 0 0 0 0 0 0 0 0 0 0 0 0 0 0 1 1 2 3 3 3 3 5 2 4 1 1 5 1 3 1 3 1 6 4 1 4 3 1 4 2 2 5 4 5 2 6 1 2 2 3 3 1 2 1 2 2 2 6 0 2 2 4 1 6 2 2 4 1 8 2 2 5 6 2 3 3 4 6 3 4 2 3 7 2 2 3 3 0 1 1 0 0 0 0 0 0 0 0 0 0 0 0 0 0 0 0 0 0 0 0 0 0 0 0 0 0 0 0 0 0 0 0 0 0 0 0 0 0 0 0 0 0 0 0 0 0 0 0 0 0 0 0 0 0 0 0 0 0 0 0 0 0 0 0 0 0 0 0 0 0 0 0 0 0 0 0 0 0 0 0 0 0 0 0 0 0 0 0 0 0 0 
0 0 0 0 0 0 0 0 0 0 0 0 0 0 0 0 0 0 0 0 0 0 0 0 0 0 0 0 0 0 0 0 0 0 0 0 0 0 0 0 0 0 0 0 0 0 0 0 0 0 0 0 0 0 0 0 0 0 0 0 0 0 0 0 0 0 0 0 0 0 0 0 0 0 0 0 0 0 0 0 0 0 0 0 0 0 0 0 0 3 1 0 0 3 0 0 1 4 3 3 3 1 1 1 4 2 5 5 3 1 5 5 5 5 3 1 3 3 3 6 3 3 3 3 4 1 4 2 1 0 2 4 4 1 9 2 2 2 3 2 2 5 3 3 1 3 4 6 4 3 2 3 0 4 2 0 1 2 1 2 1 1 7 6 0 1 0 4 0 0 0 0 0 0 0 0 0 0 0 0 0 0 0 0 0 0 0 0 0 0 0 0 0 0 0 0 0 0 0 0 0 0 0 0 0 0 0 0 0 0 0 0 0 0 0 0 0 0 0 0 0 0 0 0 0 0 0 0 0 0 0 0 0 0 0 0 0 0 0 0 0 0 0 0 0 0 0 0 0 0 0 0 0 0 0 0 
0 0 0 0 0 0 0 0 0 0 0 0 0 0 0 0 0 0 0 0 0 0 0 0 0 0 0 0 0 0 0 0 0 0 0 0 0 0 0 0 0 0 0 0 0 0 0 0 0 0 0 0 0 0 0 0 0 0 0 0 0 0 0 0 0 0 0 0 0 0 0 0 0 0 0 0 0 0 0 0 0 0 0 0 0 0 0 0 0 0 0 2 0 1 6 2 3 2 1 2 2 1 2 0 4 2 6 4 2 5 1 4 5 2 4 3 6 1 4 5 0 7 3 4 4 6 6 8 1 3 4 3 7 2 3 2 5 5 5 4 3 6 3 3 5 1 1 3 1 5 4 3 1 2 2 1 3 2 3 1 0 7 3 3 0 2 1 0 0 0 0 0 0 0 0 0 0 0 0 0 0 0 0 0 0 0 0 0 0 0 0 0 0 0 0 0 0 0 0 0 0 0 0 0 0 0 0 0 0 0 0 0 0 0 0 0 0 0 0 0 0 0 0 0 0 0 0 0 0 0 0 0 0 0 0 0 0 0 0 0 0 0 0 0 0 0 0 0 0 0 0 0 0 0 0 0 
0 0 0 0 0 0 0 0 0 0 0 0 0 0 0 0 0 0 0 0 0 0 0 0 0 0 0 0 0 0 0 0 0 0 0 0 0 0 0 0 0 0 0 0 0 0 0 0 0 0 0 0 0 0 0 0 0 0 0 0 0 0 0 0 0 0 0 0 0 0 0 0 0 0 0 0 0 0 0 0 0 0 0 0 0 0 0 0 0 1 2 3 2 4 5 2 2 4 3 0 4 3 0 6 3 3 2 6 3 3 3 5 1 4 3 5 0 0 2 5 7 4 2 2 3 1 3 6 4 8 1 4 0 1 2 4 4 1 3 0 2 2 5 3 2 1 6 8 3 4 2 1 3 3 5 2 2 4 2 2 4 2 2 0 0 2 2 0 0 0 0 0 0 0 0 0 0 0 0 0 0 0 0 0 0 0 0 0 0 0 0 0 0 0 0 0 0 0 0 0 0 0 0 0 0 0 0 0 0 0 0 0 0 0 0 0 0 0 0 0 0 0 0 0 0 0 0 0 0 0 0 0 0 0 0 0 0 0 0 0 0 0 0 0 0 0 0 0 0 0 0 0 0 0 0 0 
0 0 0 0 0 0 0 0 0 0 0 0 0 0 0 0 0 0 0 0 0 0 0 0 0 0 0 0 0 0 0 0 0 0 0 0 0 0 0 0 0 0 0 0 0 0 0 0 0 0 0 0 0 0 0 0 0 0 0 0 0 0 0 0 0 0 0 0 0 0 0 0 0 0 0 0 0 0 0 0 0 0 0 0 0 0 0 0 0 1 2 2 1 2 5 5 3 5 3 6 1 4 8 5 4 2 1 5 3 8 7 3 4 2 4 4 1 6 7 5 5 1 6 3 5 1 1 3 5 3 3 5 5 2 2 7 5 5 3 5 5 6 3 2 4 3 1 2 3 4 5 2 4 6 8 6 1 1 4 3 7 1 3 4 0 1 0 0 0 0 0 0 0 0 0 0 0 0 0 0 0 0 0 0 0 0 0 0 0 0 0 0 0 0 0 0 0 0 0 0 0 0 0 0 0 0 0 0 0 0 0 0 0 0 0 0 0 0 0 0 0 0 0 0 0 0 0 0 0 0 0 0 0 0 0 0 0 0 0 0 0 0 0 0 0 0 0 0 0 0 0 0 0 0 0 0 
0 0 0 0 0 0 0 0 0 0 0 0 0 0 0 0 0 0 0 0 0 0 0 0 0 0 0 0 0 0 0 0 0 0 0 0 0 0 0 0 0 0 0 0 0 0 0 0 0 0 0 0 0 0 0 0 0 0 0 0 0 0 0 0 0 0 0 0 0 0 0 0 0 0 0 0 0 0 0 0 0 0 0 0 0 0 0 0 0 2 1 0 3 3 2 2 6 1 4 2 7 4 1 1 7 5 4 4 6 7 2 3 3 7 4 8 5 4 5 3 6 4 1 7 1 3 3 4 3 5 4 4 6 2 6 3 5 3 6 3 3 7 2 1 4 5 3 0 1 2 2 5 6 0 4 7 3 6 4 5 8 3 4 4 0 1 0 1 1 0 0 0 0 0 0 0 0 0 0 0 0 0 0 0 0 0 0 0 0 0 0 0 0 0 0 0 0 0 0 0 0 0 0 0 0 0 0 0 0 0 0 0 0 0 0 0 0 0 0 0 0 0 0 0 0 0 0 0 0 0 0 0 0 0 0 0 0 0 0 0 0 0 0 0 0 0 0 0 0 0 0 0 0 0 0 0 
0 0 0 0 0 0 0 0 0 0 0 0 0 0 0 0 0 0 0 0 0 0 0 0 0 0 0 0 0 0 0 0 0 0 0 0 0 0 0 0 0 0 0 0 0 0 0 0 0 0 0 0 0 0 0 0 0 0 0 0 0 0 0 0 0 0 0 0 0 0 0 0 0 0 0 0 0 0 0 0 0 0 0 0 0 0 0 0 0 0 2 1 0 3 5 2 4 2 4 2 3 6 2 3 0 6 5 4 5 5 3 3 7 1 4 3 4 5 4 0 2 1 9 9 1 5 9 5 5 5 6 4 6 5 5 7 3 5 4 2 9 4 9 4 3 2 5 3 5 0 4 3 7 1 3 2 5 5 2 2 6 5 3 0 1 0 1 0 1 0 0 0 0 0 0 0 0 0 0 0 0 0 0 0 0 0 0 0 0 0 0 0 0 0 0 0 0 0 0 0 0 0 0 0 0 0 0 0 0 0 0 0 0 0 0 0 0 0 0 0 0 0 0 0 0 0 0 0 0 0 0 0 0 0 0 0 0 0 0 0 0 0 0 0 0 0 0 0 0 0 0 0 0 0 0 0 
0 0 0 0 0 0 0 0 0 0 0 0 0 0 0 0 0 0 0 0 0 0 0 0 0 0 0 0 0 0 0 0 0 0 0 0 0 0 0 0 0 0 0 0 0 0 0 0 0 0 0 0 0 0 0 0 0 0 0 0 0 0 0 0 0 0 0 0 0 0 0 0 0 0 0 0 0 0 0 0 0 0 0 0 0 0 0 0 1 1 3 2 2 1 1 3 8 2 0 2 6 4 4 5 6 5 9 4 4 1 0 3 5 8 4 6 5 1 6 6 6 2 6 5 2 9 5 5 2 3 6 5 8 3 5 4 5 2 3 7 5 5 6 5 6 2 4 5 8 6 6 4 2 4 5 3 5 2 3 2 4 0 3 2 2 4 0 1 0 0 0 0 0 0 0 0 0 0 0 0 0 0 0 0 0 0 0 0 0 0 0 0 0 0 0 0 0 0 0 0 0 0 0 0 0 0 0 0 0 0 0 0 0 0 0 0 0 0 0 0 0 0 0 0 0 0 0 0 0 0 0 0 0 0 0 0 0 0 0 0 0 0 0 0 0 0 0 0 0 0 0 0 0 0 0 0 
0 0 0 0 0 0 0 0 0 0 0 0 0 0 0 0 0 0 0 0 0 0 0 0 0 0 0 0 0 0 0 0 0 0 0 0 0 0 0 0 0 0 0 0 0 0 0 0 0 0 0 0 0 0 0 0 0 0 0 0 0 0 0 0 0 0 0 0 0 0 0 0 0 0 0 0 0 0 0 0 0 0 0 0 0 0 0 0 1 0 3 1 2 2 5 3 6 1 5 3 4 5 0 3 6 3 6 8 9 2 1 3 2 4 3 4 4 5 3 3 5 4 4 7 4 6 6 3 4 7 6 4 6 5 7 2 8 2 2 8 3 5 3 3 2 0 8 6 2 2 3 3 5 8 4 1 8 4 5 7 4 4 3 3 1 3 4 2 0 0 0 0 0 0 0 0 0 0 0 0 0 0 0 0 0 0 0 0 0 0 0 0 0 0 0 0 0 0 0 0 0 0 0 0 0 0 0 0 0 0 0 0 0 0 0 0 0 0 0 0 0 0 0 0 0 0 0 0 0 0 0 0 0 0 0 0 0 0 0 0 0 0 0 0 0 0 0 0 0 0 0 0 0 0 0 0 
0 0 0 0 0 0 0 0 0 0 0 0 0 0 0 0 0 0 0 0 0 0 0 0 0 0 0 0 0 0 0 0 0 0 0 0 0 0 0 0 0 0 0 0 0 0 0 0 0 0 0 0 0 0 0 0 0 0 0 0 0 0 0 0 0 0 0 0 0 0 0 0 0 0 0 0 0 0 0 0 0 0 0 0 0 0 0 0 0 1 1 1 3 2 3 4 4 1 4 4 3 2 6 3 5 8 4 3 5 3 1 5 4 2 6 4 7 1 6 5 4 5 2 8 2 3 5 7 5 7 4 4 4 6 5 5 6 10 5 2 4 2 2 1 3 9 5 5 5 3 6 8 5 8 6 6 7 2 4 5 4 4 4 3 0 2 0 0 1 0 0 0 0 0 0 0 0 0 0 0 0 0 0 0 0 0 0 0 0 0 0 0 0 0 0 0 0 0 0 0 0 0 0 0 0 0 0 0 0 0 0 0 0 0 0 0 0 0 0 0 0 0 0 0 0 0 0 0 0 0 0 0 0 0 0 0 0 0 0 0 0 0 0 0 0 0 0 0 0 0 0 0 0 0 0 0 
0 0 0 0 0 0 0 0 0 0 0 0 0 0 0 0 0 0 0 0 0 0 0 0 0 0 0 0 0 0 0 0 0 0 0 0 0 0 0 0 0 0 0 0 0 0 0 0 0 0 0 0 0 0 0 0 0 0 0 0 0 0 0 0 0 0 0 0 0 0 0 0 0 0 0 0 0 0 0 0 0 0 0 0 0 0 0 0 1 1 4 0 1 1 2 1 1 3 3 7 1 3 3 4 8 6 3 6 3 3 3 5 2 2 3 4 4 5 6 2 4 4 4 6 2 7 3 4 4 3 7 5 4 3 4 3 7 4 2 6 6 4 3 6 6 2 7 4 0 10 5 5 4 1 2 4 3 4 1 1 1 1 2 2 0 2 1 0 0 0 0 0 0 0 0 0 0 0 0 0 0 0 0 0 0 0 0 0 0 0 0 0 0 0 0 0 0 0 0 0 0 0 0 0 0 0 0 0 0 0 0 0 0 0 0 0 0 0 0 0 0 0 0 0 0 0 0 0 0 0 0 0 0 0 0 0 0 0 0 0 0 0 0 0 0 0 0 0 0 0 0 0 0 0 0 0 
0 0 0 0 0 0 0 0 0 0 0 0 0 0 0 0 0 0 0 0 0 0 0 0 0 0 0 0 0 0 0 0 0 0 0 0 0 0 0 0 0 0 0 0 0 0 0 0 0 0 0 0 0 0 0 0 0 0 0 0 0 0 0 0 0 0 0 0 0 0 0 0 0 0 0 0 0 0 0 0 0 0 0 0 0 0 0 0 0 1 1 2 1 2 3 5 3 2 5 4 2 2 3 3 2 3 4 3 2 1 2 4 4 2 7 2 4 1 1 2 5 2 3 2 1 7 4 5 1 3 2 1 4 3 4 4 6 0 3 6 3 4 0 1 1 3 3 2 2 4 3 3 2 2 4 6 3 2 5 8 1 3 3 1 1 1 1 1 0 0 0 0 0 0 0 0 0 0 0 0 0 0 0 0 0 0 0 0 0 0 0 0 0 0 0 0 0 0 0 0 0 0 0 0 0 0 0 0 0 0 0 0 0 0 0 0 0 0 0 0 0 0 0 0 0 0 0 0 0 0 0 0 0 0 0 0 0 0 0 0 0 0 0 0 0 0 0 0 0 0 0 0 0 0 0 0 
0 0 0 0 0 0 0 0 0 0 0 0 0 0 0 0 0 0 0 0 0 0 0 0 0 0 0 0 0 0 0 0 0 0 0 0 0 0 0 0 0 0 0 0 0 0 0 0 0 0 0 0 0 0 0 0 0 0 0 0 0 0 0 0 0 0 0 0 0 0 0 0 0 0 0 0 0 0 0 0 0 0 0 0 0 0 0 0 0 1 0 0 1 1 2 1 2 0 0 1 2 2 4 3 3 1 1 3 4 6 5 3 1 4 5 5 2 3 4 1 2 5 1 3 5 6 2 4 4 4 3 4 2 1 2 5 2 3 3 4 2 3 1 0 1 1 2 1 9 0 3 2 2 4 2 3 4 1 1 5 3 1 2 0 1 1 1 0 1 0 0 0 0 0 0 0 0 0 0 0 0 0 0 0 0 0 0 0 0 0 0 0 0 0 0 0 0 0 0 0 0 0 0 0 0 0 0 0 0 0 0 0 0 0 0 0 0 0 0 0 0 0 0 0 0 0 0 0 0 0 0 0 0 0 0 0 0 0 0 0 0 0 0 0 0 0 0 0 0 0 0 0 0 0 0 0 
0 0 0 0 0 0 0 0 0 0 0 0 0 0 0 0 0 0 0 0 0 0 0 0 0 0 0 0 0 0 0 0 0 0 0 0 0 0 0 0 0 0 0 0 0 0 0 0 0 0 0 0 0 0 0 0 0 0 0 0 0 0 0 0 0 0 0 0 0 0 0 0 0 0 0 0 0 0 0 0 0 0 0 0 0 0 0 0 0 0 0 1 1 2 5 2 0 3 2 2 3 3 2 2 4 1 2 2 3 2 5 2 3 5 2 3 6 3 4 3 3 0 3 3 5 3 5 4 2 4 1 4 0 3 2 1 6 2 4 5 4 2 8 5 3 2 4 5 1 2 6 0 3 5 1 4 6 3 2 4 4 2 2 0 4 0 0 0 0 0 0 0 0 0 0 0 0 0 0 0 0 0 0 0 0 0 0 0 0 0 0 0 0 0 0 0 0 0 0 0 0 0 0 0 0 0 0 0 0 0 0 0 0 0 0 0 0 0 0 0 0 0 0 0 0 0 0 0 0 0 0 0 0 0 0 0 0 0 0 0 0 0 0 0 0 0 0 0 0 0 0 0 0 0 0 0 
0 0 0 0 0 0 0 0 0 0 0 0 0 0 0 0 0 0 0 0 0 0 0 0 0 0 0 0 0 0 0 0 0 0 0 0 0 0 0 0 0 0 0 0 0 0 0 0 0 0 0 0 0 0 0 0 0 0 0 0 0 0 0 0 0 0 0 0 0 0 0 0 0 0 0 0 0 0 0 0 0 0 0 0 0 0 0 0 1 1 1 1 0 3 1 4 1 2 2 3 0 0 4 1 3 1 2 4 2 2 3 1 1 7 2 2 2 1 5 3 0 4 2 2 3 3 1 2 5 4 6 7 2 1 1 1 3 2 4 3 3 3 1 2 1 4 3 4 2 1 0 1 4 3 5 2 3 1 3 2 2 5 2 1 1 0 0 1 0 0 0 0 0 0 0 0 0 0 0 0 0 0 0 0 0 0 0 0 0 0 0 0 0 0 0 0 0 0 0 0 0 0 0 0 0 0 0 0 0 0 0 0 0 0 0 0 0 0 0 0 0 0 0 0 0 0 0 0 0 0 0 0 0 0 0 0 0 0 0 0 0 0 0 0 0 0 0 0 0 0 0 0 0 0 0 0 
0 0 0 0 0 0 0 0 0 0 0 0 0 0 0 0 0 0 0 0 0 0 0 0 0 0 0 0 0 0 0 0 0 0 0 0 0 0 0 0 0 0 0 0 0 0 0 0 0 0 0 0 0 0 0 0 0 0 0 0 0 0 0 0 0 0 0 0 0 0 0 0 0 0 0 0 0 0 0 0 0 0 0 0 0 0 0 0 0 0 2 0 2 1 2 3 1 4 0 4 4 0 3 3 2 3 2 1 3 2 5 2 2 3 0 3 5 1 1 2 1 1 4 4 4 3 4 2 2 2 3 4 3 5 1 4 8 2 1 5 2 3 2 3 0 2 0 4 0 1 3 4 2 7 4 1 2 1 1 2 2 1 2 3 0 2 1 0 0 0 0 0 0 0 0 0 0 0 0 0 0 0 0 0 0 0 0 0 0 0 0 0 0 0 0 0 0 0 0 0 0 0 0 0 0 0 0 0 0 0 0 0 0 0 0 0 0 0 0 0 0 0 0 0 0 0 0 0 0 0 0 0 0 0 0 0 0 0 0 0 0 0 0 0 0 0 0 0 0 0 0 0 0 0 0 0 
0 0 0 0 0 0 0 0 0 0 0 0 0 0 0 0 0 0 0 0 0 0 0 0 0 0 0 0 0 0 0 0 0 0 0 0 0 0 0 0 0 0 0 0 0 0 0 0 0 0 0 0 0 0 0 0 0 0 0 0 0 0 0 0 0 0 0 0 0 0 0 0 0 0 0 0 0 0 0 0 0 0 0 0 0 0 0 0 0 0 0 0 3 0 2 3 1 1 2 5 3 0 2 1 1 5 1 4 2 3 3 3 3 2 1 3 3 3 2 3 3 3 1 6 4 2 2 2 4 5 6 1 1 2 3 1 2 4 0 5 1 4 2 3 1 1 7 1 2 5 2 3 3 4 1 2 6 5 1 4 2 0 1 2 0 1 1 1 0 0 0 0 0 0 0 0 0 0 0 0 0 0 0 0 0 0 0 0 0 0 0 0 0 0 0 0 0 0 0 0 0 0 0 0 0 0 0 0 0 0 0 0 0 0 0 0 0 0 0 0 0 0 0 0 0 0 0 0 0 0 0 0 0 0 0 0 0 0 0 0 0 0 0 0 0 0 0 0 0 0 0 0 0 0 0 0 
0 0 0 0 0 0 0 0 0 0 0 0 0 0 0 0 0 0 0 0 0 0 0 0 0 0 0 0 0 0 0 0 0 0 0 0 0 0 0 0 0 0 0 0 0 0 0 0 0 0 0 0 0 0 0 0 0 0 0 0 0 0 0 0 0 0 0 0 0 0 0 0 0 0 0 0 0 0 0 0 0 0 0 0 0 0 0 0 0 0 0 4 0 0 2 1 0 1 3 4 1 5 0 3 2 3 0 2 2 3 4 2 2 4 5 0 4 4 1 2 3 2 1 2 3 2 3 2 0 1 1 6 1 1 3 2 4 2 4 4 0 2 1 3 2 6 1 2 2 2 4 3 1 3 2 1 4 0 4 2 0 3 1 0 1 2 0 0 0 0 0 0 0 0 0 0 0 0 0 0 0 0 0 0 0 0 0 0 0 0 0 0 0 0 0 0 0 0 0 0 0 0 0 0 0 0 0 0 0 0 0 0 0 0 0 0 0 0 0 0 0 0 0 0 0 0 0 0 0 0 0 0 0 0 0 0 0 0 0 0 0 0 0 0 0 0 0 0 0 0 0 0 0 0 0 0 
0 0 0 0 0 0 0 0 0 0 0 0 0 0 0 0 0 0 0 0 0 0 0 0 0 0 0 0 0 0 0 0 0 0 0 0 0 0 0 0 0 0 0 0 0 0 0 0 0 0 0 0 0 0 0 0 0 0 0 0 0 0 0 0 0 0 0 0 0 0 0 0 0 0 0 0 0 0 0 0 0 0 0 0 0 0 0 0 0 0 0 1 1 1 0 3 1 1 5 2 1 3 3 3 2 2 3 3 2 2 2 2 1 2 2 1 2 0 5 1 3 8 3 2 4 1 1 4 5 1 4 1 3 4 1 5 1 0 4 4 0 2 1 5 3 2 1 0 1 1 2 0 5 0 2 3 1 3 2 2 2 3 2 1 0 0 1 0 0 0 0 0 0 0 0 0 0 0 0 0 0 0 0 0 0 0 0 0 0 0 0 0 0 0 0 0 0 0 0 0 0 0 0 0 0 0 0 0 0 0 0 0 0 0 0 0 0 0 0 0 0 0 0 0 0 0 0 0 0 0 0 0 0 0 0 0 0 0 0 0 0 0 0 0 0 0 0 0 0 0 0 0 0 0 0 0 
0 0 0 0 0 0 0 0 0 0 0 0 0 0 0 0 0 0 0 0 0 0 0 0 0 0 0 0 0 0 0 0 0 0 0 0 0 0 0 0 0 0 0 0 0 0 0 0 0 0 0 0 0 0 0 0 0 0 0 0 0 0 0 0 0 0 0 0 0 0 0 0 0 0 0 0 0 0 0 0 0 0 0 0 0 0 0 0 0 0 2 1 3 1 2 0 5 4 3 3 3 1 5 3 3 1 2 7 6 3 4 1 7 5 3 2 1 2 3 1 0 3 2 1 2 2 3 3 3 4 3 2 2 3 1 4 1 2 3 3 2 1 2 1 1 1 2 1 1 2 2 3 1 2 3 3 1 3 1 1 3 1 1 1 0 1 0 1 0 0 0 0 0 0 0 0 0 0 0 0 0 0 0 0 0 0 0 0 0 0 0 0 0 0 0 0 0 0 0 0 0 0 0 0 0 0 0 0 0 0 0 0 0 0 0 0 0 0 0 0 0 0 0 0 0 0 0 0 0 0 0 0 0 0 0 0 0 0 0 0 0 0 0 0 0 0 0 0 0 0 0 0 0 0 0 0 
0 0 0 0 0 0 0 0 0 0 0 0 0 0 0 0 0 0 0 0 0 0 0 0 0 0 0 0 0 0 0 0 0 0 0 0 0 0 0 0 0 0 0 0 0 0 0 0 0 0 0 0 0 0 0 0 0 0 0 0 0 0 0 0 0 0 0 0 0 0 0 0 0 0 0 0 0 0 0 0 0 0 0 0 0 0 0 0 0 0 0 0 3 1 1 1 2 2 1 1 2 1 2 0 2 1 0 2 2 3 1 1 2 3 1 1 1 2 1 1 4 1 0 2 8 4 1 1 1 1 2 3 1 1 2 2 1 5 2 2 2 3 2 1 0 1 2 1 2 1 2 0 1 3 1 1 2 2 2 1 5 1 4 0 0 0 0 0 0 0 0 0 0 0 0 0 0 0 0 0 0 0 0 0 0 0 0 0 0 0 0 0 0 0 0 0 0 0 0 0 0 0 0 0 0 0 0 0 0 0 0 0 0 0 0 0 0 0 0 0 0 0 0 0 0 0 0 0 0 0 0 0 0 0 0 0 0 0 0 0 0 0 0 0 0 0 0 0 0 0 0 0 0 0 0 0 
0 0 0 0 0 0 0 0 0 0 0 0 0 0 0 0 0 0 0 0 0 0 0 0 0 0 0 0 0 0 0 0 0 0 0 0 0 0 0 0 0 0 0 0 0 0 0 0 0 0 0 0 0 0 0 0 0 0 0 0 0 0 0 0 0 0 0 0 0 0 0 0 0 0 0 0 0 0 0 0 0 0 0 0 0 0 0 0 0 1 0 0 2 2 1 0 2 1 1 0 7 0 1 0 0 1 1 4 2 0 0 3 2 2 2 5 4 0 2 2 1 1 1 1 1 2 2 1 1 0 1 4 3 0 1 0 0 0 0 3 1 1 5 2 1 1 1 0 1 1 3 2 0 2 0 0 1 2 0 2 0 0 0 1 0 0 0 0 0 0 0 0 0 0 0 0 0 0 0 0 0 0 0 0 0 0 0 0 0 0 0 0 0 0 0 0 0 0 0 0 0 0 0 0 0 0 0 0 0 0 0 0 0 0 0 0 0 0 0 0 0 0 0 0 0 0 0 0 0 0 0 0 0 0 0 0 0 0 0 0 0 0 0 0 0 0 0 0 0 0 0 0 0 0 0 0 
0 0 0 0 0 0 0 0 0 0 0 0 0 0 0 0 0 0 0 0 0 0 0 0 0 0 0 0 0 0 0 0 0 0 0 0 0 0 0 0 0 0 0 0 0 0 0 0 0 0 0 0 0 0 0 0 0 0 0 0 0 0 0 0 0 0 0 0 0 0 0 0 0 0 0 0 0 0 0 0 0 0 0 0 0 0 0 0 0 0 0 1 0 0 2 1 1 2 1 1 0 4 1 1 1 0 0 0 1 1 0 1 1 0 0 1 1 1 1 1 3 4 0 3 1 2 2 2 2 1 0 1 1 3 2 0 2 1 1 0 2 1 0 3 2 1 0 1 0 1 1 0 1 1 0 0 0 3 1 3 0 0 1 1 3 0 0 0 1 0 0 0 0 0 0 0 0 0 0 0 0 0 0 0 0 0 0 0 0 0 0 0 0 0 0 0 0 0 0 0 0 0 0 0 0 0 0 0 0 0 0 0 0 0 0 0 0 0 0 0 0 0 0 0 0 0 0 0 0 0 0 0 0 0 0 0 0 0 0 0 0 0 0 0 0 0 0 0 0 0 0 0 0 0 0 0 
0 0 0 0 0 0 0 0 0 0 0 0 0 0 0 0 0 0 0 0 0 0 0 0 0 0 0 0 0 0 0 0 0 0 0 0 0 0 0 0 0 0 0 0 0 0 0 0 0 0 0 0 0 0 0 0 0 0 0 0 0 0 0 0 0 0 0 0 0 0 0 0 0 0 0 0 0 0 0 0 0 0 0 0 0 0 0 0 0 0 0 1 0 0 0 3 0 3 0 0 2 0 1 0 0 1 1 1 1 1 0 0 0 1 0 1 1 1 1 1 3 1 0 1 0 1 1 1 1 0 2 1 1 1 1 1 1 0 2 2 1 1 1 0 0 0 0 1 1 1 0 1 1 0 1 0 0 1 3 1 0 0 0 0 0 0 0 0 0 0 0 0 0 0 0 0 0 0 0 0 0 0 0 0 0 0 0 0 0 0 0 0 0 0 0 0 0 0 0 0 0 0 0 0 0 0 0 0 0 0 0 0 0 0 0 0 0 0 0 0 0 0 0 0 0 0 0 0 0 0 0 0 0 0 0 0 0 0 0 0 0 0 0 0 0 0 0 0 0 0 0 0 0 0 0 0 
0 0 0 0 0 0 0 0 0 0 0 0 0 0 0 0 0 0 0 0 0 0 0 0 0 0 0 0 0 0 0 0 0 0 0 0 0 0 0 0 0 0 0 0 0 0 0 0 0 0 0 0 0 0 0 0 0 0 0 0 0 0 0 0 0 0 0 0 0 0 0 0 0 0 0 0 0 0 0 0 0 0 0 0 0 0 0 0 1 0 0 0 0 1 0 0 0 0 0 0 1 0 1 0 0 0 0 0 0 1 1 0 0 0 0 1 1 1 0 1 0 0 1 0 1 0 0 0 0 0 1 1 0 2 0 1 3 0 2 0 1 1 2 1 2 0 1 3 0 1 0 1 1 0 0 0 1 2 1 1 0 1 1 0 0 1 0 0 0 0 0 0 0 0 0 0 0 0 0 0 0 0 0 0 0 0 0 0 0 0 0 0 0 0 0 0 0 0 0 0 0 0 0 0 0 0 0 0 0 0 0 0 0 0 0 0 0 0 0 0 0 0 0 0 0 0 0 0 0 0 0 0 0 0 0 0 0 0 0 0 0 0 0 0 0 0 0 0 0 0 0 0 0 0 0 0 
0 0 0 0 0 0 0 0 0 0 0 0 0 0 0 0 0 0 0 0 0 0 0 0 0 0 0 0 0 0 0 0 0 0 0 0 0 0 0 0 0 0 0 0 0 0 0 0 0 0 0 0 0 0 0 0 0 0 0 0 0 0 0 0 0 0 0 0 0 0 0 0 0 0 0 0 0 0 0 0 0 0 0 0 0 0 0 0 0 0 0 0 0 0 0 0 2 0 0 1 1 0 0 0 1 1 1 0 1 1 0 0 2 0 0 0 0 1 0 0 1 0 0 0 1 0 1 2 0 2 1 0 0 0 0 0 1 2 0 1 0 1 1 1 0 2 1 1 1 1 1 0 1 0 1 0 0 0 0 1 0 0 2 0 0 0 0 0 0 0 0 0 0 0 0 0 0 0 0 0 0 0 0 0 0 0 0 0 0 0 0 0 0 0 0 0 0 0 0 0 0 0 0 0 0 0 0 0 0 0 0 0 0 0 0 0 0 0 0 0 0 0 0 0 0 0 0 0 0 0 0 0 0 0 0 0 0 0 0 0 0 0 0 0 0 0 0 0 0 0 0 0 0 0 0 0 
0 0 0 0 0 0 0 0 0 0 0 0 0 0 0 0 0 0 0 0 0 0 0 0 0 0 0 0 0 0 0 0 0 0 0 0 0 0 0 0 0 0 0 0 0 0 0 0 0 0 0 0 0 0 0 0 0 0 0 0 0 0 0 0 0 0 0 0 0 0 0 0 0 0 0 0 0 0 0 0 0 0 0 0 0 0 0 0 0 0 0 0 0 2 1 1 0 0 1 2 2 0 0 1 1 0 1 0 0 0 1 1 1 1 1 0 0 2 1 0 0 2 0 1 1 1 0 0 1 1 1 0 0 0 2 4 0 0 1 1 0 0 2 3 0 0 0 3 1 0 0 1 1 0 0 1 0 2 0 1 1 0 0 1 0 1 1 1 0 0 0 0 0 0 0 0 0 0 0 0 0 0 0 0 0 0 0 0 0 0 0 0 0 0 0 0 0 0 0 0 0 0 0 0 0 0 0 0 0 0 0 0 0 0 0 0 0 0 0 0 0 0 0 0 0 0 0 0 0 0 0 0 0 0 0 0 0 0 0 0 0 0 0 0 0 0 0 0 0 0 0 0 0 0 0 0 
0 0 0 0 0 0 0 0 0 0 0 0 0 0 0 0 0 0 0 0 0 0 0 0 0 0 0 0 0 0 0 0 0 0 0 0 0 0 0 0 0 0 0 0 0 0 0 0 0 0 0 0 0 0 0 0 0 0 0 0 0 0 0 0 0 0 0 0 0 0 0 0 0 0 0 0 0 0 0 0 0 0 0 0 0 0 0 0 0 1 0 0 1 0 0 4 2 0 3 1 1 0 1 2 0 2 2 4 0 0 1 2 0 1 2 2 1 1 2 1 0 0 2 1 1 1 2 4 2 1 0 3 2 1 1 3 2 0 0 1 1 5 0 0 2 0 1 2 1 2 1 0 1 2 1 1 0 0 1 0 0 1 1 0 0 0 1 0 0 0 0 0 0 0 0 0 0 0 0 0 0 0 0 0 0 0 0 0 0 0 0 0 0 0 0 0 0 0 0 0 0 0 0 0 0 0 0 0 0 0 0 0 0 0 0 0 0 0 0 0 0 0 0 0 0 0 0 0 0 0 0 0 0 0 0 0 0 0 0 0 0 0 0 0 0 0 0 0 0 0 0 0 0 0 0 0 
0 0 0 0 0 0 0 0 0 0 0 0 0 0 0 0 0 0 0 0 0 0 0 0 0 0 0 0 0 0 0 0 0 0 0 0 0 0 0 0 0 0 0 0 0 0 0 0 0 0 0 0 0 0 0 0 0 0 0 0 0 0 0 0 0 0 0 0 0 0 0 0 0 0 0 0 0 0 0 0 0 0 0 0 0 0 0 0 0 1 2 0 0 1 1 1 1 1 1 1 1 3 3 0 1 2 1 2 1 0 1 2 2 5 1 1 2 2 2 1 1 1 1 1 0 2 1 1 3 2 3 1 4 0 1 0 2 4 1 0 2 6 1 1 0 0 0 4 1 1 3 1 2 2 2 1 0 0 3 0 0 3 0 0 1 0 1 0 0 0 0 0 0 0 0 0 0 0 0 0 0 0 0 0 0 0 0 0 0 0 0 0 0 0 0 0 0 0 0 0 0 0 0 0 0 0 0 0 0 0 0 0 0 0 0 0 0 0 0 0 0 0 0 0 0 0 0 0 0 0 0 0 0 0 0 0 0 0 0 0 0 0 0 0 0 0 0 0 0 0 0 0 0 0 0 0 
0 0 0 0 0 0 0 0 0 0 0 0 0 0 0 0 0 0 0 0 0 0 0 0 0 0 0 0 0 0 0 0 0 0 0 0 0 0 0 0 0 0 0 0 0 0 0 0 0 0 0 0 0 0 0 0 0 0 0 0 0 0 0 0 0 0 0 0 0 0 0 0 0 0 0 0 0 0 0 0 0 0 0 0 0 0 0 1 0 0 0 0 1 0 1 1 3 4 0 2 4 5 4 1 0 3 3 1 3 0 4 1 1 1 1 5 4 3 1 1 2 3 2 1 5 4 3 3 4 2 2 2 1 1 0 1 1 1 1 1 2 1 4 1 1 2 1 0 2 1 1 0 0 4 1 3 3 2 3 1 1 0 1 2 0 0 0 0 0 0 0 0 0 0 0 0 0 0 0 0 0 0 0 0 0 0 0 0 0 0 0 0 0 0 0 0 0 0 0 0 0 0 0 0 0 0 0 0 0 0 0 0 0 0 0 0 0 0 0 0 0 0 0 0 0 0 0 0 0 0 0 0 0 0 0 0 0 0 0 0 0 0 0 0 0 0 0 0 0 0 0 0 0 0 0 0 
0 0 0 0 0 0 0 0 0 0 0 0 0 0 0 0 0 0 0 0 0 0 0 0 0 0 0 0 0 0 0 0 0 0 0 0 0 0 0 0 0 0 0 0 0 0 0 0 0 0 0 0 0 0 0 0 0 0 0 0 0 0 0 0 0 0 0 0 0 0 0 0 0 0 0 0 0 0 0 0 0 0 0 0 0 0 0 0 0 0 0 1 1 1 2 2 3 2 1 1 4 1 4 5 1 1 1 4 1 2 1 2 2 2 3 2 1 0 2 1 4 3 3 0 5 1 1 1 2 1 2 0 3 0 4 5 5 2 1 3 0 1 2 2 2 1 2 4 3 1 5 1 1 1 0 2 4 2 2 1 1 3 0 1 0 1 0 0 0 0 0 0 0 0 0 0 0 0 0 0 0 0 0 0 0 0 0 0 0 0 0 0 0 0 0 0 0 0 0 0 0 0 0 0 0 0 0 0 0 0 0 0 0 0 0 0 0 0 0 0 0 0 0 0 0 0 0 0 0 0 0 0 0 0 0 0 0 0 0 0 0 0 0 0 0 0 0 0 0 0 0 0 0 0 0 0 
0 0 0 0 0 0 0 0 0 0 0 0 0 0 0 0 0 0 0 0 0 0 0 0 0 0 0 0 0 0 0 0 0 0 0 0 0 0 0 0 0 0 0 0 0 0 0 0 0 0 0 0 0 0 0 0 0 0 0 0 0 0 0 0 0 0 0 0 0 0 0 0 0 0 0 0 0 0 0 0 0 0 0 0 0 0 0 0 1 0 0 1 0 0 1 4 1 4 3 4 1 3 1 1 2 6 0 0 2 1 1 4 2 6 2 4 2 4 5 1 2 7 1 5 4 4 6 1 5 5 3 4 2 1 3 4 3 1 1 2 3 3 4 0 2 2 6 4 8 2 0 2 2 3 1 3 2 2 5 3 1 4 1 2 1 0 0 1 0 0 0 0 0 0 0 0 0 0 0 0 0 0 0 0 0 0 0 0 0 0 0 0 0 0 0 0 0 0 0 0 0 0 0 0 0 0 0 0 0 0 0 0 0 0 0 0 0 0 0 0 0 0 0 0 0 0 0 0 0 0 0 0 0 0 0 0 0 0 0 0 0 0 0 0 0 0 0 0 0 0 0 0 0 0 0 0 
0 0 0 0 0 0 0 0 0 0 0 0 0 0 0 0 0 0 0 0 0 0 0 0 0 0 0 0 0 0 0 0 0 0 0 0 0 0 0 0 0 0 0 0 0 0 0 0 0 0 0 0 0 0 0 0 0 0 0 0 0 0 0 0 0 0 0 0 0 0 0 0 0 0 0 0 0 0 0 0 0 0 0 0 0 0 0 0 0 1 0 2 1 0 3 6 3 2 4 1 5 3 4 1 5 3 0 4 3 3 3 5 3 5 1 1 4 3 2 1 3 6 5 3 1 6 2 3 7 2 5 6 4 1 2 0 3 7 3 1 2 5 6 5 2 2 4 3 5 5 3 3 3 2 6 4 5 11 4 2 5 2 2 2 2 0 2 0 0 0 0 0 0 0 0 0 0 0 0 0 0 0 0 0 0 0 0 0 0 0 0 0 0 0 0 0 0 0 0 0 0 0 0 0 0 0 0 0 0 0 0 0 0 0 0 0 0 0 0 0 0 0 0 0 0 0 0 0 0 0 0 0 0 0 0 0 0 0 0 0 0 0 0 0 0 0 0 0 0 0 0 0 0 0 0 0 
0 0 0 0 0 0 0 0 0 0 0 0 0 0 0 0 0 0 0 0 0 0 0 0 0 0 0 0 0 0 0 0 0 0 0 0 0 0 0 0 0 0 0 0 0 0 0 0 0 0 0 0 0 0 0 0 0 0 0 0 0 0 0 0 0 0 0 0 0 0 0 0 0 0 0 0 0 0 0 0 0 0 0 0 0 0 0 1 0 1 1 0 1 1 4 6 3 4 2 3 4 2 4 6 2 2 7 5 3 7 1 3 9 5 0 2 2 5 3 4 5 3 0 2 2 5 2 1 5 5 3 3 6 3 3 2 4 5 5 6 4 3 3 7 2 1 7 3 4 4 4 4 2 1 2 3 6 1 5 1 3 0 2 1 1 0 2 1 0 0 0 0 0 0 0 0 0 0 0 0 0 0 0 0 0 0 0 0 0 0 0 0 0 0 0 0 0 0 0 0 0 0 0 0 0 0 0 0 0 0 0 0 0 0 0 0 0 0 0 0 0 0 0 0 0 0 0 0 0 0 0 0 0 0 0 0 0 0 0 0 0 0 0 0 0 0 0 0 0 0 0 0 0 0 0 0 
0 0 0 0 0 0 0 0 0 0 0 0 0 0 0 0 0 0 0 0 0 0 0 0 0 0 0 0 0 0 0 0 0 0 0 0 0 0 0 0 0 0 0 0 0 0 0 0 0 0 0 0 0 0 0 0 0 0 0 0 0 0 0 0 0 0 0 0 0 0 0 0 0 0 0 0 0 0 0 0 0 0 0 0 0 0 0 0 0 1 0 1 2 0 2 3 2 2 2 1 7 2 4 1 4 3 2 6 2 1 2 4 4 3 6 2 6 4 4 3 2 6 9 2 7 5 1 5 1 5 7 1 1 0 5 3 2 4 5 2 3 1 0 5 1 8 4 2 2 3 6 2 6 3 4 4 3 3 3 3 5 1 2 3 1 1 2 0 1 0 0 0 0 0 0 0 0 0 0 0 0 0 0 0 0 0 0 0 0 0 0 0 0 0 0 0 0 0 0 0 0 0 0 0 0 0 0 0 0 0 0 0 0 0 0 0 0 0 0 0 0 0 0 0 0 0 0 0 0 0 0 0 0 0 0 0 0 0 0 0 0 0 0 0 0 0 0 0 0 0 0 0 0 0 0 0 
0 0 0 0 0 0 0 0 0 0 0 0 0 0 0 0 0 0 0 0 0 0 0 0 0 0 0 0 0 0 0 0 0 0 0 0 0 0 0 0 0 0 0 0 0 0 0 0 0 0 0 0 0 0 0 0 0 0 0 0 0 0 0 0 0 0 0 0 0 0 0 0 0 0 0 0 0 0 0 0 0 0 0 0 0 0 0 0 0 0 2 2 4 1 2 4 3 4 2 6 4 3 3 1 0 4 3 1 4 6 2 4 3 3 8 3 7 3 4 6 1 7 2 5 8 3 1 5 3 4 11 2 1 6 0 1 2 4 4 2 2 3 1 7 3 4 3 3 6 3 4 7 7 2 3 1 4 6 4 3 1 4 3 1 1 0 0 0 1 0 0 0 0 0 0 0 0 0 0 0 0 0 0 0 0 0 0 0 0 0 0 0 0 0 0 0 0 0 0 0 0 0 0 0 0 0 0 0 0 0 0 0 0 0 0 0 0 0 0 0 0 0 0 0 0 0 0 0 0 0 0 0 0 0 0 0 0 0 0 0 0 0 0 0 0 0 0 0 0 0 0 0 0 0 0 0 
0 0 0 0 0 0 0 0 0 0 0 0 0 0 0 0 0 0 0 0 0 0 0 0 0 0 0 0 0 0 0 0 0 0 0 0 0 0 0 0 0 0 0 0 0 0 0 0 0 0 0 0 0 0 0 0 0 0 0 0 0 0 0 0 0 0 0 0 0 0 0 0 0 0 0 0 0 0 0 0 0 0 0 0 0 0 0 0 2 0 3 1 0 3 3 1 2 2 6 7 1 2 3 3 10 4 4 4 7 2 3 4 2 6 3 5 2 7 4 6 6 9 0 7 9 8 4 1 4 6 4 8 2 6 2 5 3 2 6 5 2 4 7 3 4 6 6 3 9 2 5 3 1 3 6 3 4 2 3 7 1 5 3 1 1 3 0 0 0 0 0 0 0 0 0 0 0 0 0 0 0 0 0 0 0 0 0 0 0 0 0 0 0 0 0 0 0 0 0 0 0 0 0 0 0 0 0 0 0 0 0 0 0 0 0 0 0 0 0 0 0 0 0 0 0 0 0 0 0 0 0 0 0 0 0 0 0 0 0 0 0 0 0 0 0 0 0 0 0 0 0 0 0 0 0 0 
0 0 0 0 0 0 0 0 0 0 0 0 0 0 0 0 0 0 0 0 0 0 0 0 0 0 0 0 0 0 0 0 0 0 0 0 0 0 0 0 0 0 0 0 0 0 0 0 0 0 0 0 0 0 0 0 0 0 0 0 0 0 0 0 0 0 0 0 0 0 0 0 0 0 0 0 0 0 0 0 0 0 0 0 0 0 0 0 0 1 3 3 3 2 3 4 1 5 2 5 3 2 1 5 5 1 4 1 6 5 2 3 9 5 3 2 2 3 4 2 5 2 8 4 4 10 2 9 4 5 5 4 8 5 5 2 9 4 4 4 4 4 5 4 9 6 5 4 5 4 0 3 4 4 5 10 4 3 4 3 4 3 4 1 0 2 0 1 0 0 0 0 0 0 0 0 0 0 0 0 0 0 0 0 0 0 0 0 0 0 0 0 0 0 0 0 0 0 0 0 0 0 0 0 0 0 0 0 0 0 0 0 0 0 0 0 0 0 0 0 0 0 0 0 0 0 0 0 0 0 0 0 0 0 0 0 0 0 0 0 0 0 0 0 0 0 0 0 0 0 0 0 0 0 0 0 
0 0 0 0 0 0 0 0 0 0 0 0 0 0 0 0 0 0 0 0 0 0 0 0 0 0 0 0 0 0 0 0 0 0 0 0 0 0 0 0 0 0 0 0 0 0 0 0 0 0 0 0 0 0 0 0 0 0 0 0 0 0 0 0 0 0 0 0 0 0 0 0 0 0 0 0 0 0 0 0 0 0 0 0 0 0 0 0 0 1 2 1 4 3 5 4 10 3 4 3 1 2 1 5 5 5 3 5 5 7 7 2 3 3 3 4 5 3 9 6 1 1 5 3 5 5 3 4 4 5 7 3 4 8 5 4 4 4 4 1 6 5 4 3 9 5 0 5 6 4 9 5 8 3 2 5 5 1 6 2 3 1 2 2 2 3 2 0 0 0 0 0 0 0 0 0 0 0 0 0 0 0 0 0 0 0 0 0 0 0 0 0 0 0 0 0 0 0 0 0 0 0 0 0 0 0 0 0 0 0 0 0 0 0 0 0 0 0 0 0 0 0 0 0 0 0 0 0 0 0 0 0 0 0 0 0 0 0 0 0 0 0 0 0 0 0 0 0 0 0 0 0 0 0 0 0 
0 0 0 0 0 0 0 0 0 0 0 0 0 0 0 0 0 0 0 0 0 0 0 0 0 0 0 0 0 0 0 0 0 0 0 0 0 0 0 0 0 0 0 0 0 0 0 0 0 0 0 0 0 0 0 0 0 0 0 0 0 0 0 0 0 0 0 0 0 0 0 0 0 0 0 0 0 0 0 0 0 0 0 0 0 0 0 0 1 1 1 3 2 5 6 2 4 5 3 3 4 3 2 4 1 3 4 3 5 4 5 2 2 8 8 8 4 6 10 1 4 5 3 5 5 7 4 8 3 7 4 5 3 4 3 5 5 2 7 1 3 6 4 1 4 8 2 4 2 5 3 4 2 4 5 5 6 4 4 3 6 1 3 5 1 1 1 3 1 0 0 0 0 0 0 0 0 0 0 0 0 0 0 0 0 0 0 0 0 0 0 0 0 0 0 0 0 0 0 0 0 0 0 0 0 0 0 0 0 0 0 0 0 0 0 0 0 0 0 0 0 0 0 0 0 0 0 0 0 0 0 0 0 0 0 0 0 0 0 0 0 0 0 0 0 0 0 0 0 0 0 0 0 0 0 0 
0 0 0 0 0 0 0 0 0 0 0 0 0 0 0 0 0 0 0 0 0 0 0 0 0 0 0 0 0 0 0 0 0 0 0 0 0 0 0 0 0 0 0 0 0 0 0 0 0 0 0 0 0 0 0 0 0 0 0 0 0 0 0 0 0 0 0 0 0 0 0 0 0 0 0 0 0 0 0 0 0 0 0 0 0 0 0 0 0 0 3 2 3 2 2 3 8 2 3 3 3 4 3 1 2 4 9 4 4 6 2 5 5 2 3 1 7 2 9 6 4 4 7 5 5 7 4 3 6 1 8 4 2 4 4 1 7 4 5 4 4 4 3 5 3 3 6 6 3 2 5 1 5 4 10 5 7 6 4 4 2 1 2 4 1 0 1 2 0 0 0 0 0 0 0 0 0 0 0 0 0 0 0 0 0 0 0 0 0 0 0 0 0 0 0 0 0 0 0 0 0 0 0 0 0 0 0 0 0 0 0 0 0 0 0 0 0 0 0 0 0 0 0 0 0 0 0 0 0 0 0 0 0 0 0 0 0 0 0 0 0 0 0 0 0 0 0 0 0 0 0 0 0 0 0 0 
0 0 0 0 0 0 0 0 0 0 0 0 0 0 0 0 0 0 0 0 0 0 0 0 0 0 0 0 0 0 0 0 0 0 0 0 0 0 0 0 0 0 0 0 0 0 0 0 0 0 0 0 0 0 0 0 0 0 0 0 0 0 0 0 0 0 0 0 0 0 0 0 0 0 0 0 0 0 0 0 0 0 0 0 0 0 0 1 1 1 1 2 2 3 5 1 2 2 7 5 4 2 0 1 7 5 2 4 7 2 2 5 4 4 6 4 2 5 4 7 7 9 6 2 4 7 5 8 7 8 5 2 7 3 5 10 4 2 5 2 3 3 3 3 9 4 6 3 4 5 3 4 6 0 2 2 4 6 3 5 6 7 6 0 2 2 1 0 0 0 0 0 0 0 0 0 0 0 0 0 0 0 0 0 0 0 0 0 0 0 0 0 0 0 0 0 0 0 0 0 0 0 0 0 0 0 0 0 0 0 0 0 0 0 0 0 0 0 0 0 0 0 0 0 0 0 0 0 0 0 0 0 0 0 0 0 0 0 0 0 0 0 0 0 0 0 0 0 0 0 0 0 0 0 0 0 
0 0 0 0 0 0 0 0 0 0 0 0 0 0 0 0 0 0 0 0 0 0 0 0 0 0 0 0 0 0 0 0 0 0 0 0 0 0 0 0 0 0 0 0 0 0 0 0 0 0 0 0 0 0 0 0 0 0 0 0 0 0 0 0 0 0 0 0 0 0 0 0 0 0 0 0 0 0 0 0 0 0 0 0 0 0 0 0 2 3 0 3 1 7 4 3 5 3 4 2 9 2 5 1 6 3 5 2 1 5 8 3 6 5 7 4 7 4 7 2 7 4 5 4 3 7 1 4 5 8 4 2 6 5 8 4 3 4 5 2 1 7 7 2 3 6 4 4 5 4 2 4 3 2 7 7 2 6 6 3 2 4 3 1 2 1 4 0 0 0 0 0 0 0 0 0 0 0 0 0 0 0 0 0 0 0 0 0 0 0 0 0 0 0 0 0 0 0 0 0 0 0 0 0 0 0 0 0 0 0 0 0 0 0 0 0 0 0 0 0 0 0 0 0 0 0 0 0 0 0 0 0 0 0 0 0 0 0 0 0 0 0 0 0 0 0 0 0 0 0 0 0 0 0 0 0 
0 0 0 0 0 0 0 0 0 0 0 0 0 0 0 0 0 0 0 0 0 0 0 0 0 0 0 0 0 0 0 0 0 0 0 0 0 0 0 0 0 0 0 0 0 0 0 0 0 0 0 0 0 0 0 0 0 0 0 0 0 0 0 0 0 0 0 0 0 0 0 0 0 0 0 0 0 0 0 0 0 0 0 0 0 0 0 0 2 0 0 0 1 4 4 6 2 8 3 3 4 3 3 3 4 6 4 5 3 6 3 3 4 1 5 8 5 5 5 9 3 4 5 3 5 11 7 6 9 6 4 3 1 5 5 5 3 3 3 5 10 2 6 3 4 4 6 6 8 8 4 9 3 5 3 5 9 3 6 5 3 4 4 3 3 1 1 0 0 0 0 0 0 0 0 0 0 0 0 0 0 0 0 0 0 0 0 0 0 0 0 0 0 0 0 0 0 0 0 0 0 0 0 0 0 0 0 0 0 0 0 0 0 0 0 0 0 0 0 0 0 0 0 0 0 0 0 0 0 0 0 0 0 0 0 0 0 0 0 0 0 0 0 0 0 0 0 0 0 0 0 0 0 0 0 0 
0 0 0 0 0 0 0 0 0 0 0 0 0 0 0 0 0 0 0 0 0 0 0 0 0 0 0 0 0 0 0 0 0 0 0 0 0 0 0 0 0 0 0 0 0 0 0 0 0 0 0 0 0 0 0 0 0 0 0 0 0 0 0 0 0 0 0 0 0 0 0 0 0 0 0 0 0 0 0 0 0 0 0 0 0 0 0 0 3 1 2 4 1 5 4 3 4 2 6 4 3 7 0 8 5 3 3 4 4 6 1 6 5 7 5 5 3 2 2 3 4 7 6 3 0 5 5 9 6 6 5 2 2 5 3 2 2 2 2 3 6 3 4 4 7 8 8 7 8 5 5 2 4 4 2 5 2 5 6 4 2 8 0 2 2 2 1 1 0 0 0 0 0 0 0 0 0 0 0 0 0 0 0 0 0 0 0 0 0 0 0 0 0 0 0 0 0 0 0 0 0 0 0 0 0 0 0 0 0 0 0 0 0 0 0 0 0 0 0 0 0 0 0 0 0 0 0 0 0 0 0 0 0 0 0 0 0 0 0 0 0 0 0 0 0 0 0 0 0 0 0 0 0 0 0 0 
0 0 0 0 0 0 0 0 0 0 0 0 0 0 0 0 0 0 0 0 0 0 0 0 0 0 0 0 0 0 0 0 0 0 0 0 0 0 0 0 0 0 0 0 0 0 0 0 0 0 0 0 0 0 0 0 0 0 0 0 0 0 0 0 0 0 0 0 0 0 0 0 0 0 0 0 0 0 0 0 0 0 0 0 0 0 0 0 1 2 5 1 4 3 3 5 6 5 8 3 6 3 5 4 8 1 5 6 4 6 4 7 7 5 3 5 4 12 1 11 4 12 3 5 6 2 10 6 4 3 3 1 8 5 7 9 3 8 3 7 7 6 4 2 7 4 3 6 4 5 3 3 2 8 7 5 4 3 8 4 3 3 3 2 2 1 4 2 0 0 0 0 0 0 0 0 0 0 0 0 0 0 0 0 0 0 0 0 0 0 0 0 0 0 0 0 0 0 0 0 0 0 0 0 0 0 0 0 0 0 0 0 0 0 0 0 0 0 0 0 0 0 0 0 0 0 0 0 0 0 0 0 0 0 0 0 0 0 0 0 0 0 0 0 0 0 0 0 0 0 0 0 0 0 0 0 
0 0 0 0 0 0 0 0 0 0 0 0 0 0 0 0 0 0 0 0 0 0 0 0 0 0 0 0 0 0 0 0 0 0 0 0 0 0 0 0 0 0 0 0 0 0 0 0 0 0 0 0 0 0 0 0 0 0 0 0 0 0 0 0 0 0 0 0 0 0 0 0 0 0 0 0 0 0 0 0 0 0 0 0 0 0 0 0 1 2 0 0 1 5 3 3 3 2 3 4 6 5 2 3 12 5 4 2 6 6 2 3 4 3 3 5 4 8 7 7 2 3 1 5 6 5 5 9 6 6 6 9 8 6 3 3 5 5 4 9 6 8 7 4 3 2 2 5 1 5 2 4 3 4 4 7 4 3 5 3 5 4 2 6 2 2 0 2 0 0 0 0 0 0 0 0 0 0 0 0 0 0 0 0 0 0 0 0 0 0 0 0 0 0 0 0 0 0 0 0 0 0 0 0 0 0 0 0 0 0 0 0 0 0 0 0 0 0 0 0 0 0 0 0 0 0 0 0 0 0 0 0 0 0 0 0 0 0 0 0 0 0 0 0 0 0 0 0 0 0 0 0 0 0 0 0 
0 0 0 0 0 0 0 0 0 0 0 0 0 0 0 0 0 0 0 0 0 0 0 0 0 0 0 0 0 0 0 0 0 0 0 0 0 0 0 0 0 0 0 0 0 0 0 0 0 0 0 0 0 0 0 0 0 0 0 0 0 0 0 0 0 0 0 0 0 0 0 0 0 0 0 0 0 0 0 0 0 0 0 0 0 0 0 0 1 1 2 3 0 1 3 4 3 2 9 5 3 2 1 8 3 4 2 8 4 1 5 3 7 2 6 9 5 5 4 6 7 3 1 5 6 5 5 3 4 6 7 8 3 2 3 1 4 4 6 7 3 3 5 8 5 6 6 4 2 4 4 6 6 8 2 5 3 3 5 2 5 5 1 1 0 1 2 2 0 0 0 0 0 0 0 0 0 0 0 0 0 0 0 0 0 0 0 0 0 0 0 0 0 0 0 0 0 0 0 0 0 0 0 0 0 0 0 0 0 0 0 0 0 0 0 0 0 0 0 0 0 0 0 0 0 0 0 0 0 0 0 0 0 0 0 0 0 0 0 0 0 0 0 0 0 0 0 0 0 0 0 0 0 0 0 0 
0 0 0 0 0 0 0 0 0 0 0 0 0 0 0 0 0 0 0 0 0 0 0 0 0 0 0 0 0 0 0 0 0 0 0 0 0 0 0 0 0 0 0 0 0 0 0 0 0 0 0 0 0 0 0 0 0 0 0 0 0 0 0 0 0 0 0 0 0 0 0 0 0 0 0 0 0 0 0 0 0 0 0 0 0 0 0 1 0 0 1 1 0 1 4 0 3 4 3 2 2 2 3 4 4 2 6 4 3 7 4 2 5 5 8 9 8 7 2 5 9 5 8 4 2 10 5 6 6 5 2 4 9 4 7 10 7 3 4 5 6 10 5 1 7 6 5 4 4 5 4 1 4 5 6 5 6 10 7 4 3 4 4 3 0 0 3 1 0 0 0 0 0 0 0 0 0 0 0 0 0 0 0 0 0 0 0 0 0 0 0 0 0 0 0 0 0 0 0 0 0 0 0 0 0 0 0 0 0 0 0 0 0 0 0 0 0 0 0 0 0 0 0 0 0 0 0 0 0 0 0 0 0 0 0 0 0 0 0 0 0 0 0 0 0 0 0 0 0 0 0 0 0 0 0 0 
0 0 0 0 0 0 0 0 0 0 0 0 0 0 0 0 0 0 0 0 0 0 0 0 0 0 0 0 0 0 0 0 0 0 0 0 0 0 0 0 0 0 0 0 0 0 0 0 0 0 0 0 0 0 0 0 0 0 0 0 0 0 0 0 0 0 0 0 0 0 0 0 0 0 0 0 0 0 0 0 0 0 0 0 0 0 0 0 0 2 2 1 0 0 4 3 1 4 2 5 1 3 5 3 2 8 5 2 2 8 4 2 2 8 4 3 5 2 7 4 4 9 2 1 4 9 6 4 12 6 3 8 8 0 3 3 2 7 3 3 3 2 5 4 6 3 3 6 5 5 7 8 1 1 7 1 4 1 2 3 2 2 1 3 0 5 1 1 0 0 0 0 0 0 0 0 0 0 0 0 0 0 0 0 0 0 0 0 0 0 0 0 0 0 0 0 0 0 0 0 0 0 0 0 0 0 0 0 0 0 0 0 0 0 0 0 0 0 0 0 0 0 0 0 0 0 0 0 0 0 0 0 0 0 0 0 0 0 0 0 0 0 0 0 0 0 0 0 0 0 0 0 0 0 0 0 
0 0 0 0 0 0 0 0 0 0 0 0 0 0 0 0 0 0 0 0 0 0 0 0 0 0 0 0 0 0 0 0 0 0 0 0 0 0 0 0 0 0 0 0 0 0 0 0 0 0 0 0 0 0 0 0 0 0 0 0 0 0 0 0 0 0 0 0 0 0 0 0 0 0 0 0 0 0 0 0 0 0 0 0 0 0 0 0 0 2 1 1 1 1 2 3 3 7 3 4 7 4 8 2 5 4 6 3 2 4 3 3 6 3 1 4 2 3 4 1 3 4 9 8 5 3 3 5 2 3 1 4 2 8 7 4 7 7 3 1 3 5 4 5 1 6 4 5 2 5 1 2 5 4 7 4 4 2 6 5 2 3 4 2 1 2 1 0 0 0 0 0 0 0 0 0 0 0 0 0 0 0 0 0 0 0 0 0 0 0 0 0 0 0 0 0 0 0 0 0 0 0 0 0 0 0 0 0 0 0 0 0 0 0 0 0 0 0 0 0 0 0 0 0 0 0 0 0 0 0 0 0 0 0 0 0 0 0 0 0 0 0 0 0 0 0 0 0 0 0 0 0 0 0 0 0 
0 0 0 0 0 0 0 0 0 0 0 0 0 0 0 0 0 0 0 0 0 0 0 0 0 0 0 0 0 0 0 0 0 0 0 0 0 0 0 0 0 0 0 0 0 0 0 0 0 0 0 0 0 0 0 0 0 0 0 0 0 0 0 0 0 0 0 0 0 0 0 0 0 0 0 0 0 0 0 0 0 0 0 0 0 0 0 0 0 1 1 0 0 2 3 0 1 2 3 1 5 4 3 4 1 7 3 4 5 2 2 2 3 2 1 3 2 1 5 0 2 5 0 1 4 5 2 5 8 1 6 2 3 6 5 5 4 3 5 3 2 1 4 2 6 1 2 2 4 3 2 2 2 3 2 5 4 3 4 3 2 1 3 1 0 0 0 0 0 0 0 0 0 0 0 0 0 0 0 0 0 0 0 0 0 0 0 0 0 0 0 0 0 0 0 0 0 0 0 0 0 0 0 0 0 0 0 0 0 0 0 0 0 0 0 0 0 0 0 0 0 0 0 0 0 0 0 0 0 0 0 0 0 0 0 0 0 0 0 0 0 0 0 0 0 0 0 0 0 0 0 0 0 0 0 0 
0 0 0 0 0 0 0 0 0 0 0 0 0 0 0 0 0 0 0 0 0 0 0 0 0 0 0 0 0 0 0 0 0 0 0 0 0 0 0 0 0 0 0 0 0 0 0 0 0 0 0 0 0 0 0 0 0 0 0 0 0 0 0 0 0 0 0 0 0 0 0 0 0 0 0 0 0 0 0 0 0 0 0 0 0 0 0 0 0 1 0 0 2 0 2 1 1 3 4 4 3 4 1 5 1 7 3 2 4 2 3 3 0 0 1 5 2 1 2 1 3 3 5 6 1 0 1 1 3 1 5 4 3 2 1 4 4 1 4 0 4 4 1 4 0 2 0 3 2 3 3 4 2 2 1 4 2 6 2 1 1 4 0 1 2 1 1 0 0 0 0 0 0 0 0 0 0 0 0 0 0 0 0 0 0 0 0 0 0 0 0 0 0 0 0 0 0 0 0 0 0 0 0 0 0 0 0 0 0 0 0 0 0 0 0 0 0 0 0 0 0 0 0 0 0 0 0 0 0 0 0 0 0 0 0 0 0 0 0 0 0 0 0 0 0 0 0 0 0 0 0 0 0 0 0 0 
0 0 0 0 0 0 0 0 0 0 0 0 0 0 0 0 0 0 0 0 0 0 0 0 0 0 0 0 0 0 0 0 0 0 0 0 0 0 0 0 0 0 0 0 0 0 0 0 0 0 0 0 0 0 0 0 0 0 0 0 0 0 0 0 0 0 0 0 0 0 0 0 0 0 0 0 0 0 0 0 0 0 0 0 0 0 0 0 0 0 0 1 1 2 3 2 2 4 2 1 3 2 3 1 2 0 4 2 3 2 6 3 3 2 1 2 6 1 2 2 1 2 1 5 0 2 1 1 5 0 5 1 3 3 2 3 1 2 3 4 1 2 6 2 1 2 1 4 2 1 2 1 1 1 5 4 1 2 3 3 1 0 1 1 0 1 1 0 0 0 0 0 0 0 0 0 0 0 0 0 0 0 0 0 0 0 0 0 0 0 0 0 0 0 0 0 0 0 0 0 0 0 0 0 0 0 0 0 0 0 0 0 0 0 0 0 0 0 0 0 0 0 0 0 0 0 0 0 0 0 0 0 0 0 0 0 0 0 0 0 0 0 0 0 0 0 0 0 0 0 0 0 0 0 0 0 
0 0 0 0 0 0 0 0 0 0 0 0 0 0 0 0 0 0 0 0 0 0 0 0 0 0 0 0 0 0 0 0 0 0 0 0 0 0 0 0 0 0 0 0 0 0 0 0 0 0 0 0 0 0 0 0 0 0 0 0 0 0 0 0 0 0 0 0 0 0 0 0 0 0 0 0 0 0 0 0 0 0 0 0 0 0 0 0 0 1 0 2 2 2 0 3 0 4 1 1 2 2 1 1 2 4 2 2 4 2 1 1 2 0 1 2 4 2 6 3 1 1 2 2 1 4 4 2 2 2 2 3 3 0 1 3 4 2 3 1 3 3 5 2 2 6 0 0 6 1 4 3 8 4 2 1 4 1 3 3 1 5 0 0 0 0 1 0 0 0 0 0 0 0 0 0 0 0 0 0 0 0 0 0 0 0 0 0 0 0 0 0 0 0 0 0 0 0 0 0 0 0 0 0 0 0 0 0 0 0 0 0 0 0 0 0 0 0 0 0 0 0 0 0 0 0 0 0 0 0 0 0 0 0 0 0 0 0 0 0 0 0 0 0 0 0 0 0 0 0 0 0 0 0 0 0 
0 0 0 0 0 0 0 0 0 0 0 0 0 0 0 0 0 0 0 0 0 0 0 0 0 0 0 0 0 0 0 0 0 0 0 0 0 0 0 0 0 0 0 0 0 0 0 0 0 0 0 0 0 0 0 0 0 0 0 0 0 0 0 0 0 0 0 0 0 0 0 0 0 0 0 0 0 0 0 0 0 0 0 0 0 0 0 0 0 1 2 1 0 1 4 2 0 2 1 0 6 2 1 2 2 1 3 1 1 2 0 6 0 1 2 2 3 4 1 1 3 4 2 4 4 2 1 4 1 2 5 3 2 2 4 1 1 3 2 5 2 4 5 1 3 5 2 2 3 2 3 1 4 1 5 4 2 4 1 1 1 1 1 1 0 1 0 1 0 0 0 0 0 0 0 0 0 0 0 0 0 0 0 0 0 0 0 0 0 0 0 0 0 0 0 0 0 0 0 0 0 0 0 0 0 0 0 0 0 0 0 0 0 0 0 0 0 0 0 0 0 0 0 0 0 0 0 0 0 0 0 0 0 0 0 0 0 0 0 0 0 0 0 0 0 0 0 0 0 0 0 0 0 0 0 0 
0 0 0 0 0 0 0 0 0 0 0 0 0 0 0 0 0 0 0 0 0 0 0 0 0 0 0 0 0 0 0 0 0 0 0 0 0 0 0 0 0 0 0 0 0 0 0 0 0 0 0 0 0 0 0 0 0 0 0 0 0 0 0 0 0 0 0 0 0 0 0 0 0 0 0 0 0 0 0 0 0 0 0 0 0 0 0 0 1 0 1 1 3 6 2 2 2 4 3 3 1 1 3 3 1 4 5 0 1 3 2 4 1 2 5 3 4 1 3 4 4 1 1 2 1 4 7 2 1 4 4 2 1 2 2 2 3 6 2 4 0 3 2 2 0 1 6 3 1 2 2 3 2 2 3 1 3 2 2 1 3 1 0 1 1 0 0 1 0 0 0 0 0 0 0 0 0 0 0 0 0 0 0 0 0 0 0 0 0 0 0 0 0 0 0 0 0 0 0 0 0 0 0 0 0 0 0 0 0 0 0 0 0 0 0 0 0 0 0 0 0 0 0 0 0 0 0 0 0 0 0 0 0 0 0 0 0 0 0 0 0 0 0 0 0 0 0 0 0 0 0 0 0 0 0 0 
0 0 0 0 0 0 0 0 0 0 0 0 0 0 0 0 0 0 0 0 0 0 0 0 0 0 0 0 0 0 0 0 0 0 0 0 0 0 0 0 0 0 0 0 0 0 0 0 0 0 0 0 0 0 0 0 0 0 0 0 0 0 0 0 0 0 0 0 0 0 0 0 0 0 0 0 0 0 0 0 0 0 0 0 0 0 0 0 1 1 1 0 3 1 1 2 1 0 3 1 4 2 2 1 4 5 0 2 1 1 5 2 1 1 3 3 3 2 5 3 2 1 2 4 3 2 4 2 3 2 6 2 4 2 3 3 2 1 2 3 3 1 4 4 1 5 5 3 5 4 1 2 4 3 0 4 3 6 2 1 1 1 1 2 0 1 1 1 0 0 0 0 0 0 0 0 0 0 0 0 0 0 0 0 0 0 0 0 0 0 0 0 0 0 0 0 0 0 0 0 0 0 0 0 0 0 0 0 0 0 0 0 0 0 0 0 0 0 0 0 0 0 0 0 0 0 0 0 0 0 0 0 0 0 0 0 0 0 0 0 0 0 0 0 0 0 0 0 0 0 0 0 0 0 0 0 
0 0 0 0 0 0 0 0 0 0 0 0 0 0 0 0 0 0 0 0 0 0 0 0 0 0 0 0 0 0 0 0 0 0 0 0 0 0 0 0 0 0 0 0 0 0 0 0 0 0 0 0 0 0 0 0 0 0 0 0 0 0 0 0 0 0 0 0 0 0 0 0 0 0 0 0 0 0 0 0 0 0 0 0 0 0 0 0 0 1 0 0 1 1 1 3 0 3 1 2 6 1 3 4 1 1 5 4 1 4 3 3 0 5 2 4 0 4 0 4 1 1 0 6 4 1 1 2 0 3 2 3 3 2 1 3 2 4 4 5 1 1 2 2 3 6 5 2 6 2 2 5 2 1 2 1 4 3 1 4 4 2 1 0 0 2 0 0 0 0 0 0 0 0 0 0 0 0 0 0 0 0 0 0 0 0 0 0 0 0 0 0 0 0 0 0 0 0 0 0 0 0 0 0 0 0 0 0 0 0 0 0 0 0 0 0 0 0 0 0 0 0 0 0 0 0 0 0 0 0 0 0 0 0 0 0 0 0 0 0 0 0 0 0 0 0 0 0 0 0 0 0 0 0 0 0 
0 0 0 0 0 0 0 0 0 0 0 0 0 0 0 0 0 0 0 0 0 0 0 0 0 0 0 0 0 0 0 0 0 0 0 0 0 0 0 0 0 0 0 0 0 0 0 0 0 0 0 0 0 0 0 0 0 0 0 0 0 0 0 0 0 0 0 0 0 0 0 0 0 0 0 0 0 0 0 0 0 0 0 0 0 0 0 0 0 1 1 0 1 2 2 2 1 3 5 0 3 1 3 2 2 0 2 0 4 1 3 4 2 3 1 1 2 3 5 0 2 1 1 5 4 1 5 3 3 1 3 6 1 1 2 1 3 2 3 3 2 3 2 0 1 0 3 0 1 1 2 1 2 2 0 1 2 2 1 5 1 4 2 1 1 1 0 1 0 0 0 0 0 0 0 0 0 0 0 0 0 0 0 0 0 0 0 0 0 0 0 0 0 0 0 0 0 0 0 0 0 0 0 0 0 0 0 0 0 0 0 0 0 0 0 0 0 0 0 0 0 0 0 0 0 0 0 0 0 0 0 0 0 0 0 0 0 0 0 0 0 0 0 0 0 0 0 0 0 0 0 0 0 0 0 0 
0 0 0 0 0 0 0 0 0 0 0 0 0 0 0 0 0 0 0 0 0 0 0 0 0 0 0 0 0 0 0 0 0 0 0 0 0 0 0 0 0 0 0 0 0 0 0 0 0 0 0 0 0 0 0 0 0 0 0 0 0 0 0 0 0 0 0 0 0 0 0 0 0 0 0 0 0 0 0 0 0 0 0 0 0 0 0 0 0 0 0 1 1 0 2 1 5 4 2 2 3 0 4 4 5 0 1 0 1 1 1 3 5 4 1 1 5 2 2 2 2 1 7 3 0 2 4 4 3 0 2 0 2 2 0 2 3 6 0 1 0 4 1 2 1 0 3 1 2 0 0 0 1 3 1 1 4 1 1 1 0 0 1 2 0 0 0 0 0 0 0 0 0 0 0 0 0 0 0 0 0 0 0 0 0 0 0 0 0 0 0 0 0 0 0 0 0 0 0 0 0 0 0 0 0 0 0 0 0 0 0 0 0 0 0 0 0 0 0 0 0 0 0 0 0 0 0 0 0 0 0 0 0 0 0 0 0 0 0 0 0 0 0 0 0 0 0 0 0 0 0 0 0 0 0 0 
0 0 0 0 0 0 0 0 0 0 0 0 0 0 0 0 0 0 0 0 0 0 0 0 0 0 0 0 0 0 0 0 0 0 0 0 0 0 0 0 0 0 0 0 0 0 0 0 0 0 0 0 0 0 0 0 0 0 0 0 0 0 0 0 0 0 0 0 0 0 0 0 0 0 0 0 0 0 0 0 0 0 0 0 0 0 0 0 0 2 0 1 0 1 0 3 0 4 0 2 0 2 3 0 1 3 1 0 0 0 0 1 1 2 2 0 2 1 1 1 2 2 3 1 0 3 1 4 0 1 1 1 4 0 2 0 2 1 1 0 2 1 4 3 1 0 0 1 1 1 3 1 2 0 1 0 0 0 1 0 1 0 0 1 1 0 0 2 0 0 0 0 0 0 0 0 0 0 0 0 0 0 0 0 0 0 0 0 0 0 0 0 0 0 0 0 0 0 0 0 0 0 0 0 0 0 0 0 0 0 0 0 0 0 0 0 0 0 0 0 0 0 0 0 0 0 0 0 0 0 0 0 0 0 0 0 0 0 0 0 0 0 0 0 0 0 0 0 0 0 0 0 0 0 0 0 
0 0 0 0 0 0 0 0 0 0 0 0 0 0 0 0 0 0 0 0 0 0 0 0 0 0 0 0 0 0 0 0 0 0 0 0 0 0 0 0 0 0 0 0 0 0 0 0 0 0 0 0 0 0 0 0 0 0 0 0 0 0 0 0 0 0 0 0 0 0 0 0 0 0 0 0 0 0 0 0 0 0 0 0 0 0 0 0 0 0 0 0 1 0 0 1 0 1 1 1 1 0 1 1 0 1 2 0 3 1 1 1 2 0 0 0 1 0 3 2 3 0 2 0 1 0 3 0 2 1 1 0 0 2 1 0 0 2 1 0 0 2 2 2 0 1 2 1 0 2 1 1 0 1 2 0 4 0 1 1 1 0 0 0 0 0 1 0 0 0 0 0 0 0 0 0 0 0 0 0 0 0 0 0 0 0 0 0 0 0 0 0 0 0 0 0 0 0 0 0 0 0 0 0 0 0 0 0 0 0 0 0 0 0 0 0 0 0 0 0 0 0 0 0 0 0 0 0 0 0 0 0 0 0 0 0 0 0 0 0 0 0 0 0 0 0 0 0 0 0 0 0 0 0 0 0 
0 0 0 0 0 0 0 0 0 0 0 0 0 0 0 0 0 0 0 0 0 0 0 0 0 0 0 0 0 0 0 0 0 0 0 0 0 0 0 0 0 0 0 0 0 0 0 0 0 0 0 0 0 0 0 0 0 0 0 0 0 0 0 0 0 0 0 0 0 0 0 0 0 0 0 0 0 0 0 0 0 0 0 0 0 0 0 0 0 0 0 0 0 0 0 0 0 1 0 0 0 0 0 0 1 0 0 0 0 1 0 0 0 2 1 0 0 0 1 1 0 0 0 0 1 0 0 0 2 0 0 0 0 0 1 0 0 0 0 1 0 1 0 0 1 1 0 2 0 0 0 0 0 0 0 0 1 1 0 1 0 0 0 1 0 0 0 0 0 0 0 0 0 0 0 0 0 0 0 0 0 0 0 0 0 0 0 0 0 0 0 0 0 0 0 0 0 0 0 0 0 0 0 0 0 0 0 0 0 0 0 0 0 0 0 0 0 0 0 0 0 0 0 0 0 0 0 0 0 0 0 0 0 0 0 0 0 0 0 0 0 0 0 0 0 0 0 0 0 0 0 0 0 0 0 0 
0 0 0 0 0 0 0 0 0 0 0 0 0 0 0 0 0 0 0 0 0 0 0 0 0 0 0 0 0 0 0 0 0 0 0 0 0 0 0 0 0 0 0 0 0 0 0 0 0 0 0 0 0 0 0 0 0 0 0 0 0 0 0 0 0 0 0 0 0 0 0 0 0 0 0 0 0 0 0 0 0 0 0 0 0 0 0 0 0 0 0 1 0 0 0 0 0 0 0 0 0 0 0 0 0 2 0 0 0 0 0 0 0 0 0 0 0 0 0 0 0 0 0 0 0 0 0 0 0 0 0 0 1 0 0 0 0 0 0 0 0 0 0 0 0 1 0 0 0 0 0 0 0 0 0 1 0 0 0 0 0 0 0 0 0 0 0 0 0 0 0 0 0 0 0 0 0 0 0 0 0 0 0 0 0 0 0 0 0 0 0 0 0 0 0 0 0 0 0 0 0 0 0 0 0 0 0 0 0 0 0 0 0 0 0 0 0 0 0 0 0 0 0 0 0 0 0 0 0 0 0 0 0 0 0 0 0 0 0 0 0 0 0 0 0 0 0 0 0 0 0 0 0 0 0 0 
0 0 0 0 0 0 0 0 0 0 0 0 0 0 0 0 0 0 0 0 0 0 0 0 0 0 0 0 0 0 0 0 0 0 0 0 0 0 0 0 0 0 0 0 0 0 0 0 0 0 0 0 0 0 0 0 0 0 0 0 0 0 0 0 0 0 0 0 0 0 0 0 0 0 0 0 0 0 0 0 0 0 0 0 0 0 0 0 0 1 0 0 0 0 1 0 0 0 0 2 0 0 0 0 0 1 0 1 0 0 0 1 0 0 1 1 0 0 2 0 1 0 0 0 1 0 0 0 1 0 0 1 0 0 1 1 0 0 0 1 0 1 0 0 0 0 1 0 0 0 1 0 1 0 0 2 0 0 1 0 0 0 0 1 0 0 0 0 0 0 0 0 0 0 0 0 0 0 0 0 0 0 0 0 0 0 0 0 0 0 0 0 0 0 0 0 0 0 0 0 0 0 0 0 0 0 0 0 0 0 0 0 0 0 0 0 0 0 0 0 0 0 0 0 0 0 0 0 0 0 0 0 0 0 0 0 0 0 0 0 0 0 0 0 0 0 0 0 0 0 0 0 0 0 0 0 
0 0 0 0 0 0 0 0 0 0 0 0 0 0 0 0 0 0 0 0 0 0 0 0 0 0 0 0 0 0 0 0 0 0 0 0 0 0 0 0 0 0 0 0 0 0 0 0 0 0 0 0 0 0 0 0 0 0 0 0 0 0 0 0 0 0 0 0 0 0 0 0 0 0 0 0 0 0 0 0 0 0 0 0 0 0 0 0 0 0 0 0 0 0 0 0 0 0 0 0 0 0 0 0 0 1 0 0 0 0 1 1 0 0 1 0 0 1 0 4 0 1 0 0 0 1 0 0 0 2 0 0 0 1 1 0 1 2 1 2 0 1 3 1 1 1 0 1 1 1 2 4 0 0 0 0 0 1 0 0 0 0 0 1 1 0 0 0 0 0 0 0 0 0 0 0 0 0 0 0 0 0 0 0 0 0 0 0 0 0 0 0 0 0 0 0 0 0 0 0 0 0 0 0 0 0 0 0 0 0 0 0 0 0 0 0 0 0 0 0 0 0 0 0 0 0 0 0 0 0 0 0 0 0 0 0 0 0 0 0 0 0 0 0 0 0 0 0 0 0 0 0 0 0 0 0 
0 0 0 0 0 0 0 0 0 0 0 0 0 0 0 0 0 0 0 0 0 0 0 0 0 0 0 0 0 0 0 0 0 0 0 0 0 0 0 0 0 0 0 0 0 0 0 0 0 0 0 0 0 0 0 0 0 0 0 0 0 0 0 0 0 0 0 0 0 0 0 0 0 0 0 0 0 0 0 0 0 0 0 0 0 0 0 0 0 0 0 0 0 0 1 0 1 0 2 1 3 1 1 0 1 2 0 1 2 0 0 0 3 0 0 0 1 1 1 0 3 0 2 2 2 3 0 1 0 1 3 0 0 1 1 1 0 2 0 1 1 2 0 1 0 0 0 1 0 1 0 1 0 2 1 1 0 1 1 3 0 2 0 2 0 0 0 1 0 0 0 0 0 0 0 0 0 0 0 0 0 0 0 0 0 0 0 0 0 0 0 0 0 0 0 0 0 0 0 0 0 0 0 0 0 0 0 0 0 0 0 0 0 0 0 0 0 0 0 0 0 0 0 0 0 0 0 0 0 0 0 0 0 0 0 0 0 0 0 0 0 0 0 0 0 0 0 0 0 0 0 0 0 0 0 0 
0 0 0 0 0 0 0 0 0 0 0 0 0 0 0 0 0 0 0 0 0 0 0 0 0 0 0 0 0 0 0 0 0 0 0 0 0 0 0 0 0 0 0 0 0 0 0 0 0 0 0 0 0 0 0 0 0 0 0 0 0 0 0 0 0 0 0 0 0 0 0 0 0 0 0 0 0 0 0 0 0 0 0 0 0 0 0 0 0 0 0 1 0 0 2 0 3 1 1 1 1 3 4 5 2 3 3 1 0 2 2 2 1 3 1 1 0 1 0 3 1 2 1 2 2 1 2 1 3 2 1 1 1 2 0 0 2 2 1 1 1 3 0 1 1 2 1 1 0 2 3 3 1 3 1 1 0 1 0 0 2 0 0 1 0 0 0 1 0 0 0 0 0 0 0 0 0 0 0 0 0 0 0 0 0 0 0 0 0 0 0 0 0 0 0 0 0 0 0 0 0 0 0 0 0 0 0 0 0 0 0 0 0 0 0 0 0 0 0 0 0 0 0 0 0 0 0 0 0 0 0 0 0 0 0 0 0 0 0 0 0 0 0 0 0 0 0 0 0 0 0 0 0 0 0 0 
0 0 0 0 0 0 0 0 0 0 0 0 0 0 0 0 0 0 0 0 0 0 0 0 0 0 0 0 0 0 0 0 0 0 0 0 0 0 0 0 0 0 0 0 0 0 0 0 0 0 0 0 0 0 0 0 0 0 0 0 0 0 0 0 0 0 0 0 0 0 0 0 0 0 0 0 0 0 0 0 0 0 0 0 0 0 0 0 0 0 2 1 1 3 1 2 1 1 1 1 4 1 2 2 2 2 1 1 0 0 3 0 2 3 2 2 6 1 1 3 4 2 3 0 1 1 2 2 2 1 4 0 1 0 1 1 1 4 1 1 2 0 3 2 1 2 5 1 2 2 1 1 0 1 0 2 4 0 1 1 1 1 1 0 0 0 0 1 0 0 0 0 0 0 0 0 0 0 0 0 0 0 0 0 0 0 0 0 0 0 0 0 0 0 0 0 0 0 0 0 0 0 0 0 0 0 0 0 0 0 0 0 0 0 0 0 0 0 0 0 0 0 0 0 0 0 0 0 0 0 0 0 0 0 0 0 0 0 0 0 0 0 0 0 0 0 0 0 0 0 0 0 0 0 0 0 
0 0 0 0 0 0 0 0 0 0 0 0 0 0 0 0 0 0 0 0 0 0 0 0 0 0 0 0 0 0 0 0 0 0 0 0 0 0 0 0 0 0 0 0 0 0 0 0 0 0 0 0 0 0 0 0 0 0 0 0 0 0 0 0 0 0 0 0 0 0 0 0 0 0 0 0 0 0 0 0 0 0 0 0 0 0 0 0 0 0 0 1 0 1 4 4 3 0 1 3 4 1 1 3 1 3 0 2 2 2 2 3 2 1 2 3 3 3 0 2 1 3 0 1 2 1 2 3 4 1 1 1 3 0 1 2 0 2 2 2 3 1 2 2 2 0 0 1 4 2 2 2 3 4 1 2 1 1 3 2 2 3 0 2 4 0 0 1 1 0 0 0 0 0 0 0 0 0 0 0 0 0 0 0 0 0 0 0 0 0 0 0 0 0 0 0 0 0 0 0 0 0 0 0 0 0 0 0 0 0 0 0 0 0 0 0 0 0 0 0 0 0 0 0 0 0 0 0 0 0 0 0 0 0 0 0 0 0 0 0 0 0 0 0 0 0 0 0 0 0 0 0 0 0 0 0 
0 0 0 0 0 0 0 0 0 0 0 0 0 0 0 0 0 0 0 0 0 0 0 0 0 0 0 0 0 0 0 0 0 0 0 0 0 0 0 0 0 0 0 0 0 0 0 0 0 0 0 0 0 0 0 0 0 0 0 0 0 0 0 0 0 0 0 0 0 0 0 0 0 0 0 0 0 0 0 0 0 0 0 0 0 0 0 0 0 0 2 0 3 0 2 2 0 3 2 5 3 2 3 4 4 4 2 0 3 5 2 1 2 4 3 3 2 2 5 2 2 5 5 5 3 3 1 4 3 5 2 2 3 1 3 3 4 4 5 3 6 3 6 1 6 1 1 5 3 0 5 5 3 0 0 5 3 3 3 1 2 2 4 1 0 1 1 0 0 0 0 0 0 0 0 0 0 0 0 0 0 0 0 0 0 0 0 0 0 0 0 0 0 0 0 0 0 0 0 0 0 0 0 0 0 0 0 0 0 0 0 0 0 0 0 0 0 0 0 0 0 0 0 0 0 0 0 0 0 0 0 0 0 0 0 0 0 0 0 0 0 0 0 0 0 0 0 0 0 0 0 0 0 0 0 0 
0 0 0 0 0 0 0 0 0 0 0 0 0 0 0 0 0 0 0 0 0 0 0 0 0 0 0 0 0 0 0 0 0 0 0 0 0 0 0 0 0 0 0 0 0 0 0 0 0 0 0 0 0 0 0 0 0 0 0 0 0 0 0 0 0 0 0 0 0 0 0 0 0 0 0 0 0 0 0 0 0 0 0 0 0 0 0 1 1 0 2 1 0 1 2 2 3 2 3 5 1 2 4 0 0 2 2 1 4 5 2 2 1 3 3 2 1 5 1 0 3 4 2 2 3 1 0 3 4 3 1 1 6 3 1 4 2 2 3 0 4 2 4 1 2 2 3 0 4 1 2 2 6 5 3 5 2 3 1 4 0 2 0 2 0 0 0 0 0 0 0 0 0 0 0 0 0 0 0 0 0 0 0 0 0 0 0 0 0 0 0 0 0 0 0 0 0 0 0 0 0 0 0 0 0 0 0 0 0 0 0 0 0 0 0 0 0 0 0 0 0 0 0 0 0 0 0 0 0 0 0 0 0 0 0 0 0 0 0 0 0 0 0 0 0 0 0 0 0 0 0 0 0 0 0 0 
0 0 0 0 0 0 0 0 0 0 0 0 0 0 0 0 0 0 0 0 0 0 0 0 0 0 0 0 0 0 0 0 0 0 0 0 0 0 0 0 0 0 0 0 0 0 0 0 0 0 0 0 0 0 0 0 0 0 0 0 0 0 0 0 0 0 0 0 0 0 0 0 0 0 0 0 0 0 0 0 0 0 0 0 0 0 0 1 0 1 1 2 0 1 3 0 5 0 4 4 3 1 2 1 1 4 1 6 2 1 5 3 8 4 0 0 2 2 0 2 3 0 3 2 1 2 2 2 1 1 3 4 2 1 1 1 3 6 0 4 0 6 3 1 6 3 3 3 0 3 1 2 3 4 1 2 4 2 2 2 0 2 0 2 2 0 0 0 0 0 0 0 0 0 0 0 0 0 0 0 0 0 0 0 0 0 0 0 0 0 0 0 0 0 0 0 0 0 0 0 0 0 0 0 0 0 0 0 0 0 0 0 0 0 0 0 0 0 0 0 0 0 0 0 0 0 0 0 0 0 0 0 0 0 0 0 0 0 0 0 0 0 0 0 0 0 0 0 0 0 0 0 0 0 0 0 
0 0 0 0 0 0 0 0 0 0 0 0 0 0 0 0 0 0 0 0 0 0 0 0 0 0 0 0 0 0 0 0 0 0 0 0 0 0 0 0 0 0 0 0 0 0 0 0 0 0 0 0 0 0 0 0 0 0 0 0 0 0 0 0 0 0 0 0 0 0 0 0 0 0 0 0 0 0 0 0 0 0 0 0 0 0 0 0 1 0 0 1 2 1 1 3 1 4 5 0 3 6 2 2 2 7 4 2 2 1 1 1 1 6 5 0 4 1 3 4 1 6 3 0 3 2 2 5 2 1 6 2 2 3 2 1 5 3 3 3 1 1 6 2 3 2 4 1 3 4 1 3 0 2 1 1 1 3 1 1 3 3 3 0 0 0 0 0 0 0 0 0 0 0 0 0 0 0 0 0 0 0 0 0 0 0 0 0 0 0 0 0 0 0 0 0 0 0 0 0 0 0 0 0 0 0 0 0 0 0 0 0 0 0 0 0 0 0 0 0 0 0 0 0 0 0 0 0 0 0 0 0 0 0 0 0 0 0 0 0 0 0 0 0 0 0 0 0 0 0 0 0 0 0 0 0 
0 0 0 0 0 0 0 0 0 0 0 0 0 0 0 0 0 0 0 0 0 0 0 0 0 0 0 0 0 0 0 0 0 0 0 0 0 0 0 0 0 0 0 0 0 0 0 0 0 0 0 0 0 0 0 0 0 0 0 0 0 0 0 0 0 0 0 0 0 0 0 0 0 0 0 0 0 0 0 0 0 0 0 0 0 0 0 0 1 1 0 0 2 0 2 3 1 3 0 2 2 3 2 2 2 3 2 0 5 3 2 4 2 4 0 3 4 0 3 1 4 2 5 3 0 8 1 0 1 3 5 3 1 3 3 2 3 2 5 4 2 1 1 1 1 3 2 3 4 1 4 1 2 2 4 3 2 3 1 2 3 2 3 4 3 0 0 0 0 0 0 0 0 0 0 0 0 0 0 0 0 0 0 0 0 0 0 0 0 0 0 0 0 0 0 0 0 0 0 0 0 0 0 0 0 0 0 0 0 0 0 0 0 0 0 0 0 0 0 0 0 0 0 0 0 0 0 0 0 0 0 0 0 0 0 0 0 0 0 0 0 0 0 0 0 0 0 0 0 0 0 0 0 0 0 0 
0 0 0 0 0 0 0 0 0 0 0 0 0 0 0 0 0 0 0 0 0 0 0 0 0 0 0 0 0 0 0 0 0 0 0 0 0 0 0 0 0 0 0 0 0 0 0 0 0 0 0 0 0 0 0 0 0 0 0 0 0 0 0 0 0 0 0 0 0 0 0 0 0 0 0 0 0 0 0 0 0 0 0 0 0 0 0 0 0 0 1 0 0 1 3 2 2 1 1 0 2 2 2 0 3 2 5 1 1 2 0 0 3 3 1 1 2 1 2 5 1 3 1 4 2 3 3 4 5 2 0 2 2 2 2 2 5 2 5 1 3 4 4 1 2 5 2 1 2 2 1 2 1 4 5 1 1 1 4 4 1 3 2 3 1 2 0 0 0 0 0 0 0 0 0 0 0 0 0 0 0 0 0 0 0 0 0 0 0 0 0 0 0 0 0 0 0 0 0 0 0 0 0 0 0 0 0 0 0 0 0 0 0 0 0 0 0 0 0 0 0 0 0 0 0 0 0 0 0 0 0 0 0 0 0 0 0 0 0 0 0 0 0 0 0 0 0 0 0 0 0 0 0 0 0 0 
0 0 0 0 0 0 0 0 0 0 0 0 0 0 0 0 0 0 0 0 0 0 0 0 0 0 0 0 0 0 0 0 0 0 0 0 0 0 0 0 0 0 0 0 0 0 0 0 0 0 0 0 0 0 0 0 0 0 0 0 0 0 0 0 0 0 0 0 0 0 0 0 0 0 0 0 0 0 0 0 0 0 0 0 0 0 0 0 0 0 0 0 0 2 3 4 3 2 2 1 0 3 2 0 1 0 1 3 2 2 1 3 1 2 6 4 0 2 3 3 1 0 3 6 2 1 6 2 1 2 3 1 1 4 1 1 1 2 1 5 3 1 3 2 2 0 3 2 2 3 2 3 4 1 3 2 1 3 1 1 2 2 3 1 2 1 0 1 0 0 0 0 0 0 0 0 0 0 0 0 0 0 0 0 0 0 0 0 0 0 0 0 0 0 0 0 0 0 0 0 0 0 0 0 0 0 0 0 0 0 0 0 0 0 0 0 0 0 0 0 0 0 0 0 0 0 0 0 0 0 0 0 0 0 0 0 0 0 0 0 0 0 0 0 0 0 0 0 0 0 0 0 0 0 0 0 
0 0 0 0 0 0 0 0 0 0 0 0 0 0 0 0 0 0 0 0 0 0 0 0 0 0 0 0 0 0 0 0 0 0 0 0 0 0 0 0 0 0 0 0 0 0 0 0 0 0 0 0 0 0 0 0 0 0 0 0 0 0 0 0 0 0 0 0 0 0 0 0 0 0 0 0 0 0 0 0 0 0 0 0 0 0 0 0 0 0 2 0 2 2 0 2 0 2 0 3 4 3 3 4 1 3 4 1 1 5 0 3 2 2 1 2 1 1 3 5 4 2 2 2 3 6 3 2 4 1 2 2 5 5 3 1 2 2 2 3 4 4 2 1 1 0 4 0 1 4 2 1 1 2 5 0 0 1 5 2 4 1 0 0 1 0 1 0 0 0 0 0 0 0 0 0 0 0 0 0 0 0 0 0 0 0 0 0 0 0 0 0 0 0 0 0 0 0 0 0 0 0 0 0 0 0 0 0 0 0 0 0 0 0 0 0 0 0 0 0 0 0 0 0 0 0 0 0 0 0 0 0 0 0 0 0 0 0 0 0 0 0 0 0 0 0 0 0 0 0 0 0 0 0 0 0 
0 0 0 0 0 0 0 0 0 0 0 0 0 0 0 0 0 0 0 0 0 0 0 0 0 0 0 0 0 0 0 0 0 0 0 0 0 0 0 0 0 0 0 0 0 0 0 0 0 0 0 0 0 0 0 0 0 0 0 0 0 0 0 0 0 0 0 0 0 0 0 0 0 0 0 0 0 0 0 0 0 0 0 0 0 0 0 0 0 1 4 0 1 2 0 4 4 1 2 3 5 6 1 1 1 3 3 0 0 1 1 4 1 3 3 3 2 1 2 5 0 2 3 0 2 1 1 0 1 3 4 1 3 0 2 5 5 1 1 4 4 3 2 1 3 0 0 5 2 5 1 1 3 2 0 4 3 2 4 3 1 1 2 3 0 0 1 0 0 0 0 0 0 0 0 0 0 0 0 0 0 0 0 0 0 0 0 0 0 0 0 0 0 0 0 0 0 0 0 0 0 0 0 0 0 0 0 0 0 0 0 0 0 0 0 0 0 0 0 0 0 0 0 0 0 0 0 0 0 0 0 0 0 0 0 0 0 0 0 0 0 0 0 0 0 0 0 0 0 0 0 0 0 0 0 0 
0 0 0 0 0 0 0 0 0 0 0 0 0 0 0 0 0 0 0 0 0 0 0 0 0 0 0 0 0 0 0 0 0 0 0 0 0 0 0 0 0 0 0 0 0 0 0 0 0 0 0 0 0 0 0 0 0 0 0 0 0 0 0 0 0 0 0 0 0 0 0 0 0 0 0 0 0 0 0 0 0 0 0 0 0 0 0 1 1 0 0 2 1 0 1 0 1 1 2 1 4 2 3 4 3 1 1 5 4 3 3 1 4 0 4 6 2 3 4 1 5 2 0 2 4 6 2 5 5 3 7 2 4 6 3 2 1 2 3 3 3 4 0 1 2 4 2 4 3 7 5 3 3 1 1 6 5 3 5 4 1 0 0 1 2 1 1 0 0 0 0 0 0 0 0 0 0 0 0 0 0 0 0 0 0 0 0 0 0 0 0 0 0 0 0 0 0 0 0 0 0 0 0 0 0 0 0 0 0 0 0 0 0 0 0 0 0 0 0 0 0 0 0 0 0 0 0 0 0 0 0 0 0 0 0 0 0 0 0 0 0 0 0 0 0 0 0 0 0 0 0 0 0 0 0 0 
0 0 0 0 0 0 0 0 0 0 0 0 0 0 0 0 0 0 0 0 0 0 0 0 0 0 0 0 0 0 0 0 0 0 0 0 0 0 0 0 0 0 0 0 0 0 0 0 0 0 0 0 0 0 0 0 0 0 0 0 0 0 0 0 0 0 0 0 0 0 0 0 0 0 0 0 0 0 0 0 0 0 0 0 0 0 0 0 0 0 1 1 3 1 1 3 1 5 0 3 4 0 4 1 2 6 5 5 2 1 3 2 4 2 3 0 2 1 4 2 0 1 2 4 2 3 5 3 4 4 3 2 7 4 0 2 4 5 1 2 3 5 2 3 4 5 6 4 3 1 3 6 1 2 2 3 1 4 3 3 1 0 4 2 0 0 1 1 1 0 0 0 0 0 0 0 0 0 0 0 0 0 0 0 0 0 0 0 0 0 0 0 0 0 0 0 0 0 0 0 0 0 0 0 0 0 0 0 0 0 0 0 0 0 0 0 0 0 0 0 0 0 0 0 0 0 0 0 0 0 0 0 0 0 0 0 0 0 0 0 0 0 0 0 0 0 0 0 0 0 0 0 0 0 0 0 
0 0 0 0 0 0 0 0 0 0 0 0 0 0 0 0 0 0 0 0 0 0 0 0 0 0 0 0 0 0 0 0 0 0 0 0 0 0 0 0 0 0 0 0 0 0 0 0 0 0 0 0 0 0 0 0 0 0 0 0 0 0 0 0 0 0 0 0 0 0 0 0 0 0 0 0 0 0 0 0 0 0 0 0 0 0 0 0 3 0 0 1 0 3 1 2 2 2 5 3 3 3 0 1 3 4 5 0 5 2 2 2 3 2 3 3 2 1 1 2 2 2 0 4 3 4 9 2 0 1 4 2 1 3 0 4 3 6 4 5 3 3 3 1 1 3 4 3 0 0 2 4 2 2 0 3 4 0 2 4 0 3 2 0 2 0 1 0 0 0 0 0 0 0 0 0 0 0 0 0 0 0 0 0 0 0 0 0 0 0 0 0 0 0 0 0 0 0 0 0 0 0 0 0 0 0 0 0 0 0 0 0 0 0 0 0 0 0 0 0 0 0 0 0 0 0 0 0 0 0 0 0 0 0 0 0 0 0 0 0 0 0 0 0 0 0 0 0 0 0 0 0 0 0 0 0 
0 0 0 0 0 0 0 0 0 0 0 0 0 0 0 0 0 0 0 0 0 0 0 0 0 0 0 0 0 0 0 0 0 0 0 0 0 0 0 0 0 0 0 0 0 0 0 0 0 0 0 0 0 0 0 0 0 0 0 0 0 0 0 0 0 0 0 0 0 0 0 0 0 0 0 0 0 0 0 0 0 0 0 0 0 0 0 0 0 1 3 2 1 0 1 1 5 4 4 4 1 4 5 2 1 4 1 3 3 3 2 4 3 1 4 0 1 2 4 2 8 2 6 4 8 2 2 4 2 2 5 7 3 3 5 1 4 5 3 4 5 7 1 3 4 3 3 6 5 3 6 1 2 2 4 1 3 4 0 5 2 0 2 3 1 2 1 0 0 0 0 0 0 0 0 0 0 0 0 0 0 0 0 0 0 0 0 0 0 0 0 0 0 0 0 0 0 0 0 0 0 0 0 0 0 0 0 0 0 0 0 0 0 0 0 0 0 0 0 0 0 0 0 0 0 0 0 0 0 0 0 0 0 0 0 0 0 0 0 0 0 0 0 0 0 0 0 0 0 0 0 0 0 0 0 0 
0 0 0 0 0 0 0 0 0 0 0 0 0 0 0 0 0 0 0 0 0 0 0 0 0 0 0 0 0 0 0 0 0 0 0 0 0 0 0 0 0 0 0 0 0 0 0 0 0 0 0 0 0 0 0 0 0 0 0 0 0 0 0 0 0 0 0 0 0 0 0 0 0 0 0 0 0 0 0 0 0 0 0 0 0 0 0 1 1 0 0 1 3 4 2 2 5 1 3 2 1 3 3 1 2 6 3 2 4 1 1 2 5 0 2 4 5 1 5 0 0 9 5 4 2 5 6 2 3 6 2 5 6 1 3 0 1 4 3 2 4 2 2 6 4 2 5 1 1 0 5 2 1 5 0 5 0 1 6 4 1 1 3 2 1 2 3 0 0 0 0 0 0 0 0 0 0 0 0 0 0 0 0 0 0 0 0 0 0 0 0 0 0 0 0 0 0 0 0 0 0 0 0 0 0 0 0 0 0 0 0 0 0 0 0 0 0 0 0 0 0 0 0 0 0 0 0 0 0 0 0 0 0 0 0 0 0 0 0 0 0 0 0 0 0 0 0 0 0 0 0 0 0 0 0 0 
0 0 0 0 0 0 0 0 0 0 0 0 0 0 0 0 0 0 0 0 0 0 0 0 0 0 0 0 0 0 0 0 0 0 0 0 0 0 0 0 0 0 0 0 0 0 0 0 0 0 0 0 0 0 0 0 0 0 0 0 0 0 0 0 0 0 0 0 0 0 0 0 0 0 0 0 0 0 0 0 0 0 0 0 0 0 0 0 0 0 0 0 1 1 0 2 1 2 3 3 1 3 5 2 0 1 2 6 2 4 7 3 0 3 4 4 7 6 2 1 2 4 0 4 4 3 4 5 1 0 0 5 1 6 4 3 0 1 2 5 2 5 2 3 3 4 1 3 0 1 1 0 2 2 1 1 1 1 4 1 2 2 2 1 1 1 0 0 0 0 0 0 0 0 0 0 0 0 0 0 0 0 0 0 0 0 0 0 0 0 0 0 0 0 0 0 0 0 0 0 0 0 0 0 0 0 0 0 0 0 0 0 0 0 0 0 0 0 0 0 0 0 0 0 0 0 0 0 0 0 0 0 0 0 0 0 0 0 0 0 0 0 0 0 0 0 0 0 0 0 0 0 0 0 0 0 
0 0 0 0 0 0 0 0 0 0 0 0 0 0 0 0 0 0 0 0 0 0 0 0 0 0 0 0 0 0 0 0 0 0 0 0 0 0 0 0 0 0 0 0 0 0 0 0 0 0 0 0 0 0 0 0 0 0 0 0 0 0 0 0 0 0 0 0 0 0 0 0 0 0 0 0 0 0 0 0 0 0 0 0 0 0 0 0 0 1 0 2 1 2 4 3 2 1 2 4 4 4 4 2 2 4 3 1 0 1 2 1 4 7 3 3 1 5 5 2 1 3 3 4 2 2 5 2 4 2 4 5 7 6 2 4 3 1 3 3 3 1 2 2 3 3 4 3 4 0 2 3 2 4 1 1 2 2 1 5 3 6 2 1 0 0 2 1 0 0 0 0 0 0 0 0 0 0 0 0 0 0 0 0 0 0 0 0 0 0 0 0 0 0 0 0 0 0 0 0 0 0 0 0 0 0 0 0 0 0 0 0 0 0 0 0 0 0 0 0 0 0 0 0 0 0 0 0 0 0 0 0 0 0 0 0 0 0 0 0 0 0 0 0 0 0 0 0 0 0 0 0 0 0 0 0 
0 0 0 0 0 0 0 0 0 0 0 0 0 0 0 0 0 0 0 0 0 0 0 0 0 0 0 0 0 0 0 0 0 0 0 0 0 0 0 0 0 0 0 0 0 0 0 0 0 0 0 0 0 0 0 0 0 0 0 0 0 0 0 0 0 0 0 0 0 0 0 0 0 0 0 0 0 0 0 0 0 0 0 0 0 0 0 0 0 0 2 3 2 0 1 1 4 3 1 5 2 2 2 1 3 3 2 3 1 3 4 3 6 1 4 4 1 2 2 1 7 3 4 3 2 3 3 7 3 5 6 4 2 5 2 4 2 2 3 5 2 4 4 4 1 1 2 1 5 0 2 3 1 1 3 2 4 3 0 2 1 0 5 1 1 2 0 2 0 0 0 0 0 0 0 0 0 0 0 0 0 0 0 0 0 0 0 0 0 0 0 0 0 0 0 0 0 0 0 0 0 0 0 0 0 0 0 0 0 0 0 0 0 0 0 0 0 0 0 0 0 0 0 0 0 0 0 0 0 0 0 0 0 0 0 0 0 0 0 0 0 0 0 0 0 0 0 0 0 0 0 0 0 0 0 0 
0 0 0 0 0 0 0 0 0 0 0 0 0 0 0 0 0 0 0 0 0 0 0 0 0 0 0 0 0 0 0 0 0 0 0 0 0 0 0 0 0 0 0 0 0 0 0 0 0 0 0 0 0 0 0 0 0 0 0 0 0 0 0 0 0 0 0 0 0 0 0 0 0 0 0 0 0 0 0 0 0 0 0 0 0 0 0 0 0 0 1 2 2 0 1 2 1 4 4 2 6 0 2 2 6 2 1 0 2 2 3 1 0 0 2 3 4 1 2 5 1 1 3 1 3 2 3 1 3 3 2 0 1 2 2 4 5 5 5 0 2 4 2 3 5 1 2 3 4 1 3 1 6 5 2 3 2 1 2 2 1 3 5 1 2 1 1 2 0 0 0 0 0 0 0 0 0 0 0 0 0 0 0 0 0 0 0 0 0 0 0 0 0 0 0 0 0 0 0 0 0 0 0 0 0 0 0 0 0 0 0 0 0 0 0 0 0 0 0 0 0 0 0 0 0 0 0 0 0 0 0 0 0 0 0 0 0 0 0 0 0 0 0 0 0 0 0 0 0 0 0 0 0 0 0 0 
0 0 0 0 0 0 0 0 0 0 0 0 0 0 0 0 0 0 0 0 0 0 0 0 0 0 0 0 0 0 0 0 0 0 0 0 0 0 0 0 0 0 0 0 0 0 0 0 0 0 0 0 0 0 0 0 0 0 0 0 0 0 0 0 0 0 0 0 0 0 0 0 0 0 0 0 0 0 0 0 0 0 0 0 0 0 0 1 0 0 0 1 2 2 2 3 2 2 3 2 2 2 1 2 0 4 1 2 2 3 6 1 1 3 6 3 2 3 3 0 1 2 3 2 2 1 4 7 2 2 1 1 3 4 1 4 2 2 2 4 2 1 1 3 3 2 2 1 4 3 2 2 1 3 2 0 3 2 3 2 1 0 0 3 1 1 0 0 0 0 0 0 0 0 0 0 0 0 0 0 0 0 0 0 0 0 0 0 0 0 0 0 0 0 0 0 0 0 0 0 0 0 0 0 0 0 0 0 0 0 0 0 0 0 0 0 0 0 0 0 0 0 0 0 0 0 0 0 0 0 0 0 0 0 0 0 0 0 0 0 0 0 0 0 0 0 0 0 0 0 0 0 0 0 0 0 
0 0 0 0 0 0 0 0 0 0 0 0 0 0 0 0 0 0 0 0 0 0 0 0 0 0 0 0 0 0 0 0 0 0 0 0 0 0 0 0 0 0 0 0 0 0 0 0 0 0 0 0 0 0 0 0 0 0 0 0 0 0 0 0 0 0 0 0 0 0 0 0 0 0 0 0 0 0 0 0 0 0 0 0 0 0 0 0 0 0 0 2 2 0 1 1 3 3 4 5 3 3 1 2 0 0 0 5 1 2 4 2 2 2 1 2 2 1 2 3 2 3 1 2 0 5 0 1 5 2 1 0 0 3 2 4 3 0 4 1 0 2 3 3 4 1 0 0 2 4 0 2 1 1 3 1 3 0 3 0 2 3 2 0 1 1 0 0 0 0 0 0 0 0 0 0 0 0 0 0 0 0 0 0 0 0 0 0 0 0 0 0 0 0 0 0 0 0 0 0 0 0 0 0 0 0 0 0 0 0 0 0 0 0 0 0 0 0 0 0 0 0 0 0 0 0 0 0 0 0 0 0 0 0 0 0 0 0 0 0 0 0 0 0 0 0 0 0 0 0 0 0 0 0 0 0 
0 0 0 0 0 0 0 0 0 0 0 0 0 0 0 0 0 0 0 0 0 0 0 0 0 0 0 0 0 0 0 0 0 0 0 0 0 0 0 0 0 0 0 0 0 0 0 0 0 0 0 0 0 0 0 0 0 0 0 0 0 0 0 0 0 0 0 0 0 0 0 0 0 0 0 0 0 0 0 0 0 0 0 0 0 0 0 0 0 0 0 1 3 2 0 2 1 0 4 2 3 1 2 2 0 1 0 0 1 0 3 2 2 5 3 1 0 1 1 2 3 4 1 2 0 1 1 3 4 1 1 0 1 2 3 2 1 0 1 3 1 3 1 0 3 0 2 2 1 1 3 1 2 1 0 0 2 0 4 2 1 2 2 2 1 0 0 0 0 0 0 0 0 0 0 0 0 0 0 0 0 0 0 0 0 0 0 0 0 0 0 0 0 0 0 0 0 0 0 0 0 0 0 0 0 0 0 0 0 0 0 0 0 0 0 0 0 0 0 0 0 0 0 0 0 0 0 0 0 0 0 0 0 0 0 0 0 0 0 0 0 0 0 0 0 0 0 0 0 0 0 0 0 0 0 0 
0 0 0 0 0 0 0 0 0 0 0 0 0 0 0 0 0 0 0 0 0 0 0 0 0 0 0 0 0 0 0 0 0 0 0 0 0 0 0 0 0 0 0 0 0 0 0 0 0 0 0 0 0 0 0 0 0 0 0 0 0 0 0 0 0 0 0 0 0 0 0 0 0 0 0 0 0 0 0 0 0 0 0 0 0 0 0 0 1 0 0 1 0 1 1 1 1 1 3 1 0 1 0 2 2 2 2 1 0 1 3 1 3 1 0 1 0 2 2 2 2 0 1 0 1 0 3 2 1 0 0 0 2 3 2 4 2 3 1 3 0 1 1 0 1 2 2 1 1 3 1 1 0 0 2 1 3 0 0 1 1 1 1 1 0 0 0 0 0 0 0 0 0 0 0 0 0 0 0 0 0 0 0 0 0 0 0 0 0 0 0 0 0 0 0 0 0 0 0 0 0 0 0 0 0 0 0 0 0 0 0 0 0 0 0 0 0 0 0 0 0 0 0 0 0 0 0 0 0 0 0 0 0 0 0 0 0 0 0 0 0 0 0 0 0 0 0 0 0 0 0 0 0 0 0 0 
0 0 0 0 0 0 0 0 0 0 0 0 0 0 0 0 0 0 0 0 0 0 0 0 0 0 0 0 0 0 0 0 0 0 0 0 0 0 0 0 0 0 0 0 0 0 0 0 0 0 0 0 0 0 0 0 0 0 0 0 0 0 0 0 0 0 0 0 0 0 0 0 0 0 0 0 0 0 0 0 0 0 0 0 0 0 0 0 0 0 0 0 1 0 0 1 1 1 0 2 2 1 0 3 1 4 2 2 1 2 0 1 1 0 1 0 2 2 2 1 1 1 1 3 3 0 1 2 2 1 0 0 1 0 2 0 1 1 3 1 1 1 0 1 3 0 0 2 2 4 1 1 2 1 3 0 0 2 1 1 1 0 0 1 0 1 0 0 0 0 0 0 0 0 0 0 0 0 0 0 0 0 0 0 0 0 0 0 0 0 0 0 0 0 0 0 0 0 0 0 0 0 0 0 0 0 0 0 0 0 0 0 0 0 0 0 0 0 0 0 0 0 0 0 0 0 0 0 0 0 0 0 0 0 0 0 0 0 0 0 0 0 0 0 0 0 0 0 0 0 0 0 0 0 0 0 
0 0 0 0 0 0 0 0 0 0 0 0 0 0 0 0 0 0 0 0 0 0 0 0 0 0 0 0 0 0 0 0 0 0 0 0 0 0 0 0 0 0 0 0 0 0 0 0 0 0 0 0 0 0 0 0 0 0 0 0 0 0 0 0 0 0 0 0 0 0 0 0 0 0 0 0 0 0 0 0 0 0 0 0 0 0 0 0 0 0 0 1 2 0 0 0 1 2 0 1 1 3 3 2 1 1 0 1 1 1 1 0 0 2 3 2 0 1 1 0 2 0 0 1 0 1 4 0 1 1 1 0 1 1 4 1 1 2 1 1 1 0 1 1 1 0 1 2 1 1 1 1 0 1 1 0 2 0 1 1 0 2 2 0 0 0 2 0 0 0 0 0 0 0 0 0 0 0 0 0 0 0 0 0 0 0 0 0 0 0 0 0 0 0 0 0 0 0 0 0 0 0 0 0 0 0 0 0 0 0 0 0 0 0 0 0 0 0 0 0 0 0 0 0 0 0 0 0 0 0 0 0 0 0 0 0 0 0 0 0 0 0 0 0 0 0 0 0 0 0 0 0 0 0 0 0 
0 0 0 0 0 0 0 0 0 0 0 0 0 0 0 0 0 0 0 0 0 0 0 0 0 0 0 0 0 0 0 0 0 0 0 0 0 0 0 0 0 0 0 0 0 0 0 0 0 0 0 0 0 0 0 0 0 0 0 0 0 0 0 0 0 0 0 0 0 0 0 0 0 0 0 0 0 0 0 0 0 0 0 0 0 0 0 0 0 0 1 0 0 1 1 0 0 1 1 0 4 0 4 1 2 1 3 1 2 3 0 0 1 0 0 3 2 1 2 1 4 0 2 2 0 1 1 0 0 0 1 1 4 0 1 0 1 2 0 1 2 2 0 0 1 0 1 2 3 1 3 4 0 1 3 0 0 0 0 2 2 0 0 1 1 1 0 0 0 0 0 0 0 0 0 0 0 0 0 0 0 0 0 0 0 0 0 0 0 0 0 0 0 0 0 0 0 0 0 0 0 0 0 0 0 0 0 0 0 0 0 0 0 0 0 0 0 0 0 0 0 0 0 0 0 0 0 0 0 0 0 0 0 0 0 0 0 0 0 0 0 0 0 0 0 0 0 0 0 0 0 0 0 0 0 0 
0 0 0 0 0 0 0 0 0 0 0 0 0 0 0 0 0 0 0 0 0 0 0 0 0 0 0 0 0 0 0 0 0 0 0 0 0 0 0 0 0 0 0 0 0 0 0 0 0 0 0 0 0 0 0 0 0 0 0 0 0 0 0 0 0 0 0 0 0 0 0 0 0 0 0 0 0 0 0 0 0 0 0 0 0 0 0 0 0 0 0 0 0 2 0 0 1 0 2 3 3 3 2 1 2 1 0 2 1 1 0 1 1 0 2 1 4 1 0 2 1 2 1 2 2 2 2 2 3 2 1 1 0 1 1 1 0 0 1 3 1 1 1 3 1 1 2 2 3 0 2 4 1 3 1 2 0 0 0 1 1 0 0 1 0 0 0 0 0 0 0 0 0 0 0 0 0 0 0 0 0 0 0 0 0 0 0 0 0 0 0 0 0 0 0 0 0 0 0 0 0 0 0 0 0 0 0 0 0 0 0 0 0 0 0 0 0 0 0 0 0 0 0 0 0 0 0 0 0 0 0 0 0 0 0 0 0 0 0 0 0 0 0 0 0 0 0 0 0 0 0 0 0 0 0 0 
0 0 0 0 0 0 0 0 0 0 0 0 0 0 0 0 0 0 0 0 0 0 0 0 0 0 0 0 0 0 0 0 0 0 0 0 0 0 0 0 0 0 0 0 0 0 0 0 0 0 0 0 0 0 0 0 0 0 0 0 0 0 0 0 0 0 0 0 0 0 0 0 0 0 0 0 0 0 0 0 0 0 0 0 0 0 0 0 0 1 2 1 0 2 3 3 2 1 3 1 2 0 0 0 2 1 0 1 1 1 3 1 5 1 2 2 3 1 2 2 1 0 2 3 0 0 2 3 2 1 2 0 2 2 3 0 0 0 3 3 0 1 0 0 1 0 1 0 1 1 0 0 0 2 1 2 0 1 2 0 1 1 2 1 1 0 0 2 0 0 0 0 0 0 0 0 0 0 0 0 0 0 0 0 0 0 0 0 0 0 0 0 0 0 0 0 0 0 0 0 0 0 0 0 0 0 0 0 0 0 0 0 0 0 0 0 0 0 0 0 0 0 0 0 0 0 0 0 0 0 0 0 0 0 0 0 0 0 0 0 0 0 0 0 0 0 0 0 0 0 0 0 0 0 0 0 
0 0 0 0 0 0 0 0 0 0 0 0 0 0 0 0 0 0 0 0 0 0 0 0 0 0 0 0 0 0 0 0 0 0 0 0 0 0 0 0 0 0 0 0 0 0 0 0 0 0 0 0 0 0 0 0 0 0 0 0 0 0 0 0 0 0 0 0 0 0 0 0 0 0 0 0 0 0 0 0 0 0 0 0 0 0 0 0 0 0 2 0 1 1 0 1 2 2 0 2 1 0 1 0 1 1 0 1 1 0 2 0 2 1 0 1 1 2 0 1 1 1 0 2 0 2 2 1 1 0 0 3 1 2 1 2 0 1 2 2 4 1 3 2 4 2 2 5 2 1 1 1 1 0 1 1 5 1 3 2 0 2 1 0 3 0 1 0 0 0 0 0 0 0 0 0 0 0 0 0 0 0 0 0 0 0 0 0 0 0 0 0 0 0 0 0 0 0 0 0 0 0 0 0 0 0 0 0 0 0 0 0 0 0 0 0 0 0 0 0 0 0 0 0 0 0 0 0 0 0 0 0 0 0 0 0 0 0 0 0 0 0 0 0 0 0 0 0 0 0 0 0 0 0 0 0 
0 0 0 0 0 0 0 0 0 0 0 0 0 0 0 0 0 0 0 0 0 0 0 0 0 0 0 0 0 0 0 0 0 0 0 0 0 0 0 0 0 0 0 0 0 0 0 0 0 0 0 0 0 0 0 0 0 0 0 0 0 0 0 0 0 0 0 0 0 0 0 0 0 0 0 0 0 0 0 0 0 0 0 0 0 0 0 0 0 0 0 0 0 0 0 1 1 1 2 1 1 0 0 1 1 1 2 0 1 1 0 0 2 1 0 1 2 0 2 0 2 1 2 0 0 0 1 0 0 1 1 1 1 1 3 1 2 1 3 1 2 1 1 0 1 0 0 1 1 1 0 0 0 1 1 0 1 2 1 0 1 1 1 1 0 0 0 0 0 0 0 0 0 0 0 0 0 0 0 0 0 0 0 0 0 0 0 0 0 0 0 0 0 0 0 0 0 0 0 0 0 0 0 0 0 0 0 0 0 0 0 0 0 0 0 0 0 0 0 0 0 0 0 0 0 0 0 0 0 0 0 0 0 0 0 0 0 0 0 0 0 0 0 0 0 0 0 0 0 0 0 0 0 0 0 0 
0 0 0 0 0 0 0 0 0 0 0 0 0 0 0 0 0 0 0 0 0 0 0 0 0 0 0 0 0 0 0 0 0 0 0 0 0 0 0 0 0 0 0 0 0 0 0 0 0 0 0 0 0 0 0 0 0 0 0 0 0 0 0 0 0 0 0 0 0 0 0 0 0 0 0 0 0 0 0 0 0 0 0 0 0 0 0 0 0 0 0 0 0 1 1 0 0 0 0 2 1 0 0 0 1 0 1 0 1 0 1 1 0 0 2 0 0 0 0 1 2 0 1 2 0 0 0 0 1 0 0 1 1 0 1 1 1 2 1 1 1 1 0 0 1 0 2 0 1 1 0 1 1 0 0 0 1 0 1 0 0 0 0 0 2 0 0 0 0 0 0 0 0 0 0 0 0 0 0 0 0 0 0 0 0 0 0 0 0 0 0 0 0 0 0 0 0 0 0 0 0 0 0 0 0 0 0 0 0 0 0 0 0 0 0 0 0 0 0 0 0 0 0 0 0 0 0 0 0 0 0 0 0 0 0 0 0 0 0 0 0 0 0 0 0 0 0 0 0 0 0 0 0 0 0 0 
0 0 0 0 0 0 0 0 0 0 0 0 0 0 0 0 0 0 0 0 0 0 0 0 0 0 0 0 0 0 0 0 0 0 0 0 0 0 0 0 0 0 0 0 0 0 0 0 0 0 0 0 0 0 0 0 0 0 0 0 0 0 0 0 0 0 0 0 0 0 0 0 0 0 0 0 0 0 0 0 0 0 0 0 0 0 0 0 1 0 1 0 0 0 2 0 0 0 0 1 0 0 1 0 1 0 1 0 0 1 0 0 0 1 0 0 0 0 0 0 0 0 0 1 0 1 0 0 0 0 0 0 0 0 0 0 0 0 0 1 1 0 0 0 0 0 0 2 0 0 0 1 0 1 0 0 0 0 0 0 1 0 1 0 0 0 0 0 0 0 0 0 0 0 0 0 0 0 0 0 0 0 0 0 0 0 0 0 0 0 0 0 0 0 0 0 0 0 0 0 0 0 0 0 0 0 0 0 0 0 0 0 0 0 0 0 0 0 0 0 0 0 0 0 0 0 0 0 0 0 0 0 0 0 0 0 0 0 0 0 0 0 0 0 0 0 0 0 0 0 0 0 0 0 0 0 
0 0 0 0 0 0 0 0 0 0 0 0 0 0 0 0 0 0 0 0 0 0 0 0 0 0 0 0 0 0 0 0 0 0 0 0 0 0 0 0 0 0 0 0 0 0 0 0 0 0 0 0 0 0 0 0 0 0 0 0 0 0 0 0 0 0 0 0 0 0 0 0 0 0 0 0 0 0 0 0 0 0 0 0 0 0 0 0 0 0 0 0 0 0 0 0 0 0 0 0 0 0 0 0 0 0 0 0 0 0 0 0 0 0 0 0 0 0 0 0 0 0 0 0 0 0 0 0 0 0 0 0 0 0 0 0 0 0 0 0 0 0 0 0 0 0 0 0 0 0 0 0 0 0 0 0 1 0 0 0 0 0 0 0 0 0 0 0 0 0 0 0 0 0 0 0 0 0 0 0 0 0 0 0 0 0 0 0 0 0 0 0 0 0 0 0 0 0 0 0 0 0 0 0 0 0 0 0 0 0 0 0 0 0 0 0 0 0 0 0 0 0 0 0 0 0 0 0 0 0 0 0 0 0 0 0 0 0 0 0 0 0 0 0 0 0 0 0 0 0 0 0 0 0 0 0 
0 0 0 0 0 0 0 0 0 0 0 0 0 0 0 0 0 0 0 0 0 0 0 0 0 0 0 0 0 0 0 0 0 0 0 0 0 0 0 0 0 0 0 0 0 0 0 0 0 0 0 0 0 0 0 0 0 0 0 0 0 0 0 0 0 0 0 0 0 0 0 0 0 0 0 0 0 0 0 0 0 0 0 0 0 0 0 0 0 0 0 0 0 0 0 0 0 0 0 0 0 0 0 0 0 0 0 0 0 0 0 0 0 0 0 0 0 0 0 0 0 0 0 0 0 0 0 0 0 0 0 0 0 0 0 0 0 0 0 0 0 0 0 0 0 0 0 0 0 0 0 0 0 0 0 0 0 0 0 0 0 0 0 0 0 0 0 0 0 0 0 0 0 0 0 0 0 0 0 0 0 0 0 0 0 0 0 0 0 0 0 0 0 0 0 0 0 0 0 0 0 0 0 0 0 0 0 0 0 0 0 0 0 0 0 0 0 0 0 0 0 0 0 0 0 0 0 0 0 0 0 0 0 0 0 0 0 0 0 0 0 0 0 0 0 0 0 0 0 0 0 0 0 0 0 0 
0 0 0 0 0 0 0 0 0 0 0 0 0 0 0 0 0 0 0 0 0 0 0 0 0 0 0 0 0 0 0 0 0 0 0 0 0 0 0 0 0 0 0 0 0 0 0 0 0 0 0 0 0 0 0 0 0 0 0 0 0 0 0 0 0 0 0 0 0 0 0 0 0 0 0 0 0 0 0 0 0 0 0 0 0 0 0 0 0 0 0 0 0 0 0 0 0 0 0 0 0 0 0 0 0 0 0 0 0 0 0 0 0 0 0 0 0 0 0 0 0 0 0 0 0 0 0 0 0 0 0 0 0 0 0 0 0 0 0 0 0 0 0 0 0 0 0 0 0 0 0 0 0 0 0 0 0 0 0 0 0 0 0 0 0 0 0 0 0 0 0 0 0 0 0 0 0 0 0 0 0 0 0 0 0 0 0 0 0 0 0 0 0 0 0 0 0 0 0 0 0 0 0 0 0 0 0 0 0 0 0 0 0 0 0 0 0 0 0 0 0 0 0 0 0 0 0 0 0 0 0 0 0 0 0 0 0 0 0 0 0 0 0 0 0 0 0 0 0 0 0 0 0 0 0 0 
0 0 0 0 0 0 0 0 0 0 0 0 0 0 0 0 0 0 0 0 0 0 0 0 0 0 0 0 0 0 0 0 0 0 0 0 0 0 0 0 0 0 0 0 0 0 0 0 0 0 0 0 0 0 0 0 0 0 0 0 0 0 0 0 0 0 0 0 0 0 0 0 0 0 0 0 0 0 0 0 0 0 0 0 0 0 0 0 0 0 0 0 0 0 0 0 0 0 0 0 0 0 0 0 0 0 0 0 0 0 0 0 0 0 0 0 0 0 0 0 0 0 0 0 0 0 0 0 0 0 0 0 0 0 0 0 0 0 0 0 0 0 0 0 0 0 0 0 0 0 0 0 0 0 0 0 0 0 0 0 0 0 0 0 0 0 0 0 0 0 0 0 0 0 0 0 0 0 0 0 0 0 0 0 0 0 0 0 0 0 0 0 0 0 0 0 0 0 0 0 0 0 0 0 0 0 0 0 0 0 0 0 0 0 0 0 0 0 0 0 0 0 0 0 0 0 0 0 0 0 0 0 0 0 0 0 0 0 0 0 0 0 0 0 0 0 0 0 0 0 0 0 0 0 0 0 
0 0 0 0 0 0 0 0 0 0 0 0 0 0 0 0 0 0 0 0 0 0 0 0 0 0 0 0 0 0 0 0 0 0 0 0 0 0 0 0 0 0 0 0 0 0 0 0 0 0 0 0 0 0 0 0 0 0 0 0 0 0 0 0 0 0 0 0 0 0 0 0 0 0 0 0 0 0 0 0 0 0 0 0 0 0 0 0 0 0 0 0 0 1 0 0 0 0 0 0 0 0 0 0 0 0 0 0 0 0 0 0 0 0 0 0 0 0 0 0 1 0 0 0 0 0 0 1 0 0 0 0 0 0 0 0 0 0 0 0 0 0 0 0 0 0 0 0 0 1 1 0 0 0 0 0 0 0 0 0 0 0 0 0 0 0 0 0 0 0 0 0 0 0 0 0 0 0 0 0 0 0 0 0 0 0 0 0 0 0 0 0 0 0 0 0 0 0 0 0 0 0 0 0 0 0 0 0 0 0 0 0 0 0 0 0 0 0 0 0 0 0 0 0 0 0 0 0 0 0 0 0 0 0 0 0 0 0 0 0 0 0 0 0 0 0 0 0 0 0 0 0 0 0 0 0 
0 0 0 0 0 0 0 0 0 0 0 0 0 0 0 0 0 0 0 0 0 0 0 0 0 0 0 0 0 0 0 0 0 0 0 0 0 0 0 0 0 0 0 0 0 0 0 0 0 0 0 0 0 0 0 0 0 0 0 0 0 0 0 0 0 0 0 0 0 0 0 0 0 0 0 0 0 0 0 0 0 0 0 0 0 0 0 0 0 0 0 0 0 0 0 0 1 0 0 0 0 0 0 0 0 0 0 0 0 0 0 0 0 0 0 0 0 0 0 1 0 0 0 0 0 0 0 0 0 0 0 0 0 1 0 0 0 0 0 0 0 0 0 0 0 0 0 0 0 0 0 0 0 0 0 0 0 0 1 0 1 1 0 0 0 0 0 0 0 0 0 0 0 0 0 0 0 0 0 0 0 0 0 0 0 0 0 0 0 0 0 0 0 0 0 0 0 0 0 0 0 0 0 0 0 0 0 0 0 0 0 0 0 0 0 0 0 0 0 0 0 0 0 0 0 0 0 0 0 0 0 0 0 0 0 0 0 0 0 0 0 0 0 0 0 0 0 0 0 0 0 0 0 0 0 0 
0 0 0 0 0 0 0 0 0 0 0 0 0 0 0 0 0 0 0 0 0 0 0 0 0 0 0 0 0 0 0 0 0 0 0 0 0 0 0 0 0 0 0 0 0 0 0 0 0 0 0 0 0 0 0 0 0 0 0 0 0 0 0 0 0 0 0 0 0 0 0 0 0 0 0 0 0 0 0 0 0 0 0 0 0 0 0 0 0 0 0 0 0 0 0 0 1 0 0 0 0 0 0 0 0 0 0 0 0 0 1 0 0 0 0 0 1 0 0 0 0 0 0 0 0 0 0 0 0 0 0 0 0 0 0 0 0 0 0 0 0 0 0 0 0 0 0 0 1 0 0 0 0 0 0 0 0 0 0 0 0 0 0 0 0 0 0 0 0 0 0 0 0 0 0 0 0 0 0 0 0 0 0 0 0 0 0 0 0 0 0 0 0 0 0 0 0 0 0 0 0 0 0 0 0 0 0 0 0 0 0 0 0 0 0 0 0 0 0 0 0 0 0 0 0 0 0 0 0 0 0 0 0 0 0 0 0 0 0 0 0 0 0 0 0 0 0 0 0 0 0 0 0 0 0 0 
0 0 0 0 0 0 0 0 0 0 0 0 0 0 0 0 0 0 0 0 0 0 0 0 0 0 0 0 0 0 0 0 0 0 0 0 0 0 0 0 0 0 0 0 0 0 0 0 0 0 0 0 0 0 0 0 0 0 0 0 0 0 0 0 0 0 0 0 0 0 0 0 0 0 0 0 0 0 0 0 0 0 0 0 0 0 0 0 0 0 0 0 1 0 0 0 0 0 0 0 0 0 0 0 0 0 0 0 0 0 0 0 0 0 0 0 0 0 0 0 0 0 0 0 0 0 1 0 0 0 0 0 0 0 0 0 0 0 0 0 0 0 0 0 0 0 0 0 0 0 0 0 0 0 0 0 0 0 0 0 0 1 0 0 0 0 0 0 0 0 0 0 0 0 0 0 0 0 0 0 0 0 0 0 0 0 0 0 0 0 0 0 0 0 0 0 0 0 0 0 0 0 0 0 0 0 0 0 0 0 0 0 0 0 0 0 0 0 0 0 0 0 0 0 0 0 0 0 0 0 0 0 0 0 0 0 0 0 0 0 0 0 0 0 0 0 0 0 0 0 0 0 0 0 0 0 
0 0 0 0 0 0 0 0 0 0 0 0 0 0 0 0 0 0 0 0 0 0 0 0 0 0 0 0 0 0 0 0 0 0 0 0 0 0 0 0 0 0 0 0 0 0 0 0 0 0 0 0 0 0 0 0 0 0 0 0 0 0 0 0 0 0 0 0 0 0 0 0 0 0 0 0 0 0 0 0 0 0 0 0 0 0 0 0 0 0 0 0 0 0 0 0 0 0 0 0 0 0 1 0 0 0 0 0 0 0 0 0 0 0 0 0 2 0 0 0 0 0 0 0 0 0 0 0 0 0 0 0 0 0 0 0 0 0 0 0 0 0 0 0 0 1 0 0 0 0 0 0 0 0 0 0 0 0 0 0 0 0 0 1 0 0 0 0 0 0 0 0 0 0 0 0 0 0 0 0 0 0 0 0 0 0 0 0 0 0 0 0 0 0 0 0 0 0 0 0 0 0 0 0 0 0 0 0 0 0 0 0 0 0 0 0 0 0 0 0 0 0 0 0 0 0 0 0 0 0 0 0 0 0 0 0 0 0 0 0 0 0 0 0 0 0 0 0 0 0 0 0 0 0 0 0 
0 0 0 0 0 0 0 0 0 0 0 0 0 0 0 0 0 0 0 0 0 0 0 0 0 0 0 0 0 0 0 0 0 0 0 0 0 0 0 0 0 0 0 0 0 0 0 0 0 0 0 0 0 0 0 0 0 0 0 0 0 0 0 0 0 0 0 0 0 0 0 0 0 0 0 0 0 0 0 0 0 0 0 0 0 0 0 0 0 0 0 0 0 0 0 0 1 0 0 0 0 0 1 0 0 0 0 0 0 0 0 0 0 1 0 0 0 0 0 0 0 1 0 0 0 0 1 0 0 0 0 0 1 0 1 0 0 0 0 0 0 0 0 0 0 0 0 0 0 0 0 0 0 0 0 0 0 0 0 0 0 0 1 0 0 0 0 0 0 0 0 0 0 0 0 0 0 0 0 0 0 0 0 0 0 0 0 0 0 0 0 0 0 0 0 0 0 0 0 0 0 0 0 0 0 0 0 0 0 0 0 0 0 0 0 0 0 0 0 0 0 0 0 0 0 0 0 0 0 0 0 0 0 0 0 0 0 0 0 0 0 0 0 0 0 0 0 0 0 0 0 0 0 0 0 0 
0 0 0 0 0 0 0 0 0 0 0 0 0 0 0 0 0 0 0 0 0 0 0 0 0 0 0 0 0 0 0 0 0 0 0 0 0 0 0 0 0 0 0 0 0 0 0 0 0 0 0 0 0 0 0 0 0 0 0 0 0 0 0 0 0 0 0 0 0 0 0 0 0 0 0 0 0 0 0 0 0 0 0 0 0 0 0 0 0 0 0 0 0 0 0 0 1 0 0 0 0 1 0 1 0 1 0 0 1 1 1 0 0 0 0 1 1 0 0 1 0 0 0 0 0 0 0 0 0 0 1 0 0 0 0 0 1 0 0 0 0 0 1 0 0 0 0 0 0 0 1 0 0 0 0 0 0 0 0 0 0 0 0 0 0 0 0 0 0 0 0 0 0 0 0 0 0 0 0 0 0 0 0 0 0 0 0 0 0 0 0 0 0 0 0 0 0 0 0 0 0 0 0 0 0 0 0 0 0 0 0 0 0 0 0 0 0 0 0 0 0 0 0 0 0 0 0 0 0 0 0 0 0 0 0 0 0 0 0 0 0 0 0 0 0 0 0 0 0 0 0 0 0 0 0 0 
0 0 0 0 0 0 0 0 0 0 0 0 0 0 0 0 0 0 0 0 0 0 0 0 0 0 0 0 0 0 0 0 0 0 0 0 0 0 0 0 0 0 0 0 0 0 0 0 0 0 0 0 0 0 0 0 0 0 0 0 0 0 0 0 0 0 0 0 0 0 0 0 0 0 0 0 0 0 0 0 0 0 0 0 0 0 0 0 0 0 0 0 0 0 1 0 1 0 0 1 0 1 0 0 0 0 0 0 0 0 0 0 0 0 1 0 0 0 0 0 1 1 0 0 0 0 1 0 1 0 0 0 0 0 0 0 0 0 1 0 0 0 0 0 0 1 1 0 0 1 0 1 0 1 0 0 0 0 0 0 0 0 0 0 0 0 0 0 0 0 0 0 0 0 0 0 0 0 0 0 0 0 0 0 0 0 0 0 0 0 0 0 0 0 0 0 0 0 0 0 0 0 0 0 0 0 0 0 0 0 0 0 0 0 0 0 0 0 0 0 0 0 0 0 0 0 0 0 0 0 0 0 0 0 0 0 0 0 0 0 0 0 0 0 0 0 0 0 0 0 0 0 0 0 0 0 
0 0 0 0 0 0 0 0 0 0 0 0 0 0 0 0 0 0 0 0 0 0 0 0 0 0 0 0 0 0 0 0 0 0 0 0 0 0 0 0 0 0 0 0 0 0 0 0 0 0 0 0 0 0 0 0 0 0 0 0 0 0 0 0 0 0 0 0 0 0 0 0 0 0 0 0 0 0 0 0 0 0 0 0 0 0 0 0 0 0 0 0 0 0 0 0 0 0 0 2 0 0 0 0 0 0 0 0 1 1 2 0 0 1 1 0 0 0 1 0 2 0 1 1 0 0 0 0 0 2 1 0 0 0 0 0 2 1 0 0 0 0 0 0 0 0 0 0 1 0 0 0 0 1 0 1 0 0 1 0 0 0 0 0 0 0 0 0 0 0 0 0 0 0 0 0 0 0 0 0 0 0 0 0 0 0 0 0 0 0 0 0 0 0 0 0 0 0 0 0 0 0 0 0 0 0 0 0 0 0 0 0 0 0 0 0 0 0 0 0 0 0 0 0 0 0 0 0 0 0 0 0 0 0 0 0 0 0 0 0 0 0 0 0 0 0 0 0 0 0 0 0 0 0 0 0 
0 0 0 0 0 0 0 0 0 0 0 0 0 0 0 0 0 0 0 0 0 0 0 0 0 0 0 0 0 0 0 0 0 0 0 0 0 0 0 0 0 0 0 0 0 0 0 0 0 0 0 0 0 0 0 0 0 0 0 0 0 0 0 0 0 0 0 0 0 0 0 0 0 0 0 0 0 0 0 0 0 0 0 0 0 0 0 0 0 0 0 0 0 0 0 0 1 0 1 0 0 0 0 0 1 0 0 0 0 0 0 1 1 2 0 0 0 2 2 0 1 0 1 0 1 0 1 0 1 0 1 1 0 2 0 0 0 0 0 1 1 0 0 1 0 0 0 0 2 0 1 1 0 0 1 1 0 1 0 0 0 1 1 0 0 0 1 0 0 0 0 0 0 0 0 0 0 0 0 0 0 0 0 0 0 0 0 0 0 0 0 0 0 0 0 0 0 0 0 0 0 0 0 0 0 0 0 0 0 0 0 0 0 0 0 0 0 0 0 0 0 0 0 0 0 0 0 0 0 0 0 0 0 0 0 0 0 0 0 0 0 0 0 0 0 0 0 0 0 0 0 0 0 0 0 0 
0 0 0 0 0 0 0 0 0 0 0 0 0 0 0 0 0 0 0 0 0 0 0 0 0 0 0 0 0 0 0 0 0 0 0 0 0 0 0 0 0 0 0 0 0 0 0 0 0 0 0 0 0 0 0 0 0 0 0 0 0 0 0 0 0 0 0 0 0 0 0 0 0 0 0 0 0 0 0 0 0 0 0 0 0 0 0 0 0 0 0 0 0 0 1 0 0 1 1 0 2 0 1 0 0 0 0 2 0 1 0 0 0 1 0 0 1 0 1 0 1 0 3 1 0 0 1 0 0 0 0 0 1 1 0 0 0 0 0 0 0 0 1 0 1 1 1 0 0 1 0 0 0 1 1 1 1 0 0 1 0 0 0 0 1 0 0 0 0 0 0 0 0 0 0 0 0 0 0 0 0 0 0 0 0 0 0 0 0 0 0 0 0 0 0 0 0 0 0 0 0 0 0 0 0 0 0 0 0 0 0 0 0 0 0 0 0 0 0 0 0 0 0 0 0 0 0 0 0 0 0 0 0 0 0 0 0 0 0 0 0 0 0 0 0 0 0 0 0 0 0 0 0 0 0 0 
0 0 0 0 0 0 0 0 0 0 0 0 0 0 0 0 0 0 0 0 0 0 0 0 0 0 0 0 0 0 0 0 0 0 0 0 0 0 0 0 0 0 0 0 0 0 0 0 0 0 0 0 0 0 0 0 0 0 0 0 0 0 0 0 0 0 0 0 0 0 0 0 0 0 0 0 0 0 0 0 0 0 0 0 0 0 0 0 0 0 0 0 0 0 0 0 2 0 0 1 0 0 0 1 0 1 1 0 0 0 0 0 1 0 1 0 0 0 0 1 0 0 1 0 0 0 1 1 0 0 0 1 0 0 0 1 1 0 2 0 0 0 0 2 1 0 2 1 0 0 0 0 0 0 0 0 0 2 0 0 0 0 1 0 0 1 0 0 0 0 0 0 0 0 0 0 0 0 0 0 0 0 0 0 0 0 0 0 0 0 0 0 0 0 0 0 0 0 0 0 0 0 0 0 0 0 0 0 0 0 0 0 0 0 0 0 0 0 0 0 0 0 0 0 0 0 0 0 0 0 0 0 0 0 0 0 0 0 0 0 0 0 0 0 0 0 0 0 0 0 0 0 0 0 0 0 
0 0 0 0 0 0 0 0 0 0 0 0 0 0 0 0 0 0 0 0 0 0 0 0 0 0 0 0 0 0 0 0 0 0 0 0 0 0 0 0 0 0 0 0 0 0 0 0 0 0 0 0 0 0 0 0 0 0 0 0 0 0 0 0 0 0 0 0 0 0 0 0 0 0 0 0 0 0 0 0 0 0 0 0 0 0 0 0 0 0 0 0 0 0 0 1 0 0 1 0 0 0 1 0 1 0 0 0 0 0 1 0 2 1 0 0 0 0 1 0 1 0 0 2 0 0 0 1 1 0 0 0 0 0 2 0 0 0 1 1 0 1 0 0 0 2 0 0 0 1 0 0 0 0 0 0 1 0 1 0 0 1 1 0 0 0 0 0 0 0 0 0 0 0 0 0 0 0 0 0 0 0 0 0 0 0 0 0 0 0 0 0 0 0 0 0 0 0 0 0 0 0 0 0 0 0 0 0 0 0 0 0 0 0 0 0 0 0 0 0 0 0 0 0 0 0 0 0 0 0 0 0 0 0 0 0 0 0 0 0 0 0 0 0 0 0 0 0 0 0 0 0 0 0 0 0 
0 0 0 0 0 0 0 0 0 0 0 0 0 0 0 0 0 0 0 0 0 0 0 0 0 0 0 0 0 0 0 0 0 0 0 0 0 0 0 0 0 0 0 0 0 0 0 0 0 0 0 0 0 0 0 0 0 0 0 0 0 0 0 0 0 0 0 0 0 0 0 0 0 0 0 0 0 0 0 0 0 0 0 0 0 0 0 0 0 0 1 0 1 0 1 0 0 0 0 0 0 0 0 0 0 0 1 0 1 0 1 2 1 0 0 2 1 0 0 0 0 0 0 0 0 0 0 0 0 0 0 1 0 0 1 0 1 1 0 2 0 0 0 0 0 1 0 0 1 0 0 1 0 0 1 2 0 1 0 0 0 0 0 0 1 0 0 0 0 0 0 0 0 0 0 0 0 0 0 0 0 0 0 0 0 0 0 0 0 0 0 0 0 0 0 0 0 0 0 0 0 0 0 0 0 0 0 0 0 0 0 0 0 0 0 0 0 0 0 0 0 0 0 0 0 0 0 0 0 0 0 0 0 0 0 0 0 0 0 0 0 0 0 0 0 0 0 0 0 0 0 0 0 0 0 0 
0 0 0 0 0 0 0 0 0 0 0 0 0 0 0 0 0 0 0 0 0 0 0 0 0 0 0 0 0 0 0 0 0 0 0 0 0 0 0 0 0 0 0 0 0 0 0 0 0 0 0 0 0 0 0 0 0 0 0 0 0 0 0 0 0 0 0 0 0 0 0 0 0 0 0 0 0 0 0 0 0 0 0 0 0 0 0 0 0 0 0 0 0 0 0 0 0 0 0 0 2 1 1 1 1 0 0 0 0 0 0 0 0 1 0 0 0 0 0 0 0 0 0 0 0 2 0 1 1 0 0 0 0 0 0 0 0 0 0 1 1 0 1 0 0 0 0 0 0 0 0 0 0 0 0 1 0 1 1 1 0 0 0 0 0 0 0 0 0 0 0 0 0 0 0 0 0 0 0 0 0 0 0 0 0 0 0 0 0 0 0 0 0 0 0 0 0 0 0 0 0 0 0 0 0 0 0 0 0 0 0 0 0 0 0 0 0 0 0 0 0 0 0 0 0 0 0 0 0 0 0 0 0 0 0 0 0 0 0 0 0 0 0 0 0 0 0 0 0 0 0 0 0 0 0 0 
0 0 0 0 0 0 0 0 0 0 0 0 0 0 0 0 0 0 0 0 0 0 0 0 0 0 0 0 0 0 0 0 0 0 0 0 0 0 0 0 0 0 0 0 0 0 0 0 0 0 0 0 0 0 0 0 0 0 0 0 0 0 0 0 0 0 0 0 0 0 0 0 0 0 0 0 0 0 0 0 0 0 0 0 0 0 0 0 0 0 0 0 0 1 0 1 0 1 0 2 1 0 0 0 0 0 0 2 0 0 0 0 0 0 0 0 0 0 0 0 0 0 1 0 1 0 0 0 0 0 1 0 0 0 1 1 0 0 0 0 2 0 0 0 1 0 0 0 0 1 1 1 0 0 0 1 0 0 1 0 0 0 0 0 0 0 0 0 0 0 0 0 0 0 0 0 0 0 0 0 0 0 0 0 0 0 0 0 0 0 0 0 0 0 0 0 0 0 0 0 0 0 0 0 0 0 0 0 0 0 0 0 0 0 0 0 0 0 0 0 0 0 0 0 0 0 0 0 0 0 0 0 0 0 0 0 0 0 0 0 0 0 0 0 0 0 0 0 0 0 0 0 0 0 0 0 
0 0 0 0 0 0 0 0 0 0 0 0 0 0 0 0 0 0 0 0 0 0 0 0 0 0 0 0 0 0 0 0 0 0 0 0 0 0 0 0 0 0 0 0 0 0 0 0 0 0 0 0 0 0 0 0 0 0 0 0 0 0 0 0 0 0 0 0 0 0 0 0 0 0 0 0 0 0 0 0 0 0 0 0 0 0 0 0 0 0 0 0 0 0 0 0 0 0 2 1 0 0 0 0 0 0 0 0 0 0 1 1 1 0 0 0 0 0 0 0 0 1 0 0 0 0 0 0 0 0 1 0 0 0 0 0 0 0 2 1 0 2 0 0 0 0 1 0 0 0 0 0 0 0 0 0 0 0 0 0 0 0 0 0 0 0 0 0 0 0 0 0 0 0 0 0 0 0 0 0 0 0 0 0 0 0 0 0 0 0 0 0 0 0 0 0 0 0 0 0 0 0 0 0 0 0 0 0 0 0 0 0 0 0 0 0 0 0 0 0 0 0 0 0 0 0 0 0 0 0 0 0 0 0 0 0 0 0 0 0 0 0 0 0 0 0 0 0 0 0 0 0 0 0 0 0 
0 0 0 0 0 0 0 0 0 0 0 0 0 0 0 0 0 0 0 0 0 0 0 0 0 0 0 0 0 0 0 0 0 0 0 0 0 0 0 0 0 0 0 0 0 0 0 0 0 0 0 0 0 0 0 0 0 0 0 0 0 0 0 0 0 0 0 0 0 0 0 0 0 0 0 0 0 0 0 0 0 0 0 0 0 0 0 0 0 0 0 0 0 0 0 0 0 0 0 1 0 0 0 0 0 0 0 0 0 0 0 0 0 0 0 0 0 0 0 0 0 1 0 0 0 0 0 0 0 0 0 0 0 1 0 0 0 0 1 0 0 0 0 0 0 0 0 0 0 0 0 0 0 0 0 0 0 0 1 0 0 0 0 0 0 0 0 0 0 0 0 0 0 0 0 0 0 0 0 0 0 0 0 0 0 0 0 0 0 0 0 0 0 0 0 0 0 0 0 0 0 0 0 0 0 0 0 0 0 0 0 0 0 0 0 0 0 0 0 0 0 0 0 0 0 0 0 0 0 0 0 0 0 0 0 0 0 0 0 0 0 0 0 0 0 0 0 0 0 0 0 0 0 0 0 0 
0 0 0 0 0 0 0 0 0 0 0 0 0 0 0 0 0 0 0 0 0 0 0 0 0 0 0 0 0 0 0 0 0 0 0 0 0 0 0 0 0 0 0 0 0 0 0 0 0 0 0 0 0 0 0 0 0 0 0 0 0 0 0 0 0 0 0 0 0 0 0 0 0 0 0 0 0 0 0 0 0 0 0 0 0 0 0 0 0 0 0 1 0 0 0 0 0 0 0 0 0 0 0 0 0 0 0 0 0 0 0 0 0 0 1 0 2 0 0 0 0 0 1 0 0 0 1 1 0 1 0 0 0 0 1 0 0 0 0 0 0 2 0 0 0 1 1 0 0 0 0 0 0 0 0 0 0 0 0 0 0 0 0 0 0 0 0 0 0 0 0 0 0 0 0 0 0 0 0 0 0 0 0 0 0 0 0 0 0 0 0 0 0 0 0 0 0 0 0 0 0 0 0 0 0 0 0 0 0 0 0 0 0 0 0 0 0 0 0 0 0 0 0 0 0 0 0 0 0 0 0 0 0 0 0 0 0 0 0 0 0 0 0 0 0 0 0 0 0 0 0 0 0 0 0 0 
0 0 0 0 0 0 0 0 0 0 0 0 0 0 0 0 0 0 0 0 0 0 0 0 0 0 0 0 0 0 0 0 0 0 0 0 0 0 0 0 0 0 0 0 0 0 0 0 0 0 0 0 0 0 0 0 0 0 0 0 0 0 0 0 0 0 0 0 0 0 0 0 0 0 0 0 0 0 0 0 0 0 0 0 0 0 0 0 0 1 0 0 0 0 0 0 0 0 0 0 0 0 1 0 0 0 0 0 0 0 0 0 0 0 0 0 0 0 0 0 0 0 0 0 0 1 0 0 0 0 0 0 0 0 0 0 0 0 1 0 1 0 0 0 1 0 0 0 0 0 0 0 1 0 0 0 0 0 0 0 0 0 0 0 0 0 0 0 0 0 0 0 0 0 0 0 0 0 0 0 0 0 0 0 0 0 0 0 0 0 0 0 0 0 0 0 0 0 0 0 0 0 0 0 0 0 0 0 0 0 0 0 0 0 0 0 0 0 0 0 0 0 0 0 0 0 0 0 0 0 0 0 0 0 0 0 0 0 0 0 0 0 0 0 0 0 0 0 0 0 0 0 0 0 0 0 
0 0 0 0 0 0 0 0 0 0 0 0 0 0 0 0 0 0 0 0 0 0 0 0 0 0 0 0 0 0 0 0 0 0 0 0 0 0 0 0 0 0 0 0 0 0 0 0 0 0 0 0 0 0 0 0 0 0 0 0 0 0 0 0 0 0 0 0 0 0 0 0 0 0 0 0 0 0 0 0 0 0 0 0 0 0 0 0 0 0 0 0 0 1 0 0 0 1 1 0 0 1 0 0 0 0 0 0 0 0 0 0 1 0 1 0 0 1 0 0 1 1 1 0 0 0 0 1 0 2 1 0 0 0 0 1 1 0 0 0 0 0 0 0 0 0 0 0 0 0 1 0 0 0 1 0 1 0 0 0 1 0 0 0 0 0 0 0 0 0 0 0 0 0 0 0 0 0 0 0 0 0 0 0 0 0 0 0 0 0 0 0 0 0 0 0 0 0 0 0 0 0 0 0 0 0 0 0 0 0 0 0 0 0 0 0 0 0 0 0 0 0 0 0 0 0 0 0 0 0 0 0 0 0 0 0 0 0 0 0 0 0 0 0 0 0 0 0 0 0 0 0 0 0 0 0 
0 0 0 0 0 0 0 0 0 0 0 0 0 0 0 0 0 0 0 0 0 0 0 0 0 0 0 0 0 0 0 0 0 0 0 0 0 0 0 0 0 0 0 0 0 0 0 0 0 0 0 0 0 0 0 0 0 0 0 0 0 0 0 0 0 0 0 0 0 0 0 0 0 0 0 0 0 0 0 0 0 0 0 0 0 0 0 0 0 0 0 0 0 0 0 0 0 2 0 0 0 0 0 0 1 0 0 0 0 0 0 0 0 0 0 0 0 0 0 0 1 1 0 0 0 0 0 0 0 1 1 0 0 1 0 0 0 0 0 0 0 0 0 0 0 0 1 0 0 0 0 0 0 1 0 0 1 0 0 0 0 0 0 0 1 0 0 0 0 0 0 0 0 0 0 0 0 0 0 0 0 0 0 0 0 0 0 0 0 0 0 0 0 0 0 0 0 0 0 0 0 0 0 0 0 0 0 0 0 0 0 0 0 0 0 0 0 0 0 0 0 0 0 0 0 0 0 0 0 0 0 0 0 0 0 0 0 0 0 0 0 0 0 0 0 0 0 0 0 0 0 0 0 0 0 0 
0 0 0 0 0 0 0 0 0 0 0 0 0 0 0 0 0 0 0 0 0 0 0 0 0 0 0 0 0 0 0 0 0 0 0 0 0 0 0 0 0 0 0 0 0 0 0 0 0 0 0 0 0 0 0 0 0 0 0 0 0 0 0 0 0 0 0 0 0 0 0 0 0 0 0 0 0 0 0 0 0 0 0 0 0 0 0 0 0 0 0 0 0 0 0 1 0 0 0 0 0 1 0 0 0 0 0 1 0 1 0 0 0 0 0 0 0 0 0 0 0 0 0 0 0 0 0 0 0 0 0 1 0 0 0 0 0 0 0 1 0 0 0 0 0 0 0 0 0 0 0 0 0 0 0 0 1 0 0 0 0 0 0 0 0 0 0 0 0 0 0 0 0 0 0 0 0 0 0 0 0 0 0 0 0 0 0 0 0 0 0 0 0 0 0 0 0 0 0 0 0 0 0 0 0 0 0 0 0 0 0 0 0 0 0 0 0 0 0 0 0 0 0 0 0 0 0 0 0 0 0 0 0 0 0 0 0 0 0 0 0 0 0 0 0 0 0 0 0 0 0 0 0 0 0 0 
0 0 0 0 0 0 0 0 0 0 0 0 0 0 0 0 0 0 0 0 0 0 0 0 0 0 0 0 0 0 0 0 0 0 0 0 0 0 0 0 0 0 0 0 0 0 0 0 0 0 0 0 0 0 0 0 0 0 0 0 0 0 0 0 0 0 0 0 0 0 0 0 0 0 0 0 0 0 0 0 0 0 0 0 0 0 0 0 0 0 0 0 0 0 0 0 0 0 0 0 0 1 0 1 0 0 0 0 0 0 0 0 0 0 0 0 0 0 0 0 0 0 0 0 0 0 0 0 0 0 0 0 0 1 0 0 0 0 1 1 0 0 0 0 1 0 0 0 0 0 0 0 0 0 0 0 0 0 0 0 1 0 0 0 0 0 0 0 0 0 0 0 0 0 0 0 0 0 0 0 0 0 0 0 0 0 0 0 0 0 0 0 0 0 0 0 0 0 0 0 0 0 0 0 0 0 0 0 0 0 0 0 0 0 0 0 0 0 0 0 0 0 0 0 0 0 0 0 0 0 0 0 0 0 0 0 0 0 0 0 0 0 0 0 0 0 0 0 0 0 0 0 0 0 0 0 
0 0 0 0 0 0 0 0 0 0 0 0 0 0 0 0 0 0 0 0 0 0 0 0 0 0 0 0 0 0 0 0 0 0 0 0 0 0 0 0 0 0 0 0 0 0 0 0 0 0 0 0 0 0 0 0 0 0 0 0 0 0 0 0 0 0 0 0 0 0 0 0 0 0 0 0 0 0 0 0 0 0 0 0 0 0 0 0 0 0 0 0 1 0 0 1 0 0 0 0 0 0 0 0 0 0 0 0 0 0 0 0 0 0 0 0 0 0 0 0 0 0 0 0 0 0 0 0 0 0 0 1 0 0 0 1 0 0 0 0 0 0 0 0 1 0 0 0 0 0 0 0 1 0 0 0 0 0 0 0 0 0 0 0 0 0 0 0 0 0 0 0 0 0 0 0 0 0 0 0 0 0 0 0 0 0 0 0 0 0 0 0 0 0 0 0 0 0 0 0 0 0 0 0 0 0 0 0 0 0 0 0 0 0 0 0 0 0 0 0 0 0 0 0 0 0 0 0 0 0 0 0 0 0 0 0 0 0 0 0 0 0 0 0 0 0 0 0 0 0 0 0 0 0 0 0 
0 0 0 0 0 0 0 0 0 0 0 0 0 0 0 0 0 0 0 0 0 0 0 0 0 0 0 0 0 0 0 0 0 0 0 0 0 0 0 0 0 0 0 0 0 0 0 0 0 0 0 0 0 0 0 0 0 0 0 0 0 0 0 0 0 0 0 0 0 0 0 0 0 0 0 0 0 0 0 0 0 0 0 0 0 0 0 0 0 0 0 0 0 0 0 0 0 0 0 0 0 0 0 0 0 0 0 0 0 0 0 0 0 0 0 0 1 0 0 0 1 0 0 0 1 1 0 0 0 1 0 0 2 0 0 0 0 0 0 0 0 1 0 0 0 1 0 0 0 0 0 1 0 0 0 0 0 0 0 1 0 0 0 0 0 0 0 0 0 0 0 0 0 0 0 0 0 0 0 0 0 0 0 0 0 0 0 0 0 0 0 0 0 0 0 0 0 0 0 0 0 0 0 0 0 0 0 0 0 0 0 0 0 0 0 0 0 0 0 0 0 0 0 0 0 0 0 0 0 0 0 0 0 0 0 0 0 0 0 0 0 0 0 0 0 0 0 0 0 0 0 0 0 0 0 0 
0 0 0 0 0 0 0 0 0 0 0 0 0 0 0 0 0 0 0 0 0 0 0 0 0 0 0 0 0 0 0 0 0 0 0 0 0 0 0 0 0 0 0 0 0 0 0 0 0 0 0 0 0 0 0 0 0 0 0 0 0 0 0 0 0 0 0 0 0 0 0 0 0 0 0 0 0 0 0 0 0 0 0 0 0 0 0 0 0 0 0 0 0 0 0 0 0 0 0 0 0 0 0 0 0 0 0 0 1 0 0 0 0 0 0 0 0 0 0 0 0 0 0 0 0 0 0 0 0 0 0 0 0 1 0 0 0 0 0 0 0 0 0 0 0 0 0 0 1 0 1 0 0 0 0 0 0 1 0 0 0 0 0 0 0 0 1 0 0 0 0 0 0 0 0 0 0 0 0 0 0 0 0 0 0 0 0 0 0 0 0 0 0 0 0 0 0 0 0 0 0 0 0 0 0 0 0 0 0 0 0 0 0 0 0 0 0 0 0 0 0 0 0 0 0 0 0 0 0 0 0 0 0 0 0 0 0 0 0 0 0 0 0 0 0 0 0 0 0 0 0 0 0 0 0 0 
0 0 0 0 0 0 0 0 0 0 0 0 0 0 0 0 0 0 0 0 0 0 0 0 0 0 0 0 0 0 0 0 0 0 0 0 0 0 0 0 0 0 0 0 0 0 0 0 0 0 0 0 0 0 0 0 0 0 0 0 0 0 0 0 0 0 0 0 0 0 0 0 0 0 0 0 0 0 0 0 0 0 0 0 0 0 0 0 0 0 0 0 0 0 1 0 0 0 0 0 0 0 1 0 0 0 0 0 0 0 0 0 0 0 0 0 0 0 0 0 0 1 0 0 0 0 0 0 0 1 0 0 0 0 0 0 0 0 0 0 0 0 0 0 0 0 1 0 0 0 0 0 0 0 0 0 0 0 0 0 0 0 0 0 0 0 0 0 0 0 0 0 0 0 0 0 0 0 0 0 0 0 0 0 0 0 0 0 0 0 0 0 0 0 0 0 0 0 0 0 0 0 0 0 0 0 0 0 0 0 0 0 0 0 0 0 0 0 0 0 0 0 0 0 0 0 0 0 0 0 0 0 0 0 0 0 0 0 0 0 0 0 0 0 0 0 0 0 0 0 0 0 0 0 0 0 
0 0 0 0 0 0 0 0 0 0 0 0 0 0 0 0 0 0 0 0 0 0 0 0 0 0 0 0 0 0 0 0 0 0 0 0 0 0 0 0 0 0 0 0 0 0 0 0 0 0 0 0 0 0 0 0 0 0 0 0 0 0 0 0 0 0 0 0 0 0 0 0 0 0 0 0 0 0 0 0 0 0 0 0 0 0 0 0 0 0 0 0 0 0 0 0 0 0 0 0 0 0 0 0 0 0 0 0 0 0 0 0 0 1 0 0 0 1 0 0 0 0 0 0 0 0 0 0 0 0 0 0 0 0 0 0 0 0 0 0 0 1 0 0 0 0 0 0 0 0 0 0 0 0 0 0 0 0 0 0 0 0 0 0 0 0 0 0 0 0 0 0 0 0 0 0 0 0 0 0 0 0 0 0 0 0 0 0 0 0 0 0 0 0 0 0 0 0 0 0 0 0 0 0 0 0 0 0 0 0 0 0 0 0 0 0 0 0 0 0 0 0 0 0 0 0 0 0 0 0 0 0 0 0 0 0 0 0 0 0 0 0 0 0 0 0 0 0 0 0 0 0 0 0 0 0 
0 0 0 0 0 0 0 0 0 0 0 0 0 0 0 0 0 0 0 0 0 0 0 0 0 0 0 0 0 0 0 0 0 0 0 0 0 0 0 0 0 0 0 0 0 0 0 0 0 0 0 0 0 0 0 0 0 0 0 0 0 0 0 0 0 0 0 0 0 0 0 0 0 0 0 0 0 0 0 0 0 0 0 0 0 0 0 0 0 0 0 0 0 0 0 0 0 0 0 0 0 0 1 0 0 0 0 0 0 0 0 0 0 0 0 0 0 0 0 0 0 0 0 0 0 1 0 0 0 0 0 0 0 0 0 0 0 0 0 0 0 0 0 1 0 0 0 0 0 0 0 0 0 0 0 0 0 0 0 0 0 0 0 0 0 0 0 0 0 0 0 0 0 0 0 0 0 0 0 0 0 0 0 0 0 0 0 0 0 0 0 0 0 0 0 0 0 0 0 0 0 0 0 0 0 0 0 0 0 0 0 0 0 0 0 0 0 0 0 0 0 0 0 0 0 0 0 0 0 0 0 0 0 0 0 0 0 0 0 0 0 0 0 0 0 0 0 0 0 0 0 0 0 0 0 0 
0 0 0 0 0 0 0 0 0 0 0 0 0 0 0 0 0 0 0 0 0 0 0 0 0 0 0 0 0 0 0 0 0 0 0 0 0 0 0 0 0 0 0 0 0 0 0 0 0 0 0 0 0 0 0 0 0 0 0 0 0 0 0 0 0 0 0 0 0 0 0 0 0 0 0 0 0 0 0 0 0 0 0 0 0 0 0 0 0 0 0 0 0 0 0 0 0 0 0 0 0 0 0 0 0 0 0 0 0 0 0 0 0 0 0 0 0 0 0 0 0 0 0 0 0 0 0 0 0 0 0 0 0 0 0 0 0 0 1 0 0 0 0 0 0 0 0 0 0 0 0 0 0 0 0 0 0 0 0 0 0 0 0 0 0 0 0 0 0 0 0 0 0 0 0 0 0 0 0 0 0 0 0 0 0 0 0 0 0 0 0 0 0 0 0 0 0 0 0 0 0 0 0 0 0 0 0 0 0 0 0 0 0 0 0 0 0 0 0 0 0 0 0 0 0 0 0 0 0 0 0 0 0 0 0 0 0 0 0 0 0 0 0 0 0 0 0 0 0 0 0 0 0 0 0 0 
0 0 0 0 0 0 0 0 0 0 0 0 0 0 0 0 0 0 0 0 0 0 0 0 0 0 0 0 0 0 0 0 0 0 0 0 0 0 0 0 0 0 0 0 0 0 0 0 0 0 0 0 0 0 0 0 0 0 0 0 0 0 0 0 0 0 0 0 0 0 0 0 0 0 0 0 0 0 0 0 0 0 0 0 0 0 0 0 0 0 0 0 0 0 0 0 0 0 0 0 0 0 1 0 0 0 0 0 0 0 0 0 0 0 0 0 0 0 0 0 0 0 0 0 0 0 0 0 0 0 0 0 0 0 0 0 0 0 0 0 0 0 0 0 0 0 0 0 0 0 0 0 0 0 0 0 0 0 0 0 0 0 0 0 0 0 0 0 0 0 0 0 0 0 0 0 0 0 0 0 0 0 0 0 0 0 0 0 0 0 0 0 0 0 0 0 0 0 0 0 0 0 0 0 0 0 0 0 0 0 0 0 0 0 0 0 0 0 0 0 0 0 0 0 0 0 0 0 0 0 0 0 0 0 0 0 0 0 0 0 0 0 0 0 0 0 0 0 0 0 0 0 0 0 0 0 
0 0 0 0 0 0 0 0 0 0 0 0 0 0 0 0 0 0 0 0 0 0 0 0 0 0 0 0 0 0 0 0 0 0 0 0 0 0 0 0 0 0 0 0 0 0 0 0 0 0 0 0 0 0 0 0 0 0 0 0 0 0 0 0 0 0 0 0 0 0 0 0 0 0 0 0 0 0 0 0 0 0 0 0 0 0 0 0 0 0 0 0 0 0 0 0 0 0 0 0 0 0 0 0 0 0 0 0 0 0 0 0 0 0 0 0 0 0 0 0 0 0 0 0 0 0 0 0 0 0 0 0 0 0 0 0 0 0 0 0 0 0 0 0 0 0 0 0 0 0 0 0 0 0 0 0 0 0 0 0 0 0 0 0 0 0 0 0 0 0 0 0 0 0 0 0 0 0 0 0 0 0 0 0 0 0 0 0 0 0 0 0 0 0 0 0 0 0 0 0 0 0 0 0 0 0 0 0 0 0 0 0 0 0 0 0 0 0 0 0 0 0 0 0 0 0 0 0 0 0 0 0 0 0 0 0 0 0 0 0 0 0 0 0 0 0 0 0 0 0 0 0 0 0 0 0 
0 0 0 0 0 0 0 0 0 0 0 0 0 0 0 0 0 0 0 0 0 0 0 0 0 0 0 0 0 0 0 0 0 0 0 0 0 0 0 0 0 0 0 0 0 0 0 0 0 0 0 0 0 0 0 0 0 0 0 0 0 0 0 0 0 0 0 0 0 0 0 0 0 0 0 0 0 0 0 0 0 0 0 0 0 0 0 0 0 0 0 0 0 0 0 0 0 0 0 0 0 0 0 0 0 0 0 0 0 0 0 0 0 0 0 0 0 0 0 0 0 0 0 0 0 0 0 0 0 0 0 0 0 0 0 0 0 0 0 0 0 0 0 0 0 0 0 0 0 0 0 0 0 0 0 0 0 0 0 0 0 0 0 0 0 0 0 0 0 0 0 0 0 0 0 0 0 0 0 0 0 0 0 0 0 0 0 0 0 0 0 0 0 0 0 0 0 0 0 0 0 0 0 0 0 0 0 0 0 0 0 0 0 0 0 0 0 0 0 0 0 0 0 0 0 0 0 0 0 0 0 0 0 0 0 0 0 0 0 0 0 0 0 0 0 0 0 0 0 0 0 0 0 0 0 0 
0 0 0 0 0 0 0 0 0 0 0 0 0 0 0 0 0 0 0 0 0 0 0 0 0 0 0 0 0 0 0 0 0 0 0 0 0 0 0 0 0 0 0 0 0 0 0 0 0 0 0 0 0 0 0 0 0 0 0 0 0 0 0 0 0 0 0 0 0 0 0 0 0 0 0 0 0 0 0 0 0 0 0 0 0 0 0 0 0 0 0 0 0 0 0 0 0 0 0 0 0 0 0 0 0 0 0 0 0 0 0 0 0 0 0 0 0 0 0 0 0 0 0 0 0 0 0 0 0 0 0 0 0 0 0 0 0 0 0 0 0 0 0 0 0 0 0 0 0 0 0 0 0 0 0 0 0 0 0 0 0 0 0 0 0 0 0 0 0 0 0 0 0 0 0 0 0 0 0 0 0 0 0 0 0 0 0 0 0 0 0 0 0 0 0 0 0 0 0 0 0 0 0 0 0 0 0 0 0 0 0 0 0 0 0 0 0 0 0 0 0 0 0 0 0 0 0 0 0 0 0 0 0 0 0 0 0 0 0 0 0 0 0 0 0 0 0 0 0 0 0 0 0 0 0 0 
0 0 0 0 0 0 0 0 0 0 0 0 0 0 0 0 0 0 0 0 0 0 0 0 0 0 0 0 0 0 0 0 0 0 0 0 0 0 0 0 0 0 0 0 0 0 0 0 0 0 0 0 0 0 0 0 0 0 0 0 0 0 0 0 0 0 0 0 0 0 0 0 0 0 0 0 0 0 0 0 0 0 0 0 0 0 0 0 0 0 0 0 0 0 0 0 0 0 0 0 0 0 0 0 0 0 0 0 0 0 0 0 0 0 0 0 0 0 0 0 0 0 0 0 0 0 0 0 0 0 0 0 0 0 0 0 0 0 0 0 0 0 0 0 0 0 0 0 0 0 0 0 0 0 0 0 0 0 0 0 0 0 0 0 0 0 0 0 0 0 0 0 0 0 0 0 0 0 0 0 0 0 0 0 0 0 0 0 0 0 0 0 0 0 0 0 0 0 0 0 0 0 0 0 0 0 0 0 0 0 0 0 0 0 0 0 0 0 0 0 0 0 0 0 0 0 0 0 0 0 0 0 0 0 0 0 0 0 0 0 0 0 0 0 0 0 0 0 0 0 0 0 0 0 0 0 
0 0 0 0 0 0 0 0 0 0 0 0 0 0 0 0 0 0 0 0 0 0 0 0 0 0 0 0 0 0 0 0 0 0 0 0 0 0 0 0 0 0 0 0 0 0 0 0 0 0 0 0 0 0 0 0 0 0 0 0 0 0 0 0 0 0 0 0 0 0 0 0 0 0 0 0 0 0 0 0 0 0 0 0 0 0 0 0 0 0 0 0 0 0 0 0 0 0 0 0 0 0 0 0 0 0 0 0 0 0 0 0 0 0 0 0 0 0 0 0 0 0 0 0 0 0 0 0 0 0 0 0 0 0 0 0 0 0 0 0 0 0 0 0 0 0 0 0 0 0 0 0 0 0 0 0 0 0 0 0 0 0 0 0 0 0 0 0 0 0 0 0 0 0 0 0 0 0 0 0 0 0 0 0 0 0 0 0 0 0 0 0 0 0 0 0 0 0 0 0 0 0 0 0 0 0 0 0 0 0 0 0 0 0 0 0 0 0 0 0 0 0 0 0 0 0 0 0 0 0 0 0 0 0 0 0 0 0 0 0 0 0 0 0 0 0 0 0 0 0 0 0 0 0 0 0 
0 0 0 0 0 0 0 0 0 0 0 0 0 0 0 0 0 0 0 0 0 0 0 0 0 0 0 0 0 0 0 0 0 0 0 0 0 0 0 0 0 0 0 0 0 0 0 0 0 0 0 0 0 0 0 0 0 0 0 0 0 0 0 0 0 0 0 0 0 0 0 0 0 0 0 0 0 0 0 0 0 0 0 0 0 0 0 0 0 0 0 0 0 0 0 0 0 0 0 0 0 0 0 0 0 0 0 0 0 0 0 0 0 0 0 0 0 0 0 0 0 0 0 0 0 0 0 0 0 0 0 0 0 0 0 0 0 0 0 0 0 0 0 0 0 0 0 0 0 0 0 0 0 0 0 0 0 0 0 0 0 0 0 0 0 0 0 0 0 0 0 0 0 0 0 0 0 0 0 0 0 0 0 0 0 0 0 0 0 0 0 0 0 0 0 0 0 0 0 0 0 0 0 0 0 0 0 0 0 0 0 0 0 0 0 0 0 0 0 0 0 0 0 0 0 0 0 0 0 0 0 0 0 0 0 0 0 0 0 0 0 0 0 0 0 0 0 0 0 0 0 0 0 0 0 0 
0 0 0 0 0 0 0 0 0 0 0 0 0 0 0 0 0 0 0 0 0 0 0 0 0 0 0 0 0 0 0 0 0 0 0 0 0 0 0 0 0 0 0 0 0 0 0 0 0 0 0 0 0 0 0 0 0 0 0 0 0 0 0 0 0 0 0 0 0 0 0 0 0 0 0 0 0 0 0 0 0 0 0 0 0 0 0 0 0 0 0 0 0 0 0 0 0 0 0 0 0 0 0 0 0 0 0 0 0 0 0 0 0 0 0 0 0 0 0 0 0 0 0 0 0 0 0 0 0 0 0 0 0 0 0 0 0 0 0 0 0 0 0 0 0 0 0 0 0 0 0 0 0 0 0 0 0 0 0 0 0 0 0 0 0 0 0 0 0 0 0 0 0 0 0 0 0 0 0 0 0 0 0 0 0 0 0 0 0 0 0 0 0 0 0 0 0 0 0 0 0 0 0 0 0 0 0 0 0 0 0 0 0 0 0 0 0 0 0 0 0 0 0 0 0 0 0 0 0 0 0 0 0 0 0 0 0 0 0 0 0 0 0 0 0 0 0 0 0 0 0 0 0 0 0 0 
0 0 0 0 0 0 0 0 0 0 0 0 0 0 0 0 0 0 0 0 0 0 0 0 0 0 0 0 0 0 0 0 0 0 0 0 0 0 0 0 0 0 0 0 0 0 0 0 0 0 0 0 0 0 0 0 0 0 0 0 0 0 0 0 0 0 0 0 0 0 0 0 0 0 0 0 0 0 0 0 0 0 0 0 0 0 0 0 0 0 0 0 0 0 0 0 0 0 0 0 0 0 0 0 0 0 0 0 0 0 0 0 0 0 0 0 0 0 0 0 0 0 0 0 0 0 0 0 0 0 0 0 0 0 0 0 0 0 0 0 0 0 0 0 0 0 0 0 0 0 0 0 0 0 0 0 0 0 0 0 0 0 0 0 0 0 0 0 0 0 0 0 0 0 0 0 0 0 0 0 0 0 0 0 0 0 0 0 0 0 0 0 0 0 0 0 0 0 0 0 0 0 0 0 0 0 0 0 0 0 0 0 0 0 0 0 0 0 0 0 0 0 0 0 0 0 0 0 0 0 0 0 0 0 0 0 0 0 0 0 0 0 0 0 0 0 0 0 0 0 0 0 0 0 0 0 
0 0 0 0 0 0 0 0 0 0 0 0 0 0 0 0 0 0 0 0 0 0 0 0 0 0 0 0 0 0 0 0 0 0 0 0 0 0 0 0 0 0 0 0 0 0 0 0 0 0 0 0 0 0 0 0 0 0 0 0 0 0 0 0 0 0 0 0 0 0 0 0 0 0 0 0 0 0 0 0 0 0 0 0 0 0 0 0 0 0 0 0 0 0 0 0 0 0 0 0 0 0 0 0 0 0 0 0 0 0 0 0 0 0 0 0 0 0 0 0 0 0 0 0 0 0 0 0 0 0 0 0 0 0 0 0 0 0 0 0 0 0 0 0 0 0 0 0 0 0 0 0 0 0 0 0 0 0 0 0 0 0 0 0 0 0 0 0 0 0 0 0 0 0 0 0 0 0 0 0 0 0 0 0 0 0 0 0 0 0 0 0 0 0 0 0 0 0 0 0 0 0 0 0 0 0 0 0 0 0 0 0 0 0 0 0 0 0 0 0 0 0 0 0 0 0 0 0 0 0 0 0 0 0 0 0 0 0 0 0 0 0 0 0 0 0 0 0 0 0 0 0 0 0 0 0 
0 0 0 0 0 0 0 0 0 0 0 0 0 0 0 0 0 0 0 0 0 0 0 0 0 0 0 0 0 0 0 0 0 0 0 0 0 0 0 0 0 0 0 0 0 0 0 0 0 0 0 0 0 0 0 0 0 0 0 0 0 0 0 0 0 0 0 0 0 0 0 0 0 0 0 0 0 0 0 0 0 0 0 0 0 0 0 0 0 0 0 0 0 0 0 0 0 0 0 0 0 0 0 0 0 0 0 0 0 0 0 0 0 0 0 0 0 0 0 0 0 0 0 0 0 0 0 0 0 0 0 0 0 0 0 0 0 0 0 0 0 0 0 0 0 0 0 0 0 0 0 0 0 0 0 0 0 0 0 0 0 0 0 0 0 0 0 0 0 0 0 0 0 0 0 0 0 0 0 0 0 0 0 0 0 0 0 0 0 0 0 0 0 0 0 0 0 0 0 0 0 0 0 0 0 0 0 0 0 0 0 0 0 0 0 0 0 0 0 0 0 0 0 0 0 0 0 0 0 0 0 0 0 0 0 0 0 0 0 0 0 0 0 0 0 0 0 0 0 0 0 0 0 0 0 0 
0 0 0 0 0 0 0 0 0 0 0 0 0 0 0 0 0 0 0 0 0 0 0 0 0 0 0 0 0 0 0 0 0 0 0 0 0 0 0 0 0 0 0 0 0 0 0 0 0 0 0 0 0 0 0 0 0 0 0 0 0 0 0 0 0 0 0 0 0 0 0 0 0 0 0 0 0 0 0 0 0 0 0 0 0 0 0 0 0 0 0 0 0 0 0 0 0 0 0 0 0 0 0 0 0 0 0 0 0 0 0 0 0 0 0 0 0 0 0 0 0 0 0 0 0 0 0 0 0 0 0 0 0 0 0 0 0 0 0 0 0 0 0 0 0 0 0 0 0 0 0 0 0 0 0 0 0 0 0 0 0 0 0 0 0 0 0 0 0 0 0 0 0 0 0 0 0 0 0 0 0 0 0 0 0 0 0 0 0 0 0 0 0 0 0 0 0 0 0 0 0 0 0 0 0 0 0 0 0 0 0 0 0 0 0 0 0 0 0 0 0 0 0 0 0 0 0 0 0 0 0 0 0 0 0 0 0 0 0 0 0 0 0 0 0 0 0 0 0 0 0 0 0 0 0 0 
0 0 0 0 0 0 0 0 0 0 0 0 0 0 0 0 0 0 0 0 0 0 0 0 0 0 0 0 0 0 0 0 0 0 0 0 0 0 0 0 0 0 0 0 0 0 0 0 0 0 0 0 0 0 0 0 0 0 0 0 0 0 0 0 0 0 0 0 0 0 0 0 0 0 0 0 0 0 0 0 0 0 0 0 0 0 0 0 0 0 0 0 0 0 0 0 0 0 0 0 0 0 0 0 0 0 0 0 0 0 0 0 0 0 0 0 0 0 0 0 0 0 0 0 0 0 0 0 0 0 0 0 0 0 0 0 0 0 0 0 0 0 0 0 0 0 0 0 0 0 0 0 0 0 0 0 0 0 0 0 0 0 0 0 0 0 0 0 0 0 0 0 0 0 0 0 0 0 0 0 0 0 0 0 0 0 0 0 0 0 0 0 0 0 0 0 0 0 0 0 0 0 0 0 0 0 0 0 0 0 0 0 0 0 0 0 0 0 0 0 0 0 0 0 0 0 0 0 0 0 0 0 0 0 0 0 0 0 0 0 0 0 0 0 0 0 0 0 0 0 0 0 0 0 0 0 
0 0 0 0 0 0 0 0 0 0 0 0 0 0 0 0 0 0 0 0 0 0 0 0 0 0 0 0 0 0 0 0 0 0 0 0 0 0 0 0 0 0 0 0 0 0 0 0 0 0 0 0 0 0 0 0 0 0 0 0 0 0 0 0 0 0 0 0 0 0 0 0 0 0 0 0 0 0 0 0 0 0 0 0 0 0 0 0 0 0 0 0 0 0 0 0 0 0 0 0 0 0 0 0 0 0 0 0 0 0 0 0 0 0 0 0 0 0 0 0 0 0 0 0 0 0 0 0 0 0 0 0 0 0 0 0 0 0 0 0 0 0 0 0 0 0 0 0 0 0 0 0 0 0 0 0 0 0 0 0 0 0 0 0 0 0 0 0 0 0 0 0 0 0 0 0 0 0 0 0 0 0 0 0 0 0 0 0 0 0 0 0 0 0 0 0 0 0 0 0 0 0 0 0 0 0 0 0 0 0 0 0 0 0 0 0 0 0 0 0 0 0 0 0 0 0 0 0 0 0 0 0 0 0 0 0 0 0 0 0 0 0 0 0 0 0 0 0 0 0 0 0 0 0 0 0 
0 0 0 0 0 0 0 0 0 0 0 0 0 0 0 0 0 0 0 0 0 0 0 0 0 0 0 0 0 0 0 0 0 0 0 0 0 0 0 0 0 0 0 0 0 0 0 0 0 0 0 0 0 0 0 0 0 0 0 0 0 0 0 0 0 0 0 0 0 0 0 0 0 0 0 0 0 0 0 0 0 0 0 0 0 0 0 0 0 0 0 0 0 0 0 0 0 0 0 0 0 0 0 0 0 0 0 0 0 0 0 0 0 0 0 0 0 0 0 0 0 0 0 0 0 0 0 0 0 0 0 0 0 0 0 0 0 0 0 0 0 0 0 0 0 0 0 0 0 0 0 0 0 0 0 0 0 0 0 0 0 0 0 0 0 0 0 0 0 0 0 0 0 0 0 0 0 0 0 0 0 0 0 0 0 0 0 0 0 0 0 0 0 0 0 0 0 0 0 0 0 0 0 0 0 0 0 0 0 0 0 0 0 0 0 0 0 0 0 0 0 0 0 0 0 0 0 0 0 0 0 0 0 0 0 0 0 0 0 0 0 0 0 0 0 0 0 0 0 0 0 0 0 0 0 0 
0 0 0 0 0 0 0 0 0 0 0 0 0 0 0 0 0 0 0 0 0 0 0 0 0 0 0 0 0 0 0 0 0 0 0 0 0 0 0 0 0 0 0 0 0 0 0 0 0 0 0 0 0 0 0 0 0 0 0 0 0 0 0 0 0 0 0 0 0 0 0 0 0 0 0 0 0 0 0 0 0 0 0 0 0 0 0 0 0 0 0 0 0 0 0 0 0 0 0 0 0 0 0 0 0 0 0 0 0 0 0 0 0 0 0 0 0 0 0 0 0 0 0 0 0 0 0 0 0 0 0 0 0 0 0 0 0 0 0 0 0 0 0 0 0 0 0 0 0 0 0 0 0 0 0 0 0 0 0 0 0 0 0 0 0 0 0 0 0 0 0 0 0 0 0 0 0 0 0 0 0 0 0 0 0 0 0 0 0 0 0 0 0 0 0 0 0 0 0 0 0 0 0 0 0 0 0 0 0 0 0 0 0 0 0 0 0 0 0 0 0 0 0 0 0 0 0 0 0 0 0 0 0 0 0 0 0 0 0 0 0 0 0 0 0 0 0 0 0 0 0 0 0 0 0 0 
0 0 0 0 0 0 0 0 0 0 0 0 0 0 0 0 0 0 0 0 0 0 0 0 0 0 0 0 0 0 0 0 0 0 0 0 0 0 0 0 0 0 0 0 0 0 0 0 0 0 0 0 0 0 0 0 0 0 0 0 0 0 0 0 0 0 0 0 0 0 0 0 0 0 0 0 0 0 0 0 0 0 0 0 0 0 0 0 0 0 0 0 0 0 0 0 0 0 0 0 0 0 0 0 0 0 0 0 0 0 0 0 0 0 0 0 0 0 0 0 0 0 0 0 0 0 0 0 0 0 0 0 0 0 0 0 0 0 0 0 0 0 0 0 0 0 0 0 0 0 0 0 0 0 0 0 0 0 0 0 0 0 0 0 0 0 0 0 0 0 0 0 0 0 0 0 0 0 0 0 0 0 0 0 0 0 0 0 0 0 0 0 0 0 0 0 0 0 0 0 0 0 0 0 0 0 0 0 0 0 0 0 0 0 0 0 0 0 0 0 0 0 0 0 0 0 0 0 0 0 0 0 0 0 0 0 0 0 0 0 0 0 0 0 0 0 0 0 0 0 0 0 0 0 0 0 
0 0 0 0 0 0 0 0 0 0 0 0 0 0 0 0 0 0 0 0 0 0 0 0 0 0 0 0 0 0 0 0 0 0 0 0 0 0 0 0 0 0 0 0 0 0 0 0 0 0 0 0 0 0 0 0 0 0 0 0 0 0 0 0 0 0 0 0 0 0 0 0 0 0 0 0 0 0 0 0 0 0 0 0 0 0 0 0 0 0 0 0 0 0 0 0 0 0 0 0 0 0 0 0 0 0 0 0 0 0 0 0 0 0 0 0 0 0 0 0 0 0 0 0 0 0 0 0 0 0 0 0 0 0 0 0 0 0 0 0 0 0 0 0 0 0 0 0 0 0 0 0 0 0 0 0 0 0 0 0 0 0 0 0 0 0 0 0 0 0 0 0 0 0 0 0 0 0 0 0 0 0 0 0 0 0 0 0 0 0 0 0 0 0 0 0 0 0 0 0 0 0 0 0 0 0 0 0 0 0 0 0 0 0 0 0 0 0 0 0 0 0 0 0 0 0 0 0 0 0 0 0 0 0 0 0 0 0 0 0 0 0 0 0 0 0 0 0 0 0 0 0 0 0 0 0 
0 0 0 0 0 0 0 0 0 0 0 0 0 0 0 0 0 0 0 0 0 0 0 0 0 0 0 0 0 0 0 0 0 0 0 0 0 0 0 0 0 0 0 0 0 0 0 0 0 0 0 0 0 0 0 0 0 0 0 0 0 0 0 0 0 0 0 0 0 0 0 0 0 0 0 0 0 0 0 0 0 0 0 0 0 0 0 0 0 0 0 0 0 0 0 0 0 0 0 0 0 0 0 0 0 0 0 0 0 0 0 0 0 0 0 0 0 0 0 0 0 0 0 0 0 0 0 0 0 0 0 0 0 0 0 0 0 0 0 0 0 0 0 0 0 0 0 0 0 0 0 0 0 0 0 0 0 0 0 0 0 0 0 0 0 0 0 0 0 0 0 0 0 0 0 0 0 0 0 0 0 0 0 0 0 0 0 0 0 0 0 0 0 0 0 0 0 0 0 0 0 0 0 0 0 0 0 0 0 0 0 0 0 0 0 0 0 0 0 0 0 0 0 0 0 0 0 0 0 0 0 0 0 0 0 0 0 0 0 0 0 0 0 0 0 0 0 0 0 0 0 0 0 0 0 0 
0 0 0 0 0 0 0 0 0 0 0 0 0 0 0 0 0 0 0 0 0 0 0 0 0 0 0 0 0 0 0 0 0 0 0 0 0 0 0 0 0 0 0 0 0 0 0 0 0 0 0 0 0 0 0 0 0 0 0 0 0 0 0 0 0 0 0 0 0 0 0 0 0 0 0 0 0 0 0 0 0 0 0 0 0 0 0 0 0 0 0 0 0 0 0 0 0 0 0 0 0 0 0 0 0 0 0 0 0 0 0 0 0 0 0 0 0 0 0 0 0 0 0 0 0 0 0 0 0 0 0 0 0 0 0 0 0 0 0 0 0 0 0 0 0 0 0 0 0 0 0 0 0 0 0 0 0 0 0 0 0 0 0 0 0 0 0 0 0 0 0 0 0 0 0 0 0 0 0 0 0 0 0 0 0 0 0 0 0 0 0 0 0 0 0 0 0 0 0 0 0 0 0 0 0 0 0 0 0 0 0 0 0 0 0 0 0 0 0 0 0 0 0 0 0 0 0 0 0 0 0 0 0 0 0 0 0 0 0 0 0 0 0 0 0 0 0 0 0 0 0 0 0 0 0 0 
0 0 0 0 0 0 0 0 0 0 0 0 0 0 0 0 0 0 0 0 0 0 0 0 0 0 0 0 0 0 0 0 0 0 0 0 0 0 0 0 0 0 0 0 0 0 0 0 0 0 0 0 0 0 0 0 0 0 0 0 0 0 0 0 0 0 0 0 0 0 0 0 0 0 0 0 0 0 0 0 0 0 0 0 0 0 0 0 0 0 0 0 0 0 0 0 0 0 0 0 0 0 0 0 0 0 0 0 0 0 0 0 0 0 0 0 0 0 0 0 0 0 0 0 0 0 0 0 0 0 0 0 0 0 0 0 0 0 0 0 0 0 0 0 0 0 0 0 0 0 0 0 0 0 0 0 0 0 0 0 0 0 0 0 0 0 0 0 0 0 0 0 0 0 0 0 0 0 0 0 0 0 0 0 0 0 0 0 0 0 0 0 0 0 0 0 0 0 0 0 0 0 0 0 0 0 0 0 0 0 0 0 0 0 0 0 0 0 0 0 0 0 0 0 0 0 0 0 0 0 0 0 0 0 0 0 0 0 0 0 0 0 0 0 0 0 0 0 0 0 0 0 0 0 0 0 
0 0 0 0 0 0 0 0 0 0 0 0 0 0 0 0 0 0 0 0 0 0 0 0 0 0 0 0 0 0 0 0 0 0 0 0 0 0 0 0 0 0 0 0 0 0 0 0 0 0 0 0 0 0 0 0 0 0 0 0 0 0 0 0 0 0 0 0 0 0 0 0 0 0 0 0 0 0 0 0 0 0 0 0 0 0 0 0 0 0 0 0 0 0 0 0 0 0 0 0 0 0 0 0 0 0 0 0 0 0 0 0 0 0 0 0 0 0 0 0 0 0 0 0 0 0 0 0 0 0 0 0 0 0 0 0 0 0 0 0 0 0 0 0 0 0 0 0 0 0 0 0 0 0 0 0 0 0 0 0 0 0 0 0 0 0 0 0 0 0 0 0 0 0 0 0 0 0 0 0 0 0 0 0 0 0 0 0 0 0 0 0 0 0 0 0 0 0 0 0 0 0 0 0 0 0 0 0 0 0 0 0 0 0 0 0 0 0 0 0 0 0 0 0 0 0 0 0 0 0 0 0 0 0 0 0 0 0 0 0 0 0 0 0 0 0 0 0 0 0 0 0 0 0 0 0 
0 0 0 0 0 0 0 0 0 0 0 0 0 0 0 0 0 0 0 0 0 0 0 0 0 0 0 0 0 0 0 0 0 0 0 0 0 0 0 0 0 0 0 0 0 0 0 0 0 0 0 0 0 0 0 0 0 0 0 0 0 0 0 0 0 0 0 0 0 0 0 0 0 0 0 0 0 0 0 0 0 0 0 0 0 0 0 0 0 0 0 0 0 0 0 0 0 0 0 0 0 0 0 0 0 0 0 0 0 0 0 0 0 0 0 0 0 0 0 0 0 0 0 0 0 0 0 0 0 0 0 0 0 0 0 0 0 0 0 0 0 0 0 0 0 0 0 0 0 0 0 0 0 0 0 0 0 0 0 0 0 0 0 0 0 0 0 0 0 0 0 0 0 0 0 0 0 0 0 0 0 0 0 0 0 0 0 0 0 0 0 0 0 0 0 0 0 0 0 0 0 0 0 0 0 0 0 0 0 0 0 0 0 0 0 0 0 0 0 0 0 0 0 0 0 0 0 0 0 0 0 0 0 0 0 0 0 0 0 0 0 0 0 0 0 0 0 0 0 0 0 0 0 0 0 0 
0 0 0 0 0 0 0 0 0 0 0 0 0 0 0 0 0 0 0 0 0 0 0 0 0 0 0 0 0 0 0 0 0 0 0 0 0 0 0 0 0 0 0 0 0 0 0 0 0 0 0 0 0 0 0 0 0 0 0 0 0 0 0 0 0 0 0 0 0 0 0 0 0 0 0 0 0 0 0 0 0 0 0 0 0 0 0 0 0 0 0 0 0 0 0 0 0 0 0 0 0 0 0 0 0 0 0 0 0 0 0 0 0 0 0 0 0 0 0 0 0 0 0 0 0 0 0 0 0 0 0 0 0 0 0 0 0 0 0 0 0 0 0 0 0 0 0 0 0 0 0 0 0 0 0 0 0 0 0 0 0 0 0 0 0 0 0 0 0 0 0 0 0 0 0 0 0 0 0 0 0 0 0 0 0 0 0 0 0 0 0 0 0 0 0 0 0 0 0 0 0 0 0 0 0 0 0 0 0 0 0 0 0 0 0 0 0 0 0 0 0 0 0 0 0 0 0 0 0 0 0 0 0 0 0 0 0 0 0 0 0 0 0 0 0 0 0 0 0 0 0 0 0 0 0 0 
0 0 0 0 0 0 0 0 0 0 0 0 0 0 0 0 0 0 0 0 0 0 0 0 0 0 0 0 0 0 0 0 0 0 0 0 0 0 0 0 0 0 0 0 0 0 0 0 0 0 0 0 0 0 0 0 0 0 0 0 0 0 0 0 0 0 0 0 0 0 0 0 0 0 0 0 0 0 0 0 0 0 0 0 0 0 0 0 0 0 0 0 0 0 0 0 0 0 0 0 0 0 0 0 0 0 0 0 0 0 0 0 0 0 0 0 0 0 0 0 0 0 0 0 0 0 0 0 0 0 0 0 0 0 0 0 0 0 0 0 0 0 0 0 0 0 0 0 0 0 0 0 0 0 0 0 0 0 0 0 0 0 0 0 0 0 0 0 0 0 0 0 0 0 0 0 0 0 0 0 0 0 0 0 0 0 0 0 0 0 0 0 0 0 0 0 0 0 0 0 0 0 0 0 0 0 0 0 0 0 0 0 0 0 0 0 0 0 0 0 0 0 0 0 0 0 0 0 0 0 0 0 0 0 0 0 0 0 0 0 0 0 0 0 0 0 0 0 0 0 0 0 0 0 0 0 
0 0 0 0 0 0 0 0 0 0 0 0 0 0 0 0 0 0 0 0 0 0 0 0 0 0 0 0 0 0 0 0 0 0 0 0 0 0 0 0 0 0 0 0 0 0 0 0 0 0 0 0 0 0 0 0 0 0 0 0 0 0 0 0 0 0 0 0 0 0 0 0 0 0 0 0 0 0 0 0 0 0 0 0 0 0 0 0 0 0 0 0 0 0 0 0 0 0 0 0 0 0 0 0 0 0 0 0 0 0 0 0 0 0 0 0 0 0 0 0 0 0 0 0 0 0 0 0 0 0 0 0 0 0 0 0 0 0 0 0 0 0 0 0 0 0 0 0 0 0 0 0 0 0 0 0 0 0 0 0 0 0 0 0 0 0 0 0 0 0 0 0 0 0 0 0 0 0 0 0 0 0 0 0 0 0 0 0 0 0 0 0 0 0 0 0 0 0 0 0 0 0 0 0 0 0 0 0 0 0 0 0 0 0 0 0 0 0 0 0 0 0 0 0 0 0 0 0 0 0 0 0 0 0 0 0 0 0 0 0 0 0 0 0 0 0 0 0 0 0 0 0 0 0 0 0 
0 0 0 0 0 0 0 0 0 0 0 0 0 0 0 0 0 0 0 0 0 0 0 0 0 0 0 0 0 0 0 0 0 0 0 0 0 0 0 0 0 0 0 0 0 0 0 0 0 0 0 0 0 0 0 0 0 0 0 0 0 0 0 0 0 0 0 0 0 0 0 0 0 0 0 0 0 0 0 0 0 0 0 0 0 0 0 0 0 0 0 0 0 0 0 0 0 0 0 0 0 0 0 0 0 0 0 0 0 0 0 0 0 0 0 0 0 0 0 0 0 0 0 0 0 0 0 0 0 0 0 0 0 0 0 0 0 0 0 0 0 0 0 0 0 0 0 0 0 0 0 0 0 0 0 0 0 0 0 0 0 0 0 0 0 0 0 0 0 0 0 0 0 0 0 0 0 0 0 0 0 0 0 0 0 0 0 0 0 0 0 0 0 0 0 0 0 0 0 0 0 0 0 0 0 0 0 0 0 0 0 0 0 0 0 0 0 0 0 0 0 0 0 0 0 0 0 0 0 0 0 0 0 0 0 0 0 0 0 0 0 0 0 0 0 0 0 0 0 0 0 0 0 0 0 0 
0 0 0 0 0 0 0 0 0 0 0 0 0 0 0 0 0 0 0 0 0 0 0 0 0 0 0 0 0 0 0 0 0 0 0 0 0 0 0 0 0 0 0 0 0 0 0 0 0 0 0 0 0 0 0 0 0 0 0 0 0 0 0 0 0 0 0 0 0 0 0 0 0 0 0 0 0 0 0 0 0 0 0 0 0 0 0 0 0 0 0 0 0 0 0 0 0 0 0 0 0 0 0 0 0 0 0 0 0 0 0 0 0 0 0 0 0 0 0 0 0 0 0 0 0 0 0 0 0 0 0 0 0 0 0 0 0 0 0 0 0 0 0 0 0 0 0 0 0 0 0 0 0 0 0 0 0 0 0 0 0 0 0 0 0 0 0 0 0 0 0 0 0 0 0 0 0 0 0 0 0 0 0 0 0 0 0 0 0 0 0 0 0 0 0 0 0 0 0 0 0 0 0 0 0 0 0 0 0 0 0 0 0 0 0 0 0 0 0 0 0 0 0 0 0 0 0 0 0 0 0 0 0 0 0 0 0 0 0 0 0 0 0 0 0 0 0 0 0 0 0 0 0 0 0 0 
0 0 0 0 0 0 0 0 0 0 0 0 0 0 0 0 0 0 0 0 0 0 0 0 0 0 0 0 0 0 0 0 0 0 0 0 0 0 0 0 0 0 0 0 0 0 0 0 0 0 0 0 0 0 0 0 0 0 0 0 0 0 0 0 0 0 0 0 0 0 0 0 0 0 0 0 0 0 0 0 0 0 0 0 0 0 0 0 0 0 0 0 0 0 0 0 0 0 0 0 0 0 0 0 0 0 0 0 0 0 0 0 0 0 0 0 0 0 0 0 0 0 0 0 0 0 0 0 0 0 0 0 0 0 0 0 0 0 0 0 0 0 0 0 0 0 0 0 0 0 0 0 0 0 0 0 0 0 0 0 0 0 0 0 0 0 0 0 0 0 0 0 0 0 0 0 0 0 0 0 0 0 0 0 0 0 0 0 0 0 0 0 0 0 0 0 0 0 0 0 0 0 0 0 0 0 0 0 0 0 0 0 0 0 0 0 0 0 0 0 0 0 0 0 0 0 0 0 0 0 0 0 0 0 0 0 0 0 0 0 0 0 0 0 0 0 0 0 0 0 0 0 0 0 0 0 
0 0 0 0 0 0 0 0 0 0 0 0 0 0 0 0 0 0 0 0 0 0 0 0 0 0 0 0 0 0 0 0 0 0 0 0 0 0 0 0 0 0 0 0 0 0 0 0 0 0 0 0 0 0 0 0 0 0 0 0 0 0 0 0 0 0 0 0 0 0 0 0 0 0 0 0 0 0 0 0 0 0 0 0 0 0 0 0 0 0 0 0 0 0 0 0 0 0 0 0 0 0 0 0 0 0 0 0 0 0 0 0 0 0 0 0 0 0 0 0 0 0 0 0 0 0 0 0 0 0 0 0 0 0 0 0 0 0 0 0 0 0 0 0 0 0 0 0 0 0 0 0 0 0 0 0 0 0 0 0 0 0 0 0 0 0 0 0 0 0 0 0 0 0 0 0 0 0 0 0 0 0 0 0 0 0 0 0 0 0 0 0 0 0 0 0 0 0 0 0 0 0 0 0 0 0 0 0 0 0 0 0 0 0 0 0 0 0 0 0 0 0 0 0 0 0 0 0 0 0 0 0 0 0 0 0 0 0 0 0 0 0 0 0 0 0 0 0 0 0 0 0 0 0 0 0 
