# Format: McCode with text headers
# URL: http://www.mccode.org
# Creator:  3.8.5, git
# Instrument: eqsans_sans.instr
# Ncount: 10000000
# Trace: no
# Gravitation: no
# Seed: 1790180853488652
# Directory: /Users/georgeyumnam/WORK/PANRAID/PaNRAID-results/Group2/panraidproject/scan_sans_sample/x-13_y-09
# Param: gx=-0.013
# Param: gy=-0.009
# Param: sample_on=1
# Param: R_sphere=100
# Param: Phi=0.01
# Param: bs_radius=0
# Param: samp_ap=0.01
# Date: Wed Sep 23 18:28:07 2026 (1790180887)
# type: array_2d(256, 256)
# Source: EQ_SANS_sample (eqsans_sans.instr)
# component: detector
# position: 0 0 22.28
# title: PSD monitor
# Ncount: 10000000
# filename: detector.dat
# statistics: X0=0.954209; dX=9.59247; Y0=1.35607; dY=9.98067;
# signal: Min=0; Max=1458.15; Mean=1.98476;
# values: 130074 8753.92 4092
# xvar: X 
# yvar: Y 
# xlabel: X position [cm]
# ylabel: Y position [cm]
# zvar: I
# zlabel: Signal per bin
# xylimits: -50 50 -70 70
# variables: I I_err N
# Data [detector/detector.dat] I:
0 0 0 0 0 0 0 0 0 0 0 0 0 0 0 0 0 0 0 0 0 0 0 0 0 0 0 0 0 0.04159129222 0 0 0 0 0 0 0 0 0 0 0 0 0 0 0 0 0 0 0 0 0 0 0 0 0 0 0 0 0.2539625245 0.06617835464 0 0 0 0 0 0 0 0 0 0 0 0 0 0 0 0 0 0 0 0 0 0 0 0 0 0 0 0 0 0 0.4145382861 0 0 0 0 0 0 0 0 0 0 0 0 0 0 0 0 0 0 9.100007526e-05 1.107524596e-06 0 0 0 0 0 0 0 0 0 0 0 0 0 0 0 0 0 0 0 0 0 0 0 0 0 0 0 0 0 0 0 0 0 0 0 0 0 0.1860085596 0 0 0 0.2966483113 0 0 0 0 0 0 0 0 0 0 0 0 0 0.4805215366 0 0 0 0 0 0 0 0 0 0 0 0 0 0 0 0 0 0 0.0008803304758 0 0 0 0 0 0 0 0 0 0 0 0 0 0 0 0 0 0.09448515618 0 0 0 0 0 0 0 0 0 0 0 0 0 0 0 0 0 0 0 0.07076950205 0 0 0 0.3275967711 0 0 0.01563814244 0 0 0 0 0 0 0 0.005737474148 0 0 0 0 0 0 0 0 0 0 0 0 0 0 0 0 0 
0 0 0 0 0 0 0 0 0 0 0 0 0 0 0 0 0 0 0 0 0 0 0 0 0 0 0 0 0 0 0 0 0 0 0 0 0 0 0 0 0 0 0 0 0 0 0 0 0.03137349981 0 0 0 0 0 0 0 0 0 0 0 0 0 0 0 0 0 0 0 0.06398868702 1.061515972 0 0 0 0 0 0 0 0 0 0 0 0 0.07589613143 0 0 0 0 0 0 0 0.09091642294 0 0 0 0 0 0 0 0 0 0 0 0 0 0 0 0 0 0 0 0 0 0 0 0 0 0 0 0 0 0 0 0 0 0 0 0 0 0 0 0 0 0 0 0 0 0 0 0 0 0.5934568451 0 0 0 0 0 0 0 0.05053602518 0 0 0 0 0 0 0.05673937756 0 0.2010214875 0 0 0 0 0 0 0 0 0 0 0 0 0 0 0 0 0 0 0 0 0 0 0 0 0 0 0 0 0 0 0.04947399876 0.008429207848 0 0 0 0 0 0 0 0 0 0 0 0 0 0 0.003365465241 0 0 0 0 0 0 0 0 0 0 0 0 0 0 0 0 0 0 0 0 0 0 0 0 0 0 0 0 0 0 0.02865243382 0 0 0 0 0 0 0 0 0 0.431830641 0 0 0 0 0 0 0 0 0 0 
0 0 0 0 0 0 0 0 0 0.06366968367 0 0 0 0 0 0 0 0.004177793659 0.02977341982 0 0 0 0 0 0 0.01687744155 0 0 0 0 0.05035505398 0.1151677016 0 0 0 0.05757116163 0 0.200286838 0 0 0 0 0 0 0 0.003708760545 0 0 0 0 0 0 0 0 0 0 0 0 0 0 0 0 0 0.05204979515 0 0 0 0 0 0 0 0 0 0.1485959849 0 0 0 0.007953778645 0 0 0 0 0 0 0 0 0 0 0 0 0 0.003383815592 0 0 0 0 0 0 0 0 0 0 0 0 0 0 0 0 0 0.06490508891 0 0 0.01820964934 0.1053315768 0 0.01528600609 0 1.098459974 0 0.30985378 0 0 0 0 0.07155120859 0 0 0 0 0 0.100675421 0.2644221415 0 0 0 0 0 0 0 0 0 0 0 0 0 0 0 0 0.04624933866 0 0 0.378270883 0 0 0 0.3749956449 0 0 0 0 0 0 0.2067412957 0 0 0 0 0 0 0 0 0 0 0 0 0 0 0 0 0 0 0 0 0 0 0 0 0 0 0 0 0 0 0 0 0 0 0 0 0 0 0 0 0 0 0 0 0 0 0 0 0 0 0 0 0 0 0 0 0 0 0 0.2111909195 0 0 0 0.2476457606 0 0 0 0.02098918673 0 0.0557046233 0 0 0 0 0 0 0 0 0 0 0 0 0 0 0 0.4174740765 0 0 0 0 0 0 0 
0 0 0 0 0 0 0 0 0 0 0 0 0 0 0 0.06200336042 0 0 0 0 0.179310455 0 0 0 0 0 0 0 0 0 0 0.07989824572 0 0 0 0 0 0 0 0 0 0 0 0 0 0 0 0 0 0 0 0 0 0 0 0 0 0 0 0 0 0 0 0 0 0 0 0 0 0 0 0.003747473953 0 0 0 0 0 0 0 0 0 0 0 0 0 0 0 0 0 0 0 0 0 0 0.2077058114 0 0 0 0 0 0 0 0 0 0 0 0 0 0 0 0 0 0 0 0 0 0 0 0 0 0 0.9193228438 0 0 0 0 0 0 0 0 0 0 0 0 0 0 0 0 0 0 0 0 0 0 0 0 0 0 0 0 0 0 0 0 0 0 0 0.3006543165 0 0 0 0 0 0 0 0 0 0 0 0 0 0 0 0 0 0.1543691893 0 0.1322332103 0 0 0 0 0 0 0 0 0 0 0 0 0 0 0 0 0 0 0 0 0 0 0 0 0 0 0 0 0 0.2216867589 0 0 0 0 0 0 0 0 0 0 0 0 0 0 0 0.2720518689 0 0 0 0 0 0 0 0 0.5515788228 0 0 0 0 0 0 0 0 0 0 0 0 0 0 0 0 0 0 0 0 0 0 0 
0 0 0 0 0 0 0 0 0 0 0 0 0 0 0 0 0 0 0 0 0 0 0 0 0 0 0 0 0 0 0 0 0 0.04502379412 0 0 0 0.0686809919 0 0 0 0 0 0 0.0206790239 0 0 0.2022873296 0 0 0 0 0 0 0 0 0 0 0 0 0 0 0 0 0 0 0 0 0 0 0 0 0 0 0 0 0 0 0 0 0 0 0 0 0 0 0 0 0 0 0 0 0 0 0 0 0 0 0 0 0 0 0 0 0 0 0.04396931452 0 0 0 0 0 0 0 0 0 0 0 0 0 0 0.1690368446 0 0 0 0 0 0 0 0 0 0 0 0 0 0 0 0 0 0 0 0 0 0.006447292181 0 0 0 0 0 0 0 0 0 0 0 0 0 0 0 0.0246955299 0 0 0 0 0.1405933317 0 0 0 0 0 0 0 0 0 0 0 0 0 0 0 0 0 0 0 0 0 0 0.04791627986 0 0 0.0001083954789 0 0 0 0 0 0 0 0 0 0 0 0 0 0 0 0 0 0 0 0 0 0 0 0 0 0 0 0 0 0.04688453708 0.2505279427 0 0 0 0 0 0 0 0 0 0 0.005588438904 0.0003120193787 0 0 0 0 0 0 0 0 0 0 0 0 0 0 0 0 0 0.05290233089 0 0 0 0 
0 0 0 0 0 0 0 0 0 0 0 0 0 0 0 0 0 0 0.01366581722 0 0 0 0 0 0.1602856647 0 0 0 0 0 0 0 0 0 0 0 0 0 0 0 0 0 0 0 0 0 0 0 0 0.3017275089 0 0 0.1474611947 0 0 0 0 0 0 0 0 0 0 0 0 0 0 0 0 0 0 0 0 0 0 0 0 0 0.01932640949 0 0 0 0 0 0 0 0 0 0 0 0 0 0 0 0 0 0 0 0 0.08342904118 0 0 0 0 0 0 0 0 0 0 0 0 0 0 0 0 0 0 0 0 0 0 0 0 0 0 0 0 0 0 0 0 0.005844273754 0 0 0 0 0 0 0 0 0 0 0 0 0 0 0 0.3806414802 0 0 0.008551463653 0 0 0 0 0 0 0 0 0 0 0 0 0 0 0 0 0 0 0 0 0 0 0 0 0 0 0 0 0.05161752501 0 0 0 0 0 0 0 0 0 0 0 0 0 0 0 0 0 0 0 0 0 0 0 0 0 0 0 0 0 0 0 0 0 0 0 0 0 0 0 0 0 0 0 0 0 0 0 0 0 0 0 0 0 0 0 0.05311135381 0 0 0 0 0 0 0 0 0 0 0 0 0.5915316669 0 0 0 0 0 0 
0 0 0 0 0 0 0 0 0 0 0 0 0 0 0 0 0 0 0 0 0 0 0 0 0 0 0 0 0 0 0 0 0 0 0 0 0 0 0 0 0 0 0 0 0 0.001984315949 0 0 0 0 0 0 0 0 0 0 0 0 0 0 0 0 0 0 0 0 0 0 0 0 0.007330473617 0 0 0 0 0 0 0 0 0 0 0 0 0 0 0 0 0 0 0.06201617388 0.0523327863 0 0 0.2961667144 0 0 0 0 0 0 0 0 0 0 0 0 0 0 0 0 2.671596391e-06 0 0 0 0 0 0 0 0 0 0 0 0.01032829352 0 0 0 0 0 0 0 0 0 0 0 0 0 0 0 0 0 0 0 0 0 0 0 0 0.4060789249 0 0 0 0 0 0 0 0 0 0 0 0 0 0 0 0 0 0 0 0 0 0 0 0 0 0 0 0.01360616498 0 0 0 0 0 0 0 0 0 0 0 0 0 0 0 0 0 0 0 0 0 0 0 0 0 0 0 0 0 0 0 0 0 0 0 0 0 0 0 0 0 0.09110056873 0 0 0 0 0 0 0 0 0 0 0 0 0 0 0 0 0 0 0 0 0 0 0 0 0 0 0 0 0 0 0 0.04093381906 0 0.08041902909 0 0 0 0 
0 0 0 0 0 0 0 0 0 0 0 0 0 0 0.07552828203 0 0 0 0 0 0 0 0 0 0 0.02230882359 0 0 0 0 0 0 0 0 0 0 0 0 0 0 0 0 0 0 0 0.1264468662 0 0 0 0.02290199017 0 0 0 0 0 0 0 0 0 0 0 0 0 0 0 0 0 0 0 0 0 0 0 0 0 0 0 0 0 0 0 0 0 0 0 0 0 0 0 0 0 0 0 0 0 0 0 0 0 0 0 0 0 0 0 0 0 0 0 0 0 0 0 0 0 0 0 0 0 0 0 0 0 0 0 0 0 0 0 0 0 0 0 0 0 0 0 0 0 0 0 0 0 0 0 0 0 0 0 0 0 0 0 0 0 0 0 0.1962888657 0 0 0 0 0 0 0 0 0 0.07787165686 0.2772070749 0 0 0 0 0 0 0 0 0 0 0 0 0 0 0 0 0 0 0 0 0 0 0 0 0 0 0 0.02991892798 0 0 0 0 0 0 0 0 0 0 0 0 0 0 0 0 0 0 0 0 0 0 0 0 0 0 0 0 0 0 0 0 0 0 0 0 0 0 0 0 0 0.1579610887 0 0 0 0 0 0 0 0.2644319371 0 0 0 0 0 0 0 0 0.02276394379 
0 0 0 0 0 0 0 0 0.004357523784 0 0 0 0 0.07444339834 0 0.03614017729 0 0 0 0 0 0 0 0 0 0 0 0 0 0 0 0 0 0 0 0 0 0 0 0 0 0 0 0 0 0 0 0 0 0 0 0 0 0 0 0 0 0 0 0 0 0 0 0 0 0 0 0 0 0 0 0 0 0 0 0 0 0 0 0 0 0 0 0 0 0 0 0 0 0 0 0 0 0 0 0 0 0 0 0 0 0 0 0 0.03916011081 0 0 0 0 0 0 0 0 0 0 0 0 0 0 0 0 0 0 0 0 0 0 0 0 0 0 0 0 0.002083473219 0 0 0 0 0 0 0 0 0 0 0 0 0 0 0.6344784763 0 0 0.1309570294 0 0 0 0 0 0 0 0 0 0 0 0 0 0 0.4544329116 0 0 0 0 0 0 0 0 0 0 0 0 0 0 0 0 0 0 0 0 0 0 0 0 0 0 0 0 0 0 0 0 0 0 0 0 0 0 0 0 0 0 0.1826274804 0 0 0 0 0 0 0 0 0 0 0 0 0 0 0 0 0 0 0 0 0 0 0 0 0 0 0 0 0 0 0 0 0 0 0 0 0 0 0 0.4962962557 0 0 0 0 0 0 
0 0 0 0 0 0 0 0 0 0 0 0 0 0 0 0 0 0 0 0 0 0 0 0 0 0 0 0 0 0 0 0 0 0 0 0 0 0 0 0 0 0 0 0 0 0 0 0 0 0 0 0 0 0 0 0 0 0 0 0 0 0.233101742 0 0 0 0 0.1104152177 0 0 0 0 0 0 0 0 0 0.07679369958 0 0 0 0 0 0 0 0 0 0.006517601217 0 0 0 0 0 0.3353073595 0 0.04440485043 0 0.1259942247 0 0 0.0007897476773 0 0 0 0.07595596365 0 0 0.0486009925 0 0.322565615 0 0 0 0 0 0 0 0 0 0.01784659634 0 0 0.3233827195 0.4803524781 0 0 0 0 0 0 0 0 0 0 0 0 0 0 0 0 0 0 0 0 0 0 0 0 0 0 0 0 0 0 0 0 0 0 0 0 0 0 0 0 0 0 0 0 0 0 0 0 0 0 0 0 0 0 0 0 0 0 0 0 0.1682225584 0 0 0 0 0 0 0 0 0 0 0 0 0 0 0 0 0 0 0 0 0 0 0 0 0 0 0 0 0 0 0 0 0 0 0 0 0 0 0 0.05399733956 0 0 0.1282911215 0 0 0.05560302138 0 0.05501547926 0 0 0 0 0 0 0 0 0 0 0 0 0 0 0 0 0 0 0 0 0 0 0 0 
0 0.06042364006 0 0 0 0 0 0 0.03361961965 0 0 0 0.0789268002 0 0 0 0 0 0 0 0 0 0 0 0 0 0 0 0 0 0 0 0 0 0 0 0 0 0 0 0 0 0 0 0 0 0 0 0 0 0 0.06805265099 0 0 0 0 0 0 0 0 0 0 0 0 0 0 0 0 0 0 0 0 0 0 0 0 0 0 0 0 0 0 0 0.212875279 0 0 0 0.1560601301 0 0 0 0 0 0 0 0 0 0 0 0 0 0 0 0 0 0 0.094953825 0 0 0 0 0 0 0 0 0 0 0 0 0 0 0 0 0 0 0 0 0 0 0 0 0 0 0 0 0 0 0 0 0 0 0 0 0 0 0 0 0 0 0 0.052837327 0 0 0 0 0 0 0 0.3847693092 0 0 0 0 0 0 1.487901438 0 0 0 0 0 0 1.700037819 0 0 0 0 0 0 0 0 0 0 0 0 0 0 0 0 0 0 0 0 0 0 0 0 0 0 0 0 0 0 0 0 0 0 0.1040332059 0 0 0 0 0 0 0 0 0 0 0 0.09374382518 0 0 0 0 0 0 0 0 0 0 0 0 0 0 0 0 0.08248782286 0.0485684491 0 0 0.0570881373 0 0 0 0.002099115557 0 0 0 0 0.02616205996 0 0 0 0 0 0 
0 0 0 0 0 0 0 0 0.05521970187 0 0 0 0 0 0.0005875049443 0.08114819048 0 0 0 0 0 0 0 0 0 0 0 0 0 0 0 0.09764015954 0 0 0 0 0 0 0 0 0 0 0 0 0 0 0 0 0 0 0 0 0 0 0 0 0 0 0 0 0 0 0 0 0 0 0 0 0 0 0 0 0 0 0 0 0 0 0 0 0 0 0 0 0 0 0 0 0 0 0 0 0 0 0 0.1598711401 0 0 0 0 0 0 0 0 0 0 0 0 0 0 0 0 0 0 0 0 0 0 0 0 0 0 0 0 0 0 0 0 0 0 0 0 0 0 0 0 0 0 0 0 0 0 0 0 0 0 0 0 0 0 0 0 0 0 0 0.1024967336 0 0 0 0.132211137 0 0 0.04149255102 0.5782838939 0.1380245191 0 0 0 0 0 0 0 0 0 0 0 0 0 0 0 0 0 0 0 0 0 0 0 0 0 0 0 0 0 0 0 0 0 0 0 0 0 0 0 0 0 0 0 0 0 0 0 0.1964536384 0.006356889712 0 0 0 0 0 0 0 0 0.1997189983 0 0 0 0 0 0 0 0.01105469949 0 0 0.03948769733 0 0 0 0 0 0 0 0 0 0 0 0 0 0 0 0 0 0 0 0 0 0 
0 0 0 0 0 0.004786154563 0 0 0 0 0 0 0.08293401662 0 0 0 0 0 0.04905578624 0 0 0 0 0 0.188289534 0 0 0 0 0 0 0 0 0 0 0 0.4608051581 0 0 0 0 0 0.1787936272 0.1393696472 0 0 0 0 0.1740492248 0 0 0 0 0 0 0 0 0 0 0 0 0 0 0 0 0 0 0 0.1885217652 0.44148206 0 0 0 0 0 0 0 0 0 0 0 0 0 0 0 0 0 0 0 0 0.4230498249 0 0 0 0 0 0 0.004793150013 0 0 0 0 0 0 0 0 0 0 0 0 1.340504336 0 0 0 0 0.04043664652 0.05435326411 0 0 0 0 0 0 0 0 0 0 0 0 0 0 0 0 0 0 0 0 0 0 0 0 0 0 0 0 0 0.1831730745 0 0 0 0 0 0 0 0 0 0 0 0 0 0 0 0 0 0 0 0 0 0 0 0 0 0 0 0 0 0 0 0 0 0 0 0 0 0 0 0 0 0 0 0 0.02705605581 0 0 0 0 0 0 0 0 0 0 0 0 0 0 0 0 0 0 0 0 0 0 0 0 0 0 0 0 0 0 0 0 0 0 0.101114433 0 0 0 0 0 0 0 0 0 0 0 0 1.549265392 0 0 0 0 0 0 0 0 0 0 0 0 0 0 0 0 
0 0 0 0 0 0 0 0 0 0 0 0 0 0 0 0 0 0.4343677499 0 0 0 0 0.1031702372 0 0 0 0 0.1759040975 0 0 0 0 0 0 0 0 0 0 0 0 0 0 0 0.09804119494 0 0 0 0 0 0 0.01064860142 0 0 0.003363089773 0 0 0 0 0 0 0 0 0 0 0 0.4403222943 0 0 0 0 0 0 0 0 0 0 0 0 0 0 0 0 0 0 0 0 0.02966447164 0 0 0 0 0 0 0 0 0 0 0.4239412675 0 0 0 1.767551043e-05 0 0 0 0 0 0 0 0 0.03114672078 0 0 0 0 0 0 0 0 0 0 0 0 0 0 0 1.955270964 0 0 0 0 0 0.02638303154 0 0 0 0 0.2050976536 0 0 0 0 0.06644547047 0 0 0 0 0 0 0 0 0 0 0 0 0.0172565771 0 0 0 0 0 0 0 0 0 0 0 0 0 0 0 0 0 0 0 0 0 0 0 0 0 0 0 0 0 0 0 0 0 0 0 0 0 0 0 0 0 0 0 0 0 0 0 0 0 0 0 0 0 0 0 0.03216320041 0 0 0 0 0 0 0 0 0 0 0 0 0 0 0.1500947435 0 0 0 0 0 0 0 0 0 0 0 0.002191734541 0 0 0 0 0 0 0 0 0 0.04530495762 0 0 0 0 0 0 0 
0 0 0 0 0 0 0 0 0 0 0 0 0 0 0 0 0 0 0 0 0 0 0 0 0 0 0 0 0 0 0 0 0 0 0 0 0 0 0 0 0 0 0 0 0 0 0 0 0 0 0 0.07162187896 0 0 0 0 0 0 0 0 0.1215021596 0 0 0 0 0 0 0 0 0 0 0 0 0 1.425892052 0 0 0 0 0 0 0 0 0 0 0 0 0 0 1.210187306 0 0 0 0 0 0 0 0.1607744009 0 0 0 0 0 0 0 0 0 0 0 0 0 0 0 0 0 0 0 0.1406441808 0 0.2191528769 0.07706501996 0 0 0 0 0 0 0 0.05260154534 0 0 0 0 0 0.03357341377 0 0 0 0 0 0 0 0 0 0 0 0 0 0 0 0 0 0 0 0 0 0 0 0 0 0 0 0 0 0 0 0 0 0 0 0 0 0 0 0 0 0 0 0 0 0 0 0 0 0 0 0 0 0 0 0.01620665883 0 0 0 0 0 0 0 0.2017850823 0 0 0 0 0 0 0 0 0 0 0.06134648088 0 0 0 0 0 0 0 0 0 0 0 0.0006433635352 0 0 0 0 0 0.004528954791 0 0 0 0 0 0 0 0 0 0 0 0 0 0 0 0 0 0.2884406052 0 0 0 0 0.580674467 0 0 0 0 0 
0 0 0 0 0 0 0 0 0 0 0 0 0 0 0 0.009588538526 0 0 0 0 0 0 0 0 0 0 0.01305113206 0 0 0 0 0 0 0 0 0 0 0 0 0 0 0 0 0 0 0 0 0 0 0 0 0 0 0 0 0 0 0 0.1298966564 0 0 0 0 0 0 0.04381074433 0 0.3162586588 0 0 0 0 0 0 0 0 0 0 0 0 0 0 0.1017047245 0 0 0 0 0 0 0.1942783448 0 0 0 0 0 0 0 0 0 0 0 0 0 0 0 0 0 0 0 0 0 0 0 0 0 0 0 0 0 0 0 0 0 0 0 0 0 0 0 0 0 0 0 0 0 0 0 0 0.001490542961 0 0 0 0 0 0 0 0 0 0 0 0 0 0 0 0 0 0 0 0 0 0 0 0 0.1381787879 0 0 0 0 0 0 0.1293002249 0 0 0 0 0 0 0 0 0 0 0 0 0 0 0 0 0 0 0 0 0 0 0 0 0 0 0 0 0 0 0 0 0 0.2453387671 0.01627811444 0 0 0 0 0 0 0 0 0 0 0 0 0 0 0 0 0 0 0 0 0 0.08813556521 0 0 0 0 0 0 0 0 0.3778279415 0 0 0 0 0 0 0 0 0 0 0 0 0 0 0 0 0 0 0 
0 0 0 0 0 0 0 0 0 0 0 0 0 0 0 0 0.02607738225 0 0 0 0 0 0 0 0 0 0 0 0 0 0 0 0.01381352767 0.001141277359 0 0 0 0 0 0 0.1012992391 0 0 0 0 0 0 0 0 0 0 0 0 0 0 0 0 0 0 0 0 0.001087445072 0 0 0.1282458686 0 0 0 0 0 0 0 0 0 0 0 0 0 0 0 0 0 0.3901682229 0 0 0 0 0 0 0 0 0 0 0 0 0 0 0 0 0 0 0 0 0 0 0 0.310189892 0 0 0 0 0 0 0 0 0 0 0 0 0 0 0 0 0 0 0 0 0 0 0 0 0 0 0 0 0 0 0 0 0 0.1994009554 0 0 0 0 0 0 0 0 0 0 0 0 0 0 0 0 0 0 0 0 0 0 0 0 0 0 0 0 0 0 0 0 0 0 0 0 0 0 0 0 0 0 0 0 0 0 0 0 0 0 0 0 0 0 0 0 0 0 0 0 0 0 0 0 0 0 0 0 0 0 0 0 0 0 0 0 0.7183182089 0 0 0 0 0 0.1114799366 0 0 0 0.04970764794 0 0 0 0 0 0 0 0 0 0 0 0 0 0 0 0 0.486607671 0 0 0 0 0 0 0 0 0 0 0 
0 0 0 0 0 0 0 0 0 0 0 0 0.1887986732 0 0 0 0 0 0 0 0 0 0 0 0 0 0 0 0 0 0 0 0 0 0 0 0 0 0 0 0 0 0 0 0 0 0 0 0 0.1188154081 0 0 0 0 0 0 0 0 0 0 0 0 0 0 0 0 0.0006515898569 0.00142800175 0 0 0.075576742 0.2002307581 0 0 0 0 0 0 0 0 0 0 0 0 0.3239550215 0 0 0 0 0 0 0.09162018365 0 0 0 0 0 0.2116676248 0.6708446928 0 0 0 0 0 0 0 0 0 0 0 0 0 0 0 0 0 0 0 0 0 0 0 0 0 0 0 0 0 0 0 0 0 0 0 0 0 0 0 0 0 0 0 0 0 0 0 0 0 0 0 0 0 0 0 0 0 0 0 0 0 0 0 0 0 0 0 0 0.01671304043 0 0 0 0 0 0 0 0 0 0 0 0 0 0 0 0 0 0 0 0 0 0 0 0 0 0 0.1625093321 0 0 0 0 0 0 0 0 0 0 0 0 0 0 0 0 0 0 0 0 0 0 0 0 0 0 0 0 0 0.4859021415 0 0 0.007128404843 0 0 0 0 0 0 0 0 0 0 0 0 0 0 0 0 0 0 0 0 0 0 0 0 0 0 0 0 
0 0 0 0 0 0 0 0 0 0 0 0 0 0.055233603 0 0 0 0 0 0 0 0 0 0 0 0 0 0 0 0 0 0.005197649407 0.05786400072 0 0 0 0 0 0 0 0 0 0 1.618649847 0 0 0 0 0 0 0 0 0.1355169082 0 0 0 0.1897791727 0 0 0 0 0 0 0 0 0 0 0 0 0 0 0 0 0 0 0 0 0 0 0 0 0.233977745 0 0 0 0 0 0 0 0 0 0 0.1083759903 0 0 0 0 0 0 0 0 0 0.03198882404 0.0234369982 0 0 0 0 0 0 0 0 0 0 0 0 0 0 0 0 0 0 0 0.06366468676 0 0 0 0 0 0 0 0 0 0 0 0 0 0.1323753281 0 0 0 0 0 0 0.09586131748 0 0 0 0 0.4708634587 0 0 0 0 0 0 0 0 0 0 0 0 0 0 0 0 0 0 0 0 0 0 0 0.1647434233 0 0 0 0 0 0 0 0 0 0 0 0 0 0 0 0 0 0 0 0 0 0.8747301273 0.233391549 0 0 0 0 0 0 0 0 0 0 0 0 0 0 0 0 0 0 0 0 0 0 0 0 0 0 0 0 0 0 0.1720637328 0 0 0 0 0 0 0 0 0 0 0 0 0 0 0 0 0 0 0 0 0 0 0 0 0 0 0 0 
0 0 0 0 0 0 0 0 0 0 0 0 0 0 0 0 0 0 0 0.0002118489545 0 0 0 0 0 0 0 0 0 0 0 0 0 0 0 0 0 0 0 0 0.000223479797 0 0 0 0 0 0 0 0 0 0 0 0 0 0 0 0 0 1.377780579 0 0 0 0 0 0 0 0 0 0 0 0.1205258623 0 0 0 0 0 0 0 0 0 0 0 0 0 0 0 0.09053692723 0 0 0 0 0 0 0 0 0 0 0 0 0 0 0 0 0 0 0 0 0 0 0 0 0 0 0 0 0 0 0 0 0 0 0 0 0 0 0 0 0 0 0 0 0 0.005570733409 0 0 0 0 0 0 0 0.5833123534 0 0 0 0 0 0 0 0 0 0 0 0 0 0 0 0 0 0 0 0 0.9920849815 0.3540435072 0 0 0 0 0 0 0 0 0 0 0 0.0008495496358 0 0 0 0 0 0 0 0 0 0 0 0.8321649185 0 0 0 0.2064457734 0.2566841096 0 0 0 0 0 0 0 0 0 0 0 0 0 0 0 0 0 0.04655078347 0 0 0 0 0 0.03250038776 0 0 0 0 0 0 0 0 0 0.049826791 0 0 0 0 0 0 0 0.4566336023 0 0 0 0 0 0 0 0 0 0 0 0 0 0 0 0 0 0 0 0 0 0 
0 0 0 0 0 0 0 0 0 0 0 0 0 0 0 0 0 0 0 0 0 0 0 0 0 0 0 0 0 0 0 0 0 0 0 0 0 0 0 0 0 0 9.449983254e-06 0 0 0.0623689437 0 0 0 0 0.0007964824736 0 0 0 0 0 0 0 0 0 0 0 0 0 0.01863318939 0 0 0 0 0 0 0 0 0 0 0 0 0 0 0 0 0 0 0 0 0 0 0 0 0 0 0 0 0 0 0 0 0 0 0 0 0 0 0 0 0 0 0 1.141390885 0 0 0 0 0 0 0 0 0 0 0 0 0 0 0.073340896 0 0 0 0 0 0.07145027493 0 0 0 0 0 0 0 0 0 0 0 0 0 0.1972672355 0 0 0 0 0 0 0.3231264786 0.1845284129 0 0 0 0 0 0 0 0 0 0 0 0 0 0 0 0 0 0 0 0 0 0 0 0 0 0 0.2283230832 0 0 0 0 0 0 0 0 0 0 0 0 0 0 0 0 0 0 0 0 0 0 0 0 0 0 0 0 0 0 0 0 0.4017123844 0 0 0 0.5154508842 0 0 0 0 0 0 0 0 0 0 0 0 0 0 1.117387557 0 0 0 0 0 0 0 0 0 0 0 0 0 0 0 0 0 0 0 0 0 0 0 0 0 
0.3144431862 0 0.02987321486 0 0 0 0 0 0 0 0 0 0 0 0 0 0 0.3338064563 0 0 0 0 0 0 0 0 0 0 0 0 0 0 0 0 0 0 0 0 0 0 0 0 0 0 0 0 0 0 0 0 0 0 0 0 0 0 0 0 1.554817459 0 0 0 0.09418268222 0 0 0 0 0 0 0 0 0 0 0 0 0 0 0 0 0 0.2289018451 0 0 0 0 0 0 0 0 0 0 0 0 0 0 0 0 0 0 0 0 0 0 0 0 0.1351754125 0 0 0 0 0 0 0 0 0 0 0.8631094894 0.2626409599 0 0 0 0 0 0 0 0 0 0 0 0 0 0 0 0 0 0 0 0 0 0 0 0 0 0 0 0 0 0 0 0 0 0 0.03641017742 0 0 0 0 0 0 0 0 0 0.3079206422 0 0 0 0 0 0 0 0 0 0 0 0 0 0 0 0.09434351237 0 0 0 0 0.04076815088 0 0 0 0 0 0 0 0 0 0 0 0.05525800041 0 0 0 0 0 0 0 0 0 0 0 0 0 0.1685878852 0 0 0 0 0 0 0 0 0.09982422125 0.5051203605 0 0 0 0 0 0.05364401403 0 0 0 0 0 0 0 0 0 0 0 0 0 0 0 0 0 0.0001399303214 0 0 0 0 0 0 0 0 0 0 0 0 
0 0 0 0 0 0 0.03714161909 0 0 0 0 0 0 0 0 0 0 0 0 0 0 0 0 0 0 0 0 0 0 0 0 0 0.09281031647 0 0 0 0 0 0 0 0 0 0 0 0 0 0 0 0 0 0 0 0 0 0 0.2263105084 0 0 0 0 0 0 0 0 0 0 0 0 0 0 0 0 0 0 0 0 0 0 0 0 0 0 0 0 0 0 0 0 0 0 0 0 0 0 0 0 0 0 0 0 0 0 0 0 0 0 0 0 0 0.1798664202 0 0 0 0 0 0 0 0 0 0 0 0 0 0 0 0 0 0 0 0 0 0 0 0 0.2776142394 0 0 0 0 0 0 0 0 0 0 0 0 0 0 0 0 0 0 0 0 0.1253003738 0 0 0 0 0 0 0 0 0 0 0 0 0 0 0 0 0 0 0 0 0 0 0 0 0.3794354477 0 0 0 0 0 0 0 0 0 0 0.4712871345 0 0 0 0 0 0 0.132644056 0 0 0 0 0 0 0 0 0 0 0 0 0 0 0 0 0 0 0 0 0 0 0 0 0 0 0 0.9493526297 0 0 0 0 0 0 0 0 0 0 0 0 0 0 0 0 0 0 0 0 0.232304682 0 0 0 0 0 0 0 0 
0 0 0 0 0 0 0 0 0 0 0 0 0 0 0 0 0 0 0 0 0 0 0 1.268368801 0.9832251329 0 0 0 0 0 0 0 0 0 0 0 0 0 0 0 0 0 0 0 0 0 0 0 0.2893324398 0 0 0 0 0 0 0 0 0.00713305164 0 0 0 0 0 0 0 0 0 0 0 0 0 0 0 0 0 0 0 0 0 0 0 0.1202942294 0 0 0 0 0 0 0 0 0 0 0 0 0 0 1.076332867 0 0 0 0 0 0 0.1453445996 0 0.09053179667 0 0 0 0 0 0 0 0 0 0 0 0.1145864677 0 0.4661560161 0 0 0 0 0 0 0 0 0 0 0 0 0 0 0 0 0 0 0 0 0 0 0 0 0 0 0 0 0 0.1114804089 0 0 0 0 0 0 0 0 0 0 0 0 0 0 0 0 0 0 0 0 0 0.1299477173 0 0 0 0 0 0 0 0 0 0 0 0 0 0 0 0 0 0 0 0 0 0 0 0 0 0 0 0 0 0 0 0 0 0 0 0 0 0 0 0 0 0 0 0 0 0 0 0 0 0 0 0 0 0 0 0 0 0 0 0 0 0 0 0 0.07857210468 0 0 0 0 0 0 0 0 0 0 0.005266098614 0 0 0 0 0 0 0 0 
0 0 0 0 0 0 0 0 0 0 0 0 0 0.08864235033 0 0 0 0 0 0 0 0 0 0 0 0 0.09190160541 0 0 0 0 0 0 0 0 0 0 0 0 0 0 0 0 0 0 0 0 0 0 0 0 0 0.007212911467 0 0 0 0 0 0 0 0.1759459385 0 0 0 0 0 0 0 0 0 0 0.4180492743 0 0 0.06633352476 0 0 0 0 0 0 0 0 0 0 0 0 0 0 0 0 0 0 0 0 0 0 0 0 0 0 0 0 0 0 0.5061677905 0 0.005559373705 0 0 0 0.7213978025 0 0 0 0 0 0 0 0 0 0 0 0 0 0 0 0 0 0 0 0 0 0 0.002528423304 0 0 0 0 0 0 0 0 0 0 0 0 0 0 0 0 0 0 0 0 0 0 0 0 0 0 0 0 0 0 0 0 0 0 0 0 0 0 0 0 0 0 0 0 0 0 0 0 0 0 0 0 0 0 0 0 0 0 0 0 0 0 0 0.05053742243 0 0 0 0 0 0 0 0 0 0 0 0 0 0 0 0 0 0 0 0 0 0.006056779874 0 0 0 0 0 0 0 0 0 0 0 0 0 0 0 0 0 0 0 0 0 0.05551049514 0 0 0 0 0 0 0.1399403117 0 0 0 0 0 0 
0 0 0 0 0.0004996180368 0 0 0 0 0 0 0 0 0 0 0 0 0 0 0 0 0 0 0 0 0 0 0 0 0 0 0 0 0 0 0 0 0 0 0 0 0 0 0 0 0 0 0 0 0 0 0 0 0 0 0 0 0 0 0 0 0 0 0 0.02060031319 0 0 0 0 0 0 0 0 0 0 0 0 0 0 0 0.1164622216 0 0 0 0 0 0 0 0 0 0 0 0 0 0 0 0 0 0 0 0 0 0 0 0 0.3205062168 0.4557969807 0 0 0 0 0 0 0 0 0 0 0 0 0 0 0 0 0 0 0 0.2546723391 0 0 0 0 0 0 0 0 0 0 0 0 0 0 0 0 0 0 0 0 0 0 0 0 0 0 0 0 0.3146691707 0 0.681397255 0 0 0 0 0 0 0 0 0 0 0 0.3383721005 0 0 0 0 0.04737257186 0 0 0 0 0 0 0.02931854169 0 0 0 0 0 0 0 0 0 0 0 0 0 0 0 0 0 0 0 0 0 0 0 0 0 0 0 0 0 0 0 0 0 0 0 0 0 0 0 0 0 0 0 0 0 0 0 0 0 0 0 0 0 0 0.9031498416 0 0 0 0 0 0 0 0 0 0 0 0 0 0 0 0 0 0.2456402473 0 
0.06554222518 0.02565787184 0 0.04588160349 0 0 0 1.179027997 0 0 0 0 0 0 0 0 0 0 0 0 0 0 0 0 0 0 0 0 0 0 0 0 0 0 0 0 0 0.5096123113 0.006626062054 0 0 0 0.0006812276826 0 0 0 0 0.001588023326 0 0 0 0 0 0 0 0 0 0 0 0 0 0 0 0 0 0 0 0 0 0 0 0 0 0 0 0 0 0 0 0 0 0 0 0 0 0 0 0 0 0 0 0 0 0 0 0 0 0 0.64970083 0 0 0 0 0 0 0 0 0 0 0 0 0 0 0 0 0 0 0 0 0 0 0 0 0 0 0 0 0 0 0 0 0 0 0 0 0 0 0 0 0 0 0 0 0 0 0 0 0 0 0 0 0 0 0 0 0 0 0 0 0 0 0 0.1184433423 0 0 0 0 0 0 0 0 0 0 0 0 0 0 0.04643843474 0 0 0 0 0 0 0 0 0 0 0 0 0 0 0 0 0 0 0 0 0 0 0 0 0 0 0 0 0 0 0 0 0 0 0 0 0 0 0 0 0 0.01540316024 0 0 0 0 0 0 0 0 0 0 0 0 0 0 0 0 0 0 0 0 0 0 0 0 0 0 0 0 0 0 0 0 0 0 0 0 
0 0.004072373202 0 0 0 0 0 0 0 0 0 0 0 0 0 0 0 0 0 0 0 0 0 0 0 0 0 0 0.04838909733 0 0 0 0 0 0 0 0 0 0 0 0 0 0 0 0 0 7.838868723e-06 0 0 0 0 0 0 0 0.01878488766 0 0 0.1552425196 0 0 0 0 0 0 0 0.1239141848 0 0 0 0 0 0 0 0 0 0 0 0 0 0 0 0 0 0 1.510650975 0 0 0 0 0 0 0 0 0 0.07814256181 0 0 0 0 0 0 0 0 0 0 0.4346764099 0 0 0 0.193910123 0.01098568023 0 0 0 0 0 0 0 0 0 0 0 0 0 0 0 0 0 0 0 0 0 0 0 0 0 0 0 0 0 0 0 0 0 0 0 0 0 0 0 0 0 0 0.0310794832 0 0 0 0 0 0 0 0 0 0 0.04337371814 0 0 0 0 0 0 0 0 0 0 0 0 0 0 0 0 0 0 0.4498038758 0 0 0 0.06317432583 0 0 0 0 0 0.1972140903 0 0 0 0 0 0 0.4818268382 0 0 0 0 0 0 0 0 0 0 0 0 0 0 0 0 0 0 0 0 0 0 0 0.1014822993 0 0 0 0 0 0 0 0.03099317765 0.0006484708995 0 0 0 0 0 0 0 0 0 0 0 0 0 0.05372000291 0 0 0 0 0 0 0 0 
0.1228762238 0 0 0 1.474457658 0 0 0 0 0.06776142573 0 0 0 0 0 0 0.3916603905 0.2680392045 0 0 0 0 0 0 0 0 0 0 0 0 0 0 0 0 0 0 0 0 0 0 0 0 0 0 0.2456349581 0 0 0 0 0 0 0 0 0 0 0 0 0 0 0 0 0 0 0 0 0 0.5100446802 0 0 0 0 0 0 0 0 0 0 0 0 0 0 0 0 0.1672911234 0 0 0 0 0 0 0 0 0.0165178323 0 0 0 0 0 0 0 0 0 0 0 0 0 0 0 0 0 0 0 0 0 0.5311720118 0 1.503172967 0 0 0 0 0 0 0 0 0 0 0 0 0 0 0 0 0 0 0 0 0 0 0.1250417915 0 0 0 0 0 0 0 0 0 0 1.643180437 0 0 0 0 0 0 0 0 0 0 0 0 0.1182592634 0 0 0 0 0 0 0 0 0 0 0.1000433462 0 0 0 0 0.01784800325 0 0 0 0 0 0 0 0.1889375334 0 0 0 0 0 0 0 0 0 0 0 0 0 0 0 0 0 0 0 0 0 0 0 0 0.3383454281 0 0 0 0 0 0 0 0 0 0 0 0 0 0 0 0 0 0 0 1.143493025 0 0 0 0 0 0 0 0 0 0 0 0 0 0 0 0 0 0 0 0 0 0 0 
0 0 0 0 0 0 0 0 0.3788104302 0 0 0 0 0 0 0 0 0 0 0 0 0 0.9615668595 0 0 0 0 0 0 0 0 0.08290881221 0 0 0 0 0 0 0.08761931219 0 0 0 0 0 0 0 0 0 0 0 0 0 0 0 0 0 0 0 0 0 0 0 0 0 0 0 0 0 0 0 0 0 0 0 0 0 0 0 0 0.04333035127 0 0 0 0 0 0 0 0 0 0 0.06711021349 0 0 0 0 0 0 0 0 0 0 0 0 0 0 0 0 0 0 0 0 0 0 0 0 0 0 0 0 0 0 0 0 0 0 0 0 0 0 0 0 0 0 0 0 0 0 0 0 0 0 0 0 0 0 0 0 0 0 0 0 0 0 1.022035803 0 0 0 0 0 0 0 0 0 0 0 0 0 0 0 0 0 0 0 0 0 0 0 0 0 0 0 0 0 0 0 0 0 0 0.07744781472 0 0 0 0 0 0 0 0 0 0.1695427174 0 0 0 0 0 0 0 0 0 0 0 0 0 0 0 0 0 0 0 0 0 0 0 0 0 0 0 0 0 0 0 0 0 0 0 0 0 0 0 0 0 0 0 0 0 0 0.7473891744 0 0 0 0 0 0 0 0 0 0 
0 0 0 0 0 0 0 0 0 0 0 0 0 0 0 0.01990405119 0 0 0 0 0 0 0 0 0 0 0 0.112919143 0 0 0 0.1500447462 0 0 0 0 0 0 1.480861868 0 0 0 0 0 0 1.014490477 0 0 0 0 0 0 0 0 0 0 0 0 0 0 0 0 0 0 0 0 0 0 0 0 0 0 0 0.539014012 0 0 0 0.06682048294 0 0 0.5344677132 0 0 0 0 0 0 0 0 0 0 0 0 0 0 0 0 0 0 0 0 0 0 0 0 0 0 0 0 0.1201260419 0 0 0 0.2795969691 0 0 0 0 0 0 0 0 0 0 0 0 0 0.003986622857 0 0 0 0.006509547451 0 0 0 0 0 0.009931739762 0.3077916434 0 0 0 0 0 0 0 0 0 0 0 0 0 0 0 0 0 0.01011427661 0 0 0.1836399977 0 0 0 0 0 0 0 0 0 0 0 0 0 0 0 0 0 0 0 0 0 0 0 0 0 0 0.2257583453 0 0 0.002625600344 0 0.05884449865 0 0 0 0 0 0 0 0 0.2401544133 0 0.475737248 0 0 0 0 0 0.006468805951 0 0 0 0 0 0 0 0 0 0 0 0.1742225858 0 0 0 0 2.445190865e-05 0 0 0 0 0 0.01919114747 0.4639892319 0 0 0 0 0 0 0 0 0 0 0 0 0 0 0 0 0 0.03099330075 0 0 0 0.9367980053 0 
0 0 0.215185837 0 0 0 0 0 0 0 0 0 0 0 0 0 0 0 0 0 0 0 0 0 0 0 0 0 0 0.5083899012 0 0 0 0 0 0 0 0 0 0 0 0 0 0 0 0 0 0 0 0 0.02411436444 0 0 0 0 0 0 0 0 0 0.1250707381 0 0 0 0 0 0.2377292855 0 0 0 0 0 0.03522461107 0 0 0 0 0.001672186592 0 0 0 0 0 0 0.03865535204 0 0 0 0 0 0 0 0 0 0 0 0 0 0 0 0 0 0 0 0 0 0 0.135616061 0 0 4.385125761 0 0 0 0 0 0 0 0 0 0 0 0.4008919952 0 0.003313530934 0 0 3.289262572 0 0 0 0 0 0 0 0 0 0 0 0 0 0 0 0 0 0 0 0 0 0 0 0 0 0 0 0 0 0.01215721544 0 0 0 0 0 0 0 0 0 0 0 0 0 0 0 0 0.02045136813 0 0 0 0 0 0 0 0 0 0 0 0 0 0 0 0 0 0 0 0 0 0 0 0 0 0 0 0 0 0 0 0 0.1741167038 0 0 0 0 0 0 0 0 0.0522529666 0 0 0 0 0 0 0 0 0 0 0 0 0 0 0 0 0 0 0 0 0 0 0 0 0 0 0 0 0.1093998582 0 0 0.01663618688 0 0 0.03499311697 0 0 0.07726199959 0 
0 0 0 0 0 1.040200078 0 0 0 0 0 0 0 0 0 0.0002161426228 0 0 0 7.341133175e-05 0 0 0 0 0 0 0 0 0 0 0 0 0 0 0.154794456 0 0 0 0 0 0 0 0 0 0 0 0 0 0 0 0 0 0 0 0 0 0 0 0 0 0 0 0 0 0 0.078771069 0 0 0 0 0 0 0 0 0 0 0 0 0 0 0 0 0 0 0 0 0 0 0 0 0 0.4930854247 0 0 0 0 0 0 0 0 0 0 0 0 0.3609734527 0 0 0 0 0 0 0 0 0 0 0 0 0 0.014870144 0 0 0 0 0 0 0 0 0 0 0 0 0 0 0 0 0 0 0 0 0 0 0 0 0 0 0 0 0 0 0 0 0 0 0 0 0 0 0 0 0 0 0.3647350745 0 0 0 0 0 1.340948809 0 0 0 0 0 0.08419148168 0 0 0 0 0 0 0 0 0 0 0 0 0 0 0 0 0.388172724 0 0.2489135565 0 0 0 0 0 0 0 0 0 0 0 0 0 0 0 0 0 0 0 0 0 0 0 0 0 0 0 0 0 0 0 0 0.1735930734 0 0 0 0 0 0 0.006472475816 0 0 0 0 0 0 0 0 0 0 0 0 0 0 0 0 0.1195224217 0 0 0 0 0 0 
0 0 0 0.2764962508 0 0 0 0 0 0 0 0 0 0 0 0 0 0 0 0 0 0 0 0 0 0 0 0 0 0 0 0 0 0 0 0 0 0 0 0 0 0 0 0 0 0 0 0 0 0 0 0 0 0 0 0 0 0 0 0 0 0 0 0 0 0 0 0 0 0 0.3781868749 0 0 0 0 0 0 0 0 0 0 0 0 0 0 0 0 0 0 0 0 0 0 0 0 0 0 0 0 0 0 0 0 0 0 0 0 0 0 0 0 0 0 0 0 0 0 0 0 0 0 0 0 0 0 0 0 0 0 0 0.5327730864 0 0 1.535122389 0.3800280519 0 0 0 0.1588464592 0 0 0 0 0 0 0 0 0 0 0 0 0 0 0 0 0 0 0 0 0 0 0 0 0 0 0 0 0 0 0.1692939327 0 0 0 0 0 0 0 0 0 0 0 0 0 0 0 0 0 0 0 0 0 0 0 0 0 0 0 0 0 0 0 0 0 0 0 0 0 0 0 0 0 0 0 0 0.009446932117 0 0 0 0 0 0 0 0.2370650253 0 0 0 0 0.1427758646 0 0.1040679968 0 0 0 0 0 0 0 0 0.06787615225 0 0 0 0 0.5186897183 0 0 0 0 0.0006559455684 0 0 0 0 0 0 0 
0 0 0 0 0 0 0 0 0 0 0 0 0 0 0 0 0 0 0 0 0 0 0 0 0 0 0 0 0 0 0 0 0 0.008725533324 0 0 0 0 0 0 0 0 0 0 0 0 0 0 0 0 0 0 0 0 0.01999354454 0 0 0 0 0 0 0 0 0 0 0 0.3480295573 0 0 0 0 0 0 0 0 0 0 0 0 0 0 0.05962936675 0 0 0 0.4420350832 0 0 0 0 0 0 0 1.521303731 0 0 0 0 0 0 0 0 0 0 0 0 0.9787222068 0 0 0 0 0 0 0 0 0 0 0 0 1.568164027 0 0 0 0 0 0 0 0 0 0 0 0 0 0 0 0 0 0 0 0 0 0 0 0 0 0 0 0 0 0 0 0 0 0 0 0 0 0 0 0 0 0 0 0 0 0 0 0 0 0.0824847723 0 0 0 0 0 0 0 0.365629959 0 0 0 0 0 0 0 0.1900014419 0 0 0.081911674 0 0 0 0 0 0 0 0 0 0 0 0 0 0 0 0 0 0 0 0 0 0 0 0 0 0 0 0 0 0 0 0 0 0 0 0 0 0 0 0 0 0 0.1580868086 0 0 0 0 0 0 0 0 1.58493627 0.1855762567 0 0 0 0 0 0 0 0 0 0 0 0 0 0 
0 0 0.008405907728 0 0 0 0 0 0 0 0 0 0 0 0 0 0 0 0 0 0 0 0 0 0 0 0 0 0 0 0 1.347576585 0 0 0 0 0 0 0 0 0 0 0 0 0 0 0.02406570405 0 0 0 0 0 0 0 0 0 0 0 0 0 0 0 0 0.3809745465 0 0 0 0 0 0 0 0 0 0 0 0 0 0 0 0 0 0.5923749062 0 0 0 0.3970111674 0 0 0 0 0 0 0 0 0 0 0.5495760197 0 0.2463939612 0 0 0 0 0 0 0 0 0 0 0 0 0 0 0 0 0 0 0.01181086515 0 0 0 0 0 0 0 0 0 0 0 0 0 0 0 0 0.5283349685 0 0 0 0 0 0 0 0 0 0 0 0 0 0 0 1.185551317 0 0 0 0 0 0 0 0 0 0 0 0 1.044918525 0 0 0 0 0 0 0 0 0 0 0 0 1.371069008 0 0 0 0 0 0 0 0 0 0 0 0 0 0 0 0 0 0 0 0 0 0.1909808769 0 0 0 0 0 0.03418381256 0 0 0 0 0 0 0 0 0 0 0 0 0 0 0 0 0 0 0 0 0 0 0 0 0 0 0 0 0 0 0 0 0 0 0 0 0 0 0 0 0 0 0 0 0 0 0 0 0 0 0 
0 0 0 0 0 0 0 0 0 0 0 0 0 0 0 0 0 0 0 0 0 0 0 0 0 0 0.04187145203 0 8.560545237e-05 0 0 0 0.109353807 0 0 0 0 0 0 0 0 0.07392577959 0 0 0 0 0 0 0 0 0 0 0 0 0 0 0 0 0 0 0 0 0 0 0 0 0 0 0 0 0 0 0 0 0.02855867924 0 0 0 0 0 0 0.04366268923 0 0 0 0.7490871517 0 0 0 0 0 0 0 0 0 0 0 0 0 0 0 0 0 0 0 0 0 0 0 0.2811012065 0 0 0 0 0 0 0 0 0 0 0 0 0 0 0 0 0 0 0 0 0 0 0 0 0 0 0 0 0 0 0 0 0 0 0 0 0 0 0 0 0 0 0 0 0 0 0 0.2138474213 0 0 0 0 0 0 0 0 0 0 0 0 0 0 0 0 0 0 0 0 0 0 0.1784713832 0 2.409820868 0 0 0 0 0 0 0 0 0 0 0 0 0 0 0 0 0 0 0 0 0 0 0 0 0 0 0 0 0 0 0 0 0.1165377729 0 0 0 0 0 0 0 0 0 0 0 0 0 0 0 0 0 0 0 0 0.01889373535 0 0 0 0 0 0 0 0 0 0 0 0 0 0 0 0 0 0 0 
0 0 0 0 0 0 0 0 0 0 0 0 0 0 0 0 0 0 0 0.0006833228039 0 0 0 0 0 0 0 0 0 0 0 0 0 0 0 0 0 0 0 0 0 0 0.5053475959 0 0 0 0 0 0 0 0 0 0 0 0 0 0 0 0 0 0 0 0 0 0 0 0 0 0 0 0 0 0 0 0 0 0 0 0 0 0 0 0 0 0 0 0 0 0 0 0 0.1063453192 0 0 0 0 0 0.008444543019 1.505241548 0 0 0 0 0 0.1692053159 0 0 0 0 0 0 1.013686593 0 0 0 0 0 0 0 0.7764760216 0 0 0 0 0 0 0 0 0 0 0 0 0 0 0 0 0 0 0 0 0 0 0.771439432 0 0 0 0 0 0 0 0 0 0 0 0 0 0.1881654895 0 0 0 0 0 0 0 0 0 0 0 0 0 0.6755972015 0 0 0 0 0 0 0 0 0 0 0 0 0 0 0 0 0 0 0.003545188637 0 0 0 0 0 0 0 0.002305658867 0.07438064551 0 0 0.2029348844 0 0 0 0 0 0 0 0 0 0 0 0 0 0 0 0 0 0 0 0 0 0 0 0 0 0 0 0 0 0 0 0 0 0 0 0 0 0 0 0 0 0 0 0 0 0 0 0 0 0.4717881654 0 0.1736171636 0 0 
0.1501549377 0 0 0 0 0.03265429038 0.5064722175 0 0 0 0 0 0 0 0 0 0 0.05382047381 0 0 0 0 0 0 0 0 0 0 0 0 0 0.9269876194 0 0 0 0 0 0 0 0 0 0 0 0 0 0 0 0.2124245594 0 0.394217394 0 0 0 0 0 0 0 0 0 0 0 0 0 0 0 0 0.2057965754 0.3675938985 0 0 0 0 0.2976111329 0 0 0 0 0 0 0 0 1.706121774 0 0 0 0 0 0 0 0 0 0 0 0 0 0 0 0 0 0 0 0 0 0 0 0 0 0 0 0 0 0 0 0.03045931644 0 0 0 0 9.845164797 0 0 0 0 0 0 0 0 0 0 0 0 0 0 0.01302386232 0 0 0 0.6344761018 0 0 0 0 0 0 0 0 0 0 0 0 0 0 0 0 0 0 0 0 0 0 0 0 0 0 0 0 0 0 0 0 0.8860253768 0 0 0 0 0 0 0 1.107585403 0 0 0 0 0 0 0 0 0 0 0 0 0 0 0 0.2603716472 0 0 0 0 0 0 0 0 0 0 0 0 0 0 0 0 0 0 0 0 0 0 0 0 0 0 0 0 0 0 0 0 0 0 0 0 0 0 0 0 0 0 0 0 0 0 0 0 0 0 0 0 0 0 0 0 0 0 0 0 0 
0 0.08064062358 0 0 0 0 0 0 0 0 0 0 0 0 0 0 0 0 0 0 0 0 0 0 0 0 0 0 0 0 0 0 0 0 0 0 0 0 0 0 0 0 0 0 0 0 0 0 0 0 0 0 0 0 0 0 0 0 0 0 1.412430706 0 0.07655060667 0 0 0 0 0 0 0 0 0 0 0 0 0 0 0 0 0 0 0 0 0 0 0 0 0 0 0 0 0 0 0 0 0 0 0 0 0 0 0 0 0 0 0 0 0 0 0 0 0 0 0 0 0 0 0 0.1944341347 0 0 0 0 0 0 0 0 0 0 0 0 0 0 0 0 0 0 0 0 0 8.633797597 0 0 0 0 0 0.1859451392 0 0 0 0 0 0 0 0 0 0 0 0 0 0 1.632283756 0 0 0 0 0 0 0 0 0 0 0 0 0 0 0 0 0 0 0 0 0 0 0 0 0 0 0 0 0 0 0.6138650876 0 0 0 0.06183434501 0 0 0 0 0 0 0 0 0 0.5291216482 0 0 0 0 0 0 0 0 0 0 0 0 0 0 0 0 0 0 0 0 0 0 0 0 0 0 0 0 0 0 0 0 0.03582919195 0 0 0 0 0 0 0.2935932239 0.7642029349 0 0 0.04852358965 0.7037473536 0 0 0 0 
0 0 0 0 0 0 0 0 0 0 0 0 0 0 0 0 0 0 0 0 0 0 0 0 0 0 0 0 0 1.553335466 0 0 0 0 0 0 0 0 0 0 0 0 0 0 0 0 0 0 0 0 0 0 0 0.01211412459 0 0.323810558 0 0 0 0 0 0 0 0 0 0 0 0 0 0 0 0 0 0 0 0 0 0 0 0 0 0 0 0 0 0 0 0 0 0 0 0 0 0 0 0 0 0 0 0 0 0 0 0 0 0 0 0 0 0 0 0 0 0 0 0 0 0 0 0 0 0 0 0 0 0 0 0 0 0 0 0 0 0 0 0 0.003514802206 0.05725073837 0 0.3429242492 0 0 0 0 0 0 0 0 0 0 0 0 0 0 0 0 0 0 0 0 0 5.587445223 8.008411982 0 0 0 0 0 0 0 0 0 0 0 0 0.1192162187 0 0 0 0 0 0 0 0 0 0 0 0 0 0 0 0 0 0 0 0 0 0 0 0.5088161684 0 0 0 0 0 0 0.1832953977 0 0 0 0 0 0 0 0 0 0 0 0 0 0 0 0 0 0 0 0 0 0 0 0 0 0 0 0 0 0 0 0 0 0 0 0 0 0.1097140457 0 0 0 0 0 0 0 0 0 0 0 
0 0 0 0 0.0833246732 0 0 0 0 0 0 0 0 0 0 0 0 0 0 0 0 0 0 0 0 0 0 0 0 0 0 0 0 0 0 0 0 0 0 0 0 0 0 0 0 0 0 0 0 0 0 0 0 0 0 0 0 0 0 0 0.2940849373 0 0 0 0 0 0.03291942195 0 0 0 0 0 0 0 0 0 0 0 0 0 0 0 0 0 0 0.287359587 0 0 0 0 0 0 0 0 0 0 0 0 0 0 0 0 3.714138645 0 0 1.043842026 4.428999376 0 0 0 0 0 0 0 0 1.381656347 0 0 0 0 0 0 0 0 0 0.4944913985 0 0 0 0 0 0 0 0 0 0 0 0 0 0 0 0 0 0 0 0 0 0 0 0 0 0 0 0 0.4545017242 0 0 0 0 0 0 0 0 0 0 0 0 0 0 0 0 0 0 0 0 0 0 0 0 0 0 0 0 0 0 0 0 0 0 0 0 0 0 0 0 0 0 0.2306863607 0 0 0 0 0 0 0 0 0 0 0 0 0.2000523931 0.2094215576 0 0 0 0 0 0 0 0 0 0 0 0 0 0 0 0 0 0 0 0 0 0 0 0 0 0 0 0 0 0 0 0 0 0 0 0 0 0 0 0 0 0 0 0 
0 0.08132943252 0 0 0 0 0 0 0 0 0 0 0 0 0.5363819512 0 0 0 0 0 0 0 0 0 0 0 0 0 0 0 0 0.1656600118 0 0 0 0 0 0 0 0 0 0 0.224835086 0 0 0 0 0 0 0 0 0.245549633 0.01775330415 0 0 0 0 0 0 0 0 0 0.1351523123 0 1.223422516 0 0 0 0 0 0 0 0 0 0 0 0 0.3110795123 0 0 0 0 0 0 0 0 0 0 0 0 0 0 0 0 0 0 0 0 0 0 0 0 0 0 0 0 0 0 0 0 0 0 0 0 0 0 0 0.01464566851 0 0 0 0 0 0 0 0 0 0 0 0 0 0 0 0 0 0 0.6413560975 0 0 0 0 0 0 0 0.1599881115 0 0 0 0 0 0 0 0 0 0 0 0 0 0.2244208705 0 0 0 1.060998618 0 0 0 0 0 0 0 0 6.526616786 0 0 0 0 0 0 0 0 0 0 0 0 0 1.708759043 0 0 1.495444556 0 0 0 0 0 0 0 0 0 0 0 0.3102061226 0 0 0 0 0 0 0 0 0 0 0 0 0 0 0 0 0 0 1.145027287 0 0 0 0 0 0 0 0 0 0 0 0 0 0 0 0 0 0 0 0 0 0 0 0 0 0 0 0 0 0 0 0 0 0 0 0 
0 0 0 0 0 0 0 0 0 0 0 0 0 0 0 0 0 0 0 0 0 0 0 0 0 0 0 0.1787932115 0 0 0 0 0 0 0 0 0 0 0 0 0 0 0 0 0 0 0 0 0 0 0 0 0 0 0 0 0 0 0 0 0 0 0 0 0 0 0 0 0 0 0 0 0 0 0 0 0 0 0 0 3.497253557 0 0 0 0 0 0 0 0 0.1382751238 0 0 0 0.4874503769 0 0 0 0.3198713782 0 0 0 0 0 0 0 0 0 0 0 0 0 0 0 0 0 0 0 0 0 0 0 5.551230332 0 0 0 0 0 0 0 0 0 0 0 0 0 0 0 0 0 0 0 0 0 0 0 0 0 0 0 0.1410969146 0 1.301664458 0 0 0 0 0 0 0 0 0 0 0 0 0 0 0 8.813213575 0 0 0 0 0 0 0 0 0 0 0 0.1974886741 0 0 0 0 0 0 0 0 0 0 0 0 0 0 0 0 0 0 0 0 0 0 0 0 0 0 0 0 0 0 0 0 0 0 0 0 0 0.319728349 0 0 0 0 0 0 0 0 0 0 0 0 0 0 0 0 0 0 0 0 0 0 0 0.2925327292 0 0 0 0 0 0 0 0 0 0 0 0 0 0 
0 0 0 0 0 0 0 0 0 0 0 0 0 0 0 0 0 0.08032813273 0 0 0 0 0 0 0 0 0.8985447336 0 0 0 0 0 0 0 0 0 0.05374429908 0 0 0 0 0 0 0 0 0 0 0 0 0 0 0 0 0 0 0 0 0 0 0 0 0 0 0 0 0 0 1.272720169 0 0.5324006299 0 0 0 0 0 0 0 0 0 0 0 0 0 0 0 0 0 0 0 0 0 0.0006792150236 0 0 0 0 0.2950841246 0 0 0 0 0 0 0 0.8181133303 0 0 0 0 0 0 0.6407350944 0 0 0 0 0 0 0 0 0 0 0 0 0 0 0 0 1.75905881 0 0 0 0 0 0 0 0 1.111645672 2.173417211 0 0 0 0 0 0 0 0 0 0 0 0.2023688167 0 0 0 0 0 0 0 0 0 0 0 0 0 0 0 0 0 0 0 0 0 0 0 0 0 0 0 0 0 0 0 0 0 0 0 0 0 0 0 0 0 0 0 0 0 0 0 0.05306221644 0 0 0 0 0 0 0 0 0 0 0 0 0 0 0 0 0.1290990317 0 0 0 0 0 0 0 0 0 0 0.1310395201 0 0 0 0 0 0 0 0 0 0 0.3519604012 0 0 0 0.09302717369 0 0 0 0 0 0 0 0 0 0 0 0 0 0 
0 0 0 0 0 3.985778251e-05 0 0 0 0 0 0.01380799598 0 0 0 0.12861977 0 0 0 0 0 0 0 0 0 0 0 0 0 0 0 0 0 0 0 0 0 0 0 0 0 0 0 0 1.397554776 0 0.0157222108 0 0 0 0 0 0 0 0 0 0 0 0 0 0 0 0 0 0 0 0 0 0 0 0 0 0 0 0 0 0 0 0 0 0 0 0 0 0 0 0 0 0 0 0 0 0 0 0 0 0 0 0 0 0 0 0 0 0 0 0 0 0 0 0 0 0 0 0 0 0 0 0 0 0 0 0 0 0 0 0 0 0 0 0 0 0 0 0 0 0 0 0 0 0 0 0 0 0 0 0 0 0 0 0 0 0 0 0 0 0 0 0 0 0 0 0 0 2.497174728 0 0 0 0 0 0 0 0 0 0 0 0 0 0 0 0 0 0 0 0 0 0 0 0 0.01451053212 0 0 0 0 0 0 0 0 0 0 0 0.4147859413 0 0.4320287331 0 0 0 0 0 0 0 0 0 0 0 0 0 0 0 0 0 0 0 0 0 0 0 0 0 0 0 0 0 0 0.08073517342 0 0 0 0 0 0 0 0.01809805886 0.1090932232 0 0 0 0 0 0 0 0.09273992507 0 0 0 0 
0 0 0 0 0 0 0 0 0 1.075473938 0 0 0 0 0 0 0 0 0 0 0 0.2415767592 0 1.267958493 0 0 0 0 0 0 0 0.04333346394 0 0 0 0 0 0 0 0 0 0 0 0 0 0 0 0 0 0 0.0002105370974 0 0 0 0 0 0 0 0 0 0 0 0 0 0 0 0 0 0 0 0 0 0 0 0 0 0 0 0 0 0 0 0.001244905085 0 0 0 0 0 0 0 0.5380950569 0 0 0 0 0 0 0 0 0 0 0 0 0 0 0 0 0 0 0 0 0 0 0 0 0 0 0 0 0 0 0 0 0 1.372356785 0 0 0 0 0 0 0 0 0 0 0 1.818636984 0 0 0 0 0 0.2745172451 0 0 0 0 0 0 0 0 0 0 0 0 0 0 0 0 0 0 0 0 0 0 0 0 0 0 0.1892563334 0 0 0 0 0 0 0 0 0 0 0 0 0 0 0 0 0 0 0 0 0 0 0 0 0 0 0 0 0 0 0 0 0.09544287218 0 0 0 0 0 0 0.7524329003 0 0 0 0 0 0 0 0 0 0 0 0 0 0 0 0 0 0 0 0 0.2745141578 0 0 0 0 0 0 0.1937705749 0 0 0 0 0 0 0.2130869012 0 0 0 0 0.110817648 0 0 0 0 0 0 
0 0 0 0 0 0 0 0 0 0 0 0 0 0 0 0 0 0 0 0 0 0 0 0 0 0 0 0 0 0 0 0 0 0 0 0 0 0 0 0 0 0 0 0 0 0 0 0 0 0 0 0 0 0 0 0 0 0 0 0 0 0 0 0 0 0 0 0 0 0 0 0 0 0 0 0 0 0 0 0 0 0.0003441173186 0 0 0 0 0 0 0 0 0 0 0 0 0 0 0 0 0 0 0 0 0.7663221653 0 0 0 0 0 0 0 0 0 0 0 0 0 0 0 0 0 0 0 0 0 0 0 0 0 0 0 0 0 0 0 0 0 0 0 0 0 0 0 0 0 0 0 0 0 0 0.3671790495 0 0 0 0 0.107773132 0.2648763083 0.4566592036 0 0 0 0 0 0 0 0 0 0 0 0 0 0 0 0 0 0 0 0 0 0 0 0 0.3249273565 0 0 0 1.584242991 0 0 0 0 0 0.01025279919 0 0 0 0 0.536829687 0 0 0 0 0 0 0 0 0 0 0 0 0 0 0 0 0 0.051538315 0 0 0 0 0 0 0.1482337273 0 0 0 0 0 0 0 0 0 0 0 0 0 0 0 0 0 0 0 0 0 0 0 0 0 0 0 0 0 0 0 0 0 0 
0 0 0 0 0 0 0 0 0 0 0 0 0 0.5310159357 0 0 0 0 0 0 0 0 0 0 0 0 0 0 0 0 0 0 0 0 0 0 0 0 0 0 0 0 0 0 0 0 0 0 0.8331803748 0 0 0 0 0 0 0 0.1954855398 0 0 0 0 0 0 0 0 0 0 0 0 0 0 0 0 0 0 0 0 0 0 0.5553254893 0 0 0 0 0.09123436659 4.67922125 0 0 0 0 0 0 0 0 0 0 0 0 0 0 0 0 0 0 0 0 0 0 0 0 0 0 0 0 0 0 0 0 7.140444158 0 0 0 0 0.2103672259 0 0 0 0 0 0 0 0 0 0 0 0 0 0 0 0 0 0 0 0 0.6624635487 0 0 0 0 0 0 0 0 0.7247475736 0 0 0 0 0 0 0 0 0 0 0 0 0 0 0 0 0 0 0 0 0 0 0 0 0.9046741933 0 0 0 0 0 0 0 0 0 0 0 0 0 0 1.332210779 0 0 0 0 0 0.5386741685 0 0 0 0 0 0 0 0 0 0 0 0 0 0 0 0 0 0 0 0 0 0 0 0 0 0 0 0 0 0 0 0 0 0 0 0 0 0 0 0 0 0 0 0 0 0 0 0 0 0 0 0 0 0 0 0 
0 0 0 0 0.2486270656 0 0 0 0 0 0 0 0 0 0 0 0 0 0 0 0 0 0 0 0 0 0 0 0 4.248006713 0 0 0 0 0 0 0 0 0 0 0 0 2.138614892 0 0 0 0 0 0 0 0 0 0 0 0 0 0 0 0 0 0 0 0 0 0 0 0.3830766006 0 0 0 0 0 0 0 0 0 0 0 0 0 0 0 0 0 0 0 0 0 0 0 0 0 0 0 0 0 0 0 0 0 0 0 0 0 0 0 0 0 0 0 0 0.06853087414 0 0 1.261681217 0 0 0 0 0 0 0 0 0 0 0.8197096455 0 0 0 0 0 0 0 0 0 0 0 0 0 0 0 0 0 0 0 0 0 0 0 0 0 0 0 0 0 0 0 0 0 0 0 0 0 0 0 0 0 0.3664310815 0 0 0 0 0 0 0 0 0 0 0 0 0 0 0 0 6.987298686 0 0 0 0 0 0 0 0 0 0 0 0 0 0 0 0 0 0 0 0 0 0 0 0 0 0 0 0 0 0 0 0 0.02222531689 0 0 0 0 0 0 0 0 0 0.1239237515 0.0005718377482 0 0 0 0 0 0 0 0 0 0 0.9006609692 0 0.2913520853 0 0 0 0 0 0 0 0 0 0 0 0 0 0 
0 0 0 0 0 0 0 0 0 0 0 0.9080674738 0 0 0 0 0 0 0 0 0.206468404 0 0 0 0 0 0 0 0 0 0 0 0 0 0 0 0 0 0 0 0 0 0 0 0 0 0 0 0 0 0 0 0 0 0 0 0 0 0 0 0 0 0 0.8073343957 0 0 0 0 0 0 0 0 0 0 0 0 0 0 0 0 0 0 0 0 0 0 3.859760786e-05 0 0 0 0 0 0 0 0 0 0 0 0 0 0 0 0 0 0 0 0 0 0 0 0 0 0 0 0 0 0 0 0 0 0 0 0 0 0 0 0 0 0 0 0 0 0 0 0.002372169015 0 0 0 0 0 0 0.1201066313 0 0 0 0 0 0 0 0 0 0 0 0.147269679 0 0 0 0 0 0 0 0 0 0 0 0 0 0 0 0 0 0 0 0 0 5.244621752 0 0 0 0 0 0 0 0 0 0 0 0 0 0 0 0 0 0 0 0 0 0 0 0 0 0 0 0 0 0 0 0 0 0.5648696443 0 0 0 0 0 0 0 0 0 0 0 0 0 0 0 0 0 0 0 0 0 0 0 0 0 0 0 0 0 0 0 0 0 0 0 0 0 0 0.4257415758 0 0 0 0 0 0 0 
0 0 0 0 0 0 0 0 0 0 0 0 0 0 0 0 0.06267663214 0 0 0 0 0 0 0 1.300834085 0 0 0 0 0 0 0 0 0 0 0 0 0.7236953819 0 0 0 0 0 0 0 0 0 0 0 0 0 0 0 0 0 0 0.8377663575 0 0 0 0 0 0.2757487111 0 0 0 0.3369873837 0 0 0 0 0 0 0 0 0 0 0 0 0 0 2.856347918 0 0 0 0 0 0 0 0 0 0 0 0 0 0 0 0 0 0 0 0 4.896246762 0 0 0 0 0 0 0 0 0 0 0 0 0 0 0 0 0 0.3441585413 0 0 0 0 0 0 0 0 0 0 0 0 0 0 0 0 0 0 0 0 0 0 0 0 0 0 0 0 0 0 0 0 0 0 0 0 0 0 0 0 0 0 0 0 0 0 0 0 0 0 0 0 0 0 0 0 0 0 0 0 0 0 0 0 0 0 0 0 0 0 0 0 0 0 0 0 0 0 0 0 0 0 0 0 0 0 0 0 0 0 0 0 0 0 0 0 0 0.1559284014 0 0 0 0 0 0 0 0 0 0 0 0 0 0 0 0 0 0 0 0 0.1166241554 0 0 0 0 0 0 0 0 0 0 0 0 0 0 0 0 
0 0 0 0 0 0 0 0 0 0 0 0 0 0 0 0 0 0 0.002093271399 0.2145904802 0 0 0 0 0 0 0 0 1.1090344 0 0 0 0 0 0 0 0 0 0 0 0 0 0 0 0 0 0 0 0 0 0 0 0 0 0 0 0 0 0 0 0 0 0.4116655343 0.8512987994 0.4010343638 0 0 0 0 0 0 0 0 0 0 0 0 0 0 0 0 0 0 0 0 0 0 0 0 0 0 0 0 0 0 0 0 0 4.695015661 0 0 0 0 0 0 0 0 0 0 0 0 0 0 2.027937985 0 0 0 0 0 0 0 0 0 0 0 0 0 0 0 0 0 0 0 0 0 0 0 0 0 0 0 0 0 0 8.485458953 0 0 0 0 0 0 0 0 0 0 0 0 0 0 0 0 0 0 0 0 0 0 0 0 0 0 0 0 0 0 0 0 0 0 0 0 0 0 0 0 0 0 0 0 0 0 0 0 0.1321108715 0 0 0 0 0 0 0 0 0 0 0 0 0 0 0 0 0 0 0 0 0 0 0 0 0 0 0 0 0 0 0 0 0 0 0 0 0 0 0 0 0 0 0 0 0.1435548508 0 0 0 0 0 0 0 0 0 0 0 0 0 0 0 0 0 
0 0 0 0 0 0 0 0 0 0 0 0 0 0 0 0 0 0 0 0 0 0 0 0 0 0 0 0 0 0 0 0 0 0 0 0 0 0 0 0 0 0 0 0 0 0 0 0 0 0 0 0 0 0 0 0.09131847353 0 0.5474007818 1.654745445 0 0 0 0.01820783377 0 0 0 0 0 0 0 0 0 0 0 0 0 0 0 0 0 0 0 0 0 0 0 0 0.001158499413 0 0 0 0 0 0 0 0.19323369 0 0 0 0 0 0 0 0 0 0 0 0 0 0 0 0 0 0 0 0 0 0 0 0.6966492734 0 0 0 0 0 0 0 0 0 0 0 0 0 0 0 0 0 0 0 0 0 0 0 0 0 0 0 0 0 0 0 0 0 0 0 0 0 0 0 0 0 0 0 0 0 0 0 0 0 0 0 0 0 0.2379811528 0 0.8642629746 0 0 0 0 0.9218734074 0 0 0 0.6117528534 0 0 0 0 0.08376799262 0 0 0 0 0 0 0.4047658586 0 0 0 0 0 0 0 0 0 0 0 0 0 0 0 0 0 0 0 0 0.1234716829 0 0 0 0 0 0 0 0 0 0 0 0 0 0 0 0 0 0 0 0 0 0 0 0 0 0 0 0 0 0.1148395531 0 0 0 0 0 0 0 0 
0 0 0 0 0 0 0 0 0 0 0 1.668964109 0 0 0 0 0 0 0 0 0 0 0 0 0.2803838011 0 0 0 0 0 0 0 0 0 0 0 0 0 0 0 0 0 0 0 0 0 0 0 0 0 0 0 0 0 0 0 1.970161916 0 0 0 0 0 0 0 0 0 0 0 0 0 0 0 0 0 0 0 0 0 0 0 0 0 0 0 0 0 0 0 0 0 0 0 0 0 0 0 0 0 0.510491315 0 0 0 0 0 0 0 0 0 8.6169023 0.1794456789 0 0 0 0 0 0 0 0 0 0 0 1.115397899 0 0 0 0 0 0 0 0 0 0 0 0 0 0 0 0 0 0 0 0 0 0 0 0 0 0 0 0 0 0 0 0 0 0 0 0 0 0 0 0 0 0 0 0 0 0 0 0 0 0 0 0 0 0 0 0 0 0 0 0 0 0 0 0 0 0 0 0 0 0 0 0 0 0 0 0 0 0 0 0 0 0 0 0 0.3608605621 0 0 0 0.03290712019 0 0 0 0 0 0 0 1.060957198 0 0 0 0 0 0 0 0 0 0 0 0 0 0 0 0 0 0 1.278894096 0 0 0 0 0 0.3491696343 0 0 0.4791274292 0 0 0 0 0 0 0 0 0 
0 0 0 0 0 0 0 0 0 0 0 0 0 0 0 0 0 0 0 0 0 0 0 0 0 0 1.726972286 0 0 0 0 0 0 0 0 0 0 0 0 0 0 0 0 0 0 0 0 0 0 0 0 0 0 0 0 0 0 0 0 0 0 0 0 0 0.08069383557 0 0 0 0 0 0 0 0 0 0 0 0 0 0 0 0 0 0 0 0 0 0 0 0 0.7541859083 0 0 0 0 0 0 0 0 0 0 0 0 0 0 0.6571854815 0 0 0 0 0 0 0.2153516221 0 0 0 0 0 0 0 0 0 0 0 0 2.542034577 0 0 0 0 0 0 0 0 0 0 0 0 0 0 0 0 0 0 0 0 0 0 0 0 0 0 0 0 0 0 0 0 0 0 0 0 0 0 0 0 0 0 0 0 0 0 0 0 0 0 0 0 0 0 0 0 1.310197081 0 0 0 0 0 0 0 0 0 0 0 0 0 0 0 0.548494743 0 0 0 0 0 0 0 0 0 0 0 0 0 0 0 0.3124437656 0 0 0 0 0 0 0.2408435458 0 0 0 0 0 0 0 0 0 0 0.2462277571 0 0 0 0 0 0 0 0 0 0.08527269711 0 0 0 0 0 0 0 0 0 0 0 0 0 0 
0 0 0 0 0 0 0 0 0 0 0 0 0 0 0 0 0 0 0 0 0 0 0 0 0 0 0 0 0 0 0 0 0 0 0 0 0 0 0 0 0 0 0 0 0 0 0 0 0 0 0 0 0 0 0 0 0 0 0 0 0 0 0.2103509319 0 0 0 0 0 0 0 0 0 0.163132298 0 0 0 0.470176385 0 0 0 0 0 0 0 0 0 0 0 0 0 0 0 0 0 0 0 0 0 0 0 0 0.6565690728 0 0 0 0 0 0 0 0 0 0 0 0 0 0 0 0 0 0 0 0 0 0 0 0 0 0 0 0 0 0 0 0 0 0 0 0 0 0 0 0 0 0 0 0 0 0 0 0 0 0 0 0 0 0 0 0 0 0 0 0 0 0 0 1.152888855 0 0 0 0 0 4.905649944e-06 0 0 0 0 0 0.8537149736 0 0 0 0.4988931455 0 0 0 0 0 0 0 0 0 0 0 0 0 0 0 0 0 0 0 0.3821607328 0 0 0 0 0 0 0 0 0 0 0 0 0 0 0 0 0 0 0 0 0 0 0 0 0 0 0 0 0 0 0 0 0.23728895 0 0 0 0 0 0 0 0 0 0 0 0 0 0 0 0 0 0 0 0 0 
0.04447580035 0 0 0 0 0 0 0 0 0 0 0 0 0.0003847368463 0 0 0 0 0 0 0 0 0 0 0 0 0 0 0 0 0 0 0 0 0 0 0 0 0 0 0 0.1575893414 0 0 0 0 0 0 0 0 0 0.02502039874 0 0 0 0 0 0 0 0 0 0 0 0 0 0 0 0 0 0 0.02752289455 0 0 0 0 0 0 0 0 0 0 0 0 0 0 5.044048743 0 0 0 0 0 0 0 0 0 0 0 0 0 0 0 0 0.4697311508 0 0 0 0 0 0 0 0 0 0 0 0 0 0 0 0 0 0 0 0 0 0 0 0 0 0 0 0 0 0 0 0 0 0 0 0 0 0 0.06595491769 0 0 0 0 0 0 0 0 0 0 0 0 0 0 8.255965196 0 0 1.089537874 1.505255369 0 0 0 0 0 0 0 0 0 0 0 0 0 0 0 0 0 0 0 0 0 0 0 0 0 0 0 0 0 0 0 0 0 0 0 0 0 0 0 0 0 0 0 0 0 0 0 0 0 0 0 0 0 0 0 0 0 0 0 0 0 0 0 0 0 0 0 0 0 0.2390051721 0 0 0 0 0 0.8762110958 0 0 0 0 0 0 0 0 0 0 0 0 0 0 0 0 0 0 0 
0 0 0 0 0 0 0 0 0 0 0 0 0 0 0 0 0 0 0 0 0 0 0 0 0 0 0 0 0 0 0 0 0 0 0 0 0 0 0 0 0 0 0 0 0 0 0 0 0 0 0 0 0 0 0 0 0 0 0 0 0 0 0 0 0 0 0 0 0 0 0 0 1.471956792 0 0 0 0 0 0 0 0 0 0 0 0 0 0 0 0 0 0 0 0 0 0.02960721505 0 0 0 0 0 0 1.331178875 0 0 0 0 0.5829185803 0 0 0 0 0 0 0 0 1.140268413 0 0 0 0 0 0 0 0 0 0 0.9523558619 0.6959195035 0 0 0 0 0 0 0 0 0 0 0 0 9.388534806e-05 0 0 0 0 0 0 0 0 0 0 0 0 0 0 0 0 0 0 0 0 0 0 0 0 0 0 0 0 0.09180514667 0 0 0 0 0 0 0 0 0 0 0 0 0 0 0 0 0 0 0 0 0 0 0 0 0 0 0 0 0.2124262421 0 0 4.840071833 0 0 0 0 0 0 0 0 0 0 0 0 0 0 0 0 0 0 0 0 0 0 0 0 0 0 0 0 0 0 0 0 0 0 0 0 0 0 0 0 0.0001228594006 0 0 0 0 0 0 0 0 0 0 0 0 0 
0 0 0 0 0 0 0 0 0 0 0 0 0 0 0 0 0 0 0 0 0 0 0.03978045063 0 0 0 0 0 0 0 0 0 0 0 0 0 0 0 0 0 0 0 1.650753116 0 0 0 0 0 0 0 0 0 0 0 0 0 0 0 0 0 0 0.2667662303 0 0 0 0 0 0 0 0 0 0 0 0 0 0 0 0 0 0 0 0 0.002739510913 0 0 0 0 0 0 0 0 0 0 0 0 0 0 0 5.853003667e-05 0 0 0 0 0 0 0 0 0 0 0 0 0 0 0 0 0 0 0 0 0 0 0 0 0 0 0 0 0 0 0.8638145888 0 1.563063641 0 0 0 0 0 0 0 0 0 0 0 0 0 0 0 0.0486451965 0 0 0 0 0.1611853917 0 2.626855141 0 0 0 0 0 0 0 0 0 0 0 0 0 0 0 0 0 0 0 0 0 0 0 0 0 0 0 0 0 0 0 0 0 1.602002081 0.4363890661 0 0 0 0.105079069 0 0 0 0 0 0 0 0 0 1.69125026 0 0 0 0 0 0 0 0 0 0 0 0 0 0 0 0 0 0 0 0 0 0 0 0 0 0 0 0 0 0 0 1.01829587 0 0 0 0 0 0 0 0 0 0 0 0 0 0 0 0 0 0 0 0 
0 0 0 0.1739335113 0 0 0 0 0 0 0 0 0 0 0 0 0 0 0.01463489329 0 0 0 0 0 0 0 0 0 0 0 0 0 0 0.5450291017 0 0 0 0 0 0.6268160625 0 0 0 0 0 0 0 1.111953683 0.0119508179 0 0 0 0 0 0 0 0 0 0 0 0 5.642062792 0 0 0 0 0 0 0 0 0 0 0 0 0 0 0 0 0 0 0.012384478 0 0.6979917435 0 0 0 0 0 0 0 0 0 0 0 0 0 0 0 0 0 0 0 2.021837813 0 0 0 0 0 0 4.408350214 0 0 0 0 0 0 0 0 0 0 0 0 0 0 0 0 0 0 0 0 0 0 0 0 0 0 0 0 0 0 0 0 0 0 0 0 0 0 0 0 0 0 0 0 0 0 0 0 0 0 0 0 0 0 0 0 0 0 0 0 0 0 0 0 0 0 0 0 6.223316356 0 0 0 0 0 0 0 0 0 0 0 0 0 0 0 0 0 0 0 0 0 0 0 0 0 0 0 0 0 0 0 0 0 0 0 0 0 0 0 0 0 0 0 0 0 0 0 0.2351445852 0 0 0 0 0 0 0 0 0 0 0 0 0 0 0 0 0 0 0 0 0 0 0 0 0 0 0 0 0 
0 0 0 0 0 0 0 0 0 0 0 0 0 0 0 0 0 0 0 0 0 0 0 0 0 0 0 0 0 0 0 0 0 0 0 0 0 0 0 0 0 0 0 0 0 0 0 0 0 0 0 0 0 0 0 0 0 0 0 0 0 0 0.3157967829 0 0 0 0 0 0 0 0 0 0 0 0 0 0 0 0 0 0 0 0 0 0 0 0 0 0 0 0 0 0 0 0 0 0 0 0 0 0 0 0 0 0 0 0 0 0 0.6175080395 0 0 0 0 0 0 0 0 0 0 0 0 0 0 0 0 0 0 0 0 0 0 0 0 0 0 0 0 0 0 0 0 0 0 0 7.351371056 0 0 0 0 0 0 0 0 0 0 0 0 0 0 0 0 0 0 0 0 0 0 0 0 0 0 0 0 0 0 0 0 0 0 0 0 0 0 0 0 0 0 0 0 0 0 0 0 0 0 0 0 0 0.3181430607 0 0 0 0 0 0 0 0 0 0 0 1.153218549 0 0 0 1.250117685 0 0 0 0 0 0 0 0 0.1069154695 0 0 0 0 0 0 0 0.2498837623 0 0 0 0 0 0 0 0 0 0 0 0 0 0 0 0 0 0 0 0 0 0 0 
0 0 0 0 0 0 0 0 0 0 0 0 0 0 0 0.002589831936 0 0 0 0 0 0 0 0 0 0 0 0 0 0 0 0 0 1.005870909 0 0 0 0 0 0 0 0 0 0 0 0 0 0 0 0 0 0 0 0 0 0 0 0 0 0 0 0.07624371991 0 0 0 0.03672271077 0 0 2.991993411 0 0 0 0 0 0 0 0 0 0 0 0 0 0 1.40122026 0 0 0 0 0 0 0 0 0 0 0 0 0 3.216546946 0 0 0 0 0 0 0 0 0 0.7377620339 0 0 0 0 0 0 0 0 0 0 0 0.2440202785 0 0 0 0 0 0 0 0 0 0 0 0 0 0 0 0 0 0 0.928514689 0 1.661947769 0 0 0 0 0 0 0 0 0 0.6342913119 0 0 0 0 0 0 0 0 0 0 0 0 0 0 0 0 0 0 0 0 0 0 0 0 0 0 0 0 0 0 0 0 8.873064977 0 0 0 0 0 0 0 0 0 0 0 0 0.2887169082 0 0 0 0 0 0 0 0 0 0 0 0 0 0 0 0 0 0 0 0.2430873432 0 0 0 0 0 0 0 0 0 0 0 0 0 0 0 0 0 0.3535117134 0 0 0 0 0 0 0 0 0 0 0 0.05152454369 0 0 0 0 0 0 0.02303625471 0 0 
0 0 0.01777124548 0 0 0 0 0 0 0 0 0 0 0 0 0 0 0 0 0 0 0 0 0 0 0 0 0 0 0 0 0 0 0 0 0 0 0 0 0 0 0 0 0 0 0 0 0 0 0 0 0 0 0 0 0 0 0 0 0 0 0 0 0 0 0 0 0 0 0 0 4.347132151 0 0 1.195911617 0.2181777722 0 0 0 0 0 0 0 0 0 0 0 0 0 0 0 0 0 0 0 0 0 0 0 0 0 0 0 0 0 0 0 0 0 0 0 0 0 0 0 0 0 0 0 0 0 1.243256091 0 0 0 0.2859769952 0 0 0 0 0 0 0 0 0 0 0 2.514935622 0 0.6005140638 0 0 0 0 0 0 0 0 0 0 0 0 0 0 0 0 0 0 0 0 0 0 0 0 0 0 0 0 0 0 0 0 0 0 0 0 0 0 0 0 0 0 0 0 0 0 0 0 0 0.5310523274 0.17042336 0 0 0 0 0 0 0 0 0 0 0 0 0 0 0 0 0 0 0 0 0 0 1.318760837 0 0 0 0 0 0 0 0 0 1.634033704 0 0 0 0 0 0 0 0 0 0 0 0 0 0 0 0 0 0.06019511396 0 0 0 0 0 0 0 0 0 0 0 0 0.576891489 0 
0 0 0 0 0 0 1.501163083 0.05732280699 0 0 0.9882973509 0 0 0 0 0 0 0 0 0 0 0 0 0 0 0 0 0 0.436497794 0 0 0 0 0 0 0 0 0 0 0 0 0 0 0 0 0 0 0 0 0 0 0 0 0 0 0 0.208601354 0 0 0 0 0 0 0 0 0 0 0 0 0 0 0 0 0 0 0 0 0 0 0 0 0 0 0.04397922257 0 0 0 0 0 0 0 0 0 0 0 0 0 0 0 0 0 0 0 0 0 0 0 0 0 0 0 0 0 0 0 0 0 0 0 0 0 0 0 0.2178296585 0 0 0 0 0 0 0 0 0 0 0 0 0 1.127152597 0 0 0 0 0 0 0 0 0 0 0 0 0 0 0 0 0 0 0 0 0 0 0 6.753353923 0 0 0 0 0 0 0 0 0 0 0 0 0 1.368448475 0 0 0 0 0 0 0 0 0 0 0 0 0 0 0 0 0 0 0 0 0 0 0 0 0 0 0 0 0 0 0 0 0 0 7.447887231 0 0 1.083552344 0 0 0 0 0 0 0.01361399295 0.05104517899 0 0 0 0 0 0 0 0 0 0 0 0 0 0 0 0 0 0 0 0 0 0 0 0 0 0 0 0 0 0 0 0 0 0 
0 0 0 0 0 0 0 0 0 0 0 0 0 0 0 0 0 0 0 0 0 0 0 0 0.03978766243 0 0 0 0 0 0 0 0 0 0 0 0 0 0 0 0 0 0 0 0 0.01141417284 0 0 0 0 0 0 0.008522765123 0 0 0 0 0 0 0 0 0 0 0 0 0 0 0 1.335073085 0 0 5.276407657 0 0 0 1.444540465 0 2.868369147 0 0 1.509218131 0 0 0 0 0 0 0 0 1.218710808 0 0 0 0 0 0.8693865627 0 0 0 0 0 0 0 0 0 0 0 0 0 0 0 0 0 0 0 8.924862871 0 0 5.72128439 0 0 0 0 0 0 0 0 0 0.3568810184 0 0 0 0 0 0 0 0 0 0 0 0 0 0 0 0 0 0 0 0 0 0 0 0 0 0 0 0 0 0 0 0 0 0 0 0 0 0 0 0 0 0 0 0 0 0 0.6148328498 0 0 1.364795181 0.09689591638 5.194036095 0 0 0 0 0.1566000717 0 0 0 0 0 0 0 0 0 0 0 0 0 0 0 0 0 0 0 0 0 0 0 0.4132683969 0 0 0 0 0.05122718793 0 0 0 0 0 0 0 0 0 0 2.960187543 0 0 0 0 0 0 0 0 0 0 0 0 0 0 0 0 0 0 0 0 0 0 0 0 0 0 0 0.5197004776 0 0 
0 0 0 0 0 0 0.1147063207 0 0 0 0 0 0 0 0 0 0 0 0 0 0 0 0 0.2623835527 0 0 1.235500711 0 0 0.001669949512 0 0 0 0 0 0 0 0 0 0 0 0 0 0 0 0 0 0.05878880305 0 0 0 0 0 0 0 0 0 0 0 0 0 0 0 0 0 0 0 0 0 0 0.4536032358 0 0 0 0 0 0 0 0 0 0 0 0 0 0 0 0 0 0 0 0 0 0 0 0 0 0 0 0 0 0 0 0 0 0 0 0 0 0 0 0 0 0 0 0 0 0 0 0 0 0 0 0 0 0 0 0 0.1088497793 0 0 0 0 0 0 0 0 0 0 0 0 0 0 0 0 0 0 0 0 0 0 0 0 0 0 0 0 0 0 0 0 0 0 0.01918631128 0 0 0 0 0 0 0 0 0.5357557303 0 0 0 0 0 0 0 0 0 0 0 0 0 0 0 0 0 0 0 0 0 0 0 0 0 0 0 0 0 0 0 0 0 0 0 0 0 0 0 0 0 0 0 0 0 0 0 0 0 0 0 0 0 0 0 0 0 0 0 0 0 0 0 0 0 0 0 0 1.076933718 0 0 0 0 0 0 0 0 0 0 0 0 0 0 0 
0 0 0 0 0.2907641526 0 0 0 0 0 0 0 0 0 0.2975667399 0 0 0 0 0 0 0 0 0 0 0 0 0 0 0 0 0 0 0 0 0 0 0 0 0 0 0.5197334348 0 0 0 0 0 0 0 0 0 0 0 0 0 0 0 0 0 0 0 0 0 0 0 0 0 0 0 0 0 0 0 0 0 0 0 0 0 0 0 0 0 0 0 0 0 0 0 0 0 0 0 0 0 0 0 0 0 0 0 0 0 0 0 0 0 0 0 0 0 0 0 0 0 0 0 0 0 0 0 0 0 0 0 0 0 0 0 0 0 0 0 0 0 0.5935305809 0 0 0 0 0 0 0 0 0 0 0 0 0 0 0 0 0 1.646171197 0 0 0 0 0 0 0 0 0 0 0 0 3.416544867 0 0 0 0 0 6.471953496 0 0 0 0 0 0 0 0 0 0 0 0.01172312107 0.5944386583 0 0 0 0 0 0 0.0004708042745 0 0 0 0 0 0 0 0 0 0 0 0 0 0 0 0 0 0 0 0 0 0 0 0 0 0.3305888998 0 0 0 0 0 0 0 0 0 0 0 0 0 0 0.6269253739 0 0 0 0 0 0 0 0 0 0 0 0 0 0 0 0.2622023046 0 0 0 0 0 0 
0.08581652933 0 0 0 0 0 0 0 0 0 0 0 0 0 0 0 0 0.1657978025 1.595108533 0.5347658593 0 0 0 0.417857997 0 0 0 0.4545673999 0 0.2104679083 0 0 0.004390518429 0 0 0 0 0 0 0 0 0 0 0 0 0 0 0 4.512012139 0 0 0 0 0 4.195332578 0 0 0 0 0 0 0 0 0 0 0 0 0 0 0 0 0 0.09805138381 0 0 0 0 0 0 0 0 0 0 0 0 0 0 0 0 0 0 0 0 0 0 0 0 0 0 0.1998659877 0 0 0 0 0 0 0 0 0 0 0 0 0 0 0 0 0 0 0 0 0 0 0 0 0 0 0 0 0 0 0 0 0 0 0 0 0 0 0 3.635038744 0 0 0 0 0 0 0 0 0 0 0 0 0 0 0 0 0 0 0 0 0 0 0 0 0 0 0 0 0 0 0 0 0 0 0 0 0 0 0 0 0 0 0 0 0 0 0 0 9.635995777 0 0 0 0 0 0 0 0 6.687371008 0 0 0 0 0 0 0 0 0 0 0 0 0 0 0.6524411028 0 0 0 0 0 0 0 0 0.2880734088 0 0 0 0 0 0 0 0 0 0 0 0 0 0 0 0 2.945617444 0 0 0 0 0 0 0 0 0 0 0.4194420123 0 0 0 0 0 0 
0 0 0 0 0 0 0 0 0 0 0 0 0 0 0 0 0 0 0 0 0 0 0 0 0.1715287266 0 0 0 0 0 0 0 0 0 0 0 0 0 0 0 0 0 0 0 0 0 0 0 0 0 0 0 0 0 0 0 0 0 0 0 0 0 0 0 0 0 0 0 0 0 0 0 0 0 0 0 0 0 0 0 0 5.767630984 0 0 0 0 0 0 0 0 0 0 0 0 0 0 0 0 0 0 0 0 6.802795988 0 0 0 0 0 0 0 0 0 0 0 0 0.6402723112 0 0 0 0 1.375395785 0 0 0 0 0 0 0 0 0 0 0 0 0 0 0 0 0 10.44206095 0 0 0 0 0 0 0 0 0 0 0 0 0 4.538081808 0 0 0 0 0 0 0 0 0 0 0 0 0 0 0 0 0 0 0 0.1163524461 0 0 0 0 0 0 0 0 0 0 0 0 0.006837859905 0 0 0 0 0 0 0 0 0 0 0 0.858108382 0 0 0 0 0 0 0 0 0 0 0 1.086821103 0 3.469458594 0 0 0 0 0 0 0 0 0 0 0 0 0 0.8165137362 0 0 0 0 0 0 0 0 0 0.5709747078 0 0 0 0 0 0 0 0 0 0 0 0 0 0 0 0 1.305611844 0 0 0 
0 0.0008544627483 0 0 0 0 0 0 0 0 0 0 0 0 0 0 0 0 0 0 0 0 0 0 0 0 0 0 0 0 0 0 0 0 0 0.003037447141 0 0 0 0 0 0 0 0 0 0 0 0 0 0 0 0 0 0 0 0 0 0 0 0 0 0 0 0 0 0 0 0 0 0 0 0 0 0 0 0 0 0 0 0 0 0 0 0 0 0 0 0 0.8214326293 0 0 0 0 0 0 0 2.479837218 0 0.7921736043 0 0 0 0 0 0 0 0 0 0 0 0 0 0 0 0 0 0 0 0 0 0 0 0 0 0 0 0 0.5912949276 0 0 0 0 0 0 0 0 0 0 0 0 0 7.356639249 0 1.305094495 0 0 0 0 0 0 0 0 0 0 0 0 0.2021893668 0 0 0 0 0 0 0 2.269991451 0 0 0 0 0 0 0 0 0 0 0 0 0 0 0 0 0 0 0 0 0 0 0 0 0 0 0 0.04448889216 0 0 0 0 0 0 0 0.2592551385 0 0 0 0 7.201902018 0 0 0 0 0 0 0 0 0 0 0 0 0 0 0 0 0 0 0 0 0 0 0 0 0 0 0 0 0 0.2097736797 0 0 0 0 0 0 0 0 0 0 0 0 0 0 0 0 0 0 0.1394214347 0 
0 1.265236027 0 0 0 0 0 0 0 0 0 0 0 0.1040453414 0 0 0 0 0 0 0 0.04877973 0 0 0 0 0 0 0 0 0 0 0 0 0 0 0 0 0 0 0 0 0 0 0 0 0 0 0 0 0 0 0 0 0 0 0 0 0 0 0 0 0 0 0 1.107725944 0 0 0 0 0 0 0.3792400207 0 0 0 0 0 0 0 0 0 0 0 0 0 0 0 0 0 0 0.8203403281 0 0 0 0 0 0 0 0 0 0 0 0 0 0 0 0 0 0 0 0 0 0 0 0 0 0 0 0 0 0 0 0 0 0 0 0 0 0 0 0 0 0 0.5529366161 0 0 0 0 0 0 0 0 0 0 0 0 0 0 0 0 0 0 0 0 0 0 0 0 0 0 0 0 0 0 0 0 0 0 0 0 0 0 0 0 0.1839644248 0 0 0 0 0 0 0 0 0 0 1.383876859 0 0 0 0 0 0 0 0 0 0 0 0 0 0 0 0 0 0 0 0 0 0 0 0 0 0 0 0 0 0 0 0 0 0.4542890812 0 0 0 0 0 0 0 0 0 0 0 0 0 0 0 0 0 0 0 0 0 0 0 0 0 0 0 0 0 0 0 0 0 0 0 
0 0.4421833424 0 0 0 0 0 0 0 0 0 0 0 0 0 0 0 0 0 0 0 0.03347485585 0 0 0 0 0 0 0 0 0 0 0 0 0 0 0 0 0 1.320645142 0 0 0 1.24812568 0 0 0 0 0 0 0 0 0 0 0 0 0 0 0 0 0 0 0.432088611 0 0 0 0 0 0 0 0 0 0 0 0 0 0 0 0 0 0 0 0 0 0 0 0 0 0 0.2266931565 0 0 0 0 0 0 0 0 0 0 0 0 0 0 0 0 0 0 0 0 0 0 0 0 0 0 0 0 0 0 0 0 0.3991398103 0 0 6.031585926 0 0 0 0 0 0 0 0 0 0 0 0 0 0 0.5786756184 0 0 0 3.933201174 0 0 0 0 0 0 0 0 0 0 0 0 0 0 0 0 0 5.171450598 0 0 0 0 0 0 0 0 0 0 0 0 0 0 0.1127514618 0.1655672441 0 0 0 0 0 0 0 0 0 0 0 0 0 0 0 0 0 0.3077399029 0 0 0 0 0 0 0 0 0 0.09028415354 0 0 0 0 0 0 0 0 0 0 0 0 0 0 0 0 0 0 5.152859458 0 0 0 0 0 0 0 0 0 0 0 0 0 0 0 0 0 0 0 0 0.1252824056 0 0 0 0 0 0 0 0 0 
0 0 0 0 0 0 0 0 0 0 0 0 0 0 0 0 0 0 1.61122161 0.6031777186 0 0 0 0 0 0 0 0 0 0 0 0 0 0 0 0.1796679758 0.3113637165 0 0 2.435157237 0 0 0 0 0 0 0 0 0.08833454135 0 0 0 0 0 0 0 0 0 0 0 0 0 0 0 0 0 0 0 0 0 0 0 0 0 0 0 0 0 6.570446171 0 8.668376536 0 5.647169159 0 0 0 0 0 0 0 0 0 0 0 0 0 0 0 0 0 0 0 0 0 0 0 0 0 0 0 0 0 0 0 0 0 0 0 0 0 0 0 0 0 0 0 0 0 0 0 0 0.1662236266 0 0 0 0 0 0 0 0 0 0 0 0 0 0 0 0 0 0 0 0 0 0 0 0 36.92175259 0 0 0 0 0 0 0 0 0.2282207383 0 0 0 0 4.403272748 0 0 0 0 0 0 0 0 6.331641137 0 0 0 0 0 0 0 0 0 0 0 0 0 0 0 0 0 0 0 0 0 0 0 0 0 0 0 0 0 0 0 0 0 0 0 0 0 0 0 0 0.762112416 0 0.007245115372 0 0 0 0 0 0 0 0 0 0 0 0 0 0 0 0 0 0 0 0 0 0 0 0 0.3051228018 0.0001769245258 0 0 0 0 0 0 0.8552614168 
0 0 0 0 0 0 0 0.009718690489 0 0 0 0 0 0 0 0 0 0 0 0.1629581585 0 0 0 0 0 0 0 0 0.4117226722 0.1051615215 0 0 0 0 0 0 0 0 0 0 0 0 0.0742300183 0 0 0.1357091856 0 0 0 0 0 0 0 0 0 0 0 0 0 2.726852042 0 0 0 0.2588801018 0 0 0 0 0 0 0 0 0 0 0 0 0 0 0 0 0 0 0 0 0 0 0 0 0 0 0 0 0 0 0 0 0 0 0 0 0 0 0 0 0 0 0 0 0 0 0 2.818246787 0 0 0 0 0 0 0 0 0 0 0 0 0 0 0.9828062227 0 0 0 0 0 0 0 0 0.6324562211 0 0 0 0 0 0 0 0 0 0 0 0 0 0 0 0 0 0 0 0 0 0 0 0 0 0 0 0 0 0 0 0 0 0 0 0 0 0 0 0 0 0 0 0 0 0 0 0 0 6.133324803 0 0 0 0 0 0 0 0.1214272026 0 0 0 0 0 0 1.423158242 0 0 0 0 0 0 0 0 0 0 0 0 0 0 0 0 0 0 0 0.3389482657 0 0 0 5.36559708 0 0 0 0 0 0 0 0.1113149644 0 0 0 0 0 0 0 0 0 0 0 0 0 0 0 0 0 0 0 0 0 0 0 
0 0 0 0 0 0 0 0 0 0 0 0 0 0 0 0 0 0 0 0 0 0 0 0 0 0 0 0 0 0 0 0.1829551254 0 0 0 0 0 0 0 0 0 0 0 0 0 0 0 0 0 0 0 0 0 0 0 0 0 0 0 0 0 0 0 0 0 0 0 0 0 0 0 0 0 0 0 0 0 0 0 0 0 0 0 0 0 0 0 1.068205844 0 0 0 0 0 0 10.16767341 0 0 0 0 0 0 0 0 0 0 0 0 0 0 0 0 0 0 0 0 3.113641401 0 0 0 1.438179877 0 0 0 0 0 0 0 0 0.000106858935 0 0 0 0 0 0 0 0 9.850553228 0 0 0 0 0 0 0 0 0 0 0 0 0 0 0 0 0 0 0 0 0 0 0 0 0 0 0 6.529816888 0 0 0 0 0 0 0 0 0 0 0 0 0 0 0 0 0 0 0 0 0 0 0 0 0 0 0 0 0 10.13872669 0 0 0 0 0 0 0 0 0 0 0.06909177295 0 0 0 0 0 0 8.259075733 0 0 0 0 0 0 0 0 0 0 0 0 0 0 0 0 0 0 0.03673149709 0 0 0 0 0 0 0 0 0 0 0 0 0 0 0 0 0 0 0 0 0 0 0 
0 0.158860262 0 0 0 0 0 0 0 0 0 0 0 0.1931111 0 0 0 0 0 0 0 0 0 0 0 0 0 0 0 0 0 0 0 0 0 0 0 0 1.046865155 0 0 0 0.6264681356 0 0.03096950348 0 0.382766522 0 0 0 0 0 0 0 0 3.707458556 0 0 0 0 0 0 0 0 0 0 0 0 0 0 0 0 0 0 0 0 1.623924425 0 8.625291033 0 0 0 0 0 0 0 0 0 0 0 0 0 0 0 0 0 0 0 0 0 0 0 0 0 0 0 0 0 0 0 0 0 0 0 0 0 0 0 0 0 0 0 0 0 0 0 0 0 0 0 0 0 0 0 0 0 0 0 0 0 0 0 0 0.4567114183 0 0 0 0 0 0 0.9127380584 0 0 0 0 0 0 0.8522163734 0 3.79841948 0 0 0 0 0 0 0 0.7401226252 0 0 0 0 0 0 0 0 0 0 0 0 0 0 0 0 0 0 0 0 0 0 0 0 0 0 0.7542593722 0 0.165449498 0 0 0 0 0 0 0 0 0 0 0 0 0 0 0 0 0 0 0 0 0 0 0 0 0 0 0 0.2325448118 0 0 0 0 0 0 0 0 0 0 0 0 0 0 0 0 0 0 0 0.3453259604 0 0 0 0 0 0 0 0 0 0 0 
0 0 0 0 0 0 0 0 0 0 0 0 0 1.728593887 0 0 0.1142098552 0 0 0 0 0 0 0 0 0 0 0 0 0 0 0 0 0 0 0.1961476245 0 0 0 0 0 0 0 0 0 0 0 0 0.04661208016 0 0 0 0 0 0 0 0 0 0 0 0 0 0 0 0 0 0 0 3.728897369 0 0 0 0 0 0 0 0 0 0 0 0 0 0 0 0 0 0 0 0 0 0 0 0 0 0 0 0 0 0 0 0 0 0 0 0 0 0 0 0 0 0 0 0 0 0 0 15.56919428 0 0 0 0 0 0 0 0 0 0 0 0 0 0 0 0 3.76514316 0 0 0 0 0 0 0 0 0 0 0 0 0 0 0 0 0 0 0 0 0 0 0 0 0 0 0 0 0 0 0 0.01058027513 1.130184716 0 0 0 0 0 0 0.5327657142 0 0 0 0 0 0 0 0 0 0 0.07658966193 0 0 0 0 0 0 0 0 0 0 0 0 0 1.627182601 0 0 0 0 0 0 0 0 0 0 0 0 0 0 0 0 0 0 0 0 0 0 6.931680382 0 0 0 0 0 0 0 0 0 0 0 0 0 0 0 0 0 0 0 0 0 0 0 0 0 0 0 0 0 0 0 0 0 0.001355154398 
0.153334466 0 0 0 0 0 0 0 0 0 0 0 0 0 0 0 0 0 0 0 0 0 0 0 0 9.827090111 0 0 0 0 0 0 0 0 0 0 0 0 0 0 0 0 0 0 0 0 0 0 1.313520323 0 0 0 4.649641535 0 0 0 0 0 0 0 7.509085525 2.736364368 0 0 0 0 0 0 0 8.07887312 0.4889636733 0 0 0 0 0 0 0 6.160330748 0 0 0 0 0 0 0 0 0 0 0 0 0 0 0 0 0 0 0 0 0 0 0 0 0 0 0.6484318341 0 0 0 0 0 0 0 0 0 0 0 0 0 0 0 0 0 0 0 0 0 0 0 0 0 0 0 0 0 0 0 0 0 0 0 0 0 0 0 0 0 0 0 0 0 0 0 0 0 0 0 0 0 0 0 0 0 0 0 0 0 0 0 0 0 0 0 0 0 0 0 0 0 0 0 0 0 0 0 0 0 0 0 0 0 0 0 0 0 0 0 0.003211525373 0 0 0 0 0 0 0 0 0 0 0 0 0 0 0 0 0 0 0 0 0 0 0 0 0 0 0 0 0 0 0 0.2227547402 0 0 0 0 0 0 0 0 0 0 0.3878138062 0 0 0 0 0 0.7388943482 0 0.06731526811 0 0 0 0 0 0 0 
0 0 0 0 0 0 0 0 0 0 0 0 0 0.07571877935 0 0 0.04139802988 0.4696685253 0.370096404 0 0 0 0 0 0 0 0 1.154581964 0 0 0 0 0 0 0 0 0 0 0 0 0 0 0 0 0 0 0 0 0 0 0 0 0 0 0 0 0 0 0 0 0 0 1.476606451 0 0 0 0 0 0 0 0 0 0 0 0 0 0 0 0 0 0 0 5.235480722 0 0 0 0 0 5.095697733 0 0 0 0 0 0 0 0 0 9.628636004 0 0 0 0 0 0 0 0 0 0 0 0 0 0 0 0 0 0 0 0 0 0 0 0 0 0 0 0 0 0 0 0 0 0 0 0 0 0 0 0 0 0 0 0 0 0 0 0 0 0 0 0 0 0 0 0 0 0 0 0 0 0 0 0 0 0 0 0 0 0 0 0 0 0 0 0 0 0 0 0 0 0 0 0 0 0 0 0 0 0 0 0 7.524724917 0 0 0 0 0 0 0 0 0 0 0 0 0 0 0 0 0 0 0 0 0.009111049365 0 0 0.6276866801 0 0 0 0 0 0 0 0 0 0 0 0 0 0 0 0 0.1632000722 1.458184857 0 0 0 0 0 0 0 0 0 0 0 0 0 0 0 0 0 0 0 0 0 0 
0 0 0 0 0 0 0 0 0 0 0 0 0 0 0 0.6091227235 0 0 0 0 0 0 0 0 0 0 0 0 0 0 0 0 0 0 0 0.3400530843 0 0 0 0 0 0 0 0 0 0 0 0 0 0 0.1082036356 0 0 8.440152324 0 0 0 0 0 0 0 0 0 0 0 0 0 0 0 0 0 0 0 0 0 0 0 0 0 0 0 0 0 0 0 0 0 0 0 0 0 0 0 0 0 0 0 0 0 3.378651547 0 0 0 0 0 0 0 0 0 0 9.374057272 0.5191065634 0 0 0 0 1.547941556 0 0 4.532187536 0.0694308268 0 0 0 0 0 0 0 0 0 0 0 0 56.15192052 0 0 0 0 0 0 0 0 0 0 0 0 2.879441558 0 0 0 0 0 0 0 0.4690428893 0 0 0 0 0 0 0 0 0 0 0 0 0 0 0 0 0 0 0 0 0 0 0 0 0 0 0 0 0 0 0 0 0 0 0.9212986266 0 0 0 0 0 0 0 0 0 0 0 0 0 0 0 7.614430512 0 0 0 0 0 0 0 0 0 0 4.063010395 0 0 0 0 0 0 0 0 0 0 0 0 0 0 0 0 0 0 0 0 0 0 0 0 0 0 0 0 0 0 0 0 0 0 0 0 0 0 0 
0 0 0 0 0 0 0 0 0 0 0 0 0 0 0.001193537307 0 0 0 0.04097876774 0 0 0 0 0 0 0 0 0 0.003688520258 0 0 0 0 0 0.02460570509 0 0 0 0 0 0 0 0 0 8.121872613 0 0 0.8621780342 0 0 0 0 0 0 0 0 0 0 0 0 0 0 0 0 0 0 0 0 0 0 0 0 0 0 0 0 0 0 0 0 0 0 0 0 0 0 0 0 0 0 0 0.2711503407 0 0 0 0 0 0 0 0 0 0 0 0 0 0 0 0 0 0 0 0 0 0 0 0 0 0 0 0 0 0 0 0 0 0 0 0 0 0 0 0 0 0 0 0 0 0 0 0 0 10.37677203 0 0 0 0 0 0 70.30642811 0 0 0 0 0 0 0 0 0 0 0.04885030276 0 0 0 0 0 0 0 0 7.69389795 0 0 0 0 0 0 0 0 0 0 0 0 0.0007369204825 0 0 0 1.323498489 0 0 0 0 0 0 0 0 0 0 8.167117646 0 0 0 0 0 0 0 0 0 0 0 0 0 0 0 0.506363477 0.9360634039 0 0 0 0 0 0 0 0 0 0 0 0 0 0 0 0 5.806975947 0 0 0 0 0 0 0 0 0 0 0 0 0 0 0 0 0 0 0 0 0 0 0 0 0 
0 0 0 0 0 0 0 0 0 0 0 0 0 0 0 0 0 0.01379296564 0 0 0.29494156 0 0 0 0 0 1.615935779 0 0 0 0 0 0 0 0 0 0 0 0 0 0 0 0 0 0 0 0 0 0 0 0 0 5.11646884 0 0 0 0 0 0 0 0 0 0 0.3720985668 0 0 0 0 0 0 0 0 0 0 0 0 0 0 0 0 0 0 9.633200542 0 0 0 0 0 0 0 0 0 0 0 0 0 4.962345293 0 0 0 0 0 0 0 0 0 0 0 0 0 0 0 0 0 1.394899192 0 0 7.396152236 0 0 0 0 0 0 0 0 0 0 0 0 0 36.52670368 0 0 0 0 0 0 0 0 0 0 0 0 0 0 0 0 0 0 0 0 0 0 0 0 0 0 0 0 0 0 0 5.419172201 0 0 0 0 0 0 0 0 0 0 0 0 0 0 0 0 0 0 0 0 0 1.74450159 0 0 0 0 0 0 0 0 0 0 0 0 0 0 0 0 0 0 0 0 0 0 0 0 0 0 0 0 0 0 0 0 0 0 0 0 0 0 0 0 0 0 0 5.765194131 6.485297707e-05 0 0.381195725 0 0 0 0 0 0 0 0 0 0 0 0 0 0 0 0 0 0 0 0 0 0.2401303543 0 
0 0 0 0 0 0 0 0 0 0 0 0 0 0 0 0 0 0 0 0 0 0 0 0 0 0 0 0 0 0 0 0 0 0 0 0 0 0 0 0 0 0 0 0 0 0 0 0 0 0 8.22369315 0 0 0 0 0 0 0 0 0 0 0 0 0 0 9.679725409 0 0 0 1.171866255 0 0 0 0 0 0 0 0 0 0 0 0 0 0 0 5.047743596 0 0 0 0 0 0 0 0 0 0 0 0 0 0 0 0 0 0 0 0 0 0 0 0 3.507082469 10.48443805 0 0 0 0 0 0 0 0 0 0 0 0 0 0 0 5.906447566 0 0 0 0 0 0 0 8.347901929 0 0 0 0 1.475203631 0 0 0 0 0 0 0 0 0 0 0 0 0 0 1.288858672 0 0 0 0 0 0 0 0 1.921178799 0 0 13.67772557 0 0 0 0 0 0 0 0 0 0 0 0 0 0 0 0 0 0 0 0 0 0 0 0 0 0 0 0 0 0 0 0 0 0 0 0 0 0 0 0 0 0 0 0 0 0 0 0 0 0 0 0 0 0.4178208371 0 0 0 0 0.5357612798 0 0 0 0 0 0 0 0 0 0 0 0 0 0 0 1.488103384 0 0 0 0 0 0 0 0 0 0 0 0 0 
0 0 0 0 0 0 0 0 0 0 0 0 0 0 0 0.3916716507 0 0 0 0 0 0 0 0 0 0 0 0 0 0 0 0 0 0 0 0 0 0 0 0 0 0 0 1.190709829 0 0 0 0 0 0 0 0 0 0 0 0 0 0 0 0 0 0 0 0 0 0 0 0 0 0 0 0 0 0 0 0.448778396 0 0 0 0 0 0 0 0 0 0 0 0 0 0 0 0 0 0 0 0 0 0 0 0 0 0 0 6.528548042 0 0 0 5.934993959 0 0 0 0 0 0 0 0 0 0 0 0 0 0 0 0 0 0 0 0.01033885561 0 0 0 0 0 0 0 0 0 0 0 0 0 0 0 0 0 0 0 0 0 0 0 0 0 0 0 0 0 0 0 0 0 0 0 0 0 2.168814044 0 0 0 0 0 0 0.1170559063 0 0 0 0 0 0 0 0 0 0 0 0 0 0 0 0 0 0 0 0.6891569641 0 0 0.8227175487 0 0 0 0 0 0 0 0 0 0 0.3671924826 0 0 0 0 0 0 0 0 0 0 0 0 0 0 8.511346977 0 0 0 0 0 0 0 0 0 0 0 0 0 0 0 0 0 0 0 0 0 0 0 0 0 0 0 0 0 0 0 0 0 0 
0 0 0 0 0 0 0 0 0 0 0 0 0 0 0 0 0.2291924634 0 0 0 0 0 0 0 0 0 0 0 0 0 0 0 0 0 0 0 0 0 0 0 0 0 0 0 0 0 0 3.228853536 0 0 0 1.266499833 0 0 0 7.030142925 0 0 0.7797072817 0 0 0 0 0 0 0 0 0 0 0.07606515209 0 0 0 0 0 0 0 0 0 0 0 0 0 4.464299923 8.406543786 0 0 0 1.128381356 0 0 0 0 0 0 0 0 0 0 2.20009209 3.797974598 0 0 0 0 0 0 0 0 0 0 0 0 0 0 6.113967849 0 0 0 0 0 0 0 0 0 0 0 0 0 0 0 0 0 0 0 0 0 0 0 0 0 0 0 0 0 0 0 0 0 0 0 4.007061157 0 0 0 0 0 0 0 0 0 0 0 0 0 0 0 0 0 0 0 0 0 0 0 0 0 0 0 0 0 0 0 0 18.29915665 0 0 0 0 0 0 0 0 0 0 0 0 0 0 0 0 0 0 0 0 0 0 0 0 0 0 0 0 0 0 0 0 0 0 0 0 0 0 0 0 0 0 0 0 0 0 0 0 0 0 0 0 0.03948920156 0 0 0 0 0 0 0 0 0 0 0 0 0 0 0 0 0 0.2588681028 
0 0 0 0 0 0 0 0 0 0 0 0.0009933508785 0 0 0 0 0 0 0 0 0 0 0 0 0 0 0 0 0 0 0 1.349088373 0 0 0 0 0 0 0 0 1.135077727 0 0 0 0.02232644218 0 0 0 0 0 0 0 0 0 0 0 0 0 0 0 9.420970691 0 0 0 0 0 0 0 0 0 0 0 0 0 0 0 0 0 0 0 0 0 0 0 0 0 0 0.1960729543 0 8.174049264 0 0 0 5.577218196 0 0 0 0 0 0 0 0 0 0 0 0 0 0 0 0 0 0 0 0 0 0 0 0 0 0 0 0 0 0 0 0 0 0 0 0 0 0 0 0 0 0 0 0 0 0 0 0 0 0 0 0 0 0 0 0 0 0 0 0 0 0 0 0 0 0 0 0 0 0 0 0 0 0 0 0 0 0 0 0 5.187820798 0 0 0 0 0 0 0 0 0 0 0 0 0 0 0 0 0 0 0 0 0 0 0 0 0 0 0 0 0 0 0 0 0 0 0 0 0 0 0 0 0 0 0 0 0 0 0 0 0 0 0 0 0 0 0 0 0 0 0 0 0 0 0 0 0 0 0 1.215609132 0 0 0 0 0 0 0 0 0 0.0834721546 0 0 0 
0 0 1.193962156 0 0 0 0 0 0 0 0 0 0 0 0 0 0 0 0.7970442107 0 0 0 0 0 0 0 0 0 0 0 0 0 0 0 1.578271444 0 0 0 0 0 0 0 0 0 0.4065801288 0 0 0 0 0 0 0 0 0 0 0 0 0 0 0 0 0 0 0 1.501000481 0 0 0 0 0 0 0 0 0 0 0 0 0 0 0 0 0 0 0 0 0 0 0 0 0 0 0 0 0 0 0 0 0 0 0 0 0 0 0 0 0 0 0 0 0 0 0 0 0 0 0 0 0 0 0.4620197431 0 0 0 0 0 0 0 0 0 0 0 0 0 0 0 0 0 0 0 0 0 0 5.508362223 0 0 0 0 0 0 0 0 0 0 0 0 0 0 0 0 0 0 0 0 0 0 0 0 0 0 0 6.402148374 0 0 0 2.606738794 0 0.08884896696 0 0 3.353094584 0 0 0 0 0 0 0 0 0 0 0 0 0 0 0 0 0 0 0 0 0 0 0 0 0 0 0 0 0 0 0 0 0 0 0 0 0 0 0 0 0 0 0 0 0 0 0 0 0 0 0 0 0 0 0 0 0 0 0 0 0 0 0 0 0 0 0 0 0 0.2081883627 0 0 0 0 0 0 
0 0 0 0 0 0 0 0 0 0 0 0 0 0 0 0 0 0 0 0 0 0 0 0.04693867177 0 0 0 0 0 0 0 0.4291577569 0 0 0 0 0 0 0 0 0 0 0 0 0 0 0 0 0 0 0 0 0.9471122339 0 0 0 0 0 0 0 0 0 0 0 0 0 0 0 0 0 0 0 0 0 0 0 0 0 0.2276542395 0 0 0 0 6.396839897 2.719320116 0 0 0 0 0 0 0 0 0 0 0 0 0 0 0 0 0 0.8084979973 0 0 0 1.305269803 0 2.480319879 0 0 0 0 0 0 0 0 0 0 0 0 0 108.2938729 0 0 0 0 0 0 0 0 0 0 0 0 0 6.976303462 0 0 0 0 1.0055149 6.653106496 0 0 0 0 0 0 0 0 0 0 0 0 10.47089204 0 0 0 0 0 0 0 0 0 0 0 0 0 0 0 0 0 0 0 0 0 0 0 0 0 0 0 0.2835414921 0 0 0 0 0 0 0 0 0 0.3962904069 0 0 0 0 0 0 0 0 0 0.0610755616 0 0 0 0 0 0 0 0 0 0 0 0 0 0 0 0 0 0 0 0 0 0 0 0 1.478609399 0 0 0 0 0 0 0 0 0 0 0 0 0 0 0 0 0 0 0 0 0 0 0 0 0 0 0 
0 0 0 0 0 0 0 0 0 0 0 0 0 0 0 0 0 0 0 0 0 0 0 0 0 0 0 0 0 0.4345331522 0 8.749354157 0 0 0.3522182004 0 0 0 0 0 0 0 0 0 0 0 0 0.114733406 0 0 0 0 0 1.814769198 0 0 0 0 0 0 0 0 3.167745755 0 0 0 0 0 0 0 0 0 0 0 0 0 0 0 0 0 0 0 0 0 0 0 0 0 0 0 0 0 0 0 2.968635688 0 0 0 0 0 0 0 0 2.998116648 0 0 0 0 0 0 0 0 0 0 0 0 0 0 0 0 0 0 0 0 0 138.5961279 0 0 0 0 0 0 0 0 0 0 0 0 0.2513769425 0 0 0 0 0 0 0 0 0 0 0 0 0 0 0 0 0 0 0 0 0 0 0 0 0 0 0 0 0 0 0 0 0.911817376 0 0 2.214657204 0 0 0 0 0 0 0 0 0 0 0 0 0 0 0.5090898352 0 0 0 0 0 3.673287591 0 0 0 0 0 0 0 1.029255948 0 0 0 0 0 0 0 0 0 0 0 0 0 0 0.1682750933 0 0 0 0 0 0 0 0 0 0 0 0 0 0 0 0 0 0 0 1.213226104 0 0 0 0 0 0 0 0 0 0 0 0 0 0 0 0 0 
0 0 0 0 0 0 0 0 0 0 0 0 0 0 0 0 0 0 0 0 0 0 0 0 0 0 0 0 0 0 0 0 0 0 0 0 0 0 0 0 0 0 0 0 0 0 0 0 0 0 0 0 1.736558261 0 0 0 0 0 0 0 0 0 0 0.1160030962 0 0 0 0 0 0 0 0 2.354390342 0 0 0 0 0 0 0 0 0 0 0 0 16.03561662 0 0 0 0 0 0 0 0 0 0 0 0 0 0 0 0 0 0.134927848 0 0 0 6.677352371 0 0 0 0 48.28597477 0 0 0 0 0 0 0 0 0 0 0 0 0 0 0 0 0 0 0 0 0 0 0 0 0 0 0 0 0 0 0 0 0 0 1.337864797 0 0 8.359111782 5.775310761 0 0 0 0 0 0 0 0 0 0 0 0 0 0 0 0 0 0 0 0 0 0 0 0 0 0 0 0 0 0 0 0 0.0006071971533 0 0 0 0 0 0 0 0 0 0 0 0 0 0 0 0 0 0.6283151547 0 0 0 0 0 0 0 0 0 0 0 0 0 6.093924097 0 0 0 0 0 0 0 0 0 0 0 0 0 0 0 0 0 0 0 1.750906693 0 0 0 0 0 0 0 0 0 0 0 0 0 0 0 0 0 0 0 
0 0 0 0 0 0 0 4.502871951 0 0 0 0.1832212508 0 0 0 0 0 0 0 0 0 0 0 0 0 0 0 0 0 0 0 0 0 0.5068022201 0 0 0 0 0 0 0 0 0 0 0 0 0 0 0 0 0 0 0.006635150452 0 0 0 0 0 1.14595485 0 0 0.3033719355 0 0 0 0 0 0 0 0 0 0 0 0 0 0 0 0 0 0 0 0 0 0 0 0 0 4.940573613 0 0 0 0 0 0 0 0 0 0 0 0 8.583988657 0 0 0 0 0 0 0 0 0 0 0 0 0 0 0 0 7.806596665 0 0 0 0 0 0 0 0 0 0 0 0 0 0 0 0 0 0 0 0 0 0 0 0 0 0 37.43031079 0 0 0 0 0 0 0 0 0 0 0 0 0 0 25.26519588 0 0 2.641976008 0 0 0 0 0 0 0 0 0 0 0 0 0 0 4.9700306 0 0 0 5.305359384 0 0 0 0 0 0 0 0 0 0 0 0 0 0 0 0 0 0 0 1.791162006 0 0 0 5.362400539 0 0 0 0 0 0 0 0 0 0 0 0 0 0 0 0 0 0 0 0 0 0 0 0 0 0 0 0 0 0 0 0 0.354484158 0 0.3701602363 0 0 0 0 0 0 0 0 0 0 0 0 0 0 0 
0 0 0 0 0 0 0 0 0 0 0.2719952699 0 0 0 0 0 0 0 0 4.551389484 0 0 0 0 0 0 0 0 0 0 0 0 0 0 0 0 0.003346933112 0 1.494255811 0 0 0 0 0 0 0 0 0 0 0 0 0 0 0 0 0 0 0.3635704976 0 0.06710297824 0 0 0 0 0 0 0 0 0 0 0 0.09766222627 0 0 0 0 0 0 0 0 0 0 0 0 0 0 0 0 0 0 0 0 223.4718078 0 18.54496203 0 0 0 0 0 0 0 0 0 0 0 0 0 0 0 0 0 0 0 0 0 0 0 0 27.67298321 0 0 0 0 0 0 0 0 0 0 0 0 0 0 0 0 0 285.5762772 0 0 0 0 0 0 0 0 0 0 0 0 0 0 0 0 0 103.4348886 0 0 0 0 0 0 0 0 0 0 0 0 0 0 0 0 0 0 0 0 0 0 0 0 0 7.316420049 0 0 0 0 0 0 0 0 0 0 0 0 0 0 0 0 0 0 0 0 0.06117979967 0 0 0 0 0 0 1.598728361 0 0 0 0 0 0 0 0 0 0.01841234651 0 0 0 0 0 0 0 0 0.9094577486 0 0 0 1.330676592 0 0 0 0 0 0 0 0 0 0 0 0 0 0 0 0 0 0 0 0 0 0 0 
0 0 0 0 0 0 0 0 0 0 0 0 0 0 0 0 0 0 0 0 0 0 0 0 0 0 0 0 0 0 2.625054312 0 0 0 0 0 0 0 0 0 0 0 0 0 5.949727134 0 0 0 0 0 0 0 0 0 0 0 0 0.9845258261 1.230282814 0 0 0 0 1.68543602 0 0 0 0 0 0 0 0 0 0 0 1.223468327 0 0 0 0 0 0 0 0 0 0 0 0 0 0 0 0 0 0 0 0 0 0 0 0 0 0 0 0 0 0 0 0 0 0 0 0 0 0 0 0 0 0 0 0 0 0 0 0 0 0 0 0 0 0 0 0 0 0 0 0 0 0 0 0 0 0 0 0 0 0 0 0 0 0 0 0 0 0 0 0 0 0 0 0 0 0 0 0 0 0 0 0 0 0 0 0 0 0 0 0 0 0 0 0 0 0 0 0 0 0 0 0 0 0 0 0 0 0 0 0 0 0 0 0 0 0 3.192794588 0 0 0 0 0 0 0 0 0 0 0 0 0 0 0 0 0 0 0 0 0 0 0 0 0 0 0 0.01674656172 0.4176044001 0 0 0 0 0 0 0 0 0.03881564092 0 0 0 0 0 0 0 0 0 0 0 0 0 0 0.01813271144 
0 0 6.0254983 0.1881824431 0 0 0 0 0 0 0 0 0 0 0 0 0 0 0 0 0 0 0 0 0 0 0 0 0 0 0 0 0.3064578322 0 0 0 0 0 0 0 0 0.1413789656 0 0 0 0 0 0 0 0 0 0 0 0 0 0 0 0 0 0 0 0 0 0 0 0 0 7.626351301 0 0 0 0 0 0 0 0 0 0 0 0 0 0 0 0 0 0 0 0 16.74263618 0 0 0 0 0 0 0 0 0 0 0 0 0 0 0 0 0 0 0 0 0 0 0 0 122.1071622 0 0 0 534.4408387 0 0 0 0 0 0 0 0 0 0 0 0 0 0 0 0 0 0 0 0 0 0 0 0 0 0 0 0 0 3.411696096 0 0 0 0 0 0 0 0 4.410316023 0.3362780146 0 0 0 0 0 0 0 0 0 0 0 0 0 0 0 0 0 9.318584018 0 0 4.973722357 0 0 0 0 0 0 0 0 0 0 0 0 0 0 3.429881211 0 0 0 0 0 0 0 0 0 0 0 0 0 0 0 0 0 0 0 0 0 0 0 0 0 0 0 0 0 0 0 0 0 0 0 0 0 0 0 0 0 0 0 0 0 0 0 0 0 0 0 0 0 0 0 0 0 0 0.9024061356 0 0 0 
0 0 0 0 0 0 0 0 0 0 0 0 0 0 0 0 0 0 0 0 0 0 0 0 0 0.001417395548 0 0 0 0 0 0 0 0 0 0 0 0 0 0 0 0 0 0 0 0 0 0 0 0 0 0 0 0 0 0 0 0 0 0 0 0 0 0 0 0 0 0 0 0 0 0 0 0 0 0 68.70118466 0 0 0 0 0 2.924193976 0 0 0 0 0 0 0 0 0 0 5.161281083 0 0 0 0 0 0 0 0 0 0 0 0 0 0 0 0 0 0 0 0 0 0 0 0 0 0 0 0 8.972501145 0 0 0 0 4.754489197 0 0 0 131.6112363 0 0 230.4719233 0 0 0 0 0 0 8.175183152 9.941764434 0 0 0 0 0 32.19448369 0 0 0 0 0 0 0 0 0 0 0 13.31159204 0 0 0 0 0 0 0 0 0 0 0 0 0 0 0 0 0 0 0 0 0 0 0 0.3545583207 0 0 0 0 0 0 0 0 0 0 0 0 0 0 0 0 0 0 0.02025167036 1.047660739 0 0 0 0 0 0 0 0 0 0 0 0 0 9.332080702 0 0 0 0 0 0 0 0 0 9.109354501 0 0 0 0 0 0 0 0 0 0 0 0 0 0 0 0 0 0 0 0 0 0 0 0 0 0 0 
0 0 0 0 0 0 0 0 0 0 0 0 0 0 0 0 0 0 0 0 0 0 0 0 0 0 0 0 0 0 0 0 0 0 0 0.3589463587 0.1108442858 0 0 0 0 0 0 0 0 0 0 0 0 0 0 0 0 0 0 0 0 0 0 0 0 0 0 0 0 0 0 0 0 0 0 0 0 0 0 0 0 0 0 0 0 0 0 0 0 0 0 0 0 0 0 0 0 0 0 3.198126119 6.731863003 0 0 0 0 0 0 0 0 0 0 4.844549221 0 0 0 0 0 0 0 0 11.29339245 0 0 0 0 0 0 0 0 0 0 89.20523637 0 0 0 0 0 0 0 0 0 0 0 0 0 106.5803401 0.01319464655 0 0 0 0 0 0 0 0 0 0 9.599986832 0 0 0 0 0 0 0 0 0 0 0 0 0 0 0 0 0 0 0 0 0 0 0 0 0 6.127623694 0 0 0 0 0 0 0 0 0 0 0 0 0 0 0 0 0 0 0 0 0 0 0 0 0 0 0 0 0 0 0 1.38550448 0 0 0 0 0 0 0 0 0 0 0 0 0 0 0 0 0 0 0 0 0 0 0 0 0 0 0 0 0 0 0 0 0 0 0 0 0 0 0 0 0 0 0 0 
0 0.9538704262 0 0 0 0 0 0 0 0 0.01411138892 0 0 0 0 0 0 0 0 0 0 0 0 0 0 0 0 0 0 0 0 0 0 1.368058595 0 0 0 0 0 0 0 0 0 0 0 0 0 0 0 0 0 6.225386502 0 0 0 0 0 0 0 0.01568662439 0 0 0 0.02208551254 0 0 0 0 0 0 0 0 0 0 0 0 0 0 0 0 0 0 0 0 0 0 0 0 0 0 0 0 0 0 0 0 0 0 0 0 0 0 0 0 0 0 0 0 89.78450142 0 0 0 0 0 0 0 0 0 0 0 0 0 0 0 0 0 0 0 0 0 0 0 0 0 0 0 0 0 0 0 0 0 0 0 0 0 0 0 63.51793599 0 0 0 0 0 0 0 0 0 0 0 0 0 0 0 0 0 0 0 9.027306033 0 0 0 0 0 51.02804123 3.359104342 0 0 0 10.17987414 0 0 0 0 1.545941097 0 0 0 0 0 0 0 0 0 0 0 0 0 0 0 0 0 0 0 0 0 0 0 0 0 0 0 0 0 0.3948490563 0 0 0 5.695169354 0 0 0 0 0 0 0 0 0 0 0 0 1.137078036 0 0 0 0 0 0 0 0 0 0 8.788759039 0 0 0 0 0 0 0 0 0 0 0 0.2316182216 0 
0 0 0 0 0 0 0.7288252088 0 0 0 0 0 0 0 0 0 0 0 0 0 0 0 0 0 0 0 0 0 0 0 0.5432040933 0 0 0 0 0 1.638575364 0 0 0 0 0 0 0 0 0.8793284903 0 0 0 0 0 0 0 0 0.09703474578 0 0 1.262579059 0 0 0 1.332235674 0 0 0 0.9325273856 0 0 0 0 0 0 0 0 0 9.348056606 0 0 0 0 0 0 0 0 0 0 0 0.9860343964 0 0 0 0 0 0 0 0 0 0 2.877408691 0 0 0 0 175.068266 0 0 0 0 0 0 0 0 0 0 0 6.402408217 0 0 0 0 0 0 0 0 0 0 0 0 0 0 0 0 0 0 0 0.7987112833 0 0 0 0 0 0 0 0 0 0 0 0 0 0 0 0 0 0 0 0 0 0 0 0 0 0.2668020956 0 32.65497669 0 0 0 0 0 0 0 0 0 0 0 0 0 0 0 0 5.220091222 0 5.488756012 0 0 0 0 0 0 74.29670821 0 0 0 0 0 0 0 0 0 0 0 0 0 0 0 0 4.483090538 0 0 0 0 0 0 0 0 0 0 0 0 0 0 0 0 0 0 0 0 0 0 0 3.175067291 0 0 0 0 0 0 0 0 0 0 0 0 0 0 0 0 0 0 0 0 0 0 0 0 0 
0 0 0 0 0 0 0 0 0 0 0 0 0 0 0 0 0 0 0 0 0 0 0 0 0 0 0 0 0 0 0 0 0 0 0 0 0 0 0 0 1.024250937 0 0 0 0 0.8548692023 0 0 0 0 0 0 0 1.709749766 0 1.353455122 0 0 0 0 0 0 0 0 0 0 0 0 0 0 0 7.460133196 0 0 0.3795343069 0 0 0 0 0 2.792150741 0 0 0 0 0 0 0 0 0 0 0 0 0 0 0 0 0 0 0 0 0 0 5.702857143 0 0 0 0 0 0 0 0 41.37248343 0 0 0 0 0 0 0 0 0 0 0 0 0 0 0 0 0 0 0 279.8954826 0 0 0 0 0 0 0 0 534.6170983 0 0 0 0 128.2526536 0 0 0 0 0 0 0 0 0 0 0 0 0 0 0 0 0 0 0 0 0 0 0 0 0 0 0 0 0 0 0 0 0 0 0 0 0 0.8229219654 0 0 0 0 0 0 0 0 0 0 0 0 0 0 0 0 0 0 0 0 0 0 0.3688924915 0 0 0 0 0 0 3.202155764 0 0 0 0 0 0 0 0 0 0 0 0 0 0 0 0 0 0.5717496027 0 0 0 0 0 0 0 0 0 0 0 0 0.8097503916 0 0 0 6.970582467 0 0 0 0 0 0 
0 0 0 0 0 0 1.061637632 0 0 0 0 0 0 0 0 0 0.3760243845 0 0 0.4879517956 0 0 0 0 0 0 0 0 0 0 0 0 0 0 0 0 0 0 0 0 0 0 0 0 0 0 0 0 0 0 0 0 0 0 0 0 0 0 0 0 0 0 0 0 0 0 0 0 0 0 0 0 0 0 0 0 0 0 0 0 0 0 0 0 0 0 0 0 0 0 0 0 0 0 0 0 0 4.620926167 0 0 0 0 0 0 0 0 0 0 0 0 0 0 0 0 0 0 0 0 0 0 0 0 0 0 0 0 0 0 0 0 0 0 0 0 0 0 0 0 0 0 0 0 0 0 0 0 0 0 0 0 0 0.567036678 0 0 0 0 0 0 0 0 0 0 0 0 0 0 0 0 0 0 0 0 0 0 0 0 0 0 0 0 8.178564632 0 0 0 0 0 0 0 0 0 0 0 0 9.179540251 0 0 0 0 0 0 0 0 0 0 0 9.782719077 0 0 0 0 0 0 0 0 0 0 1.600420291 0 0 0 0 0 0 0 0 0 0 0 0 0 0 0.8648052153 0 0 0 8.838555052 0 0.00932347757 0 0 0 0 0 0 0 0 0 0 0 0 0 0 0 0.9361916225 0 0 
0 0 0 0 0 0 0 0 0 0.519070714 0 0.05579931073 0 0 0 0 0 0 0 0 0 0 0 0 0 0 0 0 0 0 0 0 0 0 0 0 0 0 0 0 0 0 0 0 0 0 1.496356119 0 0 0 0 0 0 0 0 0 0 0 0 0 0 0.8824194074 0 0 0 0.5839838039 5.179159372 0 0 0 0 0 0 0 0 7.498640951 0 0 0 0 0 0 0 0 0 0 0 0 0 0 0 0 0 0 0 0 0 0 0 0 0 0 0 0 0 0 0 0 0 0 0 0 0 0 0 0 0 8.199284322 0 0 0 0 0 0 0 0 0 0 0 0 0 9.380512881 0 0 0 0 0 0 0 38.60371527 0 68.17072086 0 0 0 0 0 102.7411931 0 0 0 0 0 0 0 0 0 92.63486509 0 0 0 5.960029505 0 0 0 0 0 0 0 0 0.2720042904 0 0 0 0 0 0 0 0 9.558370781 0 11.01231694 0 0 1.742496914 0 0 0 0 0 0 0 0 0 0 0 0 0 0 0 0 0 0 0 0 0 0 0 0 0 0 0 0 0 0 0 0 0 0 0 0 0 0 0 0 0 0 0 0 0 0 0 0 0 0 0.03018428655 0 0 0 0 0 0 0 0 0.3480534368 0 0 0 0 0 0 0 0 0 0 0 
0.288712696 0 0 0 0 0 0 0 0 0 0 0 0 0 0 0 8.348615199 0 1.661173072 0 0 0 0 0 0 0 0 0 0 0 0 0 0 0 0 0 0 0 1.403289399 0 0 0 0 0 0 0 0 0 0 0 0 0 0 0 0 0 0 0 0 0 0 0 0 0 0 0 0 0 0.2854881507 0 0 0 0 0 0 0 0 0 0 0 0 0 0 0 0 0 0 0 0 0 0 0 0 0 0 0 0 0 0 0 0 0 0 0 0 53.80350408 0 0 0 0 91.70628981 0 0 0 0 0 0 0 0 0 3.310316697 0 0 0 0 0 0 0 0 0 0 0 0 0 371.7196383 0 0 0 0 0 0 0 0 0 0 0 0 0 0 0 0 0 0 0 0 0 0 16.30209002 0 0 0 0 0 0 0 0 0 0 22.44619076 0 0 0 0 0 0 0 0 0 0 0 103.4610417 0 0 0 0 0 0 0 0 0 0 0 0 0 0 0 0 0 0 0 0 0 0 0 0 0 0 0 0 0 0 0 0 0 0 0.5745002564 0 0 0 0 1.622914063 0 0.5404785387 0 0 0 0 0 0 0.03996754179 0 7.275436256 0 0 0 0 0 0 0 0 0 0 0 0 0 0 0 0 0 0 0 0 0 0 0.0008392333061 0 
0 0.5039838177 0 0 0 0 0 0 0 0 0 0 0 0 0 0 0 0 0 0 0 0 0 0 0 0 0 0 0 0 0 0 9.8105278 0.001406929567 0 0 1.593172253 0 0 4.850586605 0 0 0 0 0 0 0 0 0 0 0 0 0 0 0 0 0 0 0 0 0 0 0 0 0 0 0 0 0 0 0 0 0 0 0 0 0 0 0 0 0 0 0 0 0 0 0 0.005421219048 0 2.583519686 0 0 0 0 0 0 0 0 0 0 0 0 0 0 0 0 0 0 0 0 0 0 0 0 0 0 0 0 0 0 0 0 0 0 0 0 0 0 0 0 0 0 0 0 0 0 0 0 0 0 0 0 0 0 0 0 0 0 0 0 0 0 0 0 0 0 0 0 0 0 0 0 0 0 0 0 0 0 0 0 0 0 0 0 0 0 0 0 0 0 0 0 0 0 0 0 0.8285579727 0 0 0 1.4478854 0 0 0 0 0 0 0 0 0 0 0 0 0 0 0 0 0 0 0 0 0 0 0 0 0 0 0 0 0 0 0 0 0 0 0 0 0 0 0 0 0 0 0 0 0 0 0 0 0 0 0 0 0 1.386408716 0 0 0 0 0 0 0 0 0.3162920277 0 0 
0 0 0 0 0.01547308354 0 0 0 0 0 1.506838765 0 0 0 0 0 0 0 0 0 0 0 0 0 0 0.3345106719 0 0 0 0.004358503601 0 0.6652378107 0 0 0 0 0 0 0 0 0.2507098684 0 0 0 0 0 1.506559414 0 0 0 0 0 0 0 0 0 0 0 0 0 0 0 0 0 0 0 0 0 0 0 0 0 0 2.849303953 0 0 0 0 0 0 0 0 0 0 0 0 0 0 0 0 0 0 0 0 0 0 0 0 0 0 0 0 0 0 0 0 0 0 0 0 0 0 0 0 0 0 0 0 0 0 0 0 0 0 0 0 0 0 0 0 0 0 0 0 0 0 0 0 0 0 0 0 0 612.1950155 0 0 0 0 0 0 0 0 587.3411245 0 0 0 0 0 0.3392111779 0 0 0 0 0 2.534484269 0 0 0 0 0 0 0 6.234975698 0 0 0 0 0 6.691717698 111.1676685 0 0 0 0 2.778528582 0 0 0 0 0 0 0 0 0 0 0 0 0 0 0 0 0 0 2.418716941 0 0 5.996932214 0 0 0 0 0 0 0 0 0.1721025944 0 0 0 0 0 0 0 0 1.340688293 0 0 3.463431345 0 0 0 0 0 0 0.06295347287 0 0 0 0 0 0 0 0 0 0 0 0 0 0 0 0 0 0 0 1.168326163 0 
0 0 0 0 0 0 0 0 0 0 1.175086845 0.005110169732 0 0 5.727450155 0 0 0 0 0 1.228246992 0 0.6224396563 0 0 0 0 1.633124844 0 0 0 0 0 0 9.224318655 0 0 0.7002225573 0 0 0 0 0 0 0 0 0 0 0 0 0 0 0 0 0 0 0 0 8.095484833 0 0 0 0 0 0 0 0 0 0 0 0 0 0 0 5.545466576 0 0 0 0 0 0 0 0 0 0 0 0 0 131.6610517 0 0 0 0 0 0 0 0 0 0 0 0 0 0 0 0 0 0 0 0 0 0 0 0 0 0 0 0 0 0 0 0 0 0 0 0 0 0 0 0 461.0792709 0 0 80.69743064 0 0 603.7681675 0 0 0 0 0 0 0 0 29.78619197 0 0 0 0 0 0 0 0 0 0 0 0 0 0 0 0 0 0 0.9476175366 0 0 0 0 0 0 0 0 136.3546454 0 0 0 0 0 0 0 0 0 0 0 0 0 0 0 0 0 0 0 0 0 0 0 0 0 0 0 8.012235266 0 0 0 0 0 0 0 0 0 0 0 1.50374189 0 0 0 0 0 0 0 0 0 0 0 0 0 0 0 0 0.8658876957 0 0 0 0 0 0 0 0 0 0 0 0 0 0 0 0 0 0 0 0 0 0 0 0 0 0 
0 0 0 0 0 0 0 0 0 0 0 0 0 0 0 0 0 0.2343962226 0 0 0 0 0 0.01280736399 0.2841115959 0 0 0 0 0 0 0 0 0 0 0 0 0 0 0 0 0 0 0 0 0 0 3.147981116 0 1.458681804 0 0 0 0 9.071000183 0 0 0 0 0 0 0 0 0 0 0 0 0 3.914501366 6.055568592 0 0 0 0.09661057146 0 79.33802072 0 0 0 0 0 0 0 0 0 0 0 0 0 0 0 0 0 0 0 0 0 0 1.609015916 0 0 0 0 0 0 13.93676563 0 0 0 0 0 0 0 0 0 0 0 0 0 0 0 0 0 0 26.84356808 0 0 0 0 0 0 0 0 0 0 22.92282052 0 0 362.6844475 0 0 0 0 0 0 0 0 0 0 0 0 0 0 0 0 0 16.67682238 0 0 0 0 0 0 0 0 0 0 0 3.535637057 244.1108786 0 0 0 0 0 0 0 0 0 0 0 0 0 0 0 0 0 0 0 0 0 0 0 0 0 0 0 0 0 0 0 0.2880077241 0 0 0 1.549574194 0 0 0 0 0 0 0 0 0 0 0 0 0 0 0 0 0 0 0.2820478028 0 0 0 0 0 0 0 0 0.2934455622 0 0 0 0 0 0 0 0 0 0 0 0 0 0 0 0 0 0 0 0 0 0 
0 0 0.7449640901 0 0 0 0.3631029165 0 0.06199079505 0 0 0 0 0 0 0 0 0 0 0.1519392096 0 0 0 0 0 0 0 0 0 0 0 0 0 0 0 0 0 0 0 0 0 0 0 0 0 0 0 0 0 0 0 0 0 0 0 0 0 0 0 0 0.02384101934 0 0 0 0 0 0 0 0 0 0 0 0 0 0 0 0 0 0 0 0 0 0 0 0.2822143667 0 0 0 0 0 0 0 5.1004659 0 0 0 0 0 0 0 0 0 0 0 0 0 0 0 0 0 0 0 0 0 0 0 0 0 0 0 0 0 0 0 0 0 0 0 0 0 0 0 0 0 0 0 0 0 0 0 0 0 0 0 0 0 0 0 0 0 0 0 560.3524351 0 0 0 0 0 0 0 31.29294326 0 0 0 0 0 0 0 0 0 0 0 0 0 0 0 0 0 0 0 0 0 0 0 0 0 0 0 0 0 1.9677955 0 0 0 0 0 0 0 0 0 0 0 0 0 0 0 0 0 0 0 0 0 0 0 0 0 0 0 0 0 0 0 0 0 0 0 0 0 0 0 0 0 0 0 0 0 0 0 0 0 0 0 0 0 0 0 0.0004492828152 0 0 0 0 0 0 0 0 0 
0 0 0 0 0 0 0 0 0 0 0 0 0 0 0 0 0 0 0 0 0 0 0 0 0 0 0 0 0 0 0 0 0 0 0.01787515226 0 0 0 0 0 0 0 0 0 0 0 0.7659636196 0 0 0 0 0 0 0 0 0 0 0 0 0 0 0 0 0 0 0 0 0 0 0 0 0 0 0 0 0 0 0 0 0 0 0 0 0 0 0 71.06300757 0 0 0 0 0 0 0 0 0 0 0 0 0 0 0 0 0 0 0 0 0 0 0 0 2.481666239 0 0 0 0 0 0 0 0 0 0 0 0 0 0 0 0 0 0 0 0 0 0 0 0 0 0 0 0 0 0 0 0 0 0 0 0 0 0 0 0 0 0 0 0 0 0 0 0 0 0 0 0 0 0 5.781600443 0 0 0 0 0 0 0 0 0 0 0 0 0 0 0 0 0 0 0 0 0 0 0 0 0 0 0 0 0 0 0 0 0 0 0 0 0 0 0 0 0 0 0 0 0 0.05449150632 0 0 0 0 0 0 0 0 0 0 0 0 0 0 0 0 0 0 0 0 6.683537622 0 0.2013215386 0 0 0 0 0 0 0 0 0 0 0 0 0 0 0 0 0 0 0 0 
0 2.267044618 0 0 0 0 0 0 0 0 0 0 0 0.3184327563 0 0 0 0 0 0 0 0 0 0 0 0 0 0 0 0 0 0 0.9388255819 0 0 0 0 0 0 0 0 0 0 1.629032931 0 0.807971986 0 0 0 0 0 0 0 0 0 0 0 0 0 0 0 0 0 4.976395685 0 0 0 0 0 0 0 0 0 0 0 0 0 0 0 0 0 0 0 0 0 0 0 0 0 0 0 0 0 0 0 0 0 0 0 0 0 0 0 0 0 0 0 0 0 0 0 0 0 0 0 240.0267668 0 0 0 0 0 0 0 0 0 283.6738404 0 0 0 0 0 0 0 0 0 0 0 0 0 0 0 0 0 0 0 0 0 0 0 0 0 0 0 0 0 0 0 0 0 0 0 0 0 0 0 0 0 0.1002978179 0 0 0 0 0 0 0 0 0 0 0 0 0 0 0 0 0 8.1202555 0 0 0 0 0 0 0 0 0 0 0 0 0 0 0 0 0 0 0 0 0 0 0 0 0 0 0 0 0 0 0 0 0 0 0 0 0 0 0 0 0 0 0 0 0 0 0 0 0 0 0 0 0 0 0 0 0 0 0 0 0 0 0 0 0 0 0 0 0 0 
0 0 0 0 0 0 0 0 0 0 0 0 0 0 0 0 0 0 0 0 0 0 0 0 0 0 0 0.04036288878 0 0 0 0 0 0 0 0 0 0 0 0 0 0 0 0 0.0002774336755 0 0 0 0 0 0 0 0 0 5.783510059 0 0 0 0 0 0 0 0 0 0 0 0 0.6877457769 0 0 0 0 0 2.284205011 0 0 0 0 0 0 0 0 0 0 0 0 0 0 0 0 0 0 0 0 0 0 0 0 0.1682854755 0 0 0 430.5540691 0 0 0 0 0 0 0 0 0 0 0 0 0 0 0 0 0 0 0 0 0 0 0 0 0 0 0 0 0 0 0 678.5383185 0 0 0 0 0 0 0 0 0 679.4102774 0 313.9762586 0 0 107.4894272 0 0 0 88.99377867 0 0 0 0 0 0 0 0 0 0 0 0 0 0 0 0 0 0 0 0 0 0 0 0 0 0 0 106.4827441 0 0 0 0 0 0 0 0 0 0 0 0 0 0 0 0 0 0 0 0 0 0 0 0 0 0 0 0 0 0 0 0 0 0.4843926149 0 0 0 0 0 0 0 0 5.848517104 0 0 0 0 0 0 0 0 0 0 0 0 0 0.05593237566 0 0 0 0 0 0 0 0 0 0 0 0 0 0 0 0 0 
0 0 0 0 0 0 0 0 0 0 0 0 0 0 0 0 0 0 0 0 0 0 0 0 8.929561516 0 0 0 0 0 0 0 0 0 0 0 0 0 0 0 0 0.04336955728 0 0 0 0 0 0 0 0 0 0 0 0 0 0 3.409883526 0 0 0 0 0 0 2.048349609 0 0 0 0 0 0 0 0 0 0 0 0 0 0 0 0 0 0 6.507272868 0 0 0 0 9.099383914 0 0 0 29.28182395 0 0 0 0 55.95315773 0 0 0 0 0 0 0 0 0 0 8.055933246 0 0 0 0 0 0 0 0 0 0 0 0 0 0 0 0 0 0 0 262.0475958 0 0 0 0 0 0 0 0 0 0 0 0 0 0 0 0 0 0 0 0 336.282645 0 0 0 0 0 0 0 0 0 0 0 0 0 0 0 0 0 0 0 0 0 0 0 0 0 0 0 0 0 0 0 0 0 0 0 0 0 0 0 0 0 0 0 0 22.95028678 0 0 0.433062263 0 0 0 0 0 0 0 0 0 0 0 1.933227309 0 0 0 0 0 0 17.29684953 0 0 0 0 0 0 0 0 0 0 0 0 0 0 0 0 0 0 0 1.24692069 0 0 0 0 0 0 0 0 0 0 0 0.1115694402 0 0 0 0 0 0 0 0 
0 0 0 0 0 0 0 0 0 0 0 0 0 0 0 0 0 0 0 0 0 0 0 0 0 0 0 0 0 0 0 0 0.01610633227 3.696292962 0 0 0 0 0 0 0 0 0 0 0 0 0 0 0 0 0 0 0 0 0 0 0 0 0 5.777353396 0 0 0 0 0 0 0 0 0 0 0 0 0 0 0 0 0 0 0 0 0 0 0 0 0 0 0 0 0 0 0 0 0 0 360.7105915 0 0 0 110.123214 0 0 0 0 794.1436774 0 0 0 0 39.67671772 0 0 0 0 282.6539163 0 0 454.087774 0 0 0 0 0 0 0 0 0 0 14.77716701 0 0 0 0 0 0 0 0 0 0 0 0 0 0 0 0 0 0 0 0 0 0 0 0 0 0 0 130.5980083 0 0 0 0 0 0 6.653007018 0 0 0 0 0 0 0 0 0 0 0 0 0 8.826959584 0 0 0 0 0 0 0 0 0 0 0 0 0 0 0 0 0 0 0.7331052967 0 0 0 0 0 0 0 0 0 0 0 0 0 0 0 0 8.155902791 0 0 0 0 6.539995202 0 0 0 0 0 0 0 0 0 0 0 0 0 0 0 0 0 0 0 0 0 0 0 0 0 0 0 0 0 0 0 0 0 0 0 0 0 0 
0 0 0 0.8616751372 0 0 0 0 0 0 0 0 0 0 0 0 0.07840684347 0 0 0.2927914159 0 0 0 0 0 0 0 0.9490506898 0 0 0 0 0 0 0 0 0 0 0 0 0 0 0 3.231543228 0 0 0 0 0 0 0 0 6.779050271 0 0 0 0 0 0 0 0 0 0 0.3194260297 0 0 0 0 0 0 0 0 0 0 0 0 0 0 0 0 0 0 0 0 0 0 5.390735232 0 0 0 0 0 0 0 0 0 0 0 439.6512763 0 0 0 0 0 0 0 0 0 0 0 0 0 0 0 0 0 0 0 0 0 0 0 0 0 0 0 0 0 0 0 757.0322353 0 0 0 0 0 0 380.2623967 0 0 0 0 0 0 0 0 0 0 0 0 0 0 0 0 13.47379163 0 299.5243883 0 0 0 0 0 0 0 0 0 0 0 0 0 0 0 0 0 60.45065923 0 0 0 0 0 0 0 0 0 0 0 0 0 0 0 0 0 0 0 0 3.790285318 0 0 0 0 0 0.2570393969 0 0 0 7.975463822 0 0 0 0 1.263735374 0 0 0 0 0 0 0 0 6.920716856 0 0 0 0 0 0 0 0 0 9.276900061 0 0 0 0 0 0.2209073395 0 0 0 0 0 0 0 0 0 0 0 0 0 0 0 0 0 0 0 0 
0 0 0 0 0 0 0 0.471340779 0 0 0 0 0 0.314337087 0 0 0 0 0 0 0 0 0 0 0 0 0 0 0 0 0 0 0.4826347175 0 0.6563096323 0 0 0 0.2060309381 0 0 0 0 0 0 0 0 1.167043968 0 0 0 0 0 0 0 0 0 0 0 0 0 0 0 0 0 0 0 0 0 0 0 0 0 0 0 0 0 0 0 0 0 0 0 0 0 0 0 0 3.323551094 0 0 0 0 0 0 0 0 0 0 0 0 0 72.62610147 0 0 0 732.3891519 0 0 0 0 0 0 0 0 0 0 0 0 0 0 0 0 0 0 0 0 0 0 0 0 0 0 0 0 0 0 0 0 0 0 0 0 0 0 0 0 0 0 109.7876125 0 0 0 0 0 0 0 0 0 0 0 0 0 0 0 0 0 0 0 0 343.2462218 0 0 243.1268894 0 0 0 0 0 0 0 0 0 0 0 0 0 0 0 0 0 125.2414824 0 0 0 0 2.749351654 0 0 0 0 0 0 0 0 0 0 0 0 5.082618102 0 0 0 0 4.536223977 0 0 0 0 0 0 0 0 0 0 0 0 0 0 0 0 0 0 0 0 0 0 0 0 0 0.1874918862 0 0 0 0 0 0 0 0 0 0 0 0 0 0 0 
0 0 0 0 0 0 0 0 0.2893494428 0 0 0 0 0 0 0 0 0 1.338705513 0 0 1.043760131 0 0 0 0 0 0 0 0 0 0 1.610203251 0 0 0 0 1.50268724 0 0 0 1.063050129 0 0 0 1.002641981 0 0 0 0 0 0 0 0 0 0 0.361447961 0 0 0 0 0 0 0 0 0 0 0 0 0 0 0 0 0 1.829019308 0 0 0 0 0 0 0 0 0 0.01657199933 0 0 0 73.50744501 0 0 0 0 0 0 0 0 0 0 0 0 0 0 0 0 0 0 0 0 0 0 0 0 0 0 0 0 0 0 0 0 555.4632826 0 0 0 0 0 0 0 342.8434291 0 0 0 0 0 0 0 0 0 0 0 0 0 0 0 0 0 0 0 0 0 0 0 0 0 0 0 0 0 0 0 0 0 0 11.86083552 0 0 0 0 0 0 0 0 0 0 3.244762571 0 0 0 124.9810668 0 0 0 0 0 0 0 0 0 0 0 0 0 0 0 0 0 0 0 0 0 0 0 0 0 0 0 0 0.09193589097 0 0 0 0 0 0 0 1.560101458 0 0 0 0 0 0 0 0 0 0 0 0 0 0 0 0 0 0 0 0 0 0 0 0 0 0 0 0 0 0 0 0 0 0 0 0 0 0 0 
0 0 0 0 0 0 0 0 0 6.060513016e-08 0 0 0 0 0 0 0 0 1.014305443 0 0 0 0 0 0 0 0 0 0 0 0 0 0 0 0 0 0.00222152796 2.121575044 0 0 0 0 0 0 0 0 0 0 0 0 0 0 0 0 0 0 1.492259731 0 0 0 0 8.434544461 0 0 0.0003394377835 0 0 0 0 0 0 0 0 0 3.943032706 0 0 0 0 0 0 0 0 0 0 0 0 0 0 0 0 0 0 0 0 0 0 0 0 0 0 0 0 0 0 0 0 0 965.6208771 0 0 0 0 0 0 0 0 0 0 0 0 0 0 0 0 0 0 0 0 0 0 0 0 0 0 0 0 0 0 0 0 0 0 0 0 0 274.4745534 0 0 0 326.3026583 0 0 0 0 0 0 0 0 0 0 0 0 0 0 0 0 0 0 0 0.03951449837 0 0 0 0 0 0 0 0 0 0 0 0 0 0 0 0 0 0 0 0 0 31.43771818 0 0 0 0 0 0 0 0 0 0 0 0 0 0 0 0 0 0 0 0 0 0 0 0 0 0 0 0 0 0 0 0 0 0.9878990292 0 0 0 0 0 0 0 0 0 0 0 0.3760668651 0 0 0 7.440770167 0 0 0 0 0 0 0 0 0 0 0 0.4174427922 0 
0 0 0 0 0 0 0 0 0 0 0 0 0 0 0 0 0 0 0 0 0 0 0 0 0 0 0 0 0 0 0 0 0 0 5.642127173 0 0 0 0 0 0.2583097769 0 0 0 0 0 0 0 0 0 4.127637145 0 0 0 0 0 0 0 0 0 0 0 0 0 0 0 209.3086718 0 0 0 0 0 0 0 0 0 48.90201037 0 0 0 0 0 0 0 0 8.334526716 0 0 0 0 0 0 0 0 0 0 0 0 0 0 0 0 0 0 0 0 0 0 0 0 0 19.56063751 0 0 0 0 0 0 0 0 0 0 0 0 0 0 0 0 0 0 0 0 0 0 0 0 0 0 0 0 0 469.9964133 0 0 0 0 0 0 0 0 0 583.9535329 0 0 0 0 0 117.3786986 0 0 0 0 0 0 0 0 0 0 0 0 0 0 0 0 0 0 0 0 0 0 0 0 0 0 0 0 0 0 0 0 0 0 0 7.007750876 0 0 0 0 0 0 0 9.412986192 0 0 9.688930211 0 3.558860405 0 0 0 0 0 0 0 0 0 0.0001908808024 0 0.6741017624 0 0.2296150184 0 0 0 0 0 0 0 0 0 0 0 0 0 0 0 0 0 0 0.9748519987 0 0 0 0.04990710923 0 0 0 0 8.585179694 0 0 0 0 0 0 0 
0 0 0 0 0 0 0 0.3478200179 0.4804528792 0 0 0 1.199882552 0 0 0 0 0 0 0 0 0 0 0 0 0 0 0 0 0 0 0 0 0 0 0 0 0 0 0 0 0 0 0 0 0 0 0 0 0 0 0 0 0 0 0 2.252324131 0 0 0 0 0 0 0 0 0 0 0 0 0 0 0 0 0 3.248247423 0 0 0 0 0 0 0 0 0 0 0 0 0 1.42650983 0 0 0 0 0 0 0 0 0 0 0 0 0 0 0 0 0 0 0 0 0 348.9205205 0 0 0 0 0 0 0 0 0 0 0 0 0 0 0 0 466.9043241 0 0 0 483.0257049 0 0 0 0 0 0 0 0 901.2548388 0 906.1499963 0 0 0 0 0 0 0 0 0 0 0 0 0 0 0 0 0 0 266.367705 0 21.23687824 0 0 0 0 0 0 0 0 0 0 0 0 0 0 0 0 0 0 0 0 0 0 0 0 0 0 0 0 0 0 0 0 0 0 6.70155857 0 0 0 0 0 0 7.231403482 0 0 0 0 0 0 0 0 0 0 0 0 0 0 0 0 0 0 0 0 0 0 0 0 0 0 0 0 0 0 0.4784597105 0 0 0 0 0 0 0 0 0 0 0 0 0 0 0 0 0 0 0 
0 0 0 4.267429216 0.3135265053 0 0 0 0 0 0 0 0 0 0 0 0 0 0 0 0 0.03419155891 0 0 0 0 0 0 0 0 0 0 0 0 0.4464230028 0 0 0 0 0 0 0.8607412195 0 0 3.671918159 0 0 0 0 0 0 0 3.080205364 0 0 0 0 0 0 0 0 0 0 0.09324051107 0 0 0 0 0 0 0 0 4.440636311 0 0 0 0 0 0 0 0 0 0 0 0 0 113.1878473 0 0 0 0 0 0 0 0 0 174.298381 0 0 0 0 0 0 0 0 0 0 0 0 461.5822617 0 0 0 375.4449171 0 0 0 0 0 0 0 0 0 0 0 0 0 0 0 0 0 552.3786565 0 0 0 0 0 0 0 0 0 0 0 0 0 0 967.1695305 0 0 0 0 0 0 0 0 0 0 0 0 0 0 0 0 0 0 0 0 0 0 0 0 0 0 0 0 0 0 0 26.73356383 0 0 0 0 0 0 0 0 0 0 0 0 0 0 0 0 0 0 0 0 0 0 0 0 0 0 0 0 0 0 0 0 1.628250668 0 0 0 0 0 1.185076408 0 0 0 0 0 0 0 0 0 0 0 0 0 0 0 0 0 0 0 0 1.191454009 0 0 0 0 0 0 0 0 0 0 0 0 0 0 0 0 0 
0 0 0 0 0 0 0 0 0 0 0 0 0 0 0 0 0 0 0 0 0 0 0 0 0 0 0 0 0 0 0 0 0 0 0 0 0 0 0 0 0 0 0 0 0 0 0 9.198795622 0 0 0 0 0 0 0 0 0 0 0 0 0 0 0 0 0 0 0 0 0.2444522648 0 0 0 0 0 0 0 0 8.190675736 0 0 0 0 0 0 0 0 0 0 0 0 0 0 0 0 0 0 0 0 0 0 0 0 0 0 0 0 0 0 0 0 0 0 756.602378 0 0 0 0 0 1076.985847 0 0 0 0 0 0 1187.663384 0 0 447.6185143 0 0 0 0 0 1055.649982 0 0 0 0 0 0 0 0 0 0 0 0 0 0 0 0 0 0 0 621.3107116 0 0 0 0 0 0 0 0 108.4177699 0 0 0 0 0 0 0 0 0 0 0 0 0 0 0 0 0 107.7468249 0 0 0 0 0 0 0 0 0 0 0 0 156.1084752 0 0 0 0 0 0 4.586035131 0 0 0 0 0 0 0 0 0 0 0 0 0 1.613670409 0 0 0 0 0 0 0 0 0 0 0 0 0 0 0 0 0 0 0 0 0 0 0 0 0 0 0 0 0 0.6924997921 0 0 0 0 0 0 0 0 0 0.00225939813 
0 0 0 0 0 0 0 0 0 0 0 0 0 0 0.7288093237 0 0 0 0 0 0 0 0 0 8.103360897 0 0 0 0 0 0 0 0 0 0 0 0 0 0 0 0 0 0 0 0 0 0 0 0 2.725129448 0 0 0 1.623523151 0 0 0 0 0 2.543213434 0 31.62004218 0 4.715808222 0 0 0 0 0 0 0 0 0 0 0 0 1.283345691 0 0 8.712645704 0 0 0 0 3.520560634 0 0 0 0 0 0 0 0 0 0 0 0 0 261.8926389 0 0 0 0 0 0 0 410.6736326 0 0 0 893.5695862 0 0 0 0 0 0 0 0 0 0 1133.9505 0 0 0 0 0 0 0 0 0 0 0 0 0 0 0 0 0 0 0 0 0 0 0 0 0 0 0 0 0 0 0 0 0 0 0 0 0 0 0 0 0 0 0 0 0 0 0 0 0 0 0 0 0 0 0 0 0 0 0 0 0 0 0 0 0 0 0 0 0 0 0 0 0 0 0 0 0 0 0 0 0 0 0 0 0 0 0 0 0 0 0 0 0 0 0 0 0 0 0 0 0 0 0 0 0 0 0 0 0 0 0 0 0 0 0 0 0 0 1.327285965 0 0 0 0 0 0 0 0 0 0 0 5.389601527 0 0 0 
0 0 0 0 0 0 0 0 0 0 0 0 0 0 0 0.8385720069 0 0 0 0 0 0 0 0 0 0 0 0 0 0 0 0 0 0 0 3.949614863 0 0 0 0 0 0 0 0 0 0 0 0.7937640761 0 0 0 0 0 0 0 0 0 0 0 0 0 0 0 0 0 0 0 0 0 0 0 0 0 0 0 0 0 0 0 0 7.186087344 0 0 0 0 3.111822629 0 0 0 3.239931195 4.594929809 0 0 0 2.221664185 0 0 0 0 0 0 0 936.0485899 0 0 0 0 0 0 0 0 0 0 0 0 0 0 0 0 0 0 0 0 0 0 0 0 0 0 675.7644554 0 0 0 0 0 0 0 0 0 307.1017441 0 0 0 0 0 0 0 0 0 0 0 0 0 0 0 0 0 0 0 0 0 0 0 0 0 0 0 0 0 0 0 0 0 222.6855086 0 0 12.94765928 0 0 0 0 0 0 0 0 0 0 0 0 0 0 0 0 0 0 0 0 0 0 0 0 0 0 0 0 0 0 0 0 0 0 0 2.01783483 0 0 0 0 0 0 0 0 0 0 0 0 0 0 0 0 0 0 0 0 0 0 0 0 0 0 0 0 0 0 0 0 0.08185919661 0 0 0 0 0 0.2102976481 0 0 0 0 
0 0 0 0 0 1.120265044 0 0 0 0 0 0 0 0 0 0 0 0 0 0 0 0 0 0 0 0 0 0 0 0 0 0 0 0 0 0 0 0 0 0 0 0 0 0 0 0 0 0 0 14.50404209 0 0 0 0 0 0 0 0 0 2.495073543 0 0 0 0 0 0 0 0 0 0 0 0 0 0 0 0.07331197703 0 3.502072079 0 0 0 0 0 0 0 0 0 0 0 0 0 0 0 0 0 0 0 0 0 0 0 0 0 0 0 0 0 0 0 0 0 0 0 0 0 0 0 0 0 0 0 0 0 0 0 0 0 0 0 0 0 0 0 0 0 0 0 0 0 0 0 0 1144.281828 0 0 0 852.2093225 0 0 0 0 0 0 0 0 0 0 0 0 0 0 0 0 0 12.04073013 0 173.8984012 0 0 0 0 0 0 0 0 0 0 0 0 0 0 0 0 0 0 0 0 0 0 0 0 0 0 0 9.502700189 0 0 0 0 7.776617593 0 0 0 48.76243921 0 0 0 0 0 0 0 0 0 0 0 0 0.03736966297 0 0 0 0.2638405732 0 0 0 0 0 0 0 0 0 0 0 0 0 0 0 0.001255527572 0 0 0 0 0 0 0 0 0 0.08327638783 0 0 0 0 0 0 0 0 0 
0 0 0 0 0.009416469604 0 0 0 0 0 0 0 0 0 0 0 0 0 0 0 0 0 0 0 0 0 0 0 0 0 0 0 0 0 0 0 0 0 0 0 0 0 0 0 0 0 0 0 0 0 0 0 0 0 0 0 0 0 0 0 0.248264686 0 0 0 0 0 0 0 0 0 0 0 0 0 0 0 0 0 0 0 0 0 0 0 0 0 0 4.966254009 0 0 0 0 0 0 0 0 0 0 0 0 0 0 0 0 0 0 0 0 0 0 0 0 0 0 0 0 0 0 0 0 0 0 0 0 0 0 0 0 0 0 1109.337752 0 0 0 0 0 0 0 0 0 0 0 0 0 0 0 0 1458.145495 0 0 0 0 0 0 0 0 0 0 0 0 183.3576323 0 40.0415817 0 0 0 0 285.8878387 1.618081591 0 30.72775013 0 0 0 0 0 0 0 0 0 0 0 0 7.652729234 0 0 0 0 0 9.79474791 0 0 0 0 0 0 0 0 0.3715662781 0 0 0 0 0 0 0 0 0 0 0 0 0 0 0 0 0 0 2.494781548 0 0 10.23501391 0 0 0 0 0 0 0 0 0 0 0 0 0 0 0 0 0 0 0 0 0 0 0 0 0 0 0 0 0 0 0 0 0 0 0 
0 0 0 0 0 0 0 0 0 0 0 0 0 0 0 0 0 0 0 0 0 0 0 0 0 0 0 6.631601967 0 0.632809034 0 0 0 0 0 0 0 0 0 0 0 0 0 0 0 0 0 0 0 0 0 0 0 0 0 0 0 0 0 0 0 0 0 0 0 0 0 0 103.4632003 0 0 0 0 0 200.1455006 0 0 0.3409380371 0 0 13.80279163 0 0 0 0 0.3676137867 108.7828354 0 0 0 0 0 0 0 0 0 0 0 0 0 0 0 0 0 0 0 0 0 0 0 0 0 0 0 0 0 0 0 0 0 0 0 0 0 0 0 0 0 0 1306.722617 0 0 0 950.2516888 0 0 0 0 0 0 0 0 0 0 0 0 915.4524951 0 0 0 0 0 0 0 0 0 0 0 0 0 0 0 0 321.9066708 0 0 0 0 0 0 0 0 0 0 0 0 0 0 0 0 0 0 0 0 0 0 0 0 0 0 0 7.315613736 0 0 0 0 0 0 0 0 0 0 0 6.689431572 8.072976508 0 0 0.592423836 0 0 0 0 0 0 0 0 0 0 0 0 0 0 0 0 4.170936456 0 0 0 0 0 0 0 0 0 0 0 0 0 0 0 0 0 0 0 0 0 0 0 0 0 0 0 0 0 0 0 
0 0 0 0 0 0 0 0 0 0 0 0 0 0 0 0 0 0 0 0 0 0 0 0 0 0 0 0 0 7.99556025 0 0 0 0 0 0 0 0 0 0 0 0 0.6841982854 0 0 0 0 0 0 0 0 0 0 0 0 0 4.843647834 0 0 0 0 0 0 0 0 0 0 0 0 0 0 0 0 1.65554767 0 0 0 0 0 0 0 0 0 0 0 0 0 0 0 0 0 0 0 0 0 0 0 0 0 0 0 0 0 0 0 575.7714584 0 0 0 0 0 0 0 0 0 0 0 915.8507473 0 0 0 0 0 0 0 0 0 0 0 0 0 0 0 0 0 0 0 0 0 757.6131258 0 0 0 0 0 0 0 0 0 0 0 0 0 0 0 0 0 0 0 0 0 0 0 0 0 0 0 0 0 16.07875573 0 351.1564867 0 0 0 0 0 0 0 0 0 0 0 0 0 0 0 0 0 0 0 0 0 0 0 0 0 0 0 0 0 0 0 0 0 0 0 0 0 0 8.424731672 0 0 0 0 0 0 0 0 0 0 0 0 0 0 0 0 0 0 0 0 0 0 0.964094312 0 0 0 0 0 0 0 0 0 0 0 0 0 0 0 0 0 0 0 0 0 0.08341032891 
0 0 0 0 0 0 0 0 0 0 0 0 0 0.0003992101947 1.42513891 0 0.09414326698 0 0 0 0 0.213134517 0 0 0 0 0 0 1.570181392 0 0 0 0 0 0 0 0 0 0 0 0 0 0 0 0 0 0 0 3.549842393 0 0 0 0 0 0 0 0 0 0 0 7.029131062 0 0 0 0 0 0 0 0 0 0 1.191617262 0 0 0 0 0 0 0 0 0 0 0 0 0 0 0 0 0 0 0 0 0 0 38.62400181 0 0 0 0 0 0 0 0 0 0 0 0 12.30557952 0 0 0 0 0 0 0 0 0 460.6491476 0 0 0 0 605.0518895 0 0 0 0 0 607.3588309 0 0 0 0 1135.321142 0 0 0 0 0 0 0 0 0 0 0 894.3090295 0 0 826.3881432 0 0 0 0 0 0 0 0 0 0 0 0 0 0 0 0 0 0 0 0 0 0 0 0 0 0 0 0 0 0 0 0 0 1.697589461 0 0 0 0 0 0 0 0 0 3.171603437 5.274050101 0 0 0 0 0 0 0 0 0 0 0 0 0 0 0 0 0 0 0.6153501329 0 0 0 0 0 0 0 0.0001607455792 0 0 0 0 0.9436902804 0 0 0 0 0 0 0 0 0 1.975423388 0 0 0 0 0 0 0 0 1.027657619 0 0 0 0 0 0 0 0.02620537955 0 0 0 
0 0 1.370402807 0 0.1563026802 0.09449113627 0 0 0 0 0 0 0 0 0 0.1777255484 0 0 0 0 0 0 0 0 0 0 0 0 0 0 0 0 0 0 0 0 0 0 0 0 0 0 0 0 0 0 0 0 5.378268982 0.03471916912 0 0 0 0 0 0 0 0 0 0 0 0 0 0 0 0 0 0 0 0 0 0 0 0 0 0 0 0 0 0 0 0 0 0 0 0.827095352 0 0 0 0 0 0 0 0 0 0 0 0 0 0 0 0 0 0 0 0 0 0 0 684.453473 0 0 0 0 0 1157.424253 0 0 0 0 0 0 0 0 0 0 0 0 0 0 0 0 0 0 0 0 0 0 0 0 0 0 0 0 0 0 0 0 0 0 0 670.8152218 0 0 0 195.7787935 0 0 0 0 0 0 0 0 0 0 0 0 0 0 0 0 0 0 0 0 0 0 0 0 0 0 0 0 0 0 0 2.328569774 0 0 0 0 0 0 0 0 8.424183409 0 0 0 0 35.69334279 0 0 0 0 0 0 2.573246184 0 0 0 0 0 0 0 0 0 0 0 1.074630806 0 0 0 0 0 0 0 0 0 0 0 0 8.65073293 0 0 4.216707964e-05 0 0 0 0 0 0 0 0 0 0.8355900917 0 0 0 0 0 0 0 0 0 
0 0 0 0 0 0 0 0 0 0 0 0 0 0 0 0 0 0 0 0 0 0 0 0 0 0 0 0 0 0 0 0 0 0 0 0 0 0 0 0 0 0 0 0 0 0 0 0 0 0.3905676903 0 0 0 0 0 0 0 0 0 20.80330082 0 0 0.5367811344 0 0 0 0 0 0 0 0 0 0 0 0 0 0 0 0 0 0 0.7916954183 0 0 0 0 0 0 0 0 0 0 0 53.19582866 0 0 0 0 0 0 0 0 0 0 594.8738675 0 0 0 0 1110.241333 0 0 0 0 0 0 0 0 0 0 0 0 0 0 0 0 0 0 0 0 0 0 0 0 0 0 0 0 0 580.3877981 0 0 0 0 0 0 812.1996352 0 839.6401513 0 0 0 0 0 507.4145984 0 0 0 0 0 0 0 0 0 0 0 0 0 0 0 0 0 0 0 0 0 0 0 0 0 0 0 0 0 0 0 0 0 0 0 0 0 0 0 0 0 0 0 6.799783259 0 0 0 0 0 0 0 0 0 0 0 0 0 4.750792948 0 0 0 0 0 0 0 0 0 0 0 0 0 0 0 0 0 0 0 0 0 0.1811521327 0 0 0 0 0 0 0 0 0 0 1.492125931 0 0 0 0 0 0 0 0 0.05219478408 0 
0 0 0 0 0 0 0 0 0 0 0 0 0 0 0 0 0 0 0 3.430649417 0 0 0 0.7917728062 0 0 0 4.434619786 0 0 0 0 0 0 7.355103562 0 0 0 0 0 0 0 0 0 0 0 4.361926299 0 0 0 0 0 0 0 0 0 0 0 0 0 0 0 0 0 0 0 0 0 0 0 0 0 0 0 0 0 0 0 0 0 0 0 0 0 0 0 0 0 0 0 0 0 0 0 0 0 0 0 0 0 0 0 0 0 0 0 0 0 0 0 0 0 0 0 0 0 0 0 0 0 0 0 232.5939032 0 0 0 0 0 0 0 0 0 0 0 0 0 0 0 0 0 744.4820301 0 0 0 0 0 0 0 470.1469557 0 0 0 0 0 0 0 0 0 0 364.7988418 0 0 0 0 0 0 0 0 0 0 0 0 0 0 134.5389609 0 0 0 0 0 0 0 0 0 71.08370852 0 0 0 0 0 0 0 0 0 0 0 0 0 0 0 0 0 0 0 0 0 0 0 0 0 0 0 0 0 0 0 0 0 0 1.563143392 0 0 0 0 0 0 0 0 0 0 0 0 0 0 0 0 0 0 0 0 0 0 0 0 0 0 0 0 0 0 0 0 0 0 0 0 
0 0 0 0 0 0 0 0 0 0 0 0 0 0 0 0 0 0 0 0.5824175483 0 0 0 0 0 0 0 0 0 0 0 0 0 0 0 0 9.869749315 0.634112481 0 0 0 0 0 0 0 0 0 0 0 0 0 0 0 0 0 0 0 0 0 0 0 0 0 0 0 0 0 0 0 0 0 0 0 0 0 0 0 0 7.174921098 0 0 23.95653684 0 0 0 0 0 0 0 0 0 0 0 0 0 0 0 0 0 0 0 0 0 0 0 0 0 0 0 0 0 0 393.4754604 1194.513251 0 587.8838604 0 0 720.4609233 0 0 0 0 0 0 0 0 0 0 0 0 0 0 0 0 0 0 0 0 0 0 0 0 0 0 0 0 0 0 0 0 0 0 0 0 0 0 0 0 0 0 0 0 0 0 0 0 0 0 0 0 0 0 0 0 0 0 0 0 0 0 0 0 0 0 0 0 0 0 0 0 0 0 0 0 0 0 0 0 0 0 0 0 0 0 0 0 0 0 0 0 0 0 0 0 0 0 0 0 0 0 0 0 0 0 0 0 1.78343486 0 0 0 0 0 0 0 0 0 0 0 0 0 0 0 0 0 0 0 0 0 0 0 0 0 0.1660396411 0 0 
0 0 0 0 0 0 0.008081803889 0 0 0 0 0 0 0 0 0 0 0 0 0 0 0 0 0 0 0 0 0 0 0 0 0 0 0 0 0 0 0 0 0 0 0 0 0 0 0 0 0 0 0 0 0 0 0 0 0 0 0 0 0 0 0 0 0 0 0 0 0 0 0 0 0 0 0 0 0 0 0 0 0 0 0 0.9175895921 0 0 0 0 0 0 0 0 0 0 0 0 0 0 0 0 0 0 0 0 0 0 0 0 0 0 0 0 0 0 710.9327959 0 0 0 0 0 0 0 0 0 0 0 0 0 0 0 0 0 0 0 0 0 0 0 0 0 0 0 0 0 0 0 0 0 0 0 0 0 0 0 0 0 0 0 0 0 0 0 0 0 0 0 0 0 0 0 0 0 0 0 0 0 0 0 0 0 0.7185337337 0 0 0 0 0 0 0 0 0 0 0 0 0 0 0 0 0 0 0 0 0 0 0.8499257776 0 0 0 0 0 0 0 0 0 0 0 0 0 0 0 0 0 0 0 0.9863142444 0 0 0 0.006524105563 0 0 0 0 0 0 0 0 0 0 0 0 0 0 0 0 0 0 0 0 0 0 0 0 0 6.587195473 0 0 0 
0 0 0 0 0 0 0 0 0 0 0 0 0 0 0 0 0 0 0 0 0 0.03503089813 0 0 0 0 1.32198612 0 0 0 0 0 0 0 0 0 0 0 0 0 0 0 0 0 0 0 0 0 0 0 0 0 0 0 0.909491688 0 0 0 0 0 0 0 0 0 0 0 0 0 0 0 0 0 0 0 10.23989725 0 0 0 0 0 0 52.05437113 0 0 0 0 0 0 0 0 0 0 0 0 0 0 0 0 0 0 0 0 0 0 0 0 0 0 0 0 0 0 0 0 0 0 0 0 0 0 0 0 0 1257.576373 0 0 0 0 0 0 0 0 0 0 0 0 0 0 0 0 0 0 0 0 0 0 0 0 0 0 1044.052223 0 0 0 0 0 0 0 0 0 0 0 0 0 0 0 0 0 0 0 0 0 0 0 0 0 0 0 0 0 0 0 0 0 0 0 0 0 0 0 0 0 0 0 0 0 0 0 0 0 0 0 0 0 0 0 0 0 0 0 0 0 0 0 0 0 0 0 0 0 5.354820521 0 0 0 0 0 0 0 0 0 0 0 0 0 0 0 0 0 0 0 0 0 0 0 0 0 0 0 0 0 0 0 0 0 0 0 
0 0 0 0 0 0 0 0 0 0 0 0 0 0 0 0 0 0 0 0 0 0 0 0 0 0 0 0 0 0 0 1.680562892 0 0 0 0 0 0 1.76508744 0 0 0 0 0 0 0 0 0 0 0 0 0 0 0 0 0 0 0 0 0 0 1.477833924 0 0 0 0 0 0.002505313709 0 0 0 0 0 268.9252097 0 0 0 0 0 0 0 0 0 0 0 0 0 0 0 0 0 0 0 0 0 0 0 520.5145829 0 0 0 0 0 0 0 0 0 0 0 0 690.6889036 0 0 0 424.111207 0 0 0 0 0 0 0 0 0 0 0 0 0 0 0 0 0 0 0 0 0 0 0 0 0 0 0 501.9605926 0 0 0 0 0 0 0 0 0 0 0 0 0 0 0 0 0 178.2362747 0 0 0 627.5498667 0 0 0 108.1172383 0 0 0 0 0 0 0 0 0 0 0 0 0 0 0 0 0 0 0 0 0 0 0 0 0 0 0 0 0 0 0 0 0 0 0 0 0 0 0 0 0 0 0 0 0 0 0 0 0 0 6.505193464 0 0 0 0 0 0 0 0 0 0 0 0 0 0 0 0.1795750055 0 0 0 0 0 0 0 0 0.2762380889 0 0 0 0 0 0 0 0 0 0 0 
0 0 0 0 0 0 0 0 0 0 0 0.1716733768 0 0 0 0 0 0 0.262184002 0 0 0 0 0 0 0 0 0 0 0 0 0 0 0 0 0 0 0 0 0 0 0 0 0 0 0 0 0 0 0 0 0 0 0 0 0 0 0 0 0 0 0 0 0 0 0 0 0 0 0 0 0 0 0 0 0 0 0 0 0 0 0 0 0 0 0 0 0 0 0 0 0 0 0 410.6167846 0 0 501.7027998 0 0 0 0 0 0 0 0 0 0 0 0 0 0 0 0 0 0 0 0 603.7962568 0 0 0 0 0 0 0 0 0 0 0 0 0 0 0 0 0 0 0 0 0 0 503.0359103 0 0 0 913.5389718 0 0 539.2195536 0 0 0 0 604.2663761 0 0 0 0 0 0 0 0 0 0 0 461.3095899 0 0 0 0 0 0 0 3.888963814 0 0 0 0 0 0 0 0 0 0 0 0 0 0 0 5.742479664 0 0 4.078743617 0 0 0 0 0 0 0 4.245541734 0 0 0 0 0 0 0 0 0 0 0 0 0 0 0 0 0 0 0 0 0 0.8501331404 0.1614198598 0 0 0 0 0 0 0 0 0 0 0 0 0 0 0 0 0 0 0 0 0 0 0 0 0 0 0 0 0 0 0 0 
0 0 0 0 0 0 0 0 0 0 0 0 0 0 0 0 0 0 0 0 0 0 0 0 0 0 0 0 0 0 0 0 0 0 0 0 0 0 0 0 0 0 0 0 0 0 0 0 0 0 0 0 0 0 0 7.547648748 0 0 0 0 0 0 0 0 0 0 0 0 0 0 0 0 0 0 0 0 0 0 0 0 0 0 0 0 0 0 0 0 0 18.63989131 0 0 4.02501464 0 0 0 0 0 236.6667881 0 0 0 0 0 0 0 0 0 0 0 0 0 0 0 0 424.6923673 0 0 0 0 0 0 0 0 0 0 0 0 0 0 0 0 0 0 0 0 0 0 0 0 0 0 0 0 0 0 0 0 0 0 243.6445296 0 0 0 0 0 128.6595412 0 0 0 0 0 0 0 296.5254371 0 0 0 0 0 0 26.12596503 0 0.1465189401 31.13835256 0 0 0 0 0 0 0 0 0 34.55789222 50.62205951 0 0 0 0 0 0 0 0 0 0 0 0 0 0 0 0 0 0 0 0 0 0 0 0 0 0.3705508721 0 0 0 0 0 0 0 0 0 0 0 0 0 0 0 0 0 0 0 0 0 0 0 0 0 0 0 0 0.3057153787 0 0 0 0 0 0 0 0 0 0 0 0 0 0 0 
0 0 0 0.2207762811 0 0 0 0 0 0 0 0 0 0 0 0 0 0 0 0 0 0 0 0 9.327156576 0 0 0 0 0 0.422681801 0 0 0 0.2169311411 0 0 0 0 0 0 3.941080019 0 0 0 0 0 0 0 0 0 0 0 0 0 0 0 0 0 0 0 0 0 0 0 0 0 0 0 0 0 0 0 0 0 0 0 0 0 0 0 0 0 0 0 0 0 0 0 110.2206027 0 0 0 0 0 0 0 0 0 0 0 0 0 0 0 0 0 0 0 0 0 0 424.6421519 0 0 589.8722875 120.2748173 0 0 0 0 0 0 0 0 0 0 0 0 0 0 0 0 0 888.8896004 682.8247852 0 0 0 0 0 0 0 0 0 0 0 0 0 0 0 589.9046109 0 0 0 0 0 0 0 0 0 0 0 0 0 0 0 0 0 0 0 0 0 0 0 55.10490977 0 0 0 6.781592619 0 0 0 0 0 0 0 0 0 0 0 0 0 0 0 0 0 5.569617834 0 0 0 0 0 5.139777619 0 0 0 0 0 0 0 0 0 0 0 0 0 0 0 0 0 0 0 0 0 0 0.1112097091 0 0 0 0 0 0 0 0 0 0 0 0 0 0 0 0 0 0 0 0 0 0 0 0 6.390121553 0 0 0.00465583332 0 
0 0 0 0 0 0 0 0 0 0 0 0 0 0 0 0 0 0.05082517312 0 0 0 0 0 0 0 0 0 0 0 0 0 0 0 0 0.6460733371 0 0 0 0 0 0 0 0 0 0 0 0 0 0 0 0 0 0 0 0 0 0 0 0 0 0 0 0 0 0 0 0 0 0 0 0 0 0 0 0 0 0 0 0 0 0 0 0 0 0 0 0 0 0 0 0 0 0 0 0 0 0 0 0 0 0 0 0 0 0 0 0 893.4662619 0 0 0 0 0 0 0 0 0 0 0 0 0 0 0 0 0 0 0 0 0 0 0 0 0 0 0 0 0 0 0 0 172.03752 0 0 0 0 0 0 0 0 0 0 0 0 0 199.6889276 0 0 527.6734749 0 0 0 0 0 0 80.45064054 0 0 0 0 0 0 0 0 0 0 0 0 0 0 0 0 0 0 0 0 0 0 0 0 0 0 0 0 0 0 0 2.896582591 0 0 0 0 0 0 0 0 0 0 0 0 0 0 0 0 0 0 0 0 0 0 0 0 0 0 0 0 0 0 0 0 0 0 0.04885899944 0 0 0 0 0 0 0 0 0 0 0.01313261309 0 0 0.5826238156 0 0 0 0 0 0 0 1.204619506 0 0 
0 0 0 0 0 0 0 0 0 0 0 0 0 0 0.3218192272 0 1.028102852 0 0 0 1.556215701 0 0 0 0 0 0 0 0 0 0 0 0 0 0 0 0 0 0 0 0 0 0 0 0 0 0 0 0 0 0 0 0 0 0 0 0 0 0 0 0 0 0 0 0 0 0 0 0 0 0 0 0 0 0 0 0 0 0 0 0 0 8.163416374 0 0 0 0 0 0 0 0 0 0 0 0 0 0 0 0 0 0 0 633.6177815 0 0 407.0191278 0 0 0 0 0 552.6510764 0 0 0 0 0 0 922.8668986 0 0 0 0 0 0 0 0 0 0 0 0 0 0 1208.236122 0 0 0 385.0945922 0 1088.361915 0 0 0 0 416.3077293 0 0 0 0 0 0 0 0 0 0 0 194.5691395 0 0 0 0 0 0 0 0 0 0 0 0 0 0 0 0.8668923026 0 0 0 0 0 0 0 0 0 0 0 0 0 0 0 0 0 0 0 0 0 0 0 0 0 0 0 0 0 0 0 0 0 0 0 0 0 0 0 0 0 0 0 0 0 0 0 0 0 0 0 0 0 0 0 0 0 0 0 0 0 0 0 0 0 0 0 0 0 0 0 0 0 0 0 0 0 0.446223996 0 0 0 0 0 
0 0 0 0 0 0 0 0 0 0 0 0 0 0 0 0 0 0 0 0 0 0 0 0 0 0 0 0 0 0 0 0 0 0 0 0 0 0 0 0 0 0 0 0 0 0 0 0 0 0 0 0 0 0 1.47756737 0 0 0 0 0 0 0 9.706740238 0 0 0 0 0 0 0 0 0 0 0 0 0 0 0 0 0 0 0 0 0 0 0 0 0 0 0 0 0 0 0 0 0 0 0 0 0 0 0 0 0 0 0 0 0 0 0 0 0 0 0 0 0 733.9770994 0 0 0 0 0 0 0 802.2452763 0 0 0 0 0 0 1204.636757 0 0 0 0 0 0 0 0 0 0 0 0 0 0 0 0 0 0 491.8940928 0 0 748.6563359 0 0 0 0 0 0 0 0 110.8793403 0 0 0 0 0 0 155.9850874 0 0 0 0 0 0 0 0 0 0 0 0 0 0 0 0 0 0 0 0 0 0 0 0 0 0 0 0 0 0 0 0 0 0 0 0 0 0 0 0 0 0 0 0 0 0 0 0 0 0 0 0 0 0 0 0 0 0 0 0 0 0 0 0 0 0 0 0 0 0 0.1839809693 0 0 0 0 0 0 0 0 0 0 0 0 0 0 0 
0 0 0 0.600267084 0 0 0.03256695427 0 0 0 0 0 0 0 0 0.05078763747 0 0 0 0 0 0 0 0 0 0 0 0 0 0 0 0 0 0 0 0.2176141175 0.03123872586 0 0 0 0 0 0 0 0 0 0 0 0.417036397 0 0 0 0 0.5293978817 0 0 0 0 0 0 0 0 0 0 0 0 0 0 0 0 0 0 0 0 0 0.6819997631 0 0 0 0 0 0 0 0 0 0 0 0 0 0 0 0 0 585.103182 0 0 0 0 17.65248183 0 0 0 0 130.4635339 0 0 0 0 0 0 0 0 316.6055734 0 0 743.7608737 0 0 0 0 0 0 0 0 0 0 0 0 0 0 0 0 0 0 0 0 0 0 0 0 503.3425072 0 0 0 0 0 0 0 0 0 0 0 0 0 0 0 0 0 0 0 0 0 0 0 0 0 0 0 0 0 0 0 0 0 0 0 0 0 0 0 0 0 0 0 0 0 0 0 8.917631822 3.782535683 0 0 0 0 0 0 0 0 0 0 0 0 0 0 0 0 0 0 0 0 0 0 0 0 0 0 0 0 0 0 0 0 0 0 0 0 0 0 0 0 0 0 0 0 0 0 0 0 0 0 10.11264998 0 0 0 0 0 0 0 0 0 0 0 0 0 0 0.4265515206 
0 1.577066459 0 0 0 1.176086179 0 0 0 0.4745474829 0 0 0.2673811067 0 0 0 0 0 0.3762272025 0 0 0 0 0 0 0 0 0 0 0 1.097623089 0 0 0 0 0 0 0 0 0 0 0 0 0 6.760420002 0 0 0 0 0 0 0 0 0 0 0 0 0 0 0 0 0 0 0 0 0 0 0 0 0 0 0 0 0 0 0 0 0 0 0 0 0 0 0 0 0 0 0 0 0 0 0 0 0 0 0 0 0 0 0 0 0 0 0 0 607.5586611 0 0 0 0 86.76837334 0 0 0 0 0 0 0 0 0 0 225.9550674 0 0 0 0 0 0 0 0 0 0 0 0 0 0 0 0 0 714.2046979 0 0 0 0 246.7178317 0 0 0 0 0 0 0 0 0 0 454.309483 0 0 0 0 0 0 0 0 0 0 0 0 0 0 11.5319913 0 31.54500456 0 0 0 0 0 0 0 0 0 0 0 0 0 0 0 0 0 0 0 0 0 0.02264014143 0 0 0 0 0 1.715697204 0 0 0 0 0 0 0 0 0 0 0 0 0 0 0 0 0 0 0 0 0 0 0 0 0 0 0 0 0 0 0 0 0 0 0 0 0 0 0 0 0 0 0 0 0 0 0 0 0 0 0 0 0 0 0 
0 0 0 0 0 0 0 0.1041299994 0 0 1.118887737 0 0 0 0 0 0 0 0 0 1.649674582 0 0 0 0 0 0 0 0 0 0 0 0 0 0 0 0 0 0 0 0 2.742972536 0 1.196636129 0 0 0 0 0 0 0 0 0 0 0 0 0 0 0 0 0 7.542941483 0 0 0 0 0 0 43.93162507 0 0 3.834042498 0 173.6434851 0 0 0 0 0 0 0 0 0 0 0 0 0.5299539094 0 0 0 0 153.205181 2.480810361 0 0 0 0 0 0 0 0 0 0 0 0 0 0 0 0 0 0 0 0 0 530.8289604 0 0 0 0 0 522.5475922 0 0 744.2390253 0 0 0 0 0 0 0 0 0 0 0 0 0 0 0 0 0 0 0 0 67.28999252 0 0 0 0 0 0 0 0 0 0 0 0 0 0 0 185.567629 0 0 0 0 0 0 0 0 0 0 0 0 0 0 0 0 0 2.041766218 0 0 0 0 0 0 0 0 0 0 0 0 0 0 0 0 0 0 0 0 0 0 0 0 0 0 0 0 4.163832682 2.178535501 6.038726833 0 0 0 0 0 0 0 0 0 0.2226781251 0 0 0 0 0 0.6547248323 0 0 0.002297536767 0 0 0 0 0.593716004 0 0 0 0 0.01053818041 0 0 0 0 0.4013450939 0 0 0 0 0.01278999022 0 0 0 0 0 0 0 
0 0 0 0 0 0 0 0.2439128296 0 0 0 0.02634435737 0 0 0 0 0 0.4041873309 0 0 0 0 0 0 0 0 0 0 0 0 0 0 0 0 0 0 0 0 0 0 0 0 0 0 0 0 0 0 0 0 0 0 0 0 0 0 0 0 0 0 0 0 0 0 0 0 0 0 0 0 0 0 0 0 0 54.26315097 0 0 0 0 0 0 0 0 0 0 0 0 0 0 0 0 0 0 0 0 0 0 0 0 0 0 0 0 0 0 0 0 0 0 0 0 0 0 0 0 0 0 0 0 0 0 0 832.8592558 0 0 0 0 0 0 0 0 0 0 0 0 0 0 0 0 0 0 0 0 0 0 0 0 0 0 1.296658736 0 0 0 0 0 0 0 0 0 0 0 0 0 0 0 0 0 0 4.242320481 0 0 0 0 0 0 0 0 91.24742203 0 0 0 0 0 0 0 0 0 0 0 0 0 0 0 0 0 0 0 0.2811932839 0 0 0 0 0 0 0 0 0 0 0 0 0 0 0 0 0 0 0 0 0 0 0 0 0 0 0 0 0 0 0 0 0 0 0 0 0 0 0 0 0 0 0 0 0 0 0 0 0 0 0 0 0 0 0.03791599368 0 0 
0 0.9624765476 0.2347137222 0 0 0 0 0 0 0 0 0 0 0 0 0 0 0 0 0 0 0 0 0 0 0 0 0 0 0 0 0 0 0 0 0 0 0 0 0 8.746352089 0 0 0 0 0 0 0 0 0 0 0 0 0 0 0 0 0 0 0 0 0 0 0 0 0 0 0 0 0 0 21.9189477 0 0 0 0 0 69.60630545 0 0 0 0 4.028776173 0 0 0 0 0 0 0 0 0 0 0 0 0 0 0 0 0 0 0 0 0 0 0 0 0 0 653.3971598 0 0 0 0 0 0 0 0 0 0 0 0 0 0 0 0 0 0 0 0 0 0 0 0 0 0 0 0 0 458.5074357 0 0 0 0 0 0 0 0 0 0 0 0 0 0 0 0 0 0 0 0 0 0 0 0 0 0 294.5719373 0 0 0 0 2.463493761 0 0 0 0 0 0 0 0 0 0 0 0 0 0.7880182938 0 0 0 0 0 0 0 0 0 0 0 0 0 0 0 0 0 0 0 0 0 0 0 0 0.1028725714 0 0 0 0 0 0 0 0 0 0 0 0 0 0 0 0 0 0 0 0 0 0 0 0 0 0 0 0 0 0.005236773755 0 0 5.411594026 0 0 0 0 0 0 0 0 0 0.1716519472 0 0 
0 0 0 0 0 0 0 0 0 0 0 0 0 0.07746376116 0 0 0 0 0 0 0 0 0 0 0 0 5.808913405 0 0 0 0 0 0 0 0 0 0 0 0 0 0 0 0 0 0 0 0 0 0 0 0 0 0 0 0 0 2.232679198 0 0 0 0 0 0 0 0 0 0 0 0 0 0 1.973393576 0 0 2.068315644 0 0 0 0 0 9.202235218 0 0 0 0 0 0 0 0 0 0 0 0 0 0 0 0 0 0 0 0 4.086368029 0 0 0 0 0 0 0 0 0 0 0 0 0 0 0 0 0 0 0 0 0 433.8950537 0 0 0 0 0 0 0 488.0555263 0 0 0 0 0 0 0 0 0 0 0 0 0 0 0 0 0 0 0 0 0 0 0 0 0 0 132.6498174 0 0 135.0134617 0 0 0 0 0 0 0 0 0.07788753366 0 0 0 0 0 0 0 0 0 0 0 0 0 0 0 0 0 0 0.1278271518 0 0 0 0 0 0 0 9.427040408 0 0 0 0 0 0 0 0 0 0 0 6.9081437 0 0 0 0 0 0 0 0 0 0 0 0 0 0 0 0 0 0 0 0 0 0 0 0 3.90639061 0 0 0 0 0.1083493814 0 0 0 0 0 0 0 0 0 0 0 0 0 0 0 0 
0 0 0 0.2837663209 0 0 0 0 0 0 0 0 0 0 0 0 0 0 0 0 0 0.4777079943 0 0 0 0 0 0 0 0 0 0 0 0 0.06922410444 0 0 0 0 1.258142165 0 0 0 0 0 0 0 0 0 0 0 0 0 0 0 0 0 0 0 0 0 0 0 0 0 0 0 0 0 0 0 0 0 0 0 0 0 0 0 0 0 0 0 0 0 0 0 0 0 0 0 0 0 0 0 0 0 0 0 0 0 0 0 0 0 0 0 0 0 0 0 0 0 0 387.0633768 0 0 0 0 0 0 0 0 0 0 0 0 0 730.3933622 0 0 0 0 0 0 0 0 0 0 0 0 440.1491321 0 0 0 0 0 1184.359158 0 30.48860483 0 0 0 0 0 0 0 0 0 0 132.5608237 0 0 0 0 0 0 0 0 0 0 0 0 0 0 0 0 0 0 0 0 0 0 0 0 0 0 0 0 0 0 0 0 0 0 0 0 0 0 0 0 0.7713442553 0 0 0 0 0 0 0 0 0 0 0 0 0 0 0 0 0 0 0 0 0 0 0 0 0 0 1.025307324 1.518367732 0 0 0 0 0 0 0 0 0 0 0 0 0 0 0 0 0 0 0 0 0 0 0 0 0 0 
0 0 0 0 0 0 0 0 0 0 0 0 0 0 0 0 0 0.01134945021 0 0 0 0 0 0 0 0 0 0 0 0 0 0 0 0 0 0 0 0 0 0 0 0 0 0 0 0 0 0 0 0 0 4.839514932 0 0 0 0 0 0 0 0 0 0 0 0 0 0 0 0 0 0 0 0 0 0 0 0 0 0 0 0 0 0 0 0 0 0 0 0 0 0 0 0 0 0.9724073518 0 0 0 0 0 0 0 0 0 0 0 0 0 0 0 0 0 0 0 380.3255187 0 0 0 0 0 742.1436573 0 0 652.0844046 0 0 0 0 0 0 0 0 457.5629986 0 0 0 0 0 0 0 0 0 0 0 0 0 0 0 0 0 0 0 411.6169186 15.28907766 0 0 0 0 0 593.541549 0 0 0 0 0 0 0 0 0 0 0 0 0 0 0 0 0 0 0 0 0 0 0 0 0 0 0 0 0 0 0 0 0 0 0 0 0 0.3331698731 0 0 0 0 0 0 0 9.831563864 0 0 0 0 0 0 0 0 0 0 0 0 0 1.514314424 0 0 0 0 0 0 0.9059489342 0 0 0 0 0 0.04830799284 0.04536327978 0 0 0 0 0.3348057086 0 0 0 0 0 0 0 0 0 0 0 0 0 0 0 0 0 0 
0 0 0 0 0.490494708 0 6.388652594 0 1.092259063 0 0 0 0.007047686964 0 0 0 0 0 0 0 0 0 0 0 6.175801964 0 0 0 0 0 0 0 3.377481294 0 0 0.1561341129 0 0 0 0 8.714696978 0 0 0 0 0 0 0.5892431735 0 0 0 0 0 0 0 4.599018709 0 4.888611839 0 0 0 0 0 0 0 0 0 0 0 0 0 0 0 0 0 0 0 0 0 0 0 11.96514144 0 0 0 0 0 0 0 0 0 0 0 7.775167869 0 0 0 0 0 0 0 193.2788053 0 0 0 0 0 0 0 0 0 0 0 0 0 0 0 0 0 0 0 0 0 0 0 0 0 0 0 0 0 0 0 167.6974231 0 0 0 0 0 0 0 0 0 0 0 0 0 0 0 0 0 0 0 0 0 0 0 0 0 0 0 0 0 0 0 0 89.8345771 0 0 0 0 0 29.91332315 0 0 0 0 6.923634448 0 0 0 0 0 0 0 0 0 0 0 0.7326671129 0 0 0 0 0 0 0 0 0 0 0 0 0 0 0.006486532012 0 0 0 0 0 0 0 0 0 0 0 0 0 0 0 0 0 0 0 0 0 0 0 0 0 0 0 0 0 0 0 0.6746550275 0 0 0 0 0 0 0 0 0 0 0 0 0 0 0 0 0 0 0 
0 0 0 0 0 0 0 0 0 0 0 0 0 0 0 0.2369672733 0 0 0 0 0 0 0 0 0 0 0 0 0 0 0 0.1154185786 0 0 0 0 0 0 0 0 0 0 0 0 0 0 0 0 0 0 0 0 0 0 0 0 0 0 0 0 0 0 0 0 0 0 0 27.10920547 0 0 0 0 0 0 0 0 0 0 0 0 0 0 0 0 0 0 254.3124428 0 0.01188264493 321.3289886 0 132.368026 0 0 3.526456183 0 0 0 0 40.53267191 14.93972281 0 290.6098856 0 0 0 0 0 0 0 0 0 80.19662349 0 0 0 0 0 0 0 0 0 0 0 0 0 0 0 0 0 0 0 0 0 0 0 0 0 0 72.44342961 368.9062424 0 0 0 0 0 0 0 0 17.79815167 0 0 0 0 0 0 0 0 0 0 0 0 0 0 0 267.3706101 0 0 0 0 0 0 0 0 0 0 0 0 0 0 0 0 0 0 0 0 0 0 0 0 1.068097436 0 0 0 0 0 0 0 0 0 0 0 0 0 0 0 0 0 0 0 0 0 0 0 0 0 0 0 0 0 0 0 0 0 0 0 0 0 0 0 0 0 6.350808865 0 0 0 0.009329413105 0 0 0.3197607809 0.2875874472 0 0 0 0 0 0 0 0 0 0 0 0 0 0 0 
0 0.01541073524 0 0 0 0 0 0 0 0 0 0 0 0 0 0 0 0 0 0 1.192937745e-05 0 0 0 0 1.576283629 0 0 0 0 0 0 0 0 0 0 0 0 0 0 0 0 0 0 0 0 0 0 0 0 0 0 0 0 0 0 0 0 0 0 0 0 0 0 0 0 0 8.690292673 0 0 0 0 0 0 0 139.0935737 0 266.312242 0 0 0 0 0 0 0 0 0 0 0 0 0 0 0 0 0 0 0 25.31119403 0 0 0 0 0 0 0 0 0 0 0 0 0 0 0 0 0 0 0 0 0 0 226.38776 0 0 0 0 0 0 0 0 0 0 0 0 0 0 0 0 203.0449048 0 0 0 0 0 0 0 0 0 0 2.803574543 0 0 0 0 0.1122685913 0 0 0 0 0 0 0 0 0 0 347.1729771 0 0 0 0 0 0 0 0 0 0 0 0 0 0 0 0 0 0 0 0 0 0 0 0 0 0 0 0 0 0 0 0 0 0 0 0.001591274759 0 0 0 0 0 0 0 0 0 0 0 0 0 0 0 0 0 0 0 0 0 0 0 0 0 0 0 0 1.394791678 0 0 0 0 0 0 0 0 0 0 0 0 0 0 0 0 0 0 0 0 0 0 0 0 0 0 
0 0 0 0 0 0 0 0 0 0 0.2955860489 0 0 0 0 0 0 0 0 0 0 0 0 0 0 0 0 0 0 0 0 0 0.4075708363 0 0 0 0 0 0 0 0 0 0 0 0 0 0 0 0 0 0 0 0 0 0 0 0 0 0 8.758518948 0 0 0 3.197068346 0 0 0 0 0 0 0 0 0 0 0 0 0 0 0 0 0 0 0 3.42730943 0 0 0 0 0 0 0 0 0 0 0 0 0 0.8211291601 0 0 0 0 0 0 192.6682598 0 0 0 0 0 0 0 0 0 0 0 349.7434926 0 0 0 0 0 0 0 0 0 0 0 0 0 0 0 0 0 0 0 0 0 0 0 0 0 0 0 0 0 0 0 0 0 0 0 0 0 0 0 0 0 0 0 0 0 0 0 0 0 0 0 0 0 0 0 0 0 0 0 0 0 0 0 0 0 0 0 0 0 0 0 0 0 0 0 0 0 0 0 7.667792845 0 0 0 0 9.04936361 0 0 0 0 0 0 0 0 0 26.55864363 0 0 0 0 0 0 0 0 0 0 0 0 0 0 0 0 0 0 0 0 0 0 0 0 0 0 0 0 0 0 0 0 0 0 0 0.4679646921 0 0 0 3.836915518 0 0 0 0 
0 0 0 0 0 0 0 1.396967898 0.4236972159 0 0 0 6.689884224 0 0 0 0 0 0 0 0 0 0 0 0 0 0 0.009699333625 0 0 0 0 0 0 0 0 0 0 0 0 0 0 0 0 0 0 0 0 0 0 0 0 0 0 0 0.1502884061 0 0 0 0 0 0 0 0 0 0 0 0 0 0 0 0 0 0 0 0 0 0 1.761490304 0 0 0 0 0 0 0 0 0 0 0 0 0 0 0 0 0 0 0 0 0 5.493285918 0 0 0 0 0 0 0 0 0 0 0 0 0 0 0 0 0 0 0 0 0 0 0 0 0 0 0 0 0 0 0 0 0 0 0 0 0 19.60816575 0 0 0 0 0 216.7834393 0 0 0 0 0 0 0 0 0 0 0 0 1.618909792 3.544135133 0 5.133327108 0 0 0 0 0 0 0 0 0 0 0 0 0 0 0 0 0 0 0 0 0 0 0 0 0 0 0 0 0.007478592201 0 0 0 9.208616753 0 0 0 0 0 1.328961076 0 0 0 0 0 0 0 0 0 0 0 0 0 0 0 0 0 0 0 0 0 0 0 0 0 0 0 0 5.750952089 0 0 0 0 0 0 0 0 0 0 0 0 0 0 1.117281098 0 0 1.231214396 0 0 0 0 0 0 0 0 0 
0 0 0 0 0 0 0 0 0.789971677 0 0 0 0 0 0 0 0 0 0 0 0 0 0.9374495571 0 0 0 0 0 0 0 0 0 0 0 0 0 0 0 0 0 0 0 0 0 0 1.656437182 0 0 0 0 0 0 0 0 0 0 0 0.2792873123 0 0 0 0 0 0 0 0 0 0 0 0 0 0 0 0 0 0 0 0 0 0 0 0 0 0 2.224010673 0 0 0 0 0 0 0 0 0 0 281.1279394 0 0 0 0 0 0 0 0 0 0 0 0 0 0 0 0 0 0 0 0 0 0 0 0 0 0 0 0 0 0 0 190.9279605 0 84.20000894 0 0 0 0 0 0 0 0 0 0 0 0 0 0 0 0 0 0 0 507.4398123 0 0 0 0 0 0 0 0 0 0 0 0 0 108.3552336 0 0 0 0 0 0 0 0 0 0 0 37.223593 0 0 0 0 0 0 0 0 0 0 0 0 0 0 0 0 0 0 0 0 0 0 0 0 0 0 0 0 1.356938484 0 0 0 0 0 0 0 0 1.844453205 0 0 0 0 0 0 0 0 0 0 0 0 0 0.4015687368 0 0 0 0.9439982197 0.6312890372 0 0 0 0 0 0 0 0 0 0 0 0 0 0 0 0 0 0 0.4206226062 0 0 0 0 
0 0 0 0 0 0 0 0.02917401984 0 0 0 0 0 0 0 0 0.003151169364 0 0 0 0 0 0 0 0 0 0 0 0 0 0 0 0 0 0 0 0 0 0 0 0 0 0 0 0 0 0 0 0 0 0 0 0 0 0 0 0 0 0 0 0 0 0 0 0 0 0 0 0 0.5330560697 0 0 0 0 0 0 0 0 0 8.581923329 0 0 0 0 0 0 0 0 0 0 0 0 0 0 0 0 0 0 0 0 0 0 0 0 0 0 0 0 0 491.4860583 51.69482413 0 0 0 0 0 0 0 0 0 0 0 0 0 0 0 220.6193724 0 0 0 0 0 0 306.0281047 0 0 64.50101462 0 0 0 211.3496319 0 0 0 0 0 0 0 0 0 0 0 0 0 0 0 0 0 0 0 0 0 0 0 0 0 0 0 0 0 0 0 0 0 0 0 53.66433362 0 0 0 0 0 0 0 0 0 0 0 0 0 0 0 0 0 0 0 0 0 0 0 0 0 0 0 0 0 0 0 0 0 0 0 0 0 0 0 0 0 0 0 0 0 0 0 0 0 0 0 0 0 0 0 0 0 0 0 0 0 0 0 0 0 0 0 0 0 0 0 0 0.3447545467 0 0 1.494809861 0 0 0 
0 0 0 0 0 0 0 0 0 0 0 0 0 0 0 0.3810809497 0 4.058178026 0 0.03021199175 0 0 0 0 0.04817262176 0 0 0 0 0 0 0 0 0 0 0 0 0 0 0 0 0 0 0.1837926548 0 0 0 0 4.86872863 0 0 0 0 0 0 21.65698817 0 0 0 0 0 0 0 0 0.1783424216 0 0 0 0 0 0 0 0 0 0 0 0 0 0 0 0 0.02824930363 0 0 0 0.6855350806 10.11616053 0 2.201924137 0 0 95.75998916 0 0 0 0 0 0 0 0 0 0 0 0 0 5.197539629 0 0 0 0 0 0 0 0 0 0 0 0 0 153.4804452 0 0 0 0 0 137.9355238 0 0 0 0 0 0 0 157.8176466 0 0 0 0 0 30.00680049 0 0 0 0 0 0 0 0 445.132206 0 31.43023885 0 0 0 0 0 0 0 0 0 2.187003166 0 0 0 0 0 0 0 62.88226907 0 0 0 0 0 0 0 0 0 0 0 0 9.485153578 0 0 0 0 7.650490496 0 0 0 0 0 0 0 0 0 0 0 4.924503256 0 0 0 0 0 0 0 0 0 0 0 0 0 0 2.105822716 0 0 0 0 0 0 0 0 0 0 0 0 0 0 0 0 0 0.4599207035 0 0 0 0 0 0 0 0 0 0 0 0 0 0 0 0 0 0.3027585092 0 0 0 0 0 0 
0.2528062088 0 0 0 0 0 0 0 0 0 0 0 0 0 0 0.3782475222 0 0 0 0 0 0 0 0.4508353767 0 0 0 0 0 0 0 0 0 0 0 0 0 0 0 0 0 0 0 0 0 0 0 3.605627895 0 0 0 0 0 0 0 0 0 0 0 0 0 0 0 0 0 0 0 0 0 0 0 0 0 0 0 0 0 92.65719112 4.521230035 0 0 0 0 0 0 0 0 0 5.947812371 0 0 0 0 0 0 0 0 0 2.828241373 5.527347688 0 0 0 0 0 0 2.669541863 0 0 0 0 0 0 0 0 0 0 0 0 0 0 0 0 0 0 0 0 0 0 0 0 0 0 0 0 0 0 0 0 0 0 0 0 0 0 93.70915684 0 0 0 0 0 0 0 0 0 0 0 0 0 0 0 0 0 0 0 0 0 0 0 0 10.47750159 0 0 0 9.458421281 0 0 0.4167937928 0 0 0 0 0 0 0 0 0 0 0 0 2.291264781 0 0 0 0 0 0 0 0 0 0 0 0 0 0 0 0 0 0 0 0 0 0 0 0 0 0 0 0 0 0 0 0 0 0 0 0 0 0 0 0 0 0 0 0 0 0 0 0 0 0 0 0 0 0 0 0 0 0 0 0 0 0 0 0 0 
0 0 0 0 0 0 0 0 0 0.1970504235 0 0 0 0 0 0 0 0 0 0 0 0 0 0 0 0 0 0 0 0 0 0 0 0 0 0 0 0 0 0 0 0 0 0 0 0 0 0 0 0 0 0 0 3.205585779 0 0 0 0 5.482138487 0 0 0 0 0 0 0 0 0 0 0 0 0 0 0 0 0 0 0 0 0 0 20.67924054 0 0 0 0 0 0 0 0 0 0 0 0 0 0 0 0 0 0 0 0 0 0 0 0 0 0 0 0 0 0 0 0 0 0 0 0 0 0 0 0 0 0 0 0 0 0 0 90.79591548 32.71031442 0 0 0 0 0 0 0 0 0 0 0 0 0 0 0 0 0 0 0 0 0 0 0.02579715517 0 0 0 0 0 0 0 0 0 0 0 0 0 9.087184582 0 4.086249599 0 0 0 0 0 0 0 0 0 0 0 0 0 0.3768782111 4.002823416 0 0 2.439682495 0 0 0 0 0 0 0 0 0 0 0 0 0 0 4.128481904 0 0 0 0 0 0 0 0 0 0 0 0 0 0 0 0 0 0 0 0 0 0 0 0 0 0 5.901443899 0 0 0 0 0 0 0 0 0 0 0 0 0 0 0 0 0.8803477461 0 0 0 0 0 0 0 0 0 
0 0 0 0 0 0 0 0 0.3602148629 0 0 0 0 0 0 0 0 0 0 0 0 0 0 0 0 0 0 0 0 0 0 0 0 0 0 0 0 0 0 0 0 0 0 0 0 0 0 0 0 0 0.001885726687 0 0 0 0 0 0 0 0 0 0 0 0 0 0 0 0 0 0 0 6.530996183 0 0 0 0 0 0 2.001129677 0 1.209471975 0 0 0 0 0 0 0 0 0 0 0 0 0 0 0 0 0 0 0.2856386973 0 0 0 0 0 0 0 0 0 0 0 0 0 0 0 0 0 92.5284225 0 0 0 0 0 0 0 0 0 0 0 0 93.79673282 0 0 0 0 0 0 0 0 0 0 0 0 0 0 0 0 0 0 0 0 0 0 0 0 0 0 0 0 0 0 0 0 0 0 0 0 0 0 0 0 0 0 0 0 0 0 0 0 91.70429902 0 0 0 0 0 0 0 0 0 0 0 0 0 0 0 0 0 0 0 0 0 0 0 0 0 0 0 0 0 0 0 0 0 0 0 0 0 0 0 0 0 0 5.643948442 0 0 0 0 0.0001742692286 0 0 1.058370342 0 0 0 0 0 0 0 0 0 0 0 0 0.6876510601 0 0 0 0 0 0 0 0 0 0 0 1.376220822 0 
0 0 0 0 0 0 0 0 0 0 0.1154456383 0 0 0 0 0 0 0 0 0 0 0 0 0 0 0.2991561227 0 0 0 0 0.00125417815 0.3069153014 0 0 0 0 0 0 0 0 0 0 0 0 0 0.2432359407 0 0 0 0 0 0 0 0 0 0 0 0 0 0 0 0 7.982483733 0 0 0 0 0 0 0 0 0 0 0 5.597593783 0 36.42875098 0 0 0 0 17.16706594 0 0 4.893913904 0 0 0 0 0 0 0 0 24.91078022 0 0 0 0 0 0 0 0 0 0 0 0 0 0 0 0 0 0 0 0 0 0 0 0 0 0 0 0 0 0 0 0 0 0 0 0 0 0 754.4177264 0 0 0 0 0 25.51731319 0 0 0 0 0 0 0 0 9.965836415 0 5.281172633 0 0 0 0 0 1.002562213 0 7.029762632 0 0 0 0 0 0 248.5242374 0 0 0 0 0 0 0 0 52.07271376 0 0 0 0 0 0 0 0 0 0 0 0 0 0 0 0 0 0 3.559212485 0 0 0 0 0 0 0.8043286465 5.11077709 0 0 0 0 0 0 0 0 0 0 0 0 0 0 0 0 0 0 0 0 0 0 0 0 0 0 0 0 0 0 0 0 0 0 0 0 0 0 0 0 0 0 0 0 0 0 0 0 0 0 0 0 0 0.3225853479 0 
0 0 0 0 0 0 0 0 0 0 0 0 1.129216704 0 0.1058466116 0 0 0 7.504168451 0 0.2463553517 0 0.4275306254 0 0 0 0 0 0.3038733678 0 0 0 0 0 0 0.249903676 0 0 0 0 0 0 0 0 0 0 0 0 0 0 0 0 0 0 0 0 0 0 0 6.157750622 0 0 0 0 0 0 0 0 0 0 0 0 0 0 0 0 0 0 0 0 0 0 0 0 0 0 0 0 0 0 0 0 0 0 0 0 0 0 0 0 0 0 0 0 0.7508435877 0 0.6918233972 0 0 0 0 0 0 0 0 0 0 0 240.1976951 0 0 0 0 0 0 0 0 0 0 0 0 0 0 0 0 0 0 0 0 0 0 0 0 0 0 0 0 0 0 0 108.5655689 0 0 0 0 0 0 0 0 0 0 0 0 0 0 0 0 0 0 0 0 0 0 0 0 0 0 0 0 0 0 0 0 0 0 0 0 0 0 0 0 0 0 2.297678195 0 0 5.075642434 0.2857519378 0 0 0 0 0 1.42488335 0 0 0 0 0 0 0 0 1.220249428 0 0 0 0 0 0 0 0 0 0 0 0 0 0 0.1404610225 0 0 0 0 0 0 0 0 0 0 0 0 0 0.942805092 0 0 0 0 0 0 0 0 0 0 0 0 0 0 
0 0 0 0 0 0 0 0.2325002073 0 0 0 0 0 0 0 0 0 0 0 0 0 0 0 0 0 0 0 0 0 0 0 0 0 3.63059163 0 0 0 0 0 0 0 0 0 0 0 0 0 0 0 0 0 0 0 0 0 0 0 0 0 0 0 0 0 0 0.2847675647 0 0 0 0 0 0 0 0 0 0 0 0 0 0 0 0 0 0 0 0 0 0 0 0 0 0 4.675516196 0 0 0 0 0 0 0 108.3272095 0 0 0 0 0 0 3.17442383 0 0 0 0 0 0 0 0 0 0 0 0 0 0 0 0 0 0 0 0 0 0 0 0 0 0 0 0 0 0 0 4.266168443 0 0 0 0 0 0 0 0 7.022068147 6.034844871 0 0 0 0 0 0 0 0 0 0 0 0 0 0 0 0 0 0 0 0 0 0 0 0 0 0 0.2913391464 0.06237583343 0 0 0 0 0 0 0 0 0 0 0 0 0 0 0 0 0 0 0 0 0 0 0 0 0 10.00850407 0 0 0 0 0 0 0 0 0 0 0 0 0 0 0 0 0 0 0 0 0.08067381228 0 0.1393161974 0 0 0 0 0 0 0 0 0 0 0 0 0 0 0 0 0 0 0 0 0 0.1822566941 0 0 0 0 0 0 0 0 
0 0 0 0 0 0 0 0 0 0 0 0 0 0 0 0 0 0 0 0 0 0 0 0.9226839818 0 5.705081027 0 0 0 0 0 0 0 0 0 0 0 0 0 0 0 0 0 0 0 0 0 0 0 0 0 0 0 0 0 0 0.557629709 0 0 0 0 0 0 0 0 0 0 0 0 0 0 0 0 0 0 0 0 0 0 0 0 0 0 0 0 0 0 0 0 0 0 0 0 0 0 0 0 0 0 0 0 0 0 0 0 0 0 0 0 0 0 0 0 0 0 26.22153734 158.6334963 0 0 0 0 0 59.24065113 0 0 0 0.7206619914 1.525594774 0 0 0 0 0 0 0 0 0 0 0 0 0 0 0 49.4744923 2.402596456 0 0 0 0 0 0 0 0 0 0 37.50670823 0 0 0 0 0 0 0 0 7.404221684 0 0 0 0 0 0 0 0 0 4.101793208 0 0 0 0 0 0 0 0 0 0 0 0 0 0 0 0 0 0 0 0 0 0 0 0 0 0 0 0 0 0.4386680848 0 0 0.01253942486 0 0 0 0 0 0 0 0 0 0 0 0 0 0 0 0 0 0 0 0 0 0 0 0 0 0 1.373580906 0 0 0 0 0 0 0 0 0 0 0 0 0 0 0 0 0 0 0 0 0 
0 0 0 0 0 0 0.3305589914 0 0 0.1507726426 0 0 0 0 0 0 0 0 0 0 0 0 0 0 0 0 0 0 0 0 0 0 0 0 0 0.2349801592 0 0 1.404101842 0 0 0 0 0 0 0 0 0 0 0 0 0 1.508683988 0 0 0 0 0 0 0 0 0 0 0 0 0 0 0 0 0 0 0 0 0 0 0 0 0 0 0 0 0 0.8584637979 0 0 0 0 0 0 0 0 0 0 0 0 0 0 0 0 0 0 0 0 0 0 0 0 0 0 0 0 0 0 0 0 0 0 0 0.5412115688 0 4.56423038 0 0 0 0 0 0 0 0 0 0 0 0 0 0 0 3.00736349 0 2.383194956 0 0 0 0 0 0 0 0 0 0 0 0 62.76179284 0 0.9359564722 0 0 0 0 0 0 0 0 0 0 0 0 0 0 0 50.70152006 0 0 0 0 0 0 0 0 0 0 0 0 0 0 0 0 0 0 0 0 0.2566336851 0 0 0 0 0 0 0 0 0 0 0 0 0 0 0 0 0 0 0 0.145422439 0 0 0 0 0 0 0 0.0003504981672 0 0 0 0 0 0 0 0 1.350420713 0 0 0 0 0 0 0 0 0 0 0 0 0 0 0 0 0 0 0 0.9194068007 0 0 0 0 0 0 0 0 
0 0 0 0 0 0.8147325804 0 0 0 0 0 0 0 0 0 0.06031937015 0 0 0 0 0 0 1.239308014 0 0 0 0 0 0 0 0.3331058969 0 0 0 0 0 0 0 0 0 0 0 0 0 0 0 0 0 0 0 0 0 0 0 0 0 0 0 0 0 0 0 0 0 0 0 0 0 0 0 0 0 0 0 0 0 12.35259455 0 3.585356872 0 0 0 0 0 0 0 0 0 0 0 0 0 0 0 0 0 0 0 0 0 0 0 0 0 0 0 0 0 0 0 0 0 0 0 0 0 0 1.332090745 0 0 247.5743682 0 0 0 0 0 0 0 0 12.17702261 0 0 0 0 0 0 0 0 0 0 0 0 0 0 0 0 0 0 0 0 0 0 0 0 0 0 0 0 0 0 0 0 0 0 0 0 0 0 0 0 0 0 0 0 0 0 0 0 0 0 0 0 0 0 0 0 0 0 0 0 0 0 0 0 0 0 0 0 0 0 0 0 0 0 0 1.394500828 0 0 0 0 0 0 0 0 0 0 6.702165448 0 1.675079532 0 1.119663805 0 0 0 0 0 0 0 0 0 0 0 0 0 0 0 0 0 0 0.9973522637 0 0 0 0 0 0 0 0 0 0 0 0.2712132066 0 0 0 0 
0 0 0 0 0 0 0 0.3225641658 0 0 0 0 0 0 0 0 0 0 0 0 0 0 0 0 0 0 0 0 0 0 0 0 0 0 1.452585831 0 0 0 0 0 0 0 0 0 0 0 0 0 0 0 0 0 0 0 0 0 0 0 0 0 0 0 0 0 0 0 0 0 0 0 0 0 0 0 0 0 0 2.480535701 0 0 0 0 0 0 0 0 0 0 0 0 0 0 0 0 0 0 0 10.58834444 0 0 0 0 0 0 0 0 0 0 0 0 0 0 0 0 0 0 0 0 0 0 0 0 0 0 0 0 0 0 0 0 0 0 0 2.642472887 0 36.01577412 0 0 0 0 0 0 0 0 0 0 0 0 0 0 0 0 0 0 0 0 0 0 0 0 0 0 0 0 0 0 0 0 0 0 2.582422223 0 0 0 0 0 0 0 0 0 0 0 0 0 7.952598562 0 0 0 0 0 0 0 0 0 0 0 0 0 0 0 0 0 0 0 0 0 0 0 0 0 0 0 0 0 0 0 0 0 0 0 0 0 5.219443722 0 0 0.0445831028 0 0 0 0 8.512053523 0 0 0 0 0 0 0 0 0 0 0 0 0 0.4166584652 0 0 0 0 0 0 0 0 0 0 0 
0 0 0 0 0 0 0 0 0 0 0 0 0 0 0 0 0 0 0 0.01699174901 0 0 0 0 0 0 0 0 0 0 0 0 0 0 0 0.985996433 0 0 0 0 0 0 0 0 0 5.596683129 0 0 0 0 0 0 0 0 0 0 0 0 0 0 0 0.09839015929 0 0 0 0 0 0 0 0 0 0 0 0 0 0 0 0 0 6.060796059 0 0 0 0 0 7.207387823 0 0 0 0 8.348199338 0 0 0 0 0 0 0 0 0 0 0 0 0 50.77802552 1.727192113 0 0 0 0 0 0 0 0 0 0 0 0 0 0 0 0 0 0.283402584 0 0 0 0 0 0 0 0 0 0 0 0 0 0 0 0 0 0 4.840078415 121.750523 0 0 0 0 0 0 0 0 0 0 0 0 0 0 0 0 78.9462587 0 0 0 0 0 0 0 0 0 0 0 0 0 0 0 0 0 0 0 0 0 0 0 0 0 0 0 0 0 0 0 0 0 0.02566378519 0 0 0 0 0 0 0 0 1.12895972 0 0 0 0 0 0 0 0 0 0 0 0 0.2999653041 0 0 0 0 0 0 0 0 0 0 0 0 0 0 0 0 0 0 0 0 0 0.8482031114 3.497015652 0.18001239 0 0.533824772 0 0 0 0 0 0 0 0 0 0 0 0 0 
0 0 0 0 0 0 0 0 0 0 0 0 0 0 0 0 0 0 0 8.902319752 0.745993477 0 0 0 1.301068266 0 0 0 0 0 0 0 0 0 0 0 0 0 0 0 0 0 0 0 0 0 0 0 0 0 0 0.1147744787 0 0 0 0 0 0 0 0 0 0 0 0 0 0 0.07202824179 0 1.420639633 0 0 0 0 0 0 0 0.01184216539 0 0 0 0 0 0 0 0 0 0 0 0.572953959 0 1.129288428 0 0 0 0 0 0 0 0 0 0 0 1.095554859 0 0 0 0 0 0 0 0 0 0 0 0 0 0 0 0 0 0 0 0 41.34456697 0 0 0 0 0 0 0 0 0 0 0 0 0 0 0 0 0 0 0 0 0 0 0 0 0 0 0 0 0 0 0 0 0 0 0 0 0 0 0 0 0 0 0 0 0 0 0 0 0 0 0 0 0 0 1.313295788 0 0 0 0 0 0 0 0 0 0 0 0 0 0 0 0 0 0 0 0 0 0 0 0 0 0 0 0 0 0 0 0 0 0 0 0 0 0 0 0.7608676894 0 0 0 0 0 0 0 0 0 0 0 0 0 0 0 0 0 0 0 0 0 0 0 0 0 0 0 0 0 0 0 0 0 0 0 0 0 
0 0 0 0 0 0 0 0 0 0 0 0 0 0 0 0 0 0.7318997862 0 0 0 0 0 0 0 0 0 0 0 0 0 0 0 0 0 0 0 0 0 0 0 0 0 0 0 0 0 0 0 0 0 0 0 0 0 0 0 0 0 0 0.6254142343 0 0 4.313874992 0 0 0 0 0 0 0 0 0 0 0 0 0 0 0 0 0 0 0 0 0 0 0 0 0 0 0 0 0 0 0 0 4.442277983 6.211279712 0 0 0 0 0 0 0 0 0 0 0 10.37776317 0 0 0 0 0 0 0 0 0 0 0 0 0 0 0 3.409434371 0 0 0 0 8.308554763 0 0 0 0 0 0 0 0 0 0 0 0 0 0 0 0 0 0 0 0 0 0 0 0 0 0 0 0 0 0 0 4.954319903 0 0 0 0 0 0 0 0 0 0 0 0 0 0 0 0 0 0 0 0 0 0 0 0 0 0 0 0 0 0 0 0 0 0 0 0 0 0 0 0 0 0 0 0 0 0 0 0 0 0 0 0 0 0 0 0 0 0 0 0 0 0 0 0 0 0 0 0.07613349321 0 0 0 5.907402629 0 0 0 0 0 0 0 0 0 0 0 0 0 4.896395911 0 0 0 0 0 0 0 
0 0 0 0 0 0 0 0 0 0 0 0 0 0 0 0 0 0 0 0 0 0 0 0 4.792926441 1.504350052 0 0 0.9478911912 0 0 0 0 0.322291428 0 0 0 1.266894829 0 0 0 0 0 0 0 0 0 1.456018324 0 0 0 0 0 0 0 0 0.9346964531 0 0 0 0 0 0 0 0 0 0 0 0.8980757181 0 0 0 0 0 0 0 0 0 0 0 0 0 0 0 0 0 0 0 0 0 0 0 0 0.533773814 0 0 0 0 0 0 0 0 0 0 0 0 0 0 0 0 0 0 0 0 0 0 0 0 0 2.754491094 0 0 0 0 0.0008527092633 0 0 0 0 0 0 0 0 0 0 0 0 0 0 0 0 0 0 0.2331831609 0 0 0 0 0 0 4.969319569 0 0 0 0 0 0 0 0 0 0 0 5.086080145 0 0 0 0 0 0 0 0 0 0 0 0 0 0 0 0 1.47379661 0 0 0 0 0 0 0 0 0 0 0 0 0 0 0 0 0 0 0 0 0 0 0 0 0 0 0 0 0 0 0 0 0 0 0 0 0.001958666601 0 0 0 0 0 0 0 0 0 0 0 0 0 0 0 0 0 0 0 0 0 0 0 0 0 0 7.504946067 0 0 0 0 0 0 0.1942902014 0 0 0 0 0 
0 0 0 0 0 0 0 0 0 0 0 0 0 0 0 0 0 0 6.49802717 0 0 0 0 0 0 0 0 0 0 0.2994261021 0 6.639611851 0 0 0 0 0 0 0 0 0 0 0 0 0 0 0 0 0 0 0 0.486871739 0 0 0 0 0 0 0 0 0 0 0 0 4.929974066 4.222273632 0 0 0 0 0 0 0 0 0 0 0 0 0 0 0 0 7.89448583 0 0 0 8.422076677 0 0 0 153.7954433 0 0 0 0 0 0 0 0 0 0 0 0 0 0 0 0 0 0 0 0 0 0 0 0 0 0 0 0 0 0 0 0 0 0 0 0 0 0 0 18.39993012 0 0 0 0 0 0 0 120.2976375 0 0 0 0 0 0 0 0 0 0 0 0 0 74.02643385 0 0 0.08839628046 0 0 0 1.98824887 0 0 0 0 0 0 0 0 0 0 0 0 0 0 0 0 0 0 0 0 0 0 0 4.312496552 0 0 0.172432875 0 0 0 0 0 0 0 0 0 0 0 0 0 1.880996644 0 0 0 0 1.61931888 0 0 0 0 0 0 0 0 0 0 0 0 0 0 0 0 0 0 0 0 0 0 0 0 0 0 0 0 0 0 0 0 0 0 0 0 0 0 0 0 0 0 0 0 0 0 0 0 0 0 
0 0 0 0 0 0 0 0 0 0 0 0 0 0 0 0 0 0 0 0 0 0 0 1.22714932 0 0 0 0.06230551871 0 0.09508731206 0 1.314378693 0 0 0 0 0 0 0 0 0 0 0 6.393596085 0 0 0 0 0 0 0 0 0 0 0 0 0 0 0 0 0 0 0 0 0 0 0 0 0 0 0 0 3.515940283 0 0 0 0.03603183183 0 0 0 0.1897265465 0 0 0 0 0 0 0 0 0 0 0 0 0 0 0 0 0 0 48.54031239 0 0 0 0 0 0 0 0 0 0 0 0 0 0 0 0 0 0 0 0 10.35225895 0 0 0 0.3941951991 0 101.9565801 0 0 7.09543053 0 0 0 0 0 0 6.115805681 0 0 0 0 84.61255757 0 0 0 0 0 0 0 0 0 0 0 0 0 0 0 0 0 5.874689282 0 0 0 0 0 0 0 0 0 0 0 0 9.584560382 0 0 0 0 0 0 0 1.174279536 0 0 0 0 0 0 0 0 0 0 0 0 6.23631426 0 0 0 0 0 0 0 0 0 0 0.6992910458 0 0 0 0 1.051385947 0 0 0 0 0.0005266236424 0 0 0 0 0 0 0 0 0 0 0 0 0 0 0 0.0001006614312 0 0 0 0 0 0 0 0 0 0 0 0 0 0 0 0 0 0 0 0 0 0 0 0 0.07239691095 
0 0 0 0 0.4638626877 0 0 0 0 0 0 0 0 0 0 0.01025033796 0 0 1.073306347 0 0 0 0 0 0 0 0 0 1.306836404 0 0 0 0 0 0 0 0 0 0 0 0 0.3051534499 0 0 0 0 0 0 0 0 0 0 0 0 0 0 0 0 0 0 0 0 0 0 0 0 0 0 0 0 0 0 0 0 0 0 0 0 2.768197382 0 0 6.523702703 0 0 0 0 0 0 0 0 0 0 1.690117549 0 0 0 0 0 0 0 3.34916417 0 0 0 0.2837069564 0 0 0 0 0 0 0 0 0 6.047456885 0 0 0 0 0 0 0 0 0 0 10.20978497 0 0 0 0 0 0 0 0 0 0 0 0 0 0 0 0 0.2938731702 0 0 0 0.01198708037 0 0 0 0 0 0 0 0 0 0 0 0 0 0 0 0 0 0 0 0 0 0 0 0 0 0 0 0 0 0 0 0 0 0 0 0 0 0 0 0 0.908927824 0 0 9.098184001 0 0 0 5.770059705 0 0 0 0 0 0.1450488837 5.609360626 0 0 0 0 0 0 0 0 0 0 9.521096551 0 0 0 0 0 0 0 0 0 0 0.2108438046 0 0 0 0 0 0 0 0 0 0 0 0 0.3765532974 0 0 0 0 0 0 0 0 0 0 0 0 0 0 1.207074687 0 0 0 0 
0 0 0 0 0.1313189285 0 0 0 0 0 0 0 0 0 0 0.1137448131 0 0 0 0 0 0 0 0 0 0 0 0 0 0 0 0 0 0 0 0 0 1.219122036 0 0 0 0 0 0 0 0.8563842974 0 0 0 0 0 0 0 0 0 0 0 0 0 0 0 0 0 0 0 0 0 0 0 0 0 0 0 0 0 0 0 0 0 0 0 0 0 0 0 0 0 0 0 0 0 0 0 0 0 0 0 0 0 0 0 0 0 0 0 0 0 0 0 0 0 0 0 0 77.24952518 0 0.7338070528 0 0 0 0 0 0 0 0 0 0 0 0 0 0 0 0 0 0 0 0 0 0 0 0 0 0 0 0 0 0 0 0 0 0 0 0 0 0 0 0 0 0 0 0 0 0 5.82670676 0 0 0 0 0.746660729 0 0 0 0 0 0 0 0 0 0 0 0 0 0 0 0 0 0 0 0 0 0 0 0 0 0 0 0 0 0.4839922616 6.0340875 0 0 0 0 0 0 0 0 0 0 0 0 0 0 0 0 0 0 0 0 0 0 0 4.938902825 0 0 0 0 0 0 0 0 0 0 0 0 0 0 0 0 0 0 0 0 0 0 0 0 0 0 0 0 0 0 0 0 
0 0 0 0 0.01185003884 0 0 0 0 0 0 0 0 0 0 0 0 0 0 0 0 0 0 0.4745553417 0 0 0 0 0 0 0 0 0 0 0 0 0 0 0 0 0 0 0 0 0 0 0 0 0 0 0 0 0 0 0 0 0 0 0 0 0.029222398 0 0 0 0 0 0 0 0 0 0 0 0 0 0 0 0 0 0 0 0 0.2372120183 0 0 0 0 3.830897039 0 0 0 0 0 0 0 0 0 0 0 0 0 0 0 0 0 0 0 0 0 0 6.404869503 0 0 0 0 0 0 0 0 0 0 0 0 0 0 0 0 0 0 0 0 0 0 0 0 0 0 0 0 0 0 0 0 0 0 0 0 0 0 0 0 0 0 0 0 0 0 0 0 0 0 0 0 0 0 0 0 0 1.680104885 0 0 0 0 0 0 0 0 0 0 0 2.294007297 0 0 0 2.654380405 0 0 0 7.629469372 0 0 0 0 0 0 0 0 0 0 0 0 0 0 0 0 0 0.4987089683 0 0 0 0 0 0 0 0 0 0.003955341679 0 0 0 0 0 0 0 0 6.184597451 0 0 0 0 0.1613946019 0 0 0 0 0 0 0 0 0 0 0 0 0 0 0 0.2990129564 0 0 0 0 0 0 0 0 3.711310936 0 
0 0 0 0 0 0 0 0 0 0 0 0 0 0 0 0 0 0 0 0 0 0 0 0 0 0 0 0 0 0 0 0 0 0.01701830276 0 0 0 0 0 0 0 0 0 0 0 0 9.323059576 0 0 0 0 0 0 0 0 0 0 0 0 0 0 0 0.3629260305 9.696963439 0 0 0 0 0 0 0 0 0.5314009718 0 0 0 0 0 0 0 0 0 0 0 0 0 0 0 0 0 0 0 0 0 0 0 0 0 0 0 0 0 0 0 0 8.754972578 0 0 0 0 0 0 0 0 0 0 0 0 0 0 0 0 0 0 0 0 0 0 0 0 0 0 0 0 0 0 0 0 0 0 0 0 0 0 0 0 0 0 0 21.96890113 0 0 0 0 0 0 0 0 0 0 0 0 0 0 0 0 0 0 0 0 0 0 0 0 0 0 0 0 0 0 0 0 0 0 0 0 0 0 0 0 0 0 0 0 0 0 0 0 0 0 0.2577299806 0 0 3.148151986 0 0 0 0 0.2760968478 0 0 0 0 0 0 0 5.848307269 0 0 0 0 0 0 0 0 0 0 0 0 0 0 0 0 0 0 0 0 0 0 0 0 0 0 0 0 0 0 0 0 0 0 0 0 0 0 1.321464781 
0 0 0.3519154392 0 0 0 0 0 0 0 0 0 0 0 1.119231555 0 0 0 0 0 0.009299874631 0 0 0 0 0.5451743443 0 0 0 0 0 0 0 0 0.07244037822 0 0 0 0 0 0 0 0 0 0 0 0 0 0 0 0.1728532983 0 0 0.4168884749 0 0 0 0 0 0 0 0 0 0 0 0 0 0 0 0 0 0 0 0 0 0 0 0 0 0 0 0 0 0 0 0 0 0 0 1.150064216 0 0 0.004829936851 0 0 0 0 0 0 0 0 0 0 5.952283632 0 0 0 0.0002713626594 0 0 0 0 0 0 0 0 2.752973134 0 0 0 0 0 0 0 0 0 0 0 0 0 0 0 0 0 0 0 0 6.197457951 0 0 4.012848629 0 0 0 0 0 0 0 0 0 0 0 0 0 0 0 0 0 0 17.15924725 0 0 0 0 82.41407297 0 0 0 0 0 0 0 0 3.941119233 0 0 0 0 0 0 0 0 0 1.323539764 0 0 4.234939918 0 0 0 0 0 0 0 0 0 0 0 0 0 4.172509321 0 0 0 4.028021743 0 0 0 0 0 0 0 0 0 0 0 0 0 0 0 0 0 0 0 0 0 0 0 0 0 0 0 0 0 0 0 0 0 0 0 0 0 0 0 0 0 0 0 0 0 0 0 0 0 0 0 
0 0 0 0 0 0 0 0 0 0 0 0 0 0 0 0 0 0 0 0 0 0 0 0 0 0 0 0 0 0 0 0 0 0 0 0 0 0 0 5.48623237 0 5.933347452 0 0 0 0 0 0 0 1.1069544 1.207905276 0 0 0 0 0 0 0 3.450522519 0 0 0 0 0 0 0 0.3264461511 0 0 0 0 0 0 0 0 4.148824761e-05 0 0 0 0 0 0 0 0 0 0 0 0 0 0 0 0 0 0 0 0 0 0 0 0.02752441502 2.213326269 0 0 0 0 0 0 0 0 0 0 0 0 0 0 0 0 0 0 0 0 0 0 0 0 0 0 0 0 0 0 0 0 0 0 0 0 0 0 0 0 5.577642592 0 0 0 0 4.844776368 0 0 8.569878007 0 0 0 0 0 0 0 0 0 0 0 0 0 0 0 0 0 0 0 0 0 0 0 0 0 0 0 0 0 0 0 0 0 0 0 0 0 0 1.303201919 0 0 0 0 0 0 0 0 0 0 0 9.314470698 0 0 0 0 0 0 0 0 0 0 0 0 0 0 5.225568663 0 0 0 0 0 0 0 0 0 0 0 0 0 0 0.7865939723 0 0 0 0 0 0 0.05720498239 0 0 0 0.6187787255 0 0 0 0 0 0 0 0 0 0 0 0 0 0 
0 0 0 0 0 0 0.4236552969 0 0 0 0 0 0 0 0 0 0 0 0 0 0 0 0 0 0 0 0 0 0 0 0 0 0 0 0 0 0 0 0 6.618439566 0 0 0 0 0 0 0 0 0 0 0 0 0 0 0 0 0 0 0 0 0 0 0.6178261613 0 0 0 0 0 0 0 0 0 0 0 0 0 0.8100011397 0 0 0 0 0 0 0 0 0 0 0 0 0 0 0 0 0 0 0 0 0 0.3050196475 4.59561667 0 1.587930793 0 0 17.8646304 0 0 0 0 0 5.718305175 0 0 0 0 0 0 0 0 0 0 0 0 0 0 0 0 0 0 0 0 0 0.1925125041 0.0161434479 0 0 0 0 0 0 0 0 0 0 0 0 0 0 0 0 0 0 0 0 0 0 0 0 0 0 4.217297859 0 0 0 0 0 0 0 0 0 0 0 0 6.507410979 0 0 0 0 0 0 0 0 0 0 0 0 0 0 0 0 0 0 0 0.2163161377 0 0 0 0 0 0 0.685039605 0 0 0 0 0 0 0 0 0 0 0.07443931468 0 0 0 0 0 0 0 0 0 0 0.2205429119 0 0 0 0 0 0 0 0 0 0 0 0 0 0 0 0 0 0 0 0 0 0 0 0 0 0 0 0 0 0 0.4898160139 0 0 
0 0 0 0 0 0 0 0 0 0 2.631995016 0 0 0 0 0 0 0 0 0 0 0 0 0 0 0 0 0.102973658 0 0 1.493563244 0 0 0.1382637273 0 0 0.006786695169 0 1.297447815 0 0 0 0 0 0 0 0 0 0 0 0 0 0 0 0 0 0 0 0 0 0 0 0 0 0 0 0 0 0 0 0 0.4561468718 0 0 0 0 0 0 5.40604987 0 0 0 0 0 0 0 0 0 0 0 0 0 0 0 0 0 0 0 0 0 0 0 0 0 6.988097958 0 0 0 0 0 0 0 0 0 0 0 0 0 0 0 0 0 0 0 0 0 0 0 0 0 0 0 0 0 0 0 0 0 0 0 0 0 0 0 0 0 0 0 0 0 0 0 0 0 0 0 0 0 0 0 0 0 0 0 0 0 0 0 0 0 0 0.5555565235 0 0 0 0 0 0.0360489673 0 0 0 0 0 0 0 0 0 0 7.439546238 0 0 0 0 0 0 0 0 0 0 0 0 0.3820907803 0 0 0 0 0 0 0 0 0 0 0 0 0 0 0.7242560412 0 0.5416442629 0 0 0 0 0 0 0 0 0 0 0 0 0 0 0 0 0 0 0 0 0 0 0 0 0 0 0 0 0 0 0 1.438202448 0 0.0183993874 0 0 0 
0 0 0 0 0 0 0 0 0 0.5010728229 0 0 0 0 0 0 0 0 0 0 0 0 0 0 0 0 0 0.2319516741 0 0 0 0 0 0 0 0 0 0 0 0 0 0 0 0 0 0 0 0 0 0 0 0 0 0 0 0 7.368241022 0 0 0 0 0 0 0 0 0 0 0 0 0 0 0 0 0.7006605556 0 0 0 0 0.764866927 0 0 0 0 0 0 0 0 0 0 0 0 0 0 0 0 0 0 0 0 0 0 0 0 0 0 0 0 0 0 0.1042960708 0.452761654 0 0 0 0 0 0 0 0 0 0 0 0 0 0 0 0 0 0 4.012900667 0 3.317092001 0 0 0 0 0 0 0 0 0 0 0 0 0 0 0 0 0 0 0 0 0 0 0 0 0 0 0 0 0 0 0 0 0 0 0 0 0 0 0 0 0 0 0 0 0 1.32698978 0 0 0 0 0 0 0 0 0 0 0.8318542825 0 0 0 0 0 0 0 0 2.381811619 0 0 0 0 0 0 0 0 0 0 0 0 0 0 0 0 0 0 0 0 0 0 0 0 0.2159913874 0 0 0 0 0 0 0 0 0 0 0 0 0 0.04969319336 0 0 0 0 0 0 0 0 0.07464529912 0 0 0 0 0 0 0 0 0 0 
0 0 0 0 0 0 0 0 0 0 0 0 0 0 0 0 0 0 0 0 0 0 0 0 0 0 0 0 0 0 0 0 0 0 0 0 0 0 0 0 0 0 0 0 0 0 0 0 0 0 0 0 0 0 0 0 0 0 0 0 0 0 0 0 0 0 0 0 0 0 0 2.190655571 0 0 0 0 0 0 0 0 6.187097888 0 0 0 0 0.2323839927 0 0 0 0 0 0 0 0 0 0 0 0 0 0 0 0 0 0 5.587394553 0 3.334571434 0 0 0 0 0 0 0 0 0 0 0 0 0 0 0 0 0 0 0 0 0 0 0 0 0 0 0 0 0 0 0 0 0 0 0 7.679007244 0 0 0 0 0 0 0 0 0 0 0 0 0 0 0 0 0 0 0 0 0 0 0 0 0 0 0 0 0 0 0 0 0 0 0 0 0 0 0 0 0 0 0 0 0 0 4.702870717 0 0 0 0.5502867443 0 0 0 0 0 0 0 0 0 0 0 0 0 0 0 0 0 0 0 0 0 0 0 0 0 0 0 0.5057558776 1.066732033 0.01061497695 0 0 0 0 0 0.2459931637 0 0 0 0 0 0 0 0 0 0 0 0 0 0 0 0 0 0 0 0 0 0 0 0 0 0 
0 0 0 0 0 0 0 0 0 0 0 0 0 0 0 0 0 0 0 0 0 0 0 0 0 0 0 0 0 0 0 0 0 0 0 0 0 0 0 0 0 0 0 0 0 0 0 0.001069139294 0 0 0 0 0 0 0 0 0 0 0 0 0 0 0 0 0 0 0 0 0 0 0 0.4550351586 0 0 0 0 0 0 0 0 0 0 0 0 0 0 0 0 0 0 0 0 0 0 0 0 0 0 0 0 0 0 0 0 0 0 0 0.205229794 0 0 0 0 0 0 1.176413063 0 0 0 0 0 29.11162626 0 0 0 0 0 0 0 0 0 0 0 0 0 0 0 0 0 0 0 0 0 0 2.321985722 0 5.67668941 0 0 0 0 0 0 0 0 0 0 0 0 0 0 0 0 0 0 0 0 9.918150752 0 0 0 0 0 0 0 0 0 0 0 0 0 0 0 0 0 0 0 0 0 0 0 0 8.768029066 0.1618091218 0 0 0 0 0 0 0 0 0.9616582213 0 0 0 0 0 0 0 0.6692504456 0 0 0.6371811086 0 0 0 0 0 0 0 0 0 0 0 0 0 0 0 0 0 0 0 0 0 0 0 0 0 0 0 0 0 0.274440243 0 0 0 0 0 0 0.3009992595 0 0 0 0 0 0 
0 0 0.1248779329 0 0 0 0 0 0.4127921303 0 0 0 0 0.4694550585 0 0 0 0.2206452085 0 0 0 0 0 0 0 0 0 0 0 0 0 0 0 0 0 0 0 0 0 0 0 0 0 0 0 0 0 0 0 0 0 0 0 0 0 0 0 0 0 0 0 0 0 0 0 0 0 0 0 0 0 0 0 0 0 0 0 1.482929036 0 0 0 0 0 0 0 0 0 0 0 0 0 0 0 0 0 0.09285737276 0 0 0 0 0 0 0 0 0 0 0 0 0 0 0 0 0 0 0 0 0 0 0 0 0 0 0 0 0 0 0 0 0 0 0 0 0 0 0 0 0 0 0 0 0 0 0 0 0 0 0 0 0 0 6.871273484 0 0 0 0 0 0 0 0 0 0 0 0 0 0 0 0 0 0 0 0 0 0 0 0 0 0 0 0 0 0 0 0 0 0 0 0 0 0 0 0 0 0.04745022783 0 0 0 0 0 0 0 0 0 0 0 0 0 0 0 0 0 0 0 0 7.717115141 0 0.1760586218 0 0 0 0 0 0 0 0 0 0 0 0 0 0 0 0.1011767483 0 0 0 0 0 0 0 0 0 0 0 0 0 0 0 0 0 0 0 0 0 0 0 0 
0 0 0 0 0 0 0 0 0 0 0 0 0 0 0 0 0 0 0 0 0 0 0 0 0 0 0 0 0 0 0.4149009772 0 0 0 0 0 0 0 0.5228689826 0 0 0 0 0 0 0 0 0 0 0 0 0 0 0 0 0 0 0 0 0 0 0 0.1876243954 0 0 0 0 0 0 0 1.20189329 0 0 0 0 0 0 0 0 0 0 0 0 0 0.925229342 0 0 0 0 0 0 0 0 0 0 0 0 0 0 0 0 0 0 0 0 0 0 0 3.103591811 0 0 0 0 0 0 0 0 0 0 0 0 0 0 0 0 0 0 0 0 0 0 0 0 0 0 0 0 0 0 0 0 0 0 0 0 0 0 0 0 0 0 0 0 0 0 0 0 0 0 0 0 0 0 0 0 0 0 0 1.740389213 0 0 0 0 0 0 0 0 0 0 0 0 0 0 0 0 0 0 0 0 0 0 0 0 1.13640691 0 0 0 8.446060125 0 0 0 0 0 0 0 0 0 0 0 0 0 0 0 0 5.743148477 0 0 0 0 0 0 0 0 0 0 0 0 0 0 0 0 0 0 0 0 0 0 0 0 0 0 0 0 0 0 0 0 0 0 0 0.1722862246 0 0 0 0 0 
0 0 0 0 0.3401679799 0 0 0 0 0 0 0 0 0 0 0 0 0 0 0 0 0 0 0 0 0 0 0 0 0 0 0 0 0 0 0 0 0 0.05319843615 0 2.525113347 0 0 0 0 0 0 0 0 0 0 0 0 0 0 0 0 0 0 0 0 0 0 0 0 0 0 4.85605346 0 0 0 0 0 0 5.476257625 0 0 0 0 0 0 0 0 0 0 0 0 0 0 0 0 0 0 0 0 0 0 0 0 0 0 0 0 0 0 0 0 0 0 1.667994935 0 0 0 0 0 0 0.4506136829 0 0 0 0 0 0 0 0 0.04766559939 0 0 0 0 0 0 0 3.94847738 0 0 0 0 0 0 0.003037738506 1.006689859 0 0 0 0 0 0 0 0 0 10.15631443 0 0 0 0 0 0 0 10.17170972 0 0 0 0 0 0 0 7.398339916 0 0 0 0 0 0 0.4650213462 0 0 0 0 0 0 0 0 2.515216995 1.184003108 0 0 0 0 0 0 0 0 0 0 0 0 0 1.075510102 0.3212555299 0 0 0 0 0 0 0 0 0 0 0 0 0 0 0 0 0 0 0 0 0 0 0 0 0 0 0 0 0 0 0 0 0 0 0 0 0 0 0 0 0 0 0 0 0 0 0 0 0 0 0 0 0 0 0 0 
0 0 0 0 0 0 0.1925675496 0 0 0.526510333 0 0 0 0 0 0 0 0 0 0 0 0 0 0 0 0 0 0 0 0 0 0 0 0 0 0 0 0 0 0 0 0 0 0 0 0 0 0 0 0 0 0 0 0 0 0 0 0 0 0 0 0 0 0 0 0 0 0 0 0 0 0 0 0 0 0 0 0 0.7322018159 0 0 1.030489123 0.7689564175 0 0.7428294121 0 0 0 0.2042759848 0 0 0 0 0 0 2.807008702 0 0 0 0 0 0 0 0 0 0 0.5417463334 0 0 0 0 0 0 0 0 0 0 0 0 0 0 0 0 0 0 0 0 0 0 0 1.729029142 1.723633397 4.078355533 0 0 0 0 0 0 0 0 0 0 0 0 0 0 0.2657658011 0 0 0 0 0 0 0 0 0 0 0 0.2975002415 0 0 0 0 0 0 0 0 0 0 0 0 0 0 0 0 0 0 0 0 0 0 0 0 5.478267748 0 0 0 0 0 0 0 0 0 0 0 0 0 0 0 0 0 0 0 0 0 0 0 0.1907246957 0 0 0 0 0 0 0 0 0 0 0 0 0 0 0 0 0 0 0 0 0 0 0 0.4318090813 0 0 0 0 0 0 0 0 1.471046742 0 0 0 0 0 0 0 0 0 0 0 0 0 0 
0 0 0 0 0 0 0 0 0 0 2.291249309 0 0 0 0 0 0 0 0 0 0 0 0 0 0 0 0.3424617758 0 0 0 0 0 0 0 0 0 0 0 0 0 0 0 0 0 0 0 0 0 0 0 0 0 0 0 0 0 0 0 0 0 0 0 0 0 0 0 0 0 0 0 0 0 0 0 0 0 0 0 0 0 0 0 0 0 0 0 0 0 0 0 6.500282509 0.009884767781 0 0 0 0.104035391 0 0 0 0 0 0 0 0 0 0 0 0 0 0 0 0 0 0 0 0 0 0 0 0 0 3.846515688 0 0 0.2284531502 0 0 0 0 0 0 0 0.1307228081 0 0 0 0 0 0 0 0 0 0 1.119384765 0 2.934623312 0 0 0 0 0 0 0 0 0 0 0 0 2.127367673 0 0 0 0 0 0 0 0 0 0.7924587785 0 0 0 0 0 0 0 0 0 0 0 0 0 0 0 0 0 0.8747743922 0 0 0 0 0 0 0 0 0.1219207466 0 0 0 0 0 0 0 0 0 0 0 0 0 0 0 0 0 0 0 0 0 0 0.2957603185 0 0 0 0.299409643 0 0 0 0 0 0 0 0 0 0 0 0 0 0 0 0 0 0 0 0 0 0 0 0 0 0 0 0 0 0 0 0 0 
0 0 0 0 0 0 0 0 0 0 0 0 0 0 0 0 0 0 0 0 0 0 0 0 0 0 0 0 0 0 0 0 0 0 0 0 0 0 0 0 0 0 0 0 0 0 0 0 0 0 0 0 0 0 0 0 0 0 0 0 0 0 0 0 0 1.769234946 0 0 0 0 0 0 0 0 0 0 0 0 0 0 0 0 0 0 0 0 0 0 0 0 0 0 0 0 0 0 0 0 0 0 0 0.2659772764 0 0 0 0 0 0 0 0 0 0 0 0 0 0 3.133602298 0 0 0 0 0 0 0 0 0 0 0 0 0 0 0 0 0 0 0 0 0 0 0 0 0 0 0 0 0 0 0 0 0 0 0 0 0 0 0 0 0 0 0 0 0 0 1.63912903 1.132707879 0 0 0 0 0 0 0 0 0 0 0 2.268367708 0 0 0 0 0 0 0 0 0 0 0 0.7545503755 0 0 0 0 0 0 0 0 0 0 0 9.680642171 0 0 0 0 0 0 0 0 0 0 0 0 0 0 0 0 0 0 0 0 0 0 0 0 0.8873808269 0 0 0 0 0 0 0 1.106666085 0 0 0 0 0 0 0 0 0 0 0 0 0 0 0 0 0 0 0 0 0 0 
0 0.004808137917 0 0 0 0 0 0 0 0 0 0 0 0 0 0 0 0 0 0 0 0 0 0 0 0 0 0 0 0 0 0 0 0 0 0 0 0 0 0 0 0 0 0 0 0 0 0 0 0 0 0 0 0 0 0 0 0 0 0 0 0 0 0 0 0 0 0 0 0 0 0 0 0 0 0 0 0 5.570521784 0 0.4077425658 5.377794627 0 0 0 0 0 0 0 0 0 0 0 0 0 0 0 0 0 0 0 0 0 0 0 0 0 0 0 0 0 0 0 0 0 0 0 0 0 0 0 0 0 0 0 0 0 0 0 0 0 0 0 0 0 0 0 0 0 0 0 0 0 3.959031408 0 0 0 0 0 0 0 0 0 0 0 0 0 0 0 9.805607783 0 0 0 0 0 0 0 0 0 0 0.004988549228 0 0 0 0 0 0 0 0 0 0 0 0 0 0 0 0 0 0 0 0 0 0 0 0 0 0 0 0 0 0 0 0 0 0 0 0 0 0 0 0 0 0 0 0.135265661 0 0 0.9407764697 0 0 0.02053986296 0 0.8124180888 0 0 0 0 0 0 0 0 0 0 0 0 0 0 0 0 0 0 0 0 0 0 0 0 0 0 0 0 0 0 0 0 0 
0 0 0 0 0 0 0 0 0 0 0 0 0 0 0 0 0 0 0 0 0 0 0.04938404705 0 0 0 0 0 0 0 0 0 0 0 0 0 0 0 0 0 0 0 0 0 0 0 0 0 0 0 9.053913171 0 3.291954299 0 0.220503747 0 0 0 0 0 6.512180883 0 0 0 0 0 0 0 0 0 0 0 0 3.453362562e-05 0 0 0 0.1825011713 0 0 0 0 0 1.022382122 0 0 0 0 0 0 0 0 0 0 0 0 0 0 0 0 0 0 0 0 0 0 0 0 0 0 0 0 0 0 0 0 0 0 0 0.1246604925 0 0 0 0 0 0.03293219202 0 0 0 0 0 0 0 0 0 0 0 0 0 0 0 0 0 0 0 0 0 0 0 0 0 0 0 0 0 0 0 0 0 0 0 0.6694996735 0 0 0 0 0 0 0 0 0 0 0 0 0 0 0 0 0.4626058152 0 0 0 0 0 0 0 0 4.879946908 0 0 0 0 0 0 0 0 0 0 0 0 0 0 0 0 0 0 0 0 0 0 0 0 0 0 0 0 0 0 0 0.03917974862 0 0 0 0 0 0 0 0 0 0 0 0 0 0 0 0 0 0 0 0 0 0 0 0 0 0.4918770663 0 0 0 0 0 0 0 0.2701045608 0 0 
0 0 0.1547339183 0 0 0 0 0 0 0 0 0 0 0 0 0 0.02761847965 0 0 0 0 0 0 0 1.07726718e-05 0 0 0 0 0 0 0 0 0 0 0 0 0 0 0 0 0 0.5149508407 0 0 0 1.331973104 0 0 0 0 0 0 0 0 0 0 0 0 1.298950645 0 0 0 0 0 0 0 0 0 0 0 0 0 0 0 0 0 0 0 0 0 6.764637067 0 0 0 0 0 0 0 0 0 0 0 0 0 0 0 0 0 0 5.504236089 0 0 0 0 0 0 0 0 0 0 0 0 0 0 0 0 0 0 0 0 0 0 0 0 0 0 0 1.468678857 0 0 0 0 0 0 0 0 0 0 0 5.146602363 0.01006011981 0 0 0 0 0 0 0 0 0 0 0 0 0 0 0 0 0 0 0 0 0.5975218758 0 0 0 0 8.146347413 0 0 0 0 0 0 0 0 0 0 0 0 0 8.077707932 0 0 0 0 0 0 0 0 0 0 0 0 0 0 0 0 0 1.361512638 0 0 0 0 0 0 0 0 0 0 0 0 0 0 0 0.02296063732 0 0.5711644238 0 0 0 0 0 0 0 0 0 0.1356108643 0.4245372046 0 0 0 0 0 0 0 0 0 0 0 0 0 0 0 0 0 0 0 0 0 0 0 0 0 0 0 
0 0 0 0 0 0 0 0 0 0 0 0 0 0 0 0 0 0 0 0 0 0 0 0 0 0 0 0 0 0 0 0 0 0 0 0 0 0 0 0 0 0 0 0 3.892810744 0 0 0 0 0 0 0 0 0 0 0 0 0 0 0 0 0 0.07076622841 0 0 0 0 0 0 0 0 0 0 0 0 0.2111762231 0 0 0 0 0 0 0 0 0 0 0 0 0 0 0 0 0 0 0 0 0 0 0 0 0 0 1.811933708 0 0 0 0 0 0 0 0 0 0 0 19.4742525 0 0 0 0 0 0 0 8.481608601 0 0 0 0 0 0 0 0 0.08397429307 4.259416065 0 0 0 0 0 0 0 0 0 0 0 0 0 0 0 0 0 0 0 0 0 0 0 0 0 0 0 0 0 0 0 0 0 0 0 0 0 0 0 0 0 0 0 0 0 0 0 0 0 0 0 0 0 0 0 0 0.2561709322 0 0 0 0 0 0 0 0 0 0 0 0 0 0 0 0 0 0 0 0 0 5.438084593 0 0 0 0 0 0 0 0 0 0 0 0 0 0 0 0 0 0 0 0 0 0 0 0 0 0 0 0.4080736465 0 0 0 0 0 0 0 0 0 0 0 0 0 0 0 0 
0 0 0 0 0 0 0 0 0 0 0 0 0 0 0 0 0 0 0 0 0 0 0.06570753377 0 0 0 0 0 0 0 0 0 0 0 0 0 0 0 0 0.232034222 0 0 0 0.2219194885 0 0.7894870254 0 0 0 1.189438262 0 0 0 0 0.3561945925 0 0 0 0 0 0 0 0 0 0 0 0 0 0 0 0 0 0 0 1.927233249 0 0 0 0 0 0 0.5445070376 0 0 0 0 0 0 0 0 1.102054331 0 0 0 0 0 0 0 0 1.959698207 0 0 0 0 1.284325882 0 0 0 0 0 0 0 0 0 0 0 0 0 0 0 0 0 0 0 0 0 0 0 0 0 0 0 0 0 0 0 0 0 1.404705123 0 0 0 0 0 0 0 0 0 0 0 0 0 0 0 0 0 0 0 0 0 0 0 0 0 0 0 0 0 0 0 0 0 0 0 0 0 0 0 0 0 0 0 0 0 0 0 0 1.179375096 0.1279712756 0 0 0 0 0 0 0 0.3302455927 1.302144315 0 0 0 0 0 0 0 0 0 0 0 0 0 0 0.02458877213 0 0 0 0 0 1.059475589 0 0 0 0 0 0 0 0 0 0 0 0 0.78433471 0 0 0 0 0 0 1.167357776 0 0 0 0 0 0 0 0 0 0 0 2.179209514 0 0 0 0 0 
0 0 0 0 0 0 0 0 0 0 0 0 0 0 0 0 0 0 0 0 0 0 0 0 0 0 0 0 0 0 0 0 0 0 0 0 0 0 0 0 0 0 0 0 0 0 0 0 0 0 0 1.656496684 0 0 0 0 0 0 0 0 0 0 0 0 0 0 0 0 0 0 0 0.5584687281 0 0 0 0 0 9.864373847 0 0.03658745643 0 0 0 2.620180308 0 0 0 0 0 0 0 0 0 0 0 0 0 0 0 0 0 0 0 0 0 0 0 0.06069008478 0 0 0 0 0 0 0 0 0 0 0 0 0 1.069135717 0 0 0 0 0 0 0 0 0 0 0 0 0 0 0 0 0 0 0 0 0 0 0 0 0 0 0 0 0 0.01146681394 0 0 0 0 1.215792001 0 0 0 0 0 0 0 0 0 0 1.069524966 0 0 0 0 0 0 0 1.549104374 0 0 0 0 0 0 0 0 0 0.03468071188 0 0 0 0 0 0 1.622665896 0 0 0 0 0 0 0 0 0 0 0 1.099093405 0 0 0 0 0 0 0 0 0 0 0 0 0 0 0 0 0 0 0 0 0 0 0 0 0 0.4843902149 0 0 0 0 0 0 0 0 0 0 0 0 0 0 0 0 0 0 0 0 0 0 0 0 0 
0 0 0 0 0 0 0 0 0 1.427396648 0 0 0.1259578346 0 0 0 0 0 0 0 0 0 0 0 0 0 0 0 0 0 0 0 0 0 0 0 3.23539861e-06 0 0 0 0 0 0 0 0 0 0 0 0 0 0 0 0 0 0 0 0 0 0 0 0 0 0 0 0 0 0 0 0 0 0 0 0 0 0 0 0 0.2083254171 0 0 0 0 0 0 0 0 0 0 2.041443722 0 0 0 0 0 0 0 0 0 0 0 0.3842153262 0 0 0 0 0 0 0 0 0 0 0 0 0 0 0 0 0 0 0 0 0 0 0 0 0 0 0 0 0 0 0 0 0 0 0 0 0 0 0 0 0 0 0 0 0 0 0 0 0 5.307153428 0 6.760067807 1.334084326 0 2.242884727 0 0 0 0 0 0 0 0 0 0 0 0 0 0 0 0 0 0 0 0 0 0 0 0 0 0 0 0 0 0 0.0996914829 0 0 0 0 0 0 0 0 0.2760932494 0 0 0.5908128379 0 0 0 0 0 0 0 0 0 0 0.08380536221 0 1.327479094 0 1.445451504 0 0 0 0 0 0 0 0 0 0 0.8168789837 0 0 0.2735641493 0 0 0 0 0 0 0 0 0 0 0 0 0 0 0 0 0 0 0 0 0 0 0 0 0 0 0 0 
0 0 0 0 0 0.01379307769 0 0 0 0 0 0.06994712713 0 0 0 0 0 0 0.3301840897 0 0 0 0 0 0 0 0 0 0 0 0 0 0 0 0 0 0 0 0 0 0 0 0 0 0 0 0 0 0 0 0.1694344367 0 0 0 0 0 0 0 0 0 0 0 0 0 0 0 0 0 0 0 0 0 0 0 0 4.185481135 0 0 0 0 0 0 0 0 0 0 0.4292129255 0 0 0 0 0 0 0 0 0 0 0 0 0 0 0 0 0 0 0 0 0 0 0 0 0 0 0 0 1.102751828 0 0 0 0 0.03502457987 0 0 0 0 0 0 0 0 0 0 0 0 0 0 0 0 0 0 0 0 0 0 0 0 0 0 0 0 0 0 0 0 0 0 0 0 0 0 0 0 0 0 0 0 0 0 0 0 0.1875729876 0 0 0 7.699342451 0 0 0 0 0 0 0 0 0 0 0 0 0 0 0 0 0 0 0 0 0 0 0 0 0 0 0 0 0 0 0 0 0 0 0 0 0 0 0 0 0 0 0 0 0 0 0 0 0 0 0 0 0 0 0.1469593854 0 0 0 0 0 0 0 0 0 0 0 0.008206089095 0 0 0 0 0 0 0 0 0 0 0 0 0 0 0 
0.2706377077 0 0 0 0 0 0 0 0 0 0 0 0 0 0 0 0 0 0 0 0 0 0 0 0 0 0 0 0 0 0 0 0 0 0 0 0 0 0 0 0 0 0 0.9623877756 0 0 0 0 0 0 0 0 0 0 0 0 0 0 0 0 0 0 0 0 0 0 0 0 0 0 0 1.784509729 0 0 0 0 0 0 0 0 0 0 0 0 0 0 0 0 0 0 0 0 0 0 0 0 0 0 0 0 0 0 0 3.921321213 0 0 0 0 0 0 0 0 0 0.6963986082 0 4.144262886 0 0 0 0 0 0 0 0 0 0 0 0 0.2677888679 0 0 0 0 0 0 0 0.1636929575 0 0 0 0 0 0 0 0 0 0 0 0 0 0 0 0 0 0 0 0 1.105070238 0 0 0 0 0 0 0 0 0 0 0 0 0 0 0 0 0 0 0 0 0 0 0.06970089367 0 0 0 0 0 0 0 0 0 0 0 0 0 0 0 0 0 0 0 0 0 0 0 0 0 0 0 0 0 0 0 0 0 0 0 0 0 0 0 0 0 0 0 0 0 0.04368606032 0 0 0 0 0 0 0 0 0 1.411815207 0 0 0 0 0 0 0 0 0 0 0 0 0 0 0 0 0 0 0 
0 0 0 0 0 0 0 0 0.1069068867 0 0 0 0 0 0.2150075708 0 0 0 0 0 0 0 0.03413403608 0 0 0 0 0 0 0 0 0 0 0 0 0 0 0 0 0 0 0 0 0 0.0758299502 0 0 0 0 0 0.9980295516 0 0.06429379587 0 0 0 0 0 0 0 0 0 0 0 0 0 0 0 0 0 0 0 0 0 0 0 0.3049334019 0 0 0 0 0 0 0 0 0 0 0 0 0 0 0 0 7.703675044 0 0 0 0 0 0 0 0 0 0 0 0 0 0 0 0 0 0 0 0 0 0 0 0 0 0 0 0 0 0 0 0 0 0 0 0 0 0 0 3.18749064 0 0 0 0 0 0 0 0 0.6228971991 0 0 0 0 0 0 0 0 0 0 0 0 0 0 0 0 0 0 0 0 4.492614172 0 0 0 0 0 0 0 0 0 0 0 0 0 0 0 0 0 0 0 0 0 0 0 0 0 0 0 0 0 0 0 0 0 0 0.2581606184 0 0 0 0 0 0 0 0.6198462002 0 0 0 0 0 0 0 0 0 0 0 0 0 0 0 0 0 0 0 0 0.2936579474 0 0 0 0 0 0 0 0 0 0 0 0.02569609253 0 0 0 0.5115263251 0 0 0 0 0 0 0 0.3054337215 0 0 0 0 
0 0 0 0 0 0 0 0 0 0 0 0 0 0 0 0 0 0 0 0 0 0 0 0.1563333642 0 0.255863481 0 0 0 0 0 0 0 0 0 0 0 0 0.0001294005922 0 0 0 0 0 0 0 0 0 0 0 0 0 0 0 0 0 0 0 0 0 0 0 0.04891748223 0 0 0 0 0 0 0 0 0 0 0 0 0 0 0 0 0 0 0 0 0 0 0 0 0 0 0 0 0 0 0 0 0 0 0 0 0 0 0 0 0 0 0 0 0 0 6.095385094 0 0 0 0 0 0 0 0 0 0 0 0 0 0 0 0 0 0 0 0 0 0 0 0 0 0 0 0 0 0 0 0 0 0 0 0 0 0 0 0 0 0 0 0 0 0 0 0 0 0 0 0 0 0 0 1.26708213 0 0 0 0 0 0 0 0 0 0 0 0 0 0 0 0 0 0 0 0 0 0 0 0 0 0 0 0 0 0 0 0 0 0 0 0 0 0 0 0 0 0 0 0 0 0 0 0 0 0 0 0 0 0 0 0 0 0 0 0.0007061550093 0 0 0 0 0 0.1795988746 0 0 0 0 0 0 0 0 0 0 0 0 0.08042017071 0 0 0 0 0 0 0 0 0 0 0 
0 0 0 0 0 0 0 0 0 0 0 0 0 0 0 0 0 0 0.1152271625 0 0 0 0 0 0 0 0 0 0 0 0 0 0 0 0 0 0 0 0 0 0.3786110819 0 0.2644888598 0 0 0 0 0 0 0 0 0 0 0 0 0 0 1.375596616 0 0 0 0 0 0 0 0 0 0 0 0 0 0 0 0 0 0 0.04355979596 0 0 0 0 0 0 0 0 0 0 0 0 0 0 0 5.931705375 1.60432008 0 0 0 0 0 0 0 0 0 0 0 0 0 0 0 0 0 0 0 0 0 0.6009264775 0 7.148461913 0 0 0 0 0 0 0 0 0 0 0 0 0 0 0 0 0 0.6418283234 0.006027994422 0 0 0 0 0 0 0 0 0 0 0 0 0 0 0 0 0 0 0 0 0 0 0 0 0 0 0 0 0 0 0 0 0 0 0 0 0 0 0 0 0 0 0 0 0.4716045142 0 0 0 0 0 0 0 0 0 0 0 0 0 0 0 0 0 0 0 0 0 0 0 0 0 0 0 0 0 0 2.885122325 0 0 0 0 0 0 0 0 0 0 0 0 0 0 0 1.180966126 0 0 0 0 0 0 0 0 0 0 0 0 0 0 0 0 0 0 0 0 0 0 0 0 0 0 0 
0 0 0 0 0 0 0 0.05473405105 0 0 0 0 0 0 0 0 0 0 0 0 0 0 0.3121298448 0 0 0.02089579866 0 0 0 0 0 0 0 0 0 0 0 0 0 0 0 0 0 0 0 0 0 0 0 0 0 0 0 0 0 0 0 0 0 0 0 0 0 0 0 0 0 0 0 0 0 0 0 0 0 0 0 0 0 0 0 0 0 0 0 0 0 0 0 0 0 0 0 0 0 0 0 0 0 0 0 0 0 0 0 0 0 0 0 0 0 0 0 0 0 0 0 0 0 0 0 0 0 0 7.506759439 0 0 0 0 0 0 0 0 0 0 0 0 9.614401657 0 0 0 0.1223790038 0 0 0 0 0 0 0 1.365973246 0 0 0 0 0 0 0 0 0 0 0 0 0 1.705621941 0 0 0 0 0 0 0 0 0 0 0 0 0 0 0 0 0 0 0 0.3679494301 0 0 0 0 0 0 0 0 0 0 0 0 0 0 0 0 0 0 0 0 0 0 0 0 0 0 0 0 0 0 0.1216085408 0 0 0 0 0 0 0 0 0 0 0 0 0 0 0 0 0 0 0.9846004595 0 0 0 0 0 0 0 0 0 0 0 0 0 0 0 0 0 0 0 0 0 0 
0 0 0 0 0 0 0 0 0 0 0 0 0 0 1.056958943 0 0 0 0 0 0 0 0 0 0 0 0.4237645815 0 0 0.06218523276 0 0 0 0 0 0 0 0 0 0 0 0 0 0 0 0 0 0 0 0 0 0 0 0 0 0 0 0 0 0 0 0.4011158502 0 0 0 0 0 0 0 0 0 0 0 1.433273725 0 0 0 0 0 0 1.063512391 0 0 0 1.419505645 0 0 0 0 0 0 0 0 0 0 0 0 0 0 0 0 0.8777832463 0 0 0 0 0 0 0.1436526886 0 0 0 0 0 0 0 0 0 0.2541004337 0 0 0 0 0 0 0 0 0 0 0 0 0 0 0.002493510399 0 0 0 0 0 0 0 0 0 0 0.5973679412 0 0 0 0 0 0 0 0 0 0 0 0 0 0 0 0 0 0 0 0 0 0 0 0 0 0 0 0 0 0 2.13446307 0 0 0 0 0 0 0 0 0 0 0 0 0 0 0 0 0 0 0 0 0 0 0 0 0 0 0 0 0 0 0 0 4.391963583 0 0 0 0 0 0 0 0.06836548619 0 0 0 0 0 0 0 0 0 0 0 0.03876899541 0 0 0 0 0 0 0 0 0 0 0 0 0 0 0 0 0 0 0 0 0 0 0 0 0 0 0 
0 0 0 0 0 0.0133207246 0 0 0 0 0 0 0 0 0 0 0 0 0 0 0 0 0 0 0 0 0.2866620857 0 0 0 0 0 0 0 0 0 0 0 0 0 0 0 0 0 0 0 0 0 0 0 0 0 0 0 0 0 0 0 0 0 0 0 0.4236900411 0.01606936405 0 0 0 0.2073886031 0 0 0 0 0 0 0 0 0 0 0 0 0 0 0 0 0 0 0 0 0.1400473305 0 0 0 0 0 0 0 0 0 0 0 0 0 0 4.199635399 0 0 0 0 0 0 0 1.065467065 0 0 0 0 0 0 0 0 0 0 0 0 0 0 0 0 0 0 0 0 0 0 0 0 0 0 0 0 1.69052445 0 0 0 0 0 0 0 0.4969194292 0 0 0 0 0 0 0 0 0 0 0 0 0 0 0 0 0 0 0 0 0 0 0 0 0 1.015553472 0 0 0 0 0 0 0 0 0 0.962288861 0 0 0 0 0 0 0 0 0 0 0 0 0 0 0 0 0 0 0 0 0.4815467388 0 0 0 0 0 0 0 0 0 0 0 0 0 0 0 0 0 0 0 0 0 0 0 0 0 0.3943654713 0 0 0 0 0 0 0 0 0 0 0 0 0 0 0 0 0 0 0 0 0 0 0 0 
0.3012935614 0 0 0 0 0 0 0 0.2972500244 0 0 0 0 0 0 0 0 0 0 0 0 0 0 0 0 0 0 0 0.2592713347 0 0 0 0 0 0 0 0 0 0 0 0 0 0 0 0 0 0 0 0 0 0.02438579907 0 0 0 0 0 0 0 0 1.731862461 0 0 0 0 0 0 0 0 0 0 0 0 0 0 0 0 0 0 0 0 0 0 0 0 0.03385591743 0 0 4.220113338 0 0 0 0 0 0 0 0 2.095445394 0 0 0 0 0 0 0 0 0 0 0 0 0 0 0 0 0 0 0 8.336422709 0 0 0 0 0 0 0.2225916251 9.161501248 0 0 0 0 0 0 0 0 0 0 0 0 0 0 0 0 0 0 0 0 0.4909120183 0 0 0 0 0 0 0 0 0 0 0 0 0 0 0 0 0 0 0 0.02114059808 0.1079720767 0 0 0 0 0 0 0 0 0 0.004564320654 0 0 0 0 0 0 0 0 0 0 0 0 0 0 0.4665688966 0 0 0 0 0 0 0 0 0 0 0 0 0 0 0.07271195921 0 0 0 0 0 0 0.2690809985 0 0 0 0 0 0 0 0 0 0 0 0 0 0 0 0 0 0 0 0 0 0 0 0 0 0 0 0 0 0 0 0 0 0 0 0 0.139720823 0 0 0 0 0 
0 0 0 0 0 0 0 0 0 0 0 0 0 0 0 0 0 0 0 0.167844416 0.2391374625 0 0 0 0 0 0 0 0 0 0 0 0 0 0 0 0 0 0 0 0 0 0 0 0.2812535604 0 0 0 0 0 0 0 0 0 0 0 0 0 0 0 0 0 0 0 0 0 0 0 7.880499173 0 0 0.01878251053 0 0 0 0 0 0 0 0.1100482362 0 0 0.5533335956 0 0 0 0 0 0 0 0 0 0 0 0 0 0 0 0.0001862340821 0 0 0 0 0 0 9.819014984 0 0 0 0 0 0 0 0 0 0 0 0 0 0 0 0 0 0 0 0 0 0 0 0 0 0 0 0 0 1.224767844 0 0 0 0 0 0 0 0 0 0 0 0 0 0.2554710157 0 0 0 0 0 0 0 0.415173236 0 0 0 0 0 0 0 0 0 0 0 0 0 0.1656014896 0 0 0 0 0 0 0 0 0 0 0 0 0 0 0 0 0 0 0 0 0 0 0 0 0 0 0 0 0 0 0 0 0.04474267524 0 0 0 0 0 0 0 0 0 0 0 0 0 0 0 0 0 0 0 0 0 0 0 0 0 0 0 0 0 0 0 0 0 0 0 0.2115372622 0 0 0 0 0 0 1.084615323 0 0 0 0 0 0 0.002089255608 0 
0 0 0 0 0 0 0 0 0.2200688515 0 0 0 0 0 0 0 0 0 0 0 0 0 0 0 0.8229945993 0 0 0 0 0 0.03258976328 0.3355952356 0 0 0 0 0 0 0.2544690737 0 0 0 0 0 0 0 0.00351098235 0 0 0 0 0 0 0 0 0 0 0 0 0 0 0 0 0 0 0 0 0 0 0 0 0 0 0 0 0 0 0 0 0 0 0 0 0 0 0 0 0 8.530142208 0 0 0 0 0 0 0 0 5.776273575 0 0 0 0 0 0 0 0 0 0 0 0 0 0 0 0 0 0 0 0 0 0 0 0 0 0 0 0 0 0 0 0 0 0 0 0 0 0 0 0 0.2561662711 0 0 0 0 0 0 0 1.557643297 0.001721360934 0 0 0 0 0 0 0 0 0 0.459166685 0 0 0 0 0 0 0 0 0 0 0 0 0 0 0 0 0 0 0 0 0 0 0 0 0 0 0 0 0 0 0 0 0 0 0 0 0 0 0 0 0 0.1126392404 0 0 0 0 0 0 0 0 0 0 0 0 0 0 0 0.1210221368 0 0 0 0 0 0 0 0 0 0 0 0 0 0 0 0 0 0 0 0 0 0 0 0 0 0 0 0 0 0 0 0 0 0 0 0 0.08634736114 0 0 0 
0 0 0 0 0 0 0 0.1125959092 0 0 0 0 0 0 0 0 0 0 0 0 0 0 1.244620884 0 0 0.2356102249 0 0 0 0 0 0.0937670423 0 0 0.3647566332 0 0 0 0 0 0 0.2534933293 0 0 0 0 0.1019164066 0 0 0 0 0 0 0 0 0 0 0 0 0 0 0 0 0 0.02358019295 0 0 0 0 0 0 0 0 0 0 0 0 0 0 0 0 0 0 0 0 0 0 0 0 0 0 0 0 0 0 0 0.04907712155 0 0 0 0 0 0 0 0 0 0 0 0 0 0 0 0 0 0 0 6.690840811 0 0 0.4982938039 0 0 0 0 0 0 0 0.10912557 0 0 0 0 0 0 0 0 0 0 0 0 0 0 0 0 0 0 0 0 1.759164053 0 0 0 0 0 0 1.525976729 0 0 0 0 0 0 0 0 0 0 0 0 0 1.431617863 0 0 0 0.09281937597 0 0 0 0 0 0 0 0 0 0 0 0 0 0 0 0 0 0 0 0 0 0 0 0 0 0 0 0 0 0 0 0 0 0 0 0 0 0 0 0 0 0 0 0 0 0 0 0 0 0 0 0 0 0 0 0 0 0 0 0 0 0.6747860617 0 0 0 0 0 0 0 0 0 0 0 0 0 0 0 0 0.01562940839 0 0 0 
0 0 0.1882941367 0 0 0 0 0 0 0 0 0 0 0 0 0 0 0.2980265247 0 0 0 0 0 0 0 0 0 0 0 0 0 0 0 0.4677858279 0 0 0 0 0 0 0 0 0 0 0 0 0 0 0 0 0 0 0 0 0 0 0 0 0 0 0 0 0 0 0 0 0 0 0 0 0 0 0 0 0 0 0 0 0 0 0 0 0 0 7.744813538 0.7231148697 0 0 0 0 0 0 0 0 0.3345367726 0 0 0 0 0 0 0.7847439604 0 0.5126981835 0 0 0 0 0 0 0 0 0.0147656891 0 0 0 0 0 0 0 0 0 0 0 0 0 0 0 0 0 0 0 0 0 0 0 0 0 0 0 0 0 0 0 0 0 0 0 0 0 0 0 0 0 0 0 0 0 0 0 0 0 0 0 0 0 0 0 0 0 0 0 0.540251288 0 0 0 0 0 0 0 0 0 0 0.1564559189 0 0 0 0 0 0 0 0 0 0 0 0 0 0 0 0 0 0 0 0 0 0 0 0 0.1737600237 0 0 0 0 0 0 0 0 0 0 0 0 0 0 0 0 0.08954302409 0 0 0 0 0 0 0 0 0 0 0 0 0 0 0 0 0 0 0 0 0 0 0 0 0 0 0 0.2449494419 0 0 
0 0 0 0 0 0 0 0 0 0 0 0 0 0 0 0 0 0 0 0 0 0 0 0 0 0 0 0 0.4585008468 0 0 0 0 0 0 1.603802182 0 0 0 0 0.9021057918 0 0 0 0 0 0 0 0 0 0 0 0 0 0 0 0 0 0 0 0 0 0 0 0 0 0 0 0 0 0 0 0 0 0 0 0 0 0 0 0 0 0 0 0 0 0 0 0 0 0 0 0 0 0 0 0 0 0 1.688525575 0 0 0 0 0 0 0 0 0 0.7296453159 0 0 0 0 0 0 0 0 0 0 0 0 0 0 1.880418896 0.001530226248 0 0 0 0 5.448669347 0 0 0 0 0 0 0 0 0 0 0 0 0 0 0 0 0 0 0 0 0 0 0 0 0 0 0 0 0 0 0 0 0 6.771808799 0 0 0 0 0 0 0 0 7.298977269 0 0.2830049162 0 0 0 0 0 0 0 0 0 0 0 0 0 0 0 0 0 0 0 0 0 0 0 0 0 0 0 0 0 0 0 0 0 0 0 0 0 0 0 0 0 0 0 0 0 0 0 0 0 0 0 0 0 0 0 0 0 0 0 0 0 0 0 0 0 0 0 0 0 0 0 0 0 0 0 0 0 0 0 0 
0 0 0 0 0 0 0 0 0.01158147775 0 0 0 0 0 0 0 0 0 0 0 0 0 0 0 0 0 0 0 0 0 0 0 0 0 0 0 0 0 0 0 0 0.02835039909 0 0.3074296795 0 0 0 0 0 0 0 0 0 0 0 0.2732909044 0 0 0 0 0 0 0 0 0 0 0 0 0 0 0 0 0 0 0 0 0 0 0 0 0 0 0 0 0 0 0 0 0 0 0 0 0 0 0 0 0 0.1238104663 0 0 0 0 0 0 0 0 0 0 0 0 0 0 0 0 0 0 0 0 0 0 0 0 0 0 0 0 0 0 0 0 0 0 0 0 0 0 0 0 0.07603033058 0.8591647345 0 0 0 0 0 0 0 0 0 0 0 0 0 0.01070338638 0 0 0 0 0 0.003771847134 0 0 0 0 0 0 0 0 0 1.800410221 0.430433341 0 0 0 0 0 0 0 0.04698860741 0 0 0 0 0 0 0 0 0 0 0 0 0 0.295006547 0 0 0 0 0 0 0 0 0 0 0 0 0 0 0 0 0.5076282897 0 0 0 0 0 0 0 0 0 0 0 0 0 0 0 0 0 0 0 0 0 0 0 0 0 0 0.3315509764 0 0 0 0 0 0 0 0 0 0 0.1889147537 0 0 0 0 0.1468873305 0 0 0 
0 0 0 0 0 0 0 0 0 0 0 0 0 0 0 0 0 0 0 0 0 0 0 0 0 0 0 0 0 0 0 0 0 0 0 0 0 0 0.03636955073 0 0 0 0 0 0 0 0 0 0 0 0 0 0 0 0 0 0 0 0 0 0 0 0 0 0 0 0 0 0 0 0 0 0 0 0 0 0 0 0 0 0.2155410362 0 0 0 0 0.02399084233 0 0 0 0 0 0 0 0 0 0 0 0 0 0 0 0 0 3.61162733 0 0 0 0 0 0 0 0 0 0 0 0 0 0 0 0 0 0 0 0 0 0 0 0 0 0 0 0 0 0 0 0 0 0 0 0.2502118197 0 0 0 0 0 0 0 0 0 0 0 0 0 0 0 0 0 0 0 0 0 0 0 0 0 0 0 0 0 0 0 0 0 0 0 0 0 0 0 0 0.0250602591 0 0 0 0 0 0 0 0 0 0 0 0 0 0.1105918009 0 0 0 0 0 0 0 0 0 0 0 0 0.01543230186 0 0 0 0 0 0 0 0 0.3801625984 0 0 0 0 0 0 1.352454565 0 0 0 0 0 0 0 0 0 0 0 0 0 0 0 0 0 0 0 0 0 0 0 0 0 0 0 0 0 0.03032838332 0 0 
0 0 0 0 0 0 0 0 0 0 0 0 0 0 0 0 0 0 0 0 0 0 0 0 0 0 0 0 0 0 0 0 0 0 0 0 0 0.2916033842 0 0 0 0.04615600598 0 0 0 0 0 0 0 0 0 0 0 0.0005485054523 0 0 0 0 0 0 0 0 0 0 0 0 0 0 0 0 0 0 0 0 0 0 0 0 0 0.07294884685 0 0 0 0 0 0 0 0 0 0 0 0 0 0 0 0 0 0 0 0.3182521383 0 0 0 0.1440807373 0 0 0 0 0 0 0 0 0 0 0 0 0 0 0 0 0 0 2.139838282 0 0 0 0 0 0 0 0 0 0 0 0 0 0 0 0 0 0 0 0 0 0 0 0 0 0 0 0 0 0 0 0 0 0 0 0 0 0 0 0 0 0 0 0 0.06710812312 0 0.06775446296 0 0 0 0 0 0 0 0 0 0.1322359948 0 0 0 0 0 0 0 0 0 0 0 0 0 0 0 0 0 0 0 0 0 0 0 0 0 0 0 0 0 0 0 0 0 0 0 0 0 0 0 0 0 0 0 0 0 0 0 0 0 0 0 0.9575383365 0 0 0 0 0 0 0 0 0 0 0 0 0 0 0 0 0 0 0 0 0 0 0 0 
0 0 0 0 0 0 0 0 0 0 0 0 0 0 0 0 0 0 0 0 0 0 0 0 0 0 0 0 0 0 0 0 0 0 0 0 0 0 0 0 0 0 0 0 0 0 0 0 0 0 0 0 0 0 0 0 0 0 0 0 0 0 0 0 0 0 0 0 0 0.2013820771 0 0.4845404812 0 0 0 0 0.4789649326 0 0 0 0 0 0 0 0 0 0 0 0 0 0 0 0 0 0 0 0 0 0 0 0 0.9448538338 0 0 0 0 0 0 0 0 0 0 0 0 0 0 0 0 0 0 0 0 0 0 0 0 0.8364060288 0 0 0 0 0 0 0 0 0 0 0 0 0 0 0 0 0 0 0 0 0 0 0 0 5.293943522 0 0 0 0 0 0 0 0 0 0 0 0 0 0 0 0 0 0 0 0 0 0 0 0 0 0 0 0 0 0 0 0 0 0 0 0.9497088031 0 0 0 0.2744189118 0 0 0.002317039213 0 0 0.1629487292 0 0 0 0 0.1698896904 0 0 0 0 0 0 0 0 0 0 0 0.1142957594 0 0 0 0 0 0 0 0 0 0 0 0 0 0 0 0 0 0 0 0 0 0 0 0 0 0 0 0 0 0 0 0 0 0 0 0.1823675884 0 0 0 0 0 
0 0 0 0 0 0 0 0 0 0 0 0 0 0 0 0 0 0 0 0 0.06932281728 0 0 0.4574193069 0 0 0 0 0 0 0 0.1619552511 0 0 0 0 0 0 0 0 0 0 0 0 0 0 0 0 0 0 0 0 0.08274776622 0 0 0 0 0 0 0 0 0 0 0 0 0 0 0 0 0 0 0 0 0 0 0 0 0 0 0 0 0 0 0 0 0 0 0 0 0 0 0 0 0 0 0 0 0 0 0 0 0 0 0 0 0 0 0 4.374554647 0 0 0 0 0 0 0 0 0 0 0 0 0.4494335927 0 0 0 0 0.7341035629 8.564609084 0 0 0 0 0 0 0 0 0 0 0 0 0 0 0 0 0 0 0 0 0 0 0 0 0 0 0 0 0 0 0 0 0 0 0.4928219831 0 0 0 0 0 0.08508590429 0 0 0 0 0 0 0 0 0 0 0 0 1.322466509 0 0 0 0 0 0 0 0 0 0 0 0 0 0 0 0 1.157532702 0 0 0 0 0 0 0 0 0 0 0 0 0 0 0 0 0 0 0 0 0 0 0 0 0 0 0 0 0 1.437778015 0 0 0 0 0 0 0 0 0 0 0 0 0 0 0 0 0 0 0 0 0 0 0 0 0 0 0 
0 0 0 0 0 0 0 0 0 0 0 0 0 0 0 0 0 0 0 0 0 0 0 0 0 0 0 0 0.009654639689 0 0.333102235 0 0 0 0 0 0 0 0 0 0 0 0 0 0 0 0 0 0.1234537567 0 0 0 0 0 0.3182004576 0 0 0 0 0 0 0 0 0 0 0 0.08390939307 0 0 0 0 0.2775826769 0 0.1735193469 0 0 0 0 0 0 0 0 0 0 0 0 0 0 0 0 0 0 1.170071471 0 0 0 0 0 0 0 0 0 0 0 0 0 0 0 0 0 0 0 0 0 0 0 0 0 0 0 0 0 0 0 0 0 0 0 0 0 0 0 0 0 0 0 0 0 0 0 0 0 0 0 0 1.078605815 0 0 0 1.12726895 0 0 0 0 0 0 0 0 0 0 0 0 0 0 0 0 0 0 0 0 0 0 0 0 0 0 0 0 0 0 0 0 0 0 0 0 0 0 0 0 0 0 0 0 0 0 0 0 0 0 0 0 0 0 0 0 0 0 0 0 0 0 0 0 0 0 0 0 0 0 0 0 0 0 0 0 0 0 0 0 0 0 0 0 0 0 0 0 0 0 0 0 0 0 0 0 0 0 0 0 0 0 0 0 0 0 
0 0 0 0 0 0 0 0 0 0 0 0 0 0 0 0 0.1539190448 0 0 0 0 0 0 0 0 0 0 0 0 0 0 0 0 0 0 0 0 0 0 0 0 0 0 0 0 0 0 0 0 0 0 0 0 0 0 0 0 0 0.5200399328 0 0 0 0 0 0 0 0.09934344976 0 0 0 0 0 0 0 0 0 0 0 1.252515254 0 0 0 0 0 0 0 0 0 0 0 0 0 0 0 0 0 0 0 0 0 0 0 0 0 0 2.403694828 0 0 0 0 0 0 0 0 0 0 0 0 0 1.03307153 0 0 0 0 0 0 0 0 0 0 0 0 0 0 0 0 0 0 0 0 0 0 0 0 0 0 0 0 0 0 0.1053966049 0 0.007495881776 0 0.5668701524 0 0 0 0 0 0 0 6.163693094 0 0 0 0 0 0 0 0 0 0 0 0 0 0 0 0 0 0.06429946519 0 0 0 0 0 0 0 0 0.09519524277 0 0 0 0 0 0 0 0 0 0 0.05726246755 0 0 0.02302804223 0 0 0 0 0 0 0 0 0 0 0 0 0 0.4826233991 0 0 0 0 0 0 0 0 0 0 0 0 1.085779486 0 0 0.3312690355 0 0 0 0 0 0 0 0 0 0 0 0 0 0 0 0 0 0 0 0.06724249066 0 0 
0 0 0 0 0.4635133179 0 0 0 0 0 0 0 0 0 0 0 0 0 0 0 0 0 0 0 0 0 0 0 0 0 0 0 0 0 0 0 0 0 0 0 0 0 0 0 0 0 0 0 0 0 0 0 0 0 0 0 0 0.4885480752 0 0 0 0 0 0 0 0 0 0 0 0 0 0 0 0 0 0 0.04004152516 0 0 0 0 0 0 0 0 0 0 0 0 0 0 0 0 0 0 0 0 0 0 0 0 0 0 0 0 0 0 0 0 0 0 0 0 0 0 0 0 0 0 0 0 0 0 0 0 0 0 0 1.548406342 0 0 0 0 0 0 0 0 0 0 0 0 0 0 0 0 0 0 0 0 0 0 0 0 0 0 0 0 0.6685713683 0 0 0 0 0 0 0 0 0 0 0 0 0 0 0 0 0 0.5070129068 0 0 0 0 0 0 0 0 0 0 0.002487010391 0 0 0 0 0 0.0263025239 0 0 0 0 0 0 0 0 0.03314622773 0 0 0 0 0 0 0.04422048768 0 0 0 0 0 0 0 0 0 0 0 0 0 0 0 0 0 0 0 0 0 0 0 0 0 0 0 0 0.02580601917 0 0 0 0 0 0 0 0 0.474589832 0 0 0 0 0 0 0 0 0 
0 0 0 0 0 0 0 0 0 0.02887582405 0 0 0 0 0 0 0 0 0.01033166913 0 0 0 0 0 0 0.1697771383 0 0.1823332363 0 0 0 0 0 0 0 0 0 0 0 0 0 0 0 0 0 0 0 0 0 0.7639059793 0 0 0 0 0 0 0 0 0 0 0 0 0 0 0 0 0 0 0 0 0 0 0 0 0 0 0 0 0 0 0 0 0 0 0 0 0 0 0 0 0 0 0 0 0 0 0 0 0 0 0 0 0 0 0 0 0 0 0 0 1.47943835 0 0 0 0 0 0 0 0 0.9169801526 0 0 0 0 0.1868370762 0 0 0 0 0 0 0 0 0 0 0 0 0 0 0 0 0 0 0 0 0 0 0 0 0 0 4.610812756 0 0 0 0 0 0 0 0 0 0 0 0 0 0 0 0 0 0 0 0 0 0 0 0 0.04804476556 0 0 0 0.03975465381 0 0 0 0 0 0 0 0 0 0 0 0 0 0 0 0 0 0 0 0 0 0 0 0 0 0 0 0 0 0 0 0 0 0 0 0 0 0 0 1.602992327 0 0 0 0 0 0 0 0 0 0 0 0 0 0 0 0 0 0 0 0 0 0 0 0 0 0 0 1.194168312 0 0 0 0 0 0 0 
0 0 0 0 0 0 0.0134833039 0 0 0 0 0 0 0.01924942209 0 0 0.09398675132 0 0 0 0.03718091967 0 0 0.04744598968 0 0 0 0 0 0 0 0 0 0 0 0 0 0 0 0 0 0 0 0 0 0.1498632634 0 0 0 0 0 0 0 0 0 0 0 0 0 0 0 0 0 0 0 0 0 0 0 0 0 0 0 0 0 0 0 0 0 0 0 0 0 0 0 0 0 0 0 0 0 0.07772498264 0 0 0 0 0 0.1214184784 0 0 0 0 0 0 0 0 0 0 0 0 0 0 0 0 0 0 0 0 0 0 0 0 0 0 0 0 0 0 0 0 0 0 0 0 0 0 0 0 0 3.410296934 0 0 0 0.2103238844 0 0 0 0 0 0 0 0 0 0.1232151024 0 0 0 0.9793919842 0 0 0 0 0 0 0 0 0 0 0 0 0 0 0 0 0 0 0 0 0 0 0 0 0 0 0 0 0 0 0 0 0 0 0 0 0 0 0 0 0 0 0 0 0.3011446542 0 0 0 0 0 0 0.3268955548 0 0 0 0 0 0 0 0 0 0 0 0 0 0 0 0 0 0 0.0831386829 0 0 0 0 0 0 0 0 0 0 0 0 0 0 0 0 0 0 0 0 0 0 0.04722308338 0 0 1.531013699 0 
0 0 0 0 0 0 0 0 0.001738174891 0 0 0 0 0 0 0 0 0 0 0 0 0 0.1299139183 0 0 0 0 0 0 0 0 0 0 0 0 0 0 0 0 0 0 0 0 0 0 0 0 0 0 0 0 0 0 0 0 0.02668279876 0 0 0 0 0 0 0 0 0 0 0 0 0 0 0 0 0 0 0 0 0 0 0 0 0 0 0 0 0 0 0 0 0 0 0 0 0 0 0 0.2743970189 0 0 0 0 0 0 0 0 0 0 0 0 0 0 0 0 0 0.1522120697 0 0 0 0 0 0 0 0 0 0 0 0 0 0 0 0 0 0 0 0 0 0 0 0.007214769116 0 0 0 0 0.4016644079 0 0 0 0 0 0 0 0 0.07013717766 0 0 0 0 0 0 0 0 0 0 0 0 0 0 0 0 0 0 0 0 0 0 0 0 0 0 0 0 0 0 0 0 0 0 0 0 0 0 0 0.01153163044 0 0 0 0 0 0 0 0 0 0 0 0 0 0 0 0 0 0 0 0 0 0 0 0 0 0 0 0 0 0 0 0 0 0.1360147411 0 0 0 0 0 0 0 0 0 0 0.3002571382 0 0.001030264351 1.536495005 0 0 0 0 0 0 0 0 0 0 0 0 0 0 0 0 
0 0 0 0 0 0 0 0 0 0 0 0.4117009128 0 0 0 0 0.0734715776 0 0 0 0 0 0 0 0 0 0 0 0 0 0 0 0 0 0 0 0 0 0 0 0 0 0 0 0 0 0 0 0 0 0 0 0 0 0 0 0.005196795595 0 0 0 0 0 0 0 0 0 0 0 0 0.001683328291 0 0 0 0 0 0 0 0 0 0 0 0 0 0 0 0 0 0 0 0 0 0 0 0 0.2314080774 0 0 0 0 0 0 0 0 0 0 0.9656117456 0 0 0 0 0 0 0 0 0 0 0 1.62696391 0 0 0.04000461615 0 0 0 0 0 0 0 0 0 0 0 0 0 0 0 0 0 0 0 0 0 0 0 0 0 0 0 0.3617055437 0 0 0 0 0 0 0 0 0 0 0 0 0 0 0 0 0 0 0 0 0 0 0 0 0 0 0 0 0 0 0 0 0 0 0.1000254171 0 0 0 0 0 0 0 0 0 0 0 0 0 0 1.277864259 0 0 0 0 0 0 0 0 0 0 0 0 0 0 0 0 0 0 0 0 0 0 0 0.8086404654 0 0 0 0.2889005498 0 0.2637144246 0 0 0 0 0 0 0 0 0 0 0.6034781587 0 0 0.09596068511 0 0 0 0 0 0 0 0 0 0 0 0 0 
0 0 0 0 0 0 0 0 0 0 0 0 0 0 0 0 0 0 0 0 0 0.0008233495241 0 0 0 0 0 0 0 0 0 0 0 0 0 0 0.8050155325 0 0 0 0 0 0 0 0.4432465246 0 0 0 0 0 0 0 0 0 0 0 0 0 0 1.602168619 0 0 0 0.03594913728 0 0 0 0 0 0 0 0 0 0 0 0 0 0 0 0 0 0 0.1371310377 0 0 0 0 0 0 0 0 0 0 0 0 0 0 0 0 0 0 0 0 0 0 0 0 0 0 0 0 0 0 0 0 0 0 0 0 0 0 0 0 0 0 0 0 0 0 0 0 0.3402141611 0 0 0 0 0 0 0 0 0 0 0 0 0 0 0 0.01912105024 0 0 0 0 0 0 0 0 0 0 0 0 0 0 0 0 0 0 0 0 0 0 0 0 0 0 0 0 0 0 0.2593835753 0 0 0 0 0 0.3890117672 0 0 0 0 0 0 0.7490377454 0 0 0 0 0 0 0 0.002072694677 0 0 0 0 0 0 0 0 0 0 0 0 0 0 0 0 0 0 0 0.3244755182 0 0 0 0 0 0 0.008025381679 0 0.2822037969 0 0 0 0 0 0 0 0 0 0 0 0 0 0 0 0 0 0 0 0 0 0 0 0 0 0 0 
0 0 0 0.01204127733 0 0 0 0 0 0 0 0 0 0 0 0 0 0 0 0 0 0 0 0 0 0 0 0 0 0 0 0.002056276502 0 0.2070847149 0.4681208981 0 0 0 0 0.4604838875 0 0 0 0 0.009559910688 0 0 0 0 1.602856565 0 0 0 0 0 0.2475932951 0 0 0 0 0 0 0 0 0 0 0 0 0 0 0 0 0 0 0 0 0 0 0 0 0 0 0 0 0 0 0 0 0 0 0 0 0 0 0 0 0 0 0 0 0 0 0 0 0 0.5352864362 0 0 0 0 0 0 0 0 0 0 0 0 0 0 0 0 0 0.04484500597 0 0 0 0 0 0 0 0.5042744296 0 0 0 0 0 0 0 0 0 0.2030899304 0 0 0 0 0 0 0 0 0 0 0 0 0 0 0 0 0 0 0 0 0 0 0 0 0 0 0 0 0 0 1.041444775 0 0 0 0 0 0 0 0 0 0 0 0 0 0 0 0 0 0 0 0 0 0 0 0 0 0 0 0 0 0 0 0 0 0 0 0 0 0 0 0 0 0 0 0 0 0 1.163958504 0 0 0 0 0 0 0 0 0 0 0 0 0 0 0 0 0 0 0 0.2317795282 0 0 0 0 0.06325602927 0 0 0 0 0 0 0 0 0 0 0 
0 0.02433128103 0 0 0 0 0 0 0 0 0 0 0 0 0 0 0 0 0 0.001316168731 0 0 0 0 0 0 0.8994323371 0 0 0 0 0 0 0 0 0 0 0 0 0 1.105199551 0 0 0 0 0 0 0 0 0 0 0 0 0 0 0 0 0 0 0 0 0 0 0 0 0.1226681962 0 0 0 0 0 0 0.7436583512 0 0 0 0 0 0 0 0 0 0 0 0 0 0 0 0 0 0 0 0 0 0 0 0 0 0 0 0 0 0 0 0 0 0 0 0 0 0 0 0 0.1646548595 0.2210001335 0 0 0 0 0 0 0 0 0 0 0 0 0 0 0 0 0 0 0 0 0 0 0 0 0.2424516735 0 0 0 0 0 0 0 0 0 0 0 0 0 0 0 0 0 0 0 0 0 0 0 0.8653772637 0 0 0 0 0 0.2530960929 0 0 0 0 0 0 0 0 0 0 0 0 0 0 0 0 0 0 0 0 0 0 0 0 0 0.06091959023 0 0 0 0 0 0 0 0 0 0 0 0 0 0 0 0.7279308925 0.09905020424 0 0 0 0 0 0 0 0 0 0 0 0 0 0 0 0 0 0 0.3103736728 0 0 0 0 0 0 0 0 0 0 0 0 0 0 0 0.04801483381 0 0 0 0 0 0 0 0 
0 0 0 0 0 0 0 0 0 0 0 0 0.153248796 0 0 0 0 0 0 0 0 0 0 0 0 0 0 0 0 0 0 0 0 0 0 0 0 0 0 0 0 0 0 0 0.02091582229 0 0 0 0 0 0 0 0 0 0 0 0 0 0 0 0 0 0 0 0 0 0 0 0 0 0 0 0.05360796937 0 0 0.3645955921 0 0 0.00664764211 0 0 0 0 0 0 0 0 0 0 0 0 0 0 0 0 0 0 0 0 0 0 0 0 0 0 0 0 0.1712324094 0 0 0 0 0 0 0 0 0 0 0 0 0 0 0 0 0 0 0 0 0 0 0 0 0 0 0 0 0 0 0 0 0 0 0 0 0 0 0 0 0 0 0 0 0 0 0 0 0 0 0.09030111979 0 0 0 0 0 0 0 0.2726253651 0 0 0 0 0 0 0 0 0 0.3203387561 0 0 0 0 0 0 0 0 0 0 0 0 0 0.4462198989 0 0 0 0 0 0 0 0 0 0 0 0 0 0 0 0 0 0 0 0 0 0 0 0 1.089065243 0 0 0 0 0 0 0 0 0 0 0 0 0 0 0 0 0 0 0 0 0 0 0 0 0 0 0 0 0 0 0 0 0 0 0 0 0 0 0 0 
0 0 0.01211867708 0 0 0.0002385161734 0 0 0 0 0 0 0 0 0 0 0 0 0 0 0 0.952003266 0 0 0 0 0 0 0 0 0 0 0 0 0 0 0 0 0 0 0 0 0 0 0 0 0 0.00043945589 0 0 0.1489039129 0 0 0 0 0 0 0 0 0 0 0 0 0 0 0 0 0 0 0 0 0 0 0 0 0 0 0 0 0 0 0 0 0 0 0 0 0 0 0 0 0 0 0 0.2293554236 0 0 0 0 0 0 0 0 0 0.1280975422 0 0 0 0 0 0 0 0 0 0 0 0 0 0.3550342964 0 0 0 0 0 0 0 0 0 0 0 0 0 0 0 0 0 0 0 0 0.06087137679 0 0 0 0 0 4.946505913 0 0 0 0 0 0 0 0 0 0 0 0 0 0 0 0 0 0 0 0 0 0 1.131587717 0 0.4172833904 0 0.5303913021 0 0 0 0 0 0 0 0 0 0.1443914324 0 0 0 0 0 0 0 0 0 0 0 0 0 0 0 0 0 0 0 0 0 0 0.2633140272 0 0 0 0 0 0 0 0 0 0 0 0 0 0 0 0 0 0 0 0 0 0 0.02689080248 0 0 0.192631773 0 0 0 0 0 0 0 0 0 0 0.08210684367 0 0 0 0 0 0 0 0 0 0 0 0 0 
0 0 0 0 0 0 0 0 0 0 0 0 0 0 0 0.3371742338 0 0 0 0 0 0 0 0 0 0 0 0 0 0 0 0 0 0 0 0 0 0 0 0 0 0 0 0 0 0 0 0 0 0 0 0 0 0 0 0 0 0 0 0 0 0 0 0 0 0 0 0 0 0 0 0 0 0 0 0 0 0 0 0 0 0 0 0 0 0 0 0 0 0 0 0 0.4023899846 0 0 0 0 0 0 0 0 0 0 0.4397120094 0 0 0 0 0 0 0 0 0 0 0 0 0 0 0 0 0 0 0 0 0 0 0 0 0 0 0 0 0 0 0 0 1.637265255 0.4001061617 0 0 0 0 0 0 0 0 0 0 0 0 1.498826896 0 0 0 0 0 0 0 0 0 0 0 0 0 0 0 0 0 0 0 0 0 0.006659900042 0 0 0 0 0 0 0 0 0 0 0 0 0 0 0 0 0 0 0 0 0 0.01399373577 0 0 0 0 0 0 0 0 0 0 0 0 0 0 0 0 0 0 0.04285737778 0 0 0 0 0 0 0 0 0 0 0 0 0 0 0 0 0 0 0 0 0 0 0 0 0.005798939059 0 0 0 0 0 0 0 0 0 0.003237093771 0 0 0 0 0 0 0 
0 0 0 0 0 0 0 0 0 0 0 0 0 0 0 0 0 0 0 0 0 0 0 0 0 0 0 0 0 0 0 0 0 0 0 0 0.9629428615 0 0.9746742826 0 0 0 0 0 0 0 0 0 0 0 0.3940426309 0 0 0 0.0357973875 0 0 0 0 0 0 0 0 0 0 0 0 0 0 0 0 0 0 0.3040693424 0 0 0 0 0 0 0 0 0 0.3674723612 0 0 0 0 1.511523285 0 0 0 0 0.1376296947 0 0 0 0 0.4212747725 0 0 0 0 0 0 0 0 0 0 0 0 0 0 0 0 0 0 0 0 0 0 0 0 0 0 0 0 0 0 0 0 0 0.03914855255 0 0.7197064219 0 0 0 0 0 0.2293235419 0 0 0 0 0 0 0 0 0 0 0 0 0.3715771057 0 0 0 0 0 0 0 0 0 0 0 0 0 0 0 0 0 0 0 0 0 0 0 0 0 0 0 0 0 0 0 0 0 0 0 0 0 0.7568439784 0.1590705215 0 0 0 0 0 0 0 0 0 0 0 0 0 0 0 0 0 0 0 0 0 0 0 0 0 0 0 0 0 0 0 0 0 0 0 0 0 0 0 0 0 0 0 0 0 0 0 0 0 0 0.1443875356 0 0 0 0 0 0 0 0 0 0 0 0.002516166477 
0 0.002704545516 0 0 0 0 0 0 0 0 0 0 0 0 0 0 0 0 0 0 0 0 0 0 0 0 0.00219528776 0 0 0 0 0 0 0 0.03858286023 0 0 0 0 0 0 0 0 0 0 0 0 0 0 0 0 0 0 0 0 0 0 0 0 0 0 0 0 0 0 0 0 0 0 0 0 0 0 0 0 0 0 0 0 0 0 0 0 0 0 0 0 0 0 0 0 0.3714280327 0 0 0 0 0 0 0 0 0 0 0 0 0 0 0 0 0 0 0 0 0 0 0 0 0 0 0 0 1.327968015 0 0 0 0.2912589527 0 0 0 0 0 0 0 0 0 0 0 0 0 0 0 0 0 0 0 0 0 0 0 0 0 0 0 1.15535402 0 0 0 0 0 0 0 0 0 0 0.2820658965 0 0 0.001236092571 0 0 0 0 0 0 0.06657297424 0 0 0 0 0.344922201 0 0 0 0 0 0 0 0.07502861084 0 0 0 0 0.110847505 0 0 0 0 0 0.1158247296 0 0 0 0 0 0 0 0 0 0 0 0 0 0 0 0 0 0 0 0 0 0 0 0 0 0 0 0.3211384735 0 0 0 0 0 0 0.938041185 0 0 0 0 0.01874795684 0 0 0 0 0 0 0 0 0 0 0 0 0.3871435529 0 0 0 0 0 
0 0 0 0 0 0 0.1434288201 0 0.07622498186 0 0 0 0 0 0 0 0.001047726709 0.01865181284 0 0 0 0 0 0 0 0 0 0 0 0 0 0 0 0 0 0 0 0 0 0 0 0 0 0 0 0 0 0 0 0 0 0 0.6524412944 0 0 0 0 0 0 0 0 0 0 0 0 0 0 0 0 0 0 0 0 0 0 0 0.08677927572 0 0 0 0 0 0 0 0 0 0 3.487747832 0 0 0 0 0 0 0 0 0 0 0 0 0 0 0 0 0 0 0 0 0 0 0 0 0 0 0 0 0.1112144227 0 0 0.4447373793 0 0 0 0 0 0 0 0 0 0 0 0 0 0.00147356529 0.4516484136 0 0 0 0 0 0 0 0 0 0 0 0 0 0 0 0 0 0 0 0 0 0 0 0 0 0 0 0 0 0 0 0 0 0.7126239468 0 0 0 0 0 0 0 0 0 0 0 0 0 0 0 0 0 0 0 0 0 0 0 0 0 0 0 0 0 0 0 0 0 0 0 0 0 0 0 0 0 0 0 0 0 0 0.1046008656 0 0 0 0 0 0 0 0 0 0 0 0 0 0 0 0 0 0 0 0 0 0 0 0 0 0 0 0 0 0 0 0 0 0 0 0 0.06128104033 0 0 0 
0.07445930397 0 0 0 0 0 0 0 0 0 0 0 0 0 0 0 0 0 0 0 0 0 0 0 0 0 0 0 0 0 0 0 0 0 0 0 0 0 0 0 0 0 4.779525925e-06 0 0 0 0 0 0 0 0 0 0 0 0 0 0 0 0 0 0 0 0 0 0 0 0 0 0 0 0 0 0 0 0 0 0 0 0 0 0 0 0 0 0.1601401552 0 0 0 0 0 0 0 0 0 0 0 0 0 0 0 0 0 0 0 0 0 0 0 0 0 0 0 0 0 0 0 0 0.2422575589 0 0 0.3806738776 0 1.40252936 0 0 0 0 0 0 0 0 0 0 0 0 0 0 0 0 0 0.04930521611 0 0 0 0 0 0 0.7982612691 0 0 0 0 0.01414473835 1.328493648 0 0 0 0 0 0 0 0 0 0 0 0 0 0 0 0 0 0 0.004893911506 0.1126331886 0.1497479043 0 0 0 0 0 0 0 0 0.183952706 0 0.1629135563 0 0 0 0 0 0 0 0 0 0 0 0 0 1.581261691 0 0 0 0 0 0.1964810528 0.1575471694 0 0 0 0 0.02005395043 0 0 0 0 0 0 0 0 0 0 0 0.3118026974 0 0 0 0 0 0 0 0 0 0 0 0 0 0 0.3635746538 0 0 0 0 0 0 0 0 0 0 0 0 0 0 0 0 0 
0 0 0 0 0 0 0 0 0 0 0 0 0 0.05212625589 0 0 0 0 0 0 0 0 0 0 0 0 0 0 0 0 0 0 0 0 0 0 0.0003110136811 0 0.3437299508 0.1847859682 0 0 0 0 0 0 0 0 0 0 0 0 0 0 0 0 0 0 0 0 0.4381791271 0.2302812766 0 0.07470274982 0 0 0 0 0 0 0 0 0 0 0 0 0 0 0 0.7915257487 0.09320205104 0 0 0 0 0 0 0 0 0 0 0 0 0 0 0 0 0 0 0.1402802622 0 0 0 0 0 0 0.2495274349 0 0 0 0 0 0 0 0.2798811051 0 0 0 0 0 0 0 0 0 0 0 0 0 0 0 0 0 0 0 0 0 0 0 0.4862707829 0 0 0 0 0 0 0 0 0 0 0 0 0 0 0 0 0 0.2172110274 0 0 0 0.9014694204 0 0 0 0.9255431534 0 0 0 0 0 0 0 0 0 0 0 0 0 0 0 0 0 0.1550089113 0 0 0 0 0 0 0 0 0 0 0 0 0 0 0 0 0 0 0 0 0 0 0 0 0 0 0 0 0 0 0 0 0 0 0 0 0 0 0 0 0 0 0 0 0 0 0 0 0 0 0 0 0 0 0 0 0 0 0 0 0 0 0.1119818331 0 0 0 0 0 0 0 0 0 0 
0 0 0 0 0 0 0 0 0 0.0007386562161 0.01527480696 0 0 0 0.01136874919 0 0 0 0 0.003034817894 0 0 0 0 0 0 0 0 0 0 0 0 0 0 0 0 0 0 0 0 0 0 0 0 0 0 0 0 0 0 0 0 0 0 0.008007639747 0 0 0 0 0 0 0 0 0 0 0 0 0 0 0 0 0 0 0 0 0 0 0 0 0 0 0 0 0 0 0 0 0 0 0 0 0 0 0 0 0 0 0 0 0 0 0 0.1114304754 0 0 0 0 0 0 0 0 0 0 0 0 0 0 0 0.002739075686 0.9031925606 0 0 0 0 0 0 0 0 0 0 0.1017562701 0 0 0 0 0 0.6281076689 0 0 0 0.03837625523 0 0 0 0 0 0 0 0 0 0 0 0 0 0 0 0 0 0.9101656977 0 0 0 0 0 0 0 0 0 0 0 0 0 0 0 0 0 0 0 0 0 0 0 0 0 0 0 0 0 0 0 0 0 0 0 0 0 0 0 0 0 0 0 0 0 0 0 0 0 0 0 0 0 0 0 0 0 0 0 0 0 0 0 0 0 0 0 0 0 0 0 0 0 0.02190558276 0 0.1060755658 0 0 0 0 0 0 0 0 0 0 0 0 0 0 0 0 0 0 0 0 0.1980358386 
0 0 0 0 0 0 0 0.0201744795 0 0.3886483852 0 0 0 0 0 0 0 0 0 0 0 0 0 0 0 0 0 0 0 0 0 0 0 0 0 0 0 0 0 0 0.001184574123 0 0.02539157774 0 0 0 0 0 0 0 0 0 0 0 0 0 0 0 0 0 0 0 0 0 0 0 0 0 0 0 0 0 0 0 0 0 0 0 0 0 0 0 0 0 0 0 0.2802403257 0 0 0 0.1159555792 0 0 0 0 0.1101280805 0 0 0 0 0 0 0 0 0 0 0 0 0 0 0 0 0 2.325430163 0 0 0 0 0 0 0 0 0 0 0 0.2657948632 0 0 0 0 0 0 0 0 0 0 0 0 0 0 0 0 0 0 0 0 0 0 0 0 0 0 0 0 0 0 0 0 0 0 0.1976765108 0 0 0 0 0 0 0 0 0 0 0 0 0 0 0 0 0 0 0 0.1438203147 0 0 0.0760142018 0 0 0 0 0 0 0 0 0 0 0 0 0 0 0 0 0 0 0 0 0 0.004996555104 0 0.02457448081 0 0 0 0 0.08864088555 0 0 0 0 0 0 0 0 0 0 0 0 0 0.0667231736 0 0 0 0.002034307384 0.0185969651 0 0 0 0 0 0 0 0 0 0 0 0 0 0 0 0 0.03735262789 0 0 0 0 0 0 0 
0 0 0 0 0 0 0 0 0 0 0 0 0 0 0 0 0 0 0 0.04251137315 0 0 0 0 0 0 0 0 0.0382739253 0 0 0 0 0 0 0 0.5055227908 0 0 0 0.3412987647 0 0 0 0 0 0 0 0 0 0 0 0.2308862956 0 0 0.04034444046 0 0 0 0 0 0 0 0 0 0 0 0 0 0 0 0 0 0 0 0 0 0 0 0 0 0 0 0 0 0 0 0 0 0 0 0 0 0 0 0 0 0 0 0 0 0.3543294358 0 0 0 0.077120267 0 0 0 0 0 0 0 0 0 0 0 0 0 0 1.510552182 0 0 0 0 0 0.1060637304 0 0 0 0 0 0 0 0 0 0 0 0 0 0 0 0 0 0 0 0 0 0.04408956746 0 0 0 0 0 0 0 0 0 0 0 0 0 0 0 0 0 0 0 0 0 0 0 0 0.006738009067 0 0 0 0 0 0.1983453727 0 0 0 0 0.446471742 0.3862766798 0.1028461938 2.645141833e-06 0 0 0 0 0 0 0 0 0 0 0.328287072 0 0 0 0 0 0 0 0 0 0 0 0 0 0 0 0 0 0 0 0 0 0 0 0 0 0 0 0 0 0 0 0 0 0 0 0 0.001917216045 0 0 0 0 0 0.2839914914 0 0 0 0 0 0 0 0 0 0.4172225963 0 1.490205072 0 0 
0 0 0 0 0 0 0 0 0 0 0 0 0 0 0 0 0 0 0 0 0 0 0 0 0 0 0 0 0 0 0 0 0 0 0 0 0 0 0 0 0 0 0 0 0 0 0 0 0 0 0 0 0 0 0 0 0 0 0 0 0 0 0 0 0 0 0 0 0 0 0 0 0 0 0 0 0.07383663896 0 0 0 0 0 0 0 0 0 0 0 0 0 0 0 1.208035946 0 0 0 0 0 0 0 0 0 1.256491232e-05 0 1.567214498 0 0 0 0 0 0 0 0 0 0 0 0.3611760983 0 0 0 0 0 0 0 0 0 0 0 0.004052613547 0.3034331284 0 0 0 0 0 0 0 0 0 0 0 0 0 0 0 0 0 0 0 0 0 0 0 0 0 0 0 0 0 0 0 0 0 0 0 0 0 0 0 0 0 0 0 0 0 0 0 0.08879727659 0 0 0 0.01142448808 0 0 0 0 0 0 0 0 0 0 0 0 0 0 0 0 0 0 0 0 0 0 0 0 0 0 0 0.02921255863 0 0 0 0 0.1241301871 0 0 0 0 0 0 0.06431350191 0 0 0 0 0 0 0 0 0 0 0 0 0 0 0 0 0 0 0 0 0 0 0 0 0 0 0 0 0 0 0 0 0.03341959369 0 
0 0 0 0 0 0 0.2078817473 0 0 0 0 0 0 0 0 0.01797427029 0 0 0 0 0 0 0 0 0.02493581691 0.01785889344 0 0 0 0 0 0 0.1072435772 0 0 0 0 0 0 0 0 0 0 0 0 0 0 0 0 0 0 0 0 0 0 0 0 0 0 0 0 1.207517823 0 0 0 0 0 0 0 0 0 0 0.1183648606 0 0 0 0 0 0 0 0 0 0 0 0 0 0 0 0 0 0 0 0 0 0 0 0 0 0 0 0.03422416976 0 0 0 0 0 0 0 0 0 0 0 0.7047635214 0 0 0 0 0 0 0 0 0 0 0 0 0.1216672058 0.02475089831 0 0 0 0 0 0 0 0 0 0 0 0 0 0.4272891067 0 0 0.5378769138 0 0 0 0 0 0 0 0 0 0 0 0 0 0 0 0 0 0 0 0 0 0 0 0 0 0 0 0 0 0 0 0 0.0368604696 0 0 0 0 0 0 0 0 0 0 0 0 0 0 0 0 0 0 0 0 0 0 0 0 0 0 0 0.002560466527 0 0 0.2586633176 0 0 0 0 0 0 0.1922505099 0 0 0.07312298292 0 0 0 0 0 0 0 1.000357687 0 0 0 0 0 0 0.209450074 0 0 0 0 0 0 0 0 0 0 0 0 0.09524234486 0 0 0 0 0 0 0 0 0 0 
0 0 0 0 0 0 0 0 0 0 0 0 0 0 0 0 0 0 0 0 0 0 0 0 0 0 0 0 0 0 0 0 0 0.9375818512 0 0 0 0 0 0.1601500681 0 0 0 0 0 0 0 0 0 0 0 0 0 0 0 0.4872682458 0 0 0 0 0 0 0 0 0 0 0 0 0 0 0 0 0 0 0 0 0 0 0 0 0 0 0 0 0 0 0 0 0 0 0 0 0 0 0 0 0 0 0 0 0 0 0 0.218217788 0 0 0 0 0 0 0 0 0.0680399081 0 0 0 0 0 0 0.4154795357 0 0 0 0 0.1845377243 0 0 0 0 0 0 0 0 0 0 0 0 0 0 0 0 0 0 0 0 0 0 0.1500471592 0.2585658812 0 0 0 0 0 0 0 0 1.817119822 0.03967364441 0 0 0 0 0 0 0 0 0 0 0 0 0 0 0 0 0 0 0 0 0 0 0 0 0 0 0.09462897263 0 0 0.01398095945 0 0 0 0.3415145932 0 1.326974429 0 0 0 0 0 0 0 0 0 0 0 0 0 0 0 0 0 0 0 0 0 0 0 0 0 0 0 0 0 0 0 0 0 0 0 0 0 0 0 0 0 0 0 0 0 0 0 0 0 0 0 0 0 0.1081684461 0 0 0 0 0 0 0 
0 0 0 0 0 0 0 0 0 0 0 0 0.004412340679 0 0 0 0 0 0 0.0007703987338 0 0.1319088038 0 0 0 0 0 0 0 0 0 0 0 0 0 0 0 0 0 0 0 0 0 0 0 0 0.02421842945 0 0 0 0 0 0 0 0 0 0 0 0 0 0 0 0 0 0 0 0 0 0 0 0 0 0 0 0 0 0.009768879972 0 0.1205288272 0 0 0 0 0 0 0 0 0 0 0 0 0 0 0 0 0.05422052411 0 0 0 0.8331747674 0 0 0 0 0 0 0 0 0 0 0 0 0 0 0 0.03938469416 0 0 0 0 0.407239806 0 0 0 0 0 0 0 0 0 0 0 0 0 0 0 0 0 0 0 0 0 0 0 0 0 0 0 0 0 0 0 0 0 0 0 0 0 0 0 0 0 0 0 0 0 0 0 0 0.06173178791 0 0 0.125274439 0 0 0 0 0 0 0 0 0 0 0 0 0 0 0 0 0 0 0 0 0 0 0 0 0 0 0 0 0 0 0 0 0 0 0 0 0 0 0 0 0 0.1431337391 0.1897185901 0 0.4077806866 0 0 0 0 0 0 0 0 0.2665353672 0 0 0 0 0 0 0 0 0 0 0 0 0 0 0 0 0 0 0 0 0 0 0.07348889159 0 0 0 0 0.3221354337 0 
0 0 0 0 0 0 0 0 0 0 0 0 0 0 0 0 0 0 0 0 0 0.0951421062 0 0 0 0 0 0 0 0 0 0 0 0 0 0 0 0 0 0 0 0 0 0 0 0 0 0 0 0 0 0 0 0 0 1.59273455 0 0 0 0 0 0 0.4306801019 0 0 0 0 0 0 0 0 0 0 0 0 0 0 0 0 0 0 0 0 0 0 0 0 0 0 0 0 0 0 0 0 0 0 0 0 0 0 0 0 0 0 0 0 0 0 0 0 0 0 0 0 0.8895330213 0 0 0 0 0 0 0 0 0 0.04925049573 0 0 0 0 0 0 0 0 0.1460008241 0 0 0 0.04526625073 0 0 0 0 0 0 0 0 0 0 0 0 0 0 0 0 0 0 0 0 0 0 0 0 0 0 0 0 0 0 0 0 0 0.02004291473 0 0 0 0 0 0 0 0 0 0 0 0 0 0 0 0 0 0 0 0 0 0 0 0 0 0 0 0 0 0 0 0 0.2041707891 0 0 0 0 0 0 0 0 0 0 0 0 0 0 0.03717011687 0 0 0 0 0 0 0 0 0 0 0 0 0 0 0 0 0 0 0 0 0 0 0.05517011382 0 0 0 0 0 0 0 0 0 0 0 0 
0 0 0 0 0.01020180563 0 0 0 0 0 0.05789932178 0 0 0 0 0 0 0 0 0 0 0 0.04785489339 0 0 0 0.1295997431 0 0 0 0 0 0 0 0 0 0 0 0 0.319727347 0 0 0 0 0.09446886416 0 0 0 0 0 0 0 0 0 0 0 0 0 0 0.0001772757075 0 0 0 0 0 0 0 0.03983340013 0 0 0 0 0 0 0.1178517516 0 0 0 0 0 0 0 0 0 0.1522001049 0 0 0 0 0 0 0 0 0 0 0 0 0 0 0 0 0 0 0 0 0 0 0.001965141438 0 0 0 0 0 0 0 0 0 0 0 0 0 0 0 0 0 0 0 0 0 0 0 0 0 0 0 0 0 0 0 0 0 0.3987842201 0 0 0 0 0 0 0.2989411989 0 0 0.0226397364 0 0 0 0 0 0 0 0 0.01241051107 0 0 0 0 0 0 0 0 0 0 0 0 0 0 0 0 0 0 0 0 0 0 0 0 0 0 0 0 0 0 0 0 0 0 0 0 0 0 0 0 0 0 0 0 0.2126040321 0.5033319845 0 0 0 0 0 1.238420128 0 0 0 0 0 0 0 0 0 0 0 0 0 0 0 0 0 0 0 0 0 0 0 0.01009674651 0 0 0 0 0 0 0 0 0 0 0 0 0 0 0 0 0 0.02096653962 0 
0 0 0 0 0 0.00406317259 0 0 0 0 0 0 0 0 0 0 0 0 0 0 0 0 0 0 0 0 0 0 0 0 0 0.08728483827 0 0 0 0 0 0 0 0 0 0 0 0 0 0 0 0 0 0 0 0 0 0 0 0 0 0 0 0 0 0 0 0 0 0 0 0 0 0 0 0 0 0 0 0 0 0 0 0 0 0 0.02517321134 0 0 0 0 0 0.1742298235 0 0 0 0 0 0.1191260331 0.1563028043 0 0 0 0 0 0 0 0 0 0.001569368169 0 0.07834961504 0 0 0 0 0 0 0 0 0 0 0.03411300219 0 0 0 0 0 0.3488239166 0 0 0 0 0.1372470348 0 0 0 0.06985955323 0 0 0 0 0 0 0 0 0 0 0 0 0 0 0 0.108264715 0 0 0 0 0.9489449817 0 0.3563853807 0 0 0 0 0 0 0 0 0 0 0 0 0 0 0 0 0 0 0.9429973723 0 0 0 0 0 0 0 0 0 0 0 0 0 0 0 0 0 0 0 0 0 0 0 0 0 0 0 0 0 0 0 0 0 0 0 0 0 0 0 0 1.199998094 0.003315955365 0 0 0 0 0 0 0 0 0 0 0 0 0 0 0 0 0 0 0 0 0 0 0 0 0 0 0 0 0 0 0 0 0 0 0 0.2397276174 0 0 
0 0 1.040546585 0 0 0 0 0 0 0 0 0.0936531216 0 0 0 0 0.2549889345 0.09899777883 0 0 0.04929632427 0 0 0 0 0 0 0 0 0 0 0 0 0 0.1314161575 0 0 0 0 0 0 0 0 0 0 0 0 0 0 0 0 0 0 0 0 0.2560773936 0 0 0 0 0 0 0 0 0 0 0 1.324143596 0 0 0.1832116253 0 0 0 0 0 0 0 0 0.01661065461 0 0 0 0 0 0 0 0 0 0 0 0 0.3838623466 1.499735474 0 0 0 0 0 0 0 0 0 0 0 0 0 0 0 0 0 0 0 0 0 0 0 0 0 0 0 0 0 0 0 0 0 0 0.8467458891 0 0 0 0.09374238205 0 0 0 0 0 0 0 0 0 0 0 0 0 0 0 0 0 0 0 0 0 0 0 0 0 0 0 0.01627981515 0 0 0 0 0 0 0 0 0 0 0 0.009882751209 0 0 0 0 0 0 0 0 0 0 0 0 0 0 0 0 0 0 0 0 0 0 0 0 0 0 0 0 0 0 0 0 0 0 0 0 0 0 0 0 0 0 0 0 0 0 0 0 0 0 0 0 0 0 0 0 0 0 0 0 0 0 0 0 0 0 0 0 0 0 0 0 0 0 0 0 0 0.06172139331 0 0 0 0 0 
0 0 0 0 0 0 0 0.008250639973 0 0 0 0 0 0 0 0 0 0.04767048599 0 0 0 0 0 0 0 0 0 0 0 0 0 0 0.09015572332 0 0 0 0 0 0 0 0 0 0 0 0 0 0 0 0 0 0 0 0 0 0 0 0 0 0 0 0.1829774014 0 0 0 0 0.1480138327 0 0 0 0.1081667999 0 0 0 0 0 0 0 0 0 0 0 0 0 0 0 0 0 0 0 0 0 0 0 0 0 0 0 0 0 0 0 0 0 0.002615310599 0 0 0 0.01112728584 0 0 0 0 0 0 0 0 0 0 0 0 0 0 0 0 0 0 0 0 0 0 0 0 0 0 0 0 0 0 0 0 0 0 0 0 0 0 0 0 0 0 0 0 0 0 0.05121967801 0 0 0 0 0 0 0 0 0 0 0 0 0 0.1008890871 0 0 0 0.0909306527 0 0 0 0 0 0 0 0 0 0 0 0 0 0 0 0 0 0 0 0 0 0 0 0.124765442 0 0 0 0.180350172 0 0 0 0 0 0 0 0 0 0 0 0 0 0 0 0 0 0.005252518106 0 0 0 0.04047118733 0 0 0 0 0 0 0 0 0 0 0 0 0 0 0 0 0 0 0.2938325803 0 0 0 0 0 0 0 0 0 0.3161905409 0 0 0 0 
0 0 0 0 0 0 0 0 0 0 0 0 0 0 0 0 0 0 0 0 0 0 0 0 0 0 0 0 0 0 0 0 0 0 0 0 0 0 0 0 0 0 0 0 0 0 0 0 0 0 0 0 0 0 0 0 0 0 0 0 0 0 0 0 0 0.2650959273 0 0 0 0 0 0 0 0 0 0 0 0 0 0 0 0.0003312844315 0 0 0 0 0 0 0 0 0 0 0 0 0 0 0.7633909549 0 0 0 0 0 0.06677398897 0 0 0 0 0 0 0 0 0 0 0 0 0 0.02574173419 0.1375859943 0 0 0 0 0.04929835887 0 0 0 0 0 0.09552058244 0 0 0 0 0 0.3282951409 0 0 0 0.06509894131 0 0 0 0 0 0 0 0 0 0 0 0 0 0 0 0 0 0 0 0 0 0 0 0 0 0 0 0 0 0 0 0 0 0 0 0 0 0 0 0 0 0 0 0.005527311954 0 0.1733969812 0 0 0 0 0.004472053751 0 0 0 0 0 0 0 0 0.01805187605 0 0 0 0 0.3619515326 0 0 0 0 0 0.3605854478 0 0.09459873327 0 0 0 0 0 0 0 0 0 0 0 0 0 0 0 0 0 0 0 0 0 0 0 0 0 0 0 0 0 0 0 0 0 0 0 0 0 0 0 0 0 0 0 0 
0 0 0.01220403075 0 0 0 0 0 0 0 0 0 0 0 0 0 0 0 0 0 0 0 0 0 0 0 0 0 0 0 0 0 0 0 0 0 0 0 0 0 0 0 0 0 0 0 0 0 0 0 0.0520424575 0 0 0 0 0 0.8342847098 0 0 0.01461218867 0 0 0 0 0.3863506515 0 0.4949758369 0 0.1868760269 0 0 0 0 0 0 0 0.004579844346 0 0 0 0 0 0 0 0 0 0 0 0 0 0 0 0 0 0 0 0 0 0 0 0.03172018165 0.6712203695 0 0.06712459339 0 0 0 0 0.08789228828 0 0 0 0 0 0 0 0.03102366416 0 0 0 0 0 0 0 0 0 0 0 0 0 0 1.24383999 0 0 0 0 0 0 0 0.1880783178 0.03221272148 0 0 0 0 0 0.2437467422 0 0 0 0 0 0 0 0 0 0 0 0 0.07804153844 0 0 0 0 0 0 0.1184005821 0 0 0 0 0.06656333322 0 0 0 0 0.01888041567 0 0 0 0.3835648165 0 0 0 0 0 0 0 0 0 0 0 0 0 0 0 0 0 0.003195603284 0 0 0 0.1031369758 0 0 0 0 0 0 0 0 0 0 0 0 0 0 0 0 0 0 0 0 0 0 0 0 0 0 0 0 0 0 0 0 0 0.08647040848 0 0 0 0 0 0 0 0 0 0 0 0 0.2953951139 0 0 0 0 0 0.01264111404 
0 0 0 0 0 0 0 0 0 0 0 0 0 0 0 0 0 4.061366327e-05 0 0 0 0 0 0 0 0 0.0007772558146 0 0 0 0 0 0 0 0 0 0 0 0 0 0 0 0 0.05626774726 0 0 0 0 0 0 0 0 0 0 0 0 0 0 0 0 0 0 0 0 0 0.1233893713 0 0 0 0.3465492769 0 0 0 0 0 0 0 0 0.3260288394 0 0 0 1.352333095 0 0 0 0 0 0 0 0 0 0 0 0 0.04343772156 0 0 0 0 0 0 0 0 0 0 0 0 0 0 0 0 0 0 0 0 0 0 0 0 0 0 0 0 0 0 0.1008816772 0 0 0 0 0 0 0 0 0 0 0 0 0 0 0 0.1150024553 0 0 0 0 0 0 0 0 0 0 0 0 0 0 0 0 0 0 0 0 0 0 0 0 0 0 0 0 0 0 0 0 0 0 0 0 0 0 0 0 0 0 0 0 0 0 0 0 0 0 0 0 0 0 0 0 0 0 0 0 0.006346216636 0 0 0 0.5317651943 0.004357822399 0 0 0 0 0.4039061972 0 0 0 0 0.325473284 0 0 0 0 0 0 0 0 0.044842078 0 0 0 0 0 0 0 0 0 0 0 0 0 0 0 0 0 0 0 0 0 0 0 0 0 0 0 0 
0 0 0 0 0 0 0 0 0 0 0 0 0 0 0 0 0 0 0 0 0 0 0 0 0 0 0.0001215889914 0 0 0 0 0 1.53582705 0 0 0 0 0 0 0 0 0 0 0 0 0 0 0 0 0 0 0 0 0 0 0 0 0.04371498728 0 0 0 0 0 0 0 0 0 0.3847103687 0 0 0 0 0 0 0 0 0 0 0 0 0 0 0 0 0 0 0 0 0 0 0 0 0 0 0 0.01293536496 0 0 0 0.01225886352 0 0 0 0 0 0 0 0 0 0.1489230568 0 0 0 0 0 0.4762326507 0 0 0 0 0.06098117139 0 0 0 0 0 0 0 0 0 0 0 0.4411743767 0 0 0 0 0 0 0 0 0 0 0 0 0 0 0 0 0 0 0 0 0 0 0 0 0.0715515647 0 0 0 0 0 0 0 0 0 0 0 0 0 0 0 0 0 0 0.0129171962 0 0 0 0 0 0.04727814768 0 0 0 0 0 0 0 0 0 0 0 0 0 0 0 0 1.28349171 0 0 0 0 0 0 0 0 0 0 0 0 0 0 0 0 0 0 0 0 0 0 0 0 0 0 0 0 0 0 0 0 0 0 0 0 0 0 0 0 0 0 0 0 0 0 0 0 0 0 0 0 0 0 0 0 
0 0 0 0 0 0 0 0 0 0 0 0 0 0 0 0 0 0 0 0 0 0 0 0 0 0 0 0 0 0 0 0 0 0 0 0 0 0 0 0 0 0 0 0 0 0 0 0 0 0 0 0 0.05795864616 0 0 0 0 0 0 0.0280851363 0 0 0 0 0 0 0 0.005687407898 0 0 0 0 0 0 0 0 0 0 0 0 0 0 0 0 0 0 0 0 0 0 0 0 0 0.001853215022 0 0.01359887411 0 0 0 0 0 0 0 0 0 0 0 0 0 0 0 0 0 0 0 0 0 0 0 0 0 0 0 0.2915036974 0 0 0 0 0 0 0 0 0 0 0.1762236421 0 0 0 0.161301416 0 0 0 0 0 0 0.008511744541 0.04915468376 0 0 0 0 0 0 0 0 0.006040336078 0 0 0 0 0 0 0 0 0 0 0 0 0 0 0 0 0 0 0 0 0 0 0 0 0 0.07457628486 0 0 0 0 0 0 0 0.04637036041 0 0 0 0 0 0 0 0 0 0 0 0 0 0 0 0.09795636908 0 0 0 0 0 0 0 0 0 0 0 0 0 0 0 0 0 0 0 0 0 0 0 0 0 0 0 0 0 0 0 0 0 0 0 0 0 0.09149439314 0 0 0 0 0 0 0 0 0 0 0 0 
0 0 0 0 0 0 0 0 0 0 0 0 0 0 0 0 0 0 0 0 0 0 0 0 0 0 0 0 0 0 0 0 0 0 0 0 0 0 0 0 0 0 0 0 0 0 0 0 0 0 0 0 0 0.02260595666 0 0 0 0 0 0 0 0.1161191964 0 0 0 0 0 0 0 0 0.7429925434 0 0 0 0 0 0 1.569593536 0 0 0 0 0 0 0 0 0 0 0 0 0 0 0 0 0 0 0 0 0 0 0 0 0 0 0 0 0.05745871961 0 0.09423819528 0 0 0 0 0 0 0 0 0 0 0 0 0.006114482067 0 0 0 0 0 0 0 0 0 0 0 0 0 0 0 0 0.3720785453 0 0.2400325891 0 0 0 0 0 0 0 0 1.450326165 0.5134368038 0 0.1376485204 0 0 0 0 0 0 0 0.002829499784 0 0 0 0 0 0 0 0 0 0 0 0 0 0 0 0 0 0 0 0 0 0 0 0 0 0 0 0 0 0 0 0 0 0 0 0 0 0 0 0 0 0 0 0.1854544336 0 0 0 0 0 0 0 0 0 0.0112060858 0 0 0 0 0 0 0 0 0 0 0 0 0 0 0 0 0 0 0 0 0 0 0 0 0 0 0 0 0 0 0 0 0 0 0 0 0 0 0.106195081 0.3234148153 0 
0 0 0 0 0 0 0 0 0 0 0 0 0 0 0 0 0.03481663005 0 0 0.156167692 0 0 0 0 0 0 0 0 0.0004928116756 0 0 0 0 0 0 0 0 0 0 0 0 0 0 0 0 0 0 0 0 0 0 0 0 0 0 0 0 0 0 0 0 0 0 0 0 0.09015966368 0 0.002361076331 0.1265229708 0 0 0 0 0 0 0 0 0.06064564476 0 0 0 0 0 0 0 0 0 0 0 0 0 0 0 0.272391758 0 0 0 0 0 0.2563714171 0 0 0 0 0 0 0 0 0 0 0 0 0 0 0 0 0 0 0 0.7939734524 0 0 0.08274927498 0 0 0 0 0 0 0 0.009499691172 0 0 0 0 0 0 0 0 0.06910936283 0 0 0 0 0 0 0 0 0 0 0 0 0 0 0 0 0 0 0 0 0 0 0 0 0 0 0 0.1651294885 0 0 0 0 0 0 0 0 0 0 0 0 0 0 0 0 0 0 0 0 0 0 0 0 0 0 0 0 0 0 0 0 0 0 0.01749551412 0 0 0 0 0 0 0 0 0 0 0 0 0 0 0 0 0 0 0 0 0 0 0 0 0 0 0 0 0 0 0 0 0 0 0 0 0 0 0 0 0 0 0 0 0 0 0 0 0 0 0 0 0 
0 0 0.0006972925911 0 0 0 0 0 0 0 0 0 0 0 0 0 0 0 0 0 0 0 0 0 0 0 0 0 0 0 0 0 0.008764267118 0 0 0 0 0.1866961474 0 0 0 0 0 0 0.0002822683321 0 0 0 0 0 0 0 0 0 0 0 0 0 0 0 0 0.2636447678 0 0 0 0 0 1.08272125 0 0 0 0 0 0 0 0 0 0 0 0 0 0 0 0 0 0 0 0 0 0 0 0 0 0 0 0 0 0 0 0 0 0 0 0 0 0 0 0 0 0 0 0 0 0 0 0 0 0 0 0 0 0 0 0 0 0 0 0 0 0 0.03840010717 0 0 0 0.4874597985 0 0 0 0 0 0 0 0 0 0 0.01196808515 0 0.421379398 0 0 0 0 0 0 0 0 0.00242703884 0 0 0 0 0 0 0 0 0 0 0 0 0 0 0 0 0 0 0 0 0 0 0 0 0 0 0 0 0 0 0 0 0 0.05535456593 0 0 0 0 0 0 0 0 0 0 0 0 0 0 0 0 0 0 0 0 0 0 0 0 0 0 0 0 0 0 0.1962338684 0 0 0 0 0 0 0 0.003658803416 0 0 0 0.03080991602 0 0 0 0 0 0 0 0 0 0 0 0 0 0 0 0 0 0 0 0 0 0 
0 0 0 0 0 0 0.01794330938 0 0 0 0 0 0 0 0 0 0.01389863068 0 0 0 0 0 0 0 0 0 0 0 0 0 0 0 0 0 0 0 0 0 0 0 0 0 0 0 0 0 0 0 0 0 0 0 0 0 0 0 0 0.003041559019 0 0.4170248555 0 0 0 0 0 0 0 0 0 0.02029709004 0.01997630837 0 0 0 0 0 0 0 0 0 0 0 0 0 0 0 0 0 0 0 0 0 0 0 0 0 0 0 0 0.0358787574 0 0 0 0 0 0 0 0 0 0.1248482446 0 0 0 0 0 0 0 0 0 0 1.055763596 0 0 0 0 0 0 0.3525047203 0 0 0 0 0.2709692648 0 0 0 0 0.01194278599 0 0.1511776865 0 0 0 0 0 0 0 0 0 0 0 0 0 0 0 0 0 0 0 0 0 0 0 0 0 0 0 0 0 0 0 0 0.1974730077 0 0 0 0 0.1429489511 0 0 0 0 0.4633870753 0 0.1699760335 0 0 0 0 0 0 0 0 0.3347020375 0 0.1484790024 0 0 0 0 0.2041744336 0 0 0 0 0 0 0 0 0 0 0 0 0 0 0 0.0007225866495 0.05423126461 0 0 0 0 0 0 0 0 0 0 0 0 0 0 0.03116165074 0 0 0 0 0 0.01257503792 0 0 0 0 0 0 0 0 0 0.05771889878 0 0 0 0 0 0 0 
0 0 0 0 0 0 0 0 0 0 0 0 0 0 0 0 0 0 0 0 0 0 0 0 0 0 0 0 1.261151155 0 0 0 0.1679839424 0 0 0.02834061842 0 0 0 0 0 0 0 0 0 0 0 0 0 0 0 0 0 0 0 0 0 0 0 0 0 0 0 0 0 0 0 0 0 0 0 0 0 0 0 0 0 0 0 0.1873135389 0 0 0 0 0 0.3095917438 0 0 0 0 0 0 0.04821844774 0 0 0 0 0 0 0 0.1880123576 0 0 0 0 0 0 0 0 0 0 0 0 0 0 0 0 0 0 0 0 0 0.4223925831 0 0 0 0 0 0 0 0 0 0 0 0 0 0 0 0 0 0 0 0 0 0.0009332639196 0 0 0 0 0 0 0 0 0 0 0 0.0102147763 0 0 0 0 0 0 0 0 0 0 0 0 0 0 0 0 0 0 0 0 0 0 0 0 0.01909000646 0 0 0 0 0 0 0 0 0 0 0 0 0.0576864059 0 0 0 0 0 0 0 0 0 0 0 0 0 0 0 0 0.0001395869534 0 0 0 0 0 0 0 0 0 0 0 0 0 0.003690135157 0 0 0 0 0 0 0 0 0 0 0 0 0 0 0 0.006116442349 0 0 0 0 0 0 0 0 0 0 0 0 0 0 
# Errors [detector/detector.dat] I_err:
0 0 0 0 0 0 0 0 0 0 0 0 0 0 0 0 0 0 0 0 0 0 0 0 0 0 0 0 0 0.04159129222 0 0 0 0 0 0 0 0 0 0 0 0 0 0 0 0 0 0 0 0 0 0 0 0 0 0 0 0 0.2539625245 0.06617835464 0 0 0 0 0 0 0 0 0 0 0 0 0 0 0 0 0 0 0 0 0 0 0 0 0 0 0 0 0 0 0.4145382861 0 0 0 0 0 0 0 0 0 0 0 0 0 0 0 0 0 0 9.100007526e-05 1.107524596e-06 0 0 0 0 0 0 0 0 0 0 0 0 0 0 0 0 0 0 0 0 0 0 0 0 0 0 0 0 0 0 0 0 0 0 0 0 0 0.1860085596 0 0 0 0.2966483113 0 0 0 0 0 0 0 0 0 0 0 0 0 0.4805215366 0 0 0 0 0 0 0 0 0 0 0 0 0 0 0 0 0 0 0.0008803304758 0 0 0 0 0 0 0 0 0 0 0 0 0 0 0 0 0 0.09448515618 0 0 0 0 0 0 0 0 0 0 0 0 0 0 0 0 0 0 0 0.07076950205 0 0 0 0.3275967711 0 0 0.01563814244 0 0 0 0 0 0 0 0.005737474148 0 0 0 0 0 0 0 0 0 0 0 0 0 0 0 0 0 
0 0 0 0 0 0 0 0 0 0 0 0 0 0 0 0 0 0 0 0 0 0 0 0 0 0 0 0 0 0 0 0 0 0 0 0 0 0 0 0 0 0 0 0 0 0 0 0 0.03137349981 0 0 0 0 0 0 0 0 0 0 0 0 0 0 0 0 0 0 0 0.06398868702 1.061515972 0 0 0 0 0 0 0 0 0 0 0 0 0.07589613143 0 0 0 0 0 0 0 0.09091642294 0 0 0 0 0 0 0 0 0 0 0 0 0 0 0 0 0 0 0 0 0 0 0 0 0 0 0 0 0 0 0 0 0 0 0 0 0 0 0 0 0 0 0 0 0 0 0 0 0 0.6462684955 0 0 0 0 0 0 0 0.05053602518 0 0 0 0 0 0 0.05673937756 0 0.2010214875 0 0 0 0 0 0 0 0 0 0 0 0 0 0 0 0 0 0 0 0 0 0 0 0 0 0 0 0 0 0 0.04947399876 0.008429207848 0 0 0 0 0 0 0 0 0 0 0 0 0 0 0.003365465241 0 0 0 0 0 0 0 0 0 0 0 0 0 0 0 0 0 0 0 0 0 0 0 0 0 0 0 0 0 0 0.02865243382 0 0 0 0 0 0 0 0 0 0.431830641 0 0 0 0 0 0 0 0 0 0 
0 0 0 0 0 0 0 0 0 0.06366968367 0 0 0 0 0 0 0 0.004177793659 0.02977341982 0 0 0 0 0 0 0.01687744155 0 0 0 0 0.05035505398 0.1151677016 0 0 0 0.05757116163 0 0.200286838 0 0 0 0 0 0 0 0.003708760545 0 0 0 0 0 0 0 0 0 0 0 0 0 0 0 0 0 0.05204979515 0 0 0 0 0 0 0 0 0 0.1485959849 0 0 0 0.007953778645 0 0 0 0 0 0 0 0 0 0 0 0 0 0.003414739158 0 0 0 0 0 0 0 0 0 0 0 0 0 0 0 0 0 0.06490508891 0 0 0.01820964934 0.1053315768 0 0.01528600609 0 1.098459974 0 0.3698020108 0 0 0 0 0.07155120859 0 0 0 0 0 0.100675421 0.2644221415 0 0 0 0 0 0 0 0 0 0 0 0 0 0 0 0 0.04624933866 0 0 0.378270883 0 0 0 0.3749956449 0 0 0 0 0 0 0.2067412957 0 0 0 0 0 0 0 0 0 0 0 0 0 0 0 0 0 0 0 0 0 0 0 0 0 0 0 0 0 0 0 0 0 0 0 0 0 0 0 0 0 0 0 0 0 0 0 0 0 0 0 0 0 0 0 0 0 0 0 0.2111909195 0 0 0 0.2476457606 0 0 0 0.02098918673 0 0.0557046233 0 0 0 0 0 0 0 0 0 0 0 0 0 0 0 0.4174740765 0 0 0 0 0 0 0 
0 0 0 0 0 0 0 0 0 0 0 0 0 0 0 0.06200336042 0 0 0 0 0.179310455 0 0 0 0 0 0 0 0 0 0 0.07989824572 0 0 0 0 0 0 0 0 0 0 0 0 0 0 0 0 0 0 0 0 0 0 0 0 0 0 0 0 0 0 0 0 0 0 0 0 0 0 0 0.003747473953 0 0 0 0 0 0 0 0 0 0 0 0 0 0 0 0 0 0 0 0 0 0 0.2077058114 0 0 0 0 0 0 0 0 0 0 0 0 0 0 0 0 0 0 0 0 0 0 0 0 0 0 0.9193228438 0 0 0 0 0 0 0 0 0 0 0 0 0 0 0 0 0 0 0 0 0 0 0 0 0 0 0 0 0 0 0 0 0 0 0 0.3006543165 0 0 0 0 0 0 0 0 0 0 0 0 0 0 0 0 0 0.1543691893 0 0.1322332103 0 0 0 0 0 0 0 0 0 0 0 0 0 0 0 0 0 0 0 0 0 0 0 0 0 0 0 0 0 0.2216867589 0 0 0 0 0 0 0 0 0 0 0 0 0 0 0 0.2720518689 0 0 0 0 0 0 0 0 0.5515788228 0 0 0 0 0 0 0 0 0 0 0 0 0 0 0 0 0 0 0 0 0 0 0 
0 0 0 0 0 0 0 0 0 0 0 0 0 0 0 0 0 0 0 0 0 0 0 0 0 0 0 0 0 0 0 0 0 0.04502379412 0 0 0 0.0686809919 0 0 0 0 0 0 0.0206790239 0 0 0.2022873296 0 0 0 0 0 0 0 0 0 0 0 0 0 0 0 0 0 0 0 0 0 0 0 0 0 0 0 0 0 0 0 0 0 0 0 0 0 0 0 0 0 0 0 0 0 0 0 0 0 0 0 0 0 0 0 0 0 0 0.04396931452 0 0 0 0 0 0 0 0 0 0 0 0 0 0 0.1690368446 0 0 0 0 0 0 0 0 0 0 0 0 0 0 0 0 0 0 0 0 0 0.006447292181 0 0 0 0 0 0 0 0 0 0 0 0 0 0 0 0.0246955299 0 0 0 0 0.1405933317 0 0 0 0 0 0 0 0 0 0 0 0 0 0 0 0 0 0 0 0 0 0 0.04791627986 0 0 0.0001083954789 0 0 0 0 0 0 0 0 0 0 0 0 0 0 0 0 0 0 0 0 0 0 0 0 0 0 0 0 0 0.04688453708 0.2505279427 0 0 0 0 0 0 0 0 0 0 0.005588438904 0.0003120193787 0 0 0 0 0 0 0 0 0 0 0 0 0 0 0 0 0 0.05290233089 0 0 0 0 
0 0 0 0 0 0 0 0 0 0 0 0 0 0 0 0 0 0 0.01366581722 0 0 0 0 0 0.1602856647 0 0 0 0 0 0 0 0 0 0 0 0 0 0 0 0 0 0 0 0 0 0 0 0 0.3017275089 0 0 0.1474611947 0 0 0 0 0 0 0 0 0 0 0 0 0 0 0 0 0 0 0 0 0 0 0 0 0 0.01932640949 0 0 0 0 0 0 0 0 0 0 0 0 0 0 0 0 0 0 0 0 0.06753953237 0 0 0 0 0 0 0 0 0 0 0 0 0 0 0 0 0 0 0 0 0 0 0 0 0 0 0 0 0 0 0 0 0.005844273754 0 0 0 0 0 0 0 0 0 0 0 0 0 0 0 0.3806414802 0 0 0.008551463653 0 0 0 0 0 0 0 0 0 0 0 0 0 0 0 0 0 0 0 0 0 0 0 0 0 0 0 0 0.05161752501 0 0 0 0 0 0 0 0 0 0 0 0 0 0 0 0 0 0 0 0 0 0 0 0 0 0 0 0 0 0 0 0 0 0 0 0 0 0 0 0 0 0 0 0 0 0 0 0 0 0 0 0 0 0 0 0.05311135381 0 0 0 0 0 0 0 0 0 0 0 0 0.530856649 0 0 0 0 0 0 
0 0 0 0 0 0 0 0 0 0 0 0 0 0 0 0 0 0 0 0 0 0 0 0 0 0 0 0 0 0 0 0 0 0 0 0 0 0 0 0 0 0 0 0 0 0.001984315949 0 0 0 0 0 0 0 0 0 0 0 0 0 0 0 0 0 0 0 0 0 0 0 0 0.007330473617 0 0 0 0 0 0 0 0 0 0 0 0 0 0 0 0 0 0 0.06201617388 0.0523327863 0 0 0.2961667144 0 0 0 0 0 0 0 0 0 0 0 0 0 0 0 0 2.671596391e-06 0 0 0 0 0 0 0 0 0 0 0 0.01032829352 0 0 0 0 0 0 0 0 0 0 0 0 0 0 0 0 0 0 0 0 0 0 0 0 0.4060789249 0 0 0 0 0 0 0 0 0 0 0 0 0 0 0 0 0 0 0 0 0 0 0 0 0 0 0 0.01360616498 0 0 0 0 0 0 0 0 0 0 0 0 0 0 0 0 0 0 0 0 0 0 0 0 0 0 0 0 0 0 0 0 0 0 0 0 0 0 0 0 0 0.09110056873 0 0 0 0 0 0 0 0 0 0 0 0 0 0 0 0 0 0 0 0 0 0 0 0 0 0 0 0 0 0 0 0.04093381906 0 0.08041902909 0 0 0 0 
0 0 0 0 0 0 0 0 0 0 0 0 0 0 0.07552828203 0 0 0 0 0 0 0 0 0 0 0.02230882359 0 0 0 0 0 0 0 0 0 0 0 0 0 0 0 0 0 0 0 0.1264468662 0 0 0 0.02290199017 0 0 0 0 0 0 0 0 0 0 0 0 0 0 0 0 0 0 0 0 0 0 0 0 0 0 0 0 0 0 0 0 0 0 0 0 0 0 0 0 0 0 0 0 0 0 0 0 0 0 0 0 0 0 0 0 0 0 0 0 0 0 0 0 0 0 0 0 0 0 0 0 0 0 0 0 0 0 0 0 0 0 0 0 0 0 0 0 0 0 0 0 0 0 0 0 0 0 0 0 0 0 0 0 0 0 0 0.1962888657 0 0 0 0 0 0 0 0 0 0.07787165686 0.2772070749 0 0 0 0 0 0 0 0 0 0 0 0 0 0 0 0 0 0 0 0 0 0 0 0 0 0 0 0.02991892798 0 0 0 0 0 0 0 0 0 0 0 0 0 0 0 0 0 0 0 0 0 0 0 0 0 0 0 0 0 0 0 0 0 0 0 0 0 0 0 0 0 0.1579610887 0 0 0 0 0 0 0 0.2644319371 0 0 0 0 0 0 0 0 0.02276394379 
0 0 0 0 0 0 0 0 0.004357523784 0 0 0 0 0.07444339834 0 0.03614017729 0 0 0 0 0 0 0 0 0 0 0 0 0 0 0 0 0 0 0 0 0 0 0 0 0 0 0 0 0 0 0 0 0 0 0 0 0 0 0 0 0 0 0 0 0 0 0 0 0 0 0 0 0 0 0 0 0 0 0 0 0 0 0 0 0 0 0 0 0 0 0 0 0 0 0 0 0 0 0 0 0 0 0 0 0 0 0 0 0.03916011081 0 0 0 0 0 0 0 0 0 0 0 0 0 0 0 0 0 0 0 0 0 0 0 0 0 0 0 0 0.002083473219 0 0 0 0 0 0 0 0 0 0 0 0 0 0 0.6344784763 0 0 0.1309570294 0 0 0 0 0 0 0 0 0 0 0 0 0 0 0.4544329116 0 0 0 0 0 0 0 0 0 0 0 0 0 0 0 0 0 0 0 0 0 0 0 0 0 0 0 0 0 0 0 0 0 0 0 0 0 0 0 0 0 0 0.1826274804 0 0 0 0 0 0 0 0 0 0 0 0 0 0 0 0 0 0 0 0 0 0 0 0 0 0 0 0 0 0 0 0 0 0 0 0 0 0 0 0.4962962557 0 0 0 0 0 0 
0 0 0 0 0 0 0 0 0 0 0 0 0 0 0 0 0 0 0 0 0 0 0 0 0 0 0 0 0 0 0 0 0 0 0 0 0 0 0 0 0 0 0 0 0 0 0 0 0 0 0 0 0 0 0 0 0 0 0 0 0 0.233101742 0 0 0 0 0.1104152177 0 0 0 0 0 0 0 0 0 0.07679369958 0 0 0 0 0 0 0 0 0 0.006517601217 0 0 0 0 0 0.3353073595 0 0.04440485043 0 0.1259942247 0 0 0.0007897476773 0 0 0 0.07595596365 0 0 0.0486009925 0 0.322565615 0 0 0 0 0 0 0 0 0 0.01784659634 0 0 0.3233827195 0.4803524781 0 0 0 0 0 0 0 0 0 0 0 0 0 0 0 0 0 0 0 0 0 0 0 0 0 0 0 0 0 0 0 0 0 0 0 0 0 0 0 0 0 0 0 0 0 0 0 0 0 0 0 0 0 0 0 0 0 0 0 0 0.1682225584 0 0 0 0 0 0 0 0 0 0 0 0 0 0 0 0 0 0 0 0 0 0 0 0 0 0 0 0 0 0 0 0 0 0 0 0 0 0 0 0.05399733956 0 0 0.1282911215 0 0 0.05560302138 0 0.05501547926 0 0 0 0 0 0 0 0 0 0 0 0 0 0 0 0 0 0 0 0 0 0 0 0 
0 0.06042364006 0 0 0 0 0 0 0.03361961965 0 0 0 0.0789268002 0 0 0 0 0 0 0 0 0 0 0 0 0 0 0 0 0 0 0 0 0 0 0 0 0 0 0 0 0 0 0 0 0 0 0 0 0 0 0.06805265099 0 0 0 0 0 0 0 0 0 0 0 0 0 0 0 0 0 0 0 0 0 0 0 0 0 0 0 0 0 0 0 0.212875279 0 0 0 0.1560601301 0 0 0 0 0 0 0 0 0 0 0 0 0 0 0 0 0 0 0.094953825 0 0 0 0 0 0 0 0 0 0 0 0 0 0 0 0 0 0 0 0 0 0 0 0 0 0 0 0 0 0 0 0 0 0 0 0 0 0 0 0 0 0 0 0.052837327 0 0 0 0 0 0 0 0.3847693092 0 0 0 0 0 0 1.487901438 0 0 0 0 0 0 1.700037819 0 0 0 0 0 0 0 0 0 0 0 0 0 0 0 0 0 0 0 0 0 0 0 0 0 0 0 0 0 0 0 0 0 0 0.1040332059 0 0 0 0 0 0 0 0 0 0 0 0.09374382518 0 0 0 0 0 0 0 0 0 0 0 0 0 0 0 0 0.08248782286 0.0485684491 0 0 0.0570881373 0 0 0 0.002099115557 0 0 0 0 0.02616205996 0 0 0 0 0 0 
0 0 0 0 0 0 0 0 0.05521970187 0 0 0 0 0 0.0005875049443 0.08114819048 0 0 0 0 0 0 0 0 0 0 0 0 0 0 0 0.09764015954 0 0 0 0 0 0 0 0 0 0 0 0 0 0 0 0 0 0 0 0 0 0 0 0 0 0 0 0 0 0 0 0 0 0 0 0 0 0 0 0 0 0 0 0 0 0 0 0 0 0 0 0 0 0 0 0 0 0 0 0 0 0 0 0.1598711401 0 0 0 0 0 0 0 0 0 0 0 0 0 0 0 0 0 0 0 0 0 0 0 0 0 0 0 0 0 0 0 0 0 0 0 0 0 0 0 0 0 0 0 0 0 0 0 0 0 0 0 0 0 0 0 0 0 0 0 0.1024967336 0 0 0 0.132211137 0 0 0.04149255102 0.5782838939 0.1380245191 0 0 0 0 0 0 0 0 0 0 0 0 0 0 0 0 0 0 0 0 0 0 0 0 0 0 0 0 0 0 0 0 0 0 0 0 0 0 0 0 0 0 0 0 0 0 0 0.1964536384 0.006356889712 0 0 0 0 0 0 0 0 0.1997189983 0 0 0 0 0 0 0 0.01105469949 0 0 0.03948769733 0 0 0 0 0 0 0 0 0 0 0 0 0 0 0 0 0 0 0 0 0 0 
0 0 0 0 0 0.004786154563 0 0 0 0 0 0 0.08293401662 0 0 0 0 0 0.04905578624 0 0 0 0 0 0.188289534 0 0 0 0 0 0 0 0 0 0 0 0.4608051581 0 0 0 0 0 0.1787936272 0.1393696472 0 0 0 0 0.1740492248 0 0 0 0 0 0 0 0 0 0 0 0 0 0 0 0 0 0 0 0.1885217652 0.44148206 0 0 0 0 0 0 0 0 0 0 0 0 0 0 0 0 0 0 0 0 0.4230498249 0 0 0 0 0 0 0.004793150013 0 0 0 0 0 0 0 0 0 0 0 0 1.340504336 0 0 0 0 0.04043664652 0.05435326411 0 0 0 0 0 0 0 0 0 0 0 0 0 0 0 0 0 0 0 0 0 0 0 0 0 0 0 0 0 0.1831730745 0 0 0 0 0 0 0 0 0 0 0 0 0 0 0 0 0 0 0 0 0 0 0 0 0 0 0 0 0 0 0 0 0 0 0 0 0 0 0 0 0 0 0 0 0.02705605581 0 0 0 0 0 0 0 0 0 0 0 0 0 0 0 0 0 0 0 0 0 0 0 0 0 0 0 0 0 0 0 0 0 0 0.101114433 0 0 0 0 0 0 0 0 0 0 0 0 1.549265392 0 0 0 0 0 0 0 0 0 0 0 0 0 0 0 0 
0 0 0 0 0 0 0 0 0 0 0 0 0 0 0 0 0 0.4343677499 0 0 0 0 0.1031702372 0 0 0 0 0.1759040975 0 0 0 0 0 0 0 0 0 0 0 0 0 0 0 0.09804119494 0 0 0 0 0 0 0.01064860142 0 0 0.003363089773 0 0 0 0 0 0 0 0 0 0 0 0.4403222943 0 0 0 0 0 0 0 0 0 0 0 0 0 0 0 0 0 0 0 0 0.02966447164 0 0 0 0 0 0 0 0 0 0 0.4239412675 0 0 0 1.767551043e-05 0 0 0 0 0 0 0 0 0.03114672078 0 0 0 0 0 0 0 0 0 0 0 0 0 0 0 1.950568668 0 0 0 0 0 0.02638303154 0 0 0 0 0.2050976536 0 0 0 0 0.06644547047 0 0 0 0 0 0 0 0 0 0 0 0 0.0172565771 0 0 0 0 0 0 0 0 0 0 0 0 0 0 0 0 0 0 0 0 0 0 0 0 0 0 0 0 0 0 0 0 0 0 0 0 0 0 0 0 0 0 0 0 0 0 0 0 0 0 0 0 0 0 0 0.03216320041 0 0 0 0 0 0 0 0 0 0 0 0 0 0 0.1500947435 0 0 0 0 0 0 0 0 0 0 0 0.002191734541 0 0 0 0 0 0 0 0 0 0.04530495762 0 0 0 0 0 0 0 
0 0 0 0 0 0 0 0 0 0 0 0 0 0 0 0 0 0 0 0 0 0 0 0 0 0 0 0 0 0 0 0 0 0 0 0 0 0 0 0 0 0 0 0 0 0 0 0 0 0 0 0.07162187896 0 0 0 0 0 0 0 0 0.1215021596 0 0 0 0 0 0 0 0 0 0 0 0 0 1.425892052 0 0 0 0 0 0 0 0 0 0 0 0 0 0 1.210187306 0 0 0 0 0 0 0 0.1607744009 0 0 0 0 0 0 0 0 0 0 0 0 0 0 0 0 0 0 0 0.1406441808 0 0.2191528769 0.07706501996 0 0 0 0 0 0 0 0.05260154534 0 0 0 0 0 0.03357341377 0 0 0 0 0 0 0 0 0 0 0 0 0 0 0 0 0 0 0 0 0 0 0 0 0 0 0 0 0 0 0 0 0 0 0 0 0 0 0 0 0 0 0 0 0 0 0 0 0 0 0 0 0 0 0 0.01620665883 0 0 0 0 0 0 0 0.2017850823 0 0 0 0 0 0 0 0 0 0 0.06134648088 0 0 0 0 0 0 0 0 0 0 0 0.0006433635352 0 0 0 0 0 0.004528954791 0 0 0 0 0 0 0 0 0 0 0 0 0 0 0 0 0 0.2884406052 0 0 0 0 0.580674467 0 0 0 0 0 
0 0 0 0 0 0 0 0 0 0 0 0 0 0 0 0.009588538526 0 0 0 0 0 0 0 0 0 0 0.01305113206 0 0 0 0 0 0 0 0 0 0 0 0 0 0 0 0 0 0 0 0 0 0 0 0 0 0 0 0 0 0 0 0.1298966564 0 0 0 0 0 0 0.04381074433 0 0.3162586588 0 0 0 0 0 0 0 0 0 0 0 0 0 0 0.1017047245 0 0 0 0 0 0 0.1942783448 0 0 0 0 0 0 0 0 0 0 0 0 0 0 0 0 0 0 0 0 0 0 0 0 0 0 0 0 0 0 0 0 0 0 0 0 0 0 0 0 0 0 0 0 0 0 0 0 0.001490542961 0 0 0 0 0 0 0 0 0 0 0 0 0 0 0 0 0 0 0 0 0 0 0 0 0.1381787879 0 0 0 0 0 0 0.1293002249 0 0 0 0 0 0 0 0 0 0 0 0 0 0 0 0 0 0 0 0 0 0 0 0 0 0 0 0 0 0 0 0 0 0.2453387671 0.01627811444 0 0 0 0 0 0 0 0 0 0 0 0 0 0 0 0 0 0 0 0 0 0.08813556521 0 0 0 0 0 0 0 0 0.3778279415 0 0 0 0 0 0 0 0 0 0 0 0 0 0 0 0 0 0 0 
0 0 0 0 0 0 0 0 0 0 0 0 0 0 0 0 0.02607738225 0 0 0 0 0 0 0 0 0 0 0 0 0 0 0 0.01381352767 0.001141277359 0 0 0 0 0 0 0.1012992391 0 0 0 0 0 0 0 0 0 0 0 0 0 0 0 0 0 0 0 0 0.001087445072 0 0 0.1282458686 0 0 0 0 0 0 0 0 0 0 0 0 0 0 0 0 0 0.3901682229 0 0 0 0 0 0 0 0 0 0 0 0 0 0 0 0 0 0 0 0 0 0 0 0.310189892 0 0 0 0 0 0 0 0 0 0 0 0 0 0 0 0 0 0 0 0 0 0 0 0 0 0 0 0 0 0 0 0 0 0.1994009554 0 0 0 0 0 0 0 0 0 0 0 0 0 0 0 0 0 0 0 0 0 0 0 0 0 0 0 0 0 0 0 0 0 0 0 0 0 0 0 0 0 0 0 0 0 0 0 0 0 0 0 0 0 0 0 0 0 0 0 0 0 0 0 0 0 0 0 0 0 0 0 0 0 0 0 0 0.7183182089 0 0 0 0 0 0.1114799366 0 0 0 0.04970764794 0 0 0 0 0 0 0 0 0 0 0 0 0 0 0 0 0.486607671 0 0 0 0 0 0 0 0 0 0 0 
0 0 0 0 0 0 0 0 0 0 0 0 0.1341383098 0 0 0 0 0 0 0 0 0 0 0 0 0 0 0 0 0 0 0 0 0 0 0 0 0 0 0 0 0 0 0 0 0 0 0 0 0.1188154081 0 0 0 0 0 0 0 0 0 0 0 0 0 0 0 0 0.0006515898569 0.00142800175 0 0 0.075576742 0.2002307581 0 0 0 0 0 0 0 0 0 0 0 0 0.3239550215 0 0 0 0 0 0 0.09162018365 0 0 0 0 0 0.2116676248 0.6708446928 0 0 0 0 0 0 0 0 0 0 0 0 0 0 0 0 0 0 0 0 0 0 0 0 0 0 0 0 0 0 0 0 0 0 0 0 0 0 0 0 0 0 0 0 0 0 0 0 0 0 0 0 0 0 0 0 0 0 0 0 0 0 0 0 0 0 0 0 0.01671304043 0 0 0 0 0 0 0 0 0 0 0 0 0 0 0 0 0 0 0 0 0 0 0 0 0 0 0.1625093321 0 0 0 0 0 0 0 0 0 0 0 0 0 0 0 0 0 0 0 0 0 0 0 0 0 0 0 0 0 0.4859021415 0 0 0.007128404843 0 0 0 0 0 0 0 0 0 0 0 0 0 0 0 0 0 0 0 0 0 0 0 0 0 0 0 0 
0 0 0 0 0 0 0 0 0 0 0 0 0 0.055233603 0 0 0 0 0 0 0 0 0 0 0 0 0 0 0 0 0 0.005197649407 0.05786400072 0 0 0 0 0 0 0 0 0 0 1.618649847 0 0 0 0 0 0 0 0 0.1355169082 0 0 0 0.1897791727 0 0 0 0 0 0 0 0 0 0 0 0 0 0 0 0 0 0 0 0 0 0 0 0 0.233977745 0 0 0 0 0 0 0 0 0 0 0.1083759903 0 0 0 0 0 0 0 0 0 0.03198882404 0.0234369982 0 0 0 0 0 0 0 0 0 0 0 0 0 0 0 0 0 0 0 0.06366468676 0 0 0 0 0 0 0 0 0 0 0 0 0 0.1609674345 0 0 0 0 0 0 0.09586131748 0 0 0 0 0.4708634587 0 0 0 0 0 0 0 0 0 0 0 0 0 0 0 0 0 0 0 0 0 0 0 0.1647434233 0 0 0 0 0 0 0 0 0 0 0 0 0 0 0 0 0 0 0 0 0 0.8747301273 0.233391549 0 0 0 0 0 0 0 0 0 0 0 0 0 0 0 0 0 0 0 0 0 0 0 0 0 0 0 0 0 0 0.1720637328 0 0 0 0 0 0 0 0 0 0 0 0 0 0 0 0 0 0 0 0 0 0 0 0 0 0 0 0 
0 0 0 0 0 0 0 0 0 0 0 0 0 0 0 0 0 0 0 0.0002118489545 0 0 0 0 0 0 0 0 0 0 0 0 0 0 0 0 0 0 0 0 0.000223479797 0 0 0 0 0 0 0 0 0 0 0 0 0 0 0 0 0 1.377780579 0 0 0 0 0 0 0 0 0 0 0 0.1205258623 0 0 0 0 0 0 0 0 0 0 0 0 0 0 0 0.09053692723 0 0 0 0 0 0 0 0 0 0 0 0 0 0 0 0 0 0 0 0 0 0 0 0 0 0 0 0 0 0 0 0 0 0 0 0 0 0 0 0 0 0 0 0 0 0.005570733409 0 0 0 0 0 0 0 0.5833123534 0 0 0 0 0 0 0 0 0 0 0 0 0 0 0 0 0 0 0 0 0.9920849815 0.3540435072 0 0 0 0 0 0 0 0 0 0 0 0.0008495496358 0 0 0 0 0 0 0 0 0 0 0 0.8321649185 0 0 0 0.2064457734 0.2566841096 0 0 0 0 0 0 0 0 0 0 0 0 0 0 0 0 0 0.04655078347 0 0 0 0 0 0.03250038776 0 0 0 0 0 0 0 0 0 0.049826791 0 0 0 0 0 0 0 0.4566336023 0 0 0 0 0 0 0 0 0 0 0 0 0 0 0 0 0 0 0 0 0 0 
0 0 0 0 0 0 0 0 0 0 0 0 0 0 0 0 0 0 0 0 0 0 0 0 0 0 0 0 0 0 0 0 0 0 0 0 0 0 0 0 0 0 9.449983254e-06 0 0 0.0623689437 0 0 0 0 0.0007964824736 0 0 0 0 0 0 0 0 0 0 0 0 0 0.01863318939 0 0 0 0 0 0 0 0 0 0 0 0 0 0 0 0 0 0 0 0 0 0 0 0 0 0 0 0 0 0 0 0 0 0 0 0 0 0 0 0 0 0 0 1.141390885 0 0 0 0 0 0 0 0 0 0 0 0 0 0 0.073340896 0 0 0 0 0 0.07145027493 0 0 0 0 0 0 0 0 0 0 0 0 0 0.1972672355 0 0 0 0 0 0 0.3231264786 0.1845284129 0 0 0 0 0 0 0 0 0 0 0 0 0 0 0 0 0 0 0 0 0 0 0 0 0 0 0.2283230832 0 0 0 0 0 0 0 0 0 0 0 0 0 0 0 0 0 0 0 0 0 0 0 0 0 0 0 0 0 0 0 0 0.4017123844 0 0 0 0.5154508842 0 0 0 0 0 0 0 0 0 0 0 0 0 0 1.117387557 0 0 0 0 0 0 0 0 0 0 0 0 0 0 0 0 0 0 0 0 0 0 0 0 0 
0.2999201044 0 0.02987321486 0 0 0 0 0 0 0 0 0 0 0 0 0 0 0.3338064563 0 0 0 0 0 0 0 0 0 0 0 0 0 0 0 0 0 0 0 0 0 0 0 0 0 0 0 0 0 0 0 0 0 0 0 0 0 0 0 0 1.554817459 0 0 0 0.09418268222 0 0 0 0 0 0 0 0 0 0 0 0 0 0 0 0 0 0.2289018451 0 0 0 0 0 0 0 0 0 0 0 0 0 0 0 0 0 0 0 0 0 0 0 0 0.1351754125 0 0 0 0 0 0 0 0 0 0 0.8631094894 0.2066274963 0 0 0 0 0 0 0 0 0 0 0 0 0 0 0 0 0 0 0 0 0 0 0 0 0 0 0 0 0 0 0 0 0 0 0.03641017742 0 0 0 0 0 0 0 0 0 0.3079206422 0 0 0 0 0 0 0 0 0 0 0 0 0 0 0 0.09434351237 0 0 0 0 0.04076815088 0 0 0 0 0 0 0 0 0 0 0 0.05525800041 0 0 0 0 0 0 0 0 0 0 0 0 0 0.1685878852 0 0 0 0 0 0 0 0 0.09982422125 0.522458452 0 0 0 0 0 0.05364401403 0 0 0 0 0 0 0 0 0 0 0 0 0 0 0 0 0 0.0001399303214 0 0 0 0 0 0 0 0 0 0 0 0 
0 0 0 0 0 0 0.03714161909 0 0 0 0 0 0 0 0 0 0 0 0 0 0 0 0 0 0 0 0 0 0 0 0 0 0.09281031647 0 0 0 0 0 0 0 0 0 0 0 0 0 0 0 0 0 0 0 0 0 0 0.2263105084 0 0 0 0 0 0 0 0 0 0 0 0 0 0 0 0 0 0 0 0 0 0 0 0 0 0 0 0 0 0 0 0 0 0 0 0 0 0 0 0 0 0 0 0 0 0 0 0 0 0 0 0 0 0.1798664202 0 0 0 0 0 0 0 0 0 0 0 0 0 0 0 0 0 0 0 0 0 0 0 0 0.2776142394 0 0 0 0 0 0 0 0 0 0 0 0 0 0 0 0 0 0 0 0 0.1253003738 0 0 0 0 0 0 0 0 0 0 0 0 0 0 0 0 0 0 0 0 0 0 0 0 0.3794354477 0 0 0 0 0 0 0 0 0 0 0.4712871345 0 0 0 0 0 0 0.132644056 0 0 0 0 0 0 0 0 0 0 0 0 0 0 0 0 0 0 0 0 0 0 0 0 0 0 0 0.9493526297 0 0 0 0 0 0 0 0 0 0 0 0 0 0 0 0 0 0 0 0 0.232304682 0 0 0 0 0 0 0 0 
0 0 0 0 0 0 0 0 0 0 0 0 0 0 0 0 0 0 0 0 0 0 0 1.268368801 0.9832251329 0 0 0 0 0 0 0 0 0 0 0 0 0 0 0 0 0 0 0 0 0 0 0 0.2893324398 0 0 0 0 0 0 0 0 0.00713305164 0 0 0 0 0 0 0 0 0 0 0 0 0 0 0 0 0 0 0 0 0 0 0 0.1202942294 0 0 0 0 0 0 0 0 0 0 0 0 0 0 1.076332867 0 0 0 0 0 0 0.1453445996 0 0.09053179667 0 0 0 0 0 0 0 0 0 0 0 0.1145864677 0 0.4661560161 0 0 0 0 0 0 0 0 0 0 0 0 0 0 0 0 0 0 0 0 0 0 0 0 0 0 0 0 0 0.1114804089 0 0 0 0 0 0 0 0 0 0 0 0 0 0 0 0 0 0 0 0 0 0.1299477173 0 0 0 0 0 0 0 0 0 0 0 0 0 0 0 0 0 0 0 0 0 0 0 0 0 0 0 0 0 0 0 0 0 0 0 0 0 0 0 0 0 0 0 0 0 0 0 0 0 0 0 0 0 0 0 0 0 0 0 0 0 0 0 0 0.07857210468 0 0 0 0 0 0 0 0 0 0 0.005266098614 0 0 0 0 0 0 0 0 
0 0 0 0 0 0 0 0 0 0 0 0 0 0.08864235033 0 0 0 0 0 0 0 0 0 0 0 0 0.09190160541 0 0 0 0 0 0 0 0 0 0 0 0 0 0 0 0 0 0 0 0 0 0 0 0 0 0.007212911467 0 0 0 0 0 0 0 0.1759459385 0 0 0 0 0 0 0 0 0 0 0.4180492743 0 0 0.06633352476 0 0 0 0 0 0 0 0 0 0 0 0 0 0 0 0 0 0 0 0 0 0 0 0 0 0 0 0 0 0 0.5061677905 0 0.005559373705 0 0 0 0.7213978025 0 0 0 0 0 0 0 0 0 0 0 0 0 0 0 0 0 0 0 0 0 0 0.002528423304 0 0 0 0 0 0 0 0 0 0 0 0 0 0 0 0 0 0 0 0 0 0 0 0 0 0 0 0 0 0 0 0 0 0 0 0 0 0 0 0 0 0 0 0 0 0 0 0 0 0 0 0 0 0 0 0 0 0 0 0 0 0 0 0.05053742243 0 0 0 0 0 0 0 0 0 0 0 0 0 0 0 0 0 0 0 0 0 0.006056779874 0 0 0 0 0 0 0 0 0 0 0 0 0 0 0 0 0 0 0 0 0 0.05551049514 0 0 0 0 0 0 0.1399403117 0 0 0 0 0 0 
0 0 0 0 0.0004996180368 0 0 0 0 0 0 0 0 0 0 0 0 0 0 0 0 0 0 0 0 0 0 0 0 0 0 0 0 0 0 0 0 0 0 0 0 0 0 0 0 0 0 0 0 0 0 0 0 0 0 0 0 0 0 0 0 0 0 0 0.02060031319 0 0 0 0 0 0 0 0 0 0 0 0 0 0 0 0.1164622216 0 0 0 0 0 0 0 0 0 0 0 0 0 0 0 0 0 0 0 0 0 0 0 0 0.3205062168 0.4557969807 0 0 0 0 0 0 0 0 0 0 0 0 0 0 0 0 0 0 0 0.2546723391 0 0 0 0 0 0 0 0 0 0 0 0 0 0 0 0 0 0 0 0 0 0 0 0 0 0 0 0 0.3146691707 0 0.681397255 0 0 0 0 0 0 0 0 0 0 0 0.3383721005 0 0 0 0 0.04737257186 0 0 0 0 0 0 0.02931854169 0 0 0 0 0 0 0 0 0 0 0 0 0 0 0 0 0 0 0 0 0 0 0 0 0 0 0 0 0 0 0 0 0 0 0 0 0 0 0 0 0 0 0 0 0 0 0 0 0 0 0 0 0 0 0.9031498416 0 0 0 0 0 0 0 0 0 0 0 0 0 0 0 0 0 0.2456402473 0 
0.06554222518 0.02565787184 0 0.04588160349 0 0 0 1.179027997 0 0 0 0 0 0 0 0 0 0 0 0 0 0 0 0 0 0 0 0 0 0 0 0 0 0 0 0 0 0.5096123113 0.006626062054 0 0 0 0.0006812276826 0 0 0 0 0.001588023326 0 0 0 0 0 0 0 0 0 0 0 0 0 0 0 0 0 0 0 0 0 0 0 0 0 0 0 0 0 0 0 0 0 0 0 0 0 0 0 0 0 0 0 0 0 0 0 0 0 0 0.64970083 0 0 0 0 0 0 0 0 0 0 0 0 0 0 0 0 0 0 0 0 0 0 0 0 0 0 0 0 0 0 0 0 0 0 0 0 0 0 0 0 0 0 0 0 0 0 0 0 0 0 0 0 0 0 0 0 0 0 0 0 0 0 0 0.1184433423 0 0 0 0 0 0 0 0 0 0 0 0 0 0 0.04643843474 0 0 0 0 0 0 0 0 0 0 0 0 0 0 0 0 0 0 0 0 0 0 0 0 0 0 0 0 0 0 0 0 0 0 0 0 0 0 0 0 0 0.01540316024 0 0 0 0 0 0 0 0 0 0 0 0 0 0 0 0 0 0 0 0 0 0 0 0 0 0 0 0 0 0 0 0 0 0 0 0 
0 0.004072373202 0 0 0 0 0 0 0 0 0 0 0 0 0 0 0 0 0 0 0 0 0 0 0 0 0 0 0.04838909733 0 0 0 0 0 0 0 0 0 0 0 0 0 0 0 0 0 7.838868723e-06 0 0 0 0 0 0 0 0.01878488766 0 0 0.1552425196 0 0 0 0 0 0 0 0.1239141848 0 0 0 0 0 0 0 0 0 0 0 0 0 0 0 0 0 0 1.510650975 0 0 0 0 0 0 0 0 0 0.07814256181 0 0 0 0 0 0 0 0 0 0 0.4346764099 0 0 0 0.193910123 0.01098568023 0 0 0 0 0 0 0 0 0 0 0 0 0 0 0 0 0 0 0 0 0 0 0 0 0 0 0 0 0 0 0 0 0 0 0 0 0 0 0 0 0 0 0.0310794832 0 0 0 0 0 0 0 0 0 0 0.04337371814 0 0 0 0 0 0 0 0 0 0 0 0 0 0 0 0 0 0 0.4498038758 0 0 0 0.06317432583 0 0 0 0 0 0.1972140903 0 0 0 0 0 0 0.4818268382 0 0 0 0 0 0 0 0 0 0 0 0 0 0 0 0 0 0 0 0 0 0 0 0.1014822993 0 0 0 0 0 0 0 0.03099317765 0.0006484708995 0 0 0 0 0 0 0 0 0 0 0 0 0 0.05372000291 0 0 0 0 0 0 0 0 
0.1228762238 0 0 0 1.474457658 0 0 0 0 0.06776142573 0 0 0 0 0 0 0.3916603905 0.2680392045 0 0 0 0 0 0 0 0 0 0 0 0 0 0 0 0 0 0 0 0 0 0 0 0 0 0 0.2456349581 0 0 0 0 0 0 0 0 0 0 0 0 0 0 0 0 0 0 0 0 0 0.5100446802 0 0 0 0 0 0 0 0 0 0 0 0 0 0 0 0 0.1672911234 0 0 0 0 0 0 0 0 0.0165178323 0 0 0 0 0 0 0 0 0 0 0 0 0 0 0 0 0 0 0 0 0 0.5311720118 0 1.503172967 0 0 0 0 0 0 0 0 0 0 0 0 0 0 0 0 0 0 0 0 0 0 0.1250417915 0 0 0 0 0 0 0 0 0 0 1.643180437 0 0 0 0 0 0 0 0 0 0 0 0 0.1182592634 0 0 0 0 0 0 0 0 0 0 0.1000433462 0 0 0 0 0.01784800325 0 0 0 0 0 0 0 0.1889375334 0 0 0 0 0 0 0 0 0 0 0 0 0 0 0 0 0 0 0 0 0 0 0 0 0.3383454281 0 0 0 0 0 0 0 0 0 0 0 0 0 0 0 0 0 0 0 1.143493025 0 0 0 0 0 0 0 0 0 0 0 0 0 0 0 0 0 0 0 0 0 0 0 
0 0 0 0 0 0 0 0 0.3788104302 0 0 0 0 0 0 0 0 0 0 0 0 0 0.9615668595 0 0 0 0 0 0 0 0 0.08290881221 0 0 0 0 0 0 0.08761931219 0 0 0 0 0 0 0 0 0 0 0 0 0 0 0 0 0 0 0 0 0 0 0 0 0 0 0 0 0 0 0 0 0 0 0 0 0 0 0 0 0.04333035127 0 0 0 0 0 0 0 0 0 0 0.06711021349 0 0 0 0 0 0 0 0 0 0 0 0 0 0 0 0 0 0 0 0 0 0 0 0 0 0 0 0 0 0 0 0 0 0 0 0 0 0 0 0 0 0 0 0 0 0 0 0 0 0 0 0 0 0 0 0 0 0 0 0 0 0 1.022035803 0 0 0 0 0 0 0 0 0 0 0 0 0 0 0 0 0 0 0 0 0 0 0 0 0 0 0 0 0 0 0 0 0 0 0.07744781472 0 0 0 0 0 0 0 0 0 0.1695427174 0 0 0 0 0 0 0 0 0 0 0 0 0 0 0 0 0 0 0 0 0 0 0 0 0 0 0 0 0 0 0 0 0 0 0 0 0 0 0 0 0 0 0 0 0 0 0.5291334052 0 0 0 0 0 0 0 0 0 0 
0 0 0 0 0 0 0 0 0 0 0 0 0 0 0 0.01990405119 0 0 0 0 0 0 0 0 0 0 0 0.112919143 0 0 0 0.1500447462 0 0 0 0 0 0 1.480861868 0 0 0 0 0 0 1.014490477 0 0 0 0 0 0 0 0 0 0 0 0 0 0 0 0 0 0 0 0 0 0 0 0 0 0 0 0.539014012 0 0 0 0.06682048294 0 0 0.5344677132 0 0 0 0 0 0 0 0 0 0 0 0 0 0 0 0 0 0 0 0 0 0 0 0 0 0 0 0 0.1201260419 0 0 0 0.2795969691 0 0 0 0 0 0 0 0 0 0 0 0 0 0.003986622857 0 0 0 0.006509547451 0 0 0 0 0 0.009931739762 0.3077916434 0 0 0 0 0 0 0 0 0 0 0 0 0 0 0 0 0 0.01011427661 0 0 0.1836399977 0 0 0 0 0 0 0 0 0 0 0 0 0 0 0 0 0 0 0 0 0 0 0 0 0 0 0.2257583453 0 0 0.002625600344 0 0.05884449865 0 0 0 0 0 0 0 0 0.2401544133 0 0.475737248 0 0 0 0 0 0.006468805951 0 0 0 0 0 0 0 0 0 0 0 0.1742225858 0 0 0 0 2.445190865e-05 0 0 0 0 0 0.01919114747 0.4639892319 0 0 0 0 0 0 0 0 0 0 0 0 0 0 0 0 0 0.03099330075 0 0 0 0.9367980053 0 
0 0 0.215185837 0 0 0 0 0 0 0 0 0 0 0 0 0 0 0 0 0 0 0 0 0 0 0 0 0 0 0.5083899012 0 0 0 0 0 0 0 0 0 0 0 0 0 0 0 0 0 0 0 0 0.02411436444 0 0 0 0 0 0 0 0 0 0.1250707381 0 0 0 0 0 0.2377292855 0 0 0 0 0 0.03522461107 0 0 0 0 0.001672186592 0 0 0 0 0 0 0.03865535204 0 0 0 0 0 0 0 0 0 0 0 0 0 0 0 0 0 0 0 0 0 0 0.135616061 0 0 4.385125761 0 0 0 0 0 0 0 0 0 0 0 0.4008919952 0 0.003313530934 0 0 3.289262572 0 0 0 0 0 0 0 0 0 0 0 0 0 0 0 0 0 0 0 0 0 0 0 0 0 0 0 0 0 0.01215721544 0 0 0 0 0 0 0 0 0 0 0 0 0 0 0 0 0.02045136813 0 0 0 0 0 0 0 0 0 0 0 0 0 0 0 0 0 0 0 0 0 0 0 0 0 0 0 0 0 0 0 0 0.1741167038 0 0 0 0 0 0 0 0 0.0522529666 0 0 0 0 0 0 0 0 0 0 0 0 0 0 0 0 0 0 0 0 0 0 0 0 0 0 0 0 0.1093998582 0 0 0.01663618688 0 0 0.03499311697 0 0 0.07726199959 0 
0 0 0 0 0 1.040200078 0 0 0 0 0 0 0 0 0 0.0002161426228 0 0 0 7.341133175e-05 0 0 0 0 0 0 0 0 0 0 0 0 0 0 0.154794456 0 0 0 0 0 0 0 0 0 0 0 0 0 0 0 0 0 0 0 0 0 0 0 0 0 0 0 0 0 0 0.078771069 0 0 0 0 0 0 0 0 0 0 0 0 0 0 0 0 0 0 0 0 0 0 0 0 0 0.4930854247 0 0 0 0 0 0 0 0 0 0 0 0 0.3609734527 0 0 0 0 0 0 0 0 0 0 0 0 0 0.014870144 0 0 0 0 0 0 0 0 0 0 0 0 0 0 0 0 0 0 0 0 0 0 0 0 0 0 0 0 0 0 0 0 0 0 0 0 0 0 0 0 0 0 0.3647350745 0 0 0 0 0 1.340948809 0 0 0 0 0 0.08419148168 0 0 0 0 0 0 0 0 0 0 0 0 0 0 0 0 0.388172724 0 0.2489135565 0 0 0 0 0 0 0 0 0 0 0 0 0 0 0 0 0 0 0 0 0 0 0 0 0 0 0 0 0 0 0 0 0.1735930734 0 0 0 0 0 0 0.006472475816 0 0 0 0 0 0 0 0 0 0 0 0 0 0 0 0 0.1195224217 0 0 0 0 0 0 
0 0 0 0.2764962508 0 0 0 0 0 0 0 0 0 0 0 0 0 0 0 0 0 0 0 0 0 0 0 0 0 0 0 0 0 0 0 0 0 0 0 0 0 0 0 0 0 0 0 0 0 0 0 0 0 0 0 0 0 0 0 0 0 0 0 0 0 0 0 0 0 0 0.3781868749 0 0 0 0 0 0 0 0 0 0 0 0 0 0 0 0 0 0 0 0 0 0 0 0 0 0 0 0 0 0 0 0 0 0 0 0 0 0 0 0 0 0 0 0 0 0 0 0 0 0 0 0 0 0 0 0 0 0 0 0.5327730864 0 0 1.535122389 0.3800280519 0 0 0 0.1588464592 0 0 0 0 0 0 0 0 0 0 0 0 0 0 0 0 0 0 0 0 0 0 0 0 0 0 0 0 0 0 0.1692939327 0 0 0 0 0 0 0 0 0 0 0 0 0 0 0 0 0 0 0 0 0 0 0 0 0 0 0 0 0 0 0 0 0 0 0 0 0 0 0 0 0 0 0 0 0.009446932117 0 0 0 0 0 0 0 0.2370650253 0 0 0 0 0.1427758646 0 0.1040679968 0 0 0 0 0 0 0 0 0.06787615225 0 0 0 0 0.5186897183 0 0 0 0 0.0006559455684 0 0 0 0 0 0 0 
0 0 0 0 0 0 0 0 0 0 0 0 0 0 0 0 0 0 0 0 0 0 0 0 0 0 0 0 0 0 0 0 0 0.008725533324 0 0 0 0 0 0 0 0 0 0 0 0 0 0 0 0 0 0 0 0 0.01999354454 0 0 0 0 0 0 0 0 0 0 0 0.3480295573 0 0 0 0 0 0 0 0 0 0 0 0 0 0 0.05962936675 0 0 0 0.4420350832 0 0 0 0 0 0 0 1.521303731 0 0 0 0 0 0 0 0 0 0 0 0 0.9787222068 0 0 0 0 0 0 0 0 0 0 0 0 1.568164027 0 0 0 0 0 0 0 0 0 0 0 0 0 0 0 0 0 0 0 0 0 0 0 0 0 0 0 0 0 0 0 0 0 0 0 0 0 0 0 0 0 0 0 0 0 0 0 0 0 0.0824847723 0 0 0 0 0 0 0 0.365629959 0 0 0 0 0 0 0 0.1900014419 0 0 0.081911674 0 0 0 0 0 0 0 0 0 0 0 0 0 0 0 0 0 0 0 0 0 0 0 0 0 0 0 0 0 0 0 0 0 0 0 0 0 0 0 0 0 0 0.1580868086 0 0 0 0 0 0 0 0 1.58493627 0.1855762567 0 0 0 0 0 0 0 0 0 0 0 0 0 0 
0 0 0.008405907728 0 0 0 0 0 0 0 0 0 0 0 0 0 0 0 0 0 0 0 0 0 0 0 0 0 0 0 0 1.347576585 0 0 0 0 0 0 0 0 0 0 0 0 0 0 0.02406570405 0 0 0 0 0 0 0 0 0 0 0 0 0 0 0 0 0.3809745465 0 0 0 0 0 0 0 0 0 0 0 0 0 0 0 0 0 0.5923749062 0 0 0 0.3970111674 0 0 0 0 0 0 0 0 0 0 0.5495760197 0 0.2463939612 0 0 0 0 0 0 0 0 0 0 0 0 0 0 0 0 0 0 0.01181086515 0 0 0 0 0 0 0 0 0 0 0 0 0 0 0 0 0.5283349685 0 0 0 0 0 0 0 0 0 0 0 0 0 0 0 1.185551317 0 0 0 0 0 0 0 0 0 0 0 0 1.044918525 0 0 0 0 0 0 0 0 0 0 0 0 1.371069008 0 0 0 0 0 0 0 0 0 0 0 0 0 0 0 0 0 0 0 0 0 0.1909808769 0 0 0 0 0 0.03418381256 0 0 0 0 0 0 0 0 0 0 0 0 0 0 0 0 0 0 0 0 0 0 0 0 0 0 0 0 0 0 0 0 0 0 0 0 0 0 0 0 0 0 0 0 0 0 0 0 0 0 0 
0 0 0 0 0 0 0 0 0 0 0 0 0 0 0 0 0 0 0 0 0 0 0 0 0 0 0.04187145203 0 8.560545237e-05 0 0 0 0.109353807 0 0 0 0 0 0 0 0 0.07392577959 0 0 0 0 0 0 0 0 0 0 0 0 0 0 0 0 0 0 0 0 0 0 0 0 0 0 0 0 0 0 0 0 0.02855867924 0 0 0 0 0 0 0.04366268923 0 0 0 0.7490871517 0 0 0 0 0 0 0 0 0 0 0 0 0 0 0 0 0 0 0 0 0 0 0 0.2811012065 0 0 0 0 0 0 0 0 0 0 0 0 0 0 0 0 0 0 0 0 0 0 0 0 0 0 0 0 0 0 0 0 0 0 0 0 0 0 0 0 0 0 0 0 0 0 0 0.2138474213 0 0 0 0 0 0 0 0 0 0 0 0 0 0 0 0 0 0 0 0 0 0 0.1784713832 0 2.409820868 0 0 0 0 0 0 0 0 0 0 0 0 0 0 0 0 0 0 0 0 0 0 0 0 0 0 0 0 0 0 0 0 0.1165377729 0 0 0 0 0 0 0 0 0 0 0 0 0 0 0 0 0 0 0 0 0.01889373535 0 0 0 0 0 0 0 0 0 0 0 0 0 0 0 0 0 0 0 
0 0 0 0 0 0 0 0 0 0 0 0 0 0 0 0 0 0 0 0.0006833228039 0 0 0 0 0 0 0 0 0 0 0 0 0 0 0 0 0 0 0 0 0 0 0.5053475959 0 0 0 0 0 0 0 0 0 0 0 0 0 0 0 0 0 0 0 0 0 0 0 0 0 0 0 0 0 0 0 0 0 0 0 0 0 0 0 0 0 0 0 0 0 0 0 0 0.1063453192 0 0 0 0 0 0.008444543019 1.505241548 0 0 0 0 0 0.1692053159 0 0 0 0 0 0 1.013686593 0 0 0 0 0 0 0 0.7764760216 0 0 0 0 0 0 0 0 0 0 0 0 0 0 0 0 0 0 0 0 0 0 0.771439432 0 0 0 0 0 0 0 0 0 0 0 0 0 0.1881654895 0 0 0 0 0 0 0 0 0 0 0 0 0 0.6755972015 0 0 0 0 0 0 0 0 0 0 0 0 0 0 0 0 0 0 0.003545188637 0 0 0 0 0 0 0 0.002305658867 0.07438064551 0 0 0.2029348844 0 0 0 0 0 0 0 0 0 0 0 0 0 0 0 0 0 0 0 0 0 0 0 0 0 0 0 0 0 0 0 0 0 0 0 0 0 0 0 0 0 0 0 0 0 0 0 0 0 0.4717881654 0 0.1736171636 0 0 
0.1062560086 0 0 0 0 0.03265429038 0.5064722175 0 0 0 0 0 0 0 0 0 0 0.05382047381 0 0 0 0 0 0 0 0 0 0 0 0 0 0.9269876194 0 0 0 0 0 0 0 0 0 0 0 0 0 0 0 0.2124245594 0 0.394217394 0 0 0 0 0 0 0 0 0 0 0 0 0 0 0 0 0.2057965754 0.3675938985 0 0 0 0 0.2976111329 0 0 0 0 0 0 0 0 1.706121774 0 0 0 0 0 0 0 0 0 0 0 0 0 0 0 0 0 0 0 0 0 0 0 0 0 0 0 0 0 0 0 0.03045931644 0 0 0 0 9.845164797 0 0 0 0 0 0 0 0 0 0 0 0 0 0 0.01302386232 0 0 0 0.6344761018 0 0 0 0 0 0 0 0 0 0 0 0 0 0 0 0 0 0 0 0 0 0 0 0 0 0 0 0 0 0 0 0 0.8860253768 0 0 0 0 0 0 0 1.107585403 0 0 0 0 0 0 0 0 0 0 0 0 0 0 0 0.2603716472 0 0 0 0 0 0 0 0 0 0 0 0 0 0 0 0 0 0 0 0 0 0 0 0 0 0 0 0 0 0 0 0 0 0 0 0 0 0 0 0 0 0 0 0 0 0 0 0 0 0 0 0 0 0 0 0 0 0 0 0 0 
0 0.08064062358 0 0 0 0 0 0 0 0 0 0 0 0 0 0 0 0 0 0 0 0 0 0 0 0 0 0 0 0 0 0 0 0 0 0 0 0 0 0 0 0 0 0 0 0 0 0 0 0 0 0 0 0 0 0 0 0 0 0 1.412430706 0 0.07655060667 0 0 0 0 0 0 0 0 0 0 0 0 0 0 0 0 0 0 0 0 0 0 0 0 0 0 0 0 0 0 0 0 0 0 0 0 0 0 0 0 0 0 0 0 0 0 0 0 0 0 0 0 0 0 0 0.1944341347 0 0 0 0 0 0 0 0 0 0 0 0 0 0 0 0 0 0 0 0 0 8.633797597 0 0 0 0 0 0.1859451392 0 0 0 0 0 0 0 0 0 0 0 0 0 0 1.632283756 0 0 0 0 0 0 0 0 0 0 0 0 0 0 0 0 0 0 0 0 0 0 0 0 0 0 0 0 0 0 0.6138650876 0 0 0 0.06183434501 0 0 0 0 0 0 0 0 0 0.5291216482 0 0 0 0 0 0 0 0 0 0 0 0 0 0 0 0 0 0 0 0 0 0 0 0 0 0 0 0 0 0 0 0 0.03582919195 0 0 0 0 0 0 0.2935932239 0.7642029349 0 0 0.04852358965 0.7037473536 0 0 0 0 
0 0 0 0 0 0 0 0 0 0 0 0 0 0 0 0 0 0 0 0 0 0 0 0 0 0 0 0 0 1.553335466 0 0 0 0 0 0 0 0 0 0 0 0 0 0 0 0 0 0 0 0 0 0 0 0.01211412459 0 0.323810558 0 0 0 0 0 0 0 0 0 0 0 0 0 0 0 0 0 0 0 0 0 0 0 0 0 0 0 0 0 0 0 0 0 0 0 0 0 0 0 0 0 0 0 0 0 0 0 0 0 0 0 0 0 0 0 0 0 0 0 0 0 0 0 0 0 0 0 0 0 0 0 0 0 0 0 0 0 0 0 0 0.003514802206 0.05725073837 0 0.3429242492 0 0 0 0 0 0 0 0 0 0 0 0 0 0 0 0 0 0 0 0 0 5.587445223 8.008411982 0 0 0 0 0 0 0 0 0 0 0 0 0.1192162187 0 0 0 0 0 0 0 0 0 0 0 0 0 0 0 0 0 0 0 0 0 0 0 0.6069693661 0 0 0 0 0 0 0.1832953977 0 0 0 0 0 0 0 0 0 0 0 0 0 0 0 0 0 0 0 0 0 0 0 0 0 0 0 0 0 0 0 0 0 0 0 0 0 0.1097140457 0 0 0 0 0 0 0 0 0 0 0 
0 0 0 0 0.0833246732 0 0 0 0 0 0 0 0 0 0 0 0 0 0 0 0 0 0 0 0 0 0 0 0 0 0 0 0 0 0 0 0 0 0 0 0 0 0 0 0 0 0 0 0 0 0 0 0 0 0 0 0 0 0 0 0.2940849373 0 0 0 0 0 0.03291942195 0 0 0 0 0 0 0 0 0 0 0 0 0 0 0 0 0 0 0.287359587 0 0 0 0 0 0 0 0 0 0 0 0 0 0 0 0 3.714138645 0 0 1.043842026 4.428999376 0 0 0 0 0 0 0 0 1.381656347 0 0 0 0 0 0 0 0 0 0.4944913985 0 0 0 0 0 0 0 0 0 0 0 0 0 0 0 0 0 0 0 0 0 0 0 0 0 0 0 0 0.4545017242 0 0 0 0 0 0 0 0 0 0 0 0 0 0 0 0 0 0 0 0 0 0 0 0 0 0 0 0 0 0 0 0 0 0 0 0 0 0 0 0 0 0 0.2306863607 0 0 0 0 0 0 0 0 0 0 0 0 0.2000523931 0.2094215576 0 0 0 0 0 0 0 0 0 0 0 0 0 0 0 0 0 0 0 0 0 0 0 0 0 0 0 0 0 0 0 0 0 0 0 0 0 0 0 0 0 0 0 0 
0 0.08132943252 0 0 0 0 0 0 0 0 0 0 0 0 0.5363819512 0 0 0 0 0 0 0 0 0 0 0 0 0 0 0 0 0.1656600118 0 0 0 0 0 0 0 0 0 0 0.224835086 0 0 0 0 0 0 0 0 0.245549633 0.01775330415 0 0 0 0 0 0 0 0 0 0.1351523123 0 1.223422516 0 0 0 0 0 0 0 0 0 0 0 0 0.3110795123 0 0 0 0 0 0 0 0 0 0 0 0 0 0 0 0 0 0 0 0 0 0 0 0 0 0 0 0 0 0 0 0 0 0 0 0 0 0 0 0.01464566851 0 0 0 0 0 0 0 0 0 0 0 0 0 0 0 0 0 0 0.6413560975 0 0 0 0 0 0 0 0.1599881115 0 0 0 0 0 0 0 0 0 0 0 0 0 0.2244208705 0 0 0 0.8884664416 0 0 0 0 0 0 0 0 6.526616786 0 0 0 0 0 0 0 0 0 0 0 0 0 1.708759043 0 0 1.495444556 0 0 0 0 0 0 0 0 0 0 0 0.3102061226 0 0 0 0 0 0 0 0 0 0 0 0 0 0 0 0 0 0 1.145027287 0 0 0 0 0 0 0 0 0 0 0 0 0 0 0 0 0 0 0 0 0 0 0 0 0 0 0 0 0 0 0 0 0 0 0 0 
0 0 0 0 0 0 0 0 0 0 0 0 0 0 0 0 0 0 0 0 0 0 0 0 0 0 0 0.1787932115 0 0 0 0 0 0 0 0 0 0 0 0 0 0 0 0 0 0 0 0 0 0 0 0 0 0 0 0 0 0 0 0 0 0 0 0 0 0 0 0 0 0 0 0 0 0 0 0 0 0 0 0 3.497253557 0 0 0 0 0 0 0 0 0.1382751238 0 0 0 0.4874503769 0 0 0 0.3198713782 0 0 0 0 0 0 0 0 0 0 0 0 0 0 0 0 0 0 0 0 0 0 0 5.551230332 0 0 0 0 0 0 0 0 0 0 0 0 0 0 0 0 0 0 0 0 0 0 0 0 0 0 0 0.1410969146 0 1.301664458 0 0 0 0 0 0 0 0 0 0 0 0 0 0 0 8.813213575 0 0 0 0 0 0 0 0 0 0 0 0.1974886741 0 0 0 0 0 0 0 0 0 0 0 0 0 0 0 0 0 0 0 0 0 0 0 0 0 0 0 0 0 0 0 0 0 0 0 0 0 0.319728349 0 0 0 0 0 0 0 0 0 0 0 0 0 0 0 0 0 0 0 0 0 0 0 0.2925327292 0 0 0 0 0 0 0 0 0 0 0 0 0 0 
0 0 0 0 0 0 0 0 0 0 0 0 0 0 0 0 0 0.08032813273 0 0 0 0 0 0 0 0 0.8985447336 0 0 0 0 0 0 0 0 0 0.05374429908 0 0 0 0 0 0 0 0 0 0 0 0 0 0 0 0 0 0 0 0 0 0 0 0 0 0 0 0 0 0 1.272720169 0 0.5324006299 0 0 0 0 0 0 0 0 0 0 0 0 0 0 0 0 0 0 0 0 0 0.0006792150236 0 0 0 0 0.2950841246 0 0 0 0 0 0 0 0.8181133303 0 0 0 0 0 0 0.6038351441 0 0 0 0 0 0 0 0 0 0 0 0 0 0 0 0 1.75905881 0 0 0 0 0 0 0 0 1.111645672 1.764663239 0 0 0 0 0 0 0 0 0 0 0 0.2023688167 0 0 0 0 0 0 0 0 0 0 0 0 0 0 0 0 0 0 0 0 0 0 0 0 0 0 0 0 0 0 0 0 0 0 0 0 0 0 0 0 0 0 0 0 0 0 0 0.05306221644 0 0 0 0 0 0 0 0 0 0 0 0 0 0 0 0 0.1290990317 0 0 0 0 0 0 0 0 0 0 0.1310395201 0 0 0 0 0 0 0 0 0 0 0.3519604012 0 0 0 0.09302717369 0 0 0 0 0 0 0 0 0 0 0 0 0 0 
0 0 0 0 0 3.985778251e-05 0 0 0 0 0 0.01380799598 0 0 0 0.12861977 0 0 0 0 0 0 0 0 0 0 0 0 0 0 0 0 0 0 0 0 0 0 0 0 0 0 0 0 1.397554776 0 0.0157222108 0 0 0 0 0 0 0 0 0 0 0 0 0 0 0 0 0 0 0 0 0 0 0 0 0 0 0 0 0 0 0 0 0 0 0 0 0 0 0 0 0 0 0 0 0 0 0 0 0 0 0 0 0 0 0 0 0 0 0 0 0 0 0 0 0 0 0 0 0 0 0 0 0 0 0 0 0 0 0 0 0 0 0 0 0 0 0 0 0 0 0 0 0 0 0 0 0 0 0 0 0 0 0 0 0 0 0 0 0 0 0 0 0 0 0 0 0 2.497174728 0 0 0 0 0 0 0 0 0 0 0 0 0 0 0 0 0 0 0 0 0 0 0 0 0.01451053212 0 0 0 0 0 0 0 0 0 0 0 0.4147859413 0 0.4320287331 0 0 0 0 0 0 0 0 0 0 0 0 0 0 0 0 0 0 0 0 0 0 0 0 0 0 0 0 0 0 0.08073517342 0 0 0 0 0 0 0 0.01809805886 0.1090932232 0 0 0 0 0 0 0 0.09273992507 0 0 0 0 
0 0 0 0 0 0 0 0 0 1.075473938 0 0 0 0 0 0 0 0 0 0 0 0.2415767592 0 1.267958493 0 0 0 0 0 0 0 0.04333346394 0 0 0 0 0 0 0 0 0 0 0 0 0 0 0 0 0 0 0.0002105370974 0 0 0 0 0 0 0 0 0 0 0 0 0 0 0 0 0 0 0 0 0 0 0 0 0 0 0 0 0 0 0 0.001244905085 0 0 0 0 0 0 0 0.5380950569 0 0 0 0 0 0 0 0 0 0 0 0 0 0 0 0 0 0 0 0 0 0 0 0 0 0 0 0 0 0 0 0 0 1.372356785 0 0 0 0 0 0 0 0 0 0 0 1.818636984 0 0 0 0 0 0.2745172451 0 0 0 0 0 0 0 0 0 0 0 0 0 0 0 0 0 0 0 0 0 0 0 0 0 0 0.1892563334 0 0 0 0 0 0 0 0 0 0 0 0 0 0 0 0 0 0 0 0 0 0 0 0 0 0 0 0 0 0 0 0 0.09544287218 0 0 0 0 0 0 0.7524329003 0 0 0 0 0 0 0 0 0 0 0 0 0 0 0 0 0 0 0 0 0.2745141578 0 0 0 0 0 0 0.1937705749 0 0 0 0 0 0 0.2130869012 0 0 0 0 0.110817648 0 0 0 0 0 0 
0 0 0 0 0 0 0 0 0 0 0 0 0 0 0 0 0 0 0 0 0 0 0 0 0 0 0 0 0 0 0 0 0 0 0 0 0 0 0 0 0 0 0 0 0 0 0 0 0 0 0 0 0 0 0 0 0 0 0 0 0 0 0 0 0 0 0 0 0 0 0 0 0 0 0 0 0 0 0 0 0 0.0003441173186 0 0 0 0 0 0 0 0 0 0 0 0 0 0 0 0 0 0 0 0 0.7663221653 0 0 0 0 0 0 0 0 0 0 0 0 0 0 0 0 0 0 0 0 0 0 0 0 0 0 0 0 0 0 0 0 0 0 0 0 0 0 0 0 0 0 0 0 0 0 0.3671790495 0 0 0 0 0.107773132 0.2648763083 0.4566592036 0 0 0 0 0 0 0 0 0 0 0 0 0 0 0 0 0 0 0 0 0 0 0 0 0.3249273565 0 0 0 1.584242991 0 0 0 0 0 0.01025279919 0 0 0 0 0.536829687 0 0 0 0 0 0 0 0 0 0 0 0 0 0 0 0 0 0.051538315 0 0 0 0 0 0 0.1482337273 0 0 0 0 0 0 0 0 0 0 0 0 0 0 0 0 0 0 0 0 0 0 0 0 0 0 0 0 0 0 0 0 0 0 
0 0 0 0 0 0 0 0 0 0 0 0 0 0.5310159357 0 0 0 0 0 0 0 0 0 0 0 0 0 0 0 0 0 0 0 0 0 0 0 0 0 0 0 0 0 0 0 0 0 0 0.8331803748 0 0 0 0 0 0 0 0.1954855398 0 0 0 0 0 0 0 0 0 0 0 0 0 0 0 0 0 0 0 0 0 0 0.5553254893 0 0 0 0 0.09123436659 4.67922125 0 0 0 0 0 0 0 0 0 0 0 0 0 0 0 0 0 0 0 0 0 0 0 0 0 0 0 0 0 0 0 0 7.140444158 0 0 0 0 0.2103672259 0 0 0 0 0 0 0 0 0 0 0 0 0 0 0 0 0 0 0 0 0.6624635487 0 0 0 0 0 0 0 0 0.7247475736 0 0 0 0 0 0 0 0 0 0 0 0 0 0 0 0 0 0 0 0 0 0 0 0 0.9046741933 0 0 0 0 0 0 0 0 0 0 0 0 0 0 1.332210779 0 0 0 0 0 0.5386741685 0 0 0 0 0 0 0 0 0 0 0 0 0 0 0 0 0 0 0 0 0 0 0 0 0 0 0 0 0 0 0 0 0 0 0 0 0 0 0 0 0 0 0 0 0 0 0 0 0 0 0 0 0 0 0 0 
0 0 0 0 0.2486270656 0 0 0 0 0 0 0 0 0 0 0 0 0 0 0 0 0 0 0 0 0 0 0 0 4.248006713 0 0 0 0 0 0 0 0 0 0 0 0 2.138614892 0 0 0 0 0 0 0 0 0 0 0 0 0 0 0 0 0 0 0 0 0 0 0 0.3830766006 0 0 0 0 0 0 0 0 0 0 0 0 0 0 0 0 0 0 0 0 0 0 0 0 0 0 0 0 0 0 0 0 0 0 0 0 0 0 0 0 0 0 0 0 0.06853087414 0 0 1.261681217 0 0 0 0 0 0 0 0 0 0 0.8197096455 0 0 0 0 0 0 0 0 0 0 0 0 0 0 0 0 0 0 0 0 0 0 0 0 0 0 0 0 0 0 0 0 0 0 0 0 0 0 0 0 0 0.3664310815 0 0 0 0 0 0 0 0 0 0 0 0 0 0 0 0 6.987298686 0 0 0 0 0 0 0 0 0 0 0 0 0 0 0 0 0 0 0 0 0 0 0 0 0 0 0 0 0 0 0 0 0.02222531689 0 0 0 0 0 0 0 0 0 0.1239237515 0.0005718377482 0 0 0 0 0 0 0 0 0 0 0.9006609692 0 0.2913520853 0 0 0 0 0 0 0 0 0 0 0 0 0 0 
0 0 0 0 0 0 0 0 0 0 0 0.9080674738 0 0 0 0 0 0 0 0 0.206468404 0 0 0 0 0 0 0 0 0 0 0 0 0 0 0 0 0 0 0 0 0 0 0 0 0 0 0 0 0 0 0 0 0 0 0 0 0 0 0 0 0 0 0.8073343957 0 0 0 0 0 0 0 0 0 0 0 0 0 0 0 0 0 0 0 0 0 0 3.859760786e-05 0 0 0 0 0 0 0 0 0 0 0 0 0 0 0 0 0 0 0 0 0 0 0 0 0 0 0 0 0 0 0 0 0 0 0 0 0 0 0 0 0 0 0 0 0 0 0 0.002372169015 0 0 0 0 0 0 0.1201066313 0 0 0 0 0 0 0 0 0 0 0 0.147269679 0 0 0 0 0 0 0 0 0 0 0 0 0 0 0 0 0 0 0 0 0 5.244621752 0 0 0 0 0 0 0 0 0 0 0 0 0 0 0 0 0 0 0 0 0 0 0 0 0 0 0 0 0 0 0 0 0 0.5648696443 0 0 0 0 0 0 0 0 0 0 0 0 0 0 0 0 0 0 0 0 0 0 0 0 0 0 0 0 0 0 0 0 0 0 0 0 0 0 0.4257415758 0 0 0 0 0 0 0 
0 0 0 0 0 0 0 0 0 0 0 0 0 0 0 0 0.06267663214 0 0 0 0 0 0 0 1.300834085 0 0 0 0 0 0 0 0 0 0 0 0 0.7236953819 0 0 0 0 0 0 0 0 0 0 0 0 0 0 0 0 0 0 0.8377663575 0 0 0 0 0 0.2757487111 0 0 0 0.3369873837 0 0 0 0 0 0 0 0 0 0 0 0 0 0 2.856347918 0 0 0 0 0 0 0 0 0 0 0 0 0 0 0 0 0 0 0 0 4.896246762 0 0 0 0 0 0 0 0 0 0 0 0 0 0 0 0 0 0.3441585413 0 0 0 0 0 0 0 0 0 0 0 0 0 0 0 0 0 0 0 0 0 0 0 0 0 0 0 0 0 0 0 0 0 0 0 0 0 0 0 0 0 0 0 0 0 0 0 0 0 0 0 0 0 0 0 0 0 0 0 0 0 0 0 0 0 0 0 0 0 0 0 0 0 0 0 0 0 0 0 0 0 0 0 0 0 0 0 0 0 0 0 0 0 0 0 0 0 0.1559284014 0 0 0 0 0 0 0 0 0 0 0 0 0 0 0 0 0 0 0 0 0.1166241554 0 0 0 0 0 0 0 0 0 0 0 0 0 0 0 0 
0 0 0 0 0 0 0 0 0 0 0 0 0 0 0 0 0 0 0.002093271399 0.2145904802 0 0 0 0 0 0 0 0 1.1090344 0 0 0 0 0 0 0 0 0 0 0 0 0 0 0 0 0 0 0 0 0 0 0 0 0 0 0 0 0 0 0 0 0 0.4116655343 0.8512987994 0.4010343638 0 0 0 0 0 0 0 0 0 0 0 0 0 0 0 0 0 0 0 0 0 0 0 0 0 0 0 0 0 0 0 0 0 4.695015661 0 0 0 0 0 0 0 0 0 0 0 0 0 0 1.600201496 0 0 0 0 0 0 0 0 0 0 0 0 0 0 0 0 0 0 0 0 0 0 0 0 0 0 0 0 0 0 8.485458953 0 0 0 0 0 0 0 0 0 0 0 0 0 0 0 0 0 0 0 0 0 0 0 0 0 0 0 0 0 0 0 0 0 0 0 0 0 0 0 0 0 0 0 0 0 0 0 0 0.1321108715 0 0 0 0 0 0 0 0 0 0 0 0 0 0 0 0 0 0 0 0 0 0 0 0 0 0 0 0 0 0 0 0 0 0 0 0 0 0 0 0 0 0 0 0 0.1435548508 0 0 0 0 0 0 0 0 0 0 0 0 0 0 0 0 0 
0 0 0 0 0 0 0 0 0 0 0 0 0 0 0 0 0 0 0 0 0 0 0 0 0 0 0 0 0 0 0 0 0 0 0 0 0 0 0 0 0 0 0 0 0 0 0 0 0 0 0 0 0 0 0 0.09131847353 0 0.5474007818 1.654745445 0 0 0 0.01820783377 0 0 0 0 0 0 0 0 0 0 0 0 0 0 0 0 0 0 0 0 0 0 0 0 0.001158499413 0 0 0 0 0 0 0 0.19323369 0 0 0 0 0 0 0 0 0 0 0 0 0 0 0 0 0 0 0 0 0 0 0 0.6966492734 0 0 0 0 0 0 0 0 0 0 0 0 0 0 0 0 0 0 0 0 0 0 0 0 0 0 0 0 0 0 0 0 0 0 0 0 0 0 0 0 0 0 0 0 0 0 0 0 0 0 0 0 0 0.2379811528 0 0.8642629746 0 0 0 0 0.9218734074 0 0 0 0.6117528534 0 0 0 0 0.08376799262 0 0 0 0 0 0 0.4047658586 0 0 0 0 0 0 0 0 0 0 0 0 0 0 0 0 0 0 0 0 0.1234716829 0 0 0 0 0 0 0 0 0 0 0 0 0 0 0 0 0 0 0 0 0 0 0 0 0 0 0 0 0 0.1148395531 0 0 0 0 0 0 0 0 
0 0 0 0 0 0 0 0 0 0 0 1.668964109 0 0 0 0 0 0 0 0 0 0 0 0 0.2803838011 0 0 0 0 0 0 0 0 0 0 0 0 0 0 0 0 0 0 0 0 0 0 0 0 0 0 0 0 0 0 0 1.970161916 0 0 0 0 0 0 0 0 0 0 0 0 0 0 0 0 0 0 0 0 0 0 0 0 0 0 0 0 0 0 0 0 0 0 0 0 0 0 0 0 0 0.510491315 0 0 0 0 0 0 0 0 0 8.6169023 0.1794456789 0 0 0 0 0 0 0 0 0 0 0 1.115397899 0 0 0 0 0 0 0 0 0 0 0 0 0 0 0 0 0 0 0 0 0 0 0 0 0 0 0 0 0 0 0 0 0 0 0 0 0 0 0 0 0 0 0 0 0 0 0 0 0 0 0 0 0 0 0 0 0 0 0 0 0 0 0 0 0 0 0 0 0 0 0 0 0 0 0 0 0 0 0 0 0 0 0 0 0.3608605621 0 0 0 0.03290712019 0 0 0 0 0 0 0 1.060957198 0 0 0 0 0 0 0 0 0 0 0 0 0 0 0 0 0 0 1.278894096 0 0 0 0 0 0.3491696343 0 0 0.4791274292 0 0 0 0 0 0 0 0 0 
0 0 0 0 0 0 0 0 0 0 0 0 0 0 0 0 0 0 0 0 0 0 0 0 0 0 1.726972286 0 0 0 0 0 0 0 0 0 0 0 0 0 0 0 0 0 0 0 0 0 0 0 0 0 0 0 0 0 0 0 0 0 0 0 0 0 0.08069383557 0 0 0 0 0 0 0 0 0 0 0 0 0 0 0 0 0 0 0 0 0 0 0 0 0.7541859083 0 0 0 0 0 0 0 0 0 0 0 0 0 0 0.6571854815 0 0 0 0 0 0 0.2153516221 0 0 0 0 0 0 0 0 0 0 0 0 2.542034577 0 0 0 0 0 0 0 0 0 0 0 0 0 0 0 0 0 0 0 0 0 0 0 0 0 0 0 0 0 0 0 0 0 0 0 0 0 0 0 0 0 0 0 0 0 0 0 0 0 0 0 0 0 0 0 0 1.310197081 0 0 0 0 0 0 0 0 0 0 0 0 0 0 0 0.671111273 0 0 0 0 0 0 0 0 0 0 0 0 0 0 0 0.3124437656 0 0 0 0 0 0 0.2408435458 0 0 0 0 0 0 0 0 0 0 0.2462277571 0 0 0 0 0 0 0 0 0 0.08527269711 0 0 0 0 0 0 0 0 0 0 0 0 0 0 
0 0 0 0 0 0 0 0 0 0 0 0 0 0 0 0 0 0 0 0 0 0 0 0 0 0 0 0 0 0 0 0 0 0 0 0 0 0 0 0 0 0 0 0 0 0 0 0 0 0 0 0 0 0 0 0 0 0 0 0 0 0 0.2103509319 0 0 0 0 0 0 0 0 0 0.163132298 0 0 0 0.470176385 0 0 0 0 0 0 0 0 0 0 0 0 0 0 0 0 0 0 0 0 0 0 0 0 0.6565690728 0 0 0 0 0 0 0 0 0 0 0 0 0 0 0 0 0 0 0 0 0 0 0 0 0 0 0 0 0 0 0 0 0 0 0 0 0 0 0 0 0 0 0 0 0 0 0 0 0 0 0 0 0 0 0 0 0 0 0 0 0 0 0 1.152888855 0 0 0 0 0 4.905649944e-06 0 0 0 0 0 0.8537149736 0 0 0 0.4988931455 0 0 0 0 0 0 0 0 0 0 0 0 0 0 0 0 0 0 0 0.3821607328 0 0 0 0 0 0 0 0 0 0 0 0 0 0 0 0 0 0 0 0 0 0 0 0 0 0 0 0 0 0 0 0 0.23728895 0 0 0 0 0 0 0 0 0 0 0 0 0 0 0 0 0 0 0 0 0 
0.04447580035 0 0 0 0 0 0 0 0 0 0 0 0 0.0003847368463 0 0 0 0 0 0 0 0 0 0 0 0 0 0 0 0 0 0 0 0 0 0 0 0 0 0 0 0.1575893414 0 0 0 0 0 0 0 0 0 0.02502039874 0 0 0 0 0 0 0 0 0 0 0 0 0 0 0 0 0 0 0.02752289455 0 0 0 0 0 0 0 0 0 0 0 0 0 0 5.044048743 0 0 0 0 0 0 0 0 0 0 0 0 0 0 0 0 0.4697311508 0 0 0 0 0 0 0 0 0 0 0 0 0 0 0 0 0 0 0 0 0 0 0 0 0 0 0 0 0 0 0 0 0 0 0 0 0 0 0.06595491769 0 0 0 0 0 0 0 0 0 0 0 0 0 0 8.283604931 0 0 1.089537874 1.505255369 0 0 0 0 0 0 0 0 0 0 0 0 0 0 0 0 0 0 0 0 0 0 0 0 0 0 0 0 0 0 0 0 0 0 0 0 0 0 0 0 0 0 0 0 0 0 0 0 0 0 0 0 0 0 0 0 0 0 0 0 0 0 0 0 0 0 0 0 0 0.2390051721 0 0 0 0 0 0.8762110958 0 0 0 0 0 0 0 0 0 0 0 0 0 0 0 0 0 0 0 
0 0 0 0 0 0 0 0 0 0 0 0 0 0 0 0 0 0 0 0 0 0 0 0 0 0 0 0 0 0 0 0 0 0 0 0 0 0 0 0 0 0 0 0 0 0 0 0 0 0 0 0 0 0 0 0 0 0 0 0 0 0 0 0 0 0 0 0 0 0 0 0 1.471956792 0 0 0 0 0 0 0 0 0 0 0 0 0 0 0 0 0 0 0 0 0 0.02960721505 0 0 0 0 0 0 1.331178875 0 0 0 0 0.5829185803 0 0 0 0 0 0 0 0 1.140268413 0 0 0 0 0 0 0 0 0 0 0.9523558619 0.6959195035 0 0 0 0 0 0 0 0 0 0 0 0 9.388534806e-05 0 0 0 0 0 0 0 0 0 0 0 0 0 0 0 0 0 0 0 0 0 0 0 0 0 0 0 0 0.09180514667 0 0 0 0 0 0 0 0 0 0 0 0 0 0 0 0 0 0 0 0 0 0 0 0 0 0 0 0 0.2124262421 0 0 4.840071833 0 0 0 0 0 0 0 0 0 0 0 0 0 0 0 0 0 0 0 0 0 0 0 0 0 0 0 0 0 0 0 0 0 0 0 0 0 0 0 0 0.0001228594006 0 0 0 0 0 0 0 0 0 0 0 0 0 
0 0 0 0 0 0 0 0 0 0 0 0 0 0 0 0 0 0 0 0 0 0 0.03978045063 0 0 0 0 0 0 0 0 0 0 0 0 0 0 0 0 0 0 0 1.650753116 0 0 0 0 0 0 0 0 0 0 0 0 0 0 0 0 0 0 0.2667662303 0 0 0 0 0 0 0 0 0 0 0 0 0 0 0 0 0 0 0 0 0.002739510913 0 0 0 0 0 0 0 0 0 0 0 0 0 0 0 5.853003667e-05 0 0 0 0 0 0 0 0 0 0 0 0 0 0 0 0 0 0 0 0 0 0 0 0 0 0 0 0 0 0 0.8638145888 0 1.563063641 0 0 0 0 0 0 0 0 0 0 0 0 0 0 0 0.0486451965 0 0 0 0 0.1611853917 0 2.626855141 0 0 0 0 0 0 0 0 0 0 0 0 0 0 0 0 0 0 0 0 0 0 0 0 0 0 0 0 0 0 0 0 0 1.602002081 0.4363890661 0 0 0 0.105079069 0 0 0 0 0 0 0 0 0 1.69125026 0 0 0 0 0 0 0 0 0 0 0 0 0 0 0 0 0 0 0 0 0 0 0 0 0 0 0 0 0 0 0 1.01829587 0 0 0 0 0 0 0 0 0 0 0 0 0 0 0 0 0 0 0 0 
0 0 0 0.1739335113 0 0 0 0 0 0 0 0 0 0 0 0 0 0 0.01463489329 0 0 0 0 0 0 0 0 0 0 0 0 0 0 0.5450291017 0 0 0 0 0 0.6268160625 0 0 0 0 0 0 0 1.111953683 0.0119508179 0 0 0 0 0 0 0 0 0 0 0 0 5.642062792 0 0 0 0 0 0 0 0 0 0 0 0 0 0 0 0 0 0 0.012384478 0 0.6979917435 0 0 0 0 0 0 0 0 0 0 0 0 0 0 0 0 0 0 0 2.021837813 0 0 0 0 0 0 4.408350214 0 0 0 0 0 0 0 0 0 0 0 0 0 0 0 0 0 0 0 0 0 0 0 0 0 0 0 0 0 0 0 0 0 0 0 0 0 0 0 0 0 0 0 0 0 0 0 0 0 0 0 0 0 0 0 0 0 0 0 0 0 0 0 0 0 0 0 0 6.223316356 0 0 0 0 0 0 0 0 0 0 0 0 0 0 0 0 0 0 0 0 0 0 0 0 0 0 0 0 0 0 0 0 0 0 0 0 0 0 0 0 0 0 0 0 0 0 0 0.2351445852 0 0 0 0 0 0 0 0 0 0 0 0 0 0 0 0 0 0 0 0 0 0 0 0 0 0 0 0 0 
0 0 0 0 0 0 0 0 0 0 0 0 0 0 0 0 0 0 0 0 0 0 0 0 0 0 0 0 0 0 0 0 0 0 0 0 0 0 0 0 0 0 0 0 0 0 0 0 0 0 0 0 0 0 0 0 0 0 0 0 0 0 0.3157967829 0 0 0 0 0 0 0 0 0 0 0 0 0 0 0 0 0 0 0 0 0 0 0 0 0 0 0 0 0 0 0 0 0 0 0 0 0 0 0 0 0 0 0 0 0 0 0.6175080395 0 0 0 0 0 0 0 0 0 0 0 0 0 0 0 0 0 0 0 0 0 0 0 0 0 0 0 0 0 0 0 0 0 0 0 7.351371056 0 0 0 0 0 0 0 0 0 0 0 0 0 0 0 0 0 0 0 0 0 0 0 0 0 0 0 0 0 0 0 0 0 0 0 0 0 0 0 0 0 0 0 0 0 0 0 0 0 0 0 0 0 0.3181430607 0 0 0 0 0 0 0 0 0 0 0 1.153218549 0 0 0 1.250117685 0 0 0 0 0 0 0 0 0.1069154695 0 0 0 0 0 0 0 0.2498837623 0 0 0 0 0 0 0 0 0 0 0 0 0 0 0 0 0 0 0 0 0 0 0 
0 0 0 0 0 0 0 0 0 0 0 0 0 0 0 0.002589831936 0 0 0 0 0 0 0 0 0 0 0 0 0 0 0 0 0 1.005870909 0 0 0 0 0 0 0 0 0 0 0 0 0 0 0 0 0 0 0 0 0 0 0 0 0 0 0 0.07624371991 0 0 0 0.03672271077 0 0 2.991993411 0 0 0 0 0 0 0 0 0 0 0 0 0 0 1.40122026 0 0 0 0 0 0 0 0 0 0 0 0 0 3.216546946 0 0 0 0 0 0 0 0 0 0.7377620339 0 0 0 0 0 0 0 0 0 0 0 0.2440202785 0 0 0 0 0 0 0 0 0 0 0 0 0 0 0 0 0 0 0.928514689 0 1.661947769 0 0 0 0 0 0 0 0 0 0.6342913119 0 0 0 0 0 0 0 0 0 0 0 0 0 0 0 0 0 0 0 0 0 0 0 0 0 0 0 0 0 0 0 0 8.873064977 0 0 0 0 0 0 0 0 0 0 0 0 0.2887169082 0 0 0 0 0 0 0 0 0 0 0 0 0 0 0 0 0 0 0 0.2430873432 0 0 0 0 0 0 0 0 0 0 0 0 0 0 0 0 0 0.3535117134 0 0 0 0 0 0 0 0 0 0 0 0.05152454369 0 0 0 0 0 0 0.02303625471 0 0 
0 0 0.01777124548 0 0 0 0 0 0 0 0 0 0 0 0 0 0 0 0 0 0 0 0 0 0 0 0 0 0 0 0 0 0 0 0 0 0 0 0 0 0 0 0 0 0 0 0 0 0 0 0 0 0 0 0 0 0 0 0 0 0 0 0 0 0 0 0 0 0 0 0 4.347132151 0 0 1.195911617 0.2181777722 0 0 0 0 0 0 0 0 0 0 0 0 0 0 0 0 0 0 0 0 0 0 0 0 0 0 0 0 0 0 0 0 0 0 0 0 0 0 0 0 0 0 0 0 0 1.243256091 0 0 0 0.2859769952 0 0 0 0 0 0 0 0 0 0 0 2.514935622 0 0.6005140638 0 0 0 0 0 0 0 0 0 0 0 0 0 0 0 0 0 0 0 0 0 0 0 0 0 0 0 0 0 0 0 0 0 0 0 0 0 0 0 0 0 0 0 0 0 0 0 0 0 0.5310523274 0.17042336 0 0 0 0 0 0 0 0 0 0 0 0 0 0 0 0 0 0 0 0 0 0 1.318760837 0 0 0 0 0 0 0 0 0 1.999842451 0 0 0 0 0 0 0 0 0 0 0 0 0 0 0 0 0 0.06019511396 0 0 0 0 0 0 0 0 0 0 0 0 0.4616346434 0 
0 0 0 0 0 0 1.501163083 0.05732280699 0 0 0.7019876678 0 0 0 0 0 0 0 0 0 0 0 0 0 0 0 0 0 0.436497794 0 0 0 0 0 0 0 0 0 0 0 0 0 0 0 0 0 0 0 0 0 0 0 0 0 0 0 0.208601354 0 0 0 0 0 0 0 0 0 0 0 0 0 0 0 0 0 0 0 0 0 0 0 0 0 0 0.04397922257 0 0 0 0 0 0 0 0 0 0 0 0 0 0 0 0 0 0 0 0 0 0 0 0 0 0 0 0 0 0 0 0 0 0 0 0 0 0 0 0.2178296585 0 0 0 0 0 0 0 0 0 0 0 0 0 1.127152597 0 0 0 0 0 0 0 0 0 0 0 0 0 0 0 0 0 0 0 0 0 0 0 6.753353923 0 0 0 0 0 0 0 0 0 0 0 0 0 1.368448475 0 0 0 0 0 0 0 0 0 0 0 0 0 0 0 0 0 0 0 0 0 0 0 0 0 0 0 0 0 0 0 0 0 0 7.447887231 0 0 1.083552344 0 0 0 0 0 0 0.01361399295 0.05104517899 0 0 0 0 0 0 0 0 0 0 0 0 0 0 0 0 0 0 0 0 0 0 0 0 0 0 0 0 0 0 0 0 0 0 
0 0 0 0 0 0 0 0 0 0 0 0 0 0 0 0 0 0 0 0 0 0 0 0 0.03978766243 0 0 0 0 0 0 0 0 0 0 0 0 0 0 0 0 0 0 0 0 0.01141417284 0 0 0 0 0 0 0.008522765123 0 0 0 0 0 0 0 0 0 0 0 0 0 0 0 1.335073085 0 0 5.276407657 0 0 0 1.444540465 0 2.868369147 0 0 1.509218131 0 0 0 0 0 0 0 0 1.218710808 0 0 0 0 0 0.8693865627 0 0 0 0 0 0 0 0 0 0 0 0 0 0 0 0 0 0 0 8.924862871 0 0 5.72128439 0 0 0 0 0 0 0 0 0 0.3568810184 0 0 0 0 0 0 0 0 0 0 0 0 0 0 0 0 0 0 0 0 0 0 0 0 0 0 0 0 0 0 0 0 0 0 0 0 0 0 0 0 0 0 0 0 0 0 0.6148328498 0 0 1.364795181 0.09689591638 4.870653788 0 0 0 0 0.1566000717 0 0 0 0 0 0 0 0 0 0 0 0 0 0 0 0 0 0 0 0 0 0 0 0.4132683969 0 0 0 0 0.05122718793 0 0 0 0 0 0 0 0 0 0 2.960187543 0 0 0 0 0 0 0 0 0 0 0 0 0 0 0 0 0 0 0 0 0 0 0 0 0 0 0 0.5197004776 0 0 
0 0 0 0 0 0 0.1147063207 0 0 0 0 0 0 0 0 0 0 0 0 0 0 0 0 0.2623835527 0 0 1.235500711 0 0 0.001669949512 0 0 0 0 0 0 0 0 0 0 0 0 0 0 0 0 0 0.05878880305 0 0 0 0 0 0 0 0 0 0 0 0 0 0 0 0 0 0 0 0 0 0 0.4536032358 0 0 0 0 0 0 0 0 0 0 0 0 0 0 0 0 0 0 0 0 0 0 0 0 0 0 0 0 0 0 0 0 0 0 0 0 0 0 0 0 0 0 0 0 0 0 0 0 0 0 0 0 0 0 0 0 0.1088497793 0 0 0 0 0 0 0 0 0 0 0 0 0 0 0 0 0 0 0 0 0 0 0 0 0 0 0 0 0 0 0 0 0 0 0.01918631128 0 0 0 0 0 0 0 0 0.5357557303 0 0 0 0 0 0 0 0 0 0 0 0 0 0 0 0 0 0 0 0 0 0 0 0 0 0 0 0 0 0 0 0 0 0 0 0 0 0 0 0 0 0 0 0 0 0 0 0 0 0 0 0 0 0 0 0 0 0 0 0 0 0 0 0 0 0 0 0 1.076933718 0 0 0 0 0 0 0 0 0 0 0 0 0 0 0 
0 0 0 0 0.2907641526 0 0 0 0 0 0 0 0 0 0.2975667399 0 0 0 0 0 0 0 0 0 0 0 0 0 0 0 0 0 0 0 0 0 0 0 0 0 0 0.5197334348 0 0 0 0 0 0 0 0 0 0 0 0 0 0 0 0 0 0 0 0 0 0 0 0 0 0 0 0 0 0 0 0 0 0 0 0 0 0 0 0 0 0 0 0 0 0 0 0 0 0 0 0 0 0 0 0 0 0 0 0 0 0 0 0 0 0 0 0 0 0 0 0 0 0 0 0 0 0 0 0 0 0 0 0 0 0 0 0 0 0 0 0 0 0.5935305809 0 0 0 0 0 0 0 0 0 0 0 0 0 0 0 0 0 1.646171197 0 0 0 0 0 0 0 0 0 0 0 0 3.416544867 0 0 0 0 0 6.471953496 0 0 0 0 0 0 0 0 0 0 0 0.01172312107 0.5944386583 0 0 0 0 0 0 0.0004708042745 0 0 0 0 0 0 0 0 0 0 0 0 0 0 0 0 0 0 0 0 0 0 0 0 0 0.3305888998 0 0 0 0 0 0 0 0 0 0 0 0 0 0 0.6269253739 0 0 0 0 0 0 0 0 0 0 0 0 0 0 0 0.2622023046 0 0 0 0 0 0 
0.08581652933 0 0 0 0 0 0 0 0 0 0 0 0 0 0 0 0 0.1657978025 1.595108533 0.5347658593 0 0 0 0.417857997 0 0 0 0.4545673999 0 0.2104679083 0 0 0.004390518429 0 0 0 0 0 0 0 0 0 0 0 0 0 0 0 4.512012139 0 0 0 0 0 4.195332578 0 0 0 0 0 0 0 0 0 0 0 0 0 0 0 0 0 0.09805138381 0 0 0 0 0 0 0 0 0 0 0 0 0 0 0 0 0 0 0 0 0 0 0 0 0 0 0.1998659877 0 0 0 0 0 0 0 0 0 0 0 0 0 0 0 0 0 0 0 0 0 0 0 0 0 0 0 0 0 0 0 0 0 0 0 0 0 0 0 3.635038744 0 0 0 0 0 0 0 0 0 0 0 0 0 0 0 0 0 0 0 0 0 0 0 0 0 0 0 0 0 0 0 0 0 0 0 0 0 0 0 0 0 0 0 0 0 0 0 0 9.635995777 0 0 0 0 0 0 0 0 6.687371008 0 0 0 0 0 0 0 0 0 0 0 0 0 0 0.6524411028 0 0 0 0 0 0 0 0 0.2880734088 0 0 0 0 0 0 0 0 0 0 0 0 0 0 0 0 2.945617444 0 0 0 0 0 0 0 0 0 0 0.4194420123 0 0 0 0 0 0 
0 0 0 0 0 0 0 0 0 0 0 0 0 0 0 0 0 0 0 0 0 0 0 0 0.1715287266 0 0 0 0 0 0 0 0 0 0 0 0 0 0 0 0 0 0 0 0 0 0 0 0 0 0 0 0 0 0 0 0 0 0 0 0 0 0 0 0 0 0 0 0 0 0 0 0 0 0 0 0 0 0 0 0 5.767630984 0 0 0 0 0 0 0 0 0 0 0 0 0 0 0 0 0 0 0 0 6.802795988 0 0 0 0 0 0 0 0 0 0 0 0 0.6402723112 0 0 0 0 1.375395785 0 0 0 0 0 0 0 0 0 0 0 0 0 0 0 0 0 7.882404391 0 0 0 0 0 0 0 0 0 0 0 0 0 4.538081808 0 0 0 0 0 0 0 0 0 0 0 0 0 0 0 0 0 0 0 0.1163524461 0 0 0 0 0 0 0 0 0 0 0 0 0.006837859905 0 0 0 0 0 0 0 0 0 0 0 0.858108382 0 0 0 0 0 0 0 0 0 0 0 1.086821103 0 3.469458594 0 0 0 0 0 0 0 0 0 0 0 0 0 0.8165137362 0 0 0 0 0 0 0 0 0 0.5709747078 0 0 0 0 0 0 0 0 0 0 0 0 0 0 0 0 1.305611844 0 0 0 
0 0.0008544627483 0 0 0 0 0 0 0 0 0 0 0 0 0 0 0 0 0 0 0 0 0 0 0 0 0 0 0 0 0 0 0 0 0 0.003037447141 0 0 0 0 0 0 0 0 0 0 0 0 0 0 0 0 0 0 0 0 0 0 0 0 0 0 0 0 0 0 0 0 0 0 0 0 0 0 0 0 0 0 0 0 0 0 0 0 0 0 0 0 0.8214326293 0 0 0 0 0 0 0 2.479837218 0 0.7921736043 0 0 0 0 0 0 0 0 0 0 0 0 0 0 0 0 0 0 0 0 0 0 0 0 0 0 0 0 0.5912949276 0 0 0 0 0 0 0 0 0 0 0 0 0 7.356639249 0 1.305094495 0 0 0 0 0 0 0 0 0 0 0 0 0.2021893668 0 0 0 0 0 0 0 2.269991451 0 0 0 0 0 0 0 0 0 0 0 0 0 0 0 0 0 0 0 0 0 0 0 0 0 0 0 0.04448889216 0 0 0 0 0 0 0 0.2592551385 0 0 0 0 7.201902018 0 0 0 0 0 0 0 0 0 0 0 0 0 0 0 0 0 0 0 0 0 0 0 0 0 0 0 0 0 0.2097736797 0 0 0 0 0 0 0 0 0 0 0 0 0 0 0 0 0 0 0.1394214347 0 
0 1.265236027 0 0 0 0 0 0 0 0 0 0 0 0.1040453414 0 0 0 0 0 0 0 0.04877973 0 0 0 0 0 0 0 0 0 0 0 0 0 0 0 0 0 0 0 0 0 0 0 0 0 0 0 0 0 0 0 0 0 0 0 0 0 0 0 0 0 0 0 1.107725944 0 0 0 0 0 0 0.3792400207 0 0 0 0 0 0 0 0 0 0 0 0 0 0 0 0 0 0 0.8203403281 0 0 0 0 0 0 0 0 0 0 0 0 0 0 0 0 0 0 0 0 0 0 0 0 0 0 0 0 0 0 0 0 0 0 0 0 0 0 0 0 0 0 0.5529366161 0 0 0 0 0 0 0 0 0 0 0 0 0 0 0 0 0 0 0 0 0 0 0 0 0 0 0 0 0 0 0 0 0 0 0 0 0 0 0 0 0.1839644248 0 0 0 0 0 0 0 0 0 0 1.383876859 0 0 0 0 0 0 0 0 0 0 0 0 0 0 0 0 0 0 0 0 0 0 0 0 0 0 0 0 0 0 0 0 0 0.4542890812 0 0 0 0 0 0 0 0 0 0 0 0 0 0 0 0 0 0 0 0 0 0 0 0 0 0 0 0 0 0 0 0 0 0 0 
0 0.4421833424 0 0 0 0 0 0 0 0 0 0 0 0 0 0 0 0 0 0 0 0.03347485585 0 0 0 0 0 0 0 0 0 0 0 0 0 0 0 0 0 1.320645142 0 0 0 1.24812568 0 0 0 0 0 0 0 0 0 0 0 0 0 0 0 0 0 0 0.432088611 0 0 0 0 0 0 0 0 0 0 0 0 0 0 0 0 0 0 0 0 0 0 0 0 0 0 0.2266931565 0 0 0 0 0 0 0 0 0 0 0 0 0 0 0 0 0 0 0 0 0 0 0 0 0 0 0 0 0 0 0 0 0.3991398103 0 0 6.031585926 0 0 0 0 0 0 0 0 0 0 0 0 0 0 0.5786756184 0 0 0 3.933201174 0 0 0 0 0 0 0 0 0 0 0 0 0 0 0 0 0 5.171450598 0 0 0 0 0 0 0 0 0 0 0 0 0 0 0.1127514618 0.1655672441 0 0 0 0 0 0 0 0 0 0 0 0 0 0 0 0 0 0.3077399029 0 0 0 0 0 0 0 0 0 0.09028415354 0 0 0 0 0 0 0 0 0 0 0 0 0 0 0 0 0 0 5.152859458 0 0 0 0 0 0 0 0 0 0 0 0 0 0 0 0 0 0 0 0 0.1252824056 0 0 0 0 0 0 0 0 0 
0 0 0 0 0 0 0 0 0 0 0 0 0 0 0 0 0 0 1.61122161 0.6031777186 0 0 0 0 0 0 0 0 0 0 0 0 0 0 0 0.1796679758 0.3113637165 0 0 2.973951718 0 0 0 0 0 0 0 0 0.08833454135 0 0 0 0 0 0 0 0 0 0 0 0 0 0 0 0 0 0 0 0 0 0 0 0 0 0 0 0 0 6.570446171 0 8.668376536 0 5.647169159 0 0 0 0 0 0 0 0 0 0 0 0 0 0 0 0 0 0 0 0 0 0 0 0 0 0 0 0 0 0 0 0 0 0 0 0 0 0 0 0 0 0 0 0 0 0 0 0 0.1662236266 0 0 0 0 0 0 0 0 0 0 0 0 0 0 0 0 0 0 0 0 0 0 0 0 36.92175259 0 0 0 0 0 0 0 0 0.2282207383 0 0 0 0 4.403272748 0 0 0 0 0 0 0 0 6.331641137 0 0 0 0 0 0 0 0 0 0 0 0 0 0 0 0 0 0 0 0 0 0 0 0 0 0 0 0 0 0 0 0 0 0 0 0 0 0 0 0 0.762112416 0 0.007245115372 0 0 0 0 0 0 0 0 0 0 0 0 0 0 0 0 0 0 0 0 0 0 0 0 0.3051228018 0.0001769245258 0 0 0 0 0 0 0.8552614168 
0 0 0 0 0 0 0 0.009718690489 0 0 0 0 0 0 0 0 0 0 0 0.1629581585 0 0 0 0 0 0 0 0 0.4117226722 0.1051615215 0 0 0 0 0 0 0 0 0 0 0 0 0.0742300183 0 0 0.1357091856 0 0 0 0 0 0 0 0 0 0 0 0 0 2.726852042 0 0 0 0.2588801018 0 0 0 0 0 0 0 0 0 0 0 0 0 0 0 0 0 0 0 0 0 0 0 0 0 0 0 0 0 0 0 0 0 0 0 0 0 0 0 0 0 0 0 0 0 0 0 2.818246787 0 0 0 0 0 0 0 0 0 0 0 0 0 0 0.9828062227 0 0 0 0 0 0 0 0 0.6324562211 0 0 0 0 0 0 0 0 0 0 0 0 0 0 0 0 0 0 0 0 0 0 0 0 0 0 0 0 0 0 0 0 0 0 0 0 0 0 0 0 0 0 0 0 0 0 0 0 0 6.133324803 0 0 0 0 0 0 0 0.1214272026 0 0 0 0 0 0 1.423158242 0 0 0 0 0 0 0 0 0 0 0 0 0 0 0 0 0 0 0 0.3389482657 0 0 0 5.36559708 0 0 0 0 0 0 0 0.1113149644 0 0 0 0 0 0 0 0 0 0 0 0 0 0 0 0 0 0 0 0 0 0 0 
0 0 0 0 0 0 0 0 0 0 0 0 0 0 0 0 0 0 0 0 0 0 0 0 0 0 0 0 0 0 0 0.1829551254 0 0 0 0 0 0 0 0 0 0 0 0 0 0 0 0 0 0 0 0 0 0 0 0 0 0 0 0 0 0 0 0 0 0 0 0 0 0 0 0 0 0 0 0 0 0 0 0 0 0 0 0 0 0 0 1.068205844 0 0 0 0 0 0 10.16767341 0 0 0 0 0 0 0 0 0 0 0 0 0 0 0 0 0 0 0 0 3.113641401 0 0 0 1.438179877 0 0 0 0 0 0 0 0 0.000106858935 0 0 0 0 0 0 0 0 9.850553228 0 0 0 0 0 0 0 0 0 0 0 0 0 0 0 0 0 0 0 0 0 0 0 0 0 0 0 6.529816888 0 0 0 0 0 0 0 0 0 0 0 0 0 0 0 0 0 0 0 0 0 0 0 0 0 0 0 0 0 10.13872669 0 0 0 0 0 0 0 0 0 0 0.06909177295 0 0 0 0 0 0 8.259075733 0 0 0 0 0 0 0 0 0 0 0 0 0 0 0 0 0 0 0.03673149709 0 0 0 0 0 0 0 0 0 0 0 0 0 0 0 0 0 0 0 0 0 0 0 
0 0.158860262 0 0 0 0 0 0 0 0 0 0 0 0.1931111 0 0 0 0 0 0 0 0 0 0 0 0 0 0 0 0 0 0 0 0 0 0 0 0 1.046865155 0 0 0 0.6264681356 0 0.03096950348 0 0.382766522 0 0 0 0 0 0 0 0 3.707458556 0 0 0 0 0 0 0 0 0 0 0 0 0 0 0 0 0 0 0 0 1.623924425 0 8.625291033 0 0 0 0 0 0 0 0 0 0 0 0 0 0 0 0 0 0 0 0 0 0 0 0 0 0 0 0 0 0 0 0 0 0 0 0 0 0 0 0 0 0 0 0 0 0 0 0 0 0 0 0 0 0 0 0 0 0 0 0 0 0 0 0 0.4567114183 0 0 0 0 0 0 0.9127380584 0 0 0 0 0 0 0.8522163734 0 3.79841948 0 0 0 0 0 0 0 0.5453545692 0 0 0 0 0 0 0 0 0 0 0 0 0 0 0 0 0 0 0 0 0 0 0 0 0 0 0.7542593722 0 0.165449498 0 0 0 0 0 0 0 0 0 0 0 0 0 0 0 0 0 0 0 0 0 0 0 0 0 0 0 0.2325448118 0 0 0 0 0 0 0 0 0 0 0 0 0 0 0 0 0 0 0 0.3453259604 0 0 0 0 0 0 0 0 0 0 0 
0 0 0 0 0 0 0 0 0 0 0 0 0 1.728593887 0 0 0.1142098552 0 0 0 0 0 0 0 0 0 0 0 0 0 0 0 0 0 0 0.1961476245 0 0 0 0 0 0 0 0 0 0 0 0 0.04661208016 0 0 0 0 0 0 0 0 0 0 0 0 0 0 0 0 0 0 0 3.728897369 0 0 0 0 0 0 0 0 0 0 0 0 0 0 0 0 0 0 0 0 0 0 0 0 0 0 0 0 0 0 0 0 0 0 0 0 0 0 0 0 0 0 0 0 0 0 0 15.56919428 0 0 0 0 0 0 0 0 0 0 0 0 0 0 0 0 3.76514316 0 0 0 0 0 0 0 0 0 0 0 0 0 0 0 0 0 0 0 0 0 0 0 0 0 0 0 0 0 0 0 0.01058027513 1.130184716 0 0 0 0 0 0 0.5327657142 0 0 0 0 0 0 0 0 0 0 0.07658966193 0 0 0 0 0 0 0 0 0 0 0 0 0 1.627182601 0 0 0 0 0 0 0 0 0 0 0 0 0 0 0 0 0 0 0 0 0 0 6.931680382 0 0 0 0 0 0 0 0 0 0 0 0 0 0 0 0 0 0 0 0 0 0 0 0 0 0 0 0 0 0 0 0 0 0.001355154398 
0.153334466 0 0 0 0 0 0 0 0 0 0 0 0 0 0 0 0 0 0 0 0 0 0 0 0 9.827090111 0 0 0 0 0 0 0 0 0 0 0 0 0 0 0 0 0 0 0 0 0 0 1.313520323 0 0 0 4.649641535 0 0 0 0 0 0 0 7.509085525 2.736364368 0 0 0 0 0 0 0 8.07887312 0.4889636733 0 0 0 0 0 0 0 6.160330748 0 0 0 0 0 0 0 0 0 0 0 0 0 0 0 0 0 0 0 0 0 0 0 0 0 0 0.6484318341 0 0 0 0 0 0 0 0 0 0 0 0 0 0 0 0 0 0 0 0 0 0 0 0 0 0 0 0 0 0 0 0 0 0 0 0 0 0 0 0 0 0 0 0 0 0 0 0 0 0 0 0 0 0 0 0 0 0 0 0 0 0 0 0 0 0 0 0 0 0 0 0 0 0 0 0 0 0 0 0 0 0 0 0 0 0 0 0 0 0 0 0.003211525373 0 0 0 0 0 0 0 0 0 0 0 0 0 0 0 0 0 0 0 0 0 0 0 0 0 0 0 0 0 0 0 0.2227547402 0 0 0 0 0 0 0 0 0 0 0.3878138062 0 0 0 0 0 0.7388943482 0 0.06731526811 0 0 0 0 0 0 0 
0 0 0 0 0 0 0 0 0 0 0 0 0 0.07571877935 0 0 0.04139802988 0.4696685253 0.370096404 0 0 0 0 0 0 0 0 1.154581964 0 0 0 0 0 0 0 0 0 0 0 0 0 0 0 0 0 0 0 0 0 0 0 0 0 0 0 0 0 0 0 0 0 0 1.476606451 0 0 0 0 0 0 0 0 0 0 0 0 0 0 0 0 0 0 0 4.928147762 0 0 0 0 0 5.095697733 0 0 0 0 0 0 0 0 0 9.628636004 0 0 0 0 0 0 0 0 0 0 0 0 0 0 0 0 0 0 0 0 0 0 0 0 0 0 0 0 0 0 0 0 0 0 0 0 0 0 0 0 0 0 0 0 0 0 0 0 0 0 0 0 0 0 0 0 0 0 0 0 0 0 0 0 0 0 0 0 0 0 0 0 0 0 0 0 0 0 0 0 0 0 0 0 0 0 0 0 0 0 0 0 7.524724917 0 0 0 0 0 0 0 0 0 0 0 0 0 0 0 0 0 0 0 0 0.009111049365 0 0 0.6276866801 0 0 0 0 0 0 0 0 0 0 0 0 0 0 0 0 0.1632000722 1.458184857 0 0 0 0 0 0 0 0 0 0 0 0 0 0 0 0 0 0 0 0 0 0 
0 0 0 0 0 0 0 0 0 0 0 0 0 0 0 0.7272312576 0 0 0 0 0 0 0 0 0 0 0 0 0 0 0 0 0 0 0 0.3400530843 0 0 0 0 0 0 0 0 0 0 0 0 0 0 0.1082036356 0 0 8.440152324 0 0 0 0 0 0 0 0 0 0 0 0 0 0 0 0 0 0 0 0 0 0 0 0 0 0 0 0 0 0 0 0 0 0 0 0 0 0 0 0 0 0 0 0 0 3.378651547 0 0 0 0 0 0 0 0 0 0 9.374057272 0.5191065634 0 0 0 0 1.547941556 0 0 4.532187536 0.0694308268 0 0 0 0 0 0 0 0 0 0 0 0 56.15192052 0 0 0 0 0 0 0 0 0 0 0 0 2.879441558 0 0 0 0 0 0 0 0.4690428893 0 0 0 0 0 0 0 0 0 0 0 0 0 0 0 0 0 0 0 0 0 0 0 0 0 0 0 0 0 0 0 0 0 0 0.9212986266 0 0 0 0 0 0 0 0 0 0 0 0 0 0 0 7.614430512 0 0 0 0 0 0 0 0 0 0 4.063010395 0 0 0 0 0 0 0 0 0 0 0 0 0 0 0 0 0 0 0 0 0 0 0 0 0 0 0 0 0 0 0 0 0 0 0 0 0 0 0 
0 0 0 0 0 0 0 0 0 0 0 0 0 0 0.001193537307 0 0 0 0.04097876774 0 0 0 0 0 0 0 0 0 0.003688520258 0 0 0 0 0 0.02460570509 0 0 0 0 0 0 0 0 0 8.121872613 0 0 0.8621780342 0 0 0 0 0 0 0 0 0 0 0 0 0 0 0 0 0 0 0 0 0 0 0 0 0 0 0 0 0 0 0 0 0 0 0 0 0 0 0 0 0 0 0 0.2711503407 0 0 0 0 0 0 0 0 0 0 0 0 0 0 0 0 0 0 0 0 0 0 0 0 0 0 0 0 0 0 0 0 0 0 0 0 0 0 0 0 0 0 0 0 0 0 0 0 0 10.37677203 0 0 0 0 0 0 70.30642811 0 0 0 0 0 0 0 0 0 0 0.04885030276 0 0 0 0 0 0 0 0 7.69389795 0 0 0 0 0 0 0 0 0 0 0 0 0.0007369204825 0 0 0 1.323498489 0 0 0 0 0 0 0 0 0 0 8.167117646 0 0 0 0 0 0 0 0 0 0 0 0 0 0 0 0.506363477 0.9360634039 0 0 0 0 0 0 0 0 0 0 0 0 0 0 0 0 5.806975947 0 0 0 0 0 0 0 0 0 0 0 0 0 0 0 0 0 0 0 0 0 0 0 0 0 
0 0 0 0 0 0 0 0 0 0 0 0 0 0 0 0 0 0.01379296564 0 0 0.29494156 0 0 0 0 0 1.615935779 0 0 0 0 0 0 0 0 0 0 0 0 0 0 0 0 0 0 0 0 0 0 0 0 0 5.11646884 0 0 0 0 0 0 0 0 0 0 0.3720985668 0 0 0 0 0 0 0 0 0 0 0 0 0 0 0 0 0 0 9.633200542 0 0 0 0 0 0 0 0 0 0 0 0 0 4.962345293 0 0 0 0 0 0 0 0 0 0 0 0 0 0 0 0 0 1.394899192 0 0 7.396152236 0 0 0 0 0 0 0 0 0 0 0 0 0 36.52670368 0 0 0 0 0 0 0 0 0 0 0 0 0 0 0 0 0 0 0 0 0 0 0 0 0 0 0 0 0 0 0 5.419172201 0 0 0 0 0 0 0 0 0 0 0 0 0 0 0 0 0 0 0 0 0 1.74450159 0 0 0 0 0 0 0 0 0 0 0 0 0 0 0 0 0 0 0 0 0 0 0 0 0 0 0 0 0 0 0 0 0 0 0 0 0 0 0 0 0 0 0 5.765194131 6.485297707e-05 0 0.381195725 0 0 0 0 0 0 0 0 0 0 0 0 0 0 0 0 0 0 0 0 0 0.2401303543 0 
0 0 0 0 0 0 0 0 0 0 0 0 0 0 0 0 0 0 0 0 0 0 0 0 0 0 0 0 0 0 0 0 0 0 0 0 0 0 0 0 0 0 0 0 0 0 0 0 0 0 8.22369315 0 0 0 0 0 0 0 0 0 0 0 0 0 0 9.679725409 0 0 0 1.171866255 0 0 0 0 0 0 0 0 0 0 0 0 0 0 0 5.047743596 0 0 0 0 0 0 0 0 0 0 0 0 0 0 0 0 0 0 0 0 0 0 0 0 3.507082469 10.48443805 0 0 0 0 0 0 0 0 0 0 0 0 0 0 0 5.906447566 0 0 0 0 0 0 0 8.347901929 0 0 0 0 1.475203631 0 0 0 0 0 0 0 0 0 0 0 0 0 0 1.288858672 0 0 0 0 0 0 0 0 1.921178799 0 0 9.689652538 0 0 0 0 0 0 0 0 0 0 0 0 0 0 0 0 0 0 0 0 0 0 0 0 0 0 0 0 0 0 0 0 0 0 0 0 0 0 0 0 0 0 0 0 0 0 0 0 0 0 0 0 0 0.4178208371 0 0 0 0 0.5357612798 0 0 0 0 0 0 0 0 0 0 0 0 0 0 0 1.488103384 0 0 0 0 0 0 0 0 0 0 0 0 0 
0 0 0 0 0 0 0 0 0 0 0 0 0 0 0 0.3916716507 0 0 0 0 0 0 0 0 0 0 0 0 0 0 0 0 0 0 0 0 0 0 0 0 0 0 0 1.190709829 0 0 0 0 0 0 0 0 0 0 0 0 0 0 0 0 0 0 0 0 0 0 0 0 0 0 0 0 0 0 0 0.448778396 0 0 0 0 0 0 0 0 0 0 0 0 0 0 0 0 0 0 0 0 0 0 0 0 0 0 0 6.528548042 0 0 0 5.934993959 0 0 0 0 0 0 0 0 0 0 0 0 0 0 0 0 0 0 0 0.01033885561 0 0 0 0 0 0 0 0 0 0 0 0 0 0 0 0 0 0 0 0 0 0 0 0 0 0 0 0 0 0 0 0 0 0 0 0 0 2.168814044 0 0 0 0 0 0 0.1170559063 0 0 0 0 0 0 0 0 0 0 0 0 0 0 0 0 0 0 0 0.6891569641 0 0 0.8227175487 0 0 0 0 0 0 0 0 0 0 0.3671924826 0 0 0 0 0 0 0 0 0 0 0 0 0 0 8.511346977 0 0 0 0 0 0 0 0 0 0 0 0 0 0 0 0 0 0 0 0 0 0 0 0 0 0 0 0 0 0 0 0 0 0 
0 0 0 0 0 0 0 0 0 0 0 0 0 0 0 0 0.2291924634 0 0 0 0 0 0 0 0 0 0 0 0 0 0 0 0 0 0 0 0 0 0 0 0 0 0 0 0 0 0 3.908219349 0 0 0 1.266499833 0 0 0 7.030142925 0 0 0.7797072817 0 0 0 0 0 0 0 0 0 0 0.07606515209 0 0 0 0 0 0 0 0 0 0 0 0 0 4.464299923 8.406543786 0 0 0 1.128381356 0 0 0 0 0 0 0 0 0 0 2.20009209 3.797974598 0 0 0 0 0 0 0 0 0 0 0 0 0 0 6.113967849 0 0 0 0 0 0 0 0 0 0 0 0 0 0 0 0 0 0 0 0 0 0 0 0 0 0 0 0 0 0 0 0 0 0 0 4.007061157 0 0 0 0 0 0 0 0 0 0 0 0 0 0 0 0 0 0 0 0 0 0 0 0 0 0 0 0 0 0 0 0 18.29915665 0 0 0 0 0 0 0 0 0 0 0 0 0 0 0 0 0 0 0 0 0 0 0 0 0 0 0 0 0 0 0 0 0 0 0 0 0 0 0 0 0 0 0 0 0 0 0 0 0 0 0 0 0.03948920156 0 0 0 0 0 0 0 0 0 0 0 0 0 0 0 0 0 0.2588681028 
0 0 0 0 0 0 0 0 0 0 0 0.0009933508785 0 0 0 0 0 0 0 0 0 0 0 0 0 0 0 0 0 0 0 1.349088373 0 0 0 0 0 0 0 0 1.135077727 0 0 0 0.02232644218 0 0 0 0 0 0 0 0 0 0 0 0 0 0 0 9.420970691 0 0 0 0 0 0 0 0 0 0 0 0 0 0 0 0 0 0 0 0 0 0 0 0 0 0 0.1960729543 0 8.174049264 0 0 0 5.577218196 0 0 0 0 0 0 0 0 0 0 0 0 0 0 0 0 0 0 0 0 0 0 0 0 0 0 0 0 0 0 0 0 0 0 0 0 0 0 0 0 0 0 0 0 0 0 0 0 0 0 0 0 0 0 0 0 0 0 0 0 0 0 0 0 0 0 0 0 0 0 0 0 0 0 0 0 0 0 0 0 5.187820798 0 0 0 0 0 0 0 0 0 0 0 0 0 0 0 0 0 0 0 0 0 0 0 0 0 0 0 0 0 0 0 0 0 0 0 0 0 0 0 0 0 0 0 0 0 0 0 0 0 0 0 0 0 0 0 0 0 0 0 0 0 0 0 0 0 0 0 1.215609132 0 0 0 0 0 0 0 0 0 0.0834721546 0 0 0 
0 0 1.193962156 0 0 0 0 0 0 0 0 0 0 0 0 0 0 0 0.7970442107 0 0 0 0 0 0 0 0 0 0 0 0 0 0 0 1.578271444 0 0 0 0 0 0 0 0 0 0.4065801288 0 0 0 0 0 0 0 0 0 0 0 0 0 0 0 0 0 0 0 1.501000481 0 0 0 0 0 0 0 0 0 0 0 0 0 0 0 0 0 0 0 0 0 0 0 0 0 0 0 0 0 0 0 0 0 0 0 0 0 0 0 0 0 0 0 0 0 0 0 0 0 0 0 0 0 0 0.4620197431 0 0 0 0 0 0 0 0 0 0 0 0 0 0 0 0 0 0 0 0 0 0 5.508362223 0 0 0 0 0 0 0 0 0 0 0 0 0 0 0 0 0 0 0 0 0 0 0 0 0 0 0 6.402148374 0 0 0 2.606738794 0 0.08884896696 0 0 3.353094584 0 0 0 0 0 0 0 0 0 0 0 0 0 0 0 0 0 0 0 0 0 0 0 0 0 0 0 0 0 0 0 0 0 0 0 0 0 0 0 0 0 0 0 0 0 0 0 0 0 0 0 0 0 0 0 0 0 0 0 0 0 0 0 0 0 0 0 0 0 0.2081883627 0 0 0 0 0 0 
0 0 0 0 0 0 0 0 0 0 0 0 0 0 0 0 0 0 0 0 0 0 0 0.04693867177 0 0 0 0 0 0 0 0.4291577569 0 0 0 0 0 0 0 0 0 0 0 0 0 0 0 0 0 0 0 0 0.9471122339 0 0 0 0 0 0 0 0 0 0 0 0 0 0 0 0 0 0 0 0 0 0 0 0 0 0.2276542395 0 0 0 0 6.396839897 2.719320116 0 0 0 0 0 0 0 0 0 0 0 0 0 0 0 0 0 0.8084979973 0 0 0 1.305269803 0 2.480319879 0 0 0 0 0 0 0 0 0 0 0 0 0 108.2938729 0 0 0 0 0 0 0 0 0 0 0 0 0 6.976303462 0 0 0 0 1.0055149 6.653106496 0 0 0 0 0 0 0 0 0 0 0 0 10.47089204 0 0 0 0 0 0 0 0 0 0 0 0 0 0 0 0 0 0 0 0 0 0 0 0 0 0 0 0.2835414921 0 0 0 0 0 0 0 0 0 0.3962904069 0 0 0 0 0 0 0 0 0 0.0610755616 0 0 0 0 0 0 0 0 0 0 0 0 0 0 0 0 0 0 0 0 0 0 0 0 1.478609399 0 0 0 0 0 0 0 0 0 0 0 0 0 0 0 0 0 0 0 0 0 0 0 0 0 0 0 
0 0 0 0 0 0 0 0 0 0 0 0 0 0 0 0 0 0 0 0 0 0 0 0 0 0 0 0 0 0.4345331522 0 8.749354157 0 0 0.3522182004 0 0 0 0 0 0 0 0 0 0 0 0 0.114733406 0 0 0 0 0 1.814769198 0 0 0 0 0 0 0 0 3.167745755 0 0 0 0 0 0 0 0 0 0 0 0 0 0 0 0 0 0 0 0 0 0 0 0 0 0 0 0 0 0 0 2.968635688 0 0 0 0 0 0 0 0 2.998116648 0 0 0 0 0 0 0 0 0 0 0 0 0 0 0 0 0 0 0 0 0 138.5961279 0 0 0 0 0 0 0 0 0 0 0 0 0.2513769425 0 0 0 0 0 0 0 0 0 0 0 0 0 0 0 0 0 0 0 0 0 0 0 0 0 0 0 0 0 0 0 0 0.911817376 0 0 2.214657204 0 0 0 0 0 0 0 0 0 0 0 0 0 0 0.5090898352 0 0 0 0 0 3.673287591 0 0 0 0 0 0 0 1.029255948 0 0 0 0 0 0 0 0 0 0 0 0 0 0 0.1682750933 0 0 0 0 0 0 0 0 0 0 0 0 0 0 0 0 0 0 0 1.213226104 0 0 0 0 0 0 0 0 0 0 0 0 0 0 0 0 0 
0 0 0 0 0 0 0 0 0 0 0 0 0 0 0 0 0 0 0 0 0 0 0 0 0 0 0 0 0 0 0 0 0 0 0 0 0 0 0 0 0 0 0 0 0 0 0 0 0 0 0 0 1.736558261 0 0 0 0 0 0 0 0 0 0 0.1160030962 0 0 0 0 0 0 0 0 2.354390342 0 0 0 0 0 0 0 0 0 0 0 0 16.03561662 0 0 0 0 0 0 0 0 0 0 0 0 0 0 0 0 0 0.134927848 0 0 0 6.677352371 0 0 0 0 48.28597477 0 0 0 0 0 0 0 0 0 0 0 0 0 0 0 0 0 0 0 0 0 0 0 0 0 0 0 0 0 0 0 0 0 0 1.337864797 0 0 8.359111782 5.775310761 0 0 0 0 0 0 0 0 0 0 0 0 0 0 0 0 0 0 0 0 0 0 0 0 0 0 0 0 0 0 0 0 0.0006071971533 0 0 0 0 0 0 0 0 0 0 0 0 0 0 0 0 0 0.6283151547 0 0 0 0 0 0 0 0 0 0 0 0 0 6.093924097 0 0 0 0 0 0 0 0 0 0 0 0 0 0 0 0 0 0 0 1.750906693 0 0 0 0 0 0 0 0 0 0 0 0 0 0 0 0 0 0 0 
0 0 0 0 0 0 0 5.391076014 0 0 0 0.1832212508 0 0 0 0 0 0 0 0 0 0 0 0 0 0 0 0 0 0 0 0 0 0.5068022201 0 0 0 0 0 0 0 0 0 0 0 0 0 0 0 0 0 0 0.006635150452 0 0 0 0 0 1.14595485 0 0 0.3033719355 0 0 0 0 0 0 0 0 0 0 0 0 0 0 0 0 0 0 0 0 0 0 0 0 0 4.940573613 0 0 0 0 0 0 0 0 0 0 0 0 8.583988657 0 0 0 0 0 0 0 0 0 0 0 0 0 0 0 0 7.806596665 0 0 0 0 0 0 0 0 0 0 0 0 0 0 0 0 0 0 0 0 0 0 0 0 0 0 37.43031079 0 0 0 0 0 0 0 0 0 0 0 0 0 0 25.26519588 0 0 2.641976008 0 0 0 0 0 0 0 0 0 0 0 0 0 0 4.9700306 0 0 0 5.305359384 0 0 0 0 0 0 0 0 0 0 0 0 0 0 0 0 0 0 0 1.791162006 0 0 0 5.362400539 0 0 0 0 0 0 0 0 0 0 0 0 0 0 0 0 0 0 0 0 0 0 0 0 0 0 0 0 0 0 0 0 0.354484158 0 0.3701602363 0 0 0 0 0 0 0 0 0 0 0 0 0 0 0 
0 0 0 0 0 0 0 0 0 0 0.2719952699 0 0 0 0 0 0 0 0 4.551389484 0 0 0 0 0 0 0 0 0 0 0 0 0 0 0 0 0.003346933112 0 1.494255811 0 0 0 0 0 0 0 0 0 0 0 0 0 0 0 0 0 0 0.3635704976 0 0.06710297824 0 0 0 0 0 0 0 0 0 0 0 0.09766222627 0 0 0 0 0 0 0 0 0 0 0 0 0 0 0 0 0 0 0 0 223.4718078 0 13.3067732 0 0 0 0 0 0 0 0 0 0 0 0 0 0 0 0 0 0 0 0 0 0 0 0 27.67298321 0 0 0 0 0 0 0 0 0 0 0 0 0 0 0 0 0 285.5762772 0 0 0 0 0 0 0 0 0 0 0 0 0 0 0 0 0 103.4348886 0 0 0 0 0 0 0 0 0 0 0 0 0 0 0 0 0 0 0 0 0 0 0 0 0 7.316420049 0 0 0 0 0 0 0 0 0 0 0 0 0 0 0 0 0 0 0 0 0.06117979967 0 0 0 0 0 0 1.598728361 0 0 0 0 0 0 0 0 0 0.01841234651 0 0 0 0 0 0 0 0 0.9094577486 0 0 0 1.330676592 0 0 0 0 0 0 0 0 0 0 0 0 0 0 0 0 0 0 0 0 0 0 0 
0 0 0 0 0 0 0 0 0 0 0 0 0 0 0 0 0 0 0 0 0 0 0 0 0 0 0 0 0 0 2.625054312 0 0 0 0 0 0 0 0 0 0 0 0 0 5.949727134 0 0 0 0 0 0 0 0 0 0 0 0 0.9845258261 1.230282814 0 0 0 0 1.68543602 0 0 0 0 0 0 0 0 0 0 0 1.223468327 0 0 0 0 0 0 0 0 0 0 0 0 0 0 0 0 0 0 0 0 0 0 0 0 0 0 0 0 0 0 0 0 0 0 0 0 0 0 0 0 0 0 0 0 0 0 0 0 0 0 0 0 0 0 0 0 0 0 0 0 0 0 0 0 0 0 0 0 0 0 0 0 0 0 0 0 0 0 0 0 0 0 0 0 0 0 0 0 0 0 0 0 0 0 0 0 0 0 0 0 0 0 0 0 0 0 0 0 0 0 0 0 0 0 0 0 0 0 0 0 0 0 0 0 0 0 3.192794588 0 0 0 0 0 0 0 0 0 0 0 0 0 0 0 0 0 0 0 0 0 0 0 0 0 0 0 0.01674656172 0.4176044001 0 0 0 0 0 0 0 0 0.03881564092 0 0 0 0 0 0 0 0 0 0 0 0 0 0 0.01813271144 
0 0 6.0254983 0.1881824431 0 0 0 0 0 0 0 0 0 0 0 0 0 0 0 0 0 0 0 0 0 0 0 0 0 0 0 0 0.3064578322 0 0 0 0 0 0 0 0 0.1413789656 0 0 0 0 0 0 0 0 0 0 0 0 0 0 0 0 0 0 0 0 0 0 0 0 0 7.626351301 0 0 0 0 0 0 0 0 0 0 0 0 0 0 0 0 0 0 0 0 12.12527336 0 0 0 0 0 0 0 0 0 0 0 0 0 0 0 0 0 0 0 0 0 0 0 0 122.1071622 0 0 0 534.4408387 0 0 0 0 0 0 0 0 0 0 0 0 0 0 0 0 0 0 0 0 0 0 0 0 0 0 0 0 0 3.411696096 0 0 0 0 0 0 0 0 4.410316023 0.3362780146 0 0 0 0 0 0 0 0 0 0 0 0 0 0 0 0 0 9.318584018 0 0 4.973722357 0 0 0 0 0 0 0 0 0 0 0 0 0 0 3.429881211 0 0 0 0 0 0 0 0 0 0 0 0 0 0 0 0 0 0 0 0 0 0 0 0 0 0 0 0 0 0 0 0 0 0 0 0 0 0 0 0 0 0 0 0 0 0 0 0 0 0 0 0 0 0 0 0 0 0 0.9024061356 0 0 0 
0 0 0 0 0 0 0 0 0 0 0 0 0 0 0 0 0 0 0 0 0 0 0 0 0 0.001417395548 0 0 0 0 0 0 0 0 0 0 0 0 0 0 0 0 0 0 0 0 0 0 0 0 0 0 0 0 0 0 0 0 0 0 0 0 0 0 0 0 0 0 0 0 0 0 0 0 0 0 68.70118466 0 0 0 0 0 2.924193976 0 0 0 0 0 0 0 0 0 0 5.161281083 0 0 0 0 0 0 0 0 0 0 0 0 0 0 0 0 0 0 0 0 0 0 0 0 0 0 0 0 8.972501145 0 0 0 0 4.754489197 0 0 0 131.6112363 0 0 230.4719233 0 0 0 0 0 0 8.175183152 9.941764434 0 0 0 0 0 32.19448369 0 0 0 0 0 0 0 0 0 0 0 13.31159204 0 0 0 0 0 0 0 0 0 0 0 0 0 0 0 0 0 0 0 0 0 0 0 0.3545583207 0 0 0 0 0 0 0 0 0 0 0 0 0 0 0 0 0 0 0.02025167036 1.047660739 0 0 0 0 0 0 0 0 0 0 0 0 0 9.332080702 0 0 0 0 0 0 0 0 0 9.109354501 0 0 0 0 0 0 0 0 0 0 0 0 0 0 0 0 0 0 0 0 0 0 0 0 0 0 0 
0 0 0 0 0 0 0 0 0 0 0 0 0 0 0 0 0 0 0 0 0 0 0 0 0 0 0 0 0 0 0 0 0 0 0 0.3589463587 0.1108442858 0 0 0 0 0 0 0 0 0 0 0 0 0 0 0 0 0 0 0 0 0 0 0 0 0 0 0 0 0 0 0 0 0 0 0 0 0 0 0 0 0 0 0 0 0 0 0 0 0 0 0 0 0 0 0 0 0 0 3.198126119 5.8377959 0 0 0 0 0 0 0 0 0 0 4.844549221 0 0 0 0 0 0 0 0 11.29339245 0 0 0 0 0 0 0 0 0 0 65.44271008 0 0 0 0 0 0 0 0 0 0 0 0 0 106.5803401 0.01319464655 0 0 0 0 0 0 0 0 0 0 9.599986832 0 0 0 0 0 0 0 0 0 0 0 0 0 0 0 0 0 0 0 0 0 0 0 0 0 6.127623694 0 0 0 0 0 0 0 0 0 0 0 0 0 0 0 0 0 0 0 0 0 0 0 0 0 0 0 0 0 0 0 1.38550448 0 0 0 0 0 0 0 0 0 0 0 0 0 0 0 0 0 0 0 0 0 0 0 0 0 0 0 0 0 0 0 0 0 0 0 0 0 0 0 0 0 0 0 0 
0 0.9538704262 0 0 0 0 0 0 0 0 0.01411138892 0 0 0 0 0 0 0 0 0 0 0 0 0 0 0 0 0 0 0 0 0 0 1.368058595 0 0 0 0 0 0 0 0 0 0 0 0 0 0 0 0 0 6.225386502 0 0 0 0 0 0 0 0.01568662439 0 0 0 0.02208551254 0 0 0 0 0 0 0 0 0 0 0 0 0 0 0 0 0 0 0 0 0 0 0 0 0 0 0 0 0 0 0 0 0 0 0 0 0 0 0 0 0 0 0 0 89.78450142 0 0 0 0 0 0 0 0 0 0 0 0 0 0 0 0 0 0 0 0 0 0 0 0 0 0 0 0 0 0 0 0 0 0 0 0 0 0 0 63.51793599 0 0 0 0 0 0 0 0 0 0 0 0 0 0 0 0 0 0 0 9.027306033 0 0 0 0 0 51.02804123 3.359104342 0 0 0 10.17987414 0 0 0 0 1.545941097 0 0 0 0 0 0 0 0 0 0 0 0 0 0 0 0 0 0 0 0 0 0 0 0 0 0 0 0 0 0.3948490563 0 0 0 5.695169354 0 0 0 0 0 0 0 0 0 0 0 0 1.137078036 0 0 0 0 0 0 0 0 0 0 8.788759039 0 0 0 0 0 0 0 0 0 0 0 0.2316182216 0 
0 0 0 0 0 0 0.7288252088 0 0 0 0 0 0 0 0 0 0 0 0 0 0 0 0 0 0 0 0 0 0 0 0.5432040933 0 0 0 0 0 1.638575364 0 0 0 0 0 0 0 0 0.8793284903 0 0 0 0 0 0 0 0 0.09703474578 0 0 1.262579059 0 0 0 1.332235674 0 0 0 0.9325273856 0 0 0 0 0 0 0 0 0 9.348056606 0 0 0 0 0 0 0 0 0 0 0 0.9860343964 0 0 0 0 0 0 0 0 0 0 2.877408691 0 0 0 0 175.068266 0 0 0 0 0 0 0 0 0 0 0 6.402408217 0 0 0 0 0 0 0 0 0 0 0 0 0 0 0 0 0 0 0 0.7987112833 0 0 0 0 0 0 0 0 0 0 0 0 0 0 0 0 0 0 0 0 0 0 0 0 0 0.2668020956 0 32.65497669 0 0 0 0 0 0 0 0 0 0 0 0 0 0 0 0 5.220091222 0 5.488756012 0 0 0 0 0 0 74.29670821 0 0 0 0 0 0 0 0 0 0 0 0 0 0 0 0 4.483090538 0 0 0 0 0 0 0 0 0 0 0 0 0 0 0 0 0 0 0 0 0 0 0 3.175067291 0 0 0 0 0 0 0 0 0 0 0 0 0 0 0 0 0 0 0 0 0 0 0 0 0 
0 0 0 0 0 0 0 0 0 0 0 0 0 0 0 0 0 0 0 0 0 0 0 0 0 0 0 0 0 0 0 0 0 0 0 0 0 0 0 0 1.024250937 0 0 0 0 0.8548692023 0 0 0 0 0 0 0 1.709749766 0 1.353455122 0 0 0 0 0 0 0 0 0 0 0 0 0 0 0 7.460133196 0 0 0.3795343069 0 0 0 0 0 2.792150741 0 0 0 0 0 0 0 0 0 0 0 0 0 0 0 0 0 0 0 0 0 0 5.702857143 0 0 0 0 0 0 0 0 41.37248343 0 0 0 0 0 0 0 0 0 0 0 0 0 0 0 0 0 0 0 279.8954826 0 0 0 0 0 0 0 0 534.6170983 0 0 0 0 128.2526536 0 0 0 0 0 0 0 0 0 0 0 0 0 0 0 0 0 0 0 0 0 0 0 0 0 0 0 0 0 0 0 0 0 0 0 0 0 0.8229219654 0 0 0 0 0 0 0 0 0 0 0 0 0 0 0 0 0 0 0 0 0 0 0.3688924915 0 0 0 0 0 0 3.202155764 0 0 0 0 0 0 0 0 0 0 0 0 0 0 0 0 0 0.5717496027 0 0 0 0 0 0 0 0 0 0 0 0 0.8097503916 0 0 0 6.970582467 0 0 0 0 0 0 
0 0 0 0 0 0 1.061637632 0 0 0 0 0 0 0 0 0 0.3760243845 0 0 0.4879517956 0 0 0 0 0 0 0 0 0 0 0 0 0 0 0 0 0 0 0 0 0 0 0 0 0 0 0 0 0 0 0 0 0 0 0 0 0 0 0 0 0 0 0 0 0 0 0 0 0 0 0 0 0 0 0 0 0 0 0 0 0 0 0 0 0 0 0 0 0 0 0 0 0 0 0 0 0 4.620926167 0 0 0 0 0 0 0 0 0 0 0 0 0 0 0 0 0 0 0 0 0 0 0 0 0 0 0 0 0 0 0 0 0 0 0 0 0 0 0 0 0 0 0 0 0 0 0 0 0 0 0 0 0 0.567036678 0 0 0 0 0 0 0 0 0 0 0 0 0 0 0 0 0 0 0 0 0 0 0 0 0 0 0 0 8.178564632 0 0 0 0 0 0 0 0 0 0 0 0 9.179540251 0 0 0 0 0 0 0 0 0 0 0 9.782719077 0 0 0 0 0 0 0 0 0 0 1.600420291 0 0 0 0 0 0 0 0 0 0 0 0 0 0 0.8648052153 0 0 0 8.838555052 0 0.00932347757 0 0 0 0 0 0 0 0 0 0 0 0 0 0 0 0.9361916225 0 0 
0 0 0 0 0 0 0 0 0 0.519070714 0 0.05579931073 0 0 0 0 0 0 0 0 0 0 0 0 0 0 0 0 0 0 0 0 0 0 0 0 0 0 0 0 0 0 0 0 0 0 1.496356119 0 0 0 0 0 0 0 0 0 0 0 0 0 0 0.8824194074 0 0 0 0.5839838039 5.179159372 0 0 0 0 0 0 0 0 7.498640951 0 0 0 0 0 0 0 0 0 0 0 0 0 0 0 0 0 0 0 0 0 0 0 0 0 0 0 0 0 0 0 0 0 0 0 0 0 0 0 0 0 8.199284322 0 0 0 0 0 0 0 0 0 0 0 0 0 9.380512881 0 0 0 0 0 0 0 38.60371527 0 68.17072086 0 0 0 0 0 102.7411931 0 0 0 0 0 0 0 0 0 92.63486509 0 0 0 5.960029505 0 0 0 0 0 0 0 0 0.2720042904 0 0 0 0 0 0 0 0 9.558370781 0 12.25043916 0 0 1.742496914 0 0 0 0 0 0 0 0 0 0 0 0 0 0 0 0 0 0 0 0 0 0 0 0 0 0 0 0 0 0 0 0 0 0 0 0 0 0 0 0 0 0 0 0 0 0 0 0 0 0 0.03018428655 0 0 0 0 0 0 0 0 0.3480534368 0 0 0 0 0 0 0 0 0 0 0 
0.288712696 0 0 0 0 0 0 0 0 0 0 0 0 0 0 0 8.348615199 0 1.661173072 0 0 0 0 0 0 0 0 0 0 0 0 0 0 0 0 0 0 0 1.403289399 0 0 0 0 0 0 0 0 0 0 0 0 0 0 0 0 0 0 0 0 0 0 0 0 0 0 0 0 0 0.2854881507 0 0 0 0 0 0 0 0 0 0 0 0 0 0 0 0 0 0 0 0 0 0 0 0 0 0 0 0 0 0 0 0 0 0 0 0 53.80350408 0 0 0 0 91.70628981 0 0 0 0 0 0 0 0 0 3.310316697 0 0 0 0 0 0 0 0 0 0 0 0 0 371.7196383 0 0 0 0 0 0 0 0 0 0 0 0 0 0 0 0 0 0 0 0 0 0 16.30209002 0 0 0 0 0 0 0 0 0 0 22.44619076 0 0 0 0 0 0 0 0 0 0 0 103.4610417 0 0 0 0 0 0 0 0 0 0 0 0 0 0 0 0 0 0 0 0 0 0 0 0 0 0 0 0 0 0 0 0 0 0 0.5745002564 0 0 0 0 1.622914063 0 0.5404785387 0 0 0 0 0 0 0.03996754179 0 7.275436256 0 0 0 0 0 0 0 0 0 0 0 0 0 0 0 0 0 0 0 0 0 0 0.0008392333061 0 
0 0.5039838177 0 0 0 0 0 0 0 0 0 0 0 0 0 0 0 0 0 0 0 0 0 0 0 0 0 0 0 0 0 0 6.10621295 0.001406929567 0 0 1.593172253 0 0 4.850586605 0 0 0 0 0 0 0 0 0 0 0 0 0 0 0 0 0 0 0 0 0 0 0 0 0 0 0 0 0 0 0 0 0 0 0 0 0 0 0 0 0 0 0 0 0 0 0 0.005421219048 0 2.583519686 0 0 0 0 0 0 0 0 0 0 0 0 0 0 0 0 0 0 0 0 0 0 0 0 0 0 0 0 0 0 0 0 0 0 0 0 0 0 0 0 0 0 0 0 0 0 0 0 0 0 0 0 0 0 0 0 0 0 0 0 0 0 0 0 0 0 0 0 0 0 0 0 0 0 0 0 0 0 0 0 0 0 0 0 0 0 0 0 0 0 0 0 0 0 0 0 0.8285579727 0 0 0 1.4478854 0 0 0 0 0 0 0 0 0 0 0 0 0 0 0 0 0 0 0 0 0 0 0 0 0 0 0 0 0 0 0 0 0 0 0 0 0 0 0 0 0 0 0 0 0 0 0 0 0 0 0 0 0 1.386408716 0 0 0 0 0 0 0 0 0.3162920277 0 0 
0 0 0 0 0.01547308354 0 0 0 0 0 1.506838765 0 0 0 0 0 0 0 0 0 0 0 0 0 0 0.3345106719 0 0 0 0.004358503601 0 0.6652378107 0 0 0 0 0 0 0 0 0.2507098684 0 0 0 0 0 1.506559414 0 0 0 0 0 0 0 0 0 0 0 0 0 0 0 0 0 0 0 0 0 0 0 0 0 0 2.849303953 0 0 0 0 0 0 0 0 0 0 0 0 0 0 0 0 0 0 0 0 0 0 0 0 0 0 0 0 0 0 0 0 0 0 0 0 0 0 0 0 0 0 0 0 0 0 0 0 0 0 0 0 0 0 0 0 0 0 0 0 0 0 0 0 0 0 0 0 0 612.1950155 0 0 0 0 0 0 0 0 587.3411245 0 0 0 0 0 0.3392111779 0 0 0 0 0 2.534484269 0 0 0 0 0 0 0 7.630439809 0 0 0 0 0 6.691717698 111.1676685 0 0 0 0 2.778528582 0 0 0 0 0 0 0 0 0 0 0 0 0 0 0 0 0 0 2.418716941 0 0 5.996932214 0 0 0 0 0 0 0 0 0.1721025944 0 0 0 0 0 0 0 0 1.340688293 0 0 3.463431345 0 0 0 0 0 0 0.06295347287 0 0 0 0 0 0 0 0 0 0 0 0 0 0 0 0 0 0 0 1.168326163 0 
0 0 0 0 0 0 0 0 0 0 1.175086845 0.005110169732 0 0 5.727450155 0 0 0 0 0 1.228246992 0 0.6224396563 0 0 0 0 1.633124844 0 0 0 0 0 0 8.087499949 0 0 0.7002225573 0 0 0 0 0 0 0 0 0 0 0 0 0 0 0 0 0 0 0 0 8.095484833 0 0 0 0 0 0 0 0 0 0 0 0 0 0 0 5.545466576 0 0 0 0 0 0 0 0 0 0 0 0 0 131.6610517 0 0 0 0 0 0 0 0 0 0 0 0 0 0 0 0 0 0 0 0 0 0 0 0 0 0 0 0 0 0 0 0 0 0 0 0 0 0 0 0 363.7686991 0 0 80.69743064 0 0 603.7681675 0 0 0 0 0 0 0 0 29.78619197 0 0 0 0 0 0 0 0 0 0 0 0 0 0 0 0 0 0 0.9476175366 0 0 0 0 0 0 0 0 136.3546454 0 0 0 0 0 0 0 0 0 0 0 0 0 0 0 0 0 0 0 0 0 0 0 0 0 0 0 8.012235266 0 0 0 0 0 0 0 0 0 0 0 1.50374189 0 0 0 0 0 0 0 0 0 0 0 0 0 0 0 0 0.8658876957 0 0 0 0 0 0 0 0 0 0 0 0 0 0 0 0 0 0 0 0 0 0 0 0 0 0 
0 0 0 0 0 0 0 0 0 0 0 0 0 0 0 0 0 0.2343962226 0 0 0 0 0 0.01280736399 0.2841115959 0 0 0 0 0 0 0 0 0 0 0 0 0 0 0 0 0 0 0 0 0 0 3.147981116 0 1.458681804 0 0 0 0 9.071000183 0 0 0 0 0 0 0 0 0 0 0 0 0 3.914501366 6.055568592 0 0 0 0.09661057146 0 79.33802072 0 0 0 0 0 0 0 0 0 0 0 0 0 0 0 0 0 0 0 0 0 0 1.609015916 0 0 0 0 0 0 13.93676563 0 0 0 0 0 0 0 0 0 0 0 0 0 0 0 0 0 0 26.84356808 0 0 0 0 0 0 0 0 0 0 22.92282052 0 0 362.6844475 0 0 0 0 0 0 0 0 0 0 0 0 0 0 0 0 0 16.67682238 0 0 0 0 0 0 0 0 0 0 0 3.535637057 244.1108786 0 0 0 0 0 0 0 0 0 0 0 0 0 0 0 0 0 0 0 0 0 0 0 0 0 0 0 0 0 0 0 0.2880077241 0 0 0 1.549574194 0 0 0 0 0 0 0 0 0 0 0 0 0 0 0 0 0 0 0.2820478028 0 0 0 0 0 0 0 0 0.2934455622 0 0 0 0 0 0 0 0 0 0 0 0 0 0 0 0 0 0 0 0 0 0 
0 0 0.7449640901 0 0 0 0.3631029165 0 0.06199079505 0 0 0 0 0 0 0 0 0 0 0.1519392096 0 0 0 0 0 0 0 0 0 0 0 0 0 0 0 0 0 0 0 0 0 0 0 0 0 0 0 0 0 0 0 0 0 0 0 0 0 0 0 0 0.02384101934 0 0 0 0 0 0 0 0 0 0 0 0 0 0 0 0 0 0 0 0 0 0 0 0.2822143667 0 0 0 0 0 0 0 5.1004659 0 0 0 0 0 0 0 0 0 0 0 0 0 0 0 0 0 0 0 0 0 0 0 0 0 0 0 0 0 0 0 0 0 0 0 0 0 0 0 0 0 0 0 0 0 0 0 0 0 0 0 0 0 0 0 0 0 0 0 560.3524351 0 0 0 0 0 0 0 31.29294326 0 0 0 0 0 0 0 0 0 0 0 0 0 0 0 0 0 0 0 0 0 0 0 0 0 0 0 0 0 1.9677955 0 0 0 0 0 0 0 0 0 0 0 0 0 0 0 0 0 0 0 0 0 0 0 0 0 0 0 0 0 0 0 0 0 0 0 0 0 0 0 0 0 0 0 0 0 0 0 0 0 0 0 0 0 0 0 0.0004492828152 0 0 0 0 0 0 0 0 0 
0 0 0 0 0 0 0 0 0 0 0 0 0 0 0 0 0 0 0 0 0 0 0 0 0 0 0 0 0 0 0 0 0 0 0.01787515226 0 0 0 0 0 0 0 0 0 0 0 0.7659636196 0 0 0 0 0 0 0 0 0 0 0 0 0 0 0 0 0 0 0 0 0 0 0 0 0 0 0 0 0 0 0 0 0 0 0 0 0 0 0 71.06300757 0 0 0 0 0 0 0 0 0 0 0 0 0 0 0 0 0 0 0 0 0 0 0 0 2.481666239 0 0 0 0 0 0 0 0 0 0 0 0 0 0 0 0 0 0 0 0 0 0 0 0 0 0 0 0 0 0 0 0 0 0 0 0 0 0 0 0 0 0 0 0 0 0 0 0 0 0 0 0 0 0 5.781600443 0 0 0 0 0 0 0 0 0 0 0 0 0 0 0 0 0 0 0 0 0 0 0 0 0 0 0 0 0 0 0 0 0 0 0 0 0 0 0 0 0 0 0 0 0 0.05449150632 0 0 0 0 0 0 0 0 0 0 0 0 0 0 0 0 0 0 0 0 6.683537622 0 0.2013215386 0 0 0 0 0 0 0 0 0 0 0 0 0 0 0 0 0 0 0 0 
0 2.267044618 0 0 0 0 0 0 0 0 0 0 0 0.3184327563 0 0 0 0 0 0 0 0 0 0 0 0 0 0 0 0 0 0 0.9388255819 0 0 0 0 0 0 0 0 0 0 1.629032931 0 0.807971986 0 0 0 0 0 0 0 0 0 0 0 0 0 0 0 0 0 4.976395685 0 0 0 0 0 0 0 0 0 0 0 0 0 0 0 0 0 0 0 0 0 0 0 0 0 0 0 0 0 0 0 0 0 0 0 0 0 0 0 0 0 0 0 0 0 0 0 0 0 0 0 240.0267668 0 0 0 0 0 0 0 0 0 283.6738404 0 0 0 0 0 0 0 0 0 0 0 0 0 0 0 0 0 0 0 0 0 0 0 0 0 0 0 0 0 0 0 0 0 0 0 0 0 0 0 0 0 0.1002978179 0 0 0 0 0 0 0 0 0 0 0 0 0 0 0 0 0 8.1202555 0 0 0 0 0 0 0 0 0 0 0 0 0 0 0 0 0 0 0 0 0 0 0 0 0 0 0 0 0 0 0 0 0 0 0 0 0 0 0 0 0 0 0 0 0 0 0 0 0 0 0 0 0 0 0 0 0 0 0 0 0 0 0 0 0 0 0 0 0 0 
0 0 0 0 0 0 0 0 0 0 0 0 0 0 0 0 0 0 0 0 0 0 0 0 0 0 0 0.04036288878 0 0 0 0 0 0 0 0 0 0 0 0 0 0 0 0 0.0002774336755 0 0 0 0 0 0 0 0 0 5.783510059 0 0 0 0 0 0 0 0 0 0 0 0 0.6877457769 0 0 0 0 0 2.284205011 0 0 0 0 0 0 0 0 0 0 0 0 0 0 0 0 0 0 0 0 0 0 0 0 0.1682854755 0 0 0 430.5540691 0 0 0 0 0 0 0 0 0 0 0 0 0 0 0 0 0 0 0 0 0 0 0 0 0 0 0 0 0 0 0 678.5383185 0 0 0 0 0 0 0 0 0 679.4102774 0 313.9762586 0 0 107.4894272 0 0 0 88.99377867 0 0 0 0 0 0 0 0 0 0 0 0 0 0 0 0 0 0 0 0 0 0 0 0 0 0 0 106.4827441 0 0 0 0 0 0 0 0 0 0 0 0 0 0 0 0 0 0 0 0 0 0 0 0 0 0 0 0 0 0 0 0 0 0.4843926149 0 0 0 0 0 0 0 0 5.848517104 0 0 0 0 0 0 0 0 0 0 0 0 0 0.05593237566 0 0 0 0 0 0 0 0 0 0 0 0 0 0 0 0 0 
0 0 0 0 0 0 0 0 0 0 0 0 0 0 0 0 0 0 0 0 0 0 0 0 8.929561516 0 0 0 0 0 0 0 0 0 0 0 0 0 0 0 0 0.04336955728 0 0 0 0 0 0 0 0 0 0 0 0 0 0 3.409883526 0 0 0 0 0 0 2.048349609 0 0 0 0 0 0 0 0 0 0 0 0 0 0 0 0 0 0 6.507272868 0 0 0 0 9.099383914 0 0 0 29.28182395 0 0 0 0 55.95315773 0 0 0 0 0 0 0 0 0 0 8.055933246 0 0 0 0 0 0 0 0 0 0 0 0 0 0 0 0 0 0 0 262.0475958 0 0 0 0 0 0 0 0 0 0 0 0 0 0 0 0 0 0 0 0 336.282645 0 0 0 0 0 0 0 0 0 0 0 0 0 0 0 0 0 0 0 0 0 0 0 0 0 0 0 0 0 0 0 0 0 0 0 0 0 0 0 0 0 0 0 0 22.95028678 0 0 0.433062263 0 0 0 0 0 0 0 0 0 0 0 1.933227309 0 0 0 0 0 0 17.29684953 0 0 0 0 0 0 0 0 0 0 0 0 0 0 0 0 0 0 0 1.24692069 0 0 0 0 0 0 0 0 0 0 0 0.1115694402 0 0 0 0 0 0 0 0 
0 0 0 0 0 0 0 0 0 0 0 0 0 0 0 0 0 0 0 0 0 0 0 0 0 0 0 0 0 0 0 0 0.01610633227 3.696292962 0 0 0 0 0 0 0 0 0 0 0 0 0 0 0 0 0 0 0 0 0 0 0 0 0 5.777353396 0 0 0 0 0 0 0 0 0 0 0 0 0 0 0 0 0 0 0 0 0 0 0 0 0 0 0 0 0 0 0 0 0 0 360.7105915 0 0 0 110.123214 0 0 0 0 794.1436774 0 0 0 0 39.67671772 0 0 0 0 282.6539163 0 0 454.087774 0 0 0 0 0 0 0 0 0 0 14.77716701 0 0 0 0 0 0 0 0 0 0 0 0 0 0 0 0 0 0 0 0 0 0 0 0 0 0 0 130.5980083 0 0 0 0 0 0 6.653007018 0 0 0 0 0 0 0 0 0 0 0 0 0 8.826959584 0 0 0 0 0 0 0 0 0 0 0 0 0 0 0 0 0 0 0.7331052967 0 0 0 0 0 0 0 0 0 0 0 0 0 0 0 0 8.155902791 0 0 0 0 6.539995202 0 0 0 0 0 0 0 0 0 0 0 0 0 0 0 0 0 0 0 0 0 0 0 0 0 0 0 0 0 0 0 0 0 0 0 0 0 0 
0 0 0 0.8616751372 0 0 0 0 0 0 0 0 0 0 0 0 0.07840684347 0 0 0.2927914159 0 0 0 0 0 0 0 0.9490506898 0 0 0 0 0 0 0 0 0 0 0 0 0 0 0 3.231543228 0 0 0 0 0 0 0 0 6.779050271 0 0 0 0 0 0 0 0 0 0 0.3194260297 0 0 0 0 0 0 0 0 0 0 0 0 0 0 0 0 0 0 0 0 0 0 5.390735232 0 0 0 0 0 0 0 0 0 0 0 439.6512763 0 0 0 0 0 0 0 0 0 0 0 0 0 0 0 0 0 0 0 0 0 0 0 0 0 0 0 0 0 0 0 757.0322353 0 0 0 0 0 0 380.2623967 0 0 0 0 0 0 0 0 0 0 0 0 0 0 0 0 13.47379163 0 299.5243883 0 0 0 0 0 0 0 0 0 0 0 0 0 0 0 0 0 60.45065923 0 0 0 0 0 0 0 0 0 0 0 0 0 0 0 0 0 0 0 0 3.790285318 0 0 0 0 0 0.2570393969 0 0 0 7.975463822 0 0 0 0 1.263735374 0 0 0 0 0 0 0 0 6.920716856 0 0 0 0 0 0 0 0 0 9.276900061 0 0 0 0 0 0.2209073395 0 0 0 0 0 0 0 0 0 0 0 0 0 0 0 0 0 0 0 0 
0 0 0 0 0 0 0 0.471340779 0 0 0 0 0 0.314337087 0 0 0 0 0 0 0 0 0 0 0 0 0 0 0 0 0 0 0.4826347175 0 0.6563096323 0 0 0 0.2060309381 0 0 0 0 0 0 0 0 1.167043968 0 0 0 0 0 0 0 0 0 0 0 0 0 0 0 0 0 0 0 0 0 0 0 0 0 0 0 0 0 0 0 0 0 0 0 0 0 0 0 0 3.323551094 0 0 0 0 0 0 0 0 0 0 0 0 0 72.62610147 0 0 0 732.3891519 0 0 0 0 0 0 0 0 0 0 0 0 0 0 0 0 0 0 0 0 0 0 0 0 0 0 0 0 0 0 0 0 0 0 0 0 0 0 0 0 0 0 109.7876125 0 0 0 0 0 0 0 0 0 0 0 0 0 0 0 0 0 0 0 0 343.2462218 0 0 243.1268894 0 0 0 0 0 0 0 0 0 0 0 0 0 0 0 0 0 151.8131278 0 0 0 0 2.749351654 0 0 0 0 0 0 0 0 0 0 0 0 5.082618102 0 0 0 0 4.536223977 0 0 0 0 0 0 0 0 0 0 0 0 0 0 0 0 0 0 0 0 0 0 0 0 0 0.1874918862 0 0 0 0 0 0 0 0 0 0 0 0 0 0 0 
0 0 0 0 0 0 0 0 0.2893494428 0 0 0 0 0 0 0 0 0 1.338705513 0 0 1.043760131 0 0 0 0 0 0 0 0 0 0 1.610203251 0 0 0 0 1.50268724 0 0 0 1.063050129 0 0 0 1.002641981 0 0 0 0 0 0 0 0 0 0 0.361447961 0 0 0 0 0 0 0 0 0 0 0 0 0 0 0 0 0 1.829019308 0 0 0 0 0 0 0 0 0 0.01657199933 0 0 0 73.50744501 0 0 0 0 0 0 0 0 0 0 0 0 0 0 0 0 0 0 0 0 0 0 0 0 0 0 0 0 0 0 0 0 521.1530433 0 0 0 0 0 0 0 342.8434291 0 0 0 0 0 0 0 0 0 0 0 0 0 0 0 0 0 0 0 0 0 0 0 0 0 0 0 0 0 0 0 0 0 0 11.86083552 0 0 0 0 0 0 0 0 0 0 3.244762571 0 0 0 124.9810668 0 0 0 0 0 0 0 0 0 0 0 0 0 0 0 0 0 0 0 0 0 0 0 0 0 0 0 0 0.09193589097 0 0 0 0 0 0 0 1.560101458 0 0 0 0 0 0 0 0 0 0 0 0 0 0 0 0 0 0 0 0 0 0 0 0 0 0 0 0 0 0 0 0 0 0 0 0 0 0 0 
0 0 0 0 0 0 0 0 0 6.060513016e-08 0 0 0 0 0 0 0 0 1.014305443 0 0 0 0 0 0 0 0 0 0 0 0 0 0 0 0 0 0.00222152796 2.121575044 0 0 0 0 0 0 0 0 0 0 0 0 0 0 0 0 0 0 1.492259731 0 0 0 0 8.434544461 0 0 0.0003394377835 0 0 0 0 0 0 0 0 0 3.943032706 0 0 0 0 0 0 0 0 0 0 0 0 0 0 0 0 0 0 0 0 0 0 0 0 0 0 0 0 0 0 0 0 0 965.6208771 0 0 0 0 0 0 0 0 0 0 0 0 0 0 0 0 0 0 0 0 0 0 0 0 0 0 0 0 0 0 0 0 0 0 0 0 0 274.4745534 0 0 0 326.3026583 0 0 0 0 0 0 0 0 0 0 0 0 0 0 0 0 0 0 0 0.03951449837 0 0 0 0 0 0 0 0 0 0 0 0 0 0 0 0 0 0 0 0 0 31.43771818 0 0 0 0 0 0 0 0 0 0 0 0 0 0 0 0 0 0 0 0 0 0 0 0 0 0 0 0 0 0 0 0 0 0.9878990292 0 0 0 0 0 0 0 0 0 0 0 0.3760668651 0 0 0 7.440770167 0 0 0 0 0 0 0 0 0 0 0 0.4174427922 0 
0 0 0 0 0 0 0 0 0 0 0 0 0 0 0 0 0 0 0 0 0 0 0 0 0 0 0 0 0 0 0 0 0 0 5.642127173 0 0 0 0 0 0.2583097769 0 0 0 0 0 0 0 0 0 4.127637145 0 0 0 0 0 0 0 0 0 0 0 0 0 0 0 209.3086718 0 0 0 0 0 0 0 0 0 48.90201037 0 0 0 0 0 0 0 0 8.334526716 0 0 0 0 0 0 0 0 0 0 0 0 0 0 0 0 0 0 0 0 0 0 0 0 0 19.56063751 0 0 0 0 0 0 0 0 0 0 0 0 0 0 0 0 0 0 0 0 0 0 0 0 0 0 0 0 0 469.9964133 0 0 0 0 0 0 0 0 0 583.9535329 0 0 0 0 0 117.3786986 0 0 0 0 0 0 0 0 0 0 0 0 0 0 0 0 0 0 0 0 0 0 0 0 0 0 0 0 0 0 0 0 0 0 0 7.247722203 0 0 0 0 0 0 0 9.412986192 0 0 9.688930211 0 3.558860405 0 0 0 0 0 0 0 0 0 0.0001908808024 0 0.6741017624 0 0.2296150184 0 0 0 0 0 0 0 0 0 0 0 0 0 0 0 0 0 0 0.9748519987 0 0 0 0.04990710923 0 0 0 0 8.585179694 0 0 0 0 0 0 0 
0 0 0 0 0 0 0 0.3478200179 0.4804528792 0 0 0 1.199882552 0 0 0 0 0 0 0 0 0 0 0 0 0 0 0 0 0 0 0 0 0 0 0 0 0 0 0 0 0 0 0 0 0 0 0 0 0 0 0 0 0 0 0 2.252324131 0 0 0 0 0 0 0 0 0 0 0 0 0 0 0 0 0 3.248247423 0 0 0 0 0 0 0 0 0 0 0 0 0 1.42650983 0 0 0 0 0 0 0 0 0 0 0 0 0 0 0 0 0 0 0 0 0 348.9205205 0 0 0 0 0 0 0 0 0 0 0 0 0 0 0 0 466.9043241 0 0 0 483.0257049 0 0 0 0 0 0 0 0 901.2548388 0 906.1499963 0 0 0 0 0 0 0 0 0 0 0 0 0 0 0 0 0 0 266.367705 0 21.23687824 0 0 0 0 0 0 0 0 0 0 0 0 0 0 0 0 0 0 0 0 0 0 0 0 0 0 0 0 0 0 0 0 0 0 6.70155857 0 0 0 0 0 0 7.231403482 0 0 0 0 0 0 0 0 0 0 0 0 0 0 0 0 0 0 0 0 0 0 0 0 0 0 0 0 0 0 0.4784597105 0 0 0 0 0 0 0 0 0 0 0 0 0 0 0 0 0 0 0 
0 0 0 4.267429216 0.3135265053 0 0 0 0 0 0 0 0 0 0 0 0 0 0 0 0 0.03419155891 0 0 0 0 0 0 0 0 0 0 0 0 0.4464230028 0 0 0 0 0 0 0.8607412195 0 0 3.671918159 0 0 0 0 0 0 0 3.080205364 0 0 0 0 0 0 0 0 0 0 0.09324051107 0 0 0 0 0 0 0 0 4.440636311 0 0 0 0 0 0 0 0 0 0 0 0 0 113.1878473 0 0 0 0 0 0 0 0 0 174.298381 0 0 0 0 0 0 0 0 0 0 0 0 461.5822617 0 0 0 375.4449171 0 0 0 0 0 0 0 0 0 0 0 0 0 0 0 0 0 552.3786565 0 0 0 0 0 0 0 0 0 0 0 0 0 0 967.1695305 0 0 0 0 0 0 0 0 0 0 0 0 0 0 0 0 0 0 0 0 0 0 0 0 0 0 0 0 0 0 0 26.73356383 0 0 0 0 0 0 0 0 0 0 0 0 0 0 0 0 0 0 0 0 0 0 0 0 0 0 0 0 0 0 0 0 1.628250668 0 0 0 0 0 1.185076408 0 0 0 0 0 0 0 0 0 0 0 0 0 0 0 0 0 0 0 0 1.191454009 0 0 0 0 0 0 0 0 0 0 0 0 0 0 0 0 0 
0 0 0 0 0 0 0 0 0 0 0 0 0 0 0 0 0 0 0 0 0 0 0 0 0 0 0 0 0 0 0 0 0 0 0 0 0 0 0 0 0 0 0 0 0 0 0 9.198795622 0 0 0 0 0 0 0 0 0 0 0 0 0 0 0 0 0 0 0 0 0.2444522648 0 0 0 0 0 0 0 0 8.190675736 0 0 0 0 0 0 0 0 0 0 0 0 0 0 0 0 0 0 0 0 0 0 0 0 0 0 0 0 0 0 0 0 0 0 756.602378 0 0 0 0 0 1076.985847 0 0 0 0 0 0 1187.663384 0 0 447.6185143 0 0 0 0 0 1055.649982 0 0 0 0 0 0 0 0 0 0 0 0 0 0 0 0 0 0 0 621.3107116 0 0 0 0 0 0 0 0 108.4177699 0 0 0 0 0 0 0 0 0 0 0 0 0 0 0 0 0 107.7468249 0 0 0 0 0 0 0 0 0 0 0 0 156.1084752 0 0 0 0 0 0 4.586035131 0 0 0 0 0 0 0 0 0 0 0 0 0 1.613670409 0 0 0 0 0 0 0 0 0 0 0 0 0 0 0 0 0 0 0 0 0 0 0 0 0 0 0 0 0 0.6924997921 0 0 0 0 0 0 0 0 0 0.00225939813 
0 0 0 0 0 0 0 0 0 0 0 0 0 0 0.7288093237 0 0 0 0 0 0 0 0 0 8.103360897 0 0 0 0 0 0 0 0 0 0 0 0 0 0 0 0 0 0 0 0 0 0 0 0 2.725129448 0 0 0 1.623523151 0 0 0 0 0 2.543213434 0 31.62004218 0 4.715808222 0 0 0 0 0 0 0 0 0 0 0 0 1.283345691 0 0 8.712645704 0 0 0 0 3.520560634 0 0 0 0 0 0 0 0 0 0 0 0 0 261.8926389 0 0 0 0 0 0 0 410.6736326 0 0 0 893.5695862 0 0 0 0 0 0 0 0 0 0 1133.9505 0 0 0 0 0 0 0 0 0 0 0 0 0 0 0 0 0 0 0 0 0 0 0 0 0 0 0 0 0 0 0 0 0 0 0 0 0 0 0 0 0 0 0 0 0 0 0 0 0 0 0 0 0 0 0 0 0 0 0 0 0 0 0 0 0 0 0 0 0 0 0 0 0 0 0 0 0 0 0 0 0 0 0 0 0 0 0 0 0 0 0 0 0 0 0 0 0 0 0 0 0 0 0 0 0 0 0 0 0 0 0 0 0 0 0 0 0 0 1.327285965 0 0 0 0 0 0 0 0 0 0 0 5.389601527 0 0 0 
0 0 0 0 0 0 0 0 0 0 0 0 0 0 0 0.8385720069 0 0 0 0 0 0 0 0 0 0 0 0 0 0 0 0 0 0 0 3.949614863 0 0 0 0 0 0 0 0 0 0 0 0.7937640761 0 0 0 0 0 0 0 0 0 0 0 0 0 0 0 0 0 0 0 0 0 0 0 0 0 0 0 0 0 0 0 0 7.186087344 0 0 0 0 3.111822629 0 0 0 3.239931195 4.594929809 0 0 0 2.221664185 0 0 0 0 0 0 0 936.0485899 0 0 0 0 0 0 0 0 0 0 0 0 0 0 0 0 0 0 0 0 0 0 0 0 0 0 675.7644554 0 0 0 0 0 0 0 0 0 307.1017441 0 0 0 0 0 0 0 0 0 0 0 0 0 0 0 0 0 0 0 0 0 0 0 0 0 0 0 0 0 0 0 0 0 222.6855086 0 0 12.94765928 0 0 0 0 0 0 0 0 0 0 0 0 0 0 0 0 0 0 0 0 0 0 0 0 0 0 0 0 0 0 0 0 0 0 0 2.01783483 0 0 0 0 0 0 0 0 0 0 0 0 0 0 0 0 0 0 0 0 0 0 0 0 0 0 0 0 0 0 0 0 0.08185919661 0 0 0 0 0 0.2102976481 0 0 0 0 
0 0 0 0 0 1.120265044 0 0 0 0 0 0 0 0 0 0 0 0 0 0 0 0 0 0 0 0 0 0 0 0 0 0 0 0 0 0 0 0 0 0 0 0 0 0 0 0 0 0 0 10.35660302 0 0 0 0 0 0 0 0 0 2.495073543 0 0 0 0 0 0 0 0 0 0 0 0 0 0 0 0.07331197703 0 3.502072079 0 0 0 0 0 0 0 0 0 0 0 0 0 0 0 0 0 0 0 0 0 0 0 0 0 0 0 0 0 0 0 0 0 0 0 0 0 0 0 0 0 0 0 0 0 0 0 0 0 0 0 0 0 0 0 0 0 0 0 0 0 0 0 0 1144.281828 0 0 0 852.2093225 0 0 0 0 0 0 0 0 0 0 0 0 0 0 0 0 0 12.04073013 0 173.8984012 0 0 0 0 0 0 0 0 0 0 0 0 0 0 0 0 0 0 0 0 0 0 0 0 0 0 0 9.502700189 0 0 0 0 7.776617593 0 0 0 48.76243921 0 0 0 0 0 0 0 0 0 0 0 0 0.03736966297 0 0 0 0.2638405732 0 0 0 0 0 0 0 0 0 0 0 0 0 0 0 0.001255527572 0 0 0 0 0 0 0 0 0 0.08327638783 0 0 0 0 0 0 0 0 0 
0 0 0 0 0.009416469604 0 0 0 0 0 0 0 0 0 0 0 0 0 0 0 0 0 0 0 0 0 0 0 0 0 0 0 0 0 0 0 0 0 0 0 0 0 0 0 0 0 0 0 0 0 0 0 0 0 0 0 0 0 0 0 0.248264686 0 0 0 0 0 0 0 0 0 0 0 0 0 0 0 0 0 0 0 0 0 0 0 0 0 0 4.966254009 0 0 0 0 0 0 0 0 0 0 0 0 0 0 0 0 0 0 0 0 0 0 0 0 0 0 0 0 0 0 0 0 0 0 0 0 0 0 0 0 0 0 1109.337752 0 0 0 0 0 0 0 0 0 0 0 0 0 0 0 0 1052.490642 0 0 0 0 0 0 0 0 0 0 0 0 183.3576323 0 40.0415817 0 0 0 0 285.8878387 1.618081591 0 30.72775013 0 0 0 0 0 0 0 0 0 0 0 0 7.652729234 0 0 0 0 0 9.79474791 0 0 0 0 0 0 0 0 0.3715662781 0 0 0 0 0 0 0 0 0 0 0 0 0 0 0 0 0 0 2.494781548 0 0 10.23501391 0 0 0 0 0 0 0 0 0 0 0 0 0 0 0 0 0 0 0 0 0 0 0 0 0 0 0 0 0 0 0 0 0 0 0 
0 0 0 0 0 0 0 0 0 0 0 0 0 0 0 0 0 0 0 0 0 0 0 0 0 0 0 6.631601967 0 0.632809034 0 0 0 0 0 0 0 0 0 0 0 0 0 0 0 0 0 0 0 0 0 0 0 0 0 0 0 0 0 0 0 0 0 0 0 0 0 0 103.4632003 0 0 0 0 0 200.1455006 0 0 0.3409380371 0 0 13.80279163 0 0 0 0 0.3676137867 108.7828354 0 0 0 0 0 0 0 0 0 0 0 0 0 0 0 0 0 0 0 0 0 0 0 0 0 0 0 0 0 0 0 0 0 0 0 0 0 0 0 0 0 0 1306.722617 0 0 0 950.2516888 0 0 0 0 0 0 0 0 0 0 0 0 915.4524951 0 0 0 0 0 0 0 0 0 0 0 0 0 0 0 0 321.9066708 0 0 0 0 0 0 0 0 0 0 0 0 0 0 0 0 0 0 0 0 0 0 0 0 0 0 0 7.315613736 0 0 0 0 0 0 0 0 0 0 0 6.689431572 8.072976508 0 0 0.592423836 0 0 0 0 0 0 0 0 0 0 0 0 0 0 0 0 4.170936456 0 0 0 0 0 0 0 0 0 0 0 0 0 0 0 0 0 0 0 0 0 0 0 0 0 0 0 0 0 0 0 
0 0 0 0 0 0 0 0 0 0 0 0 0 0 0 0 0 0 0 0 0 0 0 0 0 0 0 0 0 7.99556025 0 0 0 0 0 0 0 0 0 0 0 0 0.6841982854 0 0 0 0 0 0 0 0 0 0 0 0 0 4.843647834 0 0 0 0 0 0 0 0 0 0 0 0 0 0 0 0 1.65554767 0 0 0 0 0 0 0 0 0 0 0 0 0 0 0 0 0 0 0 0 0 0 0 0 0 0 0 0 0 0 0 575.7714584 0 0 0 0 0 0 0 0 0 0 0 915.8507473 0 0 0 0 0 0 0 0 0 0 0 0 0 0 0 0 0 0 0 0 0 757.6131258 0 0 0 0 0 0 0 0 0 0 0 0 0 0 0 0 0 0 0 0 0 0 0 0 0 0 0 0 0 16.07875573 0 351.1564867 0 0 0 0 0 0 0 0 0 0 0 0 0 0 0 0 0 0 0 0 0 0 0 0 0 0 0 0 0 0 0 0 0 0 0 0 0 0 8.424731672 0 0 0 0 0 0 0 0 0 0 0 0 0 0 0 0 0 0 0 0 0 0 0.964094312 0 0 0 0 0 0 0 0 0 0 0 0 0 0 0 0 0 0 0 0 0 0.08341032891 
0 0 0 0 0 0 0 0 0 0 0 0 0 0.0003992101947 1.42513891 0 0.09414326698 0 0 0 0 0.213134517 0 0 0 0 0 0 1.570181392 0 0 0 0 0 0 0 0 0 0 0 0 0 0 0 0 0 0 0 3.549842393 0 0 0 0 0 0 0 0 0 0 0 7.029131062 0 0 0 0 0 0 0 0 0 0 1.191617262 0 0 0 0 0 0 0 0 0 0 0 0 0 0 0 0 0 0 0 0 0 0 38.62400181 0 0 0 0 0 0 0 0 0 0 0 0 12.30557952 0 0 0 0 0 0 0 0 0 460.6491476 0 0 0 0 605.0518895 0 0 0 0 0 607.3588309 0 0 0 0 1135.321142 0 0 0 0 0 0 0 0 0 0 0 894.3090295 0 0 826.3881432 0 0 0 0 0 0 0 0 0 0 0 0 0 0 0 0 0 0 0 0 0 0 0 0 0 0 0 0 0 0 0 0 0 1.697589461 0 0 0 0 0 0 0 0 0 3.171603437 5.274050101 0 0 0 0 0 0 0 0 0 0 0 0 0 0 0 0 0 0 0.6153501329 0 0 0 0 0 0 0 0.0001607455792 0 0 0 0 0.9436902804 0 0 0 0 0 0 0 0 0 1.975423388 0 0 0 0 0 0 0 0 1.027657619 0 0 0 0 0 0 0 0.02620537955 0 0 0 
0 0 1.370402807 0 0.1563026802 0.09449113627 0 0 0 0 0 0 0 0 0 0.1777255484 0 0 0 0 0 0 0 0 0 0 0 0 0 0 0 0 0 0 0 0 0 0 0 0 0 0 0 0 0 0 0 0 5.378268982 0.03471916912 0 0 0 0 0 0 0 0 0 0 0 0 0 0 0 0 0 0 0 0 0 0 0 0 0 0 0 0 0 0 0 0 0 0 0 0.827095352 0 0 0 0 0 0 0 0 0 0 0 0 0 0 0 0 0 0 0 0 0 0 0 684.453473 0 0 0 0 0 1157.424253 0 0 0 0 0 0 0 0 0 0 0 0 0 0 0 0 0 0 0 0 0 0 0 0 0 0 0 0 0 0 0 0 0 0 0 670.8152218 0 0 0 195.7787935 0 0 0 0 0 0 0 0 0 0 0 0 0 0 0 0 0 0 0 0 0 0 0 0 0 0 0 0 0 0 0 2.328569774 0 0 0 0 0 0 0 0 8.424183409 0 0 0 0 35.69334279 0 0 0 0 0 0 2.573246184 0 0 0 0 0 0 0 0 0 0 0 1.074630806 0 0 0 0 0 0 0 0 0 0 0 0 8.65073293 0 0 4.216707964e-05 0 0 0 0 0 0 0 0 0 0.7298160764 0 0 0 0 0 0 0 0 0 
0 0 0 0 0 0 0 0 0 0 0 0 0 0 0 0 0 0 0 0 0 0 0 0 0 0 0 0 0 0 0 0 0 0 0 0 0 0 0 0 0 0 0 0 0 0 0 0 0 0.3905676903 0 0 0 0 0 0 0 0 0 20.80330082 0 0 0.5367811344 0 0 0 0 0 0 0 0 0 0 0 0 0 0 0 0 0 0 0.7916954183 0 0 0 0 0 0 0 0 0 0 0 53.19582866 0 0 0 0 0 0 0 0 0 0 594.8738675 0 0 0 0 1110.241333 0 0 0 0 0 0 0 0 0 0 0 0 0 0 0 0 0 0 0 0 0 0 0 0 0 0 0 0 0 580.3877981 0 0 0 0 0 0 812.1996352 0 839.6401513 0 0 0 0 0 507.4145984 0 0 0 0 0 0 0 0 0 0 0 0 0 0 0 0 0 0 0 0 0 0 0 0 0 0 0 0 0 0 0 0 0 0 0 0 0 0 0 0 0 0 0 6.799783259 0 0 0 0 0 0 0 0 0 0 0 0 0 4.750792948 0 0 0 0 0 0 0 0 0 0 0 0 0 0 0 0 0 0 0 0 0 0.1811521327 0 0 0 0 0 0 0 0 0 0 1.492125931 0 0 0 0 0 0 0 0 0.05219478408 0 
0 0 0 0 0 0 0 0 0 0 0 0 0 0 0 0 0 0 0 3.430649417 0 0 0 0.7917728062 0 0 0 4.434619786 0 0 0 0 0 0 7.355103562 0 0 0 0 0 0 0 0 0 0 0 4.361926299 0 0 0 0 0 0 0 0 0 0 0 0 0 0 0 0 0 0 0 0 0 0 0 0 0 0 0 0 0 0 0 0 0 0 0 0 0 0 0 0 0 0 0 0 0 0 0 0 0 0 0 0 0 0 0 0 0 0 0 0 0 0 0 0 0 0 0 0 0 0 0 0 0 0 0 232.5939032 0 0 0 0 0 0 0 0 0 0 0 0 0 0 0 0 0 744.4820301 0 0 0 0 0 0 0 470.1469557 0 0 0 0 0 0 0 0 0 0 364.7988418 0 0 0 0 0 0 0 0 0 0 0 0 0 0 134.5389609 0 0 0 0 0 0 0 0 0 71.08370852 0 0 0 0 0 0 0 0 0 0 0 0 0 0 0 0 0 0 0 0 0 0 0 0 0 0 0 0 0 0 0 0 0 0 1.563143392 0 0 0 0 0 0 0 0 0 0 0 0 0 0 0 0 0 0 0 0 0 0 0 0 0 0 0 0 0 0 0 0 0 0 0 0 
0 0 0 0 0 0 0 0 0 0 0 0 0 0 0 0 0 0 0 0.5824175483 0 0 0 0 0 0 0 0 0 0 0 0 0 0 0 0 9.869749315 0.634112481 0 0 0 0 0 0 0 0 0 0 0 0 0 0 0 0 0 0 0 0 0 0 0 0 0 0 0 0 0 0 0 0 0 0 0 0 0 0 0 0 7.174921098 0 0 23.95653684 0 0 0 0 0 0 0 0 0 0 0 0 0 0 0 0 0 0 0 0 0 0 0 0 0 0 0 0 0 0 393.4754604 1194.513251 0 587.8838604 0 0 720.4609233 0 0 0 0 0 0 0 0 0 0 0 0 0 0 0 0 0 0 0 0 0 0 0 0 0 0 0 0 0 0 0 0 0 0 0 0 0 0 0 0 0 0 0 0 0 0 0 0 0 0 0 0 0 0 0 0 0 0 0 0 0 0 0 0 0 0 0 0 0 0 0 0 0 0 0 0 0 0 0 0 0 0 0 0 0 0 0 0 0 0 0 0 0 0 0 0 0 0 0 0 0 0 0 0 0 0 0 0 1.78343486 0 0 0 0 0 0 0 0 0 0 0 0 0 0 0 0 0 0 0 0 0 0 0 0 0 0.1660396411 0 0 
0 0 0 0 0 0 0.008081803889 0 0 0 0 0 0 0 0 0 0 0 0 0 0 0 0 0 0 0 0 0 0 0 0 0 0 0 0 0 0 0 0 0 0 0 0 0 0 0 0 0 0 0 0 0 0 0 0 0 0 0 0 0 0 0 0 0 0 0 0 0 0 0 0 0 0 0 0 0 0 0 0 0 0 0 0.9175895921 0 0 0 0 0 0 0 0 0 0 0 0 0 0 0 0 0 0 0 0 0 0 0 0 0 0 0 0 0 0 710.9327959 0 0 0 0 0 0 0 0 0 0 0 0 0 0 0 0 0 0 0 0 0 0 0 0 0 0 0 0 0 0 0 0 0 0 0 0 0 0 0 0 0 0 0 0 0 0 0 0 0 0 0 0 0 0 0 0 0 0 0 0 0 0 0 0 0 0.7185337337 0 0 0 0 0 0 0 0 0 0 0 0 0 0 0 0 0 0 0 0 0 0 0.8499257776 0 0 0 0 0 0 0 0 0 0 0 0 0 0 0 0 0 0 0 0.9863142444 0 0 0 0.006524105563 0 0 0 0 0 0 0 0 0 0 0 0 0 0 0 0 0 0 0 0 0 0 0 0 0 6.587195473 0 0 0 
0 0 0 0 0 0 0 0 0 0 0 0 0 0 0 0 0 0 0 0 0 0.03503089813 0 0 0 0 1.32198612 0 0 0 0 0 0 0 0 0 0 0 0 0 0 0 0 0 0 0 0 0 0 0 0 0 0 0 0.909491688 0 0 0 0 0 0 0 0 0 0 0 0 0 0 0 0 0 0 0 10.23989725 0 0 0 0 0 0 52.05437113 0 0 0 0 0 0 0 0 0 0 0 0 0 0 0 0 0 0 0 0 0 0 0 0 0 0 0 0 0 0 0 0 0 0 0 0 0 0 0 0 0 1257.576373 0 0 0 0 0 0 0 0 0 0 0 0 0 0 0 0 0 0 0 0 0 0 0 0 0 0 1044.052223 0 0 0 0 0 0 0 0 0 0 0 0 0 0 0 0 0 0 0 0 0 0 0 0 0 0 0 0 0 0 0 0 0 0 0 0 0 0 0 0 0 0 0 0 0 0 0 0 0 0 0 0 0 0 0 0 0 0 0 0 0 0 0 0 0 0 0 0 0 5.354820521 0 0 0 0 0 0 0 0 0 0 0 0 0 0 0 0 0 0 0 0 0 0 0 0 0 0 0 0 0 0 0 0 0 0 0 
0 0 0 0 0 0 0 0 0 0 0 0 0 0 0 0 0 0 0 0 0 0 0 0 0 0 0 0 0 0 0 1.680562892 0 0 0 0 0 0 1.76508744 0 0 0 0 0 0 0 0 0 0 0 0 0 0 0 0 0 0 0 0 0 0 1.477833924 0 0 0 0 0 0.002505313709 0 0 0 0 0 268.9252097 0 0 0 0 0 0 0 0 0 0 0 0 0 0 0 0 0 0 0 0 0 0 0 520.5145829 0 0 0 0 0 0 0 0 0 0 0 0 690.6889036 0 0 0 424.111207 0 0 0 0 0 0 0 0 0 0 0 0 0 0 0 0 0 0 0 0 0 0 0 0 0 0 0 501.9605926 0 0 0 0 0 0 0 0 0 0 0 0 0 0 0 0 0 178.2362747 0 0 0 542.2462223 0 0 0 108.1172383 0 0 0 0 0 0 0 0 0 0 0 0 0 0 0 0 0 0 0 0 0 0 0 0 0 0 0 0 0 0 0 0 0 0 0 0 0 0 0 0 0 0 0 0 0 0 0 0 0 0 6.505193464 0 0 0 0 0 0 0 0 0 0 0 0 0 0 0 0.1795750055 0 0 0 0 0 0 0 0 0.2762380889 0 0 0 0 0 0 0 0 0 0 0 
0 0 0 0 0 0 0 0 0 0 0 0.1716733768 0 0 0 0 0 0 0.262184002 0 0 0 0 0 0 0 0 0 0 0 0 0 0 0 0 0 0 0 0 0 0 0 0 0 0 0 0 0 0 0 0 0 0 0 0 0 0 0 0 0 0 0 0 0 0 0 0 0 0 0 0 0 0 0 0 0 0 0 0 0 0 0 0 0 0 0 0 0 0 0 0 0 0 0 410.6167846 0 0 501.7027998 0 0 0 0 0 0 0 0 0 0 0 0 0 0 0 0 0 0 0 0 603.7962568 0 0 0 0 0 0 0 0 0 0 0 0 0 0 0 0 0 0 0 0 0 0 503.0359103 0 0 0 913.5389718 0 0 539.2195536 0 0 0 0 604.2663761 0 0 0 0 0 0 0 0 0 0 0 461.3095899 0 0 0 0 0 0 0 3.888963814 0 0 0 0 0 0 0 0 0 0 0 0 0 0 0 5.742479664 0 0 4.078743617 0 0 0 0 0 0 0 4.245541734 0 0 0 0 0 0 0 0 0 0 0 0 0 0 0 0 0 0 0 0 0 0.8501331404 0.1614198598 0 0 0 0 0 0 0 0 0 0 0 0 0 0 0 0 0 0 0 0 0 0 0 0 0 0 0 0 0 0 0 0 
0 0 0 0 0 0 0 0 0 0 0 0 0 0 0 0 0 0 0 0 0 0 0 0 0 0 0 0 0 0 0 0 0 0 0 0 0 0 0 0 0 0 0 0 0 0 0 0 0 0 0 0 0 0 0 7.547648748 0 0 0 0 0 0 0 0 0 0 0 0 0 0 0 0 0 0 0 0 0 0 0 0 0 0 0 0 0 0 0 0 0 18.63989131 0 0 4.02501464 0 0 0 0 0 236.6667881 0 0 0 0 0 0 0 0 0 0 0 0 0 0 0 0 424.6923673 0 0 0 0 0 0 0 0 0 0 0 0 0 0 0 0 0 0 0 0 0 0 0 0 0 0 0 0 0 0 0 0 0 0 243.6445296 0 0 0 0 0 128.6595412 0 0 0 0 0 0 0 296.5254371 0 0 0 0 0 0 26.12596503 0 0.1465189401 31.13835256 0 0 0 0 0 0 0 0 0 34.55789222 61.99201328 0 0 0 0 0 0 0 0 0 0 0 0 0 0 0 0 0 0 0 0 0 0 0 0 0 0.3705508721 0 0 0 0 0 0 0 0 0 0 0 0 0 0 0 0 0 0 0 0 0 0 0 0 0 0 0 0 0.3057153787 0 0 0 0 0 0 0 0 0 0 0 0 0 0 0 
0 0 0 0.2207762811 0 0 0 0 0 0 0 0 0 0 0 0 0 0 0 0 0 0 0 0 9.327156576 0 0 0 0 0 0.422681801 0 0 0 0.2169311411 0 0 0 0 0 0 3.941080019 0 0 0 0 0 0 0 0 0 0 0 0 0 0 0 0 0 0 0 0 0 0 0 0 0 0 0 0 0 0 0 0 0 0 0 0 0 0 0 0 0 0 0 0 0 0 0 110.2206027 0 0 0 0 0 0 0 0 0 0 0 0 0 0 0 0 0 0 0 0 0 0 424.6421519 0 0 589.8722875 120.2748173 0 0 0 0 0 0 0 0 0 0 0 0 0 0 0 0 0 888.8896004 682.8247852 0 0 0 0 0 0 0 0 0 0 0 0 0 0 0 589.9046109 0 0 0 0 0 0 0 0 0 0 0 0 0 0 0 0 0 0 0 0 0 0 0 55.10490977 0 0 0 6.781592619 0 0 0 0 0 0 0 0 0 0 0 0 0 0 0 0 0 5.569617834 0 0 0 0 0 5.139777619 0 0 0 0 0 0 0 0 0 0 0 0 0 0 0 0 0 0 0 0 0 0 0.1112097091 0 0 0 0 0 0 0 0 0 0 0 0 0 0 0 0 0 0 0 0 0 0 0 0 6.390121553 0 0 0.00465583332 0 
0 0 0 0 0 0 0 0 0 0 0 0 0 0 0 0 0 0.05082517312 0 0 0 0 0 0 0 0 0 0 0 0 0 0 0 0 0.6460733371 0 0 0 0 0 0 0 0 0 0 0 0 0 0 0 0 0 0 0 0 0 0 0 0 0 0 0 0 0 0 0 0 0 0 0 0 0 0 0 0 0 0 0 0 0 0 0 0 0 0 0 0 0 0 0 0 0 0 0 0 0 0 0 0 0 0 0 0 0 0 0 0 893.4662619 0 0 0 0 0 0 0 0 0 0 0 0 0 0 0 0 0 0 0 0 0 0 0 0 0 0 0 0 0 0 0 0 172.03752 0 0 0 0 0 0 0 0 0 0 0 0 0 199.6889276 0 0 527.6734749 0 0 0 0 0 0 80.45064054 0 0 0 0 0 0 0 0 0 0 0 0 0 0 0 0 0 0 0 0 0 0 0 0 0 0 0 0 0 0 0 2.896582591 0 0 0 0 0 0 0 0 0 0 0 0 0 0 0 0 0 0 0 0 0 0 0 0 0 0 0 0 0 0 0 0 0 0 0.04885899944 0 0 0 0 0 0 0 0 0 0 0.01313261309 0 0 0.5826238156 0 0 0 0 0 0 0 1.204619506 0 0 
0 0 0 0 0 0 0 0 0 0 0 0 0 0 0.3218192272 0 1.028102852 0 0 0 1.556215701 0 0 0 0 0 0 0 0 0 0 0 0 0 0 0 0 0 0 0 0 0 0 0 0 0 0 0 0 0 0 0 0 0 0 0 0 0 0 0 0 0 0 0 0 0 0 0 0 0 0 0 0 0 0 0 0 0 0 0 0 0 8.163416374 0 0 0 0 0 0 0 0 0 0 0 0 0 0 0 0 0 0 0 633.6177815 0 0 407.0191278 0 0 0 0 0 552.6510764 0 0 0 0 0 0 922.8668986 0 0 0 0 0 0 0 0 0 0 0 0 0 0 1208.236122 0 0 0 385.0945922 0 1088.361915 0 0 0 0 416.3077293 0 0 0 0 0 0 0 0 0 0 0 194.5691395 0 0 0 0 0 0 0 0 0 0 0 0 0 0 0 0.8668923026 0 0 0 0 0 0 0 0 0 0 0 0 0 0 0 0 0 0 0 0 0 0 0 0 0 0 0 0 0 0 0 0 0 0 0 0 0 0 0 0 0 0 0 0 0 0 0 0 0 0 0 0 0 0 0 0 0 0 0 0 0 0 0 0 0 0 0 0 0 0 0 0 0 0 0 0 0 0.446223996 0 0 0 0 0 
0 0 0 0 0 0 0 0 0 0 0 0 0 0 0 0 0 0 0 0 0 0 0 0 0 0 0 0 0 0 0 0 0 0 0 0 0 0 0 0 0 0 0 0 0 0 0 0 0 0 0 0 0 0 1.47756737 0 0 0 0 0 0 0 9.706740238 0 0 0 0 0 0 0 0 0 0 0 0 0 0 0 0 0 0 0 0 0 0 0 0 0 0 0 0 0 0 0 0 0 0 0 0 0 0 0 0 0 0 0 0 0 0 0 0 0 0 0 0 0 733.9770994 0 0 0 0 0 0 0 802.2452763 0 0 0 0 0 0 1204.636757 0 0 0 0 0 0 0 0 0 0 0 0 0 0 0 0 0 0 491.8940928 0 0 748.6563359 0 0 0 0 0 0 0 0 110.8793403 0 0 0 0 0 0 155.9850874 0 0 0 0 0 0 0 0 0 0 0 0 0 0 0 0 0 0 0 0 0 0 0 0 0 0 0 0 0 0 0 0 0 0 0 0 0 0 0 0 0 0 0 0 0 0 0 0 0 0 0 0 0 0 0 0 0 0 0 0 0 0 0 0 0 0 0 0 0 0 0.1839809693 0 0 0 0 0 0 0 0 0 0 0 0 0 0 0 
0 0 0 0.600267084 0 0 0.03256695427 0 0 0 0 0 0 0 0 0.05078763747 0 0 0 0 0 0 0 0 0 0 0 0 0 0 0 0 0 0 0 0.2176141175 0.03123872586 0 0 0 0 0 0 0 0 0 0 0 0.417036397 0 0 0 0 0.5293978817 0 0 0 0 0 0 0 0 0 0 0 0 0 0 0 0 0 0 0 0 0 0.6819997631 0 0 0 0 0 0 0 0 0 0 0 0 0 0 0 0 0 585.103182 0 0 0 0 17.65248183 0 0 0 0 130.4635339 0 0 0 0 0 0 0 0 316.6055734 0 0 743.7608737 0 0 0 0 0 0 0 0 0 0 0 0 0 0 0 0 0 0 0 0 0 0 0 0 503.3425072 0 0 0 0 0 0 0 0 0 0 0 0 0 0 0 0 0 0 0 0 0 0 0 0 0 0 0 0 0 0 0 0 0 0 0 0 0 0 0 0 0 0 0 0 0 0 0 8.917631822 3.782535683 0 0 0 0 0 0 0 0 0 0 0 0 0 0 0 0 0 0 0 0 0 0 0 0 0 0 0 0 0 0 0 0 0 0 0 0 0 0 0 0 0 0 0 0 0 0 0 0 0 0 8.394682092 0 0 0 0 0 0 0 0 0 0 0 0 0 0 0.4265515206 
0 1.577066459 0 0 0 1.176086179 0 0 0 0.4745474829 0 0 0.2673811067 0 0 0 0 0 0.3762272025 0 0 0 0 0 0 0 0 0 0 0 1.097623089 0 0 0 0 0 0 0 0 0 0 0 0 0 6.760420002 0 0 0 0 0 0 0 0 0 0 0 0 0 0 0 0 0 0 0 0 0 0 0 0 0 0 0 0 0 0 0 0 0 0 0 0 0 0 0 0 0 0 0 0 0 0 0 0 0 0 0 0 0 0 0 0 0 0 0 0 607.5586611 0 0 0 0 86.76837334 0 0 0 0 0 0 0 0 0 0 225.9550674 0 0 0 0 0 0 0 0 0 0 0 0 0 0 0 0 0 714.2046979 0 0 0 0 246.7178317 0 0 0 0 0 0 0 0 0 0 454.309483 0 0 0 0 0 0 0 0 0 0 0 0 0 0 11.5319913 0 31.54500456 0 0 0 0 0 0 0 0 0 0 0 0 0 0 0 0 0 0 0 0 0 0.02264014143 0 0 0 0 0 1.715697204 0 0 0 0 0 0 0 0 0 0 0 0 0 0 0 0 0 0 0 0 0 0 0 0 0 0 0 0 0 0 0 0 0 0 0 0 0 0 0 0 0 0 0 0 0 0 0 0 0 0 0 0 0 0 0 
0 0 0 0 0 0 0 0.1041299994 0 0 1.118887737 0 0 0 0 0 0 0 0 0 1.649674582 0 0 0 0 0 0 0 0 0 0 0 0 0 0 0 0 0 0 0 0 2.742972536 0 1.196636129 0 0 0 0 0 0 0 0 0 0 0 0 0 0 0 0 0 7.542941483 0 0 0 0 0 0 43.93162507 0 0 3.834042498 0 173.6434851 0 0 0 0 0 0 0 0 0 0 0 0 0.5299539094 0 0 0 0 153.205181 2.480810361 0 0 0 0 0 0 0 0 0 0 0 0 0 0 0 0 0 0 0 0 0 530.8289604 0 0 0 0 0 522.5475922 0 0 744.2390253 0 0 0 0 0 0 0 0 0 0 0 0 0 0 0 0 0 0 0 0 67.28999252 0 0 0 0 0 0 0 0 0 0 0 0 0 0 0 185.567629 0 0 0 0 0 0 0 0 0 0 0 0 0 0 0 0 0 2.041766218 0 0 0 0 0 0 0 0 0 0 0 0 0 0 0 0 0 0 0 0 0 0 0 0 0 0 0 0 4.163832682 2.178535501 6.038726833 0 0 0 0 0 0 0 0 0 0.2226781251 0 0 0 0 0 0.6547248323 0 0 0.002297536767 0 0 0 0 0.593716004 0 0 0 0 0.01053818041 0 0 0 0 0.4013450939 0 0 0 0 0.01278999022 0 0 0 0 0 0 0 
0 0 0 0 0 0 0 0.2439128296 0 0 0 0.02634435737 0 0 0 0 0 0.4041873309 0 0 0 0 0 0 0 0 0 0 0 0 0 0 0 0 0 0 0 0 0 0 0 0 0 0 0 0 0 0 0 0 0 0 0 0 0 0 0 0 0 0 0 0 0 0 0 0 0 0 0 0 0 0 0 0 0 54.26315097 0 0 0 0 0 0 0 0 0 0 0 0 0 0 0 0 0 0 0 0 0 0 0 0 0 0 0 0 0 0 0 0 0 0 0 0 0 0 0 0 0 0 0 0 0 0 0 832.8592558 0 0 0 0 0 0 0 0 0 0 0 0 0 0 0 0 0 0 0 0 0 0 0 0 0 0 1.296658736 0 0 0 0 0 0 0 0 0 0 0 0 0 0 0 0 0 0 4.242320481 0 0 0 0 0 0 0 0 91.24742203 0 0 0 0 0 0 0 0 0 0 0 0 0 0 0 0 0 0 0 0.2811932839 0 0 0 0 0 0 0 0 0 0 0 0 0 0 0 0 0 0 0 0 0 0 0 0 0 0 0 0 0 0 0 0 0 0 0 0 0 0 0 0 0 0 0 0 0 0 0 0 0 0 0 0 0 0 0.03791599368 0 0 
0 0.9624765476 0.2347137222 0 0 0 0 0 0 0 0 0 0 0 0 0 0 0 0 0 0 0 0 0 0 0 0 0 0 0 0 0 0 0 0 0 0 0 0 0 8.746352089 0 0 0 0 0 0 0 0 0 0 0 0 0 0 0 0 0 0 0 0 0 0 0 0 0 0 0 0 0 0 21.9189477 0 0 0 0 0 69.60630545 0 0 0 0 4.028776173 0 0 0 0 0 0 0 0 0 0 0 0 0 0 0 0 0 0 0 0 0 0 0 0 0 0 653.3971598 0 0 0 0 0 0 0 0 0 0 0 0 0 0 0 0 0 0 0 0 0 0 0 0 0 0 0 0 0 458.5074357 0 0 0 0 0 0 0 0 0 0 0 0 0 0 0 0 0 0 0 0 0 0 0 0 0 0 294.5719373 0 0 0 0 2.463493761 0 0 0 0 0 0 0 0 0 0 0 0 0 0.7880182938 0 0 0 0 0 0 0 0 0 0 0 0 0 0 0 0 0 0 0 0 0 0 0 0 0.1028725714 0 0 0 0 0 0 0 0 0 0 0 0 0 0 0 0 0 0 0 0 0 0 0 0 0 0 0 0 0 0.005236773755 0 0 5.411594026 0 0 0 0 0 0 0 0 0 0.1716519472 0 0 
0 0 0 0 0 0 0 0 0 0 0 0 0 0.07746376116 0 0 0 0 0 0 0 0 0 0 0 0 5.808913405 0 0 0 0 0 0 0 0 0 0 0 0 0 0 0 0 0 0 0 0 0 0 0 0 0 0 0 0 0 2.232679198 0 0 0 0 0 0 0 0 0 0 0 0 0 0 1.973393576 0 0 2.068315644 0 0 0 0 0 9.202235218 0 0 0 0 0 0 0 0 0 0 0 0 0 0 0 0 0 0 0 0 4.086368029 0 0 0 0 0 0 0 0 0 0 0 0 0 0 0 0 0 0 0 0 0 433.8950537 0 0 0 0 0 0 0 488.0555263 0 0 0 0 0 0 0 0 0 0 0 0 0 0 0 0 0 0 0 0 0 0 0 0 0 0 132.6498174 0 0 135.0134617 0 0 0 0 0 0 0 0 0.07788753366 0 0 0 0 0 0 0 0 0 0 0 0 0 0 0 0 0 0 0.1278271518 0 0 0 0 0 0 0 9.427040408 0 0 0 0 0 0 0 0 0 0 0 6.9081437 0 0 0 0 0 0 0 0 0 0 0 0 0 0 0 0 0 0 0 0 0 0 0 0 3.90639061 0 0 0 0 0.1083493814 0 0 0 0 0 0 0 0 0 0 0 0 0 0 0 0 
0 0 0 0.2837663209 0 0 0 0 0 0 0 0 0 0 0 0 0 0 0 0 0 0.4777079943 0 0 0 0 0 0 0 0 0 0 0 0 0.06922410444 0 0 0 0 1.258142165 0 0 0 0 0 0 0 0 0 0 0 0 0 0 0 0 0 0 0 0 0 0 0 0 0 0 0 0 0 0 0 0 0 0 0 0 0 0 0 0 0 0 0 0 0 0 0 0 0 0 0 0 0 0 0 0 0 0 0 0 0 0 0 0 0 0 0 0 0 0 0 0 0 0 387.0633768 0 0 0 0 0 0 0 0 0 0 0 0 0 730.3933622 0 0 0 0 0 0 0 0 0 0 0 0 440.1491321 0 0 0 0 0 884.146981 0 30.48860483 0 0 0 0 0 0 0 0 0 0 132.5608237 0 0 0 0 0 0 0 0 0 0 0 0 0 0 0 0 0 0 0 0 0 0 0 0 0 0 0 0 0 0 0 0 0 0 0 0 0 0 0 0 0.7713442553 0 0 0 0 0 0 0 0 0 0 0 0 0 0 0 0 0 0 0 0 0 0 0 0 0 0 1.025307324 1.518367732 0 0 0 0 0 0 0 0 0 0 0 0 0 0 0 0 0 0 0 0 0 0 0 0 0 0 
0 0 0 0 0 0 0 0 0 0 0 0 0 0 0 0 0 0.01134945021 0 0 0 0 0 0 0 0 0 0 0 0 0 0 0 0 0 0 0 0 0 0 0 0 0 0 0 0 0 0 0 0 0 4.839514932 0 0 0 0 0 0 0 0 0 0 0 0 0 0 0 0 0 0 0 0 0 0 0 0 0 0 0 0 0 0 0 0 0 0 0 0 0 0 0 0 0 0.9724073518 0 0 0 0 0 0 0 0 0 0 0 0 0 0 0 0 0 0 0 380.3255187 0 0 0 0 0 742.1436573 0 0 652.0844046 0 0 0 0 0 0 0 0 400.4940499 0 0 0 0 0 0 0 0 0 0 0 0 0 0 0 0 0 0 0 411.6169186 15.28907766 0 0 0 0 0 593.541549 0 0 0 0 0 0 0 0 0 0 0 0 0 0 0 0 0 0 0 0 0 0 0 0 0 0 0 0 0 0 0 0 0 0 0 0 0 0.3331698731 0 0 0 0 0 0 0 9.831563864 0 0 0 0 0 0 0 0 0 0 0 0 0 1.514314424 0 0 0 0 0 0 0.9059489342 0 0 0 0 0 0.04830799284 0.04536327978 0 0 0 0 0.3348057086 0 0 0 0 0 0 0 0 0 0 0 0 0 0 0 0 0 0 
0 0 0 0 0.490494708 0 6.388652594 0 0.7891537967 0 0 0 0.007047686964 0 0 0 0 0 0 0 0 0 0 0 6.175801964 0 0 0 0 0 0 0 3.377481294 0 0 0.1561341129 0 0 0 0 8.714696978 0 0 0 0 0 0 0.5892431735 0 0 0 0 0 0 0 4.599018709 0 4.888611839 0 0 0 0 0 0 0 0 0 0 0 0 0 0 0 0 0 0 0 0 0 0 0 11.96514144 0 0 0 0 0 0 0 0 0 0 0 7.775167869 0 0 0 0 0 0 0 193.2788053 0 0 0 0 0 0 0 0 0 0 0 0 0 0 0 0 0 0 0 0 0 0 0 0 0 0 0 0 0 0 0 167.6974231 0 0 0 0 0 0 0 0 0 0 0 0 0 0 0 0 0 0 0 0 0 0 0 0 0 0 0 0 0 0 0 0 89.8345771 0 0 0 0 0 29.91332315 0 0 0 0 6.923634448 0 0 0 0 0 0 0 0 0 0 0 0.7326671129 0 0 0 0 0 0 0 0 0 0 0 0 0 0 0.006486532012 0 0 0 0 0 0 0 0 0 0 0 0 0 0 0 0 0 0 0 0 0 0 0 0 0 0 0 0 0 0 0 0.6746550275 0 0 0 0 0 0 0 0 0 0 0 0 0 0 0 0 0 0 0 
0 0 0 0 0 0 0 0 0 0 0 0 0 0 0 0.2369672733 0 0 0 0 0 0 0 0 0 0 0 0 0 0 0 0.1154185786 0 0 0 0 0 0 0 0 0 0 0 0 0 0 0 0 0 0 0 0 0 0 0 0 0 0 0 0 0 0 0 0 0 0 0 27.10920547 0 0 0 0 0 0 0 0 0 0 0 0 0 0 0 0 0 0 254.3124428 0 0.01188264493 321.3289886 0 132.368026 0 0 3.526456183 0 0 0 0 40.53267191 14.93972281 0 290.6098856 0 0 0 0 0 0 0 0 0 80.19662349 0 0 0 0 0 0 0 0 0 0 0 0 0 0 0 0 0 0 0 0 0 0 0 0 0 0 72.44342961 368.9062424 0 0 0 0 0 0 0 0 17.79815167 0 0 0 0 0 0 0 0 0 0 0 0 0 0 0 267.3706101 0 0 0 0 0 0 0 0 0 0 0 0 0 0 0 0 0 0 0 0 0 0 0 0 1.068097436 0 0 0 0 0 0 0 0 0 0 0 0 0 0 0 0 0 0 0 0 0 0 0 0 0 0 0 0 0 0 0 0 0 0 0 0 0 0 0 0 0 6.350808865 0 0 0 0.009329413105 0 0 0.3197607809 0.2875874472 0 0 0 0 0 0 0 0 0 0 0 0 0 0 0 
0 0.01541073524 0 0 0 0 0 0 0 0 0 0 0 0 0 0 0 0 0 0 1.192937745e-05 0 0 0 0 1.576283629 0 0 0 0 0 0 0 0 0 0 0 0 0 0 0 0 0 0 0 0 0 0 0 0 0 0 0 0 0 0 0 0 0 0 0 0 0 0 0 0 0 8.690292673 0 0 0 0 0 0 0 139.0935737 0 266.312242 0 0 0 0 0 0 0 0 0 0 0 0 0 0 0 0 0 0 0 25.31119403 0 0 0 0 0 0 0 0 0 0 0 0 0 0 0 0 0 0 0 0 0 0 226.38776 0 0 0 0 0 0 0 0 0 0 0 0 0 0 0 0 203.0449048 0 0 0 0 0 0 0 0 0 0 2.803574543 0 0 0 0 0.1122685913 0 0 0 0 0 0 0 0 0 0 347.1729771 0 0 0 0 0 0 0 0 0 0 0 0 0 0 0 0 0 0 0 0 0 0 0 0 0 0 0 0 0 0 0 0 0 0 0 0.001591274759 0 0 0 0 0 0 0 0 0 0 0 0 0 0 0 0 0 0 0 0 0 0 0 0 0 0 0 0 1.394791678 0 0 0 0 0 0 0 0 0 0 0 0 0 0 0 0 0 0 0 0 0 0 0 0 0 0 
0 0 0 0 0 0 0 0 0 0 0.2955860489 0 0 0 0 0 0 0 0 0 0 0 0 0 0 0 0 0 0 0 0 0 0.4075708363 0 0 0 0 0 0 0 0 0 0 0 0 0 0 0 0 0 0 0 0 0 0 0 0 0 0 8.758518948 0 0 0 3.197068346 0 0 0 0 0 0 0 0 0 0 0 0 0 0 0 0 0 0 0 3.42730943 0 0 0 0 0 0 0 0 0 0 0 0 0 0.8211291601 0 0 0 0 0 0 192.6682598 0 0 0 0 0 0 0 0 0 0 0 349.7434926 0 0 0 0 0 0 0 0 0 0 0 0 0 0 0 0 0 0 0 0 0 0 0 0 0 0 0 0 0 0 0 0 0 0 0 0 0 0 0 0 0 0 0 0 0 0 0 0 0 0 0 0 0 0 0 0 0 0 0 0 0 0 0 0 0 0 0 0 0 0 0 0 0 0 0 0 0 0 0 7.667792845 0 0 0 0 9.04936361 0 0 0 0 0 0 0 0 0 26.55864363 0 0 0 0 0 0 0 0 0 0 0 0 0 0 0 0 0 0 0 0 0 0 0 0 0 0 0 0 0 0 0 0 0 0 0 0.4679646921 0 0 0 3.836915518 0 0 0 0 
0 0 0 0 0 0 0 1.396967898 0.4236972159 0 0 0 6.689884224 0 0 0 0 0 0 0 0 0 0 0 0 0 0 0.009699333625 0 0 0 0 0 0 0 0 0 0 0 0 0 0 0 0 0 0 0 0 0 0 0 0 0 0 0 0.1502884061 0 0 0 0 0 0 0 0 0 0 0 0 0 0 0 0 0 0 0 0 0 0 1.761490304 0 0 0 0 0 0 0 0 0 0 0 0 0 0 0 0 0 0 0 0 0 5.493285918 0 0 0 0 0 0 0 0 0 0 0 0 0 0 0 0 0 0 0 0 0 0 0 0 0 0 0 0 0 0 0 0 0 0 0 0 0 19.60816575 0 0 0 0 0 216.7834393 0 0 0 0 0 0 0 0 0 0 0 0 1.618909792 3.544135133 0 5.133327108 0 0 0 0 0 0 0 0 0 0 0 0 0 0 0 0 0 0 0 0 0 0 0 0 0 0 0 0 0.007478592201 0 0 0 9.208616753 0 0 0 0 0 1.328961076 0 0 0 0 0 0 0 0 0 0 0 0 0 0 0 0 0 0 0 0 0 0 0 0 0 0 0 0 5.750952089 0 0 0 0 0 0 0 0 0 0 0 0 0 0 1.117281098 0 0 1.231214396 0 0 0 0 0 0 0 0 0 
0 0 0 0 0 0 0 0 0.789971677 0 0 0 0 0 0 0 0 0 0 0 0 0 0.9374495571 0 0 0 0 0 0 0 0 0 0 0 0 0 0 0 0 0 0 0 0 0 0 1.656437182 0 0 0 0 0 0 0 0 0 0 0 0.2792873123 0 0 0 0 0 0 0 0 0 0 0 0 0 0 0 0 0 0 0 0 0 0 0 0 0 0 2.224010673 0 0 0 0 0 0 0 0 0 0 281.1279394 0 0 0 0 0 0 0 0 0 0 0 0 0 0 0 0 0 0 0 0 0 0 0 0 0 0 0 0 0 0 0 190.9279605 0 84.20000894 0 0 0 0 0 0 0 0 0 0 0 0 0 0 0 0 0 0 0 507.4398123 0 0 0 0 0 0 0 0 0 0 0 0 0 108.3552336 0 0 0 0 0 0 0 0 0 0 0 37.223593 0 0 0 0 0 0 0 0 0 0 0 0 0 0 0 0 0 0 0 0 0 0 0 0 0 0 0 0 1.356938484 0 0 0 0 0 0 0 0 1.844453205 0 0 0 0 0 0 0 0 0 0 0 0 0 0.4015687368 0 0 0 0.9439982197 0.6312890372 0 0 0 0 0 0 0 0 0 0 0 0 0 0 0 0 0 0 0.4206226062 0 0 0 0 
0 0 0 0 0 0 0 0.02917401984 0 0 0 0 0 0 0 0 0.003151169364 0 0 0 0 0 0 0 0 0 0 0 0 0 0 0 0 0 0 0 0 0 0 0 0 0 0 0 0 0 0 0 0 0 0 0 0 0 0 0 0 0 0 0 0 0 0 0 0 0 0 0 0 0.5330560697 0 0 0 0 0 0 0 0 0 8.581923329 0 0 0 0 0 0 0 0 0 0 0 0 0 0 0 0 0 0 0 0 0 0 0 0 0 0 0 0 0 491.4860583 51.69482413 0 0 0 0 0 0 0 0 0 0 0 0 0 0 0 220.6193724 0 0 0 0 0 0 306.0281047 0 0 64.50101462 0 0 0 211.3496319 0 0 0 0 0 0 0 0 0 0 0 0 0 0 0 0 0 0 0 0 0 0 0 0 0 0 0 0 0 0 0 0 0 0 0 53.66433362 0 0 0 0 0 0 0 0 0 0 0 0 0 0 0 0 0 0 0 0 0 0 0 0 0 0 0 0 0 0 0 0 0 0 0 0 0 0 0 0 0 0 0 0 0 0 0 0 0 0 0 0 0 0 0 0 0 0 0 0 0 0 0 0 0 0 0 0 0 0 0 0 0.3447545467 0 0 1.077722147 0 0 0 
0 0 0 0 0 0 0 0 0 0 0 0 0 0 0 0.3810809497 0 4.058178026 0 0.03021199175 0 0 0 0 0.04817262176 0 0 0 0 0 0 0 0 0 0 0 0 0 0 0 0 0 0 0.1837926548 0 0 0 0 4.86872863 0 0 0 0 0 0 21.65698817 0 0 0 0 0 0 0 0 0.1783424216 0 0 0 0 0 0 0 0 0 0 0 0 0 0 0 0 0.02824930363 0 0 0 0.6855350806 10.11616053 0 2.201924137 0 0 108.4579048 0 0 0 0 0 0 0 0 0 0 0 0 0 5.197539629 0 0 0 0 0 0 0 0 0 0 0 0 0 153.4804452 0 0 0 0 0 137.9355238 0 0 0 0 0 0 0 157.8176466 0 0 0 0 0 30.00680049 0 0 0 0 0 0 0 0 445.132206 0 31.43023885 0 0 0 0 0 0 0 0 0 2.187003166 0 0 0 0 0 0 0 62.88226907 0 0 0 0 0 0 0 0 0 0 0 0 9.485153578 0 0 0 0 7.650490496 0 0 0 0 0 0 0 0 0 0 0 4.924503256 0 0 0 0 0 0 0 0 0 0 0 0 0 0 2.105822716 0 0 0 0 0 0 0 0 0 0 0 0 0 0 0 0 0 0.4599207035 0 0 0 0 0 0 0 0 0 0 0 0 0 0 0 0 0 0.3027585092 0 0 0 0 0 0 
0.2528062088 0 0 0 0 0 0 0 0 0 0 0 0 0 0 0.3782475222 0 0 0 0 0 0 0 0.3945606722 0 0 0 0 0 0 0 0 0 0 0 0 0 0 0 0 0 0 0 0 0 0 0 3.605627895 0 0 0 0 0 0 0 0 0 0 0 0 0 0 0 0 0 0 0 0 0 0 0 0 0 0 0 0 0 92.65719112 4.521230035 0 0 0 0 0 0 0 0 0 5.947812371 0 0 0 0 0 0 0 0 0 2.828241373 5.527347688 0 0 0 0 0 0 2.669541863 0 0 0 0 0 0 0 0 0 0 0 0 0 0 0 0 0 0 0 0 0 0 0 0 0 0 0 0 0 0 0 0 0 0 0 0 0 0 93.70915684 0 0 0 0 0 0 0 0 0 0 0 0 0 0 0 0 0 0 0 0 0 0 0 0 10.47750159 0 0 0 9.458421281 0 0 0.4167937928 0 0 0 0 0 0 0 0 0 0 0 0 2.291264781 0 0 0 0 0 0 0 0 0 0 0 0 0 0 0 0 0 0 0 0 0 0 0 0 0 0 0 0 0 0 0 0 0 0 0 0 0 0 0 0 0 0 0 0 0 0 0 0 0 0 0 0 0 0 0 0 0 0 0 0 0 0 0 0 0 
0 0 0 0 0 0 0 0 0 0.1970504235 0 0 0 0 0 0 0 0 0 0 0 0 0 0 0 0 0 0 0 0 0 0 0 0 0 0 0 0 0 0 0 0 0 0 0 0 0 0 0 0 0 0 0 3.205585779 0 0 0 0 5.482138487 0 0 0 0 0 0 0 0 0 0 0 0 0 0 0 0 0 0 0 0 0 0 20.67924054 0 0 0 0 0 0 0 0 0 0 0 0 0 0 0 0 0 0 0 0 0 0 0 0 0 0 0 0 0 0 0 0 0 0 0 0 0 0 0 0 0 0 0 0 0 0 0 90.79591548 32.71031442 0 0 0 0 0 0 0 0 0 0 0 0 0 0 0 0 0 0 0 0 0 0 0.02579715517 0 0 0 0 0 0 0 0 0 0 0 0 0 9.087184582 0 4.086249599 0 0 0 0 0 0 0 0 0 0 0 0 0 0.3768782111 4.002823416 0 0 2.439682495 0 0 0 0 0 0 0 0 0 0 0 0 0 0 4.128481904 0 0 0 0 0 0 0 0 0 0 0 0 0 0 0 0 0 0 0 0 0 0 0 0 0 0 5.901443899 0 0 0 0 0 0 0 0 0 0 0 0 0 0 0 0 0.8803477461 0 0 0 0 0 0 0 0 0 
0 0 0 0 0 0 0 0 0.2747726519 0 0 0 0 0 0 0 0 0 0 0 0 0 0 0 0 0 0 0 0 0 0 0 0 0 0 0 0 0 0 0 0 0 0 0 0 0 0 0 0 0 0.001885726687 0 0 0 0 0 0 0 0 0 0 0 0 0 0 0 0 0 0 0 6.530996183 0 0 0 0 0 0 2.001129677 0 1.209471975 0 0 0 0 0 0 0 0 0 0 0 0 0 0 0 0 0 0 0.2856386973 0 0 0 0 0 0 0 0 0 0 0 0 0 0 0 0 0 92.5284225 0 0 0 0 0 0 0 0 0 0 0 0 93.79673282 0 0 0 0 0 0 0 0 0 0 0 0 0 0 0 0 0 0 0 0 0 0 0 0 0 0 0 0 0 0 0 0 0 0 0 0 0 0 0 0 0 0 0 0 0 0 0 0 91.70429902 0 0 0 0 0 0 0 0 0 0 0 0 0 0 0 0 0 0 0 0 0 0 0 0 0 0 0 0 0 0 0 0 0 0 0 0 0 0 0 0 0 0 5.643948442 0 0 0 0 0.0001742692286 0 0 1.058370342 0 0 0 0 0 0 0 0 0 0 0 0 0.6876510601 0 0 0 0 0 0 0 0 0 0 0 1.376220822 0 
0 0 0 0 0 0 0 0 0 0 0.1154456383 0 0 0 0 0 0 0 0 0 0 0 0 0 0 0.2991561227 0 0 0 0 0.00125417815 0.3069153014 0 0 0 0 0 0 0 0 0 0 0 0 0 0.2432359407 0 0 0 0 0 0 0 0 0 0 0 0 0 0 0 0 7.982483733 0 0 0 0 0 0 0 0 0 0 0 5.597593783 0 36.42875098 0 0 0 0 17.16706594 0 0 4.893913904 0 0 0 0 0 0 0 0 24.91078022 0 0 0 0 0 0 0 0 0 0 0 0 0 0 0 0 0 0 0 0 0 0 0 0 0 0 0 0 0 0 0 0 0 0 0 0 0 0 754.4177264 0 0 0 0 0 25.51731319 0 0 0 0 0 0 0 0 9.965836415 0 5.281172633 0 0 0 0 0 1.002562213 0 7.029762632 0 0 0 0 0 0 248.5242374 0 0 0 0 0 0 0 0 47.53088751 0 0 0 0 0 0 0 0 0 0 0 0 0 0 0 0 0 0 3.559212485 0 0 0 0 0 0 0.8043286465 5.11077709 0 0 0 0 0 0 0 0 0 0 0 0 0 0 0 0 0 0 0 0 0 0 0 0 0 0 0 0 0 0 0 0 0 0 0 0 0 0 0 0 0 0 0 0 0 0 0 0 0 0 0 0 0 0.3225853479 0 
0 0 0 0 0 0 0 0 0 0 0 0 1.129216704 0 0.1058466116 0 0 0 7.504168451 0 0.2463553517 0 0.4275306254 0 0 0 0 0 0.3038733678 0 0 0 0 0 0 0.249903676 0 0 0 0 0 0 0 0 0 0 0 0 0 0 0 0 0 0 0 0 0 0 0 6.157750622 0 0 0 0 0 0 0 0 0 0 0 0 0 0 0 0 0 0 0 0 0 0 0 0 0 0 0 0 0 0 0 0 0 0 0 0 0 0 0 0 0 0 0 0 0.7508435877 0 0.6918233972 0 0 0 0 0 0 0 0 0 0 0 240.1976951 0 0 0 0 0 0 0 0 0 0 0 0 0 0 0 0 0 0 0 0 0 0 0 0 0 0 0 0 0 0 0 108.5655689 0 0 0 0 0 0 0 0 0 0 0 0 0 0 0 0 0 0 0 0 0 0 0 0 0 0 0 0 0 0 0 0 0 0 0 0 0 0 0 0 0 0 2.297678195 0 0 5.075642434 0.2857519378 0 0 0 0 0 1.42488335 0 0 0 0 0 0 0 0 1.220249428 0 0 0 0 0 0 0 0 0 0 0 0 0 0 0.1404610225 0 0 0 0 0 0 0 0 0 0 0 0 0 0.942805092 0 0 0 0 0 0 0 0 0 0 0 0 0 0 
0 0 0 0 0 0 0 0.2325002073 0 0 0 0 0 0 0 0 0 0 0 0 0 0 0 0 0 0 0 0 0 0 0 0 0 3.63059163 0 0 0 0 0 0 0 0 0 0 0 0 0 0 0 0 0 0 0 0 0 0 0 0 0 0 0 0 0 0 0.2847675647 0 0 0 0 0 0 0 0 0 0 0 0 0 0 0 0 0 0 0 0 0 0 0 0 0 0 4.675516196 0 0 0 0 0 0 0 108.3272095 0 0 0 0 0 0 3.17442383 0 0 0 0 0 0 0 0 0 0 0 0 0 0 0 0 0 0 0 0 0 0 0 0 0 0 0 0 0 0 0 4.266168443 0 0 0 0 0 0 0 0 7.022068147 6.034844871 0 0 0 0 0 0 0 0 0 0 0 0 0 0 0 0 0 0 0 0 0 0 0 0 0 0 0.2913391464 0.06237583343 0 0 0 0 0 0 0 0 0 0 0 0 0 0 0 0 0 0 0 0 0 0 0 0 0 10.00850407 0 0 0 0 0 0 0 0 0 0 0 0 0 0 0 0 0 0 0 0 0.08067381228 0 0.1393161974 0 0 0 0 0 0 0 0 0 0 0 0 0 0 0 0 0 0 0 0 0 0.1822566941 0 0 0 0 0 0 0 0 
0 0 0 0 0 0 0 0 0 0 0 0 0 0 0 0 0 0 0 0 0 0 0 0.9226839818 0 5.705081027 0 0 0 0 0 0 0 0 0 0 0 0 0 0 0 0 0 0 0 0 0 0 0 0 0 0 0 0 0 0 0.557629709 0 0 0 0 0 0 0 0 0 0 0 0 0 0 0 0 0 0 0 0 0 0 0 0 0 0 0 0 0 0 0 0 0 0 0 0 0 0 0 0 0 0 0 0 0 0 0 0 0 0 0 0 0 0 0 0 0 0 26.22153734 158.6334963 0 0 0 0 0 59.24065113 0 0 0 0.7206619914 1.525594774 0 0 0 0 0 0 0 0 0 0 0 0 0 0 0 49.4744923 2.402596456 0 0 0 0 0 0 0 0 0 0 37.50670823 0 0 0 0 0 0 0 0 7.404221684 0 0 0 0 0 0 0 0 0 4.101793208 0 0 0 0 0 0 0 0 0 0 0 0 0 0 0 0 0 0 0 0 0 0 0 0 0 0 0 0 0 0.4386680848 0 0 0.01253942486 0 0 0 0 0 0 0 0 0 0 0 0 0 0 0 0 0 0 0 0 0 0 0 0 0 0 1.373580906 0 0 0 0 0 0 0 0 0 0 0 0 0 0 0 0 0 0 0 0 0 
0 0 0 0 0 0 0.3305589914 0 0 0.1507726426 0 0 0 0 0 0 0 0 0 0 0 0 0 0 0 0 0 0 0 0 0 0 0 0 0 0.2349801592 0 0 1.404101842 0 0 0 0 0 0 0 0 0 0 0 0 0 1.508683988 0 0 0 0 0 0 0 0 0 0 0 0 0 0 0 0 0 0 0 0 0 0 0 0 0 0 0 0 0 0.8584637979 0 0 0 0 0 0 0 0 0 0 0 0 0 0 0 0 0 0 0 0 0 0 0 0 0 0 0 0 0 0 0 0 0 0 0 0.5412115688 0 4.56423038 0 0 0 0 0 0 0 0 0 0 0 0 0 0 0 3.00736349 0 2.383194956 0 0 0 0 0 0 0 0 0 0 0 0 62.76179284 0 0.9359564722 0 0 0 0 0 0 0 0 0 0 0 0 0 0 0 50.70152006 0 0 0 0 0 0 0 0 0 0 0 0 0 0 0 0 0 0 0 0 0.2566336851 0 0 0 0 0 0 0 0 0 0 0 0 0 0 0 0 0 0 0 0.145422439 0 0 0 0 0 0 0 0.0003504981672 0 0 0 0 0 0 0 0 1.350420713 0 0 0 0 0 0 0 0 0 0 0 0 0 0 0 0 0 0 0 0.9194068007 0 0 0 0 0 0 0 0 
0 0 0 0 0 0.8147325804 0 0 0 0 0 0 0 0 0 0.06031937015 0 0 0 0 0 0 1.239308014 0 0 0 0 0 0 0 0.3331058969 0 0 0 0 0 0 0 0 0 0 0 0 0 0 0 0 0 0 0 0 0 0 0 0 0 0 0 0 0 0 0 0 0 0 0 0 0 0 0 0 0 0 0 0 0 12.35259455 0 3.585356872 0 0 0 0 0 0 0 0 0 0 0 0 0 0 0 0 0 0 0 0 0 0 0 0 0 0 0 0 0 0 0 0 0 0 0 0 0 0 1.332090745 0 0 247.5743682 0 0 0 0 0 0 0 0 12.17702261 0 0 0 0 0 0 0 0 0 0 0 0 0 0 0 0 0 0 0 0 0 0 0 0 0 0 0 0 0 0 0 0 0 0 0 0 0 0 0 0 0 0 0 0 0 0 0 0 0 0 0 0 0 0 0 0 0 0 0 0 0 0 0 0 0 0 0 0 0 0 0 0 0 0 0 1.394500828 0 0 0 0 0 0 0 0 0 0 6.702165448 0 1.675079532 0 1.119663805 0 0 0 0 0 0 0 0 0 0 0 0 0 0 0 0 0 0 0.9973522637 0 0 0 0 0 0 0 0 0 0 0 0.2712132066 0 0 0 0 
0 0 0 0 0 0 0 0.3225641658 0 0 0 0 0 0 0 0 0 0 0 0 0 0 0 0 0 0 0 0 0 0 0 0 0 0 1.452585831 0 0 0 0 0 0 0 0 0 0 0 0 0 0 0 0 0 0 0 0 0 0 0 0 0 0 0 0 0 0 0 0 0 0 0 0 0 0 0 0 0 0 2.480535701 0 0 0 0 0 0 0 0 0 0 0 0 0 0 0 0 0 0 0 10.08518762 0 0 0 0 0 0 0 0 0 0 0 0 0 0 0 0 0 0 0 0 0 0 0 0 0 0 0 0 0 0 0 0 0 0 0 2.642472887 0 36.01577412 0 0 0 0 0 0 0 0 0 0 0 0 0 0 0 0 0 0 0 0 0 0 0 0 0 0 0 0 0 0 0 0 0 0 2.582422223 0 0 0 0 0 0 0 0 0 0 0 0 0 7.952598562 0 0 0 0 0 0 0 0 0 0 0 0 0 0 0 0 0 0 0 0 0 0 0 0 0 0 0 0 0 0 0 0 0 0 0 0 0 5.219443722 0 0 0.0445831028 0 0 0 0 8.512053523 0 0 0 0 0 0 0 0 0 0 0 0 0 0.4166584652 0 0 0 0 0 0 0 0 0 0 0 
0 0 0 0 0 0 0 0 0 0 0 0 0 0 0 0 0 0 0 0.01699174901 0 0 0 0 0 0 0 0 0 0 0 0 0 0 0 0.985996433 0 0 0 0 0 0 0 0 0 5.189624113 0 0 0 0 0 0 0 0 0 0 0 0 0 0 0 0.09839015929 0 0 0 0 0 0 0 0 0 0 0 0 0 0 0 0 0 6.060796059 0 0 0 0 0 7.207387823 0 0 0 0 8.348199338 0 0 0 0 0 0 0 0 0 0 0 0 0 50.77802552 1.727192113 0 0 0 0 0 0 0 0 0 0 0 0 0 0 0 0 0 0.283402584 0 0 0 0 0 0 0 0 0 0 0 0 0 0 0 0 0 0 4.840078415 121.750523 0 0 0 0 0 0 0 0 0 0 0 0 0 0 0 0 78.9462587 0 0 0 0 0 0 0 0 0 0 0 0 0 0 0 0 0 0 0 0 0 0 0 0 0 0 0 0 0 0 0 0 0 0.02566378519 0 0 0 0 0 0 0 0 1.12895972 0 0 0 0 0 0 0 0 0 0 0 0 0.2999653041 0 0 0 0 0 0 0 0 0 0 0 0 0 0 0 0 0 0 0 0 0 0.8482031114 3.497015652 0.18001239 0 0.533824772 0 0 0 0 0 0 0 0 0 0 0 0 0 
0 0 0 0 0 0 0 0 0 0 0 0 0 0 0 0 0 0 0 8.902319752 0.745993477 0 0 0 1.301068266 0 0 0 0 0 0 0 0 0 0 0 0 0 0 0 0 0 0 0 0 0 0 0 0 0 0 0.1147744787 0 0 0 0 0 0 0 0 0 0 0 0 0 0 0.07202824179 0 1.420639633 0 0 0 0 0 0 0 0.01184216539 0 0 0 0 0 0 0 0 0 0 0 0.572953959 0 1.129288428 0 0 0 0 0 0 0 0 0 0 0 1.095554859 0 0 0 0 0 0 0 0 0 0 0 0 0 0 0 0 0 0 0 0 41.34456697 0 0 0 0 0 0 0 0 0 0 0 0 0 0 0 0 0 0 0 0 0 0 0 0 0 0 0 0 0 0 0 0 0 0 0 0 0 0 0 0 0 0 0 0 0 0 0 0 0 0 0 0 0 0 1.313295788 0 0 0 0 0 0 0 0 0 0 0 0 0 0 0 0 0 0 0 0 0 0 0 0 0 0 0 0 0 0 0 0 0 0 0 0 0 0 0 0.7608676894 0 0 0 0 0 0 0 0 0 0 0 0 0 0 0 0 0 0 0 0 0 0 0 0 0 0 0 0 0 0 0 0 0 0 0 0 0 
0 0 0 0 0 0 0 0 0 0 0 0 0 0 0 0 0 0.7318997862 0 0 0 0 0 0 0 0 0 0 0 0 0 0 0 0 0 0 0 0 0 0 0 0 0 0 0 0 0 0 0 0 0 0 0 0 0 0 0 0 0 0 0.6254142343 0 0 4.313874992 0 0 0 0 0 0 0 0 0 0 0 0 0 0 0 0 0 0 0 0 0 0 0 0 0 0 0 0 0 0 0 0 4.442277983 6.211279712 0 0 0 0 0 0 0 0 0 0 0 10.37776317 0 0 0 0 0 0 0 0 0 0 0 0 0 0 0 3.409434371 0 0 0 0 8.308554763 0 0 0 0 0 0 0 0 0 0 0 0 0 0 0 0 0 0 0 0 0 0 0 0 0 0 0 0 0 0 0 4.954319903 0 0 0 0 0 0 0 0 0 0 0 0 0 0 0 0 0 0 0 0 0 0 0 0 0 0 0 0 0 0 0 0 0 0 0 0 0 0 0 0 0 0 0 0 0 0 0 0 0 0 0 0 0 0 0 0 0 0 0 0 0 0 0 0 0 0 0 0.07613349321 0 0 0 5.907402629 0 0 0 0 0 0 0 0 0 0 0 0 0 4.896395911 0 0 0 0 0 0 0 
0 0 0 0 0 0 0 0 0 0 0 0 0 0 0 0 0 0 0 0 0 0 0 0 4.792926441 1.504350052 0 0 0.9478911912 0 0 0 0 0.322291428 0 0 0 1.266894829 0 0 0 0 0 0 0 0 0 1.456018324 0 0 0 0 0 0 0 0 0.9346964531 0 0 0 0 0 0 0 0 0 0 0 0.8980757181 0 0 0 0 0 0 0 0 0 0 0 0 0 0 0 0 0 0 0 0 0 0 0 0 0.533773814 0 0 0 0 0 0 0 0 0 0 0 0 0 0 0 0 0 0 0 0 0 0 0 0 0 2.754491094 0 0 0 0 0.0008527092633 0 0 0 0 0 0 0 0 0 0 0 0 0 0 0 0 0 0 0.2331831609 0 0 0 0 0 0 4.969319569 0 0 0 0 0 0 0 0 0 0 0 5.086080145 0 0 0 0 0 0 0 0 0 0 0 0 0 0 0 0 1.47379661 0 0 0 0 0 0 0 0 0 0 0 0 0 0 0 0 0 0 0 0 0 0 0 0 0 0 0 0 0 0 0 0 0 0 0 0 0.001958666601 0 0 0 0 0 0 0 0 0 0 0 0 0 0 0 0 0 0 0 0 0 0 0 0 0 0 7.504946067 0 0 0 0 0 0 0.1942902014 0 0 0 0 0 
0 0 0 0 0 0 0 0 0 0 0 0 0 0 0 0 0 0 6.49802717 0 0 0 0 0 0 0 0 0 0 0.2994261021 0 6.639611851 0 0 0 0 0 0 0 0 0 0 0 0 0 0 0 0 0 0 0 0.486871739 0 0 0 0 0 0 0 0 0 0 0 0 4.929974066 4.222273632 0 0 0 0 0 0 0 0 0 0 0 0 0 0 0 0 7.89448583 0 0 0 8.422076677 0 0 0 153.7954433 0 0 0 0 0 0 0 0 0 0 0 0 0 0 0 0 0 0 0 0 0 0 0 0 0 0 0 0 0 0 0 0 0 0 0 0 0 0 0 18.39993012 0 0 0 0 0 0 0 120.2976375 0 0 0 0 0 0 0 0 0 0 0 0 0 74.02643385 0 0 0.08839628046 0 0 0 1.98824887 0 0 0 0 0 0 0 0 0 0 0 0 0 0 0 0 0 0 0 0 0 0 0 4.312496552 0 0 0.1838056818 0 0 0 0 0 0 0 0 0 0 0 0 0 1.880996644 0 0 0 0 1.61931888 0 0 0 0 0 0 0 0 0 0 0 0 0 0 0 0 0 0 0 0 0 0 0 0 0 0 0 0 0 0 0 0 0 0 0 0 0 0 0 0 0 0 0 0 0 0 0 0 0 0 
0 0 0 0 0 0 0 0 0 0 0 0 0 0 0 0 0 0 0 0 0 0 0 1.22714932 0 0 0 0.06230551871 0 0.09508731206 0 1.314378693 0 0 0 0 0 0 0 0 0 0 0 6.393596085 0 0 0 0 0 0 0 0 0 0 0 0 0 0 0 0 0 0 0 0 0 0 0 0 0 0 0 0 3.515940283 0 0 0 0.03603183183 0 0 0 0.1897265465 0 0 0 0 0 0 0 0 0 0 0 0 0 0 0 0 0 0 48.54031239 0 0 0 0 0 0 0 0 0 0 0 0 0 0 0 0 0 0 0 0 10.35225895 0 0 0 0.3941951991 0 101.9565801 0 0 7.09543053 0 0 0 0 0 0 6.115805681 0 0 0 0 84.61255757 0 0 0 0 0 0 0 0 0 0 0 0 0 0 0 0 0 4.331263275 0 0 0 0 0 0 0 0 0 0 0 0 9.584560382 0 0 0 0 0 0 0 1.174279536 0 0 0 0 0 0 0 0 0 0 0 0 6.23631426 0 0 0 0 0 0 0 0 0 0 0.6992910458 0 0 0 0 1.051385947 0 0 0 0 0.0005266236424 0 0 0 0 0 0 0 0 0 0 0 0 0 0 0 0.0001006614312 0 0 0 0 0 0 0 0 0 0 0 0 0 0 0 0 0 0 0 0 0 0 0 0 0.07239691095 
0 0 0 0 0.4638626877 0 0 0 0 0 0 0 0 0 0 0.01025033796 0 0 1.073306347 0 0 0 0 0 0 0 0 0 1.306836404 0 0 0 0 0 0 0 0 0 0 0 0 0.3051534499 0 0 0 0 0 0 0 0 0 0 0 0 0 0 0 0 0 0 0 0 0 0 0 0 0 0 0 0 0 0 0 0 0 0 0 0 2.768197382 0 0 6.523702703 0 0 0 0 0 0 0 0 0 0 1.690117549 0 0 0 0 0 0 0 3.34916417 0 0 0 0.2837069564 0 0 0 0 0 0 0 0 0 6.047456885 0 0 0 0 0 0 0 0 0 0 10.83056747 0 0 0 0 0 0 0 0 0 0 0 0 0 0 0 0 0.2938731702 0 0 0 0.01198708037 0 0 0 0 0 0 0 0 0 0 0 0 0 0 0 0 0 0 0 0 0 0 0 0 0 0 0 0 0 0 0 0 0 0 0 0 0 0 0 0 0.908927824 0 0 9.098184001 0 0 0 5.770059705 0 0 0 0 0 0.1450488837 5.609360626 0 0 0 0 0 0 0 0 0 0 9.521096551 0 0 0 0 0 0 0 0 0 0 0.2108438046 0 0 0 0 0 0 0 0 0 0 0 0 0.3765532974 0 0 0 0 0 0 0 0 0 0 0 0 0 0 1.207074687 0 0 0 0 
0 0 0 0 0.1313189285 0 0 0 0 0 0 0 0 0 0 0.1137448131 0 0 0 0 0 0 0 0 0 0 0 0 0 0 0 0 0 0 0 0 0 1.219122036 0 0 0 0 0 0 0 0.8563842974 0 0 0 0 0 0 0 0 0 0 0 0 0 0 0 0 0 0 0 0 0 0 0 0 0 0 0 0 0 0 0 0 0 0 0 0 0 0 0 0 0 0 0 0 0 0 0 0 0 0 0 0 0 0 0 0 0 0 0 0 0 0 0 0 0 0 0 0 77.24952518 0 0.7338070528 0 0 0 0 0 0 0 0 0 0 0 0 0 0 0 0 0 0 0 0 0 0 0 0 0 0 0 0 0 0 0 0 0 0 0 0 0 0 0 0 0 0 0 0 0 0 5.82670676 0 0 0 0 0.746660729 0 0 0 0 0 0 0 0 0 0 0 0 0 0 0 0 0 0 0 0 0 0 0 0 0 0 0 0 0 0.4839922616 6.0340875 0 0 0 0 0 0 0 0 0 0 0 0 0 0 0 0 0 0 0 0 0 0 0 4.938902825 0 0 0 0 0 0 0 0 0 0 0 0 0 0 0 0 0 0 0 0 0 0 0 0 0 0 0 0 0 0 0 0 
0 0 0 0 0.01185003884 0 0 0 0 0 0 0 0 0 0 0 0 0 0 0 0 0 0 0.4745553417 0 0 0 0 0 0 0 0 0 0 0 0 0 0 0 0 0 0 0 0 0 0 0 0 0 0 0 0 0 0 0 0 0 0 0 0 0.029222398 0 0 0 0 0 0 0 0 0 0 0 0 0 0 0 0 0 0 0 0 0.2372120183 0 0 0 0 3.830897039 0 0 0 0 0 0 0 0 0 0 0 0 0 0 0 0 0 0 0 0 0 0 6.404869503 0 0 0 0 0 0 0 0 0 0 0 0 0 0 0 0 0 0 0 0 0 0 0 0 0 0 0 0 0 0 0 0 0 0 0 0 0 0 0 0 0 0 0 0 0 0 0 0 0 0 0 0 0 0 0 0 0 1.680104885 0 0 0 0 0 0 0 0 0 0 0 2.294007297 0 0 0 2.654380405 0 0 0 7.629469372 0 0 0 0 0 0 0 0 0 0 0 0 0 0 0 0 0 0.4987089683 0 0 0 0 0 0 0 0 0 0.003955341679 0 0 0 0 0 0 0 0 6.184597451 0 0 0 0 0.1613946019 0 0 0 0 0 0 0 0 0 0 0 0 0 0 0 0.2990129564 0 0 0 0 0 0 0 0 3.711310936 0 
0 0 0 0 0 0 0 0 0 0 0 0 0 0 0 0 0 0 0 0 0 0 0 0 0 0 0 0 0 0 0 0 0 0.01701830276 0 0 0 0 0 0 0 0 0 0 0 0 9.323059576 0 0 0 0 0 0 0 0 0 0 0 0 0 0 0 0.3629260305 9.696963439 0 0 0 0 0 0 0 0 0.5314009718 0 0 0 0 0 0 0 0 0 0 0 0 0 0 0 0 0 0 0 0 0 0 0 0 0 0 0 0 0 0 0 0 8.754972578 0 0 0 0 0 0 0 0 0 0 0 0 0 0 0 0 0 0 0 0 0 0 0 0 0 0 0 0 0 0 0 0 0 0 0 0 0 0 0 0 0 0 0 21.96890113 0 0 0 0 0 0 0 0 0 0 0 0 0 0 0 0 0 0 0 0 0 0 0 0 0 0 0 0 0 0 0 0 0 0 0 0 0 0 0 0 0 0 0 0 0 0 0 0 0 0 0.2577299806 0 0 3.148151986 0 0 0 0 0.2760968478 0 0 0 0 0 0 0 5.848307269 0 0 0 0 0 0 0 0 0 0 0 0 0 0 0 0 0 0 0 0 0 0 0 0 0 0 0 0 0 0 0 0 0 0 0 0 0 0 1.321464781 
0 0 0.3519154392 0 0 0 0 0 0 0 0 0 0 0 1.119231555 0 0 0 0 0 0.009299874631 0 0 0 0 0.5451743443 0 0 0 0 0 0 0 0 0.07244037822 0 0 0 0 0 0 0 0 0 0 0 0 0 0 0 0.1728532983 0 0 0.4168884749 0 0 0 0 0 0 0 0 0 0 0 0 0 0 0 0 0 0 0 0 0 0 0 0 0 0 0 0 0 0 0 0 0 0 0 1.150064216 0 0 0.004829936851 0 0 0 0 0 0 0 0 0 0 5.952283632 0 0 0 0.0002713626594 0 0 0 0 0 0 0 0 2.752973134 0 0 0 0 0 0 0 0 0 0 0 0 0 0 0 0 0 0 0 0 6.197457951 0 0 4.012848629 0 0 0 0 0 0 0 0 0 0 0 0 0 0 0 0 0 0 17.15924725 0 0 0 0 82.41407297 0 0 0 0 0 0 0 0 3.941119233 0 0 0 0 0 0 0 0 0 1.323539764 0 0 4.234939918 0 0 0 0 0 0 0 0 0 0 0 0 0 4.172509321 0 0 0 4.028021743 0 0 0 0 0 0 0 0 0 0 0 0 0 0 0 0 0 0 0 0 0 0 0 0 0 0 0 0 0 0 0 0 0 0 0 0 0 0 0 0 0 0 0 0 0 0 0 0 0 0 0 
0 0 0 0 0 0 0 0 0 0 0 0 0 0 0 0 0 0 0 0 0 0 0 0 0 0 0 0 0 0 0 0 0 0 0 0 0 0 0 5.48623237 0 5.933347452 0 0 0 0 0 0 0 1.1069544 1.207905276 0 0 0 0 0 0 0 3.450522519 0 0 0 0 0 0 0 0.3264461511 0 0 0 0 0 0 0 0 4.148824761e-05 0 0 0 0 0 0 0 0 0 0 0 0 0 0 0 0 0 0 0 0 0 0 0 0.02752441502 2.213326269 0 0 0 0 0 0 0 0 0 0 0 0 0 0 0 0 0 0 0 0 0 0 0 0 0 0 0 0 0 0 0 0 0 0 0 0 0 0 0 0 5.577642592 0 0 0 0 4.844776368 0 0 8.569878007 0 0 0 0 0 0 0 0 0 0 0 0 0 0 0 0 0 0 0 0 0 0 0 0 0 0 0 0 0 0 0 0 0 0 0 0 0 0 1.303201919 0 0 0 0 0 0 0 0 0 0 0 9.314470698 0 0 0 0 0 0 0 0 0 0 0 0 0 0 5.225568663 0 0 0 0 0 0 0 0 0 0 0 0 0 0 0.7865939723 0 0 0 0 0 0 0.05720498239 0 0 0 0.6187787255 0 0 0 0 0 0 0 0 0 0 0 0 0 0 
0 0 0 0 0 0 0.4236552969 0 0 0 0 0 0 0 0 0 0 0 0 0 0 0 0 0 0 0 0 0 0 0 0 0 0 0 0 0 0 0 0 6.618439566 0 0 0 0 0 0 0 0 0 0 0 0 0 0 0 0 0 0 0 0 0 0 0.6178261613 0 0 0 0 0 0 0 0 0 0 0 0 0 0.8100011397 0 0 0 0 0 0 0 0 0 0 0 0 0 0 0 0 0 0 0 0 0 0.3050196475 4.59561667 0 1.587930793 0 0 12.81058049 0 0 0 0 0 5.718305175 0 0 0 0 0 0 0 0 0 0 0 0 0 0 0 0 0 0 0 0 0 0.1925125041 0.0161434479 0 0 0 0 0 0 0 0 0 0 0 0 0 0 0 0 0 0 0 0 0 0 0 0 0 0 4.217297859 0 0 0 0 0 0 0 0 0 0 0 0 6.507410979 0 0 0 0 0 0 0 0 0 0 0 0 0 0 0 0 0 0 0 0.2163161377 0 0 0 0 0 0 0.685039605 0 0 0 0 0 0 0 0 0 0 0.07443931468 0 0 0 0 0 0 0 0 0 0 0.2205429119 0 0 0 0 0 0 0 0 0 0 0 0 0 0 0 0 0 0 0 0 0 0 0 0 0 0 0 0 0 0 0.4898160139 0 0 
0 0 0 0 0 0 0 0 0 0 2.631995016 0 0 0 0 0 0 0 0 0 0 0 0 0 0 0 0 0.102973658 0 0 1.493563244 0 0 0.1382637273 0 0 0.006786695169 0 1.297447815 0 0 0 0 0 0 0 0 0 0 0 0 0 0 0 0 0 0 0 0 0 0 0 0 0 0 0 0 0 0 0 0 0.4561468718 0 0 0 0 0 0 5.40604987 0 0 0 0 0 0 0 0 0 0 0 0 0 0 0 0 0 0 0 0 0 0 0 0 0 6.988097958 0 0 0 0 0 0 0 0 0 0 0 0 0 0 0 0 0 0 0 0 0 0 0 0 0 0 0 0 0 0 0 0 0 0 0 0 0 0 0 0 0 0 0 0 0 0 0 0 0 0 0 0 0 0 0 0 0 0 0 0 0 0 0 0 0 0 0.5555565235 0 0 0 0 0 0.0360489673 0 0 0 0 0 0 0 0 0 0 5.266430334 0 0 0 0 0 0 0 0 0 0 0 0 0.3820907803 0 0 0 0 0 0 0 0 0 0 0 0 0 0 0.7242560412 0 0.5416442629 0 0 0 0 0 0 0 0 0 0 0 0 0 0 0 0 0 0 0 0 0 0 0 0 0 0 0 0 0 0 0 1.438202448 0 0.0183993874 0 0 0 
0 0 0 0 0 0 0 0 0 0.5010728229 0 0 0 0 0 0 0 0 0 0 0 0 0 0 0 0 0 0.2319516741 0 0 0 0 0 0 0 0 0 0 0 0 0 0 0 0 0 0 0 0 0 0 0 0 0 0 0 0 7.368241022 0 0 0 0 0 0 0 0 0 0 0 0 0 0 0 0 0.7006605556 0 0 0 0 0.764866927 0 0 0 0 0 0 0 0 0 0 0 0 0 0 0 0 0 0 0 0 0 0 0 0 0 0 0 0 0 0 0.1042960708 0.452761654 0 0 0 0 0 0 0 0 0 0 0 0 0 0 0 0 0 0 4.012900667 0 3.317092001 0 0 0 0 0 0 0 0 0 0 0 0 0 0 0 0 0 0 0 0 0 0 0 0 0 0 0 0 0 0 0 0 0 0 0 0 0 0 0 0 0 0 0 0 0 1.32698978 0 0 0 0 0 0 0 0 0 0 0.8318542825 0 0 0 0 0 0 0 0 2.381811619 0 0 0 0 0 0 0 0 0 0 0 0 0 0 0 0 0 0 0 0 0 0 0 0 0.2159913874 0 0 0 0 0 0 0 0 0 0 0 0 0 0.04969319336 0 0 0 0 0 0 0 0 0.07464529912 0 0 0 0 0 0 0 0 0 0 
0 0 0 0 0 0 0 0 0 0 0 0 0 0 0 0 0 0 0 0 0 0 0 0 0 0 0 0 0 0 0 0 0 0 0 0 0 0 0 0 0 0 0 0 0 0 0 0 0 0 0 0 0 0 0 0 0 0 0 0 0 0 0 0 0 0 0 0 0 0 0 2.190655571 0 0 0 0 0 0 0 0 6.187097888 0 0 0 0 0.2323839927 0 0 0 0 0 0 0 0 0 0 0 0 0 0 0 0 0 0 5.587394553 0 3.334571434 0 0 0 0 0 0 0 0 0 0 0 0 0 0 0 0 0 0 0 0 0 0 0 0 0 0 0 0 0 0 0 0 0 0 0 7.679007244 0 0 0 0 0 0 0 0 0 0 0 0 0 0 0 0 0 0 0 0 0 0 0 0 0 0 0 0 0 0 0 0 0 0 0 0 0 0 0 0 0 0 0 0 0 0 4.702870717 0 0 0 0.5502867443 0 0 0 0 0 0 0 0 0 0 0 0 0 0 0 0 0 0 0 0 0 0 0 0 0 0 0 0.5057558776 1.066732033 0.01061497695 0 0 0 0 0 0.2459931637 0 0 0 0 0 0 0 0 0 0 0 0 0 0 0 0 0 0 0 0 0 0 0 0 0 0 
0 0 0 0 0 0 0 0 0 0 0 0 0 0 0 0 0 0 0 0 0 0 0 0 0 0 0 0 0 0 0 0 0 0 0 0 0 0 0 0 0 0 0 0 0 0 0 0.001069139294 0 0 0 0 0 0 0 0 0 0 0 0 0 0 0 0 0 0 0 0 0 0 0 0.4550351586 0 0 0 0 0 0 0 0 0 0 0 0 0 0 0 0 0 0 0 0 0 0 0 0 0 0 0 0 0 0 0 0 0 0 0 0.205229794 0 0 0 0 0 0 1.176413063 0 0 0 0 0 29.11162626 0 0 0 0 0 0 0 0 0 0 0 0 0 0 0 0 0 0 0 0 0 0 2.321985722 0 5.67668941 0 0 0 0 0 0 0 0 0 0 0 0 0 0 0 0 0 0 0 0 9.918150752 0 0 0 0 0 0 0 0 0 0 0 0 0 0 0 0 0 0 0 0 0 0 0 0 8.768029066 0.1618091218 0 0 0 0 0 0 0 0 0.9616582213 0 0 0 0 0 0 0 0.6692504456 0 0 0.6371811086 0 0 0 0 0 0 0 0 0 0 0 0 0 0 0 0 0 0 0 0 0 0 0 0 0 0 0 0 0 0.274440243 0 0 0 0 0 0 0.3009992595 0 0 0 0 0 0 
0 0 0.1248779329 0 0 0 0 0 0.4127921303 0 0 0 0 0.4694550585 0 0 0 0.2206452085 0 0 0 0 0 0 0 0 0 0 0 0 0 0 0 0 0 0 0 0 0 0 0 0 0 0 0 0 0 0 0 0 0 0 0 0 0 0 0 0 0 0 0 0 0 0 0 0 0 0 0 0 0 0 0 0 0 0 0 1.482929036 0 0 0 0 0 0 0 0 0 0 0 0 0 0 0 0 0 0.09285737276 0 0 0 0 0 0 0 0 0 0 0 0 0 0 0 0 0 0 0 0 0 0 0 0 0 0 0 0 0 0 0 0 0 0 0 0 0 0 0 0 0 0 0 0 0 0 0 0 0 0 0 0 0 0 6.871273484 0 0 0 0 0 0 0 0 0 0 0 0 0 0 0 0 0 0 0 0 0 0 0 0 0 0 0 0 0 0 0 0 0 0 0 0 0 0 0 0 0 0.04745022783 0 0 0 0 0 0 0 0 0 0 0 0 0 0 0 0 0 0 0 0 7.717115141 0 0.1760586218 0 0 0 0 0 0 0 0 0 0 0 0 0 0 0 0.1011767483 0 0 0 0 0 0 0 0 0 0 0 0 0 0 0 0 0 0 0 0 0 0 0 0 
0 0 0 0 0 0 0 0 0 0 0 0 0 0 0 0 0 0 0 0 0 0 0 0 0 0 0 0 0 0 0.4149009772 0 0 0 0 0 0 0 0.5228689826 0 0 0 0 0 0 0 0 0 0 0 0 0 0 0 0 0 0 0 0 0 0 0 0.1876243954 0 0 0 0 0 0 0 1.20189329 0 0 0 0 0 0 0 0 0 0 0 0 0 0.925229342 0 0 0 0 0 0 0 0 0 0 0 0 0 0 0 0 0 0 0 0 0 0 0 3.103591811 0 0 0 0 0 0 0 0 0 0 0 0 0 0 0 0 0 0 0 0 0 0 0 0 0 0 0 0 0 0 0 0 0 0 0 0 0 0 0 0 0 0 0 0 0 0 0 0 0 0 0 0 0 0 0 0 0 0 0 1.740389213 0 0 0 0 0 0 0 0 0 0 0 0 0 0 0 0 0 0 0 0 0 0 0 0 1.13640691 0 0 0 8.446060125 0 0 0 0 0 0 0 0 0 0 0 0 0 0 0 0 5.743148477 0 0 0 0 0 0 0 0 0 0 0 0 0 0 0 0 0 0 0 0 0 0 0 0 0 0 0 0 0 0 0 0 0 0 0 0.1722862246 0 0 0 0 0 
0 0 0 0 0.3401679799 0 0 0 0 0 0 0 0 0 0 0 0 0 0 0 0 0 0 0 0 0 0 0 0 0 0 0 0 0 0 0 0 0 0.05319843615 0 2.034198863 0 0 0 0 0 0 0 0 0 0 0 0 0 0 0 0 0 0 0 0 0 0 0 0 0 0 4.85605346 0 0 0 0 0 0 5.476257625 0 0 0 0 0 0 0 0 0 0 0 0 0 0 0 0 0 0 0 0 0 0 0 0 0 0 0 0 0 0 0 0 0 0 1.667994935 0 0 0 0 0 0 0.4506136829 0 0 0 0 0 0 0 0 0.04766559939 0 0 0 0 0 0 0 3.94847738 0 0 0 0 0 0 0.003037738506 1.006689859 0 0 0 0 0 0 0 0 0 10.15631443 0 0 0 0 0 0 0 10.17170972 0 0 0 0 0 0 0 7.398339916 0 0 0 0 0 0 0.4650213462 0 0 0 0 0 0 0 0 2.515216995 1.184003108 0 0 0 0 0 0 0 0 0 0 0 0 0 1.075510102 0.3212555299 0 0 0 0 0 0 0 0 0 0 0 0 0 0 0 0 0 0 0 0 0 0 0 0 0 0 0 0 0 0 0 0 0 0 0 0 0 0 0 0 0 0 0 0 0 0 0 0 0 0 0 0 0 0 0 0 
0 0 0 0 0 0 0.1925675496 0 0 0.526510333 0 0 0 0 0 0 0 0 0 0 0 0 0 0 0 0 0 0 0 0 0 0 0 0 0 0 0 0 0 0 0 0 0 0 0 0 0 0 0 0 0 0 0 0 0 0 0 0 0 0 0 0 0 0 0 0 0 0 0 0 0 0 0 0 0 0 0 0 0.7322018159 0 0 1.030489123 0.7689564175 0 0.7428294121 0 0 0 0.2042759848 0 0 0 0 0 0 2.807008702 0 0 0 0 0 0 0 0 0 0 0.5417463334 0 0 0 0 0 0 0 0 0 0 0 0 0 0 0 0 0 0 0 0 0 0 0 1.729029142 1.723633397 4.078355533 0 0 0 0 0 0 0 0 0 0 0 0 0 0 0.2657658011 0 0 0 0 0 0 0 0 0 0 0 0.2975002415 0 0 0 0 0 0 0 0 0 0 0 0 0 0 0 0 0 0 0 0 0 0 0 0 5.478267748 0 0 0 0 0 0 0 0 0 0 0 0 0 0 0 0 0 0 0 0 0 0 0 0.1907246957 0 0 0 0 0 0 0 0 0 0 0 0 0 0 0 0 0 0 0 0 0 0 0 0.4318090813 0 0 0 0 0 0 0 0 1.471046742 0 0 0 0 0 0 0 0 0 0 0 0 0 0 
0 0 0 0 0 0 0 0 0 0 2.291249309 0 0 0 0 0 0 0 0 0 0 0 0 0 0 0 0.3424617758 0 0 0 0 0 0 0 0 0 0 0 0 0 0 0 0 0 0 0 0 0 0 0 0 0 0 0 0 0 0 0 0 0 0 0 0 0 0 0 0 0 0 0 0 0 0 0 0 0 0 0 0 0 0 0 0 0 0 0 0 0 0 0 6.500282509 0.009884767781 0 0 0 0.104035391 0 0 0 0 0 0 0 0 0 0 0 0 0 0 0 0 0 0 0 0 0 0 0 0 0 3.846515688 0 0 0.2284531502 0 0 0 0 0 0 0 0.1307228081 0 0 0 0 0 0 0 0 0 0 1.119384765 0 2.934623312 0 0 0 0 0 0 0 0 0 0 0 0 2.127367673 0 0 0 0 0 0 0 0 0 0.7924587785 0 0 0 0 0 0 0 0 0 0 0 0 0 0 0 0 0 0.8747743922 0 0 0 0 0 0 0 0 0.1219207466 0 0 0 0 0 0 0 0 0 0 0 0 0 0 0 0 0 0 0 0 0 0 0.2957603185 0 0 0 0.299409643 0 0 0 0 0 0 0 0 0 0 0 0 0 0 0 0 0 0 0 0 0 0 0 0 0 0 0 0 0 0 0 0 0 
0 0 0 0 0 0 0 0 0 0 0 0 0 0 0 0 0 0 0 0 0 0 0 0 0 0 0 0 0 0 0 0 0 0 0 0 0 0 0 0 0 0 0 0 0 0 0 0 0 0 0 0 0 0 0 0 0 0 0 0 0 0 0 0 0 1.769234946 0 0 0 0 0 0 0 0 0 0 0 0 0 0 0 0 0 0 0 0 0 0 0 0 0 0 0 0 0 0 0 0 0 0 0 0.2659772764 0 0 0 0 0 0 0 0 0 0 0 0 0 0 3.133602298 0 0 0 0 0 0 0 0 0 0 0 0 0 0 0 0 0 0 0 0 0 0 0 0 0 0 0 0 0 0 0 0 0 0 0 0 0 0 0 0 0 0 0 0 0 0 1.63912903 1.132707879 0 0 0 0 0 0 0 0 0 0 0 2.268367708 0 0 0 0 0 0 0 0 0 0 0 0.7545503755 0 0 0 0 0 0 0 0 0 0 0 9.680642171 0 0 0 0 0 0 0 0 0 0 0 0 0 0 0 0 0 0 0 0 0 0 0 0 0.8873808269 0 0 0 0 0 0 0 1.106666085 0 0 0 0 0 0 0 0 0 0 0 0 0 0 0 0 0 0 0 0 0 0 
0 0.004808137917 0 0 0 0 0 0 0 0 0 0 0 0 0 0 0 0 0 0 0 0 0 0 0 0 0 0 0 0 0 0 0 0 0 0 0 0 0 0 0 0 0 0 0 0 0 0 0 0 0 0 0 0 0 0 0 0 0 0 0 0 0 0 0 0 0 0 0 0 0 0 0 0 0 0 0 0 5.570521784 0 0.4077425658 5.377794627 0 0 0 0 0 0 0 0 0 0 0 0 0 0 0 0 0 0 0 0 0 0 0 0 0 0 0 0 0 0 0 0 0 0 0 0 0 0 0 0 0 0 0 0 0 0 0 0 0 0 0 0 0 0 0 0 0 0 0 0 0 3.959031408 0 0 0 0 0 0 0 0 0 0 0 0 0 0 0 9.805607783 0 0 0 0 0 0 0 0 0 0 0.004988549228 0 0 0 0 0 0 0 0 0 0 0 0 0 0 0 0 0 0 0 0 0 0 0 0 0 0 0 0 0 0 0 0 0 0 0 0 0 0 0 0 0 0 0 0.135265661 0 0 0.9407764697 0 0 0.02053986296 0 0.8124180888 0 0 0 0 0 0 0 0 0 0 0 0 0 0 0 0 0 0 0 0 0 0 0 0 0 0 0 0 0 0 0 0 0 
0 0 0 0 0 0 0 0 0 0 0 0 0 0 0 0 0 0 0 0 0 0 0.04938404705 0 0 0 0 0 0 0 0 0 0 0 0 0 0 0 0 0 0 0 0 0 0 0 0 0 0 0 9.053913171 0 3.291954299 0 0.220503747 0 0 0 0 0 6.512180883 0 0 0 0 0 0 0 0 0 0 0 0 3.453362562e-05 0 0 0 0.1825011713 0 0 0 0 0 1.022382122 0 0 0 0 0 0 0 0 0 0 0 0 0 0 0 0 0 0 0 0 0 0 0 0 0 0 0 0 0 0 0 0 0 0 0 0.1246604925 0 0 0 0 0 0.03293219202 0 0 0 0 0 0 0 0 0 0 0 0 0 0 0 0 0 0 0 0 0 0 0 0 0 0 0 0 0 0 0 0 0 0 0 0.6694996735 0 0 0 0 0 0 0 0 0 0 0 0 0 0 0 0 0.4626058152 0 0 0 0 0 0 0 0 4.879946908 0 0 0 0 0 0 0 0 0 0 0 0 0 0 0 0 0 0 0 0 0 0 0 0 0 0 0 0 0 0 0 0.03917974862 0 0 0 0 0 0 0 0 0 0 0 0 0 0 0 0 0 0 0 0 0 0 0 0 0 0.4918770663 0 0 0 0 0 0 0 0.2701045608 0 0 
0 0 0.1547339183 0 0 0 0 0 0 0 0 0 0 0 0 0 0.02761847965 0 0 0 0 0 0 0 1.07726718e-05 0 0 0 0 0 0 0 0 0 0 0 0 0 0 0 0 0 0.5149508407 0 0 0 1.331973104 0 0 0 0 0 0 0 0 0 0 0 0 1.298950645 0 0 0 0 0 0 0 0 0 0 0 0 0 0 0 0 0 0 0 0 0 6.764637067 0 0 0 0 0 0 0 0 0 0 0 0 0 0 0 0 0 0 5.504236089 0 0 0 0 0 0 0 0 0 0 0 0 0 0 0 0 0 0 0 0 0 0 0 0 0 0 0 1.468678857 0 0 0 0 0 0 0 0 0 0 0 5.146602363 0.01006011981 0 0 0 0 0 0 0 0 0 0 0 0 0 0 0 0 0 0 0 0 0.5975218758 0 0 0 0 8.146347413 0 0 0 0 0 0 0 0 0 0 0 0 0 8.077707932 0 0 0 0 0 0 0 0 0 0 0 0 0 0 0 0 0 1.361512638 0 0 0 0 0 0 0 0 0 0 0 0 0 0 0 0.02296063732 0 0.5711644238 0 0 0 0 0 0 0 0 0 0.1356108643 0.4245372046 0 0 0 0 0 0 0 0 0 0 0 0 0 0 0 0 0 0 0 0 0 0 0 0 0 0 0 
0 0 0 0 0 0 0 0 0 0 0 0 0 0 0 0 0 0 0 0 0 0 0 0 0 0 0 0 0 0 0 0 0 0 0 0 0 0 0 0 0 0 0 0 3.892810744 0 0 0 0 0 0 0 0 0 0 0 0 0 0 0 0 0 0.07076622841 0 0 0 0 0 0 0 0 0 0 0 0 0.2111762231 0 0 0 0 0 0 0 0 0 0 0 0 0 0 0 0 0 0 0 0 0 0 0 0 0 0 1.811933708 0 0 0 0 0 0 0 0 0 0 0 19.4742525 0 0 0 0 0 0 0 8.481608601 0 0 0 0 0 0 0 0 0.08397429307 4.259416065 0 0 0 0 0 0 0 0 0 0 0 0 0 0 0 0 0 0 0 0 0 0 0 0 0 0 0 0 0 0 0 0 0 0 0 0 0 0 0 0 0 0 0 0 0 0 0 0 0 0 0 0 0 0 0 0 0.2561709322 0 0 0 0 0 0 0 0 0 0 0 0 0 0 0 0 0 0 0 0 0 5.438084593 0 0 0 0 0 0 0 0 0 0 0 0 0 0 0 0 0 0 0 0 0 0 0 0 0 0 0 0.4080736465 0 0 0 0 0 0 0 0 0 0 0 0 0 0 0 0 
0 0 0 0 0 0 0 0 0 0 0 0 0 0 0 0 0 0 0 0 0 0 0.06570753377 0 0 0 0 0 0 0 0 0 0 0 0 0 0 0 0 0.232034222 0 0 0 0.2219194885 0 0.7894870254 0 0 0 1.189438262 0 0 0 0 0.3561945925 0 0 0 0 0 0 0 0 0 0 0 0 0 0 0 0 0 0 0 1.927233249 0 0 0 0 0 0 0.5445070376 0 0 0 0 0 0 0 0 1.102054331 0 0 0 0 0 0 0 0 1.959698207 0 0 0 0 1.284325882 0 0 0 0 0 0 0 0 0 0 0 0 0 0 0 0 0 0 0 0 0 0 0 0 0 0 0 0 0 0 0 0 0 1.404705123 0 0 0 0 0 0 0 0 0 0 0 0 0 0 0 0 0 0 0 0 0 0 0 0 0 0 0 0 0 0 0 0 0 0 0 0 0 0 0 0 0 0 0 0 0 0 0 0 1.179375096 0.1279712756 0 0 0 0 0 0 0 0.3302455927 1.302144315 0 0 0 0 0 0 0 0 0 0 0 0 0 0 0.02458877213 0 0 0 0 0 1.059475589 0 0 0 0 0 0 0 0 0 0 0 0 0.78433471 0 0 0 0 0 0 1.167357776 0 0 0 0 0 0 0 0 0 0 0 2.179209514 0 0 0 0 0 
0 0 0 0 0 0 0 0 0 0 0 0 0 0 0 0 0 0 0 0 0 0 0 0 0 0 0 0 0 0 0 0 0 0 0 0 0 0 0 0 0 0 0 0 0 0 0 0 0 0 0 1.656496684 0 0 0 0 0 0 0 0 0 0 0 0 0 0 0 0 0 0 0 0.5584687281 0 0 0 0 0 9.864373847 0 0.03658745643 0 0 0 2.620180308 0 0 0 0 0 0 0 0 0 0 0 0 0 0 0 0 0 0 0 0 0 0 0 0.06069008478 0 0 0 0 0 0 0 0 0 0 0 0 0 1.069135717 0 0 0 0 0 0 0 0 0 0 0 0 0 0 0 0 0 0 0 0 0 0 0 0 0 0 0 0 0 0.01146681394 0 0 0 0 1.215792001 0 0 0 0 0 0 0 0 0 0 1.069524966 0 0 0 0 0 0 0 1.549104374 0 0 0 0 0 0 0 0 0 0.03468071188 0 0 0 0 0 0 1.622665896 0 0 0 0 0 0 0 0 0 0 0 1.099093405 0 0 0 0 0 0 0 0 0 0 0 0 0 0 0 0 0 0 0 0 0 0 0 0 0 0.4843902149 0 0 0 0 0 0 0 0 0 0 0 0 0 0 0 0 0 0 0 0 0 0 0 0 0 
0 0 0 0 0 0 0 0 0 1.427396648 0 0 0.1259578346 0 0 0 0 0 0 0 0 0 0 0 0 0 0 0 0 0 0 0 0 0 0 0 3.23539861e-06 0 0 0 0 0 0 0 0 0 0 0 0 0 0 0 0 0 0 0 0 0 0 0 0 0 0 0 0 0 0 0 0 0 0 0 0 0 0 0 0 0.2083254171 0 0 0 0 0 0 0 0 0 0 2.041443722 0 0 0 0 0 0 0 0 0 0 0 0.3842153262 0 0 0 0 0 0 0 0 0 0 0 0 0 0 0 0 0 0 0 0 0 0 0 0 0 0 0 0 0 0 0 0 0 0 0 0 0 0 0 0 0 0 0 0 0 0 0 0 0 5.307153428 0 6.760067807 1.334084326 0 2.242884727 0 0 0 0 0 0 0 0 0 0 0 0 0 0 0 0 0 0 0 0 0 0 0 0 0 0 0 0 0 0 0.0996914829 0 0 0 0 0 0 0 0 0.2760932494 0 0 0.5908128379 0 0 0 0 0 0 0 0 0 0 0.08380536221 0 1.327479094 0 1.445451504 0 0 0 0 0 0 0 0 0 0 0.9587530985 0 0 0.2735641493 0 0 0 0 0 0 0 0 0 0 0 0 0 0 0 0 0 0 0 0 0 0 0 0 0 0 0 0 
0 0 0 0 0 0.01379307769 0 0 0 0 0 0.06994712713 0 0 0 0 0 0 0.3301840897 0 0 0 0 0 0 0 0 0 0 0 0 0 0 0 0 0 0 0 0 0 0 0 0 0 0 0 0 0 0 0 0.1694344367 0 0 0 0 0 0 0 0 0 0 0 0 0 0 0 0 0 0 0 0 0 0 0 0 4.185481135 0 0 0 0 0 0 0 0 0 0 0.4292129255 0 0 0 0 0 0 0 0 0 0 0 0 0 0 0 0 0 0 0 0 0 0 0 0 0 0 0 0 1.102751828 0 0 0 0 0.03502457987 0 0 0 0 0 0 0 0 0 0 0 0 0 0 0 0 0 0 0 0 0 0 0 0 0 0 0 0 0 0 0 0 0 0 0 0 0 0 0 0 0 0 0 0 0 0 0 0 0.1875729876 0 0 0 7.699342451 0 0 0 0 0 0 0 0 0 0 0 0 0 0 0 0 0 0 0 0 0 0 0 0 0 0 0 0 0 0 0 0 0 0 0 0 0 0 0 0 0 0 0 0 0 0 0 0 0 0 0 0 0 0 0.1469593854 0 0 0 0 0 0 0 0 0 0 0 0.008206089095 0 0 0 0 0 0 0 0 0 0 0 0 0 0 0 
0.2034858554 0 0 0 0 0 0 0 0 0 0 0 0 0 0 0 0 0 0 0 0 0 0 0 0 0 0 0 0 0 0 0 0 0 0 0 0 0 0 0 0 0 0 0.9623877756 0 0 0 0 0 0 0 0 0 0 0 0 0 0 0 0 0 0 0 0 0 0 0 0 0 0 0 1.784509729 0 0 0 0 0 0 0 0 0 0 0 0 0 0 0 0 0 0 0 0 0 0 0 0 0 0 0 0 0 0 0 3.921321213 0 0 0 0 0 0 0 0 0 0.6963986082 0 4.144262886 0 0 0 0 0 0 0 0 0 0 0 0 0.2677888679 0 0 0 0 0 0 0 0.1636929575 0 0 0 0 0 0 0 0 0 0 0 0 0 0 0 0 0 0 0 0 1.105070238 0 0 0 0 0 0 0 0 0 0 0 0 0 0 0 0 0 0 0 0 0 0 0.06970089367 0 0 0 0 0 0 0 0 0 0 0 0 0 0 0 0 0 0 0 0 0 0 0 0 0 0 0 0 0 0 0 0 0 0 0 0 0 0 0 0 0 0 0 0 0 0.04368606032 0 0 0 0 0 0 0 0 0 1.411815207 0 0 0 0 0 0 0 0 0 0 0 0 0 0 0 0 0 0 0 
0 0 0 0 0 0 0 0 0.1069068867 0 0 0 0 0 0.2150075708 0 0 0 0 0 0 0 0.03413403608 0 0 0 0 0 0 0 0 0 0 0 0 0 0 0 0 0 0 0 0 0 0.0758299502 0 0 0 0 0 0.9980295516 0 0.06429379587 0 0 0 0 0 0 0 0 0 0 0 0 0 0 0 0 0 0 0 0 0 0 0 0.3049334019 0 0 0 0 0 0 0 0 0 0 0 0 0 0 0 0 7.703675044 0 0 0 0 0 0 0 0 0 0 0 0 0 0 0 0 0 0 0 0 0 0 0 0 0 0 0 0 0 0 0 0 0 0 0 0 0 0 0 3.18749064 0 0 0 0 0 0 0 0 0.6228971991 0 0 0 0 0 0 0 0 0 0 0 0 0 0 0 0 0 0 0 0 4.492614172 0 0 0 0 0 0 0 0 0 0 0 0 0 0 0 0 0 0 0 0 0 0 0 0 0 0 0 0 0 0 0 0 0 0 0.2581606184 0 0 0 0 0 0 0 0.6198462002 0 0 0 0 0 0 0 0 0 0 0 0 0 0 0 0 0 0 0 0 0.2936579474 0 0 0 0 0 0 0 0 0 0 0 0.02569609253 0 0 0 0.5115263251 0 0 0 0 0 0 0 0.3054337215 0 0 0 0 
0 0 0 0 0 0 0 0 0 0 0 0 0 0 0 0 0 0 0 0 0 0 0 0.1563333642 0 0.255863481 0 0 0 0 0 0 0 0 0 0 0 0 0.0001294005922 0 0 0 0 0 0 0 0 0 0 0 0 0 0 0 0 0 0 0 0 0 0 0 0.04891748223 0 0 0 0 0 0 0 0 0 0 0 0 0 0 0 0 0 0 0 0 0 0 0 0 0 0 0 0 0 0 0 0 0 0 0 0 0 0 0 0 0 0 0 0 0 0 6.095385094 0 0 0 0 0 0 0 0 0 0 0 0 0 0 0 0 0 0 0 0 0 0 0 0 0 0 0 0 0 0 0 0 0 0 0 0 0 0 0 0 0 0 0 0 0 0 0 0 0 0 0 0 0 0 0 1.26708213 0 0 0 0 0 0 0 0 0 0 0 0 0 0 0 0 0 0 0 0 0 0 0 0 0 0 0 0 0 0 0 0 0 0 0 0 0 0 0 0 0 0 0 0 0 0 0 0 0 0 0 0 0 0 0 0 0 0 0 0.0007061550093 0 0 0 0 0 0.1795988746 0 0 0 0 0 0 0 0 0 0 0 0 0.08042017071 0 0 0 0 0 0 0 0 0 0 0 
0 0 0 0 0 0 0 0 0 0 0 0 0 0 0 0 0 0 0.1152271625 0 0 0 0 0 0 0 0 0 0 0 0 0 0 0 0 0 0 0 0 0 0.3786110819 0 0.2644888598 0 0 0 0 0 0 0 0 0 0 0 0 0 0 1.375596616 0 0 0 0 0 0 0 0 0 0 0 0 0 0 0 0 0 0 0.04355979596 0 0 0 0 0 0 0 0 0 0 0 0 0 0 0 5.931705375 1.918588363 0 0 0 0 0 0 0 0 0 0 0 0 0 0 0 0 0 0 0 0 0 0.6009264775 0 7.148461913 0 0 0 0 0 0 0 0 0 0 0 0 0 0 0 0 0 0.6418283234 0.006027994422 0 0 0 0 0 0 0 0 0 0 0 0 0 0 0 0 0 0 0 0 0 0 0 0 0 0 0 0 0 0 0 0 0 0 0 0 0 0 0 0 0 0 0 0 0.4716045142 0 0 0 0 0 0 0 0 0 0 0 0 0 0 0 0 0 0 0 0 0 0 0 0 0 0 0 0 0 0 2.885122325 0 0 0 0 0 0 0 0 0 0 0 0 0 0 0 1.180966126 0 0 0 0 0 0 0 0 0 0 0 0 0 0 0 0 0 0 0 0 0 0 0 0 0 0 0 
0 0 0 0 0 0 0 0.05473405105 0 0 0 0 0 0 0 0 0 0 0 0 0 0 0.3121298448 0 0 0.02089579866 0 0 0 0 0 0 0 0 0 0 0 0 0 0 0 0 0 0 0 0 0 0 0 0 0 0 0 0 0 0 0 0 0 0 0 0 0 0 0 0 0 0 0 0 0 0 0 0 0 0 0 0 0 0 0 0 0 0 0 0 0 0 0 0 0 0 0 0 0 0 0 0 0 0 0 0 0 0 0 0 0 0 0 0 0 0 0 0 0 0 0 0 0 0 0 0 0 0 5.738418559 0 0 0 0 0 0 0 0 0 0 0 0 9.614401657 0 0 0 0.1223790038 0 0 0 0 0 0 0 1.365973246 0 0 0 0 0 0 0 0 0 0 0 0 0 1.705621941 0 0 0 0 0 0 0 0 0 0 0 0 0 0 0 0 0 0 0 0.3679494301 0 0 0 0 0 0 0 0 0 0 0 0 0 0 0 0 0 0 0 0 0 0 0 0 0 0 0 0 0 0 0.1216085408 0 0 0 0 0 0 0 0 0 0 0 0 0 0 0 0 0 0 0.9846004595 0 0 0 0 0 0 0 0 0 0 0 0 0 0 0 0 0 0 0 0 0 0 
0 0 0 0 0 0 0 0 0 0 0 0 0 0 1.056958943 0 0 0 0 0 0 0 0 0 0 0 0.4237645815 0 0 0.06218523276 0 0 0 0 0 0 0 0 0 0 0 0 0 0 0 0 0 0 0 0 0 0 0 0 0 0 0 0 0 0 0 0.4011158502 0 0 0 0 0 0 0 0 0 0 0 1.433273725 0 0 0 0 0 0 1.063512391 0 0 0 1.419505645 0 0 0 0 0 0 0 0 0 0 0 0 0 0 0 0 0.8777832463 0 0 0 0 0 0 0.1436526886 0 0 0 0 0 0 0 0 0 0.2541004337 0 0 0 0 0 0 0 0 0 0 0 0 0 0 0.002493510399 0 0 0 0 0 0 0 0 0 0 0.5973679412 0 0 0 0 0 0 0 0 0 0 0 0 0 0 0 0 0 0 0 0 0 0 0 0 0 0 0 0 0 0 2.13446307 0 0 0 0 0 0 0 0 0 0 0 0 0 0 0 0 0 0 0 0 0 0 0 0 0 0 0 0 0 0 0 0 4.391963583 0 0 0 0 0 0 0 0.06836548619 0 0 0 0 0 0 0 0 0 0 0 0.03876899541 0 0 0 0 0 0 0 0 0 0 0 0 0 0 0 0 0 0 0 0 0 0 0 0 0 0 0 
0 0 0 0 0 0.0133207246 0 0 0 0 0 0 0 0 0 0 0 0 0 0 0 0 0 0 0 0 0.2866620857 0 0 0 0 0 0 0 0 0 0 0 0 0 0 0 0 0 0 0 0 0 0 0 0 0 0 0 0 0 0 0 0 0 0 0 0.4236900411 0.01606936405 0 0 0 0.2073886031 0 0 0 0 0 0 0 0 0 0 0 0 0 0 0 0 0 0 0 0 0.1400473305 0 0 0 0 0 0 0 0 0 0 0 0 0 0 4.988664505 0 0 0 0 0 0 0 1.065467065 0 0 0 0 0 0 0 0 0 0 0 0 0 0 0 0 0 0 0 0 0 0 0 0 0 0 0 0 1.69052445 0 0 0 0 0 0 0 0.4969194292 0 0 0 0 0 0 0 0 0 0 0 0 0 0 0 0 0 0 0 0 0 0 0 0 0 1.015553472 0 0 0 0 0 0 0 0 0 0.962288861 0 0 0 0 0 0 0 0 0 0 0 0 0 0 0 0 0 0 0 0 0.4815467388 0 0 0 0 0 0 0 0 0 0 0 0 0 0 0 0 0 0 0 0 0 0 0 0 0 0.3943654713 0 0 0 0 0 0 0 0 0 0 0 0 0 0 0 0 0 0 0 0 0 0 0 0 
0.3012935614 0 0 0 0 0 0 0 0.2972500244 0 0 0 0 0 0 0 0 0 0 0 0 0 0 0 0 0 0 0 0.2592713347 0 0 0 0 0 0 0 0 0 0 0 0 0 0 0 0 0 0 0 0 0 0.02438579907 0 0 0 0 0 0 0 0 1.731862461 0 0 0 0 0 0 0 0 0 0 0 0 0 0 0 0 0 0 0 0 0 0 0 0 0.03385591743 0 0 4.220113338 0 0 0 0 0 0 0 0 2.095445394 0 0 0 0 0 0 0 0 0 0 0 0 0 0 0 0 0 0 0 8.336422709 0 0 0 0 0 0 0.2225916251 9.161501248 0 0 0 0 0 0 0 0 0 0 0 0 0 0 0 0 0 0 0 0 0.4909120183 0 0 0 0 0 0 0 0 0 0 0 0 0 0 0 0 0 0 0 0.02114059808 0.1079720767 0 0 0 0 0 0 0 0 0 0.004564320654 0 0 0 0 0 0 0 0 0 0 0 0 0 0 0.4665688966 0 0 0 0 0 0 0 0 0 0 0 0 0 0 0.07271195921 0 0 0 0 0 0 0.2690809985 0 0 0 0 0 0 0 0 0 0 0 0 0 0 0 0 0 0 0 0 0 0 0 0 0 0 0 0 0 0 0 0 0 0 0 0 0.139720823 0 0 0 0 0 
0 0 0 0 0 0 0 0 0 0 0 0 0 0 0 0 0 0 0 0.167844416 0.2391374625 0 0 0 0 0 0 0 0 0 0 0 0 0 0 0 0 0 0 0 0 0 0 0 0.2812535604 0 0 0 0 0 0 0 0 0 0 0 0 0 0 0 0 0 0 0 0 0 0 0 7.880499173 0 0 0.01878251053 0 0 0 0 0 0 0 0.1100482362 0 0 0.6201200689 0 0 0 0 0 0 0 0 0 0 0 0 0 0 0 0.0001862340821 0 0 0 0 0 0 9.819014984 0 0 0 0 0 0 0 0 0 0 0 0 0 0 0 0 0 0 0 0 0 0 0 0 0 0 0 0 0 1.224767844 0 0 0 0 0 0 0 0 0 0 0 0 0 0.2554710157 0 0 0 0 0 0 0 0.415173236 0 0 0 0 0 0 0 0 0 0 0 0 0 0.1656014896 0 0 0 0 0 0 0 0 0 0 0 0 0 0 0 0 0 0 0 0 0 0 0 0 0 0 0 0 0 0 0 0 0.04474267524 0 0 0 0 0 0 0 0 0 0 0 0 0 0 0 0 0 0 0 0 0 0 0 0 0 0 0 0 0 0 0 0 0 0 0 0.2115372622 0 0 0 0 0 0 1.084615323 0 0 0 0 0 0 0.002089255608 0 
0 0 0 0 0 0 0 0 0.2200688515 0 0 0 0 0 0 0 0 0 0 0 0 0 0 0 0.8229945993 0 0 0 0 0 0.03258976328 0.3355952356 0 0 0 0 0 0 0.2544690737 0 0 0 0 0 0 0 0.00351098235 0 0 0 0 0 0 0 0 0 0 0 0 0 0 0 0 0 0 0 0 0 0 0 0 0 0 0 0 0 0 0 0 0 0 0 0 0 0 0 0 0 8.530142208 0 0 0 0 0 0 0 0 5.776273575 0 0 0 0 0 0 0 0 0 0 0 0 0 0 0 0 0 0 0 0 0 0 0 0 0 0 0 0 0 0 0 0 0 0 0 0 0 0 0 0 0.2561662711 0 0 0 0 0 0 0 1.557643297 0.001721360934 0 0 0 0 0 0 0 0 0 0.459166685 0 0 0 0 0 0 0 0 0 0 0 0 0 0 0 0 0 0 0 0 0 0 0 0 0 0 0 0 0 0 0 0 0 0 0 0 0 0 0 0 0 0.1126392404 0 0 0 0 0 0 0 0 0 0 0 0 0 0 0 0.1210221368 0 0 0 0 0 0 0 0 0 0 0 0 0 0 0 0 0 0 0 0 0 0 0 0 0 0 0 0 0 0 0 0 0 0 0 0 0.08634736114 0 0 0 
0 0 0 0 0 0 0 0.1125959092 0 0 0 0 0 0 0 0 0 0 0 0 0 0 1.244620884 0 0 0.2356102249 0 0 0 0 0 0.0937670423 0 0 0.3647566332 0 0 0 0 0 0 0.2534933293 0 0 0 0 0.1019164066 0 0 0 0 0 0 0 0 0 0 0 0 0 0 0 0 0 0.02358019295 0 0 0 0 0 0 0 0 0 0 0 0 0 0 0 0 0 0 0 0 0 0 0 0 0 0 0 0 0 0 0 0.04907712155 0 0 0 0 0 0 0 0 0 0 0 0 0 0 0 0 0 0 0 8.064358311 0 0 0.4982938039 0 0 0 0 0 0 0 0.10912557 0 0 0 0 0 0 0 0 0 0 0 0 0 0 0 0 0 0 0 0 1.759164053 0 0 0 0 0 0 1.525976729 0 0 0 0 0 0 0 0 0 0 0 0 0 1.431617863 0 0 0 0.09281937597 0 0 0 0 0 0 0 0 0 0 0 0 0 0 0 0 0 0 0 0 0 0 0 0 0 0 0 0 0 0 0 0 0 0 0 0 0 0 0 0 0 0 0 0 0 0 0 0 0 0 0 0 0 0 0 0 0 0 0 0 0 0.6747860617 0 0 0 0 0 0 0 0 0 0 0 0 0 0 0 0 0.01562940839 0 0 0 
0 0 0.1882941367 0 0 0 0 0 0 0 0 0 0 0 0 0 0 0.2980265247 0 0 0 0 0 0 0 0 0 0 0 0 0 0 0 0.4677858279 0 0 0 0 0 0 0 0 0 0 0 0 0 0 0 0 0 0 0 0 0 0 0 0 0 0 0 0 0 0 0 0 0 0 0 0 0 0 0 0 0 0 0 0 0 0 0 0 0 0 7.744813538 0.7231148697 0 0 0 0 0 0 0 0 0.3345367726 0 0 0 0 0 0 0.7847439604 0 0.5126981835 0 0 0 0 0 0 0 0 0.0147656891 0 0 0 0 0 0 0 0 0 0 0 0 0 0 0 0 0 0 0 0 0 0 0 0 0 0 0 0 0 0 0 0 0 0 0 0 0 0 0 0 0 0 0 0 0 0 0 0 0 0 0 0 0 0 0 0 0 0 0 0.540251288 0 0 0 0 0 0 0 0 0 0 0.1564559189 0 0 0 0 0 0 0 0 0 0 0 0 0 0 0 0 0 0 0 0 0 0 0 0 0.1737600237 0 0 0 0 0 0 0 0 0 0 0 0 0 0 0 0 0.08954302409 0 0 0 0 0 0 0 0 0 0 0 0 0 0 0 0 0 0 0 0 0 0 0 0 0 0 0 0.2449494419 0 0 
0 0 0 0 0 0 0 0 0 0 0 0 0 0 0 0 0 0 0 0 0 0 0 0 0 0 0 0 0.4585008468 0 0 0 0 0 0 1.603802182 0 0 0 0 0.9021057918 0 0 0 0 0 0 0 0 0 0 0 0 0 0 0 0 0 0 0 0 0 0 0 0 0 0 0 0 0 0 0 0 0 0 0 0 0 0 0 0 0 0 0 0 0 0 0 0 0 0 0 0 0 0 0 0 0 0 1.688525575 0 0 0 0 0 0 0 0 0 0.7296453159 0 0 0 0 0 0 0 0 0 0 0 0 0 0 1.880418896 0.001530226248 0 0 0 0 5.448669347 0 0 0 0 0 0 0 0 0 0 0 0 0 0 0 0 0 0 0 0 0 0 0 0 0 0 0 0 0 0 0 0 0 6.771808799 0 0 0 0 0 0 0 0 7.298977269 0 0.2830049162 0 0 0 0 0 0 0 0 0 0 0 0 0 0 0 0 0 0 0 0 0 0 0 0 0 0 0 0 0 0 0 0 0 0 0 0 0 0 0 0 0 0 0 0 0 0 0 0 0 0 0 0 0 0 0 0 0 0 0 0 0 0 0 0 0 0 0 0 0 0 0 0 0 0 0 0 0 0 0 0 
0 0 0 0 0 0 0 0 0.01158147775 0 0 0 0 0 0 0 0 0 0 0 0 0 0 0 0 0 0 0 0 0 0 0 0 0 0 0 0 0 0 0 0 0.02835039909 0 0.3074296795 0 0 0 0 0 0 0 0 0 0 0 0.2732909044 0 0 0 0 0 0 0 0 0 0 0 0 0 0 0 0 0 0 0 0 0 0 0 0 0 0 0 0 0 0 0 0 0 0 0 0 0 0 0 0 0 0.1238104663 0 0 0 0 0 0 0 0 0 0 0 0 0 0 0 0 0 0 0 0 0 0 0 0 0 0 0 0 0 0 0 0 0 0 0 0 0 0 0 0 0.07603033058 0.8591647345 0 0 0 0 0 0 0 0 0 0 0 0 0 0.01070338638 0 0 0 0 0 0.003771847134 0 0 0 0 0 0 0 0 0 1.764349983 0.430433341 0 0 0 0 0 0 0 0.04698860741 0 0 0 0 0 0 0 0 0 0 0 0 0 0.295006547 0 0 0 0 0 0 0 0 0 0 0 0 0 0 0 0 0.5076282897 0 0 0 0 0 0 0 0 0 0 0 0 0 0 0 0 0 0 0 0 0 0 0 0 0 0 0.3315509764 0 0 0 0 0 0 0 0 0 0 0.1889147537 0 0 0 0 0.1468873305 0 0 0 
0 0 0 0 0 0 0 0 0 0 0 0 0 0 0 0 0 0 0 0 0 0 0 0 0 0 0 0 0 0 0 0 0 0 0 0 0 0 0.03636955073 0 0 0 0 0 0 0 0 0 0 0 0 0 0 0 0 0 0 0 0 0 0 0 0 0 0 0 0 0 0 0 0 0 0 0 0 0 0 0 0 0 0.2155410362 0 0 0 0 0.02399084233 0 0 0 0 0 0 0 0 0 0 0 0 0 0 0 0 0 3.61162733 0 0 0 0 0 0 0 0 0 0 0 0 0 0 0 0 0 0 0 0 0 0 0 0 0 0 0 0 0 0 0 0 0 0 0 0.2502118197 0 0 0 0 0 0 0 0 0 0 0 0 0 0 0 0 0 0 0 0 0 0 0 0 0 0 0 0 0 0 0 0 0 0 0 0 0 0 0 0 0.0250602591 0 0 0 0 0 0 0 0 0 0 0 0 0 0.1105918009 0 0 0 0 0 0 0 0 0 0 0 0 0.01543230186 0 0 0 0 0 0 0 0 0.3801625984 0 0 0 0 0 0 1.352454565 0 0 0 0 0 0 0 0 0 0 0 0 0 0 0 0 0 0 0 0 0 0 0 0 0 0 0 0 0 0.03032838332 0 0 
0 0 0 0 0 0 0 0 0 0 0 0 0 0 0 0 0 0 0 0 0 0 0 0 0 0 0 0 0 0 0 0 0 0 0 0 0 0.2916033842 0 0 0 0.04615600598 0 0 0 0 0 0 0 0 0 0 0 0.0005485054523 0 0 0 0 0 0 0 0 0 0 0 0 0 0 0 0 0 0 0 0 0 0 0 0 0 0.07294884685 0 0 0 0 0 0 0 0 0 0 0 0 0 0 0 0 0 0 0 0.3182521383 0 0 0 0.1440807373 0 0 0 0 0 0 0 0 0 0 0 0 0 0 0 0 0 0 2.139838282 0 0 0 0 0 0 0 0 0 0 0 0 0 0 0 0 0 0 0 0 0 0 0 0 0 0 0 0 0 0 0 0 0 0 0 0 0 0 0 0 0 0 0 0 0.06710812312 0 0.06775446296 0 0 0 0 0 0 0 0 0 0.1322359948 0 0 0 0 0 0 0 0 0 0 0 0 0 0 0 0 0 0 0 0 0 0 0 0 0 0 0 0 0 0 0 0 0 0 0 0 0 0 0 0 0 0 0 0 0 0 0 0 0 0 0 0.9575383365 0 0 0 0 0 0 0 0 0 0 0 0 0 0 0 0 0 0 0 0 0 0 0 0 
0 0 0 0 0 0 0 0 0 0 0 0 0 0 0 0 0 0 0 0 0 0 0 0 0 0 0 0 0 0 0 0 0 0 0 0 0 0 0 0 0 0 0 0 0 0 0 0 0 0 0 0 0 0 0 0 0 0 0 0 0 0 0 0 0 0 0 0 0 0.2013820771 0 0.4845404812 0 0 0 0 0.4789649326 0 0 0 0 0 0 0 0 0 0 0 0 0 0 0 0 0 0 0 0 0 0 0 0 0.9448538338 0 0 0 0 0 0 0 0 0 0 0 0 0 0 0 0 0 0 0 0 0 0 0 0 0.8364060288 0 0 0 0 0 0 0 0 0 0 0 0 0 0 0 0 0 0 0 0 0 0 0 0 5.293943522 0 0 0 0 0 0 0 0 0 0 0 0 0 0 0 0 0 0 0 0 0 0 0 0 0 0 0 0 0 0 0 0 0 0 0 0.9497088031 0 0 0 0.2744189118 0 0 0.002317039213 0 0 0.1629487292 0 0 0 0 0.1698896904 0 0 0 0 0 0 0 0 0 0 0 0.1142957594 0 0 0 0 0 0 0 0 0 0 0 0 0 0 0 0 0 0 0 0 0 0 0 0 0 0 0 0 0 0 0 0 0 0 0 0.1823675884 0 0 0 0 0 
0 0 0 0 0 0 0 0 0 0 0 0 0 0 0 0 0 0 0 0 0.06932281728 0 0 0.4574193069 0 0 0 0 0 0 0 0.1619552511 0 0 0 0 0 0 0 0 0 0 0 0 0 0 0 0 0 0 0 0 0.08274776622 0 0 0 0 0 0 0 0 0 0 0 0 0 0 0 0 0 0 0 0 0 0 0 0 0 0 0 0 0 0 0 0 0 0 0 0 0 0 0 0 0 0 0 0 0 0 0 0 0 0 0 0 0 0 0 4.374554647 0 0 0 0 0 0 0 0 0 0 0 0 0.4494335927 0 0 0 0 0.7341035629 8.564609084 0 0 0 0 0 0 0 0 0 0 0 0 0 0 0 0 0 0 0 0 0 0 0 0 0 0 0 0 0 0 0 0 0 0 0.4928219831 0 0 0 0 0 0.08508590429 0 0 0 0 0 0 0 0 0 0 0 0 1.322466509 0 0 0 0 0 0 0 0 0 0 0 0 0 0 0 0 1.169413682 0 0 0 0 0 0 0 0 0 0 0 0 0 0 0 0 0 0 0 0 0 0 0 0 0 0 0 0 0 1.437778015 0 0 0 0 0 0 0 0 0 0 0 0 0 0 0 0 0 0 0 0 0 0 0 0 0 0 0 
0 0 0 0 0 0 0 0 0 0 0 0 0 0 0 0 0 0 0 0 0 0 0 0 0 0 0 0 0.009654639689 0 0.333102235 0 0 0 0 0 0 0 0 0 0 0 0 0 0 0 0 0 0.1234537567 0 0 0 0 0 0.3182004576 0 0 0 0 0 0 0 0 0 0 0 0.08390939307 0 0 0 0 0.2775826769 0 0.1735193469 0 0 0 0 0 0 0 0 0 0 0 0 0 0 0 0 0 0 1.170071471 0 0 0 0 0 0 0 0 0 0 0 0 0 0 0 0 0 0 0 0 0 0 0 0 0 0 0 0 0 0 0 0 0 0 0 0 0 0 0 0 0 0 0 0 0 0 0 0 0 0 0 0 1.078605815 0 0 0 1.12726895 0 0 0 0 0 0 0 0 0 0 0 0 0 0 0 0 0 0 0 0 0 0 0 0 0 0 0 0 0 0 0 0 0 0 0 0 0 0 0 0 0 0 0 0 0 0 0 0 0 0 0 0 0 0 0 0 0 0 0 0 0 0 0 0 0 0 0 0 0 0 0 0 0 0 0 0 0 0 0 0 0 0 0 0 0 0 0 0 0 0 0 0 0 0 0 0 0 0 0 0 0 0 0 0 0 0 
0 0 0 0 0 0 0 0 0 0 0 0 0 0 0 0 0.1539190448 0 0 0 0 0 0 0 0 0 0 0 0 0 0 0 0 0 0 0 0 0 0 0 0 0 0 0 0 0 0 0 0 0 0 0 0 0 0 0 0 0 0.5200399328 0 0 0 0 0 0 0 0.09934344976 0 0 0 0 0 0 0 0 0 0 0 1.252515254 0 0 0 0 0 0 0 0 0 0 0 0 0 0 0 0 0 0 0 0 0 0 0 0 0 0 2.403694828 0 0 0 0 0 0 0 0 0 0 0 0 0 1.03307153 0 0 0 0 0 0 0 0 0 0 0 0 0 0 0 0 0 0 0 0 0 0 0 0 0 0 0 0 0 0 0.1053966049 0 0.007495881776 0 0.5668701524 0 0 0 0 0 0 0 6.163693094 0 0 0 0 0 0 0 0 0 0 0 0 0 0 0 0 0 0.06429946519 0 0 0 0 0 0 0 0 0.09519524277 0 0 0 0 0 0 0 0 0 0 0.05726246755 0 0 0.02302804223 0 0 0 0 0 0 0 0 0 0 0 0 0 0.4826233991 0 0 0 0 0 0 0 0 0 0 0 0 1.085779486 0 0 0.3312690355 0 0 0 0 0 0 0 0 0 0 0 0 0 0 0 0 0 0 0 0.06724249066 0 0 
0 0 0 0 0.4635133179 0 0 0 0 0 0 0 0 0 0 0 0 0 0 0 0 0 0 0 0 0 0 0 0 0 0 0 0 0 0 0 0 0 0 0 0 0 0 0 0 0 0 0 0 0 0 0 0 0 0 0 0 0.4885480752 0 0 0 0 0 0 0 0 0 0 0 0 0 0 0 0 0 0 0.04004152516 0 0 0 0 0 0 0 0 0 0 0 0 0 0 0 0 0 0 0 0 0 0 0 0 0 0 0 0 0 0 0 0 0 0 0 0 0 0 0 0 0 0 0 0 0 0 0 0 0 0 0 1.548406342 0 0 0 0 0 0 0 0 0 0 0 0 0 0 0 0 0 0 0 0 0 0 0 0 0 0 0 0 0.6685713683 0 0 0 0 0 0 0 0 0 0 0 0 0 0 0 0 0 0.5070129068 0 0 0 0 0 0 0 0 0 0 0.002487010391 0 0 0 0 0 0.0263025239 0 0 0 0 0 0 0 0 0.03314622773 0 0 0 0 0 0 0.04422048768 0 0 0 0 0 0 0 0 0 0 0 0 0 0 0 0 0 0 0 0 0 0 0 0 0 0 0 0 0.02580601917 0 0 0 0 0 0 0 0 0.474589832 0 0 0 0 0 0 0 0 0 
0 0 0 0 0 0 0 0 0 0.02887582405 0 0 0 0 0 0 0 0 0.01033166913 0 0 0 0 0 0 0.1697771383 0 0.1823332363 0 0 0 0 0 0 0 0 0 0 0 0 0 0 0 0 0 0 0 0 0 0.7639059793 0 0 0 0 0 0 0 0 0 0 0 0 0 0 0 0 0 0 0 0 0 0 0 0 0 0 0 0 0 0 0 0 0 0 0 0 0 0 0 0 0 0 0 0 0 0 0 0 0 0 0 0 0 0 0 0 0 0 0 0 1.47943835 0 0 0 0 0 0 0 0 0.9169801526 0 0 0 0 0.1868370762 0 0 0 0 0 0 0 0 0 0 0 0 0 0 0 0 0 0 0 0 0 0 0 0 0 0 4.610812756 0 0 0 0 0 0 0 0 0 0 0 0 0 0 0 0 0 0 0 0 0 0 0 0 0.04804476556 0 0 0 0.03975465381 0 0 0 0 0 0 0 0 0 0 0 0 0 0 0 0 0 0 0 0 0 0 0 0 0 0 0 0 0 0 0 0 0 0 0 0 0 0 0 1.609621239 0 0 0 0 0 0 0 0 0 0 0 0 0 0 0 0 0 0 0 0 0 0 0 0 0 0 0 1.194168312 0 0 0 0 0 0 0 
0 0 0 0 0 0 0.0134833039 0 0 0 0 0 0 0.01924942209 0 0 0.09398675132 0 0 0 0.03718091967 0 0 0.04744598968 0 0 0 0 0 0 0 0 0 0 0 0 0 0 0 0 0 0 0 0 0 0.1498632634 0 0 0 0 0 0 0 0 0 0 0 0 0 0 0 0 0 0 0 0 0 0 0 0 0 0 0 0 0 0 0 0 0 0 0 0 0 0 0 0 0 0 0 0 0 0.07772498264 0 0 0 0 0 0.1214184784 0 0 0 0 0 0 0 0 0 0 0 0 0 0 0 0 0 0 0 0 0 0 0 0 0 0 0 0 0 0 0 0 0 0 0 0 0 0 0 0 0 3.932219223 0 0 0 0.2103238844 0 0 0 0 0 0 0 0 0 0.1232151024 0 0 0 0.9793919842 0 0 0 0 0 0 0 0 0 0 0 0 0 0 0 0 0 0 0 0 0 0 0 0 0 0 0 0 0 0 0 0 0 0 0 0 0 0 0 0 0 0 0 0 0.3011446542 0 0 0 0 0 0 0.3268955548 0 0 0 0 0 0 0 0 0 0 0 0 0 0 0 0 0 0 0.0831386829 0 0 0 0 0 0 0 0 0 0 0 0 0 0 0 0 0 0 0 0 0 0 0.04722308338 0 0 1.531013699 0 
0 0 0 0 0 0 0 0 0.001738174891 0 0 0 0 0 0 0 0 0 0 0 0 0 0.1299139183 0 0 0 0 0 0 0 0 0 0 0 0 0 0 0 0 0 0 0 0 0 0 0 0 0 0 0 0 0 0 0 0 0.02668279876 0 0 0 0 0 0 0 0 0 0 0 0 0 0 0 0 0 0 0 0 0 0 0 0 0 0 0 0 0 0 0 0 0 0 0 0 0 0 0 0.2743970189 0 0 0 0 0 0 0 0 0 0 0 0 0 0 0 0 0 0.1522120697 0 0 0 0 0 0 0 0 0 0 0 0 0 0 0 0 0 0 0 0 0 0 0 0.007214769116 0 0 0 0 0.4016644079 0 0 0 0 0 0 0 0 0.07013717766 0 0 0 0 0 0 0 0 0 0 0 0 0 0 0 0 0 0 0 0 0 0 0 0 0 0 0 0 0 0 0 0 0 0 0 0 0 0 0 0.01153163044 0 0 0 0 0 0 0 0 0 0 0 0 0 0 0 0 0 0 0 0 0 0 0 0 0 0 0 0 0 0 0 0 0 0.1360147411 0 0 0 0 0 0 0 0 0 0 0.3002571382 0 0.001030264351 1.536495005 0 0 0 0 0 0 0 0 0 0 0 0 0 0 0 0 
0 0 0 0 0 0 0 0 0 0 0 0.4117009128 0 0 0 0 0.0734715776 0 0 0 0 0 0 0 0 0 0 0 0 0 0 0 0 0 0 0 0 0 0 0 0 0 0 0 0 0 0 0 0 0 0 0 0 0 0 0 0.005196795595 0 0 0 0 0 0 0 0 0 0 0 0 0.001683328291 0 0 0 0 0 0 0 0 0 0 0 0 0 0 0 0 0 0 0 0 0 0 0 0 0.2314080774 0 0 0 0 0 0 0 0 0 0 0.9656117456 0 0 0 0 0 0 0 0 0 0 0 1.62696391 0 0 0.04000461615 0 0 0 0 0 0 0 0 0 0 0 0 0 0 0 0 0 0 0 0 0 0 0 0 0 0 0 0.3617055437 0 0 0 0 0 0 0 0 0 0 0 0 0 0 0 0 0 0 0 0 0 0 0 0 0 0 0 0 0 0 0 0 0 0 0.1000254171 0 0 0 0 0 0 0 0 0 0 0 0 0 0 1.277864259 0 0 0 0 0 0 0 0 0 0 0 0 0 0 0 0 0 0 0 0 0 0 0 0.8086404654 0 0 0 0.2889005498 0 0.2637144246 0 0 0 0 0 0 0 0 0 0 0.6034781587 0 0 0.09596068511 0 0 0 0 0 0 0 0 0 0 0 0 0 
0 0 0 0 0 0 0 0 0 0 0 0 0 0 0 0 0 0 0 0 0 0.0008233495241 0 0 0 0 0 0 0 0 0 0 0 0 0 0 0.8050155325 0 0 0 0 0 0 0 0.4432465246 0 0 0 0 0 0 0 0 0 0 0 0 0 0 1.602168619 0 0 0 0.03594913728 0 0 0 0 0 0 0 0 0 0 0 0 0 0 0 0 0 0 0.1371310377 0 0 0 0 0 0 0 0 0 0 0 0 0 0 0 0 0 0 0 0 0 0 0 0 0 0 0 0 0 0 0 0 0 0 0 0 0 0 0 0 0 0 0 0 0 0 0 0 0.3402141611 0 0 0 0 0 0 0 0 0 0 0 0 0 0 0 0.01912105024 0 0 0 0 0 0 0 0 0 0 0 0 0 0 0 0 0 0 0 0 0 0 0 0 0 0 0 0 0 0 0.2593835753 0 0 0 0 0 0.3890117672 0 0 0 0 0 0 0.8170164065 0 0 0 0 0 0 0 0.002072694677 0 0 0 0 0 0 0 0 0 0 0 0 0 0 0 0 0 0 0 0.3244755182 0 0 0 0 0 0 0.008025381679 0 0.2822037969 0 0 0 0 0 0 0 0 0 0 0 0 0 0 0 0 0 0 0 0 0 0 0 0 0 0 0 
0 0 0 0.01204127733 0 0 0 0 0 0 0 0 0 0 0 0 0 0 0 0 0 0 0 0 0 0 0 0 0 0 0 0.002056276502 0 0.2070847149 0.4681208981 0 0 0 0 0.4604838875 0 0 0 0 0.009559910688 0 0 0 0 1.602856565 0 0 0 0 0 0.2475932951 0 0 0 0 0 0 0 0 0 0 0 0 0 0 0 0 0 0 0 0 0 0 0 0 0 0 0 0 0 0 0 0 0 0 0 0 0 0 0 0 0 0 0 0 0 0 0 0 0 0.5352864362 0 0 0 0 0 0 0 0 0 0 0 0 0 0 0 0 0 0.04484500597 0 0 0 0 0 0 0 0.5042744296 0 0 0 0 0 0 0 0 0 0.2030899304 0 0 0 0 0 0 0 0 0 0 0 0 0 0 0 0 0 0 0 0 0 0 0 0 0 0 0 0 0 0 1.041444775 0 0 0 0 0 0 0 0 0 0 0 0 0 0 0 0 0 0 0 0 0 0 0 0 0 0 0 0 0 0 0 0 0 0 0 0 0 0 0 0 0 0 0 0 0 0 1.163958504 0 0 0 0 0 0 0 0 0 0 0 0 0 0 0 0 0 0 0 0.2317795282 0 0 0 0 0.06325602927 0 0 0 0 0 0 0 0 0 0 0 
0 0.02433128103 0 0 0 0 0 0 0 0 0 0 0 0 0 0 0 0 0 0.001316168731 0 0 0 0 0 0 1.07417462 0 0 0 0 0 0 0 0 0 0 0 0 0 1.105199551 0 0 0 0 0 0 0 0 0 0 0 0 0 0 0 0 0 0 0 0 0 0 0 0 0.1226681962 0 0 0 0 0 0 0.7436583512 0 0 0 0 0 0 0 0 0 0 0 0 0 0 0 0 0 0 0 0 0 0 0 0 0 0 0 0 0 0 0 0 0 0 0 0 0 0 0 0 0.1646548595 0.2210001335 0 0 0 0 0 0 0 0 0 0 0 0 0 0 0 0 0 0 0 0 0 0 0 0 0.2424516735 0 0 0 0 0 0 0 0 0 0 0 0 0 0 0 0 0 0 0 0 0 0 0 0.8653772637 0 0 0 0 0 0.2530960929 0 0 0 0 0 0 0 0 0 0 0 0 0 0 0 0 0 0 0 0 0 0 0 0 0 0.06091959023 0 0 0 0 0 0 0 0 0 0 0 0 0 0 0 0.7279308925 0.09905020424 0 0 0 0 0 0 0 0 0 0 0 0 0 0 0 0 0 0 0.3103736728 0 0 0 0 0 0 0 0 0 0 0 0 0 0 0 0.04801483381 0 0 0 0 0 0 0 0 
0 0 0 0 0 0 0 0 0 0 0 0 0.153248796 0 0 0 0 0 0 0 0 0 0 0 0 0 0 0 0 0 0 0 0 0 0 0 0 0 0 0 0 0 0 0 0.02091582229 0 0 0 0 0 0 0 0 0 0 0 0 0 0 0 0 0 0 0 0 0 0 0 0 0 0 0 0.05360796937 0 0 0.3163806 0 0 0.00664764211 0 0 0 0 0 0 0 0 0 0 0 0 0 0 0 0 0 0 0 0 0 0 0 0 0 0 0 0 0.1712324094 0 0 0 0 0 0 0 0 0 0 0 0 0 0 0 0 0 0 0 0 0 0 0 0 0 0 0 0 0 0 0 0 0 0 0 0 0 0 0 0 0 0 0 0 0 0 0 0 0 0 0.09030111979 0 0 0 0 0 0 0 0.2726253651 0 0 0 0 0 0 0 0 0 0.3203387561 0 0 0 0 0 0 0 0 0 0 0 0 0 0.4462198989 0 0 0 0 0 0 0 0 0 0 0 0 0 0 0 0 0 0 0 0 0 0 0 0 1.089065243 0 0 0 0 0 0 0 0 0 0 0 0 0 0 0 0 0 0 0 0 0 0 0 0 0 0 0 0 0 0 0 0 0 0 0 0 0 0 0 0 
0 0 0.01211867708 0 0 0.0002385161734 0 0 0 0 0 0 0 0 0 0 0 0 0 0 0 0.952003266 0 0 0 0 0 0 0 0 0 0 0 0 0 0 0 0 0 0 0 0 0 0 0 0 0 0.00043945589 0 0 0.1489039129 0 0 0 0 0 0 0 0 0 0 0 0 0 0 0 0 0 0 0 0 0 0 0 0 0 0 0 0 0 0 0 0 0 0 0 0 0 0 0 0 0 0 0 0.2293554236 0 0 0 0 0 0 0 0 0 0.1280975422 0 0 0 0 0 0 0 0 0 0 0 0 0 0.3550342964 0 0 0 0 0 0 0 0 0 0 0 0 0 0 0 0 0 0 0 0 0.06087137679 0 0 0 0 0 4.946505913 0 0 0 0 0 0 0 0 0 0 0 0 0 0 0 0 0 0 0 0 0 0 1.131587717 0 0.4172833904 0 0.5303913021 0 0 0 0 0 0 0 0 0 0.1443914324 0 0 0 0 0 0 0 0 0 0 0 0 0 0 0 0 0 0 0 0 0 0 0.2633140272 0 0 0 0 0 0 0 0 0 0 0 0 0 0 0 0 0 0 0 0 0 0 0.02689080248 0 0 0.192631773 0 0 0 0 0 0 0 0 0 0 0.08210684367 0 0 0 0 0 0 0 0 0 0 0 0 0 
0 0 0 0 0 0 0 0 0 0 0 0 0 0 0 0.3371742338 0 0 0 0 0 0 0 0 0 0 0 0 0 0 0 0 0 0 0 0 0 0 0 0 0 0 0 0 0 0 0 0 0 0 0 0 0 0 0 0 0 0 0 0 0 0 0 0 0 0 0 0 0 0 0 0 0 0 0 0 0 0 0 0 0 0 0 0 0 0 0 0 0 0 0 0 0.4023899846 0 0 0 0 0 0 0 0 0 0 0.4397120094 0 0 0 0 0 0 0 0 0 0 0 0 0 0 0 0 0 0 0 0 0 0 0 0 0 0 0 0 0 0 0 0 1.637265255 0.4001061617 0 0 0 0 0 0 0 0 0 0 0 0 1.498826896 0 0 0 0 0 0 0 0 0 0 0 0 0 0 0 0 0 0 0 0 0 0.006659900042 0 0 0 0 0 0 0 0 0 0 0 0 0 0 0 0 0 0 0 0 0 0.01399373577 0 0 0 0 0 0 0 0 0 0 0 0 0 0 0 0 0 0 0.04285737778 0 0 0 0 0 0 0 0 0 0 0 0 0 0 0 0 0 0 0 0 0 0 0 0 0.005798939059 0 0 0 0 0 0 0 0 0 0.003237093771 0 0 0 0 0 0 0 
0 0 0 0 0 0 0 0 0 0 0 0 0 0 0 0 0 0 0 0 0 0 0 0 0 0 0 0 0 0 0 0 0 0 0 0 0.9629428615 0 0.9746742826 0 0 0 0 0 0 0 0 0 0 0 0.3940426309 0 0 0 0.0357973875 0 0 0 0 0 0 0 0 0 0 0 0 0 0 0 0 0 0 0.3040693424 0 0 0 0 0 0 0 0 0 0.3674723612 0 0 0 0 1.511523285 0 0 0 0 0.1376296947 0 0 0 0 0.4212747725 0 0 0 0 0 0 0 0 0 0 0 0 0 0 0 0 0 0 0 0 0 0 0 0 0 0 0 0 0 0 0 0 0 0.03914855255 0 0.7197064219 0 0 0 0 0 0.2293235419 0 0 0 0 0 0 0 0 0 0 0 0 0.3715771057 0 0 0 0 0 0 0 0 0 0 0 0 0 0 0 0 0 0 0 0 0 0 0 0 0 0 0 0 0 0 0 0 0 0 0 0 0 0.6154438195 0.1590705215 0 0 0 0 0 0 0 0 0 0 0 0 0 0 0 0 0 0 0 0 0 0 0 0 0 0 0 0 0 0 0 0 0 0 0 0 0 0 0 0 0 0 0 0 0 0 0 0 0 0 0.1443875356 0 0 0 0 0 0 0 0 0 0 0 0.002516166477 
0 0.002704545516 0 0 0 0 0 0 0 0 0 0 0 0 0 0 0 0 0 0 0 0 0 0 0 0 0.00219528776 0 0 0 0 0 0 0 0.03858286023 0 0 0 0 0 0 0 0 0 0 0 0 0 0 0 0 0 0 0 0 0 0 0 0 0 0 0 0 0 0 0 0 0 0 0 0 0 0 0 0 0 0 0 0 0 0 0 0 0 0 0 0 0 0 0 0 0.3714280327 0 0 0 0 0 0 0 0 0 0 0 0 0 0 0 0 0 0 0 0 0 0 0 0 0 0 0 0 1.327968015 0 0 0 0.2912589527 0 0 0 0 0 0 0 0 0 0 0 0 0 0 0 0 0 0 0 0 0 0 0 0 0 0 0 1.15535402 0 0 0 0 0 0 0 0 0 0 0.2820658965 0 0 0.001236092571 0 0 0 0 0 0 0.06657297424 0 0 0 0 0.344922201 0 0 0 0 0 0 0 0.07502861084 0 0 0 0 0.110847505 0 0 0 0 0 0.1158247296 0 0 0 0 0 0 0 0 0 0 0 0 0 0 0 0 0 0 0 0 0 0 0 0 0 0 0 0.3211384735 0 0 0 0 0 0 0.938041185 0 0 0 0 0.01874795684 0 0 0 0 0 0 0 0 0 0 0 0 0.4685979807 0 0 0 0 0 
0 0 0 0 0 0 0.1434288201 0 0.07622498186 0 0 0 0 0 0 0 0.001047726709 0.01865181284 0 0 0 0 0 0 0 0 0 0 0 0 0 0 0 0 0 0 0 0 0 0 0 0 0 0 0 0 0 0 0 0 0 0 0.6524412944 0 0 0 0 0 0 0 0 0 0 0 0 0 0 0 0 0 0 0 0 0 0 0 0.08677927572 0 0 0 0 0 0 0 0 0 0 3.487747832 0 0 0 0 0 0 0 0 0 0 0 0 0 0 0 0 0 0 0 0 0 0 0 0 0 0 0 0 0.1112144227 0 0 0.4447373793 0 0 0 0 0 0 0 0 0 0 0 0 0 0.00147356529 0.4516484136 0 0 0 0 0 0 0 0 0 0 0 0 0 0 0 0 0 0 0 0 0 0 0 0 0 0 0 0 0 0 0 0 0 0.7126239468 0 0 0 0 0 0 0 0 0 0 0 0 0 0 0 0 0 0 0 0 0 0 0 0 0 0 0 0 0 0 0 0 0 0 0 0 0 0 0 0 0 0 0 0 0 0 0.1046008656 0 0 0 0 0 0 0 0 0 0 0 0 0 0 0 0 0 0 0 0 0 0 0 0 0 0 0 0 0 0 0 0 0 0 0 0 0.06128104033 0 0 0 
0.07445930397 0 0 0 0 0 0 0 0 0 0 0 0 0 0 0 0 0 0 0 0 0 0 0 0 0 0 0 0 0 0 0 0 0 0 0 0 0 0 0 0 0 4.779525925e-06 0 0 0 0 0 0 0 0 0 0 0 0 0 0 0 0 0 0 0 0 0 0 0 0 0 0 0 0 0 0 0 0 0 0 0 0 0 0 0 0 0 0.1601401552 0 0 0 0 0 0 0 0 0 0 0 0 0 0 0 0 0 0 0 0 0 0 0 0 0 0 0 0 0 0 0 0 0.2422575589 0 0 0.3806738776 0 1.40252936 0 0 0 0 0 0 0 0 0 0 0 0 0 0 0 0 0 0.04930521611 0 0 0 0 0 0 0.7982612691 0 0 0 0 0.01414473835 1.328493648 0 0 0 0 0 0 0 0 0 0 0 0 0 0 0 0 0 0 0.004893911506 0.1126331886 0.1497479043 0 0 0 0 0 0 0 0 0.183952706 0 0.1629135563 0 0 0 0 0 0 0 0 0 0 0 0 0 1.581261691 0 0 0 0 0 0.1964810528 0.1575471694 0 0 0 0 0.02005395043 0 0 0 0 0 0 0 0 0 0 0 0.3118026974 0 0 0 0 0 0 0 0 0 0 0 0 0 0 0.3635746538 0 0 0 0 0 0 0 0 0 0 0 0 0 0 0 0 0 
0 0 0 0 0 0 0 0 0 0 0 0 0 0.05212625589 0 0 0 0 0 0 0 0 0 0 0 0 0 0 0 0 0 0 0 0 0 0 0.0003110136811 0 0.3437299508 0.1847859682 0 0 0 0 0 0 0 0 0 0 0 0 0 0 0 0 0 0 0 0 0.4381791271 0.2302812766 0 0.07470274982 0 0 0 0 0 0 0 0 0 0 0 0 0 0 0 0.7411832 0.09320205104 0 0 0 0 0 0 0 0 0 0 0 0 0 0 0 0 0 0 0.1402802622 0 0 0 0 0 0 0.2495274349 0 0 0 0 0 0 0 0.2798811051 0 0 0 0 0 0 0 0 0 0 0 0 0 0 0 0 0 0 0 0 0 0 0 0.4862707829 0 0 0 0 0 0 0 0 0 0 0 0 0 0 0 0 0 0.2172110274 0 0 0 0.9014694204 0 0 0 0.9255431534 0 0 0 0 0 0 0 0 0 0 0 0 0 0 0 0 0 0.1550089113 0 0 0 0 0 0 0 0 0 0 0 0 0 0 0 0 0 0 0 0 0 0 0 0 0 0 0 0 0 0 0 0 0 0 0 0 0 0 0 0 0 0 0 0 0 0 0 0 0 0 0 0 0 0 0 0 0 0 0 0 0 0 0.1119818331 0 0 0 0 0 0 0 0 0 0 
0 0 0 0 0 0 0 0 0 0.0007386562161 0.01527480696 0 0 0 0.01136874919 0 0 0 0 0.003034817894 0 0 0 0 0 0 0 0 0 0 0 0 0 0 0 0 0 0 0 0 0 0 0 0 0 0 0 0 0 0 0 0 0 0 0.008007639747 0 0 0 0 0 0 0 0 0 0 0 0 0 0 0 0 0 0 0 0 0 0 0 0 0 0 0 0 0 0 0 0 0 0 0 0 0 0 0 0 0 0 0 0 0 0 0 0.1114304754 0 0 0 0 0 0 0 0 0 0 0 0 0 0 0 0.002739075686 0.9031925606 0 0 0 0 0 0 0 0 0 0 0.1017562701 0 0 0 0 0 0.6281076689 0 0 0 0.03837625523 0 0 0 0 0 0 0 0 0 0 0 0 0 0 0 0 0 0.9101656977 0 0 0 0 0 0 0 0 0 0 0 0 0 0 0 0 0 0 0 0 0 0 0 0 0 0 0 0 0 0 0 0 0 0 0 0 0 0 0 0 0 0 0 0 0 0 0 0 0 0 0 0 0 0 0 0 0 0 0 0 0 0 0 0 0 0 0 0 0 0 0 0 0 0.02190558276 0 0.1060755658 0 0 0 0 0 0 0 0 0 0 0 0 0 0 0 0 0 0 0 0 0.1980358386 
0 0 0 0 0 0 0 0.0201744795 0 0.3886483852 0 0 0 0 0 0 0 0 0 0 0 0 0 0 0 0 0 0 0 0 0 0 0 0 0 0 0 0 0 0 0.001184574123 0 0.02539157774 0 0 0 0 0 0 0 0 0 0 0 0 0 0 0 0 0 0 0 0 0 0 0 0 0 0 0 0 0 0 0 0 0 0 0 0 0 0 0 0 0 0 0 0.2802403257 0 0 0 0.1159555792 0 0 0 0 0.1101280805 0 0 0 0 0 0 0 0 0 0 0 0 0 0 0 0 0 2.325430163 0 0 0 0 0 0 0 0 0 0 0 0.2657948632 0 0 0 0 0 0 0 0 0 0 0 0 0 0 0 0 0 0 0 0 0 0 0 0 0 0 0 0 0 0 0 0 0 0 0.1976765108 0 0 0 0 0 0 0 0 0 0 0 0 0 0 0 0 0 0 0 0.1438203147 0 0 0.0760142018 0 0 0 0 0 0 0 0 0 0 0 0 0 0 0 0 0 0 0 0 0 0.004996555104 0 0.02457448081 0 0 0 0 0.08864088555 0 0 0 0 0 0 0 0 0 0 0 0 0 0.0667231736 0 0 0 0.002034307384 0.0185969651 0 0 0 0 0 0 0 0 0 0 0 0 0 0 0 0 0.03735262789 0 0 0 0 0 0 0 
0 0 0 0 0 0 0 0 0 0 0 0 0 0 0 0 0 0 0 0.04251137315 0 0 0 0 0 0 0 0 0.0382739253 0 0 0 0 0 0 0 0.5055227908 0 0 0 0.3412987647 0 0 0 0 0 0 0 0 0 0 0 0.2308862956 0 0 0.04034444046 0 0 0 0 0 0 0 0 0 0 0 0 0 0 0 0 0 0 0 0 0 0 0 0 0 0 0 0 0 0 0 0 0 0 0 0 0 0 0 0 0 0 0 0 0 0.3543294358 0 0 0 0.077120267 0 0 0 0 0 0 0 0 0 0 0 0 0 0 1.510552182 0 0 0 0 0 0.1060637304 0 0 0 0 0 0 0 0 0 0 0 0 0 0 0 0 0 0 0 0 0 0.04408956746 0 0 0 0 0 0 0 0 0 0 0 0 0 0 0 0 0 0 0 0 0 0 0 0 0.006738009067 0 0 0 0 0 0.1983453727 0 0 0 0 0.446471742 0.3862766798 0.1028461938 2.645141833e-06 0 0 0 0 0 0 0 0 0 0 0.328287072 0 0 0 0 0 0 0 0 0 0 0 0 0 0 0 0 0 0 0 0 0 0 0 0 0 0 0 0 0 0 0 0 0 0 0 0 0.001917216045 0 0 0 0 0 0.2839914914 0 0 0 0 0 0 0 0 0 0.3256172643 0 1.490205072 0 0 
0 0 0 0 0 0 0 0 0 0 0 0 0 0 0 0 0 0 0 0 0 0 0 0 0 0 0 0 0 0 0 0 0 0 0 0 0 0 0 0 0 0 0 0 0 0 0 0 0 0 0 0 0 0 0 0 0 0 0 0 0 0 0 0 0 0 0 0 0 0 0 0 0 0 0 0 0.07383663896 0 0 0 0 0 0 0 0 0 0 0 0 0 0 0 1.477662047 0 0 0 0 0 0 0 0 0 1.256491232e-05 0 1.567214498 0 0 0 0 0 0 0 0 0 0 0 0.3611760983 0 0 0 0 0 0 0 0 0 0 0 0.004052613547 0.3034331284 0 0 0 0 0 0 0 0 0 0 0 0 0 0 0 0 0 0 0 0 0 0 0 0 0 0 0 0 0 0 0 0 0 0 0 0 0 0 0 0 0 0 0 0 0 0 0 0.08879727659 0 0 0 0.01142448808 0 0 0 0 0 0 0 0 0 0 0 0 0 0 0 0 0 0 0 0 0 0 0 0 0 0 0 0.02921255863 0 0 0 0 0.1241301871 0 0 0 0 0 0 0.06431350191 0 0 0 0 0 0 0 0 0 0 0 0 0 0 0 0 0 0 0 0 0 0 0 0 0 0 0 0 0 0 0 0 0.03341959369 0 
0 0 0 0 0 0 0.2078817473 0 0 0 0 0 0 0 0 0.01797427029 0 0 0 0 0 0 0 0 0.02493581691 0.01785889344 0 0 0 0 0 0 0.1072435772 0 0 0 0 0 0 0 0 0 0 0 0 0 0 0 0 0 0 0 0 0 0 0 0 0 0 0 0 1.207517823 0 0 0 0 0 0 0 0 0 0 0.1183648606 0 0 0 0 0 0 0 0 0 0 0 0 0 0 0 0 0 0 0 0 0 0 0 0 0 0 0 0.03422416976 0 0 0 0 0 0 0 0 0 0 0 0.7047635214 0 0 0 0 0 0 0 0 0 0 0 0 0.1216672058 0.02475089831 0 0 0 0 0 0 0 0 0 0 0 0 0 0.4272891067 0 0 0.5378769138 0 0 0 0 0 0 0 0 0 0 0 0 0 0 0 0 0 0 0 0 0 0 0 0 0 0 0 0 0 0 0 0 0.0368604696 0 0 0 0 0 0 0 0 0 0 0 0 0 0 0 0 0 0 0 0 0 0 0 0 0 0 0 0.002560466527 0 0 0.2586633176 0 0 0 0 0 0 0.1922505099 0 0 0.07312298292 0 0 0 0 0 0 0 1.000357687 0 0 0 0 0 0 0.209450074 0 0 0 0 0 0 0 0 0 0 0 0 0.09524234486 0 0 0 0 0 0 0 0 0 0 
0 0 0 0 0 0 0 0 0 0 0 0 0 0 0 0 0 0 0 0 0 0 0 0 0 0 0 0 0 0 0 0 0 0.9375818512 0 0 0 0 0 0.1601500681 0 0 0 0 0 0 0 0 0 0 0 0 0 0 0 0.4872682458 0 0 0 0 0 0 0 0 0 0 0 0 0 0 0 0 0 0 0 0 0 0 0 0 0 0 0 0 0 0 0 0 0 0 0 0 0 0 0 0 0 0 0 0 0 0 0 0.218217788 0 0 0 0 0 0 0 0 0.0680399081 0 0 0 0 0 0 0.4154795357 0 0 0 0 0.1845377243 0 0 0 0 0 0 0 0 0 0 0 0 0 0 0 0 0 0 0 0 0 0 0.1500471592 0.2585658812 0 0 0 0 0 0 0 0 1.817119822 0.03967364441 0 0 0 0 0 0 0 0 0 0 0 0 0 0 0 0 0 0 0 0 0 0 0 0 0 0 0.09462897263 0 0 0.01398095945 0 0 0 0.3415145932 0 1.326974429 0 0 0 0 0 0 0 0 0 0 0 0 0 0 0 0 0 0 0 0 0 0 0 0 0 0 0 0 0 0 0 0 0 0 0 0 0 0 0 0 0 0 0 0 0 0 0 0 0 0 0 0 0 0.1081684461 0 0 0 0 0 0 0 
0 0 0 0 0 0 0 0 0 0 0 0 0.004412340679 0 0 0 0 0 0 0.0007703987338 0 0.1319088038 0 0 0 0 0 0 0 0 0 0 0 0 0 0 0 0 0 0 0 0 0 0 0 0 0.02421842945 0 0 0 0 0 0 0 0 0 0 0 0 0 0 0 0 0 0 0 0 0 0 0 0 0 0 0 0 0 0.009768879972 0 0.1205288272 0 0 0 0 0 0 0 0 0 0 0 0 0 0 0 0 0.05422052411 0 0 0 0.8331747674 0 0 0 0 0 0 0 0 0 0 0 0 0 0 0 0.03938469416 0 0 0 0 0.407239806 0 0 0 0 0 0 0 0 0 0 0 0 0 0 0 0 0 0 0 0 0 0 0 0 0 0 0 0 0 0 0 0 0 0 0 0 0 0 0 0 0 0 0 0 0 0 0 0 0.06173178791 0 0 0.125274439 0 0 0 0 0 0 0 0 0 0 0 0 0 0 0 0 0 0 0 0 0 0 0 0 0 0 0 0 0 0 0 0 0 0 0 0 0 0 0 0 0 0.1431337391 0.1897185901 0 0.4077806866 0 0 0 0 0 0 0 0 0.2665353672 0 0 0 0 0 0 0 0 0 0 0 0 0 0 0 0 0 0 0 0 0 0 0.07348889159 0 0 0 0 0.3221354337 0 
0 0 0 0 0 0 0 0 0 0 0 0 0 0 0 0 0 0 0 0 0 0.0951421062 0 0 0 0 0 0 0 0 0 0 0 0 0 0 0 0 0 0 0 0 0 0 0 0 0 0 0 0 0 0 0 0 0 1.162866427 0 0 0 0 0 0 0.4306801019 0 0 0 0 0 0 0 0 0 0 0 0 0 0 0 0 0 0 0 0 0 0 0 0 0 0 0 0 0 0 0 0 0 0 0 0 0 0 0 0 0 0 0 0 0 0 0 0 0 0 0 0 0.8895330213 0 0 0 0 0 0 0 0 0 0.03598695622 0 0 0 0 0 0 0 0 0.1460008241 0 0 0 0.04526625073 0 0 0 0 0 0 0 0 0 0 0 0 0 0 0 0 0 0 0 0 0 0 0 0 0 0 0 0 0 0 0 0 0 0.02004291473 0 0 0 0 0 0 0 0 0 0 0 0 0 0 0 0 0 0 0 0 0 0 0 0 0 0 0 0 0 0 0 0 0.2041707891 0 0 0 0 0 0 0 0 0 0 0 0 0 0 0.03717011687 0 0 0 0 0 0 0 0 0 0 0 0 0 0 0 0 0 0 0 0 0 0 0.05517011382 0 0 0 0 0 0 0 0 0 0 0 0 
0 0 0 0 0.01020180563 0 0 0 0 0 0.05789932178 0 0 0 0 0 0 0 0 0 0 0 0.04785489339 0 0 0 0.1295997431 0 0 0 0 0 0 0 0 0 0 0 0 0.319727347 0 0 0 0 0.09446886416 0 0 0 0 0 0 0 0 0 0 0 0 0 0 0.0001772757075 0 0 0 0 0 0 0 0.03983340013 0 0 0 0 0 0 0.1178517516 0 0 0 0 0 0 0 0 0 0.1522001049 0 0 0 0 0 0 0 0 0 0 0 0 0 0 0 0 0 0 0 0 0 0 0.001965141438 0 0 0 0 0 0 0 0 0 0 0 0 0 0 0 0 0 0 0 0 0 0 0 0 0 0 0 0 0 0 0 0 0 0.4817120938 0 0 0 0 0 0 0.2989411989 0 0 0.0226397364 0 0 0 0 0 0 0 0 0.01241051107 0 0 0 0 0 0 0 0 0 0 0 0 0 0 0 0 0 0 0 0 0 0 0 0 0 0 0 0 0 0 0 0 0 0 0 0 0 0 0 0 0 0 0 0 0.2126040321 0.5033319845 0 0 0 0 0 1.238420128 0 0 0 0 0 0 0 0 0 0 0 0 0 0 0 0 0 0 0 0 0 0 0 0.01009674651 0 0 0 0 0 0 0 0 0 0 0 0 0 0 0 0 0 0.02096653962 0 
0 0 0 0 0 0.00406317259 0 0 0 0 0 0 0 0 0 0 0 0 0 0 0 0 0 0 0 0 0 0 0 0 0 0.08728483827 0 0 0 0 0 0 0 0 0 0 0 0 0 0 0 0 0 0 0 0 0 0 0 0 0 0 0 0 0 0 0 0 0 0 0 0 0 0 0 0 0 0 0 0 0 0 0 0 0 0 0.02517321134 0 0 0 0 0 0.1742298235 0 0 0 0 0 0.1191260331 0.1563028043 0 0 0 0 0 0 0 0 0 0.001569368169 0 0.07834961504 0 0 0 0 0 0 0 0 0 0 0.03411300219 0 0 0 0 0 0.3488239166 0 0 0 0 0.1372470348 0 0 0 0.06985955323 0 0 0 0 0 0 0 0 0 0 0 0 0 0 0 0.108264715 0 0 0 0 0.9489449817 0 0.3563853807 0 0 0 0 0 0 0 0 0 0 0 0 0 0 0 0 0 0 0.9429973723 0 0 0 0 0 0 0 0 0 0 0 0 0 0 0 0 0 0 0 0 0 0 0 0 0 0 0 0 0 0 0 0 0 0 0 0 0 0 0 0 1.199998094 0.003315955365 0 0 0 0 0 0 0 0 0 0 0 0 0 0 0 0 0 0 0 0 0 0 0 0 0 0 0 0 0 0 0 0 0 0 0 0.2397276174 0 0 
0 0 1.040546585 0 0 0 0 0 0 0 0 0.0936531216 0 0 0 0 0.2549889345 0.09899777883 0 0 0.04929632427 0 0 0 0 0 0 0 0 0 0 0 0 0 0.1314161575 0 0 0 0 0 0 0 0 0 0 0 0 0 0 0 0 0 0 0 0 0.2560773936 0 0 0 0 0 0 0 0 0 0 0 1.324143596 0 0 0.1832116253 0 0 0 0 0 0 0 0 0.01661065461 0 0 0 0 0 0 0 0 0 0 0 0 0.3838623466 1.499735474 0 0 0 0 0 0 0 0 0 0 0 0 0 0 0 0 0 0 0 0 0 0 0 0 0 0 0 0 0 0 0 0 0 0 0.8467458891 0 0 0 0.09374238205 0 0 0 0 0 0 0 0 0 0 0 0 0 0 0 0 0 0 0 0 0 0 0 0 0 0 0 0.01627981515 0 0 0 0 0 0 0 0 0 0 0 0.009882751209 0 0 0 0 0 0 0 0 0 0 0 0 0 0 0 0 0 0 0 0 0 0 0 0 0 0 0 0 0 0 0 0 0 0 0 0 0 0 0 0 0 0 0 0 0 0 0 0 0 0 0 0 0 0 0 0 0 0 0 0 0 0 0 0 0 0 0 0 0 0 0 0 0 0 0 0 0 0.06172139331 0 0 0 0 0 
0 0 0 0 0 0 0 0.008250639973 0 0 0 0 0 0 0 0 0 0.04767048599 0 0 0 0 0 0 0 0 0 0 0 0 0 0 0.09015572332 0 0 0 0 0 0 0 0 0 0 0 0 0 0 0 0 0 0 0 0 0 0 0 0 0 0 0 0.1829774014 0 0 0 0 0.1480138327 0 0 0 0.1081667999 0 0 0 0 0 0 0 0 0 0 0 0 0 0 0 0 0 0 0 0 0 0 0 0 0 0 0 0 0 0 0 0 0 0.002615310599 0 0 0 0.01112728584 0 0 0 0 0 0 0 0 0 0 0 0 0 0 0 0 0 0 0 0 0 0 0 0 0 0 0 0 0 0 0 0 0 0 0 0 0 0 0 0 0 0 0 0 0 0 0.05121967801 0 0 0 0 0 0 0 0 0 0 0 0 0 0.1008890871 0 0 0 0.0909306527 0 0 0 0 0 0 0 0 0 0 0 0 0 0 0 0 0 0 0 0 0 0 0 0.124765442 0 0 0 0.180350172 0 0 0 0 0 0 0 0 0 0 0 0 0 0 0 0 0 0.005252518106 0 0 0 0.04047118733 0 0 0 0 0 0 0 0 0 0 0 0 0 0 0 0 0 0 0.2938325803 0 0 0 0 0 0 0 0 0 0.3161905409 0 0 0 0 
0 0 0 0 0 0 0 0 0 0 0 0 0 0 0 0 0 0 0 0 0 0 0 0 0 0 0 0 0 0 0 0 0 0 0 0 0 0 0 0 0 0 0 0 0 0 0 0 0 0 0 0 0 0 0 0 0 0 0 0 0 0 0 0 0 0.2650959273 0 0 0 0 0 0 0 0 0 0 0 0 0 0 0 0.0003312844315 0 0 0 0 0 0 0 0 0 0 0 0 0 0 0.7633909549 0 0 0 0 0 0.06677398897 0 0 0 0 0 0 0 0 0 0 0 0 0 0.02574173419 0.1375859943 0 0 0 0 0.04929835887 0 0 0 0 0 0.09552058244 0 0 0 0 0 0.3282951409 0 0 0 0.06509894131 0 0 0 0 0 0 0 0 0 0 0 0 0 0 0 0 0 0 0 0 0 0 0 0 0 0 0 0 0 0 0 0 0 0 0 0 0 0 0 0 0 0 0 0.005527311954 0 0.1733969812 0 0 0 0 0.004472053751 0 0 0 0 0 0 0 0 0.01805187605 0 0 0 0 0.3619515326 0 0 0 0 0 0.3605854478 0 0.09459873327 0 0 0 0 0 0 0 0 0 0 0 0 0 0 0 0 0 0 0 0 0 0 0 0 0 0 0 0 0 0 0 0 0 0 0 0 0 0 0 0 0 0 0 0 
0 0 0.01220403075 0 0 0 0 0 0 0 0 0 0 0 0 0 0 0 0 0 0 0 0 0 0 0 0 0 0 0 0 0 0 0 0 0 0 0 0 0 0 0 0 0 0 0 0 0 0 0 0.0520424575 0 0 0 0 0 0.8342847098 0 0 0.01461218867 0 0 0 0 0.3863506515 0 0.4949758369 0 0.1868760269 0 0 0 0 0 0 0 0.004579844346 0 0 0 0 0 0 0 0 0 0 0 0 0 0 0 0 0 0 0 0 0 0 0 0.03172018165 0.6712203695 0 0.06712459339 0 0 0 0 0.08789228828 0 0 0 0 0 0 0 0.03102366416 0 0 0 0 0 0 0 0 0 0 0 0 0 0 1.24383999 0 0 0 0 0 0 0 0.1880783178 0.03221272148 0 0 0 0 0 0.2437467422 0 0 0 0 0 0 0 0 0 0 0 0 0.07804153844 0 0 0 0 0 0 0.1184005821 0 0 0 0 0.06656333322 0 0 0 0 0.01888041567 0 0 0 0.3835648165 0 0 0 0 0 0 0 0 0 0 0 0 0 0 0 0 0 0.003195603284 0 0 0 0.1031369758 0 0 0 0 0 0 0 0 0 0 0 0 0 0 0 0 0 0 0 0 0 0 0 0 0 0 0 0 0 0 0 0 0 0.08647040848 0 0 0 0 0 0 0 0 0 0 0 0 0.2953951139 0 0 0 0 0 0.01264111404 
0 0 0 0 0 0 0 0 0 0 0 0 0 0 0 0 0 4.061366327e-05 0 0 0 0 0 0 0 0 0.0007772558146 0 0 0 0 0 0 0 0 0 0 0 0 0 0 0 0 0.05626774726 0 0 0 0 0 0 0 0 0 0 0 0 0 0 0 0 0 0 0 0 0 0.1233893713 0 0 0 0.3465492769 0 0 0 0 0 0 0 0 0.3260288394 0 0 0 1.352333095 0 0 0 0 0 0 0 0 0 0 0 0 0.04343772156 0 0 0 0 0 0 0 0 0 0 0 0 0 0 0 0 0 0 0 0 0 0 0 0 0 0 0 0 0 0 0.1008816772 0 0 0 0 0 0 0 0 0 0 0 0 0 0 0 0.1150024553 0 0 0 0 0 0 0 0 0 0 0 0 0 0 0 0 0 0 0 0 0 0 0 0 0 0 0 0 0 0 0 0 0 0 0 0 0 0 0 0 0 0 0 0 0 0 0 0 0 0 0 0 0 0 0 0 0 0 0 0 0.006346216636 0 0 0 0.5862147236 0.004357822399 0 0 0 0 0.4039061972 0 0 0 0 0.325473284 0 0 0 0 0 0 0 0 0.044842078 0 0 0 0 0 0 0 0 0 0 0 0 0 0 0 0 0 0 0 0 0 0 0 0 0 0 0 0 
0 0 0 0 0 0 0 0 0 0 0 0 0 0 0 0 0 0 0 0 0 0 0 0 0 0 0.0001215889914 0 0 0 0 0 1.53582705 0 0 0 0 0 0 0 0 0 0 0 0 0 0 0 0 0 0 0 0 0 0 0 0 0.04371498728 0 0 0 0 0 0 0 0 0 0.3185665567 0 0 0 0 0 0 0 0 0 0 0 0 0 0 0 0 0 0 0 0 0 0 0 0 0 0 0 0.01293536496 0 0 0 0.01225886352 0 0 0 0 0 0 0 0 0 0.1489230568 0 0 0 0 0 0.4762326507 0 0 0 0 0.06098117139 0 0 0 0 0 0 0 0 0 0 0 0.4411743767 0 0 0 0 0 0 0 0 0 0 0 0 0 0 0 0 0 0 0 0 0 0 0 0 0.0715515647 0 0 0 0 0 0 0 0 0 0 0 0 0 0 0 0 0 0 0.0129171962 0 0 0 0 0 0.04727814768 0 0 0 0 0 0 0 0 0 0 0 0 0 0 0 0 1.28349171 0 0 0 0 0 0 0 0 0 0 0 0 0 0 0 0 0 0 0 0 0 0 0 0 0 0 0 0 0 0 0 0 0 0 0 0 0 0 0 0 0 0 0 0 0 0 0 0 0 0 0 0 0 0 0 0 
0 0 0 0 0 0 0 0 0 0 0 0 0 0 0 0 0 0 0 0 0 0 0 0 0 0 0 0 0 0 0 0 0 0 0 0 0 0 0 0 0 0 0 0 0 0 0 0 0 0 0 0 0.05795864616 0 0 0 0 0 0 0.0280851363 0 0 0 0 0 0 0 0.005687407898 0 0 0 0 0 0 0 0 0 0 0 0 0 0 0 0 0 0 0 0 0 0 0 0 0 0.001853215022 0 0.01359887411 0 0 0 0 0 0 0 0 0 0 0 0 0 0 0 0 0 0 0 0 0 0 0 0 0 0 0 0.2915036974 0 0 0 0 0 0 0 0 0 0 0.1762236421 0 0 0 0.161301416 0 0 0 0 0 0 0.008511744541 0.04915468376 0 0 0 0 0 0 0 0 0.006040336078 0 0 0 0 0 0 0 0 0 0 0 0 0 0 0 0 0 0 0 0 0 0 0 0 0 0.07457628486 0 0 0 0 0 0 0 0.04637036041 0 0 0 0 0 0 0 0 0 0 0 0 0 0 0 0.08741988719 0 0 0 0 0 0 0 0 0 0 0 0 0 0 0 0 0 0 0 0 0 0 0 0 0 0 0 0 0 0 0 0 0 0 0 0 0 0.09149439314 0 0 0 0 0 0 0 0 0 0 0 0 
0 0 0 0 0 0 0 0 0 0 0 0 0 0 0 0 0 0 0 0 0 0 0 0 0 0 0 0 0 0 0 0 0 0 0 0 0 0 0 0 0 0 0 0 0 0 0 0 0 0 0 0 0 0.02260595666 0 0 0 0 0 0 0 0.1161191964 0 0 0 0 0 0 0 0 0.7429925434 0 0 0 0 0 0 1.569593536 0 0 0 0 0 0 0 0 0 0 0 0 0 0 0 0 0 0 0 0 0 0 0 0 0 0 0 0 0.05745871961 0 0.09423819528 0 0 0 0 0 0 0 0 0 0 0 0 0.006114482067 0 0 0 0 0 0 0 0 0 0 0 0 0 0 0 0 0.3720785453 0 0.2400325891 0 0 0 0 0 0 0 0 1.450326165 0.5373720581 0 0.1376485204 0 0 0 0 0 0 0 0.002829499784 0 0 0 0 0 0 0 0 0 0 0 0 0 0 0 0 0 0 0 0 0 0 0 0 0 0 0 0 0 0 0 0 0 0 0 0 0 0 0 0 0 0 0 0.1854544336 0 0 0 0 0 0 0 0 0 0.0112060858 0 0 0 0 0 0 0 0 0 0 0 0 0 0 0 0 0 0 0 0 0 0 0 0 0 0 0 0 0 0 0 0 0 0 0 0 0 0 0.106195081 0.3234148153 0 
0 0 0 0 0 0 0 0 0 0 0 0 0 0 0 0 0.03481663005 0 0 0.1509462648 0 0 0 0 0 0 0 0 0.0004928116756 0 0 0 0 0 0 0 0 0 0 0 0 0 0 0 0 0 0 0 0 0 0 0 0 0 0 0 0 0 0 0 0 0 0 0 0 0.09015966368 0 0.002361076331 0.1265229708 0 0 0 0 0 0 0 0 0.06064564476 0 0 0 0 0 0 0 0 0 0 0 0 0 0 0 0.272391758 0 0 0 0 0 0.2563714171 0 0 0 0 0 0 0 0 0 0 0 0 0 0 0 0 0 0 0 0.7939734524 0 0 0.08274927498 0 0 0 0 0 0 0 0.009499691172 0 0 0 0 0 0 0 0 0.06910936283 0 0 0 0 0 0 0 0 0 0 0 0 0 0 0 0 0 0 0 0 0 0 0 0 0 0 0 0.1651294885 0 0 0 0 0 0 0 0 0 0 0 0 0 0 0 0 0 0 0 0 0 0 0 0 0 0 0 0 0 0 0 0 0 0 0.01749551412 0 0 0 0 0 0 0 0 0 0 0 0 0 0 0 0 0 0 0 0 0 0 0 0 0 0 0 0 0 0 0 0 0 0 0 0 0 0 0 0 0 0 0 0 0 0 0 0 0 0 0 0 0 
0 0 0.0006972925911 0 0 0 0 0 0 0 0 0 0 0 0 0 0 0 0 0 0 0 0 0 0 0 0 0 0 0 0 0 0.008764267118 0 0 0 0 0.1866961474 0 0 0 0 0 0 0.0002822683321 0 0 0 0 0 0 0 0 0 0 0 0 0 0 0 0 0.2636447678 0 0 0 0 0 1.08272125 0 0 0 0 0 0 0 0 0 0 0 0 0 0 0 0 0 0 0 0 0 0 0 0 0 0 0 0 0 0 0 0 0 0 0 0 0 0 0 0 0 0 0 0 0 0 0 0 0 0 0 0 0 0 0 0 0 0 0 0 0 0 0.03840010717 0 0 0 0.4874597985 0 0 0 0 0 0 0 0 0 0 0.01196808515 0 0.421379398 0 0 0 0 0 0 0 0 0.00242703884 0 0 0 0 0 0 0 0 0 0 0 0 0 0 0 0 0 0 0 0 0 0 0 0 0 0 0 0 0 0 0 0 0 0.05535456593 0 0 0 0 0 0 0 0 0 0 0 0 0 0 0 0 0 0 0 0 0 0 0 0 0 0 0 0 0 0 0.1962338684 0 0 0 0 0 0 0 0.003658803416 0 0 0 0.03080991602 0 0 0 0 0 0 0 0 0 0 0 0 0 0 0 0 0 0 0 0 0 0 
0 0 0 0 0 0 0.01794330938 0 0 0 0 0 0 0 0 0 0.01389863068 0 0 0 0 0 0 0 0 0 0 0 0 0 0 0 0 0 0 0 0 0 0 0 0 0 0 0 0 0 0 0 0 0 0 0 0 0 0 0 0 0.003041559019 0 0.4170248555 0 0 0 0 0 0 0 0 0 0.02029709004 0.01997630837 0 0 0 0 0 0 0 0 0 0 0 0 0 0 0 0 0 0 0 0 0 0 0 0 0 0 0 0 0.0358787574 0 0 0 0 0 0 0 0 0 0.1248482446 0 0 0 0 0 0 0 0 0 0 1.055763596 0 0 0 0 0 0 0.3525047203 0 0 0 0 0.2709692648 0 0 0 0 0.01194278599 0 0.1511776865 0 0 0 0 0 0 0 0 0 0 0 0 0 0 0 0 0 0 0 0 0 0 0 0 0 0 0 0 0 0 0 0 0.1974730077 0 0 0 0 0.1429489511 0 0 0 0 0.4633870753 0 0.1699760335 0 0 0 0 0 0 0 0 0.3347020375 0 0.1484790024 0 0 0 0 0.2041744336 0 0 0 0 0 0 0 0 0 0 0 0 0 0 0 0.0007225866495 0.06626994835 0 0 0 0 0 0 0 0 0 0 0 0 0 0 0.03116165074 0 0 0 0 0 0.01257503792 0 0 0 0 0 0 0 0 0 0.05771889878 0 0 0 0 0 0 0 
0 0 0 0 0 0 0 0 0 0 0 0 0 0 0 0 0 0 0 0 0 0 0 0 0 0 0 0 1.261151155 0 0 0 0.1679839424 0 0 0.02834061842 0 0 0 0 0 0 0 0 0 0 0 0 0 0 0 0 0 0 0 0 0 0 0 0 0 0 0 0 0 0 0 0 0 0 0 0 0 0 0 0 0 0 0 0.1873135389 0 0 0 0 0 0.3095917438 0 0 0 0 0 0 0.04821844774 0 0 0 0 0 0 0 0.1880123576 0 0 0 0 0 0 0 0 0 0 0 0 0 0 0 0 0 0 0 0 0 0.4223925831 0 0 0 0 0 0 0 0 0 0 0 0 0 0 0 0 0 0 0 0 0 0.0009332639196 0 0 0 0 0 0 0 0 0 0 0 0.0102147763 0 0 0 0 0 0 0 0 0 0 0 0 0 0 0 0 0 0 0 0 0 0 0 0 0.01909000646 0 0 0 0 0 0 0 0 0 0 0 0 0.0576864059 0 0 0 0 0 0 0 0 0 0 0 0 0 0 0 0 0.0001395869534 0 0 0 0 0 0 0 0 0 0 0 0 0 0.003690135157 0 0 0 0 0 0 0 0 0 0 0 0 0 0 0 0.006116442349 0 0 0 0 0 0 0 0 0 0 0 0 0 0 
# Events [detector/detector.dat] N:
0 0 0 0 0 0 0 0 0 0 0 0 0 0 0 0 0 0 0 0 0 0 0 0 0 0 0 0 0 1 0 0 0 0 0 0 0 0 0 0 0 0 0 0 0 0 0 0 0 0 0 0 0 0 0 0 0 0 1 1 0 0 0 0 0 0 0 0 0 0 0 0 0 0 0 0 0 0 0 0 0 0 0 0 0 0 0 0 0 0 1 0 0 0 0 0 0 0 0 0 0 0 0 0 0 0 0 0 0 1 1 0 0 0 0 0 0 0 0 0 0 0 0 0 0 0 0 0 0 0 0 0 0 0 0 0 0 0 0 0 0 0 0 0 0 0 0 0 1 0 0 0 1 0 0 0 0 0 0 0 0 0 0 0 0 0 1 0 0 0 0 0 0 0 0 0 0 0 0 0 0 0 0 0 0 1 0 0 0 0 0 0 0 0 0 0 0 0 0 0 0 0 0 1 0 0 0 0 0 0 0 0 0 0 0 0 0 0 0 0 0 0 0 1 0 0 0 1 0 0 1 0 0 0 0 0 0 0 1 0 0 0 0 0 0 0 0 0 0 0 0 0 0 0 0 0 
0 0 0 0 0 0 0 0 0 0 0 0 0 0 0 0 0 0 0 0 0 0 0 0 0 0 0 0 0 0 0 0 0 0 0 0 0 0 0 0 0 0 0 0 0 0 0 0 1 0 0 0 0 0 0 0 0 0 0 0 0 0 0 0 0 0 0 0 1 1 0 0 0 0 0 0 0 0 0 0 0 0 1 0 0 0 0 0 0 0 1 0 0 0 0 0 0 0 0 0 0 0 0 0 0 0 0 0 0 0 0 0 0 0 0 0 0 0 0 0 0 0 0 0 0 0 0 0 0 0 0 0 0 0 0 0 0 0 0 0 2 0 0 0 0 0 0 0 1 0 0 0 0 0 0 1 0 1 0 0 0 0 0 0 0 0 0 0 0 0 0 0 0 0 0 0 0 0 0 0 0 0 0 0 0 0 0 0 1 1 0 0 0 0 0 0 0 0 0 0 0 0 0 0 1 0 0 0 0 0 0 0 0 0 0 0 0 0 0 0 0 0 0 0 0 0 0 0 0 0 0 0 0 0 0 1 0 0 0 0 0 0 0 0 0 1 0 0 0 0 0 0 0 0 0 0 
0 0 0 0 0 0 0 0 0 1 0 0 0 0 0 0 0 1 1 0 0 0 0 0 0 1 0 0 0 0 1 1 0 0 0 1 0 1 0 0 0 0 0 0 0 1 0 0 0 0 0 0 0 0 0 0 0 0 0 0 0 0 0 1 0 0 0 0 0 0 0 0 0 1 0 0 0 1 0 0 0 0 0 0 0 0 0 0 0 0 0 2 0 0 0 0 0 0 0 0 0 0 0 0 0 0 0 0 0 1 0 0 1 1 0 1 0 1 0 2 0 0 0 0 1 0 0 0 0 0 1 1 0 0 0 0 0 0 0 0 0 0 0 0 0 0 0 0 1 0 0 1 0 0 0 1 0 0 0 0 0 0 1 0 0 0 0 0 0 0 0 0 0 0 0 0 0 0 0 0 0 0 0 0 0 0 0 0 0 0 0 0 0 0 0 0 0 0 0 0 0 0 0 0 0 0 0 0 0 0 0 0 0 0 0 0 0 0 0 0 0 0 1 0 0 0 1 0 0 0 1 0 1 0 0 0 0 0 0 0 0 0 0 0 0 0 0 0 1 0 0 0 0 0 0 0 
0 0 0 0 0 0 0 0 0 0 0 0 0 0 0 1 0 0 0 0 1 0 0 0 0 0 0 0 0 0 0 1 0 0 0 0 0 0 0 0 0 0 0 0 0 0 0 0 0 0 0 0 0 0 0 0 0 0 0 0 0 0 0 0 0 0 0 0 0 0 0 1 0 0 0 0 0 0 0 0 0 0 0 0 0 0 0 0 0 0 0 0 0 0 1 0 0 0 0 0 0 0 0 0 0 0 0 0 0 0 0 0 0 0 0 0 0 0 0 0 0 1 0 0 0 0 0 0 0 0 0 0 0 0 0 0 0 0 0 0 0 0 0 0 0 0 0 0 0 0 0 0 0 0 0 0 0 1 0 0 0 0 0 0 0 0 0 0 0 0 0 0 0 0 0 1 0 1 0 0 0 0 0 0 0 0 0 0 0 0 0 0 0 0 0 0 0 0 0 0 0 0 0 0 0 0 0 1 0 0 0 0 0 0 0 0 0 0 0 0 0 0 0 1 0 0 0 0 0 0 0 0 1 0 0 0 0 0 0 0 0 0 0 0 0 0 0 0 0 0 0 0 0 0 0 0 
0 0 0 0 0 0 0 0 0 0 0 0 0 0 0 0 0 0 0 0 0 0 0 0 0 0 0 0 0 0 0 0 0 1 0 0 0 1 0 0 0 0 0 0 1 0 0 1 0 0 0 0 0 0 0 0 0 0 0 0 0 0 0 0 0 0 0 0 0 0 0 0 0 0 0 0 0 0 0 0 0 0 0 0 0 0 0 0 0 0 0 0 0 0 0 0 0 0 0 0 0 0 0 0 0 0 1 0 0 0 0 0 0 0 0 0 0 0 0 0 0 1 0 0 0 0 0 0 0 0 0 0 0 0 0 0 0 0 0 0 0 0 0 1 0 0 0 0 0 0 0 0 0 0 0 0 0 0 0 1 0 0 0 0 1 0 0 0 0 0 0 0 0 0 0 0 0 0 0 0 0 0 0 0 0 0 0 1 0 0 1 0 0 0 0 0 0 0 0 0 0 0 0 0 0 0 0 0 0 0 0 0 0 0 0 0 0 0 0 0 1 1 0 0 0 0 0 0 0 0 0 0 1 1 0 0 0 0 0 0 0 0 0 0 0 0 0 0 0 0 0 1 0 0 0 0 
0 0 0 0 0 0 0 0 0 0 0 0 0 0 0 0 0 0 1 0 0 0 0 0 1 0 0 0 0 0 0 0 0 0 0 0 0 0 0 0 0 0 0 0 0 0 0 0 0 1 0 0 1 0 0 0 0 0 0 0 0 0 0 0 0 0 0 0 0 0 0 0 0 0 0 0 0 0 1 0 0 0 0 0 0 0 0 0 0 0 0 0 0 0 0 0 0 0 0 2 0 0 0 0 0 0 0 0 0 0 0 0 0 0 0 0 0 0 0 0 0 0 0 0 0 0 0 0 0 0 0 0 1 0 0 0 0 0 0 0 0 0 0 0 0 0 0 0 1 0 0 1 0 0 0 0 0 0 0 0 0 0 0 0 0 0 0 0 0 0 0 0 0 0 0 0 0 0 0 0 1 0 0 0 0 0 0 0 0 0 0 0 0 0 0 0 0 0 0 0 0 0 0 0 0 0 0 0 0 0 0 0 0 0 0 0 0 0 0 0 0 0 0 0 0 0 0 0 0 0 0 0 0 0 0 0 1 0 0 0 0 0 0 0 0 0 0 0 0 2 0 0 0 0 0 0 
0 0 0 0 0 0 0 0 0 0 0 0 0 0 0 0 0 0 0 0 0 0 0 0 0 0 0 0 0 0 0 0 0 0 0 0 0 0 0 0 0 0 0 0 0 1 0 0 0 0 0 0 0 0 0 0 0 0 0 0 0 0 0 0 0 0 0 0 0 0 1 0 0 0 0 0 0 0 0 0 0 0 0 0 0 0 0 0 0 1 1 0 0 1 0 0 0 0 0 0 0 0 0 0 0 0 0 0 0 0 1 0 0 0 0 0 0 0 0 0 0 0 1 0 0 0 0 0 0 0 0 0 0 0 0 0 0 0 0 0 0 0 0 0 0 0 0 1 0 0 0 0 0 0 0 0 0 0 0 0 0 0 0 0 0 0 0 0 0 0 0 0 0 0 0 1 0 0 0 0 0 0 0 0 0 0 0 0 0 0 0 0 0 0 0 0 0 0 0 0 0 0 0 0 0 0 0 0 0 0 0 0 0 0 0 0 0 1 0 0 0 0 0 0 0 0 0 0 0 0 0 0 0 0 0 0 0 0 0 0 0 0 0 0 0 0 0 0 0 1 0 1 0 0 0 0 
0 0 0 0 0 0 0 0 0 0 0 0 0 0 1 0 0 0 0 0 0 0 0 0 0 1 0 0 0 0 0 0 0 0 0 0 0 0 0 0 0 0 0 0 0 1 0 0 0 1 0 0 0 0 0 0 0 0 0 0 0 0 0 0 0 0 0 0 0 0 0 0 0 0 0 0 0 0 0 0 0 0 0 0 0 0 0 0 0 0 0 0 0 0 0 0 0 0 0 0 0 0 0 0 0 0 0 0 0 0 0 0 0 0 0 0 0 0 0 0 0 0 0 0 0 0 0 0 0 0 0 0 0 0 0 0 0 0 0 0 0 0 0 0 0 0 0 0 0 0 0 0 0 0 0 0 0 1 0 0 0 0 0 0 0 0 0 1 1 0 0 0 0 0 0 0 0 0 0 0 0 0 0 0 0 0 0 0 0 0 0 0 0 0 0 0 1 0 0 0 0 0 0 0 0 0 0 0 0 0 0 0 0 0 0 0 0 0 0 0 0 0 0 0 0 0 0 0 0 0 0 0 0 0 0 0 0 0 1 0 0 0 0 0 0 0 1 0 0 0 0 0 0 0 0 1 
0 0 0 0 0 0 0 0 1 0 0 0 0 1 0 1 0 0 0 0 0 0 0 0 0 0 0 0 0 0 0 0 0 0 0 0 0 0 0 0 0 0 0 0 0 0 0 0 0 0 0 0 0 0 0 0 0 0 0 0 0 0 0 0 0 0 0 0 0 0 0 0 0 0 0 0 0 0 0 0 0 0 0 0 0 0 0 0 0 0 0 0 0 0 0 0 0 0 0 0 0 0 0 0 1 0 0 0 0 0 0 0 0 0 0 0 0 0 0 0 0 0 0 0 0 0 0 0 0 0 0 0 0 1 0 0 0 0 0 0 0 0 0 0 0 0 0 0 1 0 0 1 0 0 0 0 0 0 0 0 0 0 0 0 0 0 1 0 0 0 0 0 0 0 0 0 0 0 0 0 0 0 0 0 0 0 0 0 0 0 0 0 0 0 0 0 0 0 0 0 0 0 0 0 0 0 0 0 0 1 0 0 0 0 0 0 0 0 0 0 0 0 0 0 0 0 0 0 0 0 0 0 0 0 0 0 0 0 0 0 0 0 0 0 0 0 0 0 0 1 0 0 0 0 0 0 
0 0 0 0 0 0 0 0 0 0 0 0 0 0 0 0 0 0 0 0 0 0 0 0 0 0 0 0 0 0 0 0 0 0 0 0 0 0 0 0 0 0 0 0 0 0 0 0 0 0 0 0 0 0 0 0 0 0 0 0 0 1 0 0 0 0 1 0 0 0 0 0 0 0 0 0 1 0 0 0 0 0 0 0 0 0 1 0 0 0 0 0 1 0 1 0 1 0 0 1 0 0 0 1 0 0 1 0 1 0 0 0 0 0 0 0 0 0 1 0 0 1 1 0 0 0 0 0 0 0 0 0 0 0 0 0 0 0 0 0 0 0 0 0 0 0 0 0 0 0 0 0 0 0 0 0 0 0 0 0 0 0 0 0 0 0 0 0 0 0 0 0 0 0 0 0 0 0 0 0 0 0 0 1 0 0 0 0 0 0 0 0 0 0 0 0 0 0 0 0 0 0 0 0 0 0 0 0 0 0 0 0 0 0 0 0 0 0 0 0 0 0 0 1 0 0 1 0 0 1 0 1 0 0 0 0 0 0 0 0 0 0 0 0 0 0 0 0 0 0 0 0 0 0 0 0 
0 1 0 0 0 0 0 0 1 0 0 0 1 0 0 0 0 0 0 0 0 0 0 0 0 0 0 0 0 0 0 0 0 0 0 0 0 0 0 0 0 0 0 0 0 0 0 0 0 0 0 1 0 0 0 0 0 0 0 0 0 0 0 0 0 0 0 0 0 0 0 0 0 0 0 0 0 0 0 0 0 0 0 1 0 0 0 1 0 0 0 0 0 0 0 0 0 0 0 0 0 0 0 0 0 0 1 0 0 0 0 0 0 0 0 0 0 0 0 0 0 0 0 0 0 0 0 0 0 0 0 0 0 0 0 0 0 0 0 0 0 0 0 0 0 0 0 0 0 0 1 0 0 0 0 0 0 0 1 0 0 0 0 0 0 1 0 0 0 0 0 0 1 0 0 0 0 0 0 0 0 0 0 0 0 0 0 0 0 0 0 0 0 0 0 0 0 0 0 0 0 0 0 0 0 0 0 1 0 0 0 0 0 0 0 0 0 0 0 1 0 0 0 0 0 0 0 0 0 0 0 0 0 0 0 0 1 1 0 0 1 0 0 0 1 0 0 0 0 1 0 0 0 0 0 0 
0 0 0 0 0 0 0 0 1 0 0 0 0 0 1 1 0 0 0 0 0 0 0 0 0 0 0 0 0 0 0 1 0 0 0 0 0 0 0 0 0 0 0 0 0 0 0 0 0 0 0 0 0 0 0 0 0 0 0 0 0 0 0 0 0 0 0 0 0 0 0 0 0 0 0 0 0 0 0 0 0 0 0 0 0 0 0 0 0 0 0 0 0 0 0 1 0 0 0 0 0 0 0 0 0 0 0 0 0 0 0 0 0 0 0 0 0 0 0 0 0 0 0 0 0 0 0 0 0 0 0 0 0 0 0 0 0 0 0 0 0 0 0 0 0 0 0 0 0 0 0 0 0 0 0 1 0 0 0 1 0 0 1 1 1 0 0 0 0 0 0 0 0 0 0 0 0 0 0 0 0 0 0 0 0 0 0 0 0 0 0 0 0 0 0 0 0 0 0 0 0 0 0 0 0 0 0 0 0 0 0 0 1 1 0 0 0 0 0 0 0 0 1 0 0 0 0 0 0 0 1 0 0 1 0 0 0 0 0 0 0 0 0 0 0 0 0 0 0 0 0 0 0 0 0 0 
0 0 0 0 0 1 0 0 0 0 0 0 1 0 0 0 0 0 1 0 0 0 0 0 1 0 0 0 0 0 0 0 0 0 0 0 1 0 0 0 0 0 1 1 0 0 0 0 1 0 0 0 0 0 0 0 0 0 0 0 0 0 0 0 0 0 0 0 1 1 0 0 0 0 0 0 0 0 0 0 0 0 0 0 0 0 0 0 0 0 1 0 0 0 0 0 0 1 0 0 0 0 0 0 0 0 0 0 0 0 1 0 0 0 0 1 1 0 0 0 0 0 0 0 0 0 0 0 0 0 0 0 0 0 0 0 0 0 0 0 0 0 0 0 0 0 1 0 0 0 0 0 0 0 0 0 0 0 0 0 0 0 0 0 0 0 0 0 0 0 0 0 0 0 0 0 0 0 0 0 0 0 0 0 0 0 0 0 0 0 0 1 0 0 0 0 0 0 0 0 0 0 0 0 0 0 0 0 0 0 0 0 0 0 0 0 0 0 0 0 0 0 0 0 0 0 1 0 0 0 0 0 0 0 0 0 0 0 0 1 0 0 0 0 0 0 0 0 0 0 0 0 0 0 0 0 
0 0 0 0 0 0 0 0 0 0 0 0 0 0 0 0 0 1 0 0 0 0 1 0 0 0 0 1 0 0 0 0 0 0 0 0 0 0 0 0 0 0 0 1 0 0 0 0 0 0 1 0 0 1 0 0 0 0 0 0 0 0 0 0 0 1 0 0 0 0 0 0 0 0 0 0 0 0 0 0 0 0 0 0 0 0 1 0 0 0 0 0 0 0 0 0 0 1 0 0 0 1 0 0 0 0 0 0 0 0 1 0 0 0 0 0 0 0 0 0 0 0 0 0 0 0 2 0 0 0 0 0 1 0 0 0 0 1 0 0 0 0 1 0 0 0 0 0 0 0 0 0 0 0 0 1 0 0 0 0 0 0 0 0 0 0 0 0 0 0 0 0 0 0 0 0 0 0 0 0 0 0 0 0 0 0 0 0 0 0 0 0 0 0 0 0 0 0 0 0 0 0 0 0 0 0 0 0 0 0 0 1 0 0 0 0 0 0 0 0 0 0 0 0 0 0 1 0 0 0 0 0 0 0 0 0 0 0 1 0 0 0 0 0 0 0 0 0 1 0 0 0 0 0 0 0 
0 0 0 0 0 0 0 0 0 0 0 0 0 0 0 0 0 0 0 0 0 0 0 0 0 0 0 0 0 0 0 0 0 0 0 0 0 0 0 0 0 0 0 0 0 0 0 0 0 0 0 1 0 0 0 0 0 0 0 0 1 0 0 0 0 0 0 0 0 0 0 0 0 0 1 0 0 0 0 0 0 0 0 0 0 0 0 0 0 1 0 0 0 0 0 0 0 1 0 0 0 0 0 0 0 0 0 0 0 0 0 0 0 0 0 0 0 1 0 1 1 0 0 0 0 0 0 0 1 0 0 0 0 0 1 0 0 0 0 0 0 0 0 0 0 0 0 0 0 0 0 0 0 0 0 0 0 0 0 0 0 0 0 0 0 0 0 0 0 0 0 0 0 0 0 0 0 0 0 0 0 0 0 0 0 0 0 0 0 0 1 0 0 0 0 0 0 0 1 0 0 0 0 0 0 0 0 0 0 1 0 0 0 0 0 0 0 0 0 0 0 1 0 0 0 0 0 1 0 0 0 0 0 0 0 0 0 0 0 0 0 0 0 0 0 1 0 0 0 0 1 0 0 0 0 0 
0 0 0 0 0 0 0 0 0 0 0 0 0 0 0 1 0 0 0 0 0 0 0 0 0 0 1 0 0 0 0 0 0 0 0 0 0 0 0 0 0 0 0 0 0 0 0 0 0 0 0 0 0 0 0 0 0 0 1 0 0 0 0 0 0 1 0 1 0 0 0 0 0 0 0 0 0 0 0 0 0 0 1 0 0 0 0 0 0 1 0 0 0 0 0 0 0 0 0 0 0 0 0 0 0 0 0 0 0 0 0 0 0 0 0 0 0 0 0 0 0 0 0 0 0 0 0 0 0 0 0 0 0 0 0 0 0 0 1 0 0 0 0 0 0 0 0 0 0 0 0 0 0 0 0 0 0 0 0 0 0 0 0 1 0 0 0 0 0 0 1 0 0 0 0 0 0 0 0 0 0 0 0 0 0 0 0 0 0 0 0 0 0 0 0 0 0 0 0 0 0 0 0 0 1 1 0 0 0 0 0 0 0 0 0 0 0 0 0 0 0 0 0 0 0 0 0 1 0 0 0 0 0 0 0 0 1 0 0 0 0 0 0 0 0 0 0 0 0 0 0 0 0 0 0 0 
0 0 0 0 0 0 0 0 0 0 0 0 0 0 0 0 1 0 0 0 0 0 0 0 0 0 0 0 0 0 0 0 1 1 0 0 0 0 0 0 1 0 0 0 0 0 0 0 0 0 0 0 0 0 0 0 0 0 0 0 0 1 0 0 1 0 0 0 0 0 0 0 0 0 0 0 0 0 0 0 0 0 1 0 0 0 0 0 0 0 0 0 0 0 0 0 0 0 0 0 0 0 0 0 0 0 1 0 0 0 0 0 0 0 0 0 0 0 0 0 0 0 0 0 0 0 0 0 0 0 0 0 0 0 0 0 0 0 0 0 1 0 0 0 0 0 0 0 0 0 0 0 0 0 0 0 0 0 0 0 0 0 0 0 0 0 0 0 0 0 0 0 0 0 0 0 0 0 0 0 0 0 0 0 0 0 0 0 0 0 0 0 0 0 0 0 0 0 0 0 0 0 0 0 0 0 0 0 0 0 0 0 0 0 0 0 0 1 0 0 0 0 0 1 0 0 0 1 0 0 0 0 0 0 0 0 0 0 0 0 0 0 0 0 1 0 0 0 0 0 0 0 0 0 0 0 
0 0 0 0 0 0 0 0 0 0 0 0 2 0 0 0 0 0 0 0 0 0 0 0 0 0 0 0 0 0 0 0 0 0 0 0 0 0 0 0 0 0 0 0 0 0 0 0 0 1 0 0 0 0 0 0 0 0 0 0 0 0 0 0 0 0 1 1 0 0 1 1 0 0 0 0 0 0 0 0 0 0 0 0 1 0 0 0 0 0 0 1 0 0 0 0 0 1 1 0 0 0 0 0 0 0 0 0 0 0 0 0 0 0 0 0 0 0 0 0 0 0 0 0 0 0 0 0 0 0 0 0 0 0 0 0 0 0 0 0 0 0 0 0 0 0 0 0 0 0 0 0 0 0 0 0 0 0 0 0 0 0 0 0 0 0 0 1 0 0 0 0 0 0 0 0 0 0 0 0 0 0 0 0 0 0 0 0 0 0 0 0 0 0 1 0 0 0 0 0 0 0 0 0 0 0 0 0 0 0 0 0 0 0 0 0 0 0 0 0 0 0 0 0 1 0 0 1 0 0 0 0 0 0 0 0 0 0 0 0 0 0 0 0 0 0 0 0 0 0 0 0 0 0 0 0 
0 0 0 0 0 0 0 0 0 0 0 0 0 1 0 0 0 0 0 0 0 0 0 0 0 0 0 0 0 0 0 1 1 0 0 0 0 0 0 0 0 0 0 1 0 0 0 0 0 0 0 0 1 0 0 0 1 0 0 0 0 0 0 0 0 0 0 0 0 0 0 0 0 0 0 0 0 0 0 0 0 1 0 0 0 0 0 0 0 0 0 0 1 0 0 0 0 0 0 0 0 0 1 1 0 0 0 0 0 0 0 0 0 0 0 0 0 0 0 0 0 0 0 1 0 0 0 0 0 0 0 0 0 0 0 0 0 2 0 0 0 0 0 0 1 0 0 0 0 1 0 0 0 0 0 0 0 0 0 0 0 0 0 0 0 0 0 0 0 0 0 0 0 1 0 0 0 0 0 0 0 0 0 0 0 0 0 0 0 0 0 0 0 0 0 1 1 0 0 0 0 0 0 0 0 0 0 0 0 0 0 0 0 0 0 0 0 0 0 0 0 0 0 0 0 0 0 1 0 0 0 0 0 0 0 0 0 0 0 0 0 0 0 0 0 0 0 0 0 0 0 0 0 0 0 0 
0 0 0 0 0 0 0 0 0 0 0 0 0 0 0 0 0 0 0 1 0 0 0 0 0 0 0 0 0 0 0 0 0 0 0 0 0 0 0 0 1 0 0 0 0 0 0 0 0 0 0 0 0 0 0 0 0 0 1 0 0 0 0 0 0 0 0 0 0 0 1 0 0 0 0 0 0 0 0 0 0 0 0 0 0 0 1 0 0 0 0 0 0 0 0 0 0 0 0 0 0 0 0 0 0 0 0 0 0 0 0 0 0 0 0 0 0 0 0 0 0 0 0 0 0 0 0 0 0 0 0 0 1 0 0 0 0 0 0 0 1 0 0 0 0 0 0 0 0 0 0 0 0 0 0 0 0 0 0 0 0 1 1 0 0 0 0 0 0 0 0 0 0 0 1 0 0 0 0 0 0 0 0 0 0 0 1 0 0 0 1 1 0 0 0 0 0 0 0 0 0 0 0 0 0 0 0 0 0 1 0 0 0 0 0 1 0 0 0 0 0 0 0 0 0 1 0 0 0 0 0 0 0 1 0 0 0 0 0 0 0 0 0 0 0 0 0 0 0 0 0 0 0 0 0 0 
0 0 0 0 0 0 0 0 0 0 0 0 0 0 0 0 0 0 0 0 0 0 0 0 0 0 0 0 0 0 0 0 0 0 0 0 0 0 0 0 0 0 1 0 0 1 0 0 0 0 1 0 0 0 0 0 0 0 0 0 0 0 0 0 1 0 0 0 0 0 0 0 0 0 0 0 0 0 0 0 0 0 0 0 0 0 0 0 0 0 0 0 0 0 0 0 0 0 0 0 0 0 0 0 0 0 0 0 1 0 0 0 0 0 0 0 0 0 0 0 0 0 0 1 0 0 0 0 0 1 0 0 0 0 0 0 0 0 0 0 0 0 0 1 0 0 0 0 0 0 1 1 0 0 0 0 0 0 0 0 0 0 0 0 0 0 0 0 0 0 0 0 0 0 0 0 0 0 1 0 0 0 0 0 0 0 0 0 0 0 0 0 0 0 0 0 0 0 0 0 0 0 0 0 0 0 0 0 0 0 0 1 0 0 0 1 0 0 0 0 0 0 0 0 0 0 0 0 0 0 1 0 0 0 0 0 0 0 0 0 0 0 0 0 0 0 0 0 0 0 0 0 0 0 0 0 
2 0 1 0 0 0 0 0 0 0 0 0 0 0 0 0 0 1 0 0 0 0 0 0 0 0 0 0 0 0 0 0 0 0 0 0 0 0 0 0 0 0 0 0 0 0 0 0 0 0 0 0 0 0 0 0 0 0 1 0 0 0 1 0 0 0 0 0 0 0 0 0 0 0 0 0 0 0 0 0 1 0 0 0 0 0 0 0 0 0 0 0 0 0 0 0 0 0 0 0 0 0 0 0 0 1 0 0 0 0 0 0 0 0 0 0 1 2 0 0 0 0 0 0 0 0 0 0 0 0 0 0 0 0 0 0 0 0 0 0 0 0 0 0 0 0 0 0 0 0 0 0 1 0 0 0 0 0 0 0 0 0 1 0 0 0 0 0 0 0 0 0 0 0 0 0 0 0 1 0 0 0 0 1 0 0 0 0 0 0 0 0 0 0 0 1 0 0 0 0 0 0 0 0 0 0 0 0 0 1 0 0 0 0 0 0 0 0 1 2 0 0 0 0 0 1 0 0 0 0 0 0 0 0 0 0 0 0 0 0 0 0 0 1 0 0 0 0 0 0 0 0 0 0 0 0 
0 0 0 0 0 0 1 0 0 0 0 0 0 0 0 0 0 0 0 0 0 0 0 0 0 0 0 0 0 0 0 0 1 0 0 0 0 0 0 0 0 0 0 0 0 0 0 0 0 0 0 0 0 0 0 1 0 0 0 0 0 0 0 0 0 0 0 0 0 0 0 0 0 0 0 0 0 0 0 0 0 0 0 0 0 0 0 0 0 0 0 0 0 0 0 0 0 0 0 0 0 0 0 0 0 0 0 0 0 1 0 0 0 0 0 0 0 0 0 0 0 0 0 0 0 0 0 0 0 0 0 0 0 0 1 0 0 0 0 0 0 0 0 0 0 0 0 0 0 0 0 0 0 0 0 1 0 0 0 0 0 0 0 0 0 0 0 0 0 0 0 0 0 0 0 0 0 0 0 0 1 0 0 0 0 0 0 0 0 0 0 1 0 0 0 0 0 0 1 0 0 0 0 0 0 0 0 0 0 0 0 0 0 0 0 0 0 0 0 0 0 0 0 0 0 0 1 0 0 0 0 0 0 0 0 0 0 0 0 0 0 0 0 0 0 0 0 1 0 0 0 0 0 0 0 0 
0 0 0 0 0 0 0 0 0 0 0 0 0 0 0 0 0 0 0 0 0 0 0 1 1 0 0 0 0 0 0 0 0 0 0 0 0 0 0 0 0 0 0 0 0 0 0 0 1 0 0 0 0 0 0 0 0 1 0 0 0 0 0 0 0 0 0 0 0 0 0 0 0 0 0 0 0 0 0 0 0 1 0 0 0 0 0 0 0 0 0 0 0 0 0 0 1 0 0 0 0 0 0 1 0 1 0 0 0 0 0 0 0 0 0 0 0 1 0 1 0 0 0 0 0 0 0 0 0 0 0 0 0 0 0 0 0 0 0 0 0 0 0 0 0 0 0 0 0 1 0 0 0 0 0 0 0 0 0 0 0 0 0 0 0 0 0 0 0 0 0 1 0 0 0 0 0 0 0 0 0 0 0 0 0 0 0 0 0 0 0 0 0 0 0 0 0 0 0 0 0 0 0 0 0 0 0 0 0 0 0 0 0 0 0 0 0 0 0 0 0 0 0 0 0 0 0 0 0 0 0 0 0 0 0 0 1 0 0 0 0 0 0 0 0 0 0 1 0 0 0 0 0 0 0 0 
0 0 0 0 0 0 0 0 0 0 0 0 0 1 0 0 0 0 0 0 0 0 0 0 0 0 1 0 0 0 0 0 0 0 0 0 0 0 0 0 0 0 0 0 0 0 0 0 0 0 0 0 1 0 0 0 0 0 0 0 1 0 0 0 0 0 0 0 0 0 0 1 0 0 1 0 0 0 0 0 0 0 0 0 0 0 0 0 0 0 0 0 0 0 0 0 0 0 0 0 0 0 0 0 0 1 0 1 0 0 0 1 0 0 0 0 0 0 0 0 0 0 0 0 0 0 0 0 0 0 0 0 0 0 1 0 0 0 0 0 0 0 0 0 0 0 0 0 0 0 0 0 0 0 0 0 0 0 0 0 0 0 0 0 0 0 0 0 0 0 0 0 0 0 0 0 0 0 0 0 0 0 0 0 0 0 0 0 0 0 0 0 0 0 0 0 0 0 1 0 0 0 0 0 0 0 0 0 0 0 0 0 0 0 0 0 0 0 0 0 1 0 0 0 0 0 0 0 0 0 0 0 0 0 0 0 0 0 0 0 0 0 1 0 0 0 0 0 0 1 0 0 0 0 0 0 
0 0 0 0 1 0 0 0 0 0 0 0 0 0 0 0 0 0 0 0 0 0 0 0 0 0 0 0 0 0 0 0 0 0 0 0 0 0 0 0 0 0 0 0 0 0 0 0 0 0 0 0 0 0 0 0 0 0 0 0 0 0 0 0 1 0 0 0 0 0 0 0 0 0 0 0 0 0 0 0 1 0 0 0 0 0 0 0 0 0 0 0 0 0 0 0 0 0 0 0 0 0 0 0 0 1 1 0 0 0 0 0 0 0 0 0 0 0 0 0 0 0 0 0 0 0 1 0 0 0 0 0 0 0 0 0 0 0 0 0 0 0 0 0 0 0 0 0 0 0 0 0 0 0 0 1 0 1 0 0 0 0 0 0 0 0 0 0 0 1 0 0 0 0 1 0 0 0 0 0 0 1 0 0 0 0 0 0 0 0 0 0 0 0 0 0 0 0 0 0 0 0 0 0 0 0 0 0 0 0 0 0 0 0 0 0 0 0 0 0 0 0 0 0 0 0 0 0 0 0 0 0 0 0 0 0 1 0 0 0 0 0 0 0 0 0 0 0 0 0 0 0 0 0 1 0 
1 1 0 1 0 0 0 1 0 0 0 0 0 0 0 0 0 0 0 0 0 0 0 0 0 0 0 0 0 0 0 0 0 0 0 0 0 1 1 0 0 0 1 0 0 0 0 1 0 0 0 0 0 0 0 0 0 0 0 0 0 0 0 0 0 0 0 0 0 0 0 0 0 0 0 0 0 0 0 0 0 0 0 0 0 0 0 0 0 0 0 0 0 0 0 0 0 0 1 0 0 0 0 0 0 0 0 0 0 0 0 0 0 0 0 0 0 0 0 0 0 0 0 0 0 0 0 0 0 0 0 0 0 0 0 0 0 0 0 0 0 0 0 0 0 0 0 0 0 0 0 0 0 0 0 0 0 0 0 0 0 0 1 0 0 0 0 0 0 0 0 0 0 0 0 0 0 1 0 0 0 0 0 0 0 0 0 0 0 0 0 0 0 0 0 0 0 0 0 0 0 0 0 0 0 0 0 0 0 0 0 0 0 0 0 0 0 0 0 1 0 0 0 0 0 0 0 0 0 0 0 0 0 0 0 0 0 0 0 0 0 0 0 0 0 0 0 0 0 0 0 0 0 0 0 0 
0 1 0 0 0 0 0 0 0 0 0 0 0 0 0 0 0 0 0 0 0 0 0 0 0 0 0 0 1 0 0 0 0 0 0 0 0 0 0 0 0 0 0 0 0 0 1 0 0 0 0 0 0 0 1 0 0 1 0 0 0 0 0 0 0 1 0 0 0 0 0 0 0 0 0 0 0 0 0 0 0 0 0 0 1 0 0 0 0 0 0 0 0 0 1 0 0 0 0 0 0 0 0 0 0 1 0 0 0 1 1 0 0 0 0 0 0 0 0 0 0 0 0 0 0 0 0 0 0 0 0 0 0 0 0 0 0 0 0 0 0 0 0 0 0 0 0 0 0 0 0 0 0 1 0 0 0 0 0 0 0 0 0 0 1 0 0 0 0 0 0 0 0 0 0 0 0 0 0 0 0 0 0 1 0 0 0 1 0 0 0 0 0 1 0 0 0 0 0 0 1 0 0 0 0 0 0 0 0 0 0 0 0 0 0 0 0 0 0 0 0 0 0 0 1 0 0 0 0 0 0 0 1 1 0 0 0 0 0 0 0 0 0 0 0 0 0 1 0 0 0 0 0 0 0 0 
1 0 0 0 1 0 0 0 0 1 0 0 0 0 0 0 1 1 0 0 0 0 0 0 0 0 0 0 0 0 0 0 0 0 0 0 0 0 0 0 0 0 0 0 1 0 0 0 0 0 0 0 0 0 0 0 0 0 0 0 0 0 0 0 0 0 1 0 0 0 0 0 0 0 0 0 0 0 0 0 0 0 0 1 0 0 0 0 0 0 0 0 1 0 0 0 0 0 0 0 0 0 0 0 0 0 0 0 0 0 0 0 0 0 1 0 1 0 0 0 0 0 0 0 0 0 0 0 0 0 0 0 0 0 0 0 0 0 0 1 0 0 0 0 0 0 0 0 0 0 1 0 0 0 0 0 0 0 0 0 0 0 0 1 0 0 0 0 0 0 0 0 0 0 1 0 0 0 0 1 0 0 0 0 0 0 0 1 0 0 0 0 0 0 0 0 0 0 0 0 0 0 0 0 0 0 0 0 0 0 0 0 1 0 0 0 0 0 0 0 0 0 0 0 0 0 0 0 0 0 0 0 1 0 0 0 0 0 0 0 0 0 0 0 0 0 0 0 0 0 0 0 0 0 0 0 
0 0 0 0 0 0 0 0 1 0 0 0 0 0 0 0 0 0 0 0 0 0 1 0 0 0 0 0 0 0 0 1 0 0 0 0 0 0 1 0 0 0 0 0 0 0 0 0 0 0 0 0 0 0 0 0 0 0 0 0 0 0 0 0 0 0 0 0 0 0 0 0 0 0 0 0 0 0 0 1 0 0 0 0 0 0 0 0 0 0 1 0 0 0 0 0 0 0 0 0 0 0 0 0 0 0 0 0 0 0 0 0 0 0 0 0 0 0 0 0 0 0 0 0 0 0 0 0 0 0 0 0 0 0 0 0 0 0 0 0 0 0 0 0 0 0 0 0 0 0 0 0 0 1 0 0 0 0 0 0 0 0 0 0 0 0 0 0 0 0 0 0 0 0 0 0 0 0 0 0 0 0 0 0 0 0 0 0 1 0 0 0 0 0 0 0 0 0 1 0 0 0 0 0 0 0 0 0 0 0 0 0 0 0 0 0 0 0 0 0 0 0 0 0 0 0 0 0 0 0 0 0 0 0 0 0 0 0 0 0 0 0 0 0 0 2 0 0 0 0 0 0 0 0 0 0 
0 0 0 0 0 0 0 0 0 0 0 0 0 0 0 1 0 0 0 0 0 0 0 0 0 0 0 1 0 0 0 1 0 0 0 0 0 0 1 0 0 0 0 0 0 1 0 0 0 0 0 0 0 0 0 0 0 0 0 0 0 0 0 0 0 0 0 0 0 0 0 0 0 1 0 0 0 1 0 0 1 0 0 0 0 0 0 0 0 0 0 0 0 0 0 0 0 0 0 0 0 0 0 0 0 0 0 0 0 1 0 0 0 1 0 0 0 0 0 0 0 0 0 0 0 0 0 1 0 0 0 1 0 0 0 0 0 1 1 0 0 0 0 0 0 0 0 0 0 0 0 0 0 0 0 0 1 0 0 1 0 0 0 0 0 0 0 0 0 0 0 0 0 0 0 0 0 0 0 0 0 0 0 0 0 0 1 0 0 1 0 1 0 0 0 0 0 0 0 0 1 0 1 0 0 0 0 0 1 0 0 0 0 0 0 0 0 0 0 0 1 0 0 0 0 1 0 0 0 0 0 1 1 0 0 0 0 0 0 0 0 0 0 0 0 0 0 0 0 0 1 0 0 0 1 0 
0 0 1 0 0 0 0 0 0 0 0 0 0 0 0 0 0 0 0 0 0 0 0 0 0 0 0 0 0 1 0 0 0 0 0 0 0 0 0 0 0 0 0 0 0 0 0 0 0 0 1 0 0 0 0 0 0 0 0 0 1 0 0 0 0 0 1 0 0 0 0 0 1 0 0 0 0 1 0 0 0 0 0 0 1 0 0 0 0 0 0 0 0 0 0 0 0 0 0 0 0 0 0 0 0 0 0 1 0 0 1 0 0 0 0 0 0 0 0 0 0 0 1 0 1 0 0 1 0 0 0 0 0 0 0 0 0 0 0 0 0 0 0 0 0 0 0 0 0 0 0 0 0 0 0 0 0 1 0 0 0 0 0 0 0 0 0 0 0 0 0 0 0 0 1 0 0 0 0 0 0 0 0 0 0 0 0 0 0 0 0 0 0 0 0 0 0 0 0 0 0 0 0 0 0 0 0 1 0 0 0 0 0 0 0 0 1 0 0 0 0 0 0 0 0 0 0 0 0 0 0 0 0 0 0 0 0 0 0 0 0 0 0 0 0 1 0 0 1 0 0 1 0 0 1 0 
0 0 0 0 0 1 0 0 0 0 0 0 0 0 0 1 0 0 0 1 0 0 0 0 0 0 0 0 0 0 0 0 0 0 1 0 0 0 0 0 0 0 0 0 0 0 0 0 0 0 0 0 0 0 0 0 0 0 0 0 0 0 0 0 0 1 0 0 0 0 0 0 0 0 0 0 0 0 0 0 0 0 0 0 0 0 0 0 0 0 0 1 0 0 0 0 0 0 0 0 0 0 0 0 1 0 0 0 0 0 0 0 0 0 0 0 0 0 1 0 0 0 0 0 0 0 0 0 0 0 0 0 0 0 0 0 0 0 0 0 0 0 0 0 0 0 0 0 0 0 0 0 0 0 0 0 0 0 0 0 0 1 0 0 0 0 0 1 0 0 0 0 0 1 0 0 0 0 0 0 0 0 0 0 0 0 0 0 0 0 1 0 1 0 0 0 0 0 0 0 0 0 0 0 0 0 0 0 0 0 0 0 0 0 0 0 0 0 0 0 0 0 0 0 0 1 0 0 0 0 0 0 1 0 0 0 0 0 0 0 0 0 0 0 0 0 0 0 0 1 0 0 0 0 0 0 
0 0 0 1 0 0 0 0 0 0 0 0 0 0 0 0 0 0 0 0 0 0 0 0 0 0 0 0 0 0 0 0 0 0 0 0 0 0 0 0 0 0 0 0 0 0 0 0 0 0 0 0 0 0 0 0 0 0 0 0 0 0 0 0 0 0 0 0 0 0 1 0 0 0 0 0 0 0 0 0 0 0 0 0 0 0 0 0 0 0 0 0 0 0 0 0 0 0 0 0 0 0 0 0 0 0 0 0 0 0 0 0 0 0 0 0 0 0 0 0 0 0 0 0 0 0 0 0 0 0 1 0 0 1 1 0 0 0 1 0 0 0 0 0 0 0 0 0 0 0 0 0 0 0 0 0 0 0 0 0 0 0 0 0 0 0 0 0 0 1 0 0 0 0 0 0 0 0 0 0 0 0 0 0 0 0 0 0 0 0 0 0 0 0 0 0 0 0 0 0 0 0 0 0 0 0 0 0 0 0 0 0 0 0 1 0 0 0 0 0 0 0 1 0 0 0 0 1 0 1 0 0 0 0 0 0 0 0 1 0 0 0 0 1 0 0 0 0 1 0 0 0 0 0 0 0 
0 0 0 0 0 0 0 0 0 0 0 0 0 0 0 0 0 0 0 0 0 0 0 0 0 0 0 0 0 0 0 0 0 1 0 0 0 0 0 0 0 0 0 0 0 0 0 0 0 0 0 0 0 0 1 0 0 0 0 0 0 0 0 0 0 0 1 0 0 0 0 0 0 0 0 0 0 0 0 0 0 1 0 0 0 1 0 0 0 0 0 0 0 1 0 0 0 0 0 0 0 0 0 0 0 0 1 0 0 0 0 0 0 0 0 0 0 0 0 1 0 0 0 0 0 0 0 0 0 0 0 0 0 0 0 0 0 0 0 0 0 0 0 0 0 0 0 0 0 0 0 0 0 0 0 0 0 0 0 0 0 0 0 0 0 0 0 0 0 1 0 0 0 0 0 0 0 1 0 0 0 0 0 0 0 1 0 0 1 0 0 0 0 0 0 0 0 0 0 0 0 0 0 0 0 0 0 0 0 0 0 0 0 0 0 0 0 0 0 0 0 0 0 0 0 0 0 0 0 0 0 1 0 0 0 0 0 0 0 0 1 1 0 0 0 0 0 0 0 0 0 0 0 0 0 0 
0 0 1 0 0 0 0 0 0 0 0 0 0 0 0 0 0 0 0 0 0 0 0 0 0 0 0 0 0 0 0 1 0 0 0 0 0 0 0 0 0 0 0 0 0 0 1 0 0 0 0 0 0 0 0 0 0 0 0 0 0 0 0 1 0 0 0 0 0 0 0 0 0 0 0 0 0 0 0 0 0 1 0 0 0 1 0 0 0 0 0 0 0 0 0 0 1 0 1 0 0 0 0 0 0 0 0 0 0 0 0 0 0 0 0 0 0 1 0 0 0 0 0 0 0 0 0 0 0 0 0 0 0 0 1 0 0 0 0 0 0 0 0 0 0 0 0 0 0 0 1 0 0 0 0 0 0 0 0 0 0 0 0 1 0 0 0 0 0 0 0 0 0 0 0 0 1 0 0 0 0 0 0 0 0 0 0 0 0 0 0 0 0 0 0 0 0 0 1 0 0 0 0 0 1 0 0 0 0 0 0 0 0 0 0 0 0 0 0 0 0 0 0 0 0 0 0 0 0 0 0 0 0 0 0 0 0 0 0 0 0 0 0 0 0 0 0 0 0 0 0 0 0 0 0 0 
0 0 0 0 0 0 0 0 0 0 0 0 0 0 0 0 0 0 0 0 0 0 0 0 0 0 1 0 1 0 0 0 1 0 0 0 0 0 0 0 0 1 0 0 0 0 0 0 0 0 0 0 0 0 0 0 0 0 0 0 0 0 0 0 0 0 0 0 0 0 0 0 0 0 1 0 0 0 0 0 0 1 0 0 0 1 0 0 0 0 0 0 0 0 0 0 0 0 0 0 0 0 0 0 0 0 0 0 0 1 0 0 0 0 0 0 0 0 0 0 0 0 0 0 0 0 0 0 0 0 0 0 0 0 0 0 0 0 0 0 0 0 0 0 0 0 0 0 0 0 0 0 0 0 0 0 0 1 0 0 0 0 0 0 0 0 0 0 0 0 0 0 0 0 0 0 0 0 0 0 1 0 1 0 0 0 0 0 0 0 0 0 0 0 0 0 0 0 0 0 0 0 0 0 0 0 0 0 0 0 0 0 0 0 0 1 0 0 0 0 0 0 0 0 0 0 0 0 0 0 0 0 0 0 0 0 1 0 0 0 0 0 0 0 0 0 0 0 0 0 0 0 0 0 0 0 
0 0 0 0 0 0 0 0 0 0 0 0 0 0 0 0 0 0 0 1 0 0 0 0 0 0 0 0 0 0 0 0 0 0 0 0 0 0 0 0 0 0 1 0 0 0 0 0 0 0 0 0 0 0 0 0 0 0 0 0 0 0 0 0 0 0 0 0 0 0 0 0 0 0 0 0 0 0 0 0 0 0 0 0 0 0 0 0 0 0 0 1 0 0 0 0 0 1 1 0 0 0 0 0 1 0 0 0 0 0 0 1 0 0 0 0 0 0 0 1 0 0 0 0 0 0 0 0 0 0 0 0 0 0 0 0 0 0 0 0 0 0 1 0 0 0 0 0 0 0 0 0 0 0 0 0 1 0 0 0 0 0 0 0 0 0 0 0 0 0 1 0 0 0 0 0 0 0 0 0 0 0 0 0 0 0 0 0 0 1 0 0 0 0 0 0 0 1 1 0 0 1 0 0 0 0 0 0 0 0 0 0 0 0 0 0 0 0 0 0 0 0 0 0 0 0 0 0 0 0 0 0 0 0 0 0 0 0 0 0 0 0 0 0 0 0 0 0 0 0 0 1 0 1 0 0 
2 0 0 0 0 1 1 0 0 0 0 0 0 0 0 0 0 1 0 0 0 0 0 0 0 0 0 0 0 0 0 1 0 0 0 0 0 0 0 0 0 0 0 0 0 0 0 1 0 1 0 0 0 0 0 0 0 0 0 0 0 0 0 0 0 0 1 1 0 0 0 0 1 0 0 0 0 0 0 0 0 1 0 0 0 0 0 0 0 0 0 0 0 0 0 0 0 0 0 0 0 0 0 0 0 0 0 0 0 0 0 0 0 1 0 0 0 0 1 0 0 0 0 0 0 0 0 0 0 0 0 0 0 1 0 0 0 1 0 0 0 0 0 0 0 0 0 0 0 0 0 0 0 0 0 0 0 0 0 0 0 0 0 0 0 0 0 0 0 0 1 0 0 0 0 0 0 0 1 0 0 0 0 0 0 0 0 0 0 0 0 0 0 0 1 0 0 0 0 0 0 0 0 0 0 0 0 0 0 0 0 0 0 0 0 0 0 0 0 0 0 0 0 0 0 0 0 0 0 0 0 0 0 0 0 0 0 0 0 0 0 0 0 0 0 0 0 0 0 0 0 0 0 0 0 0 
0 1 0 0 0 0 0 0 0 0 0 0 0 0 0 0 0 0 0 0 0 0 0 0 0 0 0 0 0 0 0 0 0 0 0 0 0 0 0 0 0 0 0 0 0 0 0 0 0 0 0 0 0 0 0 0 0 0 0 0 1 0 1 0 0 0 0 0 0 0 0 0 0 0 0 0 0 0 0 0 0 0 0 0 0 0 0 0 0 0 0 0 0 0 0 0 0 0 0 0 0 0 0 0 0 0 0 0 0 0 0 0 0 0 0 0 0 0 1 0 0 0 0 0 0 0 0 0 0 0 0 0 0 0 0 0 0 0 0 0 1 0 0 0 0 0 1 0 0 0 0 0 0 0 0 0 0 0 0 0 0 1 0 0 0 0 0 0 0 0 0 0 0 0 0 0 0 0 0 0 0 0 0 0 0 0 0 0 0 0 0 0 1 0 0 0 1 0 0 0 0 0 0 0 0 0 1 0 0 0 0 0 0 0 0 0 0 0 0 0 0 0 0 0 0 0 0 0 0 0 0 0 0 0 0 0 0 0 0 1 0 0 0 0 0 0 1 1 0 0 1 1 0 0 0 0 
0 0 0 0 0 0 0 0 0 0 0 0 0 0 0 0 0 0 0 0 0 0 0 0 0 0 0 0 0 1 0 0 0 0 0 0 0 0 0 0 0 0 0 0 0 0 0 0 0 0 0 0 0 1 0 1 0 0 0 0 0 0 0 0 0 0 0 0 0 0 0 0 0 0 0 0 0 0 0 0 0 0 0 0 0 0 0 0 0 0 0 0 0 0 0 0 0 0 0 0 0 0 0 0 0 0 0 0 0 0 0 0 0 0 0 0 0 0 0 0 0 0 0 0 0 0 0 0 0 0 0 0 0 0 0 0 1 1 0 1 0 0 0 0 0 0 0 0 0 0 0 0 0 0 0 0 0 0 0 0 0 1 1 0 0 0 0 0 0 0 0 0 0 0 0 1 0 0 0 0 0 0 0 0 0 0 0 0 0 0 0 0 0 0 0 0 0 0 0 2 0 0 0 0 0 0 1 0 0 0 0 0 0 0 0 0 0 0 0 0 0 0 0 0 0 0 0 0 0 0 0 0 0 0 0 0 0 0 0 0 0 0 0 0 1 0 0 0 0 0 0 0 0 0 0 0 
0 0 0 0 1 0 0 0 0 0 0 0 0 0 0 0 0 0 0 0 0 0 0 0 0 0 0 0 0 0 0 0 0 0 0 0 0 0 0 0 0 0 0 0 0 0 0 0 0 0 0 0 0 0 0 0 0 0 0 0 1 0 0 0 0 0 1 0 0 0 0 0 0 0 0 0 0 0 0 0 0 0 0 0 0 1 0 0 0 0 0 0 0 0 0 0 0 0 0 0 0 0 1 0 0 1 1 0 0 0 0 0 0 0 0 1 0 0 0 0 0 0 0 0 0 1 0 0 0 0 0 0 0 0 0 0 0 0 0 0 0 0 0 0 0 0 0 0 0 0 0 0 0 0 1 0 0 0 0 0 0 0 0 0 0 0 0 0 0 0 0 0 0 0 0 0 0 0 0 0 0 0 0 0 0 0 0 0 0 0 0 0 0 0 0 0 0 1 0 0 0 0 0 0 0 0 0 0 0 0 1 1 0 0 0 0 0 0 0 0 0 0 0 0 0 0 0 0 0 0 0 0 0 0 0 0 0 0 0 0 0 0 0 0 0 0 0 0 0 0 0 0 0 0 0 0 
0 1 0 0 0 0 0 0 0 0 0 0 0 0 1 0 0 0 0 0 0 0 0 0 0 0 0 0 0 0 0 1 0 0 0 0 0 0 0 0 0 0 1 0 0 0 0 0 0 0 0 1 1 0 0 0 0 0 0 0 0 0 1 0 1 0 0 0 0 0 0 0 0 0 0 0 0 1 0 0 0 0 0 0 0 0 0 0 0 0 0 0 0 0 0 0 0 0 0 0 0 0 0 0 0 0 0 0 0 0 0 0 0 0 0 0 0 1 0 0 0 0 0 0 0 0 0 0 0 0 0 0 0 0 0 0 1 0 0 0 0 0 0 0 1 0 0 0 0 0 0 0 0 0 0 0 0 0 1 0 0 0 2 0 0 0 0 0 0 0 0 1 0 0 0 0 0 0 0 0 0 0 0 0 0 1 0 0 1 0 0 0 0 0 0 0 0 0 0 0 1 0 0 0 0 0 0 0 0 0 0 0 0 0 0 0 0 0 0 1 0 0 0 0 0 0 0 0 0 0 0 0 0 0 0 0 0 0 0 0 0 0 0 0 0 0 0 0 0 0 0 0 0 0 0 0 
0 0 0 0 0 0 0 0 0 0 0 0 0 0 0 0 0 0 0 0 0 0 0 0 0 0 0 1 0 0 0 0 0 0 0 0 0 0 0 0 0 0 0 0 0 0 0 0 0 0 0 0 0 0 0 0 0 0 0 0 0 0 0 0 0 0 0 0 0 0 0 0 0 0 0 0 0 0 0 0 1 0 0 0 0 0 0 0 0 1 0 0 0 1 0 0 0 1 0 0 0 0 0 0 0 0 0 0 0 0 0 0 0 0 0 0 0 0 0 0 0 1 0 0 0 0 0 0 0 0 0 0 0 0 0 0 0 0 0 0 0 0 0 0 0 0 0 0 0 1 0 1 0 0 0 0 0 0 0 0 0 0 0 0 0 0 0 1 0 0 0 0 0 0 0 0 0 0 0 1 0 0 0 0 0 0 0 0 0 0 0 0 0 0 0 0 0 0 0 0 0 0 0 0 0 0 0 0 0 0 0 0 0 0 0 0 0 1 0 0 0 0 0 0 0 0 0 0 0 0 0 0 0 0 0 0 0 0 0 0 0 1 0 0 0 0 0 0 0 0 0 0 0 0 0 0 
0 0 0 0 0 0 0 0 0 0 0 0 0 0 0 0 0 1 0 0 0 0 0 0 0 0 1 0 0 0 0 0 0 0 0 0 1 0 0 0 0 0 0 0 0 0 0 0 0 0 0 0 0 0 0 0 0 0 0 0 0 0 0 0 0 0 0 1 0 1 0 0 0 0 0 0 0 0 0 0 0 0 0 0 0 0 0 0 0 0 0 1 0 0 0 0 1 0 0 0 0 0 0 0 1 0 0 0 0 0 0 2 0 0 0 0 0 0 0 0 0 0 0 0 0 0 0 0 1 0 0 0 0 0 0 0 0 1 2 0 0 0 0 0 0 0 0 0 0 0 1 0 0 0 0 0 0 0 0 0 0 0 0 0 0 0 0 0 0 0 0 0 0 0 0 0 0 0 0 0 0 0 0 0 0 0 0 0 0 0 0 0 0 0 0 0 0 0 1 0 0 0 0 0 0 0 0 0 0 0 0 0 0 0 0 1 0 0 0 0 0 0 0 0 0 0 1 0 0 0 0 0 0 0 0 0 0 1 0 0 0 1 0 0 0 0 0 0 0 0 0 0 0 0 0 0 
0 0 0 0 0 1 0 0 0 0 0 1 0 0 0 1 0 0 0 0 0 0 0 0 0 0 0 0 0 0 0 0 0 0 0 0 0 0 0 0 0 0 0 0 1 0 1 0 0 0 0 0 0 0 0 0 0 0 0 0 0 0 0 0 0 0 0 0 0 0 0 0 0 0 0 0 0 0 0 0 0 0 0 0 0 0 0 0 0 0 0 0 0 0 0 0 0 0 0 0 0 0 0 0 0 0 0 0 0 0 0 0 0 0 0 0 0 0 0 0 0 0 0 0 0 0 0 0 0 0 0 0 0 0 0 0 0 0 0 0 0 0 0 0 0 0 0 0 0 0 0 0 0 0 0 0 0 0 0 0 0 0 0 0 1 0 0 0 0 0 0 0 0 0 0 0 0 0 0 0 0 0 0 0 0 0 0 0 0 1 0 0 0 0 0 0 0 0 0 0 0 1 0 1 0 0 0 0 0 0 0 0 0 0 0 0 0 0 0 0 0 0 0 0 0 0 0 0 0 0 0 0 0 0 1 0 0 0 0 0 0 0 1 1 0 0 0 0 0 0 0 1 0 0 0 0 
0 0 0 0 0 0 0 0 0 1 0 0 0 0 0 0 0 0 0 0 0 1 0 1 0 0 0 0 0 0 0 1 0 0 0 0 0 0 0 0 0 0 0 0 0 0 0 0 0 0 1 0 0 0 0 0 0 0 0 0 0 0 0 0 0 0 0 0 0 0 0 0 0 0 0 0 0 0 0 0 0 0 1 0 0 0 0 0 0 0 1 0 0 0 0 0 0 0 0 0 0 0 0 0 0 0 0 0 0 0 0 0 0 0 0 0 0 0 0 0 0 0 0 0 1 0 0 0 0 0 0 0 0 0 0 0 1 0 0 0 0 0 1 0 0 0 0 0 0 0 0 0 0 0 0 0 0 0 0 0 0 0 0 0 0 0 0 0 0 1 0 0 0 0 0 0 0 0 0 0 0 0 0 0 0 0 0 0 0 0 0 0 0 0 0 0 0 0 0 0 0 0 1 0 0 0 0 0 0 1 0 0 0 0 0 0 0 0 0 0 0 0 0 0 0 0 0 0 0 0 1 0 0 0 0 0 0 1 0 0 0 0 0 0 1 0 0 0 0 1 0 0 0 0 0 0 
0 0 0 0 0 0 0 0 0 0 0 0 0 0 0 0 0 0 0 0 0 0 0 0 0 0 0 0 0 0 0 0 0 0 0 0 0 0 0 0 0 0 0 0 0 0 0 0 0 0 0 0 0 0 0 0 0 0 0 0 0 0 0 0 0 0 0 0 0 0 0 0 0 0 0 0 0 0 0 0 0 1 0 0 0 0 0 0 0 0 0 0 0 0 0 0 0 0 0 0 0 0 1 0 0 0 0 0 0 0 0 0 0 0 0 0 0 0 0 0 0 0 0 0 0 0 0 0 0 0 0 0 0 0 0 0 0 0 0 0 0 0 0 0 0 0 0 0 0 1 0 0 0 0 1 1 1 0 0 0 0 0 0 0 0 0 0 0 0 0 0 0 0 0 0 0 0 0 0 0 0 1 0 0 0 1 0 0 0 0 0 1 0 0 0 0 1 0 0 0 0 0 0 0 0 0 0 0 0 0 0 0 0 0 1 0 0 0 0 0 0 1 0 0 0 0 0 0 0 0 0 0 0 0 0 0 0 0 0 0 0 0 0 0 0 0 0 0 0 0 0 0 0 0 0 0 
0 0 0 0 0 0 0 0 0 0 0 0 0 1 0 0 0 0 0 0 0 0 0 0 0 0 0 0 0 0 0 0 0 0 0 0 0 0 0 0 0 0 0 0 0 0 0 0 1 0 0 0 0 0 0 0 1 0 0 0 0 0 0 0 0 0 0 0 0 0 0 0 0 0 0 0 0 0 0 1 0 0 0 0 1 1 0 0 0 0 0 0 0 0 0 0 0 0 0 0 0 0 0 0 0 0 0 0 0 0 0 0 0 0 0 0 0 0 1 0 0 0 0 1 0 0 0 0 0 0 0 0 0 0 0 0 0 0 0 0 0 0 0 0 1 0 0 0 0 0 0 0 0 1 0 0 0 0 0 0 0 0 0 0 0 0 0 0 0 0 0 0 0 0 0 0 0 0 1 0 0 0 0 0 0 0 0 0 0 0 0 0 0 1 0 0 0 0 0 1 0 0 0 0 0 0 0 0 0 0 0 0 0 0 0 0 0 0 0 0 0 0 0 0 0 0 0 0 0 0 0 0 0 0 0 0 0 0 0 0 0 0 0 0 0 0 0 0 0 0 0 0 0 0 0 0 
0 0 0 0 1 0 0 0 0 0 0 0 0 0 0 0 0 0 0 0 0 0 0 0 0 0 0 0 0 1 0 0 0 0 0 0 0 0 0 0 0 0 1 0 0 0 0 0 0 0 0 0 0 0 0 0 0 0 0 0 0 0 0 0 0 0 1 0 0 0 0 0 0 0 0 0 0 0 0 0 0 0 0 0 0 0 0 0 0 0 0 0 0 0 0 0 0 0 0 0 0 0 0 0 0 0 0 0 0 0 0 1 0 0 1 0 0 0 0 0 0 0 0 0 0 1 0 0 0 0 0 0 0 0 0 0 0 0 0 0 0 0 0 0 0 0 0 0 0 0 0 0 0 0 0 0 0 0 0 0 0 0 0 0 0 0 0 1 0 0 0 0 0 0 0 0 0 0 0 0 0 0 0 0 1 0 0 0 0 0 0 0 0 0 0 0 0 0 0 0 0 0 0 0 0 0 0 0 0 0 0 0 0 0 0 0 0 1 0 0 0 0 0 0 0 0 0 1 1 0 0 0 0 0 0 0 0 0 0 1 0 1 0 0 0 0 0 0 0 0 0 0 0 0 0 0 
0 0 0 0 0 0 0 0 0 0 0 1 0 0 0 0 0 0 0 0 1 0 0 0 0 0 0 0 0 0 0 0 0 0 0 0 0 0 0 0 0 0 0 0 0 0 0 0 0 0 0 0 0 0 0 0 0 0 0 0 0 0 0 1 0 0 0 0 0 0 0 0 0 0 0 0 0 0 0 0 0 0 0 0 0 0 1 0 0 0 0 0 0 0 0 0 0 0 0 0 0 0 0 0 0 0 0 0 0 0 0 0 0 0 0 0 0 0 0 0 0 0 0 0 0 0 0 0 0 0 0 0 0 0 1 0 0 0 0 0 0 1 0 0 0 0 0 0 0 0 0 0 0 1 0 0 0 0 0 0 0 0 0 0 0 0 0 0 0 0 0 0 0 0 0 1 0 0 0 0 0 0 0 0 0 0 0 0 0 0 0 0 0 0 0 0 0 0 0 0 0 0 0 0 0 0 0 0 0 1 0 0 0 0 0 0 0 0 0 0 0 0 0 0 0 0 0 0 0 0 0 0 0 0 0 0 0 0 0 0 0 0 0 0 0 0 0 0 1 0 0 0 0 0 0 0 
0 0 0 0 0 0 0 0 0 0 0 0 0 0 0 0 1 0 0 0 0 0 0 0 1 0 0 0 0 0 0 0 0 0 0 0 0 1 0 0 0 0 0 0 0 0 0 0 0 0 0 0 0 0 0 0 1 0 0 0 0 0 1 0 0 0 1 0 0 0 0 0 0 0 0 0 0 0 0 0 0 1 0 0 0 0 0 0 0 0 0 0 0 0 0 0 0 0 0 0 0 0 1 0 0 0 0 0 0 0 0 0 0 0 0 0 0 0 0 0 1 0 0 0 0 0 0 0 0 0 0 0 0 0 0 0 0 0 0 0 0 0 0 0 0 0 0 0 0 0 0 0 0 0 0 0 0 0 0 0 0 0 0 0 0 0 0 0 0 0 0 0 0 0 0 0 0 0 0 0 0 0 0 0 0 0 0 0 0 0 0 0 0 0 0 0 0 0 0 0 0 0 0 0 0 0 0 0 0 0 0 0 0 0 0 0 0 0 1 0 0 0 0 0 0 0 0 0 0 0 0 0 0 0 0 0 0 0 0 1 0 0 0 0 0 0 0 0 0 0 0 0 0 0 0 0 
0 0 0 0 0 0 0 0 0 0 0 0 0 0 0 0 0 0 1 1 0 0 0 0 0 0 0 0 1 0 0 0 0 0 0 0 0 0 0 0 0 0 0 0 0 0 0 0 0 0 0 0 0 0 0 0 0 0 0 0 0 0 1 1 1 0 0 0 0 0 0 0 0 0 0 0 0 0 0 0 0 0 0 0 0 0 0 0 0 0 0 0 0 0 0 0 0 0 1 0 0 0 0 0 0 0 0 0 0 0 0 0 0 2 0 0 0 0 0 0 0 0 0 0 0 0 0 0 0 0 0 0 0 0 0 0 0 0 0 0 0 0 0 0 1 0 0 0 0 0 0 0 0 0 0 0 0 0 0 0 0 0 0 0 0 0 0 0 0 0 0 0 0 0 0 0 0 0 0 0 0 0 0 0 0 0 0 0 0 0 0 0 0 1 0 0 0 0 0 0 0 0 0 0 0 0 0 0 0 0 0 0 0 0 0 0 0 0 0 0 0 0 0 0 0 0 0 0 0 0 0 0 0 0 0 0 0 0 1 0 0 0 0 0 0 0 0 0 0 0 0 0 0 0 0 0 
0 0 0 0 0 0 0 0 0 0 0 0 0 0 0 0 0 0 0 0 0 0 0 0 0 0 0 0 0 0 0 0 0 0 0 0 0 0 0 0 0 0 0 0 0 0 0 0 0 0 0 0 0 0 0 1 0 1 1 0 0 0 1 0 0 0 0 0 0 0 0 0 0 0 0 0 0 0 0 0 0 0 0 0 0 0 0 1 0 0 0 0 0 0 0 1 0 0 0 0 0 0 0 0 0 0 0 0 0 0 0 0 0 0 0 0 0 0 0 1 0 0 0 0 0 0 0 0 0 0 0 0 0 0 0 0 0 0 0 0 0 0 0 0 0 0 0 0 0 0 0 0 0 0 0 0 0 0 0 0 0 0 0 0 0 0 0 0 0 0 0 0 0 1 0 1 0 0 0 0 1 0 0 0 1 0 0 0 0 1 0 0 0 0 0 0 1 0 0 0 0 0 0 0 0 0 0 0 0 0 0 0 0 0 0 0 0 1 0 0 0 0 0 0 0 0 0 0 0 0 0 0 0 0 0 0 0 0 0 0 0 0 0 0 0 0 0 1 0 0 0 0 0 0 0 0 
0 0 0 0 0 0 0 0 0 0 0 1 0 0 0 0 0 0 0 0 0 0 0 0 1 0 0 0 0 0 0 0 0 0 0 0 0 0 0 0 0 0 0 0 0 0 0 0 0 0 0 0 0 0 0 0 1 0 0 0 0 0 0 0 0 0 0 0 0 0 0 0 0 0 0 0 0 0 0 0 0 0 0 0 0 0 0 0 0 0 0 0 0 0 0 0 0 0 1 0 0 0 0 0 0 0 0 0 1 1 0 0 0 0 0 0 0 0 0 0 0 1 0 0 0 0 0 0 0 0 0 0 0 0 0 0 0 0 0 0 0 0 0 0 0 0 0 0 0 0 0 0 0 0 0 0 0 0 0 0 0 0 0 0 0 0 0 0 0 0 0 0 0 0 0 0 0 0 0 0 0 0 0 0 0 0 0 0 0 0 0 0 0 0 0 0 0 0 0 0 0 0 0 0 0 0 1 0 0 0 1 0 0 0 0 0 0 0 1 0 0 0 0 0 0 0 0 0 0 0 0 0 0 0 0 0 0 1 0 0 0 0 0 1 0 0 1 0 0 0 0 0 0 0 0 0 
0 0 0 0 0 0 0 0 0 0 0 0 0 0 0 0 0 0 0 0 0 0 0 0 0 0 1 0 0 0 0 0 0 0 0 0 0 0 0 0 0 0 0 0 0 0 0 0 0 0 0 0 0 0 0 0 0 0 0 0 0 0 0 0 1 0 0 0 0 0 0 0 0 0 0 0 0 0 0 0 0 0 0 0 0 0 0 0 0 1 0 0 0 0 0 0 0 0 0 0 0 0 0 0 1 0 0 0 0 0 0 1 0 0 0 0 0 0 0 0 0 0 0 0 1 0 0 0 0 0 0 0 0 0 0 0 0 0 0 0 0 0 0 0 0 0 0 0 0 0 0 0 0 0 0 0 0 0 0 0 0 0 0 0 0 0 0 0 0 0 0 0 0 0 0 0 0 0 0 0 0 1 0 0 0 0 0 0 0 0 0 0 0 0 0 0 0 2 0 0 0 0 0 0 0 0 0 0 0 0 0 0 0 1 0 0 0 0 0 0 1 0 0 0 0 0 0 0 0 0 0 1 0 0 0 0 0 0 0 0 0 1 0 0 0 0 0 0 0 0 0 0 0 0 0 0 
0 0 0 0 0 0 0 0 0 0 0 0 0 0 0 0 0 0 0 0 0 0 0 0 0 0 0 0 0 0 0 0 0 0 0 0 0 0 0 0 0 0 0 0 0 0 0 0 0 0 0 0 0 0 0 0 0 0 0 0 0 0 1 0 0 0 0 0 0 0 0 0 1 0 0 0 1 0 0 0 0 0 0 0 0 0 0 0 0 0 0 0 0 0 0 0 0 0 0 0 0 1 0 0 0 0 0 0 0 0 0 0 0 0 0 0 0 0 0 0 0 0 0 0 0 0 0 0 0 0 0 0 0 0 0 0 0 0 0 0 0 0 0 0 0 0 0 0 0 0 0 0 0 0 0 0 0 0 0 0 0 0 0 0 0 1 0 0 0 0 0 1 0 0 0 0 0 1 0 0 0 1 0 0 0 0 0 0 0 0 0 0 0 0 0 0 0 0 0 0 0 1 0 0 0 0 0 0 0 0 0 0 0 0 0 0 0 0 0 0 0 0 0 0 0 0 0 0 0 0 0 0 0 0 1 0 0 0 0 0 0 0 0 0 0 0 0 0 0 0 0 0 0 0 0 0 
1 0 0 0 0 0 0 0 0 0 0 0 0 1 0 0 0 0 0 0 0 0 0 0 0 0 0 0 0 0 0 0 0 0 0 0 0 0 0 0 0 1 0 0 0 0 0 0 0 0 0 1 0 0 0 0 0 0 0 0 0 0 0 0 0 0 0 0 0 0 1 0 0 0 0 0 0 0 0 0 0 0 0 0 0 1 0 0 0 0 0 0 0 0 0 0 0 0 0 0 0 0 1 0 0 0 0 0 0 0 0 0 0 0 0 0 0 0 0 0 0 0 0 0 0 0 0 0 0 0 0 0 0 0 0 0 0 0 0 0 0 1 0 0 0 0 0 0 0 0 0 0 0 0 0 0 2 0 0 1 1 0 0 0 0 0 0 0 0 0 0 0 0 0 0 0 0 0 0 0 0 0 0 0 0 0 0 0 0 0 0 0 0 0 0 0 0 0 0 0 0 0 0 0 0 0 0 0 0 0 0 0 0 0 0 0 0 0 0 0 0 0 0 0 0 0 0 0 0 0 1 0 0 0 0 0 1 0 0 0 0 0 0 0 0 0 0 0 0 0 0 0 0 0 0 0 
0 0 0 0 0 0 0 0 0 0 0 0 0 0 0 0 0 0 0 0 0 0 0 0 0 0 0 0 0 0 0 0 0 0 0 0 0 0 0 0 0 0 0 0 0 0 0 0 0 0 0 0 0 0 0 0 0 0 0 0 0 0 0 0 0 0 0 0 0 0 0 0 1 0 0 0 0 0 0 0 0 0 0 0 0 0 0 0 0 0 0 0 0 0 1 0 0 0 0 0 0 1 0 0 0 0 1 0 0 0 0 0 0 0 0 1 0 0 0 0 0 0 0 0 0 0 1 1 0 0 0 0 0 0 0 0 0 0 0 0 1 0 0 0 0 0 0 0 0 0 0 0 0 0 0 0 0 0 0 0 0 0 0 0 0 0 0 0 0 1 0 0 0 0 0 0 0 0 0 0 0 0 0 0 0 0 0 0 0 0 0 0 0 0 0 0 0 0 1 0 0 1 0 0 0 0 0 0 0 0 0 0 0 0 0 0 0 0 0 0 0 0 0 0 0 0 0 0 0 0 0 0 0 0 0 0 0 0 0 0 0 0 1 0 0 0 0 0 0 0 0 0 0 0 0 0 
0 0 0 0 0 0 0 0 0 0 0 0 0 0 0 0 0 0 0 0 0 0 1 0 0 0 0 0 0 0 0 0 0 0 0 0 0 0 0 0 0 0 1 0 0 0 0 0 0 0 0 0 0 0 0 0 0 0 0 0 0 1 0 0 0 0 0 0 0 0 0 0 0 0 0 0 0 0 0 0 0 0 1 0 0 0 0 0 0 0 0 0 0 0 0 0 0 0 1 0 0 0 0 0 0 0 0 0 0 0 0 0 0 0 0 0 0 0 0 0 0 0 0 0 0 0 0 0 0 1 0 1 0 0 0 0 0 0 0 0 0 0 0 0 0 0 0 1 0 0 0 0 1 0 1 0 0 0 0 0 0 0 0 0 0 0 0 0 0 0 0 0 0 0 0 0 0 0 0 0 0 0 0 0 0 0 0 0 1 1 0 0 0 1 0 0 0 0 0 0 0 0 0 1 0 0 0 0 0 0 0 0 0 0 0 0 0 0 0 0 0 0 0 0 0 0 0 0 0 0 0 0 0 0 0 1 0 0 0 0 0 0 0 0 0 0 0 0 0 0 0 0 0 0 0 0 
0 0 0 1 0 0 0 0 0 0 0 0 0 0 0 0 0 0 1 0 0 0 0 0 0 0 0 0 0 0 0 0 0 1 0 0 0 0 0 1 0 0 0 0 0 0 0 1 1 0 0 0 0 0 0 0 0 0 0 0 0 1 0 0 0 0 0 0 0 0 0 0 0 0 0 0 0 0 0 0 1 0 1 0 0 0 0 0 0 0 0 0 0 0 0 0 0 0 0 0 0 0 1 0 0 0 0 0 0 1 0 0 0 0 0 0 0 0 0 0 0 0 0 0 0 0 0 0 0 0 0 0 0 0 0 0 0 0 0 0 0 0 0 0 0 0 0 0 0 0 0 0 0 0 0 0 0 0 0 0 0 0 0 0 0 0 0 0 0 0 0 0 0 0 0 0 0 0 1 0 0 0 0 0 0 0 0 0 0 0 0 0 0 0 0 0 0 0 0 0 0 0 0 0 0 0 0 0 0 0 0 0 0 0 0 0 0 0 0 0 0 0 0 0 0 0 1 0 0 0 0 0 0 0 0 0 0 0 0 0 0 0 0 0 0 0 0 0 0 0 0 0 0 0 0 0 
0 0 0 0 0 0 0 0 0 0 0 0 0 0 0 0 0 0 0 0 0 0 0 0 0 0 0 0 0 0 0 0 0 0 0 0 0 0 0 0 0 0 0 0 0 0 0 0 0 0 0 0 0 0 0 0 0 0 0 0 0 0 1 0 0 0 0 0 0 0 0 0 0 0 0 0 0 0 0 0 0 0 0 0 0 0 0 0 0 0 0 0 0 0 0 0 0 0 0 0 0 0 0 0 0 0 0 0 0 1 0 0 0 0 0 0 0 0 0 0 0 0 0 0 0 0 0 0 0 0 0 0 0 0 0 0 0 0 0 0 0 0 0 0 0 1 0 0 0 0 0 0 0 0 0 0 0 0 0 0 0 0 0 0 0 0 0 0 0 0 0 0 0 0 0 0 0 0 0 0 0 0 0 0 0 0 0 0 0 0 0 0 0 0 0 0 0 0 0 1 0 0 0 0 0 0 0 0 0 0 0 1 0 0 0 1 0 0 0 0 0 0 0 0 1 0 0 0 0 0 0 0 1 0 0 0 0 0 0 0 0 0 0 0 0 0 0 0 0 0 0 0 0 0 0 0 
0 0 0 0 0 0 0 0 0 0 0 0 0 0 0 1 0 0 0 0 0 0 0 0 0 0 0 0 0 0 0 0 0 1 0 0 0 0 0 0 0 0 0 0 0 0 0 0 0 0 0 0 0 0 0 0 0 0 0 0 0 1 0 0 0 1 0 0 1 0 0 0 0 0 0 0 0 0 0 0 0 0 0 1 0 0 0 0 0 0 0 0 0 0 0 0 0 1 0 0 0 0 0 0 0 0 0 1 0 0 0 0 0 0 0 0 0 0 0 1 0 0 0 0 0 0 0 0 0 0 0 0 0 0 0 0 0 0 1 0 1 0 0 0 0 0 0 0 0 0 1 0 0 0 0 0 0 0 0 0 0 0 0 0 0 0 0 0 0 0 0 0 0 0 0 0 0 0 0 0 0 0 0 1 0 0 0 0 0 0 0 0 0 0 0 0 1 0 0 0 0 0 0 0 0 0 0 0 0 0 0 0 0 0 0 0 1 0 0 0 0 0 0 0 0 0 0 0 0 0 0 0 0 0 1 0 0 0 0 0 0 0 0 0 0 0 1 0 0 0 0 0 0 1 0 0 
0 0 1 0 0 0 0 0 0 0 0 0 0 0 0 0 0 0 0 0 0 0 0 0 0 0 0 0 0 0 0 0 0 0 0 0 0 0 0 0 0 0 0 0 0 0 0 0 0 0 0 0 0 0 0 0 0 0 0 0 0 0 0 0 0 0 0 0 0 0 0 1 0 0 1 1 0 0 0 0 0 0 0 0 0 0 0 0 0 0 0 0 0 0 0 0 0 0 0 0 0 0 0 0 0 0 0 0 0 0 0 0 0 0 0 0 0 0 0 0 0 1 0 0 0 1 0 0 0 0 0 0 0 0 0 0 0 1 0 1 0 0 0 0 0 0 0 0 0 0 0 0 0 0 0 0 0 0 0 0 0 0 0 0 0 0 0 0 0 0 0 0 0 0 0 0 0 0 0 0 0 0 0 0 0 0 0 0 0 1 1 0 0 0 0 0 0 0 0 0 0 0 0 0 0 0 0 0 0 0 0 0 0 1 0 0 0 0 0 0 0 0 0 2 0 0 0 0 0 0 0 0 0 0 0 0 0 0 0 0 0 1 0 0 0 0 0 0 0 0 0 0 0 0 2 0 
0 0 0 0 0 0 1 1 0 0 2 0 0 0 0 0 0 0 0 0 0 0 0 0 0 0 0 0 1 0 0 0 0 0 0 0 0 0 0 0 0 0 0 0 0 0 0 0 0 0 0 0 0 0 0 0 1 0 0 0 0 0 0 0 0 0 0 0 0 0 0 0 0 0 0 0 0 0 0 0 0 0 0 1 0 0 0 0 0 0 0 0 0 0 0 0 0 0 0 0 0 0 0 0 0 0 0 0 0 0 0 0 0 0 0 0 0 0 0 0 0 0 0 1 0 0 0 0 0 0 0 0 0 0 0 0 0 1 0 0 0 0 0 0 0 0 0 0 0 0 0 0 0 0 0 0 0 0 0 0 0 1 0 0 0 0 0 0 0 0 0 0 0 0 0 1 0 0 0 0 0 0 0 0 0 0 0 0 0 0 0 0 0 0 0 0 0 0 0 0 0 0 0 0 0 0 0 0 0 0 1 0 0 1 0 0 0 0 0 0 1 1 0 0 0 0 0 0 0 0 0 0 0 0 0 0 0 0 0 0 0 0 0 0 0 0 0 0 0 0 0 0 0 0 0 0 
0 0 0 0 0 0 0 0 0 0 0 0 0 0 0 0 0 0 0 0 0 0 0 0 1 0 0 0 0 0 0 0 0 0 0 0 0 0 0 0 0 0 0 0 0 1 0 0 0 0 0 0 1 0 0 0 0 0 0 0 0 0 0 0 0 0 0 0 1 0 0 1 0 0 0 1 0 1 0 0 1 0 0 0 0 0 0 0 0 1 0 0 0 0 0 1 0 0 0 0 0 0 0 0 0 0 0 0 0 0 0 0 0 0 0 1 0 0 1 0 0 0 0 0 0 0 0 0 1 0 0 0 0 0 0 0 0 0 0 0 0 0 0 0 0 0 0 0 0 0 0 0 0 0 0 0 0 0 0 0 0 0 0 0 0 0 0 0 0 0 0 0 0 0 0 1 0 0 1 1 2 0 0 0 0 1 0 0 0 0 0 0 0 0 0 0 0 0 0 0 0 0 0 0 0 0 0 0 0 1 0 0 0 0 1 0 0 0 0 0 0 0 0 0 0 1 0 0 0 0 0 0 0 0 0 0 0 0 0 0 0 0 0 0 0 0 0 0 0 0 0 0 0 1 0 0 
0 0 0 0 0 0 1 0 0 0 0 0 0 0 0 0 0 0 0 0 0 0 0 1 0 0 1 0 0 1 0 0 0 0 0 0 0 0 0 0 0 0 0 0 0 0 0 1 0 0 0 0 0 0 0 0 0 0 0 0 0 0 0 0 0 0 0 0 0 0 1 0 0 0 0 0 0 0 0 0 0 0 0 0 0 0 0 0 0 0 0 0 0 0 0 0 0 0 0 0 0 0 0 0 0 0 0 0 0 0 0 0 0 0 0 0 0 0 0 0 0 0 0 0 0 0 0 1 0 0 0 0 0 0 0 0 0 0 0 0 0 0 0 0 0 0 0 0 0 0 0 0 0 0 0 0 0 0 0 0 0 0 1 0 0 0 0 0 0 0 0 1 0 0 0 0 0 0 0 0 0 0 0 0 0 0 0 0 0 0 0 0 0 0 0 0 0 0 0 0 0 0 0 0 0 0 0 0 0 0 0 0 0 0 0 0 0 0 0 0 0 0 0 0 0 0 0 0 0 0 0 0 0 0 0 0 0 0 0 0 1 0 0 0 0 0 0 0 0 0 0 0 0 0 0 0 
0 0 0 0 1 0 0 0 0 0 0 0 0 0 1 0 0 0 0 0 0 0 0 0 0 0 0 0 0 0 0 0 0 0 0 0 0 0 0 0 0 1 0 0 0 0 0 0 0 0 0 0 0 0 0 0 0 0 0 0 0 0 0 0 0 0 0 0 0 0 0 0 0 0 0 0 0 0 0 0 0 0 0 0 0 0 0 0 0 0 0 0 0 0 0 0 0 0 0 0 0 0 0 0 0 0 0 0 0 0 0 0 0 0 0 0 0 0 0 0 0 0 0 0 0 0 0 0 0 0 0 0 0 0 0 1 0 0 0 0 0 0 0 0 0 0 0 0 0 0 0 0 0 1 0 0 0 0 0 0 0 0 0 0 0 0 1 0 0 0 0 0 1 0 0 0 0 0 0 0 0 0 0 0 1 1 0 0 0 0 0 0 1 0 0 0 0 0 0 0 0 0 0 0 0 0 0 0 0 0 0 0 0 0 0 0 0 0 1 0 0 0 0 0 0 0 0 0 0 0 0 0 0 1 0 0 0 0 0 0 0 0 0 0 0 0 0 0 0 1 0 0 0 0 0 0 
1 0 0 0 0 0 0 0 0 0 0 0 0 0 0 0 0 1 1 1 0 0 0 1 0 0 0 1 0 1 0 0 1 0 0 0 0 0 0 0 0 0 0 0 0 0 0 0 1 0 0 0 0 0 1 0 0 0 0 0 0 0 0 0 0 0 0 0 0 0 0 0 1 0 0 0 0 0 0 0 0 0 0 0 0 0 0 0 0 0 0 0 0 0 0 0 0 0 0 1 0 0 0 0 0 0 0 0 0 0 0 0 0 0 0 0 0 0 0 0 0 0 0 0 0 0 0 0 0 0 0 0 0 0 0 0 0 0 0 1 0 0 0 0 0 0 0 0 0 0 0 0 0 0 0 0 0 0 0 0 0 0 0 0 0 0 0 0 0 0 0 0 0 0 0 0 0 0 0 0 0 0 0 0 0 0 0 0 1 0 0 0 0 0 0 0 0 1 0 0 0 0 0 0 0 0 0 0 0 0 0 0 1 0 0 0 0 0 0 0 0 1 0 0 0 0 0 0 0 0 0 0 0 0 0 0 0 0 1 0 0 0 0 0 0 0 0 0 0 1 0 0 0 0 0 0 
0 0 0 0 0 0 0 0 0 0 0 0 0 0 0 0 0 0 0 0 0 0 0 0 1 0 0 0 0 0 0 0 0 0 0 0 0 0 0 0 0 0 0 0 0 0 0 0 0 0 0 0 0 0 0 0 0 0 0 0 0 0 0 0 0 0 0 0 0 0 0 0 0 0 0 0 0 0 0 0 0 1 0 0 0 0 0 0 0 0 0 0 0 0 0 0 0 0 0 0 0 0 1 0 0 0 0 0 0 0 0 0 0 0 0 1 0 0 0 0 1 0 0 0 0 0 0 0 0 0 0 0 0 0 0 0 0 0 2 0 0 0 0 0 0 0 0 0 0 0 0 0 1 0 0 0 0 0 0 0 0 0 0 0 0 0 0 0 0 0 0 0 1 0 0 0 0 0 0 0 0 0 0 0 0 1 0 0 0 0 0 0 0 0 0 0 0 1 0 0 0 0 0 0 0 0 0 0 0 1 0 1 0 0 0 0 0 0 0 0 0 0 0 0 0 1 0 0 0 0 0 0 0 0 0 1 0 0 0 0 0 0 0 0 0 0 0 0 0 0 0 0 1 0 0 0 
0 1 0 0 0 0 0 0 0 0 0 0 0 0 0 0 0 0 0 0 0 0 0 0 0 0 0 0 0 0 0 0 0 0 0 1 0 0 0 0 0 0 0 0 0 0 0 0 0 0 0 0 0 0 0 0 0 0 0 0 0 0 0 0 0 0 0 0 0 0 0 0 0 0 0 0 0 0 0 0 0 0 0 0 0 0 0 0 1 0 0 0 0 0 0 0 1 0 1 0 0 0 0 0 0 0 0 0 0 0 0 0 0 0 0 0 0 0 0 0 0 0 0 0 0 0 0 1 0 0 0 0 0 0 0 0 0 0 0 0 0 1 0 1 0 0 0 0 0 0 0 0 0 0 0 0 1 0 0 0 0 0 0 0 1 0 0 0 0 0 0 0 0 0 0 0 0 0 0 0 0 0 0 0 0 0 0 0 0 0 0 0 1 0 0 0 0 0 0 0 1 0 0 0 0 1 0 0 0 0 0 0 0 0 0 0 0 0 0 0 0 0 0 0 0 0 0 0 0 0 0 0 0 0 0 1 0 0 0 0 0 0 0 0 0 0 0 0 0 0 0 0 0 0 1 0 
0 1 0 0 0 0 0 0 0 0 0 0 0 1 0 0 0 0 0 0 0 1 0 0 0 0 0 0 0 0 0 0 0 0 0 0 0 0 0 0 0 0 0 0 0 0 0 0 0 0 0 0 0 0 0 0 0 0 0 0 0 0 0 0 0 1 0 0 0 0 0 0 1 0 0 0 0 0 0 0 0 0 0 0 0 0 0 0 0 0 0 1 0 0 0 0 0 0 0 0 0 0 0 0 0 0 0 0 0 0 0 0 0 0 0 0 0 0 0 0 0 0 0 0 0 0 0 0 0 0 0 0 0 0 1 0 0 0 0 0 0 0 0 0 0 0 0 0 0 0 0 0 0 0 0 0 0 0 0 0 0 0 0 0 0 0 0 0 0 0 0 0 0 0 0 1 0 0 0 0 0 0 0 0 0 0 1 0 0 0 0 0 0 0 0 0 0 0 0 0 0 0 0 0 0 0 0 0 0 0 0 0 0 0 0 0 0 0 0 0 1 0 0 0 0 0 0 0 0 0 0 0 0 0 0 0 0 0 0 0 0 0 0 0 0 0 0 0 0 0 0 0 0 0 0 0 
0 1 0 0 0 0 0 0 0 0 0 0 0 0 0 0 0 0 0 0 0 1 0 0 0 0 0 0 0 0 0 0 0 0 0 0 0 0 0 1 0 0 0 1 0 0 0 0 0 0 0 0 0 0 0 0 0 0 0 0 0 0 1 0 0 0 0 0 0 0 0 0 0 0 0 0 0 0 0 0 0 0 0 0 0 0 0 0 0 1 0 0 0 0 0 0 0 0 0 0 0 0 0 0 0 0 0 0 0 0 0 0 0 0 0 0 0 0 0 0 0 0 1 0 0 1 0 0 0 0 0 0 0 0 0 0 0 0 0 0 1 0 0 0 1 0 0 0 0 0 0 0 0 0 0 0 0 0 0 0 0 0 1 0 0 0 0 0 0 0 0 0 0 0 0 0 0 1 1 0 0 0 0 0 0 0 0 0 0 0 0 0 0 0 0 0 1 0 0 0 0 0 0 0 0 0 1 0 0 0 0 0 0 0 0 0 0 0 0 0 0 0 0 0 0 1 0 0 0 0 0 0 0 0 0 0 0 0 0 0 0 0 0 0 0 0 1 0 0 0 0 0 0 0 0 0 
0 0 0 0 0 0 0 0 0 0 0 0 0 0 0 0 0 0 1 1 0 0 0 0 0 0 0 0 0 0 0 0 0 0 0 1 1 0 0 2 0 0 0 0 0 0 0 0 1 0 0 0 0 0 0 0 0 0 0 0 0 0 0 0 0 0 0 0 0 0 0 0 0 0 0 0 0 0 1 0 1 0 1 0 0 0 0 0 0 0 0 0 0 0 0 0 0 0 0 0 0 0 0 0 0 0 0 0 0 0 0 0 0 0 0 0 0 0 0 0 0 0 0 0 0 0 0 0 0 0 0 1 0 0 0 0 0 0 0 0 0 0 0 0 0 0 0 0 0 0 0 0 0 0 0 0 1 0 0 0 0 0 0 0 0 1 0 0 0 0 1 0 0 0 0 0 0 0 0 1 0 0 0 0 0 0 0 0 0 0 0 0 0 0 0 0 0 0 0 0 0 0 0 0 0 0 0 0 0 0 0 0 0 0 0 0 0 0 0 0 1 0 1 0 0 0 0 0 0 0 0 0 0 0 0 0 0 0 0 0 0 0 0 0 0 0 0 1 1 0 0 0 0 0 0 1 
0 0 0 0 0 0 0 1 0 0 0 0 0 0 0 0 0 0 0 1 0 0 0 0 0 0 0 0 1 1 0 0 0 0 0 0 0 0 0 0 0 0 1 0 0 1 0 0 0 0 0 0 0 0 0 0 0 0 0 1 0 0 0 1 0 0 0 0 0 0 0 0 0 0 0 0 0 0 0 0 0 0 0 0 0 0 0 0 0 0 0 0 0 0 0 0 0 0 0 0 0 0 0 0 0 0 0 0 0 0 0 1 0 0 0 0 0 0 0 0 0 0 0 0 0 0 1 0 0 0 0 0 0 0 0 1 0 0 0 0 0 0 0 0 0 0 0 0 0 0 0 0 0 0 0 0 0 0 0 0 0 0 0 0 0 0 0 0 0 0 0 0 0 0 0 0 0 0 0 0 0 0 0 0 0 1 0 0 0 0 0 0 0 1 0 0 0 0 0 0 1 0 0 0 0 0 0 0 0 0 0 0 0 0 0 0 0 0 0 0 1 0 0 0 1 0 0 0 0 0 0 0 1 0 0 0 0 0 0 0 0 0 0 0 0 0 0 0 0 0 0 0 0 0 0 0 
0 0 0 0 0 0 0 0 0 0 0 0 0 0 0 0 0 0 0 0 0 0 0 0 0 0 0 0 0 0 0 1 0 0 0 0 0 0 0 0 0 0 0 0 0 0 0 0 0 0 0 0 0 0 0 0 0 0 0 0 0 0 0 0 0 0 0 0 0 0 0 0 0 0 0 0 0 0 0 0 0 0 0 0 0 0 0 1 0 0 0 0 0 0 1 0 0 0 0 0 0 0 0 0 0 0 0 0 0 0 0 0 0 0 0 1 0 0 0 1 0 0 0 0 0 0 0 0 1 0 0 0 0 0 0 0 0 1 0 0 0 0 0 0 0 0 0 0 0 0 0 0 0 0 0 0 0 0 0 0 0 0 0 0 0 1 0 0 0 0 0 0 0 0 0 0 0 0 0 0 0 0 0 0 0 0 0 0 0 0 0 0 0 0 0 1 0 0 0 0 0 0 0 0 0 0 1 0 0 0 0 0 0 1 0 0 0 0 0 0 0 0 0 0 0 0 0 0 0 0 0 0 1 0 0 0 0 0 0 0 0 0 0 0 0 0 0 0 0 0 0 0 0 0 0 0 
0 1 0 0 0 0 0 0 0 0 0 0 0 1 0 0 0 0 0 0 0 0 0 0 0 0 0 0 0 0 0 0 0 0 0 0 0 0 1 0 0 0 1 0 1 0 1 0 0 0 0 0 0 0 0 1 0 0 0 0 0 0 0 0 0 0 0 0 0 0 0 0 0 0 0 0 1 0 1 0 0 0 0 0 0 0 0 0 0 0 0 0 0 0 0 0 0 0 0 0 0 0 0 0 0 0 0 0 0 0 0 0 0 0 0 0 0 0 0 0 0 0 0 0 0 0 0 0 0 0 0 0 0 0 0 0 0 0 0 0 0 0 0 1 0 0 0 0 0 0 1 0 0 0 0 0 0 1 0 1 0 0 0 0 0 0 0 2 0 0 0 0 0 0 0 0 0 0 0 0 0 0 0 0 0 0 0 0 0 0 0 0 0 0 1 0 1 0 0 0 0 0 0 0 0 0 0 0 0 0 0 0 0 0 0 0 0 0 0 0 0 0 0 0 1 0 0 0 0 0 0 0 0 0 0 0 0 0 0 0 0 0 0 0 1 0 0 0 0 0 0 0 0 0 0 0 
0 0 0 0 0 0 0 0 0 0 0 0 0 1 0 0 1 0 0 0 0 0 0 0 0 0 0 0 0 0 0 0 0 0 0 1 0 0 0 0 0 0 0 0 0 0 0 0 1 0 0 0 0 0 0 0 0 0 0 0 0 0 0 0 0 0 0 0 1 0 0 0 0 0 0 0 0 0 0 0 0 0 0 0 0 0 0 0 0 0 0 0 0 0 0 0 0 0 0 0 0 0 0 0 0 0 0 0 0 0 0 0 0 0 0 0 1 0 0 0 0 0 0 0 0 0 0 0 0 0 0 0 0 1 0 0 0 0 0 0 0 0 0 0 0 0 0 0 0 0 0 0 0 0 0 0 0 0 0 0 0 0 0 0 0 1 1 0 0 0 0 0 0 1 0 0 0 0 0 0 0 0 0 0 1 0 0 0 0 0 0 0 0 0 0 0 0 0 1 0 0 0 0 0 0 0 0 0 0 0 0 0 0 0 0 0 0 0 0 0 0 1 0 0 0 0 0 0 0 0 0 0 0 0 0 0 0 0 0 0 0 0 0 0 0 0 0 0 0 0 0 0 0 0 0 1 
1 0 0 0 0 0 0 0 0 0 0 0 0 0 0 0 0 0 0 0 0 0 0 0 0 1 0 0 0 0 0 0 0 0 0 0 0 0 0 0 0 0 0 0 0 0 0 0 1 0 0 0 1 0 0 0 0 0 0 0 1 1 0 0 0 0 0 0 0 1 1 0 0 0 0 0 0 0 1 0 0 0 0 0 0 0 0 0 0 0 0 0 0 0 0 0 0 0 0 0 0 0 0 0 0 1 0 0 0 0 0 0 0 0 0 0 0 0 0 0 0 0 0 0 0 0 0 0 0 0 0 0 0 0 0 0 0 0 0 0 0 0 0 0 0 0 0 0 0 0 0 0 0 0 0 0 0 0 0 0 0 0 0 0 0 0 0 0 0 0 0 0 0 0 0 0 0 0 0 0 0 0 0 0 0 0 0 0 0 0 0 0 0 0 0 0 0 1 0 0 0 0 0 0 0 0 0 0 0 0 0 0 0 0 0 0 0 0 0 0 0 0 0 0 0 0 0 0 0 1 0 0 0 0 0 0 0 0 0 0 1 0 0 0 0 0 1 0 1 0 0 0 0 0 0 0 
0 0 0 0 0 0 0 0 0 0 0 0 0 1 0 0 1 1 1 0 0 0 0 0 0 0 0 1 0 0 0 0 0 0 0 0 0 0 0 0 0 0 0 0 0 0 0 0 0 0 0 0 0 0 0 0 0 0 0 0 0 0 1 0 0 0 0 0 0 0 0 0 0 0 0 0 0 0 0 0 0 0 2 0 0 0 0 0 1 0 0 0 0 0 0 0 0 0 1 0 0 0 0 0 0 0 0 0 0 0 0 0 0 0 0 0 0 0 0 0 0 0 0 0 0 0 0 0 0 0 0 0 0 0 0 0 0 0 0 0 0 0 0 0 0 0 0 0 0 0 0 0 0 0 0 0 0 0 0 0 0 0 0 0 0 0 0 0 0 0 0 0 0 0 0 0 0 0 0 0 0 0 0 0 0 0 0 0 0 0 0 1 0 0 0 0 0 0 0 0 0 0 0 0 0 0 0 0 0 0 0 0 1 0 0 1 0 0 0 0 0 0 0 0 0 0 0 0 0 0 0 0 1 1 0 0 0 0 0 0 0 0 0 0 0 0 0 0 0 0 0 0 0 0 0 0 
0 0 0 0 0 0 0 0 0 0 0 0 0 0 0 2 0 0 0 0 0 0 0 0 0 0 0 0 0 0 0 0 0 0 0 1 0 0 0 0 0 0 0 0 0 0 0 0 0 0 1 0 0 1 0 0 0 0 0 0 0 0 0 0 0 0 0 0 0 0 0 0 0 0 0 0 0 0 0 0 0 0 0 0 0 0 0 0 0 0 0 0 0 0 0 0 0 0 0 1 0 0 0 0 0 0 0 0 0 0 1 1 0 0 0 0 1 0 0 1 1 0 0 0 0 0 0 0 0 0 0 0 0 1 0 0 0 0 0 0 0 0 0 0 0 0 1 0 0 0 0 0 0 0 1 0 0 0 0 0 0 0 0 0 0 0 0 0 0 0 0 0 0 0 0 0 0 0 0 0 0 0 0 0 0 0 0 0 0 1 0 0 0 0 0 0 0 0 0 0 0 0 0 0 0 1 0 0 0 0 0 0 0 0 0 0 1 0 0 0 0 0 0 0 0 0 0 0 0 0 0 0 0 0 0 0 0 0 0 0 0 0 0 0 0 0 0 0 0 0 0 0 0 0 0 0 
0 0 0 0 0 0 0 0 0 0 0 0 0 0 1 0 0 0 1 0 0 0 0 0 0 0 0 0 1 0 0 0 0 0 1 0 0 0 0 0 0 0 0 0 1 0 0 1 0 0 0 0 0 0 0 0 0 0 0 0 0 0 0 0 0 0 0 0 0 0 0 0 0 0 0 0 0 0 0 0 0 0 0 0 0 0 0 0 0 0 0 1 0 0 0 0 0 0 0 0 0 0 0 0 0 0 0 0 0 0 0 0 0 0 0 0 0 0 0 0 0 0 0 0 0 0 0 0 0 0 0 0 0 0 0 0 0 0 0 0 0 1 0 0 0 0 0 0 1 0 0 0 0 0 0 0 0 0 0 1 0 0 0 0 0 0 0 0 1 0 0 0 0 0 0 0 0 0 0 0 0 1 0 0 0 1 0 0 0 0 0 0 0 0 0 0 1 0 0 0 0 0 0 0 0 0 0 0 0 0 0 0 1 1 0 0 0 0 0 0 0 0 0 0 0 0 0 0 0 0 1 0 0 0 0 0 0 0 0 0 0 0 0 0 0 0 0 0 0 0 0 0 0 0 0 0 
0 0 0 0 0 0 0 0 0 0 0 0 0 0 0 0 0 1 0 0 1 0 0 0 0 0 1 0 0 0 0 0 0 0 0 0 0 0 0 0 0 0 0 0 0 0 0 0 0 0 0 0 1 0 0 0 0 0 0 0 0 0 0 1 0 0 0 0 0 0 0 0 0 0 0 0 0 0 0 0 0 0 1 0 0 0 0 0 0 0 0 0 0 0 0 0 1 0 0 0 0 0 0 0 0 0 0 0 0 0 0 0 0 0 1 0 0 1 0 0 0 0 0 0 0 0 0 0 0 0 0 1 0 0 0 0 0 0 0 0 0 0 0 0 0 0 0 0 0 0 0 0 0 0 0 0 0 0 0 0 0 0 0 1 0 0 0 0 0 0 0 0 0 0 0 0 0 0 0 0 0 0 0 0 0 1 0 0 0 0 0 0 0 0 0 0 0 0 0 0 0 0 0 0 0 0 0 0 0 0 0 0 0 0 0 0 0 0 0 0 0 0 0 0 0 0 0 0 0 1 1 0 1 0 0 0 0 0 0 0 0 0 0 0 0 0 0 0 0 0 0 0 0 0 1 0 
0 0 0 0 0 0 0 0 0 0 0 0 0 0 0 0 0 0 0 0 0 0 0 0 0 0 0 0 0 0 0 0 0 0 0 0 0 0 0 0 0 0 0 0 0 0 0 0 0 0 1 0 0 0 0 0 0 0 0 0 0 0 0 0 0 1 0 0 0 1 0 0 0 0 0 0 0 0 0 0 0 0 0 0 0 1 0 0 0 0 0 0 0 0 0 0 0 0 0 0 0 0 0 0 0 0 0 0 0 0 1 1 0 0 0 0 0 0 0 0 0 0 0 0 0 0 0 1 0 0 0 0 0 0 0 1 0 0 0 0 1 0 0 0 0 0 0 0 0 0 0 0 0 0 0 1 0 0 0 0 0 0 0 0 1 0 0 2 0 0 0 0 0 0 0 0 0 0 0 0 0 0 0 0 0 0 0 0 0 0 0 0 0 0 0 0 0 0 0 0 0 0 0 0 0 0 0 0 0 0 0 0 0 0 0 0 0 0 0 0 0 1 0 0 0 0 1 0 0 0 0 0 0 0 0 0 0 0 0 0 0 0 1 0 0 0 0 0 0 0 0 0 0 0 0 0 
0 0 0 0 0 0 0 0 0 0 0 0 0 0 0 1 0 0 0 0 0 0 0 0 0 0 0 0 0 0 0 0 0 0 0 0 0 0 0 0 0 0 0 1 0 0 0 0 0 0 0 0 0 0 0 0 0 0 0 0 0 0 0 0 0 0 0 0 0 0 0 0 0 0 0 1 0 0 0 0 0 0 0 0 0 0 0 0 0 0 0 0 0 0 0 0 0 0 0 0 0 0 0 1 0 0 0 1 0 0 0 0 0 0 0 0 0 0 0 0 0 0 0 0 0 0 0 1 0 0 0 0 0 0 0 0 0 0 0 0 0 0 0 0 0 0 0 0 0 0 0 0 0 0 0 0 0 0 0 0 0 0 0 0 0 1 0 0 0 0 0 0 1 0 0 0 0 0 0 0 0 0 0 0 0 0 0 0 0 0 0 0 1 0 0 1 0 0 0 0 0 0 0 0 0 0 1 0 0 0 0 0 0 0 0 0 0 0 0 0 0 1 0 0 0 0 0 0 0 0 0 0 0 0 0 0 0 0 0 0 0 0 0 0 0 0 0 0 0 0 0 0 0 0 0 0 
0 0 0 0 0 0 0 0 0 0 0 0 0 0 0 0 1 0 0 0 0 0 0 0 0 0 0 0 0 0 0 0 0 0 0 0 0 0 0 0 0 0 0 0 0 0 0 2 0 0 0 1 0 0 0 1 0 0 1 0 0 0 0 0 0 0 0 0 0 1 0 0 0 0 0 0 0 0 0 0 0 0 0 1 1 0 0 0 1 0 0 0 0 0 0 0 0 0 0 1 1 0 0 0 0 0 0 0 0 0 0 0 0 0 0 1 0 0 0 0 0 0 0 0 0 0 0 0 0 0 0 0 0 0 0 0 0 0 0 0 0 0 0 0 0 0 0 0 0 0 0 1 0 0 0 0 0 0 0 0 0 0 0 0 0 0 0 0 0 0 0 0 0 0 0 0 0 0 0 0 0 0 0 0 1 0 0 0 0 0 0 0 0 0 0 0 0 0 0 0 0 0 0 0 0 0 0 0 0 0 0 0 0 0 0 0 0 0 0 0 0 0 0 0 0 0 0 0 0 0 0 0 0 0 0 0 0 1 0 0 0 0 0 0 0 0 0 0 0 0 0 0 0 0 0 1 
0 0 0 0 0 0 0 0 0 0 0 1 0 0 0 0 0 0 0 0 0 0 0 0 0 0 0 0 0 0 0 1 0 0 0 0 0 0 0 0 1 0 0 0 1 0 0 0 0 0 0 0 0 0 0 0 0 0 0 0 1 0 0 0 0 0 0 0 0 0 0 0 0 0 0 0 0 0 0 0 0 0 0 0 0 0 0 1 0 1 0 0 0 1 0 0 0 0 0 0 0 0 0 0 0 0 0 0 0 0 0 0 0 0 0 0 0 0 0 0 0 0 0 0 0 0 0 0 0 0 0 0 0 0 0 0 0 0 0 0 0 0 0 0 0 0 0 0 0 0 0 0 0 0 0 0 0 0 0 0 0 0 0 0 0 0 0 0 0 0 0 0 0 0 1 0 0 0 0 0 0 0 0 0 0 0 0 0 0 0 0 0 0 0 0 0 0 0 0 0 0 0 0 0 0 0 0 0 0 0 0 0 0 0 0 0 0 0 0 0 0 0 0 0 0 0 0 0 0 0 0 0 0 0 0 0 0 0 0 0 0 0 1 0 0 0 0 0 0 0 0 0 1 0 0 0 
0 0 1 0 0 0 0 0 0 0 0 0 0 0 0 0 0 0 1 0 0 0 0 0 0 0 0 0 0 0 0 0 0 0 1 0 0 0 0 0 0 0 0 0 1 0 0 0 0 0 0 0 0 0 0 0 0 0 0 0 0 0 0 0 1 0 0 0 0 0 0 0 0 0 0 0 0 0 0 0 0 0 0 0 0 0 0 0 0 0 0 0 0 0 0 0 0 0 0 0 0 0 0 0 0 0 0 0 0 0 0 0 0 0 0 0 0 0 0 1 0 0 0 0 0 0 0 0 0 0 0 0 0 0 0 0 0 0 0 0 0 0 1 0 0 0 0 0 0 0 0 0 0 0 0 0 0 0 0 0 0 0 0 0 0 0 0 0 0 0 1 0 0 0 1 0 1 0 0 1 0 0 0 0 0 0 0 0 0 0 0 0 0 0 0 0 0 0 0 0 0 0 0 0 0 0 0 0 0 0 0 0 0 0 0 0 0 0 0 0 0 0 0 0 0 0 0 0 0 0 0 0 0 0 0 0 0 0 0 0 0 0 0 0 0 0 0 0 0 1 0 0 0 0 0 0 
0 0 0 0 0 0 0 0 0 0 0 0 0 0 0 0 0 0 0 0 0 0 0 1 0 0 0 0 0 0 0 1 0 0 0 0 0 0 0 0 0 0 0 0 0 0 0 0 0 0 0 0 1 0 0 0 0 0 0 0 0 0 0 0 0 0 0 0 0 0 0 0 0 0 0 0 0 0 1 0 0 0 0 1 1 0 0 0 0 0 0 0 0 0 0 0 0 0 0 0 0 0 1 0 0 0 1 0 1 0 0 0 0 0 0 0 0 0 0 0 0 0 1 0 0 0 0 0 0 0 0 0 0 0 0 0 1 0 0 0 0 1 1 0 0 0 0 0 0 0 0 0 0 0 0 1 0 0 0 0 0 0 0 0 0 0 0 0 0 0 0 0 0 0 0 0 0 0 0 0 0 0 0 1 0 0 0 0 0 0 0 0 0 1 0 0 0 0 0 0 0 0 0 1 0 0 0 0 0 0 0 0 0 0 0 0 0 0 0 0 0 0 0 0 0 0 0 0 1 0 0 0 0 0 0 0 0 0 0 0 0 0 0 0 0 0 0 0 0 0 0 0 0 0 0 0 
0 0 0 0 0 0 0 0 0 0 0 0 0 0 0 0 0 0 0 0 0 0 0 0 0 0 0 0 0 1 0 1 0 0 1 0 0 0 0 0 0 0 0 0 0 0 0 1 0 0 0 0 0 1 0 0 0 0 0 0 0 0 1 0 0 0 0 0 0 0 0 0 0 0 0 0 0 0 0 0 0 0 0 0 0 0 0 0 0 0 0 0 0 0 1 0 0 0 0 0 0 0 0 1 0 0 0 0 0 0 0 0 0 0 0 0 0 0 0 0 0 0 0 0 0 1 0 0 0 0 0 0 0 0 0 0 0 0 1 0 0 0 0 0 0 0 0 0 0 0 0 0 0 0 0 0 0 0 0 0 0 0 0 0 0 0 0 0 0 0 0 1 0 0 1 0 0 0 0 0 0 0 0 0 0 0 0 0 0 1 0 0 0 0 0 1 0 0 0 0 0 0 0 1 0 0 0 0 0 0 0 0 0 0 0 0 0 0 1 0 0 0 0 0 0 0 0 0 0 0 0 0 0 0 0 0 0 0 1 0 0 0 0 0 0 0 0 0 0 0 0 0 0 0 0 0 
0 0 0 0 0 0 0 0 0 0 0 0 0 0 0 0 0 0 0 0 0 0 0 0 0 0 0 0 0 0 0 0 0 0 0 0 0 0 0 0 0 0 0 0 0 0 0 0 0 0 0 0 1 0 0 0 0 0 0 0 0 0 0 1 0 0 0 0 0 0 0 0 1 0 0 0 0 0 0 0 0 0 0 0 0 1 0 0 0 0 0 0 0 0 0 0 0 0 0 0 0 0 0 1 0 0 0 1 0 0 0 0 1 0 0 0 0 0 0 0 0 0 0 0 0 0 0 0 0 0 0 0 0 0 0 0 0 0 0 0 0 0 0 0 0 0 0 1 0 0 1 1 0 0 0 0 0 0 0 0 0 0 0 0 0 0 0 0 0 0 0 0 0 0 0 0 0 0 0 0 0 0 0 0 1 0 0 0 0 0 0 0 0 0 0 0 0 0 0 0 0 0 1 0 0 0 0 0 0 0 0 0 0 0 0 0 1 0 0 0 0 0 0 0 0 0 0 0 0 0 0 0 0 0 0 0 1 0 0 0 0 0 0 0 0 0 0 0 0 0 0 0 0 0 0 0 
0 0 0 0 0 0 0 2 0 0 0 1 0 0 0 0 0 0 0 0 0 0 0 0 0 0 0 0 0 0 0 0 0 1 0 0 0 0 0 0 0 0 0 0 0 0 0 0 0 0 0 0 1 0 0 0 0 0 1 0 0 1 0 0 0 0 0 0 0 0 0 0 0 0 0 0 0 0 0 0 0 0 0 0 0 0 0 1 0 0 0 0 0 0 0 0 0 0 0 0 1 0 0 0 0 0 0 0 0 0 0 0 0 0 0 0 0 1 0 0 0 0 0 0 0 0 0 0 0 0 0 0 0 0 0 0 0 0 0 0 0 0 0 0 1 0 0 0 0 0 0 0 0 0 0 0 0 0 0 1 0 0 1 0 0 0 0 0 0 0 0 0 0 0 0 0 0 1 0 0 0 1 0 0 0 0 0 0 0 0 0 0 0 0 0 0 0 0 0 0 0 1 0 0 0 1 0 0 0 0 0 0 0 0 0 0 0 0 0 0 0 0 0 0 0 0 0 0 0 0 0 0 0 0 0 0 0 0 1 0 1 0 0 0 0 0 0 0 0 0 0 0 0 0 0 0 
0 0 0 0 0 0 0 0 0 0 1 0 0 0 0 0 0 0 0 1 0 0 0 0 0 0 0 0 0 0 0 0 0 0 0 0 1 0 1 0 0 0 0 0 0 0 0 0 0 0 0 0 0 0 0 0 0 1 0 1 0 0 0 0 0 0 0 0 0 0 0 1 0 0 0 0 0 0 0 0 0 0 0 0 0 0 0 0 0 0 0 0 1 0 2 0 0 0 0 0 0 0 0 0 0 0 0 0 0 0 0 0 0 0 0 0 0 0 0 1 0 0 0 0 0 0 0 0 0 0 0 0 0 0 0 0 0 1 0 0 0 0 0 0 0 0 0 0 0 0 0 0 0 0 0 1 0 0 0 0 0 0 0 0 0 0 0 0 0 0 0 0 0 0 0 0 0 0 0 0 0 1 0 0 0 0 0 0 0 0 0 0 0 0 0 0 0 0 0 0 0 0 1 0 0 0 0 0 0 1 0 0 0 0 0 0 0 0 0 1 0 0 0 0 0 0 0 0 1 0 0 0 1 0 0 0 0 0 0 0 0 0 0 0 0 0 0 0 0 0 0 0 0 0 0 0 
0 0 0 0 0 0 0 0 0 0 0 0 0 0 0 0 0 0 0 0 0 0 0 0 0 0 0 0 0 0 1 0 0 0 0 0 0 0 0 0 0 0 0 0 1 0 0 0 0 0 0 0 0 0 0 0 0 1 1 0 0 0 0 1 0 0 0 0 0 0 0 0 0 0 0 1 0 0 0 0 0 0 0 0 0 0 0 0 0 0 0 0 0 0 0 0 0 0 0 0 0 0 0 0 0 0 0 0 0 0 0 0 0 0 0 0 0 0 0 0 0 0 0 0 0 0 0 0 0 0 0 0 0 0 0 0 0 0 0 0 0 0 0 0 0 0 0 0 0 0 0 0 0 0 0 0 0 0 0 0 0 0 0 0 0 0 0 0 0 0 0 0 0 0 0 0 0 0 0 0 0 0 0 0 0 0 0 0 0 0 0 0 0 0 0 0 0 0 0 0 0 0 1 0 0 0 0 0 0 0 0 0 0 0 0 0 0 0 0 0 0 0 0 0 0 0 0 0 0 0 1 1 0 0 0 0 0 0 0 0 1 0 0 0 0 0 0 0 0 0 0 0 0 0 0 1 
0 0 1 1 0 0 0 0 0 0 0 0 0 0 0 0 0 0 0 0 0 0 0 0 0 0 0 0 0 0 0 0 1 0 0 0 0 0 0 0 0 1 0 0 0 0 0 0 0 0 0 0 0 0 0 0 0 0 0 0 0 0 0 0 0 0 0 1 0 0 0 0 0 0 0 0 0 0 0 0 0 0 0 0 0 0 0 0 2 0 0 0 0 0 0 0 0 0 0 0 0 0 0 0 0 0 0 0 0 0 0 0 0 1 0 0 0 1 0 0 0 0 0 0 0 0 0 0 0 0 0 0 0 0 0 0 0 0 0 0 0 0 0 0 0 0 0 1 0 0 0 0 0 0 0 0 1 1 0 0 0 0 0 0 0 0 0 0 0 0 0 0 0 0 0 1 0 0 1 0 0 0 0 0 0 0 0 0 0 0 0 0 0 1 0 0 0 0 0 0 0 0 0 0 0 0 0 0 0 0 0 0 0 0 0 0 0 0 0 0 0 0 0 0 0 0 0 0 0 0 0 0 0 0 0 0 0 0 0 0 0 0 0 0 0 0 0 0 0 0 0 0 1 0 0 0 
0 0 0 0 0 0 0 0 0 0 0 0 0 0 0 0 0 0 0 0 0 0 0 0 0 1 0 0 0 0 0 0 0 0 0 0 0 0 0 0 0 0 0 0 0 0 0 0 0 0 0 0 0 0 0 0 0 0 0 0 0 0 0 0 0 0 0 0 0 0 0 0 0 0 0 0 1 0 0 0 0 0 1 0 0 0 0 0 0 0 0 0 0 1 0 0 0 0 0 0 0 0 0 0 0 0 0 0 0 0 0 0 0 0 0 0 0 0 0 0 0 0 1 0 0 0 0 1 0 0 0 1 0 0 1 0 0 0 0 0 0 1 1 0 0 0 0 0 1 0 0 0 0 0 0 0 0 0 0 0 1 0 0 0 0 0 0 0 0 0 0 0 0 0 0 0 0 0 0 0 0 0 0 0 1 0 0 0 0 0 0 0 0 0 0 0 0 0 0 0 0 0 0 1 1 0 0 0 0 0 0 0 0 0 0 0 0 0 1 0 0 0 0 0 0 0 0 0 1 0 0 0 0 0 0 0 0 0 0 0 0 0 0 0 0 0 0 0 0 0 0 0 0 0 0 0 
0 0 0 0 0 0 0 0 0 0 0 0 0 0 0 0 0 0 0 0 0 0 0 0 0 0 0 0 0 0 0 0 0 0 0 1 1 0 0 0 0 0 0 0 0 0 0 0 0 0 0 0 0 0 0 0 0 0 0 0 0 0 0 0 0 0 0 0 0 0 0 0 0 0 0 0 0 0 0 0 0 0 0 0 0 0 0 0 0 0 0 0 0 0 0 1 2 0 0 0 0 0 0 0 0 0 0 1 0 0 0 0 0 0 0 0 1 0 0 0 0 0 0 0 0 0 0 2 0 0 0 0 0 0 0 0 0 0 0 0 0 1 1 0 0 0 0 0 0 0 0 0 0 1 0 0 0 0 0 0 0 0 0 0 0 0 0 0 0 0 0 0 0 0 0 0 0 0 0 1 0 0 0 0 0 0 0 0 0 0 0 0 0 0 0 0 0 0 0 0 0 0 0 0 0 0 0 0 0 0 0 1 0 0 0 0 0 0 0 0 0 0 0 0 0 0 0 0 0 0 0 0 0 0 0 0 0 0 0 0 0 0 0 0 0 0 0 0 0 0 0 0 0 0 0 0 
0 1 0 0 0 0 0 0 0 0 1 0 0 0 0 0 0 0 0 0 0 0 0 0 0 0 0 0 0 0 0 0 0 1 0 0 0 0 0 0 0 0 0 0 0 0 0 0 0 0 0 1 0 0 0 0 0 0 0 1 0 0 0 1 0 0 0 0 0 0 0 0 0 0 0 0 0 0 0 0 0 0 0 0 0 0 0 0 0 0 0 0 0 0 0 0 0 0 0 0 0 0 0 0 0 0 0 0 1 0 0 0 0 0 0 0 0 0 0 0 0 0 0 0 0 0 0 0 0 0 0 0 0 0 0 0 0 0 0 0 0 0 0 0 0 0 0 0 1 0 0 0 0 0 0 0 0 0 0 0 0 0 0 0 0 0 0 0 1 0 0 0 0 0 1 1 0 0 0 1 0 0 0 0 1 0 0 0 0 0 0 0 0 0 0 0 0 0 0 0 0 0 0 0 0 0 0 0 0 0 0 0 0 0 1 0 0 0 1 0 0 0 0 0 0 0 0 0 0 0 0 1 0 0 0 0 0 0 0 0 0 0 1 0 0 0 0 0 0 0 0 0 0 0 1 0 
0 0 0 0 0 0 1 0 0 0 0 0 0 0 0 0 0 0 0 0 0 0 0 0 0 0 0 0 0 0 1 0 0 0 0 0 1 0 0 0 0 0 0 0 0 1 0 0 0 0 0 0 0 0 1 0 0 1 0 0 0 1 0 0 0 1 0 0 0 0 0 0 0 0 0 1 0 0 0 0 0 0 0 0 0 0 0 1 0 0 0 0 0 0 0 0 0 0 1 0 0 0 0 1 0 0 0 0 0 0 0 0 0 0 0 1 0 0 0 0 0 0 0 0 0 0 0 0 0 0 0 0 0 0 0 1 0 0 0 0 0 0 0 0 0 0 0 0 0 0 0 0 0 0 0 0 0 0 0 0 0 1 0 1 0 0 0 0 0 0 0 0 0 0 0 0 0 0 0 0 1 0 1 0 0 0 0 0 0 1 0 0 0 0 0 0 0 0 0 0 0 0 0 0 0 0 1 0 0 0 0 0 0 0 0 0 0 0 0 0 0 0 0 0 0 0 0 0 0 0 1 0 0 0 0 0 0 0 0 0 0 0 0 0 0 0 0 0 0 0 0 0 0 0 0 0 
0 0 0 0 0 0 0 0 0 0 0 0 0 0 0 0 0 0 0 0 0 0 0 0 0 0 0 0 0 0 0 0 0 0 0 0 0 0 0 0 1 0 0 0 0 1 0 0 0 0 0 0 0 1 0 1 0 0 0 0 0 0 0 0 0 0 0 0 0 0 0 1 0 0 1 0 0 0 0 0 1 0 0 0 0 0 0 0 0 0 0 0 0 0 0 0 0 0 0 0 0 0 0 1 0 0 0 0 0 0 0 0 1 0 0 0 0 0 0 0 0 0 0 0 0 0 0 0 0 0 0 0 1 0 0 0 0 0 0 0 0 1 0 0 0 0 1 0 0 0 0 0 0 0 0 0 0 0 0 0 0 0 0 0 0 0 0 0 0 0 0 0 0 0 0 0 0 0 0 0 0 0 0 0 1 0 0 0 0 0 0 0 0 0 0 0 0 0 0 0 0 0 0 0 0 0 0 1 0 0 0 0 0 0 1 0 0 0 0 0 0 0 0 0 0 0 0 0 0 0 0 0 1 0 0 0 0 0 0 0 0 0 0 0 0 1 0 0 0 1 0 0 0 0 0 0 
0 0 0 0 0 0 1 0 0 0 0 0 0 0 0 0 1 0 0 1 0 0 0 0 0 0 0 0 0 0 0 0 0 0 0 0 0 0 0 0 0 0 0 0 0 0 0 0 0 0 0 0 0 0 0 0 0 0 0 0 0 0 0 0 0 0 0 0 0 0 0 0 0 0 0 0 0 0 0 0 0 0 0 0 0 0 0 0 0 0 0 0 0 0 0 0 0 1 0 0 0 0 0 0 0 0 0 0 0 0 0 0 0 0 0 0 0 0 0 0 0 0 0 0 0 0 0 0 0 0 0 0 0 0 0 0 0 0 0 0 0 0 0 0 0 0 0 0 0 0 0 1 0 0 0 0 0 0 0 0 0 0 0 0 0 0 0 0 0 0 0 0 0 0 0 0 0 0 0 0 1 0 0 0 0 0 0 0 0 0 0 0 0 1 0 0 0 0 0 0 0 0 0 0 0 1 0 0 0 0 0 0 0 0 0 0 1 0 0 0 0 0 0 0 0 0 0 0 0 0 0 1 0 0 0 1 0 1 0 0 0 0 0 0 0 0 0 0 0 0 0 0 0 1 0 0 
0 0 0 0 0 0 0 0 0 1 0 1 0 0 0 0 0 0 0 0 0 0 0 0 0 0 0 0 0 0 0 0 0 0 0 0 0 0 0 0 0 0 0 0 0 0 1 0 0 0 0 0 0 0 0 0 0 0 0 0 0 1 0 0 0 1 1 0 0 0 0 0 0 0 0 1 0 0 0 0 0 0 0 0 0 0 0 0 0 0 0 0 0 0 0 0 0 0 0 0 0 0 0 0 0 0 0 0 0 0 0 0 0 0 0 0 0 1 0 0 0 0 0 0 0 0 0 0 0 0 0 1 0 0 0 0 0 0 0 1 0 1 0 0 0 0 0 1 0 0 0 0 0 0 0 0 0 1 0 0 0 1 0 0 0 0 0 0 0 0 1 0 0 0 0 0 0 0 0 1 0 2 0 0 1 0 0 0 0 0 0 0 0 0 0 0 0 0 0 0 0 0 0 0 0 0 0 0 0 0 0 0 0 0 0 0 0 0 0 0 0 0 0 0 0 0 0 0 0 0 0 0 0 0 0 1 0 0 0 0 0 0 0 0 1 0 0 0 0 0 0 0 0 0 0 0 
1 0 0 0 0 0 0 0 0 0 0 0 0 0 0 0 1 0 1 0 0 0 0 0 0 0 0 0 0 0 0 0 0 0 0 0 0 0 1 0 0 0 0 0 0 0 0 0 0 0 0 0 0 0 0 0 0 0 0 0 0 0 0 0 0 0 0 0 1 0 0 0 0 0 0 0 0 0 0 0 0 0 0 0 0 0 0 0 0 0 0 0 0 0 0 0 0 0 0 0 0 0 0 0 0 1 0 0 0 0 1 0 0 0 0 0 0 0 0 0 1 0 0 0 0 0 0 0 0 0 0 0 0 0 1 0 0 0 0 0 0 0 0 0 0 0 0 0 0 0 0 0 0 0 0 0 0 1 0 0 0 0 0 0 0 0 0 0 1 0 0 0 0 0 0 0 0 0 0 0 1 0 0 0 0 0 0 0 0 0 0 0 0 0 0 0 0 0 0 0 0 0 0 0 0 0 0 0 0 0 0 0 0 0 0 1 0 0 0 0 1 0 1 0 0 0 0 0 0 1 0 1 0 0 0 0 0 0 0 0 0 0 0 0 0 0 0 0 0 0 0 0 0 0 1 0 
0 1 0 0 0 0 0 0 0 0 0 0 0 0 0 0 0 0 0 0 0 0 0 0 0 0 0 0 0 0 0 0 3 1 0 0 1 0 0 1 0 0 0 0 0 0 0 0 0 0 0 0 0 0 0 0 0 0 0 0 0 0 0 0 0 0 0 0 0 0 0 0 0 0 0 0 0 0 0 0 0 0 0 0 0 0 0 1 0 1 0 0 0 0 0 0 0 0 0 0 0 0 0 0 0 0 0 0 0 0 0 0 0 0 0 0 0 0 0 0 0 0 0 0 0 0 0 0 0 0 0 0 0 0 0 0 0 0 0 0 0 0 0 0 0 0 0 0 0 0 0 0 0 0 0 0 0 0 0 0 0 0 0 0 0 0 0 0 0 0 0 0 0 0 0 0 0 0 0 0 0 0 0 0 0 0 1 0 0 0 1 0 0 0 0 0 0 0 0 0 0 0 0 0 0 0 0 0 0 0 0 0 0 0 0 0 0 0 0 0 0 0 0 0 0 0 0 0 0 0 0 0 0 0 0 0 0 0 0 0 0 0 0 0 1 0 0 0 0 0 0 0 0 1 0 0 
0 0 0 0 1 0 0 0 0 0 1 0 0 0 0 0 0 0 0 0 0 0 0 0 0 1 0 0 0 1 0 1 0 0 0 0 0 0 0 0 1 0 0 0 0 0 1 0 0 0 0 0 0 0 0 0 0 0 0 0 0 0 0 0 0 0 0 0 0 0 0 0 0 1 0 0 0 0 0 0 0 0 0 0 0 0 0 0 0 0 0 0 0 0 0 0 0 0 0 0 0 0 0 0 0 0 0 0 0 0 0 0 0 0 0 0 0 0 0 0 0 0 0 0 0 0 0 0 0 0 0 0 0 0 0 0 0 0 0 0 0 0 0 1 0 0 0 0 0 0 0 0 1 0 0 0 0 0 1 0 0 0 0 0 1 0 0 0 0 0 0 0 2 0 0 0 0 0 1 1 0 0 0 0 1 0 0 0 0 0 0 0 0 0 0 0 0 0 0 0 0 0 0 1 0 0 1 0 0 0 0 0 0 0 0 1 0 0 0 0 0 0 0 0 1 0 0 1 0 0 0 0 0 0 1 0 0 0 0 0 0 0 0 0 0 0 0 0 0 0 0 0 0 0 1 0 
0 0 0 0 0 0 0 0 0 0 1 1 0 0 1 0 0 0 0 0 1 0 1 0 0 0 0 1 0 0 0 0 0 0 2 0 0 1 0 0 0 0 0 0 0 0 0 0 0 0 0 0 0 0 0 0 0 0 1 0 0 0 0 0 0 0 0 0 0 0 0 0 0 0 1 0 0 0 0 0 0 0 0 0 0 0 0 0 1 0 0 0 0 0 0 0 0 0 0 0 0 0 0 0 0 0 0 0 0 0 0 0 0 0 0 0 0 0 0 0 0 0 0 0 0 0 0 0 0 2 0 0 1 0 0 1 0 0 0 0 0 0 0 0 1 0 0 0 0 0 0 0 0 0 0 0 0 0 0 0 0 0 0 1 0 0 0 0 0 0 0 0 1 0 0 0 0 0 0 0 0 0 0 0 0 0 0 0 0 0 0 0 0 0 0 0 0 0 0 0 1 0 0 0 0 0 0 0 0 0 0 0 1 0 0 0 0 0 0 0 0 0 0 0 0 0 0 0 0 1 0 0 0 0 0 0 0 0 0 0 0 0 0 0 0 0 0 0 0 0 0 0 0 0 0 0 
0 0 0 0 0 0 0 0 0 0 0 0 0 0 0 0 0 1 0 0 0 0 0 1 1 0 0 0 0 0 0 0 0 0 0 0 0 0 0 0 0 0 0 0 0 0 0 1 0 1 0 0 0 0 1 0 0 0 0 0 0 0 0 0 0 0 0 0 1 1 0 0 0 1 0 1 0 0 0 0 0 0 0 0 0 0 0 0 0 0 0 0 0 0 0 0 0 0 1 0 0 0 0 0 0 1 0 0 0 0 0 0 0 0 0 0 0 0 0 0 0 0 0 0 1 0 0 0 0 0 0 0 0 0 0 1 0 0 1 0 0 0 0 0 0 0 0 0 0 0 0 0 0 0 0 0 1 0 0 0 0 0 0 0 0 0 0 0 1 1 0 0 0 0 0 0 0 0 0 0 0 0 0 0 0 0 0 0 0 0 0 0 0 0 0 0 0 0 0 0 0 1 0 0 0 1 0 0 0 0 0 0 0 0 0 0 0 0 0 0 0 0 0 0 1 0 0 0 0 0 0 0 0 1 0 0 0 0 0 0 0 0 0 0 0 0 0 0 0 0 0 0 0 0 0 0 
0 0 1 0 0 0 1 0 1 0 0 0 0 0 0 0 0 0 0 1 0 0 0 0 0 0 0 0 0 0 0 0 0 0 0 0 0 0 0 0 0 0 0 0 0 0 0 0 0 0 0 0 0 0 0 0 0 0 0 0 1 0 0 0 0 0 0 0 0 0 0 0 0 0 0 0 0 0 0 0 0 0 0 0 1 0 0 0 0 0 0 0 1 0 0 0 0 0 0 0 0 0 0 0 0 0 0 0 0 0 0 0 0 0 0 0 0 0 0 0 0 0 0 0 0 0 0 0 0 0 0 0 0 0 0 0 0 0 0 0 0 0 0 0 0 0 0 0 0 0 0 0 1 0 0 0 0 0 0 0 1 0 0 0 0 0 0 0 0 0 0 0 0 0 0 0 0 0 0 0 0 0 0 0 0 0 0 0 0 0 1 0 0 0 0 0 0 0 0 0 0 0 0 0 0 0 0 0 0 0 0 0 0 0 0 0 0 0 0 0 0 0 0 0 0 0 0 0 0 0 0 0 0 0 0 0 0 0 0 0 0 0 0 0 0 0 1 0 0 0 0 0 0 0 0 0 
0 0 0 0 0 0 0 0 0 0 0 0 0 0 0 0 0 0 0 0 0 0 0 0 0 0 0 0 0 0 0 0 0 0 1 0 0 0 0 0 0 0 0 0 0 0 1 0 0 0 0 0 0 0 0 0 0 0 0 0 0 0 0 0 0 0 0 0 0 0 0 0 0 0 0 0 0 0 0 0 0 0 0 0 0 0 1 0 0 0 0 0 0 0 0 0 0 0 0 0 0 0 0 0 0 0 0 0 0 0 0 1 0 0 0 0 0 0 0 0 0 0 0 0 0 0 0 0 0 0 0 0 0 0 0 0 0 0 0 0 0 0 0 0 0 0 0 0 0 0 0 0 0 0 0 0 0 0 0 0 0 0 0 0 0 0 1 0 0 0 0 0 0 0 0 0 0 0 0 0 0 0 0 0 0 0 0 0 0 0 0 0 0 0 0 0 0 0 0 0 0 0 0 0 0 0 0 0 0 0 0 0 1 0 0 0 0 0 0 0 0 0 0 0 0 0 0 0 0 0 0 0 0 1 0 1 0 0 0 0 0 0 0 0 0 0 0 0 0 0 0 0 0 0 0 0 
0 1 0 0 0 0 0 0 0 0 0 0 0 1 0 0 0 0 0 0 0 0 0 0 0 0 0 0 0 0 0 0 1 0 0 0 0 0 0 0 0 0 0 1 0 1 0 0 0 0 0 0 0 0 0 0 0 0 0 0 0 0 0 1 0 0 0 0 0 0 0 0 0 0 0 0 0 0 0 0 0 0 0 0 0 0 0 0 0 0 0 0 0 0 0 0 0 0 0 0 0 0 0 0 0 0 0 0 0 0 0 0 0 0 0 1 0 0 0 0 0 0 0 0 0 1 0 0 0 0 0 0 0 0 0 0 0 0 0 0 0 0 0 0 0 0 0 0 0 0 0 0 0 0 0 0 0 0 0 0 0 0 0 0 0 0 0 1 0 0 0 0 0 0 0 0 0 0 0 0 0 0 0 0 0 1 0 0 0 0 0 0 0 0 0 0 0 0 0 0 0 0 0 0 0 0 0 0 0 0 0 0 0 0 0 0 0 0 0 0 0 0 0 0 0 0 0 0 0 0 0 0 0 0 0 0 0 0 0 0 0 0 0 0 0 0 0 0 0 0 0 0 0 0 0 0 
0 0 0 0 0 0 0 0 0 0 0 0 0 0 0 0 0 0 0 0 0 0 0 0 0 0 0 1 0 0 0 0 0 0 0 0 0 0 0 0 0 0 0 0 1 0 0 0 0 0 0 0 0 0 1 0 0 0 0 0 0 0 0 0 0 0 0 1 0 0 0 0 0 1 0 0 0 0 0 0 0 0 0 0 0 0 0 0 0 0 0 0 0 0 0 0 0 0 1 0 0 0 1 0 0 0 0 0 0 0 0 0 0 0 0 0 0 0 0 0 0 0 0 0 0 0 0 0 0 0 0 0 0 0 1 0 0 0 0 0 0 0 0 0 1 0 1 0 0 1 0 0 0 1 0 0 0 0 0 0 0 0 0 0 0 0 0 0 0 0 0 0 0 0 0 0 0 0 0 0 0 1 0 0 0 0 0 0 0 0 0 0 0 0 0 0 0 0 0 0 0 0 0 0 0 0 0 0 0 0 0 0 0 0 0 1 0 0 0 0 0 0 0 0 1 0 0 0 0 0 0 0 0 0 0 0 0 0 1 0 0 0 0 0 0 0 0 0 0 0 0 0 0 0 0 0 
0 0 0 0 0 0 0 0 0 0 0 0 0 0 0 0 0 0 0 0 0 0 0 0 1 0 0 0 0 0 0 0 0 0 0 0 0 0 0 0 0 1 0 0 0 0 0 0 0 0 0 0 0 0 0 0 1 0 0 0 0 0 0 1 0 0 0 0 0 0 0 0 0 0 0 0 0 0 0 0 0 0 1 0 0 0 0 1 0 0 0 1 0 0 0 0 1 0 0 0 0 0 0 0 0 0 0 1 0 0 0 0 0 0 0 0 0 0 0 0 0 0 0 0 0 0 0 1 0 0 0 0 0 0 0 0 0 0 0 0 0 0 0 0 0 0 0 0 1 0 0 0 0 0 0 0 0 0 0 0 0 0 0 0 0 0 0 0 0 0 0 0 0 0 0 0 0 0 0 0 0 0 0 0 0 0 0 0 0 0 0 0 0 1 0 0 1 0 0 0 0 0 0 0 0 0 0 0 1 0 0 0 0 0 0 1 0 0 0 0 0 0 0 0 0 0 0 0 0 0 0 0 0 0 0 1 0 0 0 0 0 0 0 0 0 0 0 1 0 0 0 0 0 0 0 0 
0 0 0 0 0 0 0 0 0 0 0 0 0 0 0 0 0 0 0 0 0 0 0 0 0 0 0 0 0 0 0 0 1 1 0 0 0 0 0 0 0 0 0 0 0 0 0 0 0 0 0 0 0 0 0 0 0 0 0 1 0 0 0 0 0 0 0 0 0 0 0 0 0 0 0 0 0 0 0 0 0 0 0 0 0 0 0 0 0 0 0 0 0 0 1 0 0 0 1 0 0 0 0 1 0 0 0 0 1 0 0 0 0 1 0 0 1 0 0 0 0 0 0 0 0 0 0 1 0 0 0 0 0 0 0 0 0 0 0 0 0 0 0 0 0 0 0 0 0 0 0 0 0 0 0 1 0 0 0 0 0 0 1 0 0 0 0 0 0 0 0 0 0 0 0 0 1 0 0 0 0 0 0 0 0 0 0 0 0 0 0 0 0 0 0 1 0 0 0 0 0 0 0 0 0 0 0 0 0 0 0 0 1 0 0 0 0 1 0 0 0 0 0 0 0 0 0 0 0 0 0 0 0 0 0 0 0 0 0 0 0 0 0 0 0 0 0 0 0 0 0 0 0 0 0 0 
0 0 0 1 0 0 0 0 0 0 0 0 0 0 0 0 1 0 0 1 0 0 0 0 0 0 0 1 0 0 0 0 0 0 0 0 0 0 0 0 0 0 0 1 0 0 0 0 0 0 0 0 1 0 0 0 0 0 0 0 0 0 0 1 0 0 0 0 0 0 0 0 0 0 0 0 0 0 0 0 0 0 0 0 0 0 1 0 0 0 0 0 0 0 0 0 0 0 1 0 0 0 0 0 0 0 0 0 0 0 0 0 0 0 0 0 0 0 0 0 0 0 0 0 0 0 0 0 0 0 1 0 0 0 0 0 0 1 0 0 0 0 0 0 0 0 0 0 0 0 0 0 0 0 1 0 1 0 0 0 0 0 0 0 0 0 0 0 0 0 0 0 0 0 1 0 0 0 0 0 0 0 0 0 0 0 0 0 0 0 0 0 0 0 0 1 0 0 0 0 0 1 0 0 0 1 0 0 0 0 1 0 0 0 0 0 0 0 0 1 0 0 0 0 0 0 0 0 0 1 0 0 0 0 0 1 0 0 0 0 0 0 0 0 0 0 0 0 0 0 0 0 0 0 0 0 
0 0 0 0 0 0 0 1 0 0 0 0 0 1 0 0 0 0 0 0 0 0 0 0 0 0 0 0 0 0 0 0 1 0 1 0 0 0 1 0 0 0 0 0 0 0 0 1 0 0 0 0 0 0 0 0 0 0 0 0 0 0 0 0 0 0 0 0 0 0 0 0 0 0 0 0 0 0 0 0 0 0 0 0 0 0 0 0 1 0 0 0 0 0 0 0 0 0 0 0 0 0 1 0 0 0 1 0 0 0 0 0 0 0 0 0 0 0 0 0 0 0 0 0 0 0 0 0 0 0 0 0 0 0 0 0 0 0 0 0 0 0 0 0 0 0 0 0 0 1 0 0 0 0 0 0 0 0 0 0 0 0 0 0 0 0 0 0 0 0 1 0 0 1 0 0 0 0 0 0 0 0 0 0 0 0 0 0 0 0 0 2 0 0 0 0 1 0 0 0 0 0 0 0 0 0 0 0 0 1 0 0 0 0 1 0 0 0 0 0 0 0 0 0 0 0 0 0 0 0 0 0 0 0 0 0 0 0 0 0 1 0 0 0 0 0 0 0 0 0 0 0 0 0 0 0 
0 0 0 0 0 0 0 0 1 0 0 0 0 0 0 0 0 0 1 0 0 1 0 0 0 0 0 0 0 0 0 0 1 0 0 0 0 1 0 0 0 1 0 0 0 1 0 0 0 0 0 0 0 0 0 0 1 0 0 0 0 0 0 0 0 0 0 0 0 0 0 0 0 0 1 0 0 0 0 0 0 0 0 0 1 0 0 0 1 0 0 0 0 0 0 0 0 0 0 0 0 0 0 0 0 0 0 0 0 0 0 0 0 0 0 0 0 0 0 0 0 2 0 0 0 0 0 0 0 1 0 0 0 0 0 0 0 0 0 0 0 0 0 0 0 0 0 0 0 0 0 0 0 0 0 0 0 0 0 0 0 0 0 0 1 0 0 0 0 0 0 0 0 0 0 1 0 0 0 1 0 0 0 0 0 0 0 0 0 0 0 0 0 0 0 0 0 0 0 0 0 0 0 0 0 0 0 0 1 0 0 0 0 0 0 0 1 0 0 0 0 0 0 0 0 0 0 0 0 0 0 0 0 0 0 0 0 0 0 0 0 0 0 0 0 0 0 0 0 0 0 0 0 0 0 0 
0 0 0 0 0 0 0 0 0 1 0 0 0 0 0 0 0 0 1 0 0 0 0 0 0 0 0 0 0 0 0 0 0 0 0 0 1 1 0 0 0 0 0 0 0 0 0 0 0 0 0 0 0 0 0 0 1 0 0 0 0 1 0 0 1 0 0 0 0 0 0 0 0 0 1 0 0 0 0 0 0 0 0 0 0 0 0 0 0 0 0 0 0 0 0 0 0 0 0 0 0 0 0 0 0 0 0 0 1 0 0 0 0 0 0 0 0 0 0 0 0 0 0 0 0 0 0 0 0 0 0 0 0 0 0 0 0 0 0 0 0 0 0 0 0 0 1 0 0 0 1 0 0 0 0 0 0 0 0 0 0 0 0 0 0 0 0 0 0 0 1 0 0 0 0 0 0 0 0 0 0 0 0 0 0 0 0 0 0 0 0 0 1 0 0 0 0 0 0 0 0 0 0 0 0 0 0 0 0 0 0 0 0 0 0 0 0 0 0 0 0 0 0 0 0 0 1 0 0 0 0 0 0 0 0 0 0 0 1 0 0 0 1 0 0 0 0 0 0 0 0 0 0 0 1 0 
0 0 0 0 0 0 0 0 0 0 0 0 0 0 0 0 0 0 0 0 0 0 0 0 0 0 0 0 0 0 0 0 0 0 1 0 0 0 0 0 1 0 0 0 0 0 0 0 0 0 1 0 0 0 0 0 0 0 0 0 0 0 0 0 0 0 1 0 0 0 0 0 0 0 0 0 1 0 0 0 0 0 0 0 0 1 0 0 0 0 0 0 0 0 0 0 0 0 0 0 0 0 0 0 0 0 0 0 0 0 0 1 0 0 0 0 0 0 0 0 0 0 0 0 0 0 0 0 0 0 0 0 0 0 0 0 0 0 0 0 0 1 0 0 0 0 0 0 0 0 0 1 0 0 0 0 0 1 0 0 0 0 0 0 0 0 0 0 0 0 0 0 0 0 0 0 0 0 0 0 0 0 0 0 0 0 0 0 0 0 0 0 0 2 0 0 0 0 0 0 0 1 0 0 1 0 1 0 0 0 0 0 0 0 0 0 1 0 1 0 1 0 0 0 0 0 0 0 0 0 0 0 0 0 0 0 0 0 0 1 0 0 0 1 0 0 0 0 1 0 0 0 0 0 0 0 
0 0 0 0 0 0 0 1 1 0 0 0 1 0 0 0 0 0 0 0 0 0 0 0 0 0 0 0 0 0 0 0 0 0 0 0 0 0 0 0 0 0 0 0 0 0 0 0 0 0 0 0 0 0 0 0 1 0 0 0 0 0 0 0 0 0 0 0 0 0 0 0 0 0 1 0 0 0 0 0 0 0 0 0 0 0 0 0 1 0 0 0 0 0 0 0 0 0 0 0 0 0 0 0 0 0 0 0 0 0 1 0 0 0 0 0 0 0 0 0 0 0 0 0 0 0 0 1 0 0 0 1 0 0 0 0 0 0 0 0 1 0 1 0 0 0 0 0 0 0 0 0 0 0 0 0 0 0 0 0 0 1 0 1 0 0 0 0 0 0 0 0 0 0 0 0 0 0 0 0 0 0 0 0 0 0 0 0 0 0 0 0 0 0 0 0 0 0 1 0 0 0 0 0 0 1 0 0 0 0 0 0 0 0 0 0 0 0 0 0 0 0 0 0 0 0 0 0 0 0 0 0 0 0 0 0 1 0 0 0 0 0 0 0 0 0 0 0 0 0 0 0 0 0 0 0 
0 0 0 1 1 0 0 0 0 0 0 0 0 0 0 0 0 0 0 0 0 1 0 0 0 0 0 0 0 0 0 0 0 0 1 0 0 0 0 0 0 1 0 0 1 0 0 0 0 0 0 0 1 0 0 0 0 0 0 0 0 0 0 1 0 0 0 0 0 0 0 0 1 0 0 0 0 0 0 0 0 0 0 0 0 0 1 0 0 0 0 0 0 0 0 0 1 0 0 0 0 0 0 0 0 0 0 0 0 1 0 0 0 1 0 0 0 0 0 0 0 0 0 0 0 0 0 0 0 0 0 1 0 0 0 0 0 0 0 0 0 0 0 0 0 0 1 0 0 0 0 0 0 0 0 0 0 0 0 0 0 0 0 0 0 0 0 0 0 0 0 0 0 0 0 0 0 0 1 0 0 0 0 0 0 0 0 0 0 0 0 0 0 0 0 0 0 0 0 0 0 0 0 0 0 0 0 0 0 0 0 1 0 0 0 0 0 1 0 0 0 0 0 0 0 0 0 0 0 0 0 0 0 0 0 0 0 0 1 0 0 0 0 0 0 0 0 0 0 0 0 0 0 0 0 0 
0 0 0 0 0 0 0 0 0 0 0 0 0 0 0 0 0 0 0 0 0 0 0 0 0 0 0 0 0 0 0 0 0 0 0 0 0 0 0 0 0 0 0 0 0 0 0 1 0 0 0 0 0 0 0 0 0 0 0 0 0 0 0 0 0 0 0 0 1 0 0 0 0 0 0 0 0 1 0 0 0 0 0 0 0 0 0 0 0 0 0 0 0 0 0 0 0 0 0 0 0 0 0 0 0 0 0 0 0 0 0 0 1 0 0 0 0 0 1 0 0 0 0 0 0 1 0 0 1 0 0 0 0 0 1 0 0 0 0 0 0 0 0 0 0 0 0 0 0 0 0 0 0 0 1 0 0 0 0 0 0 0 0 1 0 0 0 0 0 0 0 0 0 0 0 0 0 0 0 0 0 1 0 0 0 0 0 0 0 0 0 0 0 0 1 0 0 0 0 0 0 1 0 0 0 0 0 0 0 0 0 0 0 0 0 1 0 0 0 0 0 0 0 0 0 0 0 0 0 0 0 0 0 0 0 0 0 0 0 0 0 0 0 0 0 1 0 0 0 0 0 0 0 0 0 1 
0 0 0 0 0 0 0 0 0 0 0 0 0 0 1 0 0 0 0 0 0 0 0 0 1 0 0 0 0 0 0 0 0 0 0 0 0 0 0 0 0 0 0 0 0 0 0 0 0 1 0 0 0 1 0 0 0 0 0 1 0 1 0 1 0 0 0 0 0 0 0 0 0 0 0 0 1 0 0 1 0 0 0 0 1 0 0 0 0 0 0 0 0 0 0 0 0 0 1 0 0 0 0 0 0 0 1 0 0 0 1 0 0 0 0 0 0 0 0 0 0 1 0 0 0 0 0 0 0 0 0 0 0 0 0 0 0 0 0 0 0 0 0 0 0 0 0 0 0 0 0 0 0 0 0 0 0 0 0 0 0 0 0 0 0 0 0 0 0 0 0 0 0 0 0 0 0 0 0 0 0 0 0 0 0 0 0 0 0 0 0 0 0 0 0 0 0 0 0 0 0 0 0 0 0 0 0 0 0 0 0 0 0 0 0 0 0 0 0 0 0 0 0 0 0 0 0 0 0 0 0 0 0 0 0 0 0 0 0 0 1 0 0 0 0 0 0 0 0 0 0 0 1 0 0 0 
0 0 0 0 0 0 0 0 0 0 0 0 0 0 0 1 0 0 0 0 0 0 0 0 0 0 0 0 0 0 0 0 0 0 0 1 0 0 0 0 0 0 0 0 0 0 0 1 0 0 0 0 0 0 0 0 0 0 0 0 0 0 0 0 0 0 0 0 0 0 0 0 0 0 0 0 0 0 0 0 1 0 0 0 0 1 0 0 0 1 1 0 0 0 1 0 0 0 0 0 0 0 1 0 0 0 0 0 0 0 0 0 0 0 0 0 0 0 0 0 0 0 0 0 0 0 0 0 0 1 0 0 0 0 0 0 0 0 0 1 0 0 0 0 0 0 0 0 0 0 0 0 0 0 0 0 0 0 0 0 0 0 0 0 0 0 0 0 0 0 0 0 0 1 0 0 1 0 0 0 0 0 0 0 0 0 0 0 0 0 0 0 0 0 0 0 0 0 0 0 0 0 0 0 0 0 0 0 0 0 0 0 1 0 0 0 0 0 0 0 0 0 0 0 0 0 0 0 0 0 0 0 0 0 0 0 0 0 0 0 0 0 0 0 0 1 0 0 0 0 0 1 0 0 0 0 
0 0 0 0 0 1 0 0 0 0 0 0 0 0 0 0 0 0 0 0 0 0 0 0 0 0 0 0 0 0 0 0 0 0 0 0 0 0 0 0 0 0 0 0 0 0 0 0 0 2 0 0 0 0 0 0 0 0 0 1 0 0 0 0 0 0 0 0 0 0 0 0 0 0 0 1 0 1 0 0 0 0 0 0 0 0 0 0 0 0 0 0 0 0 0 0 0 0 0 0 0 0 0 0 0 0 0 0 0 0 0 0 0 0 0 0 0 0 0 0 0 0 0 0 0 0 0 0 0 0 0 0 0 0 0 0 0 0 0 0 0 0 1 0 0 0 1 0 0 0 0 0 0 0 0 0 0 0 0 0 0 0 0 0 1 0 1 0 0 0 0 0 0 0 0 0 0 0 0 0 0 0 0 0 0 0 0 0 0 0 0 0 0 0 1 0 0 0 0 1 0 0 0 1 0 0 0 0 0 0 0 0 0 0 0 0 1 0 0 0 1 0 0 0 0 0 0 0 0 0 0 0 0 0 0 0 1 0 0 0 0 0 0 0 0 0 1 0 0 0 0 0 0 0 0 0 
0 0 0 0 1 0 0 0 0 0 0 0 0 0 0 0 0 0 0 0 0 0 0 0 0 0 0 0 0 0 0 0 0 0 0 0 0 0 0 0 0 0 0 0 0 0 0 0 0 0 0 0 0 0 0 0 0 0 0 0 1 0 0 0 0 0 0 0 0 0 0 0 0 0 0 0 0 0 0 0 0 0 0 0 0 0 0 1 0 0 0 0 0 0 0 0 0 0 0 0 0 0 0 0 0 0 0 0 0 0 0 0 0 0 0 0 0 0 0 0 0 0 0 0 0 0 0 0 0 0 1 0 0 0 0 0 0 0 0 0 0 0 0 0 0 0 0 2 0 0 0 0 0 0 0 0 0 0 0 0 1 0 1 0 0 0 0 1 1 0 1 0 0 0 0 0 0 0 0 0 0 0 0 1 0 0 0 0 0 1 0 0 0 0 0 0 0 0 1 0 0 0 0 0 0 0 0 0 0 0 0 0 0 0 0 0 0 1 0 0 1 0 0 0 0 0 0 0 0 0 0 0 0 0 0 0 0 0 0 0 0 0 0 0 0 0 0 0 0 0 0 0 0 0 0 0 
0 0 0 0 0 0 0 0 0 0 0 0 0 0 0 0 0 0 0 0 0 0 0 0 0 0 0 1 0 1 0 0 0 0 0 0 0 0 0 0 0 0 0 0 0 0 0 0 0 0 0 0 0 0 0 0 0 0 0 0 0 0 0 0 0 0 0 0 1 0 0 0 0 0 1 0 0 1 0 0 1 0 0 0 0 1 1 0 0 0 0 0 0 0 0 0 0 0 0 0 0 0 0 0 0 0 0 0 0 0 0 0 0 0 0 0 0 0 0 0 0 0 0 0 0 0 0 0 0 1 0 0 0 1 0 0 0 0 0 0 0 0 0 0 0 0 1 0 0 0 0 0 0 0 0 0 0 0 0 0 0 0 0 1 0 0 0 0 0 0 0 0 0 0 0 0 0 0 0 0 0 0 0 0 0 0 0 0 0 0 0 1 0 0 0 0 0 0 0 0 0 0 0 1 1 0 0 1 0 0 0 0 0 0 0 0 0 0 0 0 0 0 0 0 1 0 0 0 0 0 0 0 0 0 0 0 0 0 0 0 0 0 0 0 0 0 0 0 0 0 0 0 0 0 0 0 
0 0 0 0 0 0 0 0 0 0 0 0 0 0 0 0 0 0 0 0 0 0 0 0 0 0 0 0 0 1 0 0 0 0 0 0 0 0 0 0 0 0 1 0 0 0 0 0 0 0 0 0 0 0 0 0 1 0 0 0 0 0 0 0 0 0 0 0 0 0 0 0 0 1 0 0 0 0 0 0 0 0 0 0 0 0 0 0 0 0 0 0 0 0 0 0 0 0 0 0 0 0 0 0 0 1 0 0 0 0 0 0 0 0 0 0 0 1 0 0 0 0 0 0 0 0 0 0 0 0 0 0 0 0 0 0 0 0 0 1 0 0 0 0 0 0 0 0 0 0 0 0 0 0 0 0 0 0 0 0 0 0 0 0 0 0 0 0 0 1 0 1 0 0 0 0 0 0 0 0 0 0 0 0 0 0 0 0 0 0 0 0 0 0 0 0 0 0 0 0 0 0 0 0 0 0 0 0 0 0 1 0 0 0 0 0 0 0 0 0 0 0 0 0 0 0 0 0 0 0 0 0 0 1 0 0 0 0 0 0 0 0 0 0 0 0 0 0 0 0 0 0 0 0 0 1 
0 0 0 0 0 0 0 0 0 0 0 0 0 1 1 0 1 0 0 0 0 1 0 0 0 0 0 0 1 0 0 0 0 0 0 0 0 0 0 0 0 0 0 0 0 0 0 0 1 0 0 0 0 0 0 0 0 0 0 0 1 0 0 0 0 0 0 0 0 0 0 1 0 0 0 0 0 0 0 0 0 0 0 0 0 0 0 0 0 0 0 0 0 0 1 0 0 0 0 0 0 0 0 0 0 0 0 1 0 0 0 0 0 0 0 0 0 1 0 0 0 0 1 0 0 0 0 0 1 0 0 0 0 1 0 0 0 0 0 0 0 0 0 0 0 1 0 0 1 0 0 0 0 0 0 0 0 0 0 0 0 0 0 0 0 0 0 0 0 0 0 0 0 0 0 0 0 0 0 0 0 0 1 0 0 0 0 0 0 0 0 0 1 1 0 0 0 0 0 0 0 0 0 0 0 0 0 0 0 0 0 0 1 0 0 0 0 0 0 0 1 0 0 0 0 1 0 0 0 0 0 0 0 0 0 1 0 0 0 0 0 0 0 0 1 0 0 0 0 0 0 0 1 0 0 0 
0 0 1 0 1 1 0 0 0 0 0 0 0 0 0 1 0 0 0 0 0 0 0 0 0 0 0 0 0 0 0 0 0 0 0 0 0 0 0 0 0 0 0 0 0 0 0 0 1 1 0 0 0 0 0 0 0 0 0 0 0 0 0 0 0 0 0 0 0 0 0 0 0 0 0 0 0 0 0 0 0 0 0 0 0 1 0 0 0 0 0 0 0 0 0 0 0 0 0 0 0 0 0 0 0 0 0 0 0 1 0 0 0 0 0 1 0 0 0 0 0 0 0 0 0 0 0 0 0 0 0 0 0 0 0 0 0 0 0 0 0 0 0 0 0 0 0 0 0 0 0 1 0 0 0 1 0 0 0 0 0 0 0 0 0 0 0 0 0 0 0 0 0 0 0 0 0 0 0 0 0 0 0 0 0 0 0 1 0 0 0 0 0 0 0 0 1 0 0 0 0 1 0 0 0 0 0 0 1 0 0 0 0 0 0 0 0 0 0 0 1 0 0 0 0 0 0 0 0 0 0 0 0 1 0 0 1 0 0 0 0 0 0 0 0 0 2 0 0 0 0 0 0 0 0 0 
0 0 0 0 0 0 0 0 0 0 0 0 0 0 0 0 0 0 0 0 0 0 0 0 0 0 0 0 0 0 0 0 0 0 0 0 0 0 0 0 0 0 0 0 0 0 0 0 0 1 0 0 0 0 0 0 0 0 0 1 0 0 1 0 0 0 0 0 0 0 0 0 0 0 0 0 0 0 0 0 0 1 0 0 0 0 0 0 0 0 0 0 0 1 0 0 0 0 0 0 0 0 0 0 1 0 0 0 0 1 0 0 0 0 0 0 0 0 0 0 0 0 0 0 0 0 0 0 0 0 0 0 0 0 0 0 0 0 0 1 0 0 0 0 0 0 1 0 1 0 0 0 0 0 1 0 0 0 0 0 0 0 0 0 0 0 0 0 0 0 0 0 0 0 0 0 0 0 0 0 0 0 0 0 0 0 0 0 0 0 0 0 0 0 0 0 0 0 1 0 0 0 0 0 0 0 0 0 0 0 0 0 1 0 0 0 0 0 0 0 0 0 0 0 0 0 0 0 0 0 0 0 0 0 1 0 0 0 0 0 0 0 0 0 0 1 0 0 0 0 0 0 0 0 1 0 
0 0 0 0 0 0 0 0 0 0 0 0 0 0 0 0 0 0 0 1 0 0 0 1 0 0 0 1 0 0 0 0 0 0 1 0 0 0 0 0 0 0 0 0 0 0 1 0 0 0 0 0 0 0 0 0 0 0 0 0 0 0 0 0 0 0 0 0 0 0 0 0 0 0 0 0 0 0 0 0 0 0 0 0 0 0 0 0 0 0 0 0 0 0 0 0 0 0 0 0 0 0 0 0 0 0 0 0 0 0 0 0 0 0 0 0 0 0 0 0 0 0 1 0 0 0 0 0 0 0 0 0 0 0 0 0 0 0 0 0 1 0 0 0 0 0 0 0 1 0 0 0 0 0 0 0 0 0 0 1 0 0 0 0 0 0 0 0 0 0 0 0 0 0 1 0 0 0 0 0 0 0 0 0 1 0 0 0 0 0 0 0 0 0 0 0 0 0 0 0 0 0 0 0 0 0 0 0 0 0 0 0 0 0 0 0 0 0 0 1 0 0 0 0 0 0 0 0 0 0 0 0 0 0 0 0 0 0 0 0 0 0 0 0 0 0 0 0 0 0 0 0 0 0 0 0 
0 0 0 0 0 0 0 0 0 0 0 0 0 0 0 0 0 0 0 1 0 0 0 0 0 0 0 0 0 0 0 0 0 0 0 0 1 1 0 0 0 0 0 0 0 0 0 0 0 0 0 0 0 0 0 0 0 0 0 0 0 0 0 0 0 0 0 0 0 0 0 0 0 0 0 0 0 0 1 0 0 1 0 0 0 0 0 0 0 0 0 0 0 0 0 0 0 0 0 0 0 0 0 0 0 0 0 0 0 0 0 0 1 1 0 1 0 0 1 0 0 0 0 0 0 0 0 0 0 0 0 0 0 0 0 0 0 0 0 0 0 0 0 0 0 0 0 0 0 0 0 0 0 0 0 0 0 0 0 0 0 0 0 0 0 0 0 0 0 0 0 0 0 0 0 0 0 0 0 0 0 0 0 0 0 0 0 0 0 0 0 0 0 0 0 0 0 0 0 0 0 0 0 0 0 0 0 0 0 0 0 0 0 0 0 0 0 0 0 0 0 0 0 0 0 0 0 1 0 0 0 0 0 0 0 0 0 0 0 0 0 0 0 0 0 0 0 0 0 0 0 0 0 1 0 0 
0 0 0 0 0 0 1 0 0 0 0 0 0 0 0 0 0 0 0 0 0 0 0 0 0 0 0 0 0 0 0 0 0 0 0 0 0 0 0 0 0 0 0 0 0 0 0 0 0 0 0 0 0 0 0 0 0 0 0 0 0 0 0 0 0 0 0 0 0 0 0 0 0 0 0 0 0 0 0 0 0 0 1 0 0 0 0 0 0 0 0 0 0 0 0 0 0 0 0 0 0 0 0 0 0 0 0 0 0 0 0 0 0 1 0 0 0 0 0 0 0 0 0 0 0 0 0 0 0 0 0 0 0 0 0 0 0 0 0 0 0 0 0 0 0 0 0 0 0 0 0 0 0 0 0 0 0 0 0 0 0 0 0 0 0 0 0 0 0 0 0 0 0 0 0 0 0 0 0 1 0 0 0 0 0 0 0 0 0 0 0 0 0 0 0 0 0 0 0 0 0 0 1 0 0 0 0 0 0 0 0 0 0 0 0 0 0 0 0 0 0 0 1 0 0 0 1 0 0 0 0 0 0 0 0 0 0 0 0 0 0 0 0 0 0 0 0 0 0 0 0 0 1 0 0 0 
0 0 0 0 0 0 0 0 0 0 0 0 0 0 0 0 0 0 0 0 0 1 0 0 0 0 1 0 0 0 0 0 0 0 0 0 0 0 0 0 0 0 0 0 0 0 0 0 0 0 0 0 0 0 1 0 0 0 0 0 0 0 0 0 0 0 0 0 0 0 0 0 0 0 1 0 0 0 0 0 0 1 0 0 0 0 0 0 0 0 0 0 0 0 0 0 0 0 0 0 0 0 0 0 0 0 0 0 0 0 0 0 0 0 0 0 0 0 0 0 0 0 0 1 0 0 0 0 0 0 0 0 0 0 0 0 0 0 0 0 0 0 0 0 0 0 0 0 0 0 1 0 0 0 0 0 0 0 0 0 0 0 0 0 0 0 0 0 0 0 0 0 0 0 0 0 0 0 0 0 0 0 0 0 0 0 0 0 0 0 0 0 0 0 0 0 0 0 0 0 0 0 0 0 0 0 0 0 0 0 0 0 0 0 0 0 0 0 0 0 1 0 0 0 0 0 0 0 0 0 0 0 0 0 0 0 0 0 0 0 0 0 0 0 0 0 0 0 0 0 0 0 0 0 0 0 
0 0 0 0 0 0 0 0 0 0 0 0 0 0 0 0 0 0 0 0 0 0 0 0 0 0 0 0 0 0 0 1 0 0 0 0 0 0 1 0 0 0 0 0 0 0 0 0 0 0 0 0 0 0 0 0 0 0 0 0 0 1 0 0 0 0 0 1 0 0 0 0 0 1 0 0 0 0 0 0 0 0 0 0 0 0 0 0 0 0 0 0 0 0 0 0 0 1 0 0 0 0 0 0 0 0 0 0 0 0 1 0 0 0 1 0 0 0 0 0 0 0 0 0 0 0 0 0 0 0 0 0 0 0 0 0 0 0 0 0 0 0 1 0 0 0 0 0 0 0 0 0 0 0 0 0 0 0 0 0 1 0 0 0 2 0 0 0 1 0 0 0 0 0 0 0 0 0 0 0 0 0 0 0 0 0 0 0 0 0 0 0 0 0 0 0 0 0 0 0 0 0 0 0 0 0 0 0 0 0 0 0 0 0 0 0 0 0 0 1 0 0 0 0 0 0 0 0 0 0 0 0 0 0 0 1 0 0 0 0 0 0 0 0 1 0 0 0 0 0 0 0 0 0 0 0 
0 0 0 0 0 0 0 0 0 0 0 1 0 0 0 0 0 0 1 0 0 0 0 0 0 0 0 0 0 0 0 0 0 0 0 0 0 0 0 0 0 0 0 0 0 0 0 0 0 0 0 0 0 0 0 0 0 0 0 0 0 0 0 0 0 0 0 0 0 0 0 0 0 0 0 0 0 0 0 0 0 0 0 0 0 0 0 0 0 0 0 0 0 0 1 0 0 1 0 0 0 0 0 0 0 0 0 0 0 0 0 0 0 0 0 0 0 0 1 0 0 0 0 0 0 0 0 0 0 0 0 0 0 0 0 0 0 0 0 0 0 1 0 0 0 1 0 0 1 0 0 0 0 1 0 0 0 0 0 0 0 0 0 0 0 1 0 0 0 0 0 0 0 1 0 0 0 0 0 0 0 0 0 0 0 0 0 0 0 1 0 0 1 0 0 0 0 0 0 0 1 0 0 0 0 0 0 0 0 0 0 0 0 0 0 0 0 0 0 0 0 0 1 1 0 0 0 0 0 0 0 0 0 0 0 0 0 0 0 0 0 0 0 0 0 0 0 0 0 0 0 0 0 0 0 0 
0 0 0 0 0 0 0 0 0 0 0 0 0 0 0 0 0 0 0 0 0 0 0 0 0 0 0 0 0 0 0 0 0 0 0 0 0 0 0 0 0 0 0 0 0 0 0 0 0 0 0 0 0 0 0 1 0 0 0 0 0 0 0 0 0 0 0 0 0 0 0 0 0 0 0 0 0 0 0 0 0 0 0 0 0 0 0 0 0 1 0 0 1 0 0 0 0 0 1 0 0 0 0 0 0 0 0 0 0 0 0 0 0 0 0 1 0 0 0 0 0 0 0 0 0 0 0 0 0 0 0 0 0 0 0 0 0 0 0 0 0 0 0 0 0 0 0 0 0 0 1 0 0 0 0 0 1 0 0 0 0 0 0 0 1 0 0 0 0 0 0 1 0 1 1 0 0 0 0 0 0 0 0 0 1 2 0 0 0 0 0 0 0 0 0 0 0 0 0 0 0 0 0 0 0 0 0 0 0 0 0 1 0 0 0 0 0 0 0 0 0 0 0 0 0 0 0 0 0 0 0 0 0 0 0 0 0 0 0 0 1 0 0 0 0 0 0 0 0 0 0 0 0 0 0 0 
0 0 0 1 0 0 0 0 0 0 0 0 0 0 0 0 0 0 0 0 0 0 0 0 1 0 0 0 0 0 1 0 0 0 1 0 0 0 0 0 0 1 0 0 0 0 0 0 0 0 0 0 0 0 0 0 0 0 0 0 0 0 0 0 0 0 0 0 0 0 0 0 0 0 0 0 0 0 0 0 0 0 0 0 0 0 0 0 0 1 0 0 0 0 0 0 0 0 0 0 0 0 0 0 0 0 0 0 0 0 0 0 1 0 0 1 1 0 0 0 0 0 0 0 0 0 0 0 0 0 0 0 0 0 1 1 0 0 0 0 0 0 0 0 0 0 0 0 0 0 0 1 0 0 0 0 0 0 0 0 0 0 0 0 0 0 0 0 0 0 0 0 0 0 0 1 0 0 0 1 0 0 0 0 0 0 0 0 0 0 0 0 0 0 0 0 0 1 0 0 0 0 0 1 0 0 0 0 0 0 0 0 0 0 0 0 0 0 0 0 0 0 0 0 0 0 1 0 0 0 0 0 0 0 0 0 0 0 0 0 0 0 0 0 0 0 0 0 0 0 0 1 0 0 1 0 
0 0 0 0 0 0 0 0 0 0 0 0 0 0 0 0 0 1 0 0 0 0 0 0 0 0 0 0 0 0 0 0 0 0 1 0 0 0 0 0 0 0 0 0 0 0 0 0 0 0 0 0 0 0 0 0 0 0 0 0 0 0 0 0 0 0 0 0 0 0 0 0 0 0 0 0 0 0 0 0 0 0 0 0 0 0 0 0 0 0 0 0 0 0 0 0 0 0 0 0 0 0 0 0 0 0 0 1 0 0 0 0 0 0 0 0 0 0 0 0 0 0 0 0 0 0 0 0 0 0 0 0 0 0 0 0 0 0 0 0 1 0 0 0 0 0 0 0 0 0 0 0 0 0 1 0 0 1 0 0 0 0 0 0 1 0 0 0 0 0 0 0 0 0 0 0 0 0 0 0 0 0 0 0 0 0 0 0 0 0 0 0 0 0 0 0 1 0 0 0 0 0 0 0 0 0 0 0 0 0 0 0 0 0 0 0 0 0 0 0 0 0 0 0 0 0 0 0 0 0 0 1 0 0 0 0 0 0 0 0 0 0 1 0 0 1 0 0 0 0 0 0 0 1 0 0 
0 0 0 0 0 0 0 0 0 0 0 0 0 0 1 0 1 0 0 0 1 0 0 0 0 0 0 0 0 0 0 0 0 0 0 0 0 0 0 0 0 0 0 0 0 0 0 0 0 0 0 0 0 0 0 0 0 0 0 0 0 0 0 0 0 0 0 0 0 0 0 0 0 0 0 0 0 0 0 0 0 0 1 0 0 0 0 0 0 0 0 0 0 0 0 0 0 0 0 0 0 0 1 0 0 1 0 0 0 0 0 1 0 0 0 0 0 0 1 0 0 0 0 0 0 0 0 0 0 0 0 0 0 1 0 0 0 1 0 1 0 0 0 0 1 0 0 0 0 0 0 0 0 0 0 0 1 0 0 0 0 0 0 0 0 0 0 0 0 0 0 0 1 0 0 0 0 0 0 0 0 0 0 0 0 0 0 0 0 0 0 0 0 0 0 0 0 0 0 0 0 0 0 0 0 0 0 0 0 0 0 0 0 0 0 0 0 0 0 0 0 0 0 0 0 0 0 0 0 0 0 0 0 0 0 0 0 0 0 0 0 0 0 0 0 0 0 0 0 0 1 0 0 0 0 0 
0 0 0 0 0 0 0 0 0 0 0 0 0 0 0 0 0 0 0 0 0 0 0 0 0 0 0 0 0 0 0 0 0 0 0 0 0 0 0 0 0 0 0 0 0 0 0 0 0 0 0 0 0 0 1 0 0 0 0 0 0 0 1 0 0 0 0 0 0 0 0 0 0 0 0 0 0 0 0 0 0 0 0 0 0 0 0 0 0 0 0 0 0 0 0 0 0 0 0 0 0 0 0 0 0 0 0 0 0 0 0 0 0 0 0 0 1 0 0 0 0 0 0 0 1 0 0 0 0 0 0 1 0 0 0 0 0 0 0 0 0 0 0 0 0 0 0 0 0 0 1 0 0 1 0 0 0 0 0 0 0 0 1 0 0 0 0 0 0 1 0 0 0 0 0 0 0 0 0 0 0 0 0 0 0 0 0 0 0 0 0 0 0 0 0 0 0 0 0 0 0 0 0 0 0 0 0 0 0 0 0 0 0 0 0 0 0 0 0 0 0 0 0 0 0 0 0 0 0 0 0 0 0 0 0 0 0 0 0 0 1 0 0 0 0 0 0 0 0 0 0 0 0 0 0 0 
0 0 0 1 0 0 1 0 0 0 0 0 0 0 0 1 0 0 0 0 0 0 0 0 0 0 0 0 0 0 0 0 0 0 0 1 1 0 0 0 0 0 0 0 0 0 0 0 1 0 0 0 0 1 0 0 0 0 0 0 0 0 0 0 0 0 0 0 0 0 0 0 0 0 0 1 0 0 0 0 0 0 0 0 0 0 0 0 0 0 0 0 0 1 0 0 0 0 1 0 0 0 0 1 0 0 0 0 0 0 0 0 1 0 0 1 0 0 0 0 0 0 0 0 0 0 0 0 0 0 0 0 0 0 0 0 0 0 0 0 1 0 0 0 0 0 0 0 0 0 0 0 0 0 0 0 0 0 0 0 0 0 0 0 0 0 0 0 0 0 0 0 0 0 0 0 0 0 0 0 0 0 0 0 0 0 0 0 1 1 0 0 0 0 0 0 0 0 0 0 0 0 0 0 0 0 0 0 0 0 0 0 0 0 0 0 0 0 0 0 0 0 0 0 0 0 0 0 0 0 0 0 0 0 0 0 0 0 0 0 2 0 0 0 0 0 0 0 0 0 0 0 0 0 0 1 
0 1 0 0 0 1 0 0 0 1 0 0 1 0 0 0 0 0 1 0 0 0 0 0 0 0 0 0 0 0 1 0 0 0 0 0 0 0 0 0 0 0 0 0 1 0 0 0 0 0 0 0 0 0 0 0 0 0 0 0 0 0 0 0 0 0 0 0 0 0 0 0 0 0 0 0 0 0 0 0 0 0 0 0 0 0 0 0 0 0 0 0 0 0 0 0 0 0 0 0 0 0 0 0 0 1 0 0 0 0 1 0 0 0 0 0 0 0 0 0 0 1 0 0 0 0 0 0 0 0 0 0 0 0 0 0 0 0 0 1 0 0 0 0 1 0 0 0 0 0 0 0 0 0 0 1 0 0 0 0 0 0 0 0 0 0 0 0 0 0 1 0 1 0 0 0 0 0 0 0 0 0 0 0 0 0 0 0 0 0 0 0 0 0 1 0 0 0 0 0 1 0 0 0 0 0 0 0 0 0 0 0 0 0 0 0 0 0 0 0 0 0 0 0 0 0 0 0 0 0 0 0 0 0 0 0 0 0 0 0 0 0 0 0 0 0 0 0 0 0 0 0 0 0 0 0 
0 0 0 0 0 0 0 1 0 0 1 0 0 0 0 0 0 0 0 0 1 0 0 0 0 0 0 0 0 0 0 0 0 0 0 0 0 0 0 0 0 1 0 1 0 0 0 0 0 0 0 0 0 0 0 0 0 0 0 0 0 1 0 0 0 0 0 0 1 0 0 1 0 1 0 0 0 0 0 0 0 0 0 0 0 0 1 0 0 0 0 1 1 0 0 0 0 0 0 0 0 0 0 0 0 0 0 0 0 0 0 0 0 0 1 0 0 0 0 0 1 0 0 1 0 0 0 0 0 0 0 0 0 0 0 0 0 0 0 0 0 0 0 0 1 0 0 0 0 0 0 0 0 0 0 0 0 0 0 0 1 0 0 0 0 0 0 0 0 0 0 0 0 0 0 0 0 0 1 0 0 0 0 0 0 0 0 0 0 0 0 0 0 0 0 0 0 0 0 0 0 0 0 0 0 0 0 1 1 1 0 0 0 0 0 0 0 0 0 1 0 0 0 0 0 1 0 0 1 0 0 0 0 1 0 0 0 0 1 0 0 0 0 1 0 0 0 0 1 0 0 0 0 0 0 0 
0 0 0 0 0 0 0 1 0 0 0 1 0 0 0 0 0 1 0 0 0 0 0 0 0 0 0 0 0 0 0 0 0 0 0 0 0 0 0 0 0 0 0 0 0 0 0 0 0 0 0 0 0 0 0 0 0 0 0 0 0 0 0 0 0 0 0 0 0 0 0 0 0 0 0 1 0 0 0 0 0 0 0 0 0 0 0 0 0 0 0 0 0 0 0 0 0 0 0 0 0 0 0 0 0 0 0 0 0 0 0 0 0 0 0 0 0 0 0 0 0 0 0 1 0 0 0 0 0 0 0 0 0 0 0 0 0 0 0 0 0 0 0 0 0 0 0 0 0 0 1 0 0 0 0 0 0 0 0 0 0 0 0 0 0 0 0 0 0 1 0 0 0 0 0 0 0 0 1 0 0 0 0 0 0 0 0 0 0 0 0 0 0 0 0 0 0 0 1 0 0 0 0 0 0 0 0 0 0 0 0 0 0 0 0 0 0 0 0 0 0 0 0 0 0 0 0 0 0 0 0 0 0 0 0 0 0 0 0 0 0 0 0 0 0 0 0 0 0 0 0 0 0 1 0 0 
0 1 1 0 0 0 0 0 0 0 0 0 0 0 0 0 0 0 0 0 0 0 0 0 0 0 0 0 0 0 0 0 0 0 0 0 0 0 0 0 1 0 0 0 0 0 0 0 0 0 0 0 0 0 0 0 0 0 0 0 0 0 0 0 0 0 0 0 0 0 0 1 0 0 0 0 0 1 0 0 0 0 1 0 0 0 0 0 0 0 0 0 0 0 0 0 0 0 0 0 0 0 0 0 0 0 0 0 0 1 0 0 0 0 0 0 0 0 0 0 0 0 0 0 0 0 0 0 0 0 0 0 0 0 0 0 0 0 0 1 0 0 0 0 0 0 0 0 0 0 0 0 0 0 0 0 0 0 0 0 0 0 0 0 0 0 1 0 0 0 0 1 0 0 0 0 0 0 0 0 0 0 0 0 0 1 0 0 0 0 0 0 0 0 0 0 0 0 0 0 0 0 0 0 0 0 0 0 0 0 1 0 0 0 0 0 0 0 0 0 0 0 0 0 0 0 0 0 0 0 0 0 0 0 0 0 0 0 0 0 1 0 0 1 0 0 0 0 0 0 0 0 0 1 0 0 
0 0 0 0 0 0 0 0 0 0 0 0 0 1 0 0 0 0 0 0 0 0 0 0 0 0 1 0 0 0 0 0 0 0 0 0 0 0 0 0 0 0 0 0 0 0 0 0 0 0 0 0 0 0 0 0 1 0 0 0 0 0 0 0 0 0 0 0 0 0 0 1 0 0 1 0 0 0 0 0 1 0 0 0 0 0 0 0 0 0 0 0 0 0 0 0 0 0 0 0 0 1 0 0 0 0 0 0 0 0 0 0 0 0 0 0 0 0 0 0 0 0 0 1 0 0 0 0 0 0 0 1 0 0 0 0 0 0 0 0 0 0 0 0 0 0 0 0 0 0 0 0 0 0 0 0 0 0 1 0 0 1 0 0 0 0 0 0 0 0 1 0 0 0 0 0 0 0 0 0 0 0 0 0 0 0 0 0 0 1 0 0 0 0 0 0 0 1 0 0 0 0 0 0 0 0 0 0 0 1 0 0 0 0 0 0 0 0 0 0 0 0 0 0 0 0 0 0 0 0 0 0 0 0 1 0 0 0 0 1 0 0 0 0 0 0 0 0 0 0 0 0 0 0 0 0 
0 0 0 1 0 0 0 0 0 0 0 0 0 0 0 0 0 0 0 0 0 1 0 0 0 0 0 0 0 0 0 0 0 0 1 0 0 0 0 1 0 0 0 0 0 0 0 0 0 0 0 0 0 0 0 0 0 0 0 0 0 0 0 0 0 0 0 0 0 0 0 0 0 0 0 0 0 0 0 0 0 0 0 0 0 0 0 0 0 0 0 0 0 0 0 0 0 0 0 0 0 0 0 0 0 0 0 0 0 0 0 0 0 0 1 0 0 0 0 0 0 0 0 0 0 0 0 0 1 0 0 0 0 0 0 0 0 0 0 0 0 1 0 0 0 0 0 2 0 1 0 0 0 0 0 0 0 0 0 0 1 0 0 0 0 0 0 0 0 0 0 0 0 0 0 0 0 0 0 0 0 0 0 0 0 0 0 0 0 0 0 0 0 0 0 0 0 0 0 0 0 1 0 0 0 0 0 0 0 0 0 0 0 0 0 0 0 0 0 0 0 0 0 0 0 0 0 0 1 1 0 0 0 0 0 0 0 0 0 0 0 0 0 0 0 0 0 0 0 0 0 0 0 0 0 0 
0 0 0 0 0 0 0 0 0 0 0 0 0 0 0 0 0 1 0 0 0 0 0 0 0 0 0 0 0 0 0 0 0 0 0 0 0 0 0 0 0 0 0 0 0 0 0 0 0 0 0 1 0 0 0 0 0 0 0 0 0 0 0 0 0 0 0 0 0 0 0 0 0 0 0 0 0 0 0 0 0 0 0 0 0 0 0 0 0 0 0 0 0 1 0 0 0 0 0 0 0 0 0 0 0 0 0 0 0 0 0 0 0 1 0 0 0 0 0 1 0 0 1 0 0 0 0 0 0 0 0 2 0 0 0 0 0 0 0 0 0 0 0 0 0 0 0 0 0 0 0 1 1 0 0 0 0 0 1 0 0 0 0 0 0 0 0 0 0 0 0 0 0 0 0 0 0 0 0 0 0 0 0 0 0 0 0 0 0 0 0 0 0 0 0 0 1 0 0 0 0 0 0 0 1 0 0 0 0 0 0 0 0 0 0 0 0 0 1 0 0 0 0 0 0 1 0 0 0 0 0 1 1 0 0 0 0 1 0 0 0 0 0 0 0 0 0 0 0 0 0 0 0 0 0 0 
0 0 0 0 1 0 1 0 2 0 0 0 1 0 0 0 0 0 0 0 0 0 0 0 1 0 0 0 0 0 0 0 1 0 0 1 0 0 0 0 1 0 0 0 0 0 0 1 0 0 0 0 0 0 0 1 0 1 0 0 0 0 0 0 0 0 0 0 0 0 0 0 0 0 0 0 0 0 0 0 0 1 0 0 0 0 0 0 0 0 0 0 0 1 0 0 0 0 0 0 0 1 0 0 0 0 0 0 0 0 0 0 0 0 0 0 0 0 0 0 0 0 0 0 0 0 0 0 0 0 0 0 0 1 0 0 0 0 0 0 0 0 0 0 0 0 0 0 0 0 0 0 0 0 0 0 0 0 0 0 0 0 0 0 0 0 1 0 0 0 0 0 1 0 0 0 0 1 0 0 0 0 0 0 0 0 0 0 0 1 0 0 0 0 0 0 0 0 0 0 0 0 0 0 1 0 0 0 0 0 0 0 0 0 0 0 0 0 0 0 0 0 0 0 0 0 0 0 0 0 0 0 0 0 0 0 1 0 0 0 0 0 0 0 0 0 0 0 0 0 0 0 0 0 0 0 
0 0 0 0 0 0 0 0 0 0 0 0 0 0 0 1 0 0 0 0 0 0 0 0 0 0 0 0 0 0 0 1 0 0 0 0 0 0 0 0 0 0 0 0 0 0 0 0 0 0 0 0 0 0 0 0 0 0 0 0 0 0 0 0 0 0 0 1 0 0 0 0 0 0 0 0 0 0 0 0 0 0 0 0 0 0 1 0 1 1 0 1 0 0 1 0 0 0 0 1 1 0 1 0 0 0 0 0 0 0 0 0 1 0 0 0 0 0 0 0 0 0 0 0 0 0 0 0 0 0 0 0 0 0 0 0 0 0 0 1 1 0 0 0 0 0 0 0 0 1 0 0 0 0 0 0 0 0 0 0 0 0 0 0 0 1 0 0 0 0 0 0 0 0 0 0 0 0 0 0 0 0 0 0 0 0 0 0 0 0 1 0 0 0 0 0 0 0 0 0 0 0 0 0 0 0 0 0 0 0 0 0 0 0 0 0 0 0 0 0 0 0 0 0 0 0 0 0 0 0 0 0 1 0 0 0 1 0 0 1 1 0 0 0 0 0 0 0 0 0 0 0 0 0 0 0 
0 1 0 0 0 0 0 0 0 0 0 0 0 0 0 0 0 0 0 0 1 0 0 0 0 1 0 0 0 0 0 0 0 0 0 0 0 0 0 0 0 0 0 0 0 0 0 0 0 0 0 0 0 0 0 0 0 0 0 0 0 0 0 0 0 0 0 1 0 0 0 0 0 0 0 1 0 1 0 0 0 0 0 0 0 0 0 0 0 0 0 0 0 0 0 0 0 1 0 0 0 0 0 0 0 0 0 0 0 0 0 0 0 0 0 0 0 0 0 0 1 0 0 0 0 0 0 0 0 0 0 0 0 0 0 0 0 1 0 0 0 0 0 0 0 0 0 0 1 0 0 0 0 1 0 0 0 0 0 0 0 0 0 0 1 0 0 0 0 0 0 0 0 0 0 0 0 0 0 0 0 0 0 0 0 0 0 0 0 0 0 0 0 0 0 0 0 0 0 0 1 0 0 0 0 0 0 0 0 0 0 0 0 0 0 0 0 0 0 0 0 0 0 0 0 0 0 0 0 1 0 0 0 0 0 0 0 0 0 0 0 0 0 0 0 0 0 0 0 0 0 0 0 0 0 0 
0 0 0 0 0 0 0 0 0 0 1 0 0 0 0 0 0 0 0 0 0 0 0 0 0 0 0 0 0 0 0 0 1 0 0 0 0 0 0 0 0 0 0 0 0 0 0 0 0 0 0 0 0 0 0 0 0 0 0 1 0 0 0 1 0 0 0 0 0 0 0 0 0 0 0 0 0 0 0 0 0 0 0 1 0 0 0 0 0 0 0 0 0 0 0 0 0 1 0 0 0 0 0 0 1 0 0 0 0 0 0 0 0 0 0 0 1 0 0 0 0 0 0 0 0 0 0 0 0 0 0 0 0 0 0 0 0 0 0 0 0 0 0 0 0 0 0 0 0 0 0 0 0 0 0 0 0 0 0 0 0 0 0 0 0 0 0 0 0 0 0 0 0 0 0 0 0 0 0 0 0 0 0 0 0 0 0 0 0 0 0 0 0 0 0 0 1 0 0 0 0 1 0 0 0 0 0 0 0 0 0 1 0 0 0 0 0 0 0 0 0 0 0 0 0 0 0 0 0 0 0 0 0 0 0 0 0 0 0 0 0 0 0 0 0 0 0 1 0 0 0 1 0 0 0 0 
0 0 0 0 0 0 0 1 1 0 0 0 1 0 0 0 0 0 0 0 0 0 0 0 0 0 0 1 0 0 0 0 0 0 0 0 0 0 0 0 0 0 0 0 0 0 0 0 0 0 0 0 0 0 0 1 0 0 0 0 0 0 0 0 0 0 0 0 0 0 0 0 0 0 0 0 0 0 1 0 0 0 0 0 0 0 0 0 0 0 0 0 0 0 0 0 0 0 0 0 1 0 0 0 0 0 0 0 0 0 0 0 0 0 0 0 0 0 0 0 0 0 0 0 0 0 0 0 0 0 0 0 0 0 0 0 0 0 1 0 0 0 0 0 1 0 0 0 0 0 0 0 0 0 0 0 0 1 1 0 1 0 0 0 0 0 0 0 0 0 0 0 0 0 0 0 0 0 0 0 0 0 0 0 0 0 0 0 0 1 0 0 0 1 0 0 0 0 0 1 0 0 0 0 0 0 0 0 0 0 0 0 0 0 0 0 0 0 0 0 0 0 0 0 0 0 0 0 1 0 0 0 0 0 0 0 0 0 0 0 0 0 0 1 0 0 1 0 0 0 0 0 0 0 0 0 
0 0 0 0 0 0 0 0 1 0 0 0 0 0 0 0 0 0 0 0 0 0 1 0 0 0 0 0 0 0 0 0 0 0 0 0 0 0 0 0 0 0 0 0 0 1 0 0 0 0 0 0 0 0 0 0 0 1 0 0 0 0 0 0 0 0 0 0 0 0 0 0 0 0 0 0 0 0 0 0 0 0 0 0 1 0 0 0 0 0 0 0 0 0 0 1 0 0 0 0 0 0 0 0 0 0 0 0 0 0 0 0 0 0 0 0 0 0 0 0 0 0 0 0 0 0 0 1 0 1 0 0 0 0 0 0 0 0 0 0 0 0 0 0 0 0 0 0 0 1 0 0 0 0 0 0 0 0 0 0 0 0 0 1 0 0 0 0 0 0 0 0 0 0 0 1 0 0 0 0 0 0 0 0 0 0 0 0 0 0 0 0 0 0 0 0 0 0 0 0 0 0 0 0 1 0 0 0 0 0 0 0 0 1 0 0 0 0 0 0 0 0 0 0 0 0 0 1 0 0 0 1 1 0 0 0 0 0 0 0 0 0 0 0 0 0 0 0 0 0 0 1 0 0 0 0 
0 0 0 0 0 0 0 1 0 0 0 0 0 0 0 0 1 0 0 0 0 0 0 0 0 0 0 0 0 0 0 0 0 0 0 0 0 0 0 0 0 0 0 0 0 0 0 0 0 0 0 0 0 0 0 0 0 0 0 0 0 0 0 0 0 0 0 0 0 1 0 0 0 0 0 0 0 0 0 1 0 0 0 0 0 0 0 0 0 0 0 0 0 0 0 0 0 0 0 0 0 0 0 0 0 0 0 0 0 1 1 0 0 0 0 0 0 0 0 0 0 0 0 0 0 0 1 0 0 0 0 0 0 1 0 0 1 0 0 0 1 0 0 0 0 0 0 0 0 0 0 0 0 0 0 0 0 0 0 0 0 0 0 0 0 0 0 0 0 0 0 0 0 0 0 0 1 0 0 0 0 0 0 0 0 0 0 0 0 0 0 0 0 0 0 0 0 0 0 0 0 0 0 0 0 0 0 0 0 0 0 0 0 0 0 0 0 0 0 0 0 0 0 0 0 0 0 0 0 0 0 0 0 0 0 0 0 0 0 0 0 0 0 0 0 0 0 0 0 1 0 0 2 0 0 0 
0 0 0 0 0 0 0 0 0 0 0 0 0 0 0 1 0 1 0 1 0 0 0 0 1 0 0 0 0 0 0 0 0 0 0 0 0 0 0 0 0 0 0 1 0 0 0 0 1 0 0 0 0 0 0 1 0 0 0 0 0 0 0 0 1 0 0 0 0 0 0 0 0 0 0 0 0 0 0 0 0 1 0 0 0 1 1 0 1 0 0 2 0 0 0 0 0 0 0 0 0 0 0 0 0 1 0 0 0 0 0 0 0 0 0 0 0 0 0 1 0 0 0 0 0 1 0 0 0 0 0 0 0 1 0 0 0 0 0 1 0 0 0 0 0 0 0 0 1 0 1 0 0 0 0 0 0 0 0 0 1 0 0 0 0 0 0 0 1 0 0 0 0 0 0 0 0 0 0 0 0 1 0 0 0 0 1 0 0 0 0 0 0 0 0 0 0 0 1 0 0 0 0 0 0 0 0 0 0 0 0 0 0 1 0 0 0 0 0 0 0 0 0 0 0 0 0 0 0 0 0 1 0 0 0 0 0 0 0 0 0 0 0 0 0 0 0 0 0 1 0 0 0 0 0 0 
1 0 0 0 0 0 0 0 0 0 0 0 0 0 0 1 0 0 0 0 0 0 0 2 0 0 0 0 0 0 0 0 0 0 0 0 0 0 0 0 0 0 0 0 0 0 0 1 0 0 0 0 0 0 0 0 0 0 0 0 0 0 0 0 0 0 0 0 0 0 0 0 0 0 0 0 0 1 1 0 0 0 0 0 0 0 0 0 1 0 0 0 0 0 0 0 0 0 1 1 0 0 0 0 0 0 1 0 0 0 0 0 0 0 0 0 0 0 0 0 0 0 0 0 0 0 0 0 0 0 0 0 0 0 0 0 0 0 0 0 0 0 0 0 0 1 0 0 0 0 0 0 0 0 0 0 0 0 0 0 0 0 0 0 0 0 0 0 0 0 1 0 0 0 1 0 0 1 0 0 0 0 0 0 0 0 0 0 0 0 1 0 0 0 0 0 0 0 0 0 0 0 0 0 0 0 0 0 0 0 0 0 0 0 0 0 0 0 0 0 0 0 0 0 0 0 0 0 0 0 0 0 0 0 0 0 0 0 0 0 0 0 0 0 0 0 0 0 0 0 0 0 0 0 0 0 
0 0 0 0 0 0 0 0 0 1 0 0 0 0 0 0 0 0 0 0 0 0 0 0 0 0 0 0 0 0 0 0 0 0 0 0 0 0 0 0 0 0 0 0 0 0 0 0 0 0 0 0 0 1 0 0 0 0 1 0 0 0 0 0 0 0 0 0 0 0 0 0 0 0 0 0 0 0 0 0 0 1 0 0 0 0 0 0 0 0 0 0 0 0 0 0 0 0 0 0 0 0 0 0 0 0 0 0 0 0 0 0 0 0 0 0 0 0 0 0 0 0 0 0 0 0 0 0 0 1 1 0 0 0 0 0 0 0 0 0 0 0 0 0 0 0 0 0 0 0 0 0 0 1 0 0 0 0 0 0 0 0 0 0 0 0 0 1 0 1 0 0 0 0 0 0 0 0 0 0 0 0 0 1 1 0 0 1 0 0 0 0 0 0 0 0 0 0 0 0 0 0 1 0 0 0 0 0 0 0 0 0 0 0 0 0 0 0 0 0 0 0 0 0 0 0 0 0 0 1 0 0 0 0 0 0 0 0 0 0 0 0 0 0 0 0 1 0 0 0 0 0 0 0 0 0 
0 0 0 0 0 0 0 0 2 0 0 0 0 0 0 0 0 0 0 0 0 0 0 0 0 0 0 0 0 0 0 0 0 0 0 0 0 0 0 0 0 0 0 0 0 0 0 0 0 0 1 0 0 0 0 0 0 0 0 0 0 0 0 0 0 0 0 0 0 0 1 0 0 0 0 0 0 1 0 1 0 0 0 0 0 0 0 0 0 0 0 0 0 0 0 0 0 0 1 0 0 0 0 0 0 0 0 0 0 0 0 0 0 0 0 0 1 0 0 0 0 0 0 0 0 0 0 0 0 1 0 0 0 0 0 0 0 0 0 0 0 0 0 0 0 0 0 0 0 0 0 0 0 0 0 0 0 0 0 0 0 0 0 0 0 0 0 0 0 0 0 0 0 0 0 0 0 0 1 0 0 0 0 0 0 0 0 0 0 0 0 0 0 0 0 0 0 0 0 0 0 0 0 0 0 0 0 0 0 0 0 0 0 0 0 0 0 0 0 0 0 1 0 0 0 0 1 0 0 1 0 0 0 0 0 0 0 0 0 0 0 0 1 0 0 0 0 0 0 0 0 0 0 0 1 0 
0 0 0 0 0 0 0 0 0 0 1 0 0 0 0 0 0 0 0 0 0 0 0 0 0 1 0 0 0 0 1 1 0 0 0 0 0 0 0 0 0 0 0 0 0 1 0 0 0 0 0 0 0 0 0 0 0 0 0 0 0 0 1 0 0 0 0 0 0 0 0 0 0 0 1 0 1 0 0 0 0 1 0 0 1 0 0 0 0 0 0 0 0 1 0 0 0 0 0 0 0 0 0 0 0 0 0 0 0 0 0 0 0 0 0 0 0 0 0 0 0 0 0 0 0 0 0 0 0 0 0 0 1 0 0 0 0 0 1 0 0 0 0 0 0 0 0 1 0 1 0 0 0 0 0 1 0 1 0 0 0 0 0 0 1 0 0 0 0 0 0 0 0 3 0 0 0 0 0 0 0 0 0 0 0 0 0 0 0 0 0 0 1 0 0 0 0 0 0 1 1 0 0 0 0 0 0 0 0 0 0 0 0 0 0 0 0 0 0 0 0 0 0 0 0 0 0 0 0 0 0 0 0 0 0 0 0 0 0 0 0 0 0 0 0 0 0 0 0 0 0 0 0 0 1 0 
0 0 0 0 0 0 0 0 0 0 0 0 1 0 1 0 0 0 1 0 1 0 1 0 0 0 0 0 1 0 0 0 0 0 0 1 0 0 0 0 0 0 0 0 0 0 0 0 0 0 0 0 0 0 0 0 0 0 0 1 0 0 0 0 0 0 0 0 0 0 0 0 0 0 0 0 0 0 0 0 0 0 0 0 0 0 0 0 0 0 0 0 0 0 0 0 0 0 0 0 0 0 0 0 1 0 1 0 0 0 0 0 0 0 0 0 0 0 1 0 0 0 0 0 0 0 0 0 0 0 0 0 0 0 0 0 0 0 0 0 0 0 0 0 0 0 0 0 0 0 1 0 0 0 0 0 0 0 0 0 0 0 0 0 0 0 0 0 0 0 0 0 0 0 0 0 0 0 0 0 0 0 0 0 0 0 0 0 0 0 0 0 0 1 0 0 1 1 0 0 0 0 0 1 0 0 0 0 0 0 0 0 1 0 0 0 0 0 0 0 0 0 0 0 0 0 0 1 0 0 0 0 0 0 0 0 0 0 0 0 0 1 0 0 0 0 0 0 0 0 0 0 0 0 0 0 
0 0 0 0 0 0 0 1 0 0 0 0 0 0 0 0 0 0 0 0 0 0 0 0 0 0 0 0 0 0 0 0 0 1 0 0 0 0 0 0 0 0 0 0 0 0 0 0 0 0 0 0 0 0 0 0 0 0 0 0 0 0 0 0 1 0 0 0 0 0 0 0 0 0 0 0 0 0 0 0 0 0 0 0 0 0 0 0 0 0 0 1 0 0 0 0 0 0 0 1 0 0 0 0 0 0 1 0 0 0 0 0 0 0 0 0 0 0 0 0 0 0 0 0 0 0 0 0 0 0 0 0 0 0 0 0 0 0 1 0 0 0 0 0 0 0 0 1 1 0 0 0 0 0 0 0 0 0 0 0 0 0 0 0 0 0 0 0 0 0 0 0 0 0 0 1 1 0 0 0 0 0 0 0 0 0 0 0 0 0 0 0 0 0 0 0 0 0 0 0 0 0 1 0 0 0 0 0 0 0 0 0 0 0 0 0 0 0 0 0 0 0 0 1 0 1 0 0 0 0 0 0 0 0 0 0 0 0 0 0 0 0 0 0 0 0 0 1 0 0 0 0 0 0 0 0 
0 0 0 0 0 0 0 0 0 0 0 0 0 0 0 0 0 0 0 0 0 0 0 1 0 1 0 0 0 0 0 0 0 0 0 0 0 0 0 0 0 0 0 0 0 0 0 0 0 0 0 0 0 0 0 0 1 0 0 0 0 0 0 0 0 0 0 0 0 0 0 0 0 0 0 0 0 0 0 0 0 0 0 0 0 0 0 0 0 0 0 0 0 0 0 0 0 0 0 0 0 0 0 0 0 0 0 0 0 0 0 0 0 0 0 1 1 0 0 0 0 0 1 0 0 0 1 1 0 0 0 0 0 0 0 0 0 0 0 0 0 0 0 1 1 0 0 0 0 0 0 0 0 0 0 1 0 0 0 0 0 0 0 0 1 0 0 0 0 0 0 0 0 0 1 0 0 0 0 0 0 0 0 0 0 0 0 0 0 0 0 0 0 0 0 0 0 0 0 0 0 0 0 0 1 0 0 1 0 0 0 0 0 0 0 0 0 0 0 0 0 0 0 0 0 0 0 0 0 0 0 0 0 0 1 0 0 0 0 0 0 0 0 0 0 0 0 0 0 0 0 0 0 0 0 0 
0 0 0 0 0 0 1 0 0 1 0 0 0 0 0 0 0 0 0 0 0 0 0 0 0 0 0 0 0 0 0 0 0 0 0 1 0 0 1 0 0 0 0 0 0 0 0 0 0 0 0 0 1 0 0 0 0 0 0 0 0 0 0 0 0 0 0 0 0 0 0 0 0 0 0 0 0 0 0 0 0 0 1 0 0 0 0 0 0 0 0 0 0 0 0 0 0 0 0 0 0 0 0 0 0 0 0 0 0 0 0 0 0 0 0 0 0 0 1 0 1 0 0 0 0 0 0 0 0 0 0 0 0 0 0 0 1 0 1 0 0 0 0 0 0 0 0 0 0 0 0 1 0 1 0 0 0 0 0 0 0 0 0 0 0 0 0 0 0 1 0 0 0 0 0 0 0 0 0 0 0 0 0 0 0 0 0 0 0 0 1 0 0 0 0 0 0 0 0 0 0 0 0 0 0 0 0 0 0 0 1 0 0 0 0 0 0 0 1 0 0 0 0 0 0 0 0 1 0 0 0 0 0 0 0 0 0 0 0 0 0 0 0 0 0 0 0 1 0 0 0 0 0 0 0 0 
0 0 0 0 0 1 0 0 0 0 0 0 0 0 0 1 0 0 0 0 0 0 1 0 0 0 0 0 0 0 1 0 0 0 0 0 0 0 0 0 0 0 0 0 0 0 0 0 0 0 0 0 0 0 0 0 0 0 0 0 0 0 0 0 0 0 0 0 0 0 0 0 0 0 0 0 1 0 1 0 0 0 0 0 0 0 0 0 0 0 0 0 0 0 0 0 0 0 0 0 0 0 0 0 0 0 0 0 0 0 0 0 0 0 0 0 0 1 0 0 1 0 0 0 0 0 0 0 0 1 0 0 0 0 0 0 0 0 0 0 0 0 0 0 0 0 0 0 0 0 0 0 0 0 0 0 0 0 0 0 0 0 0 0 0 0 0 0 0 0 0 0 0 0 0 0 0 0 0 0 0 0 0 0 0 0 0 0 0 0 0 0 0 0 0 0 0 0 0 0 0 0 0 0 0 1 0 0 0 0 0 0 0 0 0 0 1 0 1 0 1 0 0 0 0 0 0 0 0 0 0 0 0 0 0 0 0 0 0 1 0 0 0 0 0 0 0 0 0 0 0 1 0 0 0 0 
0 0 0 0 0 0 0 1 0 0 0 0 0 0 0 0 0 0 0 0 0 0 0 0 0 0 0 0 0 0 0 0 0 0 1 0 0 0 0 0 0 0 0 0 0 0 0 0 0 0 0 0 0 0 0 0 0 0 0 0 0 0 0 0 0 0 0 0 0 0 0 0 0 0 0 0 0 1 0 0 0 0 0 0 0 0 0 0 0 0 0 0 0 0 0 0 0 2 0 0 0 0 0 0 0 0 0 0 0 0 0 0 0 0 0 0 0 0 0 0 0 0 0 0 0 0 0 0 0 0 0 0 0 1 0 1 0 0 0 0 0 0 0 0 0 0 0 0 0 0 0 0 0 0 0 0 0 0 0 0 0 0 0 0 0 0 0 0 0 0 1 0 0 0 0 0 0 0 0 0 0 0 0 0 1 0 0 0 0 0 0 0 0 0 0 0 0 0 0 0 0 0 0 0 0 0 0 0 0 0 0 0 0 0 0 0 0 0 0 0 0 0 1 0 0 1 0 0 0 0 1 0 0 0 0 0 0 0 0 0 0 0 0 0 1 0 0 0 0 0 0 0 0 0 0 0 
0 0 0 0 0 0 0 0 0 0 0 0 0 0 0 0 0 0 0 1 0 0 0 0 0 0 0 0 0 0 0 0 0 0 0 1 0 0 0 0 0 0 0 0 0 2 0 0 0 0 0 0 0 0 0 0 0 0 0 0 0 1 0 0 0 0 0 0 0 0 0 0 0 0 0 0 0 0 0 1 0 0 0 0 0 1 0 0 0 0 1 0 0 0 0 0 0 0 0 0 0 0 0 0 1 1 0 0 0 0 0 0 0 0 0 0 0 0 0 0 0 0 0 1 0 0 0 0 0 0 0 0 0 0 0 0 0 0 0 0 0 0 1 1 0 0 0 0 0 0 0 0 0 0 0 0 0 0 0 0 1 0 0 0 0 0 0 0 0 0 0 0 0 0 0 0 0 0 0 0 0 0 0 0 0 0 0 0 0 0 0 0 0 0 1 0 0 0 0 0 0 0 0 1 0 0 0 0 0 0 0 0 0 0 0 0 1 0 0 0 0 0 0 0 0 0 0 0 0 0 0 0 0 0 0 0 0 0 1 1 1 0 1 0 0 0 0 0 0 0 0 0 0 0 0 0 
0 0 0 0 0 0 0 0 0 0 0 0 0 0 0 0 0 0 0 1 1 0 0 0 1 0 0 0 0 0 0 0 0 0 0 0 0 0 0 0 0 0 0 0 0 0 0 0 0 0 0 1 0 0 0 0 0 0 0 0 0 0 0 0 0 0 1 0 1 0 0 0 0 0 0 0 1 0 0 0 0 0 0 0 0 0 0 0 1 0 1 0 0 0 0 0 0 0 0 0 0 0 1 0 0 0 0 0 0 0 0 0 0 0 0 0 0 0 0 0 0 0 0 1 0 0 0 0 0 0 0 0 0 0 0 0 0 0 0 0 0 0 0 0 0 0 0 0 0 0 0 0 0 0 0 0 0 0 0 0 0 0 0 0 0 0 0 0 0 0 0 0 0 0 0 0 0 0 1 0 0 0 0 0 0 0 0 0 0 0 0 0 0 0 0 0 0 0 0 0 0 0 0 0 0 0 0 0 0 0 0 0 0 0 0 0 0 0 1 0 0 0 0 0 0 0 0 0 0 0 0 0 0 0 0 0 0 0 0 0 0 0 0 0 0 0 0 0 0 0 0 0 0 0 0 0 
0 0 0 0 0 0 0 0 0 0 0 0 0 0 0 0 0 1 0 0 0 0 0 0 0 0 0 0 0 0 0 0 0 0 0 0 0 0 0 0 0 0 0 0 0 0 0 0 0 0 0 0 0 0 0 0 0 0 0 0 1 0 0 1 0 0 0 0 0 0 0 0 0 0 0 0 0 0 0 0 0 0 0 0 0 0 0 0 0 0 0 0 0 0 0 0 1 1 0 0 0 0 0 0 0 0 0 0 0 1 0 0 0 0 0 0 0 0 0 0 0 0 0 0 0 1 0 0 0 0 1 0 0 0 0 0 0 0 0 0 0 0 0 0 0 0 0 0 0 0 0 0 0 0 0 0 0 0 0 0 0 0 1 0 0 0 0 0 0 0 0 0 0 0 0 0 0 0 0 0 0 0 0 0 0 0 0 0 0 0 0 0 0 0 0 0 0 0 0 0 0 0 0 0 0 0 0 0 0 0 0 0 0 0 0 0 0 0 0 0 0 0 0 0 0 0 0 0 0 0 1 0 0 0 1 0 0 0 0 0 0 0 0 0 0 0 0 0 1 0 0 0 0 0 0 0 
0 0 0 0 0 0 0 0 0 0 0 0 0 0 0 0 0 0 0 0 0 0 0 0 1 1 0 0 1 0 0 0 0 1 0 0 0 1 0 0 0 0 0 0 0 0 0 1 0 0 0 0 0 0 0 0 1 0 0 0 0 0 0 0 0 0 0 0 1 0 0 0 0 0 0 0 0 0 0 0 0 0 0 0 0 0 0 0 0 0 0 0 0 1 0 0 0 0 0 0 0 0 0 0 0 0 0 0 0 0 0 0 0 0 0 0 0 0 0 1 0 0 0 0 1 0 0 0 0 0 0 0 0 0 0 0 0 0 0 0 0 0 0 1 0 0 0 0 0 0 1 0 0 0 0 0 0 0 0 0 0 0 1 0 0 0 0 0 0 0 0 0 0 0 0 0 0 0 0 1 0 0 0 0 0 0 0 0 0 0 0 0 0 0 0 0 0 0 0 0 0 0 0 0 0 0 0 0 0 0 0 0 0 0 0 0 1 0 0 0 0 0 0 0 0 0 0 0 0 0 0 0 0 0 0 0 0 0 0 0 0 0 0 1 0 0 0 0 0 0 1 0 0 0 0 0 
0 0 0 0 0 0 0 0 0 0 0 0 0 0 0 0 0 0 1 0 0 0 0 0 0 0 0 0 0 1 0 1 0 0 0 0 0 0 0 0 0 0 0 0 0 0 0 0 0 0 0 1 0 0 0 0 0 0 0 0 0 0 0 0 1 1 0 0 0 0 0 0 0 0 0 0 0 0 0 0 0 0 1 0 0 0 1 0 0 0 1 0 0 0 0 0 0 0 0 0 0 0 0 0 0 0 0 0 0 0 0 0 0 0 0 0 0 0 0 0 0 0 0 0 0 0 0 0 0 0 1 0 0 0 0 0 0 0 1 0 0 0 0 0 0 0 0 0 0 0 0 0 1 0 0 1 0 0 0 1 0 0 0 0 0 0 0 0 0 0 0 0 0 0 0 0 0 0 0 0 0 0 0 1 0 0 2 0 0 0 0 0 0 0 0 0 0 0 0 0 1 0 0 0 0 1 0 0 0 0 0 0 0 0 0 0 0 0 0 0 0 0 0 0 0 0 0 0 0 0 0 0 0 0 0 0 0 0 0 0 0 0 0 0 0 0 0 0 0 0 0 0 0 0 0 0 
0 0 0 0 0 0 0 0 0 0 0 0 0 0 0 0 0 0 0 0 0 0 0 1 0 0 0 1 0 1 0 1 0 0 0 0 0 0 0 0 0 0 0 1 0 0 0 0 0 0 0 0 0 0 0 0 0 0 0 0 0 0 0 0 0 0 0 0 0 0 0 0 1 0 0 0 1 0 0 0 1 0 0 0 0 0 0 0 0 0 0 0 0 0 0 0 0 0 0 1 0 0 0 0 0 0 0 0 0 0 0 0 0 0 0 0 0 0 0 0 1 0 0 0 1 0 1 0 0 1 0 0 0 0 0 0 1 0 0 0 0 1 0 0 0 0 0 0 0 0 0 0 0 0 0 0 0 0 0 3 0 0 0 0 0 0 0 0 0 0 0 0 1 0 0 0 0 0 0 0 1 0 0 0 0 0 0 0 0 0 0 0 0 1 0 0 0 0 0 0 0 0 0 0 1 0 0 0 0 1 0 0 0 0 1 0 0 0 0 0 0 0 0 0 0 0 0 0 0 0 1 0 0 0 0 0 0 0 0 0 0 0 0 0 0 0 0 0 0 0 0 0 0 0 0 1 
0 0 0 0 1 0 0 0 0 0 0 0 0 0 0 1 0 0 1 0 0 0 0 0 0 0 0 0 1 0 0 0 0 0 0 0 0 0 0 0 0 1 0 0 0 0 0 0 0 0 0 0 0 0 0 0 0 0 0 0 0 0 0 0 0 0 0 0 0 0 0 0 0 0 0 0 0 0 1 0 0 1 0 0 0 0 0 0 0 0 0 0 1 0 0 0 0 0 0 0 1 0 0 0 1 0 0 0 0 0 0 0 0 0 1 0 0 0 0 0 0 0 0 0 0 2 0 0 0 0 0 0 0 0 0 0 0 0 0 0 0 0 1 0 0 0 1 0 0 0 0 0 0 0 0 0 0 0 0 0 0 0 0 0 0 0 0 0 0 0 0 0 0 0 0 0 0 0 0 0 0 0 0 0 0 0 0 1 0 0 1 0 0 0 1 0 0 0 0 0 1 1 0 0 0 0 0 0 0 0 0 0 1 0 0 0 0 0 0 0 0 0 0 1 0 0 0 0 0 0 0 0 0 0 0 0 1 0 0 0 0 0 0 0 0 0 0 0 0 0 0 1 0 0 0 0 
0 0 0 0 1 0 0 0 0 0 0 0 0 0 0 1 0 0 0 0 0 0 0 0 0 0 0 0 0 0 0 0 0 0 0 0 0 1 0 0 0 0 0 0 0 1 0 0 0 0 0 0 0 0 0 0 0 0 0 0 0 0 0 0 0 0 0 0 0 0 0 0 0 0 0 0 0 0 0 0 0 0 0 0 0 0 0 0 0 0 0 0 0 0 0 0 0 0 0 0 0 0 0 0 0 0 0 0 0 0 0 0 0 0 1 0 1 0 0 0 0 0 0 0 0 0 0 0 0 0 0 0 0 0 0 0 0 0 0 0 0 0 0 0 0 0 0 0 0 0 0 0 0 0 0 0 0 0 0 0 0 0 0 1 0 0 0 0 1 0 0 0 0 0 0 0 0 0 0 0 0 0 0 0 0 0 0 0 0 0 0 0 0 0 0 0 0 0 1 1 0 0 0 0 0 0 0 0 0 0 0 0 0 0 0 0 0 0 0 0 0 0 0 1 0 0 0 0 0 0 0 0 0 0 0 0 0 0 0 0 0 0 0 0 0 0 0 0 0 0 0 0 0 0 0 0 
0 0 0 0 1 0 0 0 0 0 0 0 0 0 0 0 0 0 0 0 0 0 0 1 0 0 0 0 0 0 0 0 0 0 0 0 0 0 0 0 0 0 0 0 0 0 0 0 0 0 0 0 0 0 0 0 0 0 0 0 1 0 0 0 0 0 0 0 0 0 0 0 0 0 0 0 0 0 0 0 0 1 0 0 0 0 1 0 0 0 0 0 0 0 0 0 0 0 0 0 0 0 0 0 0 0 0 0 0 1 0 0 0 0 0 0 0 0 0 0 0 0 0 0 0 0 0 0 0 0 0 0 0 0 0 0 0 0 0 0 0 0 0 0 0 0 0 0 0 0 0 0 0 0 0 0 0 0 0 0 0 0 0 0 0 0 0 1 0 0 0 0 0 0 0 0 0 0 0 1 0 0 0 1 0 0 0 1 0 0 0 0 0 0 0 0 0 0 0 0 0 0 0 0 0 1 0 0 0 0 0 0 0 0 0 1 0 0 0 0 0 0 0 0 1 0 0 0 0 1 0 0 0 0 0 0 0 0 0 0 0 0 0 0 0 1 0 0 0 0 0 0 0 0 1 0 
0 0 0 0 0 0 0 0 0 0 0 0 0 0 0 0 0 0 0 0 0 0 0 0 0 0 0 0 0 0 0 0 0 1 0 0 0 0 0 0 0 0 0 0 0 0 1 0 0 0 0 0 0 0 0 0 0 0 0 0 0 0 1 1 0 0 0 0 0 0 0 0 1 0 0 0 0 0 0 0 0 0 0 0 0 0 0 0 0 0 0 0 0 0 0 0 0 0 0 0 0 0 0 0 0 1 0 0 0 0 0 0 0 0 0 0 0 0 0 0 0 0 0 0 0 0 0 0 0 0 0 0 0 0 0 0 0 0 0 0 0 0 0 0 0 0 0 0 0 1 0 0 0 0 0 0 0 0 0 0 0 0 0 0 0 0 0 0 0 0 0 0 0 0 0 0 0 0 0 0 0 0 0 0 0 0 0 0 0 0 0 0 0 0 0 0 0 0 0 0 1 0 0 1 0 0 0 0 1 0 0 0 0 0 0 0 1 0 0 0 0 0 0 0 0 0 0 0 0 0 0 0 0 0 0 0 0 0 0 0 0 0 0 0 0 0 0 0 0 0 0 0 0 0 0 1 
0 0 1 0 0 0 0 0 0 0 0 0 0 0 1 0 0 0 0 0 1 0 0 0 0 1 0 0 0 0 0 0 0 0 1 0 0 0 0 0 0 0 0 0 0 0 0 0 0 0 1 0 0 1 0 0 0 0 0 0 0 0 0 0 0 0 0 0 0 0 0 0 0 0 0 0 0 0 0 0 0 0 0 0 0 0 0 0 0 1 0 0 1 0 0 0 0 0 0 0 0 0 0 1 0 0 0 1 0 0 0 0 0 0 0 0 1 0 0 0 0 0 0 0 0 0 0 0 0 0 0 0 0 0 0 0 0 1 0 0 1 0 0 0 0 0 0 0 0 0 0 0 0 0 0 0 0 0 0 1 0 0 0 0 1 0 0 0 0 0 0 0 0 1 0 0 0 0 0 0 0 0 0 1 0 0 1 0 0 0 0 0 0 0 0 0 0 0 0 0 1 0 0 0 1 0 0 0 0 0 0 0 0 0 0 0 0 0 0 0 0 0 0 0 0 0 0 0 0 0 0 0 0 0 0 0 0 0 0 0 0 0 0 0 0 0 0 0 0 0 0 0 0 0 0 0 
0 0 0 0 0 0 0 0 0 0 0 0 0 0 0 0 0 0 0 0 0 0 0 0 0 0 0 0 0 0 0 0 0 0 0 0 0 0 0 1 0 1 0 0 0 0 0 0 0 1 1 0 0 0 0 0 0 0 1 0 0 0 0 0 0 0 1 0 0 0 0 0 0 0 0 1 0 0 0 0 0 0 0 0 0 0 0 0 0 0 0 0 0 0 0 0 0 0 0 1 1 0 0 0 0 0 0 0 0 0 0 0 0 0 0 0 0 0 0 0 0 0 0 0 0 0 0 0 0 0 0 0 0 0 0 0 0 0 0 0 0 1 0 0 0 0 1 0 0 1 0 0 0 0 0 0 0 0 0 0 0 0 0 0 0 0 0 0 0 0 0 0 0 0 0 0 0 0 0 0 0 0 0 0 0 0 0 0 1 0 0 0 0 0 0 0 0 0 0 0 1 0 0 0 0 0 0 0 0 0 0 0 0 0 0 1 0 0 0 0 0 0 0 0 0 0 0 0 0 0 1 0 0 0 0 0 0 1 0 0 0 1 0 0 0 0 0 0 0 0 0 0 0 0 0 0 
0 0 0 0 0 0 1 0 0 0 0 0 0 0 0 0 0 0 0 0 0 0 0 0 0 0 0 0 0 0 0 0 0 0 0 0 0 0 0 1 0 0 0 0 0 0 0 0 0 0 0 0 0 0 0 0 0 0 0 0 0 0 1 0 0 0 0 0 0 0 0 0 0 0 0 0 1 0 0 0 0 0 0 0 0 0 0 0 0 0 0 0 0 0 0 0 0 0 1 1 0 1 0 0 2 0 0 0 0 0 1 0 0 0 0 0 0 0 0 0 0 0 0 0 0 0 0 0 0 0 0 0 1 1 0 0 0 0 0 0 0 0 0 0 0 0 0 0 0 0 0 0 0 0 0 0 0 0 0 0 1 0 0 0 0 0 0 0 0 0 0 0 0 1 0 0 0 0 0 0 0 0 0 0 0 0 0 0 0 0 0 0 0 1 0 0 0 0 0 0 1 0 0 0 0 0 0 0 0 0 0 1 0 0 0 0 0 0 0 0 0 0 1 0 0 0 0 0 0 0 0 0 0 0 0 0 0 0 0 0 0 0 0 0 0 0 0 0 0 0 0 0 0 1 0 0 
0 0 0 0 0 0 0 0 0 0 1 0 0 0 0 0 0 0 0 0 0 0 0 0 0 0 0 1 0 0 1 0 0 1 0 0 1 0 1 0 0 0 0 0 0 0 0 0 0 0 0 0 0 0 0 0 0 0 0 0 0 0 0 0 0 0 0 0 0 0 0 1 0 0 0 0 0 0 1 0 0 0 0 0 0 0 0 0 0 0 0 0 0 0 0 0 0 0 0 0 0 0 0 0 1 0 0 0 0 0 0 0 0 0 0 0 0 0 0 0 0 0 0 0 0 0 0 0 0 0 0 0 0 0 0 0 0 0 0 0 0 0 0 0 0 0 0 0 0 0 0 0 0 0 0 0 0 0 0 0 0 0 0 0 0 0 0 0 0 0 0 1 0 0 0 0 0 1 0 0 0 0 0 0 0 0 0 0 2 0 0 0 0 0 0 0 0 0 0 0 0 1 0 0 0 0 0 0 0 0 0 0 0 0 0 0 1 0 1 0 0 0 0 0 0 0 0 0 0 0 0 0 0 0 0 0 0 0 0 0 0 0 0 0 0 0 0 0 0 0 1 0 1 0 0 0 
0 0 0 0 0 0 0 0 0 1 0 0 0 0 0 0 0 0 0 0 0 0 0 0 0 0 0 1 0 0 0 0 0 0 0 0 0 0 0 0 0 0 0 0 0 0 0 0 0 0 0 0 0 0 0 0 1 0 0 0 0 0 0 0 0 0 0 0 0 0 0 0 0 1 0 0 0 0 1 0 0 0 0 0 0 0 0 0 0 0 0 0 0 0 0 0 0 0 0 0 0 0 0 0 0 0 0 0 0 1 1 0 0 0 0 0 0 0 0 0 0 0 0 0 0 0 0 0 0 1 0 1 0 0 0 0 0 0 0 0 0 0 0 0 0 0 0 0 0 0 0 0 0 0 0 0 0 0 0 0 0 0 0 0 0 0 0 0 0 0 0 0 0 0 0 0 0 1 0 0 0 0 0 0 0 0 0 0 1 0 0 0 0 0 0 0 0 1 0 0 0 0 0 0 0 0 0 0 0 0 0 0 0 0 0 0 0 0 0 0 0 0 1 0 0 0 0 0 0 0 0 0 0 0 0 0 1 0 0 0 0 0 0 0 0 1 0 0 0 0 0 0 0 0 0 0 
0 0 0 0 0 0 0 0 0 0 0 0 0 0 0 0 0 0 0 0 0 0 0 0 0 0 0 0 0 0 0 0 0 0 0 0 0 0 0 0 0 0 0 0 0 0 0 0 0 0 0 0 0 0 0 0 0 0 0 0 0 0 0 0 0 0 0 0 0 0 0 1 0 0 0 0 0 0 0 0 1 0 0 0 0 1 0 0 0 0 0 0 0 0 0 0 0 0 0 0 0 0 0 0 1 0 1 0 0 0 0 0 0 0 0 0 0 0 0 0 0 0 0 0 0 0 0 0 0 0 0 0 0 0 0 0 0 0 0 0 0 0 1 0 0 0 0 0 0 0 0 0 0 0 0 0 0 0 0 0 0 0 0 0 0 0 0 0 0 0 0 0 0 0 0 0 0 0 0 0 0 0 0 0 0 0 0 0 0 1 0 0 0 1 0 0 0 0 0 0 0 0 0 0 0 0 0 0 0 0 0 0 0 0 0 0 0 0 0 0 0 1 1 1 0 0 0 0 0 1 0 0 0 0 0 0 0 0 0 0 0 0 0 0 0 0 0 0 0 0 0 0 0 0 0 0 
0 0 0 0 0 0 0 0 0 0 0 0 0 0 0 0 0 0 0 0 0 0 0 0 0 0 0 0 0 0 0 0 0 0 0 0 0 0 0 0 0 0 0 0 0 0 0 1 0 0 0 0 0 0 0 0 0 0 0 0 0 0 0 0 0 0 0 0 0 0 0 1 0 0 0 0 0 0 0 0 0 0 0 0 0 0 0 0 0 0 0 0 0 0 0 0 0 0 0 0 0 0 0 0 0 0 0 1 0 0 0 0 0 0 1 0 0 0 0 0 1 0 0 0 0 0 0 0 0 0 0 0 0 0 0 0 0 0 0 0 0 0 0 1 0 1 0 0 0 0 0 0 0 0 0 0 0 0 0 0 0 0 0 0 0 0 1 0 0 0 0 0 0 0 0 0 0 0 0 0 0 0 0 0 0 0 0 0 0 0 0 1 1 0 0 0 0 0 0 0 0 1 0 0 0 0 0 0 0 1 0 0 1 0 0 0 0 0 0 0 0 0 0 0 0 0 0 0 0 0 0 0 0 0 0 0 0 0 0 0 0 0 1 0 0 0 0 0 0 1 0 0 0 0 0 0 
0 0 1 0 0 0 0 0 1 0 0 0 0 1 0 0 0 1 0 0 0 0 0 0 0 0 0 0 0 0 0 0 0 0 0 0 0 0 0 0 0 0 0 0 0 0 0 0 0 0 0 0 0 0 0 0 0 0 0 0 0 0 0 0 0 0 0 0 0 0 0 0 0 0 0 0 0 1 0 0 0 0 0 0 0 0 0 0 0 0 0 0 0 0 0 1 0 0 0 0 0 0 0 0 0 0 0 0 0 0 0 0 0 0 0 0 0 0 0 0 0 0 0 0 0 0 0 0 0 0 0 0 0 0 0 0 0 0 0 0 0 0 0 0 0 0 0 0 0 0 1 0 0 0 0 0 0 0 0 0 0 0 0 0 0 0 0 0 0 0 0 0 0 0 0 0 0 0 0 0 0 0 0 0 0 0 0 0 0 0 0 0 1 0 0 0 0 0 0 0 0 0 0 0 0 0 0 0 0 0 0 0 0 1 0 1 0 0 0 0 0 0 0 0 0 0 0 0 0 0 0 1 0 0 0 0 0 0 0 0 0 0 0 0 0 0 0 0 0 0 0 0 0 0 0 0 
0 0 0 0 0 0 0 0 0 0 0 0 0 0 0 0 0 0 0 0 0 0 0 0 0 0 0 0 0 0 1 0 0 0 0 0 0 0 1 0 0 0 0 0 0 0 0 0 0 0 0 0 0 0 0 0 0 0 0 0 0 0 1 0 0 0 0 0 0 0 1 0 0 0 0 0 0 0 0 0 0 0 0 0 1 0 0 0 0 0 0 0 0 0 0 0 0 0 0 0 0 0 0 0 0 0 0 0 1 0 0 0 0 0 0 0 0 0 0 0 0 0 0 0 0 0 0 0 0 0 0 0 0 0 0 0 0 0 0 0 0 0 0 0 0 0 0 0 0 0 0 0 0 0 0 0 0 0 0 0 0 0 0 0 0 0 0 0 1 0 0 0 0 0 0 0 0 0 0 0 0 0 0 0 0 0 0 0 0 0 0 0 0 1 0 0 0 1 0 0 0 0 0 0 0 0 0 0 0 0 0 0 0 0 1 0 0 0 0 0 0 0 0 0 0 0 0 0 0 0 0 0 0 0 0 0 0 0 0 0 0 0 0 0 0 0 0 0 0 0 1 0 0 0 0 0 
0 0 0 0 1 0 0 0 0 0 0 0 0 0 0 0 0 0 0 0 0 0 0 0 0 0 0 0 0 0 0 0 0 0 0 0 0 0 1 0 2 0 0 0 0 0 0 0 0 0 0 0 0 0 0 0 0 0 0 0 0 0 0 0 0 0 0 1 0 0 0 0 0 0 1 0 0 0 0 0 0 0 0 0 0 0 0 0 0 0 0 0 0 0 0 0 0 0 0 0 0 0 0 0 0 0 0 0 0 1 0 0 0 0 0 0 1 0 0 0 0 0 0 0 0 1 0 0 0 0 0 0 0 1 0 0 0 0 0 0 1 1 0 0 0 0 0 0 0 0 0 1 0 0 0 0 0 0 0 1 0 0 0 0 0 0 0 1 0 0 0 0 0 0 1 0 0 0 0 0 0 0 0 1 1 0 0 0 0 0 0 0 0 0 0 0 0 0 1 1 0 0 0 0 0 0 0 0 0 0 0 0 0 0 0 0 0 0 0 0 0 0 0 0 0 0 0 0 0 0 0 0 0 0 0 0 0 0 0 0 0 0 0 0 0 0 0 0 0 0 0 0 0 0 0 0 
0 0 0 0 0 0 1 0 0 1 0 0 0 0 0 0 0 0 0 0 0 0 0 0 0 0 0 0 0 0 0 0 0 0 0 0 0 0 0 0 0 0 0 0 0 0 0 0 0 0 0 0 0 0 0 0 0 0 0 0 0 0 0 0 0 0 0 0 0 0 0 0 0 0 0 0 0 0 1 0 0 1 1 0 1 0 0 0 1 0 0 0 0 0 0 1 0 0 0 0 0 0 0 0 0 0 1 0 0 0 0 0 0 0 0 0 0 0 0 0 0 0 0 0 0 0 0 0 0 0 1 1 1 0 0 0 0 0 0 0 0 0 0 0 0 0 0 1 0 0 0 0 0 0 0 0 0 0 0 1 0 0 0 0 0 0 0 0 0 0 0 0 0 0 0 0 0 0 0 0 0 0 0 0 1 0 0 0 0 0 0 0 0 0 0 0 0 0 0 0 0 0 0 0 0 0 0 0 1 0 0 0 0 0 0 0 0 0 0 0 0 0 0 0 0 0 0 0 0 0 0 0 1 0 0 0 0 0 0 0 0 1 0 0 0 0 0 0 0 0 0 0 0 0 0 0 
0 0 0 0 0 0 0 0 0 0 1 0 0 0 0 0 0 0 0 0 0 0 0 0 0 0 1 0 0 0 0 0 0 0 0 0 0 0 0 0 0 0 0 0 0 0 0 0 0 0 0 0 0 0 0 0 0 0 0 0 0 0 0 0 0 0 0 0 0 0 0 0 0 0 0 0 0 0 0 0 0 0 0 0 0 0 0 0 0 0 1 1 0 0 0 1 0 0 0 0 0 0 0 0 0 0 0 0 0 0 0 0 0 0 0 0 0 0 0 0 0 1 0 0 1 0 0 0 0 0 0 0 1 0 0 0 0 0 0 0 0 0 0 1 0 1 0 0 0 0 0 0 0 0 0 0 0 0 1 0 0 0 0 0 0 0 0 0 1 0 0 0 0 0 0 0 0 0 0 0 0 0 0 0 0 0 1 0 0 0 0 0 0 0 0 1 0 0 0 0 0 0 0 0 0 0 0 0 0 0 0 0 0 0 0 0 0 0 1 0 0 0 1 0 0 0 0 0 0 0 0 0 0 0 0 0 0 0 0 0 0 0 0 0 0 0 0 0 0 0 0 0 0 0 0 0 
0 0 0 0 0 0 0 0 0 0 0 0 0 0 0 0 0 0 0 0 0 0 0 0 0 0 0 0 0 0 0 0 0 0 0 0 0 0 0 0 0 0 0 0 0 0 0 0 0 0 0 0 0 0 0 0 0 0 0 0 0 0 0 0 0 1 0 0 0 0 0 0 0 0 0 0 0 0 0 0 0 0 0 0 0 0 0 0 0 0 0 0 0 0 0 0 0 0 0 0 0 1 0 0 0 0 0 0 0 0 0 0 0 0 0 0 1 0 0 0 0 0 0 0 0 0 0 0 0 0 0 0 0 0 0 0 0 0 0 0 0 0 0 0 0 0 0 0 0 0 0 0 0 0 0 0 0 0 0 0 0 0 0 1 1 0 0 0 0 0 0 0 0 0 0 0 1 0 0 0 0 0 0 0 0 0 0 0 1 0 0 0 0 0 0 0 0 0 0 0 1 0 0 0 0 0 0 0 0 0 0 0 0 0 0 0 0 0 0 0 0 0 0 0 0 1 0 0 0 0 0 0 0 1 0 0 0 0 0 0 0 0 0 0 0 0 0 0 0 0 0 0 0 0 0 0 
0 1 0 0 0 0 0 0 0 0 0 0 0 0 0 0 0 0 0 0 0 0 0 0 0 0 0 0 0 0 0 0 0 0 0 0 0 0 0 0 0 0 0 0 0 0 0 0 0 0 0 0 0 0 0 0 0 0 0 0 0 0 0 0 0 0 0 0 0 0 0 0 0 0 0 0 0 0 1 0 1 1 0 0 0 0 0 0 0 0 0 0 0 0 0 0 0 0 0 0 0 0 0 0 0 0 0 0 0 0 0 0 0 0 0 0 0 0 0 0 0 0 0 0 0 0 0 0 0 0 0 0 0 0 0 0 0 0 0 0 0 0 0 1 0 0 0 0 0 0 0 0 0 0 0 0 0 0 0 1 0 0 0 0 0 0 0 0 0 0 1 0 0 0 0 0 0 0 0 0 0 0 0 0 0 0 0 0 0 0 0 0 0 0 0 0 0 0 0 0 0 0 0 0 0 0 0 0 0 0 0 0 0 0 1 0 0 1 0 0 1 0 1 0 0 0 0 0 0 0 0 0 0 0 0 0 0 0 0 0 0 0 0 0 0 0 0 0 0 0 0 0 0 0 0 0 
0 0 0 0 0 0 0 0 0 0 0 0 0 0 0 0 0 0 0 0 0 0 1 0 0 0 0 0 0 0 0 0 0 0 0 0 0 0 0 0 0 0 0 0 0 0 0 0 0 0 1 0 1 0 1 0 0 0 0 0 1 0 0 0 0 0 0 0 0 0 0 0 0 1 0 0 0 1 0 0 0 0 0 1 0 0 0 0 0 0 0 0 0 0 0 0 0 0 0 0 0 0 0 0 0 0 0 0 0 0 0 0 0 0 0 0 0 0 0 1 0 0 0 0 0 1 0 0 0 0 0 0 0 0 0 0 0 0 0 0 0 0 0 0 0 0 0 0 0 0 0 0 0 0 0 0 0 0 0 0 0 1 0 0 0 0 0 0 0 0 0 0 0 0 0 0 0 0 1 0 0 0 0 0 0 0 0 1 0 0 0 0 0 0 0 0 0 0 0 0 0 0 0 0 0 0 0 0 0 0 0 0 0 0 0 0 0 0 0 1 0 0 0 0 0 0 0 0 0 0 0 0 0 0 0 0 0 0 0 0 0 0 0 0 0 1 0 0 0 0 0 0 0 1 0 0 
0 0 1 0 0 0 0 0 0 0 0 0 0 0 0 0 1 0 0 0 0 0 0 0 1 0 0 0 0 0 0 0 0 0 0 0 0 0 0 0 0 0 1 0 0 0 1 0 0 0 0 0 0 0 0 0 0 0 0 1 0 0 0 0 0 0 0 0 0 0 0 0 0 0 0 0 0 0 0 0 0 1 0 0 0 0 0 0 0 0 0 0 0 0 0 0 0 0 0 0 1 0 0 0 0 0 0 0 0 0 0 0 0 0 0 0 0 0 0 0 0 0 0 0 0 0 0 0 1 0 0 0 0 0 0 0 0 0 0 0 1 1 0 0 0 0 0 0 0 0 0 0 0 0 0 0 0 0 0 0 0 0 1 0 0 0 0 1 0 0 0 0 0 0 0 0 0 0 0 0 0 1 0 0 0 0 0 0 0 0 0 0 0 0 0 0 0 0 0 1 0 0 0 0 0 0 0 0 0 0 0 0 0 0 0 1 0 1 0 0 0 0 0 0 0 0 0 1 1 0 0 0 0 0 0 0 0 0 0 0 0 0 0 0 0 0 0 0 0 0 0 0 0 0 0 0 
0 0 0 0 0 0 0 0 0 0 0 0 0 0 0 0 0 0 0 0 0 0 0 0 0 0 0 0 0 0 0 0 0 0 0 0 0 0 0 0 0 0 0 0 1 0 0 0 0 0 0 0 0 0 0 0 0 0 0 0 0 0 1 0 0 0 0 0 0 0 0 0 0 0 0 1 0 0 0 0 0 0 0 0 0 0 0 0 0 0 0 0 0 0 0 0 0 0 0 0 0 0 1 0 0 0 0 0 0 0 0 0 0 0 1 0 0 0 0 0 0 0 1 0 0 0 0 0 0 0 0 1 1 0 0 0 0 0 0 0 0 0 0 0 0 0 0 0 0 0 0 0 0 0 0 0 0 0 0 0 0 0 0 0 0 0 0 0 0 0 0 0 0 0 0 0 0 0 0 0 0 0 0 0 0 0 0 0 0 1 0 0 0 0 0 0 0 0 0 0 0 0 0 0 0 0 0 0 0 0 0 1 0 0 0 0 0 0 0 0 0 0 0 0 0 0 0 0 0 0 0 0 0 0 0 0 0 0 0 1 0 0 0 0 0 0 0 0 0 0 0 0 0 0 0 0 
0 0 0 0 0 0 0 0 0 0 0 0 0 0 0 0 0 0 0 0 0 0 1 0 0 0 0 0 0 0 0 0 0 0 0 0 0 0 0 1 0 0 0 1 0 1 0 0 0 1 0 0 0 0 1 0 0 0 0 0 0 0 0 0 0 0 0 0 0 0 0 0 0 0 1 0 0 0 0 0 0 1 0 0 0 0 0 0 0 0 1 0 0 0 0 0 0 0 0 1 0 0 0 0 1 0 0 0 0 0 0 0 0 0 0 0 0 0 0 0 0 0 0 0 0 0 0 0 0 0 0 0 0 0 0 0 0 0 1 0 0 0 0 0 0 0 0 0 0 0 0 0 0 0 0 0 0 0 0 0 0 0 0 0 0 0 0 0 0 0 0 0 0 0 0 0 0 0 0 0 0 0 0 0 0 0 0 1 1 0 0 0 0 0 0 0 1 1 0 0 0 0 0 0 0 0 0 0 0 0 0 0 1 0 0 0 0 0 1 0 0 0 0 0 0 0 0 0 0 0 0 1 0 0 0 0 0 0 1 0 0 0 0 0 0 0 0 0 0 0 1 0 0 0 0 0 
0 0 0 0 0 0 0 0 0 0 0 0 0 0 0 0 0 0 0 0 0 0 0 0 0 0 0 0 0 0 0 0 0 0 0 0 0 0 0 0 0 0 0 0 0 0 0 0 0 0 0 1 0 0 0 0 0 0 0 0 0 0 0 0 0 0 0 0 0 0 0 1 0 0 0 0 0 1 0 1 0 0 0 1 0 0 0 0 0 0 0 0 0 0 0 0 0 0 0 0 0 0 0 0 0 0 0 1 0 0 0 0 0 0 0 0 0 0 0 0 0 1 0 0 0 0 0 0 0 0 0 0 0 0 0 0 0 0 0 0 0 0 0 0 0 0 0 0 0 0 0 1 0 0 0 0 1 0 0 0 0 0 0 0 0 0 0 1 0 0 0 0 0 0 0 1 0 0 0 0 0 0 0 0 0 1 0 0 0 0 0 0 1 0 0 0 0 0 0 0 0 0 0 0 1 0 0 0 0 0 0 0 0 0 0 0 0 0 0 0 0 0 0 0 0 0 0 0 0 0 1 0 0 0 0 0 0 0 0 0 0 0 0 0 0 0 0 0 0 0 0 0 0 0 0 0 
0 0 0 0 0 0 0 0 0 1 0 0 1 0 0 0 0 0 0 0 0 0 0 0 0 0 0 0 0 0 0 0 0 0 0 0 1 0 0 0 0 0 0 0 0 0 0 0 0 0 0 0 0 0 0 0 0 0 0 0 0 0 0 0 0 0 0 0 0 0 0 0 0 0 0 0 0 1 0 0 0 0 0 0 0 0 0 0 1 0 0 0 0 0 0 0 0 0 0 0 1 0 0 0 0 0 0 0 0 0 0 0 0 0 0 0 0 0 0 0 0 0 0 0 0 0 0 0 0 0 0 0 0 0 0 0 0 0 0 0 0 0 0 0 0 0 0 0 0 0 1 0 1 1 0 1 0 0 0 0 0 0 0 0 0 0 0 0 0 0 0 0 0 0 0 0 0 0 0 0 0 0 0 0 0 0 1 0 0 0 0 0 0 0 0 1 0 0 1 0 0 0 0 0 0 0 0 0 0 1 0 1 0 1 0 0 0 0 0 0 0 0 0 0 2 0 0 1 0 0 0 0 0 0 0 0 0 0 0 0 0 0 0 0 0 0 0 0 0 0 0 0 0 0 0 0 
0 0 0 0 0 1 0 0 0 0 0 1 0 0 0 0 0 0 1 0 0 0 0 0 0 0 0 0 0 0 0 0 0 0 0 0 0 0 0 0 0 0 0 0 0 0 0 0 0 0 1 0 0 0 0 0 0 0 0 0 0 0 0 0 0 0 0 0 0 0 0 0 0 0 0 1 0 0 0 0 0 0 0 0 0 0 1 0 0 0 0 0 0 0 0 0 0 0 0 0 0 0 0 0 0 0 0 0 0 0 0 0 0 0 0 1 0 0 0 0 1 0 0 0 0 0 0 0 0 0 0 0 0 0 0 0 0 0 0 0 0 0 0 0 0 0 0 0 0 0 0 0 0 0 0 0 0 0 0 0 0 0 0 0 0 0 0 0 0 1 0 0 0 1 0 0 0 0 0 0 0 0 0 0 0 0 0 0 0 0 0 0 0 0 0 0 0 0 0 0 0 0 0 0 0 0 0 0 0 0 0 0 0 0 0 0 0 0 0 0 0 0 0 0 0 0 0 0 1 0 0 0 0 0 0 0 0 0 0 0 1 0 0 0 0 0 0 0 0 0 0 0 0 0 0 0 
2 0 0 0 0 0 0 0 0 0 0 0 0 0 0 0 0 0 0 0 0 0 0 0 0 0 0 0 0 0 0 0 0 0 0 0 0 0 0 0 0 0 0 1 0 0 0 0 0 0 0 0 0 0 0 0 0 0 0 0 0 0 0 0 0 0 0 0 0 0 0 1 0 0 0 0 0 0 0 0 0 0 0 0 0 0 0 0 0 0 0 0 0 0 0 0 0 0 0 0 0 0 0 1 0 0 0 0 0 0 0 0 0 1 0 1 0 0 0 0 0 0 0 0 0 0 0 0 1 0 0 0 0 0 0 0 1 0 0 0 0 0 0 0 0 0 0 0 0 0 0 0 0 0 0 0 0 1 0 0 0 0 0 0 0 0 0 0 0 0 0 0 0 0 0 0 0 0 0 0 1 0 0 0 0 0 0 0 0 0 0 0 0 0 0 0 0 0 0 0 0 0 0 0 0 0 0 0 0 0 0 0 0 0 0 0 0 0 0 0 0 0 0 0 0 0 1 0 0 0 0 0 0 0 0 0 1 0 0 0 0 0 0 0 0 0 0 0 0 0 0 0 0 0 0 0 
0 0 0 0 0 0 0 0 1 0 0 0 0 0 1 0 0 0 0 0 0 0 1 0 0 0 0 0 0 0 0 0 0 0 0 0 0 0 0 0 0 0 0 0 1 0 0 0 0 0 1 0 1 0 0 0 0 0 0 0 0 0 0 0 0 0 0 0 0 0 0 0 0 0 0 0 1 0 0 0 0 0 0 0 0 0 0 0 0 0 0 0 0 1 0 0 0 0 0 0 0 0 0 0 0 0 0 0 0 0 0 0 0 0 0 0 0 0 0 0 0 0 0 0 0 0 0 0 0 0 0 0 0 1 0 0 0 0 0 0 0 0 1 0 0 0 0 0 0 0 0 0 0 0 0 0 0 0 0 0 0 0 0 1 0 0 0 0 0 0 0 0 0 0 0 0 0 0 0 0 0 0 0 0 0 0 0 0 0 0 0 0 0 0 0 0 0 0 1 0 0 0 0 0 0 0 1 0 0 0 0 0 0 0 0 0 0 0 0 0 0 0 0 0 0 0 0 1 0 0 0 0 0 0 0 0 0 0 0 1 0 0 0 1 0 0 0 0 0 0 0 1 0 0 0 0 
0 0 0 0 0 0 0 0 0 0 0 0 0 0 0 0 0 0 0 0 0 0 0 1 0 1 0 0 0 0 0 0 0 0 0 0 0 0 1 0 0 0 0 0 0 0 0 0 0 0 0 0 0 0 0 0 0 0 0 0 0 0 1 0 0 0 0 0 0 0 0 0 0 0 0 0 0 0 0 0 0 0 0 0 0 0 0 0 0 0 0 0 0 0 0 0 0 0 0 0 0 0 0 0 0 0 0 0 0 1 0 0 0 0 0 0 0 0 0 0 0 0 0 0 0 0 0 0 0 0 0 0 0 0 0 0 0 0 0 0 0 0 0 0 0 0 0 0 0 0 0 0 0 0 0 0 0 0 0 0 0 0 0 0 0 1 0 0 0 0 0 0 0 0 0 0 0 0 0 0 0 0 0 0 0 0 0 0 0 0 0 0 0 0 0 0 0 0 0 0 0 0 0 0 0 0 0 0 0 0 0 0 0 0 0 0 0 0 0 0 0 0 0 0 0 1 0 0 0 0 0 1 0 0 0 0 0 0 0 0 0 0 0 0 1 0 0 0 0 0 0 0 0 0 0 0 
0 0 0 0 0 0 0 0 0 0 0 0 0 0 0 0 0 0 1 0 0 0 0 0 0 0 0 0 0 0 0 0 0 0 0 0 0 0 0 0 1 0 1 0 0 0 0 0 0 0 0 0 0 0 0 0 0 1 0 0 0 0 0 0 0 0 0 0 0 0 0 0 0 0 0 0 1 0 0 0 0 0 0 0 0 0 0 0 0 0 0 0 1 2 0 0 0 0 0 0 0 0 0 0 0 0 0 0 0 0 0 0 0 0 0 1 0 1 0 0 0 0 0 0 0 0 0 0 0 0 0 0 0 0 0 1 1 0 0 0 0 0 0 0 0 0 0 0 0 0 0 0 0 0 0 0 0 0 0 0 0 0 0 0 0 0 0 0 0 0 0 0 0 0 0 0 0 0 0 0 0 1 0 0 0 0 0 0 0 0 0 0 0 0 0 0 0 0 0 0 0 0 0 0 0 0 0 0 0 0 0 0 1 0 0 0 0 0 0 0 0 0 0 0 0 0 0 0 1 0 0 0 0 0 0 0 0 0 0 0 0 0 0 0 0 0 0 0 0 0 0 0 0 0 0 0 
0 0 0 0 0 0 0 1 0 0 0 0 0 0 0 0 0 0 0 0 0 0 1 0 0 1 0 0 0 0 0 0 0 0 0 0 0 0 0 0 0 0 0 0 0 0 0 0 0 0 0 0 0 0 0 0 0 0 0 0 0 0 0 0 0 0 0 0 0 0 0 0 0 0 0 0 0 0 0 0 0 0 0 0 0 0 0 0 0 0 0 0 0 0 0 0 0 0 0 0 0 0 0 0 0 0 0 0 0 0 0 0 0 0 0 0 0 0 0 0 0 0 0 0 2 0 0 0 0 0 0 0 0 0 0 0 0 1 0 0 0 1 0 0 0 0 0 0 0 1 0 0 0 0 0 0 0 0 0 0 0 0 0 1 0 0 0 0 0 0 0 0 0 0 0 0 0 0 0 0 0 0 0 1 0 0 0 0 0 0 0 0 0 0 0 0 0 0 0 0 0 0 0 0 0 0 0 0 0 0 0 0 0 0 1 0 0 0 0 0 0 0 0 0 0 0 0 0 0 0 0 0 0 1 0 0 0 0 0 0 0 0 0 0 0 0 0 0 0 0 0 0 0 0 0 0 
0 0 0 0 0 0 0 0 0 0 0 0 0 0 1 0 0 0 0 0 0 0 0 0 0 0 1 0 0 1 0 0 0 0 0 0 0 0 0 0 0 0 0 0 0 0 0 0 0 0 0 0 0 0 0 0 0 0 0 0 0 1 0 0 0 0 0 0 0 0 0 0 0 1 0 0 0 0 0 0 1 0 0 0 1 0 0 0 0 0 0 0 0 0 0 0 0 0 0 0 0 1 0 0 0 0 0 0 1 0 0 0 0 0 0 0 0 0 1 0 0 0 0 0 0 0 0 0 0 0 0 0 0 1 0 0 0 0 0 0 0 0 0 0 1 0 0 0 0 0 0 0 0 0 0 0 0 0 0 0 0 0 0 0 0 0 0 0 0 0 0 0 0 0 0 1 0 0 0 0 0 0 0 0 0 0 0 0 0 0 0 0 0 0 0 0 0 0 0 0 0 0 0 0 0 0 0 0 1 0 0 0 0 0 0 0 1 0 0 0 0 0 0 0 0 0 0 0 1 0 0 0 0 0 0 0 0 0 0 0 0 0 0 0 0 0 0 0 0 0 0 0 0 0 0 0 
0 0 0 0 0 1 0 0 0 0 0 0 0 0 0 0 0 0 0 0 0 0 0 0 0 0 1 0 0 0 0 0 0 0 0 0 0 0 0 0 0 0 0 0 0 0 0 0 0 0 0 0 0 0 0 0 0 0 0 0 0 0 1 1 0 0 0 1 0 0 0 0 0 0 0 0 0 0 0 0 0 0 0 0 0 0 0 0 1 0 0 0 0 0 0 0 0 0 0 0 0 0 0 2 0 0 0 0 0 0 0 1 0 0 0 0 0 0 0 0 0 0 0 0 0 0 0 0 0 0 0 0 0 0 0 0 0 0 0 0 1 0 0 0 0 0 0 0 1 0 0 0 0 0 0 0 0 0 0 0 0 0 0 0 0 0 0 0 0 0 0 0 0 0 1 0 0 0 0 0 0 0 0 0 1 0 0 0 0 0 0 0 0 0 0 0 0 0 0 0 0 0 0 0 0 1 0 0 0 0 0 0 0 0 0 0 0 0 0 0 0 0 0 0 0 0 0 0 0 0 0 1 0 0 0 0 0 0 0 0 0 0 0 0 0 0 0 0 0 0 0 0 0 0 0 0 
1 0 0 0 0 0 0 0 1 0 0 0 0 0 0 0 0 0 0 0 0 0 0 0 0 0 0 0 1 0 0 0 0 0 0 0 0 0 0 0 0 0 0 0 0 0 0 0 0 0 1 0 0 0 0 0 0 0 0 1 0 0 0 0 0 0 0 0 0 0 0 0 0 0 0 0 0 0 0 0 0 0 0 0 1 0 0 1 0 0 0 0 0 0 0 0 1 0 0 0 0 0 0 0 0 0 0 0 0 0 0 0 0 0 0 0 1 0 0 0 0 0 0 1 1 0 0 0 0 0 0 0 0 0 0 0 0 0 0 0 0 0 0 0 0 1 0 0 0 0 0 0 0 0 0 0 0 0 0 0 0 0 0 0 0 1 1 0 0 0 0 0 0 0 0 0 1 0 0 0 0 0 0 0 0 0 0 0 0 0 0 1 0 0 0 0 0 0 0 0 0 0 0 0 0 0 1 0 0 0 0 0 0 1 0 0 0 0 0 0 0 0 0 0 0 0 0 0 0 0 0 0 0 0 0 0 0 0 0 0 0 0 0 0 0 0 0 0 0 0 1 0 0 0 0 0 
0 0 0 0 0 0 0 0 0 0 0 0 0 0 0 0 0 0 0 1 1 0 0 0 0 0 0 0 0 0 0 0 0 0 0 0 0 0 0 0 0 0 0 0 1 0 0 0 0 0 0 0 0 0 0 0 0 0 0 0 0 0 0 0 0 0 0 0 1 0 0 1 0 0 0 0 0 0 0 1 0 0 2 0 0 0 0 0 0 0 0 0 0 0 0 0 0 0 1 0 0 0 0 0 0 1 0 0 0 0 0 0 0 0 0 0 0 0 0 0 0 0 0 0 0 0 0 0 0 0 0 0 0 0 0 1 0 0 0 0 0 0 0 0 0 0 0 0 0 1 0 0 0 0 0 0 0 1 0 0 0 0 0 0 0 0 0 0 0 0 0 1 0 0 0 0 0 0 0 0 0 0 0 0 0 0 0 0 0 0 0 0 0 0 0 0 0 0 0 0 0 0 0 0 1 0 0 0 0 0 0 0 0 0 0 0 0 0 0 0 0 0 0 0 0 0 0 0 0 0 0 0 0 0 0 0 0 0 0 0 1 0 0 0 0 0 0 1 0 0 0 0 0 0 1 0 
0 0 0 0 0 0 0 0 1 0 0 0 0 0 0 0 0 0 0 0 0 0 0 0 1 0 0 0 0 0 1 1 0 0 0 0 0 0 1 0 0 0 0 0 0 0 1 0 0 0 0 0 0 0 0 0 0 0 0 0 0 0 0 0 0 0 0 0 0 0 0 0 0 0 0 0 0 0 0 0 0 0 0 0 0 0 0 0 1 0 0 0 0 0 0 0 0 1 0 0 0 0 0 0 0 0 0 0 0 0 0 0 0 0 0 0 0 0 0 0 0 0 0 0 0 0 0 0 0 0 0 0 0 0 0 0 0 0 1 0 0 0 0 0 0 0 1 1 0 0 0 0 0 0 0 0 0 1 0 0 0 0 0 0 0 0 0 0 0 0 0 0 0 0 0 0 0 0 0 0 0 0 0 0 0 0 0 0 0 0 0 0 0 0 0 0 0 0 0 1 0 0 0 0 0 0 0 0 0 0 0 0 0 0 0 1 0 0 0 0 0 0 0 0 0 0 0 0 0 0 0 0 0 0 0 0 0 0 0 0 0 0 0 0 0 0 0 0 0 0 0 0 1 0 0 0 
0 0 0 0 0 0 0 1 0 0 0 0 0 0 0 0 0 0 0 0 0 0 1 0 0 1 0 0 0 0 0 1 0 0 1 0 0 0 0 0 0 1 0 0 0 0 1 0 0 0 0 0 0 0 0 0 0 0 0 0 0 0 0 0 1 0 0 0 0 0 0 0 0 0 0 0 0 0 0 0 0 0 0 0 0 0 0 0 0 0 0 0 0 0 0 0 1 0 0 0 0 0 0 0 0 0 0 0 0 0 0 0 0 0 0 0 2 0 0 1 0 0 0 0 0 0 0 1 0 0 0 0 0 0 0 0 0 0 0 0 0 0 0 0 0 0 0 0 1 0 0 0 0 0 0 1 0 0 0 0 0 0 0 0 0 0 0 0 0 1 0 0 0 1 0 0 0 0 0 0 0 0 0 0 0 0 0 0 0 0 0 0 0 0 0 0 0 0 0 0 0 0 0 0 0 0 0 0 0 0 0 0 0 0 0 0 0 0 0 0 0 0 0 0 0 0 0 0 0 0 0 0 0 0 0 1 0 0 0 0 0 0 0 0 0 0 0 0 0 0 0 0 1 0 0 0 
0 0 1 0 0 0 0 0 0 0 0 0 0 0 0 0 0 1 0 0 0 0 0 0 0 0 0 0 0 0 0 0 0 1 0 0 0 0 0 0 0 0 0 0 0 0 0 0 0 0 0 0 0 0 0 0 0 0 0 0 0 0 0 0 0 0 0 0 0 0 0 0 0 0 0 0 0 0 0 0 0 0 0 0 1 1 0 0 0 0 0 0 0 0 1 0 0 0 0 0 0 1 0 1 0 0 0 0 0 0 0 0 1 0 0 0 0 0 0 0 0 0 0 0 0 0 0 0 0 0 0 0 0 0 0 0 0 0 0 0 0 0 0 0 0 0 0 0 0 0 0 0 0 0 0 0 0 0 0 0 0 0 0 0 0 0 0 0 0 0 0 0 1 0 0 0 0 0 0 0 0 0 0 1 0 0 0 0 0 0 0 0 0 0 0 0 0 0 0 0 0 0 0 0 0 0 0 0 1 0 0 0 0 0 0 0 0 0 0 0 0 0 0 0 0 1 0 0 0 0 0 0 0 0 0 0 0 0 0 0 0 0 0 0 0 0 0 0 0 0 0 0 0 1 0 0 
0 0 0 0 0 0 0 0 0 0 0 0 0 0 0 0 0 0 0 0 0 0 0 0 0 0 0 0 1 0 0 0 0 0 0 1 0 0 0 0 1 0 0 0 0 0 0 0 0 0 0 0 0 0 0 0 0 0 0 0 0 0 0 0 0 0 0 0 0 0 0 0 0 0 0 0 0 0 0 0 0 0 0 0 0 0 0 0 0 0 0 0 0 0 0 0 0 0 0 1 0 0 0 0 0 0 0 0 0 1 0 0 0 0 0 0 0 0 0 0 0 0 0 0 1 1 0 0 0 0 1 0 0 0 0 0 0 0 0 0 0 0 0 0 0 0 0 0 0 0 0 0 0 0 0 0 0 0 0 0 0 0 0 0 1 0 0 0 0 0 0 0 0 1 0 1 0 0 0 0 0 0 0 0 0 0 0 0 0 0 0 0 0 0 0 0 0 0 0 0 0 0 0 0 0 0 0 0 0 0 0 0 0 0 0 0 0 0 0 0 0 0 0 0 0 0 0 0 0 0 0 0 0 0 0 0 0 0 0 0 0 0 0 0 0 0 0 0 0 0 0 0 0 0 0 0 
0 0 0 0 0 0 0 0 1 0 0 0 0 0 0 0 0 0 0 0 0 0 0 0 0 0 0 0 0 0 0 0 0 0 0 0 0 0 0 0 0 1 0 1 0 0 0 0 0 0 0 0 0 0 0 1 0 0 0 0 0 0 0 0 0 0 0 0 0 0 0 0 0 0 0 0 0 0 0 0 0 0 0 0 0 0 0 0 0 0 0 0 0 0 0 0 0 1 0 0 0 0 0 0 0 0 0 0 0 0 0 0 0 0 0 0 0 0 0 0 0 0 0 0 0 0 0 0 0 0 0 0 0 0 0 0 0 0 1 1 0 0 0 0 0 0 0 0 0 0 0 0 0 1 0 0 0 0 0 1 0 0 0 0 0 0 0 0 0 2 1 0 0 0 0 0 0 0 1 0 0 0 0 0 0 0 0 0 0 0 0 0 1 0 0 0 0 0 0 0 0 0 0 0 0 0 0 0 0 1 0 0 0 0 0 0 0 0 0 0 0 0 0 0 0 0 0 0 0 0 0 0 0 0 0 0 1 0 0 0 0 0 0 0 0 0 0 1 0 0 0 0 1 0 0 0 
0 0 0 0 0 0 0 0 0 0 0 0 0 0 0 0 0 0 0 0 0 0 0 0 0 0 0 0 0 0 0 0 0 0 0 0 0 0 1 0 0 0 0 0 0 0 0 0 0 0 0 0 0 0 0 0 0 0 0 0 0 0 0 0 0 0 0 0 0 0 0 0 0 0 0 0 0 0 0 0 1 0 0 0 0 1 0 0 0 0 0 0 0 0 0 0 0 0 0 0 0 0 0 1 0 0 0 0 0 0 0 0 0 0 0 0 0 0 0 0 0 0 0 0 0 0 0 0 0 0 0 0 0 0 0 0 0 0 0 1 0 0 0 0 0 0 0 0 0 0 0 0 0 0 0 0 0 0 0 0 0 0 0 0 0 0 0 0 0 0 0 0 0 0 0 0 0 0 0 0 1 0 0 0 0 0 0 0 0 0 0 0 0 0 1 0 0 0 0 0 0 0 0 0 0 0 0 1 0 0 0 0 0 0 0 0 1 0 0 0 0 0 0 1 0 0 0 0 0 0 0 0 0 0 0 0 0 0 0 0 0 0 0 0 0 0 0 0 0 0 0 0 0 1 0 0 
0 0 0 0 0 0 0 0 0 0 0 0 0 0 0 0 0 0 0 0 0 0 0 0 0 0 0 0 0 0 0 0 0 0 0 0 0 1 0 0 0 1 0 0 0 0 0 0 0 0 0 0 0 1 0 0 0 0 0 0 0 0 0 0 0 0 0 0 0 0 0 0 0 0 0 0 0 0 0 1 0 0 0 0 0 0 0 0 0 0 0 0 0 0 0 0 0 0 0 1 0 0 0 1 0 0 0 0 0 0 0 0 0 0 0 0 0 0 0 0 0 0 1 0 0 0 0 0 0 0 0 0 0 0 0 0 0 0 0 0 0 0 0 0 0 0 0 0 0 0 0 0 0 0 0 0 0 0 0 0 0 0 0 0 0 0 0 1 0 1 0 0 0 0 0 0 0 0 0 1 0 0 0 0 0 0 0 0 0 0 0 0 0 0 0 0 0 0 0 0 0 0 0 0 0 0 0 0 0 0 0 0 0 0 0 0 0 0 0 0 0 0 0 0 0 0 0 0 0 0 0 1 0 0 0 0 0 0 0 0 0 0 0 0 0 0 0 0 0 0 0 0 0 0 0 0 
0 0 0 0 0 0 0 0 0 0 0 0 0 0 0 0 0 0 0 0 0 0 0 0 0 0 0 0 0 0 0 0 0 0 0 0 0 0 0 0 0 0 0 0 0 0 0 0 0 0 0 0 0 0 0 0 0 0 0 0 0 0 0 0 0 0 0 0 0 1 0 1 0 0 0 0 1 0 0 0 0 0 0 0 0 0 0 0 0 0 0 0 0 0 0 0 0 0 0 0 0 1 0 0 0 0 0 0 0 0 0 0 0 0 0 0 0 0 0 0 0 0 0 0 0 0 1 0 0 0 0 0 0 0 0 0 0 0 0 0 0 0 0 0 0 0 0 0 0 0 0 1 0 0 0 0 0 0 0 0 0 0 0 0 0 0 0 0 0 0 0 0 0 0 0 0 0 0 0 0 0 0 0 0 0 0 0 1 0 0 0 1 0 0 1 0 0 1 0 0 0 0 1 0 0 0 0 0 0 0 0 0 0 0 1 0 0 0 0 0 0 0 0 0 0 0 0 0 0 0 0 0 0 0 0 0 0 0 0 0 0 0 0 0 0 0 0 0 0 0 1 0 0 0 0 0 
0 0 0 0 0 0 0 0 0 0 0 0 0 0 0 0 0 0 0 0 1 0 0 1 0 0 0 0 0 0 0 1 0 0 0 0 0 0 0 0 0 0 0 0 0 0 0 0 0 0 0 0 1 0 0 0 0 0 0 0 0 0 0 0 0 0 0 0 0 0 0 0 0 0 0 0 0 0 0 0 0 0 0 0 0 0 0 0 0 0 0 0 0 0 0 0 0 0 0 0 0 0 0 0 0 0 0 0 1 0 0 0 0 0 0 0 0 0 0 0 0 1 0 0 0 0 1 1 0 0 0 0 0 0 0 0 0 0 0 0 0 0 0 0 0 0 0 0 0 0 0 0 0 0 0 0 0 0 0 0 0 0 1 0 0 0 0 0 1 0 0 0 0 0 0 0 0 0 0 0 0 1 0 0 0 0 0 0 0 0 0 0 0 0 0 0 0 0 2 0 0 0 0 0 0 0 0 0 0 0 0 0 0 0 0 0 0 0 0 0 0 0 0 0 0 0 0 0 1 0 0 0 0 0 0 0 0 0 0 0 0 0 0 0 0 0 0 0 0 0 0 0 0 0 0 0 
0 0 0 0 0 0 0 0 0 0 0 0 0 0 0 0 0 0 0 0 0 0 0 0 0 0 0 0 1 0 1 0 0 0 0 0 0 0 0 0 0 0 0 0 0 0 0 0 1 0 0 0 0 0 1 0 0 0 0 0 0 0 0 0 0 0 1 0 0 0 0 1 0 1 0 0 0 0 0 0 0 0 0 0 0 0 0 0 0 0 0 0 1 0 0 0 0 0 0 0 0 0 0 0 0 0 0 0 0 0 0 0 0 0 0 0 0 0 0 0 0 0 0 0 0 0 0 0 0 0 0 0 0 0 0 0 0 0 0 0 0 0 0 0 0 1 0 0 0 1 0 0 0 0 0 0 0 0 0 0 0 0 0 0 0 0 0 0 0 0 0 0 0 0 0 0 0 0 0 0 0 0 0 0 0 0 0 0 0 0 0 0 0 0 0 0 0 0 0 0 0 0 0 0 0 0 0 0 0 0 0 0 0 0 0 0 0 0 0 0 0 0 0 0 0 0 0 0 0 0 0 0 0 0 0 0 0 0 0 0 0 0 0 0 0 0 0 0 0 0 0 0 0 0 0 0 
0 0 0 0 0 0 0 0 0 0 0 0 0 0 0 0 1 0 0 0 0 0 0 0 0 0 0 0 0 0 0 0 0 0 0 0 0 0 0 0 0 0 0 0 0 0 0 0 0 0 0 0 0 0 0 0 0 0 1 0 0 0 0 0 0 0 1 0 0 0 0 0 0 0 0 0 0 0 1 0 0 0 0 0 0 0 0 0 0 0 0 0 0 0 0 0 0 0 0 0 0 0 0 0 0 1 0 0 0 0 0 0 0 0 0 0 0 0 0 1 0 0 0 0 0 0 0 0 0 0 0 0 0 0 0 0 0 0 0 0 0 0 0 0 0 0 0 0 0 0 1 0 1 0 1 0 0 0 0 0 0 0 1 0 0 0 0 0 0 0 0 0 0 0 0 0 0 0 0 0 1 0 0 0 0 0 0 0 0 1 0 0 0 0 0 0 0 0 0 0 1 0 0 1 0 0 0 0 0 0 0 0 0 0 0 0 0 1 0 0 0 0 0 0 0 0 0 0 0 0 1 0 0 1 0 0 0 0 0 0 0 0 0 0 0 0 0 0 0 0 0 0 0 1 0 0 
0 0 0 0 1 0 0 0 0 0 0 0 0 0 0 0 0 0 0 0 0 0 0 0 0 0 0 0 0 0 0 0 0 0 0 0 0 0 0 0 0 0 0 0 0 0 0 0 0 0 0 0 0 0 0 0 0 1 0 0 0 0 0 0 0 0 0 0 0 0 0 0 0 0 0 0 1 0 0 0 0 0 0 0 0 0 0 0 0 0 0 0 0 0 0 0 0 0 0 0 0 0 0 0 0 0 0 0 0 0 0 0 0 0 0 0 0 0 0 0 0 0 0 0 0 0 0 0 1 0 0 0 0 0 0 0 0 0 0 0 0 0 0 0 0 0 0 0 0 0 0 0 0 0 0 0 0 1 0 0 0 0 0 0 0 0 0 0 0 0 0 0 0 0 0 1 0 0 0 0 0 0 0 0 0 0 1 0 0 0 0 0 1 0 0 0 0 0 0 0 0 1 0 0 0 0 0 0 1 0 0 0 0 0 0 0 0 0 0 0 0 0 0 0 0 0 0 0 0 0 0 0 0 0 0 0 0 1 0 0 0 0 0 0 0 0 1 0 0 0 0 0 0 0 0 0 
0 0 0 0 0 0 0 0 0 1 0 0 0 0 0 0 0 0 1 0 0 0 0 0 0 1 0 1 0 0 0 0 0 0 0 0 0 0 0 0 0 0 0 0 0 0 0 0 0 1 0 0 0 0 0 0 0 0 0 0 0 0 0 0 0 0 0 0 0 0 0 0 0 0 0 0 0 0 0 0 0 0 0 0 0 0 0 0 0 0 0 0 0 0 0 0 0 0 0 0 0 0 0 0 0 0 0 0 0 0 1 0 0 0 0 0 0 0 0 1 0 0 0 0 1 0 0 0 0 0 0 0 0 0 0 0 0 0 0 0 0 0 0 0 0 0 0 0 0 0 0 1 0 0 0 0 0 0 0 0 0 0 0 0 0 0 0 0 0 0 0 0 0 0 0 0 1 0 0 0 1 0 0 0 0 0 0 0 0 0 0 0 0 0 0 0 0 0 0 0 0 0 0 0 0 0 0 0 0 0 0 0 0 0 0 0 0 0 0 0 2 0 0 0 0 0 0 0 0 0 0 0 0 0 0 0 0 0 0 0 0 0 0 0 0 0 0 0 1 0 0 0 0 0 0 0 
0 0 0 0 0 0 1 0 0 0 0 0 0 1 0 0 1 0 0 0 1 0 0 1 0 0 0 0 0 0 0 0 0 0 0 0 0 0 0 0 0 0 0 0 0 1 0 0 0 0 0 0 0 0 0 0 0 0 0 0 0 0 0 0 0 0 0 0 0 0 0 0 0 0 0 0 0 0 0 0 0 0 0 0 0 0 0 0 0 0 0 1 0 0 0 0 0 1 0 0 0 0 0 0 0 0 0 0 0 0 0 0 0 0 0 0 0 0 0 0 0 0 0 0 0 0 0 0 0 0 0 0 0 0 0 0 0 0 0 2 0 0 0 1 0 0 0 0 0 0 0 0 0 1 0 0 0 1 0 0 0 0 0 0 0 0 0 0 0 0 0 0 0 0 0 0 0 0 0 0 0 0 0 0 0 0 0 0 0 0 0 0 0 0 0 0 0 0 0 0 0 0 1 0 0 0 0 0 0 1 0 0 0 0 0 0 0 0 0 0 0 0 0 0 0 0 0 0 1 0 0 0 0 0 0 0 0 0 0 0 0 0 0 0 0 0 0 0 0 0 0 1 0 0 1 0 
0 0 0 0 0 0 0 0 1 0 0 0 0 0 0 0 0 0 0 0 0 0 1 0 0 0 0 0 0 0 0 0 0 0 0 0 0 0 0 0 0 0 0 0 0 0 0 0 0 0 0 0 0 0 0 1 0 0 0 0 0 0 0 0 0 0 0 0 0 0 0 0 0 0 0 0 0 0 0 0 0 0 0 0 0 0 0 0 0 0 0 0 0 0 0 1 0 0 0 0 0 0 0 0 0 0 0 0 0 0 0 0 0 1 0 0 0 0 0 0 0 0 0 0 0 0 0 0 0 0 0 0 0 0 0 0 0 1 0 0 0 0 1 0 0 0 0 0 0 0 0 1 0 0 0 0 0 0 0 0 0 0 0 0 0 0 0 0 0 0 0 0 0 0 0 0 0 0 0 0 0 0 0 0 0 0 0 0 0 0 0 1 0 0 0 0 0 0 0 0 0 0 0 0 0 0 0 0 0 0 0 0 0 0 0 0 0 0 0 0 0 0 0 0 0 1 0 0 0 0 0 0 0 0 0 0 1 0 1 1 0 0 0 0 0 0 0 0 0 0 0 0 0 0 0 0 
0 0 0 0 0 0 0 0 0 0 0 1 0 0 0 0 1 0 0 0 0 0 0 0 0 0 0 0 0 0 0 0 0 0 0 0 0 0 0 0 0 0 0 0 0 0 0 0 0 0 0 0 0 0 0 0 1 0 0 0 0 0 0 0 0 0 0 0 0 1 0 0 0 0 0 0 0 0 0 0 0 0 0 0 0 0 0 0 0 0 0 0 0 0 1 0 0 0 0 0 0 0 0 0 0 1 0 0 0 0 0 0 0 0 0 0 0 1 0 0 1 0 0 0 0 0 0 0 0 0 0 0 0 0 0 0 0 0 0 0 0 0 0 0 0 0 0 0 1 0 0 0 0 0 0 0 0 0 0 0 0 0 0 0 0 0 0 0 0 0 0 0 0 0 0 0 0 0 0 0 0 0 0 1 0 0 0 0 0 0 0 0 0 0 0 0 0 0 1 0 0 0 0 0 0 0 0 0 0 0 0 0 0 0 0 0 0 0 0 0 0 0 1 0 0 0 1 0 1 0 0 0 0 0 0 0 0 0 0 1 0 0 1 0 0 0 0 0 0 0 0 0 0 0 0 0 
0 0 0 0 0 0 0 0 0 0 0 0 0 0 0 0 0 0 0 0 0 1 0 0 0 0 0 0 0 0 0 0 0 0 0 0 1 0 0 0 0 0 0 0 1 0 0 0 0 0 0 0 0 0 0 0 0 0 0 1 0 0 0 1 0 0 0 0 0 0 0 0 0 0 0 0 0 0 0 0 0 0 1 0 0 0 0 0 0 0 0 0 0 0 0 0 0 0 0 0 0 0 0 0 0 0 0 0 0 0 0 0 0 0 0 0 0 0 0 0 0 0 0 0 0 0 0 0 0 0 0 1 0 0 0 0 0 0 0 0 0 0 0 0 0 0 0 1 0 0 0 0 0 0 0 0 0 0 0 0 0 0 0 0 0 0 0 0 0 0 0 0 0 0 0 0 0 0 1 0 0 0 0 0 1 0 0 0 0 0 0 2 0 0 0 0 0 0 0 1 0 0 0 0 0 0 0 0 0 0 0 0 0 0 0 0 0 0 0 1 0 0 0 0 0 0 1 0 1 0 0 0 0 0 0 0 0 0 0 0 0 0 0 0 0 0 0 0 0 0 0 0 0 0 0 0 
0 0 0 1 0 0 0 0 0 0 0 0 0 0 0 0 0 0 0 0 0 0 0 0 0 0 0 0 0 0 0 1 0 1 1 0 0 0 0 1 0 0 0 0 1 0 0 0 0 1 0 0 0 0 0 1 0 0 0 0 0 0 0 0 0 0 0 0 0 0 0 0 0 0 0 0 0 0 0 0 0 0 0 0 0 0 0 0 0 0 0 0 0 0 0 0 0 0 0 0 0 0 0 0 0 1 0 0 0 0 0 0 0 0 0 0 0 0 0 0 0 0 0 1 0 0 0 0 0 0 0 1 0 0 0 0 0 0 0 0 0 1 0 0 0 0 0 0 0 0 0 0 0 0 0 0 0 0 0 0 0 0 0 0 0 0 0 0 0 0 0 0 1 0 0 0 0 0 0 0 0 0 0 0 0 0 0 0 0 0 0 0 0 0 0 0 0 0 0 0 0 0 0 0 0 0 0 0 0 0 0 0 0 0 0 0 0 0 0 1 0 0 0 0 0 0 0 0 0 0 0 0 0 0 0 0 0 0 0 1 0 0 0 0 1 0 0 0 0 0 0 0 0 0 0 0 
0 1 0 0 0 0 0 0 0 0 0 0 0 0 0 0 0 0 0 1 0 0 0 0 0 0 2 0 0 0 0 0 0 0 0 0 0 0 0 0 1 0 0 0 0 0 0 0 0 0 0 0 0 0 0 0 0 0 0 0 0 0 0 0 0 1 0 0 0 0 0 0 1 0 0 0 0 0 0 0 0 0 0 0 0 0 0 0 0 0 0 0 0 0 0 0 0 0 0 0 0 0 0 0 0 0 0 0 0 0 0 0 0 1 1 0 0 0 0 0 0 0 0 0 0 0 0 0 0 0 0 0 0 0 0 0 0 0 0 1 0 0 0 0 0 0 0 0 0 0 0 0 0 0 0 0 0 0 0 0 0 0 0 1 0 0 0 0 0 1 0 0 0 0 0 0 0 0 0 0 0 0 0 0 0 0 0 0 0 0 0 0 0 0 0 1 0 0 0 0 0 0 0 0 0 0 0 0 0 0 0 1 1 0 0 0 0 0 0 0 0 0 0 0 0 0 0 0 0 0 0 1 0 0 0 0 0 0 0 0 0 0 0 0 0 0 0 1 0 0 0 0 0 0 0 0 
0 0 0 0 0 0 0 0 0 0 0 0 1 0 0 0 0 0 0 0 0 0 0 0 0 0 0 0 0 0 0 0 0 0 0 0 0 0 0 0 0 0 0 0 1 0 0 0 0 0 0 0 0 0 0 0 0 0 0 0 0 0 0 0 0 0 0 0 0 0 0 0 1 0 0 2 0 0 1 0 0 0 0 0 0 0 0 0 0 0 0 0 0 0 0 0 0 0 0 0 0 0 0 0 0 0 0 1 0 0 0 0 0 0 0 0 0 0 0 0 0 0 0 0 0 0 0 0 0 0 0 0 0 0 0 0 0 0 0 0 0 0 0 0 0 0 0 0 0 0 0 0 0 0 0 0 0 0 1 0 0 0 0 0 0 0 1 0 0 0 0 0 0 0 0 0 1 0 0 0 0 0 0 0 0 0 0 0 0 0 1 0 0 0 0 0 0 0 0 0 0 0 0 0 0 0 0 0 0 0 0 0 0 0 0 1 0 0 0 0 0 0 0 0 0 0 0 0 0 0 0 0 0 0 0 0 0 0 0 0 0 0 0 0 0 0 0 0 0 0 0 0 0 0 0 0 
0 0 1 0 0 1 0 0 0 0 0 0 0 0 0 0 0 0 0 0 0 1 0 0 0 0 0 0 0 0 0 0 0 0 0 0 0 0 0 0 0 0 0 0 0 0 0 1 0 0 1 0 0 0 0 0 0 0 0 0 0 0 0 0 0 0 0 0 0 0 0 0 0 0 0 0 0 0 0 0 0 0 0 0 0 0 0 0 0 0 0 0 0 0 1 0 0 0 0 0 0 0 0 0 1 0 0 0 0 0 0 0 0 0 0 0 0 0 1 0 0 0 0 0 0 0 0 0 0 0 0 0 0 0 0 0 0 0 0 1 0 0 0 0 0 1 0 0 0 0 0 0 0 0 0 0 0 0 0 0 0 0 0 0 0 0 0 0 1 0 1 0 1 0 0 0 0 0 0 0 0 0 1 0 0 0 0 0 0 0 0 0 0 0 0 0 0 0 0 0 0 0 0 0 0 1 0 0 0 0 0 0 0 0 0 0 0 0 0 0 0 0 0 0 0 0 0 0 1 0 0 1 0 0 0 0 0 0 0 0 0 0 1 0 0 0 0 0 0 0 0 0 0 0 0 0 
0 0 0 0 0 0 0 0 0 0 0 0 0 0 0 1 0 0 0 0 0 0 0 0 0 0 0 0 0 0 0 0 0 0 0 0 0 0 0 0 0 0 0 0 0 0 0 0 0 0 0 0 0 0 0 0 0 0 0 0 0 0 0 0 0 0 0 0 0 0 0 0 0 0 0 0 0 0 0 0 0 0 0 0 0 0 0 0 0 0 0 0 1 0 0 0 0 0 0 0 0 0 0 1 0 0 0 0 0 0 0 0 0 0 0 0 0 0 0 0 0 0 0 0 0 0 0 0 0 0 0 0 0 0 0 0 1 1 0 0 0 0 0 0 0 0 0 0 0 0 1 0 0 0 0 0 0 0 0 0 0 0 0 0 0 0 0 0 0 0 0 0 1 0 0 0 0 0 0 0 0 0 0 0 0 0 0 0 0 0 0 0 0 0 1 0 0 0 0 0 0 0 0 0 0 0 0 0 0 0 0 0 0 1 0 0 0 0 0 0 0 0 0 0 0 0 0 0 0 0 0 0 0 0 0 0 0 0 1 0 0 0 0 0 0 0 0 0 1 0 0 0 0 0 0 0 
0 0 0 0 0 0 0 0 0 0 0 0 0 0 0 0 0 0 0 0 0 0 0 0 0 0 0 0 0 0 0 0 0 0 0 0 1 0 1 0 0 0 0 0 0 0 0 0 0 0 1 0 0 0 1 0 0 0 0 0 0 0 0 0 0 0 0 0 0 0 0 0 0 1 0 0 0 0 0 0 0 0 0 1 0 0 0 0 1 0 0 0 0 1 0 0 0 0 1 0 0 0 0 0 0 0 0 0 0 0 0 0 0 0 0 0 0 0 0 0 0 0 0 0 0 0 0 0 0 0 0 0 1 0 1 0 0 0 0 0 1 0 0 0 0 0 0 0 0 0 0 0 0 1 0 0 0 0 0 0 0 0 0 0 0 0 0 0 0 0 0 0 0 0 0 0 0 0 0 0 0 0 0 0 0 0 0 0 0 0 0 2 1 0 0 0 0 0 0 0 0 0 0 0 0 0 0 0 0 0 0 0 0 0 0 0 0 0 0 0 0 0 0 0 0 0 0 0 0 0 0 0 0 0 0 0 0 0 0 0 0 0 0 1 0 0 0 0 0 0 0 0 0 0 0 1 
0 1 0 0 0 0 0 0 0 0 0 0 0 0 0 0 0 0 0 0 0 0 0 0 0 0 1 0 0 0 0 0 0 0 1 0 0 0 0 0 0 0 0 0 0 0 0 0 0 0 0 0 0 0 0 0 0 0 0 0 0 0 0 0 0 0 0 0 0 0 0 0 0 0 0 0 0 0 0 0 0 0 0 0 0 0 0 0 0 0 0 1 0 0 0 0 0 0 0 0 0 0 0 0 0 0 0 0 0 0 0 0 0 0 0 0 0 0 0 0 1 0 0 0 1 0 0 0 0 0 0 0 0 0 0 0 0 0 0 0 0 0 0 0 0 0 0 0 0 0 0 0 1 0 0 0 0 0 0 0 0 0 0 1 0 0 1 0 0 0 0 0 0 1 0 0 0 0 1 0 0 0 0 0 0 0 1 0 0 0 0 1 0 0 0 0 0 1 0 0 0 0 0 0 0 0 0 0 0 0 0 0 0 0 0 0 0 0 0 0 0 0 0 0 0 1 0 0 0 0 0 0 1 0 0 0 0 1 0 0 0 0 0 0 0 0 0 0 0 0 2 0 0 0 0 0 
0 0 0 0 0 0 1 0 1 0 0 0 0 0 0 0 1 1 0 0 0 0 0 0 0 0 0 0 0 0 0 0 0 0 0 0 0 0 0 0 0 0 0 0 0 0 0 0 0 0 0 0 1 0 0 0 0 0 0 0 0 0 0 0 0 0 0 0 0 0 0 0 0 0 0 0 1 0 0 0 0 0 0 0 0 0 0 1 0 0 0 0 0 0 0 0 0 0 0 0 0 0 0 0 0 0 0 0 0 0 0 0 0 0 0 0 1 0 0 1 0 0 0 0 0 0 0 0 0 0 0 0 0 1 1 0 0 0 0 0 0 0 0 0 0 0 0 0 0 0 0 0 0 0 0 0 0 0 0 0 0 0 0 0 0 0 0 0 1 0 0 0 0 0 0 0 0 0 0 0 0 0 0 0 0 0 0 0 0 0 0 0 0 0 0 0 0 0 0 0 0 0 0 0 0 0 0 0 0 0 0 0 0 0 0 1 0 0 0 0 0 0 0 0 0 0 0 0 0 0 0 0 0 0 0 0 0 0 0 0 0 0 0 0 0 0 0 0 0 0 0 0 1 0 0 0 
1 0 0 0 0 0 0 0 0 0 0 0 0 0 0 0 0 0 0 0 0 0 0 0 0 0 0 0 0 0 0 0 0 0 0 0 0 0 0 0 0 0 1 0 0 0 0 0 0 0 0 0 0 0 0 0 0 0 0 0 0 0 0 0 0 0 0 0 0 0 0 0 0 0 0 0 0 0 0 0 0 0 0 0 1 0 0 0 0 0 0 0 0 0 0 0 0 0 0 0 0 0 0 0 0 0 0 0 0 0 0 0 0 0 0 0 0 1 0 0 1 0 1 0 0 0 0 0 0 0 0 0 0 0 0 0 0 0 0 0 1 0 0 0 0 0 0 1 0 0 0 0 1 1 0 0 0 0 0 0 0 0 0 0 0 0 0 0 0 0 0 0 1 1 1 0 0 0 0 0 0 0 0 1 0 1 0 0 0 0 0 0 0 0 0 0 0 0 0 1 0 0 0 0 0 1 1 0 0 0 0 1 0 0 0 0 0 0 0 0 0 0 0 1 0 0 0 0 0 0 0 0 0 0 0 0 0 0 1 0 0 0 0 0 0 0 0 0 0 0 0 0 0 0 0 0 
0 0 0 0 0 0 0 0 0 0 0 0 0 1 0 0 0 0 0 0 0 0 0 0 0 0 0 0 0 0 0 0 0 0 0 0 1 0 1 1 0 0 0 0 0 0 0 0 0 0 0 0 0 0 0 0 0 0 0 0 1 1 0 1 0 0 0 0 0 0 0 0 0 0 0 0 0 0 0 2 1 0 0 0 0 0 0 0 0 0 0 0 0 0 0 0 0 0 0 1 0 0 0 0 0 0 1 0 0 0 0 0 0 0 1 0 0 0 0 0 0 0 0 0 0 0 0 0 0 0 0 0 0 0 0 0 0 0 1 0 0 0 0 0 0 0 0 0 0 0 0 0 0 0 0 0 1 0 0 0 1 0 0 0 1 0 0 0 0 0 0 0 0 0 0 0 0 0 0 0 0 0 1 0 0 0 0 0 0 0 0 0 0 0 0 0 0 0 0 0 0 0 0 0 0 0 0 0 0 0 0 0 0 0 0 0 0 0 0 0 0 0 0 0 0 0 0 0 0 0 0 0 0 0 0 0 0 0 0 0 0 0 0 0 0 1 0 0 0 0 0 0 0 0 0 0 
0 0 0 0 0 0 0 0 0 1 1 0 0 0 1 0 0 0 0 1 0 0 0 0 0 0 0 0 0 0 0 0 0 0 0 0 0 0 0 0 0 0 0 0 0 0 0 0 0 0 0 0 0 0 1 0 0 0 0 0 0 0 0 0 0 0 0 0 0 0 0 0 0 0 0 0 0 0 0 0 0 0 0 0 0 0 0 0 0 0 0 0 0 0 0 0 0 0 0 0 0 0 1 0 0 0 0 0 0 0 0 0 0 0 0 0 0 0 1 1 0 0 0 0 0 0 0 0 0 0 1 0 0 0 0 0 1 0 0 0 1 0 0 0 0 0 0 0 0 0 0 0 0 0 0 0 0 0 1 0 0 0 0 0 0 0 0 0 0 0 0 0 0 0 0 0 0 0 0 0 0 0 0 0 0 0 0 0 0 0 0 0 0 0 0 0 0 0 0 0 0 0 0 0 0 0 0 0 0 0 0 0 0 0 0 0 0 0 0 0 0 0 0 0 0 0 0 0 0 0 0 0 1 0 1 0 0 0 0 0 0 0 0 0 0 0 0 0 0 0 0 0 0 0 0 1 
0 0 0 0 0 0 0 1 0 1 0 0 0 0 0 0 0 0 0 0 0 0 0 0 0 0 0 0 0 0 0 0 0 0 0 0 0 0 0 0 1 0 1 0 0 0 0 0 0 0 0 0 0 0 0 0 0 0 0 0 0 0 0 0 0 0 0 0 0 0 0 0 0 0 0 0 0 0 0 0 0 0 0 0 0 0 1 0 0 0 1 0 0 0 0 1 0 0 0 0 0 0 0 0 0 0 0 0 0 0 0 0 0 1 0 0 0 0 0 0 0 0 0 0 0 1 0 0 0 0 0 0 0 0 0 0 0 0 0 0 0 0 0 0 0 0 0 0 0 0 0 0 0 0 0 0 0 0 0 0 1 0 0 0 0 0 0 0 0 0 0 0 0 0 0 0 0 0 0 0 1 0 0 1 0 0 0 0 0 0 0 0 0 0 0 0 0 0 0 0 0 0 0 0 0 1 0 1 0 0 0 0 1 0 0 0 0 0 0 0 0 0 0 0 0 0 1 0 0 0 1 1 0 0 0 0 0 0 0 0 0 0 0 0 0 0 0 0 1 0 0 0 0 0 0 0 
0 0 0 0 0 0 0 0 0 0 0 0 0 0 0 0 0 0 0 1 0 0 0 0 0 0 0 0 1 0 0 0 0 0 0 0 1 0 0 0 1 0 0 0 0 0 0 0 0 0 0 0 1 0 0 1 0 0 0 0 0 0 0 0 0 0 0 0 0 0 0 0 0 0 0 0 0 0 0 0 0 0 0 0 0 0 0 0 0 0 0 0 0 0 0 0 0 0 0 0 0 1 0 0 0 1 0 0 0 0 0 0 0 0 0 0 0 0 0 0 1 0 0 0 0 0 1 0 0 0 0 0 0 0 0 0 0 0 0 0 0 0 0 0 0 0 0 0 1 0 0 0 0 0 0 0 0 0 0 0 0 0 0 0 0 0 0 0 0 0 0 0 0 1 0 0 0 0 0 1 0 0 0 0 1 1 1 1 0 0 0 0 0 0 0 0 0 0 1 0 0 0 0 0 0 0 0 0 0 0 0 0 0 0 0 0 0 0 0 0 0 0 0 0 0 0 0 0 0 0 0 0 0 0 0 1 0 0 0 0 0 1 0 0 0 0 0 0 0 0 0 2 0 1 0 0 
0 0 0 0 0 0 0 0 0 0 0 0 0 0 0 0 0 0 0 0 0 0 0 0 0 0 0 0 0 0 0 0 0 0 0 0 0 0 0 0 0 0 0 0 0 0 0 0 0 0 0 0 0 0 0 0 0 0 0 0 0 0 0 0 0 0 0 0 0 0 0 0 0 0 0 0 1 0 0 0 0 0 0 0 0 0 0 0 0 0 0 0 2 0 0 0 0 0 0 0 0 0 1 0 1 0 0 0 0 0 0 0 0 0 0 0 1 0 0 0 0 0 0 0 0 0 0 0 1 1 0 0 0 0 0 0 0 0 0 0 0 0 0 0 0 0 0 0 0 0 0 0 0 0 0 0 0 0 0 0 0 0 0 0 0 0 0 0 0 0 0 0 0 0 0 0 0 1 0 0 0 1 0 0 0 0 0 0 0 0 0 0 0 0 0 0 0 0 0 0 0 0 0 0 0 0 0 0 0 1 0 0 0 0 1 0 0 0 0 0 0 1 0 0 0 0 0 0 0 0 0 0 0 0 0 0 0 0 0 0 0 0 0 0 0 0 0 0 0 0 0 0 0 0 1 0 
0 0 0 0 0 0 1 0 0 0 0 0 0 0 0 1 0 0 0 0 0 0 0 0 1 1 0 0 0 0 0 0 1 0 0 0 0 0 0 0 0 0 0 0 0 0 0 0 0 0 0 0 0 0 0 0 0 0 0 0 0 1 0 0 0 0 0 0 0 0 0 0 1 0 0 0 0 0 0 0 0 0 0 0 0 0 0 0 0 0 0 0 0 0 0 0 0 0 0 0 1 0 0 0 0 0 0 0 0 0 0 0 1 0 0 0 0 0 0 0 0 0 0 0 0 1 1 0 0 0 0 0 0 0 0 0 0 0 0 0 1 0 0 1 0 0 0 0 0 0 0 0 0 0 0 0 0 0 0 0 0 0 0 0 0 0 0 0 0 0 0 0 0 0 0 0 1 0 0 0 0 0 0 0 0 0 0 0 0 0 0 0 0 0 0 0 0 0 0 0 0 0 0 0 1 0 0 1 0 0 0 0 0 0 1 0 0 1 0 0 0 0 0 0 0 1 0 0 0 0 0 0 1 0 0 0 0 0 0 0 0 0 0 0 0 1 0 0 0 0 0 0 0 0 0 0 
0 0 0 0 0 0 0 0 0 0 0 0 0 0 0 0 0 0 0 0 0 0 0 0 0 0 0 0 0 0 0 0 0 1 0 0 0 0 0 1 0 0 0 0 0 0 0 0 0 0 0 0 0 0 0 1 0 0 0 0 0 0 0 0 0 0 0 0 0 0 0 0 0 0 0 0 0 0 0 0 0 0 0 0 0 0 0 0 0 0 0 0 0 0 0 0 0 0 0 0 0 0 0 1 0 0 0 0 0 0 0 0 1 0 0 0 0 0 0 1 0 0 0 0 1 0 0 0 0 0 0 0 0 0 0 0 0 0 0 0 0 0 0 0 0 0 0 1 1 0 0 0 0 0 0 0 0 1 1 0 0 0 0 0 0 0 0 0 0 0 0 0 0 0 0 0 0 0 0 0 0 0 0 0 0 1 0 0 1 0 0 0 1 0 1 0 0 0 0 0 0 0 0 0 0 0 0 0 0 0 0 0 0 0 0 0 0 0 0 0 0 0 0 0 0 0 0 0 0 0 0 0 0 0 0 0 0 0 0 0 0 0 0 0 0 0 0 0 1 0 0 0 0 0 0 0 
0 0 0 0 0 0 0 0 0 0 0 0 1 0 0 0 0 0 0 1 0 1 0 0 0 0 0 0 0 0 0 0 0 0 0 0 0 0 0 0 0 0 0 0 0 0 1 0 0 0 0 0 0 0 0 0 0 0 0 0 0 0 0 0 0 0 0 0 0 0 0 0 0 0 0 0 1 0 1 0 0 0 0 0 0 0 0 0 0 0 0 0 0 0 0 1 0 0 0 1 0 0 0 0 0 0 0 0 0 0 0 0 0 0 0 1 0 0 0 0 1 0 0 0 0 0 0 0 0 0 0 0 0 0 0 0 0 0 0 0 0 0 0 0 0 0 0 0 0 0 0 0 0 0 0 0 0 0 0 0 0 0 0 0 0 0 0 0 0 1 0 0 1 0 0 0 0 0 0 0 0 0 0 0 0 0 0 0 0 0 0 0 0 0 0 0 0 0 0 0 0 0 0 0 0 0 0 0 0 0 0 0 0 0 1 1 0 1 0 0 0 0 0 0 0 0 1 0 0 0 0 0 0 0 0 0 0 0 0 0 0 0 0 0 0 0 0 0 0 1 0 0 0 0 1 0 
0 0 0 0 0 0 0 0 0 0 0 0 0 0 0 0 0 0 0 0 0 1 0 0 0 0 0 0 0 0 0 0 0 0 0 0 0 0 0 0 0 0 0 0 0 0 0 0 0 0 0 0 0 0 0 2 0 0 0 0 0 0 1 0 0 0 0 0 0 0 0 0 0 0 0 0 0 0 0 0 0 0 0 0 0 0 0 0 0 0 0 0 0 0 0 0 0 0 0 0 0 0 0 0 0 0 0 0 0 0 0 0 0 0 0 1 0 0 0 0 0 0 0 0 0 2 0 0 0 0 0 0 0 0 1 0 0 0 1 0 0 0 0 0 0 0 0 0 0 0 0 0 0 0 0 0 0 0 0 0 0 0 0 0 0 0 0 0 0 0 0 0 1 0 0 0 0 0 0 0 0 0 0 0 0 0 0 0 0 0 0 0 0 0 0 0 0 0 0 0 0 0 0 0 0 1 0 0 0 0 0 0 0 0 0 0 0 0 0 0 1 0 0 0 0 0 0 0 0 0 0 0 0 0 0 0 0 0 0 0 0 0 0 1 0 0 0 0 0 0 0 0 0 0 0 0 
0 0 0 0 1 0 0 0 0 0 1 0 0 0 0 0 0 0 0 0 0 0 1 0 0 0 1 0 0 0 0 0 0 0 0 0 0 0 0 1 0 0 0 0 1 0 0 0 0 0 0 0 0 0 0 0 0 0 0 1 0 0 0 0 0 0 0 1 0 0 0 0 0 0 1 0 0 0 0 0 0 0 0 0 1 0 0 0 0 0 0 0 0 0 0 0 0 0 0 0 0 0 0 0 0 0 0 1 0 0 0 0 0 0 0 0 0 0 0 0 0 0 0 0 0 0 0 0 0 0 0 0 0 0 0 0 0 0 0 0 0 2 0 0 0 0 0 0 1 0 0 1 0 0 0 0 0 0 0 0 1 0 0 0 0 0 0 0 0 0 0 0 0 0 0 0 0 0 0 0 0 0 0 0 0 0 0 0 0 0 0 0 0 0 0 0 0 0 0 0 0 0 0 0 0 1 1 0 0 0 0 0 1 0 0 0 0 0 0 0 0 0 0 0 0 0 0 0 0 0 0 0 0 0 0 0 1 0 0 0 0 0 0 0 0 0 0 0 0 0 0 0 0 0 1 0 
0 0 0 0 0 1 0 0 0 0 0 0 0 0 0 0 0 0 0 0 0 0 0 0 0 0 0 0 0 0 0 1 0 0 0 0 0 0 0 0 0 0 0 0 0 0 0 0 0 0 0 0 0 0 0 0 0 0 0 0 0 0 0 0 0 0 0 0 0 0 0 0 0 0 0 0 0 0 0 0 0 0 1 0 0 0 0 0 1 0 0 0 0 0 1 1 0 0 0 0 0 0 0 0 0 1 0 1 0 0 0 0 0 0 0 0 0 0 1 0 0 0 0 0 1 0 0 0 0 1 0 0 0 1 0 0 0 0 0 0 0 0 0 0 0 0 0 0 0 1 0 0 0 0 1 0 1 0 0 0 0 0 0 0 0 0 0 0 0 0 0 0 0 0 0 1 0 0 0 0 0 0 0 0 0 0 0 0 0 0 0 0 0 0 0 0 0 0 0 0 0 0 0 0 0 0 0 0 0 0 0 0 0 0 0 0 1 1 0 0 0 0 0 0 0 0 0 0 0 0 0 0 0 0 0 0 0 0 0 0 0 0 0 0 0 0 0 0 0 0 0 0 0 1 0 0 
0 0 1 0 0 0 0 0 0 0 0 1 0 0 0 0 1 1 0 0 1 0 0 0 0 0 0 0 0 0 0 0 0 0 1 0 0 0 0 0 0 0 0 0 0 0 0 0 0 0 0 0 0 0 0 1 0 0 0 0 0 0 0 0 0 0 0 1 0 0 1 0 0 0 0 0 0 0 0 1 0 0 0 0 0 0 0 0 0 0 0 0 1 1 0 0 0 0 0 0 0 0 0 0 0 0 0 0 0 0 0 0 0 0 0 0 0 0 0 0 0 0 0 0 0 0 0 0 1 0 0 0 1 0 0 0 0 0 0 0 0 0 0 0 0 0 0 0 0 0 0 0 0 0 0 0 0 0 0 0 1 0 0 0 0 0 0 0 0 0 0 0 1 0 0 0 0 0 0 0 0 0 0 0 0 0 0 0 0 0 0 0 0 0 0 0 0 0 0 0 0 0 0 0 0 0 0 0 0 0 0 0 0 0 0 0 0 0 0 0 0 0 0 0 0 0 0 0 0 0 0 0 0 0 0 0 0 0 0 0 0 0 0 0 0 0 0 0 0 0 1 0 0 0 0 0 
0 0 0 0 0 0 0 1 0 0 0 0 0 0 0 0 0 1 0 0 0 0 0 0 0 0 0 0 0 0 0 0 1 0 0 0 0 0 0 0 0 0 0 0 0 0 0 0 0 0 0 0 0 0 0 0 0 0 0 0 1 0 0 0 0 1 0 0 0 1 0 0 0 0 0 0 0 0 0 0 0 0 0 0 0 0 0 0 0 0 0 0 0 0 0 0 0 0 0 0 0 0 0 1 0 0 0 1 0 0 0 0 0 0 0 0 0 0 0 0 0 0 0 0 0 0 0 0 0 0 0 0 0 0 0 0 0 0 0 0 0 0 0 0 0 0 0 0 0 0 0 0 0 0 1 0 0 0 0 0 0 0 0 0 0 0 0 0 1 0 0 0 1 0 0 0 0 0 0 0 0 0 0 0 0 0 0 0 0 0 0 0 0 0 0 0 1 0 0 0 1 0 0 0 0 0 0 0 0 0 0 0 0 0 0 0 0 0 1 0 0 0 1 0 0 0 0 0 0 0 0 0 0 0 0 0 0 0 0 0 0 1 0 0 0 0 0 0 0 0 0 1 0 0 0 0 
0 0 0 0 0 0 0 0 0 0 0 0 0 0 0 0 0 0 0 0 0 0 0 0 0 0 0 0 0 0 0 0 0 0 0 0 0 0 0 0 0 0 0 0 0 0 0 0 0 0 0 0 0 0 0 0 0 0 0 0 0 0 0 0 0 1 0 0 0 0 0 0 0 0 0 0 0 0 0 0 0 1 0 0 0 0 0 0 0 0 0 0 0 0 0 0 1 0 0 0 0 0 1 0 0 0 0 0 0 0 0 0 0 0 0 0 1 1 0 0 0 0 1 0 0 0 0 0 1 0 0 0 0 0 1 0 0 0 1 0 0 0 0 0 0 0 0 0 0 0 0 0 0 0 0 0 0 0 0 0 0 0 0 0 0 0 0 0 0 0 0 0 0 0 0 0 0 0 0 0 0 0 1 0 1 0 0 0 0 1 0 0 0 0 0 0 0 0 1 0 0 0 0 1 0 0 0 0 0 1 0 1 0 0 0 0 0 0 0 0 0 0 0 0 0 0 0 0 0 0 0 0 0 0 0 0 0 0 0 0 0 0 0 0 0 0 0 0 0 0 0 0 0 0 0 0 
0 0 1 0 0 0 0 0 0 0 0 0 0 0 0 0 0 0 0 0 0 0 0 0 0 0 0 0 0 0 0 0 0 0 0 0 0 0 0 0 0 0 0 0 0 0 0 0 0 0 1 0 0 0 0 0 1 0 0 1 0 0 0 0 1 0 1 0 1 0 0 0 0 0 0 0 1 0 0 0 0 0 0 0 0 0 0 0 0 0 0 0 0 0 0 0 0 0 0 0 1 1 0 1 0 0 0 0 1 0 0 0 0 0 0 0 1 0 0 0 0 0 0 0 0 0 0 0 0 0 0 1 0 0 0 0 0 0 0 1 1 0 0 0 0 0 1 0 0 0 0 0 0 0 0 0 0 0 0 1 0 0 0 0 0 0 1 0 0 0 0 1 0 0 0 0 1 0 0 0 1 0 0 0 0 0 0 0 0 0 0 0 0 0 0 0 0 0 1 0 0 0 1 0 0 0 0 0 0 0 0 0 0 0 0 0 0 0 0 0 0 0 0 0 0 0 0 0 0 0 0 0 0 0 0 0 1 0 0 0 0 0 0 0 0 0 0 0 0 1 0 0 0 0 0 1 
0 0 0 0 0 0 0 0 0 0 0 0 0 0 0 0 0 1 0 0 0 0 0 0 0 0 1 0 0 0 0 0 0 0 0 0 0 0 0 0 0 0 0 1 0 0 0 0 0 0 0 0 0 0 0 0 0 0 0 0 0 0 0 0 0 1 0 0 0 1 0 0 0 0 0 0 0 0 1 0 0 0 1 0 0 0 0 0 0 0 0 0 0 0 0 1 0 0 0 0 0 0 0 0 0 0 0 0 0 0 0 0 0 0 0 0 0 0 0 0 0 0 0 0 0 0 1 0 0 0 0 0 0 0 0 0 0 0 0 0 0 0 1 0 0 0 0 0 0 0 0 0 0 0 0 0 0 0 0 0 0 0 0 0 0 0 0 0 0 0 0 0 0 0 0 0 0 0 0 0 0 0 0 0 0 0 0 0 0 0 0 0 0 0 0 0 0 0 0 0 0 0 0 1 0 0 0 2 1 0 0 0 0 1 0 0 0 0 1 0 0 0 0 0 0 0 0 1 0 0 0 0 0 0 0 0 0 0 0 0 0 0 0 0 0 0 0 0 0 0 0 0 0 0 0 0 
0 0 0 0 0 0 0 0 0 0 0 0 0 0 0 0 0 0 0 0 0 0 0 0 0 0 1 0 0 0 0 0 1 0 0 0 0 0 0 0 0 0 0 0 0 0 0 0 0 0 0 0 0 0 0 0 0 1 0 0 0 0 0 0 0 0 0 2 0 0 0 0 0 0 0 0 0 0 0 0 0 0 0 0 0 0 0 0 0 0 0 0 0 0 0 1 0 0 0 1 0 0 0 0 0 0 0 0 0 1 0 0 0 0 0 1 0 0 0 0 1 0 0 0 0 0 0 0 0 0 0 0 1 0 0 0 0 0 0 0 0 0 0 0 0 0 0 0 0 0 0 0 0 0 0 0 0 1 0 0 0 0 0 0 0 0 0 0 0 0 0 0 0 0 0 0 1 0 0 0 0 0 1 0 0 0 0 0 0 0 0 0 0 0 0 0 0 0 0 1 0 0 0 0 0 0 0 0 0 0 0 0 0 0 0 0 0 0 0 0 0 0 0 0 0 0 0 0 0 0 0 0 0 0 0 0 0 0 0 0 0 0 0 0 0 0 0 0 0 0 0 0 0 0 0 0 
0 0 0 0 0 0 0 0 0 0 0 0 0 0 0 0 0 0 0 0 0 0 0 0 0 0 0 0 0 0 0 0 0 0 0 0 0 0 0 0 0 0 0 0 0 0 0 0 0 0 0 0 1 0 0 0 0 0 0 1 0 0 0 0 0 0 0 1 0 0 0 0 0 0 0 0 0 0 0 0 0 0 0 0 0 0 0 0 0 0 0 0 0 1 0 1 0 0 0 0 0 0 0 0 0 0 0 0 0 0 0 0 0 0 0 0 0 0 0 0 0 0 0 1 0 0 0 0 0 0 0 0 0 0 1 0 0 0 1 0 0 0 0 0 0 1 1 0 0 0 0 0 0 0 0 1 0 0 0 0 0 0 0 0 0 0 0 0 0 0 0 0 0 0 0 0 0 0 0 0 0 1 0 0 0 0 0 0 0 1 0 0 0 0 0 0 0 0 0 0 0 0 0 0 0 2 0 0 0 0 0 0 0 0 0 0 0 0 0 0 0 0 0 0 0 0 0 0 0 0 0 0 0 0 0 0 0 0 0 0 0 0 0 1 0 0 0 0 0 0 0 0 0 0 0 0 
0 0 0 0 0 0 0 0 0 0 0 0 0 0 0 0 0 0 0 0 0 0 0 0 0 0 0 0 0 0 0 0 0 0 0 0 0 0 0 0 0 0 0 0 0 0 0 0 0 0 0 0 0 1 0 0 0 0 0 0 0 1 0 0 0 0 0 0 0 0 1 0 0 0 0 0 0 1 0 0 0 0 0 0 0 0 0 0 0 0 0 0 0 0 0 0 0 0 0 0 0 0 0 0 0 0 1 0 1 0 0 0 0 0 0 0 0 0 0 0 0 1 0 0 0 0 0 0 0 0 0 0 0 0 0 0 0 0 1 0 1 0 0 0 0 0 0 0 0 1 2 0 1 0 0 0 0 0 0 0 1 0 0 0 0 0 0 0 0 0 0 0 0 0 0 0 0 0 0 0 0 0 0 0 0 0 0 0 0 0 0 0 0 0 0 0 0 0 0 0 0 0 0 0 1 0 0 0 0 0 0 0 0 0 1 0 0 0 0 0 0 0 0 0 0 0 0 0 0 0 0 0 0 0 0 0 0 0 0 0 0 0 0 0 0 0 0 0 0 0 0 0 0 1 1 0 
0 0 0 0 0 0 0 0 0 0 0 0 0 0 0 0 1 0 0 2 0 0 0 0 0 0 0 0 1 0 0 0 0 0 0 0 0 0 0 0 0 0 0 0 0 0 0 0 0 0 0 0 0 0 0 0 0 0 0 0 0 0 0 0 0 1 0 1 1 0 0 0 0 0 0 0 0 1 0 0 0 0 0 0 0 0 0 0 0 0 0 0 0 1 0 0 0 0 0 1 0 0 0 0 0 0 0 0 0 0 0 0 0 0 0 0 0 0 0 1 0 0 1 0 0 0 0 0 0 0 1 0 0 0 0 0 0 0 0 1 0 0 0 0 0 0 0 0 0 0 0 0 0 0 0 0 0 0 0 0 0 0 0 0 0 0 0 1 0 0 0 0 0 0 0 0 0 0 0 0 0 0 0 0 0 0 0 0 0 0 0 0 0 0 0 0 0 0 0 0 0 0 1 0 0 0 0 0 0 0 0 0 0 0 0 0 0 0 0 0 0 0 0 0 0 0 0 0 0 0 0 0 0 0 0 0 0 0 0 0 0 0 0 0 0 0 0 0 0 0 0 0 0 0 0 0 
0 0 1 0 0 0 0 0 0 0 0 0 0 0 0 0 0 0 0 0 0 0 0 0 0 0 0 0 0 0 0 0 1 0 0 0 0 1 0 0 0 0 0 0 1 0 0 0 0 0 0 0 0 0 0 0 0 0 0 0 0 1 0 0 0 0 0 1 0 0 0 0 0 0 0 0 0 0 0 0 0 0 0 0 0 0 0 0 0 0 0 0 0 0 0 0 0 0 0 0 0 0 0 0 0 0 0 0 0 0 0 0 0 0 0 0 0 0 0 0 0 0 0 0 0 0 0 0 0 0 1 0 0 0 1 0 0 0 0 0 0 0 0 0 0 1 0 1 0 0 0 0 0 0 0 0 1 0 0 0 0 0 0 0 0 0 0 0 0 0 0 0 0 0 0 0 0 0 0 0 0 0 0 0 0 0 0 0 0 0 1 0 0 0 0 0 0 0 0 0 0 0 0 0 0 0 0 0 0 0 0 0 0 0 0 0 0 0 0 0 0 1 0 0 0 0 0 0 0 1 0 0 0 1 0 0 0 0 0 0 0 0 0 0 0 0 0 0 0 0 0 0 0 0 0 0 
0 0 0 0 0 0 1 0 0 0 0 0 0 0 0 0 1 0 0 0 0 0 0 0 0 0 0 0 0 0 0 0 0 0 0 0 0 0 0 0 0 0 0 0 0 0 0 0 0 0 0 0 0 0 0 0 0 1 0 1 0 0 0 0 0 0 0 0 0 1 1 0 0 0 0 0 0 0 0 0 0 0 0 0 0 0 0 0 0 0 0 0 0 0 0 0 0 0 0 1 0 0 0 0 0 0 0 0 0 1 0 0 0 0 0 0 0 0 0 0 1 0 0 0 0 0 0 1 0 0 0 0 1 0 0 0 0 1 0 1 0 0 0 0 0 0 0 0 0 0 0 0 0 0 0 0 0 0 0 0 0 0 0 0 0 0 0 0 0 0 0 0 1 0 0 0 0 1 0 0 0 0 1 0 1 0 0 0 0 0 0 0 0 1 0 1 0 0 0 0 1 0 0 0 0 0 0 0 0 0 0 0 0 0 0 0 1 2 0 0 0 0 0 0 0 0 0 0 0 0 0 0 1 0 0 0 0 0 1 0 0 0 0 0 0 0 0 0 1 0 0 0 0 0 0 0 
0 0 0 0 0 0 0 0 0 0 0 0 0 0 0 0 0 0 0 0 0 0 0 0 0 0 0 0 1 0 0 0 1 0 0 1 0 0 0 0 0 0 0 0 0 0 0 0 0 0 0 0 0 0 0 0 0 0 0 0 0 0 0 0 0 0 0 0 0 0 0 0 0 0 0 0 0 0 0 1 0 0 0 0 0 1 0 0 0 0 0 0 1 0 0 0 0 0 0 0 1 0 0 0 0 0 0 0 0 0 0 0 0 0 0 0 0 0 0 0 0 0 1 0 0 0 0 0 0 0 0 0 0 0 0 0 0 0 0 0 0 0 0 0 1 0 0 0 0 0 0 0 0 0 0 0 1 0 0 0 0 0 0 0 0 0 0 0 0 0 0 0 0 0 0 0 0 0 0 0 0 1 0 0 0 0 0 0 0 0 0 0 0 0 1 0 0 0 0 0 0 0 0 0 0 0 0 0 0 0 0 1 0 0 0 0 0 0 0 0 0 0 0 0 0 1 0 0 0 0 0 0 0 0 0 0 0 0 0 0 0 1 0 0 0 0 0 0 0 0 0 0 0 0 0 0 
