# Format: McCode with text headers
# URL: http://www.mccode.org
# Creator:  3.8.5, git
# Instrument: eqsans_1_fixed.instr
# Ncount: 1000000
# Trace: no
# Gravitation: no
# Seed: 1790169584483824
# Directory: /Users/georgeyumnam/WORK/PANRAID/PaNRAID-results/Group2/panraidproject/scan_guide_xy/x-13_y+01
# Param: gx=-0.013
# Param: gy=0.001
# Date: Wed Sep 23 15:19:48 2026 (1790169588)
# type: array_2d(256, 256)
# Source: EQ_SANS (eqsans_1_fixed.instr)
# component: detector
# position: 0 0 22.28
# title: PSD monitor
# Ncount: 1000000
# filename: detector.dat
# statistics: X0=1.02533; dX=4.90072; Y0=-0.117264; dY=11.6001;
# signal: Min=0; Max=110742; Mean=1220.46;
# values: 7.9984e+07 701732 24404
# xvar: X 
# yvar: Y 
# xlabel: X position [cm]
# ylabel: Y position [cm]
# zvar: I
# zlabel: Signal per bin
# xylimits: -50 50 -70 70
# variables: I I_err N
# Data [detector/detector.dat] I:
0 0 0 0 0 0 0 0 0 0 0 0 0 0 0 0 0 0 0 0 0 0 0 0 0 0 0 0 0 0 0 0 0 0 0 0 0 0 0 0 0 0 0 0 0 0 0 0 0 0 0 0 0 0 0 0 0 0 0 0 0 0 0 0 0 0 0 0 0 0 0 0 0 0 0 0 0 0 0 0 0 0 0 0 0 0 0 0 0 0 0 0 0 0 0 0 0 0 0 0 0 0 0 0 0 0 0 0 0 0 0 0 0 0 0 0 0 0 0 0 0 0 0 0 0 0 0 0 0 0 0 0 0 0 0 0 0 0 0 0 0 0 0 0 0 0 0 0 0 0 0 0 0 0 0 0 0 0 0 0 0 0 0 0 0 0 0 0 0 0 0 0 0 0 0 0 0 0 0 0 0 0 0 0 0 0 0 0 0 0 0 0 0 0 0 0 0 0 0 0 0 0 0 0 0 0 0 0 0 0 0 0 0 0 0 0 0 0 0 0 0 0 0 0 0 0 0 0 0 0 0 0 0 0 0 0 0 0 0 0 0 0 0 0 0 0 0 0 0 0 0 0 0 0 0 0 
0 0 0 0 0 0 0 0 0 0 0 0 0 0 0 0 0 0 0 0 0 0 0 0 0 0 0 0 0 0 0 0 0 0 0 0 0 0 0 0 0 0 0 0 0 0 0 0 0 0 0 0 0 0 0 0 0 0 0 0 0 0 0 0 0 0 0 0 0 0 0 0 0 0 0 0 0 0 0 0 0 0 0 0 0 0 0 0 0 0 0 0 0 0 0 0 0 0 0 0 0 0 0 0 0 0 0 0 0 0 0 0 0 0 0 0 0 0 0 0 0 0 0 0 0 0 0 0 0 0 0 0 0 0 0 0 0 0 0 0 0 0 0 0 0 0 0 0 0 0 0 0 0 0 0 0 0 0 0 0 0 0 0 0 0 0 0 0 0 0 0 0 0 0 0 0 0 0 0 0 0 0 0 0 0 0 0 0 0 0 0 0 0 0 0 0 0 0 0 0 0 0 0 0 0 0 0 0 0 0 0 0 0 0 0 0 0 0 0 0 0 0 0 0 0 0 0 0 0 0 0 0 0 0 0 0 0 0 0 0 0 0 0 0 0 0 0 0 0 0 0 0 0 0 0 0 
0 0 0 0 0 0 0 0 0 0 0 0 0 0 0 0 0 0 0 0 0 0 0 0 0 0 0 0 0 0 0 0 0 0 0 0 0 0 0 0 0 0 0 0 0 0 0 0 0 0 0 0 0 0 0 0 0 0 0 0 0 0 0 0 0 0 0 0 0 0 0 0 0 0 0 0 0 0 0 0 0 0 0 0 0 0 0 0 0 0 0 0 0 0 0 0 0 0 0 0 0 0 0 0 0 0 0 0 0 0 0 0 0 0 0 0 0 0 0 0 0 0 0 0 0 0 0 0 0 0 0 0 0 0 0 0 0 0 0 0 0 0 0 0 0 0 0 0 0 0 0 0 0 0 0 0 0 0 0 0 0 0 0 0 0 0 0 0 0 0 0 0 0 0 0 0 0 0 0 0 0 0 0 0 0 0 0 0 0 0 0 0 0 0 0 0 0 0 0 0 0 0 0 0 0 0 0 0 0 0 0 0 0 0 0 0 0 0 0 0 0 0 0 0 0 0 0 0 0 0 0 0 0 0 0 0 0 0 0 0 0 0 0 0 0 0 0 0 0 0 0 0 0 0 0 0 
0 0 0 0 0 0 0 0 0 0 0 0 0 0 0 0 0 0 0 0 0 0 0 0 0 0 0 0 0 0 0 0 0 0 0 0 0 0 0 0 0 0 0 0 0 0 0 0 0 0 0 0 0 0 0 0 0 0 0 0 0 0 0 0 0 0 0 0 0 0 0 0 0 0 0 0 0 0 0 0 0 0 0 0 0 0 0 0 0 0 0 0 0 0 0 0 0 0 0 0 0 0 0 0 0 0 0 0 0 0 0 0 0 0 0 0 0 0 0 0 0 0 0 0 0 0 0 0 0 0 0 0 0 0 0 0 0 0 0 0 0 0 0 0 0 0 0 0 0 0 0 0 0 0 0 0 0 0 0 0 0 0 0 0 0 0 0 0 0 0 0 0 0 0 0 0 0 0 0 0 0 0 0 0 0 0 0 0 0 0 0 0 0 0 0 0 0 0 0 0 0 0 0 0 0 0 0 0 0 0 0 0 0 0 0 0 0 0 0 0 0 0 0 0 0 0 0 0 0 0 0 0 0 0 0 0 0 0 0 0 0 0 0 0 0 0 0 0 0 0 0 0 0 0 0 0 
0 0 0 0 0 0 0 0 0 0 0 0 0 0 0 0 0 0 0 0 0 0 0 0 0 0 0 0 0 0 0 0 0 0 0 0 0 0 0 0 0 0 0 0 0 0 0 0 0 0 0 0 0 0 0 0 0 0 0 0 0 0 0 0 0 0 0 0 0 0 0 0 0 0 0 0 0 0 0 0 0 0 0 0 0 0 0 0 0 0 0 0 0 0 0 0 0 0 0 0 0 0 0 0 0 0 0 0 0 0 0 0 0 0 0 0 0 0 0 0 0 0 0 0 0 0 0 0 0 0 0 0 0 0 0 0 0 0 0 0 0 0 0 0 0 0 0 0 0 0 0 0 0 0 0 0 0 0 0 0 0 0 0 0 0 0 0 0 0 0 0 0 0 0 0 0 0 0 0 0 0 0 0 0 0 0 0 0 0 0 0 0 0 0 0 0 0 0 0 0 0 0 0 0 0 0 0 0 0 0 0 0 0 0 0 0 0 0 0 0 0 0 0 0 0 0 0 0 0 0 0 0 0 0 0 0 0 0 0 0 0 0 0 0 0 0 0 0 0 0 0 0 0 0 0 0 
0 0 0 0 0 0 0 0 0 0 0 0 0 0 0 0 0 0 0 0 0 0 0 0 0 0 0 0 0 0 0 0 0 0 0 0 0 0 0 0 0 0 0 0 0 0 0 0 0 0 0 0 0 0 0 0 0 0 0 0 0 0 0 0 0 0 0 0 0 0 0 0 0 0 0 0 0 0 0 0 0 0 0 0 0 0 0 0 0 0 0 0 0 0 0 0 0 0 0 0 0 0 0 0 0 0 0 0 0 0 0 0 0 0 0 0 0 0 0 0 0 0 0 0 0 0 0 0 0 0 0 0 0 0 0 0 0 0 0 0 0 0 0 0 0 0 0 0 0 0 0 0 0 0 0 0 0 0 0 0 0 0 0 0 0 0 0 0 0 0 0 0 0 0 0 0 0 0 0 0 0 0 0 0 0 0 0 0 0 0 0 0 0 0 0 0 0 0 0 0 0 0 0 0 0 0 0 0 0 0 0 0 0 0 0 0 0 0 0 0 0 0 0 0 0 0 0 0 0 0 0 0 0 0 0 0 0 0 0 0 0 0 0 0 0 0 0 0 0 0 0 0 0 0 0 0 
0 0 0 0 0 0 0 0 0 0 0 0 0 0 0 0 0 0 0 0 0 0 0 0 0 0 0 0 0 0 0 0 0 0 0 0 0 0 0 0 0 0 0 0 0 0 0 0 0 0 0 0 0 0 0 0 0 0 0 0 0 0 0 0 0 0 0 0 0 0 0 0 0 0 0 0 0 0 0 0 0 0 0 0 0 0 0 0 0 0 0 0 0 0 0 0 0 0 0 0 0 0 0 0 0 0 0 0 0 0 0 0 0 0 0 0 0 0 0 0 0 0 0 0 0 0 0 0 0 0 0 0 0 0 0 0 0 0 0 0 0 0 0 0 0 0 0 0 0 0 0 0 0 0 0 0 0 0 0 0 0 0 0 0 0 0 0 0 0 0 0 0 0 0 0 0 0 0 0 0 0 0 0 0 0 0 0 0 0 0 0 0 0 0 0 0 0 0 0 0 0 0 0 0 0 0 0 0 0 0 0 0 0 0 0 0 0 0 0 0 0 0 0 0 0 0 0 0 0 0 0 0 0 0 0 0 0 0 0 0 0 0 0 0 0 0 0 0 0 0 0 0 0 0 0 0 
0 0 0 0 0 0 0 0 0 0 0 0 0 0 0 0 0 0 0 0 0 0 0 0 0 0 0 0 0 0 0 0 0 0 0 0 0 0 0 0 0 0 0 0 0 0 0 0 0 0 0 0 0 0 0 0 0 0 0 0 0 0 0 0 0 0 0 0 0 0 0 0 0 0 0 0 0 0 0 0 0 0 0 0 0 0 0 0 0 0 0 0 0 0 0 0 0 0 0 0 0 0 0 0 0 0 0 0 0 0 0 0 0 0 0 0 0 0 0 0 0 0 0 0 0 0 0 0 0 0 0 0 0 0 0 0 0 0 0 0 0 0 0 0 0 0 0 0 0 0 0 0 0 0 0 0 0 0 0 0 0 0 0 0 0 0 0 0 0 0 0 0 0 0 0 0 0 0 0 0 0 0 0 0 0 0 0 0 0 0 0 0 0 0 0 0 0 0 0 0 0 0 0 0 0 0 0 0 0 0 0 0 0 0 0 0 0 0 0 0 0 0 0 0 0 0 0 0 0 0 0 0 0 0 0 0 0 0 0 0 0 0 0 0 0 0 0 0 0 0 0 0 0 0 0 0 
0 0 0 0 0 0 0 0 0 0 0 0 0 0 0 0 0 0 0 0 0 0 0 0 0 0 0 0 0 0 0 0 0 0 0 0 0 0 0 0 0 0 0 0 0 0 0 0 0 0 0 0 0 0 0 0 0 0 0 0 0 0 0 0 0 0 0 0 0 0 0 0 0 0 0 0 0 0 0 0 0 0 0 0 0 0 0 0 0 0 0 0 0 0 0 0 0 0 0 0 0 0 0 0 0 0 0 0 0 0 0 0 0 0 0 0 0 0 0 0 0 0 0 0 0 0 0 0 0 0 0 0 0 0 0 0 0 0 0 0 0 0 0 0 0 0 0 0 0 0 0 0 0 0 0 0 0 0 0 0 0 0 0 0 0 0 0 0 0 0 0 0 0 0 0 0 0 0 0 0 0 0 0 0 0 0 0 0 0 0 0 0 0 0 0 0 0 0 0 0 0 0 0 0 0 0 0 0 0 0 0 0 0 0 0 0 0 0 0 0 0 0 0 0 0 0 0 0 0 0 0 0 0 0 0 0 0 0 0 0 0 0 0 0 0 0 0 0 0 0 0 0 0 0 0 0 
0 0 0 0 0 0 0 0 0 0 0 0 0 0 0 0 0 0 0 0 0 0 0 0 0 0 0 0 0 0 0 0 0 0 0 0 0 0 0 0 0 0 0 0 0 0 0 0 0 0 0 0 0 0 0 0 0 0 0 0 0 0 0 0 0 0 0 0 0 0 0 0 0 0 0 0 0 0 0 0 0 0 0 0 0 0 0 0 0 0 0 0 0 0 0 0 0 0 0 0 0 0 0 0 0 0 0 0 0 0 0 0 0 0 0 0 0 0 0 0 0 0 0 0 0 0 0 0 0 0 0 0 0 0 0 0 0 0 0 0 0 0 0 0 0 0 0 0 0 0 0 0 0 0 0 0 0 0 0 0 0 0 0 0 0 0 0 0 0 0 0 0 0 0 0 0 0 0 0 0 0 0 0 0 0 0 0 0 0 0 0 0 0 0 0 0 0 0 0 0 0 0 0 0 0 0 0 0 0 0 0 0 0 0 0 0 0 0 0 0 0 0 0 0 0 0 0 0 0 0 0 0 0 0 0 0 0 0 0 0 0 0 0 0 0 0 0 0 0 0 0 0 0 0 0 0 
0 0 0 0 0 0 0 0 0 0 0 0 0 0 0 0 0 0 0 0 0 0 0 0 0 0 0 0 0 0 0 0 0 0 0 0 0 0 0 0 0 0 0 0 0 0 0 0 0 0 0 0 0 0 0 0 0 0 0 0 0 0 0 0 0 0 0 0 0 0 0 0 0 0 0 0 0 0 0 0 0 0 0 0 0 0 0 0 0 0 0 0 0 0 0 0 0 0 0 0 0 0 0 0 0 0 0 0 0 0 0 0 0 0 0 0 0 0 0 0 0 0 0 0 0 0 0 0 0 0 0 0 0 0 0 0 0 0 0 0 0 0 0 0 0 0 0 0 0 0 0 0 0 0 0 0 0 0 0 0 0 0 0 0 0 0 0 0 0 0 0 0 0 0 0 0 0 0 0 0 0 0 0 0 0 0 0 0 0 0 0 0 0 0 0 0 0 0 0 0 0 0 0 0 0 0 0 0 0 0 0 0 0 0 0 0 0 0 0 0 0 0 0 0 0 0 0 0 0 0 0 0 0 0 0 0 0 0 0 0 0 0 0 0 0 0 0 0 0 0 0 0 0 0 0 0 
0 0 0 0 0 0 0 0 0 0 0 0 0 0 0 0 0 0 0 0 0 0 0 0 0 0 0 0 0 0 0 0 0 0 0 0 0 0 0 0 0 0 0 0 0 0 0 0 0 0 0 0 0 0 0 0 0 0 0 0 0 0 0 0 0 0 0 0 0 0 0 0 0 0 0 0 0 0 0 0 0 0 0 0 0 0 0 0 0 0 0 0 0 0 0 0 0 0 0 0 0 0 0 0 0 0 0 0 0 0 0 0 0 0 0 0 0 0 0 0 0 0 0 0 0 0 0 0 0 0 0 0 0 0 0 0 0 0 0 0 0 0 0 0 0 0 0 0 0 0 0 0 0 0 0 0 0 0 0 0 0 0 0 0 0 0 0 0 0 0 0 0 0 0 0 0 0 0 0 0 0 0 0 0 0 0 0 0 0 0 0 0 0 0 0 0 0 0 0 0 0 0 0 0 0 0 0 0 0 0 0 0 0 0 0 0 0 0 0 0 0 0 0 0 0 0 0 0 0 0 0 0 0 0 0 0 0 0 0 0 0 0 0 0 0 0 0 0 0 0 0 0 0 0 0 0 
0 0 0 0 0 0 0 0 0 0 0 0 0 0 0 0 0 0 0 0 0 0 0 0 0 0 0 0 0 0 0 0 0 0 0 0 0 0 0 0 0 0 0 0 0 0 0 0 0 0 0 0 0 0 0 0 0 0 0 0 0 0 0 0 0 0 0 0 0 0 0 0 0 0 0 0 0 0 0 0 0 0 0 0 0 0 0 0 0 0 0 0 0 0 0 0 0 0 0 0 0 0 0 0 0 0 0 0 0 0 0 0 0 0 0 0 0 0 0 0 0 0 0 0 0 0 0 0 0 0 0 0 0 0 0 0 0 0 0 0 0 0 0 0 0 0 0 0 0 0 0 0 0 0 0 0 0 0 0 0 0 0 0 0 0 0 0 0 0 0 0 0 0 0 0 0 0 0 0 0 0 0 0 0 0 0 0 0 0 0 0 0 0 0 0 0 0 0 0 0 0 0 0 0 0 0 0 0 0 0 0 0 0 0 0 0 0 0 0 0 0 0 0 0 0 0 0 0 0 0 0 0 0 0 0 0 0 0 0 0 0 0 0 0 0 0 0 0 0 0 0 0 0 0 0 0 
0 0 0 0 0 0 0 0 0 0 0 0 0 0 0 0 0 0 0 0 0 0 0 0 0 0 0 0 0 0 0 0 0 0 0 0 0 0 0 0 0 0 0 0 0 0 0 0 0 0 0 0 0 0 0 0 0 0 0 0 0 0 0 0 0 0 0 0 0 0 0 0 0 0 0 0 0 0 0 0 0 0 0 0 0 0 0 0 0 0 0 0 0 0 0 0 0 0 0 0 0 0 0 0 0 0 0 0 0 0 0 0 0 0 0 0 0 0 0 0 0 0 0 0 0 0 0 0 0 0 0 0 0 0 0 0 0 0 0 0 0 0 0 0 0 0 0 0 0 0 0 0 0 0 0 0 0 0 0 0 0 0 0 0 0 0 0 0 0 0 0 0 0 0 0 0 0 0 0 0 0 0 0 0 0 0 0 0 0 0 0 0 0 0 0 0 0 0 0 0 0 0 0 0 0 0 0 0 0 0 0 0 0 0 0 0 0 0 0 0 0 0 0 0 0 0 0 0 0 0 0 0 0 0 0 0 0 0 0 0 0 0 0 0 0 0 0 0 0 0 0 0 0 0 0 0 
0 0 0 0 0 0 0 0 0 0 0 0 0 0 0 0 0 0 0 0 0 0 0 0 0 0 0 0 0 0 0 0 0 0 0 0 0 0 0 0 0 0 0 0 0 0 0 0 0 0 0 0 0 0 0 0 0 0 0 0 0 0 0 0 0 0 0 0 0 0 0 0 0 0 0 0 0 0 0 0 0 0 0 0 0 0 0 0 0 0 0 0 0 0 0 0 0 0 0 0 0 0 0 0 0 0 0 0 0 0 0 0 0 0 0 0 0 0 0 0 0 0 0 0 0 0 0 0 0 0 0 0 0 0 0 0 0 0 0 0 0 0 0 0 0 0 0 0 0 0 0 0 0 0 0 0 0 0 0 0 0 0 0 0 0 0 0 0 0 0 0 0 0 0 0 0 0 0 0 0 0 0 0 0 0 0 0 0 0 0 0 0 0 0 0 0 0 0 0 0 0 0 0 0 0 0 0 0 0 0 0 0 0 0 0 0 0 0 0 0 0 0 0 0 0 0 0 0 0 0 0 0 0 0 0 0 0 0 0 0 0 0 0 0 0 0 0 0 0 0 0 0 0 0 0 0 
0 0 0 0 0 0 0 0 0 0 0 0 0 0 0 0 0 0 0 0 0 0 0 0 0 0 0 0 0 0 0 0 0 0 0 0 0 0 0 0 0 0 0 0 0 0 0 0 0 0 0 0 0 0 0 0 0 0 0 0 0 0 0 0 0 0 0 0 0 0 0 0 0 0 0 0 0 0 0 0 0 0 0 0 0 0 0 0 0 0 0 0 0 0 0 0 0 0 0 0 0 0 0 0 0 0 0 0 0 0 0 0 0 0 0 0 0 0 0 0 0 0 0 0 0 0 0 0 0 0 0 0 0 0 0 0 0 0 0 0 0 0 0 0 0 0 0 0 0 0 0 0 0 0 0 0 0 0 0 0 0 0 0 0 0 0 0 0 0 0 0 0 0 0 0 0 0 0 0 0 0 0 0 0 0 0 0 0 0 0 0 0 0 0 0 0 0 0 0 0 0 0 0 0 0 0 0 0 0 0 0 0 0 0 0 0 0 0 0 0 0 0 0 0 0 0 0 0 0 0 0 0 0 0 0 0 0 0 0 0 0 0 0 0 0 0 0 0 0 0 0 0 0 0 0 0 
0 0 0 0 0 0 0 0 0 0 0 0 0 0 0 0 0 0 0 0 0 0 0 0 0 0 0 0 0 0 0 0 0 0 0 0 0 0 0 0 0 0 0 0 0 0 0 0 0 0 0 0 0 0 0 0 0 0 0 0 0 0 0 0 0 0 0 0 0 0 0 0 0 0 0 0 0 0 0 0 0 0 0 0 0 0 0 0 0 0 0 0 0 0 0 0 0 0 0 0 0 0 0 0 0 0 0 0 0 0 0 0 0 0 0 0 0 0 0 0 0 0 0 0 0 0 0 0 0 0 0 0 0 0 0 0 0 0 0 0 0 0 0 0 0 0 0 0 0 0 0 0 0 0 0 0 0 0 0 0 0 0 0 0 0 0 0 0 0 0 0 0 0 0 0 0 0 0 0 0 0 0 0 0 0 0 0 0 0 0 0 0 0 0 0 0 0 0 0 0 0 0 0 0 0 0 0 0 0 0 0 0 0 0 0 0 0 0 0 0 0 0 0 0 0 0 0 0 0 0 0 0 0 0 0 0 0 0 0 0 0 0 0 0 0 0 0 0 0 0 0 0 0 0 0 0 
0 0 0 0 0 0 0 0 0 0 0 0 0 0 0 0 0 0 0 0 0 0 0 0 0 0 0 0 0 0 0 0 0 0 0 0 0 0 0 0 0 0 0 0 0 0 0 0 0 0 0 0 0 0 0 0 0 0 0 0 0 0 0 0 0 0 0 0 0 0 0 0 0 0 0 0 0 0 0 0 0 0 0 0 0 0 0 0 0 0 0 0 0 0 0 0 0 0 0 0 0 0 0 0 0 0 0 0 0 0 0 0 0 0 0 0 0 0 0 0 0 0 0 0 0 0 0 0 0 0 0 0 0 0 0 0 0 0 0 0 0 0 0 0 0 0 0 0 0 0 0 0 0 0 0 0 0 0 0 0 0 0 0 0 0 0 0 0 0 0 0 0 0 0 0 0 0 0 0 0 0 0 0 0 0 0 0 0 0 0 0 0 0 0 0 0 0 0 0 0 0 0 0 0 0 0 0 0 0 0 0 0 0 0 0 0 0 0 0 0 0 0 0 0 0 0 0 0 0 0 0 0 0 0 0 0 0 0 0 0 0 0 0 0 0 0 0 0 0 0 0 0 0 0 0 0 
0 0 0 0 0 0 0 0 0 0 0 0 0 0 0 0 0 0 0 0 0 0 0 0 0 0 0 0 0 0 0 0 0 0 0 0 0 0 0 0 0 0 0 0 0 0 0 0 0 0 0 0 0 0 0 0 0 0 0 0 0 0 0 0 0 0 0 0 0 0 0 0 0 0 0 0 0 0 0 0 0 0 0 0 0 0 0 0 0 0 0 0 0 0 0 0 0 0 0 0 0 0 0 0 0 0 0 0 0 0 0 0 0 0 0 0 0 0 0 0 0 0 0 0 0 0 0 0 0 0 0 0 0 0 0 0 0 0 0 0 0 0 0 0 0 0 0 0 0 0 0 0 0 0 0 0 0 0 0 0 0 0 0 0 0 0 0 0 0 0 0 0 0 0 0 0 0 0 0 0 0 0 0 0 0 0 0 0 0 0 0 0 0 0 0 0 0 0 0 0 0 0 0 0 0 0 0 0 0 0 0 0 0 0 0 0 0 0 0 0 0 0 0 0 0 0 0 0 0 0 0 0 0 0 0 0 0 0 0 0 0 0 0 0 0 0 0 0 0 0 0 0 0 0 0 0 
0 0 0 0 0 0 0 0 0 0 0 0 0 0 0 0 0 0 0 0 0 0 0 0 0 0 0 0 0 0 0 0 0 0 0 0 0 0 0 0 0 0 0 0 0 0 0 0 0 0 0 0 0 0 0 0 0 0 0 0 0 0 0 0 0 0 0 0 0 0 0 0 0 0 0 0 0 0 0 0 0 0 0 0 0 0 0 0 0 0 0 0 0 0 0 0 0 0 0 0 0 0 0 0 0 0 0 0 0 0 0 0 0 0 0 0 0 0 0 0 0 0 0 0 0 0 0 0 0 0 0 0 0 0 0 0 0 0 0 0 0 0 0 0 0 0 0 0 0 0 0 0 0 0 0 0 0 0 0 0 0 0 0 0 0 0 0 0 0 0 0 0 0 0 0 0 0 0 0 0 0 0 0 0 0 0 0 0 0 0 0 0 0 0 0 0 0 0 0 0 0 0 0 0 0 0 0 0 0 0 0 0 0 0 0 0 0 0 0 0 0 0 0 0 0 0 0 0 0 0 0 0 0 0 0 0 0 0 0 0 0 0 0 0 0 0 0 0 0 0 0 0 0 0 0 0 
0 0 0 0 0 0 0 0 0 0 0 0 0 0 0 0 0 0 0 0 0 0 0 0 0 0 0 0 0 0 0 0 0 0 0 0 0 0 0 0 0 0 0 0 0 0 0 0 0 0 0 0 0 0 0 0 0 0 0 0 0 0 0 0 0 0 0 0 0 0 0 0 0 0 0 0 0 0 0 0 0 0 0 0 0 0 0 0 0 0 0 0 0 1.829713216e-85 0 0 0 0 0 0 0 0 0 0 0 0 0 0 0 0 0 0 0 0 0 0 0 0 0 0 0 0 0 0 0 0 0 0 0 0 0 0 0 0 0 0 0 0 0 0 0 9.702697866e-86 0 0 0 0 0 0 0 0 0 0 0 0 0 0 0 0 0 0 0 0 0 0 0 0 0 0 0 0 0 0 0 0 0 0 0 0 0 0 0 0 0 0 0 0 0 0 0 0 0 0 0 0 0 0 0 0 0 0 0 0 0 0 0 0 0 0 0 0 0 0 0 0 0 0 0 0 0 0 0 0 0 0 0 0 0 0 0 0 0 0 0 0 0 0 0 0 0 0 0 0 0 0 0 0 0 0 0 0 0 0 0 0 0 0 
0 0 0 0 0 0 0 0 0 0 0 0 0 0 0 0 0 0 0 0 0 0 0 0 0 0 0 0 0 0 0 0 0 0 0 0 0 0 0 0 0 0 0 0 0 0 0 0 0 0 0 0 0 0 0 0 0 0 0 0 0 0 0 0 0 0 0 0 0 0 0 0 0 0 0 0 0 0 0 0 0 0 0 0 0 0 0 0 0 0 0 0 0 0 0 0 0 0 0 0 0 0 0 0 0 0 0 0 0 0 0 0 0 0 5.133993831e-87 0 0 0 0 0 0 0 0 0 0 0 0 0 0 7.45487766e-91 0 0 0 0 0 0 0 0 0 0 0 0 0 0 0 0 0 0 0 0 0 0 0 0 0 0 0 0 0 0 0 0 0 0 0 0 0 0 0 0 0 0 0 0 0 0 0 0 0 0 0 0 0 0 0 0 0 0 0 0 0 0 0 0 0 0 0 0 0 0 0 0 0 0 0 0 0 0 0 0 0 0 0 0 0 0 0 0 0 0 0 0 0 0 0 0 0 0 0 0 0 0 0 0 0 0 0 0 0 0 0 0 0 0 0 0 0 0 0 0 0 0 0 0 0 0 
0 0 0 0 0 0 0 0 0 0 0 0 0 0 0 0 0 0 0 0 0 0 0 0 0 0 0 0 0 0 0 0 0 0 0 0 0 0 0 0 0 0 0 0 0 0 0 0 0 0 0 0 0 0 0 0 0 0 0 0 0 0 0 0 0 0 0 0 0 0 0 0 0 0 0 0 0 0 0 0 0 0 0 0 0 0 0 0 0 0 0 0 0 0 0 0 0 0 0 0 0 0 0 0 0 0 0 0 0 0 0 0 0 0 0 0 0 0 0 0 0 0 0 0 0 0 0 0 0 0 0 0 1.703814851e-94 0 0 0 0 0 0 0 1.545426033e-86 0 0 0 0 0 0 0 0 0 0 0 0 0 0 0 0 0 0 0 0 0 0 0 0 0 0 0 0 0 0 0 0 0 0 0 0 0 0 0 0 0 0 0 0 0 0 0 0 0 0 0 0 0 0 0 0 0 0 0 0 0 0 0 0 0 0 0 0 0 0 0 0 0 0 0 0 0 0 0 0 0 0 0 0 0 0 0 0 0 0 0 0 0 0 0 0 0 0 0 0 0 0 0 0 0 0 0 0 0 0 0 0 0 0 0 
0 0 0 0 0 0 0 0 0 0 0 0 0 0 0 0 0 0 0 0 0 0 0 0 0 0 0 0 0 0 0 0 0 0 0 0 0 0 0 0 0 0 0 0 0 0 0 0 0 0 0 0 0 0 0 0 0 0 0 0 0 0 0 0 0 0 0 0 0 0 0 0 0 0 0 0 0 0 0 0 0 0 0 0 0 0 0 0 0 0 0 0 0 0 0 0 0 0 0 0 0 0 0 0 0 0 0 0 0 0 0 0 0 0 0 0 0 0 0 0 0 0 0 0 0 0 0 0 0 0 0 0 0 0 0 0 0 0 0 0 0 0 0 0 0 0 0 0 0 0 0 0 0 0 0 0 0 0 0 0 0 0 0 0 0 0 0 0 0 0 0 0 0 0 0 0 0 0 0 0 0 0 0 0 0 0 0 0 0 0 0 0 0 0 0 0 0 0 0 0 0 0 0 0 0 0 0 0 0 0 0 0 0 0 0 0 0 0 0 0 0 0 0 0 0 0 0 0 0 0 0 0 0 0 0 0 0 0 0 0 0 0 0 0 0 0 0 0 0 0 0 0 0 0 0 0 
0 0 0 0 0 0 0 0 0 0 0 0 0 0 0 0 0 0 0 0 0 0 0 0 0 0 0 0 0 0 0 0 0 0 0 0 0 0 0 0 0 0 0 0 0 0 0 0 0 0 0 0 0 0 0 0 0 0 0 0 0 0 0 0 0 0 0 0 0 0 0 0 0 0 0 0 0 0 0 0 0 0 0 0 0 0 0 0 0 0 0 0 0 0 0 0 0 0 0 2.292956277e-79 0 0 0 0 0 0 0 0 0 0 0 0 0 0 0 0 0 0 0 0 0 0 0 0 0 0 0 0 0 0 0 0 0 0 0 0 0 0 0 0 0 0 0 0 0 0 0 0 0 0 0 0 0 0 0 0 0 0 0 0 0 0 0 0 0 0 0 0 0 0 0 0 0 0 0 0 0 0 0 0 0 0 0 0 0 0 0 0 0 0 0 0 0 0 0 0 0 0 0 0 0 0 0 0 0 0 0 0 0 0 0 0 0 0 0 0 0 0 0 0 0 0 0 0 0 0 0 0 0 0 0 0 0 0 0 0 0 0 0 0 0 0 0 0 0 0 0 0 0 0 0 0 0 0 0 0 
0 0 0 0 0 0 0 0 0 0 0 0 0 0 0 0 0 0 0 0 0 0 0 0 0 0 0 0 0 0 0 0 0 0 0 0 0 0 0 0 0 0 0 0 0 0 0 0 0 0 0 0 0 0 0 0 0 0 0 0 0 0 0 0 0 0 0 0 0 0 0 0 0 0 0 0 0 0 0 0 0 0 0 0 0 0 0 0 0 0 0 0 0 0 0 0 0 0 0 0 0 0 0 0 0 0 0 0 0 0 0 0 0 0 0 0 0 0 0 0 0 0 0 0 0 0 0 0 0 0 0 0 0 0 0 0 0 0 0 0 0 0 0 0 0 0 0 0 0 0 0 0 0 0 0 0 0 0 0 0 0 0 0 0 0 0 0 0 0 0 0 0 0 0 0 0 0 0 0 0 0 0 0 0 0 0 0 0 0 0 0 0 0 0 0 0 0 0 0 0 0 0 0 0 0 0 0 0 0 0 0 0 0 0 0 0 0 0 0 0 0 0 0 0 0 0 0 0 0 0 0 0 0 0 0 0 0 0 0 0 0 0 0 0 0 0 0 0 0 0 0 0 0 0 0 0 
0 0 0 0 0 0 0 0 0 0 0 0 0 0 0 0 0 0 0 0 0 0 0 0 0 0 0 0 0 0 0 0 0 0 0 0 0 0 0 0 0 0 0 0 0 0 0 0 0 0 0 0 0 0 0 0 0 0 0 0 0 0 0 0 0 0 0 0 0 0 0 0 0 0 0 0 0 0 0 0 0 0 0 0 0 0 0 0 0 0 0 0 0 0 0 5.106420898e-85 0 0 0 0 0 0 0 0 0 0 0 0 0 0 0 3.811681375e-77 0 0 0 0 0 0 0 0 0 0 0 0 0 0 0 0 0 0 0 0 0 0 0 0 0 0 0 0 0 0 0 0 0 0 0 0 0 0 0 0 0 0 0 0 0 0 0 0 0 0 0 0 0 0 0 0 0 0 0 0 0 0 0 0 0 0 0 0 0 0 0 0 0 0 0 0 0 0 0 0 0 0 0 0 0 0 0 0 0 0 0 0 0 0 0 0 0 0 0 0 0 0 0 0 0 0 0 0 0 0 0 0 0 0 0 0 0 0 0 0 0 0 0 0 0 0 0 0 0 0 0 0 0 0 0 0 0 0 0 0 0 0 0 0 
0 0 0 0 0 0 0 0 0 0 0 0 0 0 0 0 0 0 0 0 0 0 0 0 0 0 0 0 0 0 0 0 0 0 0 0 0 0 0 0 0 0 0 0 0 0 0 0 0 0 0 0 0 0 0 0 0 0 0 0 0 0 0 0 0 0 0 0 0 0 0 0 0 0 0 0 0 0 0 0 0 0 0 0 0 0 0 0 0 0 0 0 0 6.062667109e-84 5.147421316e-78 0 0 0 0 0 0 0 0 1.871281002e-81 0 0 0 0 0 0 0 0 0 0 0 0 0 0 0 0 0 0 0 0 0 0 7.539814463e-69 0 0 0 0 0 0 0 0 1.06667287e-87 0 0 0 0 0 0 0 0 0 0 0 0 0 0 0 0 0 0 0 0 0 0 2.641185503e-68 0 0 0 0 0 0 0 0 0 0 0 0 0 0 0 0 0 0 0 0 0 0 0 0 0 0 0 0 0 0 0 0 0 0 0 0 0 0 0 0 0 0 0 0 0 0 0 0 0 0 0 0 0 0 0 0 0 0 0 0 0 0 0 0 0 0 0 0 0 0 0 0 0 0 0 0 0 0 0 0 0 0 0 0 0 0 0 0 0 0 0 0 0 0 0 0 0 
0 0 0 0 0 0 0 0 0 0 0 0 0 0 0 0 0 0 0 0 0 0 0 0 0 0 0 0 0 0 0 0 0 0 0 0 0 0 0 0 0 0 0 0 0 0 0 0 0 0 0 0 0 0 0 0 0 0 0 0 0 0 0 0 0 0 0 0 0 0 0 0 0 0 0 0 0 0 0 0 0 0 0 0 0 0 0 0 0 0 0 0 0 0 1.372489044e-66 1.014458399e-84 0 0 0 0 0 0 0 0 0 0 0 0 1.877877088e-74 0 0 0 0 0 0 0 0 3.966604964e-69 0 0 0 0 0 0 0 0 0 0 0 0 1.173195309e-83 0 0 0 0 0 0 0 0 0 0 0 0 0 0 0 0 0 0 0 0 0 0 0 0 0 0 0 0 0 0 0 0 0 0 0 0 0 0 0 0 0 0 0 0 0 0 0 0 0 0 0 0 0 0 0 0 0 0 0 0 0 0 0 0 0 0 0 0 0 0 0 0 0 0 0 0 0 0 0 0 0 0 0 0 0 0 0 0 0 0 0 0 0 0 0 0 0 0 0 0 0 0 0 0 0 0 0 0 0 0 0 0 0 0 0 0 0 0 0 0 0 0 0 0 0 
0 0 0 0 0 0 0 0 0 0 0 0 0 0 0 0 0 0 0 0 0 0 0 0 0 0 0 0 0 0 0 0 0 0 0 0 0 0 0 0 0 0 0 0 0 0 0 0 0 0 0 0 0 0 0 0 0 0 0 0 0 0 0 0 0 0 0 0 0 0 0 0 0 0 0 0 0 0 0 0 0 0 0 0 0 0 0 0 0 0 0 0 0 0 0 0 0 0 0 0 0 0 0 0 0 0 0 0 0 0 0 0 0 0 0 0 0 0 0 0 0 0 0 0 0 1.096059097e-61 0 0 0 0 0 0 0 0 0 0 0 0 0 0 0 3.350885795e-85 0 0 0 0 0 0 0 0 9.794730785e-67 0 0 0 0 0 0 0 0 0 0 0 0 0 0 0 0 0 0 0 0 0 0 0 0 0 0 0 0 0 0 0 0 0 0 0 0 0 0 0 0 0 0 0 0 0 0 0 0 0 0 0 0 0 0 0 0 0 0 0 0 0 0 0 0 0 0 0 0 0 0 0 0 0 0 0 0 0 0 0 0 0 0 0 0 0 0 0 0 0 0 0 0 0 0 0 0 0 0 0 0 0 0 0 0 0 
0 0 0 0 0 0 0 0 0 0 0 0 0 0 0 0 0 0 0 0 0 0 0 0 0 0 0 0 0 0 0 0 0 0 0 0 0 0 0 0 0 0 0 0 0 0 0 0 0 0 0 0 0 0 0 0 0 0 0 0 0 0 0 0 0 0 0 0 0 0 0 0 0 0 0 0 0 0 0 0 0 0 0 0 0 0 0 0 0 0 0 0 0 0 0 0 0 0 0 0 0 0 0 0 0 0 0 0 0 0 0 0 0 0 0 0 0 0 0 0 0 0 0 0 0 0 0 0 0 2.719840965e-60 1.753198985e-62 0 0 0 0 0 0 0 0 0 6.322245625e-61 0 0 0 0 0 0 0 0 0 0 0 0 0 0 0 0 0 0 0 0 0 0 0 0 0 0 0 0 0 0 0 0 0 0 0 0 0 0 0 0 0 0 0 0 0 0 0 0 0 0 0 0 0 0 0 0 0 0 0 0 0 0 0 0 0 0 0 0 0 0 0 0 0 0 0 0 0 0 0 0 0 0 0 0 0 0 0 0 0 0 0 0 0 0 0 0 0 0 0 0 0 0 0 0 0 0 0 0 0 0 0 0 0 0 0 
0 0 0 0 0 0 0 0 0 0 0 0 0 0 0 0 0 0 0 0 0 0 0 0 0 0 0 0 0 0 0 0 0 0 0 0 0 0 0 0 0 0 0 0 0 0 0 0 0 0 0 0 0 0 0 0 0 0 0 0 0 0 0 0 0 0 0 0 0 0 0 0 0 0 0 0 0 0 0 0 0 0 0 0 0 0 0 0 0 0 0 0 0 0 0 0 0 0 0 0 0 0 0 0 0 0 0 0 0 0 0 0 0 0 0 0 0 0 0 0 0 0 0 0 0 0 0 0 0 0 0 0 1.83054233e-83 3.264291707e-50 0 0 0 0 0 0 0 0 0 0 0 0 0 0 0 0 0 0 0 0 0 0 0 0 0 0 0 0 0 0 0 0 0 0 0 0 0 0 0 0 0 0 0 0 0 0 0 0 0 0 0 0 0 0 0 0 0 0 0 0 0 0 0 0 0 0 0 0 0 0 0 0 0 0 0 0 0 0 0 0 0 0 0 0 0 0 0 0 0 0 0 0 0 0 0 0 0 0 0 0 0 0 0 0 0 0 0 0 0 0 0 0 0 0 0 0 0 0 0 0 0 0 
0 0 0 0 0 0 0 0 0 0 0 0 0 0 0 0 0 0 0 0 0 0 0 0 0 0 0 0 0 0 0 0 0 0 0 0 0 0 0 0 0 0 0 0 0 0 0 0 0 0 0 0 0 0 0 0 0 0 0 0 0 0 0 0 0 0 0 0 0 0 0 0 0 0 0 0 0 0 0 0 0 0 0 0 0 0 0 0 0 0 0 0 0 0 0 0 0 0 0 0 0 0 0 0 0 0 0 0 0 0 0 0 0 0 0 0 0 0 0 0 0 0 0 0 0 0 0 0 0 0 0 0 0 0 0 0 0 0 1.279418428e-79 0 0 0 0 0 0 0 0 0 0 0 0 0 4.047761083e-63 0 0 0 0 0 0 0 0 0 0 0 0 0 0 0 0 0 0 0 0 0 0 0 0 0 0 0 0 0 0 0 0 0 0 0 0 0 0 0 0 0 0 0 0 0 0 0 0 0 0 0 0 0 0 0 0 0 0 0 0 0 0 0 0 0 0 0 0 0 0 0 0 0 0 0 0 0 0 0 0 0 0 0 0 0 0 0 0 0 0 0 0 0 0 0 0 0 0 0 0 0 0 0 
0 0 0 0 0 0 0 0 0 0 0 0 0 0 0 0 0 0 0 0 0 0 0 0 0 0 0 0 0 0 0 0 0 0 0 0 0 0 0 0 0 0 0 0 0 0 0 0 0 0 0 0 0 0 0 0 0 0 0 0 0 0 0 0 0 0 0 0 0 0 0 0 0 0 0 0 0 0 0 0 0 0 0 0 0 0 0 0 0 0 0 0 4.088774435e-47 0 0 0 0 0 0 0 0 0 0 0 0 0 0 0 0 0 0 0 1.754630092e-57 0 0 0 1.842081614e-72 0 0 0 0 0 0 0 0 0 0 0 0 0 0 0 0 2.61768928e-55 0 0 0 0 0 0 0 0 1.298319242e-74 0 2.259409638e-83 0 0 0 0 0 0 0 0 0 0 1.012209109e-51 0 0 0 0 0 0 3.023519791e-84 0 0 0 0 0 0 0 0 0 0 0 0 0 0 0 0 0 0 0 0 0 0 0 0 0 0 0 0 0 0 0 0 0 0 0 0 0 0 0 0 0 0 0 0 0 0 0 0 0 0 0 0 0 0 0 0 0 0 0 0 0 0 0 0 0 0 0 0 0 0 0 0 0 0 0 0 0 0 0 0 0 0 0 0 0 0 0 0 0 0 0 0 0 
0 0 0 0 0 0 0 0 0 0 0 0 0 0 0 0 0 0 0 0 0 0 0 0 0 0 0 0 0 0 0 0 0 0 0 0 0 0 0 0 0 0 0 0 0 0 0 0 0 0 0 0 0 0 0 0 0 0 0 0 0 0 0 0 0 0 0 0 0 0 0 0 0 0 0 0 0 0 0 0 0 0 0 0 0 0 0 0 0 0 0 2.201242264e-85 0 0 0 0 0 0 0 0 0 0 4.511458438e-62 0 0 0 0 0 0 0 0 0 0 0 0 0 0 0 0 0 0 0 0 0 0 0 0 0 0 1.368503299e-60 0 0 0 1.043790791e-73 0 0 9.332469859e-56 0 0 0 0 0 0 0 0 1.607237986e-67 0 0 0 6.65152926e-64 0 0 0 0 1.684367599e-72 0 0 0 0 0 0 0 5.119753238e-76 0 0 0 0 0 0 0 0 0 0 0 0 0 0 0 0 0 0 0 0 0 0 0 0 0 0 0 0 0 0 0 0 0 0 0 0 0 0 0 0 0 0 0 0 0 0 0 0 0 0 0 0 0 0 0 0 0 0 0 0 0 0 0 0 0 0 0 0 0 0 0 0 0 0 0 0 0 0 0 0 0 0 0 0 0 0 0 0 0 0 0 0 0 
0 0 0 0 0 0 0 0 0 0 0 0 0 0 0 0 0 0 0 0 0 0 0 0 0 0 0 0 0 0 0 0 0 0 0 0 0 0 0 0 0 0 0 0 0 0 0 0 0 0 0 0 0 0 0 0 0 0 0 0 0 0 0 0 0 0 0 0 0 0 0 0 0 0 0 0 0 0 0 0 0 0 0 0 0 0 0 0 0 0 2.575535928e-67 0 0 0 0 0 0 0 0 0 1.515115671e-53 0 0 0 0 0 0 0 0 0 0 4.463975378e-86 0 0 0 0 0 0 0 0 0 0 0 0 0 0 0 0 0 0 0 6.946625542e-81 0 4.219945179e-76 0 0 0 0 0 0 0 0 0 0 0 0 0 0 0 0 0 0 0 0 0 0 0 1.976728156e-65 0 0 0 0 0 0 0 0 0 0 0 0 0 0 0 0 0 0 0 0 0 0 0 0 0 0 0 0 0 0 0 0 0 0 0 0 0 0 0 0 0 0 0 0 0 0 0 0 0 0 0 0 0 0 0 0 0 0 0 0 0 0 0 0 0 0 0 0 0 0 0 0 0 0 0 0 0 0 0 0 0 0 0 0 0 0 0 0 0 0 0 0 0 0 0 0 0 0 
0 0 0 0 0 0 0 0 0 0 0 0 0 0 0 0 0 0 0 0 0 0 0 0 0 0 0 0 0 0 0 0 0 0 0 0 0 0 0 0 0 0 0 0 0 0 0 0 0 0 0 0 0 0 0 0 0 0 0 0 0 0 0 0 0 0 0 0 0 0 0 0 0 0 0 0 0 0 0 0 0 0 0 0 0 0 0 0 0 0 0 1.056811069e-71 0 0 0 0 0 0 0 0 0 0 0 0 0 0 9.338176526e-64 0 0 0 0 0 0 0 0 0 0 0 0 0 0 0 0 6.879057514e-50 0 0 0 0 0 0 3.849364493e-45 0 0 0 0 0 0 0 0 2.433016172e-35 0 0 0 0 0 0 0 0 0 0 0 0 0 0 0 5.368031177e-64 0 0 0 0 0 0 0 0 0 0 0 0 0 0 0 0 0 0 0 0 0 0 0 0 0 0 0 0 0 0 0 0 0 0 0 0 0 0 0 0 0 0 0 0 0 0 0 0 0 0 0 0 0 0 0 0 0 0 0 0 0 0 0 0 0 0 0 0 0 0 0 0 0 0 0 0 0 0 0 0 0 0 0 0 0 0 0 0 0 0 0 0 0 0 0 0 0 0 0 0 
0 0 0 0 0 0 0 0 0 0 0 0 0 0 0 0 0 0 0 0 0 0 0 0 0 0 0 0 0 0 0 0 0 0 0 0 0 0 0 0 0 0 0 0 0 0 0 0 0 0 0 0 0 0 0 0 0 0 0 0 0 0 0 0 0 0 0 0 0 0 0 0 0 0 0 0 0 0 0 0 0 0 0 0 0 0 0 0 0 0 0 0 4.075213006e-42 0 0 0 0 0 0 0 0 0 0 0 2.219795283e-65 0 0 0 0 0 0 0 0 0 0 0 0 2.691328315e-78 0 0 0 0 0 0 0 1.767040161e-65 0 0 0 0 0 0 0 0 0 2.792573016e-70 0 0 0 0 1.686577441e-63 5.442406412e-27 0 0 0 0 0 0 0 0 0 0 0 0 0 0 0 0 0 0 0 0 0 0 0 0 0 0 0 0 0 0 0 0 0 0 0 0 0 0 0 0 0 0 0 0 0 0 0 0 0 0 0 0 0 0 0 0 0 0 0 0 0 0 0 0 0 0 0 0 0 0 0 0 0 0 0 0 0 0 0 0 0 0 0 0 0 0 0 0 0 0 0 0 0 0 0 0 0 0 0 0 0 0 0 0 0 0 0 0 0 0 0 0 0 0 
0 0 0 0 0 0 0 0 0 0 0 0 0 0 0 0 0 0 0 0 0 0 0 0 0 0 0 0 0 0 0 0 0 0 0 0 0 0 0 0 0 0 0 0 0 0 0 0 0 0 0 0 0 0 0 0 0 0 0 0 0 0 0 0 0 0 0 0 0 0 0 0 0 0 0 0 0 0 0 0 0 0 0 0 0 0 0 0 0 0 0 0 0 0 0 0 0 0 0 0 1.819214881e-76 0 0 0 0 0 0 3.13775301e-44 0 0 0 0 0 0 0 1.129389089e-83 0 0 0 0 0 0 0 0 0 0 0 0 0 0 0 0 0 0 0 7.261194243e-77 0 0 0 0 0 0 0 0 0 0 0 0 0 0 0 0 0 0 0 0 0 0 0 0 0 0 0 0 0 0 0 0 0 0 0 0 0 0 0 0 0 0 0 0 0 0 0 0 0 0 0 0 0 0 0 0 0 0 0 0 0 0 0 0 0 0 0 0 0 0 0 0 0 0 0 0 0 0 0 0 0 0 0 0 0 0 0 0 0 0 0 0 0 0 0 0 0 0 0 0 0 0 0 0 0 0 0 0 0 0 0 0 0 0 0 0 0 0 0 0 
0 0 0 0 0 0 0 0 0 0 0 0 0 0 0 0 0 0 0 0 0 0 0 0 0 0 0 0 0 0 0 0 0 0 0 0 0 0 0 0 0 0 0 0 0 0 0 0 0 0 0 0 0 0 0 0 0 0 0 0 0 0 0 0 0 0 0 0 0 0 0 0 0 0 0 0 0 0 0 0 0 0 0 0 0 0 0 0 0 0 0 0 0 0 0 0 4.757738235e-48 0 0 1.888151859e-54 0 0 0 0 0 2.259586751e-58 0 0 0 0 0 0 0 0 0 0 0 0 0 0 0 0 0 0 0 3.351853779e-53 0 1.314417626e-75 0 0 0 0 0 0 3.042282108e-70 0 0 0 0 0 7.766745552e-66 0 0 0 0 0 0 0 3.40546834e-25 0 0 0 0 0 0 0 0 0 0 0 0 0 0 0 0 0 0 0 0 0 0 0 0 0 0 0 0 0 0 0 0 0 0 0 0 0 0 0 0 0 0 0 0 0 0 0 0 0 0 0 0 0 0 0 0 0 0 0 0 0 0 0 0 0 0 0 0 0 0 0 0 0 0 0 0 0 0 0 0 0 0 0 0 0 0 0 0 0 0 0 0 0 0 0 0 0 0 0 0 0 0 0 0 0 0 0 
0 0 0 0 0 0 0 0 0 0 0 0 0 0 0 0 0 0 0 0 0 0 0 0 0 0 0 0 0 0 0 0 0 0 0 0 0 0 0 0 0 0 0 0 0 0 0 0 0 0 0 0 0 0 0 0 0 0 0 0 0 0 0 0 0 0 0 0 0 0 0 0 0 0 0 0 0 0 0 0 0 0 0 0 0 0 0 0 0 0 0 0 0 0 0 0 0 1.750160781e-44 0 0 0 1.003905952e-57 0 0 0 0 0 0 0 0 0 0 0 0 0 0 0 0 0 0 0 0 6.191388429e-63 0 0 0 9.743158853e-68 0 1.464654766e-51 0 3.871100633e-66 3.841164806e-34 0 1.089761134e-60 0 0 0 3.787662308e-66 0 0 6.330471667e-61 0 0 0 0 0 0 0 0 0 0 0 0 0 9.305015083e-53 0 0 0 0 0 6.539229466e-41 0 0 0 0 0 0 0 0 0 0 0 0 0 0 0 0 0 0 0 0 0 0 0 0 0 0 0 0 0 0 0 0 0 0 0 0 0 0 0 0 0 0 0 0 0 0 0 0 0 0 0 0 0 0 0 0 0 0 0 0 0 0 0 0 0 0 0 0 0 0 0 0 0 0 0 0 0 0 0 0 0 0 0 0 0 0 0 0 0 0 0 0 0 0 0 
0 0 0 0 0 0 0 0 0 0 0 0 0 0 0 0 0 0 0 0 0 0 0 0 0 0 0 0 0 0 0 0 0 0 0 0 0 0 0 0 0 0 0 0 0 0 0 0 0 0 0 0 0 0 0 0 0 0 0 0 0 0 0 0 0 0 0 0 0 0 0 0 0 0 0 0 0 0 0 0 0 0 0 0 0 0 0 0 0 0 0 0 0 1.617320123e-62 0 0 0 0 0 1.033148601e-34 0 0 0 2.354873887e-68 0 0 0 0 0 0 2.252467346e-32 0 0 1.228821048e-17 0 0 0 0 0 0 0 0 6.715473128e-29 0 4.092185364e-43 3.004312982e-34 0 0 1.974104485e-45 0 0 6.706206699e-57 0 1.603266625e-50 0 0 0 0 0 0 0 0 0 0 0 0 0 0 0 0 0 0 0 0 0 0 0 5.542842458e-24 0 0 0 0 0 0 0 0 0 0 0 0 0 0 0 0 0 0 0 0 0 0 0 0 0 0 0 0 0 0 0 0 0 0 0 0 0 0 0 0 0 0 0 0 0 0 0 0 0 0 0 0 0 0 0 0 0 0 0 0 0 0 0 0 0 0 0 0 0 0 0 0 0 0 0 0 0 0 0 0 0 0 0 0 0 0 0 0 0 0 0 0 0 0 0 0 0 0 
0 0 0 0 0 0 0 0 0 0 0 0 0 0 0 0 0 0 0 0 0 0 0 0 0 0 0 0 0 0 0 0 0 0 0 0 0 0 0 0 0 0 0 0 0 0 0 0 0 0 0 0 0 0 0 0 0 0 0 0 0 0 0 0 0 0 0 0 0 0 0 0 0 0 0 0 0 0 0 0 0 0 0 0 0 0 0 0 0 0 0 0 2.804099077e-72 0 0 0 0 0 0 4.80823263e-54 0 0 0 0 0 0 0 0 0 0 0 0 0 0 0 0 0 0 0 7.292257495e-51 1.56422321e-68 0 0 0 3.973301936e-39 0 0 0 0 1.813762515e-14 0 0 0 0 0 0 0 0 0 0 0 0 0 0 0 0 0 0 0 0 0 0 0 0 0 2.870993718e-36 1.181905053e-65 3.066086983e-56 0 4.368379379e-58 0 0 0 0 0 0 0 0 0 0 0 0 0 0 0 0 0 0 0 0 0 0 0 0 0 0 0 0 0 0 0 0 0 0 0 0 0 0 0 0 0 0 0 0 0 0 0 0 0 0 0 0 0 0 0 0 0 0 0 0 0 0 0 0 0 0 0 0 0 0 0 0 0 0 0 0 0 0 0 0 0 0 0 0 0 0 0 0 0 0 0 0 0 0 0 0 
0 0 0 0 0 0 0 0 0 0 0 0 0 0 0 0 0 0 0 0 0 0 0 0 0 0 0 0 0 0 0 0 0 0 0 0 0 0 0 0 0 0 0 0 0 0 0 0 0 0 0 0 0 0 0 0 0 0 0 0 0 0 0 0 0 0 0 0 0 0 0 0 0 0 0 0 0 0 0 0 0 0 0 0 0 0 0 0 0 0 0 0 0 0 0 0 0 9.399469896e-24 0 0 0 0 0 0 0 1.302144011e-59 0 0 0 0 0 0 0 0 0 0 0 0 0 0 0 0 0 0 0 1.506979274e-46 5.744432104e-12 0 8.125595128e-39 1.52823893e-64 1.498886505e-42 2.280670587e-33 1.325031565e-59 0 1.331813974e-50 6.684383443e-56 2.298070622e-17 0 0 0 2.99327166e-23 0 5.153978957e-23 0 0 0 0 0 1.293975139e-48 6.599545188e-21 0 0 0 0 0 0 0 0 0 0 0 0 0 0 0 0 0 0 0 0 0 0 0 0 0 0 0 0 0 0 0 0 0 0 0 0 0 0 0 0 0 0 0 0 0 0 0 0 0 0 0 0 0 0 0 0 0 0 0 0 0 0 0 0 0 0 0 0 0 0 0 0 0 0 0 0 0 0 0 0 0 0 0 0 0 0 0 0 0 0 0 0 0 0 0 0 0 0 0 0 0 0 0 0 0 0 
0 0 0 0 0 0 0 0 0 0 0 0 0 0 0 0 0 0 0 0 0 0 0 0 0 0 0 0 0 0 0 0 0 0 0 0 0 0 0 0 0 0 0 0 0 0 0 0 0 0 0 0 0 0 0 0 0 0 0 0 0 0 0 0 0 0 0 0 0 0 0 0 0 0 0 0 0 0 0 0 0 0 0 0 0 0 0 0 0 0 0 6.829182249e-33 0 0 7.289234885e-61 0 0 0 0 0 0 0 0 0 0 0 0 0 2.15578505e-66 0 0 9.084656976e-51 0 0 0 0 0 0 1.526311719e-30 0 0 0 0 3.469420217e-54 8.274657235e-62 0 1.652864905e-48 0 1.341895183e-46 0 0 0 0 0 0 2.299875871e-47 0 0 0 1.580733962e-23 0 1.06077962e-62 2.035657264e-12 0 0 0 2.633929529e-70 0 0 0 0 0 7.658936642e-67 0 0 0 0 0 0 1.745853838e-28 0 0 0 0 0 0 0 0 0 0 0 0 0 0 0 0 0 0 0 0 0 0 0 0 0 0 0 0 0 0 0 0 0 0 0 0 0 0 0 0 0 0 0 0 0 0 0 0 0 0 0 0 0 0 0 0 0 0 0 0 0 0 0 0 0 0 0 0 0 0 0 0 0 0 0 0 0 0 0 0 0 0 0 0 0 0 0 0 0 0 0 0 0 0 0 0 
0 0 0 0 0 0 0 0 0 0 0 0 0 0 0 0 0 0 0 0 0 0 0 0 0 0 0 0 0 0 0 0 0 0 0 0 0 0 0 0 0 0 0 0 0 0 0 0 0 0 0 0 0 0 0 0 0 0 0 0 0 0 0 0 0 0 0 0 0 0 0 0 0 0 0 0 0 0 0 0 0 0 0 0 0 0 0 0 0 0 0 0 6.207532293e-65 0 0 0 0 1.329568491e-31 0 0 0 2.465059946e-36 0 0 1.740187239e-57 0 0 0 0 0 0 0 0 0 0 0 3.105061135e-57 9.665800522e-26 0 3.947676481e-63 0 0 1.372677156e-07 1.166657793e-45 0 3.011952725e-48 0 0 9.034142582e-23 0 0 7.476931464e-68 0 1.986149282e-28 0 0 0 0 0 0 0 0 0 0 0 0 0 0 0 6.8935956e-38 0 0 0 0 0 0 0 0 0 0 0 0 0 0 0 0 0 0 0 0 0 0 0 0 0 0 0 0 0 0 0 0 0 0 0 0 0 0 0 0 0 0 0 0 0 0 0 0 0 0 0 0 0 0 0 0 0 0 0 0 0 0 0 0 0 0 0 0 0 0 0 0 0 0 0 0 0 0 0 0 0 0 0 0 0 0 0 0 0 0 0 0 0 0 0 0 0 0 0 0 0 0 0 0 0 0 
0 0 0 0 0 0 0 0 0 0 0 0 0 0 0 0 0 0 0 0 0 0 0 0 0 0 0 0 0 0 0 0 0 0 0 0 0 0 0 0 0 0 0 0 0 0 0 0 0 0 0 0 0 0 0 0 0 0 0 0 0 0 0 0 0 0 0 0 0 0 0 0 0 0 0 0 0 0 0 0 0 0 0 0 0 0 0 0 0 0 0 1.24952146e-31 0 0 0 0 0 1.392646734e-32 0 0 0 0 0 0 0 0 0 0 0 0 0 0 0 0 0 0 0 0 0 0 0 0 0 0 2.735329095e-55 0 0 7.452030144e-16 0 1.503067504e-33 0 0 0 1.405484542e-74 3.696207002e-18 0 0 0 0 0 0 0 0 0 0 0 2.298961079e-44 0 0 0 0 0 0 6.513035287e-51 0 0 0 0 0 0 0 2.015235525e-67 0 0 0 0 0 0 0 0 0 0 0 0 0 0 0 0 0 0 0 0 0 0 0 0 0 0 0 0 0 0 0 0 0 0 0 0 0 0 0 0 0 0 0 0 0 0 0 0 0 0 0 0 0 0 0 0 0 0 0 0 0 0 0 0 0 0 0 0 0 0 0 0 0 0 0 0 0 0 0 0 0 0 0 0 0 0 0 0 0 0 0 0 0 0 
0 0 0 0 0 0 0 0 0 0 0 0 0 0 0 0 0 0 0 0 0 0 0 0 0 0 0 0 0 0 0 0 0 0 0 0 0 0 0 0 0 0 0 0 0 0 0 0 0 0 0 0 0 0 0 0 0 0 0 0 0 0 0 0 0 0 0 0 0 0 0 0 0 0 0 0 0 0 0 0 0 0 0 0 0 0 0 0 7.375946664e-36 0 0 0 0 0 0 0 0 0 0 0 0 0 0 3.032563207e-40 0 0 0 0 0 0 0 0 0 0 0 0 1.113688248e-66 0 0 0 0 0 1.729694833e-40 0 7.857267998e-57 0 0 0 0 0 0 0 0 0 6.348723059e-12 9.347186121e-26 0 0 0 2.141796421e-14 6.790229221e-32 0 0 3.833428166e-39 0 6.13834707e-39 0 0 4.095001973e-43 0 5.008781306e-55 0 0 0 3.89094316e-63 0 0 0 0 0 0 0 1.018431277e-60 0 0 0 0 0 0 0 0 0 0 0 0 0 0 0 0 0 0 0 0 0 0 0 0 0 0 0 0 0 0 0 0 0 0 0 0 0 0 0 0 0 0 0 0 0 0 0 0 0 0 0 0 0 0 0 0 0 0 0 0 0 0 0 0 0 0 0 0 0 0 0 0 0 0 0 0 0 0 0 0 0 0 0 0 0 0 0 0 0 0 0 0 0 
0 0 0 0 0 0 0 0 0 0 0 0 0 0 0 0 0 0 0 0 0 0 0 0 0 0 0 0 0 0 0 0 0 0 0 0 0 0 0 0 0 0 0 0 0 0 0 0 0 0 0 0 0 0 0 0 0 0 0 0 0 0 0 0 0 0 0 0 0 0 0 0 0 0 0 0 0 0 0 0 0 0 0 0 0 0 0 0 0 0 0 4.12293286e-16 0 4.573826235e-55 0 1.492519478e-08 0 0 0 3.620133724e-47 0 0 0 0 0 0 2.100505047e-62 0 3.375712763e-57 0 0 0.0004366713206 0 0 0 0 0 0 0 0 0 6.729822847e-29 0 0 0 5.921869628e-47 1.151028515e-27 0 0 2.329058531e-10 0 0 0 0 0 0 0 0 0 8.741266866e-60 1.15146691e-18 3.20572504e-33 0 0 0 2.558593725e-23 1.703336604e-48 0 1.144850801e-14 0 1.106757695e-52 0 0 0 0 0 0 0 0 0 0 0 0 0 0 0 0 0 0 0 0 0 0 0 0 0 0 0 0 0 0 0 0 0 0 0 0 0 0 0 0 0 0 0 0 0 0 0 0 0 0 0 0 0 0 0 0 0 0 0 0 0 0 0 0 0 0 0 0 0 0 0 0 0 0 0 0 0 0 0 0 0 0 0 0 0 0 0 0 0 0 0 0 0 0 0 0 0 0 0 0 0 0 0 0 0 
0 0 0 0 0 0 0 0 0 0 0 0 0 0 0 0 0 0 0 0 0 0 0 0 0 0 0 0 0 0 0 0 0 0 0 0 0 0 0 0 0 0 0 0 0 0 0 0 0 0 0 0 0 0 0 0 0 0 0 0 0 0 0 0 0 0 0 0 0 0 0 0 0 0 0 0 0 0 0 0 0 0 0 0 0 0 0 0 0 0 0 0 0 0 0 0 0 0 0 0 0 0 1.005550921e-49 0 0 0 0 5.95930153e-30 0 0 0 0 0 0 0 0 6.646037731e-43 0 0 0 0 0 0 7.74592192e-29 0 0 9.809216111e-16 1.306064528e-37 6.271267618e-47 0 2.089293474e-44 0 4.674298109e-46 0 0 0 0 0 2.396294362e-42 0 1.178974612e-25 0 1.023471013e-50 0 0 0 0 0 0 3.95055304e-36 0 1.560652109e-50 0 0 0 0 2.568854267e-12 0 0 0 0 0 0 0 0 0 0 0 0 0 0 0 0 0 0 0 0 0 0 0 0 0 0 0 0 0 0 0 0 0 0 0 0 0 0 0 0 0 0 0 0 0 0 0 0 0 0 0 0 0 0 0 0 0 0 0 0 0 0 0 0 0 0 0 0 0 0 0 0 0 0 0 0 0 0 0 0 0 0 0 0 0 0 0 0 0 0 0 0 0 0 0 0 0 0 0 
0 0 0 0 0 0 0 0 0 0 0 0 0 0 0 0 0 0 0 0 0 0 0 0 0 0 0 0 0 0 0 0 0 0 0 0 0 0 0 0 0 0 0 0 0 0 0 0 0 0 0 0 0 0 0 0 0 0 0 0 0 0 0 0 0 0 0 0 0 0 0 0 0 0 0 0 0 0 0 0 0 0 0 0 0 0 0 0 0 0 7.214401326e-40 1.092874615e-49 1.260104859e-68 9.328085301e-41 0 0 0 0 0 0 1.009701763e-59 5.544720748e-49 0 0 0 0 0 0 7.534471057e-44 0 2.719380899e-62 0 0 0 0 0 4.283640647e-28 0 2.677463954e-51 0 2.604848409e-25 0 0 0 0 9.725250094e-34 1.67460965e-22 0 3.891929082e-10 3.948932209e-39 0 0 0 0 1.140811303e-14 0 0 2.869221357e-30 0 0 0 0 1.23627877e-32 2.200114813e-17 0 0 0 0 0 0 0 6.020719874e-42 0 1.02324408e-11 0 0 0 5.707070318e-62 0 0 0 0 0 0 0 0 0 0 0 0 0 0 0 0 0 0 0 0 0 0 0 0 0 0 0 0 0 0 0 0 0 0 0 0 0 0 0 0 0 0 0 0 0 0 0 0 0 0 0 0 0 0 0 0 0 0 0 0 0 0 0 0 0 0 0 0 0 0 0 0 0 0 0 0 0 0 0 0 0 0 0 0 0 0 0 0 0 0 0 0 0 0 0 0 0 0 
0 0 0 0 0 0 0 0 0 0 0 0 0 0 0 0 0 0 0 0 0 0 0 0 0 0 0 0 0 0 0 0 0 0 0 0 0 0 0 0 0 0 0 0 0 0 0 0 0 0 0 0 0 0 0 0 0 0 0 0 0 0 0 0 0 0 0 0 0 0 0 0 0 0 0 0 0 0 0 0 0 0 0 0 0 0 0 0 0 0 0 0 0 1.077367426e-33 0 0 0 0 0 0 1.181924572e-31 0 0 3.485114866e-34 0 0 0 6.866338622e-20 0 6.548156441e-57 0 0 0 0 0 0 0 0 1.598935719e-23 0 0 0 1.109194975e-19 9.286800907e-65 0 7.340058306e-13 4.527349208e-09 1.375488472e-29 0 0 1.839607875e-35 0 1.501749163e-47 1.811550954e-37 7.173109937e-18 4.322952552e-49 0 0 0 2.451740585e-43 1.447253299e-66 3.427372931e-41 0 1.504191528e-45 0 0 0 0 0 0 0 3.032045765e-58 2.442236029e-44 0 0 0 1.676431322e-21 0 0 1.156349929e-35 0 0 0 0 0 0 0 0 0 0 0 0 0 0 0 0 0 0 0 0 0 0 0 0 0 0 0 0 0 0 0 0 0 0 0 0 0 0 0 0 0 0 0 0 0 0 0 0 0 0 0 0 0 0 0 0 0 0 0 0 0 0 0 0 0 0 0 0 0 0 0 0 0 0 0 0 0 0 0 0 0 0 0 0 0 0 0 0 0 0 0 0 0 0 0 0 
0 0 0 0 0 0 0 0 0 0 0 0 0 0 0 0 0 0 0 0 0 0 0 0 0 0 0 0 0 0 0 0 0 0 0 0 0 0 0 0 0 0 0 0 0 0 0 0 0 0 0 0 0 0 0 0 0 0 0 0 0 0 0 0 0 0 0 0 0 0 0 0 0 0 0 0 0 0 0 0 0 0 0 0 0 0 0 0 0 0 0 0 0 5.581042845e-17 0 0 0 0 0 6.053928145e-46 0 1.415325902e-39 0 0 0 0 0 0 0 0 0 3.673168756e-08 9.317150251e-16 0 0 6.184770426e-53 0 0 0 0 0 0 0 0 0 0 1.114684694e-67 0 0 0 3.058471841e-20 0 0 0 0 7.413739716e-17 3.631586054e-45 1.139852611e-34 0 0 0 9.965337193e-49 1.76778504e-31 1.204472676e-48 0 0 0 0 4.775550171e-07 0 1.938212333e-39 3.179489619e-10 0 0 0 2.816051776e-46 7.271143708e-11 0 3.377555135e-25 0 95.96538309 0 0 0 0 0 0 0 0 0 0 0 0 0 0 0 0 0 0 0 0 0 0 0 0 0 0 0 0 0 0 0 0 0 0 0 0 0 0 0 0 0 0 0 0 0 0 0 0 0 0 0 0 0 0 0 0 0 0 0 0 0 0 0 0 0 0 0 0 0 0 0 0 0 0 0 0 0 0 0 0 0 0 0 0 0 0 0 0 0 0 0 0 0 0 0 
0 0 0 0 0 0 0 0 0 0 0 0 0 0 0 0 0 0 0 0 0 0 0 0 0 0 0 0 0 0 0 0 0 0 0 0 0 0 0 0 0 0 0 0 0 0 0 0 0 0 0 0 0 0 0 0 0 0 0 0 0 0 0 0 0 0 0 0 0 0 0 0 0 0 0 0 0 0 0 0 0 0 0 0 0 0 0 0 1.85598495e-30 0 0 0 0 0 6.780839837e-69 1.865078968e-11 0 5.938595749e-40 0 2.459449919e-48 0 0 0 0 0 0 0 0 0 0 0 0 0 123.2275782 0 0.2608085542 4.39825205e-11 0 0 0 0 0 1.02057956e-53 0 2.067143942e-41 0 6.788531275e-17 0 0 1.805458928e-16 2.05063212e-48 0 1.611074696e-29 2.486842533e-12 0 0 0 0 0 0 8.69616365e-43 0 3.021360526e-26 0 5.424846169e-38 0 0 0 0 4.361784069e-45 125.3993975 0 0 2.172147502e-08 2.58176458e-32 0 0 7.216429402e-41 1.178270795e-38 0 0 0 0 0 0 0 0 0 0 0 0 0 0 0 0 0 0 0 0 0 0 0 0 0 0 0 0 0 0 0 0 0 0 0 0 0 0 0 0 0 0 0 0 0 0 0 0 0 0 0 0 0 0 0 0 0 0 0 0 0 0 0 0 0 0 0 0 0 0 0 0 0 0 0 0 0 0 0 0 0 0 0 0 0 0 0 0 0 0 0 0 0 0 0 0 0 
0 0 0 0 0 0 0 0 0 0 0 0 0 0 0 0 0 0 0 0 0 0 0 0 0 0 0 0 0 0 0 0 0 0 0 0 0 0 0 0 0 0 0 0 0 0 0 0 0 0 0 0 0 0 0 0 0 0 0 0 0 0 0 0 0 0 0 0 0 0 0 0 0 0 0 0 0 0 0 0 0 0 0 0 0 0 0 0 0 0 0 0 0 0 0 0 0 0 4.311220795e-54 0 0 0 2.042159613e-28 0 0 0 0 0 0 0 0 0 0 1.058807394e-13 0 0 3.316360326e-49 0 0 1.199518063e-10 0 0 6.072694326e-37 5.100017721e-45 0 3.783020676e-13 0 5.061863594e-24 3.206810956e-55 3.104264414e-56 0 0 1.303466414e-51 1.697151415e-56 0.05575062268 0.0004772675252 0 1.14109361e-11 0 1.463991008e-59 0 7.035976096e-19 0 1.071763272e-58 2.15776226e-40 2.085791092e-37 0 0 4.008041307e-57 7.071832231e-66 6.044511096e-47 1.151230899e-19 0 1.897567722e-21 0 0 0 2.329158892e-41 0 0 0 0 0 0 0 0 0 0 0 0 0 0 0 0 0 0 0 0 0 0 0 0 0 0 0 0 0 0 0 0 0 0 0 0 0 0 0 0 0 0 0 0 0 0 0 0 0 0 0 0 0 0 0 0 0 0 0 0 0 0 0 0 0 0 0 0 0 0 0 0 0 0 0 0 0 0 0 0 0 0 0 0 0 0 0 0 0 0 0 0 0 0 0 0 0 0 
0 0 0 0 0 0 0 0 0 0 0 0 0 0 0 0 0 0 0 0 0 0 0 0 0 0 0 0 0 0 0 0 0 0 0 0 0 0 0 0 0 0 0 0 0 0 0 0 0 0 0 0 0 0 0 0 0 0 0 0 0 0 0 0 0 0 0 0 0 0 0 0 0 0 0 0 0 0 0 0 0 0 0 0 0 0 0 0 0 0 0 0 1.809017519 0 0 0.0009523841821 0 0 0 0 6.942265147e-31 0 0 23.30468926 0 0 0 0 9.028417156e-39 0 0 0 0 0 0 2.229502405e-16 8.71050263e-46 0 1.259448438e-48 1.777607249e-42 0.1041075121 0 2.166225146e-17 0 4.727987993e-56 7.482802254e-30 1.087049164e-42 0 9.473709636e-32 1.557300198e-51 0 0 0 2.645194589e-33 4.136660146e-26 0 1.173591674e-34 0 1.490154546e-42 2.191907948e-44 8.5158056e-41 1.0982853e-11 1.448672415e-08 5.051980336e-26 1.129377195e-42 0 1.742147106e-62 0 0 0 3.606580525e-21 0 1.315561077e-54 0 0 0 5.621826907e-48 0 0 0 0 0 1.142647818e-12 0 0 0 0 0 0 0 0 0 0 0 0 0 0 0 0 0 0 0 0 0 0 0 0 0 0 0 0 0 0 0 0 0 0 0 0 0 0 0 0 0 0 0 0 0 0 0 0 0 0 0 0 0 0 0 0 0 0 0 0 0 0 0 0 0 0 0 0 0 0 0 0 0 0 0 0 0 0 0 0 0 0 0 0 0 0 0 0 0 0 0 0 0 
0 0 0 0 0 0 0 0 0 0 0 0 0 0 0 0 0 0 0 0 0 0 0 0 0 0 0 0 0 0 0 0 0 0 0 0 0 0 0 0 0 0 0 0 0 0 0 0 0 0 0 0 0 0 0 0 0 0 0 0 0 0 0 0 0 0 0 0 0 0 0 0 0 0 0 0 0 0 0 0 0 0 0 0 0 0 0 0 0 5.672039965e-32 3.938527563e-15 0 0 0 0 3.145412809e-51 0 3.15023766e-13 0 0 0 0 0 3.768059701e-39 0 3.595856734e-39 0 0 0 0 0 4.425210601e-18 5.27431143e-57 0 1.11706707e-10 0 0 0 1.658557803e-38 106.835181 4.86821715e-44 6.993336166 0 451.6862897 1.943920271e-57 0 6.386083244e-38 0 2.107047529e-11 0 6.610309058e-59 1.002614023e-10 0 0.1329456339 2.540014034e-15 0 1.061359227e-58 8.537613081e-39 6.382280525e-17 5.833285806e-44 0 1.101603081e-48 7.555812847e-22 5.111264392e-59 1.889170094e-25 64.90967194 9.660650615e-07 2.569269566e-54 0 0 8.08044763e-54 0 2.632988029 0 0 0 3.984880619e-53 0 1.828145728e-16 0 0 0 0 0 0 0 0 0 0 0 0 0 0 0 0 0 0 0 0 0 0 0 0 0 0 0 0 0 0 0 0 0 0 0 0 0 0 0 0 0 0 0 0 0 0 0 0 0 0 0 0 0 0 0 0 0 0 0 0 0 0 0 0 0 0 0 0 0 0 0 0 0 0 0 0 0 0 0 0 0 0 0 0 0 0 0 0 0 0 0 0 0 0 0 0 0 
0 0 0 0 0 0 0 0 0 0 0 0 0 0 0 0 0 0 0 0 0 0 0 0 0 0 0 0 0 0 0 0 0 0 0 0 0 0 0 0 0 0 0 0 0 0 0 0 0 0 0 0 0 0 0 0 0 0 0 0 0 0 0 0 0 0 0 0 0 0 0 0 0 0 0 0 0 0 0 0 0 0 0 0 0 0 0 0 0 4.394029951e-15 6.590187699e-11 0 5.266087193e-49 0 0 1.715768754e-51 1.117055889e-07 2.727785048e-55 0.04174609737 0 0 0 0 0 0 0 0 0 0 0 2.158198956e-58 0 0 0 0 0 1.12975234e-47 0 0 4.598714239e-31 0 0 0 0 4.801884826e-54 6.832741046e-16 0 3.929419489 0 0 6.166564529e-18 0 0 1107.761654 2.729644887e-47 7.303773162e-10 0 6.137774336e-33 1.744747784e-29 0 6.526703258e-35 1.920353188e-10 4.142728866e-18 0 1.046975643e-59 0 0 0 1.276161303e-35 0 8.279216837e-30 0 0 0 0 4.050022483e-43 0 0 0 0 0 7.538247935e-48 0 0 0 0 0 0 0 0 0 0 0 0 0 0 0 0 0 0 0 0 0 0 0 0 0 0 0 0 0 0 0 0 0 0 0 0 0 0 0 0 0 0 0 0 0 0 0 0 0 0 0 0 0 0 0 0 0 0 0 0 0 0 0 0 0 0 0 0 0 0 0 0 0 0 0 0 0 0 0 0 0 0 0 0 0 0 0 0 0 0 0 0 0 0 
0 0 0 0 0 0 0 0 0 0 0 0 0 0 0 0 0 0 0 0 0 0 0 0 0 0 0 0 0 0 0 0 0 0 0 0 0 0 0 0 0 0 0 0 0 0 0 0 0 0 0 0 0 0 0 0 0 0 0 0 0 0 0 0 0 0 0 0 0 0 0 0 0 0 0 0 0 0 0 0 0 0 0 0 0 0 0 0 0 0 0 0 0 0 0 0 0 4.315292271e-23 0 1.034062471e-18 0 0 0 1.458422289e-54 0 0 245.1912611 0 0 0 5.918523203e-40 0 0 0 0 70.49329394 0 245.8173481 0 9.902377855e-21 0 0 4.267396262e-55 2785.834625 2.208159008e-17 0 0 0.1374623205 0 299.3379145 1.658811711e-53 0 733.5049142 1.150313659e-63 0 6.413390709e-24 0 1.792241719e-18 1.793148926e-27 0 0 0 8.286294824e-25 7.557638679e-31 1.998250527e-19 0 0 0.0008448328988 0 6.95850182e-12 0 0 0 2.99808248e-38 95.89338526 0 0 0 0 0 0 0 0 0 0 0 0 0 0 0 0 0 0 0 0 0 0 0 0 0 0 0 0 0 0 0 0 0 0 0 0 0 0 0 0 0 0 0 0 0 0 0 0 0 0 0 0 0 0 0 0 0 0 0 0 0 0 0 0 0 0 0 0 0 0 0 0 0 0 0 0 0 0 0 0 0 0 0 0 0 0 0 0 0 0 0 0 0 0 0 0 0 0 0 0 0 
0 0 0 0 0 0 0 0 0 0 0 0 0 0 0 0 0 0 0 0 0 0 0 0 0 0 0 0 0 0 0 0 0 0 0 0 0 0 0 0 0 0 0 0 0 0 0 0 0 0 0 0 0 0 0 0 0 0 0 0 0 0 0 0 0 0 0 0 0 0 0 0 0 0 0 0 0 0 0 0 0 0 0 0 0 0 0 0 0 0 0 1.558454101e-46 0 0 68.66079355 0 0 1.487498823e-59 0 0 0 0 0 2.287758597e-53 0 0 0 0 8.73535706e-19 0 0 0 0 0 0 4.109688795e-45 0 1.242378256e-26 0.4687307101 1.124660922e-40 6.100618261e-44 1.219907574e-13 2.567811656e-31 0 1.332294853e-06 5.904706409e-05 0 0 0 5.303738813e-28 0 1.746625402e-29 3.243597817e-14 4.853556247e-54 1006.215355 0 2.550711004e-31 0 0 4.213412784e-06 6.939420342e-53 0 4.201020682e-27 0 5.26243706e-58 0 0 0 0 0 3.139645775 0 0 0 0.02360583978 0 0 1.66497369e-22 4.486951492e-13 134.323283 7.40676452e-42 1.959453e-14 0 0 0 0 0 0 0 0 0 0 0 0 0 0 0 0 0 0 0 0 0 0 0 0 0 0 0 0 0 0 0 0 0 0 0 0 0 0 0 0 0 0 0 0 0 0 0 0 0 0 0 0 0 0 0 0 0 0 0 0 0 0 0 0 0 0 0 0 0 0 0 0 0 0 0 0 0 0 0 0 0 0 0 0 0 0 0 0 0 0 0 0 0 0 
0 0 0 0 0 0 0 0 0 0 0 0 0 0 0 0 0 0 0 0 0 0 0 0 0 0 0 0 0 0 0 0 0 0 0 0 0 0 0 0 0 0 0 0 0 0 0 0 0 0 0 0 0 0 0 0 0 0 0 0 0 0 0 0 0 0 0 0 0 0 0 0 0 0 0 0 0 0 0 0 0 0 0 0 0 0 0 0 0 0 0 0 0 0 0 3.326596367e-23 0 0 0 0 1.218003988e-12 0 0 1.081124862e-33 0.140745929 44.84599719 2.109214474e-07 150.1456318 808.4771521 3.257968906e-20 0 161.7389228 0 1218.697982 0 4.81627332e-15 0.08645119433 1.148108203e-43 231.7430576 0 61.15297422 0 0 1.636832407e-14 1865.911328 1.689388535e-09 0 1927.098121 0 3.526238954e-05 3.928390097e-46 0 85.11309214 0 8.44648778e-40 0 0 4.382623864e-18 2.276920393e-51 8.128529759e-48 1.004272565e-25 1.931092151e-36 0.002198779158 0 0 9.548381294e-30 5.28535497e-16 0 0 0 1.368461728e-29 2.151039582e-42 2.853601898e-41 3.088349511e-42 6.240346216e-30 1.396039968e-16 4.887115329e-28 0 1.090946265e-56 227.2195317 0 0 0 0 0 0 0 0 0 0 0 0 0 0 0 0 0 0 0 0 0 0 0 0 0 0 0 0 0 0 0 0 0 0 0 0 0 0 0 0 0 0 0 0 0 0 0 0 0 0 0 0 0 0 0 0 0 0 0 0 0 0 0 0 0 0 0 0 0 0 0 0 0 0 0 0 0 0 0 0 0 0 0 0 0 0 0 0 0 0 0 0 0 0 0 0 
0 0 0 0 0 0 0 0 0 0 0 0 0 0 0 0 0 0 0 0 0 0 0 0 0 0 0 0 0 0 0 0 0 0 0 0 0 0 0 0 0 0 0 0 0 0 0 0 0 0 0 0 0 0 0 0 0 0 0 0 0 0 0 0 0 0 0 0 0 0 0 0 0 0 0 0 0 0 0 0 0 0 0 0 0 0 0 0 0 0 0 0 2.858045947e-43 2.182444329e-29 1.756498799 0 0 0 1.160942938e-16 5.273194804e-48 39.96296976 0 0 0.02352563268 4.785570223e-49 0 7.875134935e-40 5.33551085e-07 143.0497282 5.646011611e-40 0 0 1.522606437e-46 0 0 0.006742546067 0 0 1.006934152e-42 0 0 8.561614011e-32 0 0.8508374944 0 0 5.994211199e-50 10.5803606 0 0 2.739950327e-05 0 1405.362438 1.955095857e-06 0 0 0 2.433996672 0.0007217738105 4.258183083e-32 4.587094268e-09 0 0 5.534234843e-31 0 4.757320174e-08 0 1.601007373e-49 0.02997448301 3.718508408e-34 0 12.34747969 0 0 1.022973696e-44 0 0 0 0 0 0 0 0 0 0 0 0 0 0 0 0 0 0 0 0 0 0 0 0 0 0 0 0 0 0 0 0 0 0 0 0 0 0 0 0 0 0 0 0 0 0 0 0 0 0 0 0 0 0 0 0 0 0 0 0 0 0 0 0 0 0 0 0 0 0 0 0 0 0 0 0 0 0 0 0 0 0 0 0 0 0 0 0 0 0 0 0 0 0 0 0 0 0 0 0 0 
0 0 0 0 0 0 0 0 0 0 0 0 0 0 0 0 0 0 0 0 0 0 0 0 0 0 0 0 0 0 0 0 0 0 0 0 0 0 0 0 0 0 0 0 0 0 0 0 0 0 0 0 0 0 0 0 0 0 0 0 0 0 0 0 0 0 0 0 0 0 0 0 0 0 0 0 0 0 0 0 0 0 0 0 0 0 0 0 0 0 0 0 0 0 1.177289106e-40 0 0 58.78027876 0 1.24773361e-34 9.476754469e-33 0 0 0 0 0 0 0 0 0 0 0 0 0 1850.491637 0 0 0.02368130428 7.485922523e-10 6.829727979e-06 0 126.6841587 0 3.107890451e-45 6.012070255e-28 1.576658195e-43 0 1.080607428e-13 0 1385.496583 0 0 8.313258598e-25 0 4.983175786e-09 161.3105832 3.444208807 6.062493694e-19 0 491.2486721 0 0 0 0 3.28938197e-34 734.0562366 0 2.664380384 7.981579713e-10 5.170139383e-10 0 0 3.73709717e-14 1.448908762 0 6.032113346e-33 24.50823625 0.01449411165 0 402.4983533 0 0 4.858488667e-40 0 0 0 0 0 0 0 0 0 0 0 0 0 0 0 0 0 0 0 0 0 0 0 0 0 0 0 0 0 0 0 0 0 0 0 0 0 0 0 0 0 0 0 0 0 0 0 0 0 0 0 0 0 0 0 0 0 0 0 0 0 0 0 0 0 0 0 0 0 0 0 0 0 0 0 0 0 0 0 0 0 0 0 0 0 0 0 0 0 0 0 0 0 
0 0 0 0 0 0 0 0 0 0 0 0 0 0 0 0 0 0 0 0 0 0 0 0 0 0 0 0 0 0 0 0 0 0 0 0 0 0 0 0 0 0 0 0 0 0 0 0 0 0 0 0 0 0 0 0 0 0 0 0 0 0 0 0 0 0 0 0 0 0 0 0 0 0 0 0 0 0 0 0 0 0 0 0 0 0 0 0 0 0 4.417171054e-06 1.949166277e-44 0 0 6.587196165e-53 0 0 0 0 1.745382815 0 0 0 2.284645719e-41 0 0 0 0 0 0 0 8.068834017e-26 0 0 6.473752198e-07 0 0 0 0 1.895731055e-15 2.218925613e-21 0 6.984660746e-41 0 6.154059755e-21 0.3424792008 4.636251499 9.898283742e-28 0 0 0 1.036755043e-53 0 1.301237122e-19 0.003322782869 0 0 278.8119435 0 0 9.161183335e-43 798.4946333 4.149866493e-07 0 0 2.109255743e-28 2.03607644e-26 758.5214064 0 610.0956024 0 0.03499596828 0 0.001694416754 1.097217382e-09 0.007942924925 3.130136768e-41 0 9.944312219e-46 0.0008884388082 0 0 0 0 0 0 0 0 0 0 0 0 0 0 0 0 0 0 0 0 0 0 0 0 0 0 0 0 0 0 0 0 0 0 0 0 0 0 0 0 0 0 0 0 0 0 0 0 0 0 0 0 0 0 0 0 0 0 0 0 0 0 0 0 0 0 0 0 0 0 0 0 0 0 0 0 0 0 0 0 0 0 0 0 0 0 0 0 0 0 0 0 0 0 0 0 
0 0 0 0 0 0 0 0 0 0 0 0 0 0 0 0 0 0 0 0 0 0 0 0 0 0 0 0 0 0 0 0 0 0 0 0 0 0 0 0 0 0 0 0 0 0 0 0 0 0 0 0 0 0 0 0 0 0 0 0 0 0 0 0 0 0 0 0 0 0 0 0 0 0 0 0 0 0 0 0 0 0 0 0 0 0 0 0 1.517060736e-17 1.965683136e-25 0 0 0 1.045473228e-52 5.597936949e-21 6.067579831e-49 0 19.19385707 0 1.797419307e-29 0 0 9.003235573e-28 0 0 0 1.488443833 0 0 0 28.43899326 151.2835905 0 0 0 1060.597211 0 2.534899963 0 1.913511664e-48 2.973657196e-50 0 0 5.297539592e-40 0 0 7.973662833e-36 0 3.059309436e-19 0.0001144806459 2.938310307e-09 1.935272088 2320.57171 0 2088.759808 5.974090391e-29 0.02664999355 0 0 0 764.214033 941.1247909 1.349500378e-41 0 0 7.390836098e-40 2.186265754e-36 0 0 0 1.995818899 324.151497 0 0 0 8.270095573e-17 0 0 3.891028668e-09 130.0742203 0 3.035389283e-07 0 0 0 0 0 0 0 0 0 0 0 0 0 0 0 0 0 0 0 0 0 0 0 0 0 0 0 0 0 0 0 0 0 0 0 0 0 0 0 0 0 0 0 0 0 0 0 0 0 0 0 0 0 0 0 0 0 0 0 0 0 0 0 0 0 0 0 0 0 0 0 0 0 0 0 0 0 0 0 0 0 0 0 0 0 0 0 0 0 0 0 0 0 0 
0 0 0 0 0 0 0 0 0 0 0 0 0 0 0 0 0 0 0 0 0 0 0 0 0 0 0 0 0 0 0 0 0 0 0 0 0 0 0 0 0 0 0 0 0 0 0 0 0 0 0 0 0 0 0 0 0 0 0 0 0 0 0 0 0 0 0 0 0 0 0 0 0 0 0 0 0 0 0 0 0 0 0 0 0 0 0 12.6659824 0 2.227814582e-45 0 4.717843146e-42 0 4.941892848e-16 0 98.56374148 4.717483732e-46 2.390194506e-39 3.158394713e-10 2.165808501e-06 7.624441741e-10 3.888375415e-25 345.1444196 0 0 0 0 0 0 6.809351813e-36 0 0 1.834206617e-26 1.223034508e-32 2.413722091e-59 0 1.28132365e-32 986.9040022 0 4.780650913e-41 1.008708441e-35 0 2.143301891e-21 0 6.354572378e-12 1.289621395e-41 0 2555.734454 6.528722334e-31 167.3098576 7.15154507e-13 0 2534.866815 1591.169241 534.3206027 1.264000299e-35 915.0582823 7.523232813e-17 1.049705945e-31 7.191391008e-16 0 0 9.586308595e-09 1.77467622e-40 820.6389646 7.756650085 0 0 0 1032.186004 0 0 0 590.1113545 0 33.73539106 0 0 2.605632642e-45 0 4.232369121e-10 0 0 0 0 0 0 0 0 0 0 0 0 0 0 0 0 0 0 0 0 0 0 0 0 0 0 0 0 0 0 0 0 0 0 0 0 0 0 0 0 0 0 0 0 0 0 0 0 0 0 0 0 0 0 0 0 0 0 0 0 0 0 0 0 0 0 0 0 0 0 0 0 0 0 0 0 0 0 0 0 0 0 0 0 0 0 0 0 0 0 0 0 0 0 0 
0 0 0 0 0 0 0 0 0 0 0 0 0 0 0 0 0 0 0 0 0 0 0 0 0 0 0 0 0 0 0 0 0 0 0 0 0 0 0 0 0 0 0 0 0 0 0 0 0 0 0 0 0 0 0 0 0 0 0 0 0 0 0 0 0 0 0 0 0 0 0 0 0 0 0 0 0 0 0 0 0 0 0 0 0 0 0 0 0 0 3.146493059e-41 0 0 48.89404259 65.38895785 0 0 1.559807599e-31 98.59025932 0 1.210759744e-37 9.161658083e-33 0 0 4.326937168e-07 0 549.5060886 0 0 0 723.121459 2.53663811e-36 9.098946788e-43 1.937782385e-12 1682.177871 0.0229282678 0.0001058312314 2.331182294e-15 0 0 0 0 1671.655729 2217.761808 2.706848039e-40 0 0 0 1.233999933e-16 0 1831.022374 15.24847915 1.260380088e-14 1.068687564e-06 4.652008429e-39 0 2.8789709e-18 9.74310662e-09 541.0467969 0 1387.43768 1.049105986 1385.372105 0.004179470729 0 0 8.383160057e-26 0.001453937857 1.875629845e-05 0 0 0 0 8.179766337e-43 0.2331061926 1.727951572e-07 1.973886878 0 1.772682166e-07 0.01340840689 0 2.478618906e-35 0 0 0 0 0 0 0 0 0 0 0 0 0 0 0 0 0 0 0 0 0 0 0 0 0 0 0 0 0 0 0 0 0 0 0 0 0 0 0 0 0 0 0 0 0 0 0 0 0 0 0 0 0 0 0 0 0 0 0 0 0 0 0 0 0 0 0 0 0 0 0 0 0 0 0 0 0 0 0 0 0 0 0 0 0 0 0 0 0 0 0 0 0 0 
0 0 0 0 0 0 0 0 0 0 0 0 0 0 0 0 0 0 0 0 0 0 0 0 0 0 0 0 0 0 0 0 0 0 0 0 0 0 0 0 0 0 0 0 0 0 0 0 0 0 0 0 0 0 0 0 0 0 0 0 0 0 0 0 0 0 0 0 0 0 0 0 0 0 0 0 0 0 0 0 0 0 0 0 0 0 0 0 0 0 0 15.61318259 11.38925489 0 113.8186646 0 1.388418443e-06 0 0 0 0 487.6141166 0 0 0 0 0 2.856534139e-18 8.347621203e-06 0 0 4.925733653e-34 4.8879925e-46 1025.922904 0 2107.893574 2041.667138 8.705727802e-34 2.785304985e-39 2034.66556 3.956808311e-24 2009.432751 9.14378078e-20 50.95819147 2619.390755 6.168260404e-26 1740.057552 1.324307085e-15 0 1.424196716e-08 1.608878726e-30 5.102384893e-18 5.701302764e-22 1.016005137e-47 0 0 1448.002228 1.591841323e-12 1.28075116e-12 2724.029483 7.236814365e-39 824.6390087 2065.019588 1.491273259e-09 5.225554079 1.079669684e-48 0 1141.014945 0 0 0 0 3.521093743e-35 5.482449887 826.6235236 0 0 2.215247432e-59 0 0 1.946862212e-50 1.229121688e-41 0.1143984189 0 0 0 0 0 0 0 0 0 0 0 0 0 0 0 0 0 0 0 0 0 0 0 0 0 0 0 0 0 0 0 0 0 0 0 0 0 0 0 0 0 0 0 0 0 0 0 0 0 0 0 0 0 0 0 0 0 0 0 0 0 0 0 0 0 0 0 0 0 0 0 0 0 0 0 0 0 0 0 0 0 0 0 0 0 0 0 0 0 0 0 0 0 
0 0 0 0 0 0 0 0 0 0 0 0 0 0 0 0 0 0 0 0 0 0 0 0 0 0 0 0 0 0 0 0 0 0 0 0 0 0 0 0 0 0 0 0 0 0 0 0 0 0 0 0 0 0 0 0 0 0 0 0 0 0 0 0 0 0 0 0 0 0 0 0 0 0 0 0 0 0 0 0 0 0 0 0 0 0 0 0 0 0 0 108.7401047 0 1.612293644e-32 3.39893739e-29 1.691065388e-41 0 76.8043099 7.103576166e-14 0 0 0 0 0 0 0 0 5.929973787e-20 0 128.6983263 0 0 2.747156345e-13 2.765319377e-08 0 3.232565942e-10 2.372577667e-06 7.835575902e-15 7.310236751e-23 29.188592 3.552566875e-18 0.9828401186 2389.115692 0.5429150298 0 0 1.585718774e-07 1.544858129e-12 1.820158747e-28 2038.483684 2837.257213 0.0152690926 1.338858836e-26 9.302470169e-23 0 0 6.277131236e-28 2653.083243 2.085730157e-32 5.710213335e-20 0 1749.457352 1232.114621 1.355933086e-18 0 254.1280397 0 24.20810735 1.076787783e-26 0 0 0 0 0 667.3557827 0 803.908304 0 25.34995693 0 436.9009177 0 0 0 0 0 0 0 0 0 0 0 0 0 0 0 0 0 0 0 0 0 0 0 0 0 0 0 0 0 0 0 0 0 0 0 0 0 0 0 0 0 0 0 0 0 0 0 0 0 0 0 0 0 0 0 0 0 0 0 0 0 0 0 0 0 0 0 0 0 0 0 0 0 0 0 0 0 0 0 0 0 0 0 0 0 0 0 0 0 0 0 0 0 0 0 
0 0 0 0 0 0 0 0 0 0 0 0 0 0 0 0 0 0 0 0 0 0 0 0 0 0 0 0 0 0 0 0 0 0 0 0 0 0 0 0 0 0 0 0 0 0 0 0 0 0 0 0 0 0 0 0 0 0 0 0 0 0 0 0 0 0 0 0 0 0 0 0 0 0 0 0 0 0 0 0 0 0 0 0 0 0 0 0 0 0 0 69.37249447 0 5.761914119e-41 0 4.747270941e-44 0 1.275090507e-19 0 0 0 0 0 0 0 637.9885957 0 0 0 0 0 5.066020419e-26 0 0 0 2014.023219 3.848407414e-22 1.124281723 1804.309137 0 0 2134.336236 12.24191105 8.092549533e-41 156.7883376 1.744527549e-21 2951.71618 9.23768605e-26 1746.229654 0 8.700255108e-21 0 2.590794488e-21 5.84878932e-36 2.108083987 2455.952162 0.04155190109 5.705480553e-47 2.821623249e-15 0.05001167391 0 6.699467339e-29 7.044052988e-11 9.905329013e-29 3.287353807e-43 3.705374918e-23 0 5.248932428e-44 1.483785202e-38 4.731777999 2.856960085e-33 2.503661026e-42 0 7.532155442e-10 5.045977574e-52 825.2331917 0 1063.244138 0 313.7395795 0 0 0 0 0 0 0 0 0 0 0 0 0 0 0 0 0 0 0 0 0 0 0 0 0 0 0 0 0 0 0 0 0 0 0 0 0 0 0 0 0 0 0 0 0 0 0 0 0 0 0 0 0 0 0 0 0 0 0 0 0 0 0 0 0 0 0 0 0 0 0 0 0 0 0 0 0 0 0 0 0 0 0 0 0 0 0 0 0 0 0 0 0 0 0 0 
0 0 0 0 0 0 0 0 0 0 0 0 0 0 0 0 0 0 0 0 0 0 0 0 0 0 0 0 0 0 0 0 0 0 0 0 0 0 0 0 0 0 0 0 0 0 0 0 0 0 0 0 0 0 0 0 0 0 0 0 0 0 0 0 0 0 0 0 0 0 0 0 0 0 0 0 0 0 0 0 0 0 0 0 0 0 0 0 1.756422412 0 0 0 123.5130916 24.52237788 0.2779754905 3.856236266e-39 3.578391976e-32 1.189210769e-15 4.343443855e-45 9.986465842e-23 1.18579511e-38 0 1304.003379 0 0 1.386934312e-14 0 0 0 0 0 0 0 0 6.56647176e-36 7.407963547e-32 6.815180672e-26 0.2292337903 1.072570846e-13 53.84430269 2.883612018e-21 5.361955512e-50 70.64929552 0 0 3204.199023 4.174295401 3271.116633 11.15328407 5.720190304e-05 0.09877477701 1.910820331e-18 2657.895819 0 9.284233049e-18 2.679940677 4.122506782e-13 1948.915515 3.167915635 0 8.709134562e-34 2662.125905 1734.897367 0 218.8124034 1393.984941 1.047933102e-23 1484.490956 0 0.1475536185 0 838.6690359 0.0003694746697 1.143728925e-15 1.691220336e-07 2.804607947e-39 7.226286436e-32 0 6.000186472e-30 0 0 0 1.332912095e-13 163.2538047 0 0 0 0 0 0 0 0 0 0 0 0 0 0 0 0 0 0 0 0 0 0 0 0 0 0 0 0 0 0 0 0 0 0 0 0 0 0 0 0 0 0 0 0 0 0 0 0 0 0 0 0 0 0 0 0 0 0 0 0 0 0 0 0 0 0 0 0 0 0 0 0 0 0 0 0 0 0 0 0 0 0 0 0 0 0 0 0 0 0 0 0 
0 0 0 0 0 0 0 0 0 0 0 0 0 0 0 0 0 0 0 0 0 0 0 0 0 0 0 0 0 0 0 0 0 0 0 0 0 0 0 0 0 0 0 0 0 0 0 0 0 0 0 0 0 0 0 0 0 0 0 0 0 0 0 0 0 0 0 0 0 0 0 0 0 0 0 0 0 0 0 0 0 0 0 0 0 0 0 0 0 0 0 1.936977684e-34 9.991010867e-14 0.3241528537 8.820390433e-07 1.78001489e-07 0 1.73825409e-10 5.002502939e-27 0 6.750010712e-33 0 0 1.937211291e-06 647.3107231 0 0 69.41354992 0 0 2602.630059 5.838963301e-23 1.081939226e-14 4.955634873e-12 0 1508.106209 0 1.090901274e-43 2116.705024 0 4272.902892 4.410845841e-25 694.8666099 46.77114952 3955.002955 2398.06746 2.704903788 0 4.38805996e-38 2.586584641e-17 2275.488381 247.1695478 67.83652486 1.587690193e-33 0.0124924073 6.228806575e-16 0 0 5202.203447 0.128694834 1781.154176 1601.843529 3.545694091e-20 3902.289963 0 7.043372918e-26 1066.19079 1.011898492e-38 0 1373.267501 0 1.508010013e-25 0 3.833255028e-07 0 7.883839778e-07 5.403447372e-41 993.9271321 0.4179696092 528.367219 4.295508399e-33 0 0 0 0 0 0 0 0 0 0 0 0 0 0 0 0 0 0 0 0 0 0 0 0 0 0 0 0 0 0 0 0 0 0 0 0 0 0 0 0 0 0 0 0 0 0 0 0 0 0 0 0 0 0 0 0 0 0 0 0 0 0 0 0 0 0 0 0 0 0 0 0 0 0 0 0 0 0 0 0 0 0 0 0 0 0 0 0 0 0 0 0 0 0 0 
0 0 0 0 0 0 0 0 0 0 0 0 0 0 0 0 0 0 0 0 0 0 0 0 0 0 0 0 0 0 0 0 0 0 0 0 0 0 0 0 0 0 0 0 0 0 0 0 0 0 0 0 0 0 0 0 0 0 0 0 0 0 0 0 0 0 0 0 0 0 0 0 0 0 0 0 0 0 0 0 0 0 0 0 0 0 0 0 0 0 47.94142551 0 12.9515416 254.8474933 3.287651658e-27 2.130847988e-05 0.1086758664 327.3046005 0 258.9861772 656.3256759 0 9.274233047e-14 0 1.645878004e-05 0 0.007656170082 0 1152.972972 0 1.032393417e-35 1.652731694e-21 7.033490768e-39 1.473948387e-12 7.17023246e-34 2212.640696 1159.163607 101.5035788 1.381097144e-27 2439.785563 0 1783.778134 4.734807288e-18 2786.510743 0 2716.275918 0 2.938877878e-16 1295.942158 413.7344276 1612.528415 0.006682306636 0 450.1289032 1717.330586 6.045594704e-09 5.832309805e-17 2734.117562 3.592095535e-18 6.117907612e-27 0 0.1105491027 1088.403389 38.17982463 0 0.0498230442 2.697250552e-21 0.002054972157 1.37774335e-42 1269.228247 122.8893717 5.92127488e-05 1056.269485 747.8318252 1242.351114 1.165175367e-32 5.586104891e-05 6.042834732e-10 4.228162232 618.677629 0 0 523.0088982 1.41100249e-19 0 0 0 0 0 0 0 0 0 0 0 0 0 0 0 0 0 0 0 0 0 0 0 0 0 0 0 0 0 0 0 0 0 0 0 0 0 0 0 0 0 0 0 0 0 0 0 0 0 0 0 0 0 0 0 0 0 0 0 0 0 0 0 0 0 0 0 0 0 0 0 0 0 0 0 0 0 0 0 0 0 0 0 0 0 0 0 0 0 0 0 0 
0 0 0 0 0 0 0 0 0 0 0 0 0 0 0 0 0 0 0 0 0 0 0 0 0 0 0 0 0 0 0 0 0 0 0 0 0 0 0 0 0 0 0 0 0 0 0 0 0 0 0 0 0 0 0 0 0 0 0 0 0 0 0 0 0 0 0 0 0 0 0 0 0 0 0 0 0 0 0 0 0 0 0 0 0 0 0 0 0 3.608867333e-19 2.705165596e-41 1.197407637e-35 0 1.309135731e-20 3.323996072e-16 232.2882399 306.9689977 0 1.69261235e-12 6.320151761e-10 197.5178546 80.39476219 1.428406138e-06 923.8482087 584.9069412 0 0 4.405150194e-05 0 78.32274398 1.609076939e-42 2179.051456 1.111592112e-18 2108.500238 7.92072696e-31 5.409099955e-25 5.140639018e-08 10.66427713 279.8339819 2844.164654 487.3124621 2.182216245e-29 2866.233848 253.3036458 1.3901397e-19 0 2709.114726 1.192064295e-15 8950.058794 0.08553198343 9.752264832e-10 3725.048001 0 6.155444656e-09 3451.218807 9377.837137 1724.905192 0.3538814949 14.59434662 2.47388142e-11 3.586170161e-24 1499.557919 1372.653192 2704.545464 0 9.188072859e-05 225.7068744 0.0003966466608 1580.317528 1.059660354e-31 1103.407243 2373.127384 1.020885773e-09 0 6.096315106e-35 1.066534835e-25 1051.262808 0 908.906755 2.963236235e-05 0 43.17943554 0 0 0 0 0 0 0 0 0 0 0 0 0 0 0 0 0 0 0 0 0 0 0 0 0 0 0 0 0 0 0 0 0 0 0 0 0 0 0 0 0 0 0 0 0 0 0 0 0 0 0 0 0 0 0 0 0 0 0 0 0 0 0 0 0 0 0 0 0 0 0 0 0 0 0 0 0 0 0 0 0 0 0 0 0 0 0 0 0 0 0 0 0 0 
0 0 0 0 0 0 0 0 0 0 0 0 0 0 0 0 0 0 0 0 0 0 0 0 0 0 0 0 0 0 0 0 0 0 0 0 0 0 0 0 0 0 0 0 0 0 0 0 0 0 0 0 0 0 0 0 0 0 0 0 0 0 0 0 0 0 0 0 0 0 0 0 0 0 0 0 0 0 0 0 0 0 0 0 0 0 0 0 0 5.162406106e-26 1.55753895e-23 3.295022374e-32 62.27343647 45.57922867 12.88131775 189.9978934 274.4971915 434.9682281 170.4533375 2.346505202e-31 234.8322168 409.8293858 0 0 9.408219833e-51 0 0 0 0 0 0 1836.929542 0.9898619274 0 1.88421721e-37 625.4173655 0 0.08716201939 3364.362504 0.03771371414 6713.966412 0 5193.455705 893.887435 0 2.438833156e-40 8837.903559 0 1.042987983e-24 1.863118478e-15 1929.776271 3152.132567 2982.107668 893.0257531 3.681643567e-13 2.689869115 6279.977595 5.228060786 2697.33145 2568.197371 85.14959624 1964.771631 3217.315085 658.0472031 0.1251522842 717.9535927 4.687221317e-41 3.746407034e-17 8.426206454e-06 5.449797776e-42 0 1002.126242 7.901072117e-30 7.513917811e-29 1002.824265 1079.722208 2069.375376 1.296988526e-13 996.780216 0 2.740656702e-41 4.631760973e-34 0 1.433811051e-11 0 0 0 0 0 0 0 0 0 0 0 0 0 0 0 0 0 0 0 0 0 0 0 0 0 0 0 0 0 0 0 0 0 0 0 0 0 0 0 0 0 0 0 0 0 0 0 0 0 0 0 0 0 0 0 0 0 0 0 0 0 0 0 0 0 0 0 0 0 0 0 0 0 0 0 0 0 0 0 0 0 0 0 0 0 0 0 0 0 0 0 0 
0 0 0 0 0 0 0 0 0 0 0 0 0 0 0 0 0 0 0 0 0 0 0 0 0 0 0 0 0 0 0 0 0 0 0 0 0 0 0 0 0 0 0 0 0 0 0 0 0 0 0 0 0 0 0 0 0 0 0 0 0 0 0 0 0 0 0 0 0 0 0 0 0 0 0 0 0 0 0 0 0 0 0 0 0 0 0 0 0 0 0 152.7011464 107.4681417 178.0702462 2.451644276e-06 6.011565814e-42 1.994835449e-06 2.143969281e-05 3.855915945e-15 2.466194971e-18 312.1578088 437.2818161 950.689549 1.921134639e-25 0 205.2337983 1.604651629e-10 0 0 2766.115028 0 0.06048320558 3.619767191e-26 4.701990408e-30 2.537113282e-34 0 7.428707547e-20 5269.063303 6260.711101 1784.327977 45.13830591 4.737581225e-10 2987.149727 9766.805526 5131.122309 966.2047268 2359.272315 6.232221938e-13 1.679496131e-35 801.6981423 2496.631305 50.19768054 569.0619052 29.86154941 4.390737755e-17 2.345407084e-15 4.385688678e-12 0.006276253692 1596.301989 4.841715943e-14 3699.278626 5281.725816 0.7718240323 8.974881615e-40 1.396901429 0 803.9708726 4543.319543 0 5.223199774e-17 1667.787107 1557.749204 600.9908957 1313.193419 2.93305157e-06 3.871319787e-17 0 2.332951878e-24 0 0.002878856989 1.308412213e-41 0 0 1.731219046 0 0 0 0 0 0 0 0 0 0 0 0 0 0 0 0 0 0 0 0 0 0 0 0 0 0 0 0 0 0 0 0 0 0 0 0 0 0 0 0 0 0 0 0 0 0 0 0 0 0 0 0 0 0 0 0 0 0 0 0 0 0 0 0 0 0 0 0 0 0 0 0 0 0 0 0 0 0 0 0 0 0 0 0 0 0 0 0 0 0 0 0 
0 0 0 0 0 0 0 0 0 0 0 0 0 0 0 0 0 0 0 0 0 0 0 0 0 0 0 0 0 0 0 0 0 0 0 0 0 0 0 0 0 0 0 0 0 0 0 0 0 0 0 0 0 0 0 0 0 0 0 0 0 0 0 0 0 0 0 0 0 0 0 0 0 0 0 0 0 0 0 0 0 0 0 0 0 0 0 0 40.9156375 0 7.050281704e-39 3.269507837e-16 0 2.533330852e-14 232.444366 6.6551121e-32 199.892082 55.08647239 200.3529262 0.7172433789 0 150.6273843 945.6809854 0 3.222241277e-06 0 6.352465402e-14 1954.463344 7.391711416e-32 0 0 4.879648714e-42 3218.188763 1240.680157 0 0 3809.576178 0 5771.387113 4.04537148e-08 5471.313703 6.289300487e-11 4.860876845e-23 2.791364969e-22 3937.541499 2656.28074 1.384226686e-11 0 7.466944462e-22 2452.967964 4.657336029e-06 1869.094783 9.39280286e-05 0 2251.914523 1041.546911 2922.925631 3157.15022 0 2.08457128e-34 2753.145599 4717.97151 2.274987388e-08 2351.627843 4.961893056e-18 4040.030068 0 3.22716688e-09 1432.923647 0 1.354107202 0 979.0323686 792.6229831 2452.301389 0 0 15.13768823 0 622.6393993 0 1.242005853e-30 0 0 0 0 0 0 0 0 0 0 0 0 0 0 0 0 0 0 0 0 0 0 0 0 0 0 0 0 0 0 0 0 0 0 0 0 0 0 0 0 0 0 0 0 0 0 0 0 0 0 0 0 0 0 0 0 0 0 0 0 0 0 0 0 0 0 0 0 0 0 0 0 0 0 0 0 0 0 0 0 0 0 0 0 0 0 0 0 0 0 0 0 0 0 
0 0 0 0 0 0 0 0 0 0 0 0 0 0 0 0 0 0 0 0 0 0 0 0 0 0 0 0 0 0 0 0 0 0 0 0 0 0 0 0 0 0 0 0 0 0 0 0 0 0 0 0 0 0 0 0 0 0 0 0 0 0 0 0 0 0 0 0 0 0 0 0 0 0 0 0 0 0 0 0 0 0 0 0 0 0 0 0 5.246122759e-05 98.74386569 0 0 1.263277794e-41 83.47695899 9.120093796e-11 191.2407839 5.761233834e-32 5.10630546e-42 0 1071.164504 2.919546404e-05 551.8180927 6.825408935e-16 0 0.2348874821 1.265068663e-22 0 0 0 0 0 0 3.283161487e-15 8.934764434e-08 0 1.067675394e-10 3434.81879 2321.183473 3.004613986e-19 3571.778089 6882.155492 2.270853598e-21 2.830792689e-17 4.383248395 627.0424631 0 0 13050.53988 1057.000566 3659.243906 1960.369261 2367.64542 264.4526496 4.919524985e-27 8.706731857e-20 2225.056887 5833.278057 171.4349573 6251.848953 3262.419281 9.284328112e-22 1682.771682 2189.280746 1058.222807 4.939178631e-15 6.157170299 0 659.8197042 1217.449456 717.4432821 1419.797014 7.34854146e-38 0.00148813275 0 2710.700909 0.02450389648 17.53375884 2196.729588 0 1700.959693 884.9925086 0.02418892443 0 0 0 0 0 0 0 0 0 0 0 0 0 0 0 0 0 0 0 0 0 0 0 0 0 0 0 0 0 0 0 0 0 0 0 0 0 0 0 0 0 0 0 0 0 0 0 0 0 0 0 0 0 0 0 0 0 0 0 0 0 0 0 0 0 0 0 0 0 0 0 0 0 0 0 0 0 0 0 0 0 0 0 0 0 0 0 0 0 0 0 0 0 0 
0 0 0 0 0 0 0 0 0 0 0 0 0 0 0 0 0 0 0 0 0 0 0 0 0 0 0 0 0 0 0 0 0 0 0 0 0 0 0 0 0 0 0 0 0 0 0 0 0 0 0 0 0 0 0 0 0 0 0 0 0 0 0 0 0 0 0 0 0 0 0 0 0 0 0 0 0 0 0 0 0 0 0 0 0 0 0 0 0 20.39344391 3.833506804e-06 2.590000583e-11 62.22319591 358.1290284 0 176.118275 5.373183415 259.2674391 2.729936896 99.97904544 0.0005899636227 1.173314234e-32 1332.322111 0 674.9794973 0 0 0 0 0 1395.695674 0 7.976905563e-21 2310.202442 0 593.9450639 2363.500089 0 2.050461466e-11 6731.266487 6953.510734 4402.050322 1.587499117e-19 755.7273196 4.729880562e-29 4440.53475 5745.53165 3213.193175 1953.029423 2.25807332e-06 6.185655802e-12 3900.944227 2598.465227 2198.459962 9106.055259 3.066268966e-29 2354.138059 5.003940834e-05 2245.836102 3905.643331 3420.064483 934.4932577 3.094575522e-26 3306.507196 1727.18655 843.6292846 2581.326477 107.5127815 0 2068.781898 253.5121625 1328.246278 0 8.2149003e-36 139.0365261 0 0 2219.595396 7.14237048e-16 0 0 1.274322593e-31 8.290395525e-21 328.4991353 0 0 0 0 0 0 0 0 0 0 0 0 0 0 0 0 0 0 0 0 0 0 0 0 0 0 0 0 0 0 0 0 0 0 0 0 0 0 0 0 0 0 0 0 0 0 0 0 0 0 0 0 0 0 0 0 0 0 0 0 0 0 0 0 0 0 0 0 0 0 0 0 0 0 0 0 0 0 0 0 0 0 0 0 0 0 0 0 0 0 0 0 
0 0 0 0 0 0 0 0 0 0 0 0 0 0 0 0 0 0 0 0 0 0 0 0 0 0 0 0 0 0 0 0 0 0 0 0 0 0 0 0 0 0 0 0 0 0 0 0 0 0 0 0 0 0 0 0 0 0 0 0 0 0 0 0 0 0 0 0 0 0 0 0 0 0 0 0 0 0 0 0 0 0 0 0 0 0 0 0 60.95045495 0 0.01585327318 1.033016805e-36 0 52.5263633 3.21588756e-22 221.5212912 0 2.718758483 8.58883179 0 539.1831814 483.8113087 115.9477467 811.8908151 1.8462441e-10 1.355870148e-17 110.2932786 3260.787733 742.7144695 0 0 1.424960238e-07 0 8.99662228e-20 9.400893134e-10 2288.733336 7.779060201e-18 7.719140519e-21 4497.51887 2.582439158e-16 3.578580139e-37 5421.173783 2814.104239 9.648991838e-10 7398.021683 0.1969960221 3.457219564e-18 0.1122191693 7329.678976 1.714698433e-10 0 0.001176778298 9544.969101 4964.831197 6326.929985 2974.445006 859.6517171 6.5209394e-34 2588.374171 1771.733905 1721.831678 4.033823985e-06 3311.642111 0 3.863744365e-15 1968.554674 0.002237022123 0 1309.782001 1887.915174 1428.630549 1151.588636 1678.480385 1.457976485e-41 2428.393551 90.86976076 875.3623157 1030.108965 831.3140165 0.003288994475 740.7092149 1207.341193 0 0 0 0 0 0 0 0 0 0 0 0 0 0 0 0 0 0 0 0 0 0 0 0 0 0 0 0 0 0 0 0 0 0 0 0 0 0 0 0 0 0 0 0 0 0 0 0 0 0 0 0 0 0 0 0 0 0 0 0 0 0 0 0 0 0 0 0 0 0 0 0 0 0 0 0 0 0 0 0 0 0 0 0 0 0 0 0 0 0 0 0 0 0 
0 0 0 0 0 0 0 0 0 0 0 0 0 0 0 0 0 0 0 0 0 0 0 0 0 0 0 0 0 0 0 0 0 0 0 0 0 0 0 0 0 0 0 0 0 0 0 0 0 0 0 0 0 0 0 0 0 0 0 0 0 0 0 0 0 0 0 0 0 0 0 0 0 0 0 0 0 0 0 0 0 0 0 0 0 0 0 0 0.001866666873 0 0 0.05916007262 0 348.6716716 8.472042285e-20 210.2446916 2.087812839e-48 586.0947471 606.771357 2.947422354e-06 706.2256213 0 0 5.547316613e-26 672.0244175 0 0 2868.326652 1436.258925 0 0 0 4.623949891 3.006080695e-29 0 6.627903747e-34 3247.386479 2183.800908 3563.685238 3712.661094 3673.037457 3130.028779 4514.70299 1.212354497e-05 88.27040824 2.683278046e-16 4074.333508 2.78146494e-19 101.8155092 7.351556282e-05 8076.588351 5228.825357 292.0601208 6.784321185e-06 0 2874.076635 2.368124279e-17 3060.013018 1.016123374e-20 9.618312972e-23 2087.363761 1.796313906e-29 5169.512587 12.01833229 1.14470369e-27 536.8538683 0.01374277261 0 2.534846816e-35 5.90300673e-20 0 1151.992677 1.486385889e-32 0 5.879495255e-17 508.6764465 1519.029458 0 0 0 0 758.6317638 1.272481247e-11 0 0 0 0 0 0 0 0 0 0 0 0 0 0 0 0 0 0 0 0 0 0 0 0 0 0 0 0 0 0 0 0 0 0 0 0 0 0 0 0 0 0 0 0 0 0 0 0 0 0 0 0 0 0 0 0 0 0 0 0 0 0 0 0 0 0 0 0 0 0 0 0 0 0 0 0 0 0 0 0 0 0 0 0 0 0 0 0 0 0 0 0 0 
0 0 0 0 0 0 0 0 0 0 0 0 0 0 0 0 0 0 0 0 0 0 0 0 0 0 0 0 0 0 0 0 0 0 0 0 0 0 0 0 0 0 0 0 0 0 0 0 0 0 0 0 0 0 0 0 0 0 0 0 0 0 0 0 0 0 0 0 0 0 0 0 0 0 0 0 0 0 0 0 0 0 0 0 0 0 0 0 0 0 0 1.309050926e-06 530.2089135 90.52345301 8.848453381e-16 443.6147138 0.009937525143 812.41575 2.436591301e-06 585.0099723 0 714.739628 5.280594772e-32 5.818242895 0 0 808.6528609 940.5719042 0 0 0 1446.311636 0.02199694147 0 0 6.819733622e-12 0 0 1374.183926 0 3276.487117 7455.628049 2893.576352 176.7575012 5.785697109e-25 11045.31845 3265.993552 1603.408981 10778.89446 2401.009845 3859.092546 4592.266228 3566.554451 0.006135896626 3.413376454e-15 3328.815164 1868.938053 1.419002583e-19 0 2743.407645 0 3061.534013 5360.479906 1.660619932e-25 5149.108011 0 1212.534682 1294.597499 3278.910026 3.865871411e-22 0 0 6.213990059e-05 4.908975091e-22 2.629650124e-13 1544.658681 1238.341864 1098.442417 1.989078663e-20 0 0 199.1773574 1.139717695e-21 0 0 0 0 0 0 0 0 0 0 0 0 0 0 0 0 0 0 0 0 0 0 0 0 0 0 0 0 0 0 0 0 0 0 0 0 0 0 0 0 0 0 0 0 0 0 0 0 0 0 0 0 0 0 0 0 0 0 0 0 0 0 0 0 0 0 0 0 0 0 0 0 0 0 0 0 0 0 0 0 0 0 0 0 0 0 0 0 0 0 0 0 0 
0 0 0 0 0 0 0 0 0 0 0 0 0 0 0 0 0 0 0 0 0 0 0 0 0 0 0 0 0 0 0 0 0 0 0 0 0 0 0 0 0 0 0 0 0 0 0 0 0 0 0 0 0 0 0 0 0 0 0 0 0 0 0 0 0 0 0 0 0 0 0 0 0 0 0 0 0 0 0 0 0 0 0 0 0 0 0 0 0 0 2.759999672e-31 63.4812143 0.009269980304 0 310.1399148 0.008968774363 0 586.0148546 4.963434914e-18 0 2013.071801 457.9934341 3265.571884 98.09171421 0 0 0 7.137531855e-25 0 292.8851493 0 0 0.02665209079 4077.313972 0 158.8595021 3782.757408 3419.006249 11361.46143 4272.012643 1955.890074 5839.620462 3889.874212 1642.311163 7.064259739e-06 3.08676048e-24 3309.897365 10827.12496 4003.357488 7882.992297 16391.81048 0.001963082368 9979.351786 3850.652949 7981.445072 6585.982421 2348.038149 5025.050993 0.08170119357 2568.932493 396.9325744 6924.662302 3241.585127 0 4185.43743 2717.968049 1388.589789 0.005148405824 0 1037.525251 1492.730619 1172.990257 2607.055336 1630.087924 1.119164736e-32 2443.907673 1171.836584 0 1095.54114 1.138332287e-05 0 318.0847181 0 280.8368544 0 0 0 0 0 0 0 0 0 0 0 0 0 0 0 0 0 0 0 0 0 0 0 0 0 0 0 0 0 0 0 0 0 0 0 0 0 0 0 0 0 0 0 0 0 0 0 0 0 0 0 0 0 0 0 0 0 0 0 0 0 0 0 0 0 0 0 0 0 0 0 0 0 0 0 0 0 0 0 0 0 0 0 0 0 0 0 0 0 0 0 0 
0 0 0 0 0 0 0 0 0 0 0 0 0 0 0 0 0 0 0 0 0 0 0 0 0 0 0 0 0 0 0 0 0 0 0 0 0 0 0 0 0 0 0 0 0 0 0 0 0 0 0 0 0 0 0 0 0 0 0 0 0 0 0 0 0 0 0 0 0 0 0 0 0 0 0 0 0 0 0 0 0 0 0 0 0 0 0 0 0.001330339618 0 304.2400064 0 0 669.622262 351.6521924 249.3069302 481.326519 1.145796697e-11 693.3045793 1092.702501 723.2610395 1646.194635 5.935460409e-13 0 1301.862361 0 3.445826415e-22 0 0 3790.991212 0 3843.961713 2.912971017e-26 0 3462.287187 0 3882.142827 4881.174174 0.0006313061254 6159.013035 8239.856988 6252.65775 1.061894067e-10 1326.013421 1.976729681e-11 0.03447808607 29.58189619 3342.129044 2.463722692e-10 0 4155.426666 6.862666752 3852.01695 4.667584985e-19 12130.78192 3.013875993e-05 1367.796394 7447.639695 1.053807632e-23 2024.294023 8561.668023 4973.662484 2089.59155 1616.148108 1870.682056 3891.706909 1.110331751e-24 2.528345688e-09 2525.341013 5543.530008 4.480843077 1.317220733e-07 3404.116691 864.9110297 2900.696062 0 3135.611332 0 0.002459600574 1.978824375e-31 2.212652598e-15 0.08256197028 0 0 0 0 0 0 0 0 0 0 0 0 0 0 0 0 0 0 0 0 0 0 0 0 0 0 0 0 0 0 0 0 0 0 0 0 0 0 0 0 0 0 0 0 0 0 0 0 0 0 0 0 0 0 0 0 0 0 0 0 0 0 0 0 0 0 0 0 0 0 0 0 0 0 0 0 0 0 0 0 0 0 0 0 0 0 0 0 0 0 0 0 0 0 
0 0 0 0 0 0 0 0 0 0 0 0 0 0 0 0 0 0 0 0 0 0 0 0 0 0 0 0 0 0 0 0 0 0 0 0 0 0 0 0 0 0 0 0 0 0 0 0 0 0 0 0 0 0 0 0 0 0 0 0 0 0 0 0 0 0 0 0 0 0 0 0 0 0 0 0 0 0 0 0 0 0 0 0 0 0 0 54.11315651 2.922671115 0 0.02284811352 48.14352297 319.712024 182.8890636 204.5565268 0.006072543253 618.9568918 0 1.492103928e-13 1304.115126 918.6590669 1118.011143 1198.869407 1598.733326 2813.246629 3151.709181 2.678204928e-16 965.5054109 3408.972431 1.30982756 0.01350042291 0 0 0 1.243832732e-18 3900.896798 11735.9541 2966.427123 7507.224448 0 10201.5104 10383.1502 0.0001259704808 1972.924938 5537.931455 20558.59705 10582.16953 9565.212719 3199.45265 171.3055738 2576.145271 3149.01503 6567.826252 3123.073863 4602.427062 1146.419581 6110.137491 7553.058396 5.228705718e-05 499.2517479 4970.295227 388.52091 4922.970908 3833.912299 0 0 1475.47373 335.5642586 2614.896906 94.58574457 4747.492067 5114.592471 2035.901607 1902.695516 5629.086463 1331.847781 1891.450166 2031.76689 1766.653555 0 2.667992482e-16 530.0967588 1829.756905 0 0 0 0 0 0 0 0 0 0 0 0 0 0 0 0 0 0 0 0 0 0 0 0 0 0 0 0 0 0 0 0 0 0 0 0 0 0 0 0 0 0 0 0 0 0 0 0 0 0 0 0 0 0 0 0 0 0 0 0 0 0 0 0 0 0 0 0 0 0 0 0 0 0 0 0 0 0 0 0 0 0 0 0 0 0 0 0 0 0 0 0 0 
0 0 0 0 0 0 0 0 0 0 0 0 0 0 0 0 0 0 0 0 0 0 0 0 0 0 0 0 0 0 0 0 0 0 0 0 0 0 0 0 0 0 0 0 0 0 0 0 0 0 0 0 0 0 0 0 0 0 0 0 0 0 0 0 0 0 0 0 0 0 0 0 0 0 0 0 0 0 0 0 0 0 0 0 0 0 0 0 0 61.48949414 47.31259513 0 285.04293 469.1990092 1.934271889e-25 0 485.1087061 1031.216102 4.693400792e-19 0 911.0690084 1144.854992 1.985064985e-17 7.66870764e-08 897.9985927 0 0 2.236942104e-29 3857.333452 0 0 0 5361.480418 5053.436784 3.746956284e-11 0.0003002312481 4.002390774e-17 1785.27657 8062.034832 9326.611983 3438.01948 2610.092681 1955.125669 6875.852398 2661.168895 3.586758859e-29 2.771327143e-07 2822.290557 3996.021773 5346.92523 7980.284483 11136.04133 12990.47773 10437.34292 0.7979839935 11738.63482 6494.93284 8344.641344 5699.522504 0 3.192795015e-17 3557.845158 1.198989514e-11 4724.755667 5629.258219 1.750535897e-10 1869.078186 1193.365591 0.09683717789 0 2090.642131 3236.014935 3980.166137 1760.740088 944.4980004 1361.430434 2124.471673 1130.083953 1429.915348 1329.853019 422.5976858 2.214361717e-06 689.6805247 0 0 0 0 0 0 0 0 0 0 0 0 0 0 0 0 0 0 0 0 0 0 0 0 0 0 0 0 0 0 0 0 0 0 0 0 0 0 0 0 0 0 0 0 0 0 0 0 0 0 0 0 0 0 0 0 0 0 0 0 0 0 0 0 0 0 0 0 0 0 0 0 0 0 0 0 0 0 0 0 0 0 0 0 0 0 0 0 0 0 0 0 0 
0 0 0 0 0 0 0 0 0 0 0 0 0 0 0 0 0 0 0 0 0 0 0 0 0 0 0 0 0 0 0 0 0 0 0 0 0 0 0 0 0 0 0 0 0 0 0 0 0 0 0 0 0 0 0 0 0 0 0 0 0 0 0 0 0 0 0 0 0 0 0 0 0 0 0 0 0 0 0 0 0 0 0 0 0 0 0 0 0 0 103.8495864 169.6486027 0 2.82088622e-11 0 364.0653829 2.496769856e-06 8.27641969e-07 412.2132931 1975.088941 4.256870348e-20 644.2909533 639.6770662 415.1381439 3.206075622e-18 4377.455446 4429.046777 3540.409359 2745.691183 0.002745555221 3174.530513 1.454918673 5057.040073 1814.091626 3339.518179 1.165102286e-13 3479.699341 7.636057793e-07 2752.972384 2111.371324 8.239283125 9727.62446 4201.572204 0 4459.489732 7690.13024 13087.65385 3754.356379 0 14459.02495 1058.249239 1.364577424e-08 8278.753803 11190.18582 3886.337353 9323.319252 6386.954737 6085.61108 4334.56419 8465.613009 6116.774701 5485.669613 2729.239998 6244.770115 1.165741016e-15 5382.900858 3309.396096 8478.129217 3022.432832 831.3843342 1870.038887 2648.281878 1925.20694 3590.959091 2206.820773 845.8985141 674.7515472 0.004522777952 1583.590084 3558.786153 7.116121282e-09 0 1746.324185 0 0 0 0 0 0 0 0 0 0 0 0 0 0 0 0 0 0 0 0 0 0 0 0 0 0 0 0 0 0 0 0 0 0 0 0 0 0 0 0 0 0 0 0 0 0 0 0 0 0 0 0 0 0 0 0 0 0 0 0 0 0 0 0 0 0 0 0 0 0 0 0 0 0 0 0 0 0 0 0 0 0 0 0 0 0 0 0 0 0 0 0 0 
0 0 0 0 0 0 0 0 0 0 0 0 0 0 0 0 0 0 0 0 0 0 0 0 0 0 0 0 0 0 0 0 0 0 0 0 0 0 0 0 0 0 0 0 0 0 0 0 0 0 0 0 0 0 0 0 0 0 0 0 0 0 0 0 0 0 0 0 0 0 0 0 0 0 0 0 0 0 0 0 0 0 0 0 0 0 0 0 0 15.57471386 164.5050684 111.0812964 549.2750467 1.469848137e-19 741.855084 0 489.706106 890.6922791 1586.898463 1674.160268 464.6486763 495.9692846 1165.270426 0 0 0 1815.642422 0 0.0007160879047 3075.266949 0 7035.900768 6353.51374 1.996572519e-08 1.229872247e-28 2784.286699 4070.673403 6609.647148 13895.28849 6623.356997 11166.39635 20512.89639 8840.478555 0.009167416329 2221.538951 10005.39686 9643.110375 5728.658541 246.5004183 8569.489268 7602.125397 16738.9871 9003.845398 3.633012767e-12 9370.212904 2925.572613 10890.21413 14461.52463 8387.669332 9736.445229 3791.626166 2597.535636 7090.979648 6610.876103 1834.131061 4864.202128 1584.359229 1818.031386 3745.903364 1.10703787e-08 3798.392055 1.248220492e-27 20.80810409 5104.198808 5447.676704 10.32941204 2173.006312 2761.062266 1180.051243 0 692.8663359 0 3.5442501 0 0 0 0 0 0 0 0 0 0 0 0 0 0 0 0 0 0 0 0 0 0 0 0 0 0 0 0 0 0 0 0 0 0 0 0 0 0 0 0 0 0 0 0 0 0 0 0 0 0 0 0 0 0 0 0 0 0 0 0 0 0 0 0 0 0 0 0 0 0 0 0 0 0 0 0 0 0 0 0 0 0 0 0 0 0 0 0 0 0 0 0 0 
0 0 0 0 0 0 0 0 0 0 0 0 0 0 0 0 0 0 0 0 0 0 0 0 0 0 0 0 0 0 0 0 0 0 0 0 0 0 0 0 0 0 0 0 0 0 0 0 0 0 0 0 0 0 0 0 0 0 0 0 0 0 0 0 0 0 0 0 0 0 0 0 0 0 0 0 0 0 0 0 0 0 0 0 0 0 0 0 0 0 372.9108231 0.201165481 2.185981224e-05 726.7380384 39.85464531 13.75040524 1140.080477 604.9587405 1207.831678 2130.471862 576.2626181 1556.526048 2715.676681 461.0930323 0 0.001910340446 964.3266783 0 0 3185.912779 0 4315.204592 4103.835279 2236.954752 0 0 5963.578026 13009.74567 13949.99799 6833.989845 4133.518093 1792.154302 8721.26935 6548.491604 6313.548115 10668.94672 6579.976531 5123.841161 4250.866829 1714.057871 11457.28213 2276.157046 3297.426646 4696.251721 13817.7216 9714.41245 11741.66849 2734.878091 11734.50775 7033.420043 3658.439532 4813.77001 9729.648162 5059.515118 4532.554552 3411.81447 4468.180981 526.3190385 2.977841157e-08 2814.942419 0 2.78083514e-11 3721.265003 1.199779974 3117.327711 3608.061441 1602.207308 1365.851851 891.0671673 1343.231791 0.0003841585663 0.007001229333 0 1050.805573 0 0 0 0 0 0 0 0 0 0 0 0 0 0 0 0 0 0 0 0 0 0 0 0 0 0 0 0 0 0 0 0 0 0 0 0 0 0 0 0 0 0 0 0 0 0 0 0 0 0 0 0 0 0 0 0 0 0 0 0 0 0 0 0 0 0 0 0 0 0 0 0 0 0 0 0 0 0 0 0 0 0 0 0 0 0 0 0 0 0 0 0 
0 0 0 0 0 0 0 0 0 0 0 0 0 0 0 0 0 0 0 0 0 0 0 0 0 0 0 0 0 0 0 0 0 0 0 0 0 0 0 0 0 0 0 0 0 0 0 0 0 0 0 0 0 0 0 0 0 0 0 0 0 0 0 0 0 0 0 0 0 0 0 0 0 0 0 0 0 0 0 0 0 0 0 0 0 0 0 0 31.2968814 129.4765452 419.9717212 234.2065675 324.7721963 582.1817758 794.3545851 414.0706477 65.23806233 755.40594 791.2659562 1781.260803 2231.787691 2356.227846 0 0 0 1467.431706 663.1953013 4.894625479e-14 536.7066279 20.98495925 1852.357969 4243.434323 0 0 7568.940666 4427.659929 1653.165127 4066.995581 7988.695275 8712.481364 6271.670227 15051.92469 6518.908353 3309.121245 1.035356129e-19 14859.71993 3459.693381 6754.345696 9635.592799 17050.79153 4387.057301 11841.35708 4743.374923 7114.65093 0 2508.669151 3288.875991 21629.94839 0 17323.47421 3344.286399 18859.28681 3265.128379 0 2.665759113e-06 2.917891155e-11 5696.686993 1532.672789 1724.098361 4.378407598e-11 4240.583356 4082.974127 7313.867054 3659.707033 1995.027044 0 4.370365419e-13 1770.042116 0 300.8251742 0.4467092513 0 839.3899955 0 0 0 0 0 0 0 0 0 0 0 0 0 0 0 0 0 0 0 0 0 0 0 0 0 0 0 0 0 0 0 0 0 0 0 0 0 0 0 0 0 0 0 0 0 0 0 0 0 0 0 0 0 0 0 0 0 0 0 0 0 0 0 0 0 0 0 0 0 0 0 0 0 0 0 0 0 0 0 0 0 0 0 0 0 0 0 0 0 0 0 0 0 
0 0 0 0 0 0 0 0 0 0 0 0 0 0 0 0 0 0 0 0 0 0 0 0 0 0 0 0 0 0 0 0 0 0 0 0 0 0 0 0 0 0 0 0 0 0 0 0 0 0 0 0 0 0 0 0 0 0 0 0 0 0 0 0 0 0 0 0 0 0 0 0 0 0 0 0 0 0 0 0 0 0 0 0 0 0 0 0 0 0 0 0 3.406147591 353.8443838 9.007826454e-05 252.2805837 7.040319807e-08 2211.497337 800.9610709 1342.432464 2150.933177 688.7216485 2373.074138 1810.562479 0 0 0 0 0 0 3613.128779 5.034197735e-19 3040.630537 12414.24472 3105.018915 0 2088.284167 2829.942679 5784.687755 18712.84476 12006.93632 17381.95406 5980.093798 2783.74668 4790.236286 7822.360998 28957.36835 16303.02073 11385.60869 27075.11071 7816.38611 1.867158432 4542.110809 3248.353374 22509.7125 4208.072002 949.8761521 12743.85431 10060.7376 11040.69234 5713.606797 6569.644322 5584.674133 8004.352697 2335.601518 11289.5151 5183.455564 2054.052191 1498.568536 6737.9927 3025.793588 12787.99332 5772.120475 1759.002037 1365.80385 3744.086143 0 2423.779845 0 880.9902719 2234.787927 0 0 0 0 0 0 0 0 0 0 0 0 0 0 0 0 0 0 0 0 0 0 0 0 0 0 0 0 0 0 0 0 0 0 0 0 0 0 0 0 0 0 0 0 0 0 0 0 0 0 0 0 0 0 0 0 0 0 0 0 0 0 0 0 0 0 0 0 0 0 0 0 0 0 0 0 0 0 0 0 0 0 0 0 0 0 0 0 0 0 0 0 0 0 0 
0 0 0 0 0 0 0 0 0 0 0 0 0 0 0 0 0 0 0 0 0 0 0 0 0 0 0 0 0 0 0 0 0 0 0 0 0 0 0 0 0 0 0 0 0 0 0 0 0 0 0 0 0 0 0 0 0 0 0 0 0 0 0 0 0 0 0 0 0 0 0 0 0 0 0 0 0 0 0 0 0 0 0 0 0 0 0 0 0 0 175.9308024 439.9475153 274.5590147 548.0883501 324.7478677 1290.312726 431.8872377 563.0484488 525.7950242 3013.450357 1132.467219 0 546.2667927 1244.036952 0 3522.201544 0 0 0 2688.718747 0 8835.033346 9818.936306 2608.81758 9.927782005e-09 3399.532888 5354.528878 4122.210872 11580.86489 14681.24822 18459.32483 73.1674792 10543.30856 11355.8431 13079.37202 22155.51741 12195.83057 7195.072289 5868.556092 6476.500592 13395.41347 18684.94645 5475.89925 13855.33109 0.4697859141 21050.04003 4.116249795e-05 7981.716183 11955.47583 3542.23783 6526.679535 4748.074143 2298.022168 5756.233448 6.138921965 0.005996277849 2879.438602 2686.637737 4691.888208 2293.218902 2946.500276 12019.70211 2981.274075 2551.231174 1732.227356 1705.147541 1632.348017 3234.264706 767.8750445 987.7661621 0 0 8.975125883e-26 0 0 0 0 0 0 0 0 0 0 0 0 0 0 0 0 0 0 0 0 0 0 0 0 0 0 0 0 0 0 0 0 0 0 0 0 0 0 0 0 0 0 0 0 0 0 0 0 0 0 0 0 0 0 0 0 0 0 0 0 0 0 0 0 0 0 0 0 0 0 0 0 0 0 0 0 0 0 0 0 0 0 0 0 0 0 0 0 0 0 0 0 0 
0 0 0 0 0 0 0 0 0 0 0 0 0 0 0 0 0 0 0 0 0 0 0 0 0 0 0 0 0 0 0 0 0 0 0 0 0 0 0 0 0 0 0 0 0 0 0 0 0 0 0 0 0 0 0 0 0 0 0 0 0 0 0 0 0 0 0 0 0 0 0 0 0 0 0 0 0 0 0 0 0 0 0 0 0 0 0 0 0 133.0254406 97.60560408 0 0 870.1438663 1.877256619e-10 1374.734467 1444.671328 1368.216909 3251.699681 197.170727 1728.13785 1588.709919 1851.024825 0 4570.769548 3249.478319 3891.313063 0 0 0.4552503703 3820.19414 0 0 3930.121575 8830.817252 16695.10664 648.8978171 8262.307693 14790.44427 19666.96175 12676.6424 20740.4469 21133.95936 29900.5536 21127.72318 4500.789869 27002.3105 3948.729049 26007.44913 23835.12626 10142.19501 3946.848481 17506.56557 7956.46131 12866.29998 19750.63411 13748.4962 31455.94991 11027.51014 9498.910106 4526.728372 3616.60241 13674.50715 0 0 5043.341161 8164.216108 5862.866664 4845.306975 3726.740911 5900.944999 1921.673846 2269.1318 4812.53849 4222.772024 1324.143832 3700.060506 2136.315639 1129.882848 341.6998914 0 0 0 0 0 0 0 0 0 0 0 0 0 0 0 0 0 0 0 0 0 0 0 0 0 0 0 0 0 0 0 0 0 0 0 0 0 0 0 0 0 0 0 0 0 0 0 0 0 0 0 0 0 0 0 0 0 0 0 0 0 0 0 0 0 0 0 0 0 0 0 0 0 0 0 0 0 0 0 0 0 0 0 0 0 0 0 0 0 0 0 0 0 0 0 0 
0 0 0 0 0 0 0 0 0 0 0 0 0 0 0 0 0 0 0 0 0 0 0 0 0 0 0 0 0 0 0 0 0 0 0 0 0 0 0 0 0 0 0 0 0 0 0 0 0 0 0 0 0 0 0 0 0 0 0 0 0 0 0 0 0 0 0 0 0 0 0 0 0 0 0 0 0 0 0 0 0 0 0 0 0 0 0 9.341919223e-08 163.7461074 198.0643095 0 380.0809741 224.9619529 271.8734932 532.9727487 866.4453622 0 45.60321478 2824.954371 1282.158492 3215.014361 873.1082958 2149.203527 2917.386178 0 2834.673564 2150.377747 2362.719425 0 0 4580.64968 0 4862.153311 8895.262612 3519.099464 10929.94092 5943.611237 5741.214238 0 9730.392547 7259.495047 6076.132828 8249.337238 16448.05833 17066.78394 9976.197017 16536.21602 20139.12502 28205.68461 9609.647312 15566.27407 4957.51729 37681.95453 14360.44646 7608.011988 12375.43944 3884.480386 0 10876.31208 16784.03482 23914.9209 5315.380948 6222.327559 9448.683882 6904.239807 6364.048193 7795.535092 2706.738401 5369.027991 13237.8577 2112.530467 2956.569626 5326.206335 0 1548.853806 5044.955337 3213.409174 5104.370882 0 2255.494886 3314.085582 0 0 0 0 0 0 0 0 0 0 0 0 0 0 0 0 0 0 0 0 0 0 0 0 0 0 0 0 0 0 0 0 0 0 0 0 0 0 0 0 0 0 0 0 0 0 0 0 0 0 0 0 0 0 0 0 0 0 0 0 0 0 0 0 0 0 0 0 0 0 0 0 0 0 0 0 0 0 0 0 0 0 0 0 0 0 0 0 0 0 0 0 0 0 0 
0 0 0 0 0 0 0 0 0 0 0 0 0 0 0 0 0 0 0 0 0 0 0 0 0 0 0 0 0 0 0 0 0 0 0 0 0 0 0 0 0 0 0 0 0 0 0 0 0 0 0 0 0 0 0 0 0 0 0 0 0 0 0 0 0 0 0 0 0 0 0 0 0 0 0 0 0 0 0 0 0 0 0 0 0 0 0 0 0 0 233.7801109 284.155753 216.2457904 0 320.1220584 1336.4381 978.2819039 662.4362968 2102.030441 0 1276.491285 0 1537.089588 0 4001.099585 0 0 0 2319.905257 0 0 4342.442872 10087.26518 3544.167907 7198.639609 4322.39248 23961.7503 6084.473938 5336.1536 8850.188632 32285.32409 0 16609.64782 21093.16476 4278.324603 0 17595.8174 7272.347695 6384.502904 12691.47313 25136.45088 10854.72278 8594.350839 9215.403606 2936.228467 25298.98703 10497.83722 17159.45595 15301.70682 17278.87897 7263.058289 552.2323603 12078.99896 9090.170578 13755.41833 5040.937168 4035.926676 3576.202639 1.673691147e-07 1315.0607 0 11352.12201 2804.928225 0 3443.292074 2475.185597 1817.460641 1007.530289 0 924.6773675 1.420508109e-07 774.8583616 1.565471735e-09 0 0 0 0 0 0 0 0 0 0 0 0 0 0 0 0 0 0 0 0 0 0 0 0 0 0 0 0 0 0 0 0 0 0 0 0 0 0 0 0 0 0 0 0 0 0 0 0 0 0 0 0 0 0 0 0 0 0 0 0 0 0 0 0 0 0 0 0 0 0 0 0 0 0 0 0 0 0 0 0 0 0 0 0 0 0 0 0 0 0 0 0 0 
0 0 0 0 0 0 0 0 0 0 0 0 0 0 0 0 0 0 0 0 0 0 0 0 0 0 0 0 0 0 0 0 0 0 0 0 0 0 0 0 0 0 0 0 0 0 0 0 0 0 0 0 0 0 0 0 0 0 0 0 0 0 0 0 0 0 0 0 0 0 0 0 0 0 0 0 0 0 0 0 0 0 0 0 0 0 0 29.72102655 0 0 0 0 590.8373462 943.0464256 227.3146682 869.5454857 0 1842.163208 3879.431933 1568.065533 1616.603939 1450.495284 3848.678419 1177.820119 1245.042772 1926.791511 0 3892.074373 3812.493623 0 0 0 0 10024.59385 3307.60653 31.51639422 9780.523909 7406.438569 17165.07362 13214.58132 23294.2584 24497.40813 17513.03814 17974.0049 27294.23351 26469.05095 0 8742.376576 6185.738072 34341.44618 23482.03082 16574.67337 10276.73568 9407.076294 13194.7507 21716.22701 12779.4375 9739.913408 4779.900068 19558.71381 9935.422178 13125.25607 11721.87334 6867.401178 10401.31962 0 6591.455842 4903.811438 144.354896 0 5303.717676 3107.200477 6590.482596 622.340599 0 0 1567.449959 1357.961162 0 1048.837521 766.7360309 664.1033303 0 0 0 0 0 0 0 0 0 0 0 0 0 0 0 0 0 0 0 0 0 0 0 0 0 0 0 0 0 0 0 0 0 0 0 0 0 0 0 0 0 0 0 0 0 0 0 0 0 0 0 0 0 0 0 0 0 0 0 0 0 0 0 0 0 0 0 0 0 0 0 0 0 0 0 0 0 0 0 0 0 0 0 0 0 0 0 0 0 0 0 0 0 0 
0 0 0 0 0 0 0 0 0 0 0 0 0 0 0 0 0 0 0 0 0 0 0 0 0 0 0 0 0 0 0 0 0 0 0 0 0 0 0 0 0 0 0 0 0 0 0 0 0 0 0 0 0 0 0 0 0 0 0 0 0 0 0 0 0 0 0 0 0 0 0 0 0 0 0 0 0 0 0 0 0 0 0 0 0 0 0 11.08252904 114.1327371 0 23.93718933 69.021387 353.6460094 546.3523478 885.5353725 675.8464815 1155.986136 465.2451245 4410.009839 1013.328777 1190.904428 1301.431175 2402.92482 1168.063049 0 0 3833.167058 4156.435731 4504.826614 0 6791.913116 8924.055728 5212.968035 11508.42869 5951.541603 4712.249974 18052.90873 11003.71227 17751.65545 0 14581.65836 8364.090501 16158.3792 13276.99484 6048.675521 0 5917.79799 24629.78429 43678.46667 14435.48153 20724.6571 28879.96743 19879.77505 11996.75907 8393.41184 4303.647515 19007.01973 7929.850163 21125.22592 4646.333825 11187.95924 14459.75334 10166.33511 6628.904696 5188.986954 8752.466472 6187.990136 4996.836231 2046.66654 7201.631607 2511.340767 5459.219414 0 9448.722001 6561.845645 3962.020338 0 3791.203846 951.5067604 1127.49753 0 2760.770386 1120.495861 1052.708937 0 0 0 0 0 0 0 0 0 0 0 0 0 0 0 0 0 0 0 0 0 0 0 0 0 0 0 0 0 0 0 0 0 0 0 0 0 0 0 0 0 0 0 0 0 0 0 0 0 0 0 0 0 0 0 0 0 0 0 0 0 0 0 0 0 0 0 0 0 0 0 0 0 0 0 0 0 0 0 0 0 0 0 0 0 0 0 0 0 0 0 0 
0 0 0 0 0 0 0 0 0 0 0 0 0 0 0 0 0 0 0 0 0 0 0 0 0 0 0 0 0 0 0 0 0 0 0 0 0 0 0 0 0 0 0 0 0 0 0 0 0 0 0 0 0 0 0 0 0 0 0 0 0 0 0 0 0 0 0 0 0 0 0 0 0 0 0 0 0 0 0 0 0 0 0 0 0 0 0 0 2.082980617 0 0 0 438.5780972 376.9471852 0 1288.071087 0 246.5551842 0 1196.636394 739.7608546 690.0376819 3508.70645 2378.679037 1147.310793 3066.437885 6030.752796 4461.929411 4051.844119 0 11634.02659 0 4925.156583 5591.494035 4744.415527 9680.571911 8649.316877 8338.889691 19768.01283 19261.31062 5657.560065 3948.432681 23770.17378 9524.163696 15171.24012 15438.36058 24417.10572 41756.88203 33429.07716 12286.13523 13530.16818 5694.020887 24632.82663 4252.023025 2858.408676 5660.695288 15920.35592 16623.98848 7208.455102 15271.97966 12606.67647 3018.456927 32281.03943 13370.37334 7680.066156 5850.977659 10034.97961 3203.621543 8446.310137 1237.150277 12151.94745 5076.368052 6354.116773 2304.727644 3533.139685 4938.512838 0 3153.545229 1390.361286 2509.957164 3861.813792 0 0 0 0 0 0 0 0 0 0 0 0 0 0 0 0 0 0 0 0 0 0 0 0 0 0 0 0 0 0 0 0 0 0 0 0 0 0 0 0 0 0 0 0 0 0 0 0 0 0 0 0 0 0 0 0 0 0 0 0 0 0 0 0 0 0 0 0 0 0 0 0 0 0 0 0 0 0 0 0 0 0 0 0 0 0 0 0 0 0 0 0 0 0 0 
0 0 0 0 0 0 0 0 0 0 0 0 0 0 0 0 0 0 0 0 0 0 0 0 0 0 0 0 0 0 0 0 0 0 0 0 0 0 0 0 0 0 0 0 0 0 0 0 0 0 0 0 0 0 0 0 0 0 0 0 0 0 0 0 0 0 0 0 0 0 0 0 0 0 0 0 0 0 0 0 0 0 0 0 0 0 0 1.429010828 88.59218844 0 627.9732531 0 1123.662359 165.4517833 1655.573256 471.3994476 2553.991782 541.5290659 2092.224607 4535.036601 3891.078177 0 1935.191914 1083.688403 0 1848.843677 2174.996882 5525.143639 0 5611.368239 14982.1286 11221.20137 8946.262788 14146.35693 8598.365628 20116.9087 13424.9087 26635.88529 23079.10399 16046.57497 10108.16594 13860.17122 37718.39773 47951.56234 34522.28197 68990.12481 17686.83372 15050.87552 9791.155102 6683.097223 15287.01553 21668.16016 11071.64025 25006.64699 0 26619.5449 24575.25387 11512.20731 24853.30038 14644.47836 27919.99057 4673.473821 10486.18195 27069.17821 3067.885464 9233.97083 3108.722895 5147.058938 8217.079407 6692.161565 6406.748517 6418.679214 7565.207265 13801.09129 1762.69643 6377.554336 6167.962327 3916.438779 1237.740141 3886.829756 0 3155.704093 0 646.4758806 0 0 0 0 0 0 0 0 0 0 0 0 0 0 0 0 0 0 0 0 0 0 0 0 0 0 0 0 0 0 0 0 0 0 0 0 0 0 0 0 0 0 0 0 0 0 0 0 0 0 0 0 0 0 0 0 0 0 0 0 0 0 0 0 0 0 0 0 0 0 0 0 0 0 0 0 0 0 0 0 0 0 0 0 0 0 0 0 0 0 0 0 
0 0 0 0 0 0 0 0 0 0 0 0 0 0 0 0 0 0 0 0 0 0 0 0 0 0 0 0 0 0 0 0 0 0 0 0 0 0 0 0 0 0 0 0 0 0 0 0 0 0 0 0 0 0 0 0 0 0 0 0 0 0 0 0 0 0 0 0 0 0 0 0 0 0 0 0 0 0 0 0 0 0 0 0 0 0 0 0 0 663.0190502 0 331.321519 566.7479602 580.5583409 3249.95092 0 0 675.5710636 0 2314.114583 3190.753585 3829.561908 2049.025265 0 1730.377277 5057.070773 0 0 0 7168.237439 7923.997012 12409.32835 3292.16996 11803.84203 10703.56708 23627.29618 16950.4436 19654.5915 16358.97375 23041.03929 17968.72309 21256.49584 32339.05316 19844.62636 33612.1729 24762.88606 7961.56833 38506.52448 4132.668325 19813.37692 10815.05664 17571.09611 31407.90431 22089.59596 21715.67682 13402.93498 15912.12357 18546.67666 28109.07393 18126.44721 12793.61422 20835.3347 23474.27689 17752.10913 2441.781137 10412.66383 12619.98022 6062.813504 2524.951975 6042.00931 1949.867592 4149.916486 5879.953025 8719.250445 6086.282196 7905.939354 5980.047242 0 0 3359.265988 1750.962084 1297.397442 0 0 0 0 0 0 0 0 0 0 0 0 0 0 0 0 0 0 0 0 0 0 0 0 0 0 0 0 0 0 0 0 0 0 0 0 0 0 0 0 0 0 0 0 0 0 0 0 0 0 0 0 0 0 0 0 0 0 0 0 0 0 0 0 0 0 0 0 0 0 0 0 0 0 0 0 0 0 0 0 0 0 0 0 0 0 0 0 0 0 0 0 0 0 
0 0 0 0 0 0 0 0 0 0 0 0 0 0 0 0 0 0 0 0 0 0 0 0 0 0 0 0 0 0 0 0 0 0 0 0 0 0 0 0 0 0 0 0 0 0 0 0 0 0 0 0 0 0 0 0 0 0 0 0 0 0 0 0 0 0 0 0 0 0 0 0 0 0 0 0 0 0 0 0 0 0 0 0 0 0 0 0 0 0 312.7680258 161.5582586 683.1965993 903.7379783 1208.819712 2803.663501 0 2602.7824 1436.682637 2181.875527 1958.685045 758.061278 0 957.3859413 3086.018003 1895.824661 2948.617655 1877.659571 11905.44225 4794.537715 5435.584991 2719.433286 0 13279.13735 24347.8153 5048.899079 4610.249157 16053.01145 12022.90413 16705.51009 39462.68924 35014.62857 19259.956 20646.47349 19968.65715 24659.74544 17044.08768 10314.24132 24976.08384 18329.85949 24389.4662 0 37907.80151 36219.16964 14550.98035 30366.48628 28539.65005 8884.316334 32288.7802 21658.85758 25940.12023 17306.47914 6685.514793 8231.435206 6587.973491 3895.994463 11806.92211 18848.17745 12068.23354 10481.25618 16617.32502 11601.45091 9053.800222 1697.525698 6602.019189 6217.173953 7552.453405 4723.733563 749.5030145 2900.315193 1230.554636 1154.551441 0 0 0 0 0 0 0 0 0 0 0 0 0 0 0 0 0 0 0 0 0 0 0 0 0 0 0 0 0 0 0 0 0 0 0 0 0 0 0 0 0 0 0 0 0 0 0 0 0 0 0 0 0 0 0 0 0 0 0 0 0 0 0 0 0 0 0 0 0 0 0 0 0 0 0 0 0 0 0 0 0 0 0 0 0 0 0 0 0 0 0 0 0 0 
0 0 0 0 0 0 0 0 0 0 0 0 0 0 0 0 0 0 0 0 0 0 0 0 0 0 0 0 0 0 0 0 0 0 0 0 0 0 0 0 0 0 0 0 0 0 0 0 0 0 0 0 0 0 0 0 0 0 0 0 0 0 0 0 0 0 0 0 0 0 0 0 0 0 0 0 0 0 0 0 0 0 0 0 0 0 0 0 0 420.6182498 0 356.2051358 936.7325234 181.4598608 257.9515096 1642.94557 2253.50118 1387.77135 1877.893546 3711.643249 4474.177248 2222.309603 5241.318137 1088.071999 1830.721188 5984.607398 0 4468.616585 5354.172082 0 3917.001468 4224.226825 0 3953.976963 20238.80012 5053.359293 20563.89742 13515.29551 17887.0905 26554.7496 5861.243568 20946.229 19419.69594 43593.2282 36871.44536 33666.34195 8407.628328 28516.48833 0 25417.99381 14666.18553 13652.53978 54192.6168 42088.05935 25322.42029 0 20580.47458 6700.755635 34564.1852 17638.77701 12926.91357 15866.90148 31586.85934 18790.4957 0 15226.45972 8684.110264 16876.5081 13767.29993 4962.873796 13402.92266 12325.98505 6510.64559 6070.520592 12321.24576 2399.267615 6381.498254 1577.205825 3213.465283 3108.151625 2105.728006 2053.868379 0 1206.800361 0 0 0 0 0 0 0 0 0 0 0 0 0 0 0 0 0 0 0 0 0 0 0 0 0 0 0 0 0 0 0 0 0 0 0 0 0 0 0 0 0 0 0 0 0 0 0 0 0 0 0 0 0 0 0 0 0 0 0 0 0 0 0 0 0 0 0 0 0 0 0 0 0 0 0 0 0 0 0 0 0 0 0 0 0 0 0 0 0 0 0 0 
0 0 0 0 0 0 0 0 0 0 0 0 0 0 0 0 0 0 0 0 0 0 0 0 0 0 0 0 0 0 0 0 0 0 0 0 0 0 0 0 0 0 0 0 0 0 0 0 0 0 0 0 0 0 0 0 0 0 0 0 0 0 0 0 0 0 0 0 0 0 0 0 0 0 0 0 0 0 0 0 0 0 0 0 0 0 0 19.03609818 0 0 345.8259857 0 1273.375529 434.3274647 1559.415347 2022.662096 1664.081078 1604.143689 2526.561746 1208.472341 949.6250308 5267.33803 3410.053006 3318.43031 1344.91584 0 0 6459.219449 3007.215378 0 5929.534674 0 8534.912784 21204.74611 20642.71858 12479.37602 12029.83435 11879.5945 15006.81983 12135.23914 29079.90778 0 26062.26826 40205.24657 16616.07042 29377.72333 16169.47846 20991.97189 27176.96905 28713.50946 23935.92981 30709.58377 28327.03063 16964.23735 13923.58763 21118.47067 21039.8734 30752.9622 17683.26616 34055.03218 9603.626734 31154.17242 36306.16933 18125.69677 0 12668.62849 9868.846651 8819.154615 13406.52915 1682.652136 17408.06899 15172.07793 3723.155964 4646.452164 2865.580976 2587.757708 8593.453764 0 4218.332023 1544.196685 0 1179.312565 0 1125.358907 706.1080876 0 0 0 0 0 0 0 0 0 0 0 0 0 0 0 0 0 0 0 0 0 0 0 0 0 0 0 0 0 0 0 0 0 0 0 0 0 0 0 0 0 0 0 0 0 0 0 0 0 0 0 0 0 0 0 0 0 0 0 0 0 0 0 0 0 0 0 0 0 0 0 0 0 0 0 0 0 0 0 0 0 0 0 0 0 0 0 0 0 0 0 
0 0 0 0 0 0 0 0 0 0 0 0 0 0 0 0 0 0 0 0 0 0 0 0 0 0 0 0 0 0 0 0 0 0 0 0 0 0 0 0 0 0 0 0 0 0 0 0 0 0 0 0 0 0 0 0 0 0 0 0 0 0 0 0 0 0 0 0 0 0 0 0 0 0 0 0 0 0 0 0 0 0 0 0 0 0 0 0 52.765502 0 0 101.7263306 0 1116.918922 1114.302224 1085.507915 1069.01688 2291.187465 3177.526601 3201.313767 528.2581722 4528.635147 817.6742002 0 6336.032865 0 2083.201435 0 4708.312567 4853.914084 15326.73895 0 8361.56118 4329.755819 24836.1238 7471.904205 25332.63232 26327.61191 37320.73966 0 25083.6252 32110.72684 21149.22771 21572.87808 27960.99394 18656.58134 23623.95938 35353.90601 64324.01222 11029.07959 21380.66946 20805.52236 21420.89112 28015.84866 17264.25575 40016.68 13584.16988 19572.2492 18335.33438 9264.434579 14334.66614 27691.18848 34763.69606 8532.021261 9948.477194 6910.243674 9389.6329 8191.031841 2623.622162 5911.948738 4978.754187 8448.917912 3665.714505 3341.73154 6862.256617 4676.837137 0 5476.878481 5155.997766 0 2738.678443 2875.882703 0 0 0 0 0 0 0 0 0 0 0 0 0 0 0 0 0 0 0 0 0 0 0 0 0 0 0 0 0 0 0 0 0 0 0 0 0 0 0 0 0 0 0 0 0 0 0 0 0 0 0 0 0 0 0 0 0 0 0 0 0 0 0 0 0 0 0 0 0 0 0 0 0 0 0 0 0 0 0 0 0 0 0 0 0 0 0 0 0 0 0 0 0 0 
0 0 0 0 0 0 0 0 0 0 0 0 0 0 0 0 0 0 0 0 0 0 0 0 0 0 0 0 0 0 0 0 0 0 0 0 0 0 0 0 0 0 0 0 0 0 0 0 0 0 0 0 0 0 0 0 0 0 0 0 0 0 0 0 0 0 0 0 0 0 0 0 0 0 0 0 0 0 0 0 0 0 0 0 0 0 0 0 0 32.96575995 40.98733437 0 480.189975 363.6507298 1865.375076 1081.957455 2168.137536 510.6826239 3232.042318 5712.338179 3036.772241 5459.469691 6223.182217 1180.223917 2131.240366 1789.899634 3615.423478 11728.31009 9226.861952 0 15595.50687 3903.200136 15085.93223 15260.55438 8808.43553 21703.97982 26447.04141 18605.16254 20110.97188 23756.26157 17521.25711 39506.18682 28054.3776 40888.46493 58164.91725 28704.0967 13788.88958 42328.00872 32834.96562 24969.20541 21433.16462 16576.31221 38182.75547 0 37169.87884 26107.7735 34796.42862 35842.55695 9750.811273 41619.34683 5625.257903 16150.28919 10390.17241 14379.74157 17046.69899 0 15759.23934 13890.31778 6699.804295 2848.338416 0 5660.821263 7241.10524 5757.302369 3914.415534 7347.324064 8974.219325 7471.455311 0 1560.38637 3449.531157 963.2927707 0 0 0 0 0 0 0 0 0 0 0 0 0 0 0 0 0 0 0 0 0 0 0 0 0 0 0 0 0 0 0 0 0 0 0 0 0 0 0 0 0 0 0 0 0 0 0 0 0 0 0 0 0 0 0 0 0 0 0 0 0 0 0 0 0 0 0 0 0 0 0 0 0 0 0 0 0 0 0 0 0 0 0 0 0 0 0 0 0 0 0 0 0 0 
0 0 0 0 0 0 0 0 0 0 0 0 0 0 0 0 0 0 0 0 0 0 0 0 0 0 0 0 0 0 0 0 0 0 0 0 0 0 0 0 0 0 0 0 0 0 0 0 0 0 0 0 0 0 0 0 0 0 0 0 0 0 0 0 0 0 0 0 0 0 0 0 0 0 0 0 0 0 0 0 0 0 0 0 0 0 0 80.73837396 0 41.95549281 53.44013936 0 1515.929688 1942.336461 953.5084949 912.085165 291.7520087 0 2101.704808 0 924.9070844 4056.669107 0 0 1093.474649 4249.801806 0 2117.857121 2261.151279 0 5214.085099 6263.932367 21269.09919 0 10305.60168 0 21051.01541 23701.22079 19648.46646 35679.03238 0 13205.04834 15041.08176 54468.28193 27599.48974 23637.94472 7641.184726 12833.80678 25537.01142 15000.45322 67269.14742 34153.67636 20144.76472 37976.17059 19542.95206 52383.34293 35905.00935 22942.58953 22997.85437 16903.3292 16207.33792 21421.16765 10362.37172 9545.421038 9109.040603 7244.678165 10354.68249 7410.244424 16625.55746 7901.154706 3512.251327 14466.44887 18227.64115 8155.74528 16252.90685 2116.097221 5657.920396 6973.564479 4223.817487 1932.576286 0 0 0 0 0 0 0 0 0 0 0 0 0 0 0 0 0 0 0 0 0 0 0 0 0 0 0 0 0 0 0 0 0 0 0 0 0 0 0 0 0 0 0 0 0 0 0 0 0 0 0 0 0 0 0 0 0 0 0 0 0 0 0 0 0 0 0 0 0 0 0 0 0 0 0 0 0 0 0 0 0 0 0 0 0 0 0 0 0 0 0 0 0 0 0 0 
0 0 0 0 0 0 0 0 0 0 0 0 0 0 0 0 0 0 0 0 0 0 0 0 0 0 0 0 0 0 0 0 0 0 0 0 0 0 0 0 0 0 0 0 0 0 0 0 0 0 0 0 0 0 0 0 0 0 0 0 0 0 0 0 0 0 0 0 0 0 0 0 0 0 0 0 0 0 0 0 0 0 0 0 0 0 0 0 27.29527486 0 0 975.6820805 725.6388232 800.5554771 643.4224092 635.6446508 2855.717488 3067.064081 917.8543399 1623.182435 3235.565837 3546.274971 3928.105481 2111.059387 2504.0197 0 1762.36246 0 4317.372224 0 6110.555794 9417.232685 16605.56131 21393.05971 12196.02563 33902.17683 4867.924182 19918.67918 11381.33894 38355.29567 13891.52402 35220.6396 37165.2607 31464.79161 37256.93592 29038.6976 80214.27597 13497.0294 8369.973111 12650.15416 59267.8361 21997.49061 58858.894 5487.876283 44282.15382 13240.50445 7516.646139 28862.47766 42128.83945 22061.12694 10669.90814 19336.25915 14832.7725 22737.50775 8833.16986 25955.67345 0 11619.82211 0 10506.05763 17780.25359 13612.07687 7901.75195 8449.443096 5679.639924 2876.654247 6673.771792 7563.238739 6718.805787 1714.166273 3144.017278 1646.265475 995.7574598 0 0 0 0 0 0 0 0 0 0 0 0 0 0 0 0 0 0 0 0 0 0 0 0 0 0 0 0 0 0 0 0 0 0 0 0 0 0 0 0 0 0 0 0 0 0 0 0 0 0 0 0 0 0 0 0 0 0 0 0 0 0 0 0 0 0 0 0 0 0 0 0 0 0 0 0 0 0 0 0 0 0 0 0 0 0 0 0 0 0 0 0 0 
0 0 0 0 0 0 0 0 0 0 0 0 0 0 0 0 0 0 0 0 0 0 0 0 0 0 0 0 0 0 0 0 0 0 0 0 0 0 0 0 0 0 0 0 0 0 0 0 0 0 0 0 0 0 0 0 0 0 0 0 0 0 0 0 0 0 0 0 0 0 0 0 0 0 0 0 0 0 0 0 0 0 0 0 0 0 0 0 0 0 0 21.57433019 1010.245984 1691.721247 2528.578816 547.8858741 2219.829497 5021.785446 3582.96949 598.8599875 1403.592129 2830.82102 4562.384013 0 1444.228103 2483.067933 3465.00031 0 5340.43754 0 5212.492981 5082.380375 0 21663.40571 17729.48261 11579.17175 21266.06545 13007.85992 18838.35765 11670.85512 27492.92523 23930.50265 47099.24409 30001.0977 24758.45617 17441.49752 9106.966725 21829.51042 23418.77614 58219.09363 32740.98411 38831.90874 24164.03548 34270.56057 26938.74779 12333.81074 20348.94506 36309.07616 56956.09484 12278.87437 10063.88545 20569.06504 35027.1767 25841.04592 16643.64542 10676.70663 7997.844954 4133.262199 7914.40973 12723.68362 8966.939371 9049.293222 10836.81289 7881.971519 2818.057272 8409.691322 13366.47409 2356.451307 5490.327645 3995.164221 5004.331836 1781.663264 0 0 0 0 0 0 0 0 0 0 0 0 0 0 0 0 0 0 0 0 0 0 0 0 0 0 0 0 0 0 0 0 0 0 0 0 0 0 0 0 0 0 0 0 0 0 0 0 0 0 0 0 0 0 0 0 0 0 0 0 0 0 0 0 0 0 0 0 0 0 0 0 0 0 0 0 0 0 0 0 0 0 0 0 0 0 0 0 0 0 0 0 0 0 
0 0 0 0 0 0 0 0 0 0 0 0 0 0 0 0 0 0 0 0 0 0 0 0 0 0 0 0 0 0 0 0 0 0 0 0 0 0 0 0 0 0 0 0 0 0 0 0 0 0 0 0 0 0 0 0 0 0 0 0 0 0 0 0 0 0 0 0 0 0 0 0 0 0 0 0 0 0 0 0 0 0 0 0 0 0 0 0 0 210.1455138 65.17609211 0 366.5780041 697.8408507 565.301374 1655.872022 1160.963654 3593.740054 0 1365.070347 2894.428743 1366.08873 2684.41105 1820.553095 0 0 7424.844873 0 0 4932.734827 4051.384679 15710.58805 0 11977.30977 4960.770533 25426.28093 26552.65771 20872.23833 5503.447555 41355.18585 8020.09591 30451.20941 55547.24131 0 59324.66593 16658.54588 51535.01547 52312.62586 26744.84626 24395.28981 49382.64575 31935.50423 38265.01341 31148.96722 45959.79009 19110.32729 15342.57081 41298.61233 29543.49092 35633.3894 27449.016 11195.19125 35057.13234 12498.22584 23885.79441 3844.372675 8184.213321 29176.17076 6780.393652 17354.65382 3786.588263 0 7327.437349 0 5924.427958 6921.59998 5186.533577 1896.423694 5956.976834 5079.091434 3724.223543 1331.400203 0 0 0 0 0 0 0 0 0 0 0 0 0 0 0 0 0 0 0 0 0 0 0 0 0 0 0 0 0 0 0 0 0 0 0 0 0 0 0 0 0 0 0 0 0 0 0 0 0 0 0 0 0 0 0 0 0 0 0 0 0 0 0 0 0 0 0 0 0 0 0 0 0 0 0 0 0 0 0 0 0 0 0 0 0 0 0 0 0 0 0 0 0 0 
0 0 0 0 0 0 0 0 0 0 0 0 0 0 0 0 0 0 0 0 0 0 0 0 0 0 0 0 0 0 0 0 0 0 0 0 0 0 0 0 0 0 0 0 0 0 0 0 0 0 0 0 0 0 0 0 0 0 0 0 0 0 0 0 0 0 0 0 0 0 0 0 0 0 0 0 0 0 0 0 0 0 0 0 0 0 0 0 0 35.36378357 453.2322441 252.3714377 145.6783884 137.8717345 660.7664049 2732.705495 0 3796.360862 6618.971503 1573.514151 1499.760639 1455.793583 1420.101701 2069.146133 4703.095936 0 11106.48272 15332.00282 5509.884229 13319.28259 5591.416026 4504.167495 11806.38038 13837.35029 6025.920067 21020.5309 14564.96629 28549.87335 12520.08829 29587.80018 29201.06394 40379.88364 25573.94857 17368.92469 34471.10221 35398.39617 44107.38018 33791.70187 34038.75122 36189.86267 25443.56211 40733.90689 79798.51274 46038.6746 20463.89272 37841.33183 45119.34341 20628.18568 29491.7412 37787.5554 23162.09619 31973.40951 25115.02792 22855.36175 14344.66991 17050.88242 7251.552239 8227.391509 6917.564088 11075.51954 3973.145466 3783.003652 9337.356263 8821.504824 2664.054174 2134.352599 0 0 3432.022045 1675.51088 0 0 1360.686494 0 0 0 0 0 0 0 0 0 0 0 0 0 0 0 0 0 0 0 0 0 0 0 0 0 0 0 0 0 0 0 0 0 0 0 0 0 0 0 0 0 0 0 0 0 0 0 0 0 0 0 0 0 0 0 0 0 0 0 0 0 0 0 0 0 0 0 0 0 0 0 0 0 0 0 0 0 0 0 0 0 0 0 0 0 0 0 0 0 0 0 0 0 
0 0 0 0 0 0 0 0 0 0 0 0 0 0 0 0 0 0 0 0 0 0 0 0 0 0 0 0 0 0 0 0 0 0 0 0 0 0 0 0 0 0 0 0 0 0 0 0 0 0 0 0 0 0 0 0 0 0 0 0 0 0 0 0 0 0 0 0 0 0 0 0 0 0 0 0 0 0 0 0 0 0 0 0 0 0 0 19.68665406 444.0331046 0 295.1709385 503.5022896 571.7473975 1263.282099 382.193795 162.4555512 982.8046107 2423.007845 2985.610712 0 3520.629971 6110.687749 6049.488606 3794.158372 0 0 1845.605335 0 5479.410946 0 5896.709236 5410.048386 25097.96229 17024.54496 20190.81418 22440.55315 40189.26535 19385.60607 8243.349028 21894.27657 67591.26853 49450.21127 39977.64099 33446.26678 78346.89571 0 40093.7257 34840.64483 33509.67061 22494.84335 58106.4901 15305.23294 45587.422 22456.31716 28963.39426 48189.20825 39353.99431 24514.45858 45853.01144 33549.18196 18779.23084 38911.03762 14149.55638 41440.01851 10108.21293 26469.61789 11392.0082 19082.38948 24752.13685 9708.367508 23048.35765 16591.49023 13996.20824 5612.700112 23147.4605 5936.230899 4611.778071 2304.565054 2345.31557 1578.680186 0 0 0 916.6739475 0 0 0 0 0 0 0 0 0 0 0 0 0 0 0 0 0 0 0 0 0 0 0 0 0 0 0 0 0 0 0 0 0 0 0 0 0 0 0 0 0 0 0 0 0 0 0 0 0 0 0 0 0 0 0 0 0 0 0 0 0 0 0 0 0 0 0 0 0 0 0 0 0 0 0 0 0 0 0 0 0 0 0 0 0 0 0 0 0 0 0 0 
0 0 0 0 0 0 0 0 0 0 0 0 0 0 0 0 0 0 0 0 0 0 0 0 0 0 0 0 0 0 0 0 0 0 0 0 0 0 0 0 0 0 0 0 0 0 0 0 0 0 0 0 0 0 0 0 0 0 0 0 0 0 0 0 0 0 0 0 0 0 0 0 0 0 0 0 0 0 0 0 0 0 0 0 0 0 0 0 63.28426047 6.913554276 0 473.5175729 295.789602 1594.231999 1715.883839 0 1666.776394 1646.318911 4516.048982 3292.016291 2544.42723 5866.226521 1452.268301 4962.752389 0 0 6286.857802 7711.16832 5228.215178 8260.174822 6025.009695 11693.57187 13366.67494 13165.85681 24041.89785 13576.86561 34885.3943 10816.05754 7992.680471 33991.93466 8484.019109 48177.09895 23975.46168 33685.32325 51737.46884 26145.33509 71708.55596 51560.42614 82126.83721 25238.84263 25752.20146 37374.60357 25390.46201 68236.48742 40825.37075 48329.60459 5930.852118 20609.3135 42215.26462 10264.54932 20652.8225 30685.17035 4492.473508 17163.43805 15535.75424 14307.18822 15929.32911 14178.18464 8513.225689 16222.6089 3511.069268 13777.96584 3980.688987 3870.773114 9090.832076 6321.757769 1977.943839 5654.071219 1815.14704 3743.545708 5789.72505 2462.111175 0 1257.490706 868.8895888 0 0 0 0 0 0 0 0 0 0 0 0 0 0 0 0 0 0 0 0 0 0 0 0 0 0 0 0 0 0 0 0 0 0 0 0 0 0 0 0 0 0 0 0 0 0 0 0 0 0 0 0 0 0 0 0 0 0 0 0 0 0 0 0 0 0 0 0 0 0 0 0 0 0 0 0 0 0 0 0 0 0 0 0 0 0 0 0 0 0 0 
0 0 0 0 0 0 0 0 0 0 0 0 0 0 0 0 0 0 0 0 0 0 0 0 0 0 0 0 0 0 0 0 0 0 0 0 0 0 0 0 0 0 0 0 0 0 0 0 0 0 0 0 0 0 0 0 0 0 0 0 0 0 0 0 0 0 0 0 0 0 0 0 0 0 0 0 0 0 0 0 0 0 0 0 0 0 0 0 0 1015.542671 28.54027322 769.8240421 102.3122403 532.5763008 864.8263115 894.0233835 1877.251904 1110.721452 4484.014048 4250.974447 4932.572749 1156.504479 5842.979312 4175.828199 2386.161294 0 2686.432486 2941.056407 0 0 5385.976382 6093.46948 12581.66904 14183.82152 5762.927305 29038.68767 22398.27198 43071.85635 20129.33975 22984.54867 12796.67823 17453.14999 54202.65439 44105.14445 43989.282 26616.15645 62007.92911 40899.36499 70239.89966 26322.40584 34307.25273 34646.54425 37321.93456 39095.11691 25098.96705 22464.79087 35417.59532 13075.37348 43946.57067 37894.23838 33966.72286 45847.47743 40928.84482 25448.49173 23725.70006 14482.20016 8366.711035 31405.03192 14909.03965 19744.56364 10892.70472 10796.29178 23674.81155 8060.818718 15991.78741 5363.379133 5062.018973 9770.104387 4375.879061 4467.170632 3650.546536 1413.570614 0 0 0 0 0 0 0 0 0 0 0 0 0 0 0 0 0 0 0 0 0 0 0 0 0 0 0 0 0 0 0 0 0 0 0 0 0 0 0 0 0 0 0 0 0 0 0 0 0 0 0 0 0 0 0 0 0 0 0 0 0 0 0 0 0 0 0 0 0 0 0 0 0 0 0 0 0 0 0 0 0 0 0 0 0 0 0 0 0 0 0 0 0 0 
0 0 0 0 0 0 0 0 0 0 0 0 0 0 0 0 0 0 0 0 0 0 0 0 0 0 0 0 0 0 0 0 0 0 0 0 0 0 0 0 0 0 0 0 0 0 0 0 0 0 0 0 0 0 0 0 0 0 0 0 0 0 0 0 0 0 0 0 0 0 0 0 0 0 0 0 0 0 0 0 0 0 0 0 0 0 0 0 0 77.78793882 534.2043101 0 344.5156272 46.49576746 181.0354854 0 620.0023951 2302.078003 3924.926452 4702.974976 6294.200331 2660.873466 0 2270.469895 5945.660908 4884.825931 9463.851018 10564.24273 11155.99217 0 0 6183.243378 6411.772374 13017.75483 18520.79176 19317.05503 49994.42158 23576.55245 29377.39817 30572.00287 30426.88166 77407.95936 43818.08649 34445.84564 8885.771308 45610.48215 0 36257.50933 35836.85618 31368.08052 40877.14284 40661.12432 57707.23454 21724.9745 42403.87178 31049.69147 22565.09134 29323.03397 30393.61512 29062.91915 39839.87094 17280.68143 34958.35359 30803.94342 9359.185286 9522.885875 15843.85581 7385.001364 11298.68844 0 2838.697331 0 16676.80235 11899.87588 8684.311684 5900.076279 6086.795221 6770.240027 2226.15587 5817.895678 4962.423906 0 2804.331977 0 0 0 0 0 0 0 0 0 0 0 0 0 0 0 0 0 0 0 0 0 0 0 0 0 0 0 0 0 0 0 0 0 0 0 0 0 0 0 0 0 0 0 0 0 0 0 0 0 0 0 0 0 0 0 0 0 0 0 0 0 0 0 0 0 0 0 0 0 0 0 0 0 0 0 0 0 0 0 0 0 0 0 0 0 0 0 0 0 0 0 0 0 
0 0 0 0 0 0 0 0 0 0 0 0 0 0 0 0 0 0 0 0 0 0 0 0 0 0 0 0 0 0 0 0 0 0 0 0 0 0 0 0 0 0 0 0 0 0 0 0 0 0 0 0 0 0 0 0 0 0 0 0 0 0 0 0 0 0 0 0 0 0 0 0 0 0 0 0 0 0 0 0 0 0 0 0 0 0 0 0 199.3546249 81.13264486 421.1962859 812.6075198 636.3822284 615.0119036 1560.443111 2106.651442 1952.203411 3542.283821 4462.634749 6908.0049 7734.27474 891.4342377 7914.691044 1764.58658 0 4231.370725 0 0 5542.133059 5785.908913 12497.0409 6590.442055 0 6741.886689 6707.268162 19287.24414 12853.06763 14363.2538 30978.90233 29318.80349 50849.69158 28417.35003 51504.46968 9548.703827 53948.29467 36975.72917 36143.90368 44554.3407 17616.5659 97595.59919 49528.05615 39414.35531 32511.14365 7347.966963 54504.60752 37199.7937 38620.99572 47916.6963 25382.00765 36164.6395 36637.89908 19333.56716 35583.27695 29927.09823 28112.36212 13593.3326 16467.34474 8826.808577 11844.9158 3872.982945 19027.00384 10773.6317 8716.819497 19952.10646 11856.82141 9614.299013 6656.872549 9706.395106 4221.95166 5643.640402 3381.092781 1525.879557 1094.298616 0 0 0 0 0 0 0 0 0 0 0 0 0 0 0 0 0 0 0 0 0 0 0 0 0 0 0 0 0 0 0 0 0 0 0 0 0 0 0 0 0 0 0 0 0 0 0 0 0 0 0 0 0 0 0 0 0 0 0 0 0 0 0 0 0 0 0 0 0 0 0 0 0 0 0 0 0 0 0 0 0 0 0 0 0 0 0 0 0 0 0 0 0 
0 0 0 0 0 0 0 0 0 0 0 0 0 0 0 0 0 0 0 0 0 0 0 0 0 0 0 0 0 0 0 0 0 0 0 0 0 0 0 0 0 0 0 0 0 0 0 0 0 0 0 0 0 0 0 0 0 0 0 0 0 0 0 0 0 0 0 0 0 0 0 0 0 0 0 0 0 0 0 0 0 0 0 0 0 0 0 0 249.1949714 434.8386293 112.9862992 197.3873061 503.2719413 858.4209133 1301.358323 517.9075902 897.9590337 851.5357354 3492.588499 4571.062449 9145.465754 5034.671469 7082.375499 3783.389955 2077.659853 4409.645022 7699.243499 2701.516236 0 0 0 6175.401688 24153.24264 0 34415.4268 45612.02052 21534.89079 22447.9698 58274.48108 49377.55222 32500.95161 35103.74538 25023.15767 25657.29735 54009.44857 8777.257865 44802.23471 45845.95186 52438.23667 35579.65132 49106.18858 24441.93489 62576.10625 67567.01333 7232.139709 19030.11746 23754.49424 46575.52973 75561.58486 20641.43644 45016.99593 17704.79367 27516.23685 9327.047913 24442.22059 29418.44134 8249.687989 11493.6804 16374.87211 7936.508982 10208.03648 3881.418549 6231.364819 12486.56018 5832.512631 8611.833684 11379.65526 7883.376367 4106.797873 1660.904598 2043.151777 3051.87721 0 0 0 0 0 0 0 0 0 0 0 0 0 0 0 0 0 0 0 0 0 0 0 0 0 0 0 0 0 0 0 0 0 0 0 0 0 0 0 0 0 0 0 0 0 0 0 0 0 0 0 0 0 0 0 0 0 0 0 0 0 0 0 0 0 0 0 0 0 0 0 0 0 0 0 0 0 0 0 0 0 0 0 0 0 0 0 0 0 0 0 0 0 0 
0 0 0 0 0 0 0 0 0 0 0 0 0 0 0 0 0 0 0 0 0 0 0 0 0 0 0 0 0 0 0 0 0 0 0 0 0 0 0 0 0 0 0 0 0 0 0 0 0 0 0 0 0 0 0 0 0 0 0 0 0 0 0 0 0 0 0 0 0 0 0 0 0 0 0 0 0 0 0 0 0 0 0 0 0 0 0 44.36181867 101.9491998 662.9310387 446.6290077 435.5610467 382.4120873 312.9370296 846.6390417 2214.669027 1363.195367 1041.805084 4321.476906 0 4715.579034 6685.095318 4010.150661 0 1744.900364 2354.318569 5192.18143 2528.428687 0 5849.589236 5227.767289 6207.712567 6411.203264 13065.44552 7008.435735 35413.61018 37433.78723 76737.21489 32644.75144 31657.97283 22637.38145 16551.08412 34168.14298 17560.59731 18726.75418 36563.7483 28157.85729 27544.35668 45756.74237 9247.372956 68030.96782 22734.19514 7584.50429 23442.70176 7995.702565 30455.86173 32845.33384 35466.6008 19532.22731 35789.57408 20227.75732 22907.34339 24064.01424 54671.13194 24201.8229 22327.89122 0 15904.0583 16855.07206 11304.45471 11751.4434 12503.1768 6829.724235 6618.122451 22329.50799 15586.63874 11646.83511 6542.383313 1952.358804 2032.348747 5132.476959 1454.436562 1587.16549 1273.705926 0 0 0 0 0 0 0 0 0 0 0 0 0 0 0 0 0 0 0 0 0 0 0 0 0 0 0 0 0 0 0 0 0 0 0 0 0 0 0 0 0 0 0 0 0 0 0 0 0 0 0 0 0 0 0 0 0 0 0 0 0 0 0 0 0 0 0 0 0 0 0 0 0 0 0 0 0 0 0 0 0 0 0 0 0 0 0 0 0 0 0 0 
0 0 0 0 0 0 0 0 0 0 0 0 0 0 0 0 0 0 0 0 0 0 0 0 0 0 0 0 0 0 0 0 0 0 0 0 0 0 0 0 0 0 0 0 0 0 0 0 0 0 0 0 0 0 0 0 0 0 0 0 0 0 0 0 0 0 0 0 0 0 0 0 0 0 0 0 0 0 0 0 0 0 0 0 0 0 0 66.32657672 42.06425634 339.5685168 251.549829 279.2712318 1088.157998 1822.210306 1246.670115 1895.640633 3849.810495 2002.00861 5414.717371 6935.990173 3350.856405 4486.919166 3200.335974 5512.718458 0 2405.181821 2497.280396 3032.435816 0 0 5795.169963 6380.421373 13254.99967 31855.15079 0 14719.10119 0 22922.84808 31797.54103 16663.15404 48976.92502 16738.73339 26507.42785 37392.59445 37547.67406 36654.4908 26989.99226 46579.93299 18574.85135 43696.45163 41440.90688 24705.1888 48375.3609 33295.85393 36557.64885 22918.91558 36604.63226 41663.49122 38840.2349 41979.4257 48373.01947 15062.74486 13372.05098 11640.18876 25979.0668 14142.03055 39209.8524 20954.80173 7608.635258 16213.46656 11892.21671 13074.75498 10302.29682 11957.06729 22246.99835 8057.649005 11749.51251 5442.967951 0 0 7049.430203 0 0 0 0 0 0 0 0 0 0 0 0 0 0 0 0 0 0 0 0 0 0 0 0 0 0 0 0 0 0 0 0 0 0 0 0 0 0 0 0 0 0 0 0 0 0 0 0 0 0 0 0 0 0 0 0 0 0 0 0 0 0 0 0 0 0 0 0 0 0 0 0 0 0 0 0 0 0 0 0 0 0 0 0 0 0 0 0 0 0 0 0 0 0 0 
0 0 0 0 0 0 0 0 0 0 0 0 0 0 0 0 0 0 0 0 0 0 0 0 0 0 0 0 0 0 0 0 0 0 0 0 0 0 0 0 0 0 0 0 0 0 0 0 0 0 0 0 0 0 0 0 0 0 0 0 0 0 0 0 0 0 0 0 0 0 0 0 0 0 0 0 0 0 0 0 0 0 0 0 0 0 0 0 53.14954454 0 0 622.8592161 86.70433636 634.6606236 1964.78317 4159.493319 1997.991664 1664.907641 3410.234665 5826.101788 2569.280632 1352.247552 1212.26772 7395.681137 0 0 7843.854767 0 5541.672749 0 5710.909986 12515.24351 12380.64685 6818.029024 32836.72722 19333.54285 21674.71511 30679.95891 65492.93684 32974.31138 58808.68251 52593.62128 89861.24189 27543.61502 27453.64955 27354.57121 37705.31877 17545.5189 45713.37355 43199.94466 26221.33706 16598.81744 69325.35298 78550.93605 37453.53068 41217.30474 42261.37416 38274.96145 23780.92914 32753.47821 47047.39048 50656.64129 42029.94543 15728.28361 11341.6424 13433.77049 8292.236378 9010.819236 3317.824401 0 18066.16237 14192.15154 6625.608721 12714.05779 15176.43692 6367.018348 2322.467636 2905.297721 0 2286.4048 3701.810256 3527.339618 0 0 0 0 0 0 0 0 0 0 0 0 0 0 0 0 0 0 0 0 0 0 0 0 0 0 0 0 0 0 0 0 0 0 0 0 0 0 0 0 0 0 0 0 0 0 0 0 0 0 0 0 0 0 0 0 0 0 0 0 0 0 0 0 0 0 0 0 0 0 0 0 0 0 0 0 0 0 0 0 0 0 0 0 0 0 0 0 0 0 0 0 0 0 
0 0 0 0 0 0 0 0 0 0 0 0 0 0 0 0 0 0 0 0 0 0 0 0 0 0 0 0 0 0 0 0 0 0 0 0 0 0 0 0 0 0 0 0 0 0 0 0 0 0 0 0 0 0 0 0 0 0 0 0 0 0 0 0 0 0 0 0 0 0 0 0 0 0 0 0 0 0 0 0 0 0 0 0 0 0 0 0 171.4967798 578.88428 599.10592 208.8492398 1258.763526 2072.392577 408.2262027 1050.261835 1764.633759 2656.088979 4735.737827 1840.825222 0 2787.253483 1974.489768 5500.043523 4180.488439 2207.388049 0 8534.645471 0 5809.212412 0 0 6394.563808 13612.10065 0 51136.50779 20252.57377 21117.09025 16938.90176 22804.2978 30173.05067 26627.47776 17288.69434 26532.3435 64246.05808 27495.96682 46444.06234 37101.27286 64144.04621 28159.88684 23741.52146 34382.89474 42427.9816 36271.44232 0 29444.82269 16028.12085 50145.83081 74644.20801 20317.28299 38369.93624 28396.36941 29559.10533 24956.83302 24209.53054 18633.02846 20982.40323 12346.13459 3589.916956 4246.721567 10764.50434 9943.967066 10153.30409 3117.000882 18703.91607 7641.505786 6411.675206 2204.165686 0 3947.761373 0 1589.652885 0 0 0 0 0 0 0 0 0 0 0 0 0 0 0 0 0 0 0 0 0 0 0 0 0 0 0 0 0 0 0 0 0 0 0 0 0 0 0 0 0 0 0 0 0 0 0 0 0 0 0 0 0 0 0 0 0 0 0 0 0 0 0 0 0 0 0 0 0 0 0 0 0 0 0 0 0 0 0 0 0 0 0 0 0 0 0 0 0 0 0 0 0 0 
0 0 0 0 0 0 0 0 0 0 0 0 0 0 0 0 0 0 0 0 0 0 0 0 0 0 0 0 0 0 0 0 0 0 0 0 0 0 0 0 0 0 0 0 0 0 0 0 0 0 0 0 0 0 0 0 0 0 0 0 0 0 0 0 0 0 0 0 0 0 0 0 0 0 0 0 0 0 0 0 0 0 0 0 0 0 0 0 0 289.2174974 265.6198186 193.4480195 1234.59679 197.8768259 655.2157378 206.2914227 0 4735.027359 1551.583998 2546.437496 0 1696.486774 1800.711468 0 2029.795978 0 0 0 5571.462643 17529.27238 12508.08423 6273.616863 6337.050916 33833.58678 0 12778.43318 14225.29992 28735.22715 29739.15684 23741.85754 42399.73653 26176.19099 26813.46151 27804.30998 27406.35272 47107.09902 36969.45833 44872.92153 26951.45165 100418.2074 18094.16281 42239.11246 38626.62207 32300.44885 53778.69064 23426.86961 75713.82093 22752.21675 27474.04286 39188.25721 31794.76242 30055.8371 19859.15981 23385.16123 9917.202818 15767.92793 27139.16785 8384.852839 16629.51636 11457.93722 23840.74808 16428.76039 7585.100633 16580.90874 2798.057708 22895.66969 11962.35379 2247.409284 0 3824.055376 4950.927481 3172.854562 0 0 0 0 0 0 0 0 0 0 0 0 0 0 0 0 0 0 0 0 0 0 0 0 0 0 0 0 0 0 0 0 0 0 0 0 0 0 0 0 0 0 0 0 0 0 0 0 0 0 0 0 0 0 0 0 0 0 0 0 0 0 0 0 0 0 0 0 0 0 0 0 0 0 0 0 0 0 0 0 0 0 0 0 0 0 0 0 0 0 0 0 0 0 
0 0 0 0 0 0 0 0 0 0 0 0 0 0 0 0 0 0 0 0 0 0 0 0 0 0 0 0 0 0 0 0 0 0 0 0 0 0 0 0 0 0 0 0 0 0 0 0 0 0 0 0 0 0 0 0 0 0 0 0 0 0 0 0 0 0 0 0 0 0 0 0 0 0 0 0 0 0 0 0 0 0 0 0 0 0 0 0 114.8091545 103.3972504 269.2624421 586.0052292 631.4312114 216.2962248 0 2550.607218 848.5468075 1206.555022 1628.695376 4556.939327 7777.479828 4321.10038 3520.510034 2436.822972 5578.527829 2115.448468 5082.437522 2934.681384 0 3072.961642 0 0 6507.676609 16951.42722 19065.1255 7325.330947 22425.35807 43827.74614 8215.357253 80872.82464 16464.65807 36009.73938 79752.74164 26888.38893 18193.35853 9007.96829 45385.45123 64774.72934 43950.13673 42791.84822 61582.7344 43516.70707 52459.99807 6851.906968 15074.17799 15900.80205 74240.43989 52888.94816 43421.17687 21079.63016 29091.07358 17948.83933 20500.13929 30422.3019 18546.57379 10556.54353 11834.25889 8039.808682 10927.95095 4443.267045 6689.895045 22131.93758 9100.216739 20132.32818 14446.15054 10808.17737 2400.195549 5177.060708 4512.889243 7850.156967 0 0 1381.865893 0 0 0 0 0 0 0 0 0 0 0 0 0 0 0 0 0 0 0 0 0 0 0 0 0 0 0 0 0 0 0 0 0 0 0 0 0 0 0 0 0 0 0 0 0 0 0 0 0 0 0 0 0 0 0 0 0 0 0 0 0 0 0 0 0 0 0 0 0 0 0 0 0 0 0 0 0 0 0 0 0 0 0 0 0 0 0 0 0 0 0 0 0 
0 0 0 0 0 0 0 0 0 0 0 0 0 0 0 0 0 0 0 0 0 0 0 0 0 0 0 0 0 0 0 0 0 0 0 0 0 0 0 0 0 0 0 0 0 0 0 0 0 0 0 0 0 0 0 0 0 0 0 0 0 0 0 0 0 0 0 0 0 0 0 0 0 0 0 0 0 0 0 0 0 0 0 0 0 0 0 0 305.4289489 320.3221722 515.5288298 476.758771 529.6986114 169.9219099 1908.638357 1022.266299 3967.058204 4004.784951 7216.315045 3465.073931 1746.367757 7241.634119 0 3809.737148 1703.611277 9637.391018 2686.296247 10759.19326 5671.888622 0 18436.58328 0 0 0 13779.46532 21508.91621 8056.46108 37861.4805 31589.98648 13879.11422 16927.46745 61605.9529 35108.13238 34995.18079 63629.89739 28499.89877 19210.79416 36571.97095 46130.95175 24691.77568 27224.26051 40361.70167 25166.92839 53817.33738 32057.35836 45559.41233 45330.87057 40520.80955 36521.02204 33805.88533 31024.34037 27574.69303 55024.46948 22805.56672 18639.93993 9034.877626 14985.01449 21349.0527 7306.038167 32317.26501 13483.03878 27875.52803 6661.175293 19470.74481 6146.042188 8156.930587 5266.465698 4439.490829 6032.332886 7877.024589 3299.922236 4815.502668 1321.777081 0 0 0 0 0 0 0 0 0 0 0 0 0 0 0 0 0 0 0 0 0 0 0 0 0 0 0 0 0 0 0 0 0 0 0 0 0 0 0 0 0 0 0 0 0 0 0 0 0 0 0 0 0 0 0 0 0 0 0 0 0 0 0 0 0 0 0 0 0 0 0 0 0 0 0 0 0 0 0 0 0 0 0 0 0 0 0 0 0 0 0 0 0 
0 0 0 0 0 0 0 0 0 0 0 0 0 0 0 0 0 0 0 0 0 0 0 0 0 0 0 0 0 0 0 0 0 0 0 0 0 0 0 0 0 0 0 0 0 0 0 0 0 0 0 0 0 0 0 0 0 0 0 0 0 0 0 0 0 0 0 0 0 0 0 0 0 0 0 0 0 0 0 0 0 0 0 0 0 0 0 0 125.3875722 233.7714453 0 588.2140336 1217.148222 0 481.5516663 3072.584265 2322.941848 2945.472388 3507.170916 4237.618887 2411.485929 1628.284762 1249.244251 2179.103813 4044.529302 7442.638414 0 2983.067685 5619.601337 12021.95062 0 6478.249854 26183.80087 19550.89056 20750.33638 28732.70179 28592.75058 15640.39527 30397.84146 49111.52475 7874.792314 34513.31332 35068.48072 45370.65198 110741.6088 56453.10586 27120.35005 37653.41173 100455.5566 61450.91191 34365.91808 50984.16294 55990.65693 64045.50502 42221.34604 42204.02316 42262.63561 29135.1364 55234.63376 59151.23103 31044.56696 12897.25144 31876.97872 15810.5421 11295.66917 20524.5082 17006.53837 4432.017142 15809.96084 3397.917564 3625.336079 0 7340.614926 10335.62954 9892.322589 6436.499519 7214.705738 5695.780079 2635.498206 4197.687539 3897.706348 0 0 1392.068902 1104.938709 0 0 0 0 0 0 0 0 0 0 0 0 0 0 0 0 0 0 0 0 0 0 0 0 0 0 0 0 0 0 0 0 0 0 0 0 0 0 0 0 0 0 0 0 0 0 0 0 0 0 0 0 0 0 0 0 0 0 0 0 0 0 0 0 0 0 0 0 0 0 0 0 0 0 0 0 0 0 0 0 0 0 0 0 0 0 0 0 0 0 0 
0 0 0 0 0 0 0 0 0 0 0 0 0 0 0 0 0 0 0 0 0 0 0 0 0 0 0 0 0 0 0 0 0 0 0 0 0 0 0 0 0 0 0 0 0 0 0 0 0 0 0 0 0 0 0 0 0 0 0 0 0 0 0 0 0 0 0 0 0 0 0 0 0 0 0 0 0 0 0 0 0 0 0 0 0 0 0 0 0 0 0 116.2832649 1158.375721 1724.36727 149.0951518 1980.596141 1896.935945 3800.643975 4597.070198 1588.14594 2779.412085 5198.699944 1387.240513 5832.302475 4286.753306 0 15432.97718 2916.770828 14509.05796 14674.16764 0 12652.16232 19509.78999 6423.327464 19709.6354 20604.38011 28069.2429 36104.63388 39162.02711 16467.96309 6568.098582 61566.83604 32421.98116 63691.77131 56179.02863 66242.05387 27467.55686 63659.65663 27438.61715 44412.72968 33375.16936 64954.92285 63350.39078 24660.34899 16924.08777 53248.7567 29098.52839 40410.93992 57455.82691 18439.86139 32043.39853 26760.14088 23883.4576 31732.25735 24389.69214 19030.30114 8485.702799 12254.76068 15149.17167 4190.367979 7239.503154 3525.139299 13347.42327 17510.98478 12254.13085 5872.91452 8642.924335 12381.51469 0 5282.813815 3251.413946 3135.03468 0 0 0 0 0 0 0 0 0 0 0 0 0 0 0 0 0 0 0 0 0 0 0 0 0 0 0 0 0 0 0 0 0 0 0 0 0 0 0 0 0 0 0 0 0 0 0 0 0 0 0 0 0 0 0 0 0 0 0 0 0 0 0 0 0 0 0 0 0 0 0 0 0 0 0 0 0 0 0 0 0 0 0 0 0 0 0 0 0 0 0 0 0 0 
0 0 0 0 0 0 0 0 0 0 0 0 0 0 0 0 0 0 0 0 0 0 0 0 0 0 0 0 0 0 0 0 0 0 0 0 0 0 0 0 0 0 0 0 0 0 0 0 0 0 0 0 0 0 0 0 0 0 0 0 0 0 0 0 0 0 0 0 0 0 0 0 0 0 0 0 0 0 0 0 0 0 0 0 0 0 0 50.98628087 125.2474153 231.7520475 573.6087043 637.8971679 836.6019071 945.7099832 1326.595123 1465.66753 1306.606453 809.621515 5962.248833 5528.233592 4988.066588 4135.059234 3564.449175 4318.598739 4709.198953 0 0 0 9060.51176 11518.8166 0 6461.986476 18152.31252 25086.34202 13865.40552 7358.670755 22841.53875 36842.79357 44964.20535 53193.60014 50616.4505 26516.82846 60764.3144 0 65111.77872 46141.22664 55626.39357 27994.56998 80155.64128 46482.90348 32209.30438 34652.92991 23811.54868 39938.67676 15361.25274 45788.22096 13259.60516 33772.95929 33793.62176 21325.3671 24038.73419 16434.17675 10158.49729 21139.40272 40232.87275 19928.86355 22635.72511 4123.630382 24107.20555 3476.753711 17548.93107 15472.29164 12622.55137 9734.825521 10114.68061 8023.697453 9756.420494 4846.454994 6607.350127 5788.170081 1975.073177 3488.477191 0 0 0 0 0 0 0 0 0 0 0 0 0 0 0 0 0 0 0 0 0 0 0 0 0 0 0 0 0 0 0 0 0 0 0 0 0 0 0 0 0 0 0 0 0 0 0 0 0 0 0 0 0 0 0 0 0 0 0 0 0 0 0 0 0 0 0 0 0 0 0 0 0 0 0 0 0 0 0 0 0 0 0 0 0 0 0 0 0 0 0 0 0 0 
0 0 0 0 0 0 0 0 0 0 0 0 0 0 0 0 0 0 0 0 0 0 0 0 0 0 0 0 0 0 0 0 0 0 0 0 0 0 0 0 0 0 0 0 0 0 0 0 0 0 0 0 0 0 0 0 0 0 0 0 0 0 0 0 0 0 0 0 0 0 0 0 0 0 0 0 0 0 0 0 0 0 0 0 0 0 0 0 27.50077446 0 376.962975 597.0933901 0 1097.806692 1581.784497 1419.896375 1725.619433 965.4915625 3739.613696 6115.581034 2808.630854 9263.218706 3388.359936 3657.077911 1745.604056 0 5142.467171 0 11440.23405 0 6228.238266 12417.64994 19579.83547 7070.625366 12136.18196 12888.04346 7509.220981 32155.08326 16071.26743 71385.47254 34283.64828 36678.05496 45650.0536 54409.71626 36944.54904 9365.252691 74038.61298 9376.885992 71889.3153 71885.2245 37116.34935 64928.23253 16177.60385 51420.85651 15636.5469 6769.333953 24414.80246 14490.49723 23629.87742 27623.4299 26031.57108 46789.40778 16585.26597 5493.331441 9739.836019 29139.57121 17560.90128 25546.9337 8049.056508 17504.45211 19588.89823 17364.59027 10261.89029 10142.23534 9459.071331 3231.041515 11452.77915 1929.545114 4606.056658 1756.601992 0 1551.510817 3674.185295 2512.74636 0 0 0 0 0 0 0 0 0 0 0 0 0 0 0 0 0 0 0 0 0 0 0 0 0 0 0 0 0 0 0 0 0 0 0 0 0 0 0 0 0 0 0 0 0 0 0 0 0 0 0 0 0 0 0 0 0 0 0 0 0 0 0 0 0 0 0 0 0 0 0 0 0 0 0 0 0 0 0 0 0 0 0 0 0 0 0 0 0 0 0 0 
0 0 0 0 0 0 0 0 0 0 0 0 0 0 0 0 0 0 0 0 0 0 0 0 0 0 0 0 0 0 0 0 0 0 0 0 0 0 0 0 0 0 0 0 0 0 0 0 0 0 0 0 0 0 0 0 0 0 0 0 0 0 0 0 0 0 0 0 0 0 0 0 0 0 0 0 0 0 0 0 0 0 0 0 0 0 0 0.7277667548 0 302.0672171 190.0220512 365.8565101 299.8896072 2726.692407 0 581.2465408 1015.034536 2231.824905 838.7430642 2879.353102 8252.796895 0 4899.00601 2044.461042 4130.253318 0 0 11304.90595 0 0 0 6337.255098 6535.312298 14209.4042 13957.59284 28894.58307 15704.14056 15126.20014 25147.5052 40840.1304 63918.87934 44153.17253 36267.22277 36344.54611 55349.05802 55047.88724 36586.50761 27626.62752 43371.85586 8240.822259 25979.35724 75741.61727 8976.740526 63466.45845 15726.6405 31865.31642 51906.54909 32198.89682 33553.44189 24629.63933 25486.78163 41181.01981 11165.48699 25283.36966 23034.81105 13988.6315 12914.97337 17074.73283 3652.644248 16157.94206 18078.79278 11467.7877 7186.428258 5657.947382 12541.0492 11819.59365 9132.002136 6373.837363 0 3698.395559 0 1624.239884 1260.869213 0 0 0 0 0 0 0 0 0 0 0 0 0 0 0 0 0 0 0 0 0 0 0 0 0 0 0 0 0 0 0 0 0 0 0 0 0 0 0 0 0 0 0 0 0 0 0 0 0 0 0 0 0 0 0 0 0 0 0 0 0 0 0 0 0 0 0 0 0 0 0 0 0 0 0 0 0 0 0 0 0 0 0 0 0 0 0 0 0 0 0 0 0 
0 0 0 0 0 0 0 0 0 0 0 0 0 0 0 0 0 0 0 0 0 0 0 0 0 0 0 0 0 0 0 0 0 0 0 0 0 0 0 0 0 0 0 0 0 0 0 0 0 0 0 0 0 0 0 0 0 0 0 0 0 0 0 0 0 0 0 0 0 0 0 0 0 0 0 0 0 0 0 0 0 0 0 0 0 0 0 0 31.88257056 70.82771203 407.109132 475.9695748 471.9144676 970.584764 1060.915782 1176.799504 2157.216222 3180.971824 1566.740824 7461.406526 3422.971733 1386.315128 3076.85978 3526.232833 4086.075783 5105.182721 10102.33605 8078.961569 5731.741054 0 6316.55283 0 0 0 12528.62601 37164.27874 22341.89394 43152.99412 46003.41328 16974.18032 21424.70731 59165.84712 62045.25815 46328.26645 37777.99928 28183.86208 56437.99807 27292.65805 37586.64392 27773.01228 49571.95411 7361.090305 22364.95539 68216.856 23846.31625 22892.2898 27908.28183 50126.53847 13546.59539 34584.52321 34608.6222 47424.71171 30827.53256 30783.41165 12852.77659 19252.56515 17662.87908 21052.52874 29698.09758 7724.689751 4305.150722 18490.17658 21025.58628 10774.87848 13591.70534 18517.96153 6648.803862 9698.414128 6816.081489 2400.179571 1646.666934 1495.038764 0 0 0 0 0 0 0 0 0 0 0 0 0 0 0 0 0 0 0 0 0 0 0 0 0 0 0 0 0 0 0 0 0 0 0 0 0 0 0 0 0 0 0 0 0 0 0 0 0 0 0 0 0 0 0 0 0 0 0 0 0 0 0 0 0 0 0 0 0 0 0 0 0 0 0 0 0 0 0 0 0 0 0 0 0 0 0 0 0 0 0 0 0 0 
0 0 0 0 0 0 0 0 0 0 0 0 0 0 0 0 0 0 0 0 0 0 0 0 0 0 0 0 0 0 0 0 0 0 0 0 0 0 0 0 0 0 0 0 0 0 0 0 0 0 0 0 0 0 0 0 0 0 0 0 0 0 0 0 0 0 0 0 0 0 0 0 0 0 0 0 0 0 0 0 0 0 0 0 0 0 0 0 0 0 1167.026619 711.7672755 542.7939934 889.0753664 859.8535296 641.9544513 2407.247527 2791.786438 2061.94991 3604.407012 754.7117307 5505.873585 5559.227836 0 4512.675342 0 0 5546.318914 0 0 18234.98974 6267.845967 6362.05149 18605.7465 6570.784178 14625.96128 15305.01533 21377.45787 37056.53193 20991.27194 0 43039.91076 50230.68099 57185.40498 47160.63831 26626.69142 45711.4302 56859.52982 27603.87762 62465.05233 15555.81419 35226.18973 56416.81385 29892.88568 49893.69773 38961.68751 40613.36864 62834.19219 25657.70296 21269.33811 53072.46211 24757.90966 27300.02033 27111.03433 16723.71162 15989.96682 18604.96028 16074.7232 11695.36167 16088.23359 8144.073921 9709.785407 9704.520993 6596.309451 18897.53436 5740.907585 3174.377565 10109.31948 12704.22571 0 1765.306805 0 1502.301659 1335.320456 0 0 0 0 0 0 0 0 0 0 0 0 0 0 0 0 0 0 0 0 0 0 0 0 0 0 0 0 0 0 0 0 0 0 0 0 0 0 0 0 0 0 0 0 0 0 0 0 0 0 0 0 0 0 0 0 0 0 0 0 0 0 0 0 0 0 0 0 0 0 0 0 0 0 0 0 0 0 0 0 0 0 0 0 0 0 0 0 0 0 0 0 
0 0 0 0 0 0 0 0 0 0 0 0 0 0 0 0 0 0 0 0 0 0 0 0 0 0 0 0 0 0 0 0 0 0 0 0 0 0 0 0 0 0 0 0 0 0 0 0 0 0 0 0 0 0 0 0 0 0 0 0 0 0 0 0 0 0 0 0 0 0 0 0 0 0 0 0 0 0 0 0 0 0 0 0 0 0 0 0 0 351.9341255 322.5640949 159.0691753 257.7927872 233.183179 1103.033431 1854.030958 2777.457445 4358.512242 1222.713418 1753.492802 4489.973788 3136.142531 1895.8226 3612.520435 4377.604073 2519.667904 5006.364416 2912.107711 2823.566788 5736.03504 12209.14598 0 6619.546942 0 20828.69143 21501.62209 14708.76249 23055.13948 19661.09268 49674.77579 23542.71305 59280.81605 25058.38753 75950.50898 65012.65219 27780.86135 36631.87661 9572.379295 35801.20182 7831.004951 18035.04181 77034.48576 7493.758268 47291.78712 38896.25882 38251.48048 22269.54727 22678.23779 28320.14253 38358.85231 27821.99244 36971.2807 16684.18183 47979.14962 27948.83975 8741.651427 12496.16673 4669.707829 20706.62049 0 13456.80493 0 13465.9064 2855.244632 6336.499553 11994.3932 13310.8412 2946.758987 10640.34428 0 1964.142176 1354.100435 1455.482559 0 0 0 0 0 0 0 0 0 0 0 0 0 0 0 0 0 0 0 0 0 0 0 0 0 0 0 0 0 0 0 0 0 0 0 0 0 0 0 0 0 0 0 0 0 0 0 0 0 0 0 0 0 0 0 0 0 0 0 0 0 0 0 0 0 0 0 0 0 0 0 0 0 0 0 0 0 0 0 0 0 0 0 0 0 0 0 0 0 0 0 0 0 
0 0 0 0 0 0 0 0 0 0 0 0 0 0 0 0 0 0 0 0 0 0 0 0 0 0 0 0 0 0 0 0 0 0 0 0 0 0 0 0 0 0 0 0 0 0 0 0 0 0 0 0 0 0 0 0 0 0 0 0 0 0 0 0 0 0 0 0 0 0 0 0 0 0 0 0 0 0 0 0 0 0 0 0 0 0 0 50.36528459 279.7090067 0 0 1148.661911 2081.26974 1396.206827 1000.109744 1162.808956 1757.223035 1706.599553 947.6851325 7011.609832 6494.92023 3329.150692 0 4369.597481 5186.128713 4518.434667 4953.093197 0 0 6051.712748 6114.196225 0 6418.827791 7066.746237 27740.09526 26643.84407 7778.757376 34262.44762 54656.68085 25789.73379 24796.30816 22538.4317 76310.80958 35182.67231 45532.78568 56910.17552 18459.31548 28506.67753 36970.71306 44315.14631 34473.7999 40685.6817 25141.2435 32047.34227 59582.55108 49161.32992 38662.64491 62228.44176 19620.67093 11063.17362 17130.35385 27580.41592 74104.06786 22581.35528 13490.45597 21376.28654 21978.97694 7994.466863 11710.1674 4222.415791 20925.76792 10889.30436 23648.59829 10135.55227 7333.853438 9331.587484 4869.122587 5058.013777 7749.653709 3796.507299 0 0 0 0 0 0 0 0 0 0 0 0 0 0 0 0 0 0 0 0 0 0 0 0 0 0 0 0 0 0 0 0 0 0 0 0 0 0 0 0 0 0 0 0 0 0 0 0 0 0 0 0 0 0 0 0 0 0 0 0 0 0 0 0 0 0 0 0 0 0 0 0 0 0 0 0 0 0 0 0 0 0 0 0 0 0 0 0 0 0 0 0 0 0 0 0 
0 0 0 0 0 0 0 0 0 0 0 0 0 0 0 0 0 0 0 0 0 0 0 0 0 0 0 0 0 0 0 0 0 0 0 0 0 0 0 0 0 0 0 0 0 0 0 0 0 0 0 0 0 0 0 0 0 0 0 0 0 0 0 0 0 0 0 0 0 0 0 0 0 0 0 0 0 0 0 0 0 0 0 0 0 0 0 0 187.8626715 0 0 258.5443869 289.82912 842.5002857 1449.105073 2176.117983 3605.096074 3232.037822 4573.849626 1143.7825 0 3321.040367 1336.904854 3925.050711 0 2504.149904 7442.155682 5382.139362 5545.544356 5677.568457 12195.92108 6224.309626 6823.164256 20645.16509 19902.54839 7010.771771 28229.16232 15140.08097 56409.62308 16778.48394 38932.62771 26442.00232 36904.78962 27980.30516 17617.56764 56659.57373 55316.68853 47121.16485 84672.36549 79068.4075 26321.7267 50222.82442 48477.6613 39622.53197 36670.38223 15135.59563 33126.59738 21004.85058 39240.79597 24425.41753 11458.17789 30274.659 46471.87067 26461.01743 30844.18331 22785.93619 17852.09818 17034.31204 30212.79271 23672.88725 11891.32436 17561.01811 21572.68024 15982.74039 30061.6379 15410.44372 19367.07334 4970.906691 6328.208197 4876.745078 0 1778.629453 2880.366606 0 0 0 0 0 0 0 0 0 0 0 0 0 0 0 0 0 0 0 0 0 0 0 0 0 0 0 0 0 0 0 0 0 0 0 0 0 0 0 0 0 0 0 0 0 0 0 0 0 0 0 0 0 0 0 0 0 0 0 0 0 0 0 0 0 0 0 0 0 0 0 0 0 0 0 0 0 0 0 0 0 0 0 0 0 0 0 0 0 0 0 0 0 
0 0 0 0 0 0 0 0 0 0 0 0 0 0 0 0 0 0 0 0 0 0 0 0 0 0 0 0 0 0 0 0 0 0 0 0 0 0 0 0 0 0 0 0 0 0 0 0 0 0 0 0 0 0 0 0 0 0 0 0 0 0 0 0 0 0 0 0 0 0 0 0 0 0 0 0 0 0 0 0 0 0 0 0 0 0 0 0 67.5758268 470.7886314 76.23667347 384.6598606 2549.503539 1551.399357 0 0 1621.961076 3531.219217 1718.649765 1616.834154 3037.107256 1137.724265 4740.913699 4099.601311 8672.055817 6509.576928 10583.6885 2681.747685 2865.333757 11686.92954 0 0 6566.877311 6889.386735 14322.37206 34839.08655 7484.524533 29104.29411 24604.59534 17223.36795 26195.90485 53080.86362 26529.85432 19095.8235 28991.68267 28125.71602 18036.01404 9166.001746 35926.73194 42932.45793 45093.881 41268.64177 48618.09657 8143.453365 51800.94081 22896.557 67600.67076 16191.22669 60512.8049 29469.72353 32656.973 27222.5903 27625.19785 16472.85629 13612.24818 17961.71505 8734.256893 25592.95761 12458.39953 11265.10687 17889.17852 14022.33362 6859.729911 10566.259 3181.154254 7729.031377 5846.474453 5111.105442 2230.961596 1910.89947 1567.111305 1806.692876 3031.336358 0 0 0 0 0 0 0 0 0 0 0 0 0 0 0 0 0 0 0 0 0 0 0 0 0 0 0 0 0 0 0 0 0 0 0 0 0 0 0 0 0 0 0 0 0 0 0 0 0 0 0 0 0 0 0 0 0 0 0 0 0 0 0 0 0 0 0 0 0 0 0 0 0 0 0 0 0 0 0 0 0 0 0 0 0 0 0 0 0 0 0 0 0 
0 0 0 0 0 0 0 0 0 0 0 0 0 0 0 0 0 0 0 0 0 0 0 0 0 0 0 0 0 0 0 0 0 0 0 0 0 0 0 0 0 0 0 0 0 0 0 0 0 0 0 0 0 0 0 0 0 0 0 0 0 0 0 0 0 0 0 0 0 0 0 0 0 0 0 0 0 0 0 0 0 0 0 0 0 0 0 0 0 144.412943 199.9397561 584.7765361 134.816125 2391.212258 979.6306995 2931.248541 3046.624456 5487.98243 4409.731493 2756.591086 4857.371537 8625.098862 5142.756586 3440.873081 7054.693768 7673.783848 2128.220913 0 0 0 12251.45384 25668.9119 6439.510105 13560.73676 6619.426646 14262.26454 15157.41034 29685.1902 23882.9803 57474.19588 48292.96904 44151.48169 62070.24153 36585.87845 45011.31032 18502.2201 28108.69985 54625.28188 100610.2503 62627.7541 99401.34609 35783.95991 43200.44038 56210.90752 13754.0895 60668.57286 58300.41083 28220.13862 7854.078596 33808.85063 23787.04328 36748.61865 22877.87193 30582.1842 19033.70637 16692.08218 9040.199938 4387.305416 4027.532064 11147.22831 14523.43399 16915.78076 13129.76863 13339.42601 4764.885571 12862.80068 13964.38546 9185.337217 9285.641621 4130.967473 0 3018.286218 0 0 0 0 0 0 0 0 0 0 0 0 0 0 0 0 0 0 0 0 0 0 0 0 0 0 0 0 0 0 0 0 0 0 0 0 0 0 0 0 0 0 0 0 0 0 0 0 0 0 0 0 0 0 0 0 0 0 0 0 0 0 0 0 0 0 0 0 0 0 0 0 0 0 0 0 0 0 0 0 0 0 0 0 0 0 0 0 0 0 0 0 0 0 
0 0 0 0 0 0 0 0 0 0 0 0 0 0 0 0 0 0 0 0 0 0 0 0 0 0 0 0 0 0 0 0 0 0 0 0 0 0 0 0 0 0 0 0 0 0 0 0 0 0 0 0 0 0 0 0 0 0 0 0 0 0 0 0 0 0 0 0 0 0 0 0 0 0 0 0 0 0 0 0 0 0 0 0 0 0 0 0 109.8136967 0 670.7528054 458.7013138 1142.195423 628.2793668 1835.183725 2868.916366 4045.178275 5971.118605 6416.275291 6782.893737 4572.041558 0 0 4528.023345 0 2466.950923 5147.486747 5436.636885 16788.83623 11624.85316 6229.328046 0 12729.44633 19021.4214 34947.98356 29301.88478 37456.53238 39291.40515 7597.285199 22531.119 7960.094013 0 53093.39539 27128.7457 64233.07295 18272.11729 47157.08048 16853.47959 36729.27814 27844.91955 44385.98889 40494.09597 55257.26977 38712.68764 15865.03972 35435.67736 27152.67973 54592.99488 49079.47365 44909.10735 47326.34319 30508.26639 36014.70307 30895.92414 10265.90726 14302.15472 9081.020257 12275.98489 12283.35368 0 7716.608725 10646.18271 7200.012453 20808.05634 2861.437001 0 8588.481773 2155.77197 4592.620106 4150.172322 5685.76329 0 1220.753521 1239.228674 0 0 0 0 0 0 0 0 0 0 0 0 0 0 0 0 0 0 0 0 0 0 0 0 0 0 0 0 0 0 0 0 0 0 0 0 0 0 0 0 0 0 0 0 0 0 0 0 0 0 0 0 0 0 0 0 0 0 0 0 0 0 0 0 0 0 0 0 0 0 0 0 0 0 0 0 0 0 0 0 0 0 0 0 0 0 0 0 0 0 0 0 
0 0 0 0 0 0 0 0 0 0 0 0 0 0 0 0 0 0 0 0 0 0 0 0 0 0 0 0 0 0 0 0 0 0 0 0 0 0 0 0 0 0 0 0 0 0 0 0 0 0 0 0 0 0 0 0 0 0 0 0 0 0 0 0 0 0 0 0 0 0 0 0 0 0 0 0 0 0 0 0 0 0 0 0 0 0 0 0 0 436.9673837 427.9016001 475.5538358 588.3960229 557.2413926 539.0736501 4291.247647 2761.88781 2459.738573 4965.126549 3690.547334 1396.610314 3301.899763 1611.492584 0 2262.65404 6966.510576 0 8369.289666 0 0 0 6347.919099 11354.61814 20638.33982 21765.64044 0 37425.89147 28315.30812 8080.518773 33198.59047 42909.35411 34697.93191 26305.95954 46494.03015 9386.604799 46860.98565 74700.89924 64365.75139 8143.524977 51851.84159 52631.14739 15186.56582 23357.7093 40736.35546 30266.90466 51218.71992 29638.17885 20989.02437 23503.91542 37211.72444 24043.81602 5673.301986 43963.59873 25600.44745 19706.64556 13354.15948 7691.591463 16386.72611 16983.82914 3591.951226 3421.343975 6512.298592 13344.62394 3546.666646 2885.578169 3287.895924 10641.00162 1959.073629 2328.321545 3455.715952 3958.36668 0 1279.209615 1322.822093 0 0 0 0 0 0 0 0 0 0 0 0 0 0 0 0 0 0 0 0 0 0 0 0 0 0 0 0 0 0 0 0 0 0 0 0 0 0 0 0 0 0 0 0 0 0 0 0 0 0 0 0 0 0 0 0 0 0 0 0 0 0 0 0 0 0 0 0 0 0 0 0 0 0 0 0 0 0 0 0 0 0 0 0 0 0 0 0 0 0 0 0 
0 0 0 0 0 0 0 0 0 0 0 0 0 0 0 0 0 0 0 0 0 0 0 0 0 0 0 0 0 0 0 0 0 0 0 0 0 0 0 0 0 0 0 0 0 0 0 0 0 0 0 0 0 0 0 0 0 0 0 0 0 0 0 0 0 0 0 0 0 0 0 0 0 0 0 0 0 0 0 0 0 0 0 0 0 0 0 0 0 266.8375148 0 522.616455 206.1435673 518.7793106 1286.874535 169.540669 2822.416694 2207.645221 4238.59163 5229.148353 5484.491899 0 0 3284.045247 2061.619637 0 2306.124321 7948.896547 5457.814016 0 0 12601.22477 0 20343.81377 28345.37459 21329.01599 27711.31434 0 57168.49424 20465.91179 25570.28468 51018.55204 8452.913631 52294.70047 62484.89125 18817.69801 73145.23125 17894.79702 26425.11425 79837.64144 32584.06395 33931.37345 32808.80261 53393.80495 37688.65546 27124.78484 48977.61305 27741.36122 57897.67356 27334.05752 37461.27108 11395.67131 19383.6279 19291.98627 0 19899.26908 12808.99545 8442.223594 6887.337418 8191.333959 8141.300963 19732.79117 16949.9765 5573.391987 10582.24833 12495.23979 7884.169397 11027.56214 8186.020082 3898.846622 3957.772476 4786.226346 1329.026695 1424.965975 0 0 0 0 0 0 0 0 0 0 0 0 0 0 0 0 0 0 0 0 0 0 0 0 0 0 0 0 0 0 0 0 0 0 0 0 0 0 0 0 0 0 0 0 0 0 0 0 0 0 0 0 0 0 0 0 0 0 0 0 0 0 0 0 0 0 0 0 0 0 0 0 0 0 0 0 0 0 0 0 0 0 0 0 0 0 0 0 0 0 0 0 
0 0 0 0 0 0 0 0 0 0 0 0 0 0 0 0 0 0 0 0 0 0 0 0 0 0 0 0 0 0 0 0 0 0 0 0 0 0 0 0 0 0 0 0 0 0 0 0 0 0 0 0 0 0 0 0 0 0 0 0 0 0 0 0 0 0 0 0 0 0 0 0 0 0 0 0 0 0 0 0 0 0 0 0 0 0 0 0 0 0 0 999.2436156 0 567.3901724 467.9829762 2290.373161 2022.418311 1011.12395 3703.960892 4584.656676 5883.81088 2948.871202 4057.254632 1864.817526 0 4830.275218 2461.592454 3029.392272 0 0 0 0 32714.51391 6680.118348 34785.02424 7419.3299 7922.28162 51998.44561 38896.58463 24167.77339 41339.65176 8122.060385 60340.19518 0 26405.7485 64745.8328 55085.36558 34514.80958 44204.45829 36233.6831 61597.24799 31434.90044 15620.52144 29795.19786 37234.86114 68948.12343 43513.25617 24257.52851 43990.94801 42690.4006 23541.22519 28339.2101 63628.68702 18405.8364 15957.50937 14570.34232 18642.71894 7335.145876 7877.837758 8358.058646 6659.898225 3982.248679 12810.20219 13514.27024 14650.33236 10087.25794 0 12771.87066 1739.44449 6043.853447 4789.593874 2995.168609 0 2259.026019 1070.003397 0 0 0 0 0 0 0 0 0 0 0 0 0 0 0 0 0 0 0 0 0 0 0 0 0 0 0 0 0 0 0 0 0 0 0 0 0 0 0 0 0 0 0 0 0 0 0 0 0 0 0 0 0 0 0 0 0 0 0 0 0 0 0 0 0 0 0 0 0 0 0 0 0 0 0 0 0 0 0 0 0 0 0 0 0 0 0 0 0 0 0 
0 0 0 0 0 0 0 0 0 0 0 0 0 0 0 0 0 0 0 0 0 0 0 0 0 0 0 0 0 0 0 0 0 0 0 0 0 0 0 0 0 0 0 0 0 0 0 0 0 0 0 0 0 0 0 0 0 0 0 0 0 0 0 0 0 0 0 0 0 0 0 0 0 0 0 0 0 0 0 0 0 0 0 0 0 0 0 0 204.8110916 7.586810444 447.2239164 375.6501626 744.7764759 654.9047452 1488.23757 0 2190.773417 0 4403.648123 3954.166657 3901.856603 4957.986239 0 1982.618498 7820.51016 0 2755.213294 0 11195.99344 11368.84675 0 6198.143814 12608.01287 13170.16329 0 14300.96478 19847.42788 14865.73227 42394.71891 31743.56769 58685.80564 8724.022687 59219.4886 25945.8004 28454.03365 46316.8753 18345.16224 37563.55274 27925.51005 9435.818092 33330.68956 24408.10039 23267.11011 14491.77077 14044.91825 13606.84019 49871.74718 52351.39037 19730.58364 44162.28883 45266.09377 5812.822451 24292.41717 25156.72412 28097.04351 17033.49678 21457.36307 25592.84045 8557.347776 17749.76819 18756.49715 10708.78174 5331.218498 12841.64044 11880.31208 14425.93753 5389.560303 1968.487904 11182.04247 4557.045059 3484.397282 0 2544.811444 0 0 0 0 0 0 0 0 0 0 0 0 0 0 0 0 0 0 0 0 0 0 0 0 0 0 0 0 0 0 0 0 0 0 0 0 0 0 0 0 0 0 0 0 0 0 0 0 0 0 0 0 0 0 0 0 0 0 0 0 0 0 0 0 0 0 0 0 0 0 0 0 0 0 0 0 0 0 0 0 0 0 0 0 0 0 0 0 0 0 0 0 0 
0 0 0 0 0 0 0 0 0 0 0 0 0 0 0 0 0 0 0 0 0 0 0 0 0 0 0 0 0 0 0 0 0 0 0 0 0 0 0 0 0 0 0 0 0 0 0 0 0 0 0 0 0 0 0 0 0 0 0 0 0 0 0 0 0 0 0 0 0 0 0 0 0 0 0 0 0 0 0 0 0 0 0 0 0 0 0 0 154.0381735 0 548.031203 239.8687388 979.0354955 2078.893977 0 914.949903 3982.377037 1064.904646 954.1071399 1236.046952 1272.950005 2980.092248 1914.382123 6262.33173 1779.432061 0 7433.194398 10254.52347 5360.51151 0 11962.74123 0 13026.25333 38517.96719 6506.451928 26072.38432 19530.957 23509.43159 5885.286156 37793.6283 14237.28162 32840.49289 69205.23979 34329.69705 9562.774847 73449.48712 34758.48812 27515.39319 36902.17904 24878.88268 43228.41951 51272.81798 15787.51007 46914.51088 52449.76025 56665.72927 26178.50618 25405.05733 12102.81801 50672.6438 24778.77591 29561.46424 25675.36214 10958.79209 14076.02039 23473.89493 12775.80831 3607.799356 6909.629679 0 15116.97711 18323.29312 22782.58231 19552.36948 12554.09031 3080.730892 8084.600081 4207.160872 8433.249508 4046.387841 3196.948112 3195.236524 1630.810698 0 915.2199513 0 0 0 0 0 0 0 0 0 0 0 0 0 0 0 0 0 0 0 0 0 0 0 0 0 0 0 0 0 0 0 0 0 0 0 0 0 0 0 0 0 0 0 0 0 0 0 0 0 0 0 0 0 0 0 0 0 0 0 0 0 0 0 0 0 0 0 0 0 0 0 0 0 0 0 0 0 0 0 0 0 0 0 0 0 0 0 0 0 0 0 
0 0 0 0 0 0 0 0 0 0 0 0 0 0 0 0 0 0 0 0 0 0 0 0 0 0 0 0 0 0 0 0 0 0 0 0 0 0 0 0 0 0 0 0 0 0 0 0 0 0 0 0 0 0 0 0 0 0 0 0 0 0 0 0 0 0 0 0 0 0 0 0 0 0 0 0 0 0 0 0 0 0 0 0 0 0 0 6.94233043 74.24966343 319.6289302 402.8788517 385.4841247 0 285.7041576 2182.721638 1358.162586 318.8110307 2068.04277 4582.317321 4250.104465 3421.869969 2727.141911 5284.587311 3541.131155 4612.155787 0 0 10230.85225 0 0 0 6281.143267 9658.006807 19664.40453 19293.4686 24295.99144 7305.07857 13596.22835 13500.8527 38151.37784 38265.6333 29761.62789 53239.49745 35905.79051 64443.82323 26809.75756 27181.6295 18055.99936 35151.98562 32836.86024 42374.73324 22164.67348 56559.51326 14637.22431 37170.26538 16386.97124 14490.08313 31059.25719 17438.22645 25289.52873 7011.112393 62711.99676 33035.45232 23398.88255 23638.33942 24537.6715 27178.54745 29762.0893 3842.356493 4169.262046 10135.4277 6097.791544 3165.324819 21881.5566 11193.11867 7628.113295 4867.185978 7047.013627 3972.03948 4996.207045 5061.406817 1760.160693 0 0 0 0 0 0 0 0 0 0 0 0 0 0 0 0 0 0 0 0 0 0 0 0 0 0 0 0 0 0 0 0 0 0 0 0 0 0 0 0 0 0 0 0 0 0 0 0 0 0 0 0 0 0 0 0 0 0 0 0 0 0 0 0 0 0 0 0 0 0 0 0 0 0 0 0 0 0 0 0 0 0 0 0 0 0 0 0 0 0 0 0 0 0 
0 0 0 0 0 0 0 0 0 0 0 0 0 0 0 0 0 0 0 0 0 0 0 0 0 0 0 0 0 0 0 0 0 0 0 0 0 0 0 0 0 0 0 0 0 0 0 0 0 0 0 0 0 0 0 0 0 0 0 0 0 0 0 0 0 0 0 0 0 0 0 0 0 0 0 0 0 0 0 0 0 0 0 0 0 0 0 51.28501033 0 288.2976512 0 545.3543907 562.3336164 126.0430969 2510.43116 2489.59991 2552.005061 5456.965135 2774.479736 5268.425203 6817.172531 5591.024724 3521.419761 1683.337117 0 0 2709.484007 0 11677.08542 5949.35932 6243.438576 0 13027.7189 13737.53957 12687.73258 21475.92233 13425.92958 23219.91782 34888.67338 34345.50333 24129.23707 7748.004523 41180.31827 26034.81194 17183.64117 81251.07564 61420.52782 69293.22273 34198.30164 36343.27506 34069.92685 23434.71006 30421.28268 21996.57156 51923.82624 23554.46251 56168.93257 19041.55849 34212.15348 13055.32639 18894.76059 35216.55332 5361.44276 17018.56813 15293.9187 8855.764796 12814.58753 4778.62947 24362.27835 4085.240068 6628.616759 20199.59883 3984.265503 2918.522149 9563.973337 4362.484137 6933.097393 4482.098958 1972.906128 4137.837897 2042.975482 0 1092.363384 932.7534821 992.3429666 0 0 0 0 0 0 0 0 0 0 0 0 0 0 0 0 0 0 0 0 0 0 0 0 0 0 0 0 0 0 0 0 0 0 0 0 0 0 0 0 0 0 0 0 0 0 0 0 0 0 0 0 0 0 0 0 0 0 0 0 0 0 0 0 0 0 0 0 0 0 0 0 0 0 0 0 0 0 0 0 0 0 0 0 0 0 0 0 0 0 0 
0 0 0 0 0 0 0 0 0 0 0 0 0 0 0 0 0 0 0 0 0 0 0 0 0 0 0 0 0 0 0 0 0 0 0 0 0 0 0 0 0 0 0 0 0 0 0 0 0 0 0 0 0 0 0 0 0 0 0 0 0 0 0 0 0 0 0 0 0 0 0 0 0 0 0 0 0 0 0 0 0 0 0 0 0 0 0 0 261.5609482 0 37.51891335 1208.121391 1389.049988 233.293571 1179.555813 2252.433055 1987.328759 1007.462456 2839.984997 8718.488754 2567.063971 2572.956219 0 2071.898024 8010.68142 2411.342957 7413.582375 4896.520851 0 0 5276.723505 0 11017.9622 6576.201255 27277.07175 25381.43502 31691.90919 0 14117.56606 14520.24695 27216.82226 15926.84202 34157.43668 43696.36919 26856.97913 0 45041.8213 19019.11339 17459.16681 37442.76106 9054.028919 66395.01399 38275.56016 91738.85677 28214.51615 75608.69509 28373.53692 44767.83917 45941.39139 22105.68022 16280.63312 32658.29541 28395.28028 15688.28117 14895.24043 11729.38426 13555.30689 15850.14592 4510.965358 7643.693605 7308.202151 6944.245774 6518.856164 12718.17114 10252.43774 6298.34557 6916.132448 0 4531.245177 0 0 1193.209128 0 0 0 0 0 0 0 0 0 0 0 0 0 0 0 0 0 0 0 0 0 0 0 0 0 0 0 0 0 0 0 0 0 0 0 0 0 0 0 0 0 0 0 0 0 0 0 0 0 0 0 0 0 0 0 0 0 0 0 0 0 0 0 0 0 0 0 0 0 0 0 0 0 0 0 0 0 0 0 0 0 0 0 0 0 0 0 0 0 0 0 0 0 0 
0 0 0 0 0 0 0 0 0 0 0 0 0 0 0 0 0 0 0 0 0 0 0 0 0 0 0 0 0 0 0 0 0 0 0 0 0 0 0 0 0 0 0 0 0 0 0 0 0 0 0 0 0 0 0 0 0 0 0 0 0 0 0 0 0 0 0 0 0 0 0 0 0 0 0 0 0 0 0 0 0 0 0 0 0 0 0 0 0 0 27.59148123 430.597148 188.6062651 0 3379.92318 444.2780192 3530.280699 1385.423684 3211.950308 4982.764254 0 0 4939.029175 0 0 0 1759.7958 5374.023286 0 5738.079383 0 0 17888.43529 18403.29721 6025.857816 28760.8531 0 18520.54493 16421.7751 7765.013577 21282.57075 15279.59309 26630.51259 33798.57447 35380.62767 52258.66812 33724.13616 32515.73553 32352.37253 16317.47679 40316.59951 31291.33155 57599.71321 50248.30774 28838.28442 21135.12795 25299.78972 11918.74539 12181.60028 20027.47924 27058.03169 21813.30769 38693.88043 4765.28836 8368.322529 10162.12947 8079.039861 3633.597327 10903.74069 6277.952922 20961.75865 4223.470176 2220.049611 18431.67153 20213.27498 20598.47715 9888.576108 8609.406524 6580.181294 7603.738244 0 1649.269461 0 0 0 0 0 0 0 0 0 0 0 0 0 0 0 0 0 0 0 0 0 0 0 0 0 0 0 0 0 0 0 0 0 0 0 0 0 0 0 0 0 0 0 0 0 0 0 0 0 0 0 0 0 0 0 0 0 0 0 0 0 0 0 0 0 0 0 0 0 0 0 0 0 0 0 0 0 0 0 0 0 0 0 0 0 0 0 0 0 0 0 0 0 0 
0 0 0 0 0 0 0 0 0 0 0 0 0 0 0 0 0 0 0 0 0 0 0 0 0 0 0 0 0 0 0 0 0 0 0 0 0 0 0 0 0 0 0 0 0 0 0 0 0 0 0 0 0 0 0 0 0 0 0 0 0 0 0 0 0 0 0 0 0 0 0 0 0 0 0 0 0 0 0 0 0 0 0 0 0 0 0 0 0 0 595.6290161 0 0 814.827029 1040.980273 3709.172659 3531.527276 4255.885979 3177.503209 4300.387633 5271.085676 1593.120038 5879.738615 2242.556649 1739.29322 3686.475876 7804.9732 2235.037633 8203.644047 5880.241693 0 0 6206.426999 17303.59719 19246.35852 0 22477.9571 5518.852126 25933.16511 17276.89252 32363.38285 16472.06165 14237.26455 32491.90351 35332.9856 60785.25179 34503.06284 43153.16436 42626.5927 31185.11393 17550.66549 22271.03505 15445.49925 20710.2334 29057.09321 33519.87939 35583.17692 28267.00049 36747.27029 21349.7203 28577.07067 29283.58439 4130.395193 16700.89408 32360.48564 20394.37802 4007.633866 19795.42281 0 7616.729386 6692.107198 6187.54905 6898.312317 9680.597229 13037.26874 13868.33176 15516.71872 2560.23716 0 4175.015158 0 1275.399634 0 0 0 0 0 0 0 0 0 0 0 0 0 0 0 0 0 0 0 0 0 0 0 0 0 0 0 0 0 0 0 0 0 0 0 0 0 0 0 0 0 0 0 0 0 0 0 0 0 0 0 0 0 0 0 0 0 0 0 0 0 0 0 0 0 0 0 0 0 0 0 0 0 0 0 0 0 0 0 0 0 0 0 0 0 0 0 0 0 0 0 0 0 0 
0 0 0 0 0 0 0 0 0 0 0 0 0 0 0 0 0 0 0 0 0 0 0 0 0 0 0 0 0 0 0 0 0 0 0 0 0 0 0 0 0 0 0 0 0 0 0 0 0 0 0 0 0 0 0 0 0 0 0 0 0 0 0 0 0 0 0 0 0 0 0 0 0 0 0 0 0 0 0 0 0 0 0 0 0 0 0 0 152.5301753 250.1021112 0 461.7078751 241.4700927 1200.062469 277.1176751 689.3787151 1617.632167 1803.300605 4371.555504 1673.154359 6104.119224 5852.289821 1886.460108 3591.130138 0 7323.374966 2429.133378 10602.46893 0 11180.73361 5404.539194 5654.653401 0 4911.290503 25109.84502 26661.62738 23277.80065 33705.35918 21501.86672 15774.89255 29439.26696 22826.73686 67984.65598 73298.98447 7970.076711 69840.80848 60647.42257 42349.36297 31817.69475 26185.98213 25387.79658 22970.86991 14531.23687 43436.18268 24616.02596 5773.042922 12541.87389 35684.21337 35251.53117 31280.74162 20518.45825 16439.4987 4956.774449 27143.46598 27146.76 8152.647572 12591.95118 16408.00304 3637.068822 3845.561037 13905.22745 10210.07898 1671.432692 12173.23754 10696.13709 6002.529004 9070.521825 0 8671.700688 1373.234771 0 0 0 0 0 0 0 0 0 0 0 0 0 0 0 0 0 0 0 0 0 0 0 0 0 0 0 0 0 0 0 0 0 0 0 0 0 0 0 0 0 0 0 0 0 0 0 0 0 0 0 0 0 0 0 0 0 0 0 0 0 0 0 0 0 0 0 0 0 0 0 0 0 0 0 0 0 0 0 0 0 0 0 0 0 0 0 0 0 0 0 0 0 0 0 0 
0 0 0 0 0 0 0 0 0 0 0 0 0 0 0 0 0 0 0 0 0 0 0 0 0 0 0 0 0 0 0 0 0 0 0 0 0 0 0 0 0 0 0 0 0 0 0 0 0 0 0 0 0 0 0 0 0 0 0 0 0 0 0 0 0 0 0 0 0 0 0 0 0 0 0 0 0 0 0 0 0 0 0 0 0 0 0 0 230.1831177 0 54.16687116 0 538.7370731 1421.167337 1697.277795 2082.136317 2613.029569 2399.850129 3467.269588 4070.489395 2860.663304 2492.997326 3771.249318 1828.083022 4224.961345 3273.470509 0 5115.311431 11787.25337 0 15958.93534 11628.78863 6248.935735 9154.232562 14696.45643 6953.875582 22646.31642 14411.4236 34611.04231 27351.56853 47235.17699 37514.13294 16299.82837 32793.69755 49971.22467 31379.8118 24655.7258 8479.972303 58755.63807 6683.421465 20317.63443 22458.30918 40149.44355 27331.17636 18850.71385 47960.88046 22622.7253 30993.44018 29396.78334 20815.19309 17865.17941 13574.93002 10146.44653 29480.43563 4484.651364 9181.171897 7771.643787 14700.10754 11799.39749 25179.80233 12472.84203 3843.531724 2819.603178 17362.88451 13427.9767 0 8694.744904 11100.47363 2104.220395 0 3731.550923 1301.785638 2582.783737 0 0 0 0 0 0 0 0 0 0 0 0 0 0 0 0 0 0 0 0 0 0 0 0 0 0 0 0 0 0 0 0 0 0 0 0 0 0 0 0 0 0 0 0 0 0 0 0 0 0 0 0 0 0 0 0 0 0 0 0 0 0 0 0 0 0 0 0 0 0 0 0 0 0 0 0 0 0 0 0 0 0 0 0 0 0 0 0 0 0 0 0 0 
0 0 0 0 0 0 0 0 0 0 0 0 0 0 0 0 0 0 0 0 0 0 0 0 0 0 0 0 0 0 0 0 0 0 0 0 0 0 0 0 0 0 0 0 0 0 0 0 0 0 0 0 0 0 0 0 0 0 0 0 0 0 0 0 0 0 0 0 0 0 0 0 0 0 0 0 0 0 0 0 0 0 0 0 0 0 0 0.3354893244 0 0 0 727.9302997 833.4811423 1679.678932 1528.733687 1715.616542 3909.279874 1041.304108 2175.84774 1479.806517 876.140216 4113.281262 3226.996438 6380.897161 0 0 12907.77436 4402.254592 0 0 10596.07896 5280.503435 10565.99207 17253.38255 15436.83266 35776.60028 0 15048.63527 21131.13546 33852.06098 58628.84389 15125.48624 38763.25714 40492.55872 30039.68561 23918.1196 46640.90546 31611.64408 64421.17583 22488.25803 22872.66107 58328.25233 27697.26452 37843.56941 34520.72631 39255.47944 27602.45506 22093.82768 7166.493091 33206.8618 24768.3038 15664.35574 21022.38944 18273.69505 12874.39673 12123.05838 7403.166131 7799.086648 7730.504467 11382.2841 12865.75272 13575.42391 5184.549633 2258.617942 7218.398606 8138.16799 4081.742475 0 3686.84183 11419.40299 4285.596377 0 0 1104.106719 0 0 0 0 0 0 0 0 0 0 0 0 0 0 0 0 0 0 0 0 0 0 0 0 0 0 0 0 0 0 0 0 0 0 0 0 0 0 0 0 0 0 0 0 0 0 0 0 0 0 0 0 0 0 0 0 0 0 0 0 0 0 0 0 0 0 0 0 0 0 0 0 0 0 0 0 0 0 0 0 0 0 0 0 0 0 0 0 0 0 0 0 
0 0 0 0 0 0 0 0 0 0 0 0 0 0 0 0 0 0 0 0 0 0 0 0 0 0 0 0 0 0 0 0 0 0 0 0 0 0 0 0 0 0 0 0 0 0 0 0 0 0 0 0 0 0 0 0 0 0 0 0 0 0 0 0 0 0 0 0 0 0 0 0 0 0 0 0 0 0 0 0 0 0 0 0 0 0 0 0 193.786846 381.9720776 0 391.7195673 691.1069283 1368.190938 1570.773368 1365.844677 1323.418422 0 4936.428167 4991.638694 0 3711.523194 3121.326174 0 5333.085365 0 1919.757841 4279.079133 15836.82497 5649.917319 4921.803213 0 0 5109.003476 19238.26162 33230.84363 38129.04709 43389.95569 0 28751.79004 29525.32585 23349.46652 39009.98908 21333.53389 39881.32691 38081.24941 8112.956244 21634.49776 36600.74079 50684.18124 28022.93891 36524.07992 12732.37345 48366.21431 37748.14987 16651.22724 22986.24104 26004.43571 14489.07083 20883.48426 18152.00757 10895.61476 29522.28833 20582.49997 15434.61818 13519.93984 8220.167185 4210.85806 2538.504562 8635.041142 3316.036567 9874.411777 8829.074949 7860.282335 5571.341154 5321.951194 5783.339256 4584.711683 3197.96477 3686.729575 3548.656182 0 2187.350814 0 0 0 0 0 0 0 0 0 0 0 0 0 0 0 0 0 0 0 0 0 0 0 0 0 0 0 0 0 0 0 0 0 0 0 0 0 0 0 0 0 0 0 0 0 0 0 0 0 0 0 0 0 0 0 0 0 0 0 0 0 0 0 0 0 0 0 0 0 0 0 0 0 0 0 0 0 0 0 0 0 0 0 0 0 0 0 0 0 0 0 0 0 
0 0 0 0 0 0 0 0 0 0 0 0 0 0 0 0 0 0 0 0 0 0 0 0 0 0 0 0 0 0 0 0 0 0 0 0 0 0 0 0 0 0 0 0 0 0 0 0 0 0 0 0 0 0 0 0 0 0 0 0 0 0 0 0 0 0 0 0 0 0 0 0 0 0 0 0 0 0 0 0 0 0 0 0 0 0 0 0 275.672579 475.3331413 0 609.7409189 884.6330892 424.3245531 369.5389928 441.0681864 871.3164276 957.7603733 1838.429829 1212.589826 1579.817069 1395.961551 4841.937272 0 0 0 4305.703623 7610.276719 0 0 10224.59752 0 10232.38717 10532.32432 19118.90271 11458.99967 11171.71768 32448.51958 32491.76652 0 34147.2065 11160.96246 35996.14494 29444.96763 22321.71488 28825.34282 38711.55272 17466.33024 59188.58795 21667.45729 22181.57461 31344.42868 20855.36186 24534.79174 12822.01319 11368.05496 30282.7284 32000.88021 49900.40653 4689.954276 24547.24432 23223.89567 25927.08738 9831.032108 0 19573.58993 10279.28762 14996.46336 10964.78867 7644.862999 2518.302223 8226.451687 9019.046596 5299.981426 5556.068778 1954.383537 6289.883358 5286.973192 9182.54819 2449.990671 0 1315.330422 2531.136418 0 0 0 0 0 0 0 0 0 0 0 0 0 0 0 0 0 0 0 0 0 0 0 0 0 0 0 0 0 0 0 0 0 0 0 0 0 0 0 0 0 0 0 0 0 0 0 0 0 0 0 0 0 0 0 0 0 0 0 0 0 0 0 0 0 0 0 0 0 0 0 0 0 0 0 0 0 0 0 0 0 0 0 0 0 0 0 0 0 0 0 0 0 
0 0 0 0 0 0 0 0 0 0 0 0 0 0 0 0 0 0 0 0 0 0 0 0 0 0 0 0 0 0 0 0 0 0 0 0 0 0 0 0 0 0 0 0 0 0 0 0 0 0 0 0 0 0 0 0 0 0 0 0 0 0 0 0 0 0 0 0 0 0 0 0 0 0 0 0 0 0 0 0 0 0 0 0 0 0 0 0 0 0 195.5966691 107.6607127 315.4374069 899.3316673 2394.544101 286.0793606 1471.46491 944.4728649 2253.095974 3182.736874 9029.509751 3186.289349 3114.237734 1803.198375 0 0 4384.956693 8090.846193 0 9288.01476 0 10939.38965 10889.94562 10594.82963 20264.1272 5262.44487 23995.11378 50590.50837 34904.92445 6687.211718 36653.93935 11830.26199 13483.20343 27236.87955 0 31623.86524 20616.10439 31866.49487 36179.63638 31777.51491 23332.33211 29840.74351 19803.36315 40767.7836 28730.75375 20662.17968 23882.10849 30113.52219 21031.8002 25269.7571 4419.478832 40422.79707 31017.69676 26177.93979 11400.43831 25709.14736 7469.489361 31218.16855 12029.77814 9411.760363 8769.622389 10947.45252 15367.75147 12914.49583 1901.241524 4593.779728 5346.98816 4849.355106 10119.99872 4091.799815 7693.244807 924.2574107 0 1747.439556 0 0 0 0 0 0 0 0 0 0 0 0 0 0 0 0 0 0 0 0 0 0 0 0 0 0 0 0 0 0 0 0 0 0 0 0 0 0 0 0 0 0 0 0 0 0 0 0 0 0 0 0 0 0 0 0 0 0 0 0 0 0 0 0 0 0 0 0 0 0 0 0 0 0 0 0 0 0 0 0 0 0 0 0 0 0 0 0 0 0 0 0 
0 0 0 0 0 0 0 0 0 0 0 0 0 0 0 0 0 0 0 0 0 0 0 0 0 0 0 0 0 0 0 0 0 0 0 0 0 0 0 0 0 0 0 0 0 0 0 0 0 0 0 0 0 0 0 0 0 0 0 0 0 0 0 0 0 0 0 0 0 0 0 0 0 0 0 0 0 0 0 0 0 0 0 0 0 0 0 0 12.03168179 0 81.87511243 0 0 593.2381445 491.9670173 341.7057512 1650.483433 3178.370406 3893.170892 2453.46688 1296.876818 2319.866565 1877.711852 3386.498484 1992.907915 0 0 0 0 3388.881907 0 5451.649167 0 19023.04363 16712.09885 5486.432285 19833.94983 10399.20186 22679.09877 32255.51618 12969.83105 15930.77909 25984.68038 14144.60372 19990.82998 32853.12396 29277.02355 26608.08361 27407.57024 15355.70705 27015.78377 8041.889941 10888.81021 60130.37585 13340.67719 32384.24289 47095.13469 31721.86024 35320.91464 33812.20405 26653.49511 9699.432794 17442.06189 20931.21097 34461.28767 6925.165471 29052.24767 13293.8498 6598.63011 15835.46954 9949.897478 5291.56635 13445.31037 6379.463222 7251.765975 1494.283722 5048.642874 1750.710443 1951.885167 2895.392472 1848.6902 0 0 0 0 0 0 0 0 0 0 0 0 0 0 0 0 0 0 0 0 0 0 0 0 0 0 0 0 0 0 0 0 0 0 0 0 0 0 0 0 0 0 0 0 0 0 0 0 0 0 0 0 0 0 0 0 0 0 0 0 0 0 0 0 0 0 0 0 0 0 0 0 0 0 0 0 0 0 0 0 0 0 0 0 0 0 0 0 0 0 0 0 0 0 0 
0 0 0 0 0 0 0 0 0 0 0 0 0 0 0 0 0 0 0 0 0 0 0 0 0 0 0 0 0 0 0 0 0 0 0 0 0 0 0 0 0 0 0 0 0 0 0 0 0 0 0 0 0 0 0 0 0 0 0 0 0 0 0 0 0 0 0 0 0 0 0 0 0 0 0 0 0 0 0 0 0 0 0 0 0 0 0 0 0 79.83531898 449.3037336 157.3279551 636.8447184 228.168159 392.1109769 1599.289275 1229.27551 2612.092688 2615.53154 3972.843729 3529.078003 2303.450159 1995.439713 1087.082639 0 4704.400622 0 0 5294.544219 5683.656035 3884.456625 4589.792611 3921.762391 11979.5466 12594.78957 12727.81574 20782.89704 11463.18919 14918.14289 35790.89261 0 45795.27464 14240.43996 36797.354 0 17064.23139 15825.46405 14222.81942 12969.78959 18402.80481 46081.92461 5904.739626 59496.70084 20815.33065 29179.3302 23103.14913 26451.36682 26918.55719 25888.69423 21320.97322 28143.38383 31253.47498 7594.128417 23280.92806 6207.940778 18998.95618 14081.26147 2560.647809 10860.89459 3635.767725 11077.37723 6797.725647 5373.047216 6587.408601 13319.60952 2384.573189 6442.95473 1833.682912 5304.962123 4147.939244 2098.2518 0 1044.886878 0 0 0 0 0 0 0 0 0 0 0 0 0 0 0 0 0 0 0 0 0 0 0 0 0 0 0 0 0 0 0 0 0 0 0 0 0 0 0 0 0 0 0 0 0 0 0 0 0 0 0 0 0 0 0 0 0 0 0 0 0 0 0 0 0 0 0 0 0 0 0 0 0 0 0 0 0 0 0 0 0 0 0 0 0 0 0 0 0 0 0 0 0 
0 0 0 0 0 0 0 0 0 0 0 0 0 0 0 0 0 0 0 0 0 0 0 0 0 0 0 0 0 0 0 0 0 0 0 0 0 0 0 0 0 0 0 0 0 0 0 0 0 0 0 0 0 0 0 0 0 0 0 0 0 0 0 0 0 0 0 0 0 0 0 0 0 0 0 0 0 0 0 0 0 0 0 0 0 0 0 0 0 379.835791 0 258.215993 228.1956696 330.8170769 672.1842989 0 1577.822663 698.7409819 4581.901162 3261.778802 0 2151.848663 947.4491045 1041.354469 482.4848501 0 0 9275.860506 0 3513.248815 0 13749.53648 5346.990886 12414.14516 12338.14163 8906.750927 18897.59768 19783.69601 34996.73587 35702.90585 23656.22057 4353.670118 22539.40099 30763.09011 37773.85379 6232.897811 28429.79439 11659.31762 32811.53913 12157.81545 40450.92116 38023.72395 40944.11647 34818.61495 26984.35356 21019.72681 35249.40974 27997.27652 13008.38728 25347.72265 21005.262 14307.81938 7781.729932 15724.81158 11609.24206 2995.991275 7183.58388 7084.847901 4214.882517 17741.19833 13045.49319 4828.425703 7348.901059 6192.225166 8921.970591 9442.562077 7274.491723 10059.69939 4477.216495 0 1840.770958 0 0 0 0 0 0 0 0 0 0 0 0 0 0 0 0 0 0 0 0 0 0 0 0 0 0 0 0 0 0 0 0 0 0 0 0 0 0 0 0 0 0 0 0 0 0 0 0 0 0 0 0 0 0 0 0 0 0 0 0 0 0 0 0 0 0 0 0 0 0 0 0 0 0 0 0 0 0 0 0 0 0 0 0 0 0 0 0 0 0 0 0 0 0 0 
0 0 0 0 0 0 0 0 0 0 0 0 0 0 0 0 0 0 0 0 0 0 0 0 0 0 0 0 0 0 0 0 0 0 0 0 0 0 0 0 0 0 0 0 0 0 0 0 0 0 0 0 0 0 0 0 0 0 0 0 0 0 0 0 0 0 0 0 0 0 0 0 0 0 0 0 0 0 0 0 0 0 0 0 0 0 0 0 0 286.0501926 899.3859543 434.0197384 386.8610665 435.2192789 69.07600946 1425.421305 1479.455169 543.1059327 3150.146608 4849.025775 0 5422.332176 709.7083003 5839.918187 2990.889233 1156.259491 1829.721812 0 8513.298683 2776.056204 3398.204625 0 18269.33253 8561.281006 7035.581169 19043.83486 24319.43802 8815.997964 14106.45203 29408.86903 12317.43057 25456.73876 5752.944397 36267.29694 10475.47237 28245.01733 11295.05809 23613.46192 14596.67508 19634.92795 50213.53052 27694.75598 16721.08339 49534.15845 3418.913691 5362.830137 13913.71681 23509.49994 26756.07982 20766.30966 20103.32705 13829.57011 21255.63426 7551.615157 15327.51419 26000.26527 15008.21881 9468.922872 2980.313903 2636.441608 8983.67763 2255.952173 7302.5952 4098.368498 5169.90977 7134.511213 2992.564973 3548.324424 0 1045.439333 4518.877478 0 0 0 0 0 0 0 0 0 0 0 0 0 0 0 0 0 0 0 0 0 0 0 0 0 0 0 0 0 0 0 0 0 0 0 0 0 0 0 0 0 0 0 0 0 0 0 0 0 0 0 0 0 0 0 0 0 0 0 0 0 0 0 0 0 0 0 0 0 0 0 0 0 0 0 0 0 0 0 0 0 0 0 0 0 0 0 0 0 0 0 0 0 0 0 
0 0 0 0 0 0 0 0 0 0 0 0 0 0 0 0 0 0 0 0 0 0 0 0 0 0 0 0 0 0 0 0 0 0 0 0 0 0 0 0 0 0 0 0 0 0 0 0 0 0 0 0 0 0 0 0 0 0 0 0 0 0 0 0 0 0 0 0 0 0 0 0 0 0 0 0 0 0 0 0 0 0 0 0 0 0 0 0 0 0 480.1826888 0 371.1721228 1225.915066 1039.020351 592.0617412 1252.207915 2470.416889 2005.488995 5667.432214 1694.415367 696.4332288 2704.668958 882.8121752 0 1025.593989 3818.186495 0 0 6648.290373 3125.785518 3028.085846 3366.77933 17408.68682 9402.497984 0 31693.9433 12530.51705 24794.65717 12227.5644 7747.162195 28236.22921 22297.94296 22969.19362 28995.57129 14492.6711 22150.64669 36906.44376 17081.70439 21837.60881 32159.56901 16664.91796 12161.51548 13344.5597 17783.1976 13488.13966 15028.9582 30870.31873 13202.77065 16786.93594 16304.15191 6590.61708 19310.24776 8124.163842 11025.85895 10180.11339 4750.61858 11899.26045 7193.131847 4697.364643 3604.914531 4060.513354 7494.771035 1586.645002 9879.852588 13495.52463 4669.195154 5258.826633 1952.117858 2556.533623 4413.298276 0 2289.926378 0 0 0 0 0 0 0 0 0 0 0 0 0 0 0 0 0 0 0 0 0 0 0 0 0 0 0 0 0 0 0 0 0 0 0 0 0 0 0 0 0 0 0 0 0 0 0 0 0 0 0 0 0 0 0 0 0 0 0 0 0 0 0 0 0 0 0 0 0 0 0 0 0 0 0 0 0 0 0 0 0 0 0 0 0 0 0 0 0 0 0 0 0 
0 0 0 0 0 0 0 0 0 0 0 0 0 0 0 0 0 0 0 0 0 0 0 0 0 0 0 0 0 0 0 0 0 0 0 0 0 0 0 0 0 0 0 0 0 0 0 0 0 0 0 0 0 0 0 0 0 0 0 0 0 0 0 0 0 0 0 0 0 0 0 0 0 0 0 0 0 0 0 0 0 0 0 0 0 0 0 0 73.42700797 355.6260905 0 0 0 653.3883563 484.0490007 1354.209697 1510.724057 482.5533395 1935.429695 4030.705901 0 3037.319809 1329.301923 4155.386984 2819.7314 1465.874886 1.065676932 0 0 7648.151793 0 5859.978815 8137.313803 5661.83946 0 5144.875741 27411.64695 31848.04129 4334.696143 4750.638224 43304.96786 14012.59982 19172.53766 29832.94286 4706.630162 58590.80069 12932.26395 26382.174 20876.82052 37156.91297 9456.761849 21107.62925 32333.0254 28756.08077 26984.26171 7844.252348 38302.71095 9785.230135 13224.39524 19639.29971 12984.32454 19013.04515 6754.93177 3635.190622 3519.590504 536.4238925 4528.174448 12827.7042 10370.74927 13345.32825 5416.169381 6830.310809 9160.700504 9197.067436 3877.14695 7488.360658 6602.402466 670.648355 972.7057496 1157.814355 1399.684033 0 769.7073872 0 0 0 0 0 0 0 0 0 0 0 0 0 0 0 0 0 0 0 0 0 0 0 0 0 0 0 0 0 0 0 0 0 0 0 0 0 0 0 0 0 0 0 0 0 0 0 0 0 0 0 0 0 0 0 0 0 0 0 0 0 0 0 0 0 0 0 0 0 0 0 0 0 0 0 0 0 0 0 0 0 0 0 0 0 0 0 0 0 0 0 0 0 
0 0 0 0 0 0 0 0 0 0 0 0 0 0 0 0 0 0 0 0 0 0 0 0 0 0 0 0 0 0 0 0 0 0 0 0 0 0 0 0 0 0 0 0 0 0 0 0 0 0 0 0 0 0 0 0 0 0 0 0 0 0 0 0 0 0 0 0 0 0 0 0 0 0 0 0 0 0 0 0 0 0 0 0 0 0 0 0 46.60359349 0 192.7626943 98.46041118 370.7455151 437.7855728 1654.069334 0 600.3963798 865.9590542 3228.372931 4049.675694 2263.204753 5426.661908 1955.876445 645.5462598 0 991.6458556 0 5014.693967 1892.035073 0 7284.264367 1361.830822 2698.942211 8596.331371 12174.69794 2175.883297 6543.687285 19688.04844 5606.519309 4182.486857 8066.197312 20189.99841 3717.551443 36800.67042 46142.70268 23970.29298 35394.7952 0 28750.60483 28301.20168 19722.64327 19917.90484 0 33088.89382 18993.26527 23378.06589 8057.971597 25878.04127 20152.92493 19618.06222 7624.926852 8917.473429 8427.192752 11891.95658 6323.166763 13845.50796 15263.05366 12168.11237 7266.111175 12959.91934 6044.653857 15829.95784 7610.542512 4701.206068 7218.793313 1443.696443 6274.651641 1557.801385 0 3091.40855 2176.662605 861.8182616 1130.248077 773.2267419 0 0 0 0 0 0 0 0 0 0 0 0 0 0 0 0 0 0 0 0 0 0 0 0 0 0 0 0 0 0 0 0 0 0 0 0 0 0 0 0 0 0 0 0 0 0 0 0 0 0 0 0 0 0 0 0 0 0 0 0 0 0 0 0 0 0 0 0 0 0 0 0 0 0 0 0 0 0 0 0 0 0 0 0 0 0 0 0 0 0 0 0 
0 0 0 0 0 0 0 0 0 0 0 0 0 0 0 0 0 0 0 0 0 0 0 0 0 0 0 0 0 0 0 0 0 0 0 0 0 0 0 0 0 0 0 0 0 0 0 0 0 0 0 0 0 0 0 0 0 0 0 0 0 0 0 0 0 0 0 0 0 0 0 0 0 0 0 0 0 0 0 0 0 0 0 0 0 0 0 0 33.59234998 271.1956237 331.4994326 60.108507 364.3685855 1315.683347 1156.899245 80.21975163 1924.10329 591.3250787 1380.142512 795.0671078 21.99276457 1901.759394 2567.551794 0 0 5881.800925 0 0 4352.985968 0 0 2658.505683 0 2627.259943 23820.40317 2099.896127 11157.94542 28699.32344 16234.65626 0 24689.25858 7524.047654 16525.65239 0 11566.24458 11196.26634 10205.05581 24404.83164 5894.507143 34945.77889 22294.0387 13297.10448 18707.16482 21448.31305 12089.28717 13229.16276 15625.42894 15939.6928 10107.40677 29897.31984 11643.86075 5085.644242 15894.3739 3242.525232 10209.49903 8905.301233 4251.589737 5850.084281 9817.917957 6465.566711 2414.888493 9031.680253 7237.722579 4129.04498 8030.277965 0 0 4660.959653 1027.644881 886.9564627 985.650516 1654.045584 0 0 0 0 0 0 0 0 0 0 0 0 0 0 0 0 0 0 0 0 0 0 0 0 0 0 0 0 0 0 0 0 0 0 0 0 0 0 0 0 0 0 0 0 0 0 0 0 0 0 0 0 0 0 0 0 0 0 0 0 0 0 0 0 0 0 0 0 0 0 0 0 0 0 0 0 0 0 0 0 0 0 0 0 0 0 0 0 0 0 0 0 0 0 
0 0 0 0 0 0 0 0 0 0 0 0 0 0 0 0 0 0 0 0 0 0 0 0 0 0 0 0 0 0 0 0 0 0 0 0 0 0 0 0 0 0 0 0 0 0 0 0 0 0 0 0 0 0 0 0 0 0 0 0 0 0 0 0 0 0 0 0 0 0 0 0 0 0 0 0 0 0 0 0 0 0 0 0 0 0 0 0 0 167.0364671 221.4451384 0 324.6811934 0 562.4701765 746.0785073 1467.206329 2022.954906 1442.206019 955.6402372 4552.242947 1643.200401 0 1064.866708 977.8471418 0 0 1354.567843 1949.456335 4815.880072 0 0 7179.70003 8946.92174 889.0029812 10538.05659 9339.815751 4472.190495 281.1847099 3337.497055 9187.237183 0.0002105276759 0 19492.73054 15377.00495 15091.98582 14107.39415 9194.879667 25021.94012 5985.903929 11433.20741 16506.62321 12306.84933 11006.04248 10094.09755 7533.949303 4018.777528 8405.803772 4305.267829 6031.325955 21366.65005 10809.49423 4154.681098 12374.66877 14140.14446 12511.67946 8616.20335 9735.589929 4059.427433 7412.856013 6517.681084 2250.559621 1147.772209 7661.438483 1537.241245 3926.491881 1931.920898 6328.977409 1890.291923 0 2299.499874 0 0 1125.134489 0 0 0 0 0 0 0 0 0 0 0 0 0 0 0 0 0 0 0 0 0 0 0 0 0 0 0 0 0 0 0 0 0 0 0 0 0 0 0 0 0 0 0 0 0 0 0 0 0 0 0 0 0 0 0 0 0 0 0 0 0 0 0 0 0 0 0 0 0 0 0 0 0 0 0 0 0 0 0 0 0 0 0 0 0 0 0 0 0 0 0 0 
0 0 0 0 0 0 0 0 0 0 0 0 0 0 0 0 0 0 0 0 0 0 0 0 0 0 0 0 0 0 0 0 0 0 0 0 0 0 0 0 0 0 0 0 0 0 0 0 0 0 0 0 0 0 0 0 0 0 0 0 0 0 0 0 0 0 0 0 0 0 0 0 0 0 0 0 0 0 0 0 0 0 0 0 0 0 0 0 0 0 0 203.4630511 210.4629326 204.616102 726.8102195 192.0095558 1513.692372 934.7580156 1470.602701 1958.303826 1070.842689 2053.732606 1.457831951 0 4671.641397 0 4286.98507 3811.292343 0 3421.846918 0 9665.678282 5469.872698 14282.347 0 13500.40993 5001.347803 0 1889.467444 16786.75794 16794.44844 18151.3101 9666.944494 4880.429802 10634.40824 13996.99826 9337.054221 7477.268386 14112.06012 13892.47168 5092.280226 5296.893165 14662.95173 11561.94779 14367.51213 7080.787549 6877.100562 10663.8685 3479.331298 14150.82771 22679.30827 26124.36563 7190.811455 9259.339015 3956.536592 0 8404.21673 4.932701607 7500.445561 7420.108084 6558.990521 9344.678304 4171.718945 3582.76085 4433.764507 7004.645115 9.270435687 4005.23629 3087.637856 2418.905925 1401.124662 286.0654742 1074.261444 0 0 0 0 0 0 0 0 0 0 0 0 0 0 0 0 0 0 0 0 0 0 0 0 0 0 0 0 0 0 0 0 0 0 0 0 0 0 0 0 0 0 0 0 0 0 0 0 0 0 0 0 0 0 0 0 0 0 0 0 0 0 0 0 0 0 0 0 0 0 0 0 0 0 0 0 0 0 0 0 0 0 0 0 0 0 0 0 0 0 0 0 0 
0 0 0 0 0 0 0 0 0 0 0 0 0 0 0 0 0 0 0 0 0 0 0 0 0 0 0 0 0 0 0 0 0 0 0 0 0 0 0 0 0 0 0 0 0 0 0 0 0 0 0 0 0 0 0 0 0 0 0 0 0 0 0 0 0 0 0 0 0 0 0 0 0 0 0 0 0 0 0 0 0 0 0 0 0 0 0 0 0 42.71045885 0 0 0 867.5569209 132.881609 0 715.2554908 417.6394455 1808.8107 469.8697306 823.0086949 0 2395.216493 535.8803469 1117.698434 0 0 0 1737.275457 0 2006.532873 2450.644265 10853.66937 27.9750567 13443.81713 0 1535.027451 4138.36754 3307.891593 4960.511404 13715.51793 3013.061049 18990.0362 7255.248834 25370.79569 0 7342.385118 22501.77322 10365.89917 7471.750883 24139.88611 17233.68663 11655.56156 16123.30954 15563.17953 12721.39646 7358.925547 12016.42964 18015.40729 6946.095911 6201.031437 2365.61148 6703.45478 4773.638904 0 2259.625933 0 9720.686274 5025.641291 0 2590.082296 3281.281191 4483.64508 3.556006324e-10 4799.062288 4383.823798 1436.971116 837.2004822 0.003207456286 2205.758001 681.2817198 0 0 0 0 0 0 0 0 0 0 0 0 0 0 0 0 0 0 0 0 0 0 0 0 0 0 0 0 0 0 0 0 0 0 0 0 0 0 0 0 0 0 0 0 0 0 0 0 0 0 0 0 0 0 0 0 0 0 0 0 0 0 0 0 0 0 0 0 0 0 0 0 0 0 0 0 0 0 0 0 0 0 0 0 0 0 0 0 0 0 0 0 0 0 0 
0 0 0 0 0 0 0 0 0 0 0 0 0 0 0 0 0 0 0 0 0 0 0 0 0 0 0 0 0 0 0 0 0 0 0 0 0 0 0 0 0 0 0 0 0 0 0 0 0 0 0 0 0 0 0 0 0 0 0 0 0 0 0 0 0 0 0 0 0 0 0 0 0 0 0 0 0 0 0 0 0 0 0 0 0 0 0 0 18.37480383 89.97240752 86.55865021 14.64523628 0 430.7847154 410.3369652 1554.99097 824.3192827 284.2867975 1793.056069 1424.064505 2952.259166 694.295463 0 650.7107043 0 46.25370381 987.1735984 0 3.649198613 0 17092.16201 4907.766942 5230.95774 0 4663.017559 4247.993537 3626.778157 0 4752.023064 2.970486015 4639.645644 4640.614176 20568.27902 13409.00182 11863.14948 29289.97636 9565.169577 13797.59088 23110.1534 6682.469364 10042.47207 12352.48231 20534.81309 7070.619102 5974.080229 6300.893505 20669.25817 4255.148294 18721.86567 7013.007469 8816.522773 6866.034465 17522.74261 7784.841386 8959.067336 2084.83617 5269.729622 4818.617299 5997.827705 3549.712489 7354.789053 3393.638203 1815.497669 5073.7874 2645.410674 1929.691681 2246.96718 5170.50403 2000.968925 1054.557228 0 555.0581593 786.3059898 133.0192463 0 0 0 0 0 0 0 0 0 0 0 0 0 0 0 0 0 0 0 0 0 0 0 0 0 0 0 0 0 0 0 0 0 0 0 0 0 0 0 0 0 0 0 0 0 0 0 0 0 0 0 0 0 0 0 0 0 0 0 0 0 0 0 0 0 0 0 0 0 0 0 0 0 0 0 0 0 0 0 0 0 0 0 0 0 0 0 0 0 0 0 0 
0 0 0 0 0 0 0 0 0 0 0 0 0 0 0 0 0 0 0 0 0 0 0 0 0 0 0 0 0 0 0 0 0 0 0 0 0 0 0 0 0 0 0 0 0 0 0 0 0 0 0 0 0 0 0 0 0 0 0 0 0 0 0 0 0 0 0 0 0 0 0 0 0 0 0 0 0 0 0 0 0 0 0 0 0 0 0 0 3.669840954e-11 139.7218345 0 250.0510679 603.7771285 7.326667013 976.2154898 525.8777946 1638.921114 2049.30849 0 1317.527433 2665.730455 3142.826494 646.9119191 822.6685813 0 1690.95522 3908.198683 3138.801438 0.4104629784 0 5719.386036 6422.356997 3656.274177 6831.577021 3882.237322 15121.39788 7437.339983 11561.87622 962.5063064 5075.456272 5948.419745 994.0310161 11568.01176 9008.538813 18029.03061 0.05158382405 9827.882231 11927.24198 2906.609027 5149.797405 10742.45465 18885.8534 13743.84352 5822.694162 1975.694703 11184.07338 14299.78449 12597.63754 11651.98095 2086.31354 9577.951175 9572.223551 14618.68486 214.4838697 9160.494671 6281.250918 3572.040358 2917.215679 2927.323685 4000.736769 0 0 5484.498918 3673.659834 6208.060766 2776.866813 0 2806.196428 0 4346.974712 0 0 716.2523975 0 0 0 0 0 0 0 0 0 0 0 0 0 0 0 0 0 0 0 0 0 0 0 0 0 0 0 0 0 0 0 0 0 0 0 0 0 0 0 0 0 0 0 0 0 0 0 0 0 0 0 0 0 0 0 0 0 0 0 0 0 0 0 0 0 0 0 0 0 0 0 0 0 0 0 0 0 0 0 0 0 0 0 0 0 0 0 0 0 0 0 0 0 
0 0 0 0 0 0 0 0 0 0 0 0 0 0 0 0 0 0 0 0 0 0 0 0 0 0 0 0 0 0 0 0 0 0 0 0 0 0 0 0 0 0 0 0 0 0 0 0 0 0 0 0 0 0 0 0 0 0 0 0 0 0 0 0 0 0 0 0 0 0 0 0 0 0 0 0 0 0 0 0 0 0 0 0 0 0 0 0 0 0 18.30927262 4.075979898e-08 383.0277888 31.07031564 47.92600814 0 5.054536588e-06 0 318.3115826 6.635023773 1128.397344 642.9642335 3130.234823 0 0 2888.133605 0 0 0 2789.868188 0 0 4729.837398 0 0 2857.282462 14720.935 2.112019067e-11 1979.571574 3991.834133 671.8667069 12332.79905 0 7633.368841 31481.88597 5377.796101 14629.57827 17777.04288 14498.21035 10271.26317 8702.174685 12960.35162 4719.863464 9156.324879 12651.64145 18008.93811 4598.555691 8356.400664 3582.859408 19360.44854 5881.374041 6210.533712 6747.354723 8714.64692 1290.99921 2679.97541 3841.286058 6061.442211 5586.644555 4742.730237 0 2286.706687 3.026323492e-06 4808.899027 1195.704701 2171.322031 3518.830365 327.1293167 0 5.972121549e-06 1184.873132 1087.132584 0 0 0 0 0 0 0 0 0 0 0 0 0 0 0 0 0 0 0 0 0 0 0 0 0 0 0 0 0 0 0 0 0 0 0 0 0 0 0 0 0 0 0 0 0 0 0 0 0 0 0 0 0 0 0 0 0 0 0 0 0 0 0 0 0 0 0 0 0 0 0 0 0 0 0 0 0 0 0 0 0 0 0 0 0 0 0 0 0 0 0 0 0 0 
0 0 0 0 0 0 0 0 0 0 0 0 0 0 0 0 0 0 0 0 0 0 0 0 0 0 0 0 0 0 0 0 0 0 0 0 0 0 0 0 0 0 0 0 0 0 0 0 0 0 0 0 0 0 0 0 0 0 0 0 0 0 0 0 0 0 0 0 0 0 0 0 0 0 0 0 0 0 0 0 0 0 0 0 0 0 0 0 0 1.602093142e-05 0 0 92.67908579 681.6895678 0 0.002393943944 36.06499551 977.7898641 623.7822135 767.4848109 1431.125016 1409.506985 751.4030685 0 966.2964428 2104.516656 0 4350.661219 0.0004424619817 2.576412396e-10 953.3705818 0 5.096580024 9051.882474 6580.868548 7719.943299 7377.903219 10183.53569 15565.7058 6899.129584 2710.767122 19.80162276 23430.79784 11080.10069 7056.870996 4275.029057 20538.09872 6875.173328 11013.18842 19831.35507 12611.18405 7243.821994 5692.58051 7352.880671 17021.36608 5340.488073 12634.93153 5682.734908 3502.62753 0.04444441469 5502.013386 11268.6979 2518.168382 4527.609517 6610.173205 4421.154206 4589.258137 0 1310.097202 2.807554273 2435.853221 3.125927479 3986.349237 1785.030262 43.43887987 7.162249595e-09 1929.848419 4.87467804e-15 0 2887.16905 1116.572519 0 457.1483336 0 0 0 0 0 0 0 0 0 0 0 0 0 0 0 0 0 0 0 0 0 0 0 0 0 0 0 0 0 0 0 0 0 0 0 0 0 0 0 0 0 0 0 0 0 0 0 0 0 0 0 0 0 0 0 0 0 0 0 0 0 0 0 0 0 0 0 0 0 0 0 0 0 0 0 0 0 0 0 0 0 0 0 0 0 0 0 0 0 0 0 0 0 
0 0 0 0 0 0 0 0 0 0 0 0 0 0 0 0 0 0 0 0 0 0 0 0 0 0 0 0 0 0 0 0 0 0 0 0 0 0 0 0 0 0 0 0 0 0 0 0 0 0 0 0 0 0 0 0 0 0 0 0 0 0 0 0 0 0 0 0 0 0 0 0 0 0 0 0 0 0 0 0 0 0 0 0 0 0 0 0 0 1.176378566e-16 4.418822184 0 646.562358 4.668612468e-14 0.3387877915 570.4062093 416.7734933 1478.616618 477.295166 444.5295098 1364.956723 1788.516601 826.0451071 0 345.557672 0 403.5291882 0 1480.754106 0 0 2562.968281 5854.538441 0.0002699774776 0 10334.03048 12750.50707 1103.415692 12547.23458 4959.662476 13070.70403 5501.547092 11842.39397 4496.692479 6126.026041 10552.18655 6357.508626 20538.3384 17557.70319 11010.11668 4349.671036 5731.877891 8642.564332 0 74.1187616 9729.101469 4015.534044 1.785094237e-17 6830.067054 6395.38096 6124.621697 4849.680649 7500.818078 3047.349428 8128.641728 10307.17706 0.0006454291232 0.00290466177 1974.711047 1686.926076 1076.442497 4567.288536 2330.873719 1872.474156 4684.861921 3982.539572 891.5929507 3223.806366 0 0 1543.528194 1105.572795 989.0818411 0 0 0 0 0 0 0 0 0 0 0 0 0 0 0 0 0 0 0 0 0 0 0 0 0 0 0 0 0 0 0 0 0 0 0 0 0 0 0 0 0 0 0 0 0 0 0 0 0 0 0 0 0 0 0 0 0 0 0 0 0 0 0 0 0 0 0 0 0 0 0 0 0 0 0 0 0 0 0 0 0 0 0 0 0 0 0 0 0 0 0 0 0 
0 0 0 0 0 0 0 0 0 0 0 0 0 0 0 0 0 0 0 0 0 0 0 0 0 0 0 0 0 0 0 0 0 0 0 0 0 0 0 0 0 0 0 0 0 0 0 0 0 0 0 0 0 0 0 0 0 0 0 0 0 0 0 0 0 0 0 0 0 0 0 0 0 0 0 0 0 0 0 0 0 0 0 0 0 0 0 0 0 49.54356765 40.90518277 0.00102729014 0 4.919125393e-14 147.9789609 442.49201 634.558465 91.01664525 1104.200492 1003.807515 0 1933.848486 90.33475444 272.4680131 0 2867.977679 1338.777722 1598.765763 0 0 2484.631993 3397.974419 0 0 0 8048.978676 4224.291684 3488.160283 2.433310356e-08 13675.96564 9174.222051 7412.320971 13183.72624 0 7120.328688 4896.759242 17036.12758 17533.0134 8724.403565 8554.582332 17150.66921 4382.698799 1450.25673 6360.695408 8541.919193 12394.92989 3.188563157e-09 10845.26279 1364.435895 11218.07241 14559.99972 6511.271083 9263.051355 7143.965287 0 4201.358351 61.76893724 2109.895308 2717.377232 3743.40376 0 3783.816443 976.5644387 1.912357391e-07 0.0001028465313 6.920348794e-12 1666.757857 935.4462381 2728.203124 0 789.1009552 0 614.4978061 0 0 0 0 0 0 0 0 0 0 0 0 0 0 0 0 0 0 0 0 0 0 0 0 0 0 0 0 0 0 0 0 0 0 0 0 0 0 0 0 0 0 0 0 0 0 0 0 0 0 0 0 0 0 0 0 0 0 0 0 0 0 0 0 0 0 0 0 0 0 0 0 0 0 0 0 0 0 0 0 0 0 0 0 0 0 0 0 0 0 0 0 0 
0 0 0 0 0 0 0 0 0 0 0 0 0 0 0 0 0 0 0 0 0 0 0 0 0 0 0 0 0 0 0 0 0 0 0 0 0 0 0 0 0 0 0 0 0 0 0 0 0 0 0 0 0 0 0 0 0 0 0 0 0 0 0 0 0 0 0 0 0 0 0 0 0 0 0 0 0 0 0 0 0 0 0 0 0 0 0 0 0 11.04281009 35.41533575 0 1.163433864e-11 800.5653169 230.2213278 270.0189212 1094.620974 1029.164096 1612.467258 446.8481392 496.6045398 8.44367102e-06 684.3339574 2182.211965 2033.945184 0 0 1083.092504 0 5995.96983 3534.400036 3092.400376 2704.121105 0.001567942466 1.957619578e-06 8082.231167 825.5744754 6035.718965 0.0003807129289 6878.130652 0 5342.872429 3353.247108 4897.365032 0 13882.51607 6701.386685 14918.62531 10519.02569 11910.65427 4002.645386 5967.678296 5350.368111 3607.601359 6648.466235 0.1242021346 4508.046852 10532.00155 4718.582188 4503.789818 3476.379689 3256.386192 9479.499111 3209.342457 9602.855959 1.258566021e-06 2.725608986e-22 4231.080969 7.737024181e-06 1446.857871 6521.326058 1069.350587 5314.964873 2737.939096 2216.843391 0 3.999035325e-09 3.360273335e-14 2538.099579 0 5.847831911 394.2179176 0.0001374999994 1.03201453e-28 0 0 0 0 0 0 0 0 0 0 0 0 0 0 0 0 0 0 0 0 0 0 0 0 0 0 0 0 0 0 0 0 0 0 0 0 0 0 0 0 0 0 0 0 0 0 0 0 0 0 0 0 0 0 0 0 0 0 0 0 0 0 0 0 0 0 0 0 0 0 0 0 0 0 0 0 0 0 0 0 0 0 0 0 0 0 0 0 0 0 0 0 
0 0 0 0 0 0 0 0 0 0 0 0 0 0 0 0 0 0 0 0 0 0 0 0 0 0 0 0 0 0 0 0 0 0 0 0 0 0 0 0 0 0 0 0 0 0 0 0 0 0 0 0 0 0 0 0 0 0 0 0 0 0 0 0 0 0 0 0 0 0 0 0 0 0 0 0 0 0 0 0 0 0 0 0 0 0 0 0 31.56869927 169.7545938 3.560054195e-13 565.409019 413.8182392 0.2927865302 589.5497325 0.001795488601 22.58123779 820.4261455 287.5281485 1193.889441 2.626001851e-11 1100.611536 1677.644745 6.019492717e-07 0 7.295948721e-09 1736.202523 0 0 0 1920.978321 0.09152454347 2935.181223 0 6.510158802e-07 0.1527461204 0 8586.492314 745.0957265 10878.06824 40.63721953 8757.455208 7332.020736 13266.59243 5598.271326 15685.29832 11682.29779 0 6877.043105 6.456932553 5027.813292 3506.977195 5643.858124 6835.045818 5590.210323 13606.41886 139.0956685 1578.929071 3859.19209 2561.127643 9197.547785 3859.527927 1692.162141 5.202642158e-12 1726.391157 2195.333256 1.227809567 1565.574688 3337.768468 2550.311024 1208.471809 13.61711887 0 2.534661015e-12 7.251766476e-16 2432.313807 2296.920965 0 1294.788616 2.247472635e-17 4.600855154e-21 0 0 768.2384095 0 0 0 0 0 0 0 0 0 0 0 0 0 0 0 0 0 0 0 0 0 0 0 0 0 0 0 0 0 0 0 0 0 0 0 0 0 0 0 0 0 0 0 0 0 0 0 0 0 0 0 0 0 0 0 0 0 0 0 0 0 0 0 0 0 0 0 0 0 0 0 0 0 0 0 0 0 0 0 0 0 0 0 0 0 0 0 0 0 0 0 0 
0 0 0 0 0 0 0 0 0 0 0 0 0 0 0 0 0 0 0 0 0 0 0 0 0 0 0 0 0 0 0 0 0 0 0 0 0 0 0 0 0 0 0 0 0 0 0 0 0 0 0 0 0 0 0 0 0 0 0 0 0 0 0 0 0 0 0 0 0 0 0 0 0 0 0 0 0 0 0 0 0 0 0 0 0 0 0 0 0 0 96.3932394 2.379087934e-22 5.191587854e-12 68.86021267 238.4745598 133.8222495 297.1439017 8.589915481e-12 855.954662 406.4623001 2.130550909e-12 1294.466144 1101.584521 1463.796028 776.5805968 0 0 7.763411778e-10 0 0.08484535711 2.080365867e-12 7.292108004e-07 353.9136627 2570.603627 201.8524655 5649.988463 0 4877.092699 2004.928998 2.305898805e-06 3436.468109 4308.268281 156.1842192 1.201163952e-21 5539.785018 0.2231483996 3177.659432 2694.587318 3541.137255 1164.778173 5476.152594 3749.27619 2750.151415 4925.768897 20.43983638 15567.77807 404.3474853 1018.571584 0.02176213324 6314.454443 8006.097829 8537.320498 3210.333199 2269.340761 1704.045766 5433.749388 2346.247806 0 9.936885406e-05 2.19479244e-14 2440.18011 6.421319947e-07 4019.97025 3956.434318 1477.011984 0 4.382348762e-22 1220.244108 1424.125948 733.6919902 944.2748902 0 0 0 0 0 0 0 0 0 0 0 0 0 0 0 0 0 0 0 0 0 0 0 0 0 0 0 0 0 0 0 0 0 0 0 0 0 0 0 0 0 0 0 0 0 0 0 0 0 0 0 0 0 0 0 0 0 0 0 0 0 0 0 0 0 0 0 0 0 0 0 0 0 0 0 0 0 0 0 0 0 0 0 0 0 0 0 0 0 0 0 0 0 0 0 
0 0 0 0 0 0 0 0 0 0 0 0 0 0 0 0 0 0 0 0 0 0 0 0 0 0 0 0 0 0 0 0 0 0 0 0 0 0 0 0 0 0 0 0 0 0 0 0 0 0 0 0 0 0 0 0 0 0 0 0 0 0 0 0 0 0 0 0 0 0 0 0 0 0 0 0 0 0 0 0 0 0 0 0 0 0 0 0 0 0 0 0 69.71968931 388.4096809 1.148120643e-06 222.7823299 805.3794788 365.2646374 436.8885495 7.457949312e-16 6.555789721e-29 8.420818744e-15 1396.197279 1940.56221 1545.213024 0 1133.684097 1712.590029 0 4.130125726e-06 0 0 1914.258489 2080.8391 2165.807252 2672.353482 2089.934275 4865.823556 446.0734917 3575.019211 16826.17716 11436.98377 13776.25882 9.280090347e-12 3754.817856 4157.219059 4947.773789 4801.826935 11126.59245 9206.606663 10950.31253 2522.484967 7510.470694 1.55177885e-07 1.961713684e-07 13723.00496 12448.18348 0.0008930549523 2520.228105 0 2.36400301e-09 8.997477856 291.8452124 1909.254986 2340.008096 2776.452932 1861.010264 1072.442917 2022.294511 1951.551097 1593.697961 3855.608915 1714.850017 7.246345598e-08 0 4.149074776 0.0002924358748 2085.338736 0 0.005158349895 0 2.950906614 0 0 0 0 0 0 0 0 0 0 0 0 0 0 0 0 0 0 0 0 0 0 0 0 0 0 0 0 0 0 0 0 0 0 0 0 0 0 0 0 0 0 0 0 0 0 0 0 0 0 0 0 0 0 0 0 0 0 0 0 0 0 0 0 0 0 0 0 0 0 0 0 0 0 0 0 0 0 0 0 0 0 0 0 0 0 0 0 0 0 0 0 0 0 
0 0 0 0 0 0 0 0 0 0 0 0 0 0 0 0 0 0 0 0 0 0 0 0 0 0 0 0 0 0 0 0 0 0 0 0 0 0 0 0 0 0 0 0 0 0 0 0 0 0 0 0 0 0 0 0 0 0 0 0 0 0 0 0 0 0 0 0 0 0 0 0 0 0 0 0 0 0 0 0 0 0 0 0 0 0 0 0 0 1.244026892e-31 0 33.24885094 152.9588733 285.7636821 833.2323332 0 217.7500512 936.2309735 17.45314853 2.472095798e-08 0.09283578891 1311.253881 0 1249.165564 0 801.7602396 0 666.0757266 0 0 1.246883223 0 0 905.2143287 179.9649447 0 5630.126417 3030.129441 82.27704808 1.414423853e-10 2889.672727 1773.339115 5635.68236 2927.283267 0 0 5.060013447e-21 3587.489218 2804.890755 9524.870003 4694.486639 6791.318089 4056.487207 10559.28009 10947.77028 3243.105544 6602.927837 305.2965199 3741.222522 186.6132831 2131.9446 2879.979748 5.50228821e-17 0 0.1584255199 2491.034894 1988.447371 0.8572362045 2048.08361 1437.907761 1539.359091 647.4678995 4417.266126 2.55553146e-05 0.03692168335 749.6089034 2934.739587 1.059735425e-40 1342.309987 8.301912731e-07 0 653.6930136 834.4666971 2.387301572e-34 0 0 0 0 0 0 0 0 0 0 0 0 0 0 0 0 0 0 0 0 0 0 0 0 0 0 0 0 0 0 0 0 0 0 0 0 0 0 0 0 0 0 0 0 0 0 0 0 0 0 0 0 0 0 0 0 0 0 0 0 0 0 0 0 0 0 0 0 0 0 0 0 0 0 0 0 0 0 0 0 0 0 0 0 0 0 0 0 0 0 0 0 
0 0 0 0 0 0 0 0 0 0 0 0 0 0 0 0 0 0 0 0 0 0 0 0 0 0 0 0 0 0 0 0 0 0 0 0 0 0 0 0 0 0 0 0 0 0 0 0 0 0 0 0 0 0 0 0 0 0 0 0 0 0 0 0 0 0 0 0 0 0 0 0 0 0 0 0 0 0 0 0 0 0 0 0 0 0 0 0 0 0 9.668502881e-17 0 426.6979622 155.0526205 0 0.09376412065 257.8044078 332.3012011 526.1761612 2013.25508 7.207879472e-14 788.8037719 1473.172343 1.110639208 0 1059.195422 0 1398.227527 0 0 0 2.407262617e-17 0 105.765429 62.60863481 1.881617779e-15 1922.28392 10.52840866 2409.332142 9.394368644e-14 1.240804521e-09 4584.077786 9031.975719 1434.902914 2.047322486 5.934110713e-18 2921.555572 2901.237075 5.63009613e-09 8305.705225 6381.374077 4.120130861e-14 0 6952.68825 5297.912699 3324.848672 0 2.030943729e-13 5.784273292e-18 3302.354322 0.004952180245 2346.266514 0 8.052819386e-17 5629.916364 0 9.749961307e-12 4386.303117 806.2579288 3.624839403e-09 9.404407347e-18 880.8755871 1812.288648 1336.168139 1665.770025 0 701.4868612 1024.496148 0.03188860273 872.0852257 0 820.0572369 0 0 0 0 0 0 0 0 0 0 0 0 0 0 0 0 0 0 0 0 0 0 0 0 0 0 0 0 0 0 0 0 0 0 0 0 0 0 0 0 0 0 0 0 0 0 0 0 0 0 0 0 0 0 0 0 0 0 0 0 0 0 0 0 0 0 0 0 0 0 0 0 0 0 0 0 0 0 0 0 0 0 0 0 0 0 0 0 0 0 0 0 0 0 
0 0 0 0 0 0 0 0 0 0 0 0 0 0 0 0 0 0 0 0 0 0 0 0 0 0 0 0 0 0 0 0 0 0 0 0 0 0 0 0 0 0 0 0 0 0 0 0 0 0 0 0 0 0 0 0 0 0 0 0 0 0 0 0 0 0 0 0 0 0 0 0 0 0 0 0 0 0 0 0 0 0 0 0 0 0 0 0 16.49740703 0 1.871281588e-21 0 144.0084497 220.790026 0 3.737033887e-40 0 7.015990503e-22 2.087204736e-14 640.3967927 910.8225334 7.572657567e-32 0 2.272661484e-06 1554.070475 1.35933542e-09 5109.771694 0 0 0 0 1643.016521 5731.182911 0 5956.776782 0 3133.768285 7.038119745e-16 7.353906895e-16 4039.956693 2.164989997e-28 7932.279343 3035.946844 7334.739697 4715.703092 1.344930011e-33 0 4471.777499 4884.769018 2915.877677 2.620349179e-18 3005.350235 10481.19199 844.5170358 8227.406228 5134.660272 4696.862588 0.2694120528 1803.689206 2553.446471 0.001852018798 2547.605142 846.5621684 2.841458624e-10 1780.648998 3.084636301e-20 1.178466703e-09 825.9615841 0 4.475653745e-13 1800.185831 30.06929661 0 4.759600126e-15 3786.448136 1.721323705e-32 1.730255556e-23 932.1225073 1.454841058e-30 0 692.5878926 819.136165 5.633603614e-25 0 0 0 0 0 0 0 0 0 0 0 0 0 0 0 0 0 0 0 0 0 0 0 0 0 0 0 0 0 0 0 0 0 0 0 0 0 0 0 0 0 0 0 0 0 0 0 0 0 0 0 0 0 0 0 0 0 0 0 0 0 0 0 0 0 0 0 0 0 0 0 0 0 0 0 0 0 0 0 0 0 0 0 0 0 0 0 0 0 0 0 0 0 
0 0 0 0 0 0 0 0 0 0 0 0 0 0 0 0 0 0 0 0 0 0 0 0 0 0 0 0 0 0 0 0 0 0 0 0 0 0 0 0 0 0 0 0 0 0 0 0 0 0 0 0 0 0 0 0 0 0 0 0 0 0 0 0 0 0 0 0 0 0 0 0 0 0 0 0 0 0 0 0 0 0 0 0 0 0 0 0 28.95083863 0 0 147.4460582 167.6102497 293.8523065 3.741073361e-28 0 605.9067184 1.095136175e-11 1.345217817e-20 0.001137097766 491.6875932 0 898.0068383 5.4586739e-19 1119.679833 0 0 0 0 0 2694.160088 0 1.971721408e-17 0 2158.957574 0.009727230105 5.702430373e-11 829.4051171 1770.010054 238.7616491 2570.159952 0.07722966788 8074.283368 34.67273596 1.115607627e-13 2.630328626e-36 446.1230748 0 1142.089692 4561.663858 3783.065024 3599.936642 8.257835444e-15 2417.033252 8.531922113e-06 1.569403514e-27 6778.50749 643.6344818 4.077896268e-29 2093.844287 0 4988.92389 2361.115978 1270.469149 0.0001107510761 5226.121948 9.256237343e-32 8.077720399e-24 0 3134.546186 3.337146587e-05 1488.859562 1524.100703 1387.452194 1285.435435 1.139038691e-31 1264.597795 311.9279252 76.4213861 0 508.109177 464.7351045 0 0 0 0 0 0 0 0 0 0 0 0 0 0 0 0 0 0 0 0 0 0 0 0 0 0 0 0 0 0 0 0 0 0 0 0 0 0 0 0 0 0 0 0 0 0 0 0 0 0 0 0 0 0 0 0 0 0 0 0 0 0 0 0 0 0 0 0 0 0 0 0 0 0 0 0 0 0 0 0 0 0 0 0 0 0 0 0 0 0 0 0 0 0 
0 0 0 0 0 0 0 0 0 0 0 0 0 0 0 0 0 0 0 0 0 0 0 0 0 0 0 0 0 0 0 0 0 0 0 0 0 0 0 0 0 0 0 0 0 0 0 0 0 0 0 0 0 0 0 0 0 0 0 0 0 0 0 0 0 0 0 0 0 0 0 0 0 0 0 0 0 0 0 0 0 0 0 0 0 0 0 0 26.51805931 1.606890537e-19 0 2.360256666e-32 0 0.07792325136 48.63794408 7.718871247e-27 923.7034779 9.05845772e-12 542.0114781 744.2915982 408.5600712 2.232339256e-19 5.68959273e-25 1.074370448e-18 530.40707 0 1975.623816 1801.096519 0 1.603893174e-07 2756.762169 1.489169197e-06 0.0001789158867 0.2520441673 0 3107.894235 0 2415.868974 5.149405018e-20 1.464252363e-05 2.21932573e-05 6995.74338 2063.066961 2.875469832e-31 1.719344263e-32 6.671702028e-18 5695.887075 3577.131066 3.330102183e-32 3546.665547 0 3.086192215 2824.099341 2492.044383 2425.492678 1.442838183e-17 1211.662901 1.877199558e-37 4872.170064 10382.67638 1910.974365 2.80574158e-07 5123.880799 3.750180278e-17 4.823821401e-17 3415.325156 3428.00651 9.711915848e-38 1.855267562e-40 0 0.2362410389 0 3.562809688e-05 1907.763467 2708.79267 3.597211876e-13 0 0 1402.763619 0 6.251371515e-25 0 0 0 0 0 0 0 0 0 0 0 0 0 0 0 0 0 0 0 0 0 0 0 0 0 0 0 0 0 0 0 0 0 0 0 0 0 0 0 0 0 0 0 0 0 0 0 0 0 0 0 0 0 0 0 0 0 0 0 0 0 0 0 0 0 0 0 0 0 0 0 0 0 0 0 0 0 0 0 0 0 0 0 0 0 0 0 0 0 0 0 0 0 0 0 
0 0 0 0 0 0 0 0 0 0 0 0 0 0 0 0 0 0 0 0 0 0 0 0 0 0 0 0 0 0 0 0 0 0 0 0 0 0 0 0 0 0 0 0 0 0 0 0 0 0 0 0 0 0 0 0 0 0 0 0 0 0 0 0 0 0 0 0 0 0 0 0 0 0 0 0 0 0 0 0 0 0 0 0 0 0 0 0 0 0.0001682422019 6.880781184e-32 0.8395760155 4.356370868 288.6794914 0 262.8490047 146.7531342 260.290362 679.8947137 975.6994535 0 0.004812304559 0 526.3493983 0 0 0 2.179392773e-23 4.110866456e-22 0 0 7.391076134e-24 0 0.02146335931 9.425112374e-31 2560.547356 0 3682.495911 4927.43517 5.165345985e-19 4.727899081e-23 0.1196036781 0 3461.533805 6656.982366 12.80462459 3472.265517 7.092378239 5023.639659 3972.57853 5169.734227 0 1554.033229 5862.923513 0 2273.912925 47.30563588 2744.520083 0 2576.105025 1700.465535 7761.544366 6.833785788e-12 2.491037246e-24 1.774126676e-06 0 2450.392276 0 1153.188624 326.7176534 1388.920096 229.3711705 6.00993116e-41 1888.896048 1247.796256 526.9817267 0 0.0001152049533 0 5.605836454e-25 8.907205836e-36 0 0 0 0 0 0 0 0 0 0 0 0 0 0 0 0 0 0 0 0 0 0 0 0 0 0 0 0 0 0 0 0 0 0 0 0 0 0 0 0 0 0 0 0 0 0 0 0 0 0 0 0 0 0 0 0 0 0 0 0 0 0 0 0 0 0 0 0 0 0 0 0 0 0 0 0 0 0 0 0 0 0 0 0 0 0 0 0 0 0 0 0 0 0 0 
0 0 0 0 0 0 0 0 0 0 0 0 0 0 0 0 0 0 0 0 0 0 0 0 0 0 0 0 0 0 0 0 0 0 0 0 0 0 0 0 0 0 0 0 0 0 0 0 0 0 0 0 0 0 0 0 0 0 0 0 0 0 0 0 0 0 0 0 0 0 0 0 0 0 0 0 0 0 0 0 0 0 0 0 0 0 0 0 9.547740551e-06 0 3.979978973e-23 0 9.688027624e-29 246.414798 3.167940652e-10 0 1.694398964e-18 366.4968653 3.158646413e-26 4.843404641e-27 1212.941855 2.977706013e-13 699.3742724 0.06423271447 0 7.627793772e-26 1.909570609e-35 0 835.3513058 0 0 2.135296355e-07 176.3532992 2435.14828 5.705824389e-05 1070.721381 2343.711596 333.4613278 2.591272755e-12 0.0001824446744 2.303867581e-24 1.423717191e-27 3978.25821 0.004740016015 3.889199592e-07 19.65209595 2.594647665e-41 4385.158014 5572.290829 2782.457133 0.0006458729189 1846.900158 2686.326579 4520.208257 605.5369149 1496.913432 1.07037268e-07 3819.625329 2277.927078 2474.786835 1.090340552e-06 3091.552966 4.869329299e-09 1.265041288e-20 2671.904506 955.9313647 2497.693716 1939.588985 6.626929266e-31 1296.726368 1347.523863 0 2.532185288e-32 8.930971626e-24 1.864094807e-15 0 4.305227732e-07 0 4.631127051e-29 0 0 0 0 0 0 0 0 0 0 0 0 0 0 0 0 0 0 0 0 0 0 0 0 0 0 0 0 0 0 0 0 0 0 0 0 0 0 0 0 0 0 0 0 0 0 0 0 0 0 0 0 0 0 0 0 0 0 0 0 0 0 0 0 0 0 0 0 0 0 0 0 0 0 0 0 0 0 0 0 0 0 0 0 0 0 0 0 0 0 0 0 0 0 0 0 0 
0 0 0 0 0 0 0 0 0 0 0 0 0 0 0 0 0 0 0 0 0 0 0 0 0 0 0 0 0 0 0 0 0 0 0 0 0 0 0 0 0 0 0 0 0 0 0 0 0 0 0 0 0 0 0 0 0 0 0 0 0 0 0 0 0 0 0 0 0 0 0 0 0 0 0 0 0 0 0 0 0 0 0 0 0 0 0 0 0 0 0 0 2.043945636e-36 1.232067018e-17 3.303980113e-49 1.330157615e-19 0 106.9233525 210.4400773 1.314314106e-16 1.114493229e-37 774.0610671 6.804938771e-17 0 1263.059389 0 1.404301376e-11 0 0 0 3.952706835e-08 5463.509404 2554.538651 5.273640776e-26 3333.238286 6.214949459e-34 1915.606753 3373.540251 527.9404905 1.960264212e-13 1.449802543e-35 8.053932492e-14 0.3727564295 318.7879298 2.048463229e-16 572.5419794 2.831608504e-43 714.6802874 2546.622046 1.686006227e-35 895.5819006 735.0642175 3412.625799 7968.027865 6.121280086e-37 1581.044533 2705.582859 2.750084132e-11 2610.411082 1.439791469e-19 1.006525223e-16 0 1689.343397 0 0 2228.60132 1537.369827 1.257408845e-31 6.748777078e-38 7.285261808e-19 0 0 0 0 5.403392107e-28 2.101458166e-08 1695.966497 0 0.02432672826 714.3874854 1.024319141e-17 0 0 0 0 0 0 0 0 0 0 0 0 0 0 0 0 0 0 0 0 0 0 0 0 0 0 0 0 0 0 0 0 0 0 0 0 0 0 0 0 0 0 0 0 0 0 0 0 0 0 0 0 0 0 0 0 0 0 0 0 0 0 0 0 0 0 0 0 0 0 0 0 0 0 0 0 0 0 0 0 0 0 0 0 0 0 0 0 0 0 0 0 0 0 0 
0 0 0 0 0 0 0 0 0 0 0 0 0 0 0 0 0 0 0 0 0 0 0 0 0 0 0 0 0 0 0 0 0 0 0 0 0 0 0 0 0 0 0 0 0 0 0 0 0 0 0 0 0 0 0 0 0 0 0 0 0 0 0 0 0 0 0 0 0 0 0 0 0 0 0 0 0 0 0 0 0 0 0 0 0 0 0 0.03559780109 0 121.9816555 0 0.0007305542528 3.670908148e-29 0.0003452937474 104.5750349 1.263442816e-33 539.7872702 655.2770437 2.758672729e-37 0.3678545614 2.617934834 310.3736596 0 0 677.7657746 0 1.914129273e-47 0 0 1.396213858e-48 12.80547246 703.1017878 0 3362.063182 0 3.001193652e-10 2.752722458e-34 854.6426743 0 2534.33127 2558.364584 2.993285288e-32 2.589517609e-10 1779.785934 5.30450939e-06 3131.120566 4.369496772e-33 0.2608551831 2.316329231e-12 228.6284621 8.799323879 76.28337624 1490.927494 2662.5587 4204.026976 1928.344312 254.8216459 1.212211922e-38 6.840237239e-27 4.264337701e-13 5524.774921 3257.332801 1.884803908e-13 22.811286 0 1585.83046 1.208564785e-25 1052.621301 0 1.794315894e-26 1.900275643e-34 2.16045903e-32 0 3763.56109 0.002832462206 7.804103126e-13 1092.584812 5.478630706e-13 8.069443464e-17 848.9029315 5.226577521e-28 0 0 0 0 0 0 0 0 0 0 0 0 0 0 0 0 0 0 0 0 0 0 0 0 0 0 0 0 0 0 0 0 0 0 0 0 0 0 0 0 0 0 0 0 0 0 0 0 0 0 0 0 0 0 0 0 0 0 0 0 0 0 0 0 0 0 0 0 0 0 0 0 0 0 0 0 0 0 0 0 0 0 0 0 0 0 0 0 0 0 0 0 0 0 0 
0 0 0 0 0 0 0 0 0 0 0 0 0 0 0 0 0 0 0 0 0 0 0 0 0 0 0 0 0 0 0 0 0 0 0 0 0 0 0 0 0 0 0 0 0 0 0 0 0 0 0 0 0 0 0 0 0 0 0 0 0 0 0 0 0 0 0 0 0 0 0 0 0 0 0 0 0 0 0 0 0 0 0 0 0 0 0 0 0 0 0 0 293.1573066 134.7234023 0 239.7336164 149.1513943 1.150094902e-20 0 267.3180026 8.903451225e-38 5.608352397e-32 738.6593097 0 325.6982317 1082.97238 0 0 0 7.554477782e-08 5.961131191e-36 0 0 0 270.8706179 1.597287627e-15 3096.937792 0 0.0005714485948 9.963129873e-27 1437.377664 2124.54694 2797.03361 0 2.485584132e-36 5.822755085 20.92190591 0.0002050792262 0 3.155957127e-37 3.254393908e-40 1.090611038e-19 0 1.006309228e-13 21.41882009 2.822772512e-50 2.94885901e-31 1.852260433e-07 4559.784979 1727.169916 1444.590415 0.001015254335 1.506771499e-07 2.20177444e-07 1329.807698 1.542658437e-19 1.849876977e-38 3.592548672e-25 1755.964826 8.664575723e-38 1784.223497 937.9938766 131.7790034 1.178402636e-08 0 1452.926223 1.612600867e-20 0 0 687.6753654 673.0895791 0 3.427495545e-05 0 0 0 0 0 0 0 0 0 0 0 0 0 0 0 0 0 0 0 0 0 0 0 0 0 0 0 0 0 0 0 0 0 0 0 0 0 0 0 0 0 0 0 0 0 0 0 0 0 0 0 0 0 0 0 0 0 0 0 0 0 0 0 0 0 0 0 0 0 0 0 0 0 0 0 0 0 0 0 0 0 0 0 0 0 0 0 0 0 0 0 0 0 
0 0 0 0 0 0 0 0 0 0 0 0 0 0 0 0 0 0 0 0 0 0 0 0 0 0 0 0 0 0 0 0 0 0 0 0 0 0 0 0 0 0 0 0 0 0 0 0 0 0 0 0 0 0 0 0 0 0 0 0 0 0 0 0 0 0 0 0 0 0 0 0 0 0 0 0 0 0 0 0 0 0 0 0 0 0 0 3.058347442e-32 0 0 0 3.866042666e-24 3.63132776 203.0176876 3.072234856e-18 6.544752052e-19 0.2115252847 298.0365526 8.04132394e-30 709.5745156 19.51276676 1.422815844e-20 0 0 0 4.919447588e-07 2044.655385 0 0 0 0 73.1008815 2.455887521e-09 2553.670422 0 2549.294208 698.4985565 2573.570387 3.133498608e-31 1.207918979e-09 0 0 5899.612043 2593.006036 1.043921402e-36 0 9475.71557 6.448905972e-41 5.503168609e-29 5104.646994 1.612421165e-07 2822.635143 3798.297413 2468.081583 2.582685028e-12 1404.294293 0 2775.182524 0.0001190645213 5.44210304e-18 7.490900129e-10 1.860029882 8.022286327e-26 3226.881224 0 4.008241562 2600.214013 1371.083242 9.001322513e-29 6.362714654e-21 672.8173295 0 3.064482499 3.66486464e-37 0 1066.709454 823.5045059 0 1.197802423 2.346653136e-21 0 482.4660065 438.3481744 0 0 0 0 0 0 0 0 0 0 0 0 0 0 0 0 0 0 0 0 0 0 0 0 0 0 0 0 0 0 0 0 0 0 0 0 0 0 0 0 0 0 0 0 0 0 0 0 0 0 0 0 0 0 0 0 0 0 0 0 0 0 0 0 0 0 0 0 0 0 0 0 0 0 0 0 0 0 0 0 0 0 0 0 0 0 0 0 0 0 0 0 0 
0 0 0 0 0 0 0 0 0 0 0 0 0 0 0 0 0 0 0 0 0 0 0 0 0 0 0 0 0 0 0 0 0 0 0 0 0 0 0 0 0 0 0 0 0 0 0 0 0 0 0 0 0 0 0 0 0 0 0 0 0 0 0 0 0 0 0 0 0 0 0 0 0 0 0 0 0 0 0 0 0 0 0 0 0 0 0 0 0 0 9.041241676e-36 4.890531616e-15 1.224399407e-35 2.87180122e-22 0 0 3.59021897e-24 0 4.857126084e-10 439.9145286 9.354052997e-31 3.962192154e-38 424.3334756 6.135582813 0 171.5965908 877.4800269 1.433940765e-43 0 0 8.06118478e-12 0 1180.190898 1.287465353e-05 1.071601125e-48 1.308550378e-41 0 2475.956387 1.925707742e-26 4.819240501e-06 1.039371241e-09 6.37658907e-18 1.251235518e-14 1.122549966e-05 5.081835645 1.728810709e-05 4754.258586 0 2612.340766 1657.966653 4480.615112 1.654547925e-25 2.493810037e-08 3.203750844e-32 44.6538889 1.353042199e-18 2606.081824 2714.152546 0.000264349097 1520.140463 0.002462691345 159.2076733 2941.424518 2118.402391 0 4.779334127e-37 1476.866464 1165.573967 445.7670592 1117.168216 0 3.00585333e-27 0 3.013696002e-07 2.674861366e-05 978.7082812 225.0001476 7.159930099e-16 0 0 0 0 0 0 0 0 0 0 0 0 0 0 0 0 0 0 0 0 0 0 0 0 0 0 0 0 0 0 0 0 0 0 0 0 0 0 0 0 0 0 0 0 0 0 0 0 0 0 0 0 0 0 0 0 0 0 0 0 0 0 0 0 0 0 0 0 0 0 0 0 0 0 0 0 0 0 0 0 0 0 0 0 0 0 0 0 0 0 0 0 0 0 0 0 0 0 
0 0 0 0 0 0 0 0 0 0 0 0 0 0 0 0 0 0 0 0 0 0 0 0 0 0 0 0 0 0 0 0 0 0 0 0 0 0 0 0 0 0 0 0 0 0 0 0 0 0 0 0 0 0 0 0 0 0 0 0 0 0 0 0 0 0 0 0 0 0 0 0 0 0 0 0 0 0 0 0 0 0 0 0 0 0 0 0 1.886199345e-06 26.06760036 89.02767534 0.0006617118244 0 36.35801753 148.6104663 1.168933542e-11 0 2.354163393e-17 0 0 0 601.3981728 3.469549911e-17 24.68231439 1.326281352e-09 0 0 0 6.087187008e-21 3.288975492e-05 0 0 0 0 0 0 734.4744922 2162.296013 0 2994.729282 1.0543462e-47 0 0 4.485172026e-05 14.74404506 4.875191454e-09 1.812437386 8.676582917e-25 6.905972913e-36 5.03848781e-06 0 2.455044933e-15 3066.458812 0 0.001238303245 0 2266.609266 0 1756.765133 11.21518962 2.948874462e-49 0.003329582078 1.280845639 1737.101757 1454.719613 0 0 0 0 2.084206051 5.854502684e-21 5.458594344e-11 0 0 989.8203802 0 3.668964204e-11 2.573874562e-11 858.8191022 1.922836474e-31 4.070802611e-46 8.521307181e-31 1.464916555e-09 0 0 0 0 0 0 0 0 0 0 0 0 0 0 0 0 0 0 0 0 0 0 0 0 0 0 0 0 0 0 0 0 0 0 0 0 0 0 0 0 0 0 0 0 0 0 0 0 0 0 0 0 0 0 0 0 0 0 0 0 0 0 0 0 0 0 0 0 0 0 0 0 0 0 0 0 0 0 0 0 0 0 0 0 0 0 0 0 0 0 0 0 0 
0 0 0 0 0 0 0 0 0 0 0 0 0 0 0 0 0 0 0 0 0 0 0 0 0 0 0 0 0 0 0 0 0 0 0 0 0 0 0 0 0 0 0 0 0 0 0 0 0 0 0 0 0 0 0 0 0 0 0 0 0 0 0 0 0 0 0 0 0 0 0 0 0 0 0 0 0 0 0 0 0 0 0 0 0 0 0 0 0 0 0 0 7.400442419e-14 5.432858573 0 4.698652181e-20 0.5289830171 1.339205603e-39 0 2.615271343e-39 6.480334351 4.378266605e-40 662.2518622 1682.376907 1748.510197 0 0 0 0 0 0 0 0 5.074184364e-18 0 0 0.0007892166438 8.332823336e-16 982.08271 0 6.966626841e-15 2.245336963e-05 0 2473.082336 1510.111416 1.464981044e-20 6383.079914 0 0 2.511506104 2463.828485 35.37238599 1.131078464e-17 6.918659493e-18 1.541006101e-25 1.294525499e-14 1.024576385e-31 3.507871311e-42 390.1295976 1.178463581e-19 1156.793391 7.14058265e-49 856.5362319 2.413393869e-16 0 1.171012912e-29 0 0 0 967.1139192 1.086950194e-22 1.04195163e-25 0 1.389423919e-05 0 743.7062041 770.9466349 5.853864883e-08 0 0 0 0 0 0 0 0 0 0 0 0 0 0 0 0 0 0 0 0 0 0 0 0 0 0 0 0 0 0 0 0 0 0 0 0 0 0 0 0 0 0 0 0 0 0 0 0 0 0 0 0 0 0 0 0 0 0 0 0 0 0 0 0 0 0 0 0 0 0 0 0 0 0 0 0 0 0 0 0 0 0 0 0 0 0 0 0 0 0 0 0 0 0 0 0 0 0 
0 0 0 0 0 0 0 0 0 0 0 0 0 0 0 0 0 0 0 0 0 0 0 0 0 0 0 0 0 0 0 0 0 0 0 0 0 0 0 0 0 0 0 0 0 0 0 0 0 0 0 0 0 0 0 0 0 0 0 0 0 0 0 0 0 0 0 0 0 0 0 0 0 0 0 0 0 0 0 0 0 0 0 0 0 0 0 11.02042888 0 3.779140168e-07 62.42548246 0 0.0006093374124 0 147.9618433 0 138.1097612 8.193600023e-34 2.102620248e-49 299.8546913 2.210953218e-37 0 767.9425708 64.17153307 0 0 7.385112527e-06 0 0 0 0 0 212.5060036 1015.628274 9.763484802e-18 0 0 0 3.006731773e-37 679.8233673 2367.033327 910.8570952 5.442343068e-44 1.623968876e-22 850.7048156 0 1.006069348e-09 0.07183012588 176.4866188 0 1383.623812 2.373053356e-15 7.136569285e-38 3.985980869e-23 0 4.856690492e-10 0 1255.56825 3.503791877e-35 5.81010547e-10 2.087658514e-09 1.237572929e-36 1404.478006 7.972585165e-05 691.9044353 0 4.272499083e-41 1.161470899e-16 0 1070.598864 0 8.80098699e-47 9.048877102e-50 2.190907176e-22 768.6898164 0 0 0.0001291385571 0 0 7.738247358e-11 0 0 0 0 0 0 0 0 0 0 0 0 0 0 0 0 0 0 0 0 0 0 0 0 0 0 0 0 0 0 0 0 0 0 0 0 0 0 0 0 0 0 0 0 0 0 0 0 0 0 0 0 0 0 0 0 0 0 0 0 0 0 0 0 0 0 0 0 0 0 0 0 0 0 0 0 0 0 0 0 0 0 0 0 0 0 0 0 0 0 0 0 0 0 0 
0 0 0 0 0 0 0 0 0 0 0 0 0 0 0 0 0 0 0 0 0 0 0 0 0 0 0 0 0 0 0 0 0 0 0 0 0 0 0 0 0 0 0 0 0 0 0 0 0 0 0 0 0 0 0 0 0 0 0 0 0 0 0 0 0 0 0 0 0 0 0 0 0 0 0 0 0 0 0 0 0 0 0 0 0 0 0 0 0 0 0.0001261559514 0 0 0 0 0 0 3.20724651e-55 0 2.306763406e-14 3.628881219e-11 1.569624827e-07 0 0 0 3.938032831e-42 0 6.804258625e-05 0 0 0 0 0 0 0 2.786016367e-38 1.112983071e-46 0 0 3.527006689e-12 8.783329017e-06 7.886364564e-27 0 9.933813431e-45 0.03994392912 300.0401586 2598.212946 1.798557901e-49 0 0 4513.558833 2623.274266 0 546.4805093 0.001520454121 2.106295097e-19 0.00505874136 52.53276553 6.955891954 1466.154468 6.441338713e-30 6.65050597e-49 3.222000629e-33 2.408172485e-16 1.800562112e-14 0 0 0.0001146751262 8.660310098e-33 1.27448054e-28 0.004308187479 0 1.039107336 1494.430245 1.262002116e-16 0 3.562498134e-25 0 0 0 0 378.3276694 0 0 0 0 0 0 0 0 0 0 0 0 0 0 0 0 0 0 0 0 0 0 0 0 0 0 0 0 0 0 0 0 0 0 0 0 0 0 0 0 0 0 0 0 0 0 0 0 0 0 0 0 0 0 0 0 0 0 0 0 0 0 0 0 0 0 0 0 0 0 0 0 0 0 0 0 0 0 0 0 0 0 0 0 0 0 0 0 0 0 0 0 0 0 
0 0 0 0 0 0 0 0 0 0 0 0 0 0 0 0 0 0 0 0 0 0 0 0 0 0 0 0 0 0 0 0 0 0 0 0 0 0 0 0 0 0 0 0 0 0 0 0 0 0 0 0 0 0 0 0 0 0 0 0 0 0 0 0 0 0 0 0 0 0 0 0 0 0 0 0 0 0 0 0 0 0 0 0 0 0 0 0 0.3694219324 95.79854278 1.229993897e-07 4.468324946e-16 0.8688234672 0 0 203.4391955 0 0 0 3.368782055e-19 1.625513571e-17 7.201279975e-17 0 0 8.549015132e-11 0 4.290539274e-21 1.392738171e-36 0 0 0 0 0 1.218512166e-35 1.351477865e-24 0.105105275 7.177125013e-53 1.82041977e-36 0 1733.169059 1157.584866 0 0 0 283.733661 0 1858.402692 3.062029139e-30 0 1653.016138 0 2.714157864e-10 1.099487701e-50 2167.16565 0 0 2366.76011 0 1.592872551e-34 532.4514575 344.5830024 9.655050561e-10 1050.719737 6.168290642e-09 0.04085610432 2434.521511 1.368295446e-28 0.0005757288158 0 0 389.3215267 603.9783995 6.398807347e-32 1.264405584e-40 42.52240704 601.1504862 0 0 4.188151549e-28 3.755073345e-14 0 0 0 0 0 0 0 0 0 0 0 0 0 0 0 0 0 0 0 0 0 0 0 0 0 0 0 0 0 0 0 0 0 0 0 0 0 0 0 0 0 0 0 0 0 0 0 0 0 0 0 0 0 0 0 0 0 0 0 0 0 0 0 0 0 0 0 0 0 0 0 0 0 0 0 0 0 0 0 0 0 0 0 0 0 0 0 0 0 0 0 0 0 0 0 0 
0 0 0 0 0 0 0 0 0 0 0 0 0 0 0 0 0 0 0 0 0 0 0 0 0 0 0 0 0 0 0 0 0 0 0 0 0 0 0 0 0 0 0 0 0 0 0 0 0 0 0 0 0 0 0 0 0 0 0 0 0 0 0 0 0 0 0 0 0 0 0 0 0 0 0 0 0 0 0 0 0 0 0 0 0 0 0 1.151909173 0 1.952695883e-05 90.76754519 0 0 0 0 5.076824594e-19 0 0 2.664628277e-15 2.18000367e-29 0 0 1.200174113e-39 0.05619025934 0 2.260661153e-34 0 0 0 3.552805121e-46 0 0 0 0.04447198388 0 0 114.8967874 0 3.098892427e-40 2133.914928 3.693322225e-31 2.146358579e-26 2.8656458e-16 1.623418803e-18 0 1.823154795e-12 5.231598958e-16 1.115230876e-15 9.315611452e-10 0 1.837226752e-29 4.572071004e-36 1306.336194 5.729095905e-12 0 0 0 0 2.516964978e-16 0 5.331417641e-50 0 1.291101132e-09 0 2.433774766e-12 179.8939755 1.979624826e-16 487.1494978 0 2.417062144e-47 0 0 2.388891116e-14 0 0 0 271.5479271 0 2.559548623e-06 0 5.013550469e-42 0 0 0 0 0 0 0 0 0 0 0 0 0 0 0 0 0 0 0 0 0 0 0 0 0 0 0 0 0 0 0 0 0 0 0 0 0 0 0 0 0 0 0 0 0 0 0 0 0 0 0 0 0 0 0 0 0 0 0 0 0 0 0 0 0 0 0 0 0 0 0 0 0 0 0 0 0 0 0 0 0 0 0 0 0 0 0 0 0 0 0 0 0 0 0 
0 0 0 0 0 0 0 0 0 0 0 0 0 0 0 0 0 0 0 0 0 0 0 0 0 0 0 0 0 0 0 0 0 0 0 0 0 0 0 0 0 0 0 0 0 0 0 0 0 0 0 0 0 0 0 0 0 0 0 0 0 0 0 0 0 0 0 0 0 0 0 0 0 0 0 0 0 0 0 0 0 0 0 0 0 0 0 0 0 0 1.5140888e-06 0 4.936362596e-26 0 0 1.879516295e-19 0 6.150663513e-07 4.366482119e-42 0 0 0.0003398789455 1.201344522e-37 249.3032844 74.51585566 0 0 0 0 3.595414665e-12 917.509552 0 0 0 4.902668604e-24 163.7837577 277.2785276 1.965348652e-27 0 0 0 0 1.93787887e-15 6.039093725e-23 0 1631.944928 0 0 0 0.2628600897 4.971211356e-05 0 0 3.980479371e-59 1.041694792e-20 0 1.662665054e-33 1.337925987e-29 2.699568542e-42 0 2427.331922 3.005407753e-40 0 1.659032677e-22 1.968806669e-16 6.635083348e-42 0 0.1095370189 1.472542456e-42 51.57786336 8.425226412e-06 0 0 0 1.902954383e-19 1.359688438e-43 0 0 0 0 0 0 0 1.943419005e-12 0 0 0 0 0 0 0 0 0 0 0 0 0 0 0 0 0 0 0 0 0 0 0 0 0 0 0 0 0 0 0 0 0 0 0 0 0 0 0 0 0 0 0 0 0 0 0 0 0 0 0 0 0 0 0 0 0 0 0 0 0 0 0 0 0 0 0 0 0 0 0 0 0 0 0 0 0 0 0 0 0 0 0 0 0 0 0 0 0 0 0 0 
0 0 0 0 0 0 0 0 0 0 0 0 0 0 0 0 0 0 0 0 0 0 0 0 0 0 0 0 0 0 0 0 0 0 0 0 0 0 0 0 0 0 0 0 0 0 0 0 0 0 0 0 0 0 0 0 0 0 0 0 0 0 0 0 0 0 0 0 0 0 0 0 0 0 0 0 0 0 0 0 0 0 0 0 0 0 0 0 1.084032003e-11 0 0 6.745473515e-10 0 0 0 9.245950109e-45 9.530474173e-18 0 1.562966189e-48 0 1.064482532e-50 0 0 4.286765911e-46 2.884850253e-47 0 3.581863538e-38 0 0 0 0 0 0 7.482321316e-33 0 4.253231366e-40 4.037077583e-10 1.043192195e-06 0 1.045054673e-44 0 1.248776964e-19 4.289258947e-10 4.456485711e-09 2.672584679e-19 2.642321711e-56 0 0 0 0 0 0 1.050862947e-26 5.810700667e-20 1623.171229 1622.336285 4.183467523e-24 8.805028489e-51 0 1423.130511 667.8153499 1059.996109 1.946506807e-47 4.423479308e-55 8.432337042e-43 885.4777195 0 0 517.8118851 0 2.352170131e-45 1.381099446e-42 0 0 0 0 0 0 0 1.741069644e-27 0 0 0 0 0 0 0 0 0 0 0 0 0 0 0 0 0 0 0 0 0 0 0 0 0 0 0 0 0 0 0 0 0 0 0 0 0 0 0 0 0 0 0 0 0 0 0 0 0 0 0 0 0 0 0 0 0 0 0 0 0 0 0 0 0 0 0 0 0 0 0 0 0 0 0 0 0 0 0 0 0 0 0 0 0 0 0 0 0 0 0 0 0 0 0 0 
0 0 0 0 0 0 0 0 0 0 0 0 0 0 0 0 0 0 0 0 0 0 0 0 0 0 0 0 0 0 0 0 0 0 0 0 0 0 0 0 0 0 0 0 0 0 0 0 0 0 0 0 0 0 0 0 0 0 0 0 0 0 0 0 0 0 0 0 0 0 0 0 0 0 0 0 0 0 0 0 0 0 0 0 0 0 0 1.418487129e-14 0 0 0 2.983404191e-30 0 9.406626273e-13 0 0.000102661683 0 0.5234063209 1.032068252e-07 6.475700937e-28 5.981356438e-20 1.695898127e-32 1.902245664e-34 0 0 0 0 0 2.451277499e-27 0 0 0 0 0 8.575747306e-48 0 3237.73608 1939.431875 0 3.367979555e-12 0 0 0 3.219958469e-48 0.0001911111207 0 7.106042032e-22 0 6.129064955e-09 0 2.182288311e-48 0 0 1.877974469e-37 1.02074597e-09 1.295545325e-24 1426.753588 0 4.517993337e-57 5.573452903e-45 0.104995319 0 1.568666844e-22 0 5.461825605e-15 5.072320002e-24 0 0 1.017632109e-32 7.639239939e-47 1.613471407e-43 3.304795485e-48 0 1.965689181e-13 3.662269045e-09 0 5.835116423e-38 0 4.35456315e-38 58.84034756 0 0 0 8.880530672 0 0 0 0 0 0 0 0 0 0 0 0 0 0 0 0 0 0 0 0 0 0 0 0 0 0 0 0 0 0 0 0 0 0 0 0 0 0 0 0 0 0 0 0 0 0 0 0 0 0 0 0 0 0 0 0 0 0 0 0 0 0 0 0 0 0 0 0 0 0 0 0 0 0 0 0 0 0 0 0 0 0 0 0 0 0 0 0 0 0 0 0 
0 0 0 0 0 0 0 0 0 0 0 0 0 0 0 0 0 0 0 0 0 0 0 0 0 0 0 0 0 0 0 0 0 0 0 0 0 0 0 0 0 0 0 0 0 0 0 0 0 0 0 0 0 0 0 0 0 0 0 0 0 0 0 0 0 0 0 0 0 0 0 0 0 0 0 0 0 0 0 0 0 0 0 0 0 0 0 0 0 2.029419359e-29 0 7.458139585e-24 6.067776691 0 2.056873172e-18 1.33651135e-41 0 6.621266299e-20 255.2269226 0 1.86287231e-10 2.060095346e-13 0 4.459933702e-29 468.5947685 0 0 3.10430623e-56 5.686967467e-44 8.324433888e-25 0 0 0 1.086881968e-07 1.52925126e-34 0 8.199539118e-09 0 0 1094.89792 0.0007355012869 0 0 3.478694575 5.026794188e-50 1.233815126e-23 0 1.66515242e-18 0 9.066525827e-33 1022.255486 0 5.781362596e-32 0 2.188592201e-47 0.08845982686 5.966282869e-29 0.003521935357 1.235417505e-05 1.122078015e-54 0 3.4794399e-20 789.8941084 0 0 0 8.642289407e-16 0 0 9.22843478e-38 394.9883456 3.900394367e-46 0 1.792420113e-12 0 5.714871737 0 1.894052844e-10 0.6828513613 0 0 0 0 0 0 0 0 0 0 0 0 0 0 0 0 0 0 0 0 0 0 0 0 0 0 0 0 0 0 0 0 0 0 0 0 0 0 0 0 0 0 0 0 0 0 0 0 0 0 0 0 0 0 0 0 0 0 0 0 0 0 0 0 0 0 0 0 0 0 0 0 0 0 0 0 0 0 0 0 0 0 0 0 0 0 0 0 0 0 0 0 0 0 0 0 0 
0 0 0 0 0 0 0 0 0 0 0 0 0 0 0 0 0 0 0 0 0 0 0 0 0 0 0 0 0 0 0 0 0 0 0 0 0 0 0 0 0 0 0 0 0 0 0 0 0 0 0 0 0 0 0 0 0 0 0 0 0 0 0 0 0 0 0 0 0 0 0 0 0 0 0 0 0 0 0 0 0 0 0 0 0 0 0 0 7.941563383e-41 0 0 0 9.249594297e-08 0 0 0 0 2.284070532e-31 0 0 0 0 0 0 0 0 0 0 0 0 1.241412537e-14 1.3093944e-52 0 0 0 0 0 0 0 1.850552096e-40 5.206999011e-39 0.01311758086 2.072154969e-54 0 6.410863361e-38 0 1.081234066e-33 98.72025132 2.993246097e-32 1.498394861e-23 0 1027.93695 0 0 0 2.65051438e-17 1.403896891e-46 0 79.60598573 7.373357094e-28 3.807531786e-05 0 7.801814793e-50 6.399292598e-28 2.277020268e-47 3.743699273e-58 3.395014934e-49 0.2129321142 0 0 2.543298435e-13 0.04778179644 2.908033023e-32 1.659083274e-05 0 0 0 0 1.965956713e-51 0 0 0 0 0 0 0 0 0 0 0 0 0 0 0 0 0 0 0 0 0 0 0 0 0 0 0 0 0 0 0 0 0 0 0 0 0 0 0 0 0 0 0 0 0 0 0 0 0 0 0 0 0 0 0 0 0 0 0 0 0 0 0 0 0 0 0 0 0 0 0 0 0 0 0 0 0 0 0 0 0 0 0 0 0 0 0 0 0 0 0 0 0 0 0 0 0 
0 0 0 0 0 0 0 0 0 0 0 0 0 0 0 0 0 0 0 0 0 0 0 0 0 0 0 0 0 0 0 0 0 0 0 0 0 0 0 0 0 0 0 0 0 0 0 0 0 0 0 0 0 0 0 0 0 0 0 0 0 0 0 0 0 0 0 0 0 0 0 0 0 0 0 0 0 0 0 0 0 0 0 0 0 0 0 0 0 0 0 0 0 0 0 0.000673375829 4.472289136e-18 0.002820595614 7.08585333e-36 0 0 0 0 0.001195288755 0 1.65112194e-32 0 0 0.005175197067 1.096275942e-08 4.963940616e-20 0 0 0 0 2.283775102e-34 4.145608965e-44 0 486.653398 0 0 84.14610311 7.648519239e-23 1.988455266e-05 0 0 2.955307399e-27 0 455.0719816 1763.860007 0 2.824496888e-39 806.9674341 0 3.219154783e-13 7.154342909e-43 0 2.370973581e-45 0 2.055926219e-29 0 1.85820662e-13 0 4.267298421e-35 1944.923584 225.4857845 0 0 0 140.8283807 0 0 6.916227279e-10 0 0 0 0 1.22708482e-22 0 0 0 0 0 0 0 0 0 0 0 0 0 0 0 0 0 0 0 0 0 0 0 0 0 0 0 0 0 0 0 0 0 0 0 0 0 0 0 0 0 0 0 0 0 0 0 0 0 0 0 0 0 0 0 0 0 0 0 0 0 0 0 0 0 0 0 0 0 0 0 0 0 0 0 0 0 0 0 0 0 0 0 0 0 0 0 0 0 0 0 0 0 0 0 0 0 0 
0 0 0 0 0 0 0 0 0 0 0 0 0 0 0 0 0 0 0 0 0 0 0 0 0 0 0 0 0 0 0 0 0 0 0 0 0 0 0 0 0 0 0 0 0 0 0 0 0 0 0 0 0 0 0 0 0 0 0 0 0 0 0 0 0 0 0 0 0 0 0 0 0 0 0 0 0 0 0 0 0 0 0 0 0 0 0 0 0 37.25518563 0 0 0 0 0 1.949677048e-23 0 0 0 0 3.636283266e-40 0 0 0 0 0 0 0 0 0 1.62186258e-56 0 0 0.3262074251 0 0 4.042469932e-49 1.836317244e-21 0 400.927682 2.227056794e-07 0 0 901.8338616 0 0 4.632430136e-44 0 0 3.986952985e-52 0 0 0 0 0 6.643795498e-38 0 0.002923432723 4.679222499e-12 0 0 0 656.5419561 0 8.891559836e-21 3.118318509 0 0 4.545087339e-22 0 1.375852868e-28 0 2.332088437e-60 1.824562669e-28 0 0 1.611982343e-19 0 0 0 0 0 0 0 0 0 0 0 0 0 0 0 0 0 0 0 0 0 0 0 0 0 0 0 0 0 0 0 0 0 0 0 0 0 0 0 0 0 0 0 0 0 0 0 0 0 0 0 0 0 0 0 0 0 0 0 0 0 0 0 0 0 0 0 0 0 0 0 0 0 0 0 0 0 0 0 0 0 0 0 0 0 0 0 0 0 0 0 0 0 0 0 0 0 0 0 
0 0 0 0 0 0 0 0 0 0 0 0 0 0 0 0 0 0 0 0 0 0 0 0 0 0 0 0 0 0 0 0 0 0 0 0 0 0 0 0 0 0 0 0 0 0 0 0 0 0 0 0 0 0 0 0 0 0 0 0 0 0 0 0 0 0 0 0 0 0 0 0 0 0 0 0 0 0 0 0 0 0 0 0 0 0 0 0 0 0 1.613633337e-33 1.78104393e-22 0 0 0 0 0 0 0 0 0 0 0 2.464678854e-07 0 0 0 150.3274332 0 1.865063077e-34 0 7.275359286e-55 0 0 0 3.780580153e-13 0 0 0 0 1.278060542e-33 0 0 2.75370496e-56 9.040294865e-15 0.002730649126 5.015351359e-19 0 0 8.752879164e-24 0 9.430236342e-51 0.02508437949 5.839446543 1.396206196e-50 0 1.121977549e-29 9.555979205e-23 33.34074191 3.734008433e-36 2.522410689e-19 2.107325734e-41 0 1.203310752e-31 1.459499976e-09 7.031554283e-45 0 13.44401311 2.507122125e-43 0 3.670039984e-08 0 0 0 8.473363996e-14 5.401647144e-46 2.145791651e-50 1.144943637e-05 2.359668901e-39 0 1.157725728e-09 0 0 0 0 0 0 0 0 0 0 0 0 0 0 0 0 0 0 0 0 0 0 0 0 0 0 0 0 0 0 0 0 0 0 0 0 0 0 0 0 0 0 0 0 0 0 0 0 0 0 0 0 0 0 0 0 0 0 0 0 0 0 0 0 0 0 0 0 0 0 0 0 0 0 0 0 0 0 0 0 0 0 0 0 0 0 0 0 0 0 0 0 0 0 0 
0 0 0 0 0 0 0 0 0 0 0 0 0 0 0 0 0 0 0 0 0 0 0 0 0 0 0 0 0 0 0 0 0 0 0 0 0 0 0 0 0 0 0 0 0 0 0 0 0 0 0 0 0 0 0 0 0 0 0 0 0 0 0 0 0 0 0 0 0 0 0 0 0 0 0 0 0 0 0 0 0 0 0 0 0 0 0 0 0 0 0 0 53.24721816 7.621942482e-34 0 1.887008024e-14 0 0 1.38680406e-47 0 1.633846737e-17 2.08649552e-33 1.642445805e-16 0 1.065151731e-19 0 0 0 0 0 0 0 0.06510821281 1.422543366e-21 0 0 0 2.074893341e-31 1.771227864e-55 0 1.179836694e-64 0 2.990328787e-28 0 0 69.84960946 0 0 1.326886753e-09 0 6.776042423e-34 6.242768757e-50 0.07793132024 1.828530065e-05 0 0 8.899791574e-09 0 5.741673369e-39 0 0 1.747136455e-14 0 8.095266269e-26 0 394.7133624 0 0 3.76440532e-63 2.314628184e-59 2.489893226e-27 0 0 0 6.297000496e-47 0 3.845486991e-19 0 0 0 0 0 0 0 0 0 0 0 0 0 0 0 0 0 0 0 0 0 0 0 0 0 0 0 0 0 0 0 0 0 0 0 0 0 0 0 0 0 0 0 0 0 0 0 0 0 0 0 0 0 0 0 0 0 0 0 0 0 0 0 0 0 0 0 0 0 0 0 0 0 0 0 0 0 0 0 0 0 0 0 0 0 0 0 0 0 0 0 0 0 0 0 0 0 0 0 
0 0 0 0 0 0 0 0 0 0 0 0 0 0 0 0 0 0 0 0 0 0 0 0 0 0 0 0 0 0 0 0 0 0 0 0 0 0 0 0 0 0 0 0 0 0 0 0 0 0 0 0 0 0 0 0 0 0 0 0 0 0 0 0 0 0 0 0 0 0 0 0 0 0 0 0 0 0 0 0 0 0 0 0 0 0 0 0 0 0 0 0 0 0.003780110231 1.16423548e-33 8.005188017e-28 0 2.715177766e-45 0 0 0 0 0 0 6.31044316e-39 9.997463014e-56 0 0 0 9.097785263e-23 5.364577526e-46 3.899895193e-36 0 3.449572913e-53 0 0 3.895969978e-31 0 0 0 1.755730365e-54 0 6.16319289 1.629139798e-18 5.607338822e-43 6.333663684e-20 1.177601533e-07 1.441928288e-58 3.573542633e-15 0 0 4.730821932e-39 0 7.593759958e-27 0 1.219974873e-44 4.066047501e-12 1.519484827e-54 0 0.0002221033452 0 1.010806673e-67 0 0 22.99381585 1.237969303e-16 1.90330846e-43 5.278265665e-52 0 0 6.775605227e-54 0 0 0 0 0 0 0 0 0 0 0 0 0 0 0 0 0 0 0 0 0 0 0 0 0 0 0 0 0 0 0 0 0 0 0 0 0 0 0 0 0 0 0 0 0 0 0 0 0 0 0 0 0 0 0 0 0 0 0 0 0 0 0 0 0 0 0 0 0 0 0 0 0 0 0 0 0 0 0 0 0 0 0 0 0 0 0 0 0 0 0 0 0 0 0 0 0 0 0 0 0 0 0 0 0 
0 0 0 0 0 0 0 0 0 0 0 0 0 0 0 0 0 0 0 0 0 0 0 0 0 0 0 0 0 0 0 0 0 0 0 0 0 0 0 0 0 0 0 0 0 0 0 0 0 0 0 0 0 0 0 0 0 0 0 0 0 0 0 0 0 0 0 0 0 0 0 0 0 0 0 0 0 0 0 0 0 0 0 0 0 0 0 0 0 0 0 0 0 0 4.550684064e-36 5.802019629e-39 0 0 0 0.01633081335 2.41505371e-31 0 0 0 4.23600588e-07 0 0 4.003193666e-38 0 0 0 0.1901635886 0 1.074204589e-14 1.408328389e-13 0 0.8242374313 0 136.7651302 0 3.062429033 0 0 5.44140017e-54 0 2.61531188e-36 0.02911232084 1.314973708e-18 0.0005335493957 0 1.386362652e-08 0 2.525915491e-43 7.234644916e-14 0 8.894495e-30 0 0.002533815423 1.48392131e-33 1.25222417e-44 1.327649161e-42 0 3.629454294e-34 1.234936995e-19 0 0 0 0 0 2.935933251e-44 0 0 3.444115715e-59 8.393780506e-12 0 7.125084324e-28 0 0 0 0 0 0 0 4.931839431e-47 0 0 0 0 0 0 0 0 0 0 0 0 0 0 0 0 0 0 0 0 0 0 0 0 0 0 0 0 0 0 0 0 0 0 0 0 0 0 0 0 0 0 0 0 0 0 0 0 0 0 0 0 0 0 0 0 0 0 0 0 0 0 0 0 0 0 0 0 0 0 0 0 0 0 0 0 0 0 0 0 0 0 0 0 0 0 0 0 0 0 0 0 
0 0 0 0 0 0 0 0 0 0 0 0 0 0 0 0 0 0 0 0 0 0 0 0 0 0 0 0 0 0 0 0 0 0 0 0 0 0 0 0 0 0 0 0 0 0 0 0 0 0 0 0 0 0 0 0 0 0 0 0 0 0 0 0 0 0 0 0 0 0 0 0 0 0 0 0 0 0 0 0 0 0 0 0 0 0 0 0 0 0 0 0 0 4.602389395e-31 2.157333979e-13 0 8.634334022e-52 0 1.449613687e-65 0 4.40234589e-48 6.754191089e-57 2.508508907e-30 2.346663286e-31 0 0 0 0 4.837786668e-29 0 0 0 1.171547107e-32 0 0 2.804541314e-19 0 0 0 2.075146124e-50 1.291224322e-38 0 7.504396305e-46 2.166528312e-55 0 1.021840218e-38 0 2.385989228e-35 3.227930152e-55 3.008716362e-51 0 2.573182164e-12 6.676717397e-36 0 3.590588329e-43 3.222061601e-16 6.473763462e-44 8.258319289e-52 9.847281093e-20 0.0002911741396 0 6.728645504e-20 0 3.171619481e-30 5.914006347e-62 1.239378832e-66 0 0 0 0 8.801597108e-47 0 1.446993997e-65 1.30615052e-34 0 5.668305878e-54 0 1.072580865e-67 1.101912065e-05 0 0 0 0 0 0 0 0 0 0 0 0 0 0 0 0 0 0 0 0 0 0 0 0 0 0 0 0 0 0 0 0 0 0 0 0 0 0 0 0 0 0 0 0 0 0 0 0 0 0 0 0 0 0 0 0 0 0 0 0 0 0 0 0 0 0 0 0 0 0 0 0 0 0 0 0 0 0 0 0 0 0 0 0 0 0 0 0 0 0 0 0 0 0 0 0 0 
0 0 0 0 0 0 0 0 0 0 0 0 0 0 0 0 0 0 0 0 0 0 0 0 0 0 0 0 0 0 0 0 0 0 0 0 0 0 0 0 0 0 0 0 0 0 0 0 0 0 0 0 0 0 0 0 0 0 0 0 0 0 0 0 0 0 0 0 0 0 0 0 0 0 0 0 0 0 0 0 0 0 0 0 0 0 0 0 0 0 0 0 8.874208899e-58 0 0 1.051555245e-13 0 4.577784761e-14 0 1.39861048e-28 0 1.788038776e-12 0 0 0 0 4.603403866e-49 0 0 0 0 0 7.307974363e-21 0 3.258840121e-32 0 0 5.68072484e-51 0 0.0009883190152 0 2.162201304e-22 0 0 1.226069057 0 0 0 0 2.132272252e-18 5.712711234e-32 0 5.197539392e-53 0 8.253174754e-46 4.378219935e-38 0 0 0 0 5.186616874e-42 0 0 5.225170171e-46 0 8.584938723e-14 0 1.413079654e-62 6.930226875e-21 78.06850388 0 0 0 0 0 5.503645342e-51 0 0 1.447063596e-36 5.036327703e-27 0 0 3.050028217e-27 0 0 0 0 0 0 0 0 0 0 0 0 0 0 0 0 0 0 0 0 0 0 0 0 0 0 0 0 0 0 0 0 0 0 0 0 0 0 0 0 0 0 0 0 0 0 0 0 0 0 0 0 0 0 0 0 0 0 0 0 0 0 0 0 0 0 0 0 0 0 0 0 0 0 0 0 0 0 0 0 0 0 0 0 0 0 0 0 0 0 0 0 0 
0 0 0 0 0 0 0 0 0 0 0 0 0 0 0 0 0 0 0 0 0 0 0 0 0 0 0 0 0 0 0 0 0 0 0 0 0 0 0 0 0 0 0 0 0 0 0 0 0 0 0 0 0 0 0 0 0 0 0 0 0 0 0 0 0 0 0 0 0 0 0 0 0 0 0 0 0 0 0 0 0 0 0 0 0 0 0 0 0 8.120718888e-18 0 1.688868876e-69 9.747442245e-30 1.152971527e-64 0 0 0 0 2.899756813e-60 0 0 0 1.200920182e-14 0 0 0 2.468469604e-37 0 7.850256739e-59 0 7.450871259e-12 2.398077912e-37 0 1.561383247e-24 0 0 5.864690718e-09 0 7.476969025e-35 0 2.026870413e-22 0 0 0 1.213178118e-25 0 3.720276286e-22 2.176486026e-25 1.232886725e-05 0.002329644542 0 0 3.431908314e-23 0 0 0 1.385721383e-06 9.442140356e-68 1.920339588e-54 1.762871277e-10 2.241507391e-35 0 8.705220306e-39 0 0 0 1.281369281e-11 1.348281239e-66 0 4.845454845e-19 2.192400377e-48 0 0 0 0 0 0 1.406469452e-06 0 0 0 0 0 0 0 0 0 0 0 0 0 0 0 0 0 0 0 0 0 0 0 0 0 0 0 0 0 0 0 0 0 0 0 0 0 0 0 0 0 0 0 0 0 0 0 0 0 0 0 0 0 0 0 0 0 0 0 0 0 0 0 0 0 0 0 0 0 0 0 0 0 0 0 0 0 0 0 0 0 0 0 0 0 0 0 0 0 0 0 0 0 0 0 0 0 0 
0 0 0 0 0 0 0 0 0 0 0 0 0 0 0 0 0 0 0 0 0 0 0 0 0 0 0 0 0 0 0 0 0 0 0 0 0 0 0 0 0 0 0 0 0 0 0 0 0 0 0 0 0 0 0 0 0 0 0 0 0 0 0 0 0 0 0 0 0 0 0 0 0 0 0 0 0 0 0 0 0 0 0 0 0 0 0 0 0 0 0 0 3.023280469e-06 9.505420593e-52 0 0 3.148977569e-56 5.042084651e-49 1.128973e-09 7.622052651e-38 0 0 0 0 1.261103238e-45 3.948787035e-44 0 0 0 0 0 0 0 9.58400125e-56 0 3.082565399e-17 0 0 2.079845652e-14 9.264318462e-48 1.299387619e-52 0 2.115409899e-24 8.683763111e-15 0 0 0 0 0 1.80894299e-18 6.065911851e-43 0 0 0 0 9.919322702e-61 0 4.528848449e-68 6.057391607e-15 1.538388659e-16 9.782129073e-19 3.073277233e-54 0 0 0 2.157711513e-42 0 0 0 2.353544604e-19 0 0 1.299754357e-56 0 1.032344959e-07 0 0 0 1.445227746e-27 3.537608127e-54 0 0 0 0 0 0 0 0 0 0 0 0 0 0 0 0 0 0 0 0 0 0 0 0 0 0 0 0 0 0 0 0 0 0 0 0 0 0 0 0 0 0 0 0 0 0 0 0 0 0 0 0 0 0 0 0 0 0 0 0 0 0 0 0 0 0 0 0 0 0 0 0 0 0 0 0 0 0 0 0 0 0 0 0 0 0 0 0 0 0 0 0 0 0 0 0 
0 0 0 0 0 0 0 0 0 0 0 0 0 0 0 0 0 0 0 0 0 0 0 0 0 0 0 0 0 0 0 0 0 0 0 0 0 0 0 0 0 0 0 0 0 0 0 0 0 0 0 0 0 0 0 0 0 0 0 0 0 0 0 0 0 0 0 0 0 0 0 0 0 0 0 0 0 0 0 0 0 0 0 0 0 0 0 0 0 0 0 0 0 0 0 0 0 0 0 0 0 1.698947805e-46 0 0 0 0 0 0 0 6.530162415e-42 0 0 2.317467507e-51 0 0 0 0 0 0 0 7.729739463e-08 0 0 3.467371102e-17 9.069569505e-40 0 0 0 1.549197488e-53 1.133560163e-18 0 1.201390245e-27 3.222596175e-59 3.576597682e-63 2.285108497e-51 0 6.547639656e-67 0 0 1.300325396e-11 6.024569505e-43 0 0 0 1.296385249e-57 0 0.5122610281 2.873040951e-60 0 0 0 0 0 0 0 0 0 0 7.858276294e-29 0 0 0 1.083075163e-52 0 0 0 0 0 0 0 0 0 0 0 0 0 0 0 0 0 0 0 0 0 0 0 0 0 0 0 0 0 0 0 0 0 0 0 0 0 0 0 0 0 0 0 0 0 0 0 0 0 0 0 0 0 0 0 0 0 0 0 0 0 0 0 0 0 0 0 0 0 0 0 0 0 0 0 0 0 0 0 0 0 0 0 0 0 0 0 0 0 0 0 0 0 
0 0 0 0 0 0 0 0 0 0 0 0 0 0 0 0 0 0 0 0 0 0 0 0 0 0 0 0 0 0 0 0 0 0 0 0 0 0 0 0 0 0 0 0 0 0 0 0 0 0 0 0 0 0 0 0 0 0 0 0 0 0 0 0 0 0 0 0 0 0 0 0 0 0 0 0 0 0 0 0 0 0 0 0 0 0 0 0 0 0 0 1.293429354e-50 0 0 0 1.741683707e-54 6.078142201e-33 0 4.978472515e-54 0 0 0 0 1.091194586e-29 0 0 0 0 0 0 0 0 2.478097133e-64 0 0 2.47852736e-38 0 0 0 0 0 1.573813974e-47 0 0 3.468795986e-38 0 8.504422511e-72 7.256966133e-10 0 3.20664343e-15 0 0 0 7.703593252e-41 0 0 0 0 0 2.137566099e-38 7.712537831e-20 3.49088891e-15 2.543169823e-06 1.657687944e-36 4.242363406e-35 7.552091624e-15 5.199920933e-25 0 0 1.825081667e-15 0 0 0 0 5.62149841e-52 0 0 2.538638619e-09 5.724842265e-09 0 1.139633638e-40 0 0 0 0 0 0 0 0 0 0 0 0 0 0 0 0 0 0 0 0 0 0 0 0 0 0 0 0 0 0 0 0 0 0 0 0 0 0 0 0 0 0 0 0 0 0 0 0 0 0 0 0 0 0 0 0 0 0 0 0 0 0 0 0 0 0 0 0 0 0 0 0 0 0 0 0 0 0 0 0 0 0 0 0 0 0 0 0 0 0 0 0 0 0 0 
0 0 0 0 0 0 0 0 0 0 0 0 0 0 0 0 0 0 0 0 0 0 0 0 0 0 0 0 0 0 0 0 0 0 0 0 0 0 0 0 0 0 0 0 0 0 0 0 0 0 0 0 0 0 0 0 0 0 0 0 0 0 0 0 0 0 0 0 0 0 0 0 0 0 0 0 0 0 0 0 0 0 0 0 0 0 0 0 0 0 0 0 2.707798534e-28 3.102775949e-38 0 0 0 0 3.123544472e-62 0 0 0 0 0 0 0 0 0 0 0 2.105299422e-66 0 1.264253336e-43 0 1.152757232e-42 6.770941721e-47 0 0 1.354000013e-76 3.07341065e-32 0 3.495490341e-61 7.522109344e-23 1.528535667e-60 4.473385922e-26 0 0 1.141141772e-29 0 0 3.400638531e-34 0 0 0 0 0 1.491672895e-34 0 0 0 1.190420605e-60 0 0 0 6.495115293e-62 1.577326093e-61 0 1.761204874e-30 2.967160327e-17 0 0 1.597044887e-13 0 0 1.43621022e-26 0 0 0 0 0 0 0 0 0 0 0 0 0 0 0 0 0 0 0 0 0 0 0 0 0 0 0 0 0 0 0 0 0 0 0 0 0 0 0 0 0 0 0 0 0 0 0 0 0 0 0 0 0 0 0 0 0 0 0 0 0 0 0 0 0 0 0 0 0 0 0 0 0 0 0 0 0 0 0 0 0 0 0 0 0 0 0 0 0 0 0 0 0 0 0 0 0 0 0 0 0 
0 0 0 0 0 0 0 0 0 0 0 0 0 0 0 0 0 0 0 0 0 0 0 0 0 0 0 0 0 0 0 0 0 0 0 0 0 0 0 0 0 0 0 0 0 0 0 0 0 0 0 0 0 0 0 0 0 0 0 0 0 0 0 0 0 0 0 0 0 0 0 0 0 0 0 0 0 0 0 0 0 0 0 0 0 0 0 0 0 0 0 0 0 0 0 2.286338452e-14 0 0 1.089150524e-39 1.345344375e-51 3.000279669e-08 3.028931746e-31 0 0 0 0 0 0 0 0 0 0 0 0 0 1.227127676e-61 0 0 0 0 0 0 0 0 0 0 7.743881043e-38 0 0 3.826934257e-51 0 0 6.082683684e-52 0 0 3.371213921e-56 0 4.67076811e-15 3.260634071e-47 1.880780921e-08 2.003058381e-34 0 0 6.288121926e-59 0 0 0 0 0 0 3.69449439e-32 0 0 0 0 0 0 0 0 0 0 0 0 0 0 0 0 0 0 0 0 0 0 0 0 0 0 0 0 0 0 0 0 0 0 0 0 0 0 0 0 0 0 0 0 0 0 0 0 0 0 0 0 0 0 0 0 0 0 0 0 0 0 0 0 0 0 0 0 0 0 0 0 0 0 0 0 0 0 0 0 0 0 0 0 0 0 0 0 0 0 0 0 0 0 0 0 0 0 0 0 0 0 0 0 0 
0 0 0 0 0 0 0 0 0 0 0 0 0 0 0 0 0 0 0 0 0 0 0 0 0 0 0 0 0 0 0 0 0 0 0 0 0 0 0 0 0 0 0 0 0 0 0 0 0 0 0 0 0 0 0 0 0 0 0 0 0 0 0 0 0 0 0 0 0 0 0 0 0 0 0 0 0 0 0 0 0 0 0 0 0 0 0 0 8.586303657e-59 0 0 0 2.491966581e-34 0 0 0 6.284127199e-45 0 0 0 2.132887616e-12 1.597390032e-64 0 0 9.067461881e-64 0 0 0 0 2.680757375e-41 0 0 0 0 8.607251362e-42 0 1.578748498e-32 0 0 3.226630062e-16 0 1.685723759e-38 0 7.723941092e-63 0 0 1.572302931e-67 0 2.898005096e-49 6.69984617e-45 0 3.262869355e-49 1.254632331e-25 8.043966457e-59 0 0 0 0 7.796875571e-43 4.587641115e-18 2.995303559e-38 0 0 4.751096344e-28 0 0 5.425928403e-52 0 0 0 0 2.019302148e-34 0 0 0 0 0 0 0 5.039213367e-65 0 0 0 0 0 0 0 0 0 0 0 0 0 0 0 0 0 0 0 0 0 0 0 0 0 0 0 0 0 0 0 0 0 0 0 0 0 0 0 0 0 0 0 0 0 0 0 0 0 0 0 0 0 0 0 0 0 0 0 0 0 0 0 0 0 0 0 0 0 0 0 0 0 0 0 0 0 0 0 0 0 0 0 0 0 0 0 0 0 0 0 0 0 0 0 0 
0 0 0 0 0 0 0 0 0 0 0 0 0 0 0 0 0 0 0 0 0 0 0 0 0 0 0 0 0 0 0 0 0 0 0 0 0 0 0 0 0 0 0 0 0 0 0 0 0 0 0 0 0 0 0 0 0 0 0 0 0 0 0 0 0 0 0 0 0 0 0 0 0 0 0 0 0 0 0 0 0 0 0 0 0 0 0 0 0 0 0 0 0 2.030051151e-40 6.914784384e-50 0 0 0 0 0 1.829877367e-66 0 0 0 0 0 0 0 0 0 0 0 0 0 6.757460845e-33 0 1.551582153e-66 4.77368807e-66 0 0 0 0 0 0 6.978896279e-62 0 0 0 0 0 0 0 0 0 6.27704664e-36 4.432048479e-24 0 0 0 1.906668478e-13 0 0 7.904247349e-62 0 0 0 0 0 0 0 0 0 0 0 0 0 0 0 0 0 0 0 0 0 0 0 0 0 0 0 0 0 0 0 0 0 0 0 0 0 0 0 0 0 0 0 0 0 0 0 0 0 0 0 0 0 0 0 0 0 0 0 0 0 0 0 0 0 0 0 0 0 0 0 0 0 0 0 0 0 0 0 0 0 0 0 0 0 0 0 0 0 0 0 0 0 0 0 0 0 0 0 0 0 0 0 0 0 0 0 0 0 0 0 0 0 
0 0 0 0 0 0 0 0 0 0 0 0 0 0 0 0 0 0 0 0 0 0 0 0 0 0 0 0 0 0 0 0 0 0 0 0 0 0 0 0 0 0 0 0 0 0 0 0 0 0 0 0 0 0 0 0 0 0 0 0 0 0 0 0 0 0 0 0 0 0 0 0 0 0 0 0 0 0 0 0 0 0 0 0 0 0 0 0 0 0 0 0 5.477868427e-62 0 1.410150601e-57 0 0 0 0 0 0 0 1.249642327e-30 0 0 0 0 0 0 1.037013008e-43 0 0 0 0 0 0 0 0 0 0 0 0 0 0 1.444543978e-68 0 0 0 0 0 0 0 0 0 0 0 0 0 0 0 4.607432044e-24 0 0 3.00114283e-28 0 0 0 0 0 0 0 0 0 0 0 0 0 0 0 0 1.16472071e-50 0 0 0 0 0 0 0 0 0 0 0 0 0 0 0 0 0 0 0 0 0 0 0 0 0 0 0 0 0 0 0 0 0 0 0 0 0 0 0 0 0 0 0 0 0 0 0 0 0 0 0 0 0 0 0 0 0 0 0 0 0 0 0 0 0 0 0 0 0 0 0 0 0 0 0 0 0 0 0 0 0 0 0 0 0 0 0 0 0 0 0 0 0 0 0 
0 0 0 0 0 0 0 0 0 0 0 0 0 0 0 0 0 0 0 0 0 0 0 0 0 0 0 0 0 0 0 0 0 0 0 0 0 0 0 0 0 0 0 0 0 0 0 0 0 0 0 0 0 0 0 0 0 0 0 0 0 0 0 0 0 0 0 0 0 0 0 0 0 0 0 0 0 0 0 0 0 0 0 0 0 0 0 0 0 0 0 0 2.01387366e-44 0 0 3.30150509e-44 1.580610832e-63 0 0 0 0 2.225751357e-75 0 0 0 0 0 0 0 0 0 0 0 0 0 0 0 0 0 0 0 0 0 2.248340346e-33 6.026618882e-64 4.245841292e-54 0 0 6.61751429e-69 0 1.820975986e-74 2.846352862e-52 0 0 7.030626008e-69 0 0 0 1.181218835e-40 0 5.968809468e-64 0 0 0 0 0 3.720994349e-29 0 0 5.116104056e-29 4.136388208e-36 0 1.104707206e-73 0 0 0 0 0 0 0 0 1.734308439e-55 0 0 0 0 0 0 0 0 0 0 0 0 0 0 0 0 0 0 0 0 0 0 0 0 0 0 0 0 0 0 0 0 0 0 0 0 0 0 0 0 0 0 0 0 0 0 0 0 0 0 0 0 0 0 0 0 0 0 0 0 0 0 0 0 0 0 0 0 0 0 0 0 0 0 0 0 0 0 0 0 0 0 0 0 0 0 0 0 0 0 0 0 0 0 
0 0 0 0 0 0 0 0 0 0 0 0 0 0 0 0 0 0 0 0 0 0 0 0 0 0 0 0 0 0 0 0 0 0 0 0 0 0 0 0 0 0 0 0 0 0 0 0 0 0 0 0 0 0 0 0 0 0 0 0 0 0 0 0 0 0 0 0 0 0 0 0 0 0 0 0 0 0 0 0 0 0 0 0 0 0 0 0 0 0 0 2.128168724e-51 1.502996065e-15 1.43331459e-64 0 0 0 0 0 0 0 0 0 0 0 0 0 0 0 0 0 1.554680735e-63 0 1.338223951e-67 0 0 0 0 0 0 0 6.206965796e-54 3.522112673e-24 0 0 0 0 0 4.743265214e-60 0 0 0 1.560302759e-53 0 0 0 0 0 0 9.118246131e-39 0 0 5.252358893e-58 1.252197941e-62 0 0 0 0 0 0 1.927830472e-31 0 0 0 6.165406767e-63 0 0 0 0 0 0 0 0 0 0 0 0 0 0 0 0 0 0 0 0 0 0 0 0 0 0 0 0 0 0 0 0 0 0 0 0 0 0 0 0 0 0 0 0 0 0 0 0 0 0 0 0 0 0 0 0 0 0 0 0 0 0 0 0 0 0 0 0 0 0 0 0 0 0 0 0 0 0 0 0 0 0 0 0 0 0 0 0 0 0 0 0 0 0 0 0 0 0 0 0 0 
0 0 0 0 0 0 0 0 0 0 0 0 0 0 0 0 0 0 0 0 0 0 0 0 0 0 0 0 0 0 0 0 0 0 0 0 0 0 0 0 0 0 0 0 0 0 0 0 0 0 0 0 0 0 0 0 0 0 0 0 0 0 0 0 0 0 0 0 0 0 0 0 0 0 0 0 0 0 0 0 0 0 0 0 0 0 0 0 0 0 0 0 0 0 0 0 0 2.453453802e-25 0 0 0 0 0 0 0 0 0 0 0 1.813320553e-39 0 0 0 0 1.883569584e-44 0 0 1.94687544e-66 0 0 0 1.771028888e-44 2.386545073e-50 2.087468827e-47 0 0 2.750216009e-47 0 0 0 0 0 0 0 8.566132912e-37 0 0 0 0 0 0 3.998461002e-52 0 0 0 0 3.918638765e-31 0 0 0 0 0 8.486515163e-50 0 0 0 0 0 0 0 0 0 0 0 0 0 0 0 0 0 0 0 0 0 0 0 0 0 0 0 0 0 0 0 0 0 0 0 0 0 0 0 0 0 0 0 0 0 0 0 0 0 0 0 0 0 0 0 0 0 0 0 0 0 0 0 0 0 0 0 0 0 0 0 0 0 0 0 0 0 0 0 0 0 0 0 0 0 0 0 0 0 0 0 0 0 0 0 0 0 0 0 0 0 0 0 
0 0 0 0 0 0 0 0 0 0 0 0 0 0 0 0 0 0 0 0 0 0 0 0 0 0 0 0 0 0 0 0 0 0 0 0 0 0 0 0 0 0 0 0 0 0 0 0 0 0 0 0 0 0 0 0 0 0 0 0 0 0 0 0 0 0 0 0 0 0 0 0 0 0 0 0 0 0 0 0 0 0 0 0 0 0 0 0 0 0 0 0 0 0 0 0 0 0 0 0 0 0 0 0 0 0 0 0 0 0 0 0 0 0 0 0 0 0 0 0 0 1.604694602e-25 0 0 0 0 0 0 0 0 2.786123689e-60 0 2.113833761e-63 0 0 0 0 0 0 0 0 0 0 0 0 0 0 0 0 0 0 0 0 0 0 0 0 0 0 0 0 0 0 0 0 0 0 0 0 0 0 0 0 0 0 0 0 0 0 0 0 0 0 0 0 0 0 0 0 0 0 0 0 0 0 0 0 0 0 0 0 0 0 0 0 0 0 0 0 0 0 0 0 0 0 0 0 0 0 0 0 0 0 0 0 0 0 0 0 0 0 0 0 0 0 0 0 0 0 0 0 0 0 0 0 0 0 0 0 0 0 0 0 0 0 0 
0 0 0 0 0 0 0 0 0 0 0 0 0 0 0 0 0 0 0 0 0 0 0 0 0 0 0 0 0 0 0 0 0 0 0 0 0 0 0 0 0 0 0 0 0 0 0 0 0 0 0 0 0 0 0 0 0 0 0 0 0 0 0 0 0 0 0 0 0 0 0 0 0 0 0 0 0 0 0 0 0 0 0 0 0 0 0 0 0 0 0 0 0 0 0 0 0 0 0 0 0 0 0 0 0 1.696234127e-71 0 0 0 0 0 0 0 0 0 0 0 0 1.063720043e-54 0 0 0 0 0 0 0 0 0 0 0 0 2.08771824e-52 0 0 0 3.523532452e-74 0 0 0 0 0 0 0 0 0 0 0 0 0 0 0 0 0 0 0 0 0 0 0 0 0 0 0 0 0 0 0 0 0 0 0 0 0 0 0 0 0 0 0 0 0 0 0 0 0 0 0 0 0 0 0 0 0 0 0 0 0 0 0 0 0 0 0 0 0 0 0 0 0 0 0 0 0 0 0 0 0 0 0 0 0 0 0 0 0 0 0 0 0 0 0 0 0 0 0 0 0 0 0 0 0 0 0 0 0 0 0 0 0 0 0 0 0 0 0 0 
0 0 0 0 0 0 0 0 0 0 0 0 0 0 0 0 0 0 0 0 0 0 0 0 0 0 0 0 0 0 0 0 0 0 0 0 0 0 0 0 0 0 0 0 0 0 0 0 0 0 0 0 0 0 0 0 0 0 0 0 0 0 0 0 0 0 0 0 0 0 0 0 0 0 0 0 0 0 0 0 0 0 0 0 0 0 0 0 0 3.103612887e-53 0 0 1.53271021e-79 0 0 0 0 0 0 0 0 0 0 0 0 0 0 0 0 0 0 0 9.185857299e-80 0 0 0 0 0 0 0 2.401097103e-28 0 0 0 0 0 0 0 0 0 0 0 0 0 0 0 0 0 0 0 8.812140902e-76 0 0 4.065926336e-54 5.539903486e-58 0 0 0 0 0 0 0 0 1.052946146e-68 0 0 0 0 0 0 0 0 0 0 0 0 0 0 0 0 0 0 0 0 0 0 0 0 0 0 0 0 0 0 0 0 0 0 0 0 0 0 0 0 0 0 0 0 0 0 0 0 0 0 0 0 0 0 0 0 0 0 0 0 0 0 0 0 0 0 0 0 0 0 0 0 0 0 0 0 0 0 0 0 0 0 0 0 0 0 0 0 0 0 0 0 0 0 0 0 0 0 0 0 0 0 
0 0 0 0 0 0 0 0 0 0 0 0 0 0 0 0 0 0 0 0 0 0 0 0 0 0 0 0 0 0 0 0 0 0 0 0 0 0 0 0 0 0 0 0 0 0 0 0 0 0 0 0 0 0 0 0 0 0 0 0 0 0 0 0 0 0 0 0 0 0 0 0 0 0 0 0 0 0 0 0 0 0 0 0 0 0 0 0 0 0 0 0 0 0 0 0 0 0 0 0 0 0 0 0 0 0 0 0 0 0 0 0 0 0 0 0 0 0 4.437256275e-37 0 0 0 0 0 2.064729558e-68 0 0 0 0 2.571100606e-45 0 0 0 0 0 0 0 0 5.120957404e-56 0 0 0 0 0 0 4.346570904e-70 0 0 0 0 0 0 0 0 0 0 0 7.368558749e-54 0 0 0 0 0 0 0 0 0 0 0 0 0 0 0 0 0 0 0 0 0 0 0 0 0 0 0 0 0 0 0 0 0 0 0 0 0 0 0 0 0 0 0 0 0 0 0 0 0 0 0 0 0 0 0 0 0 0 0 0 0 0 0 0 0 0 0 0 0 0 0 0 0 0 0 0 0 0 0 0 0 0 0 0 0 0 0 0 0 0 0 0 0 0 0 0 0 0 
0 0 0 0 0 0 0 0 0 0 0 0 0 0 0 0 0 0 0 0 0 0 0 0 0 0 0 0 0 0 0 0 0 0 0 0 0 0 0 0 0 0 0 0 0 0 0 0 0 0 0 0 0 0 0 0 0 0 0 0 0 0 0 0 0 0 0 0 0 0 0 0 0 0 0 0 0 0 0 0 0 0 0 0 0 0 0 0 2.326471323e-46 0 0 4.872216356e-74 0 0 0 0 0 0 0 0 0 0 0 0 0 0 0 0 0 0 0 0 0 0 0 0 2.69902898e-80 0 1.05195627e-67 0 0 1.608842044e-52 0 9.058392491e-74 0 0 0 0 0 0 0 0 1.612872238e-47 0 7.520421546e-72 0 0 0 0 0 0 0 0 0 0 0 0 0 0 0 0 0 0 0 0 0 0 0 0 0 0 0 0 0 0 0 0 0 0 0 0 0 0 0 0 0 0 0 0 0 0 0 0 0 0 0 0 0 0 0 0 0 0 0 0 0 0 0 0 0 0 0 0 0 0 0 0 0 0 0 0 0 0 0 0 0 0 0 0 0 0 0 0 0 0 0 0 0 0 0 0 0 0 0 0 0 0 0 0 0 0 0 0 0 0 0 0 0 0 0 0 0 0 0 0 0 
0 0 0 0 0 0 0 0 0 0 0 0 0 0 0 0 0 0 0 0 0 0 0 0 0 0 0 0 0 0 0 0 0 0 0 0 0 0 0 0 0 0 0 0 0 0 0 0 0 0 0 0 0 0 0 0 0 0 0 0 0 0 0 0 0 0 0 0 0 0 0 0 0 0 0 0 0 0 0 0 0 0 0 0 0 0 0 0 0 0 0 0 0 0 0 0 0 0 0 0 0 0 0 0 0 0 0 0 0 0 0 0 0 0 0 0 0 0 0 0 0 0 0 0 0 0 0 0 2.876556902e-58 0 0 0 0 0 0 0 0 0 0 0 0 5.656450119e-62 1.228360455e-66 0 0 8.013779593e-66 0 0 0 0 8.978328194e-78 0 0 0 0 0 0 0 0 0 0 0 0 0 0 0 0 0 0 0 0 0 0 0 0 0 0 0 0 0 0 0 0 0 0 0 0 0 0 0 0 0 0 0 0 0 0 0 0 0 0 0 0 0 0 0 0 0 0 0 0 0 0 0 0 0 0 0 0 0 0 0 0 0 0 0 0 0 0 0 0 0 0 0 0 0 0 0 0 0 0 0 0 0 0 0 0 0 0 0 0 0 0 0 0 0 
0 0 0 0 0 0 0 0 0 0 0 0 0 0 0 0 0 0 0 0 0 0 0 0 0 0 0 0 0 0 0 0 0 0 0 0 0 0 0 0 0 0 0 0 0 0 0 0 0 0 0 0 0 0 0 0 0 0 0 0 0 0 0 0 0 0 0 0 0 0 0 0 0 0 0 0 0 0 0 0 0 0 0 0 0 0 0 0 0 0 0 0 0 0 0 0 0 0 0 0 0 0 0 0 0 0 0 0 0 0 0 0 0 0 0 0 0 0 0 0 0 0 0 2.438445249e-62 0 0 0 2.912584015e-78 0 0 0 0 0 0 0 0 0 6.298944407e-81 0 0 0 0 0 0 0 0 0 0 0 0 1.707698123e-79 0 0 0 0 0 0 0 0 0 0 0 0 0 0 0 0 0 0 0 0 0 0 0 0 0 0 0 0 0 0 0 0 0 0 0 0 0 0 0 0 0 0 0 0 0 0 0 0 0 0 0 0 0 0 0 0 0 0 0 0 0 0 0 0 0 0 0 0 0 0 0 0 0 0 0 0 0 0 0 0 0 0 0 0 0 0 0 0 0 0 0 0 0 0 0 0 0 0 0 0 0 0 0 0 0 
0 0 0 0 0 0 0 0 0 0 0 0 0 0 0 0 0 0 0 0 0 0 0 0 0 0 0 0 0 0 0 0 0 0 0 0 0 0 0 0 0 0 0 0 0 0 0 0 0 0 0 0 0 0 0 0 0 0 0 0 0 0 0 0 0 0 0 0 0 0 0 0 0 0 0 0 0 0 0 0 0 0 0 0 0 0 0 0 0 0 0 0 0 0 0 0 0 0 0 3.732362239e-83 0 0 0 0 0 0 0 0 0 0 0 0 0 0 0 0 0 0 0 0 0 0 0 0 0 0 0 0 0 0 0 0 0 0 0 0 0 0 0 0 0 0 7.613190609e-78 0 0 0 0 0 0 0 0 0 0 0 0 0 0 0 0 0 0 0 0 0 0 0 0 0 0 0 0 0 0 0 0 0 0 0 0 0 0 0 0 0 0 0 0 0 0 0 0 0 0 0 0 0 0 0 0 0 0 0 0 0 0 0 0 0 0 0 0 0 0 0 0 0 0 0 0 0 0 0 0 0 0 0 0 0 0 0 0 0 0 0 0 0 0 0 0 0 0 0 0 0 0 0 0 0 0 0 0 0 0 0 0 0 
0 0 0 0 0 0 0 0 0 0 0 0 0 0 0 0 0 0 0 0 0 0 0 0 0 0 0 0 0 0 0 0 0 0 0 0 0 0 0 0 0 0 0 0 0 0 0 0 0 0 0 0 0 0 0 0 0 0 0 0 0 0 0 0 0 0 0 0 0 0 0 0 0 0 0 0 0 0 0 0 0 0 0 0 0 0 0 0 0 0 0 0 0 0 0 0 0 0 0 0 0 0 0 0 0 0 0 0 0 0 0 0 0 0 0 0 0 0 0 0 0 0 0 2.414603441e-70 0 0 0 0 0 0 0 0 0 0 0 0 0 0 0 0 0 0 0 0 0 0 0 0 0 0 0 0 0 0 0 0 0 0 0 0 0 0 0 0 0 0 0 0 0 0 0 0 0 0 0 0 0 0 0 0 0 0 0 0 0 0 0 0 0 0 0 0 0 0 0 0 0 0 0 0 0 0 0 0 0 0 0 0 0 0 0 0 0 0 0 0 0 0 0 0 0 0 0 0 0 0 0 0 0 0 0 0 0 0 0 0 0 0 0 0 0 0 0 0 0 0 0 0 0 0 0 0 0 0 0 0 
0 0 0 0 0 0 0 0 0 0 0 0 0 0 0 0 0 0 0 0 0 0 0 0 0 0 0 0 0 0 0 0 0 0 0 0 0 0 0 0 0 0 0 0 0 0 0 0 0 0 0 0 0 0 0 0 0 0 0 0 0 0 0 0 0 0 0 0 0 0 0 0 0 0 0 0 0 0 0 0 0 0 0 0 0 0 0 0 0 0 0 0 2.759042673e-69 0 0 0 0 0 0 0 0 0 0 0 0 0 0 0 0 0 0 0 0 5.273913484e-75 0 0 0 0 0 0 0 0 0 0 0 0 0 0 0 0 0 0 0 0 0 0 1.036914948e-54 0 0 0 0 2.073791912e-57 0 0 0 0 0 0 0 0 0 0 1.579155155e-75 0 0 0 0 0 0 0 0 0 0 0 0 0 0 0 0 0 0 0 0 0 0 0 0 0 0 0 0 0 0 0 0 0 0 0 0 0 0 0 0 0 0 0 0 0 0 0 0 0 0 0 0 0 0 0 0 0 0 0 0 0 0 0 0 0 0 0 0 0 0 0 0 0 0 0 0 0 0 0 0 0 0 0 0 0 0 0 0 0 0 0 0 0 0 0 0 0 0 0 0 0 0 0 
0 0 0 0 0 0 0 0 0 0 0 0 0 0 0 0 0 0 0 0 0 0 0 0 0 0 0 0 0 0 0 0 0 0 0 0 0 0 0 0 0 0 0 0 0 0 0 0 0 0 0 0 0 0 0 0 0 0 0 0 0 0 0 0 0 0 0 0 0 0 0 0 0 0 0 0 0 0 0 0 0 0 0 0 0 0 0 0 0 0 0 5.782320687e-72 0 0 0 0 0 0 0 0 8.171121353e-72 0 0 0 0 0 0 0 0 0 0 0 0 1.523579542e-83 0 0 0 0 0 0 0 0 0 0 0 0 0 0 0 0 0 0 0 0 0 0 0 0 0 0 1.528437827e-84 0 2.218024858e-83 0 1.152485241e-81 0 0 0 0 6.437978301e-67 0 0 0 0 0 0 0 0 0 0 0 0 0 0 0 0 0 0 0 0 0 0 0 0 0 0 0 0 0 0 0 0 0 0 0 0 0 0 0 0 0 0 0 0 0 0 0 0 0 0 0 0 0 0 0 0 0 0 0 0 0 0 0 0 0 0 0 0 0 0 0 0 0 0 0 0 0 0 0 0 0 0 0 0 0 0 0 0 0 0 0 0 0 0 0 0 0 0 0 0 0 0 0 0 0 0 
0 0 0 0 0 0 0 0 0 0 0 0 0 0 0 0 0 0 0 0 0 0 0 0 0 0 0 0 0 0 0 0 0 0 0 0 0 0 0 0 0 0 0 0 0 0 0 0 0 0 0 0 0 0 0 0 0 0 0 0 0 0 0 0 0 0 0 0 0 0 0 0 0 0 0 0 0 0 0 0 0 0 0 0 0 0 0 0 0 0 0 0 0 2.321811603e-61 0 0 0 0 0 0 0 0 0 0 0 0 0 0 0 0 0 0 0 0 0 0 0 0 0 0 0 0 0 0 0 0 0 0 0 0 0 0 0 0 0 0 0 0 0 0 0 8.78354005e-73 0 0 0 0 0 0 0 0 0 0 0 0 0 0 0 0 0 0 0 0 0 0 0 0 0 0 0 0 0 0 0 0 0 0 0 0 0 0 0 0 0 0 0 0 0 0 0 0 0 0 0 0 0 0 0 0 0 0 0 0 0 0 0 0 0 0 0 0 0 0 0 0 0 0 0 0 0 0 0 0 0 0 0 0 0 0 0 0 0 0 0 0 0 0 0 0 0 0 0 0 0 0 0 0 0 0 0 0 0 0 0 0 0 0 
0 0 0 0 0 0 0 0 0 0 0 0 0 0 0 0 0 0 0 0 0 0 0 0 0 0 0 0 0 0 0 0 0 0 0 0 0 0 0 0 0 0 0 0 0 0 0 0 0 0 0 0 0 0 0 0 0 0 0 0 0 0 0 0 0 0 0 0 0 0 0 0 0 0 0 0 0 0 0 0 0 0 0 0 0 0 0 0 0 0 0 0 0 0 0 0 0 0 0 0 0 0 0 0 0 0 0 0 0 0 0 0 0 0 0 0 0 0 0 0 0 0 0 0 0 0 0 0 0 0 0 0 0 0 0 0 0 0 0 0 0 0 0 0 0 0 0 0 0 0 0 0 0 0 0 0 0 0 0 0 0 0 0 0 0 0 0 0 0 0 0 0 0 0 0 0 0 0 0 0 0 0 0 0 0 0 0 0 0 0 0 0 0 0 0 0 0 0 0 0 0 0 0 0 0 0 0 0 0 0 0 0 0 0 0 0 0 0 0 0 0 0 0 0 0 0 0 0 0 0 0 0 0 0 0 0 0 0 0 0 0 0 0 0 0 0 0 0 0 0 0 0 0 0 0 0 
0 0 0 0 0 0 0 0 0 0 0 0 0 0 0 0 0 0 0 0 0 0 0 0 0 0 0 0 0 0 0 0 0 0 0 0 0 0 0 0 0 0 0 0 0 0 0 0 0 0 0 0 0 0 0 0 0 0 0 0 0 0 0 0 0 0 0 0 0 0 0 0 0 0 0 0 0 0 0 0 0 0 0 0 0 0 0 0 0 0 0 0 0 0 0 0 0 0 0 0 0 0 0 0 0 0 0 0 0 0 0 0 0 0 0 0 0 0 0 0 0 0 0 0 0 0 0 0 0 0 0 0 0 0 0 0 0 0 0 0 0 0 0 0 1.102017503e-82 0 0 0 0 0 0 0 0 0 0 0 0 0 0 0 0 0 0 0 0 0 0 0 0 0 0 0 0 0 0 0 0 0 0 0 0 0 0 0 0 0 0 0 0 0 0 0 0 0 0 0 0 0 0 0 0 0 0 0 0 0 0 0 0 0 0 0 0 0 0 0 0 0 0 0 0 0 0 0 0 0 0 0 0 0 0 0 0 0 0 0 0 0 0 0 0 0 0 0 0 0 0 0 0 0 0 0 0 0 0 0 
0 0 0 0 0 0 0 0 0 0 0 0 0 0 0 0 0 0 0 0 0 0 0 0 0 0 0 0 0 0 0 0 0 0 0 0 0 0 0 0 0 0 0 0 0 0 0 0 0 0 0 0 0 0 0 0 0 0 0 0 0 0 0 0 0 0 0 0 0 0 0 0 0 0 0 0 0 0 0 0 0 0 0 0 0 0 0 0 0 0 0 0 0 0 0 0 0 0 0 0 0 0 0 0 0 0 0 0 0 0 0 0 0 0 0 0 0 7.048276572e-81 0 0 0 0 0 0 0 0 0 0 0 0 0 0 0 0 0 0 0 0 0 0 0 0 0 9.618267009e-64 0 0 0 0 0 0 0 0 0 0 0 0 0 0 0 0 0 0 0 0 0 0 0 0 0 0 0 0 0 0 0 0 0 0 0 0 0 0 0 0 0 0 0 0 0 0 0 0 0 0 0 0 0 0 0 0 0 0 0 0 0 0 0 0 0 0 0 0 0 0 0 0 0 0 0 0 0 0 0 0 0 0 0 0 0 0 0 0 0 0 0 0 0 0 0 0 0 0 0 0 0 0 0 0 0 0 0 0 0 0 0 0 
0 0 0 0 0 0 0 0 0 0 0 0 0 0 0 0 0 0 0 0 0 0 0 0 0 0 0 0 0 0 0 0 0 0 0 0 0 0 0 0 0 0 0 0 0 0 0 0 0 0 0 0 0 0 0 0 0 0 0 0 0 0 0 0 0 0 0 0 0 0 0 0 0 0 0 0 0 0 0 0 0 0 0 0 0 0 0 0 0 0 0 0 0 0 0 0 2.036948963e-76 0 0 0 0 0 0 0 0 0 0 0 0 0 0 1.992843978e-76 0 0 0 0 0 0 0 0 0 0 0 0 0 0 0 0 0 0 0 0 0 0 0 0 0 0 0 0 0 0 1.086905597e-82 0 0 0 0 0 0 0 0 0 0 0 0 0 0 0 0 0 6.48446237e-87 0 0 0 0 0 0 0 0 0 0 0 0 0 0 0 0 0 0 0 0 0 0 0 0 0 0 0 0 0 0 0 0 0 0 0 0 0 0 0 0 0 0 0 0 0 0 0 0 0 0 0 0 0 0 0 0 0 0 0 0 0 0 0 0 0 0 0 0 0 0 0 0 0 0 0 0 0 0 0 0 0 0 0 0 0 0 0 0 0 0 0 0 0 0 0 
0 0 0 0 0 0 0 0 0 0 0 0 0 0 0 0 0 0 0 0 0 0 0 0 0 0 0 0 0 0 0 0 0 0 0 0 0 0 0 0 0 0 0 0 0 0 0 0 0 0 0 0 0 0 0 0 0 0 0 0 0 0 0 0 0 0 0 0 0 0 0 0 0 0 0 0 0 0 0 0 0 0 0 0 0 0 0 0 0 0 0 0 0 0 0 0 0 0 0 0 0 0 0 0 0 0 0 0 0 0 0 0 0 0 0 0 0 0 0 0 0 0 0 0 0 0 0 0 0 0 0 0 0 0 0 0 0 0 0 0 0 0 0 0 0 0 0 0 0 0 0 0 0 0 0 0 0 0 0 0 0 0 0 0 0 0 0 0 0 0 0 0 0 0 0 0 0 0 0 0 0 0 0 0 0 0 0 0 0 0 0 0 0 0 0 0 0 0 0 0 0 0 0 0 0 0 0 0 0 0 0 0 0 0 0 0 0 0 0 0 0 0 0 0 0 0 0 0 0 0 0 0 0 0 0 0 0 0 0 0 0 0 0 0 0 0 0 0 0 0 0 0 0 0 0 0 
0 0 0 0 0 0 0 0 0 0 0 0 0 0 0 0 0 0 0 0 0 0 0 0 0 0 0 0 0 0 0 0 0 0 0 0 0 0 0 0 0 0 0 0 0 0 0 0 0 0 0 0 0 0 0 0 0 0 0 0 0 0 0 0 0 0 0 0 0 0 0 0 0 0 0 0 0 0 0 0 0 0 0 0 0 0 0 0 0 0 0 0 0 0 0 0 0 0 0 0 0 0 0 0 0 0 0 0 0 0 0 0 0 0 0 0 0 0 0 0 0 0 0 0 0 0 0 0 0 0 0 0 0 0 0 0 0 0 0 0 0 0 0 0 0 0 0 0 0 0 0 0 0 0 0 0 0 0 0 0 0 0 0 0 0 0 0 0 0 0 0 0 0 0 0 0 0 0 0 0 0 0 0 0 0 0 0 0 0 0 0 0 0 0 0 0 0 0 0 0 0 0 0 0 0 0 0 0 0 0 0 0 0 0 0 0 0 0 0 0 0 0 0 0 0 0 0 0 0 0 0 0 0 0 0 0 0 0 0 0 0 0 0 0 0 0 0 0 0 0 0 0 0 0 0 0 
0 0 0 0 0 0 0 0 0 0 0 0 0 0 0 0 0 0 0 0 0 0 0 0 0 0 0 0 0 0 0 0 0 0 0 0 0 0 0 0 0 0 0 0 0 0 0 0 0 0 0 0 0 0 0 0 0 0 0 0 0 0 0 0 0 0 0 0 0 0 0 0 0 0 0 0 0 0 0 0 0 0 0 0 0 0 0 0 0 0 0 0 0 0 0 0 0 0 0 0 0 0 0 0 0 0 0 0 0 0 0 0 0 0 0 0 0 0 0 0 0 0 0 0 0 0 0 0 0 0 0 0 0 0 0 0 0 0 0 0 0 0 0 0 0 0 0 0 0 0 0 0 0 0 0 0 0 0 0 0 0 0 0 0 0 0 0 0 0 0 0 0 0 0 0 0 0 0 0 0 0 0 0 0 0 0 0 0 0 0 0 0 0 0 0 0 0 0 0 0 0 0 0 0 0 0 0 0 0 0 0 0 0 0 0 0 0 0 0 0 0 0 0 0 0 0 0 0 0 0 0 0 0 0 0 0 0 0 0 0 0 0 0 0 0 0 0 0 0 0 0 0 0 0 0 0 
0 0 0 0 0 0 0 0 0 0 0 0 0 0 0 0 0 0 0 0 0 0 0 0 0 0 0 0 0 0 0 0 0 0 0 0 0 0 0 0 0 0 0 0 0 0 0 0 0 0 0 0 0 0 0 0 0 0 0 0 0 0 0 0 0 0 0 0 0 0 0 0 0 0 0 0 0 0 0 0 0 0 0 0 0 0 0 0 0 0 0 0 0 0 0 0 0 0 0 0 0 0 0 0 0 0 0 0 0 0 0 0 0 0 0 0 0 0 0 0 0 0 0 0 0 0 0 0 0 0 0 0 0 0 0 0 0 0 0 0 0 0 0 0 0 0 0 0 0 0 0 0 0 0 0 0 0 0 0 0 0 0 0 0 0 0 0 0 0 0 0 0 0 0 0 0 0 0 0 0 0 0 0 0 0 0 0 0 0 0 0 0 0 0 0 0 0 0 0 0 0 0 0 0 0 0 0 0 0 0 0 0 0 0 0 0 0 0 0 0 0 0 0 0 0 0 0 0 0 0 0 0 0 0 0 0 0 0 0 0 0 0 0 0 0 0 0 0 0 0 0 0 0 0 0 0 
0 0 0 0 0 0 0 0 0 0 0 0 0 0 0 0 0 0 0 0 0 0 0 0 0 0 0 0 0 0 0 0 0 0 0 0 0 0 0 0 0 0 0 0 0 0 0 0 0 0 0 0 0 0 0 0 0 0 0 0 0 0 0 0 0 0 0 0 0 0 0 0 0 0 0 0 0 0 0 0 0 0 0 0 0 0 0 0 0 0 0 0 0 0 0 0 0 0 0 0 0 0 0 0 0 0 0 0 0 0 0 0 0 0 0 0 0 0 0 0 0 0 0 0 0 0 0 0 0 0 0 0 0 0 0 0 0 0 0 0 0 0 0 0 0 0 0 0 0 0 0 0 0 0 0 0 0 0 0 0 0 0 0 0 0 0 0 0 0 0 0 0 0 0 0 0 0 0 0 0 0 0 0 0 0 0 0 0 0 0 0 0 0 0 0 0 0 0 0 0 0 0 0 0 0 0 0 0 0 0 0 0 0 0 0 0 0 0 0 0 0 0 0 0 0 0 0 0 0 0 0 0 0 0 0 0 0 0 0 0 0 0 0 0 0 0 0 0 0 0 0 0 0 0 0 0 
0 0 0 0 0 0 0 0 0 0 0 0 0 0 0 0 0 0 0 0 0 0 0 0 0 0 0 0 0 0 0 0 0 0 0 0 0 0 0 0 0 0 0 0 0 0 0 0 0 0 0 0 0 0 0 0 0 0 0 0 0 0 0 0 0 0 0 0 0 0 0 0 0 0 0 0 0 0 0 0 0 0 0 0 0 0 0 0 0 0 0 0 0 0 0 0 0 0 0 0 0 0 0 0 0 0 0 0 0 0 0 0 0 0 0 0 0 0 0 0 0 0 0 0 0 0 0 0 0 0 0 0 0 0 0 0 0 0 0 0 0 0 0 0 0 0 0 0 0 0 0 0 0 0 0 0 0 0 0 0 0 0 0 0 0 0 0 0 0 0 0 0 0 0 0 0 0 0 0 0 0 0 0 0 0 0 0 0 0 0 0 0 0 0 0 0 0 0 0 0 0 0 0 0 0 0 0 0 0 0 0 0 0 0 0 0 0 0 0 0 0 0 0 0 0 0 0 0 0 0 0 0 0 0 0 0 0 0 0 0 0 0 0 0 0 0 0 0 0 0 0 0 0 0 0 0 
0 0 0 0 0 0 0 0 0 0 0 0 0 0 0 0 0 0 0 0 0 0 0 0 0 0 0 0 0 0 0 0 0 0 0 0 0 0 0 0 0 0 0 0 0 0 0 0 0 0 0 0 0 0 0 0 0 0 0 0 0 0 0 0 0 0 0 0 0 0 0 0 0 0 0 0 0 0 0 0 0 0 0 0 0 0 0 0 0 0 0 0 0 0 0 0 0 0 0 0 0 0 0 0 0 0 0 0 0 0 0 0 0 0 0 0 0 0 0 0 0 0 0 0 0 0 0 0 0 0 0 0 0 0 0 0 0 0 0 0 0 0 0 0 0 0 0 0 0 0 0 0 0 0 0 0 0 0 0 0 0 0 0 0 0 0 0 0 0 0 0 0 0 0 0 0 0 0 0 0 0 0 0 0 0 0 0 0 0 0 0 0 0 0 0 0 0 0 0 0 0 0 0 0 0 0 0 0 0 0 0 0 0 0 0 0 0 0 0 0 0 0 0 0 0 0 0 0 0 0 0 0 0 0 0 0 0 0 0 0 0 0 0 0 0 0 0 0 0 0 0 0 0 0 0 0 
0 0 0 0 0 0 0 0 0 0 0 0 0 0 0 0 0 0 0 0 0 0 0 0 0 0 0 0 0 0 0 0 0 0 0 0 0 0 0 0 0 0 0 0 0 0 0 0 0 0 0 0 0 0 0 0 0 0 0 0 0 0 0 0 0 0 0 0 0 0 0 0 0 0 0 0 0 0 0 0 0 0 0 0 0 0 0 0 0 0 0 0 0 0 0 0 0 0 0 0 0 0 0 0 0 0 0 0 0 0 0 0 0 0 0 0 0 0 0 0 0 0 0 0 0 0 0 0 0 0 0 0 0 0 0 0 0 0 0 0 0 0 0 0 0 0 0 0 0 0 0 0 0 0 0 0 0 0 0 0 0 0 0 0 0 0 0 0 0 0 0 0 0 0 0 0 0 0 0 0 0 0 0 0 0 0 0 0 0 0 0 0 0 0 0 0 0 0 0 0 0 0 0 0 0 0 0 0 0 0 0 0 0 0 0 0 0 0 0 0 0 0 0 0 0 0 0 0 0 0 0 0 0 0 0 0 0 0 0 0 0 0 0 0 0 0 0 0 0 0 0 0 0 0 0 0 
0 0 0 0 0 0 0 0 0 0 0 0 0 0 0 0 0 0 0 0 0 0 0 0 0 0 0 0 0 0 0 0 0 0 0 0 0 0 0 0 0 0 0 0 0 0 0 0 0 0 0 0 0 0 0 0 0 0 0 0 0 0 0 0 0 0 0 0 0 0 0 0 0 0 0 0 0 0 0 0 0 0 0 0 0 0 0 0 0 0 0 0 0 0 0 0 0 0 0 0 0 0 0 0 0 0 0 0 0 0 0 0 0 0 0 0 0 0 0 0 0 0 0 0 0 0 0 0 0 0 0 0 0 0 0 0 0 0 0 0 0 0 0 0 0 0 0 0 0 0 0 0 0 0 0 0 0 0 0 0 0 0 0 0 0 0 0 0 0 0 0 0 0 0 0 0 0 0 0 0 0 0 0 0 0 0 0 0 0 0 0 0 0 0 0 0 0 0 0 0 0 0 0 0 0 0 0 0 0 0 0 0 0 0 0 0 0 0 0 0 0 0 0 0 0 0 0 0 0 0 0 0 0 0 0 0 0 0 0 0 0 0 0 0 0 0 0 0 0 0 0 0 0 0 0 0 
0 0 0 0 0 0 0 0 0 0 0 0 0 0 0 0 0 0 0 0 0 0 0 0 0 0 0 0 0 0 0 0 0 0 0 0 0 0 0 0 0 0 0 0 0 0 0 0 0 0 0 0 0 0 0 0 0 0 0 0 0 0 0 0 0 0 0 0 0 0 0 0 0 0 0 0 0 0 0 0 0 0 0 0 0 0 0 0 0 0 0 0 0 0 0 0 0 0 0 0 0 0 0 0 0 0 0 0 0 0 0 0 0 0 0 0 0 0 0 0 0 0 0 0 0 0 0 0 0 0 0 0 0 0 0 0 0 0 0 0 0 0 0 0 0 0 0 0 0 0 0 0 0 0 0 0 0 0 0 0 0 0 0 0 0 0 0 0 0 0 0 0 0 0 0 0 0 0 0 0 0 0 0 0 0 0 0 0 0 0 0 0 0 0 0 0 0 0 0 0 0 0 0 0 0 0 0 0 0 0 0 0 0 0 0 0 0 0 0 0 0 0 0 0 0 0 0 0 0 0 0 0 0 0 0 0 0 0 0 0 0 0 0 0 0 0 0 0 0 0 0 0 0 0 0 0 
0 0 0 0 0 0 0 0 0 0 0 0 0 0 0 0 0 0 0 0 0 0 0 0 0 0 0 0 0 0 0 0 0 0 0 0 0 0 0 0 0 0 0 0 0 0 0 0 0 0 0 0 0 0 0 0 0 0 0 0 0 0 0 0 0 0 0 0 0 0 0 0 0 0 0 0 0 0 0 0 0 0 0 0 0 0 0 0 0 0 0 0 0 0 0 0 0 0 0 0 0 0 0 0 0 0 0 0 0 0 0 0 0 0 0 0 0 0 0 0 0 0 0 0 0 0 0 0 0 0 0 0 0 0 0 0 0 0 0 0 0 0 0 0 0 0 0 0 0 0 0 0 0 0 0 0 0 0 0 0 0 0 0 0 0 0 0 0 0 0 0 0 0 0 0 0 0 0 0 0 0 0 0 0 0 0 0 0 0 0 0 0 0 0 0 0 0 0 0 0 0 0 0 0 0 0 0 0 0 0 0 0 0 0 0 0 0 0 0 0 0 0 0 0 0 0 0 0 0 0 0 0 0 0 0 0 0 0 0 0 0 0 0 0 0 0 0 0 0 0 0 0 0 0 0 0 
0 0 0 0 0 0 0 0 0 0 0 0 0 0 0 0 0 0 0 0 0 0 0 0 0 0 0 0 0 0 0 0 0 0 0 0 0 0 0 0 0 0 0 0 0 0 0 0 0 0 0 0 0 0 0 0 0 0 0 0 0 0 0 0 0 0 0 0 0 0 0 0 0 0 0 0 0 0 0 0 0 0 0 0 0 0 0 0 0 0 0 0 0 0 0 0 0 0 0 0 0 0 0 0 0 0 0 0 0 0 0 0 0 0 0 0 0 0 0 0 0 0 0 0 0 0 0 0 0 0 0 0 0 0 0 0 0 0 0 0 0 0 0 0 0 0 0 0 0 0 0 0 0 0 0 0 0 0 0 0 0 0 0 0 0 0 0 0 0 0 0 0 0 0 0 0 0 0 0 0 0 0 0 0 0 0 0 0 0 0 0 0 0 0 0 0 0 0 0 0 0 0 0 0 0 0 0 0 0 0 0 0 0 0 0 0 0 0 0 0 0 0 0 0 0 0 0 0 0 0 0 0 0 0 0 0 0 0 0 0 0 0 0 0 0 0 0 0 0 0 0 0 0 0 0 0 
0 0 0 0 0 0 0 0 0 0 0 0 0 0 0 0 0 0 0 0 0 0 0 0 0 0 0 0 0 0 0 0 0 0 0 0 0 0 0 0 0 0 0 0 0 0 0 0 0 0 0 0 0 0 0 0 0 0 0 0 0 0 0 0 0 0 0 0 0 0 0 0 0 0 0 0 0 0 0 0 0 0 0 0 0 0 0 0 0 0 0 0 0 0 0 0 0 0 0 0 0 0 0 0 0 0 0 0 0 0 0 0 0 0 0 0 0 0 0 0 0 0 0 0 0 0 0 0 0 0 0 0 0 0 0 0 0 0 0 0 0 0 0 0 0 0 0 0 0 0 0 0 0 0 0 0 0 0 0 0 0 0 0 0 0 0 0 0 0 0 0 0 0 0 0 0 0 0 0 0 0 0 0 0 0 0 0 0 0 0 0 0 0 0 0 0 0 0 0 0 0 0 0 0 0 0 0 0 0 0 0 0 0 0 0 0 0 0 0 0 0 0 0 0 0 0 0 0 0 0 0 0 0 0 0 0 0 0 0 0 0 0 0 0 0 0 0 0 0 0 0 0 0 0 0 0 
0 0 0 0 0 0 0 0 0 0 0 0 0 0 0 0 0 0 0 0 0 0 0 0 0 0 0 0 0 0 0 0 0 0 0 0 0 0 0 0 0 0 0 0 0 0 0 0 0 0 0 0 0 0 0 0 0 0 0 0 0 0 0 0 0 0 0 0 0 0 0 0 0 0 0 0 0 0 0 0 0 0 0 0 0 0 0 0 0 0 0 0 0 0 0 0 0 0 0 0 0 0 0 0 0 0 0 0 0 0 0 0 0 0 0 0 0 0 0 0 0 0 0 0 0 0 0 0 0 0 0 0 0 0 0 0 0 0 0 0 0 0 0 0 0 0 0 0 0 0 0 0 0 0 0 0 0 0 0 0 0 0 0 0 0 0 0 0 0 0 0 0 0 0 0 0 0 0 0 0 0 0 0 0 0 0 0 0 0 0 0 0 0 0 0 0 0 0 0 0 0 0 0 0 0 0 0 0 0 0 0 0 0 0 0 0 0 0 0 0 0 0 0 0 0 0 0 0 0 0 0 0 0 0 0 0 0 0 0 0 0 0 0 0 0 0 0 0 0 0 0 0 0 0 0 0 
0 0 0 0 0 0 0 0 0 0 0 0 0 0 0 0 0 0 0 0 0 0 0 0 0 0 0 0 0 0 0 0 0 0 0 0 0 0 0 0 0 0 0 0 0 0 0 0 0 0 0 0 0 0 0 0 0 0 0 0 0 0 0 0 0 0 0 0 0 0 0 0 0 0 0 0 0 0 0 0 0 0 0 0 0 0 0 0 0 0 0 0 0 0 0 0 0 0 0 0 0 0 0 0 0 0 0 0 0 0 0 0 0 0 0 0 0 0 0 0 0 0 0 0 0 0 0 0 0 0 0 0 0 0 0 0 0 0 0 0 0 0 0 0 0 0 0 0 0 0 0 0 0 0 0 0 0 0 0 0 0 0 0 0 0 0 0 0 0 0 0 0 0 0 0 0 0 0 0 0 0 0 0 0 0 0 0 0 0 0 0 0 0 0 0 0 0 0 0 0 0 0 0 0 0 0 0 0 0 0 0 0 0 0 0 0 0 0 0 0 0 0 0 0 0 0 0 0 0 0 0 0 0 0 0 0 0 0 0 0 0 0 0 0 0 0 0 0 0 0 0 0 0 0 0 0 
0 0 0 0 0 0 0 0 0 0 0 0 0 0 0 0 0 0 0 0 0 0 0 0 0 0 0 0 0 0 0 0 0 0 0 0 0 0 0 0 0 0 0 0 0 0 0 0 0 0 0 0 0 0 0 0 0 0 0 0 0 0 0 0 0 0 0 0 0 0 0 0 0 0 0 0 0 0 0 0 0 0 0 0 0 0 0 0 0 0 0 0 0 0 0 0 0 0 0 0 0 0 0 0 0 0 0 0 0 0 0 0 0 0 0 0 0 0 0 0 0 0 0 0 0 0 0 0 0 0 0 0 0 0 0 0 0 0 0 0 0 0 0 0 0 0 0 0 0 0 0 0 0 0 0 0 0 0 0 0 0 0 0 0 0 0 0 0 0 0 0 0 0 0 0 0 0 0 0 0 0 0 0 0 0 0 0 0 0 0 0 0 0 0 0 0 0 0 0 0 0 0 0 0 0 0 0 0 0 0 0 0 0 0 0 0 0 0 0 0 0 0 0 0 0 0 0 0 0 0 0 0 0 0 0 0 0 0 0 0 0 0 0 0 0 0 0 0 0 0 0 0 0 0 0 0 
0 0 0 0 0 0 0 0 0 0 0 0 0 0 0 0 0 0 0 0 0 0 0 0 0 0 0 0 0 0 0 0 0 0 0 0 0 0 0 0 0 0 0 0 0 0 0 0 0 0 0 0 0 0 0 0 0 0 0 0 0 0 0 0 0 0 0 0 0 0 0 0 0 0 0 0 0 0 0 0 0 0 0 0 0 0 0 0 0 0 0 0 0 0 0 0 0 0 0 0 0 0 0 0 0 0 0 0 0 0 0 0 0 0 0 0 0 0 0 0 0 0 0 0 0 0 0 0 0 0 0 0 0 0 0 0 0 0 0 0 0 0 0 0 0 0 0 0 0 0 0 0 0 0 0 0 0 0 0 0 0 0 0 0 0 0 0 0 0 0 0 0 0 0 0 0 0 0 0 0 0 0 0 0 0 0 0 0 0 0 0 0 0 0 0 0 0 0 0 0 0 0 0 0 0 0 0 0 0 0 0 0 0 0 0 0 0 0 0 0 0 0 0 0 0 0 0 0 0 0 0 0 0 0 0 0 0 0 0 0 0 0 0 0 0 0 0 0 0 0 0 0 0 0 0 0 
0 0 0 0 0 0 0 0 0 0 0 0 0 0 0 0 0 0 0 0 0 0 0 0 0 0 0 0 0 0 0 0 0 0 0 0 0 0 0 0 0 0 0 0 0 0 0 0 0 0 0 0 0 0 0 0 0 0 0 0 0 0 0 0 0 0 0 0 0 0 0 0 0 0 0 0 0 0 0 0 0 0 0 0 0 0 0 0 0 0 0 0 0 0 0 0 0 0 0 0 0 0 0 0 0 0 0 0 0 0 0 0 0 0 0 0 0 0 0 0 0 0 0 0 0 0 0 0 0 0 0 0 0 0 0 0 0 0 0 0 0 0 0 0 0 0 0 0 0 0 0 0 0 0 0 0 0 0 0 0 0 0 0 0 0 0 0 0 0 0 0 0 0 0 0 0 0 0 0 0 0 0 0 0 0 0 0 0 0 0 0 0 0 0 0 0 0 0 0 0 0 0 0 0 0 0 0 0 0 0 0 0 0 0 0 0 0 0 0 0 0 0 0 0 0 0 0 0 0 0 0 0 0 0 0 0 0 0 0 0 0 0 0 0 0 0 0 0 0 0 0 0 0 0 0 0 
0 0 0 0 0 0 0 0 0 0 0 0 0 0 0 0 0 0 0 0 0 0 0 0 0 0 0 0 0 0 0 0 0 0 0 0 0 0 0 0 0 0 0 0 0 0 0 0 0 0 0 0 0 0 0 0 0 0 0 0 0 0 0 0 0 0 0 0 0 0 0 0 0 0 0 0 0 0 0 0 0 0 0 0 0 0 0 0 0 0 0 0 0 0 0 0 0 0 0 0 0 0 0 0 0 0 0 0 0 0 0 0 0 0 0 0 0 0 0 0 0 0 0 0 0 0 0 0 0 0 0 0 0 0 0 0 0 0 0 0 0 0 0 0 0 0 0 0 0 0 0 0 0 0 0 0 0 0 0 0 0 0 0 0 0 0 0 0 0 0 0 0 0 0 0 0 0 0 0 0 0 0 0 0 0 0 0 0 0 0 0 0 0 0 0 0 0 0 0 0 0 0 0 0 0 0 0 0 0 0 0 0 0 0 0 0 0 0 0 0 0 0 0 0 0 0 0 0 0 0 0 0 0 0 0 0 0 0 0 0 0 0 0 0 0 0 0 0 0 0 0 0 0 0 0 0 
0 0 0 0 0 0 0 0 0 0 0 0 0 0 0 0 0 0 0 0 0 0 0 0 0 0 0 0 0 0 0 0 0 0 0 0 0 0 0 0 0 0 0 0 0 0 0 0 0 0 0 0 0 0 0 0 0 0 0 0 0 0 0 0 0 0 0 0 0 0 0 0 0 0 0 0 0 0 0 0 0 0 0 0 0 0 0 0 0 0 0 0 0 0 0 0 0 0 0 0 0 0 0 0 0 0 0 0 0 0 0 0 0 0 0 0 0 0 0 0 0 0 0 0 0 0 0 0 0 0 0 0 0 0 0 0 0 0 0 0 0 0 0 0 0 0 0 0 0 0 0 0 0 0 0 0 0 0 0 0 0 0 0 0 0 0 0 0 0 0 0 0 0 0 0 0 0 0 0 0 0 0 0 0 0 0 0 0 0 0 0 0 0 0 0 0 0 0 0 0 0 0 0 0 0 0 0 0 0 0 0 0 0 0 0 0 0 0 0 0 0 0 0 0 0 0 0 0 0 0 0 0 0 0 0 0 0 0 0 0 0 0 0 0 0 0 0 0 0 0 0 0 0 0 0 0 
0 0 0 0 0 0 0 0 0 0 0 0 0 0 0 0 0 0 0 0 0 0 0 0 0 0 0 0 0 0 0 0 0 0 0 0 0 0 0 0 0 0 0 0 0 0 0 0 0 0 0 0 0 0 0 0 0 0 0 0 0 0 0 0 0 0 0 0 0 0 0 0 0 0 0 0 0 0 0 0 0 0 0 0 0 0 0 0 0 0 0 0 0 0 0 0 0 0 0 0 0 0 0 0 0 0 0 0 0 0 0 0 0 0 0 0 0 0 0 0 0 0 0 0 0 0 0 0 0 0 0 0 0 0 0 0 0 0 0 0 0 0 0 0 0 0 0 0 0 0 0 0 0 0 0 0 0 0 0 0 0 0 0 0 0 0 0 0 0 0 0 0 0 0 0 0 0 0 0 0 0 0 0 0 0 0 0 0 0 0 0 0 0 0 0 0 0 0 0 0 0 0 0 0 0 0 0 0 0 0 0 0 0 0 0 0 0 0 0 0 0 0 0 0 0 0 0 0 0 0 0 0 0 0 0 0 0 0 0 0 0 0 0 0 0 0 0 0 0 0 0 0 0 0 0 0 
0 0 0 0 0 0 0 0 0 0 0 0 0 0 0 0 0 0 0 0 0 0 0 0 0 0 0 0 0 0 0 0 0 0 0 0 0 0 0 0 0 0 0 0 0 0 0 0 0 0 0 0 0 0 0 0 0 0 0 0 0 0 0 0 0 0 0 0 0 0 0 0 0 0 0 0 0 0 0 0 0 0 0 0 0 0 0 0 0 0 0 0 0 0 0 0 0 0 0 0 0 0 0 0 0 0 0 0 0 0 0 0 0 0 0 0 0 0 0 0 0 0 0 0 0 0 0 0 0 0 0 0 0 0 0 0 0 0 0 0 0 0 0 0 0 0 0 0 0 0 0 0 0 0 0 0 0 0 0 0 0 0 0 0 0 0 0 0 0 0 0 0 0 0 0 0 0 0 0 0 0 0 0 0 0 0 0 0 0 0 0 0 0 0 0 0 0 0 0 0 0 0 0 0 0 0 0 0 0 0 0 0 0 0 0 0 0 0 0 0 0 0 0 0 0 0 0 0 0 0 0 0 0 0 0 0 0 0 0 0 0 0 0 0 0 0 0 0 0 0 0 0 0 0 0 0 
0 0 0 0 0 0 0 0 0 0 0 0 0 0 0 0 0 0 0 0 0 0 0 0 0 0 0 0 0 0 0 0 0 0 0 0 0 0 0 0 0 0 0 0 0 0 0 0 0 0 0 0 0 0 0 0 0 0 0 0 0 0 0 0 0 0 0 0 0 0 0 0 0 0 0 0 0 0 0 0 0 0 0 0 0 0 0 0 0 0 0 0 0 0 0 0 0 0 0 0 0 0 0 0 0 0 0 0 0 0 0 0 0 0 0 0 0 0 0 0 0 0 0 0 0 0 0 0 0 0 0 0 0 0 0 0 0 0 0 0 0 0 0 0 0 0 0 0 0 0 0 0 0 0 0 0 0 0 0 0 0 0 0 0 0 0 0 0 0 0 0 0 0 0 0 0 0 0 0 0 0 0 0 0 0 0 0 0 0 0 0 0 0 0 0 0 0 0 0 0 0 0 0 0 0 0 0 0 0 0 0 0 0 0 0 0 0 0 0 0 0 0 0 0 0 0 0 0 0 0 0 0 0 0 0 0 0 0 0 0 0 0 0 0 0 0 0 0 0 0 0 0 0 0 0 0 
0 0 0 0 0 0 0 0 0 0 0 0 0 0 0 0 0 0 0 0 0 0 0 0 0 0 0 0 0 0 0 0 0 0 0 0 0 0 0 0 0 0 0 0 0 0 0 0 0 0 0 0 0 0 0 0 0 0 0 0 0 0 0 0 0 0 0 0 0 0 0 0 0 0 0 0 0 0 0 0 0 0 0 0 0 0 0 0 0 0 0 0 0 0 0 0 0 0 0 0 0 0 0 0 0 0 0 0 0 0 0 0 0 0 0 0 0 0 0 0 0 0 0 0 0 0 0 0 0 0 0 0 0 0 0 0 0 0 0 0 0 0 0 0 0 0 0 0 0 0 0 0 0 0 0 0 0 0 0 0 0 0 0 0 0 0 0 0 0 0 0 0 0 0 0 0 0 0 0 0 0 0 0 0 0 0 0 0 0 0 0 0 0 0 0 0 0 0 0 0 0 0 0 0 0 0 0 0 0 0 0 0 0 0 0 0 0 0 0 0 0 0 0 0 0 0 0 0 0 0 0 0 0 0 0 0 0 0 0 0 0 0 0 0 0 0 0 0 0 0 0 0 0 0 0 0 
# Errors [detector/detector.dat] I_err:
0 0 0 0 0 0 0 0 0 0 0 0 0 0 0 0 0 0 0 0 0 0 0 0 0 0 0 0 0 0 0 0 0 0 0 0 0 0 0 0 0 0 0 0 0 0 0 0 0 0 0 0 0 0 0 0 0 0 0 0 0 0 0 0 0 0 0 0 0 0 0 0 0 0 0 0 0 0 0 0 0 0 0 0 0 0 0 0 0 0 0 0 0 0 0 0 0 0 0 0 0 0 0 0 0 0 0 0 0 0 0 0 0 0 0 0 0 0 0 0 0 0 0 0 0 0 0 0 0 0 0 0 0 0 0 0 0 0 0 0 0 0 0 0 0 0 0 0 0 0 0 0 0 0 0 0 0 0 0 0 0 0 0 0 0 0 0 0 0 0 0 0 0 0 0 0 0 0 0 0 0 0 0 0 0 0 0 0 0 0 0 0 0 0 0 0 0 0 0 0 0 0 0 0 0 0 0 0 0 0 0 0 0 0 0 0 0 0 0 0 0 0 0 0 0 0 0 0 0 0 0 0 0 0 0 0 0 0 0 0 0 0 0 0 0 0 0 0 0 0 0 0 0 0 0 0 
0 0 0 0 0 0 0 0 0 0 0 0 0 0 0 0 0 0 0 0 0 0 0 0 0 0 0 0 0 0 0 0 0 0 0 0 0 0 0 0 0 0 0 0 0 0 0 0 0 0 0 0 0 0 0 0 0 0 0 0 0 0 0 0 0 0 0 0 0 0 0 0 0 0 0 0 0 0 0 0 0 0 0 0 0 0 0 0 0 0 0 0 0 0 0 0 0 0 0 0 0 0 0 0 0 0 0 0 0 0 0 0 0 0 0 0 0 0 0 0 0 0 0 0 0 0 0 0 0 0 0 0 0 0 0 0 0 0 0 0 0 0 0 0 0 0 0 0 0 0 0 0 0 0 0 0 0 0 0 0 0 0 0 0 0 0 0 0 0 0 0 0 0 0 0 0 0 0 0 0 0 0 0 0 0 0 0 0 0 0 0 0 0 0 0 0 0 0 0 0 0 0 0 0 0 0 0 0 0 0 0 0 0 0 0 0 0 0 0 0 0 0 0 0 0 0 0 0 0 0 0 0 0 0 0 0 0 0 0 0 0 0 0 0 0 0 0 0 0 0 0 0 0 0 0 0 
0 0 0 0 0 0 0 0 0 0 0 0 0 0 0 0 0 0 0 0 0 0 0 0 0 0 0 0 0 0 0 0 0 0 0 0 0 0 0 0 0 0 0 0 0 0 0 0 0 0 0 0 0 0 0 0 0 0 0 0 0 0 0 0 0 0 0 0 0 0 0 0 0 0 0 0 0 0 0 0 0 0 0 0 0 0 0 0 0 0 0 0 0 0 0 0 0 0 0 0 0 0 0 0 0 0 0 0 0 0 0 0 0 0 0 0 0 0 0 0 0 0 0 0 0 0 0 0 0 0 0 0 0 0 0 0 0 0 0 0 0 0 0 0 0 0 0 0 0 0 0 0 0 0 0 0 0 0 0 0 0 0 0 0 0 0 0 0 0 0 0 0 0 0 0 0 0 0 0 0 0 0 0 0 0 0 0 0 0 0 0 0 0 0 0 0 0 0 0 0 0 0 0 0 0 0 0 0 0 0 0 0 0 0 0 0 0 0 0 0 0 0 0 0 0 0 0 0 0 0 0 0 0 0 0 0 0 0 0 0 0 0 0 0 0 0 0 0 0 0 0 0 0 0 0 0 
0 0 0 0 0 0 0 0 0 0 0 0 0 0 0 0 0 0 0 0 0 0 0 0 0 0 0 0 0 0 0 0 0 0 0 0 0 0 0 0 0 0 0 0 0 0 0 0 0 0 0 0 0 0 0 0 0 0 0 0 0 0 0 0 0 0 0 0 0 0 0 0 0 0 0 0 0 0 0 0 0 0 0 0 0 0 0 0 0 0 0 0 0 0 0 0 0 0 0 0 0 0 0 0 0 0 0 0 0 0 0 0 0 0 0 0 0 0 0 0 0 0 0 0 0 0 0 0 0 0 0 0 0 0 0 0 0 0 0 0 0 0 0 0 0 0 0 0 0 0 0 0 0 0 0 0 0 0 0 0 0 0 0 0 0 0 0 0 0 0 0 0 0 0 0 0 0 0 0 0 0 0 0 0 0 0 0 0 0 0 0 0 0 0 0 0 0 0 0 0 0 0 0 0 0 0 0 0 0 0 0 0 0 0 0 0 0 0 0 0 0 0 0 0 0 0 0 0 0 0 0 0 0 0 0 0 0 0 0 0 0 0 0 0 0 0 0 0 0 0 0 0 0 0 0 0 
0 0 0 0 0 0 0 0 0 0 0 0 0 0 0 0 0 0 0 0 0 0 0 0 0 0 0 0 0 0 0 0 0 0 0 0 0 0 0 0 0 0 0 0 0 0 0 0 0 0 0 0 0 0 0 0 0 0 0 0 0 0 0 0 0 0 0 0 0 0 0 0 0 0 0 0 0 0 0 0 0 0 0 0 0 0 0 0 0 0 0 0 0 0 0 0 0 0 0 0 0 0 0 0 0 0 0 0 0 0 0 0 0 0 0 0 0 0 0 0 0 0 0 0 0 0 0 0 0 0 0 0 0 0 0 0 0 0 0 0 0 0 0 0 0 0 0 0 0 0 0 0 0 0 0 0 0 0 0 0 0 0 0 0 0 0 0 0 0 0 0 0 0 0 0 0 0 0 0 0 0 0 0 0 0 0 0 0 0 0 0 0 0 0 0 0 0 0 0 0 0 0 0 0 0 0 0 0 0 0 0 0 0 0 0 0 0 0 0 0 0 0 0 0 0 0 0 0 0 0 0 0 0 0 0 0 0 0 0 0 0 0 0 0 0 0 0 0 0 0 0 0 0 0 0 0 
0 0 0 0 0 0 0 0 0 0 0 0 0 0 0 0 0 0 0 0 0 0 0 0 0 0 0 0 0 0 0 0 0 0 0 0 0 0 0 0 0 0 0 0 0 0 0 0 0 0 0 0 0 0 0 0 0 0 0 0 0 0 0 0 0 0 0 0 0 0 0 0 0 0 0 0 0 0 0 0 0 0 0 0 0 0 0 0 0 0 0 0 0 0 0 0 0 0 0 0 0 0 0 0 0 0 0 0 0 0 0 0 0 0 0 0 0 0 0 0 0 0 0 0 0 0 0 0 0 0 0 0 0 0 0 0 0 0 0 0 0 0 0 0 0 0 0 0 0 0 0 0 0 0 0 0 0 0 0 0 0 0 0 0 0 0 0 0 0 0 0 0 0 0 0 0 0 0 0 0 0 0 0 0 0 0 0 0 0 0 0 0 0 0 0 0 0 0 0 0 0 0 0 0 0 0 0 0 0 0 0 0 0 0 0 0 0 0 0 0 0 0 0 0 0 0 0 0 0 0 0 0 0 0 0 0 0 0 0 0 0 0 0 0 0 0 0 0 0 0 0 0 0 0 0 0 
0 0 0 0 0 0 0 0 0 0 0 0 0 0 0 0 0 0 0 0 0 0 0 0 0 0 0 0 0 0 0 0 0 0 0 0 0 0 0 0 0 0 0 0 0 0 0 0 0 0 0 0 0 0 0 0 0 0 0 0 0 0 0 0 0 0 0 0 0 0 0 0 0 0 0 0 0 0 0 0 0 0 0 0 0 0 0 0 0 0 0 0 0 0 0 0 0 0 0 0 0 0 0 0 0 0 0 0 0 0 0 0 0 0 0 0 0 0 0 0 0 0 0 0 0 0 0 0 0 0 0 0 0 0 0 0 0 0 0 0 0 0 0 0 0 0 0 0 0 0 0 0 0 0 0 0 0 0 0 0 0 0 0 0 0 0 0 0 0 0 0 0 0 0 0 0 0 0 0 0 0 0 0 0 0 0 0 0 0 0 0 0 0 0 0 0 0 0 0 0 0 0 0 0 0 0 0 0 0 0 0 0 0 0 0 0 0 0 0 0 0 0 0 0 0 0 0 0 0 0 0 0 0 0 0 0 0 0 0 0 0 0 0 0 0 0 0 0 0 0 0 0 0 0 0 0 
0 0 0 0 0 0 0 0 0 0 0 0 0 0 0 0 0 0 0 0 0 0 0 0 0 0 0 0 0 0 0 0 0 0 0 0 0 0 0 0 0 0 0 0 0 0 0 0 0 0 0 0 0 0 0 0 0 0 0 0 0 0 0 0 0 0 0 0 0 0 0 0 0 0 0 0 0 0 0 0 0 0 0 0 0 0 0 0 0 0 0 0 0 0 0 0 0 0 0 0 0 0 0 0 0 0 0 0 0 0 0 0 0 0 0 0 0 0 0 0 0 0 0 0 0 0 0 0 0 0 0 0 0 0 0 0 0 0 0 0 0 0 0 0 0 0 0 0 0 0 0 0 0 0 0 0 0 0 0 0 0 0 0 0 0 0 0 0 0 0 0 0 0 0 0 0 0 0 0 0 0 0 0 0 0 0 0 0 0 0 0 0 0 0 0 0 0 0 0 0 0 0 0 0 0 0 0 0 0 0 0 0 0 0 0 0 0 0 0 0 0 0 0 0 0 0 0 0 0 0 0 0 0 0 0 0 0 0 0 0 0 0 0 0 0 0 0 0 0 0 0 0 0 0 0 0 
0 0 0 0 0 0 0 0 0 0 0 0 0 0 0 0 0 0 0 0 0 0 0 0 0 0 0 0 0 0 0 0 0 0 0 0 0 0 0 0 0 0 0 0 0 0 0 0 0 0 0 0 0 0 0 0 0 0 0 0 0 0 0 0 0 0 0 0 0 0 0 0 0 0 0 0 0 0 0 0 0 0 0 0 0 0 0 0 0 0 0 0 0 0 0 0 0 0 0 0 0 0 0 0 0 0 0 0 0 0 0 0 0 0 0 0 0 0 0 0 0 0 0 0 0 0 0 0 0 0 0 0 0 0 0 0 0 0 0 0 0 0 0 0 0 0 0 0 0 0 0 0 0 0 0 0 0 0 0 0 0 0 0 0 0 0 0 0 0 0 0 0 0 0 0 0 0 0 0 0 0 0 0 0 0 0 0 0 0 0 0 0 0 0 0 0 0 0 0 0 0 0 0 0 0 0 0 0 0 0 0 0 0 0 0 0 0 0 0 0 0 0 0 0 0 0 0 0 0 0 0 0 0 0 0 0 0 0 0 0 0 0 0 0 0 0 0 0 0 0 0 0 0 0 0 0 
0 0 0 0 0 0 0 0 0 0 0 0 0 0 0 0 0 0 0 0 0 0 0 0 0 0 0 0 0 0 0 0 0 0 0 0 0 0 0 0 0 0 0 0 0 0 0 0 0 0 0 0 0 0 0 0 0 0 0 0 0 0 0 0 0 0 0 0 0 0 0 0 0 0 0 0 0 0 0 0 0 0 0 0 0 0 0 0 0 0 0 0 0 0 0 0 0 0 0 0 0 0 0 0 0 0 0 0 0 0 0 0 0 0 0 0 0 0 0 0 0 0 0 0 0 0 0 0 0 0 0 0 0 0 0 0 0 0 0 0 0 0 0 0 0 0 0 0 0 0 0 0 0 0 0 0 0 0 0 0 0 0 0 0 0 0 0 0 0 0 0 0 0 0 0 0 0 0 0 0 0 0 0 0 0 0 0 0 0 0 0 0 0 0 0 0 0 0 0 0 0 0 0 0 0 0 0 0 0 0 0 0 0 0 0 0 0 0 0 0 0 0 0 0 0 0 0 0 0 0 0 0 0 0 0 0 0 0 0 0 0 0 0 0 0 0 0 0 0 0 0 0 0 0 0 0 
0 0 0 0 0 0 0 0 0 0 0 0 0 0 0 0 0 0 0 0 0 0 0 0 0 0 0 0 0 0 0 0 0 0 0 0 0 0 0 0 0 0 0 0 0 0 0 0 0 0 0 0 0 0 0 0 0 0 0 0 0 0 0 0 0 0 0 0 0 0 0 0 0 0 0 0 0 0 0 0 0 0 0 0 0 0 0 0 0 0 0 0 0 0 0 0 0 0 0 0 0 0 0 0 0 0 0 0 0 0 0 0 0 0 0 0 0 0 0 0 0 0 0 0 0 0 0 0 0 0 0 0 0 0 0 0 0 0 0 0 0 0 0 0 0 0 0 0 0 0 0 0 0 0 0 0 0 0 0 0 0 0 0 0 0 0 0 0 0 0 0 0 0 0 0 0 0 0 0 0 0 0 0 0 0 0 0 0 0 0 0 0 0 0 0 0 0 0 0 0 0 0 0 0 0 0 0 0 0 0 0 0 0 0 0 0 0 0 0 0 0 0 0 0 0 0 0 0 0 0 0 0 0 0 0 0 0 0 0 0 0 0 0 0 0 0 0 0 0 0 0 0 0 0 0 0 
0 0 0 0 0 0 0 0 0 0 0 0 0 0 0 0 0 0 0 0 0 0 0 0 0 0 0 0 0 0 0 0 0 0 0 0 0 0 0 0 0 0 0 0 0 0 0 0 0 0 0 0 0 0 0 0 0 0 0 0 0 0 0 0 0 0 0 0 0 0 0 0 0 0 0 0 0 0 0 0 0 0 0 0 0 0 0 0 0 0 0 0 0 0 0 0 0 0 0 0 0 0 0 0 0 0 0 0 0 0 0 0 0 0 0 0 0 0 0 0 0 0 0 0 0 0 0 0 0 0 0 0 0 0 0 0 0 0 0 0 0 0 0 0 0 0 0 0 0 0 0 0 0 0 0 0 0 0 0 0 0 0 0 0 0 0 0 0 0 0 0 0 0 0 0 0 0 0 0 0 0 0 0 0 0 0 0 0 0 0 0 0 0 0 0 0 0 0 0 0 0 0 0 0 0 0 0 0 0 0 0 0 0 0 0 0 0 0 0 0 0 0 0 0 0 0 0 0 0 0 0 0 0 0 0 0 0 0 0 0 0 0 0 0 0 0 0 0 0 0 0 0 0 0 0 0 
0 0 0 0 0 0 0 0 0 0 0 0 0 0 0 0 0 0 0 0 0 0 0 0 0 0 0 0 0 0 0 0 0 0 0 0 0 0 0 0 0 0 0 0 0 0 0 0 0 0 0 0 0 0 0 0 0 0 0 0 0 0 0 0 0 0 0 0 0 0 0 0 0 0 0 0 0 0 0 0 0 0 0 0 0 0 0 0 0 0 0 0 0 0 0 0 0 0 0 0 0 0 0 0 0 0 0 0 0 0 0 0 0 0 0 0 0 0 0 0 0 0 0 0 0 0 0 0 0 0 0 0 0 0 0 0 0 0 0 0 0 0 0 0 0 0 0 0 0 0 0 0 0 0 0 0 0 0 0 0 0 0 0 0 0 0 0 0 0 0 0 0 0 0 0 0 0 0 0 0 0 0 0 0 0 0 0 0 0 0 0 0 0 0 0 0 0 0 0 0 0 0 0 0 0 0 0 0 0 0 0 0 0 0 0 0 0 0 0 0 0 0 0 0 0 0 0 0 0 0 0 0 0 0 0 0 0 0 0 0 0 0 0 0 0 0 0 0 0 0 0 0 0 0 0 0 
0 0 0 0 0 0 0 0 0 0 0 0 0 0 0 0 0 0 0 0 0 0 0 0 0 0 0 0 0 0 0 0 0 0 0 0 0 0 0 0 0 0 0 0 0 0 0 0 0 0 0 0 0 0 0 0 0 0 0 0 0 0 0 0 0 0 0 0 0 0 0 0 0 0 0 0 0 0 0 0 0 0 0 0 0 0 0 0 0 0 0 0 0 0 0 0 0 0 0 0 0 0 0 0 0 0 0 0 0 0 0 0 0 0 0 0 0 0 0 0 0 0 0 0 0 0 0 0 0 0 0 0 0 0 0 0 0 0 0 0 0 0 0 0 0 0 0 0 0 0 0 0 0 0 0 0 0 0 0 0 0 0 0 0 0 0 0 0 0 0 0 0 0 0 0 0 0 0 0 0 0 0 0 0 0 0 0 0 0 0 0 0 0 0 0 0 0 0 0 0 0 0 0 0 0 0 0 0 0 0 0 0 0 0 0 0 0 0 0 0 0 0 0 0 0 0 0 0 0 0 0 0 0 0 0 0 0 0 0 0 0 0 0 0 0 0 0 0 0 0 0 0 0 0 0 0 
0 0 0 0 0 0 0 0 0 0 0 0 0 0 0 0 0 0 0 0 0 0 0 0 0 0 0 0 0 0 0 0 0 0 0 0 0 0 0 0 0 0 0 0 0 0 0 0 0 0 0 0 0 0 0 0 0 0 0 0 0 0 0 0 0 0 0 0 0 0 0 0 0 0 0 0 0 0 0 0 0 0 0 0 0 0 0 0 0 0 0 0 0 0 0 0 0 0 0 0 0 0 0 0 0 0 0 0 0 0 0 0 0 0 0 0 0 0 0 0 0 0 0 0 0 0 0 0 0 0 0 0 0 0 0 0 0 0 0 0 0 0 0 0 0 0 0 0 0 0 0 0 0 0 0 0 0 0 0 0 0 0 0 0 0 0 0 0 0 0 0 0 0 0 0 0 0 0 0 0 0 0 0 0 0 0 0 0 0 0 0 0 0 0 0 0 0 0 0 0 0 0 0 0 0 0 0 0 0 0 0 0 0 0 0 0 0 0 0 0 0 0 0 0 0 0 0 0 0 0 0 0 0 0 0 0 0 0 0 0 0 0 0 0 0 0 0 0 0 0 0 0 0 0 0 0 
0 0 0 0 0 0 0 0 0 0 0 0 0 0 0 0 0 0 0 0 0 0 0 0 0 0 0 0 0 0 0 0 0 0 0 0 0 0 0 0 0 0 0 0 0 0 0 0 0 0 0 0 0 0 0 0 0 0 0 0 0 0 0 0 0 0 0 0 0 0 0 0 0 0 0 0 0 0 0 0 0 0 0 0 0 0 0 0 0 0 0 0 0 0 0 0 0 0 0 0 0 0 0 0 0 0 0 0 0 0 0 0 0 0 0 0 0 0 0 0 0 0 0 0 0 0 0 0 0 0 0 0 0 0 0 0 0 0 0 0 0 0 0 0 0 0 0 0 0 0 0 0 0 0 0 0 0 0 0 0 0 0 0 0 0 0 0 0 0 0 0 0 0 0 0 0 0 0 0 0 0 0 0 0 0 0 0 0 0 0 0 0 0 0 0 0 0 0 0 0 0 0 0 0 0 0 0 0 0 0 0 0 0 0 0 0 0 0 0 0 0 0 0 0 0 0 0 0 0 0 0 0 0 0 0 0 0 0 0 0 0 0 0 0 0 0 0 0 0 0 0 0 0 0 0 0 
0 0 0 0 0 0 0 0 0 0 0 0 0 0 0 0 0 0 0 0 0 0 0 0 0 0 0 0 0 0 0 0 0 0 0 0 0 0 0 0 0 0 0 0 0 0 0 0 0 0 0 0 0 0 0 0 0 0 0 0 0 0 0 0 0 0 0 0 0 0 0 0 0 0 0 0 0 0 0 0 0 0 0 0 0 0 0 0 0 0 0 0 0 0 0 0 0 0 0 0 0 0 0 0 0 0 0 0 0 0 0 0 0 0 0 0 0 0 0 0 0 0 0 0 0 0 0 0 0 0 0 0 0 0 0 0 0 0 0 0 0 0 0 0 0 0 0 0 0 0 0 0 0 0 0 0 0 0 0 0 0 0 0 0 0 0 0 0 0 0 0 0 0 0 0 0 0 0 0 0 0 0 0 0 0 0 0 0 0 0 0 0 0 0 0 0 0 0 0 0 0 0 0 0 0 0 0 0 0 0 0 0 0 0 0 0 0 0 0 0 0 0 0 0 0 0 0 0 0 0 0 0 0 0 0 0 0 0 0 0 0 0 0 0 0 0 0 0 0 0 0 0 0 0 0 0 
0 0 0 0 0 0 0 0 0 0 0 0 0 0 0 0 0 0 0 0 0 0 0 0 0 0 0 0 0 0 0 0 0 0 0 0 0 0 0 0 0 0 0 0 0 0 0 0 0 0 0 0 0 0 0 0 0 0 0 0 0 0 0 0 0 0 0 0 0 0 0 0 0 0 0 0 0 0 0 0 0 0 0 0 0 0 0 0 0 0 0 0 0 0 0 0 0 0 0 0 0 0 0 0 0 0 0 0 0 0 0 0 0 0 0 0 0 0 0 0 0 0 0 0 0 0 0 0 0 0 0 0 0 0 0 0 0 0 0 0 0 0 0 0 0 0 0 0 0 0 0 0 0 0 0 0 0 0 0 0 0 0 0 0 0 0 0 0 0 0 0 0 0 0 0 0 0 0 0 0 0 0 0 0 0 0 0 0 0 0 0 0 0 0 0 0 0 0 0 0 0 0 0 0 0 0 0 0 0 0 0 0 0 0 0 0 0 0 0 0 0 0 0 0 0 0 0 0 0 0 0 0 0 0 0 0 0 0 0 0 0 0 0 0 0 0 0 0 0 0 0 0 0 0 0 0 
0 0 0 0 0 0 0 0 0 0 0 0 0 0 0 0 0 0 0 0 0 0 0 0 0 0 0 0 0 0 0 0 0 0 0 0 0 0 0 0 0 0 0 0 0 0 0 0 0 0 0 0 0 0 0 0 0 0 0 0 0 0 0 0 0 0 0 0 0 0 0 0 0 0 0 0 0 0 0 0 0 0 0 0 0 0 0 0 0 0 0 0 0 0 0 0 0 0 0 0 0 0 0 0 0 0 0 0 0 0 0 0 0 0 0 0 0 0 0 0 0 0 0 0 0 0 0 0 0 0 0 0 0 0 0 0 0 0 0 0 0 0 0 0 0 0 0 0 0 0 0 0 0 0 0 0 0 0 0 0 0 0 0 0 0 0 0 0 0 0 0 0 0 0 0 0 0 0 0 0 0 0 0 0 0 0 0 0 0 0 0 0 0 0 0 0 0 0 0 0 0 0 0 0 0 0 0 0 0 0 0 0 0 0 0 0 0 0 0 0 0 0 0 0 0 0 0 0 0 0 0 0 0 0 0 0 0 0 0 0 0 0 0 0 0 0 0 0 0 0 0 0 0 0 0 0 
0 0 0 0 0 0 0 0 0 0 0 0 0 0 0 0 0 0 0 0 0 0 0 0 0 0 0 0 0 0 0 0 0 0 0 0 0 0 0 0 0 0 0 0 0 0 0 0 0 0 0 0 0 0 0 0 0 0 0 0 0 0 0 0 0 0 0 0 0 0 0 0 0 0 0 0 0 0 0 0 0 0 0 0 0 0 0 0 0 0 0 0 0 0 0 0 0 0 0 0 0 0 0 0 0 0 0 0 0 0 0 0 0 0 0 0 0 0 0 0 0 0 0 0 0 0 0 0 0 0 0 0 0 0 0 0 0 0 0 0 0 0 0 0 0 0 0 0 0 0 0 0 0 0 0 0 0 0 0 0 0 0 0 0 0 0 0 0 0 0 0 0 0 0 0 0 0 0 0 0 0 0 0 0 0 0 0 0 0 0 0 0 0 0 0 0 0 0 0 0 0 0 0 0 0 0 0 0 0 0 0 0 0 0 0 0 0 0 0 0 0 0 0 0 0 0 0 0 0 0 0 0 0 0 0 0 0 0 0 0 0 0 0 0 0 0 0 0 0 0 0 0 0 0 0 0 
0 0 0 0 0 0 0 0 0 0 0 0 0 0 0 0 0 0 0 0 0 0 0 0 0 0 0 0 0 0 0 0 0 0 0 0 0 0 0 0 0 0 0 0 0 0 0 0 0 0 0 0 0 0 0 0 0 0 0 0 0 0 0 0 0 0 0 0 0 0 0 0 0 0 0 0 0 0 0 0 0 0 0 0 0 0 0 0 0 0 0 0 0 1.829713216e-85 0 0 0 0 0 0 0 0 0 0 0 0 0 0 0 0 0 0 0 0 0 0 0 0 0 0 0 0 0 0 0 0 0 0 0 0 0 0 0 0 0 0 0 0 0 0 0 9.702697866e-86 0 0 0 0 0 0 0 0 0 0 0 0 0 0 0 0 0 0 0 0 0 0 0 0 0 0 0 0 0 0 0 0 0 0 0 0 0 0 0 0 0 0 0 0 0 0 0 0 0 0 0 0 0 0 0 0 0 0 0 0 0 0 0 0 0 0 0 0 0 0 0 0 0 0 0 0 0 0 0 0 0 0 0 0 0 0 0 0 0 0 0 0 0 0 0 0 0 0 0 0 0 0 0 0 0 0 0 0 0 0 0 0 0 0 
0 0 0 0 0 0 0 0 0 0 0 0 0 0 0 0 0 0 0 0 0 0 0 0 0 0 0 0 0 0 0 0 0 0 0 0 0 0 0 0 0 0 0 0 0 0 0 0 0 0 0 0 0 0 0 0 0 0 0 0 0 0 0 0 0 0 0 0 0 0 0 0 0 0 0 0 0 0 0 0 0 0 0 0 0 0 0 0 0 0 0 0 0 0 0 0 0 0 0 0 0 0 0 0 0 0 0 0 0 0 0 0 0 0 5.133993831e-87 0 0 0 0 0 0 0 0 0 0 0 0 0 0 7.45487766e-91 0 0 0 0 0 0 0 0 0 0 0 0 0 0 0 0 0 0 0 0 0 0 0 0 0 0 0 0 0 0 0 0 0 0 0 0 0 0 0 0 0 0 0 0 0 0 0 0 0 0 0 0 0 0 0 0 0 0 0 0 0 0 0 0 0 0 0 0 0 0 0 0 0 0 0 0 0 0 0 0 0 0 0 0 0 0 0 0 0 0 0 0 0 0 0 0 0 0 0 0 0 0 0 0 0 0 0 0 0 0 0 0 0 0 0 0 0 0 0 0 0 0 0 0 0 0 
0 0 0 0 0 0 0 0 0 0 0 0 0 0 0 0 0 0 0 0 0 0 0 0 0 0 0 0 0 0 0 0 0 0 0 0 0 0 0 0 0 0 0 0 0 0 0 0 0 0 0 0 0 0 0 0 0 0 0 0 0 0 0 0 0 0 0 0 0 0 0 0 0 0 0 0 0 0 0 0 0 0 0 0 0 0 0 0 0 0 0 0 0 0 0 0 0 0 0 0 0 0 0 0 0 0 0 0 0 0 0 0 0 0 0 0 0 0 0 0 0 0 0 0 0 0 0 0 0 0 0 0 1.703814851e-94 0 0 0 0 0 0 0 1.545426033e-86 0 0 0 0 0 0 0 0 0 0 0 0 0 0 0 0 0 0 0 0 0 0 0 0 0 0 0 0 0 0 0 0 0 0 0 0 0 0 0 0 0 0 0 0 0 0 0 0 0 0 0 0 0 0 0 0 0 0 0 0 0 0 0 0 0 0 0 0 0 0 0 0 0 0 0 0 0 0 0 0 0 0 0 0 0 0 0 0 0 0 0 0 0 0 0 0 0 0 0 0 0 0 0 0 0 0 0 0 0 0 0 0 0 0 0 
0 0 0 0 0 0 0 0 0 0 0 0 0 0 0 0 0 0 0 0 0 0 0 0 0 0 0 0 0 0 0 0 0 0 0 0 0 0 0 0 0 0 0 0 0 0 0 0 0 0 0 0 0 0 0 0 0 0 0 0 0 0 0 0 0 0 0 0 0 0 0 0 0 0 0 0 0 0 0 0 0 0 0 0 0 0 0 0 0 0 0 0 0 0 0 0 0 0 0 0 0 0 0 0 0 0 0 0 0 0 0 0 0 0 0 0 0 0 0 0 0 0 0 0 0 0 0 0 0 0 0 0 0 0 0 0 0 0 0 0 0 0 0 0 0 0 0 0 0 0 0 0 0 0 0 0 0 0 0 0 0 0 0 0 0 0 0 0 0 0 0 0 0 0 0 0 0 0 0 0 0 0 0 0 0 0 0 0 0 0 0 0 0 0 0 0 0 0 0 0 0 0 0 0 0 0 0 0 0 0 0 0 0 0 0 0 0 0 0 0 0 0 0 0 0 0 0 0 0 0 0 0 0 0 0 0 0 0 0 0 0 0 0 0 0 0 0 0 0 0 0 0 0 0 0 0 
0 0 0 0 0 0 0 0 0 0 0 0 0 0 0 0 0 0 0 0 0 0 0 0 0 0 0 0 0 0 0 0 0 0 0 0 0 0 0 0 0 0 0 0 0 0 0 0 0 0 0 0 0 0 0 0 0 0 0 0 0 0 0 0 0 0 0 0 0 0 0 0 0 0 0 0 0 0 0 0 0 0 0 0 0 0 0 0 0 0 0 0 0 0 0 0 0 0 0 2.292956277e-79 0 0 0 0 0 0 0 0 0 0 0 0 0 0 0 0 0 0 0 0 0 0 0 0 0 0 0 0 0 0 0 0 0 0 0 0 0 0 0 0 0 0 0 0 0 0 0 0 0 0 0 0 0 0 0 0 0 0 0 0 0 0 0 0 0 0 0 0 0 0 0 0 0 0 0 0 0 0 0 0 0 0 0 0 0 0 0 0 0 0 0 0 0 0 0 0 0 0 0 0 0 0 0 0 0 0 0 0 0 0 0 0 0 0 0 0 0 0 0 0 0 0 0 0 0 0 0 0 0 0 0 0 0 0 0 0 0 0 0 0 0 0 0 0 0 0 0 0 0 0 0 0 0 0 0 0 
0 0 0 0 0 0 0 0 0 0 0 0 0 0 0 0 0 0 0 0 0 0 0 0 0 0 0 0 0 0 0 0 0 0 0 0 0 0 0 0 0 0 0 0 0 0 0 0 0 0 0 0 0 0 0 0 0 0 0 0 0 0 0 0 0 0 0 0 0 0 0 0 0 0 0 0 0 0 0 0 0 0 0 0 0 0 0 0 0 0 0 0 0 0 0 0 0 0 0 0 0 0 0 0 0 0 0 0 0 0 0 0 0 0 0 0 0 0 0 0 0 0 0 0 0 0 0 0 0 0 0 0 0 0 0 0 0 0 0 0 0 0 0 0 0 0 0 0 0 0 0 0 0 0 0 0 0 0 0 0 0 0 0 0 0 0 0 0 0 0 0 0 0 0 0 0 0 0 0 0 0 0 0 0 0 0 0 0 0 0 0 0 0 0 0 0 0 0 0 0 0 0 0 0 0 0 0 0 0 0 0 0 0 0 0 0 0 0 0 0 0 0 0 0 0 0 0 0 0 0 0 0 0 0 0 0 0 0 0 0 0 0 0 0 0 0 0 0 0 0 0 0 0 0 0 0 
0 0 0 0 0 0 0 0 0 0 0 0 0 0 0 0 0 0 0 0 0 0 0 0 0 0 0 0 0 0 0 0 0 0 0 0 0 0 0 0 0 0 0 0 0 0 0 0 0 0 0 0 0 0 0 0 0 0 0 0 0 0 0 0 0 0 0 0 0 0 0 0 0 0 0 0 0 0 0 0 0 0 0 0 0 0 0 0 0 0 0 0 0 0 0 5.106420898e-85 0 0 0 0 0 0 0 0 0 0 0 0 0 0 0 3.811681375e-77 0 0 0 0 0 0 0 0 0 0 0 0 0 0 0 0 0 0 0 0 0 0 0 0 0 0 0 0 0 0 0 0 0 0 0 0 0 0 0 0 0 0 0 0 0 0 0 0 0 0 0 0 0 0 0 0 0 0 0 0 0 0 0 0 0 0 0 0 0 0 0 0 0 0 0 0 0 0 0 0 0 0 0 0 0 0 0 0 0 0 0 0 0 0 0 0 0 0 0 0 0 0 0 0 0 0 0 0 0 0 0 0 0 0 0 0 0 0 0 0 0 0 0 0 0 0 0 0 0 0 0 0 0 0 0 0 0 0 0 0 0 0 0 0 
0 0 0 0 0 0 0 0 0 0 0 0 0 0 0 0 0 0 0 0 0 0 0 0 0 0 0 0 0 0 0 0 0 0 0 0 0 0 0 0 0 0 0 0 0 0 0 0 0 0 0 0 0 0 0 0 0 0 0 0 0 0 0 0 0 0 0 0 0 0 0 0 0 0 0 0 0 0 0 0 0 0 0 0 0 0 0 0 0 0 0 0 0 6.062667109e-84 5.147421316e-78 0 0 0 0 0 0 0 0 1.871281002e-81 0 0 0 0 0 0 0 0 0 0 0 0 0 0 0 0 0 0 0 0 0 0 7.539814463e-69 0 0 0 0 0 0 0 0 1.06667287e-87 0 0 0 0 0 0 0 0 0 0 0 0 0 0 0 0 0 0 0 0 0 0 2.641185503e-68 0 0 0 0 0 0 0 0 0 0 0 0 0 0 0 0 0 0 0 0 0 0 0 0 0 0 0 0 0 0 0 0 0 0 0 0 0 0 0 0 0 0 0 0 0 0 0 0 0 0 0 0 0 0 0 0 0 0 0 0 0 0 0 0 0 0 0 0 0 0 0 0 0 0 0 0 0 0 0 0 0 0 0 0 0 0 0 0 0 0 0 0 0 0 0 0 0 
0 0 0 0 0 0 0 0 0 0 0 0 0 0 0 0 0 0 0 0 0 0 0 0 0 0 0 0 0 0 0 0 0 0 0 0 0 0 0 0 0 0 0 0 0 0 0 0 0 0 0 0 0 0 0 0 0 0 0 0 0 0 0 0 0 0 0 0 0 0 0 0 0 0 0 0 0 0 0 0 0 0 0 0 0 0 0 0 0 0 0 0 0 0 1.372489044e-66 1.014458399e-84 0 0 0 0 0 0 0 0 0 0 0 0 1.877877088e-74 0 0 0 0 0 0 0 0 3.966604964e-69 0 0 0 0 0 0 0 0 0 0 0 0 1.173195309e-83 0 0 0 0 0 0 0 0 0 0 0 0 0 0 0 0 0 0 0 0 0 0 0 0 0 0 0 0 0 0 0 0 0 0 0 0 0 0 0 0 0 0 0 0 0 0 0 0 0 0 0 0 0 0 0 0 0 0 0 0 0 0 0 0 0 0 0 0 0 0 0 0 0 0 0 0 0 0 0 0 0 0 0 0 0 0 0 0 0 0 0 0 0 0 0 0 0 0 0 0 0 0 0 0 0 0 0 0 0 0 0 0 0 0 0 0 0 0 0 0 0 0 0 0 0 
0 0 0 0 0 0 0 0 0 0 0 0 0 0 0 0 0 0 0 0 0 0 0 0 0 0 0 0 0 0 0 0 0 0 0 0 0 0 0 0 0 0 0 0 0 0 0 0 0 0 0 0 0 0 0 0 0 0 0 0 0 0 0 0 0 0 0 0 0 0 0 0 0 0 0 0 0 0 0 0 0 0 0 0 0 0 0 0 0 0 0 0 0 0 0 0 0 0 0 0 0 0 0 0 0 0 0 0 0 0 0 0 0 0 0 0 0 0 0 0 0 0 0 0 0 1.096059097e-61 0 0 0 0 0 0 0 0 0 0 0 0 0 0 0 3.350885795e-85 0 0 0 0 0 0 0 0 9.794730785e-67 0 0 0 0 0 0 0 0 0 0 0 0 0 0 0 0 0 0 0 0 0 0 0 0 0 0 0 0 0 0 0 0 0 0 0 0 0 0 0 0 0 0 0 0 0 0 0 0 0 0 0 0 0 0 0 0 0 0 0 0 0 0 0 0 0 0 0 0 0 0 0 0 0 0 0 0 0 0 0 0 0 0 0 0 0 0 0 0 0 0 0 0 0 0 0 0 0 0 0 0 0 0 0 0 0 
0 0 0 0 0 0 0 0 0 0 0 0 0 0 0 0 0 0 0 0 0 0 0 0 0 0 0 0 0 0 0 0 0 0 0 0 0 0 0 0 0 0 0 0 0 0 0 0 0 0 0 0 0 0 0 0 0 0 0 0 0 0 0 0 0 0 0 0 0 0 0 0 0 0 0 0 0 0 0 0 0 0 0 0 0 0 0 0 0 0 0 0 0 0 0 0 0 0 0 0 0 0 0 0 0 0 0 0 0 0 0 0 0 0 0 0 0 0 0 0 0 0 0 0 0 0 0 0 0 2.719840965e-60 1.753198985e-62 0 0 0 0 0 0 0 0 0 6.322245625e-61 0 0 0 0 0 0 0 0 0 0 0 0 0 0 0 0 0 0 0 0 0 0 0 0 0 0 0 0 0 0 0 0 0 0 0 0 0 0 0 0 0 0 0 0 0 0 0 0 0 0 0 0 0 0 0 0 0 0 0 0 0 0 0 0 0 0 0 0 0 0 0 0 0 0 0 0 0 0 0 0 0 0 0 0 0 0 0 0 0 0 0 0 0 0 0 0 0 0 0 0 0 0 0 0 0 0 0 0 0 0 0 0 0 0 0 
0 0 0 0 0 0 0 0 0 0 0 0 0 0 0 0 0 0 0 0 0 0 0 0 0 0 0 0 0 0 0 0 0 0 0 0 0 0 0 0 0 0 0 0 0 0 0 0 0 0 0 0 0 0 0 0 0 0 0 0 0 0 0 0 0 0 0 0 0 0 0 0 0 0 0 0 0 0 0 0 0 0 0 0 0 0 0 0 0 0 0 0 0 0 0 0 0 0 0 0 0 0 0 0 0 0 0 0 0 0 0 0 0 0 0 0 0 0 0 0 0 0 0 0 0 0 0 0 0 0 0 0 1.83054233e-83 3.264291707e-50 0 0 0 0 0 0 0 0 0 0 0 0 0 0 0 0 0 0 0 0 0 0 0 0 0 0 0 0 0 0 0 0 0 0 0 0 0 0 0 0 0 0 0 0 0 0 0 0 0 0 0 0 0 0 0 0 0 0 0 0 0 0 0 0 0 0 0 0 0 0 0 0 0 0 0 0 0 0 0 0 0 0 0 0 0 0 0 0 0 0 0 0 0 0 0 0 0 0 0 0 0 0 0 0 0 0 0 0 0 0 0 0 0 0 0 0 0 0 0 0 0 0 
0 0 0 0 0 0 0 0 0 0 0 0 0 0 0 0 0 0 0 0 0 0 0 0 0 0 0 0 0 0 0 0 0 0 0 0 0 0 0 0 0 0 0 0 0 0 0 0 0 0 0 0 0 0 0 0 0 0 0 0 0 0 0 0 0 0 0 0 0 0 0 0 0 0 0 0 0 0 0 0 0 0 0 0 0 0 0 0 0 0 0 0 0 0 0 0 0 0 0 0 0 0 0 0 0 0 0 0 0 0 0 0 0 0 0 0 0 0 0 0 0 0 0 0 0 0 0 0 0 0 0 0 0 0 0 0 0 0 1.279418428e-79 0 0 0 0 0 0 0 0 0 0 0 0 0 4.047761083e-63 0 0 0 0 0 0 0 0 0 0 0 0 0 0 0 0 0 0 0 0 0 0 0 0 0 0 0 0 0 0 0 0 0 0 0 0 0 0 0 0 0 0 0 0 0 0 0 0 0 0 0 0 0 0 0 0 0 0 0 0 0 0 0 0 0 0 0 0 0 0 0 0 0 0 0 0 0 0 0 0 0 0 0 0 0 0 0 0 0 0 0 0 0 0 0 0 0 0 0 0 0 0 0 
0 0 0 0 0 0 0 0 0 0 0 0 0 0 0 0 0 0 0 0 0 0 0 0 0 0 0 0 0 0 0 0 0 0 0 0 0 0 0 0 0 0 0 0 0 0 0 0 0 0 0 0 0 0 0 0 0 0 0 0 0 0 0 0 0 0 0 0 0 0 0 0 0 0 0 0 0 0 0 0 0 0 0 0 0 0 0 0 0 0 0 0 4.088774435e-47 0 0 0 0 0 0 0 0 0 0 0 0 0 0 0 0 0 0 0 2.144007528e-57 0 0 0 1.842081614e-72 0 0 0 0 0 0 0 0 0 0 0 0 0 0 0 0 2.61768928e-55 0 0 0 0 0 0 0 0 1.298319242e-74 0 2.259409638e-83 0 0 0 0 0 0 0 0 0 0 1.012209109e-51 0 0 0 0 0 0 3.023519791e-84 0 0 0 0 0 0 0 0 0 0 0 0 0 0 0 0 0 0 0 0 0 0 0 0 0 0 0 0 0 0 0 0 0 0 0 0 0 0 0 0 0 0 0 0 0 0 0 0 0 0 0 0 0 0 0 0 0 0 0 0 0 0 0 0 0 0 0 0 0 0 0 0 0 0 0 0 0 0 0 0 0 0 0 0 0 0 0 0 0 0 0 0 0 
0 0 0 0 0 0 0 0 0 0 0 0 0 0 0 0 0 0 0 0 0 0 0 0 0 0 0 0 0 0 0 0 0 0 0 0 0 0 0 0 0 0 0 0 0 0 0 0 0 0 0 0 0 0 0 0 0 0 0 0 0 0 0 0 0 0 0 0 0 0 0 0 0 0 0 0 0 0 0 0 0 0 0 0 0 0 0 0 0 0 0 2.201242264e-85 0 0 0 0 0 0 0 0 0 0 4.511458438e-62 0 0 0 0 0 0 0 0 0 0 0 0 0 0 0 0 0 0 0 0 0 0 0 0 0 0 1.368503299e-60 0 0 0 1.043790791e-73 0 0 9.332469859e-56 0 0 0 0 0 0 0 0 1.607237986e-67 0 0 0 6.65152926e-64 0 0 0 0 1.684367599e-72 0 0 0 0 0 0 0 5.119753238e-76 0 0 0 0 0 0 0 0 0 0 0 0 0 0 0 0 0 0 0 0 0 0 0 0 0 0 0 0 0 0 0 0 0 0 0 0 0 0 0 0 0 0 0 0 0 0 0 0 0 0 0 0 0 0 0 0 0 0 0 0 0 0 0 0 0 0 0 0 0 0 0 0 0 0 0 0 0 0 0 0 0 0 0 0 0 0 0 0 0 0 0 0 0 
0 0 0 0 0 0 0 0 0 0 0 0 0 0 0 0 0 0 0 0 0 0 0 0 0 0 0 0 0 0 0 0 0 0 0 0 0 0 0 0 0 0 0 0 0 0 0 0 0 0 0 0 0 0 0 0 0 0 0 0 0 0 0 0 0 0 0 0 0 0 0 0 0 0 0 0 0 0 0 0 0 0 0 0 0 0 0 0 0 0 2.575535928e-67 0 0 0 0 0 0 0 0 0 1.515115671e-53 0 0 0 0 0 0 0 0 0 0 4.463975378e-86 0 0 0 0 0 0 0 0 0 0 0 0 0 0 0 0 0 0 0 6.946625542e-81 0 4.219945179e-76 0 0 0 0 0 0 0 0 0 0 0 0 0 0 0 0 0 0 0 0 0 0 0 1.976728156e-65 0 0 0 0 0 0 0 0 0 0 0 0 0 0 0 0 0 0 0 0 0 0 0 0 0 0 0 0 0 0 0 0 0 0 0 0 0 0 0 0 0 0 0 0 0 0 0 0 0 0 0 0 0 0 0 0 0 0 0 0 0 0 0 0 0 0 0 0 0 0 0 0 0 0 0 0 0 0 0 0 0 0 0 0 0 0 0 0 0 0 0 0 0 0 0 0 0 0 
0 0 0 0 0 0 0 0 0 0 0 0 0 0 0 0 0 0 0 0 0 0 0 0 0 0 0 0 0 0 0 0 0 0 0 0 0 0 0 0 0 0 0 0 0 0 0 0 0 0 0 0 0 0 0 0 0 0 0 0 0 0 0 0 0 0 0 0 0 0 0 0 0 0 0 0 0 0 0 0 0 0 0 0 0 0 0 0 0 0 0 1.056811069e-71 0 0 0 0 0 0 0 0 0 0 0 0 0 0 9.338176526e-64 0 0 0 0 0 0 0 0 0 0 0 0 0 0 0 0 6.879057514e-50 0 0 0 0 0 0 3.849364493e-45 0 0 0 0 0 0 0 0 2.433016172e-35 0 0 0 0 0 0 0 0 0 0 0 0 0 0 0 5.368031177e-64 0 0 0 0 0 0 0 0 0 0 0 0 0 0 0 0 0 0 0 0 0 0 0 0 0 0 0 0 0 0 0 0 0 0 0 0 0 0 0 0 0 0 0 0 0 0 0 0 0 0 0 0 0 0 0 0 0 0 0 0 0 0 0 0 0 0 0 0 0 0 0 0 0 0 0 0 0 0 0 0 0 0 0 0 0 0 0 0 0 0 0 0 0 0 0 0 0 0 0 0 
0 0 0 0 0 0 0 0 0 0 0 0 0 0 0 0 0 0 0 0 0 0 0 0 0 0 0 0 0 0 0 0 0 0 0 0 0 0 0 0 0 0 0 0 0 0 0 0 0 0 0 0 0 0 0 0 0 0 0 0 0 0 0 0 0 0 0 0 0 0 0 0 0 0 0 0 0 0 0 0 0 0 0 0 0 0 0 0 0 0 0 0 4.075213006e-42 0 0 0 0 0 0 0 0 0 0 0 2.219795283e-65 0 0 0 0 0 0 0 0 0 0 0 0 3.296190264e-78 0 0 0 0 0 0 0 1.767040161e-65 0 0 0 0 0 0 0 0 0 2.792573016e-70 0 0 0 0 1.686577441e-63 5.442406412e-27 0 0 0 0 0 0 0 0 0 0 0 0 0 0 0 0 0 0 0 0 0 0 0 0 0 0 0 0 0 0 0 0 0 0 0 0 0 0 0 0 0 0 0 0 0 0 0 0 0 0 0 0 0 0 0 0 0 0 0 0 0 0 0 0 0 0 0 0 0 0 0 0 0 0 0 0 0 0 0 0 0 0 0 0 0 0 0 0 0 0 0 0 0 0 0 0 0 0 0 0 0 0 0 0 0 0 0 0 0 0 0 0 0 0 
0 0 0 0 0 0 0 0 0 0 0 0 0 0 0 0 0 0 0 0 0 0 0 0 0 0 0 0 0 0 0 0 0 0 0 0 0 0 0 0 0 0 0 0 0 0 0 0 0 0 0 0 0 0 0 0 0 0 0 0 0 0 0 0 0 0 0 0 0 0 0 0 0 0 0 0 0 0 0 0 0 0 0 0 0 0 0 0 0 0 0 0 0 0 0 0 0 0 0 0 1.819214881e-76 0 0 0 0 0 0 3.13775301e-44 0 0 0 0 0 0 0 1.129389089e-83 0 0 0 0 0 0 0 0 0 0 0 0 0 0 0 0 0 0 0 7.261194243e-77 0 0 0 0 0 0 0 0 0 0 0 0 0 0 0 0 0 0 0 0 0 0 0 0 0 0 0 0 0 0 0 0 0 0 0 0 0 0 0 0 0 0 0 0 0 0 0 0 0 0 0 0 0 0 0 0 0 0 0 0 0 0 0 0 0 0 0 0 0 0 0 0 0 0 0 0 0 0 0 0 0 0 0 0 0 0 0 0 0 0 0 0 0 0 0 0 0 0 0 0 0 0 0 0 0 0 0 0 0 0 0 0 0 0 0 0 0 0 0 0 
0 0 0 0 0 0 0 0 0 0 0 0 0 0 0 0 0 0 0 0 0 0 0 0 0 0 0 0 0 0 0 0 0 0 0 0 0 0 0 0 0 0 0 0 0 0 0 0 0 0 0 0 0 0 0 0 0 0 0 0 0 0 0 0 0 0 0 0 0 0 0 0 0 0 0 0 0 0 0 0 0 0 0 0 0 0 0 0 0 0 0 0 0 0 0 0 4.757738235e-48 0 0 1.888151859e-54 0 0 0 0 0 2.259586751e-58 0 0 0 0 0 0 0 0 0 0 0 0 0 0 0 0 0 0 0 3.351853779e-53 0 1.314417626e-75 0 0 0 0 0 0 3.042282108e-70 0 0 0 0 0 7.766745552e-66 0 0 0 0 0 0 0 3.40546834e-25 0 0 0 0 0 0 0 0 0 0 0 0 0 0 0 0 0 0 0 0 0 0 0 0 0 0 0 0 0 0 0 0 0 0 0 0 0 0 0 0 0 0 0 0 0 0 0 0 0 0 0 0 0 0 0 0 0 0 0 0 0 0 0 0 0 0 0 0 0 0 0 0 0 0 0 0 0 0 0 0 0 0 0 0 0 0 0 0 0 0 0 0 0 0 0 0 0 0 0 0 0 0 0 0 0 0 0 
0 0 0 0 0 0 0 0 0 0 0 0 0 0 0 0 0 0 0 0 0 0 0 0 0 0 0 0 0 0 0 0 0 0 0 0 0 0 0 0 0 0 0 0 0 0 0 0 0 0 0 0 0 0 0 0 0 0 0 0 0 0 0 0 0 0 0 0 0 0 0 0 0 0 0 0 0 0 0 0 0 0 0 0 0 0 0 0 0 0 0 0 0 0 0 0 0 1.750160781e-44 0 0 0 1.003905952e-57 0 0 0 0 0 0 0 0 0 0 0 0 0 0 0 0 0 0 0 0 6.191388429e-63 0 0 0 9.743158853e-68 0 1.464654766e-51 0 3.871100633e-66 3.841164806e-34 0 1.089761134e-60 0 0 0 3.787662308e-66 0 0 6.330471667e-61 0 0 0 0 0 0 0 0 0 0 0 0 0 9.305015083e-53 0 0 0 0 0 6.539229466e-41 0 0 0 0 0 0 0 0 0 0 0 0 0 0 0 0 0 0 0 0 0 0 0 0 0 0 0 0 0 0 0 0 0 0 0 0 0 0 0 0 0 0 0 0 0 0 0 0 0 0 0 0 0 0 0 0 0 0 0 0 0 0 0 0 0 0 0 0 0 0 0 0 0 0 0 0 0 0 0 0 0 0 0 0 0 0 0 0 0 0 0 0 0 0 0 
0 0 0 0 0 0 0 0 0 0 0 0 0 0 0 0 0 0 0 0 0 0 0 0 0 0 0 0 0 0 0 0 0 0 0 0 0 0 0 0 0 0 0 0 0 0 0 0 0 0 0 0 0 0 0 0 0 0 0 0 0 0 0 0 0 0 0 0 0 0 0 0 0 0 0 0 0 0 0 0 0 0 0 0 0 0 0 0 0 0 0 0 0 1.617320123e-62 0 0 0 0 0 1.033148601e-34 0 0 0 2.354873887e-68 0 0 0 0 0 0 2.252467346e-32 0 0 1.228821048e-17 0 0 0 0 0 0 0 0 6.715473128e-29 0 4.092185364e-43 3.679516917e-34 0 0 1.974104485e-45 0 0 6.706206699e-57 0 1.603266625e-50 0 0 0 0 0 0 0 0 0 0 0 0 0 0 0 0 0 0 0 0 0 0 0 5.542842458e-24 0 0 0 0 0 0 0 0 0 0 0 0 0 0 0 0 0 0 0 0 0 0 0 0 0 0 0 0 0 0 0 0 0 0 0 0 0 0 0 0 0 0 0 0 0 0 0 0 0 0 0 0 0 0 0 0 0 0 0 0 0 0 0 0 0 0 0 0 0 0 0 0 0 0 0 0 0 0 0 0 0 0 0 0 0 0 0 0 0 0 0 0 0 0 0 0 0 0 
0 0 0 0 0 0 0 0 0 0 0 0 0 0 0 0 0 0 0 0 0 0 0 0 0 0 0 0 0 0 0 0 0 0 0 0 0 0 0 0 0 0 0 0 0 0 0 0 0 0 0 0 0 0 0 0 0 0 0 0 0 0 0 0 0 0 0 0 0 0 0 0 0 0 0 0 0 0 0 0 0 0 0 0 0 0 0 0 0 0 0 0 2.804099077e-72 0 0 0 0 0 0 4.80823263e-54 0 0 0 0 0 0 0 0 0 0 0 0 0 0 0 0 0 0 0 7.292257495e-51 1.56422321e-68 0 0 0 3.973301936e-39 0 0 0 0 2.221396338e-14 0 0 0 0 0 0 0 0 0 0 0 0 0 0 0 0 0 0 0 0 0 0 0 0 0 2.870993718e-36 1.181905053e-65 3.066086983e-56 0 4.368379379e-58 0 0 0 0 0 0 0 0 0 0 0 0 0 0 0 0 0 0 0 0 0 0 0 0 0 0 0 0 0 0 0 0 0 0 0 0 0 0 0 0 0 0 0 0 0 0 0 0 0 0 0 0 0 0 0 0 0 0 0 0 0 0 0 0 0 0 0 0 0 0 0 0 0 0 0 0 0 0 0 0 0 0 0 0 0 0 0 0 0 0 0 0 0 0 0 0 
0 0 0 0 0 0 0 0 0 0 0 0 0 0 0 0 0 0 0 0 0 0 0 0 0 0 0 0 0 0 0 0 0 0 0 0 0 0 0 0 0 0 0 0 0 0 0 0 0 0 0 0 0 0 0 0 0 0 0 0 0 0 0 0 0 0 0 0 0 0 0 0 0 0 0 0 0 0 0 0 0 0 0 0 0 0 0 0 0 0 0 0 0 0 0 0 0 1.085357295e-23 0 0 0 0 0 0 0 1.302144011e-59 0 0 0 0 0 0 0 0 0 0 0 0 0 0 0 0 0 0 0 1.506979274e-46 7.035463758e-12 0 8.125595128e-39 1.52823893e-64 1.835752735e-42 2.280670587e-33 1.325031565e-59 0 1.331813974e-50 6.684383443e-56 2.298070622e-17 0 0 0 2.99327166e-23 0 5.153978957e-23 0 0 0 0 0 1.293975139e-48 6.599545188e-21 0 0 0 0 0 0 0 0 0 0 0 0 0 0 0 0 0 0 0 0 0 0 0 0 0 0 0 0 0 0 0 0 0 0 0 0 0 0 0 0 0 0 0 0 0 0 0 0 0 0 0 0 0 0 0 0 0 0 0 0 0 0 0 0 0 0 0 0 0 0 0 0 0 0 0 0 0 0 0 0 0 0 0 0 0 0 0 0 0 0 0 0 0 0 0 0 0 0 0 0 0 0 0 0 0 0 
0 0 0 0 0 0 0 0 0 0 0 0 0 0 0 0 0 0 0 0 0 0 0 0 0 0 0 0 0 0 0 0 0 0 0 0 0 0 0 0 0 0 0 0 0 0 0 0 0 0 0 0 0 0 0 0 0 0 0 0 0 0 0 0 0 0 0 0 0 0 0 0 0 0 0 0 0 0 0 0 0 0 0 0 0 0 0 0 0 0 0 6.829182249e-33 0 0 7.289234885e-61 0 0 0 0 0 0 0 0 0 0 0 0 0 2.15578505e-66 0 0 9.084656976e-51 0 0 0 0 0 0 1.86934245e-30 0 0 0 0 3.469420217e-54 8.274657235e-62 0 1.652864905e-48 0 1.341895183e-46 0 0 0 0 0 0 2.299875871e-47 0 0 0 1.580733962e-23 0 1.06077962e-62 2.493160795e-12 0 0 0 2.633929529e-70 0 0 0 0 0 7.658936642e-67 0 0 0 0 0 0 1.745853838e-28 0 0 0 0 0 0 0 0 0 0 0 0 0 0 0 0 0 0 0 0 0 0 0 0 0 0 0 0 0 0 0 0 0 0 0 0 0 0 0 0 0 0 0 0 0 0 0 0 0 0 0 0 0 0 0 0 0 0 0 0 0 0 0 0 0 0 0 0 0 0 0 0 0 0 0 0 0 0 0 0 0 0 0 0 0 0 0 0 0 0 0 0 0 0 0 0 
0 0 0 0 0 0 0 0 0 0 0 0 0 0 0 0 0 0 0 0 0 0 0 0 0 0 0 0 0 0 0 0 0 0 0 0 0 0 0 0 0 0 0 0 0 0 0 0 0 0 0 0 0 0 0 0 0 0 0 0 0 0 0 0 0 0 0 0 0 0 0 0 0 0 0 0 0 0 0 0 0 0 0 0 0 0 0 0 0 0 0 0 6.207532293e-65 0 0 0 0 1.329568491e-31 0 0 0 2.465059946e-36 0 0 1.740187239e-57 0 0 0 0 0 0 0 0 0 0 0 3.105061135e-57 9.665800522e-26 0 3.947676481e-63 0 0 1.372677156e-07 1.166657793e-45 0 3.011952725e-48 0 0 9.034142582e-23 0 0 7.476931464e-68 0 1.986149282e-28 0 0 0 0 0 0 0 0 0 0 0 0 0 0 0 6.8935956e-38 0 0 0 0 0 0 0 0 0 0 0 0 0 0 0 0 0 0 0 0 0 0 0 0 0 0 0 0 0 0 0 0 0 0 0 0 0 0 0 0 0 0 0 0 0 0 0 0 0 0 0 0 0 0 0 0 0 0 0 0 0 0 0 0 0 0 0 0 0 0 0 0 0 0 0 0 0 0 0 0 0 0 0 0 0 0 0 0 0 0 0 0 0 0 0 0 0 0 0 0 0 0 0 0 0 0 
0 0 0 0 0 0 0 0 0 0 0 0 0 0 0 0 0 0 0 0 0 0 0 0 0 0 0 0 0 0 0 0 0 0 0 0 0 0 0 0 0 0 0 0 0 0 0 0 0 0 0 0 0 0 0 0 0 0 0 0 0 0 0 0 0 0 0 0 0 0 0 0 0 0 0 0 0 0 0 0 0 0 0 0 0 0 0 0 0 0 0 1.24952146e-31 0 0 0 0 0 1.392646734e-32 0 0 0 0 0 0 0 0 0 0 0 0 0 0 0 0 0 0 0 0 0 0 0 0 0 0 2.735329095e-55 0 0 7.452030144e-16 0 1.503067504e-33 0 0 0 1.405484542e-74 4.52691057e-18 0 0 0 0 0 0 0 0 0 0 0 2.298961079e-44 0 0 0 0 0 0 6.513035287e-51 0 0 0 0 0 0 0 2.015235525e-67 0 0 0 0 0 0 0 0 0 0 0 0 0 0 0 0 0 0 0 0 0 0 0 0 0 0 0 0 0 0 0 0 0 0 0 0 0 0 0 0 0 0 0 0 0 0 0 0 0 0 0 0 0 0 0 0 0 0 0 0 0 0 0 0 0 0 0 0 0 0 0 0 0 0 0 0 0 0 0 0 0 0 0 0 0 0 0 0 0 0 0 0 0 0 
0 0 0 0 0 0 0 0 0 0 0 0 0 0 0 0 0 0 0 0 0 0 0 0 0 0 0 0 0 0 0 0 0 0 0 0 0 0 0 0 0 0 0 0 0 0 0 0 0 0 0 0 0 0 0 0 0 0 0 0 0 0 0 0 0 0 0 0 0 0 0 0 0 0 0 0 0 0 0 0 0 0 0 0 0 0 0 0 7.375946664e-36 0 0 0 0 0 0 0 0 0 0 0 0 0 0 3.032563207e-40 0 0 0 0 0 0 0 0 0 0 0 0 1.113688248e-66 0 0 0 0 0 1.729694833e-40 0 7.857267998e-57 0 0 0 0 0 0 0 0 0 6.348723059e-12 9.347186121e-26 0 0 0 2.141796421e-14 6.790229221e-32 0 0 3.833428166e-39 0 6.13834707e-39 0 0 4.095001973e-43 0 5.008781306e-55 0 0 0 3.89094316e-63 0 0 0 0 0 0 0 1.018431277e-60 0 0 0 0 0 0 0 0 0 0 0 0 0 0 0 0 0 0 0 0 0 0 0 0 0 0 0 0 0 0 0 0 0 0 0 0 0 0 0 0 0 0 0 0 0 0 0 0 0 0 0 0 0 0 0 0 0 0 0 0 0 0 0 0 0 0 0 0 0 0 0 0 0 0 0 0 0 0 0 0 0 0 0 0 0 0 0 0 0 0 0 0 0 
0 0 0 0 0 0 0 0 0 0 0 0 0 0 0 0 0 0 0 0 0 0 0 0 0 0 0 0 0 0 0 0 0 0 0 0 0 0 0 0 0 0 0 0 0 0 0 0 0 0 0 0 0 0 0 0 0 0 0 0 0 0 0 0 0 0 0 0 0 0 0 0 0 0 0 0 0 0 0 0 0 0 0 0 0 0 0 0 0 0 0 4.12293286e-16 0 4.573826235e-55 0 1.492519478e-08 0 0 0 3.620133724e-47 0 0 0 0 0 0 2.100505047e-62 0 3.375712763e-57 0 0 0.0004366713206 0 0 0 0 0 0 0 0 0 6.729822847e-29 0 0 0 5.921869628e-47 1.151028515e-27 0 0 2.329058531e-10 0 0 0 0 0 0 0 0 0 1.058393227e-59 1.15146691e-18 3.926195302e-33 0 0 0 2.558593725e-23 1.703336604e-48 0 1.144850801e-14 0 1.106757695e-52 0 0 0 0 0 0 0 0 0 0 0 0 0 0 0 0 0 0 0 0 0 0 0 0 0 0 0 0 0 0 0 0 0 0 0 0 0 0 0 0 0 0 0 0 0 0 0 0 0 0 0 0 0 0 0 0 0 0 0 0 0 0 0 0 0 0 0 0 0 0 0 0 0 0 0 0 0 0 0 0 0 0 0 0 0 0 0 0 0 0 0 0 0 0 0 0 0 0 0 0 0 0 0 0 0 
0 0 0 0 0 0 0 0 0 0 0 0 0 0 0 0 0 0 0 0 0 0 0 0 0 0 0 0 0 0 0 0 0 0 0 0 0 0 0 0 0 0 0 0 0 0 0 0 0 0 0 0 0 0 0 0 0 0 0 0 0 0 0 0 0 0 0 0 0 0 0 0 0 0 0 0 0 0 0 0 0 0 0 0 0 0 0 0 0 0 0 0 0 0 0 0 0 0 0 0 0 0 1.005550921e-49 0 0 0 0 5.95930153e-30 0 0 0 0 0 0 0 0 8.139660351e-43 0 0 0 0 0 0 7.74592192e-29 0 0 9.809216111e-16 1.306064528e-37 6.271267618e-47 0 2.089293474e-44 0 4.674298109e-46 0 0 0 0 0 2.396294362e-42 0 1.178974612e-25 0 1.023471013e-50 0 0 0 0 0 0 3.95055304e-36 0 1.560652109e-50 0 0 0 0 2.568854267e-12 0 0 0 0 0 0 0 0 0 0 0 0 0 0 0 0 0 0 0 0 0 0 0 0 0 0 0 0 0 0 0 0 0 0 0 0 0 0 0 0 0 0 0 0 0 0 0 0 0 0 0 0 0 0 0 0 0 0 0 0 0 0 0 0 0 0 0 0 0 0 0 0 0 0 0 0 0 0 0 0 0 0 0 0 0 0 0 0 0 0 0 0 0 0 0 0 0 0 0 
0 0 0 0 0 0 0 0 0 0 0 0 0 0 0 0 0 0 0 0 0 0 0 0 0 0 0 0 0 0 0 0 0 0 0 0 0 0 0 0 0 0 0 0 0 0 0 0 0 0 0 0 0 0 0 0 0 0 0 0 0 0 0 0 0 0 0 0 0 0 0 0 0 0 0 0 0 0 0 0 0 0 0 0 0 0 0 0 0 0 7.214401326e-40 1.092874615e-49 1.260104859e-68 1.142452463e-40 0 0 0 0 0 0 1.009701763e-59 5.544720748e-49 0 0 0 0 0 0 7.534471057e-44 0 2.719380899e-62 0 0 0 0 0 4.283640647e-28 0 3.279210245e-51 0 3.19027473e-25 0 0 0 0 1.191095018e-33 1.67460965e-22 0 3.891929082e-10 3.948932209e-39 0 0 0 0 1.140811303e-14 0 0 2.869221357e-30 0 0 0 0 1.23627877e-32 2.694579333e-17 0 0 0 0 0 0 0 6.020719874e-42 0 1.253212939e-11 0 0 0 5.707070318e-62 0 0 0 0 0 0 0 0 0 0 0 0 0 0 0 0 0 0 0 0 0 0 0 0 0 0 0 0 0 0 0 0 0 0 0 0 0 0 0 0 0 0 0 0 0 0 0 0 0 0 0 0 0 0 0 0 0 0 0 0 0 0 0 0 0 0 0 0 0 0 0 0 0 0 0 0 0 0 0 0 0 0 0 0 0 0 0 0 0 0 0 0 0 0 0 0 0 0 
0 0 0 0 0 0 0 0 0 0 0 0 0 0 0 0 0 0 0 0 0 0 0 0 0 0 0 0 0 0 0 0 0 0 0 0 0 0 0 0 0 0 0 0 0 0 0 0 0 0 0 0 0 0 0 0 0 0 0 0 0 0 0 0 0 0 0 0 0 0 0 0 0 0 0 0 0 0 0 0 0 0 0 0 0 0 0 0 0 0 0 0 0 1.077367426e-33 0 0 0 0 0 0 1.181924572e-31 0 0 3.485114866e-34 0 0 0 6.866338622e-20 0 6.548156441e-57 0 0 0 0 0 0 0 0 1.958288321e-23 0 0 0 1.109194975e-19 6.645352194e-65 0 7.340058306e-13 5.544847723e-09 1.375488472e-29 0 0 1.839607875e-35 0 1.501749163e-47 1.811550954e-37 8.78480308e-18 4.322952552e-49 0 0 0 3.002756708e-43 1.447253299e-66 3.427372931e-41 0 1.504191528e-45 0 0 0 0 0 0 0 3.032045765e-58 2.442236029e-44 0 0 0 2.053200664e-21 0 0 1.156349929e-35 0 0 0 0 0 0 0 0 0 0 0 0 0 0 0 0 0 0 0 0 0 0 0 0 0 0 0 0 0 0 0 0 0 0 0 0 0 0 0 0 0 0 0 0 0 0 0 0 0 0 0 0 0 0 0 0 0 0 0 0 0 0 0 0 0 0 0 0 0 0 0 0 0 0 0 0 0 0 0 0 0 0 0 0 0 0 0 0 0 0 0 0 0 0 0 0 
0 0 0 0 0 0 0 0 0 0 0 0 0 0 0 0 0 0 0 0 0 0 0 0 0 0 0 0 0 0 0 0 0 0 0 0 0 0 0 0 0 0 0 0 0 0 0 0 0 0 0 0 0 0 0 0 0 0 0 0 0 0 0 0 0 0 0 0 0 0 0 0 0 0 0 0 0 0 0 0 0 0 0 0 0 0 0 0 0 0 0 0 0 5.581042845e-17 0 0 0 0 0 6.053928145e-46 0 1.415325902e-39 0 0 0 0 0 0 0 0 0 3.673168756e-08 9.317150251e-16 0 0 6.184770426e-53 0 0 0 0 0 0 0 0 0 0 1.114684694e-67 0 0 0 3.058471841e-20 0 0 0 0 7.413739716e-17 3.631586054e-45 1.139852611e-34 0 0 0 9.965337193e-49 1.76778504e-31 1.204472676e-48 0 0 0 0 4.775550171e-07 0 1.938212333e-39 3.894063079e-10 0 0 0 2.816051776e-46 7.271143708e-11 0 3.377555135e-25 0 95.96538309 0 0 0 0 0 0 0 0 0 0 0 0 0 0 0 0 0 0 0 0 0 0 0 0 0 0 0 0 0 0 0 0 0 0 0 0 0 0 0 0 0 0 0 0 0 0 0 0 0 0 0 0 0 0 0 0 0 0 0 0 0 0 0 0 0 0 0 0 0 0 0 0 0 0 0 0 0 0 0 0 0 0 0 0 0 0 0 0 0 0 0 0 0 0 0 
0 0 0 0 0 0 0 0 0 0 0 0 0 0 0 0 0 0 0 0 0 0 0 0 0 0 0 0 0 0 0 0 0 0 0 0 0 0 0 0 0 0 0 0 0 0 0 0 0 0 0 0 0 0 0 0 0 0 0 0 0 0 0 0 0 0 0 0 0 0 0 0 0 0 0 0 0 0 0 0 0 0 0 0 0 0 0 0 1.85598495e-30 0 0 0 0 0 6.780839837e-69 2.284245901e-11 0 7.128141163e-40 0 2.459449919e-48 0 0 0 0 0 0 0 0 0 0 0 0 0 123.2275782 0 0.2608085542 4.39825205e-11 0 0 0 0 0 1.02057956e-53 0 2.531723134e-41 0 8.314218864e-17 0 0 1.805458928e-16 2.05063212e-48 0 1.611074696e-29 2.486842533e-12 0 0 0 0 0 0 8.69616365e-43 0 3.021360526e-26 0 5.424846169e-38 0 0 0 0 5.036554355e-45 153.582269 0 0 2.428534736e-08 2.58176458e-32 0 0 8.8382849e-41 1.178270795e-38 0 0 0 0 0 0 0 0 0 0 0 0 0 0 0 0 0 0 0 0 0 0 0 0 0 0 0 0 0 0 0 0 0 0 0 0 0 0 0 0 0 0 0 0 0 0 0 0 0 0 0 0 0 0 0 0 0 0 0 0 0 0 0 0 0 0 0 0 0 0 0 0 0 0 0 0 0 0 0 0 0 0 0 0 0 0 0 0 0 0 0 0 0 0 0 0 0 
0 0 0 0 0 0 0 0 0 0 0 0 0 0 0 0 0 0 0 0 0 0 0 0 0 0 0 0 0 0 0 0 0 0 0 0 0 0 0 0 0 0 0 0 0 0 0 0 0 0 0 0 0 0 0 0 0 0 0 0 0 0 0 0 0 0 0 0 0 0 0 0 0 0 0 0 0 0 0 0 0 0 0 0 0 0 0 0 0 0 0 0 0 0 0 0 0 0 4.311220795e-54 0 0 0 2.042159613e-28 0 0 0 0 0 0 0 0 0 0 1.058807394e-13 0 0 4.061656375e-49 0 0 1.469103595e-10 0 0 6.072694326e-37 5.100017721e-45 0 3.783020676e-13 0 5.061863594e-24 3.206810956e-55 3.104264414e-56 0 0 1.303466414e-51 1.697151415e-56 0.0682802892 0.0005845309514 0 1.397548547e-11 0 1.463991008e-59 0 7.035976096e-19 0 1.071763272e-58 2.15776226e-40 2.085791092e-37 0 0 4.008041307e-57 7.071832231e-66 7.313547169e-47 1.151230899e-19 0 2.324002058e-21 0 0 0 2.852625408e-41 0 0 0 0 0 0 0 0 0 0 0 0 0 0 0 0 0 0 0 0 0 0 0 0 0 0 0 0 0 0 0 0 0 0 0 0 0 0 0 0 0 0 0 0 0 0 0 0 0 0 0 0 0 0 0 0 0 0 0 0 0 0 0 0 0 0 0 0 0 0 0 0 0 0 0 0 0 0 0 0 0 0 0 0 0 0 0 0 0 0 0 0 0 0 0 0 0 0 
0 0 0 0 0 0 0 0 0 0 0 0 0 0 0 0 0 0 0 0 0 0 0 0 0 0 0 0 0 0 0 0 0 0 0 0 0 0 0 0 0 0 0 0 0 0 0 0 0 0 0 0 0 0 0 0 0 0 0 0 0 0 0 0 0 0 0 0 0 0 0 0 0 0 0 0 0 0 0 0 0 0 0 0 0 0 0 0 0 0 0 0 2.215584929 0 0 0.0009523841821 0 0 0 0 6.942265147e-31 0 0 21.59294842 0 0 0 0 9.028417156e-39 0 0 0 0 0 0 2.229502405e-16 8.71050263e-46 0 1.259448438e-48 1.777607249e-42 0.1041075121 0 2.166225146e-17 0 5.762541364e-56 9.164523684e-30 1.087049164e-42 0 9.473709636e-32 1.557300198e-51 0 0 0 3.239688507e-33 4.136660146e-26 0 1.173591674e-34 0 1.825059137e-42 2.191907948e-44 1.042968916e-40 1.345119289e-11 1.448672415e-08 5.051980336e-26 1.129377195e-42 0 1.742147106e-62 0 0 0 3.606580525e-21 0 1.315561077e-54 0 0 0 5.621826907e-48 0 0 0 0 0 1.399452055e-12 0 0 0 0 0 0 0 0 0 0 0 0 0 0 0 0 0 0 0 0 0 0 0 0 0 0 0 0 0 0 0 0 0 0 0 0 0 0 0 0 0 0 0 0 0 0 0 0 0 0 0 0 0 0 0 0 0 0 0 0 0 0 0 0 0 0 0 0 0 0 0 0 0 0 0 0 0 0 0 0 0 0 0 0 0 0 0 0 0 0 0 0 0 
0 0 0 0 0 0 0 0 0 0 0 0 0 0 0 0 0 0 0 0 0 0 0 0 0 0 0 0 0 0 0 0 0 0 0 0 0 0 0 0 0 0 0 0 0 0 0 0 0 0 0 0 0 0 0 0 0 0 0 0 0 0 0 0 0 0 0 0 0 0 0 0 0 0 0 0 0 0 0 0 0 0 0 0 0 0 0 0 0 5.672039965e-32 4.823691433e-15 0 0 0 0 3.145412809e-51 0 3.858237417e-13 0 0 0 0 0 3.768059701e-39 0 3.595856734e-39 0 0 0 0 0 4.425210601e-18 5.27431143e-57 0 1.11706707e-10 0 0 0 1.658557803e-38 130.84584 5.962323987e-44 6.993336166 0 505.0006242 1.943920271e-57 0 6.386083244e-38 0 2.580595656e-11 0 6.610309058e-59 1.157275905e-10 0 0.1628244833 2.839821971e-15 0 1.061359227e-58 8.537613081e-39 6.382280525e-17 5.833285806e-44 0 1.101603081e-48 7.555812847e-22 5.111264392e-59 1.889170094e-25 64.90967194 9.660650615e-07 3.146699724e-54 0 0 8.08044763e-54 0 2.632988029 0 0 0 3.984880619e-53 0 2.239012105e-16 0 0 0 0 0 0 0 0 0 0 0 0 0 0 0 0 0 0 0 0 0 0 0 0 0 0 0 0 0 0 0 0 0 0 0 0 0 0 0 0 0 0 0 0 0 0 0 0 0 0 0 0 0 0 0 0 0 0 0 0 0 0 0 0 0 0 0 0 0 0 0 0 0 0 0 0 0 0 0 0 0 0 0 0 0 0 0 0 0 0 0 0 0 0 0 0 0 
0 0 0 0 0 0 0 0 0 0 0 0 0 0 0 0 0 0 0 0 0 0 0 0 0 0 0 0 0 0 0 0 0 0 0 0 0 0 0 0 0 0 0 0 0 0 0 0 0 0 0 0 0 0 0 0 0 0 0 0 0 0 0 0 0 0 0 0 0 0 0 0 0 0 0 0 0 0 0 0 0 0 0 0 0 0 0 0 0 4.394029951e-15 6.590187699e-11 0 5.266087193e-49 0 0 1.715768754e-51 1.117055889e-07 2.727785048e-55 0.05112831865 0 0 0 0 0 0 0 0 0 0 0 2.158198956e-58 0 0 0 0 0 1.12975234e-47 0 0 4.598714239e-31 0 0 0 0 4.801884826e-54 8.368364554e-16 0 3.929419489 0 0 7.120535192e-18 0 0 892.0859787 2.729644887e-47 8.945258722e-10 0 6.137774336e-33 1.744747784e-29 0 6.526703258e-35 1.920353188e-10 4.142728866e-18 0 1.046975643e-59 0 0 0 1.276161303e-35 0 8.279216837e-30 0 0 0 0 4.050022483e-43 0 0 0 0 0 7.538247935e-48 0 0 0 0 0 0 0 0 0 0 0 0 0 0 0 0 0 0 0 0 0 0 0 0 0 0 0 0 0 0 0 0 0 0 0 0 0 0 0 0 0 0 0 0 0 0 0 0 0 0 0 0 0 0 0 0 0 0 0 0 0 0 0 0 0 0 0 0 0 0 0 0 0 0 0 0 0 0 0 0 0 0 0 0 0 0 0 0 0 0 0 0 0 0 
0 0 0 0 0 0 0 0 0 0 0 0 0 0 0 0 0 0 0 0 0 0 0 0 0 0 0 0 0 0 0 0 0 0 0 0 0 0 0 0 0 0 0 0 0 0 0 0 0 0 0 0 0 0 0 0 0 0 0 0 0 0 0 0 0 0 0 0 0 0 0 0 0 0 0 0 0 0 0 0 0 0 0 0 0 0 0 0 0 0 0 0 0 0 0 0 0 4.315292271e-23 0 1.266462708e-18 0 0 0 1.458422289e-54 0 0 300.2967396 0 0 0 5.918523203e-40 0 0 0 0 86.33630022 0 301.0635364 0 9.902377855e-21 0 0 4.267396262e-55 2213.503836 2.208159008e-17 0 0 0.1587278155 0 299.3379145 1.658811711e-53 0 846.9784064 1.150313659e-63 0 6.413390709e-24 0 2.069502478e-18 2.196148781e-27 0 0 0 8.286294824e-25 8.726737727e-31 1.998250527e-19 0 0 0.0008448328988 0 6.95850182e-12 0 0 0 2.99808248e-38 95.89338526 0 0 0 0 0 0 0 0 0 0 0 0 0 0 0 0 0 0 0 0 0 0 0 0 0 0 0 0 0 0 0 0 0 0 0 0 0 0 0 0 0 0 0 0 0 0 0 0 0 0 0 0 0 0 0 0 0 0 0 0 0 0 0 0 0 0 0 0 0 0 0 0 0 0 0 0 0 0 0 0 0 0 0 0 0 0 0 0 0 0 0 0 0 0 0 0 0 0 0 0 0 
0 0 0 0 0 0 0 0 0 0 0 0 0 0 0 0 0 0 0 0 0 0 0 0 0 0 0 0 0 0 0 0 0 0 0 0 0 0 0 0 0 0 0 0 0 0 0 0 0 0 0 0 0 0 0 0 0 0 0 0 0 0 0 0 0 0 0 0 0 0 0 0 0 0 0 0 0 0 0 0 0 0 0 0 0 0 0 0 0 0 0 1.558454101e-46 0 0 68.66079355 0 0 1.487498823e-59 0 0 0 0 0 2.287758597e-53 0 0 0 0 8.73535706e-19 0 0 0 0 0 0 4.109688795e-45 0 1.242378256e-26 0.5412436033 1.124660922e-40 6.100618261e-44 1.219907574e-13 2.965053499e-31 0 1.332294853e-06 5.904706409e-05 0 0 0 5.303738813e-28 0 1.746625402e-29 3.488627938e-14 4.853556247e-54 1232.357096 0 2.550711004e-31 0 0 4.213412784e-06 6.939420342e-53 0 4.850920844e-27 0 5.26243706e-58 0 0 0 0 0 3.139645775 0 0 0 0.02360583978 0 0 1.66497369e-22 5.495370828e-13 134.323283 7.40676452e-42 1.959453e-14 0 0 0 0 0 0 0 0 0 0 0 0 0 0 0 0 0 0 0 0 0 0 0 0 0 0 0 0 0 0 0 0 0 0 0 0 0 0 0 0 0 0 0 0 0 0 0 0 0 0 0 0 0 0 0 0 0 0 0 0 0 0 0 0 0 0 0 0 0 0 0 0 0 0 0 0 0 0 0 0 0 0 0 0 0 0 0 0 0 0 0 0 0 0 
0 0 0 0 0 0 0 0 0 0 0 0 0 0 0 0 0 0 0 0 0 0 0 0 0 0 0 0 0 0 0 0 0 0 0 0 0 0 0 0 0 0 0 0 0 0 0 0 0 0 0 0 0 0 0 0 0 0 0 0 0 0 0 0 0 0 0 0 0 0 0 0 0 0 0 0 0 0 0 0 0 0 0 0 0 0 0 0 0 0 0 0 0 0 0 3.326596367e-23 0 0 0 0 1.218003988e-12 0 0 1.081124862e-33 0.140745929 44.84599719 2.109214474e-07 183.8900925 808.4771521 3.257968906e-20 0 161.7389228 0 1218.697982 0 4.81627332e-15 0.09982524063 1.148108203e-43 265.7107561 0 61.15297422 0 0 1.636832407e-14 1865.911328 1.689388535e-09 0 2360.20354 0 4.318743074e-05 3.757690391e-46 0 85.11309214 0 8.44648778e-40 0 0 4.382623864e-18 2.276920393e-51 9.955373325e-48 1.229977674e-25 1.931092151e-36 0.002692943497 0 0 9.548381294e-30 5.28535497e-16 0 0 0 1.368461728e-29 2.151039582e-42 2.853601898e-41 3.088349511e-42 6.240346216e-30 1.396039968e-16 4.887115329e-28 0 1.090946265e-56 227.2195317 0 0 0 0 0 0 0 0 0 0 0 0 0 0 0 0 0 0 0 0 0 0 0 0 0 0 0 0 0 0 0 0 0 0 0 0 0 0 0 0 0 0 0 0 0 0 0 0 0 0 0 0 0 0 0 0 0 0 0 0 0 0 0 0 0 0 0 0 0 0 0 0 0 0 0 0 0 0 0 0 0 0 0 0 0 0 0 0 0 0 0 0 0 0 0 0 
0 0 0 0 0 0 0 0 0 0 0 0 0 0 0 0 0 0 0 0 0 0 0 0 0 0 0 0 0 0 0 0 0 0 0 0 0 0 0 0 0 0 0 0 0 0 0 0 0 0 0 0 0 0 0 0 0 0 0 0 0 0 0 0 0 0 0 0 0 0 0 0 0 0 0 0 0 0 0 0 0 0 0 0 0 0 0 0 0 0 0 0 2.858045947e-43 2.182444329e-29 1.756498799 0 0 0 1.160942938e-16 6.082935535e-48 48.94444226 0 0 0.02352563268 4.785570223e-49 0 9.093367125e-40 6.53463955e-07 143.0497282 5.646011611e-40 0 0 1.522606437e-46 0 0 0.006742546067 0 0 1.198343523e-42 0 0 1.048579285e-31 0 0.8508374944 0 0 5.994211199e-50 10.5803606 0 0 2.739950327e-05 0 1405.362438 2.394493624e-06 0 0 0 2.981024941 0.0007217738105 4.258183083e-32 4.587094268e-09 0 0 6.778025741e-31 0 5.779170273e-08 0 1.960825446e-49 0.02997448301 4.554224055e-34 0 15.12251242 0 0 1.022973696e-44 0 0 0 0 0 0 0 0 0 0 0 0 0 0 0 0 0 0 0 0 0 0 0 0 0 0 0 0 0 0 0 0 0 0 0 0 0 0 0 0 0 0 0 0 0 0 0 0 0 0 0 0 0 0 0 0 0 0 0 0 0 0 0 0 0 0 0 0 0 0 0 0 0 0 0 0 0 0 0 0 0 0 0 0 0 0 0 0 0 0 0 0 0 0 0 0 0 0 0 0 0 
0 0 0 0 0 0 0 0 0 0 0 0 0 0 0 0 0 0 0 0 0 0 0 0 0 0 0 0 0 0 0 0 0 0 0 0 0 0 0 0 0 0 0 0 0 0 0 0 0 0 0 0 0 0 0 0 0 0 0 0 0 0 0 0 0 0 0 0 0 0 0 0 0 0 0 0 0 0 0 0 0 0 0 0 0 0 0 0 0 0 0 0 0 0 1.177289106e-40 0 0 58.78027876 0 1.24773361e-34 9.476754469e-33 0 0 0 0 0 0 0 0 0 0 0 0 0 2136.763689 0 0 0.02368130428 8.863841482e-10 7.886289347e-06 0 154.956327 0 3.107890451e-45 7.363223584e-28 1.576658195e-43 0 1.080607428e-13 0 1696.879834 0 0 1.018162083e-24 0 4.983175786e-09 161.3105832 3.444208807 7.425008059e-19 0 491.2486721 0 0 0 0 3.28938197e-34 734.0562366 0 2.664380384 7.981579713e-10 6.332101693e-10 0 0 3.73709717e-14 1.448908762 0 6.032113346e-33 30.01633666 0.01449411165 0 402.4983533 0 0 4.858488667e-40 0 0 0 0 0 0 0 0 0 0 0 0 0 0 0 0 0 0 0 0 0 0 0 0 0 0 0 0 0 0 0 0 0 0 0 0 0 0 0 0 0 0 0 0 0 0 0 0 0 0 0 0 0 0 0 0 0 0 0 0 0 0 0 0 0 0 0 0 0 0 0 0 0 0 0 0 0 0 0 0 0 0 0 0 0 0 0 0 0 0 0 0 0 
0 0 0 0 0 0 0 0 0 0 0 0 0 0 0 0 0 0 0 0 0 0 0 0 0 0 0 0 0 0 0 0 0 0 0 0 0 0 0 0 0 0 0 0 0 0 0 0 0 0 0 0 0 0 0 0 0 0 0 0 0 0 0 0 0 0 0 0 0 0 0 0 0 0 0 0 0 0 0 0 0 0 0 0 0 0 0 0 0 0 4.417171054e-06 1.949166277e-44 0 0 6.587196165e-53 0 0 0 0 2.137648651 0 0 0 2.284645719e-41 0 0 0 0 0 0 0 9.88226308e-26 0 0 7.928694804e-07 0 0 0 0 1.895731055e-15 2.218925613e-21 0 6.984660746e-41 0 6.154059755e-21 0.3424792008 4.636251499 9.898283742e-28 0 0 0 1.036755043e-53 0 1.593683491e-19 0.003322782869 0 0 278.8119435 0 0 9.161183335e-43 977.7676292 4.149866493e-07 0 0 2.109255743e-28 2.03607644e-26 928.9952023 0 610.0956024 0 0.03499596828 0 0.002075228229 1.097217382e-09 0.007942924925 3.130136768e-41 0 9.944312219e-46 0.0008884388082 0 0 0 0 0 0 0 0 0 0 0 0 0 0 0 0 0 0 0 0 0 0 0 0 0 0 0 0 0 0 0 0 0 0 0 0 0 0 0 0 0 0 0 0 0 0 0 0 0 0 0 0 0 0 0 0 0 0 0 0 0 0 0 0 0 0 0 0 0 0 0 0 0 0 0 0 0 0 0 0 0 0 0 0 0 0 0 0 0 0 0 0 0 0 0 0 
0 0 0 0 0 0 0 0 0 0 0 0 0 0 0 0 0 0 0 0 0 0 0 0 0 0 0 0 0 0 0 0 0 0 0 0 0 0 0 0 0 0 0 0 0 0 0 0 0 0 0 0 0 0 0 0 0 0 0 0 0 0 0 0 0 0 0 0 0 0 0 0 0 0 0 0 0 0 0 0 0 0 0 0 0 0 0 0 1.517060736e-17 1.965683136e-25 0 0 0 1.045473228e-52 5.597936949e-21 6.067579831e-49 0 19.19385707 0 1.797419307e-29 0 0 9.003235573e-28 0 0 0 1.488443833 0 0 0 28.43899326 151.2835905 0 0 0 1060.597211 0 2.534899963 0 1.913511664e-48 2.973657196e-50 0 0 5.297539592e-40 0 0 7.973662833e-36 0 3.059309436e-19 0.0001144806459 2.938310307e-09 2.370214565 2842.1083 0 2402.336945 6.897953661e-29 0.02664999355 0 0 0 876.135351 1086.717303 1.349500378e-41 0 0 7.390836098e-40 2.186265754e-36 0 0 0 1.995818899 324.151497 0 0 0 8.270095573e-17 0 0 3.891028668e-09 130.0742203 0 3.035389283e-07 0 0 0 0 0 0 0 0 0 0 0 0 0 0 0 0 0 0 0 0 0 0 0 0 0 0 0 0 0 0 0 0 0 0 0 0 0 0 0 0 0 0 0 0 0 0 0 0 0 0 0 0 0 0 0 0 0 0 0 0 0 0 0 0 0 0 0 0 0 0 0 0 0 0 0 0 0 0 0 0 0 0 0 0 0 0 0 0 0 0 0 0 0 0 
0 0 0 0 0 0 0 0 0 0 0 0 0 0 0 0 0 0 0 0 0 0 0 0 0 0 0 0 0 0 0 0 0 0 0 0 0 0 0 0 0 0 0 0 0 0 0 0 0 0 0 0 0 0 0 0 0 0 0 0 0 0 0 0 0 0 0 0 0 0 0 0 0 0 0 0 0 0 0 0 0 0 0 0 0 0 0 12.6659824 0 2.227814582e-45 0 4.717843146e-42 0 4.941892848e-16 0 98.56374148 4.717483732e-46 2.390194506e-39 3.158394713e-10 2.165808501e-06 9.337995899e-10 3.888375415e-25 345.1444196 0 0 0 0 0 0 6.809351813e-36 0 0 1.834206617e-26 1.223034508e-32 2.413722091e-59 0 1.464382515e-32 1208.705088 0 4.780650913e-41 1.008708441e-35 0 2.143301891e-21 0 5.897029964e-12 1.289621395e-41 0 3130.122666 7.996019195e-31 167.3098576 7.15154507e-13 0 2534.866815 1837.323979 534.3206027 1.548077698e-35 1120.712938 9.214040804e-17 1.049705945e-31 7.191391008e-16 0 0 9.586308595e-09 2.173525243e-40 944.9132358 7.756650085 0 0 0 1032.186004 0 0 0 722.7358549 0 33.73539106 0 0 3.191213359e-45 0 4.73193253e-10 0 0 0 0 0 0 0 0 0 0 0 0 0 0 0 0 0 0 0 0 0 0 0 0 0 0 0 0 0 0 0 0 0 0 0 0 0 0 0 0 0 0 0 0 0 0 0 0 0 0 0 0 0 0 0 0 0 0 0 0 0 0 0 0 0 0 0 0 0 0 0 0 0 0 0 0 0 0 0 0 0 0 0 0 0 0 0 0 0 0 0 0 0 0 0 
0 0 0 0 0 0 0 0 0 0 0 0 0 0 0 0 0 0 0 0 0 0 0 0 0 0 0 0 0 0 0 0 0 0 0 0 0 0 0 0 0 0 0 0 0 0 0 0 0 0 0 0 0 0 0 0 0 0 0 0 0 0 0 0 0 0 0 0 0 0 0 0 0 0 0 0 0 0 0 0 0 0 0 0 0 0 0 0 0 0 3.146493059e-41 0 0 48.89404259 72.8433454 0 0 1.910362005e-31 98.59025932 0 1.482871787e-37 1.121774756e-32 0 0 4.326937168e-07 0 549.5060886 0 0 0 723.121459 2.53663811e-36 9.098946788e-43 1.937782385e-12 2058.163589 0.0229282678 0.0001296162579 2.553610407e-15 0 0 0 0 1930.26177 2715.486784 3.315195612e-40 0 0 0 1.511335089e-16 0 1831.022374 16.45362143 1.455361562e-14 1.068687564e-06 5.697182127e-39 0 3.526004845e-18 1.193258469e-08 541.0467969 0 1699.257182 1.284887176 1696.727381 0.004179470729 0 0 8.383160057e-26 0.001780702934 1.875629845e-05 0 0 0 0 8.179766337e-43 0.2331061926 1.727951572e-07 2.417507829 0 2.171083392e-07 0.01340840689 0 2.478618906e-35 0 0 0 0 0 0 0 0 0 0 0 0 0 0 0 0 0 0 0 0 0 0 0 0 0 0 0 0 0 0 0 0 0 0 0 0 0 0 0 0 0 0 0 0 0 0 0 0 0 0 0 0 0 0 0 0 0 0 0 0 0 0 0 0 0 0 0 0 0 0 0 0 0 0 0 0 0 0 0 0 0 0 0 0 0 0 0 0 0 0 0 0 0 0 
0 0 0 0 0 0 0 0 0 0 0 0 0 0 0 0 0 0 0 0 0 0 0 0 0 0 0 0 0 0 0 0 0 0 0 0 0 0 0 0 0 0 0 0 0 0 0 0 0 0 0 0 0 0 0 0 0 0 0 0 0 0 0 0 0 0 0 0 0 0 0 0 0 0 0 0 0 0 0 0 0 0 0 0 0 0 0 0 0 0 0 15.61318259 11.38925489 0 127.2531356 0 1.545314881e-06 0 0 0 0 487.6141166 0 0 0 0 0 3.498525536e-18 1.022323238e-05 0 0 4.925733653e-34 4.8879925e-46 1184.633729 0 2107.893574 2500.521356 8.705727802e-34 2.785304985e-39 2491.946209 4.846080685e-24 2461.042456 9.14378078e-20 62.41078366 3021.397215 7.554545296e-26 1740.057552 1.324307085e-15 0 1.744277624e-08 1.608878726e-30 6.249119729e-18 5.701302764e-22 1.016005137e-47 0 0 1618.617022 1.949599496e-12 1.478884054e-12 2724.029483 7.236814365e-39 824.6390087 2384.47923 1.491273259e-09 6.399970558 1.079669684e-48 0 1141.014945 0 0 0 0 3.521093743e-35 5.482449887 826.6235236 0 0 2.215247432e-59 0 0 1.946862212e-50 1.229121688e-41 0.1143984189 0 0 0 0 0 0 0 0 0 0 0 0 0 0 0 0 0 0 0 0 0 0 0 0 0 0 0 0 0 0 0 0 0 0 0 0 0 0 0 0 0 0 0 0 0 0 0 0 0 0 0 0 0 0 0 0 0 0 0 0 0 0 0 0 0 0 0 0 0 0 0 0 0 0 0 0 0 0 0 0 0 0 0 0 0 0 0 0 0 0 0 0 0 
0 0 0 0 0 0 0 0 0 0 0 0 0 0 0 0 0 0 0 0 0 0 0 0 0 0 0 0 0 0 0 0 0 0 0 0 0 0 0 0 0 0 0 0 0 0 0 0 0 0 0 0 0 0 0 0 0 0 0 0 0 0 0 0 0 0 0 0 0 0 0 0 0 0 0 0 0 0 0 0 0 0 0 0 0 0 0 0 0 0 0 86.28788146 0 1.612293644e-32 3.39893739e-29 1.691065388e-41 0 76.16216051 8.202503223e-14 0 0 0 0 0 0 0 0 7.262704983e-20 0 157.6226027 0 0 2.747156345e-13 2.765319377e-08 0 3.959068559e-10 2.372577667e-06 7.835575902e-15 7.310236751e-23 29.188592 3.552566875e-18 0.9828401186 2926.057191 0.6649323983 0 0 1.585718774e-07 1.783848513e-12 1.820158747e-28 2496.622437 3172.149932 0.0142822459 1.639760493e-26 1.139315263e-22 0 0 6.552280695e-28 3249.350082 2.085730157e-32 6.593586401e-20 0 1749.457352 1232.114621 1.355933086e-18 0 254.1280397 0 29.64875533 1.243367433e-26 0 0 0 0 0 817.3405723 0 803.908304 0 25.34995693 0 436.9009177 0 0 0 0 0 0 0 0 0 0 0 0 0 0 0 0 0 0 0 0 0 0 0 0 0 0 0 0 0 0 0 0 0 0 0 0 0 0 0 0 0 0 0 0 0 0 0 0 0 0 0 0 0 0 0 0 0 0 0 0 0 0 0 0 0 0 0 0 0 0 0 0 0 0 0 0 0 0 0 0 0 0 0 0 0 0 0 0 0 0 0 0 0 0 0 
0 0 0 0 0 0 0 0 0 0 0 0 0 0 0 0 0 0 0 0 0 0 0 0 0 0 0 0 0 0 0 0 0 0 0 0 0 0 0 0 0 0 0 0 0 0 0 0 0 0 0 0 0 0 0 0 0 0 0 0 0 0 0 0 0 0 0 0 0 0 0 0 0 0 0 0 0 0 0 0 0 0 0 0 0 0 0 0 0 0 0 84.96360681 0 5.761914119e-41 0 4.747270941e-44 0 1.275090507e-19 0 0 0 0 0 0 0 637.9885957 0 0 0 0 0 5.066020419e-26 0 0 0 2014.023219 4.602995635e-22 0.9611575133 2209.818361 0 0 2386.260455 9.390261139 8.092549533e-41 161.8204861 2.136601168e-21 2089.66523 9.23768605e-26 1907.669725 0 1.065559231e-20 0 2.590794488e-21 6.998990756e-36 2.581865051 2835.889284 0.04155190109 5.705480553e-47 3.45312909e-15 0.05001167391 0 6.699467339e-29 8.62716777e-11 9.905329013e-29 3.287353807e-43 4.538138927e-23 0 5.248932428e-44 1.483785202e-38 5.795220837 2.856960085e-33 2.503661026e-42 0 9.224659933e-10 5.045977574e-52 1010.700119 0 1302.202805 0 313.7395795 0 0 0 0 0 0 0 0 0 0 0 0 0 0 0 0 0 0 0 0 0 0 0 0 0 0 0 0 0 0 0 0 0 0 0 0 0 0 0 0 0 0 0 0 0 0 0 0 0 0 0 0 0 0 0 0 0 0 0 0 0 0 0 0 0 0 0 0 0 0 0 0 0 0 0 0 0 0 0 0 0 0 0 0 0 0 0 0 0 0 0 0 0 0 0 0 
0 0 0 0 0 0 0 0 0 0 0 0 0 0 0 0 0 0 0 0 0 0 0 0 0 0 0 0 0 0 0 0 0 0 0 0 0 0 0 0 0 0 0 0 0 0 0 0 0 0 0 0 0 0 0 0 0 0 0 0 0 0 0 0 0 0 0 0 0 0 0 0 0 0 0 0 0 0 0 0 0 0 0 0 0 0 0 0 1.756422412 0 0 0 129.2975783 24.52237788 0.3107033769 3.856236266e-39 4.380479554e-32 1.189210769e-15 4.343443855e-45 9.986465842e-23 1.452296431e-38 0 1003.566151 0 0 1.386934312e-14 0 0 0 0 0 0 0 0 8.04225259e-36 7.407963547e-32 7.869492792e-26 0.2807529091 1.072570846e-13 65.25244547 2.883612018e-21 5.361955512e-50 78.98831367 0 0 3924.32632 4.174295401 3777.160138 13.65992746 6.605106823e-05 0.09877477701 2.206390948e-18 3068.796692 0 1.137081681e-17 3.094528943 4.514216861e-13 1421.670059 3.657993889 0 8.709134562e-34 3260.425049 2003.286923 0 239.6969747 1604.864932 1.047933102e-23 1484.490956 0 0.1703802427 0 1027.147516 0.0003694746697 1.27872781e-15 2.071313432e-07 2.804607947e-39 7.226286436e-32 0 6.000186472e-30 0 0 0 1.332912095e-13 163.2538047 0 0 0 0 0 0 0 0 0 0 0 0 0 0 0 0 0 0 0 0 0 0 0 0 0 0 0 0 0 0 0 0 0 0 0 0 0 0 0 0 0 0 0 0 0 0 0 0 0 0 0 0 0 0 0 0 0 0 0 0 0 0 0 0 0 0 0 0 0 0 0 0 0 0 0 0 0 0 0 0 0 0 0 0 0 0 0 0 0 0 0 0 
0 0 0 0 0 0 0 0 0 0 0 0 0 0 0 0 0 0 0 0 0 0 0 0 0 0 0 0 0 0 0 0 0 0 0 0 0 0 0 0 0 0 0 0 0 0 0 0 0 0 0 0 0 0 0 0 0 0 0 0 0 0 0 0 0 0 0 0 0 0 0 0 0 0 0 0 0 0 0 0 0 0 0 0 0 0 0 0 0 0 0 1.936977684e-34 9.991010867e-14 0.3241528537 1.080272795e-06 2.180063675e-07 0 2.128917782e-10 5.002502939e-27 0 6.750010712e-33 0 0 1.937211291e-06 773.306742 0 0 80.15186347 0 0 3187.557817 5.838963301e-23 1.325099518e-14 6.069388396e-12 0 1508.106209 0 1.336071442e-43 2444.160431 0 3218.378071 5.402160596e-25 802.3628485 46.77114952 3021.525374 2194.329271 2.955987429 0 4.38805996e-38 2.586584641e-17 2491.527176 276.3439554 83.08243592 1.944515371e-33 0.01396562817 6.228806575e-16 0 0 3065.727026 0.1576177913 2181.459443 1961.849647 3.545694091e-20 2682.598028 0 7.043372918e-26 1192.037542 1.011898492e-38 0 1345.790494 0 1.508010013e-25 0 4.694759436e-07 0 7.883839778e-07 5.403447372e-41 726.3963477 0.4179696092 647.1150417 5.260901882e-33 0 0 0 0 0 0 0 0 0 0 0 0 0 0 0 0 0 0 0 0 0 0 0 0 0 0 0 0 0 0 0 0 0 0 0 0 0 0 0 0 0 0 0 0 0 0 0 0 0 0 0 0 0 0 0 0 0 0 0 0 0 0 0 0 0 0 0 0 0 0 0 0 0 0 0 0 0 0 0 0 0 0 0 0 0 0 0 0 0 0 0 0 0 0 0 
0 0 0 0 0 0 0 0 0 0 0 0 0 0 0 0 0 0 0 0 0 0 0 0 0 0 0 0 0 0 0 0 0 0 0 0 0 0 0 0 0 0 0 0 0 0 0 0 0 0 0 0 0 0 0 0 0 0 0 0 0 0 0 0 0 0 0 0 0 0 0 0 0 0 0 0 0 0 0 0 0 0 0 0 0 0 0 0 0 0 58.71601502 0 12.9515416 279.1714416 3.287651658e-27 2.609745145e-05 0.1287350249 400.8646308 0 317.1919923 656.3256759 0 1.133267618e-13 0 1.645878004e-05 0 0.007656170082 0 1152.972972 0 1.032393417e-35 1.652731694e-21 8.505681479e-39 1.473948387e-12 8.781705431e-34 2709.920345 1419.679683 124.3159876 1.691491644e-27 2988.114855 0 1783.778134 5.798930942e-18 3009.768797 0 3326.745 0 2.938877878e-16 1496.423651 462.5691524 1802.861575 0.006682306636 0 450.1289032 1881.241401 6.759097012e-09 7.143091509e-17 2846.484631 4.399400584e-18 6.117907612e-27 0 0.1276511049 1088.403389 38.17982463 0 0.0498230442 3.30344378e-21 0.002054972157 1.37774335e-42 1424.191118 150.5081256 5.92127488e-05 1219.674943 915.9031926 1113.250434 1.165175367e-32 5.586104891e-05 6.042834732e-10 5.178420009 618.677629 0 0 523.0088982 1.41100249e-19 0 0 0 0 0 0 0 0 0 0 0 0 0 0 0 0 0 0 0 0 0 0 0 0 0 0 0 0 0 0 0 0 0 0 0 0 0 0 0 0 0 0 0 0 0 0 0 0 0 0 0 0 0 0 0 0 0 0 0 0 0 0 0 0 0 0 0 0 0 0 0 0 0 0 0 0 0 0 0 0 0 0 0 0 0 0 0 0 0 0 0 0 
0 0 0 0 0 0 0 0 0 0 0 0 0 0 0 0 0 0 0 0 0 0 0 0 0 0 0 0 0 0 0 0 0 0 0 0 0 0 0 0 0 0 0 0 0 0 0 0 0 0 0 0 0 0 0 0 0 0 0 0 0 0 0 0 0 0 0 0 0 0 0 0 0 0 0 0 0 0 0 0 0 0 0 0 0 0 0 0 0 3.608867333e-19 2.705165596e-41 1.197407637e-35 0 1.603357273e-20 4.071047141e-16 284.4938305 295.1974622 0 1.69261235e-12 7.740573456e-10 197.5178546 80.39476219 1.428406138e-06 981.0110544 584.9069412 0 0 4.405150194e-05 0 78.32274398 1.609076939e-42 2179.051456 1.111592112e-18 2582.374853 7.92072696e-31 5.409099955e-25 5.934456336e-08 13.06101872 342.7252341 2960.785592 596.8334387 2.182216245e-29 3510.405206 309.288871 1.3901397e-19 0 3128.213746 1.376477281e-15 5727.84493 0.0956276646 1.194403634e-09 3725.048001 0 7.538631281e-09 4226.862534 5469.254477 2112.568788 0.3538814949 16.8520999 3.029873581e-11 2.837779668e-24 1676.556711 1534.672924 2962.681117 0 0.0001125304511 276.4333368 0.0003966466608 1922.539485 1.059660354e-31 1351.392361 1755.351011 1.250324614e-09 0 6.096315106e-35 1.231528348e-25 1051.262808 0 908.906755 3.629208382e-05 0 43.17943554 0 0 0 0 0 0 0 0 0 0 0 0 0 0 0 0 0 0 0 0 0 0 0 0 0 0 0 0 0 0 0 0 0 0 0 0 0 0 0 0 0 0 0 0 0 0 0 0 0 0 0 0 0 0 0 0 0 0 0 0 0 0 0 0 0 0 0 0 0 0 0 0 0 0 0 0 0 0 0 0 0 0 0 0 0 0 0 0 0 0 0 0 0 0 
0 0 0 0 0 0 0 0 0 0 0 0 0 0 0 0 0 0 0 0 0 0 0 0 0 0 0 0 0 0 0 0 0 0 0 0 0 0 0 0 0 0 0 0 0 0 0 0 0 0 0 0 0 0 0 0 0 0 0 0 0 0 0 0 0 0 0 0 0 0 0 0 0 0 0 0 0 0 0 0 0 0 0 0 0 0 0 0 0 5.162406106e-26 1.55753895e-23 3.295022374e-32 62.27343647 52.63035989 12.88131775 232.6989454 316.9620549 486.309263 208.7618508 2.346505202e-31 242.0736595 458.2031734 0 0 9.408219833e-51 0 0 0 0 0 0 1836.929542 0.9898619274 0 1.88421721e-37 765.9767109 0 0.08716201939 3364.362504 0.03771371414 4656.76414 0 3971.378186 832.5704933 0 2.438833156e-40 5581.893395 0 1.042987983e-24 1.863118478e-15 2362.474444 3350.401411 3332.555474 998.4331448 2.740581076e-13 3.2944033 4705.003688 6.036836064 3114.610077 2402.7888 65.08401228 1518.16812 2481.006393 759.84652 0.1532796182 879.3099222 4.687221317e-41 3.746407034e-17 1.028576579e-05 5.449797776e-42 0 899.3099763 7.901072117e-30 7.513917811e-29 1157.961718 1236.837282 1621.854633 1.588480046e-13 996.780216 0 3.356605134e-41 4.631760973e-34 0 1.433811051e-11 0 0 0 0 0 0 0 0 0 0 0 0 0 0 0 0 0 0 0 0 0 0 0 0 0 0 0 0 0 0 0 0 0 0 0 0 0 0 0 0 0 0 0 0 0 0 0 0 0 0 0 0 0 0 0 0 0 0 0 0 0 0 0 0 0 0 0 0 0 0 0 0 0 0 0 0 0 0 0 0 0 0 0 0 0 0 0 0 0 0 0 0 
0 0 0 0 0 0 0 0 0 0 0 0 0 0 0 0 0 0 0 0 0 0 0 0 0 0 0 0 0 0 0 0 0 0 0 0 0 0 0 0 0 0 0 0 0 0 0 0 0 0 0 0 0 0 0 0 0 0 0 0 0 0 0 0 0 0 0 0 0 0 0 0 0 0 0 0 0 0 0 0 0 0 0 0 0 0 0 0 0 0 0 152.7011464 107.4681417 218.0906208 3.002638754e-06 6.011565814e-42 2.443164485e-06 2.143969281e-05 4.223390916e-15 3.020459642e-18 312.1578088 437.2818161 1164.352149 1.921134639e-25 0 205.2337983 1.604651629e-10 0 0 3387.785194 0 0.06048320558 3.619767191e-26 4.701990408e-30 2.537113282e-34 0 9.098271428e-20 3992.614664 3847.288185 2060.364476 50.4661602 5.802328308e-10 3449.263398 5512.827545 3628.585915 1115.652535 2637.746637 7.196350027e-13 1.679496131e-35 925.7212766 2788.388023 61.4793518 569.0619052 36.57277949 5.069987244e-17 2.872525298e-15 5.064155491e-12 0.006276253692 1637.446148 4.841715943e-14 2844.483264 3056.557465 0.8454908658 8.974881615e-40 1.611655432 0 984.2758194 2759.947764 0 6.031231591e-17 1925.794671 1557.749204 600.9908957 1443.431612 3.592239868e-06 3.871319787e-17 0 2.857183449e-24 0 0.003324217715 1.308412213e-41 0 0 1.731219046 0 0 0 0 0 0 0 0 0 0 0 0 0 0 0 0 0 0 0 0 0 0 0 0 0 0 0 0 0 0 0 0 0 0 0 0 0 0 0 0 0 0 0 0 0 0 0 0 0 0 0 0 0 0 0 0 0 0 0 0 0 0 0 0 0 0 0 0 0 0 0 0 0 0 0 0 0 0 0 0 0 0 0 0 0 0 0 0 0 0 0 0 
0 0 0 0 0 0 0 0 0 0 0 0 0 0 0 0 0 0 0 0 0 0 0 0 0 0 0 0 0 0 0 0 0 0 0 0 0 0 0 0 0 0 0 0 0 0 0 0 0 0 0 0 0 0 0 0 0 0 0 0 0 0 0 0 0 0 0 0 0 0 0 0 0 0 0 0 0 0 0 0 0 0 0 0 0 0 0 0 50.11121719 0 7.050281704e-39 3.269507837e-16 0 2.533330852e-14 249.5160457 6.6551121e-32 244.8168022 67.46687454 200.3529262 0.7172433789 0 184.4801164 1091.978343 0 3.222241277e-06 0 7.780149329e-14 1954.463344 7.391711416e-32 0 0 4.879648714e-42 2712.281335 1240.680157 0 0 2922.367022 0 4430.809871 4.826153026e-08 3871.049731 7.702788517e-11 4.860876845e-23 3.223190631e-22 4352.216045 3253.266213 1.5983673e-11 0 7.466944462e-22 3004.259934 4.657336029e-06 2089.711495 0.0001050147285 0 2517.716976 1041.546911 3579.817542 3645.066949 0 2.08457128e-34 1979.176885 3595.506579 2.45498407e-08 2459.5301 3.895962497e-18 2496.657629 0 3.952456085e-09 1754.965888 0 1.513784981 0 1130.198306 970.7609334 1860.382989 0 0 17.47949541 0 696.1320112 0 1.521140298e-30 0 0 0 0 0 0 0 0 0 0 0 0 0 0 0 0 0 0 0 0 0 0 0 0 0 0 0 0 0 0 0 0 0 0 0 0 0 0 0 0 0 0 0 0 0 0 0 0 0 0 0 0 0 0 0 0 0 0 0 0 0 0 0 0 0 0 0 0 0 0 0 0 0 0 0 0 0 0 0 0 0 0 0 0 0 0 0 0 0 0 0 0 0 0 
0 0 0 0 0 0 0 0 0 0 0 0 0 0 0 0 0 0 0 0 0 0 0 0 0 0 0 0 0 0 0 0 0 0 0 0 0 0 0 0 0 0 0 0 0 0 0 0 0 0 0 0 0 0 0 0 0 0 0 0 0 0 0 0 0 0 0 0 0 0 0 0 0 0 0 0 0 0 0 0 0 0 0 0 0 0 0 0 5.246122759e-05 98.74386569 0 0 1.263277794e-41 83.47695899 9.756851474e-11 218.1342928 5.761233834e-32 5.10630546e-42 0 879.4435403 3.264152105e-05 551.8180927 6.825408935e-16 0 0.2348874821 1.265068663e-22 0 0 0 0 0 0 3.464495756e-15 8.934764434e-08 0 1.307629963e-10 3840.243412 2842.857554 3.67988557e-19 3047.681961 5239.509657 2.536181672e-21 3.466998828e-17 5.368360992 627.0424631 0 0 6813.304157 1177.185118 3659.243906 2179.469655 2647.108039 285.6415082 4.919524985e-27 1.066348444e-19 2424.851924 4458.342992 187.7965166 4807.106083 2786.592059 9.284328112e-22 1682.771682 2527.963656 1058.222807 4.939178631e-15 6.476703867 0 659.8197042 1333.64899 878.6849803 1555.307277 7.34854146e-38 0.001822582953 0 1767.293063 0.02450389648 17.53375884 1685.946463 0 1326.153026 884.9925086 0.02418892443 0 0 0 0 0 0 0 0 0 0 0 0 0 0 0 0 0 0 0 0 0 0 0 0 0 0 0 0 0 0 0 0 0 0 0 0 0 0 0 0 0 0 0 0 0 0 0 0 0 0 0 0 0 0 0 0 0 0 0 0 0 0 0 0 0 0 0 0 0 0 0 0 0 0 0 0 0 0 0 0 0 0 0 0 0 0 0 0 0 0 0 0 0 0 
0 0 0 0 0 0 0 0 0 0 0 0 0 0 0 0 0 0 0 0 0 0 0 0 0 0 0 0 0 0 0 0 0 0 0 0 0 0 0 0 0 0 0 0 0 0 0 0 0 0 0 0 0 0 0 0 0 0 0 0 0 0 0 0 0 0 0 0 0 0 0 0 0 0 0 0 0 0 0 0 0 0 0 0 0 0 0 0 0 20.39344391 4.695067797e-06 3.111291442e-11 62.22319591 323.5682396 0 176.118275 6.204417782 259.2674391 3.052149513 122.4465124 0.0005899636227 1.436971336e-32 1034.733608 0 779.3991889 0 0 0 0 0 1395.695674 0 9.769674178e-21 2310.202442 0 727.4311709 2894.684613 0 2.050461466e-11 5105.009592 4922.380622 3603.612423 1.833086083e-19 872.6387428 4.729880562e-29 4964.668778 4112.089378 3710.275889 1953.029423 2.25807332e-06 7.57585022e-12 4777.661436 3182.456961 2538.562902 5415.05918 3.534185542e-29 2710.273054 5.404873836e-05 2510.921095 4509.848457 3949.1503 772.3673309 3.459834546e-26 2560.75744 2115.362869 974.1391891 1790.775209 131.6757277 0 1625.766847 253.5121625 1328.246278 0 1.00486638e-35 160.5455516 0 0 1708.612649 8.747581615e-16 0 0 1.274322593e-31 8.290395525e-21 328.4991353 0 0 0 0 0 0 0 0 0 0 0 0 0 0 0 0 0 0 0 0 0 0 0 0 0 0 0 0 0 0 0 0 0 0 0 0 0 0 0 0 0 0 0 0 0 0 0 0 0 0 0 0 0 0 0 0 0 0 0 0 0 0 0 0 0 0 0 0 0 0 0 0 0 0 0 0 0 0 0 0 0 0 0 0 0 0 0 0 0 0 0 0 
0 0 0 0 0 0 0 0 0 0 0 0 0 0 0 0 0 0 0 0 0 0 0 0 0 0 0 0 0 0 0 0 0 0 0 0 0 0 0 0 0 0 0 0 0 0 0 0 0 0 0 0 0 0 0 0 0 0 0 0 0 0 0 0 0 0 0 0 0 0 0 0 0 0 0 0 0 0 0 0 0 0 0 0 0 0 0 0 60.95045495 0 0.01585327318 1.033016805e-36 0 64.33139407 3.921290382e-22 247.6683318 0 3.329785508 10.51912769 0 660.3618361 592.5454191 142.0064081 994.3591119 2.261177993e-10 1.66059501e-17 110.2932786 2951.919419 742.7144695 0 0 1.424960238e-07 0 8.99662228e-20 9.400893134e-10 2803.114416 9.527364086e-18 8.913295713e-21 3465.182233 2.582439158e-16 3.578580139e-37 4103.171253 2378.702129 1.181755327e-09 5856.935677 0.2412698677 3.457219564e-18 0.1374398521 5389.106711 1.977820368e-10 0 0.001176778298 5746.599723 3939.234416 4909.056589 3642.936266 683.5860952 6.5209394e-34 3170.097991 2045.813912 2108.804415 4.033823985e-06 2019.909141 0 3.863744365e-15 1968.554674 0.002739781373 0 1512.405982 1824.276637 1749.707938 1151.588636 2055.710243 1.457976485e-41 1740.757722 90.86976076 875.3623157 1030.108965 1018.147578 0.004028179115 740.7092149 854.4470926 0 0 0 0 0 0 0 0 0 0 0 0 0 0 0 0 0 0 0 0 0 0 0 0 0 0 0 0 0 0 0 0 0 0 0 0 0 0 0 0 0 0 0 0 0 0 0 0 0 0 0 0 0 0 0 0 0 0 0 0 0 0 0 0 0 0 0 0 0 0 0 0 0 0 0 0 0 0 0 0 0 0 0 0 0 0 0 0 0 0 0 0 0 0 
0 0 0 0 0 0 0 0 0 0 0 0 0 0 0 0 0 0 0 0 0 0 0 0 0 0 0 0 0 0 0 0 0 0 0 0 0 0 0 0 0 0 0 0 0 0 0 0 0 0 0 0 0 0 0 0 0 0 0 0 0 0 0 0 0 0 0 0 0 0 0 0 0 0 0 0 0 0 0 0 0 0 0 0 0 0 0 0 0.002286190678 0 0 0.0683121677 0 253.1172745 8.472042285e-20 242.7696586 2.087812839e-48 676.7628958 606.771357 2.947422354e-06 790.2578682 0 0 5.547316613e-26 823.0584588 0 0 2310.6782 1436.258925 0 0 0 4.623949891 3.006080695e-29 0 6.627903747e-34 3749.758604 2521.636084 3563.685238 4003.842707 4498.533788 3614.245885 5187.378949 1.126619365e-05 88.27040824 2.683278046e-16 4990.019068 2.78146494e-19 117.5664233 9.003780853e-05 5902.538738 3700.241977 326.5321689 6.784321185e-06 0 3087.846042 2.368124279e-17 3352.002243 1.016123374e-20 1.177995977e-22 1520.983685 1.796313906e-29 3425.856542 9.263519063 1.14470369e-27 657.5090219 0.01374277261 0 2.534846816e-35 5.90300673e-20 0 1410.897124 1.486385889e-32 0 7.20088166e-17 508.6764465 1753.440862 0 0 0 0 758.6317638 1.272481247e-11 0 0 0 0 0 0 0 0 0 0 0 0 0 0 0 0 0 0 0 0 0 0 0 0 0 0 0 0 0 0 0 0 0 0 0 0 0 0 0 0 0 0 0 0 0 0 0 0 0 0 0 0 0 0 0 0 0 0 0 0 0 0 0 0 0 0 0 0 0 0 0 0 0 0 0 0 0 0 0 0 0 0 0 0 0 0 0 0 0 0 0 0 0 
0 0 0 0 0 0 0 0 0 0 0 0 0 0 0 0 0 0 0 0 0 0 0 0 0 0 0 0 0 0 0 0 0 0 0 0 0 0 0 0 0 0 0 0 0 0 0 0 0 0 0 0 0 0 0 0 0 0 0 0 0 0 0 0 0 0 0 0 0 0 0 0 0 0 0 0 0 0 0 0 0 0 0 0 0 0 0 0 0 0 0 1.602796488e-06 413.6073975 110.8513385 8.848453381e-16 402.9212603 0.01217093295 812.41575 2.812429626e-06 675.5113293 0 825.3076642 5.280594772e-32 7.125863146 0 0 808.6528609 1151.960616 0 0 0 1446.311636 0.02199694147 0 0 6.819733622e-12 0 0 1536.384172 0 3276.487117 5301.92624 2893.576352 216.4828431 4.872124711e-25 6704.980057 4000.008853 1963.766926 8329.961775 2684.322042 4455.322726 5030.575347 3566.554451 0.007514907924 3.941427278e-15 4076.9493 1868.938053 1.419002583e-19 0 3359.974443 0 3749.598081 4094.424574 1.251858426e-25 4007.686101 0 1485.045633 1398.325117 2560.74944 3.865871411e-22 0 0 6.213990059e-05 3.916456107e-22 3.220650503e-13 1891.812797 1516.652847 1071.87565 1.989078663e-20 0 0 243.941447 1.139717695e-21 0 0 0 0 0 0 0 0 0 0 0 0 0 0 0 0 0 0 0 0 0 0 0 0 0 0 0 0 0 0 0 0 0 0 0 0 0 0 0 0 0 0 0 0 0 0 0 0 0 0 0 0 0 0 0 0 0 0 0 0 0 0 0 0 0 0 0 0 0 0 0 0 0 0 0 0 0 0 0 0 0 0 0 0 0 0 0 0 0 0 0 0 0 
0 0 0 0 0 0 0 0 0 0 0 0 0 0 0 0 0 0 0 0 0 0 0 0 0 0 0 0 0 0 0 0 0 0 0 0 0 0 0 0 0 0 0 0 0 0 0 0 0 0 0 0 0 0 0 0 0 0 0 0 0 0 0 0 0 0 0 0 0 0 0 0 0 0 0 0 0 0 0 0 0 0 0 0 0 0 0 0 0 0 2.759999672e-31 77.74829164 0.01135336083 0 358.1187266 0.0109844604 0 586.0148546 6.078941456e-18 0 1329.232115 560.9251096 1762.56158 111.4079891 0 0 0 7.137531855e-25 0 292.8851493 0 0 0.03264201151 4558.57559 0 194.5623605 4367.948215 3305.956542 5993.640909 4685.071144 2004.023732 4543.306519 4110.373276 1895.310433 7.064259739e-06 3.780493946e-24 3610.529638 7760.789059 4475.889741 6237.845744 8377.6795 0.002266772268 6310.128045 3940.353519 5871.047018 5249.580956 2875.747681 5802.429087 0.09434041221 2966.347733 486.1411348 4296.515305 3550.978465 0 3237.98272 3328.817428 1388.589789 0.005148405824 0 1037.525251 1635.199392 1354.109871 2237.387669 1297.399955 1.119164736e-32 1897.69255 1171.836584 0 1341.758393 1.138332287e-05 0 318.0847181 0 280.8368544 0 0 0 0 0 0 0 0 0 0 0 0 0 0 0 0 0 0 0 0 0 0 0 0 0 0 0 0 0 0 0 0 0 0 0 0 0 0 0 0 0 0 0 0 0 0 0 0 0 0 0 0 0 0 0 0 0 0 0 0 0 0 0 0 0 0 0 0 0 0 0 0 0 0 0 0 0 0 0 0 0 0 0 0 0 0 0 0 0 0 0 0 
0 0 0 0 0 0 0 0 0 0 0 0 0 0 0 0 0 0 0 0 0 0 0 0 0 0 0 0 0 0 0 0 0 0 0 0 0 0 0 0 0 0 0 0 0 0 0 0 0 0 0 0 0 0 0 0 0 0 0 0 0 0 0 0 0 0 0 0 0 0 0 0 0 0 0 0 0 0 0 0 0 0 0 0 0 0 0 0 0.001330339618 0 304.2400064 0 0 402.9570214 351.6521924 249.3069302 481.326519 1.145796697e-11 693.3045793 666.4751948 835.1499117 1285.937039 5.935460409e-13 0 1301.862361 0 3.445826415e-22 0 0 4164.428954 0 4297.37419 2.912971017e-26 0 3462.287187 0 4754.634518 3970.253284 0.0007731889393 4736.667739 5098.34181 4796.736393 1.061894067e-10 1624.028137 2.21005097e-11 0.03981186455 34.15823145 3716.429209 3.017349014e-10 0 4335.978887 6.862666752 4717.728906 3.300774283e-19 7146.744271 3.480124232e-05 1579.394969 4430.901341 1.053807632e-23 2263.222409 6538.997832 3839.958242 2559.216534 1616.148108 2291.108254 2979.072754 1.110331751e-24 2.528345688e-09 3092.898265 3338.976043 5.487888951 1.613259336e-07 2435.026552 864.9110297 2309.395659 0 2219.684577 0 0.002840102106 1.978824375e-31 2.212652598e-15 0.09533435154 0 0 0 0 0 0 0 0 0 0 0 0 0 0 0 0 0 0 0 0 0 0 0 0 0 0 0 0 0 0 0 0 0 0 0 0 0 0 0 0 0 0 0 0 0 0 0 0 0 0 0 0 0 0 0 0 0 0 0 0 0 0 0 0 0 0 0 0 0 0 0 0 0 0 0 0 0 0 0 0 0 0 0 0 0 0 0 0 0 0 0 0 0 0 
0 0 0 0 0 0 0 0 0 0 0 0 0 0 0 0 0 0 0 0 0 0 0 0 0 0 0 0 0 0 0 0 0 0 0 0 0 0 0 0 0 0 0 0 0 0 0 0 0 0 0 0 0 0 0 0 0 0 0 0 0 0 0 0 0 0 0 0 0 0 0 0 0 0 0 0 0 0 0 0 0 0 0 0 0 0 0 54.11315651 2.922671115 0 0.02284811352 58.9359039 391.5656611 182.8890636 204.5565268 0.007011968964 475.5814909 0 1.492103928e-13 960.6256381 918.6590669 862.8196624 1330.084645 1314.582803 1744.554387 2246.870732 2.678204928e-16 965.5054109 2434.896797 1.30982756 0.01350042291 0 0 0 1.243832732e-18 3900.896798 6926.324041 2966.427123 5706.153276 0 7057.109777 6412.703068 0.0001259704808 2416.243406 4403.156284 9564.951944 6594.985316 6131.998916 3693.495718 171.3055738 2873.013259 3636.16935 5045.862491 3824.968697 5636.055257 1404.071502 4746.913908 4820.314104 5.845500898e-05 611.4560178 3621.317554 475.8389919 3256.945869 3145.98235 0 0 1649.629777 335.5642586 2614.896906 115.8434056 2717.363574 3126.961937 1466.013694 1902.695516 3502.626507 1534.851498 1401.68849 1616.484233 1272.862748 0 2.667992482e-16 649.2332867 1139.257559 0 0 0 0 0 0 0 0 0 0 0 0 0 0 0 0 0 0 0 0 0 0 0 0 0 0 0 0 0 0 0 0 0 0 0 0 0 0 0 0 0 0 0 0 0 0 0 0 0 0 0 0 0 0 0 0 0 0 0 0 0 0 0 0 0 0 0 0 0 0 0 0 0 0 0 0 0 0 0 0 0 0 0 0 0 0 0 0 0 0 0 0 0 
0 0 0 0 0 0 0 0 0 0 0 0 0 0 0 0 0 0 0 0 0 0 0 0 0 0 0 0 0 0 0 0 0 0 0 0 0 0 0 0 0 0 0 0 0 0 0 0 0 0 0 0 0 0 0 0 0 0 0 0 0 0 0 0 0 0 0 0 0 0 0 0 0 0 0 0 0 0 0 0 0 0 0 0 0 0 0 0 0 61.48949414 47.31259513 0 285.04293 367.3741435 1.934271889e-25 0 594.1343999 800.2595921 4.693400792e-19 0 1100.599793 1321.964652 1.985064985e-17 7.66870764e-08 897.9985927 0 0 2.236942104e-29 2948.771415 0 0 0 3796.698752 4099.741988 3.746956284e-11 0.0003674321524 4.002390774e-17 1373.461895 4932.997532 4900.979997 4155.872566 3196.697624 2141.732841 5314.54022 2661.168895 3.586758859e-29 3.200052944e-07 2822.290557 4894.107172 5346.92523 6273.927118 8558.931544 7982.83912 6571.311162 0.7659813362 6423.624624 4967.15175 5323.484401 4312.01283 0 3.192795015e-17 2643.362783 1.198989514e-11 3675.521618 4781.98684 1.750535897e-10 1869.078186 1461.568387 0.118600837 0 2090.642131 2605.387252 2393.507049 1855.814506 944.4980004 1570.409167 1726.42526 1304.908549 1135.994167 1628.730665 483.194853 2.214361717e-06 689.6805247 0 0 0 0 0 0 0 0 0 0 0 0 0 0 0 0 0 0 0 0 0 0 0 0 0 0 0 0 0 0 0 0 0 0 0 0 0 0 0 0 0 0 0 0 0 0 0 0 0 0 0 0 0 0 0 0 0 0 0 0 0 0 0 0 0 0 0 0 0 0 0 0 0 0 0 0 0 0 0 0 0 0 0 0 0 0 0 0 0 0 0 0 0 
0 0 0 0 0 0 0 0 0 0 0 0 0 0 0 0 0 0 0 0 0 0 0 0 0 0 0 0 0 0 0 0 0 0 0 0 0 0 0 0 0 0 0 0 0 0 0 0 0 0 0 0 0 0 0 0 0 0 0 0 0 0 0 0 0 0 0 0 0 0 0 0 0 0 0 0 0 0 0 0 0 0 0 0 0 0 0 0 0 0 103.8495864 188.3937704 0 2.82088622e-11 0 445.8729348 3.057901258e-06 1.013650132e-06 323.3775111 1276.50914 4.256870348e-20 644.2909533 783.2616655 415.1381439 3.206075622e-18 3522.98175 2581.706424 2508.368953 2745.691183 0.002745555221 3174.530513 1.454918673 3967.92628 1604.217953 4090.057763 1.165102286e-13 2587.122528 9.350398897e-07 3371.688808 2585.891201 9.211153353 7707.43864 3630.080128 0 4459.489732 5909.222116 8176.530119 4112.636463 0 8113.179904 1221.960966 1.575677575e-08 5964.107493 7053.541866 4345.057252 5903.029192 4779.324671 4613.656182 3471.732077 6692.196691 4709.446749 4344.529677 2868.820023 4749.126852 1.165741016e-15 3431.636595 2340.13674 4515.092489 3022.432832 959.9999383 1870.038887 2024.330051 2357.887326 2744.400114 1689.741187 845.8985141 674.7515472 0.0055392491 1939.493834 1876.045541 7.116121282e-09 0 1113.130923 0 0 0 0 0 0 0 0 0 0 0 0 0 0 0 0 0 0 0 0 0 0 0 0 0 0 0 0 0 0 0 0 0 0 0 0 0 0 0 0 0 0 0 0 0 0 0 0 0 0 0 0 0 0 0 0 0 0 0 0 0 0 0 0 0 0 0 0 0 0 0 0 0 0 0 0 0 0 0 0 0 0 0 0 0 0 0 0 0 0 0 0 0 
0 0 0 0 0 0 0 0 0 0 0 0 0 0 0 0 0 0 0 0 0 0 0 0 0 0 0 0 0 0 0 0 0 0 0 0 0 0 0 0 0 0 0 0 0 0 0 0 0 0 0 0 0 0 0 0 0 0 0 0 0 0 0 0 0 0 0 0 0 0 0 0 0 0 0 0 0 0 0 0 0 0 0 0 0 0 0 0 0 19.07505092 164.5050684 136.0462481 407.2829244 1.469848137e-19 443.6320931 0 489.706106 713.40599 1169.802567 1165.285005 569.0760833 607.4358377 1063.874592 0 0 0 1815.642422 0 0.0007160879047 3766.417335 0 4087.09511 4862.776317 1.996572519e-08 1.229872247e-28 2784.286699 4985.536371 5145.631385 7404.719666 8111.922513 8552.408564 10517.91189 4544.460052 0.009167416329 2565.212173 7722.263035 7365.578509 5728.658541 246.5004183 6651.064433 5777.213802 7752.781681 6366.998511 3.633012767e-12 5999.693399 3378.160272 7199.162723 7938.503915 5079.846755 6010.191467 2947.397582 3181.318449 5334.892489 4895.56165 2246.34261 5616.696816 1939.970176 1818.031386 2865.213108 1.10703787e-08 2847.903679 1.248220492e-27 24.02085886 2996.57097 3167.940709 10.32941204 1716.437108 2117.579431 1180.051243 0 692.8663359 0 3.5442501 0 0 0 0 0 0 0 0 0 0 0 0 0 0 0 0 0 0 0 0 0 0 0 0 0 0 0 0 0 0 0 0 0 0 0 0 0 0 0 0 0 0 0 0 0 0 0 0 0 0 0 0 0 0 0 0 0 0 0 0 0 0 0 0 0 0 0 0 0 0 0 0 0 0 0 0 0 0 0 0 0 0 0 0 0 0 0 0 0 0 0 0 0 
0 0 0 0 0 0 0 0 0 0 0 0 0 0 0 0 0 0 0 0 0 0 0 0 0 0 0 0 0 0 0 0 0 0 0 0 0 0 0 0 0 0 0 0 0 0 0 0 0 0 0 0 0 0 0 0 0 0 0 0 0 0 0 0 0 0 0 0 0 0 0 0 0 0 0 0 0 0 0 0 0 0 0 0 0 0 0 0 0 0 315.7641491 0.201165481 2.185981224e-05 513.9776576 48.81037798 12.27502609 743.3407972 604.9587405 964.2438882 1315.697766 444.4012985 1217.896267 1632.875828 461.0930323 0 0.001910340446 1181.054154 0 0 3185.912779 0 4315.204592 2910.483409 2731.564564 0 0 5450.473103 8009.388096 7286.836241 4835.337482 4730.615301 1792.154302 6217.826146 7561.281314 4798.67577 6703.378723 6579.976531 5916.070293 4752.607149 1979.146905 6674.798721 2276.157046 3807.540317 3773.552706 8061.022931 6735.122991 6153.730436 2870.151745 6777.339608 4973.634979 4224.401787 3677.534577 5030.057394 3499.243535 2815.305493 2608.417556 3670.382531 644.6065431 2.977841157e-08 3447.586291 0 3.405813554e-11 2408.292251 1.199779974 2366.850368 2288.144064 1213.47549 1067.901117 891.0671673 1343.231791 0.0003841585663 0.008574719719 0 1050.805573 0 0 0 0 0 0 0 0 0 0 0 0 0 0 0 0 0 0 0 0 0 0 0 0 0 0 0 0 0 0 0 0 0 0 0 0 0 0 0 0 0 0 0 0 0 0 0 0 0 0 0 0 0 0 0 0 0 0 0 0 0 0 0 0 0 0 0 0 0 0 0 0 0 0 0 0 0 0 0 0 0 0 0 0 0 0 0 0 0 0 0 0 
0 0 0 0 0 0 0 0 0 0 0 0 0 0 0 0 0 0 0 0 0 0 0 0 0 0 0 0 0 0 0 0 0 0 0 0 0 0 0 0 0 0 0 0 0 0 0 0 0 0 0 0 0 0 0 0 0 0 0 0 0 0 0 0 0 0 0 0 0 0 0 0 0 0 0 0 0 0 0 0 0 0 0 0 0 0 0 0 31.2968814 108.5003778 325.3857458 234.2065675 324.7721963 471.9151662 519.6128446 462.9450579 79.89998226 755.40594 791.2659562 1361.436633 1344.825661 1396.283943 0 0 0 1467.431706 663.1953013 4.894625479e-14 536.7066279 25.70122122 1852.357969 4243.434323 0 0 5440.103813 5422.721579 2024.703063 4981.001586 5660.046727 6748.924466 5203.528801 8986.43197 4783.106981 3309.121245 1.035356129e-19 9084.55483 4237.000809 7038.627406 8050.49768 8816.265999 4482.04935 7312.709734 3840.877579 5147.554167 0 3072.479598 3783.606616 10067.3052 0 8013.461117 3861.649306 8230.665235 3762.567326 0 2.665759113e-06 2.917891155e-11 3650.682731 1877.1241 2111.383606 4.378407598e-11 3329.241474 3223.729802 4572.945677 2244.283907 1995.027044 0 4.370365419e-13 1770.042116 0 364.8861317 0.5470371895 0 839.3899955 0 0 0 0 0 0 0 0 0 0 0 0 0 0 0 0 0 0 0 0 0 0 0 0 0 0 0 0 0 0 0 0 0 0 0 0 0 0 0 0 0 0 0 0 0 0 0 0 0 0 0 0 0 0 0 0 0 0 0 0 0 0 0 0 0 0 0 0 0 0 0 0 0 0 0 0 0 0 0 0 0 0 0 0 0 0 0 0 0 0 0 0 0 
0 0 0 0 0 0 0 0 0 0 0 0 0 0 0 0 0 0 0 0 0 0 0 0 0 0 0 0 0 0 0 0 0 0 0 0 0 0 0 0 0 0 0 0 0 0 0 0 0 0 0 0 0 0 0 0 0 0 0 0 0 0 0 0 0 0 0 0 0 0 0 0 0 0 0 0 0 0 0 0 0 0 0 0 0 0 0 0 0 0 0 0 4.171661794 313.782045 9.007826454e-05 281.4288962 7.040319807e-08 1125.018459 800.9610709 958.6023755 1378.920482 688.7216485 1828.797051 1399.408578 0 0 0 0 0 0 4425.160941 5.034197735e-19 3713.25229 7170.030362 3802.853976 0 2088.284167 3465.946628 4535.74126 8976.003892 7317.013388 10349.61206 5142.038551 3378.278289 3980.042226 5931.984825 12050.17305 9722.443006 6628.877625 11202.85618 6446.845466 1.867158432 5244.777209 3978.404135 8906.565042 4769.388489 1159.235653 7655.722945 6414.703155 7521.409366 4392.526688 4705.675391 3894.909495 4969.273601 2335.601518 5217.616217 3981.579153 2515.688835 1498.568536 4267.951836 3705.825179 5882.269428 3666.879035 1759.002037 1365.80385 2037.716718 0 1940.751265 0 880.9902719 1870.860793 0 0 0 0 0 0 0 0 0 0 0 0 0 0 0 0 0 0 0 0 0 0 0 0 0 0 0 0 0 0 0 0 0 0 0 0 0 0 0 0 0 0 0 0 0 0 0 0 0 0 0 0 0 0 0 0 0 0 0 0 0 0 0 0 0 0 0 0 0 0 0 0 0 0 0 0 0 0 0 0 0 0 0 0 0 0 0 0 0 0 0 0 0 0 0 
0 0 0 0 0 0 0 0 0 0 0 0 0 0 0 0 0 0 0 0 0 0 0 0 0 0 0 0 0 0 0 0 0 0 0 0 0 0 0 0 0 0 0 0 0 0 0 0 0 0 0 0 0 0 0 0 0 0 0 0 0 0 0 0 0 0 0 0 0 0 0 0 0 0 0 0 0 0 0 0 0 0 0 0 0 0 0 0 0 0 215.4617449 460.7157703 170.3705529 632.8778932 239.388638 1121.619386 353.8819494 445.583354 565.6428513 1732.173849 1171.208449 0 669.0374276 1244.036952 0 2321.239263 0 0 0 2688.718747 0 6278.51254 6128.062562 2608.81758 1.215746881e-08 3399.532888 5840.447172 5048.64906 6957.818351 9144.009512 9936.694779 89.6114946 8090.390814 7989.313139 8249.075199 11395.29889 9480.499935 7122.748778 5868.556092 5126.148229 8158.523291 10000.66694 5475.89925 8405.673597 0.5223913938 10832.26759 4.116249795e-05 4967.411264 7136.629499 3848.695369 4992.960108 5221.248026 2298.022168 4070.884917 6.138921965 0.005996277849 2879.438602 2686.637737 3595.522885 2807.21096 2946.500276 5479.274785 2158.64734 2841.113113 2115.095003 1705.147541 1999.209683 2585.396244 767.8750445 1138.838863 0 0 8.975125883e-26 0 0 0 0 0 0 0 0 0 0 0 0 0 0 0 0 0 0 0 0 0 0 0 0 0 0 0 0 0 0 0 0 0 0 0 0 0 0 0 0 0 0 0 0 0 0 0 0 0 0 0 0 0 0 0 0 0 0 0 0 0 0 0 0 0 0 0 0 0 0 0 0 0 0 0 0 0 0 0 0 0 0 0 0 0 0 0 0 0 0 0 0 0 
0 0 0 0 0 0 0 0 0 0 0 0 0 0 0 0 0 0 0 0 0 0 0 0 0 0 0 0 0 0 0 0 0 0 0 0 0 0 0 0 0 0 0 0 0 0 0 0 0 0 0 0 0 0 0 0 0 0 0 0 0 0 0 0 0 0 0 0 0 0 0 0 0 0 0 0 0 0 0 0 0 0 0 0 0 0 0 0 0 133.0254406 85.79599427 0 0 661.1648207 1.877256619e-10 1033.087849 846.6262509 1011.991899 1748.520626 197.170727 1268.358413 1144.571312 1600.537723 0 2685.241089 2392.164572 3891.313063 0 0 0.4552503703 3820.19414 0 0 3930.121575 6857.048996 7610.69571 786.317601 6309.358851 9012.672352 10026.64484 6750.856053 10649.36018 10240.644 11609.05132 11450.12906 4500.789869 12884.37971 4835.473373 12051.12985 11464.41195 6837.510791 3946.848481 10510.10705 6158.709611 7789.845918 9013.756989 7943.317246 12204.96531 6440.107882 6432.741541 4526.728372 3418.490492 8057.887396 0 0 3345.299482 4134.4567 4559.195602 3101.237855 2873.809434 3597.863845 1921.673846 2202.480257 3676.496454 3231.600375 1324.143832 2140.657615 1603.607915 1129.882848 341.6998914 0 0 0 0 0 0 0 0 0 0 0 0 0 0 0 0 0 0 0 0 0 0 0 0 0 0 0 0 0 0 0 0 0 0 0 0 0 0 0 0 0 0 0 0 0 0 0 0 0 0 0 0 0 0 0 0 0 0 0 0 0 0 0 0 0 0 0 0 0 0 0 0 0 0 0 0 0 0 0 0 0 0 0 0 0 0 0 0 0 0 0 0 0 0 0 0 
0 0 0 0 0 0 0 0 0 0 0 0 0 0 0 0 0 0 0 0 0 0 0 0 0 0 0 0 0 0 0 0 0 0 0 0 0 0 0 0 0 0 0 0 0 0 0 0 0 0 0 0 0 0 0 0 0 0 0 0 0 0 0 0 0 0 0 0 0 0 0 0 0 0 0 0 0 0 0 0 0 0 0 0 0 0 0 9.341919223e-08 125.7509797 198.0643095 0 271.5367757 224.9619529 332.9745382 561.5280806 703.9540376 0 55.83612136 1641.57529 1173.049201 1832.31073 621.1450986 1612.115284 2126.683916 0 2006.735308 2633.664116 2539.481186 0 0 4580.64968 0 5954.894304 5217.53475 3519.099464 6589.221285 4827.119465 5741.214238 0 6331.510961 4990.20854 6076.132828 6405.520877 10640.71465 10104.59371 7068.684324 10183.21036 9407.034416 11629.73537 7321.541658 8995.452661 5432.024801 14127.72696 8394.146588 5922.92969 7550.298868 3686.317617 0 6675.58752 7916.01835 10365.88953 3446.822477 4494.91651 5722.608892 5456.990128 4000.634704 4370.775458 3314.941898 3062.611042 5340.163563 2112.530467 2404.226734 3806.320281 0 1752.199681 2939.031804 1881.916134 2998.602052 0 2012.905755 2386.954192 0 0 0 0 0 0 0 0 0 0 0 0 0 0 0 0 0 0 0 0 0 0 0 0 0 0 0 0 0 0 0 0 0 0 0 0 0 0 0 0 0 0 0 0 0 0 0 0 0 0 0 0 0 0 0 0 0 0 0 0 0 0 0 0 0 0 0 0 0 0 0 0 0 0 0 0 0 0 0 0 0 0 0 0 0 0 0 0 0 0 0 0 0 0 0 
0 0 0 0 0 0 0 0 0 0 0 0 0 0 0 0 0 0 0 0 0 0 0 0 0 0 0 0 0 0 0 0 0 0 0 0 0 0 0 0 0 0 0 0 0 0 0 0 0 0 0 0 0 0 0 0 0 0 0 0 0 0 0 0 0 0 0 0 0 0 0 0 0 0 0 0 0 0 0 0 0 0 0 0 0 0 0 0 0 0 233.7801109 291.0871551 216.2457904 0 320.1220584 803.7423193 614.8057736 662.4362968 1355.22607 0 925.2193481 0 1878.915499 0 2846.358157 0 0 0 2319.905257 0 0 4342.442872 7142.715447 4340.701467 5869.068622 3250.860821 10277.88541 6084.473938 4310.935732 6677.22904 13474.75303 0 9665.077878 11181.18203 5239.856115 0 9029.250803 6047.422744 6384.502904 7781.576859 12489.37746 8613.674312 6217.200808 6018.332997 3002.14518 10878.42447 8152.119724 7919.806412 7910.366933 8522.831587 6435.109348 367.1929978 7281.366761 5384.958088 7089.643825 3576.818343 4035.926676 3059.032313 1.673691147e-07 1315.0607 0 5685.614711 3348.883751 0 2995.983178 2475.185597 1710.462902 1007.530289 0 924.6773675 1.420508109e-07 774.8583616 1.565471735e-09 0 0 0 0 0 0 0 0 0 0 0 0 0 0 0 0 0 0 0 0 0 0 0 0 0 0 0 0 0 0 0 0 0 0 0 0 0 0 0 0 0 0 0 0 0 0 0 0 0 0 0 0 0 0 0 0 0 0 0 0 0 0 0 0 0 0 0 0 0 0 0 0 0 0 0 0 0 0 0 0 0 0 0 0 0 0 0 0 0 0 0 0 0 
0 0 0 0 0 0 0 0 0 0 0 0 0 0 0 0 0 0 0 0 0 0 0 0 0 0 0 0 0 0 0 0 0 0 0 0 0 0 0 0 0 0 0 0 0 0 0 0 0 0 0 0 0 0 0 0 0 0 0 0 0 0 0 0 0 0 0 0 0 0 0 0 0 0 0 0 0 0 0 0 0 0 0 0 0 0 0 29.72102655 0 0 0 0 409.0807269 667.423627 227.3146682 624.3262751 0 1401.990661 1812.269673 1133.621192 1147.485213 1160.861583 2091.442533 1177.820119 1245.042772 1926.791511 0 2884.592487 3812.493623 0 0 0 0 7333.517262 3307.60653 31.51639422 7590.314748 5561.311355 7771.860284 9085.009568 10504.95549 12409.09746 10234.75132 10586.62223 12579.46125 12080.95531 0 6775.102159 6185.738072 14700.49724 11067.03325 9974.548505 6187.880768 6185.381863 7730.049475 9752.116126 7576.448654 7952.008262 4389.900778 9082.310542 7656.552994 8229.621679 6747.057294 5404.792541 6070.516607 0 4683.074202 3917.771647 144.354896 0 3913.180293 3107.200477 4118.098663 622.340599 0 0 1567.449959 1357.961162 0 1062.665006 766.7360309 664.1033303 0 0 0 0 0 0 0 0 0 0 0 0 0 0 0 0 0 0 0 0 0 0 0 0 0 0 0 0 0 0 0 0 0 0 0 0 0 0 0 0 0 0 0 0 0 0 0 0 0 0 0 0 0 0 0 0 0 0 0 0 0 0 0 0 0 0 0 0 0 0 0 0 0 0 0 0 0 0 0 0 0 0 0 0 0 0 0 0 0 0 0 0 0 0 
0 0 0 0 0 0 0 0 0 0 0 0 0 0 0 0 0 0 0 0 0 0 0 0 0 0 0 0 0 0 0 0 0 0 0 0 0 0 0 0 0 0 0 0 0 0 0 0 0 0 0 0 0 0 0 0 0 0 0 0 0 0 0 0 0 0 0 0 0 0 0 0 0 0 0 0 0 0 0 0 0 0 0 0 0 0 0 11.08252904 114.1327371 0 23.93718933 69.021387 213.8201198 414.1793423 582.6004763 675.8464815 728.9630277 465.2451245 2039.212373 817.0150877 959.1132631 1301.431175 1880.116901 1168.063049 0 0 3091.616466 4875.151677 3661.763271 0 4817.684126 6703.293822 4698.564605 5783.235479 5951.541603 4712.249974 9202.474338 7805.067666 10476.23936 0 8700.36811 6053.164872 8628.730653 8190.501081 6048.675521 0 5917.79799 11130.61159 16978.57765 8666.622934 10803.79493 13067.31186 9960.331979 9343.51065 6147.80341 4303.647515 9655.589008 5767.279079 9757.805733 4646.333825 6878.013121 7696.201807 5880.883597 4839.98946 5188.986954 5343.046743 4595.780544 3609.885165 2046.66654 4218.51937 2511.340767 3162.028461 0 4742.934421 3324.441521 2826.769673 0 2776.96025 951.5067604 1127.49753 0 2144.734946 1120.495861 1052.708937 0 0 0 0 0 0 0 0 0 0 0 0 0 0 0 0 0 0 0 0 0 0 0 0 0 0 0 0 0 0 0 0 0 0 0 0 0 0 0 0 0 0 0 0 0 0 0 0 0 0 0 0 0 0 0 0 0 0 0 0 0 0 0 0 0 0 0 0 0 0 0 0 0 0 0 0 0 0 0 0 0 0 0 0 0 0 0 0 0 0 0 0 
0 0 0 0 0 0 0 0 0 0 0 0 0 0 0 0 0 0 0 0 0 0 0 0 0 0 0 0 0 0 0 0 0 0 0 0 0 0 0 0 0 0 0 0 0 0 0 0 0 0 0 0 0 0 0 0 0 0 0 0 0 0 0 0 0 0 0 0 0 0 0 0 0 0 0 0 0 0 0 0 0 0 0 0 0 0 0 0 2.082980617 0 0 0 438.5780972 376.9471852 0 683.6811025 0 246.5551842 0 884.2617689 739.7608546 690.0376819 2072.815389 1797.488044 1147.310793 2259.733034 3832.643287 4461.929411 4051.844119 0 6947.596092 0 5866.991164 5591.494035 4744.415527 6846.460004 6261.687992 4824.370113 10097.73595 11136.83494 4223.484728 3948.432681 12272.51477 6738.515552 10736.17057 8958.038735 12420.0542 15320.55016 13128.93223 8839.39098 7956.962965 5694.020887 12447.64465 4252.023025 2858.408676 5660.695288 9547.996052 8834.829671 5697.389691 7800.486631 6482.52456 3018.456927 12070.70747 6829.824414 5591.457773 4260.193953 5864.655451 3203.621543 5359.917235 1237.150277 5396.510523 3589.581398 3831.018731 1771.746642 2577.694737 2917.298021 0 2304.960501 1390.361286 1831.303833 2279.300532 0 0 0 0 0 0 0 0 0 0 0 0 0 0 0 0 0 0 0 0 0 0 0 0 0 0 0 0 0 0 0 0 0 0 0 0 0 0 0 0 0 0 0 0 0 0 0 0 0 0 0 0 0 0 0 0 0 0 0 0 0 0 0 0 0 0 0 0 0 0 0 0 0 0 0 0 0 0 0 0 0 0 0 0 0 0 0 0 0 0 0 0 0 0 0 
0 0 0 0 0 0 0 0 0 0 0 0 0 0 0 0 0 0 0 0 0 0 0 0 0 0 0 0 0 0 0 0 0 0 0 0 0 0 0 0 0 0 0 0 0 0 0 0 0 0 0 0 0 0 0 0 0 0 0 0 0 0 0 0 0 0 0 0 0 0 0 0 0 0 0 0 0 0 0 0 0 0 0 0 0 0 0 1.429010828 88.59218844 0 504.7127076 0 849.9838222 165.4517833 889.2960525 471.3994476 1378.104377 541.5290659 1282.308838 2040.345411 2472.448378 0 1935.191914 1083.688403 0 1848.843677 2174.996882 4083.900883 0 4009.565784 7636.48738 6581.08901 6336.880852 8437.642566 6373.182675 10275.16158 8063.894168 11339.11428 11966.79271 8077.312585 7861.931164 8389.040878 14609.32477 18505.54098 15747.71271 22247.34191 12506.9335 10727.81969 7019.541143 6683.097223 8973.844902 9780.426557 7829.709895 11003.16023 0 11097.31001 11335.29358 8357.905381 11330.03789 6900.24416 11739.11491 4673.473821 6407.29429 10022.22421 3067.885464 5440.258997 3108.722895 3656.155882 4820.872409 4003.26002 3924.721387 4577.190315 4369.757442 5956.063539 1762.69643 3725.365041 3204.400512 2402.541243 1237.740141 2396.107994 0 1586.158623 0 646.4758806 0 0 0 0 0 0 0 0 0 0 0 0 0 0 0 0 0 0 0 0 0 0 0 0 0 0 0 0 0 0 0 0 0 0 0 0 0 0 0 0 0 0 0 0 0 0 0 0 0 0 0 0 0 0 0 0 0 0 0 0 0 0 0 0 0 0 0 0 0 0 0 0 0 0 0 0 0 0 0 0 0 0 0 0 0 0 0 0 0 0 0 0 
0 0 0 0 0 0 0 0 0 0 0 0 0 0 0 0 0 0 0 0 0 0 0 0 0 0 0 0 0 0 0 0 0 0 0 0 0 0 0 0 0 0 0 0 0 0 0 0 0 0 0 0 0 0 0 0 0 0 0 0 0 0 0 0 0 0 0 0 0 0 0 0 0 0 0 0 0 0 0 0 0 0 0 0 0 0 0 0 0 361.5785312 0 331.321519 566.7479602 422.8262551 1477.65781 0 0 675.5710636 0 1648.325918 2053.553934 1953.320257 1643.336265 0 1730.377277 4419.746615 0 0 0 5313.240115 6139.538575 7305.666232 3292.16996 8440.999363 7617.413825 10622.69521 9803.847368 11406.48515 9032.30592 10435.67279 10686.22615 10891.54203 13773.69554 12053.89357 14105.42374 12308.40456 7961.56833 16191.02914 4132.668325 11439.90785 8256.857835 8905.503667 13031.72247 10631.38087 11241.82223 7895.26097 9496.657568 9396.576195 11822.40533 8819.284803 7750.347516 9722.97151 9828.010178 8021.234711 2441.781137 6021.971069 6404.757633 4352.731255 2524.951975 4316.045174 1949.867592 2938.662257 3827.874817 4750.983736 3657.211343 4247.719235 3614.382184 0 0 2517.522112 1750.962084 1297.397442 0 0 0 0 0 0 0 0 0 0 0 0 0 0 0 0 0 0 0 0 0 0 0 0 0 0 0 0 0 0 0 0 0 0 0 0 0 0 0 0 0 0 0 0 0 0 0 0 0 0 0 0 0 0 0 0 0 0 0 0 0 0 0 0 0 0 0 0 0 0 0 0 0 0 0 0 0 0 0 0 0 0 0 0 0 0 0 0 0 0 0 0 0 0 
0 0 0 0 0 0 0 0 0 0 0 0 0 0 0 0 0 0 0 0 0 0 0 0 0 0 0 0 0 0 0 0 0 0 0 0 0 0 0 0 0 0 0 0 0 0 0 0 0 0 0 0 0 0 0 0 0 0 0 0 0 0 0 0 0 0 0 0 0 0 0 0 0 0 0 0 0 0 0 0 0 0 0 0 0 0 0 0 0 0 312.7680258 161.5582586 742.7050624 656.3654018 796.202157 1198.741871 0 1512.156367 1335.157355 1431.765627 1425.541049 758.061278 0 957.3859413 2243.42002 1895.824661 2198.273319 1877.659571 6898.683875 4794.537715 5435.584991 2719.433286 0 7852.397286 11294.76461 5048.899079 4610.249157 9358.792282 9238.61599 9723.441435 16309.67114 14740.207 11311.4573 12112.88367 11548.57627 12404.85616 12053.14829 7372.428448 13215.58586 10861.23771 12588.29319 0 15939.57051 15135.15412 8418.53014 12681.30172 11913.489 6387.437099 12477.17727 9868.393217 11057.94364 9064.821111 5445.644323 4819.45022 4855.702435 3895.994463 6929.872415 7383.110918 6174.169445 5495.024804 6447.726799 5840.442656 4958.284974 1697.525698 3893.676589 3932.049243 3787.507672 2771.525084 749.5030145 2151.555432 1230.554636 1154.551441 0 0 0 0 0 0 0 0 0 0 0 0 0 0 0 0 0 0 0 0 0 0 0 0 0 0 0 0 0 0 0 0 0 0 0 0 0 0 0 0 0 0 0 0 0 0 0 0 0 0 0 0 0 0 0 0 0 0 0 0 0 0 0 0 0 0 0 0 0 0 0 0 0 0 0 0 0 0 0 0 0 0 0 0 0 0 0 0 0 0 0 0 0 0 
0 0 0 0 0 0 0 0 0 0 0 0 0 0 0 0 0 0 0 0 0 0 0 0 0 0 0 0 0 0 0 0 0 0 0 0 0 0 0 0 0 0 0 0 0 0 0 0 0 0 0 0 0 0 0 0 0 0 0 0 0 0 0 0 0 0 0 0 0 0 0 0 0 0 0 0 0 0 0 0 0 0 0 0 0 0 0 0 0 365.2766704 0 356.2051358 657.0045962 141.0512851 257.9515096 1038.231031 1408.2181 1028.512077 1327.877013 1866.01731 2273.84498 1604.96796 3057.517804 1088.071999 1830.721188 4819.612225 0 4468.616585 3888.93542 0 3917.001468 4224.226825 0 3953.976963 10440.65619 5053.359293 10295.74845 9616.332379 10587.73443 13304.13584 5861.243568 10722.77817 11298.6406 17949.41107 16524.47795 15411.49411 8407.628328 13130.94628 0 12939.43008 10374.83428 9667.857517 19480.68602 15978.89956 11552.90923 0 10741.17348 6700.755635 12514.59045 8999.110664 7997.136938 8358.341544 11490.16932 8535.15479 0 7701.649701 5101.582817 7337.549154 7138.453576 3582.348671 6102.95087 5752.153158 3808.368286 3595.075892 5736.954501 2399.267615 3803.70351 1577.205825 2316.287759 2342.112528 1621.706562 1499.580611 0 1206.800361 0 0 0 0 0 0 0 0 0 0 0 0 0 0 0 0 0 0 0 0 0 0 0 0 0 0 0 0 0 0 0 0 0 0 0 0 0 0 0 0 0 0 0 0 0 0 0 0 0 0 0 0 0 0 0 0 0 0 0 0 0 0 0 0 0 0 0 0 0 0 0 0 0 0 0 0 0 0 0 0 0 0 0 0 0 0 0 0 0 0 0 0 
0 0 0 0 0 0 0 0 0 0 0 0 0 0 0 0 0 0 0 0 0 0 0 0 0 0 0 0 0 0 0 0 0 0 0 0 0 0 0 0 0 0 0 0 0 0 0 0 0 0 0 0 0 0 0 0 0 0 0 0 0 0 0 0 0 0 0 0 0 0 0 0 0 0 0 0 0 0 0 0 0 0 0 0 0 0 0 19.03609818 0 0 238.6384755 0 663.427807 327.0084892 908.9712788 1105.584217 1036.598043 994.1938121 1536.22515 900.9870007 949.6250308 2717.84136 2492.096234 2411.805545 1344.91584 0 0 4688.018223 3007.215378 0 5929.534674 0 6123.917313 10664.88185 10853.38506 8879.807834 8636.439646 8406.238288 9166.851985 9097.164144 13659.3024 0 13306.79842 16696.50047 11989.33977 14970.39018 11508.91254 12131.14156 13651.25599 13385.233 11985.84568 14159.58929 12763.18585 9925.217506 8066.194793 10899.89495 10747.21325 12945.29281 10359.59978 13343.69119 6804.757762 12192.29474 13122.68189 9104.850285 0 6482.734672 5805.463965 5095.056813 6358.538346 1682.652136 7175.458328 6303.847403 2634.284481 3361.494087 2865.580976 2587.757708 4478.995678 0 3148.625189 1544.196685 0 1179.312565 0 1125.358907 706.1080876 0 0 0 0 0 0 0 0 0 0 0 0 0 0 0 0 0 0 0 0 0 0 0 0 0 0 0 0 0 0 0 0 0 0 0 0 0 0 0 0 0 0 0 0 0 0 0 0 0 0 0 0 0 0 0 0 0 0 0 0 0 0 0 0 0 0 0 0 0 0 0 0 0 0 0 0 0 0 0 0 0 0 0 0 0 0 0 0 0 0 0 
0 0 0 0 0 0 0 0 0 0 0 0 0 0 0 0 0 0 0 0 0 0 0 0 0 0 0 0 0 0 0 0 0 0 0 0 0 0 0 0 0 0 0 0 0 0 0 0 0 0 0 0 0 0 0 0 0 0 0 0 0 0 0 0 0 0 0 0 0 0 0 0 0 0 0 0 0 0 0 0 0 0 0 0 0 0 0 0 52.765502 0 0 101.7263306 0 791.4475009 798.8347659 767.855016 967.23347 1481.129662 1985.471074 1991.780643 528.2581722 2376.916124 817.6742002 0 3659.636596 0 2083.201435 0 4708.312567 4853.914084 8893.493313 0 5913.813899 4329.755819 11238.43194 7471.904205 12815.85234 13264.21218 14246.71959 0 12677.71937 14648.8219 12257.17226 12563.52871 14156.84131 11195.41227 13905.50534 16029.73794 21855.74049 7939.627064 12468.32689 12020.0898 12591.06195 14167.75542 9997.358951 15599.90268 8147.278214 9799.471322 10668.65817 6628.209314 8381.76871 11517.08711 12616.47002 6089.477221 5753.47284 4966.766939 5434.822682 4908.007354 2623.622162 4204.159413 3771.265015 4959.900866 3665.714505 3341.73154 4019.632693 3316.657498 0 3191.23466 3111.831186 0 1975.614551 2053.996071 0 0 0 0 0 0 0 0 0 0 0 0 0 0 0 0 0 0 0 0 0 0 0 0 0 0 0 0 0 0 0 0 0 0 0 0 0 0 0 0 0 0 0 0 0 0 0 0 0 0 0 0 0 0 0 0 0 0 0 0 0 0 0 0 0 0 0 0 0 0 0 0 0 0 0 0 0 0 0 0 0 0 0 0 0 0 0 0 0 0 0 0 0 0 
0 0 0 0 0 0 0 0 0 0 0 0 0 0 0 0 0 0 0 0 0 0 0 0 0 0 0 0 0 0 0 0 0 0 0 0 0 0 0 0 0 0 0 0 0 0 0 0 0 0 0 0 0 0 0 0 0 0 0 0 0 0 0 0 0 0 0 0 0 0 0 0 0 0 0 0 0 0 0 0 0 0 0 0 0 0 0 0 0 25.5656643 40.98733437 0 404.0183222 329.4823757 965.0915299 1099.316594 1204.474404 510.6826239 1655.025833 2786.059377 1799.590421 2777.395173 2848.461431 1180.223917 2131.240366 1789.899634 2556.610812 7264.856259 6619.542244 0 9063.945293 3903.200136 8983.646964 9214.590768 6942.639349 10934.65788 12147.29939 10972.5363 11611.27116 12172.01184 10272.11186 16585.36759 14201.09649 18358.30631 20917.74016 14799.36384 9838.502452 17547.0197 16449.37999 14534.92313 12471.78025 11877.11105 15943.38107 0 15376.3996 13331.36509 14747.92006 14973.38966 6915.655743 14947.55749 5625.257903 9418.394632 7676.787804 7303.769139 8546.604883 0 7964.189789 6950.469756 4886.760216 2848.338416 0 4023.18965 5167.054421 4127.102996 2776.474007 4250.965118 4615.787846 4329.181844 0 1560.38637 2440.688602 963.2927707 0 0 0 0 0 0 0 0 0 0 0 0 0 0 0 0 0 0 0 0 0 0 0 0 0 0 0 0 0 0 0 0 0 0 0 0 0 0 0 0 0 0 0 0 0 0 0 0 0 0 0 0 0 0 0 0 0 0 0 0 0 0 0 0 0 0 0 0 0 0 0 0 0 0 0 0 0 0 0 0 0 0 0 0 0 0 0 0 0 0 0 0 0 0 
0 0 0 0 0 0 0 0 0 0 0 0 0 0 0 0 0 0 0 0 0 0 0 0 0 0 0 0 0 0 0 0 0 0 0 0 0 0 0 0 0 0 0 0 0 0 0 0 0 0 0 0 0 0 0 0 0 0 0 0 0 0 0 0 0 0 0 0 0 0 0 0 0 0 0 0 0 0 0 0 0 0 0 0 0 0 0 80.73837396 0 41.95549281 53.44013936 0 967.308685 1199.211876 513.2333671 708.8548989 291.7520087 0 1581.656925 0 924.9070844 2419.586257 0 0 1093.474649 3059.876107 0 2117.857121 2261.151279 0 5214.085099 6263.932367 10675.41016 0 7423.464238 0 12172.54414 11989.34335 11402.5605 16101.37721 0 9365.774373 11390.82883 20729.19133 15942.96187 13668.16124 7641.184726 9157.687946 12975.92395 10620.61622 22604.16721 15322.1504 11702.41433 15647.25628 11286.80439 18676.51378 13920.16846 11606.33997 11926.04124 9813.499066 9363.216602 11190.32016 7363.737087 6943.608618 6900.077669 5127.864521 6032.492016 5241.332155 7647.363049 4648.915132 3512.251327 6640.751105 7071.840874 4733.135953 6830.042382 2116.097221 3297.544268 4101.612333 2987.381107 1932.576286 0 0 0 0 0 0 0 0 0 0 0 0 0 0 0 0 0 0 0 0 0 0 0 0 0 0 0 0 0 0 0 0 0 0 0 0 0 0 0 0 0 0 0 0 0 0 0 0 0 0 0 0 0 0 0 0 0 0 0 0 0 0 0 0 0 0 0 0 0 0 0 0 0 0 0 0 0 0 0 0 0 0 0 0 0 0 0 0 0 0 0 0 0 0 0 0 
0 0 0 0 0 0 0 0 0 0 0 0 0 0 0 0 0 0 0 0 0 0 0 0 0 0 0 0 0 0 0 0 0 0 0 0 0 0 0 0 0 0 0 0 0 0 0 0 0 0 0 0 0 0 0 0 0 0 0 0 0 0 0 0 0 0 0 0 0 0 0 0 0 0 0 0 0 0 0 0 0 0 0 0 0 0 0 0 27.29527486 0 0 585.5735711 459.655662 569.6648211 643.4224092 635.6446508 1337.158178 1573.774458 750.424875 1202.786854 1733.365702 2510.724946 2784.051072 2111.059387 2504.0197 0 1762.36246 0 4317.372224 0 6110.555794 6667.614974 9658.019541 10918.60366 8643.535864 15239.33634 4867.924182 11576.55535 8106.670127 16004.06308 9823.384884 15876.08802 16986.67692 15817.89127 17092.96724 14606.04423 25518.44907 9569.660614 8369.973111 8964.184168 21149.85952 12815.15029 19774.30746 5487.876283 16780.07624 9362.527294 7516.646139 12932.62987 14960.40004 11188.24288 7592.811433 9783.493079 8848.846126 11465.28695 6292.634426 10069.02009 0 6749.388931 0 6096.483535 7338.823645 6973.829196 4692.240551 4878.905141 4043.32269 2876.654247 3873.797939 4454.7862 3896.295838 1714.166273 2225.847993 1646.265475 995.7574598 0 0 0 0 0 0 0 0 0 0 0 0 0 0 0 0 0 0 0 0 0 0 0 0 0 0 0 0 0 0 0 0 0 0 0 0 0 0 0 0 0 0 0 0 0 0 0 0 0 0 0 0 0 0 0 0 0 0 0 0 0 0 0 0 0 0 0 0 0 0 0 0 0 0 0 0 0 0 0 0 0 0 0 0 0 0 0 0 0 0 0 0 0 
0 0 0 0 0 0 0 0 0 0 0 0 0 0 0 0 0 0 0 0 0 0 0 0 0 0 0 0 0 0 0 0 0 0 0 0 0 0 0 0 0 0 0 0 0 0 0 0 0 0 0 0 0 0 0 0 0 0 0 0 0 0 0 0 0 0 0 0 0 0 0 0 0 0 0 0 0 0 0 0 0 0 0 0 0 0 0 0 0 0 0 21.57433019 591.823293 981.6222497 1321.605027 392.7404484 1569.801185 2140.6639 2174.339276 598.8599875 1403.592129 2013.102292 2768.645932 0 1444.228103 2483.067933 2500.463215 0 5340.43754 0 5212.492981 5082.380375 0 10933.56296 10388.76451 8229.265602 11232.15414 9319.245628 11287.3196 8346.811025 13872.5915 13859.72374 19277.48815 15125.2229 14344.66867 12406.7851 9106.966725 12707.52826 13697.07584 20802.12603 16432.61468 17413.47081 14089.00587 15379.45673 13523.61104 8813.032349 12078.93864 15047.59794 18391.43703 8839.528542 7116.578116 10401.06632 13563.80304 11759.38647 8390.842136 6165.583459 5858.681007 4133.262199 5624.328573 6436.58473 5201.64191 5239.896186 5649.871421 4723.262464 2818.057272 4224.315451 5615.768215 2356.451307 3318.321395 2826.678161 2928.645896 1781.663264 0 0 0 0 0 0 0 0 0 0 0 0 0 0 0 0 0 0 0 0 0 0 0 0 0 0 0 0 0 0 0 0 0 0 0 0 0 0 0 0 0 0 0 0 0 0 0 0 0 0 0 0 0 0 0 0 0 0 0 0 0 0 0 0 0 0 0 0 0 0 0 0 0 0 0 0 0 0 0 0 0 0 0 0 0 0 0 0 0 0 0 0 0 0 
0 0 0 0 0 0 0 0 0 0 0 0 0 0 0 0 0 0 0 0 0 0 0 0 0 0 0 0 0 0 0 0 0 0 0 0 0 0 0 0 0 0 0 0 0 0 0 0 0 0 0 0 0 0 0 0 0 0 0 0 0 0 0 0 0 0 0 0 0 0 0 0 0 0 0 0 0 0 0 0 0 0 0 0 0 0 0 0 0 210.1455138 65.17609211 0 366.5780041 667.508403 402.9741896 1149.612065 1160.963654 1818.197833 0 1365.070347 2050.309194 1366.08873 1903.166245 1820.553095 0 0 4294.012555 0 0 4932.734827 4051.384679 9200.753576 0 8502.13593 4960.770533 12770.01388 13471.87587 12074.02497 5503.447555 16990.15576 8020.09591 15417.36907 21108.89817 0 22504.31336 12002.22706 21099.39429 21404.13662 15466.55271 14155.25912 20268.7444 15991.5888 17137.7626 15689.56574 17461.41634 11155.71876 10896.95704 15777.51732 13344.11703 14697.0417 12421.56853 8014.628576 13567.55942 7229.89538 10688.88787 3844.372675 5881.046346 11074.0975 4954.932439 7892.460655 3786.588263 0 4353.813121 0 4191.096626 4034.127782 3676.264724 1896.423694 3447.672579 2933.636716 2743.726014 1331.400203 0 0 0 0 0 0 0 0 0 0 0 0 0 0 0 0 0 0 0 0 0 0 0 0 0 0 0 0 0 0 0 0 0 0 0 0 0 0 0 0 0 0 0 0 0 0 0 0 0 0 0 0 0 0 0 0 0 0 0 0 0 0 0 0 0 0 0 0 0 0 0 0 0 0 0 0 0 0 0 0 0 0 0 0 0 0 0 0 0 0 0 0 0 0 
0 0 0 0 0 0 0 0 0 0 0 0 0 0 0 0 0 0 0 0 0 0 0 0 0 0 0 0 0 0 0 0 0 0 0 0 0 0 0 0 0 0 0 0 0 0 0 0 0 0 0 0 0 0 0 0 0 0 0 0 0 0 0 0 0 0 0 0 0 0 0 0 0 0 0 0 0 0 0 0 0 0 0 0 0 0 0 0 0 42.69796664 428.3727961 178.6892552 145.6783884 124.1246516 656.6507009 1425.095767 0 1976.308251 2716.120801 1573.514151 1066.401695 1455.793583 1420.101701 2069.146133 3346.50911 0 7142.94787 8858.955596 5509.884229 7962.650595 5591.416026 4504.167495 8366.825322 9784.49493 6025.920067 12180.2273 10301.74836 14404.06697 8945.127563 14884.64747 14767.99225 18107.47231 14791.93413 12313.56129 17294.84272 17746.01997 19748.60146 16994.67871 17192.3835 18115.93817 14695.34064 18260.24596 24460.41329 18908.57821 11830.35651 17004.55929 17284.54907 12144.55458 13370.25629 15600.14957 11680.08014 13405.89478 11289.86992 10375.43968 8293.151169 8823.065078 5131.202542 5874.827504 4989.536393 6405.613098 3973.145466 3783.003652 5405.945707 5280.911562 2664.054174 2134.352599 0 0 2428.633176 1675.51088 0 0 1360.686494 0 0 0 0 0 0 0 0 0 0 0 0 0 0 0 0 0 0 0 0 0 0 0 0 0 0 0 0 0 0 0 0 0 0 0 0 0 0 0 0 0 0 0 0 0 0 0 0 0 0 0 0 0 0 0 0 0 0 0 0 0 0 0 0 0 0 0 0 0 0 0 0 0 0 0 0 0 0 0 0 0 0 0 0 0 0 0 0 0 0 0 0 0 
0 0 0 0 0 0 0 0 0 0 0 0 0 0 0 0 0 0 0 0 0 0 0 0 0 0 0 0 0 0 0 0 0 0 0 0 0 0 0 0 0 0 0 0 0 0 0 0 0 0 0 0 0 0 0 0 0 0 0 0 0 0 0 0 0 0 0 0 0 0 0 0 0 0 0 0 0 0 0 0 0 0 0 0 0 0 0 19.68665406 315.1681621 0 307.5894749 466.7780999 418.0532536 758.2961585 382.193795 162.4555512 714.4122334 1562.936588 1362.764008 0 2117.816412 3111.781753 3500.538399 2717.644578 0 0 1845.605335 0 5479.410946 0 5896.709236 5410.048386 12551.54155 9894.86326 11704.54281 11346.96581 16645.66467 11393.62749 8243.349028 12780.72591 22678.79153 20207.87655 18103.75712 16768.50951 26185.76055 0 17982.09265 17454.70759 16788.76401 13011.39967 22070.95319 11067.63407 18765.01639 13157.69032 14584.47964 18336.92888 17607.04592 12461.43378 17481.03451 13787.13578 10897.98486 13946.89406 8197.333632 13964.74015 7455.374164 11004.7417 6596.573891 8644.670282 9534.43478 5655.648348 8835.893426 7613.649268 7134.101574 3982.272565 8280.770031 4211.098569 3308.418013 2304.565054 2345.31557 1578.680186 0 0 0 916.6739475 0 0 0 0 0 0 0 0 0 0 0 0 0 0 0 0 0 0 0 0 0 0 0 0 0 0 0 0 0 0 0 0 0 0 0 0 0 0 0 0 0 0 0 0 0 0 0 0 0 0 0 0 0 0 0 0 0 0 0 0 0 0 0 0 0 0 0 0 0 0 0 0 0 0 0 0 0 0 0 0 0 0 0 0 0 0 0 0 0 0 0 0 
0 0 0 0 0 0 0 0 0 0 0 0 0 0 0 0 0 0 0 0 0 0 0 0 0 0 0 0 0 0 0 0 0 0 0 0 0 0 0 0 0 0 0 0 0 0 0 0 0 0 0 0 0 0 0 0 0 0 0 0 0 0 0 0 0 0 0 0 0 0 0 0 0 0 0 0 0 0 0 0 0 0 0 0 0 0 0 0 63.28426047 6.913554276 0 473.5175729 295.789602 829.0068086 992.6249525 0 1295.696518 1293.360914 2139.080131 1942.310123 1804.690156 3111.26575 1452.268301 2930.280086 0 0 3646.750922 6132.856541 5228.215178 6094.809926 6025.009695 8276.106863 9453.307139 9313.162371 12168.60086 9600.402162 15631.2971 7672.816243 7992.680471 15425.29527 8484.019109 19703.40409 13919.9523 16845.36175 21185.08181 15111.63493 25377.2666 21134.19686 26086.7515 14575.87276 14909.86644 16826.53224 14662.81816 22942.74575 16829.4603 18353.89308 5930.852118 12048.57985 16159.01783 7385.744138 10335.31662 13957.32458 4492.473508 10113.20931 9166.777494 8452.042439 8021.433068 8188.974896 6040.212199 8125.195159 3511.069268 6961.295158 3980.688987 3870.773114 5327.501115 4470.67152 1977.943839 4001.589339 1815.14704 2773.436702 3352.293325 1767.110857 0 1257.490706 868.8895888 0 0 0 0 0 0 0 0 0 0 0 0 0 0 0 0 0 0 0 0 0 0 0 0 0 0 0 0 0 0 0 0 0 0 0 0 0 0 0 0 0 0 0 0 0 0 0 0 0 0 0 0 0 0 0 0 0 0 0 0 0 0 0 0 0 0 0 0 0 0 0 0 0 0 0 0 0 0 0 0 0 0 0 0 0 0 0 0 0 0 0 
0 0 0 0 0 0 0 0 0 0 0 0 0 0 0 0 0 0 0 0 0 0 0 0 0 0 0 0 0 0 0 0 0 0 0 0 0 0 0 0 0 0 0 0 0 0 0 0 0 0 0 0 0 0 0 0 0 0 0 0 0 0 0 0 0 0 0 0 0 0 0 0 0 0 0 0 0 0 0 0 0 0 0 0 0 0 0 0 0 509.8888276 28.54027322 563.7695176 67.47732123 621.7205852 564.8487196 894.0233835 1328.156861 790.2162367 2365.202754 2447.15473 2611.645416 1156.504479 3410.724909 3025.620061 2386.161294 0 2686.432486 2941.056407 0 0 5385.976382 6093.46948 8902.386785 10029.85362 5762.927305 14528.44548 12957.31381 17604.22137 11929.6985 13287.07375 9109.017985 12378.67767 22176.61524 19781.64308 19686.80304 15385.89723 23458.10254 18357.42944 24895.34906 15247.43607 17278.25699 17334.33152 16724.31517 17581.9013 14496.81444 12990.84194 15989.9901 9248.896775 16786.63759 15694.00494 14233.83805 16537.9226 14620.48792 11588.47684 10747.53 8665.634162 5928.575607 11129.19386 7476.903092 8876.853399 6311.003504 6278.739663 9082.335677 4654.454608 6561.576897 3792.484467 3596.509348 4956.655606 3094.358502 3182.215566 2581.554872 1413.570614 0 0 0 0 0 0 0 0 0 0 0 0 0 0 0 0 0 0 0 0 0 0 0 0 0 0 0 0 0 0 0 0 0 0 0 0 0 0 0 0 0 0 0 0 0 0 0 0 0 0 0 0 0 0 0 0 0 0 0 0 0 0 0 0 0 0 0 0 0 0 0 0 0 0 0 0 0 0 0 0 0 0 0 0 0 0 0 0 0 0 0 0 0 0 
0 0 0 0 0 0 0 0 0 0 0 0 0 0 0 0 0 0 0 0 0 0 0 0 0 0 0 0 0 0 0 0 0 0 0 0 0 0 0 0 0 0 0 0 0 0 0 0 0 0 0 0 0 0 0 0 0 0 0 0 0 0 0 0 0 0 0 0 0 0 0 0 0 0 0 0 0 0 0 0 0 0 0 0 0 0 0 0 0 77.78793882 642.6365798 0 285.7619963 46.49576746 181.0354854 0 620.0023951 1633.237582 1988.602895 2720.506826 3207.722075 1990.760156 0 2270.469895 3464.113809 3458.640178 6140.635714 7470.575333 6853.728113 0 0 6183.243378 6411.772374 9205.525192 10794.04612 11283.33339 18946.49581 13621.61461 14730.60896 15428.83995 15329.55808 24672.1775 19633.832 17307.3721 8885.771308 20410.54713 0 18155.07657 17960.2767 15713.27117 18349.52933 18260.36797 21827.66395 12543.22557 17441.51442 15622.90975 13085.57952 14779.55945 13797.77997 13105.20193 15345.423 10134.67055 13301.80806 12956.71046 6657.736636 6794.909137 7995.87661 5224.13299 6526.256661 0 2838.697331 0 7519.991651 6161.135824 5035.837564 4172.709777 4324.617688 3908.992172 2226.15587 3397.642434 2893.921411 0 1984.798734 0 0 0 0 0 0 0 0 0 0 0 0 0 0 0 0 0 0 0 0 0 0 0 0 0 0 0 0 0 0 0 0 0 0 0 0 0 0 0 0 0 0 0 0 0 0 0 0 0 0 0 0 0 0 0 0 0 0 0 0 0 0 0 0 0 0 0 0 0 0 0 0 0 0 0 0 0 0 0 0 0 0 0 0 0 0 0 0 0 0 0 0 0 
0 0 0 0 0 0 0 0 0 0 0 0 0 0 0 0 0 0 0 0 0 0 0 0 0 0 0 0 0 0 0 0 0 0 0 0 0 0 0 0 0 0 0 0 0 0 0 0 0 0 0 0 0 0 0 0 0 0 0 0 0 0 0 0 0 0 0 0 0 0 0 0 0 0 0 0 0 0 0 0 0 0 0 0 0 0 0 0 199.3546249 82.18854714 512.6763927 562.1127223 712.1566181 615.0119036 1129.137896 1135.431606 1198.178993 1790.159076 2140.5575 3135.526087 3231.044108 891.4342377 3570.778322 1764.58658 0 3037.472785 0 0 5542.133059 5785.908913 8837.757071 6590.442055 0 6741.886689 6707.268162 11265.33944 9229.980017 10156.44571 15503.8588 14740.99022 20772.07056 14360.53887 21060.85846 9548.703827 22059.04485 18499.17141 18083.08631 19990.26779 12475.74895 29498.42704 20283.77076 17679.53514 16276.34874 7347.966963 20680.35874 16716.92555 17305.81999 18273.99367 12919.34886 14924.81118 15130.86353 11264.11018 14679.58954 12310.10417 11526.73066 7888.38817 8265.86569 6247.88519 6884.860381 3872.982945 8533.256321 6336.061175 5122.702611 7621.833898 6065.865991 5561.04783 3935.589371 4946.051336 2986.660476 3300.621057 2461.39086 1525.879557 1094.298616 0 0 0 0 0 0 0 0 0 0 0 0 0 0 0 0 0 0 0 0 0 0 0 0 0 0 0 0 0 0 0 0 0 0 0 0 0 0 0 0 0 0 0 0 0 0 0 0 0 0 0 0 0 0 0 0 0 0 0 0 0 0 0 0 0 0 0 0 0 0 0 0 0 0 0 0 0 0 0 0 0 0 0 0 0 0 0 0 0 0 0 0 0 
0 0 0 0 0 0 0 0 0 0 0 0 0 0 0 0 0 0 0 0 0 0 0 0 0 0 0 0 0 0 0 0 0 0 0 0 0 0 0 0 0 0 0 0 0 0 0 0 0 0 0 0 0 0 0 0 0 0 0 0 0 0 0 0 0 0 0 0 0 0 0 0 0 0 0 0 0 0 0 0 0 0 0 0 0 0 0 0 270.8563401 261.4347378 90.71827371 210.9163709 392.0461691 858.4209133 696.1708888 483.4566678 897.9590337 851.5357354 1766.265202 2294.867901 3879.615339 2608.743059 3647.947051 2813.916933 2077.659853 3183.707723 6095.70851 2701.516236 0 0 0 6175.401688 12192.62031 0 15393.91066 17359.84555 12433.74781 12994.66044 20744.51606 20176.99122 16430.31995 17586.01677 14464.06181 14871.6971 22060.64895 8777.257865 20104.05007 20518.89071 21443.87544 17882.87985 20082.82251 14204.34777 22208.89427 22597.5203 7232.139709 10993.33543 13724.15955 17826.74212 22032.8355 11969.36865 16040.44205 10316.49854 12450.8585 6603.48672 10945.23339 12125.8065 5931.365805 6682.222864 8235.544495 5619.882008 6016.047956 3881.418549 4407.401397 6290.93961 4166.123977 5083.463772 5798.41617 4684.460946 2907.807878 1660.904598 2043.151777 2194.57577 0 0 0 0 0 0 0 0 0 0 0 0 0 0 0 0 0 0 0 0 0 0 0 0 0 0 0 0 0 0 0 0 0 0 0 0 0 0 0 0 0 0 0 0 0 0 0 0 0 0 0 0 0 0 0 0 0 0 0 0 0 0 0 0 0 0 0 0 0 0 0 0 0 0 0 0 0 0 0 0 0 0 0 0 0 0 0 0 0 0 0 0 0 0 
0 0 0 0 0 0 0 0 0 0 0 0 0 0 0 0 0 0 0 0 0 0 0 0 0 0 0 0 0 0 0 0 0 0 0 0 0 0 0 0 0 0 0 0 0 0 0 0 0 0 0 0 0 0 0 0 0 0 0 0 0 0 0 0 0 0 0 0 0 0 0 0 0 0 0 0 0 0 0 0 0 0 0 0 0 0 0 44.36181867 84.9347987 471.137133 446.6290077 479.9701665 382.4120873 312.9370296 632.7598901 1121.911426 1000.38479 786.9494656 2330.911854 0 2472.111455 3384.670357 2358.508355 0 1744.900364 2354.318569 3682.127578 2528.428687 0 5849.589236 5227.767289 6207.712567 6411.203264 9238.78626 7008.435735 15847.46145 16753.78603 24288.38582 16339.24709 15840.67328 13214.77646 11780.68847 17145.36372 12420.62132 13242.85187 18292.67363 16261.84232 15920.30049 20468.63591 9247.372956 24150.42815 13129.70286 7584.50429 13583.51651 7995.702565 15319.59526 14799.52709 16004.29891 11409.90885 14719.40309 11809.20528 11613.82624 12157.7995 16620.74651 10879.9049 10009.58913 0 7969.487079 8434.973234 6566.891042 6792.155117 6257.389019 4829.46662 4682.973967 7971.148322 6382.314014 5954.876752 3828.567007 1952.358804 2032.348747 2973.123743 1454.436562 1587.16549 1273.705926 0 0 0 0 0 0 0 0 0 0 0 0 0 0 0 0 0 0 0 0 0 0 0 0 0 0 0 0 0 0 0 0 0 0 0 0 0 0 0 0 0 0 0 0 0 0 0 0 0 0 0 0 0 0 0 0 0 0 0 0 0 0 0 0 0 0 0 0 0 0 0 0 0 0 0 0 0 0 0 0 0 0 0 0 0 0 0 0 0 0 0 0 
0 0 0 0 0 0 0 0 0 0 0 0 0 0 0 0 0 0 0 0 0 0 0 0 0 0 0 0 0 0 0 0 0 0 0 0 0 0 0 0 0 0 0 0 0 0 0 0 0 0 0 0 0 0 0 0 0 0 0 0 0 0 0 0 0 0 0 0 0 0 0 0 0 0 0 0 0 0 0 0 0 0 0 0 0 0 0 66.32657672 42.06425634 254.8368778 251.549829 293.759102 801.1095405 1066.015979 889.1686757 1345.915644 1827.542869 1296.208521 2631.351298 2880.706223 2371.945656 2598.445728 2397.558366 3183.820259 0 2405.181821 2497.280396 3032.435816 0 0 5795.169963 6380.421373 9372.706898 14339.15933 0 10415.48943 0 13244.07513 15912.2501 11782.7642 20113.6815 11856.39057 15326.94262 18699.93344 18780.73041 18339.24465 15595.63081 20838.98751 13142.32902 19571.75022 18576.1373 14366.19562 19804.71101 16659.29633 16409.49663 13350.24894 16488.25323 17110.52733 15949.60165 15953.87031 17247.85414 8711.851962 7730.063198 8270.48771 11739.57451 8196.593457 13110.60801 9432.345846 5386.144825 8157.570676 6883.872349 6582.791677 5948.581117 6076.149977 8465.881641 4680.890169 5263.904109 3953.500697 0 0 3555.106702 0 0 0 0 0 0 0 0 0 0 0 0 0 0 0 0 0 0 0 0 0 0 0 0 0 0 0 0 0 0 0 0 0 0 0 0 0 0 0 0 0 0 0 0 0 0 0 0 0 0 0 0 0 0 0 0 0 0 0 0 0 0 0 0 0 0 0 0 0 0 0 0 0 0 0 0 0 0 0 0 0 0 0 0 0 0 0 0 0 0 0 0 0 0 0 
0 0 0 0 0 0 0 0 0 0 0 0 0 0 0 0 0 0 0 0 0 0 0 0 0 0 0 0 0 0 0 0 0 0 0 0 0 0 0 0 0 0 0 0 0 0 0 0 0 0 0 0 0 0 0 0 0 0 0 0 0 0 0 0 0 0 0 0 0 0 0 0 0 0 0 0 0 0 0 0 0 0 0 0 0 0 0 0 53.31757221 0 0 663.4139668 86.70433636 383.6878862 1215.079415 1884.556689 1465.638785 1275.397851 1981.674297 2671.093329 1922.197592 1352.247552 1212.26772 3704.760854 0 0 6098.097434 0 5541.672749 0 5710.909986 8850.050451 8754.475078 6818.029024 14803.5128 11270.41235 12518.16046 15374.47249 22057.89066 16507.92118 22260.007 21503.03071 28424.33565 15913.50658 15858.01449 15806.40041 18858.40819 12453.22734 20491.939 19372.90826 15182.56773 11767.44844 23173.97889 24990.99614 16851.69111 16911.97826 17352.28694 17167.53755 11900.12176 14853.13369 16763.5582 17080.2288 15080.02563 9422.965844 8190.738823 7771.719282 5864.564848 6388.295905 3317.824401 0 8099.255475 7107.656497 4685.063023 6407.437827 6856.346496 4503.196208 2322.467636 2905.297721 0 2286.4048 2652.752126 2495.405522 0 0 0 0 0 0 0 0 0 0 0 0 0 0 0 0 0 0 0 0 0 0 0 0 0 0 0 0 0 0 0 0 0 0 0 0 0 0 0 0 0 0 0 0 0 0 0 0 0 0 0 0 0 0 0 0 0 0 0 0 0 0 0 0 0 0 0 0 0 0 0 0 0 0 0 0 0 0 0 0 0 0 0 0 0 0 0 0 0 0 0 0 0 0 
0 0 0 0 0 0 0 0 0 0 0 0 0 0 0 0 0 0 0 0 0 0 0 0 0 0 0 0 0 0 0 0 0 0 0 0 0 0 0 0 0 0 0 0 0 0 0 0 0 0 0 0 0 0 0 0 0 0 0 0 0 0 0 0 0 0 0 0 0 0 0 0 0 0 0 0 0 0 0 0 0 0 0 0 0 0 0 0 171.4967798 409.881813 428.4126068 208.8492398 815.3128343 1299.903905 408.2262027 644.3163219 1318.933558 1540.325994 2383.557168 1408.425893 0 1976.62028 1974.489768 3264.775201 3015.367255 2207.388049 0 6567.180923 0 5809.212412 0 0 6394.563808 9638.883808 0 19342.7532 11818.25277 12359.62595 11977.75389 13376.13341 15335.72809 15380.22521 12244.77712 15339.95653 24300.16851 15891.50712 20779.87505 18571.62591 24294.13092 16266.97842 13709.26029 17262.38208 19033.96098 16276.68378 0 14879.45962 11337.74272 19153.10635 22707.25781 11880.63039 15902.77529 12864.07882 13414.58196 11180.84104 11092.13611 9368.173672 9429.311933 7143.33364 3589.916956 4246.721567 6216.707572 5777.613852 5952.523793 3117.000882 7754.326904 4512.049796 3720.304432 2204.165686 0 2815.914782 0 1589.652885 0 0 0 0 0 0 0 0 0 0 0 0 0 0 0 0 0 0 0 0 0 0 0 0 0 0 0 0 0 0 0 0 0 0 0 0 0 0 0 0 0 0 0 0 0 0 0 0 0 0 0 0 0 0 0 0 0 0 0 0 0 0 0 0 0 0 0 0 0 0 0 0 0 0 0 0 0 0 0 0 0 0 0 0 0 0 0 0 0 0 0 0 0 0 
0 0 0 0 0 0 0 0 0 0 0 0 0 0 0 0 0 0 0 0 0 0 0 0 0 0 0 0 0 0 0 0 0 0 0 0 0 0 0 0 0 0 0 0 0 0 0 0 0 0 0 0 0 0 0 0 0 0 0 0 0 0 0 0 0 0 0 0 0 0 0 0 0 0 0 0 0 0 0 0 0 0 0 0 0 0 0 0 0 289.2174974 265.6198186 138.4934467 873.1504288 197.8768259 655.2157378 206.2914227 0 2105.503071 1109.605392 1843.003138 0 1696.486774 1800.711468 0 2029.795978 0 0 0 5571.462643 10121.72031 8845.879722 6273.616863 6337.050916 15142.24245 0 9231.610259 10060.41977 14508.92609 15013.08852 13710.40571 18973.64485 15120.44844 15484.42235 16072.40012 15828.14619 21071.05757 18499.71535 20089.29518 15590.92433 30320.70296 12799.61545 18965.8446 17333.6945 16188.03874 20495.10785 13635.95389 22982.95975 13208.7309 13866.73633 16161.10313 14351.94816 13573.53107 9932.201064 11861.42331 7036.84862 9227.899153 11090.82011 5954.77565 8342.53151 6745.87393 9754.669594 7458.570952 5363.920201 7499.711815 2798.057708 8191.546963 5419.933042 2247.409284 0 2788.053653 2888.43857 2267.922562 0 0 0 0 0 0 0 0 0 0 0 0 0 0 0 0 0 0 0 0 0 0 0 0 0 0 0 0 0 0 0 0 0 0 0 0 0 0 0 0 0 0 0 0 0 0 0 0 0 0 0 0 0 0 0 0 0 0 0 0 0 0 0 0 0 0 0 0 0 0 0 0 0 0 0 0 0 0 0 0 0 0 0 0 0 0 0 0 0 0 0 0 0 0 
0 0 0 0 0 0 0 0 0 0 0 0 0 0 0 0 0 0 0 0 0 0 0 0 0 0 0 0 0 0 0 0 0 0 0 0 0 0 0 0 0 0 0 0 0 0 0 0 0 0 0 0 0 0 0 0 0 0 0 0 0 0 0 0 0 0 0 0 0 0 0 0 0 0 0 0 0 0 0 0 0 0 0 0 0 0 0 0 114.8091545 103.3972504 269.2624421 669.435135 491.8686576 216.2962248 0 1480.997555 848.5468075 940.7156817 1628.695376 2530.984665 3570.217672 2528.830116 2489.533509 2436.822972 3234.211127 2115.448468 5082.437522 2934.681384 0 3072.961642 0 0 6507.676609 9905.345203 11142.66886 7325.330947 12968.3395 17992.6302 8215.357253 25691.12399 11651.42417 18008.76553 26599.46364 15549.2691 12887.06844 9007.96829 20304.90581 24492.71974 19686.98283 19208.09744 23351.62827 19493.37247 19878.30925 6851.906968 10880.68568 11245.96329 22507.13479 18796.17608 16472.38826 12347.34578 13157.07051 10550.01374 10260.03128 12580.76009 9301.150551 7736.814524 6870.406579 5685.024656 6365.648938 4443.267045 4752.132924 9114.017021 5336.209456 8272.958061 7231.516342 5418.483077 2400.195549 3664.631027 3194.42082 3938.201247 0 0 1381.865893 0 0 0 0 0 0 0 0 0 0 0 0 0 0 0 0 0 0 0 0 0 0 0 0 0 0 0 0 0 0 0 0 0 0 0 0 0 0 0 0 0 0 0 0 0 0 0 0 0 0 0 0 0 0 0 0 0 0 0 0 0 0 0 0 0 0 0 0 0 0 0 0 0 0 0 0 0 0 0 0 0 0 0 0 0 0 0 0 0 0 0 0 0 
0 0 0 0 0 0 0 0 0 0 0 0 0 0 0 0 0 0 0 0 0 0 0 0 0 0 0 0 0 0 0 0 0 0 0 0 0 0 0 0 0 0 0 0 0 0 0 0 0 0 0 0 0 0 0 0 0 0 0 0 0 0 0 0 0 0 0 0 0 0 0 0 0 0 0 0 0 0 0 0 0 0 0 0 0 0 0 0 225.6735938 320.3221722 369.4001947 476.758771 413.3496786 169.9219099 996.2518728 682.778578 2090.206295 1909.878116 2833.367803 2450.451253 1746.367757 3261.185135 0 2693.907977 1703.611277 6213.278851 2686.296247 6780.797924 5671.888622 0 10648.86184 0 0 0 9744.666409 12437.81867 8056.46108 17095.57393 15811.0414 9960.696611 11970.57779 23308.70422 17567.02597 17523.6227 24060.66232 16455.48631 13584.48631 18322.72959 20655.39658 14281.91314 15744.60618 18122.55544 14535.35203 20396.62909 16186.15042 18756.07151 18592.6456 16606.37492 16437.79159 15331.99287 13939.39344 12511.41814 18642.2365 11699.39617 9359.409985 6395.148515 8856.507263 9584.82016 5169.837237 11477.83839 6758.225033 9882.525482 4721.378968 8019.151474 4376.969561 4721.240741 3760.143433 3146.791253 3534.746035 3993.193653 2337.937303 2784.648754 1321.777081 0 0 0 0 0 0 0 0 0 0 0 0 0 0 0 0 0 0 0 0 0 0 0 0 0 0 0 0 0 0 0 0 0 0 0 0 0 0 0 0 0 0 0 0 0 0 0 0 0 0 0 0 0 0 0 0 0 0 0 0 0 0 0 0 0 0 0 0 0 0 0 0 0 0 0 0 0 0 0 0 0 0 0 0 0 0 0 0 0 0 0 0 0 
0 0 0 0 0 0 0 0 0 0 0 0 0 0 0 0 0 0 0 0 0 0 0 0 0 0 0 0 0 0 0 0 0 0 0 0 0 0 0 0 0 0 0 0 0 0 0 0 0 0 0 0 0 0 0 0 0 0 0 0 0 0 0 0 0 0 0 0 0 0 0 0 0 0 0 0 0 0 0 0 0 0 0 0 0 0 0 0 125.3875722 233.7714453 0 536.2856772 754.4944749 0 403.806332 1310.050186 1341.407414 1806.464731 2065.58687 2511.029803 1857.89078 1628.284762 1249.244251 2179.103813 2874.678678 4322.320834 0 2983.067685 5619.601337 8501.901005 0 6478.249854 13095.47077 11291.01646 11984.58002 14375.736 14418.77347 11102.2281 15364.59894 20074.00726 7874.792314 17293.97897 17565.73308 20302.5572 31990.52188 23054.06745 15676.78978 18833.62687 30324.2972 23253.478 17210.62394 20854.79213 21240.71118 22762.30318 17280.30091 17363.88696 17359.37364 14631.1004 18517.4261 19871.82464 14143.11963 9210.264623 13168.88233 9481.767891 8154.363871 10421.09771 8571.932838 4432.017142 7948.136929 3397.917564 3625.336079 0 5198.997851 6002.637179 5727.472307 4555.058741 4214.261224 3300.239997 2635.498206 2991.029245 2769.103614 0 0 1392.068902 1104.938709 0 0 0 0 0 0 0 0 0 0 0 0 0 0 0 0 0 0 0 0 0 0 0 0 0 0 0 0 0 0 0 0 0 0 0 0 0 0 0 0 0 0 0 0 0 0 0 0 0 0 0 0 0 0 0 0 0 0 0 0 0 0 0 0 0 0 0 0 0 0 0 0 0 0 0 0 0 0 0 0 0 0 0 0 0 0 0 0 0 0 0 
0 0 0 0 0 0 0 0 0 0 0 0 0 0 0 0 0 0 0 0 0 0 0 0 0 0 0 0 0 0 0 0 0 0 0 0 0 0 0 0 0 0 0 0 0 0 0 0 0 0 0 0 0 0 0 0 0 0 0 0 0 0 0 0 0 0 0 0 0 0 0 0 0 0 0 0 0 0 0 0 0 0 0 0 0 0 0 0 0 0 0 116.2832649 964.2689325 1163.439637 149.0951518 1247.259107 1393.642905 1931.047713 2308.591127 1588.14594 1967.243892 3020.190783 1387.240513 3451.960972 3101.061957 0 8253.308636 2916.770828 8719.84505 8841.03953 0 8946.786897 11268.23403 6423.327464 11556.96049 12064.54772 14154.43776 16224.9022 17655.33314 11658.06515 6568.098582 23307.49606 16315.89495 24091.78643 22950.88018 25038.87576 15866.86946 24104.01672 15870.97379 19912.35433 16737.86369 23037.288 22458.36832 14344.08312 11972.20751 20302.91684 14599.75251 16534.06735 19308.60468 10749.91951 14526.70781 13618.60279 12130.72778 13085.64938 11133.15895 9729.397507 6023.29109 7132.051464 7589.20678 4190.367979 5133.438619 3525.139299 6737.036076 7179.57936 6181.21185 4286.295483 5013.179023 5570.447723 0 3051.650651 2305.586539 2221.471994 0 0 0 0 0 0 0 0 0 0 0 0 0 0 0 0 0 0 0 0 0 0 0 0 0 0 0 0 0 0 0 0 0 0 0 0 0 0 0 0 0 0 0 0 0 0 0 0 0 0 0 0 0 0 0 0 0 0 0 0 0 0 0 0 0 0 0 0 0 0 0 0 0 0 0 0 0 0 0 0 0 0 0 0 0 0 0 0 0 0 0 0 0 0 
0 0 0 0 0 0 0 0 0 0 0 0 0 0 0 0 0 0 0 0 0 0 0 0 0 0 0 0 0 0 0 0 0 0 0 0 0 0 0 0 0 0 0 0 0 0 0 0 0 0 0 0 0 0 0 0 0 0 0 0 0 0 0 0 0 0 0 0 0 0 0 0 0 0 0 0 0 0 0 0 0 0 0 0 0 0 0 50.98628087 125.2474153 231.7520475 412.9329085 387.4662301 519.1569945 633.6677118 939.612339 1204.465842 925.7773648 809.621515 2554.012689 2934.030642 2897.945166 2426.437641 2525.103006 3069.488174 3330.671471 0 0 0 5231.211353 8145.988675 0 6461.986476 10592.97026 12645.50692 9804.545493 7358.670755 13206.43723 16584.82821 18472.68734 20305.49907 20677.03381 15345.5887 22988.0595 0 24635.26669 20647.69517 22740.77192 16171.52224 26781.11107 20792.04305 16142.8723 17369.47552 13802.84761 17957.57734 10982.53262 18822.26358 9376.682253 15334.80654 15206.99568 12394.98791 12128.91633 9532.5332 7246.935584 10588.14412 14390.04772 10116.99507 10148.20137 4123.630382 9866.431043 3476.753711 7870.932386 7777.90541 6333.698054 5675.180708 5083.219073 4661.641482 4905.248578 3439.60939 3982.454318 3362.005278 1975.073177 2474.054059 0 0 0 0 0 0 0 0 0 0 0 0 0 0 0 0 0 0 0 0 0 0 0 0 0 0 0 0 0 0 0 0 0 0 0 0 0 0 0 0 0 0 0 0 0 0 0 0 0 0 0 0 0 0 0 0 0 0 0 0 0 0 0 0 0 0 0 0 0 0 0 0 0 0 0 0 0 0 0 0 0 0 0 0 0 0 0 0 0 0 0 0 0 0 
0 0 0 0 0 0 0 0 0 0 0 0 0 0 0 0 0 0 0 0 0 0 0 0 0 0 0 0 0 0 0 0 0 0 0 0 0 0 0 0 0 0 0 0 0 0 0 0 0 0 0 0 0 0 0 0 0 0 0 0 0 0 0 0 0 0 0 0 0 0 0 0 0 0 0 0 0 0 0 0 0 0 0 0 0 0 0 0 27.50077446 0 376.962975 381.9019109 0 906.5679161 737.7234916 1036.368191 1278.939282 965.4915625 1991.431582 2765.07526 1988.852821 3831.20722 2399.528946 2620.646304 1745.604056 0 3657.838272 0 8095.55311 0 6228.238266 8790.554735 11307.10031 7070.625366 8787.397891 9309.26278 7509.220981 16084.33783 11395.3572 23902.38256 17154.4364 18341.80595 20428.73699 22230.2438 18472.68027 9365.252691 26193.74746 9376.885992 25458.86651 25485.80393 18565.09853 23035.00575 11484.92484 19469.98368 11209.73972 6769.333953 14101.44813 10326.43757 11815.99848 13954.76797 13217.46801 17859.99388 9748.61069 5493.331441 6899.250198 12075.60802 8806.220621 10446.00565 5715.650169 7830.124609 8780.564592 7801.722368 5973.882584 5891.827027 5527.201935 3231.041515 5757.219234 1929.545114 3329.14651 1756.601992 0 1551.510817 2142.378656 1776.905067 0 0 0 0 0 0 0 0 0 0 0 0 0 0 0 0 0 0 0 0 0 0 0 0 0 0 0 0 0 0 0 0 0 0 0 0 0 0 0 0 0 0 0 0 0 0 0 0 0 0 0 0 0 0 0 0 0 0 0 0 0 0 0 0 0 0 0 0 0 0 0 0 0 0 0 0 0 0 0 0 0 0 0 0 0 0 0 0 0 0 0 0 
0 0 0 0 0 0 0 0 0 0 0 0 0 0 0 0 0 0 0 0 0 0 0 0 0 0 0 0 0 0 0 0 0 0 0 0 0 0 0 0 0 0 0 0 0 0 0 0 0 0 0 0 0 0 0 0 0 0 0 0 0 0 0 0 0 0 0 0 0 0 0 0 0 0 0 0 0 0 0 0 0 0 0 0 0 0 0 0.7277667548 0 226.2181896 190.0220512 365.8565101 299.8896072 1166.906676 0 581.2465408 1015.034536 1705.899885 838.7430642 2036.026186 3400.548694 0 2861.939287 2044.461042 2920.978705 0 0 6944.812232 0 0 0 6337.255098 6535.312298 10049.40069 9873.480118 14457.33 11104.50597 10714.68375 14524.31715 18285.71775 22768.18772 19765.16773 18151.13218 18194.5995 22615.7402 22475.75216 18306.50572 15971.46126 19452.42275 8240.822259 15056.04306 25375.38496 8976.740526 22568.88391 11179.19241 16016.73308 19775.14055 14488.32959 15169.01626 12427.65819 12981.77957 15797.15513 7903.267772 12740.2876 10302.8362 8100.456839 7488.023311 8586.488109 3652.644248 8098.933424 8127.167758 6651.471082 5085.140089 4001.347638 6290.448384 5966.599372 4591.140714 3696.525089 0 2619.556858 0 1624.239884 1260.869213 0 0 0 0 0 0 0 0 0 0 0 0 0 0 0 0 0 0 0 0 0 0 0 0 0 0 0 0 0 0 0 0 0 0 0 0 0 0 0 0 0 0 0 0 0 0 0 0 0 0 0 0 0 0 0 0 0 0 0 0 0 0 0 0 0 0 0 0 0 0 0 0 0 0 0 0 0 0 0 0 0 0 0 0 0 0 0 0 0 0 0 0 0 
0 0 0 0 0 0 0 0 0 0 0 0 0 0 0 0 0 0 0 0 0 0 0 0 0 0 0 0 0 0 0 0 0 0 0 0 0 0 0 0 0 0 0 0 0 0 0 0 0 0 0 0 0 0 0 0 0 0 0 0 0 0 0 0 0 0 0 0 0 0 0 0 0 0 0 0 0 0 0 0 0 0 0 0 0 0 0 0 31.88257056 70.82771203 360.6746231 475.9695748 521.8326057 953.2498876 901.543804 1176.799504 1317.9431 1854.527132 1566.740824 3143.931371 2421.844868 1386.315128 2191.913993 2498.040761 2889.615477 3622.644541 6422.445394 6307.740825 5731.741054 0 6316.55283 0 0 0 9050.785263 16626.7639 12899.89821 17794.59984 18870.63732 12019.88418 12599.81792 22464.35585 23588.55998 20722.19918 18898.11991 16272.42257 23047.12542 15780.74475 18802.10228 16050.81331 20303.84499 7361.090305 12918.06588 22838.37832 13941.34753 13295.05637 14102.55244 19128.99444 9677.914188 15601.57565 14259.157 16919.10235 13987.71094 12744.17808 7435.358289 9641.211061 8885.909829 9449.231788 11231.68073 5486.178215 4305.150722 8309.672867 8634.323251 6244.695558 6152.538122 7046.622799 3866.569396 4941.705734 3996.847501 2400.179571 1646.666934 1495.038764 0 0 0 0 0 0 0 0 0 0 0 0 0 0 0 0 0 0 0 0 0 0 0 0 0 0 0 0 0 0 0 0 0 0 0 0 0 0 0 0 0 0 0 0 0 0 0 0 0 0 0 0 0 0 0 0 0 0 0 0 0 0 0 0 0 0 0 0 0 0 0 0 0 0 0 0 0 0 0 0 0 0 0 0 0 0 0 0 0 0 0 0 0 0 
0 0 0 0 0 0 0 0 0 0 0 0 0 0 0 0 0 0 0 0 0 0 0 0 0 0 0 0 0 0 0 0 0 0 0 0 0 0 0 0 0 0 0 0 0 0 0 0 0 0 0 0 0 0 0 0 0 0 0 0 0 0 0 0 0 0 0 0 0 0 0 0 0 0 0 0 0 0 0 0 0 0 0 0 0 0 0 0 0 0 613.1881441 616.1641462 542.7939934 889.0753664 609.2395402 641.9544513 1217.046879 1780.039488 1491.369122 2238.225924 754.7117307 3196.381141 3264.156602 0 3192.297283 0 0 5546.318914 0 0 10529.20487 6267.845967 6362.05149 10874.58801 6570.784178 10356.78738 10836.98128 12491.74643 16655.46392 12330.95527 0 19268.7695 20733.95485 23352.53342 21098.55944 15373.10074 20458.88842 23222.07649 15992.94929 23654.93419 10999.76455 17696.00453 21378.11792 14999.07418 20433.55523 17477.01769 16638.66181 21103.90064 12902.6162 12372.83134 17908.73363 12689.6187 12216.12961 12320.32957 8375.576721 9394.455713 9349.851592 8066.783508 6758.789126 8045.376182 5784.651076 5638.285308 5685.299595 4670.629859 7825.059859 4219.17338 3174.377565 5082.891935 5242.227394 0 1765.306805 0 1502.301659 1335.320456 0 0 0 0 0 0 0 0 0 0 0 0 0 0 0 0 0 0 0 0 0 0 0 0 0 0 0 0 0 0 0 0 0 0 0 0 0 0 0 0 0 0 0 0 0 0 0 0 0 0 0 0 0 0 0 0 0 0 0 0 0 0 0 0 0 0 0 0 0 0 0 0 0 0 0 0 0 0 0 0 0 0 0 0 0 0 0 0 0 0 0 0 
0 0 0 0 0 0 0 0 0 0 0 0 0 0 0 0 0 0 0 0 0 0 0 0 0 0 0 0 0 0 0 0 0 0 0 0 0 0 0 0 0 0 0 0 0 0 0 0 0 0 0 0 0 0 0 0 0 0 0 0 0 0 0 0 0 0 0 0 0 0 0 0 0 0 0 0 0 0 0 0 0 0 0 0 0 0 0 0 0 351.9341255 322.5640949 159.0691753 257.7927872 250.228871 795.0101664 1226.955301 1455.989195 2078.592958 1222.713418 1330.69393 2600.741407 2234.136205 1895.8226 2554.442855 3100.764995 2519.667904 5006.364416 2912.107711 2823.566788 5736.03504 8633.840187 0 6619.546942 0 12030.96925 12416.13096 10411.05882 13329.34009 11492.21685 20312.45384 13774.25278 22529.71508 14467.70529 26855.41885 24594.89051 16045.87599 18322.4221 9572.379295 17971.07456 7831.004951 12759.15228 25754.57403 7493.758268 19388.56906 17498.34847 17241.23031 12905.50556 13174.39785 14216.47953 15831.01218 12492.40275 15387.14125 9857.908147 16166.77822 11427.40271 6183.926241 7226.604935 4669.707829 9274.44236 0 6765.997878 0 6750.709519 2855.244632 4521.37815 6082.500387 6034.272919 2946.758987 4795.849127 0 1964.142176 1354.100435 1455.482559 0 0 0 0 0 0 0 0 0 0 0 0 0 0 0 0 0 0 0 0 0 0 0 0 0 0 0 0 0 0 0 0 0 0 0 0 0 0 0 0 0 0 0 0 0 0 0 0 0 0 0 0 0 0 0 0 0 0 0 0 0 0 0 0 0 0 0 0 0 0 0 0 0 0 0 0 0 0 0 0 0 0 0 0 0 0 0 0 0 0 0 0 0 
0 0 0 0 0 0 0 0 0 0 0 0 0 0 0 0 0 0 0 0 0 0 0 0 0 0 0 0 0 0 0 0 0 0 0 0 0 0 0 0 0 0 0 0 0 0 0 0 0 0 0 0 0 0 0 0 0 0 0 0 0 0 0 0 0 0 0 0 0 0 0 0 0 0 0 0 0 0 0 0 0 0 0 0 0 0 0 50.36528459 202.212452 0 0 695.2616681 1086.377063 929.3209131 707.22366 823.7798412 1449.181579 1224.712761 947.6851325 3024.343066 3322.589231 2359.53171 0 3101.611591 3669.776354 3195.016588 3505.015105 0 0 6051.712748 6114.196225 0 6418.827791 7066.746237 13877.8199 13416.80567 7778.757376 15444.65346 19488.93812 14890.35801 14332.95986 13273.24195 25597.81 17603.48405 20377.33954 23235.28869 13054.81136 16459.83903 18491.27142 19851.6058 17251.12655 18248.45898 14542.68634 16037.80871 21192.42453 20122.31025 17352.09679 20912.39994 11416.18415 7828.695337 9904.10929 12458.54112 21599.62262 11385.27446 7843.229865 9593.228657 9863.460365 5743.702942 6769.125312 4222.415791 8555.449034 6330.614527 8969.976955 5874.538975 5186.081235 5439.137947 3446.091877 3619.233287 3892.332522 2708.770689 0 0 0 0 0 0 0 0 0 0 0 0 0 0 0 0 0 0 0 0 0 0 0 0 0 0 0 0 0 0 0 0 0 0 0 0 0 0 0 0 0 0 0 0 0 0 0 0 0 0 0 0 0 0 0 0 0 0 0 0 0 0 0 0 0 0 0 0 0 0 0 0 0 0 0 0 0 0 0 0 0 0 0 0 0 0 0 0 0 0 0 0 0 0 0 0 
0 0 0 0 0 0 0 0 0 0 0 0 0 0 0 0 0 0 0 0 0 0 0 0 0 0 0 0 0 0 0 0 0 0 0 0 0 0 0 0 0 0 0 0 0 0 0 0 0 0 0 0 0 0 0 0 0 0 0 0 0 0 0 0 0 0 0 0 0 0 0 0 0 0 0 0 0 0 0 0 0 0 0 0 0 0 0 0 187.8626715 0 0 269.6464324 289.82912 675.3215581 799.4326632 1480.32951 1922.773641 1928.222024 2146.861485 1143.7825 0 2352.876439 1336.904854 2781.741087 0 2504.149904 5943.479944 5382.139362 5545.544356 5677.568457 8635.952727 6224.309626 6823.164256 11920.53799 11669.18368 7010.771771 14224.47793 10708.61414 21331.80623 11876.08123 17530.60703 15267.6444 18463.11386 16170.19658 12462.72494 23143.75913 22600.34932 21080.41964 28233.52548 26401.06612 15234.88949 20561.04204 19861.78285 17839.34982 16487.81269 10794.58873 14930.95106 12222.87773 16224.49211 12405.32223 8104.029282 13724.90738 16705.39238 11993.25271 12745.45166 10232.32744 8939.895112 8557.011107 10745.15847 9704.366451 6888.059102 7927.345088 8206.882565 7184.558715 9576.840789 6317.948094 7390.59038 3564.079215 3688.572067 3451.783016 0 1778.629453 2056.661291 0 0 0 0 0 0 0 0 0 0 0 0 0 0 0 0 0 0 0 0 0 0 0 0 0 0 0 0 0 0 0 0 0 0 0 0 0 0 0 0 0 0 0 0 0 0 0 0 0 0 0 0 0 0 0 0 0 0 0 0 0 0 0 0 0 0 0 0 0 0 0 0 0 0 0 0 0 0 0 0 0 0 0 0 0 0 0 0 0 0 0 0 0 
0 0 0 0 0 0 0 0 0 0 0 0 0 0 0 0 0 0 0 0 0 0 0 0 0 0 0 0 0 0 0 0 0 0 0 0 0 0 0 0 0 0 0 0 0 0 0 0 0 0 0 0 0 0 0 0 0 0 0 0 0 0 0 0 0 0 0 0 0 0 0 0 0 0 0 0 0 0 0 0 0 0 0 0 0 0 0 0 67.5758268 453.4098488 76.23667347 276.9093649 1225.894392 1097.18122 0 0 1234.679736 1880.669084 1216.721136 1616.834154 2180.636677 1137.724265 2738.529667 2902.904323 4342.756641 3783.045337 6521.243576 2681.747685 2865.333757 8266.391019 0 0 6566.877311 6889.386735 10128.55983 15719.39709 7484.524533 14697.7081 14207.2195 12183.54568 15131.24685 21676.67012 15373.2644 13502.79693 16738.39092 16246.04843 12773.51521 9166.001746 17997.69333 19227.19016 20210.47013 18548.82836 19895.41757 8143.453365 19629.77824 13369.49859 22731.97267 11450.71016 20363.89237 13200.04614 14740.76553 12184.52662 12504.36426 9692.983007 7876.969848 8994.113073 6203.242624 10526.61584 7207.926257 6504.231617 8084.724747 7065.444193 4896.76477 6225.861047 3181.154254 4485.347495 4195.103262 3614.203604 2230.961596 1910.89947 1567.111305 1806.692876 2186.661971 0 0 0 0 0 0 0 0 0 0 0 0 0 0 0 0 0 0 0 0 0 0 0 0 0 0 0 0 0 0 0 0 0 0 0 0 0 0 0 0 0 0 0 0 0 0 0 0 0 0 0 0 0 0 0 0 0 0 0 0 0 0 0 0 0 0 0 0 0 0 0 0 0 0 0 0 0 0 0 0 0 0 0 0 0 0 0 0 0 0 0 0 0 
0 0 0 0 0 0 0 0 0 0 0 0 0 0 0 0 0 0 0 0 0 0 0 0 0 0 0 0 0 0 0 0 0 0 0 0 0 0 0 0 0 0 0 0 0 0 0 0 0 0 0 0 0 0 0 0 0 0 0 0 0 0 0 0 0 0 0 0 0 0 0 0 0 0 0 0 0 0 0 0 0 0 0 0 0 0 0 0 0 144.412943 199.9397561 515.2539166 134.816125 1360.976792 747.6507892 1697.565755 1899.526771 2492.848893 2068.326386 1625.442938 2540.386523 3911.962953 2995.222474 2465.416805 4084.623067 4442.09894 2128.220913 0 0 0 8673.850739 12835.73956 6439.510105 9590.400315 6619.426646 10095.55039 10740.98503 14844.4082 13801.56679 21743.0983 19835.91296 19826.36488 23482.28045 18305.72969 20140.34661 13091.07503 16246.96007 22326.77667 30368.46961 23711.01619 30005.79231 17957.29532 19325.75403 21311.92133 9725.668211 21594.05982 20757.46952 14276.85388 7854.078596 15331.75174 12015.77283 15146.88366 11604.08847 12716.64989 9611.817504 9977.108359 6399.24733 4387.305416 4027.532064 6508.968452 7285.727978 7662.724542 6625.184488 6721.58265 3388.481328 5795.357338 6302.217719 4659.052589 4698.363853 2923.593286 0 2144.108536 0 0 0 0 0 0 0 0 0 0 0 0 0 0 0 0 0 0 0 0 0 0 0 0 0 0 0 0 0 0 0 0 0 0 0 0 0 0 0 0 0 0 0 0 0 0 0 0 0 0 0 0 0 0 0 0 0 0 0 0 0 0 0 0 0 0 0 0 0 0 0 0 0 0 0 0 0 0 0 0 0 0 0 0 0 0 0 0 0 0 0 0 0 0 
0 0 0 0 0 0 0 0 0 0 0 0 0 0 0 0 0 0 0 0 0 0 0 0 0 0 0 0 0 0 0 0 0 0 0 0 0 0 0 0 0 0 0 0 0 0 0 0 0 0 0 0 0 0 0 0 0 0 0 0 0 0 0 0 0 0 0 0 0 0 0 0 0 0 0 0 0 0 0 0 0 0 0 0 0 0 0 0 109.8136967 0 467.0200798 458.7013138 832.8011705 628.2793668 1235.855956 1590.828449 1980.501494 2721.738998 3014.172249 3205.28727 2317.349689 0 0 3215.483046 0 2466.950923 5147.486747 5436.636885 9696.168986 8220.694787 6229.328046 0 9005.944898 11149.57403 15651.76356 14662.61584 16770.48147 17586.109 7597.285199 13160.76425 7960.094013 0 21691.07287 15685.05481 24286.87516 12930.11748 21092.28229 11917.28937 18368.84078 16085.17828 19894.46492 18188.63941 20968.19783 17389.3087 11218.42747 15895.08508 13741.10636 19473.99285 18732.50437 17104.61677 17992.81081 13855.68692 13649.53055 12782.51412 7273.412477 8529.631364 6426.246381 7191.625888 7125.109187 0 5481.328079 6150.36711 5165.076586 8516.173079 2861.437001 0 4969.910899 2155.77197 3259.750226 2937.867879 3348.965518 0 1220.753521 1239.228674 0 0 0 0 0 0 0 0 0 0 0 0 0 0 0 0 0 0 0 0 0 0 0 0 0 0 0 0 0 0 0 0 0 0 0 0 0 0 0 0 0 0 0 0 0 0 0 0 0 0 0 0 0 0 0 0 0 0 0 0 0 0 0 0 0 0 0 0 0 0 0 0 0 0 0 0 0 0 0 0 0 0 0 0 0 0 0 0 0 0 0 0 
0 0 0 0 0 0 0 0 0 0 0 0 0 0 0 0 0 0 0 0 0 0 0 0 0 0 0 0 0 0 0 0 0 0 0 0 0 0 0 0 0 0 0 0 0 0 0 0 0 0 0 0 0 0 0 0 0 0 0 0 0 0 0 0 0 0 0 0 0 0 0 0 0 0 0 0 0 0 0 0 0 0 0 0 0 0 0 0 0 361.3840106 427.9016001 548.0191453 314.3320263 345.3267848 539.0736501 1870.743973 1802.449961 1558.959761 2413.637745 1965.534297 1396.610314 2389.013432 1611.492584 0 2262.65404 5527.485006 0 6413.908149 0 0 0 6347.919099 8152.249317 11920.49557 12570.51912 0 16744.63705 14290.62855 8080.518773 16613.75834 19194.44196 17380.80155 15203.55135 20800.03222 9386.604799 20963.93328 26420.87119 24361.72168 8143.524977 21213.61024 21567.07507 10748.3293 13576.75519 18280.15675 15227.71591 19450.55574 14973.55138 12220.33816 11757.87932 15389.01465 12111.83127 5673.301986 16759.64424 11644.79763 9866.443666 7737.569276 5440.097248 8234.672012 8499.547308 3591.951226 3421.343975 4605.697369 6710.758495 3546.666646 2885.578169 3287.895924 5349.234875 1959.073629 2328.321545 2447.424585 2807.252486 0 1279.209615 1322.822093 0 0 0 0 0 0 0 0 0 0 0 0 0 0 0 0 0 0 0 0 0 0 0 0 0 0 0 0 0 0 0 0 0 0 0 0 0 0 0 0 0 0 0 0 0 0 0 0 0 0 0 0 0 0 0 0 0 0 0 0 0 0 0 0 0 0 0 0 0 0 0 0 0 0 0 0 0 0 0 0 0 0 0 0 0 0 0 0 0 0 0 0 
0 0 0 0 0 0 0 0 0 0 0 0 0 0 0 0 0 0 0 0 0 0 0 0 0 0 0 0 0 0 0 0 0 0 0 0 0 0 0 0 0 0 0 0 0 0 0 0 0 0 0 0 0 0 0 0 0 0 0 0 0 0 0 0 0 0 0 0 0 0 0 0 0 0 0 0 0 0 0 0 0 0 0 0 0 0 0 0 0 266.8375148 0 400.9444769 206.1435673 367.5248442 783.6143616 169.540669 1751.651975 1406.141325 2125.190224 2195.679729 2757.182917 0 0 2334.804265 2061.619637 0 2306.124321 6317.115514 5457.814016 0 0 8937.284063 0 11747.63622 14201.44936 12337.97563 13952.54133 0 20439.40041 12038.07896 14775.3776 20834.27511 8452.913631 21366.01943 23643.57878 13306.49512 25866.40545 12666.63786 15285.07274 26681.81826 16319.60956 17017.52273 16427.56336 20282.14342 17005.17202 13671.84231 18585.97634 13942.19505 19455.30554 13772.47614 15456.73441 8362.912304 9700.904285 10013.26541 0 9949.989722 7528.945554 6012.77806 4915.787065 5807.72988 5767.977286 8089.133275 7649.988263 3952.356779 5391.174917 6302.941282 4571.176981 5518.691194 4124.9 2756.920857 2828.455775 2786.135789 1329.026695 1424.965975 0 0 0 0 0 0 0 0 0 0 0 0 0 0 0 0 0 0 0 0 0 0 0 0 0 0 0 0 0 0 0 0 0 0 0 0 0 0 0 0 0 0 0 0 0 0 0 0 0 0 0 0 0 0 0 0 0 0 0 0 0 0 0 0 0 0 0 0 0 0 0 0 0 0 0 0 0 0 0 0 0 0 0 0 0 0 0 0 0 0 0 0 
0 0 0 0 0 0 0 0 0 0 0 0 0 0 0 0 0 0 0 0 0 0 0 0 0 0 0 0 0 0 0 0 0 0 0 0 0 0 0 0 0 0 0 0 0 0 0 0 0 0 0 0 0 0 0 0 0 0 0 0 0 0 0 0 0 0 0 0 0 0 0 0 0 0 0 0 0 0 0 0 0 0 0 0 0 0 0 0 0 0 0 644.9816079 0 567.3901724 467.9829762 1407.947115 1475.868443 1011.12395 2144.518278 2647.405629 2982.164927 2148.641801 2912.246358 1864.817526 0 3423.376112 2461.592454 3029.392272 0 0 0 0 14639.34557 6680.118348 15558.52101 7419.3299 7922.28162 19747.35276 17423.81923 13961.59966 18523.23112 8122.060385 22830.30242 0 15251.48444 24500.15754 22503.65117 17260.09879 19796.89467 18168.65071 23362.91262 15774.28843 11151.30252 14965.83668 16710.28911 23087.26651 17974.45243 12141.11056 16800.22228 16204.10475 11780.87141 12876.75612 19383.20546 10826.87975 9394.772565 8415.586066 9326.516317 5188.652951 5570.699498 5926.510923 4730.336542 3982.248679 6495.932743 6058.741133 6609.136308 5829.376025 0 5723.881029 1739.44449 3521.483036 2786.571062 2141.689381 0 1599.11062 1070.003397 0 0 0 0 0 0 0 0 0 0 0 0 0 0 0 0 0 0 0 0 0 0 0 0 0 0 0 0 0 0 0 0 0 0 0 0 0 0 0 0 0 0 0 0 0 0 0 0 0 0 0 0 0 0 0 0 0 0 0 0 0 0 0 0 0 0 0 0 0 0 0 0 0 0 0 0 0 0 0 0 0 0 0 0 0 0 0 0 0 0 0 
0 0 0 0 0 0 0 0 0 0 0 0 0 0 0 0 0 0 0 0 0 0 0 0 0 0 0 0 0 0 0 0 0 0 0 0 0 0 0 0 0 0 0 0 0 0 0 0 0 0 0 0 0 0 0 0 0 0 0 0 0 0 0 0 0 0 0 0 0 0 0 0 0 0 0 0 0 0 0 0 0 0 0 0 0 0 0 0 148.5813416 7.586810444 370.2589915 268.5500412 528.5606827 654.9047452 1059.705915 0 1611.030839 0 2279.22683 2321.801559 2290.346426 2923.324691 0 1982.618498 3937.364357 0 2755.213294 0 7916.846714 8041.505412 0 6198.143814 8915.22739 9313.168324 0 10114.29819 11577.12436 10520.04993 17529.0799 16066.09681 22192.27701 8724.022687 22502.28965 14991.95148 16429.22187 20721.29017 12981.44276 18785.15043 16129.50162 9435.818092 16763.55953 14121.84997 13484.00836 10254.62729 9953.63195 9629.258168 18941.47557 19848.02279 11509.88237 16837.05342 17313.80776 5812.822451 12241.77772 11493.42066 11499.73393 8555.742665 9618.038051 10466.62861 6114.127095 8053.737851 8418.715446 6212.543919 3803.527425 6496.811607 6084.676606 6578.732116 3982.824657 1968.487904 5026.722979 3224.172057 2522.443065 0 1802.017789 0 0 0 0 0 0 0 0 0 0 0 0 0 0 0 0 0 0 0 0 0 0 0 0 0 0 0 0 0 0 0 0 0 0 0 0 0 0 0 0 0 0 0 0 0 0 0 0 0 0 0 0 0 0 0 0 0 0 0 0 0 0 0 0 0 0 0 0 0 0 0 0 0 0 0 0 0 0 0 0 0 0 0 0 0 0 0 0 0 0 0 0 0 
0 0 0 0 0 0 0 0 0 0 0 0 0 0 0 0 0 0 0 0 0 0 0 0 0 0 0 0 0 0 0 0 0 0 0 0 0 0 0 0 0 0 0 0 0 0 0 0 0 0 0 0 0 0 0 0 0 0 0 0 0 0 0 0 0 0 0 0 0 0 0 0 0 0 0 0 0 0 0 0 0 0 0 0 0 0 0 0 154.0381735 0 567.6410196 239.8687388 765.0079862 1045.744066 0 646.9704024 1914.70816 1064.904646 954.1071399 1236.046952 1272.950005 2233.318011 1914.382123 3636.792834 1779.432061 0 5856.411423 7266.075406 5360.51151 0 8459.1691 0 9212.590397 15831.98046 6506.451928 13110.30647 11387.92743 13611.21172 5885.286156 17019.64953 10195.74534 16570.65784 24534.09362 17311.77888 9562.774847 25998.87913 17436.44956 15922.49962 18488.5438 14364.22913 19407.70591 20980.1105 11213.21141 19288.16012 19931.52989 20186.15642 13186.4126 12807.5987 8562.112537 18175.16615 12565.75685 13336.20722 11542.48714 7749.210166 8133.468467 10567.7035 7416.642325 3607.799356 4986.652688 0 7563.019669 8255.430951 8653.761758 8090.653443 6359.396349 3080.730892 4686.18242 3073.295939 4263.172951 2889.242846 2262.149214 2278.493394 1630.810698 0 915.2199513 0 0 0 0 0 0 0 0 0 0 0 0 0 0 0 0 0 0 0 0 0 0 0 0 0 0 0 0 0 0 0 0 0 0 0 0 0 0 0 0 0 0 0 0 0 0 0 0 0 0 0 0 0 0 0 0 0 0 0 0 0 0 0 0 0 0 0 0 0 0 0 0 0 0 0 0 0 0 0 0 0 0 0 0 0 0 0 0 0 0 0 
0 0 0 0 0 0 0 0 0 0 0 0 0 0 0 0 0 0 0 0 0 0 0 0 0 0 0 0 0 0 0 0 0 0 0 0 0 0 0 0 0 0 0 0 0 0 0 0 0 0 0 0 0 0 0 0 0 0 0 0 0 0 0 0 0 0 0 0 0 0 0 0 0 0 0 0 0 0 0 0 0 0 0 0 0 0 0 6.94233043 63.65056865 319.6289302 402.8788517 333.7059786 0 285.7041576 1089.324962 960.5067106 318.8110307 1521.830195 2330.2801 2258.98449 2093.997374 2002.249417 3133.940009 2504.119697 3261.829827 0 0 7239.5362 0 0 0 6281.143267 6830.231703 11355.23579 11326.63787 12258.15399 7305.07857 9842.092438 9916.205481 17186.41452 17288.15935 15049.76155 21773.30956 17990.72861 24379.94099 15497.57651 15743.62272 12787.04219 17639.29751 16546.84112 18986.78073 12798.38092 21423.24552 10550.53203 16740.35962 11592.71411 10347.99812 13923.76948 10071.54477 12888.38997 7011.112393 19082.63425 13671.04416 10504.28114 10643.56937 11103.13153 11269.72229 11253.54942 3842.356493 4169.262046 5878.184276 4420.146192 3165.324819 8375.9183 5616.088797 4435.614333 3468.713274 4070.374349 2809.80283 3532.858472 3021.93289 1760.160693 0 0 0 0 0 0 0 0 0 0 0 0 0 0 0 0 0 0 0 0 0 0 0 0 0 0 0 0 0 0 0 0 0 0 0 0 0 0 0 0 0 0 0 0 0 0 0 0 0 0 0 0 0 0 0 0 0 0 0 0 0 0 0 0 0 0 0 0 0 0 0 0 0 0 0 0 0 0 0 0 0 0 0 0 0 0 0 0 0 0 0 0 0 0 
0 0 0 0 0 0 0 0 0 0 0 0 0 0 0 0 0 0 0 0 0 0 0 0 0 0 0 0 0 0 0 0 0 0 0 0 0 0 0 0 0 0 0 0 0 0 0 0 0 0 0 0 0 0 0 0 0 0 0 0 0 0 0 0 0 0 0 0 0 0 0 0 0 0 0 0 0 0 0 0 0 0 0 0 0 0 0 51.28501033 0 221.6040078 0 545.3543907 436.6837804 126.0430969 1460.442167 1482.590583 1806.113285 2348.448475 1966.236115 2646.65 3132.234239 3298.742897 2504.38303 1683.337117 0 0 2709.484007 0 7119.264075 5949.35932 6243.438576 0 9214.122501 9721.167162 9021.048046 12414.6558 9523.770612 13435.23372 15918.23193 15595.37169 13952.61939 7748.004523 18565.55673 15077.38157 12206.90169 27113.02228 23278.89858 24562.33214 17114.00495 18236.07945 17108.5345 13590.41235 15282.23193 12702.79186 19738.72023 13665.68473 19979.77715 11184.80014 15393.1495 9486.196504 11013.70963 13624.82678 5361.44276 9950.958397 9131.659409 6303.410944 7519.372795 4778.62947 10034.75163 4085.240068 4891.812189 8278.388816 3984.265503 2918.522149 5548.854762 3162.359768 4171.602353 3173.786791 1972.906128 2943.169553 2042.975482 0 1092.363384 932.7534821 992.3429666 0 0 0 0 0 0 0 0 0 0 0 0 0 0 0 0 0 0 0 0 0 0 0 0 0 0 0 0 0 0 0 0 0 0 0 0 0 0 0 0 0 0 0 0 0 0 0 0 0 0 0 0 0 0 0 0 0 0 0 0 0 0 0 0 0 0 0 0 0 0 0 0 0 0 0 0 0 0 0 0 0 0 0 0 0 0 0 0 0 0 0 
0 0 0 0 0 0 0 0 0 0 0 0 0 0 0 0 0 0 0 0 0 0 0 0 0 0 0 0 0 0 0 0 0 0 0 0 0 0 0 0 0 0 0 0 0 0 0 0 0 0 0 0 0 0 0 0 0 0 0 0 0 0 0 0 0 0 0 0 0 0 0 0 0 0 0 0 0 0 0 0 0 0 0 0 0 0 0 0 193.8512106 0 37.51891335 733.6950124 869.7264606 194.4656815 844.2895813 1477.969952 1203.720416 1007.462456 1437.969414 3403.761343 1863.842487 1998.600256 0 2071.898024 4030.830719 2411.342957 5788.017279 4896.520851 0 0 5276.723505 0 7917.082153 6576.201255 13643.03039 12763.07386 14298.1268 0 10030.00108 10275.93803 13750.6977 11274.41136 17141.37843 19588.71368 15542.73217 0 20168.77421 13448.60258 12360.52968 18730.67458 9054.028919 23540.51722 17191.7177 26631.57403 14210.23039 23952.90179 14351.43065 18360.84985 17508.8263 12773.59649 9928.946604 13576.84339 11777.72246 9149.049307 8624.930602 6850.423493 7853.3475 7980.582938 4510.965358 5416.976101 5169.423284 4917.861266 4644.718881 6418.77121 5394.22724 4474.994304 4077.859764 0 3258.33935 0 0 1193.209128 0 0 0 0 0 0 0 0 0 0 0 0 0 0 0 0 0 0 0 0 0 0 0 0 0 0 0 0 0 0 0 0 0 0 0 0 0 0 0 0 0 0 0 0 0 0 0 0 0 0 0 0 0 0 0 0 0 0 0 0 0 0 0 0 0 0 0 0 0 0 0 0 0 0 0 0 0 0 0 0 0 0 0 0 0 0 0 0 0 0 0 0 0 0 
0 0 0 0 0 0 0 0 0 0 0 0 0 0 0 0 0 0 0 0 0 0 0 0 0 0 0 0 0 0 0 0 0 0 0 0 0 0 0 0 0 0 0 0 0 0 0 0 0 0 0 0 0 0 0 0 0 0 0 0 0 0 0 0 0 0 0 0 0 0 0 0 0 0 0 0 0 0 0 0 0 0 0 0 0 0 0 0 0 0 27.59148123 430.597148 188.6062651 0 1503.071745 444.2780192 1826.52659 987.8774079 2271.624196 2513.145586 0 0 2890.188669 0 0 0 1759.7958 5374.023286 0 5738.079383 0 0 10363.76751 10731.69796 6025.857816 14386.2843 0 10796.11214 11611.9971 7765.013577 12323.19515 10821.4826 15408.78584 16928.46031 17772.85928 21406.22868 16946.13356 16386.95782 16234.30844 11544.77127 18110.72169 15749.21122 20400.71434 19127.73033 14477.51557 12300.5872 12842.66422 8489.24596 8640.559727 11675.06416 13717.11107 11107.97142 14798.60735 4765.28836 5919.990857 7361.32126 5713.700491 3633.597327 6361.293702 4450.340291 8575.528945 4223.470176 2220.049611 7597.280582 7763.507182 7402.275905 5020.402021 4495.642839 3804.745216 3826.647937 0 1649.269461 0 0 0 0 0 0 0 0 0 0 0 0 0 0 0 0 0 0 0 0 0 0 0 0 0 0 0 0 0 0 0 0 0 0 0 0 0 0 0 0 0 0 0 0 0 0 0 0 0 0 0 0 0 0 0 0 0 0 0 0 0 0 0 0 0 0 0 0 0 0 0 0 0 0 0 0 0 0 0 0 0 0 0 0 0 0 0 0 0 0 0 0 0 0 
0 0 0 0 0 0 0 0 0 0 0 0 0 0 0 0 0 0 0 0 0 0 0 0 0 0 0 0 0 0 0 0 0 0 0 0 0 0 0 0 0 0 0 0 0 0 0 0 0 0 0 0 0 0 0 0 0 0 0 0 0 0 0 0 0 0 0 0 0 0 0 0 0 0 0 0 0 0 0 0 0 0 0 0 0 0 0 0 0 0 416.6931349 0 0 656.5393769 754.0897693 1780.730363 1839.07312 2149.93252 1915.598335 2157.912208 2838.189359 1593.120038 2997.85578 2242.556649 1739.29322 2627.258865 4520.633988 2235.037633 6367.062107 5880.241693 0 0 6206.426999 10130.11808 11120.26244 0 12982.06352 5518.852126 13098.30512 10299.99759 16225.41548 11668.54545 10211.71228 16270.33612 17692.70896 23022.66089 17353.74166 19365.8098 19113.34054 15631.95672 12427.75758 13024.94755 10924.77385 11996.16745 14607.3994 15244.27435 16006.15136 12798.54303 15165.22848 12357.39056 12873.85824 12092.95828 4130.395193 8450.68825 12440.79598 10457.91685 4007.633866 8897.321647 0 5398.239114 4763.839171 4555.72668 4900.395787 5592.515257 5893.338814 6276.350469 6376.580268 2560.23716 0 2973.687154 0 1275.399634 0 0 0 0 0 0 0 0 0 0 0 0 0 0 0 0 0 0 0 0 0 0 0 0 0 0 0 0 0 0 0 0 0 0 0 0 0 0 0 0 0 0 0 0 0 0 0 0 0 0 0 0 0 0 0 0 0 0 0 0 0 0 0 0 0 0 0 0 0 0 0 0 0 0 0 0 0 0 0 0 0 0 0 0 0 0 0 0 0 0 0 0 0 0 
0 0 0 0 0 0 0 0 0 0 0 0 0 0 0 0 0 0 0 0 0 0 0 0 0 0 0 0 0 0 0 0 0 0 0 0 0 0 0 0 0 0 0 0 0 0 0 0 0 0 0 0 0 0 0 0 0 0 0 0 0 0 0 0 0 0 0 0 0 0 0 0 0 0 0 0 0 0 0 0 0 0 0 0 0 0 0 0 140.7329899 250.1021112 0 461.7078751 244.2708335 854.9900259 277.1176751 576.6732838 1144.032002 1296.609622 2291.783137 1673.154359 2688.603101 3055.313447 1886.460108 2635.98038 0 4280.743141 2429.133378 5405.69775 0 7909.334844 5404.539194 5654.653401 0 4911.290503 12778.76906 13384.91778 11846.93513 15288.07506 12695.70955 11168.49972 14799.92201 13216.67467 24127.44724 24536.01761 7970.076711 24752.23411 23052.57991 19005.83949 15989.75775 15155.95712 14678.63533 13262.6575 10700.0215 18031.54953 12545.31749 5773.042922 9009.183025 14895.61425 15886.8358 14112.30302 10287.1909 9609.426868 4956.774449 11274.24793 11344.32033 5765.555383 7292.917355 7525.477668 3637.068822 3845.561037 6988.029438 5928.046858 1671.432692 6142.98397 5409.906934 4258.515761 4601.947699 0 4049.503985 1373.234771 0 0 0 0 0 0 0 0 0 0 0 0 0 0 0 0 0 0 0 0 0 0 0 0 0 0 0 0 0 0 0 0 0 0 0 0 0 0 0 0 0 0 0 0 0 0 0 0 0 0 0 0 0 0 0 0 0 0 0 0 0 0 0 0 0 0 0 0 0 0 0 0 0 0 0 0 0 0 0 0 0 0 0 0 0 0 0 0 0 0 0 0 0 0 0 0 
0 0 0 0 0 0 0 0 0 0 0 0 0 0 0 0 0 0 0 0 0 0 0 0 0 0 0 0 0 0 0 0 0 0 0 0 0 0 0 0 0 0 0 0 0 0 0 0 0 0 0 0 0 0 0 0 0 0 0 0 0 0 0 0 0 0 0 0 0 0 0 0 0 0 0 0 0 0 0 0 0 0 0 0 0 0 0 0 209.8118777 0 54.16687116 0 538.7370731 1006.071446 987.7223209 1291.507873 1595.97239 1435.832147 2021.773435 2120.510144 1693.95687 1831.619381 2182.095277 1828.083022 2987.500689 2316.30868 0 5115.311431 7031.300964 0 9231.954688 8225.107615 6248.935735 6628.782895 8623.84577 6953.875582 11469.74773 8417.397358 15668.71281 13718.41161 19541.38501 17043.16231 11567.79959 16627.08144 20502.08304 15755.54323 14242.26525 8479.972303 22254.51252 6683.421465 11738.46961 13163.45796 16566.18896 14121.8593 10911.66303 18327.16402 11429.93712 13915.52455 13311.41864 10588.29737 10496.27112 7857.115693 7373.341808 12371.67534 4484.651364 6893.853354 5662.616055 7509.647153 6861.683467 9575.958695 6385.094719 3843.531724 2819.603178 7128.842136 6086.938026 0 5022.176189 5566.172098 2104.220395 0 2744.054675 1301.785638 1850.081692 0 0 0 0 0 0 0 0 0 0 0 0 0 0 0 0 0 0 0 0 0 0 0 0 0 0 0 0 0 0 0 0 0 0 0 0 0 0 0 0 0 0 0 0 0 0 0 0 0 0 0 0 0 0 0 0 0 0 0 0 0 0 0 0 0 0 0 0 0 0 0 0 0 0 0 0 0 0 0 0 0 0 0 0 0 0 0 0 0 0 0 0 0 
0 0 0 0 0 0 0 0 0 0 0 0 0 0 0 0 0 0 0 0 0 0 0 0 0 0 0 0 0 0 0 0 0 0 0 0 0 0 0 0 0 0 0 0 0 0 0 0 0 0 0 0 0 0 0 0 0 0 0 0 0 0 0 0 0 0 0 0 0 0 0 0 0 0 0 0 0 0 0 0 0 0 0 0 0 0 0 0.3354893244 0 0 0 572.6547636 525.4298259 847.9914145 1182.270135 1314.623229 1882.101543 896.3756639 1429.012769 1479.806517 876.140216 2258.152828 2510.409614 3196.763366 0 0 6707.14255 4402.254592 0 0 7655.520007 5280.503435 7530.435645 10046.07296 9066.755011 14796.03018 0 8726.119432 12310.2044 15488.77569 20848.54613 10699.11027 16029.90973 18205.94411 15072.58902 13983.1814 19119.18235 15906.45155 23059.32555 13262.96484 13313.43544 20731.01065 13885.30579 17015.52287 15788.0934 16206.45403 13946.11353 11475.37955 7166.493091 14884.93039 11198.52464 9364.480986 9432.480461 9175.160954 7461.210307 7072.097718 5406.832386 5524.738566 5495.411305 6576.078376 6581.177465 6964.087788 3710.576001 2258.617942 4187.025249 4739.097897 2978.997558 0 2651.936176 4725.379022 2641.300923 0 0 1104.106719 0 0 0 0 0 0 0 0 0 0 0 0 0 0 0 0 0 0 0 0 0 0 0 0 0 0 0 0 0 0 0 0 0 0 0 0 0 0 0 0 0 0 0 0 0 0 0 0 0 0 0 0 0 0 0 0 0 0 0 0 0 0 0 0 0 0 0 0 0 0 0 0 0 0 0 0 0 0 0 0 0 0 0 0 0 0 0 0 0 0 0 0 
0 0 0 0 0 0 0 0 0 0 0 0 0 0 0 0 0 0 0 0 0 0 0 0 0 0 0 0 0 0 0 0 0 0 0 0 0 0 0 0 0 0 0 0 0 0 0 0 0 0 0 0 0 0 0 0 0 0 0 0 0 0 0 0 0 0 0 0 0 0 0 0 0 0 0 0 0 0 0 0 0 0 0 0 0 0 0 0 193.786846 264.4539111 0 391.7195673 422.38053 849.6412373 1008.752778 1161.675384 946.673205 0 2230.574929 2384.833275 0 2157.706516 2231.91244 0 3094.986006 0 1919.757841 4279.079133 9173.604556 5649.917319 4921.803213 0 0 5109.003476 9886.368843 14924.32065 15838.88749 16865.93395 0 13034.34847 15042.00204 13481.61552 17475.98151 12370.51581 17900.72983 17397.0737 8112.956244 12829.77127 16767.92418 19496.92701 14264.28811 16457.26834 9076.186237 18555.26189 15627.85813 10218.02674 11808.72188 13132.39487 8735.108297 12074.71984 9171.32394 7837.81013 12192.71309 10479.93921 7984.54684 6953.28698 5931.159454 4210.85806 2538.504562 5132.327122 3316.036567 5762.729514 5370.764859 4577.104185 4107.425587 3765.713581 4094.459612 3256.556915 2261.847879 2817.152573 2509.730483 0 1550.608695 0 0 0 0 0 0 0 0 0 0 0 0 0 0 0 0 0 0 0 0 0 0 0 0 0 0 0 0 0 0 0 0 0 0 0 0 0 0 0 0 0 0 0 0 0 0 0 0 0 0 0 0 0 0 0 0 0 0 0 0 0 0 0 0 0 0 0 0 0 0 0 0 0 0 0 0 0 0 0 0 0 0 0 0 0 0 0 0 0 0 0 0 0 
0 0 0 0 0 0 0 0 0 0 0 0 0 0 0 0 0 0 0 0 0 0 0 0 0 0 0 0 0 0 0 0 0 0 0 0 0 0 0 0 0 0 0 0 0 0 0 0 0 0 0 0 0 0 0 0 0 0 0 0 0 0 0 0 0 0 0 0 0 0 0 0 0 0 0 0 0 0 0 0 0 0 0 0 0 0 0 0 197.7972996 317.2570672 0 670.7500824 511.0387352 424.3245531 262.2592244 441.0681864 621.0678714 748.8911357 1094.785197 864.451441 1579.817069 1395.961551 2992.813378 0 0 0 3148.008471 5512.86222 0 0 7497.402209 0 7294.179416 7699.260127 11113.56064 8188.641393 7940.864685 13604.66984 13690.63995 0 15504.33786 8473.285988 16272.63226 14827.36788 13129.7705 14450.12657 17371.84452 12368.60924 21092.51251 12591.41867 12859.36194 14217.34933 12216.82887 12308.46197 9248.132572 8314.09145 12399.13184 13144.73683 17823.24717 4689.954276 11246.99521 10636.66146 11155.9011 7215.349433 0 8781.1176 6421.988015 7509.660334 6349.591427 4426.260657 2518.302223 4790.454359 5298.171712 3747.822342 3946.957273 1954.383537 3687.309153 3503.125175 4214.955702 1808.373265 0 1315.330422 2017.828682 0 0 0 0 0 0 0 0 0 0 0 0 0 0 0 0 0 0 0 0 0 0 0 0 0 0 0 0 0 0 0 0 0 0 0 0 0 0 0 0 0 0 0 0 0 0 0 0 0 0 0 0 0 0 0 0 0 0 0 0 0 0 0 0 0 0 0 0 0 0 0 0 0 0 0 0 0 0 0 0 0 0 0 0 0 0 0 0 0 0 0 0 0 
0 0 0 0 0 0 0 0 0 0 0 0 0 0 0 0 0 0 0 0 0 0 0 0 0 0 0 0 0 0 0 0 0 0 0 0 0 0 0 0 0 0 0 0 0 0 0 0 0 0 0 0 0 0 0 0 0 0 0 0 0 0 0 0 0 0 0 0 0 0 0 0 0 0 0 0 0 0 0 0 0 0 0 0 0 0 0 0 0 0 195.5966691 107.6607127 315.4374069 914.7102805 1251.492286 242.2733306 1062.360951 804.7166478 1339.542197 1996.393332 3601.923298 1868.035515 2215.134174 1803.198375 0 0 3101.875135 5843.076193 0 6814.761729 0 7785.464288 7702.397797 7510.084672 10434.61293 5262.44487 12311.46695 17966.62612 15737.38285 6687.211718 15492.55164 8697.752763 9538.401429 13830.76906 0 15823.82679 12195.00019 16116.2758 16305.78386 15976.95187 13536.63988 13576.00912 11587.83513 15829.08819 13011.57752 10696.82668 12146.3406 12609.32876 10992.86863 11404.79112 4419.478832 13709.41489 12250.69649 10944.9993 6816.614108 10151.72789 5284.256551 10503.23318 6159.368004 5487.437192 5154.032877 5522.190534 6467.727148 5978.952032 1901.241524 3282.005741 3185.323789 2873.619386 4624.61991 2898.361272 3495.837986 924.2574107 0 1271.183571 0 0 0 0 0 0 0 0 0 0 0 0 0 0 0 0 0 0 0 0 0 0 0 0 0 0 0 0 0 0 0 0 0 0 0 0 0 0 0 0 0 0 0 0 0 0 0 0 0 0 0 0 0 0 0 0 0 0 0 0 0 0 0 0 0 0 0 0 0 0 0 0 0 0 0 0 0 0 0 0 0 0 0 0 0 0 0 0 0 0 0 0 
0 0 0 0 0 0 0 0 0 0 0 0 0 0 0 0 0 0 0 0 0 0 0 0 0 0 0 0 0 0 0 0 0 0 0 0 0 0 0 0 0 0 0 0 0 0 0 0 0 0 0 0 0 0 0 0 0 0 0 0 0 0 0 0 0 0 0 0 0 0 0 0 0 0 0 0 0 0 0 0 0 0 0 0 0 0 0 0 12.03168179 0 81.87511243 0 0 657.6769172 365.3604032 341.7057512 1224.937767 1631.750454 2285.236388 2019.384529 1296.876818 1811.783484 1877.711852 2405.940988 1992.907915 0 0 0 0 3388.881907 0 5451.649167 0 11078.72229 9667.544391 5486.432285 11473.24223 7572.795405 11773.82299 14749.80508 9353.394681 11281.83852 13221.50754 10590.69624 11740.46232 16466.4942 14846.88704 13709.33201 13847.1968 10858.12495 13691.61508 8041.889941 7800.130834 19233.70591 9567.806572 13618.5295 16912.25671 14432.08589 13653.00206 13196.13867 11169.84116 6872.993526 8921.139832 9772.434773 12501.35703 5093.081069 10377.57867 6705.093927 4669.1496 7268.34102 5774.631742 3813.247899 6746.960248 3694.924871 4538.591127 1494.283722 2917.384374 1750.710443 1951.885167 2196.885294 1848.6902 0 0 0 0 0 0 0 0 0 0 0 0 0 0 0 0 0 0 0 0 0 0 0 0 0 0 0 0 0 0 0 0 0 0 0 0 0 0 0 0 0 0 0 0 0 0 0 0 0 0 0 0 0 0 0 0 0 0 0 0 0 0 0 0 0 0 0 0 0 0 0 0 0 0 0 0 0 0 0 0 0 0 0 0 0 0 0 0 0 0 0 0 0 0 0 
0 0 0 0 0 0 0 0 0 0 0 0 0 0 0 0 0 0 0 0 0 0 0 0 0 0 0 0 0 0 0 0 0 0 0 0 0 0 0 0 0 0 0 0 0 0 0 0 0 0 0 0 0 0 0 0 0 0 0 0 0 0 0 0 0 0 0 0 0 0 0 0 0 0 0 0 0 0 0 0 0 0 0 0 0 0 0 0 0 57.85955759 323.4528734 157.3279551 639.4587184 228.168159 253.3080994 817.3308485 1020.977095 1343.516243 1562.223486 2112.723467 2495.764992 1678.653085 1514.555927 1087.082639 0 3337.53593 0 0 5294.544219 5683.656035 3884.456625 4589.792611 3921.762391 7124.664109 7386.225601 9000.670666 10666.33452 8224.596048 8638.358594 14877.11616 0 17650.62153 10074.71761 15293.50362 0 12071.68935 11319.24675 10062.04978 9624.147283 10916.48229 17797.79076 5904.739626 20085.07739 10449.35585 14603.33799 11622.98352 11976.27077 12362.85118 10712.4665 10776.98218 11763.01196 12880.94613 5425.524041 9731.002883 4490.964131 7987.974336 7264.506709 2560.647809 5451.809497 3635.767725 5810.89496 4001.159349 3915.253652 4008.618488 5566.656031 2384.573189 3759.72228 1833.682912 3176.087138 2410.734468 1520.537153 0 1044.886878 0 0 0 0 0 0 0 0 0 0 0 0 0 0 0 0 0 0 0 0 0 0 0 0 0 0 0 0 0 0 0 0 0 0 0 0 0 0 0 0 0 0 0 0 0 0 0 0 0 0 0 0 0 0 0 0 0 0 0 0 0 0 0 0 0 0 0 0 0 0 0 0 0 0 0 0 0 0 0 0 0 0 0 0 0 0 0 0 0 0 0 0 0 
0 0 0 0 0 0 0 0 0 0 0 0 0 0 0 0 0 0 0 0 0 0 0 0 0 0 0 0 0 0 0 0 0 0 0 0 0 0 0 0 0 0 0 0 0 0 0 0 0 0 0 0 0 0 0 0 0 0 0 0 0 0 0 0 0 0 0 0 0 0 0 0 0 0 0 0 0 0 0 0 0 0 0 0 0 0 0 0 0 293.8393758 0 283.669433 228.1956696 330.8170769 672.1842989 0 810.1518797 698.7409819 1981.956996 1883.204816 0 2151.848663 947.4491045 1041.354469 482.4848501 0 0 5878.670451 0 3513.248815 0 8165.667321 5346.990886 7175.785421 9023.475068 6838.280685 10964.78702 11463.8203 13621.00445 14629.7391 12258.99134 4353.670118 13104.42191 14171.79962 15688.27856 6232.897811 14395.1393 8289.417343 15103.9312 8756.875451 16784.26546 15828.58442 16866.08605 14574.97582 12360.71849 10653.35799 12736.31614 12672.5672 7520.894633 11699.60228 10695.64464 8488.64086 5633.468501 8699.204198 6815.020246 2995.991275 5079.835913 5092.796023 2990.827276 6963.841473 5972.036959 3585.201266 4663.449894 4380.249156 5189.884349 5049.423657 3659.736812 4289.800304 2709.518462 0 1840.770958 0 0 0 0 0 0 0 0 0 0 0 0 0 0 0 0 0 0 0 0 0 0 0 0 0 0 0 0 0 0 0 0 0 0 0 0 0 0 0 0 0 0 0 0 0 0 0 0 0 0 0 0 0 0 0 0 0 0 0 0 0 0 0 0 0 0 0 0 0 0 0 0 0 0 0 0 0 0 0 0 0 0 0 0 0 0 0 0 0 0 0 0 0 0 0 
0 0 0 0 0 0 0 0 0 0 0 0 0 0 0 0 0 0 0 0 0 0 0 0 0 0 0 0 0 0 0 0 0 0 0 0 0 0 0 0 0 0 0 0 0 0 0 0 0 0 0 0 0 0 0 0 0 0 0 0 0 0 0 0 0 0 0 0 0 0 0 0 0 0 0 0 0 0 0 0 0 0 0 0 0 0 0 0 0 175.6392619 459.9751077 434.0197384 301.4900159 413.1237129 69.07600946 816.0287309 930.5648248 403.8016954 1727.470398 2371.089874 0 2281.071641 709.7083003 3084.959168 2221.840195 1156.259491 1829.721812 0 6221.433704 2776.056204 3398.204625 0 9261.755403 6149.668781 5271.672518 9944.366183 11103.64495 6260.450409 8704.626051 12246.6122 8750.266798 12782.526 5752.944397 14998.83395 7414.277414 14898.96691 8938.891802 12183.99004 8526.235977 11667.08032 18331.69048 14146.29247 8432.483105 17922.08757 3418.913691 5362.830137 9962.349644 11937.82322 12447.95083 10437.43572 10191.61646 8604.072451 9865.62397 4392.3016 7833.722536 10148.09173 6973.513642 5484.036787 2980.313903 2636.441608 5461.675739 2255.952173 4362.767985 2395.20598 3728.205559 3610.740198 2239.500448 2521.472723 0 1045.439333 2623.804277 0 0 0 0 0 0 0 0 0 0 0 0 0 0 0 0 0 0 0 0 0 0 0 0 0 0 0 0 0 0 0 0 0 0 0 0 0 0 0 0 0 0 0 0 0 0 0 0 0 0 0 0 0 0 0 0 0 0 0 0 0 0 0 0 0 0 0 0 0 0 0 0 0 0 0 0 0 0 0 0 0 0 0 0 0 0 0 0 0 0 0 0 0 0 0 
0 0 0 0 0 0 0 0 0 0 0 0 0 0 0 0 0 0 0 0 0 0 0 0 0 0 0 0 0 0 0 0 0 0 0 0 0 0 0 0 0 0 0 0 0 0 0 0 0 0 0 0 0 0 0 0 0 0 0 0 0 0 0 0 0 0 0 0 0 0 0 0 0 0 0 0 0 0 0 0 0 0 0 0 0 0 0 0 0 0 284.4921512 0 336.6841342 739.9875734 587.870997 453.1444148 918.9165632 1464.069165 1374.854318 2490.211353 1694.415367 696.4332288 1933.37203 882.8121752 0 1025.593989 3336.383223 0 0 4772.040667 3125.785518 3028.085846 3366.77933 8808.025201 6661.195655 0 14213.80249 7552.112173 11307.22634 8860.306355 8126.331609 12937.28281 13141.0011 13303.39873 13162.60484 10264.24403 12957.20594 15387.32734 10114.59963 11213.932 14908.53032 9731.279873 8786.538092 8278.924505 9344.312905 8525.66712 8517.692663 11978.39176 7713.98656 9777.932505 8327.612183 5172.938821 9939.478292 5744.656123 6483.106947 5552.751517 3370.718682 6238.495205 4757.088962 3327.506004 3604.914531 2895.538905 3807.046924 1586.645002 4996.342935 5657.793663 2788.173918 3041.571447 1952.117858 1807.982448 2581.541894 0 1633.774515 0 0 0 0 0 0 0 0 0 0 0 0 0 0 0 0 0 0 0 0 0 0 0 0 0 0 0 0 0 0 0 0 0 0 0 0 0 0 0 0 0 0 0 0 0 0 0 0 0 0 0 0 0 0 0 0 0 0 0 0 0 0 0 0 0 0 0 0 0 0 0 0 0 0 0 0 0 0 0 0 0 0 0 0 0 0 0 0 0 0 0 0 0 
0 0 0 0 0 0 0 0 0 0 0 0 0 0 0 0 0 0 0 0 0 0 0 0 0 0 0 0 0 0 0 0 0 0 0 0 0 0 0 0 0 0 0 0 0 0 0 0 0 0 0 0 0 0 0 0 0 0 0 0 0 0 0 0 0 0 0 0 0 0 0 0 0 0 0 0 0 0 0 0 0 0 0 0 0 0 0 0 52.63561966 252.2859289 0 0 0 448.5935063 484.0490007 792.4168477 1071.838453 482.5533395 1405.143544 2154.119685 0 2040.987652 1329.301923 2600.328164 2013.522662 1465.874886 1.065676932 0 0 5438.314857 0 5859.978815 5764.467293 5661.83946 0 5144.875741 12340.78623 13385.80096 4334.696143 4750.638224 16636.1066 8258.376332 11209.42955 13872.98891 4706.630162 19398.85381 9285.000456 12865.09603 12062.91111 15636.42892 6718.66618 10704.09249 13339.66602 13362.18152 11511.63109 5619.613692 14893.85995 7183.063976 8322.006047 9091.237067 6672.324441 8766.811468 5257.064317 3635.190622 3519.590504 536.4238925 3219.594768 6602.997996 5358.837515 6082.901594 3865.665611 4109.295864 4932.136661 4257.11396 3086.36178 4334.919454 3367.129754 670.648355 972.7057496 1157.814355 1399.684033 0 769.7073872 0 0 0 0 0 0 0 0 0 0 0 0 0 0 0 0 0 0 0 0 0 0 0 0 0 0 0 0 0 0 0 0 0 0 0 0 0 0 0 0 0 0 0 0 0 0 0 0 0 0 0 0 0 0 0 0 0 0 0 0 0 0 0 0 0 0 0 0 0 0 0 0 0 0 0 0 0 0 0 0 0 0 0 0 0 0 0 0 0 0 0 0 0 
0 0 0 0 0 0 0 0 0 0 0 0 0 0 0 0 0 0 0 0 0 0 0 0 0 0 0 0 0 0 0 0 0 0 0 0 0 0 0 0 0 0 0 0 0 0 0 0 0 0 0 0 0 0 0 0 0 0 0 0 0 0 0 0 0 0 0 0 0 0 0 0 0 0 0 0 0 0 0 0 0 0 0 0 0 0 0 0 46.60359349 0 132.8978246 98.46041118 287.6079913 495.0640549 971.5425247 0 575.3403786 667.0840837 1747.484763 2346.579895 1807.624472 2741.59218 1384.062932 645.5462598 0 991.6458556 0 4430.85957 1892.035073 0 5220.173312 1361.830822 2698.942211 6216.848735 7146.434453 2175.883297 6543.687285 10112.09587 5606.519309 4182.486857 5723.493353 11915.6431 3717.551443 14272.11844 17188.54575 14407.95046 14975.68176 0 13125.1618 13068.36671 11490.75184 11707.40768 0 13965.55276 11068.53661 11877.18686 5812.525369 11645.86592 9444.935509 9090.602164 4593.985669 6207.059032 6338.008825 6446.219906 4577.417832 6637.28899 6472.038961 5670.829871 4286.063427 6073.729027 4291.091406 6550.383704 4697.873486 2722.051503 3678.857753 1443.696443 3677.985331 1557.801385 0 2230.914637 1555.053615 861.8182616 1130.248077 773.2267419 0 0 0 0 0 0 0 0 0 0 0 0 0 0 0 0 0 0 0 0 0 0 0 0 0 0 0 0 0 0 0 0 0 0 0 0 0 0 0 0 0 0 0 0 0 0 0 0 0 0 0 0 0 0 0 0 0 0 0 0 0 0 0 0 0 0 0 0 0 0 0 0 0 0 0 0 0 0 0 0 0 0 0 0 0 0 0 0 0 0 0 0 
0 0 0 0 0 0 0 0 0 0 0 0 0 0 0 0 0 0 0 0 0 0 0 0 0 0 0 0 0 0 0 0 0 0 0 0 0 0 0 0 0 0 0 0 0 0 0 0 0 0 0 0 0 0 0 0 0 0 0 0 0 0 0 0 0 0 0 0 0 0 0 0 0 0 0 0 0 0 0 0 0 0 0 0 0 0 0 0 33.59234998 234.7790458 240.778059 60.108507 357.7066653 925.5058837 690.8253146 74.88319732 1095.673843 591.3250787 1005.63697 795.0671078 21.99276457 1438.207462 1676.640299 0 0 3431.889938 0 0 4352.985968 0 0 2658.505683 0 2627.259943 11010.1946 2099.896127 6633.606234 13266.81887 9450.638074 0 11671.69613 7524.047654 9593.811057 0 7223.189523 7778.557528 7216.11109 12317.47299 4194.418948 14525.1792 11399.80781 8024.760648 9584.179529 10120.19034 7188.407933 10255.27161 9171.448351 9873.627563 7244.652708 11764.52995 6895.078761 5374.567969 6922.398786 3796.805112 5133.814814 5424.017383 3012.22568 4391.11344 4603.972282 4694.737586 2414.888493 4574.923089 3886.359052 3200.38737 4092.339118 0 0 2830.620046 1027.644881 886.9564627 985.650516 1654.045584 0 0 0 0 0 0 0 0 0 0 0 0 0 0 0 0 0 0 0 0 0 0 0 0 0 0 0 0 0 0 0 0 0 0 0 0 0 0 0 0 0 0 0 0 0 0 0 0 0 0 0 0 0 0 0 0 0 0 0 0 0 0 0 0 0 0 0 0 0 0 0 0 0 0 0 0 0 0 0 0 0 0 0 0 0 0 0 0 0 0 0 0 0 0 
0 0 0 0 0 0 0 0 0 0 0 0 0 0 0 0 0 0 0 0 0 0 0 0 0 0 0 0 0 0 0 0 0 0 0 0 0 0 0 0 0 0 0 0 0 0 0 0 0 0 0 0 0 0 0 0 0 0 0 0 0 0 0 0 0 0 0 0 0 0 0 0 0 0 0 0 0 0 0 0 0 0 0 0 0 0 0 0 0 127.0127045 157.576314 0 324.6811934 0 390.0976546 556.4661491 855.7582437 1431.43946 1114.281449 677.4439869 2142.738155 1265.842413 0 1064.866708 977.8471418 0 0 1354.567843 1949.456335 3405.432547 0 0 5089.745454 6326.464487 889.0029812 7455.117788 6435.417741 4472.190495 281.1847099 3337.497055 7145.508566 0.0002105276759 0 9764.967033 10018.91776 9444.261083 8578.091327 7226.021869 11705.39862 5985.903929 9203.551207 10347.96382 7295.542284 7207.353296 7158.694994 5962.466395 3334.038131 5995.30776 4305.267829 4696.231223 10238.00818 6416.217055 2943.803171 6592.596032 6085.998361 6347.466188 5141.02212 4956.402564 2967.474166 4472.288219 4630.159802 2250.559621 1147.772209 3662.429167 1194.114929 2325.153178 1931.920898 3407.131976 1359.388045 0 1328.854575 0 0 1125.134489 0 0 0 0 0 0 0 0 0 0 0 0 0 0 0 0 0 0 0 0 0 0 0 0 0 0 0 0 0 0 0 0 0 0 0 0 0 0 0 0 0 0 0 0 0 0 0 0 0 0 0 0 0 0 0 0 0 0 0 0 0 0 0 0 0 0 0 0 0 0 0 0 0 0 0 0 0 0 0 0 0 0 0 0 0 0 0 0 0 0 0 0 
0 0 0 0 0 0 0 0 0 0 0 0 0 0 0 0 0 0 0 0 0 0 0 0 0 0 0 0 0 0 0 0 0 0 0 0 0 0 0 0 0 0 0 0 0 0 0 0 0 0 0 0 0 0 0 0 0 0 0 0 0 0 0 0 0 0 0 0 0 0 0 0 0 0 0 0 0 0 0 0 0 0 0 0 0 0 0 0 0 0 0 163.7433905 210.4629326 247.5369133 578.6791576 175.6895068 797.7893279 772.0188688 1055.240772 1409.660194 1070.842689 1381.313558 1.457831951 0 2784.827626 0 3149.790606 3811.292343 0 3421.846918 0 6350.771574 5469.872698 7416.269252 0 7891.935637 5001.347803 0 1889.467444 8707.754846 9772.968001 10693.23053 7015.627842 4880.429802 7577.818256 10036.49111 7593.370799 7477.268386 8602.584774 8120.672818 5092.280226 5296.893165 8688.66272 7682.760125 8327.152899 5685.834765 5170.389579 6747.897437 2750.425288 8534.353775 8826.762685 9414.72981 5408.228146 5532.094009 2826.513819 0 5241.127341 4.932701607 4371.043538 4462.673308 3399.327605 4792.356205 2871.653403 2538.817488 3436.837381 3603.786164 9.270435687 2458.605484 1784.630331 1710.974032 1097.765118 286.0654742 1074.261444 0 0 0 0 0 0 0 0 0 0 0 0 0 0 0 0 0 0 0 0 0 0 0 0 0 0 0 0 0 0 0 0 0 0 0 0 0 0 0 0 0 0 0 0 0 0 0 0 0 0 0 0 0 0 0 0 0 0 0 0 0 0 0 0 0 0 0 0 0 0 0 0 0 0 0 0 0 0 0 0 0 0 0 0 0 0 0 0 0 0 0 0 0 
0 0 0 0 0 0 0 0 0 0 0 0 0 0 0 0 0 0 0 0 0 0 0 0 0 0 0 0 0 0 0 0 0 0 0 0 0 0 0 0 0 0 0 0 0 0 0 0 0 0 0 0 0 0 0 0 0 0 0 0 0 0 0 0 0 0 0 0 0 0 0 0 0 0 0 0 0 0 0 0 0 0 0 0 0 0 0 0 0 42.71045885 0 0 0 574.3601456 132.881609 0 759.9251568 511.5017625 1040.203684 469.8697306 823.0086949 0 1694.460374 648.3389227 1117.698434 0 0 0 2127.717975 0 2006.532873 2450.644265 7533.776985 27.9750567 7638.240822 0 1162.587196 4138.36754 4051.323264 5535.155255 8563.392389 3690.227782 11536.6489 7255.248834 11802.2003 0 7640.299838 10550.73494 7539.353898 4697.823619 11095.23757 10424.01736 7180.896463 9523.093549 8273.459211 7605.333088 5633.577912 7472.52097 8530.079511 5314.748163 4490.13034 2365.61148 4742.160433 4773.638904 0 2259.625933 0 5287.853854 3890.876873 0 2590.082296 3787.205386 3407.574541 3.556006324e-10 2812.786784 2536.143191 1436.971116 954.9261708 0.003207456286 1574.668171 681.2817198 0 0 0 0 0 0 0 0 0 0 0 0 0 0 0 0 0 0 0 0 0 0 0 0 0 0 0 0 0 0 0 0 0 0 0 0 0 0 0 0 0 0 0 0 0 0 0 0 0 0 0 0 0 0 0 0 0 0 0 0 0 0 0 0 0 0 0 0 0 0 0 0 0 0 0 0 0 0 0 0 0 0 0 0 0 0 0 0 0 0 0 0 0 0 0 
0 0 0 0 0 0 0 0 0 0 0 0 0 0 0 0 0 0 0 0 0 0 0 0 0 0 0 0 0 0 0 0 0 0 0 0 0 0 0 0 0 0 0 0 0 0 0 0 0 0 0 0 0 0 0 0 0 0 0 0 0 0 0 0 0 0 0 0 0 0 0 0 0 0 0 0 0 0 0 0 0 0 0 0 0 0 0 0 18.37480383 89.97240752 86.55865021 14.64523628 0 323.6315213 410.3369652 841.9667126 492.0305152 284.2867975 1205.498527 854.7223097 1873.171059 694.295463 0 650.7107043 0 46.25370381 1139.613924 0 3.649198613 0 8077.452531 6010.762392 5230.95774 0 3321.296114 4247.993537 4441.636772 0 4987.993469 3.638002097 4639.645644 5472.117903 9934.128544 6909.320233 7810.823812 12734.28128 7307.060625 7994.273882 12312.51373 7307.59754 7673.187605 7465.720759 10536.41114 5158.392478 5974.080229 5044.403399 9526.502542 5211.471026 8769.511154 4098.854665 6735.055611 5242.309108 8055.873464 4736.792507 5384.075879 2084.83617 4057.73855 3414.702584 3638.843517 2987.086203 4575.240561 2455.012888 1565.977283 3595.011176 1973.8765 1561.937776 1670.992415 2828.30949 1416.815962 1054.557228 0 555.0581593 786.3059898 133.0192463 0 0 0 0 0 0 0 0 0 0 0 0 0 0 0 0 0 0 0 0 0 0 0 0 0 0 0 0 0 0 0 0 0 0 0 0 0 0 0 0 0 0 0 0 0 0 0 0 0 0 0 0 0 0 0 0 0 0 0 0 0 0 0 0 0 0 0 0 0 0 0 0 0 0 0 0 0 0 0 0 0 0 0 0 0 0 0 0 0 0 0 0 
0 0 0 0 0 0 0 0 0 0 0 0 0 0 0 0 0 0 0 0 0 0 0 0 0 0 0 0 0 0 0 0 0 0 0 0 0 0 0 0 0 0 0 0 0 0 0 0 0 0 0 0 0 0 0 0 0 0 0 0 0 0 0 0 0 0 0 0 0 0 0 0 0 0 0 0 0 0 0 0 0 0 0 0 0 0 0 0 3.669840954e-11 139.7218345 0 250.0510679 474.534995 7.326667013 872.3487648 607.2171656 805.673047 1098.747869 0 1023.456714 1630.206227 1676.850286 792.2996532 822.6685813 0 1690.95522 2772.968542 2933.772743 0.4104629784 0 4167.013658 4572.121834 3656.274177 5202.635436 3882.237322 8040.745471 5750.039152 7490.48889 1111.342687 5075.456272 6453.215922 994.0310161 8209.263246 6502.216806 9441.814215 0.0573127802 6981.440277 7071.70023 3145.236439 5149.797405 8206.0647 9460.775952 8776.817122 6722.431141 1773.39824 6652.082839 7670.470535 6459.107626 6985.507897 2086.31354 6362.868687 5149.555314 7267.760435 247.6642788 5091.878567 3814.15262 2994.025713 2917.215679 2270.690087 2912.061242 0 0 3461.181168 2837.820508 3852.015835 2126.797096 0 2279.735947 0 2265.509154 0 0 716.2523975 0 0 0 0 0 0 0 0 0 0 0 0 0 0 0 0 0 0 0 0 0 0 0 0 0 0 0 0 0 0 0 0 0 0 0 0 0 0 0 0 0 0 0 0 0 0 0 0 0 0 0 0 0 0 0 0 0 0 0 0 0 0 0 0 0 0 0 0 0 0 0 0 0 0 0 0 0 0 0 0 0 0 0 0 0 0 0 0 0 0 0 0 0 
0 0 0 0 0 0 0 0 0 0 0 0 0 0 0 0 0 0 0 0 0 0 0 0 0 0 0 0 0 0 0 0 0 0 0 0 0 0 0 0 0 0 0 0 0 0 0 0 0 0 0 0 0 0 0 0 0 0 0 0 0 0 0 0 0 0 0 0 0 0 0 0 0 0 0 0 0 0 0 0 0 0 0 0 0 0 0 0 0 0 18.30927262 4.075979898e-08 439.3955607 31.07031564 44.20820077 0 5.386119073e-06 0 389.8504783 6.635023773 888.3145468 642.9642335 1945.434505 0 0 2064.153296 0 0 0 2789.868188 0 0 3646.528927 0 0 3499.442039 9272.570758 2.112019067e-11 2424.470132 4888.978382 522.9021227 7622.580838 0 5306.945907 13662.01852 5884.960192 8995.67977 9752.579336 11074.20733 8057.636536 7046.280113 7768.85252 5780.535629 6493.159014 7314.480483 8940.782204 5632.057499 6353.205559 3582.859408 8563.614668 4264.450326 4878.26173 5200.287387 5509.860548 1581.144662 2642.411113 3218.556194 3586.592472 3498.6719 3420.871062 0 2800.62337 3.706400773e-06 2926.872726 1195.704701 2295.696363 2793.324218 327.1293167 0 5.972121549e-06 1184.873132 1087.132584 0 0 0 0 0 0 0 0 0 0 0 0 0 0 0 0 0 0 0 0 0 0 0 0 0 0 0 0 0 0 0 0 0 0 0 0 0 0 0 0 0 0 0 0 0 0 0 0 0 0 0 0 0 0 0 0 0 0 0 0 0 0 0 0 0 0 0 0 0 0 0 0 0 0 0 0 0 0 0 0 0 0 0 0 0 0 0 0 0 0 0 0 0 0 
0 0 0 0 0 0 0 0 0 0 0 0 0 0 0 0 0 0 0 0 0 0 0 0 0 0 0 0 0 0 0 0 0 0 0 0 0 0 0 0 0 0 0 0 0 0 0 0 0 0 0 0 0 0 0 0 0 0 0 0 0 0 0 0 0 0 0 0 0 0 0 0 0 0 0 0 0 0 0 0 0 0 0 0 0 0 0 0 0 1.602093142e-05 0 0 92.67908579 449.3063002 0 0.002393943944 36.06499551 737.1828412 720.2791094 767.4848109 1153.302872 1006.850339 751.4030685 0 966.2964428 2104.516656 0 4350.661219 0.0004424619817 2.576412396e-10 1167.635729 0 6.242010219 6646.132469 5270.967025 5602.804554 5442.195984 7272.631301 9548.62503 5391.351562 3128.591825 24.25193592 10107.29318 7073.696859 5553.418663 5220.01416 10270.65142 8420.333268 7071.615954 10570.76808 8550.496265 8364.422336 6971.9212 6296.998479 9194.288065 6540.735379 7823.949819 4228.627874 4286.48414 0.04915173391 4231.976166 5803.21934 2828.308196 4527.609517 5029.63069 3322.447154 3641.591364 0 1310.097202 2.807554273 2983.29874 3.125927479 2359.591373 2186.129453 52.55536355 7.162249595e-09 1929.848419 4.87467804e-15 0 1743.031385 1116.572519 0 457.1483336 0 0 0 0 0 0 0 0 0 0 0 0 0 0 0 0 0 0 0 0 0 0 0 0 0 0 0 0 0 0 0 0 0 0 0 0 0 0 0 0 0 0 0 0 0 0 0 0 0 0 0 0 0 0 0 0 0 0 0 0 0 0 0 0 0 0 0 0 0 0 0 0 0 0 0 0 0 0 0 0 0 0 0 0 0 0 0 0 0 0 0 0 0 
0 0 0 0 0 0 0 0 0 0 0 0 0 0 0 0 0 0 0 0 0 0 0 0 0 0 0 0 0 0 0 0 0 0 0 0 0 0 0 0 0 0 0 0 0 0 0 0 0 0 0 0 0 0 0 0 0 0 0 0 0 0 0 0 0 0 0 0 0 0 0 0 0 0 0 0 0 0 0 0 0 0 0 0 0 0 0 0 0 1.176378566e-16 5.411843441 0 524.2945941 4.668612468e-14 0.3387877915 435.7924131 510.4411764 733.7751438 582.4796795 544.4334454 1049.129556 1420.441984 826.0451071 0 345.557672 0 494.2202797 0 1480.754106 0 0 2562.968281 4802.795898 0.0002699774776 0 7438.633397 7526.192278 1351.40271 7689.361718 5726.924931 7936.607272 6737.991555 7381.15551 4840.492171 5555.022484 6644.630693 6994.554165 10818.36302 10625.44414 8409.147366 3346.509037 6408.434298 5987.18039 0 89.17721419 7005.50374 4301.738546 1.785094237e-17 5426.147698 4900.753951 4880.556075 4954.684622 4586.403539 3732.024298 4849.133874 5212.797504 0.0007904860071 0.003494030877 2405.131805 1290.49355 1076.442497 2762.141559 2462.875832 1872.474156 2897.552733 2623.39651 1091.935127 1929.43647 0 0 1091.635863 1105.572795 699.7241103 0 0 0 0 0 0 0 0 0 0 0 0 0 0 0 0 0 0 0 0 0 0 0 0 0 0 0 0 0 0 0 0 0 0 0 0 0 0 0 0 0 0 0 0 0 0 0 0 0 0 0 0 0 0 0 0 0 0 0 0 0 0 0 0 0 0 0 0 0 0 0 0 0 0 0 0 0 0 0 0 0 0 0 0 0 0 0 0 0 0 0 0 0 
0 0 0 0 0 0 0 0 0 0 0 0 0 0 0 0 0 0 0 0 0 0 0 0 0 0 0 0 0 0 0 0 0 0 0 0 0 0 0 0 0 0 0 0 0 0 0 0 0 0 0 0 0 0 0 0 0 0 0 0 0 0 0 0 0 0 0 0 0 0 0 0 0 0 0 0 0 0 0 0 0 0 0 0 0 0 0 0 0 49.54356765 40.90518277 0.00102729014 0 4.919125393e-14 170.8713858 541.8161436 465.7362101 91.01664525 950.1464844 962.55351 0 1313.692802 110.6370267 272.4680131 0 3300.660273 1639.661148 1958.080168 0 0 2484.631993 3397.974419 0 0 0 4855.1607 4067.534309 3899.318792 2.433310356e-08 6939.459998 5895.980497 5848.605411 7992.505628 0 6423.754628 5997.280768 10582.55278 10063.98783 6570.874001 6949.861077 8631.576466 3203.500824 1759.386255 4505.094379 4692.200556 6555.215916 3.188563157e-09 6540.974169 1671.085864 5697.862278 6737.436426 5177.965833 6101.772683 4468.080328 0 2810.524064 75.65118909 2584.083457 3038.120082 2694.120961 0 2902.709908 976.5644387 1.912357391e-07 0.0001154902503 6.920348794e-12 1518.81187 1145.682983 1828.186707 0 789.1009552 0 614.4978061 0 0 0 0 0 0 0 0 0 0 0 0 0 0 0 0 0 0 0 0 0 0 0 0 0 0 0 0 0 0 0 0 0 0 0 0 0 0 0 0 0 0 0 0 0 0 0 0 0 0 0 0 0 0 0 0 0 0 0 0 0 0 0 0 0 0 0 0 0 0 0 0 0 0 0 0 0 0 0 0 0 0 0 0 0 0 0 0 0 0 0 0 0 
0 0 0 0 0 0 0 0 0 0 0 0 0 0 0 0 0 0 0 0 0 0 0 0 0 0 0 0 0 0 0 0 0 0 0 0 0 0 0 0 0 0 0 0 0 0 0 0 0 0 0 0 0 0 0 0 0 0 0 0 0 0 0 0 0 0 0 0 0 0 0 0 0 0 0 0 0 0 0 0 0 0 0 0 0 0 0 0 0 11.04281009 43.37475083 0 1.163433864e-11 566.331453 230.2213278 330.704289 837.5441946 728.8314354 946.8051732 547.2749668 496.6045398 9.022297723e-06 790.2007813 1543.865769 1439.355707 0 0 1243.320001 0 4451.891873 2851.479205 2869.325467 3311.858455 0.001567942466 2.260464381e-06 6340.787017 1011.118105 4645.696428 0.0004662762072 4921.621185 0 6543.655606 4099.482056 5351.742946 0 8205.983686 7043.218828 7965.698116 6926.88748 7242.191819 4902.219409 4726.389094 4147.95698 3951.927646 5461.956798 0.1434162717 4644.315964 5890.796678 4340.674005 4503.789818 3886.669141 3628.042484 4964.584392 3705.829463 5953.24646 1.258566021e-06 2.725608986e-22 3234.465262 9.411004385e-06 1670.687455 3464.914608 1069.350587 3221.075281 1792.375091 2216.843391 0 4.60026949e-09 3.360273335e-14 1647.69663 0 6.752494575 394.2179176 0.0001374999994 1.03201453e-28 0 0 0 0 0 0 0 0 0 0 0 0 0 0 0 0 0 0 0 0 0 0 0 0 0 0 0 0 0 0 0 0 0 0 0 0 0 0 0 0 0 0 0 0 0 0 0 0 0 0 0 0 0 0 0 0 0 0 0 0 0 0 0 0 0 0 0 0 0 0 0 0 0 0 0 0 0 0 0 0 0 0 0 0 0 0 0 0 0 0 0 0 
0 0 0 0 0 0 0 0 0 0 0 0 0 0 0 0 0 0 0 0 0 0 0 0 0 0 0 0 0 0 0 0 0 0 0 0 0 0 0 0 0 0 0 0 0 0 0 0 0 0 0 0 0 0 0 0 0 0 0 0 0 0 0 0 0 0 0 0 0 0 0 0 0 0 0 0 0 0 0 0 0 0 0 0 0 0 0 0 36.45239404 169.7545938 3.560054195e-13 397.6819876 462.5480487 0.2927865302 589.5497325 0.001795488601 26.0745412 604.5802547 287.5281485 756.0541158 2.626001851e-11 977.9109418 1248.828673 6.019492717e-07 0 8.935675775e-09 1695.152677 0 0 0 2352.708347 0.09152454347 2935.181223 0 6.510158802e-07 0.1527461204 0 4826.107843 912.5521697 6602.754176 48.41437747 6193.491278 5649.346202 8597.745177 4375.535029 8718.063223 8302.171995 0 5301.044088 7.432907215 5805.618715 3506.977195 4332.791687 4987.649424 6452.069561 7067.505162 139.0956685 1530.470038 3989.163028 3004.773673 5084.47364 4188.14199 1827.63493 6.007493699e-12 2114.388716 2112.281533 1.417752368 1917.42957 2707.666129 2550.311024 1092.859417 16.67749089 0 2.534661015e-12 7.251766476e-16 1672.708746 1747.527175 0 1294.788616 2.247472635e-17 4.600855154e-21 0 0 768.2384095 0 0 0 0 0 0 0 0 0 0 0 0 0 0 0 0 0 0 0 0 0 0 0 0 0 0 0 0 0 0 0 0 0 0 0 0 0 0 0 0 0 0 0 0 0 0 0 0 0 0 0 0 0 0 0 0 0 0 0 0 0 0 0 0 0 0 0 0 0 0 0 0 0 0 0 0 0 0 0 0 0 0 0 0 0 0 0 0 0 0 0 0 
0 0 0 0 0 0 0 0 0 0 0 0 0 0 0 0 0 0 0 0 0 0 0 0 0 0 0 0 0 0 0 0 0 0 0 0 0 0 0 0 0 0 0 0 0 0 0 0 0 0 0 0 0 0 0 0 0 0 0 0 0 0 0 0 0 0 0 0 0 0 0 0 0 0 0 0 0 0 0 0 0 0 0 0 0 0 0 0 0 0 118.0571256 2.379087934e-22 6.358370491e-12 64.09090276 188.009606 163.8981137 363.9254697 8.589915481e-12 665.8889692 497.8126175 2.130550909e-12 1338.483802 1101.584521 1463.796028 776.5805968 0 0 7.763411778e-10 0 0.08484535711 2.080365867e-12 7.292108004e-07 353.9136627 2570.603627 201.8524655 4117.078325 0 3245.444144 2004.928998 2.305898805e-06 3436.468109 5276.529482 190.8031671 1.471119389e-21 6193.66794 0.2231483996 3891.822093 3300.181998 3878.409291 1164.778173 6704.528263 3749.27619 2750.151415 3908.18252 20.43983638 6673.813222 443.0402838 1176.145156 0.02512874668 5049.016511 4891.368412 5141.095403 3210.333199 2779.363458 1704.045766 3865.86346 2346.247806 0 0.0001217014944 2.19479244e-14 2672.890587 7.388255962e-07 2522.864059 2464.78226 1154.211074 0 4.382348762e-22 1409.016528 1644.166809 733.6919902 944.2748902 0 0 0 0 0 0 0 0 0 0 0 0 0 0 0 0 0 0 0 0 0 0 0 0 0 0 0 0 0 0 0 0 0 0 0 0 0 0 0 0 0 0 0 0 0 0 0 0 0 0 0 0 0 0 0 0 0 0 0 0 0 0 0 0 0 0 0 0 0 0 0 0 0 0 0 0 0 0 0 0 0 0 0 0 0 0 0 0 0 0 0 0 0 0 0 
0 0 0 0 0 0 0 0 0 0 0 0 0 0 0 0 0 0 0 0 0 0 0 0 0 0 0 0 0 0 0 0 0 0 0 0 0 0 0 0 0 0 0 0 0 0 0 0 0 0 0 0 0 0 0 0 0 0 0 0 0 0 0 0 0 0 0 0 0 0 0 0 0 0 0 0 0 0 0 0 0 0 0 0 0 0 0 0 0 0 0 0 69.71968931 428.4156792 1.148120643e-06 225.5040193 615.2021274 421.7712735 364.9417159 9.133802962e-16 6.555789721e-29 8.420818744e-15 1709.985457 1600.806784 1694.280176 0 1133.684097 1712.590029 0 5.058350301e-06 0 0 1914.258489 2080.8391 2500.8588 2620.859461 2089.934275 4865.823556 498.7219159 3577.107415 9102.280859 6753.491733 7763.784421 1.071572528e-11 4077.968619 5091.532721 4947.773789 5881.012912 8521.570291 7169.322795 6877.44229 3089.362303 5756.659575 1.55177885e-07 1.961713684e-07 8320.65197 6657.974555 0.00103121098 2760.771566 0 2.729715545e-09 10.38939252 336.9938239 1909.254986 2563.350438 3205.971695 2148.909553 1072.442917 2333.746809 1951.551097 1951.873404 2670.295661 1714.850017 7.246345598e-08 0 5.081558053 0.0002487235644 2085.338736 0 0.005158349895 0 2.950906614 0 0 0 0 0 0 0 0 0 0 0 0 0 0 0 0 0 0 0 0 0 0 0 0 0 0 0 0 0 0 0 0 0 0 0 0 0 0 0 0 0 0 0 0 0 0 0 0 0 0 0 0 0 0 0 0 0 0 0 0 0 0 0 0 0 0 0 0 0 0 0 0 0 0 0 0 0 0 0 0 0 0 0 0 0 0 0 0 0 0 0 0 0 0 
0 0 0 0 0 0 0 0 0 0 0 0 0 0 0 0 0 0 0 0 0 0 0 0 0 0 0 0 0 0 0 0 0 0 0 0 0 0 0 0 0 0 0 0 0 0 0 0 0 0 0 0 0 0 0 0 0 0 0 0 0 0 0 0 0 0 0 0 0 0 0 0 0 0 0 0 0 0 0 0 0 0 0 0 0 0 0 0 0 1.244026892e-31 0 37.19564138 187.3355956 294.3605905 684.6619892 0 205.4248444 798.8327468 21.37565409 2.472095798e-08 0.09283578891 946.3421171 0 1249.165564 0 981.9517416 0 815.7714785 0 0 1.246883223 0 0 1108.656607 179.9649447 0 3998.335476 3711.135493 100.7683927 1.732308359e-10 2290.424677 2171.887987 4491.672913 3161.786224 0 0 5.060013447e-21 4393.75902 3135.963199 6693.077355 4199.695472 4903.278313 4684.027961 6598.451741 5954.112022 3466.950499 5159.522246 352.5258385 4319.987914 186.6132831 2131.9446 3051.804432 5.50228821e-17 0 0.194030843 2233.919909 2222.750082 0.8572362045 2364.89878 1437.907761 1885.322049 647.4678995 2936.970367 3.12987405e-05 0.04521964232 809.6701543 2076.324911 1.059735425e-40 1342.309987 8.301912731e-07 0 653.6930136 834.4666971 2.387301572e-34 0 0 0 0 0 0 0 0 0 0 0 0 0 0 0 0 0 0 0 0 0 0 0 0 0 0 0 0 0 0 0 0 0 0 0 0 0 0 0 0 0 0 0 0 0 0 0 0 0 0 0 0 0 0 0 0 0 0 0 0 0 0 0 0 0 0 0 0 0 0 0 0 0 0 0 0 0 0 0 0 0 0 0 0 0 0 0 0 0 0 0 0 
0 0 0 0 0 0 0 0 0 0 0 0 0 0 0 0 0 0 0 0 0 0 0 0 0 0 0 0 0 0 0 0 0 0 0 0 0 0 0 0 0 0 0 0 0 0 0 0 0 0 0 0 0 0 0 0 0 0 0 0 0 0 0 0 0 0 0 0 0 0 0 0 0 0 0 0 0 0 0 0 0 0 0 0 0 0 0 0 0 0 9.668502881e-17 0 341.3339266 189.8999018 0 0.1071313623 315.7446263 351.6927247 526.1761612 1244.380252 8.827813416e-14 788.8037719 1148.332718 1.359941891 0 1059.195422 0 1398.227527 0 0 0 2.407262617e-17 0 118.2493244 76.1460028 2.299513171e-15 2209.22296 10.52840866 2950.817185 1.150570482e-13 1.519668974e-09 5292.786824 5919.654427 1656.883167 2.507447715 6.852120835e-18 3197.522859 3553.275229 4.306755293e-09 4744.614878 4991.498877 4.120130861e-14 0 5237.877089 4989.746944 3829.168387 0 2.340069288e-13 6.679103484e-18 3302.354322 0.006065144046 2534.188302 0 8.993946794e-17 3447.210638 0 8.808705492e-12 2968.190077 987.4602633 4.18560401e-09 1.151799965e-17 1017.147515 2219.591227 1463.698861 1665.770025 0 701.4868612 1254.746403 0.03676213568 992.0727496 0 1004.360895 0 0 0 0 0 0 0 0 0 0 0 0 0 0 0 0 0 0 0 0 0 0 0 0 0 0 0 0 0 0 0 0 0 0 0 0 0 0 0 0 0 0 0 0 0 0 0 0 0 0 0 0 0 0 0 0 0 0 0 0 0 0 0 0 0 0 0 0 0 0 0 0 0 0 0 0 0 0 0 0 0 0 0 0 0 0 0 0 0 0 0 0 0 0 
0 0 0 0 0 0 0 0 0 0 0 0 0 0 0 0 0 0 0 0 0 0 0 0 0 0 0 0 0 0 0 0 0 0 0 0 0 0 0 0 0 0 0 0 0 0 0 0 0 0 0 0 0 0 0 0 0 0 0 0 0 0 0 0 0 0 0 0 0 0 0 0 0 0 0 0 0 0 0 0 0 0 0 0 0 0 0 0 16.49740703 0 1.871281588e-21 0 157.3863513 270.4114519 0 3.737033887e-40 0 7.015990503e-22 2.556290691e-14 454.0523724 1018.33055 7.572657567e-32 0 2.272661484e-06 1554.070475 1.664839083e-09 3705.313529 0 0 0 0 2012.276055 4468.352248 0 4243.854817 0 3133.768285 7.038119745e-16 7.353906895e-16 4039.956693 2.164989997e-28 5628.47635 3505.609455 6018.281356 5775.533177 1.344930011e-33 0 5163.563885 5350.996359 3366.965524 2.620349179e-18 3470.277723 6565.657356 975.1642727 5062.429448 4221.63919 3561.457309 0.2694120528 2209.059104 2854.839943 0.002138527103 2746.443723 727.6374004 3.281033802e-10 2180.840728 3.261893821e-20 1.178466703e-09 949.450135 0 5.48153397e-13 1638.901135 30.06929661 0 3.528769287e-15 2684.70394 1.721323705e-32 1.730255556e-23 1076.322344 1.454841058e-30 0 848.2434694 819.136165 6.899727134e-25 0 0 0 0 0 0 0 0 0 0 0 0 0 0 0 0 0 0 0 0 0 0 0 0 0 0 0 0 0 0 0 0 0 0 0 0 0 0 0 0 0 0 0 0 0 0 0 0 0 0 0 0 0 0 0 0 0 0 0 0 0 0 0 0 0 0 0 0 0 0 0 0 0 0 0 0 0 0 0 0 0 0 0 0 0 0 0 0 0 0 0 0 0 
0 0 0 0 0 0 0 0 0 0 0 0 0 0 0 0 0 0 0 0 0 0 0 0 0 0 0 0 0 0 0 0 0 0 0 0 0 0 0 0 0 0 0 0 0 0 0 0 0 0 0 0 0 0 0 0 0 0 0 0 0 0 0 0 0 0 0 0 0 0 0 0 0 0 0 0 0 0 0 0 0 0 0 0 0 0 0 0 28.95083863 0 0 180.5838035 167.6102497 293.644122 3.741073361e-28 0 494.442965 1.224065886e-11 1.026649961e-20 0.001392654657 491.6875932 0 1099.82927 5.4586739e-19 1119.679833 0 0 0 0 0 2694.160088 0 1.971721408e-17 0 2644.172216 0.009727230105 5.702430373e-11 908.5677838 2085.116801 238.7616491 2967.76508 0.08917713908 5748.010651 34.67273596 1.356508192e-13 3.221406685e-36 498.7807608 0 1318.771582 4561.663858 4004.490581 3381.734264 7.435387761e-15 2790.948484 9.851815057e-06 1.569403514e-27 4154.784998 705.066249 4.077896268e-29 2417.763126 0 3122.008391 2112.474249 1414.55398 0.000126955637 3025.896996 9.256237343e-32 8.077720399e-24 0 2262.057777 3.337146587e-05 1163.787537 1524.100703 1494.004378 994.0369957 1.139038691e-31 1264.597795 341.6998493 93.59670069 0 586.7139402 464.7351045 0 0 0 0 0 0 0 0 0 0 0 0 0 0 0 0 0 0 0 0 0 0 0 0 0 0 0 0 0 0 0 0 0 0 0 0 0 0 0 0 0 0 0 0 0 0 0 0 0 0 0 0 0 0 0 0 0 0 0 0 0 0 0 0 0 0 0 0 0 0 0 0 0 0 0 0 0 0 0 0 0 0 0 0 0 0 0 0 0 0 0 0 0 0 
0 0 0 0 0 0 0 0 0 0 0 0 0 0 0 0 0 0 0 0 0 0 0 0 0 0 0 0 0 0 0 0 0 0 0 0 0 0 0 0 0 0 0 0 0 0 0 0 0 0 0 0 0 0 0 0 0 0 0 0 0 0 0 0 0 0 0 0 0 0 0 0 0 0 0 0 0 0 0 0 0 0 0 0 0 0 0 0 26.51805931 1.606890537e-19 0 2.360256666e-32 0 0.07792325136 49.86175595 9.104205032e-27 671.0227493 9.05845772e-12 542.0114781 859.4339092 500.3818519 2.734046055e-19 5.68959273e-25 1.074370448e-18 649.6133387 0 2281.253884 1801.096519 0 1.603893174e-07 3376.330328 1.489169197e-06 0.0001789158867 0.3086897507 0 3588.687146 0 2789.605205 5.149405018e-20 1.630293371e-05 2.562656414e-05 5248.212881 2313.104432 2.875469832e-31 1.719344263e-32 6.671702028e-18 4547.127157 4381.072927 3.330102183e-32 3546.665547 0 3.563627706 3260.989029 2877.56499 2970.609718 1.767108664e-17 1483.977924 1.877199558e-37 3056.729025 5464.7777 2206.601445 3.43631761e-07 3592.110738 4.330335186e-17 5.907950522e-17 2684.320833 2619.294106 9.711915848e-38 1.855267562e-40 0 0.2362410389 0 3.562809688e-05 1522.96019 2074.596886 3.597211876e-13 0 0 1388.984894 0 6.251371515e-25 0 0 0 0 0 0 0 0 0 0 0 0 0 0 0 0 0 0 0 0 0 0 0 0 0 0 0 0 0 0 0 0 0 0 0 0 0 0 0 0 0 0 0 0 0 0 0 0 0 0 0 0 0 0 0 0 0 0 0 0 0 0 0 0 0 0 0 0 0 0 0 0 0 0 0 0 0 0 0 0 0 0 0 0 0 0 0 0 0 0 0 0 0 0 0 
0 0 0 0 0 0 0 0 0 0 0 0 0 0 0 0 0 0 0 0 0 0 0 0 0 0 0 0 0 0 0 0 0 0 0 0 0 0 0 0 0 0 0 0 0 0 0 0 0 0 0 0 0 0 0 0 0 0 0 0 0 0 0 0 0 0 0 0 0 0 0 0 0 0 0 0 0 0 0 0 0 0 0 0 0 0 0 0 0 0.0002060537739 6.880781184e-32 0.9694588771 5.335442878 288.6794914 0 262.8490047 164.0749918 260.290362 785.074792 751.9907315 0 0.005555074295 0 526.3493983 0 0 0 2.179392773e-23 4.110866456e-22 0 0 7.391076134e-24 0 0.02146335931 1.086648439e-30 3136.017175 0 4510.117981 3752.175404 5.165345985e-19 5.790470152e-23 0.1196036781 0 3356.42951 4720.701105 14.78550691 4252.639384 8.189469581 5799.339342 4865.39518 3970.990624 0 1903.294034 4283.457589 0 2625.688479 47.30563588 3169.098817 0 2576.105025 1963.528469 4893.27028 6.833785788e-12 1.918301071e-24 1.956972374e-06 0 3001.105373 0 1412.361853 352.8953989 1388.920096 256.4447647 6.00993116e-41 1712.869521 1437.091257 526.9817267 0 0.0001330272216 0 6.228025247e-25 8.907205836e-36 0 0 0 0 0 0 0 0 0 0 0 0 0 0 0 0 0 0 0 0 0 0 0 0 0 0 0 0 0 0 0 0 0 0 0 0 0 0 0 0 0 0 0 0 0 0 0 0 0 0 0 0 0 0 0 0 0 0 0 0 0 0 0 0 0 0 0 0 0 0 0 0 0 0 0 0 0 0 0 0 0 0 0 0 0 0 0 0 0 0 0 0 0 0 0 
0 0 0 0 0 0 0 0 0 0 0 0 0 0 0 0 0 0 0 0 0 0 0 0 0 0 0 0 0 0 0 0 0 0 0 0 0 0 0 0 0 0 0 0 0 0 0 0 0 0 0 0 0 0 0 0 0 0 0 0 0 0 0 0 0 0 0 0 0 0 0 0 0 0 0 0 0 0 0 0 0 0 0 0 0 0 0 0 9.547740551e-06 0 3.979978973e-23 0 9.688027624e-29 301.7952601 3.879919067e-10 0 1.694398964e-18 423.1911178 3.868535995e-26 4.843404641e-27 928.9327839 2.977706013e-13 807.567048 0.06423271447 0 9.338872692e-26 1.909570609e-35 0 835.3513058 0 0 2.61519326e-07 215.9877988 2982.435367 5.705824389e-05 1311.36052 2343.711596 333.4613278 2.591272755e-12 0.0001824446744 2.303867581e-24 1.423717191e-27 4447.827895 0.005473299044 3.889199592e-07 24.06880373 2.594647665e-41 5370.699788 4341.166042 3212.90475 0.0006976098752 2261.981496 2892.554714 4951.640046 699.2137837 1833.337048 1.23595991e-07 4678.066533 2277.927078 3030.982483 1.090340552e-06 2364.265723 5.957726459e-09 1.265041288e-20 2353.991786 1103.814462 1845.098905 2375.501662 6.626929266e-31 1296.726368 1347.523863 0 2.532185288e-32 1.093813386e-23 2.283040554e-15 0 5.272805585e-07 0 4.631127051e-29 0 0 0 0 0 0 0 0 0 0 0 0 0 0 0 0 0 0 0 0 0 0 0 0 0 0 0 0 0 0 0 0 0 0 0 0 0 0 0 0 0 0 0 0 0 0 0 0 0 0 0 0 0 0 0 0 0 0 0 0 0 0 0 0 0 0 0 0 0 0 0 0 0 0 0 0 0 0 0 0 0 0 0 0 0 0 0 0 0 0 0 0 0 0 0 0 0 
0 0 0 0 0 0 0 0 0 0 0 0 0 0 0 0 0 0 0 0 0 0 0 0 0 0 0 0 0 0 0 0 0 0 0 0 0 0 0 0 0 0 0 0 0 0 0 0 0 0 0 0 0 0 0 0 0 0 0 0 0 0 0 0 0 0 0 0 0 0 0 0 0 0 0 0 0 0 0 0 0 0 0 0 0 0 0 0 0 0 0 0 2.043945636e-36 1.232067018e-17 3.303980113e-49 1.629103717e-19 0 123.4644527 210.4400773 1.314314106e-16 1.114493229e-37 948.0273221 6.804938771e-17 0 900.7752527 0 1.404301376e-11 0 0 0 4.841057425e-08 3937.209494 2949.727156 6.458864493e-26 2704.384583 6.214949459e-34 2211.952148 3373.540251 609.6131686 2.400822389e-13 1.449802543e-35 9.864012514e-14 0.3727564295 390.4338821 2.048463229e-16 700.8356844 2.831608504e-43 814.5791814 2940.585848 1.686006227e-35 773.57451 735.0642175 3704.941471 4839.723694 6.121280086e-37 1638.112416 3024.933134 2.962358019e-11 2918.528314 1.289026763e-19 1.162232711e-16 0 1689.343397 0 0 2703.001371 1882.885812 1.257408845e-31 8.26552924e-38 7.285261808e-19 0 0 0 0 5.851310208e-28 2.101458166e-08 1387.169568 0 0.02979403568 874.9424089 1.024319141e-17 0 0 0 0 0 0 0 0 0 0 0 0 0 0 0 0 0 0 0 0 0 0 0 0 0 0 0 0 0 0 0 0 0 0 0 0 0 0 0 0 0 0 0 0 0 0 0 0 0 0 0 0 0 0 0 0 0 0 0 0 0 0 0 0 0 0 0 0 0 0 0 0 0 0 0 0 0 0 0 0 0 0 0 0 0 0 0 0 0 0 0 0 0 0 0 
0 0 0 0 0 0 0 0 0 0 0 0 0 0 0 0 0 0 0 0 0 0 0 0 0 0 0 0 0 0 0 0 0 0 0 0 0 0 0 0 0 0 0 0 0 0 0 0 0 0 0 0 0 0 0 0 0 0 0 0 0 0 0 0 0 0 0 0 0 0 0 0 0 0 0 0 0 0 0 0 0 0 0 0 0 0 0 0.03559780109 0 86.60736832 0 0.0007305542528 4.495925927e-29 0.000398710876 104.5750349 1.263442816e-33 529.6418144 756.4914686 2.758672729e-37 0.3678545614 2.617934834 358.3886318 0 0 677.7657746 0 1.914129273e-47 0 0 1.396213858e-48 12.80547246 703.1017878 0 2599.450009 0 3.001193652e-10 2.752722458e-34 1046.719232 0 2926.393682 2954.144963 2.993285288e-32 3.171498411e-10 2055.119777 5.744466939e-06 3834.823855 4.369496772e-33 0.3194810477 2.836912067e-12 280.0115364 10.16058402 93.42161925 1826.005802 3074.448748 3237.78168 2226.660215 312.0915039 1.212211922e-38 8.377545477e-27 4.264337701e-13 3678.151839 2303.385432 2.176384088e-13 27.93800554 0 1942.237715 1.208564785e-25 1289.19254 0 1.794315894e-26 2.327194275e-34 2.646011106e-32 0 2324.599604 0.003166789018 9.536712054e-13 1092.584812 5.478630706e-13 9.883009498e-17 1039.689488 5.226577521e-28 0 0 0 0 0 0 0 0 0 0 0 0 0 0 0 0 0 0 0 0 0 0 0 0 0 0 0 0 0 0 0 0 0 0 0 0 0 0 0 0 0 0 0 0 0 0 0 0 0 0 0 0 0 0 0 0 0 0 0 0 0 0 0 0 0 0 0 0 0 0 0 0 0 0 0 0 0 0 0 0 0 0 0 0 0 0 0 0 0 0 0 0 0 0 0 
0 0 0 0 0 0 0 0 0 0 0 0 0 0 0 0 0 0 0 0 0 0 0 0 0 0 0 0 0 0 0 0 0 0 0 0 0 0 0 0 0 0 0 0 0 0 0 0 0 0 0 0 0 0 0 0 0 0 0 0 0 0 0 0 0 0 0 0 0 0 0 0 0 0 0 0 0 0 0 0 0 0 0 0 0 0 0 0 0 0 0 0 253.5540124 155.5651852 0 214.6572259 149.1513943 1.408572833e-20 0 267.3180026 8.903451225e-38 5.608352397e-32 738.6593097 0 376.0839235 981.5804966 0 0 0 9.250461706e-08 5.961131191e-36 0 0 0 258.2094762 1.95626983e-15 3792.958677 0 0.000659852 9.963129873e-27 1760.420922 2453.215495 3229.67368 0 2.485584132e-36 6.378508614 25.62399696 0.0002511697305 0 3.155957127e-37 3.254393908e-40 1.259329153e-19 0 1.006309228e-13 23.94696886 2.822772512e-50 2.94885901e-31 1.852260433e-07 3528.699335 2115.342497 1668.06933 0.00124342754 1.684621749e-07 2.313014823e-07 1628.675158 1.889363002e-19 1.849876977e-38 4.399955562e-25 2027.61353 8.664575723e-38 2185.218577 1083.102034 161.3956586 1.178402636e-08 0 1452.926223 1.975024637e-20 0 0 687.6753654 824.36301 0 3.427495545e-05 0 0 0 0 0 0 0 0 0 0 0 0 0 0 0 0 0 0 0 0 0 0 0 0 0 0 0 0 0 0 0 0 0 0 0 0 0 0 0 0 0 0 0 0 0 0 0 0 0 0 0 0 0 0 0 0 0 0 0 0 0 0 0 0 0 0 0 0 0 0 0 0 0 0 0 0 0 0 0 0 0 0 0 0 0 0 0 0 0 0 0 0 0 
0 0 0 0 0 0 0 0 0 0 0 0 0 0 0 0 0 0 0 0 0 0 0 0 0 0 0 0 0 0 0 0 0 0 0 0 0 0 0 0 0 0 0 0 0 0 0 0 0 0 0 0 0 0 0 0 0 0 0 0 0 0 0 0 0 0 0 0 0 0 0 0 0 0 0 0 0 0 0 0 0 0 0 0 0 0 0 3.058347442e-32 0 0 0 3.866042666e-24 4.19309612 203.0176876 3.072234856e-18 8.01565151e-19 0.2115252847 298.0365526 9.84731651e-30 709.5745156 23.89816102 1.742586408e-20 0 0 0 5.680488778e-07 2044.655385 0 0 0 0 73.1008815 2.455887521e-09 3127.594753 0 2549.294208 855.4825247 2573.570387 2.595726736e-31 1.207918979e-09 0 0 4492.358046 3175.770844 1.043921402e-36 0 6098.872579 7.36489088e-41 5.503168609e-29 3642.298978 1.612421165e-07 3457.007912 2720.896966 2302.981207 2.982227792e-12 1719.902233 0 3200.456591 0.0001374838668 4.151108216e-18 8.64974641e-10 2.147777506 8.739713463e-26 2475.432809 0 4.909073296 1875.417829 1420.54431 1.039375374e-28 6.362714654e-21 776.902256 0 3.753209224 3.983378449e-37 0 1306.446934 823.5045059 0 1.467002375 2.346653136e-21 0 590.8977671 438.3481744 0 0 0 0 0 0 0 0 0 0 0 0 0 0 0 0 0 0 0 0 0 0 0 0 0 0 0 0 0 0 0 0 0 0 0 0 0 0 0 0 0 0 0 0 0 0 0 0 0 0 0 0 0 0 0 0 0 0 0 0 0 0 0 0 0 0 0 0 0 0 0 0 0 0 0 0 0 0 0 0 0 0 0 0 0 0 0 0 0 0 0 0 0 
0 0 0 0 0 0 0 0 0 0 0 0 0 0 0 0 0 0 0 0 0 0 0 0 0 0 0 0 0 0 0 0 0 0 0 0 0 0 0 0 0 0 0 0 0 0 0 0 0 0 0 0 0 0 0 0 0 0 0 0 0 0 0 0 0 0 0 0 0 0 0 0 0 0 0 0 0 0 0 0 0 0 0 0 0 0 0 0 0 0 9.041241676e-36 4.890531616e-15 1.224399407e-35 3.517223816e-22 0 0 3.59021897e-24 0 5.948740261e-10 439.9145286 9.354052997e-31 3.962192154e-38 424.3334756 6.135582813 0 171.5965908 1074.689163 1.433940765e-43 0 0 8.06118478e-12 0 1444.74076 1.576816589e-05 1.071601125e-48 1.308550378e-41 0 2858.988173 2.153000258e-26 5.896739491e-06 1.039371241e-09 6.37658907e-18 1.532444283e-14 1.374837314e-05 5.081835645 1.996258652e-05 3780.053204 0 3199.450955 2030.586155 3603.690954 1.654547925e-25 3.054280657e-08 3.919589913e-32 54.68885185 1.353042199e-18 3189.960377 2349.457551 0.0003237602008 1755.307011 0.002753371942 194.9887813 2304.071058 2368.445875 0 4.779334127e-37 1375.117507 1165.573967 514.7274632 1368.246043 0 3.470860458e-27 0 3.013696002e-07 2.674861366e-05 1198.667948 225.0001476 8.769087669e-16 0 0 0 0 0 0 0 0 0 0 0 0 0 0 0 0 0 0 0 0 0 0 0 0 0 0 0 0 0 0 0 0 0 0 0 0 0 0 0 0 0 0 0 0 0 0 0 0 0 0 0 0 0 0 0 0 0 0 0 0 0 0 0 0 0 0 0 0 0 0 0 0 0 0 0 0 0 0 0 0 0 0 0 0 0 0 0 0 0 0 0 0 0 0 0 0 0 0 
0 0 0 0 0 0 0 0 0 0 0 0 0 0 0 0 0 0 0 0 0 0 0 0 0 0 0 0 0 0 0 0 0 0 0 0 0 0 0 0 0 0 0 0 0 0 0 0 0 0 0 0 0 0 0 0 0 0 0 0 0 0 0 0 0 0 0 0 0 0 0 0 0 0 0 0 0 0 0 0 0 0 0 0 0 0 0 0 1.886199345e-06 26.06760036 89.02767534 0.0006617118244 0 36.35801753 148.6104663 1.431490367e-11 0 2.883249543e-17 0 0 0 601.3981728 3.469549911e-17 24.68231439 1.45334972e-09 0 0 0 6.087187008e-21 3.288975492e-05 0 0 0 0 0 0 734.4744922 2648.260952 0 2353.715959 1.0543462e-47 0 0 5.179030553e-05 17.02495676 5.970865731e-09 2.026366599 8.178876553e-25 6.905972913e-36 6.170862105e-06 0 2.455044933e-15 3021.396344 0 0.001516605549 0 2617.240386 0 1756.765133 13.73574597 2.948874462e-49 0.003329582078 1.568709128 1737.101757 1626.425972 0 0 0 0 2.084206051 5.854502684e-21 5.458594344e-11 0 0 1142.946126 0 3.668964204e-11 3.152339669e-11 991.6788789 1.922836474e-31 4.070802611e-46 8.521307181e-31 1.464916555e-09 0 0 0 0 0 0 0 0 0 0 0 0 0 0 0 0 0 0 0 0 0 0 0 0 0 0 0 0 0 0 0 0 0 0 0 0 0 0 0 0 0 0 0 0 0 0 0 0 0 0 0 0 0 0 0 0 0 0 0 0 0 0 0 0 0 0 0 0 0 0 0 0 0 0 0 0 0 0 0 0 0 0 0 0 0 0 0 0 0 0 0 0 0 
0 0 0 0 0 0 0 0 0 0 0 0 0 0 0 0 0 0 0 0 0 0 0 0 0 0 0 0 0 0 0 0 0 0 0 0 0 0 0 0 0 0 0 0 0 0 0 0 0 0 0 0 0 0 0 0 0 0 0 0 0 0 0 0 0 0 0 0 0 0 0 0 0 0 0 0 0 0 0 0 0 0 0 0 0 0 0 0 0 0 0 0 7.400442419e-14 6.653865674 0 5.425536203e-20 0.5289830171 1.339205603e-39 0 3.202997606e-39 6.516339685 4.378266605e-40 811.089335 1316.285949 1248.478487 0 0 0 0 0 0 0 0 5.074184364e-18 0 0 0.0007892166438 8.332823336e-16 1202.800762 0 6.966626841e-15 2.245336963e-05 0 2764.48064 1510.111416 1.691608601e-20 5019.857748 0 0 2.511506104 2844.983667 35.37238599 1.385282548e-17 8.473592731e-18 1.541006101e-25 1.585463466e-14 1.024576385e-31 3.507871311e-42 390.1295976 1.31561749e-19 1293.334319 7.14058265e-49 1049.038357 2.7867472e-16 0 1.352161096e-29 0 0 0 1184.44533 1.086950194e-22 1.04195163e-25 0 1.389423919e-05 0 743.7062041 944.2129372 5.853864883e-08 0 0 0 0 0 0 0 0 0 0 0 0 0 0 0 0 0 0 0 0 0 0 0 0 0 0 0 0 0 0 0 0 0 0 0 0 0 0 0 0 0 0 0 0 0 0 0 0 0 0 0 0 0 0 0 0 0 0 0 0 0 0 0 0 0 0 0 0 0 0 0 0 0 0 0 0 0 0 0 0 0 0 0 0 0 0 0 0 0 0 0 0 0 0 0 0 0 0 
0 0 0 0 0 0 0 0 0 0 0 0 0 0 0 0 0 0 0 0 0 0 0 0 0 0 0 0 0 0 0 0 0 0 0 0 0 0 0 0 0 0 0 0 0 0 0 0 0 0 0 0 0 0 0 0 0 0 0 0 0 0 0 0 0 0 0 0 0 0 0 0 0 0 0 0 0 0 0 0 0 0 0 0 0 0 0 11.02042888 0 3.779140168e-07 76.45528949 0 0.0007462828708 0 164.5688936 0 169.1492217 1.003506961e-33 2.102620248e-49 299.8546913 2.552985748e-37 0 767.9425708 78.59375601 0 0 7.385112527e-06 0 0 0 0 0 212.5060036 1124.082624 1.057914542e-17 0 0 0 3.682479318e-37 679.8233673 2733.214657 1051.767178 5.442343068e-44 1.623968876e-22 1041.89636 0 1.232178274e-09 0.07183012588 176.4866188 0 1491.864873 2.373053356e-15 7.136569285e-38 4.456388083e-23 0 5.608023126e-10 0 1537.750775 4.291251131e-35 7.115896876e-10 2.087658514e-09 1.513287682e-36 1621.75151 7.972585165e-05 798.9424239 0 5.232721256e-41 1.161470899e-16 0 1311.210463 0 8.80098699e-47 9.048877102e-50 2.190907176e-22 820.6467254 0 0 0.0001291385571 0 0 7.738247358e-11 0 0 0 0 0 0 0 0 0 0 0 0 0 0 0 0 0 0 0 0 0 0 0 0 0 0 0 0 0 0 0 0 0 0 0 0 0 0 0 0 0 0 0 0 0 0 0 0 0 0 0 0 0 0 0 0 0 0 0 0 0 0 0 0 0 0 0 0 0 0 0 0 0 0 0 0 0 0 0 0 0 0 0 0 0 0 0 0 0 0 0 0 0 0 0 
0 0 0 0 0 0 0 0 0 0 0 0 0 0 0 0 0 0 0 0 0 0 0 0 0 0 0 0 0 0 0 0 0 0 0 0 0 0 0 0 0 0 0 0 0 0 0 0 0 0 0 0 0 0 0 0 0 0 0 0 0 0 0 0 0 0 0 0 0 0 0 0 0 0 0 0 0 0 0 0 0 0 0 0 0 0 0 0 0 0 0.0001261559514 0 0 0 0 0 0 3.20724651e-55 0 2.306763406e-14 3.628881219e-11 1.569624827e-07 0 0 0 3.938032831e-42 0 6.804258625e-05 0 0 0 0 0 0 0 2.786016367e-38 1.112983071e-46 0 0 4.318169686e-12 1.014211475e-05 9.658768197e-27 0 9.933813431e-45 0.03994392912 300.0401586 2882.511266 1.798557901e-49 0 0 3452.828288 3212.841704 0 669.2992011 0.001755669193 2.579674118e-19 0.00505874136 57.54676138 8.519192997 1795.665166 6.441338713e-30 6.65050597e-49 3.602306211e-33 2.9493969e-16 2.079077927e-14 0 0 0.0001404477727 8.660310098e-33 1.27448054e-28 0.004740649155 0 1.039107336 1194.571308 1.262002116e-16 0 3.562498134e-25 0 0 0 0 378.3276694 0 0 0 0 0 0 0 0 0 0 0 0 0 0 0 0 0 0 0 0 0 0 0 0 0 0 0 0 0 0 0 0 0 0 0 0 0 0 0 0 0 0 0 0 0 0 0 0 0 0 0 0 0 0 0 0 0 0 0 0 0 0 0 0 0 0 0 0 0 0 0 0 0 0 0 0 0 0 0 0 0 0 0 0 0 0 0 0 0 0 0 0 0 0 
0 0 0 0 0 0 0 0 0 0 0 0 0 0 0 0 0 0 0 0 0 0 0 0 0 0 0 0 0 0 0 0 0 0 0 0 0 0 0 0 0 0 0 0 0 0 0 0 0 0 0 0 0 0 0 0 0 0 0 0 0 0 0 0 0 0 0 0 0 0 0 0 0 0 0 0 0 0 0 0 0 0 0 0 0 0 0 0 0.3694219324 95.79854278 1.375174982e-07 4.468324946e-16 1.064087086 0 0 249.1611114 0 0 0 3.368782055e-19 1.173550546e-17 8.819730717e-17 0 0 8.549015132e-11 0 4.290539274e-21 1.392738171e-36 0 0 0 0 0 1.492366526e-35 1.351477865e-24 0.105105275 7.177125013e-53 1.82041977e-36 0 1733.169059 1417.746128 0 0 0 230.9173694 0 2145.898589 3.750204484e-30 0 1653.016138 0 3.134039547e-10 1.099487701e-50 1635.661513 0 0 2366.76011 0 1.592872551e-34 652.1171919 422.026265 1.182497366e-09 906.0390059 7.554582329e-09 0.04085610432 1716.994588 1.368295446e-28 0.0007051209144 0 0 389.3215267 739.7194472 7.833189268e-32 1.264405584e-40 42.52240704 601.1504862 0 0 4.188151549e-28 4.335985036e-14 0 0 0 0 0 0 0 0 0 0 0 0 0 0 0 0 0 0 0 0 0 0 0 0 0 0 0 0 0 0 0 0 0 0 0 0 0 0 0 0 0 0 0 0 0 0 0 0 0 0 0 0 0 0 0 0 0 0 0 0 0 0 0 0 0 0 0 0 0 0 0 0 0 0 0 0 0 0 0 0 0 0 0 0 0 0 0 0 0 0 0 0 0 0 0 0 
0 0 0 0 0 0 0 0 0 0 0 0 0 0 0 0 0 0 0 0 0 0 0 0 0 0 0 0 0 0 0 0 0 0 0 0 0 0 0 0 0 0 0 0 0 0 0 0 0 0 0 0 0 0 0 0 0 0 0 0 0 0 0 0 0 0 0 0 0 0 0 0 0 0 0 0 0 0 0 0 0 0 0 0 0 0 0 1.151909173 0 2.391554268e-05 90.76754519 0 0 0 0 6.217814885e-19 0 0 2.664628277e-15 2.18000367e-29 0 0 1.200174113e-39 0.05619025934 0 2.260661153e-34 0 0 0 3.552805121e-46 0 0 0 0.05446683389 0 0 114.8967874 0 3.335588137e-40 2133.914928 3.693322225e-31 2.146358579e-26 3.308962748e-16 1.988273853e-18 0 2.232899485e-12 5.231598958e-16 1.365873296e-15 1.140924735e-09 0 1.837226752e-29 5.599620514e-36 1306.336194 5.729095905e-12 0 0 0 0 3.082639948e-16 0 5.331417641e-50 0 1.291101132e-09 0 2.433774766e-12 179.8939755 1.979624826e-16 596.6336327 0 2.417062144e-47 0 0 2.388891116e-14 0 0 0 332.5769311 0 2.559548623e-06 0 5.013550469e-42 0 0 0 0 0 0 0 0 0 0 0 0 0 0 0 0 0 0 0 0 0 0 0 0 0 0 0 0 0 0 0 0 0 0 0 0 0 0 0 0 0 0 0 0 0 0 0 0 0 0 0 0 0 0 0 0 0 0 0 0 0 0 0 0 0 0 0 0 0 0 0 0 0 0 0 0 0 0 0 0 0 0 0 0 0 0 0 0 0 0 0 0 0 0 0 
0 0 0 0 0 0 0 0 0 0 0 0 0 0 0 0 0 0 0 0 0 0 0 0 0 0 0 0 0 0 0 0 0 0 0 0 0 0 0 0 0 0 0 0 0 0 0 0 0 0 0 0 0 0 0 0 0 0 0 0 0 0 0 0 0 0 0 0 0 0 0 0 0 0 0 0 0 0 0 0 0 0 0 0 0 0 0 0 0 0 1.5140888e-06 0 4.936362596e-26 0 0 1.879516295e-19 0 7.532993593e-07 4.366482119e-42 0 0 0.0003398789455 1.201344522e-37 303.9199248 74.51585566 0 0 0 0 3.595414665e-12 917.509552 0 0 0 4.902668604e-24 163.7837577 277.2785276 2.407050682e-27 0 0 0 0 2.373407207e-15 6.039093725e-23 0 1998.716181 0 0 0 0.2628600897 4.971211356e-05 0 0 3.980479371e-59 1.275810354e-20 0 2.036340337e-33 1.638617991e-29 2.699568542e-42 0 1741.206886 3.679562916e-40 0 1.659032677e-22 1.968806669e-16 6.635083348e-42 0 0.1095370189 1.472542456e-42 51.57786336 1.031813225e-05 0 0 0 2.33063359e-19 1.605833696e-43 0 0 0 0 0 0 0 1.943419005e-12 0 0 0 0 0 0 0 0 0 0 0 0 0 0 0 0 0 0 0 0 0 0 0 0 0 0 0 0 0 0 0 0 0 0 0 0 0 0 0 0 0 0 0 0 0 0 0 0 0 0 0 0 0 0 0 0 0 0 0 0 0 0 0 0 0 0 0 0 0 0 0 0 0 0 0 0 0 0 0 0 0 0 0 0 0 0 0 0 0 0 0 0 
0 0 0 0 0 0 0 0 0 0 0 0 0 0 0 0 0 0 0 0 0 0 0 0 0 0 0 0 0 0 0 0 0 0 0 0 0 0 0 0 0 0 0 0 0 0 0 0 0 0 0 0 0 0 0 0 0 0 0 0 0 0 0 0 0 0 0 0 0 0 0 0 0 0 0 0 0 0 0 0 0 0 0 0 0 0 0 0 1.084032003e-11 0 0 6.745473515e-10 0 0 0 9.245950109e-45 1.167239753e-17 0 1.562966189e-48 0 1.064482532e-50 0 0 4.286765911e-46 2.884850253e-47 0 3.581863538e-38 0 0 0 0 0 0 7.482321316e-33 0 4.253231366e-40 4.037077583e-10 1.043192195e-06 0 1.045054673e-44 0 1.248776964e-19 4.289258947e-10 4.456485711e-09 3.273234379e-19 3.218148322e-56 0 0 0 0 0 0 1.050862947e-26 5.810700667e-20 1987.970638 1986.948045 5.123680394e-24 8.805028489e-51 0 1742.971795 746.6402594 1298.224799 1.946506807e-47 4.423479308e-55 8.432337042e-43 748.9658506 0 0 517.8118851 0 2.352170131e-45 1.381099446e-42 0 0 0 0 0 0 0 1.741069644e-27 0 0 0 0 0 0 0 0 0 0 0 0 0 0 0 0 0 0 0 0 0 0 0 0 0 0 0 0 0 0 0 0 0 0 0 0 0 0 0 0 0 0 0 0 0 0 0 0 0 0 0 0 0 0 0 0 0 0 0 0 0 0 0 0 0 0 0 0 0 0 0 0 0 0 0 0 0 0 0 0 0 0 0 0 0 0 0 0 0 0 0 0 0 0 0 0 
0 0 0 0 0 0 0 0 0 0 0 0 0 0 0 0 0 0 0 0 0 0 0 0 0 0 0 0 0 0 0 0 0 0 0 0 0 0 0 0 0 0 0 0 0 0 0 0 0 0 0 0 0 0 0 0 0 0 0 0 0 0 0 0 0 0 0 0 0 0 0 0 0 0 0 0 0 0 0 0 0 0 0 0 0 0 0 1.418487129e-14 0 0 0 2.983404191e-30 0 9.406626273e-13 0 0.000102661683 0 0.6410392015 1.032068252e-07 6.475700937e-28 5.981356438e-20 2.077042533e-32 1.902245664e-34 0 0 0 0 0 2.451277499e-27 0 0 0 0 0 8.575747306e-48 0 2327.343992 1939.431875 0 4.124915687e-12 0 0 0 3.219958469e-48 0.0001911111207 0 7.106042032e-22 0 6.129064955e-09 0 2.182288311e-48 0 0 1.877974469e-37 1.250153392e-09 1.586712492e-24 1747.40914 0 4.517993337e-57 5.573452903e-45 0.1285924785 0 1.718388432e-22 0 6.689085655e-15 5.072320002e-24 0 0 1.017632109e-32 7.639239939e-47 1.613471407e-43 3.304795485e-48 0 1.965689181e-13 3.662269045e-09 0 5.835116423e-38 0 4.35456315e-38 72.06441391 0 0 0 8.880530672 0 0 0 0 0 0 0 0 0 0 0 0 0 0 0 0 0 0 0 0 0 0 0 0 0 0 0 0 0 0 0 0 0 0 0 0 0 0 0 0 0 0 0 0 0 0 0 0 0 0 0 0 0 0 0 0 0 0 0 0 0 0 0 0 0 0 0 0 0 0 0 0 0 0 0 0 0 0 0 0 0 0 0 0 0 0 0 0 0 0 0 0 
0 0 0 0 0 0 0 0 0 0 0 0 0 0 0 0 0 0 0 0 0 0 0 0 0 0 0 0 0 0 0 0 0 0 0 0 0 0 0 0 0 0 0 0 0 0 0 0 0 0 0 0 0 0 0 0 0 0 0 0 0 0 0 0 0 0 0 0 0 0 0 0 0 0 0 0 0 0 0 0 0 0 0 0 0 0 0 0 0 2.029419359e-29 0 9.134318207e-24 6.067776691 0 2.056873172e-18 1.6368854e-41 0 6.621266299e-20 255.2269226 0 2.281543308e-10 2.060095346e-13 0 4.459933702e-29 468.5947685 0 0 3.10430623e-56 5.686967467e-44 8.324433888e-25 0 0 0 1.071125644e-07 1.872932035e-34 0 1.004234348e-08 0 0 1094.89792 0.000900801429 0 0 4.26051334 6.156540394e-50 1.233815126e-23 0 1.66515242e-18 0 9.066525827e-33 1180.39896 0 5.781362596e-32 0 2.188592201e-47 0.08845982686 5.966282869e-29 0.003521935357 1.235417505e-05 1.122078015e-54 0 3.4794399e-20 967.4187582 0 0 0 8.642289407e-16 0 0 1.130247817e-37 432.2657933 3.900394367e-46 0 1.792420113e-12 0 5.714871737 0 2.319731506e-10 0.8363187027 0 0 0 0 0 0 0 0 0 0 0 0 0 0 0 0 0 0 0 0 0 0 0 0 0 0 0 0 0 0 0 0 0 0 0 0 0 0 0 0 0 0 0 0 0 0 0 0 0 0 0 0 0 0 0 0 0 0 0 0 0 0 0 0 0 0 0 0 0 0 0 0 0 0 0 0 0 0 0 0 0 0 0 0 0 0 0 0 0 0 0 0 0 0 0 0 0 
0 0 0 0 0 0 0 0 0 0 0 0 0 0 0 0 0 0 0 0 0 0 0 0 0 0 0 0 0 0 0 0 0 0 0 0 0 0 0 0 0 0 0 0 0 0 0 0 0 0 0 0 0 0 0 0 0 0 0 0 0 0 0 0 0 0 0 0 0 0 0 0 0 0 0 0 0 0 0 0 0 0 0 0 0 0 0 0 7.941563383e-41 0 0 0 9.249594297e-08 0 0 0 0 2.284070532e-31 0 0 0 0 0 0 0 0 0 0 0 0 1.520413638e-14 1.3093944e-52 0 0 0 0 0 0 0 1.850552096e-40 6.375141255e-39 0.01311758086 2.072154969e-54 0 6.410863361e-38 0 1.324235877e-33 120.9071215 3.665962807e-32 1.835151422e-23 0 1124.3146 0 0 0 2.65051438e-17 1.403896891e-46 0 97.49702275 9.030481005e-28 4.663254177e-05 0 7.801814793e-50 7.83750079e-28 2.277020268e-47 3.743699273e-58 3.395014934e-49 0.2129321142 0 0 3.114891715e-13 0.04778179644 2.908033023e-32 1.659083274e-05 0 0 0 0 2.262593557e-51 0 0 0 0 0 0 0 0 0 0 0 0 0 0 0 0 0 0 0 0 0 0 0 0 0 0 0 0 0 0 0 0 0 0 0 0 0 0 0 0 0 0 0 0 0 0 0 0 0 0 0 0 0 0 0 0 0 0 0 0 0 0 0 0 0 0 0 0 0 0 0 0 0 0 0 0 0 0 0 0 0 0 0 0 0 0 0 0 0 0 0 0 0 0 0 0 0 
0 0 0 0 0 0 0 0 0 0 0 0 0 0 0 0 0 0 0 0 0 0 0 0 0 0 0 0 0 0 0 0 0 0 0 0 0 0 0 0 0 0 0 0 0 0 0 0 0 0 0 0 0 0 0 0 0 0 0 0 0 0 0 0 0 0 0 0 0 0 0 0 0 0 0 0 0 0 0 0 0 0 0 0 0 0 0 0 0 0 0 0 0 0 0 0.0008247135931 4.472289136e-18 0.002820595614 7.08585333e-36 0 0 0 0 0.001195288755 0 2.022203128e-32 0 0 0.005175197067 1.096275942e-08 4.963940616e-20 0 0 0 0 2.283775102e-34 4.145608965e-44 0 486.653398 0 0 103.0575082 9.367484712e-23 1.988455266e-05 0 0 3.61949758e-27 0 540.0905447 1763.860007 0 2.824496888e-39 988.3292263 0 3.59911814e-13 7.154342909e-43 0 2.370973581e-45 0 2.055926219e-29 0 2.275829028e-13 0 4.267298421e-35 1489.868901 225.4857845 0 0 0 140.8283807 0 0 6.916227279e-10 0 0 0 0 1.22708482e-22 0 0 0 0 0 0 0 0 0 0 0 0 0 0 0 0 0 0 0 0 0 0 0 0 0 0 0 0 0 0 0 0 0 0 0 0 0 0 0 0 0 0 0 0 0 0 0 0 0 0 0 0 0 0 0 0 0 0 0 0 0 0 0 0 0 0 0 0 0 0 0 0 0 0 0 0 0 0 0 0 0 0 0 0 0 0 0 0 0 0 0 0 0 0 0 0 0 0 
0 0 0 0 0 0 0 0 0 0 0 0 0 0 0 0 0 0 0 0 0 0 0 0 0 0 0 0 0 0 0 0 0 0 0 0 0 0 0 0 0 0 0 0 0 0 0 0 0 0 0 0 0 0 0 0 0 0 0 0 0 0 0 0 0 0 0 0 0 0 0 0 0 0 0 0 0 0 0 0 0 0 0 0 0 0 0 0 0 37.25518563 0 0 0 0 0 1.949677048e-23 0 0 0 0 3.636283266e-40 0 0 0 0 0 0 0 0 0 1.62186258e-56 0 0 0.3262074251 0 0 4.950994315e-49 1.836317244e-21 0 462.9514103 2.727576387e-07 0 0 1041.348046 0 0 3.504577423e-44 0 0 3.986952985e-52 0 0 0 0 0 6.643795498e-38 0 0.002923432723 4.679222499e-12 0 0 0 656.5419561 0 1.088989231e-20 3.118318509 0 0 4.545087339e-22 0 1.375852868e-28 0 2.332088437e-60 1.824562669e-28 0 0 1.974267108e-19 0 0 0 0 0 0 0 0 0 0 0 0 0 0 0 0 0 0 0 0 0 0 0 0 0 0 0 0 0 0 0 0 0 0 0 0 0 0 0 0 0 0 0 0 0 0 0 0 0 0 0 0 0 0 0 0 0 0 0 0 0 0 0 0 0 0 0 0 0 0 0 0 0 0 0 0 0 0 0 0 0 0 0 0 0 0 0 0 0 0 0 0 0 0 0 0 0 0 0 
0 0 0 0 0 0 0 0 0 0 0 0 0 0 0 0 0 0 0 0 0 0 0 0 0 0 0 0 0 0 0 0 0 0 0 0 0 0 0 0 0 0 0 0 0 0 0 0 0 0 0 0 0 0 0 0 0 0 0 0 0 0 0 0 0 0 0 0 0 0 0 0 0 0 0 0 0 0 0 0 0 0 0 0 0 0 0 0 0 0 1.613633337e-33 1.78104393e-22 0 0 0 0 0 0 0 0 0 0 0 2.464678854e-07 0 0 0 150.3274332 0 1.865063077e-34 0 8.910443608e-55 0 0 0 3.780580153e-13 0 0 0 0 1.278060542e-33 0 0 3.372586027e-56 9.040294865e-15 0.002730649126 5.015351359e-19 0 0 1.072004387e-23 0 9.430236342e-51 0.02508437949 6.558799831 1.396206196e-50 0 1.121977549e-29 9.555979205e-23 38.24174195 3.734008433e-36 2.522410689e-19 2.107325734e-41 0 1.203310752e-31 1.787515111e-09 7.031554283e-45 0 13.44401311 2.507122125e-43 0 3.670039984e-08 0 0 0 8.473363996e-14 5.401647144e-46 2.145791651e-50 1.144943637e-05 2.359668901e-39 0 1.157725728e-09 0 0 0 0 0 0 0 0 0 0 0 0 0 0 0 0 0 0 0 0 0 0 0 0 0 0 0 0 0 0 0 0 0 0 0 0 0 0 0 0 0 0 0 0 0 0 0 0 0 0 0 0 0 0 0 0 0 0 0 0 0 0 0 0 0 0 0 0 0 0 0 0 0 0 0 0 0 0 0 0 0 0 0 0 0 0 0 0 0 0 0 0 0 0 0 
0 0 0 0 0 0 0 0 0 0 0 0 0 0 0 0 0 0 0 0 0 0 0 0 0 0 0 0 0 0 0 0 0 0 0 0 0 0 0 0 0 0 0 0 0 0 0 0 0 0 0 0 0 0 0 0 0 0 0 0 0 0 0 0 0 0 0 0 0 0 0 0 0 0 0 0 0 0 0 0 0 0 0 0 0 0 0 0 0 0 0 0 53.24721816 7.621942482e-34 0 2.311103399e-14 0 0 1.69848116e-47 0 1.633846737e-17 2.08649552e-33 1.642445805e-16 0 1.065151731e-19 0 0 0 0 0 0 0 0.07974094972 1.742252692e-21 0 0 0 2.074893341e-31 1.771227864e-55 0 1.179836694e-64 0 2.990328787e-28 0 0 80.65538165 0 0 1.326886753e-09 0 6.776042423e-34 6.242768757e-50 0.09544598479 1.828530065e-05 0 0 8.899791574e-09 0 5.741673369e-39 0 0 1.747136455e-14 0 9.914630612e-26 0 394.7133624 0 0 3.76440532e-63 2.314628184e-59 2.489893226e-27 0 0 0 6.297000496e-47 0 3.845486991e-19 0 0 0 0 0 0 0 0 0 0 0 0 0 0 0 0 0 0 0 0 0 0 0 0 0 0 0 0 0 0 0 0 0 0 0 0 0 0 0 0 0 0 0 0 0 0 0 0 0 0 0 0 0 0 0 0 0 0 0 0 0 0 0 0 0 0 0 0 0 0 0 0 0 0 0 0 0 0 0 0 0 0 0 0 0 0 0 0 0 0 0 0 0 0 0 0 0 0 0 
0 0 0 0 0 0 0 0 0 0 0 0 0 0 0 0 0 0 0 0 0 0 0 0 0 0 0 0 0 0 0 0 0 0 0 0 0 0 0 0 0 0 0 0 0 0 0 0 0 0 0 0 0 0 0 0 0 0 0 0 0 0 0 0 0 0 0 0 0 0 0 0 0 0 0 0 0 0 0 0 0 0 0 0 0 0 0 0 0 0 0 0 0 0.003780110231 1.16423548e-33 9.804312969e-28 0 2.715177766e-45 0 0 0 0 0 0 6.31044316e-39 9.997463014e-56 0 0 0 1.114246584e-22 5.364577526e-46 3.899895193e-36 0 3.449572913e-53 0 0 4.771569249e-31 0 0 0 1.755730365e-54 0 7.116642148 1.821433667e-18 5.607338822e-43 6.333663684e-20 1.177601533e-07 1.029250979e-58 3.573542633e-15 0 0 4.730821932e-39 0 7.593759958e-27 0 1.219974873e-44 4.066047501e-12 1.519484827e-54 0 0.0002720199329 0 1.010806673e-67 0 0 22.99381585 1.516196554e-16 1.90330846e-43 5.278265665e-52 0 0 6.775605227e-54 0 0 0 0 0 0 0 0 0 0 0 0 0 0 0 0 0 0 0 0 0 0 0 0 0 0 0 0 0 0 0 0 0 0 0 0 0 0 0 0 0 0 0 0 0 0 0 0 0 0 0 0 0 0 0 0 0 0 0 0 0 0 0 0 0 0 0 0 0 0 0 0 0 0 0 0 0 0 0 0 0 0 0 0 0 0 0 0 0 0 0 0 0 0 0 0 0 0 0 0 0 0 0 0 0 
0 0 0 0 0 0 0 0 0 0 0 0 0 0 0 0 0 0 0 0 0 0 0 0 0 0 0 0 0 0 0 0 0 0 0 0 0 0 0 0 0 0 0 0 0 0 0 0 0 0 0 0 0 0 0 0 0 0 0 0 0 0 0 0 0 0 0 0 0 0 0 0 0 0 0 0 0 0 0 0 0 0 0 0 0 0 0 0 0 0 0 0 0 0 4.550684064e-36 5.802019629e-39 0 0 0 0.02000079662 2.41505371e-31 0 0 0 4.23600588e-07 0 0 4.003193666e-38 0 0 0 0.1901635886 0 1.074204589e-14 1.724842972e-13 0 0.8242374313 0 152.908064 0 3.062429033 0 0 5.44140017e-54 0 2.61531188e-36 0.02911232084 1.610507304e-18 0.000653461886 0 1.386362652e-08 0 2.388100622e-43 8.35384838e-14 0 8.894495e-30 0 0.002533815423 1.817425011e-33 1.53365513e-44 1.327649161e-42 0 3.629454294e-34 1.512482751e-19 0 0 0 0 0 2.935933251e-44 0 0 3.444115715e-59 8.393780506e-12 0 7.125084324e-28 0 0 0 0 0 0 0 4.931839431e-47 0 0 0 0 0 0 0 0 0 0 0 0 0 0 0 0 0 0 0 0 0 0 0 0 0 0 0 0 0 0 0 0 0 0 0 0 0 0 0 0 0 0 0 0 0 0 0 0 0 0 0 0 0 0 0 0 0 0 0 0 0 0 0 0 0 0 0 0 0 0 0 0 0 0 0 0 0 0 0 0 0 0 0 0 0 0 0 0 0 0 0 0 
0 0 0 0 0 0 0 0 0 0 0 0 0 0 0 0 0 0 0 0 0 0 0 0 0 0 0 0 0 0 0 0 0 0 0 0 0 0 0 0 0 0 0 0 0 0 0 0 0 0 0 0 0 0 0 0 0 0 0 0 0 0 0 0 0 0 0 0 0 0 0 0 0 0 0 0 0 0 0 0 0 0 0 0 0 0 0 0 0 0 0 0 0 4.602389395e-31 2.157333979e-13 0 8.634334022e-52 0 1.449613687e-65 0 5.391750417e-48 6.754191089e-57 2.508508907e-30 2.874063825e-31 0 0 0 0 4.837786668e-29 0 0 0 1.171547107e-32 0 0 2.804541314e-19 0 0 0 2.075146124e-50 1.291224322e-38 0 7.504396305e-46 2.166528312e-55 0 1.021840218e-38 0 2.921778187e-35 3.227930152e-55 3.008716362e-51 0 3.151491658e-12 8.17727539e-36 0 3.590588329e-43 3.946203421e-16 7.928708598e-44 8.258319289e-52 9.847281093e-20 0.0003362189357 0 6.728645504e-20 0 3.884424694e-30 5.914006347e-62 1.239378832e-66 0 0 0 0 8.801597108e-47 0 1.446993997e-65 1.30615052e-34 0 5.668305878e-54 0 1.072580865e-67 1.101912065e-05 0 0 0 0 0 0 0 0 0 0 0 0 0 0 0 0 0 0 0 0 0 0 0 0 0 0 0 0 0 0 0 0 0 0 0 0 0 0 0 0 0 0 0 0 0 0 0 0 0 0 0 0 0 0 0 0 0 0 0 0 0 0 0 0 0 0 0 0 0 0 0 0 0 0 0 0 0 0 0 0 0 0 0 0 0 0 0 0 0 0 0 0 0 0 0 0 0 
0 0 0 0 0 0 0 0 0 0 0 0 0 0 0 0 0 0 0 0 0 0 0 0 0 0 0 0 0 0 0 0 0 0 0 0 0 0 0 0 0 0 0 0 0 0 0 0 0 0 0 0 0 0 0 0 0 0 0 0 0 0 0 0 0 0 0 0 0 0 0 0 0 0 0 0 0 0 0 0 0 0 0 0 0 0 0 0 0 0 0 0 8.874208899e-58 0 0 1.287886894e-13 0 4.577784761e-14 0 1.39861048e-28 0 2.189891321e-12 0 0 0 0 4.603403866e-49 0 0 0 0 0 7.307974363e-21 0 3.258840121e-32 0 0 5.68072484e-51 0 0.0009883190152 0 2.162201304e-22 0 0 1.226069057 0 0 0 0 2.132272252e-18 6.996613786e-32 0 5.197539392e-53 0 8.253174754e-46 4.378219935e-38 0 0 0 0 6.352282416e-42 0 0 5.225170171e-46 0 8.584938723e-14 0 1.413079654e-62 6.930226875e-21 78.06850388 0 0 0 0 0 5.503645342e-51 0 0 1.447063596e-36 5.036327703e-27 0 0 3.050028217e-27 0 0 0 0 0 0 0 0 0 0 0 0 0 0 0 0 0 0 0 0 0 0 0 0 0 0 0 0 0 0 0 0 0 0 0 0 0 0 0 0 0 0 0 0 0 0 0 0 0 0 0 0 0 0 0 0 0 0 0 0 0 0 0 0 0 0 0 0 0 0 0 0 0 0 0 0 0 0 0 0 0 0 0 0 0 0 0 0 0 0 0 0 0 
0 0 0 0 0 0 0 0 0 0 0 0 0 0 0 0 0 0 0 0 0 0 0 0 0 0 0 0 0 0 0 0 0 0 0 0 0 0 0 0 0 0 0 0 0 0 0 0 0 0 0 0 0 0 0 0 0 0 0 0 0 0 0 0 0 0 0 0 0 0 0 0 0 0 0 0 0 0 0 0 0 0 0 0 0 0 0 0 0 8.120718888e-18 0 1.688868876e-69 9.747442245e-30 1.152971527e-64 0 0 0 0 2.899756813e-60 0 0 0 1.200920182e-14 0 0 0 3.023221067e-37 0 7.850256739e-59 0 9.125416362e-12 2.398077912e-37 0 1.561383247e-24 0 0 5.864690718e-09 0 7.476969025e-35 0 2.482399143e-22 0 0 0 1.485833678e-25 0 3.720276286e-22 2.665640098e-25 1.509971693e-05 0.002853220204 0 0 4.203173999e-23 0 0 0 1.385721383e-06 9.442140356e-68 1.920339588e-54 2.159067556e-10 2.241507391e-35 0 1.066167386e-38 0 0 0 1.281369281e-11 1.348281239e-66 0 4.845454845e-19 2.192400377e-48 0 0 0 0 0 0 1.406469452e-06 0 0 0 0 0 0 0 0 0 0 0 0 0 0 0 0 0 0 0 0 0 0 0 0 0 0 0 0 0 0 0 0 0 0 0 0 0 0 0 0 0 0 0 0 0 0 0 0 0 0 0 0 0 0 0 0 0 0 0 0 0 0 0 0 0 0 0 0 0 0 0 0 0 0 0 0 0 0 0 0 0 0 0 0 0 0 0 0 0 0 0 0 0 0 0 0 0 0 
0 0 0 0 0 0 0 0 0 0 0 0 0 0 0 0 0 0 0 0 0 0 0 0 0 0 0 0 0 0 0 0 0 0 0 0 0 0 0 0 0 0 0 0 0 0 0 0 0 0 0 0 0 0 0 0 0 0 0 0 0 0 0 0 0 0 0 0 0 0 0 0 0 0 0 0 0 0 0 0 0 0 0 0 0 0 0 0 0 0 0 0 3.702747249e-06 9.505420593e-52 0 0 3.148977569e-56 5.042084651e-49 1.382703892e-09 9.335069894e-38 0 0 0 0 1.261103238e-45 3.948787035e-44 0 0 0 0 0 0 0 9.58400125e-56 0 3.082565399e-17 0 0 2.079845652e-14 9.264318462e-48 1.299387619e-52 0 2.115409899e-24 8.683763111e-15 0 0 0 0 0 2.215456823e-18 6.065911851e-43 0 0 0 0 9.919322702e-61 0 4.528848449e-68 6.057391607e-15 1.538388659e-16 1.198061241e-18 3.073277233e-54 0 0 0 2.157711513e-42 0 0 0 2.353544604e-19 0 0 1.299754357e-56 0 1.032344959e-07 0 0 0 1.445227746e-27 3.537608127e-54 0 0 0 0 0 0 0 0 0 0 0 0 0 0 0 0 0 0 0 0 0 0 0 0 0 0 0 0 0 0 0 0 0 0 0 0 0 0 0 0 0 0 0 0 0 0 0 0 0 0 0 0 0 0 0 0 0 0 0 0 0 0 0 0 0 0 0 0 0 0 0 0 0 0 0 0 0 0 0 0 0 0 0 0 0 0 0 0 0 0 0 0 0 0 0 0 
0 0 0 0 0 0 0 0 0 0 0 0 0 0 0 0 0 0 0 0 0 0 0 0 0 0 0 0 0 0 0 0 0 0 0 0 0 0 0 0 0 0 0 0 0 0 0 0 0 0 0 0 0 0 0 0 0 0 0 0 0 0 0 0 0 0 0 0 0 0 0 0 0 0 0 0 0 0 0 0 0 0 0 0 0 0 0 0 0 0 0 0 0 0 0 0 0 0 0 0 0 1.698947805e-46 0 0 0 0 0 0 0 6.530162415e-42 0 0 2.317467507e-51 0 0 0 0 0 0 0 7.729739463e-08 0 0 3.467371102e-17 9.069569505e-40 0 0 0 1.549197488e-53 1.30892253e-18 0 1.471396494e-27 3.222596175e-59 3.576597682e-63 2.285108497e-51 0 6.547639656e-67 0 0 1.501486435e-11 6.024569505e-43 0 0 0 1.587264243e-57 0 0.5122610281 2.873040951e-60 0 0 0 0 0 0 0 0 0 0 7.858276294e-29 0 0 0 1.083075163e-52 0 0 0 0 0 0 0 0 0 0 0 0 0 0 0 0 0 0 0 0 0 0 0 0 0 0 0 0 0 0 0 0 0 0 0 0 0 0 0 0 0 0 0 0 0 0 0 0 0 0 0 0 0 0 0 0 0 0 0 0 0 0 0 0 0 0 0 0 0 0 0 0 0 0 0 0 0 0 0 0 0 0 0 0 0 0 0 0 0 0 0 0 0 
0 0 0 0 0 0 0 0 0 0 0 0 0 0 0 0 0 0 0 0 0 0 0 0 0 0 0 0 0 0 0 0 0 0 0 0 0 0 0 0 0 0 0 0 0 0 0 0 0 0 0 0 0 0 0 0 0 0 0 0 0 0 0 0 0 0 0 0 0 0 0 0 0 0 0 0 0 0 0 0 0 0 0 0 0 0 0 0 0 0 0 1.293429354e-50 0 0 0 1.741683707e-54 6.078142201e-33 0 4.978472515e-54 0 0 0 0 1.091194586e-29 0 0 0 0 0 0 0 0 2.478097133e-64 0 0 2.47852736e-38 0 0 0 0 0 1.573813974e-47 0 0 3.468795986e-38 0 8.504422511e-72 7.256966133e-10 0 3.926972205e-15 0 0 0 7.703593252e-41 0 0 0 0 0 2.137566099e-38 7.712537831e-20 3.49088891e-15 2.543169823e-06 2.030244808e-36 4.242363406e-35 7.552091624e-15 5.199920933e-25 0 0 1.825081667e-15 0 0 0 0 5.62149841e-52 0 0 2.538638619e-09 5.724842265e-09 0 1.139633638e-40 0 0 0 0 0 0 0 0 0 0 0 0 0 0 0 0 0 0 0 0 0 0 0 0 0 0 0 0 0 0 0 0 0 0 0 0 0 0 0 0 0 0 0 0 0 0 0 0 0 0 0 0 0 0 0 0 0 0 0 0 0 0 0 0 0 0 0 0 0 0 0 0 0 0 0 0 0 0 0 0 0 0 0 0 0 0 0 0 0 0 0 0 0 0 0 
0 0 0 0 0 0 0 0 0 0 0 0 0 0 0 0 0 0 0 0 0 0 0 0 0 0 0 0 0 0 0 0 0 0 0 0 0 0 0 0 0 0 0 0 0 0 0 0 0 0 0 0 0 0 0 0 0 0 0 0 0 0 0 0 0 0 0 0 0 0 0 0 0 0 0 0 0 0 0 0 0 0 0 0 0 0 0 0 0 0 0 0 2.707798534e-28 3.102775949e-38 0 0 0 0 3.123544472e-62 0 0 0 0 0 0 0 0 0 0 0 2.105299422e-66 0 1.264253336e-43 0 1.411833508e-42 6.770941721e-47 0 0 1.354000013e-76 3.07341065e-32 0 3.495490341e-61 7.522109344e-23 1.528535667e-60 4.473385922e-26 0 0 1.141141772e-29 0 0 3.400638531e-34 0 0 0 0 0 1.491672895e-34 0 0 0 1.190420605e-60 0 0 0 6.495115293e-62 1.577326093e-61 0 1.761204874e-30 2.967160327e-17 0 0 1.597044887e-13 0 0 1.43621022e-26 0 0 0 0 0 0 0 0 0 0 0 0 0 0 0 0 0 0 0 0 0 0 0 0 0 0 0 0 0 0 0 0 0 0 0 0 0 0 0 0 0 0 0 0 0 0 0 0 0 0 0 0 0 0 0 0 0 0 0 0 0 0 0 0 0 0 0 0 0 0 0 0 0 0 0 0 0 0 0 0 0 0 0 0 0 0 0 0 0 0 0 0 0 0 0 0 0 0 0 0 0 
0 0 0 0 0 0 0 0 0 0 0 0 0 0 0 0 0 0 0 0 0 0 0 0 0 0 0 0 0 0 0 0 0 0 0 0 0 0 0 0 0 0 0 0 0 0 0 0 0 0 0 0 0 0 0 0 0 0 0 0 0 0 0 0 0 0 0 0 0 0 0 0 0 0 0 0 0 0 0 0 0 0 0 0 0 0 0 0 0 0 0 0 0 0 0 2.286338452e-14 0 0 1.089150524e-39 1.345344375e-51 3.000279669e-08 3.028931746e-31 0 0 0 0 0 0 0 0 0 0 0 0 0 1.227127676e-61 0 0 0 0 0 0 0 0 0 0 7.743881043e-38 0 0 3.826934257e-51 0 0 6.082683684e-52 0 0 3.371213921e-56 0 5.393338451e-15 3.260634071e-47 1.880780921e-08 2.45323548e-34 0 0 7.701345045e-59 0 0 0 0 0 0 4.524813056e-32 0 0 0 0 0 0 0 0 0 0 0 0 0 0 0 0 0 0 0 0 0 0 0 0 0 0 0 0 0 0 0 0 0 0 0 0 0 0 0 0 0 0 0 0 0 0 0 0 0 0 0 0 0 0 0 0 0 0 0 0 0 0 0 0 0 0 0 0 0 0 0 0 0 0 0 0 0 0 0 0 0 0 0 0 0 0 0 0 0 0 0 0 0 0 0 0 0 0 0 0 0 0 0 0 0 
0 0 0 0 0 0 0 0 0 0 0 0 0 0 0 0 0 0 0 0 0 0 0 0 0 0 0 0 0 0 0 0 0 0 0 0 0 0 0 0 0 0 0 0 0 0 0 0 0 0 0 0 0 0 0 0 0 0 0 0 0 0 0 0 0 0 0 0 0 0 0 0 0 0 0 0 0 0 0 0 0 0 0 0 0 0 0 0 8.586303657e-59 0 0 0 2.491966581e-34 0 0 0 6.284127199e-45 0 0 0 2.132887616e-12 1.597390032e-64 0 0 9.067461881e-64 0 0 0 0 2.680757375e-41 0 0 0 0 8.607251362e-42 0 1.578748498e-32 0 0 3.226630062e-16 0 1.946506132e-38 0 7.723941092e-63 0 0 1.572302931e-67 0 2.898005096e-49 6.69984617e-45 0 3.262869355e-49 1.254632331e-25 8.043966457e-59 0 0 0 0 7.796875571e-43 4.587641115e-18 2.995303559e-38 0 0 4.751096344e-28 0 0 5.425928403e-52 0 0 0 0 2.019302148e-34 0 0 0 0 0 0 0 5.039213367e-65 0 0 0 0 0 0 0 0 0 0 0 0 0 0 0 0 0 0 0 0 0 0 0 0 0 0 0 0 0 0 0 0 0 0 0 0 0 0 0 0 0 0 0 0 0 0 0 0 0 0 0 0 0 0 0 0 0 0 0 0 0 0 0 0 0 0 0 0 0 0 0 0 0 0 0 0 0 0 0 0 0 0 0 0 0 0 0 0 0 0 0 0 0 0 0 0 
0 0 0 0 0 0 0 0 0 0 0 0 0 0 0 0 0 0 0 0 0 0 0 0 0 0 0 0 0 0 0 0 0 0 0 0 0 0 0 0 0 0 0 0 0 0 0 0 0 0 0 0 0 0 0 0 0 0 0 0 0 0 0 0 0 0 0 0 0 0 0 0 0 0 0 0 0 0 0 0 0 0 0 0 0 0 0 0 0 0 0 0 0 2.030051151e-40 6.914784384e-50 0 0 0 0 0 1.829877367e-66 0 0 0 0 0 0 0 0 0 0 0 0 0 6.757460845e-33 0 1.551582153e-66 4.77368807e-66 0 0 0 0 0 0 6.978896279e-62 0 0 0 0 0 0 0 0 0 7.687780679e-36 5.428128645e-24 0 0 0 1.906668478e-13 0 0 7.904247349e-62 0 0 0 0 0 0 0 0 0 0 0 0 0 0 0 0 0 0 0 0 0 0 0 0 0 0 0 0 0 0 0 0 0 0 0 0 0 0 0 0 0 0 0 0 0 0 0 0 0 0 0 0 0 0 0 0 0 0 0 0 0 0 0 0 0 0 0 0 0 0 0 0 0 0 0 0 0 0 0 0 0 0 0 0 0 0 0 0 0 0 0 0 0 0 0 0 0 0 0 0 0 0 0 0 0 0 0 0 0 0 0 0 0 
0 0 0 0 0 0 0 0 0 0 0 0 0 0 0 0 0 0 0 0 0 0 0 0 0 0 0 0 0 0 0 0 0 0 0 0 0 0 0 0 0 0 0 0 0 0 0 0 0 0 0 0 0 0 0 0 0 0 0 0 0 0 0 0 0 0 0 0 0 0 0 0 0 0 0 0 0 0 0 0 0 0 0 0 0 0 0 0 0 0 0 0 5.477868427e-62 0 1.410150601e-57 0 0 0 0 0 0 0 1.249642327e-30 0 0 0 0 0 0 1.037013008e-43 0 0 0 0 0 0 0 0 0 0 0 0 0 0 1.444543978e-68 0 0 0 0 0 0 0 0 0 0 0 0 0 0 0 5.642928766e-24 0 0 3.00114283e-28 0 0 0 0 0 0 0 0 0 0 0 0 0 0 0 0 1.16472071e-50 0 0 0 0 0 0 0 0 0 0 0 0 0 0 0 0 0 0 0 0 0 0 0 0 0 0 0 0 0 0 0 0 0 0 0 0 0 0 0 0 0 0 0 0 0 0 0 0 0 0 0 0 0 0 0 0 0 0 0 0 0 0 0 0 0 0 0 0 0 0 0 0 0 0 0 0 0 0 0 0 0 0 0 0 0 0 0 0 0 0 0 0 0 0 0 
0 0 0 0 0 0 0 0 0 0 0 0 0 0 0 0 0 0 0 0 0 0 0 0 0 0 0 0 0 0 0 0 0 0 0 0 0 0 0 0 0 0 0 0 0 0 0 0 0 0 0 0 0 0 0 0 0 0 0 0 0 0 0 0 0 0 0 0 0 0 0 0 0 0 0 0 0 0 0 0 0 0 0 0 0 0 0 0 0 0 0 0 2.01387366e-44 0 0 3.30150509e-44 1.580610832e-63 0 0 0 0 2.225751357e-75 0 0 0 0 0 0 0 0 0 0 0 0 0 0 0 0 0 0 0 0 0 2.248340346e-33 6.026618882e-64 4.245841292e-54 0 0 6.61751429e-69 0 1.820975986e-74 2.846352862e-52 0 0 7.030626008e-69 0 0 0 1.181218835e-40 0 5.968809468e-64 0 0 0 0 0 3.720994349e-29 0 0 5.116104056e-29 4.136388208e-36 0 1.104707206e-73 0 0 0 0 0 0 0 0 1.734308439e-55 0 0 0 0 0 0 0 0 0 0 0 0 0 0 0 0 0 0 0 0 0 0 0 0 0 0 0 0 0 0 0 0 0 0 0 0 0 0 0 0 0 0 0 0 0 0 0 0 0 0 0 0 0 0 0 0 0 0 0 0 0 0 0 0 0 0 0 0 0 0 0 0 0 0 0 0 0 0 0 0 0 0 0 0 0 0 0 0 0 0 0 0 0 0 
0 0 0 0 0 0 0 0 0 0 0 0 0 0 0 0 0 0 0 0 0 0 0 0 0 0 0 0 0 0 0 0 0 0 0 0 0 0 0 0 0 0 0 0 0 0 0 0 0 0 0 0 0 0 0 0 0 0 0 0 0 0 0 0 0 0 0 0 0 0 0 0 0 0 0 0 0 0 0 0 0 0 0 0 0 0 0 0 0 0 0 2.128168724e-51 1.840786723e-15 1.43331459e-64 0 0 0 0 0 0 0 0 0 0 0 0 0 0 0 0 0 1.554680735e-63 0 1.338223951e-67 0 0 0 0 0 0 0 6.206965796e-54 3.522112673e-24 0 0 0 0 0 4.743265214e-60 0 0 0 1.560302759e-53 0 0 0 0 0 0 9.118246131e-39 0 0 5.252358893e-58 1.252197941e-62 0 0 0 0 0 0 1.927830472e-31 0 0 0 6.165406767e-63 0 0 0 0 0 0 0 0 0 0 0 0 0 0 0 0 0 0 0 0 0 0 0 0 0 0 0 0 0 0 0 0 0 0 0 0 0 0 0 0 0 0 0 0 0 0 0 0 0 0 0 0 0 0 0 0 0 0 0 0 0 0 0 0 0 0 0 0 0 0 0 0 0 0 0 0 0 0 0 0 0 0 0 0 0 0 0 0 0 0 0 0 0 0 0 0 0 0 0 0 0 
0 0 0 0 0 0 0 0 0 0 0 0 0 0 0 0 0 0 0 0 0 0 0 0 0 0 0 0 0 0 0 0 0 0 0 0 0 0 0 0 0 0 0 0 0 0 0 0 0 0 0 0 0 0 0 0 0 0 0 0 0 0 0 0 0 0 0 0 0 0 0 0 0 0 0 0 0 0 0 0 0 0 0 0 0 0 0 0 0 0 0 0 0 0 0 0 0 2.453453802e-25 0 0 0 0 0 0 0 0 0 0 0 1.813320553e-39 0 0 0 0 1.883569584e-44 0 0 1.94687544e-66 0 0 0 1.771028888e-44 2.386545073e-50 2.087468827e-47 0 0 2.750216009e-47 0 0 0 0 0 0 0 8.566132912e-37 0 0 0 0 0 0 3.998461002e-52 0 0 0 0 3.918638765e-31 0 0 0 0 0 8.486515163e-50 0 0 0 0 0 0 0 0 0 0 0 0 0 0 0 0 0 0 0 0 0 0 0 0 0 0 0 0 0 0 0 0 0 0 0 0 0 0 0 0 0 0 0 0 0 0 0 0 0 0 0 0 0 0 0 0 0 0 0 0 0 0 0 0 0 0 0 0 0 0 0 0 0 0 0 0 0 0 0 0 0 0 0 0 0 0 0 0 0 0 0 0 0 0 0 0 0 0 0 0 0 0 0 
0 0 0 0 0 0 0 0 0 0 0 0 0 0 0 0 0 0 0 0 0 0 0 0 0 0 0 0 0 0 0 0 0 0 0 0 0 0 0 0 0 0 0 0 0 0 0 0 0 0 0 0 0 0 0 0 0 0 0 0 0 0 0 0 0 0 0 0 0 0 0 0 0 0 0 0 0 0 0 0 0 0 0 0 0 0 0 0 0 0 0 0 0 0 0 0 0 0 0 0 0 0 0 0 0 0 0 0 0 0 0 0 0 0 0 0 0 0 0 0 0 1.604694602e-25 0 0 0 0 0 0 0 0 2.786123689e-60 0 2.113833761e-63 0 0 0 0 0 0 0 0 0 0 0 0 0 0 0 0 0 0 0 0 0 0 0 0 0 0 0 0 0 0 0 0 0 0 0 0 0 0 0 0 0 0 0 0 0 0 0 0 0 0 0 0 0 0 0 0 0 0 0 0 0 0 0 0 0 0 0 0 0 0 0 0 0 0 0 0 0 0 0 0 0 0 0 0 0 0 0 0 0 0 0 0 0 0 0 0 0 0 0 0 0 0 0 0 0 0 0 0 0 0 0 0 0 0 0 0 0 0 0 0 0 0 0 
0 0 0 0 0 0 0 0 0 0 0 0 0 0 0 0 0 0 0 0 0 0 0 0 0 0 0 0 0 0 0 0 0 0 0 0 0 0 0 0 0 0 0 0 0 0 0 0 0 0 0 0 0 0 0 0 0 0 0 0 0 0 0 0 0 0 0 0 0 0 0 0 0 0 0 0 0 0 0 0 0 0 0 0 0 0 0 0 0 0 0 0 0 0 0 0 0 0 0 0 0 0 0 0 0 1.696234127e-71 0 0 0 0 0 0 0 0 0 0 0 0 1.063720043e-54 0 0 0 0 0 0 0 0 0 0 0 0 2.08771824e-52 0 0 0 3.523532452e-74 0 0 0 0 0 0 0 0 0 0 0 0 0 0 0 0 0 0 0 0 0 0 0 0 0 0 0 0 0 0 0 0 0 0 0 0 0 0 0 0 0 0 0 0 0 0 0 0 0 0 0 0 0 0 0 0 0 0 0 0 0 0 0 0 0 0 0 0 0 0 0 0 0 0 0 0 0 0 0 0 0 0 0 0 0 0 0 0 0 0 0 0 0 0 0 0 0 0 0 0 0 0 0 0 0 0 0 0 0 0 0 0 0 0 0 0 0 0 0 0 
0 0 0 0 0 0 0 0 0 0 0 0 0 0 0 0 0 0 0 0 0 0 0 0 0 0 0 0 0 0 0 0 0 0 0 0 0 0 0 0 0 0 0 0 0 0 0 0 0 0 0 0 0 0 0 0 0 0 0 0 0 0 0 0 0 0 0 0 0 0 0 0 0 0 0 0 0 0 0 0 0 0 0 0 0 0 0 0 0 3.103612887e-53 0 0 1.53271021e-79 0 0 0 0 0 0 0 0 0 0 0 0 0 0 0 0 0 0 0 9.185857299e-80 0 0 0 0 0 0 0 2.940731363e-28 0 0 0 0 0 0 0 0 0 0 0 0 0 0 0 0 0 0 0 8.812140902e-76 0 0 4.979722427e-54 5.539903486e-58 0 0 0 0 0 0 0 0 1.052946146e-68 0 0 0 0 0 0 0 0 0 0 0 0 0 0 0 0 0 0 0 0 0 0 0 0 0 0 0 0 0 0 0 0 0 0 0 0 0 0 0 0 0 0 0 0 0 0 0 0 0 0 0 0 0 0 0 0 0 0 0 0 0 0 0 0 0 0 0 0 0 0 0 0 0 0 0 0 0 0 0 0 0 0 0 0 0 0 0 0 0 0 0 0 0 0 0 0 0 0 0 0 0 0 
0 0 0 0 0 0 0 0 0 0 0 0 0 0 0 0 0 0 0 0 0 0 0 0 0 0 0 0 0 0 0 0 0 0 0 0 0 0 0 0 0 0 0 0 0 0 0 0 0 0 0 0 0 0 0 0 0 0 0 0 0 0 0 0 0 0 0 0 0 0 0 0 0 0 0 0 0 0 0 0 0 0 0 0 0 0 0 0 0 0 0 0 0 0 0 0 0 0 0 0 0 0 0 0 0 0 0 0 0 0 0 0 0 0 0 0 0 0 4.437256275e-37 0 0 0 0 0 2.064729558e-68 0 0 0 0 2.571100606e-45 0 0 0 0 0 0 0 0 5.120957404e-56 0 0 0 0 0 0 4.346570904e-70 0 0 0 0 0 0 0 0 0 0 0 7.368558749e-54 0 0 0 0 0 0 0 0 0 0 0 0 0 0 0 0 0 0 0 0 0 0 0 0 0 0 0 0 0 0 0 0 0 0 0 0 0 0 0 0 0 0 0 0 0 0 0 0 0 0 0 0 0 0 0 0 0 0 0 0 0 0 0 0 0 0 0 0 0 0 0 0 0 0 0 0 0 0 0 0 0 0 0 0 0 0 0 0 0 0 0 0 0 0 0 0 0 0 
0 0 0 0 0 0 0 0 0 0 0 0 0 0 0 0 0 0 0 0 0 0 0 0 0 0 0 0 0 0 0 0 0 0 0 0 0 0 0 0 0 0 0 0 0 0 0 0 0 0 0 0 0 0 0 0 0 0 0 0 0 0 0 0 0 0 0 0 0 0 0 0 0 0 0 0 0 0 0 0 0 0 0 0 0 0 0 0 2.849333822e-46 0 0 4.872216356e-74 0 0 0 0 0 0 0 0 0 0 0 0 0 0 0 0 0 0 0 0 0 0 0 0 2.69902898e-80 0 1.05195627e-67 0 0 1.970421042e-52 0 9.058392491e-74 0 0 0 0 0 0 0 0 1.612872238e-47 0 7.520421546e-72 0 0 0 0 0 0 0 0 0 0 0 0 0 0 0 0 0 0 0 0 0 0 0 0 0 0 0 0 0 0 0 0 0 0 0 0 0 0 0 0 0 0 0 0 0 0 0 0 0 0 0 0 0 0 0 0 0 0 0 0 0 0 0 0 0 0 0 0 0 0 0 0 0 0 0 0 0 0 0 0 0 0 0 0 0 0 0 0 0 0 0 0 0 0 0 0 0 0 0 0 0 0 0 0 0 0 0 0 0 0 0 0 0 0 0 0 0 0 0 0 0 
0 0 0 0 0 0 0 0 0 0 0 0 0 0 0 0 0 0 0 0 0 0 0 0 0 0 0 0 0 0 0 0 0 0 0 0 0 0 0 0 0 0 0 0 0 0 0 0 0 0 0 0 0 0 0 0 0 0 0 0 0 0 0 0 0 0 0 0 0 0 0 0 0 0 0 0 0 0 0 0 0 0 0 0 0 0 0 0 0 0 0 0 0 0 0 0 0 0 0 0 0 0 0 0 0 0 0 0 0 0 0 0 0 0 0 0 0 0 0 0 0 0 0 0 0 0 0 0 2.876556902e-58 0 0 0 0 0 0 0 0 0 0 0 0 5.656450119e-62 1.228360455e-66 0 0 9.253515611e-66 0 0 0 0 8.978328194e-78 0 0 0 0 0 0 0 0 0 0 0 0 0 0 0 0 0 0 0 0 0 0 0 0 0 0 0 0 0 0 0 0 0 0 0 0 0 0 0 0 0 0 0 0 0 0 0 0 0 0 0 0 0 0 0 0 0 0 0 0 0 0 0 0 0 0 0 0 0 0 0 0 0 0 0 0 0 0 0 0 0 0 0 0 0 0 0 0 0 0 0 0 0 0 0 0 0 0 0 0 0 0 0 0 0 
0 0 0 0 0 0 0 0 0 0 0 0 0 0 0 0 0 0 0 0 0 0 0 0 0 0 0 0 0 0 0 0 0 0 0 0 0 0 0 0 0 0 0 0 0 0 0 0 0 0 0 0 0 0 0 0 0 0 0 0 0 0 0 0 0 0 0 0 0 0 0 0 0 0 0 0 0 0 0 0 0 0 0 0 0 0 0 0 0 0 0 0 0 0 0 0 0 0 0 0 0 0 0 0 0 0 0 0 0 0 0 0 0 0 0 0 0 0 0 0 0 0 0 2.438445249e-62 0 0 0 2.912584015e-78 0 0 0 0 0 0 0 0 0 6.298944407e-81 0 0 0 0 0 0 0 0 0 0 0 0 1.707698123e-79 0 0 0 0 0 0 0 0 0 0 0 0 0 0 0 0 0 0 0 0 0 0 0 0 0 0 0 0 0 0 0 0 0 0 0 0 0 0 0 0 0 0 0 0 0 0 0 0 0 0 0 0 0 0 0 0 0 0 0 0 0 0 0 0 0 0 0 0 0 0 0 0 0 0 0 0 0 0 0 0 0 0 0 0 0 0 0 0 0 0 0 0 0 0 0 0 0 0 0 0 0 0 0 0 0 
0 0 0 0 0 0 0 0 0 0 0 0 0 0 0 0 0 0 0 0 0 0 0 0 0 0 0 0 0 0 0 0 0 0 0 0 0 0 0 0 0 0 0 0 0 0 0 0 0 0 0 0 0 0 0 0 0 0 0 0 0 0 0 0 0 0 0 0 0 0 0 0 0 0 0 0 0 0 0 0 0 0 0 0 0 0 0 0 0 0 0 0 0 0 0 0 0 0 0 3.732362239e-83 0 0 0 0 0 0 0 0 0 0 0 0 0 0 0 0 0 0 0 0 0 0 0 0 0 0 0 0 0 0 0 0 0 0 0 0 0 0 0 0 0 0 7.613190609e-78 0 0 0 0 0 0 0 0 0 0 0 0 0 0 0 0 0 0 0 0 0 0 0 0 0 0 0 0 0 0 0 0 0 0 0 0 0 0 0 0 0 0 0 0 0 0 0 0 0 0 0 0 0 0 0 0 0 0 0 0 0 0 0 0 0 0 0 0 0 0 0 0 0 0 0 0 0 0 0 0 0 0 0 0 0 0 0 0 0 0 0 0 0 0 0 0 0 0 0 0 0 0 0 0 0 0 0 0 0 0 0 0 0 
0 0 0 0 0 0 0 0 0 0 0 0 0 0 0 0 0 0 0 0 0 0 0 0 0 0 0 0 0 0 0 0 0 0 0 0 0 0 0 0 0 0 0 0 0 0 0 0 0 0 0 0 0 0 0 0 0 0 0 0 0 0 0 0 0 0 0 0 0 0 0 0 0 0 0 0 0 0 0 0 0 0 0 0 0 0 0 0 0 0 0 0 0 0 0 0 0 0 0 0 0 0 0 0 0 0 0 0 0 0 0 0 0 0 0 0 0 0 0 0 0 0 0 2.414603441e-70 0 0 0 0 0 0 0 0 0 0 0 0 0 0 0 0 0 0 0 0 0 0 0 0 0 0 0 0 0 0 0 0 0 0 0 0 0 0 0 0 0 0 0 0 0 0 0 0 0 0 0 0 0 0 0 0 0 0 0 0 0 0 0 0 0 0 0 0 0 0 0 0 0 0 0 0 0 0 0 0 0 0 0 0 0 0 0 0 0 0 0 0 0 0 0 0 0 0 0 0 0 0 0 0 0 0 0 0 0 0 0 0 0 0 0 0 0 0 0 0 0 0 0 0 0 0 0 0 0 0 0 0 
0 0 0 0 0 0 0 0 0 0 0 0 0 0 0 0 0 0 0 0 0 0 0 0 0 0 0 0 0 0 0 0 0 0 0 0 0 0 0 0 0 0 0 0 0 0 0 0 0 0 0 0 0 0 0 0 0 0 0 0 0 0 0 0 0 0 0 0 0 0 0 0 0 0 0 0 0 0 0 0 0 0 0 0 0 0 0 0 0 0 0 0 2.759042673e-69 0 0 0 0 0 0 0 0 0 0 0 0 0 0 0 0 0 0 0 0 5.273913484e-75 0 0 0 0 0 0 0 0 0 0 0 0 0 0 0 0 0 0 0 0 0 0 1.036914948e-54 0 0 0 0 2.073791912e-57 0 0 0 0 0 0 0 0 0 0 1.579155155e-75 0 0 0 0 0 0 0 0 0 0 0 0 0 0 0 0 0 0 0 0 0 0 0 0 0 0 0 0 0 0 0 0 0 0 0 0 0 0 0 0 0 0 0 0 0 0 0 0 0 0 0 0 0 0 0 0 0 0 0 0 0 0 0 0 0 0 0 0 0 0 0 0 0 0 0 0 0 0 0 0 0 0 0 0 0 0 0 0 0 0 0 0 0 0 0 0 0 0 0 0 0 0 0 
0 0 0 0 0 0 0 0 0 0 0 0 0 0 0 0 0 0 0 0 0 0 0 0 0 0 0 0 0 0 0 0 0 0 0 0 0 0 0 0 0 0 0 0 0 0 0 0 0 0 0 0 0 0 0 0 0 0 0 0 0 0 0 0 0 0 0 0 0 0 0 0 0 0 0 0 0 0 0 0 0 0 0 0 0 0 0 0 0 0 0 5.782320687e-72 0 0 0 0 0 0 0 0 8.171121353e-72 0 0 0 0 0 0 0 0 0 0 0 0 1.523579542e-83 0 0 0 0 0 0 0 0 0 0 0 0 0 0 0 0 0 0 0 0 0 0 0 0 0 0 1.528437827e-84 0 2.218024858e-83 0 1.152485241e-81 0 0 0 0 6.437978301e-67 0 0 0 0 0 0 0 0 0 0 0 0 0 0 0 0 0 0 0 0 0 0 0 0 0 0 0 0 0 0 0 0 0 0 0 0 0 0 0 0 0 0 0 0 0 0 0 0 0 0 0 0 0 0 0 0 0 0 0 0 0 0 0 0 0 0 0 0 0 0 0 0 0 0 0 0 0 0 0 0 0 0 0 0 0 0 0 0 0 0 0 0 0 0 0 0 0 0 0 0 0 0 0 0 0 0 
0 0 0 0 0 0 0 0 0 0 0 0 0 0 0 0 0 0 0 0 0 0 0 0 0 0 0 0 0 0 0 0 0 0 0 0 0 0 0 0 0 0 0 0 0 0 0 0 0 0 0 0 0 0 0 0 0 0 0 0 0 0 0 0 0 0 0 0 0 0 0 0 0 0 0 0 0 0 0 0 0 0 0 0 0 0 0 0 0 0 0 0 0 2.321811603e-61 0 0 0 0 0 0 0 0 0 0 0 0 0 0 0 0 0 0 0 0 0 0 0 0 0 0 0 0 0 0 0 0 0 0 0 0 0 0 0 0 0 0 0 0 0 0 0 8.78354005e-73 0 0 0 0 0 0 0 0 0 0 0 0 0 0 0 0 0 0 0 0 0 0 0 0 0 0 0 0 0 0 0 0 0 0 0 0 0 0 0 0 0 0 0 0 0 0 0 0 0 0 0 0 0 0 0 0 0 0 0 0 0 0 0 0 0 0 0 0 0 0 0 0 0 0 0 0 0 0 0 0 0 0 0 0 0 0 0 0 0 0 0 0 0 0 0 0 0 0 0 0 0 0 0 0 0 0 0 0 0 0 0 0 0 0 
0 0 0 0 0 0 0 0 0 0 0 0 0 0 0 0 0 0 0 0 0 0 0 0 0 0 0 0 0 0 0 0 0 0 0 0 0 0 0 0 0 0 0 0 0 0 0 0 0 0 0 0 0 0 0 0 0 0 0 0 0 0 0 0 0 0 0 0 0 0 0 0 0 0 0 0 0 0 0 0 0 0 0 0 0 0 0 0 0 0 0 0 0 0 0 0 0 0 0 0 0 0 0 0 0 0 0 0 0 0 0 0 0 0 0 0 0 0 0 0 0 0 0 0 0 0 0 0 0 0 0 0 0 0 0 0 0 0 0 0 0 0 0 0 0 0 0 0 0 0 0 0 0 0 0 0 0 0 0 0 0 0 0 0 0 0 0 0 0 0 0 0 0 0 0 0 0 0 0 0 0 0 0 0 0 0 0 0 0 0 0 0 0 0 0 0 0 0 0 0 0 0 0 0 0 0 0 0 0 0 0 0 0 0 0 0 0 0 0 0 0 0 0 0 0 0 0 0 0 0 0 0 0 0 0 0 0 0 0 0 0 0 0 0 0 0 0 0 0 0 0 0 0 0 0 0 
0 0 0 0 0 0 0 0 0 0 0 0 0 0 0 0 0 0 0 0 0 0 0 0 0 0 0 0 0 0 0 0 0 0 0 0 0 0 0 0 0 0 0 0 0 0 0 0 0 0 0 0 0 0 0 0 0 0 0 0 0 0 0 0 0 0 0 0 0 0 0 0 0 0 0 0 0 0 0 0 0 0 0 0 0 0 0 0 0 0 0 0 0 0 0 0 0 0 0 0 0 0 0 0 0 0 0 0 0 0 0 0 0 0 0 0 0 0 0 0 0 0 0 0 0 0 0 0 0 0 0 0 0 0 0 0 0 0 0 0 0 0 0 0 1.102017503e-82 0 0 0 0 0 0 0 0 0 0 0 0 0 0 0 0 0 0 0 0 0 0 0 0 0 0 0 0 0 0 0 0 0 0 0 0 0 0 0 0 0 0 0 0 0 0 0 0 0 0 0 0 0 0 0 0 0 0 0 0 0 0 0 0 0 0 0 0 0 0 0 0 0 0 0 0 0 0 0 0 0 0 0 0 0 0 0 0 0 0 0 0 0 0 0 0 0 0 0 0 0 0 0 0 0 0 0 0 0 0 0 
0 0 0 0 0 0 0 0 0 0 0 0 0 0 0 0 0 0 0 0 0 0 0 0 0 0 0 0 0 0 0 0 0 0 0 0 0 0 0 0 0 0 0 0 0 0 0 0 0 0 0 0 0 0 0 0 0 0 0 0 0 0 0 0 0 0 0 0 0 0 0 0 0 0 0 0 0 0 0 0 0 0 0 0 0 0 0 0 0 0 0 0 0 0 0 0 0 0 0 0 0 0 0 0 0 0 0 0 0 0 0 0 0 0 0 0 0 7.048276572e-81 0 0 0 0 0 0 0 0 0 0 0 0 0 0 0 0 0 0 0 0 0 0 0 0 0 9.618267009e-64 0 0 0 0 0 0 0 0 0 0 0 0 0 0 0 0 0 0 0 0 0 0 0 0 0 0 0 0 0 0 0 0 0 0 0 0 0 0 0 0 0 0 0 0 0 0 0 0 0 0 0 0 0 0 0 0 0 0 0 0 0 0 0 0 0 0 0 0 0 0 0 0 0 0 0 0 0 0 0 0 0 0 0 0 0 0 0 0 0 0 0 0 0 0 0 0 0 0 0 0 0 0 0 0 0 0 0 0 0 0 0 0 
0 0 0 0 0 0 0 0 0 0 0 0 0 0 0 0 0 0 0 0 0 0 0 0 0 0 0 0 0 0 0 0 0 0 0 0 0 0 0 0 0 0 0 0 0 0 0 0 0 0 0 0 0 0 0 0 0 0 0 0 0 0 0 0 0 0 0 0 0 0 0 0 0 0 0 0 0 0 0 0 0 0 0 0 0 0 0 0 0 0 0 0 0 0 0 0 2.494742796e-76 0 0 0 0 0 0 0 0 0 0 0 0 0 0 1.992843978e-76 0 0 0 0 0 0 0 0 0 0 0 0 0 0 0 0 0 0 0 0 0 0 0 0 0 0 0 0 0 0 1.086905597e-82 0 0 0 0 0 0 0 0 0 0 0 0 0 0 0 0 0 6.48446237e-87 0 0 0 0 0 0 0 0 0 0 0 0 0 0 0 0 0 0 0 0 0 0 0 0 0 0 0 0 0 0 0 0 0 0 0 0 0 0 0 0 0 0 0 0 0 0 0 0 0 0 0 0 0 0 0 0 0 0 0 0 0 0 0 0 0 0 0 0 0 0 0 0 0 0 0 0 0 0 0 0 0 0 0 0 0 0 0 0 0 0 0 0 0 0 0 
0 0 0 0 0 0 0 0 0 0 0 0 0 0 0 0 0 0 0 0 0 0 0 0 0 0 0 0 0 0 0 0 0 0 0 0 0 0 0 0 0 0 0 0 0 0 0 0 0 0 0 0 0 0 0 0 0 0 0 0 0 0 0 0 0 0 0 0 0 0 0 0 0 0 0 0 0 0 0 0 0 0 0 0 0 0 0 0 0 0 0 0 0 0 0 0 0 0 0 0 0 0 0 0 0 0 0 0 0 0 0 0 0 0 0 0 0 0 0 0 0 0 0 0 0 0 0 0 0 0 0 0 0 0 0 0 0 0 0 0 0 0 0 0 0 0 0 0 0 0 0 0 0 0 0 0 0 0 0 0 0 0 0 0 0 0 0 0 0 0 0 0 0 0 0 0 0 0 0 0 0 0 0 0 0 0 0 0 0 0 0 0 0 0 0 0 0 0 0 0 0 0 0 0 0 0 0 0 0 0 0 0 0 0 0 0 0 0 0 0 0 0 0 0 0 0 0 0 0 0 0 0 0 0 0 0 0 0 0 0 0 0 0 0 0 0 0 0 0 0 0 0 0 0 0 0 
0 0 0 0 0 0 0 0 0 0 0 0 0 0 0 0 0 0 0 0 0 0 0 0 0 0 0 0 0 0 0 0 0 0 0 0 0 0 0 0 0 0 0 0 0 0 0 0 0 0 0 0 0 0 0 0 0 0 0 0 0 0 0 0 0 0 0 0 0 0 0 0 0 0 0 0 0 0 0 0 0 0 0 0 0 0 0 0 0 0 0 0 0 0 0 0 0 0 0 0 0 0 0 0 0 0 0 0 0 0 0 0 0 0 0 0 0 0 0 0 0 0 0 0 0 0 0 0 0 0 0 0 0 0 0 0 0 0 0 0 0 0 0 0 0 0 0 0 0 0 0 0 0 0 0 0 0 0 0 0 0 0 0 0 0 0 0 0 0 0 0 0 0 0 0 0 0 0 0 0 0 0 0 0 0 0 0 0 0 0 0 0 0 0 0 0 0 0 0 0 0 0 0 0 0 0 0 0 0 0 0 0 0 0 0 0 0 0 0 0 0 0 0 0 0 0 0 0 0 0 0 0 0 0 0 0 0 0 0 0 0 0 0 0 0 0 0 0 0 0 0 0 0 0 0 0 
0 0 0 0 0 0 0 0 0 0 0 0 0 0 0 0 0 0 0 0 0 0 0 0 0 0 0 0 0 0 0 0 0 0 0 0 0 0 0 0 0 0 0 0 0 0 0 0 0 0 0 0 0 0 0 0 0 0 0 0 0 0 0 0 0 0 0 0 0 0 0 0 0 0 0 0 0 0 0 0 0 0 0 0 0 0 0 0 0 0 0 0 0 0 0 0 0 0 0 0 0 0 0 0 0 0 0 0 0 0 0 0 0 0 0 0 0 0 0 0 0 0 0 0 0 0 0 0 0 0 0 0 0 0 0 0 0 0 0 0 0 0 0 0 0 0 0 0 0 0 0 0 0 0 0 0 0 0 0 0 0 0 0 0 0 0 0 0 0 0 0 0 0 0 0 0 0 0 0 0 0 0 0 0 0 0 0 0 0 0 0 0 0 0 0 0 0 0 0 0 0 0 0 0 0 0 0 0 0 0 0 0 0 0 0 0 0 0 0 0 0 0 0 0 0 0 0 0 0 0 0 0 0 0 0 0 0 0 0 0 0 0 0 0 0 0 0 0 0 0 0 0 0 0 0 0 
0 0 0 0 0 0 0 0 0 0 0 0 0 0 0 0 0 0 0 0 0 0 0 0 0 0 0 0 0 0 0 0 0 0 0 0 0 0 0 0 0 0 0 0 0 0 0 0 0 0 0 0 0 0 0 0 0 0 0 0 0 0 0 0 0 0 0 0 0 0 0 0 0 0 0 0 0 0 0 0 0 0 0 0 0 0 0 0 0 0 0 0 0 0 0 0 0 0 0 0 0 0 0 0 0 0 0 0 0 0 0 0 0 0 0 0 0 0 0 0 0 0 0 0 0 0 0 0 0 0 0 0 0 0 0 0 0 0 0 0 0 0 0 0 0 0 0 0 0 0 0 0 0 0 0 0 0 0 0 0 0 0 0 0 0 0 0 0 0 0 0 0 0 0 0 0 0 0 0 0 0 0 0 0 0 0 0 0 0 0 0 0 0 0 0 0 0 0 0 0 0 0 0 0 0 0 0 0 0 0 0 0 0 0 0 0 0 0 0 0 0 0 0 0 0 0 0 0 0 0 0 0 0 0 0 0 0 0 0 0 0 0 0 0 0 0 0 0 0 0 0 0 0 0 0 0 
0 0 0 0 0 0 0 0 0 0 0 0 0 0 0 0 0 0 0 0 0 0 0 0 0 0 0 0 0 0 0 0 0 0 0 0 0 0 0 0 0 0 0 0 0 0 0 0 0 0 0 0 0 0 0 0 0 0 0 0 0 0 0 0 0 0 0 0 0 0 0 0 0 0 0 0 0 0 0 0 0 0 0 0 0 0 0 0 0 0 0 0 0 0 0 0 0 0 0 0 0 0 0 0 0 0 0 0 0 0 0 0 0 0 0 0 0 0 0 0 0 0 0 0 0 0 0 0 0 0 0 0 0 0 0 0 0 0 0 0 0 0 0 0 0 0 0 0 0 0 0 0 0 0 0 0 0 0 0 0 0 0 0 0 0 0 0 0 0 0 0 0 0 0 0 0 0 0 0 0 0 0 0 0 0 0 0 0 0 0 0 0 0 0 0 0 0 0 0 0 0 0 0 0 0 0 0 0 0 0 0 0 0 0 0 0 0 0 0 0 0 0 0 0 0 0 0 0 0 0 0 0 0 0 0 0 0 0 0 0 0 0 0 0 0 0 0 0 0 0 0 0 0 0 0 0 
0 0 0 0 0 0 0 0 0 0 0 0 0 0 0 0 0 0 0 0 0 0 0 0 0 0 0 0 0 0 0 0 0 0 0 0 0 0 0 0 0 0 0 0 0 0 0 0 0 0 0 0 0 0 0 0 0 0 0 0 0 0 0 0 0 0 0 0 0 0 0 0 0 0 0 0 0 0 0 0 0 0 0 0 0 0 0 0 0 0 0 0 0 0 0 0 0 0 0 0 0 0 0 0 0 0 0 0 0 0 0 0 0 0 0 0 0 0 0 0 0 0 0 0 0 0 0 0 0 0 0 0 0 0 0 0 0 0 0 0 0 0 0 0 0 0 0 0 0 0 0 0 0 0 0 0 0 0 0 0 0 0 0 0 0 0 0 0 0 0 0 0 0 0 0 0 0 0 0 0 0 0 0 0 0 0 0 0 0 0 0 0 0 0 0 0 0 0 0 0 0 0 0 0 0 0 0 0 0 0 0 0 0 0 0 0 0 0 0 0 0 0 0 0 0 0 0 0 0 0 0 0 0 0 0 0 0 0 0 0 0 0 0 0 0 0 0 0 0 0 0 0 0 0 0 0 
0 0 0 0 0 0 0 0 0 0 0 0 0 0 0 0 0 0 0 0 0 0 0 0 0 0 0 0 0 0 0 0 0 0 0 0 0 0 0 0 0 0 0 0 0 0 0 0 0 0 0 0 0 0 0 0 0 0 0 0 0 0 0 0 0 0 0 0 0 0 0 0 0 0 0 0 0 0 0 0 0 0 0 0 0 0 0 0 0 0 0 0 0 0 0 0 0 0 0 0 0 0 0 0 0 0 0 0 0 0 0 0 0 0 0 0 0 0 0 0 0 0 0 0 0 0 0 0 0 0 0 0 0 0 0 0 0 0 0 0 0 0 0 0 0 0 0 0 0 0 0 0 0 0 0 0 0 0 0 0 0 0 0 0 0 0 0 0 0 0 0 0 0 0 0 0 0 0 0 0 0 0 0 0 0 0 0 0 0 0 0 0 0 0 0 0 0 0 0 0 0 0 0 0 0 0 0 0 0 0 0 0 0 0 0 0 0 0 0 0 0 0 0 0 0 0 0 0 0 0 0 0 0 0 0 0 0 0 0 0 0 0 0 0 0 0 0 0 0 0 0 0 0 0 0 0 
0 0 0 0 0 0 0 0 0 0 0 0 0 0 0 0 0 0 0 0 0 0 0 0 0 0 0 0 0 0 0 0 0 0 0 0 0 0 0 0 0 0 0 0 0 0 0 0 0 0 0 0 0 0 0 0 0 0 0 0 0 0 0 0 0 0 0 0 0 0 0 0 0 0 0 0 0 0 0 0 0 0 0 0 0 0 0 0 0 0 0 0 0 0 0 0 0 0 0 0 0 0 0 0 0 0 0 0 0 0 0 0 0 0 0 0 0 0 0 0 0 0 0 0 0 0 0 0 0 0 0 0 0 0 0 0 0 0 0 0 0 0 0 0 0 0 0 0 0 0 0 0 0 0 0 0 0 0 0 0 0 0 0 0 0 0 0 0 0 0 0 0 0 0 0 0 0 0 0 0 0 0 0 0 0 0 0 0 0 0 0 0 0 0 0 0 0 0 0 0 0 0 0 0 0 0 0 0 0 0 0 0 0 0 0 0 0 0 0 0 0 0 0 0 0 0 0 0 0 0 0 0 0 0 0 0 0 0 0 0 0 0 0 0 0 0 0 0 0 0 0 0 0 0 0 0 
0 0 0 0 0 0 0 0 0 0 0 0 0 0 0 0 0 0 0 0 0 0 0 0 0 0 0 0 0 0 0 0 0 0 0 0 0 0 0 0 0 0 0 0 0 0 0 0 0 0 0 0 0 0 0 0 0 0 0 0 0 0 0 0 0 0 0 0 0 0 0 0 0 0 0 0 0 0 0 0 0 0 0 0 0 0 0 0 0 0 0 0 0 0 0 0 0 0 0 0 0 0 0 0 0 0 0 0 0 0 0 0 0 0 0 0 0 0 0 0 0 0 0 0 0 0 0 0 0 0 0 0 0 0 0 0 0 0 0 0 0 0 0 0 0 0 0 0 0 0 0 0 0 0 0 0 0 0 0 0 0 0 0 0 0 0 0 0 0 0 0 0 0 0 0 0 0 0 0 0 0 0 0 0 0 0 0 0 0 0 0 0 0 0 0 0 0 0 0 0 0 0 0 0 0 0 0 0 0 0 0 0 0 0 0 0 0 0 0 0 0 0 0 0 0 0 0 0 0 0 0 0 0 0 0 0 0 0 0 0 0 0 0 0 0 0 0 0 0 0 0 0 0 0 0 0 
0 0 0 0 0 0 0 0 0 0 0 0 0 0 0 0 0 0 0 0 0 0 0 0 0 0 0 0 0 0 0 0 0 0 0 0 0 0 0 0 0 0 0 0 0 0 0 0 0 0 0 0 0 0 0 0 0 0 0 0 0 0 0 0 0 0 0 0 0 0 0 0 0 0 0 0 0 0 0 0 0 0 0 0 0 0 0 0 0 0 0 0 0 0 0 0 0 0 0 0 0 0 0 0 0 0 0 0 0 0 0 0 0 0 0 0 0 0 0 0 0 0 0 0 0 0 0 0 0 0 0 0 0 0 0 0 0 0 0 0 0 0 0 0 0 0 0 0 0 0 0 0 0 0 0 0 0 0 0 0 0 0 0 0 0 0 0 0 0 0 0 0 0 0 0 0 0 0 0 0 0 0 0 0 0 0 0 0 0 0 0 0 0 0 0 0 0 0 0 0 0 0 0 0 0 0 0 0 0 0 0 0 0 0 0 0 0 0 0 0 0 0 0 0 0 0 0 0 0 0 0 0 0 0 0 0 0 0 0 0 0 0 0 0 0 0 0 0 0 0 0 0 0 0 0 0 
0 0 0 0 0 0 0 0 0 0 0 0 0 0 0 0 0 0 0 0 0 0 0 0 0 0 0 0 0 0 0 0 0 0 0 0 0 0 0 0 0 0 0 0 0 0 0 0 0 0 0 0 0 0 0 0 0 0 0 0 0 0 0 0 0 0 0 0 0 0 0 0 0 0 0 0 0 0 0 0 0 0 0 0 0 0 0 0 0 0 0 0 0 0 0 0 0 0 0 0 0 0 0 0 0 0 0 0 0 0 0 0 0 0 0 0 0 0 0 0 0 0 0 0 0 0 0 0 0 0 0 0 0 0 0 0 0 0 0 0 0 0 0 0 0 0 0 0 0 0 0 0 0 0 0 0 0 0 0 0 0 0 0 0 0 0 0 0 0 0 0 0 0 0 0 0 0 0 0 0 0 0 0 0 0 0 0 0 0 0 0 0 0 0 0 0 0 0 0 0 0 0 0 0 0 0 0 0 0 0 0 0 0 0 0 0 0 0 0 0 0 0 0 0 0 0 0 0 0 0 0 0 0 0 0 0 0 0 0 0 0 0 0 0 0 0 0 0 0 0 0 0 0 0 0 0 
0 0 0 0 0 0 0 0 0 0 0 0 0 0 0 0 0 0 0 0 0 0 0 0 0 0 0 0 0 0 0 0 0 0 0 0 0 0 0 0 0 0 0 0 0 0 0 0 0 0 0 0 0 0 0 0 0 0 0 0 0 0 0 0 0 0 0 0 0 0 0 0 0 0 0 0 0 0 0 0 0 0 0 0 0 0 0 0 0 0 0 0 0 0 0 0 0 0 0 0 0 0 0 0 0 0 0 0 0 0 0 0 0 0 0 0 0 0 0 0 0 0 0 0 0 0 0 0 0 0 0 0 0 0 0 0 0 0 0 0 0 0 0 0 0 0 0 0 0 0 0 0 0 0 0 0 0 0 0 0 0 0 0 0 0 0 0 0 0 0 0 0 0 0 0 0 0 0 0 0 0 0 0 0 0 0 0 0 0 0 0 0 0 0 0 0 0 0 0 0 0 0 0 0 0 0 0 0 0 0 0 0 0 0 0 0 0 0 0 0 0 0 0 0 0 0 0 0 0 0 0 0 0 0 0 0 0 0 0 0 0 0 0 0 0 0 0 0 0 0 0 0 0 0 0 0 
0 0 0 0 0 0 0 0 0 0 0 0 0 0 0 0 0 0 0 0 0 0 0 0 0 0 0 0 0 0 0 0 0 0 0 0 0 0 0 0 0 0 0 0 0 0 0 0 0 0 0 0 0 0 0 0 0 0 0 0 0 0 0 0 0 0 0 0 0 0 0 0 0 0 0 0 0 0 0 0 0 0 0 0 0 0 0 0 0 0 0 0 0 0 0 0 0 0 0 0 0 0 0 0 0 0 0 0 0 0 0 0 0 0 0 0 0 0 0 0 0 0 0 0 0 0 0 0 0 0 0 0 0 0 0 0 0 0 0 0 0 0 0 0 0 0 0 0 0 0 0 0 0 0 0 0 0 0 0 0 0 0 0 0 0 0 0 0 0 0 0 0 0 0 0 0 0 0 0 0 0 0 0 0 0 0 0 0 0 0 0 0 0 0 0 0 0 0 0 0 0 0 0 0 0 0 0 0 0 0 0 0 0 0 0 0 0 0 0 0 0 0 0 0 0 0 0 0 0 0 0 0 0 0 0 0 0 0 0 0 0 0 0 0 0 0 0 0 0 0 0 0 0 0 0 0 
0 0 0 0 0 0 0 0 0 0 0 0 0 0 0 0 0 0 0 0 0 0 0 0 0 0 0 0 0 0 0 0 0 0 0 0 0 0 0 0 0 0 0 0 0 0 0 0 0 0 0 0 0 0 0 0 0 0 0 0 0 0 0 0 0 0 0 0 0 0 0 0 0 0 0 0 0 0 0 0 0 0 0 0 0 0 0 0 0 0 0 0 0 0 0 0 0 0 0 0 0 0 0 0 0 0 0 0 0 0 0 0 0 0 0 0 0 0 0 0 0 0 0 0 0 0 0 0 0 0 0 0 0 0 0 0 0 0 0 0 0 0 0 0 0 0 0 0 0 0 0 0 0 0 0 0 0 0 0 0 0 0 0 0 0 0 0 0 0 0 0 0 0 0 0 0 0 0 0 0 0 0 0 0 0 0 0 0 0 0 0 0 0 0 0 0 0 0 0 0 0 0 0 0 0 0 0 0 0 0 0 0 0 0 0 0 0 0 0 0 0 0 0 0 0 0 0 0 0 0 0 0 0 0 0 0 0 0 0 0 0 0 0 0 0 0 0 0 0 0 0 0 0 0 0 0 
0 0 0 0 0 0 0 0 0 0 0 0 0 0 0 0 0 0 0 0 0 0 0 0 0 0 0 0 0 0 0 0 0 0 0 0 0 0 0 0 0 0 0 0 0 0 0 0 0 0 0 0 0 0 0 0 0 0 0 0 0 0 0 0 0 0 0 0 0 0 0 0 0 0 0 0 0 0 0 0 0 0 0 0 0 0 0 0 0 0 0 0 0 0 0 0 0 0 0 0 0 0 0 0 0 0 0 0 0 0 0 0 0 0 0 0 0 0 0 0 0 0 0 0 0 0 0 0 0 0 0 0 0 0 0 0 0 0 0 0 0 0 0 0 0 0 0 0 0 0 0 0 0 0 0 0 0 0 0 0 0 0 0 0 0 0 0 0 0 0 0 0 0 0 0 0 0 0 0 0 0 0 0 0 0 0 0 0 0 0 0 0 0 0 0 0 0 0 0 0 0 0 0 0 0 0 0 0 0 0 0 0 0 0 0 0 0 0 0 0 0 0 0 0 0 0 0 0 0 0 0 0 0 0 0 0 0 0 0 0 0 0 0 0 0 0 0 0 0 0 0 0 0 0 0 0 
0 0 0 0 0 0 0 0 0 0 0 0 0 0 0 0 0 0 0 0 0 0 0 0 0 0 0 0 0 0 0 0 0 0 0 0 0 0 0 0 0 0 0 0 0 0 0 0 0 0 0 0 0 0 0 0 0 0 0 0 0 0 0 0 0 0 0 0 0 0 0 0 0 0 0 0 0 0 0 0 0 0 0 0 0 0 0 0 0 0 0 0 0 0 0 0 0 0 0 0 0 0 0 0 0 0 0 0 0 0 0 0 0 0 0 0 0 0 0 0 0 0 0 0 0 0 0 0 0 0 0 0 0 0 0 0 0 0 0 0 0 0 0 0 0 0 0 0 0 0 0 0 0 0 0 0 0 0 0 0 0 0 0 0 0 0 0 0 0 0 0 0 0 0 0 0 0 0 0 0 0 0 0 0 0 0 0 0 0 0 0 0 0 0 0 0 0 0 0 0 0 0 0 0 0 0 0 0 0 0 0 0 0 0 0 0 0 0 0 0 0 0 0 0 0 0 0 0 0 0 0 0 0 0 0 0 0 0 0 0 0 0 0 0 0 0 0 0 0 0 0 0 0 0 0 0 
0 0 0 0 0 0 0 0 0 0 0 0 0 0 0 0 0 0 0 0 0 0 0 0 0 0 0 0 0 0 0 0 0 0 0 0 0 0 0 0 0 0 0 0 0 0 0 0 0 0 0 0 0 0 0 0 0 0 0 0 0 0 0 0 0 0 0 0 0 0 0 0 0 0 0 0 0 0 0 0 0 0 0 0 0 0 0 0 0 0 0 0 0 0 0 0 0 0 0 0 0 0 0 0 0 0 0 0 0 0 0 0 0 0 0 0 0 0 0 0 0 0 0 0 0 0 0 0 0 0 0 0 0 0 0 0 0 0 0 0 0 0 0 0 0 0 0 0 0 0 0 0 0 0 0 0 0 0 0 0 0 0 0 0 0 0 0 0 0 0 0 0 0 0 0 0 0 0 0 0 0 0 0 0 0 0 0 0 0 0 0 0 0 0 0 0 0 0 0 0 0 0 0 0 0 0 0 0 0 0 0 0 0 0 0 0 0 0 0 0 0 0 0 0 0 0 0 0 0 0 0 0 0 0 0 0 0 0 0 0 0 0 0 0 0 0 0 0 0 0 0 0 0 0 0 0 
0 0 0 0 0 0 0 0 0 0 0 0 0 0 0 0 0 0 0 0 0 0 0 0 0 0 0 0 0 0 0 0 0 0 0 0 0 0 0 0 0 0 0 0 0 0 0 0 0 0 0 0 0 0 0 0 0 0 0 0 0 0 0 0 0 0 0 0 0 0 0 0 0 0 0 0 0 0 0 0 0 0 0 0 0 0 0 0 0 0 0 0 0 0 0 0 0 0 0 0 0 0 0 0 0 0 0 0 0 0 0 0 0 0 0 0 0 0 0 0 0 0 0 0 0 0 0 0 0 0 0 0 0 0 0 0 0 0 0 0 0 0 0 0 0 0 0 0 0 0 0 0 0 0 0 0 0 0 0 0 0 0 0 0 0 0 0 0 0 0 0 0 0 0 0 0 0 0 0 0 0 0 0 0 0 0 0 0 0 0 0 0 0 0 0 0 0 0 0 0 0 0 0 0 0 0 0 0 0 0 0 0 0 0 0 0 0 0 0 0 0 0 0 0 0 0 0 0 0 0 0 0 0 0 0 0 0 0 0 0 0 0 0 0 0 0 0 0 0 0 0 0 0 0 0 0 
0 0 0 0 0 0 0 0 0 0 0 0 0 0 0 0 0 0 0 0 0 0 0 0 0 0 0 0 0 0 0 0 0 0 0 0 0 0 0 0 0 0 0 0 0 0 0 0 0 0 0 0 0 0 0 0 0 0 0 0 0 0 0 0 0 0 0 0 0 0 0 0 0 0 0 0 0 0 0 0 0 0 0 0 0 0 0 0 0 0 0 0 0 0 0 0 0 0 0 0 0 0 0 0 0 0 0 0 0 0 0 0 0 0 0 0 0 0 0 0 0 0 0 0 0 0 0 0 0 0 0 0 0 0 0 0 0 0 0 0 0 0 0 0 0 0 0 0 0 0 0 0 0 0 0 0 0 0 0 0 0 0 0 0 0 0 0 0 0 0 0 0 0 0 0 0 0 0 0 0 0 0 0 0 0 0 0 0 0 0 0 0 0 0 0 0 0 0 0 0 0 0 0 0 0 0 0 0 0 0 0 0 0 0 0 0 0 0 0 0 0 0 0 0 0 0 0 0 0 0 0 0 0 0 0 0 0 0 0 0 0 0 0 0 0 0 0 0 0 0 0 0 0 0 0 0 
0 0 0 0 0 0 0 0 0 0 0 0 0 0 0 0 0 0 0 0 0 0 0 0 0 0 0 0 0 0 0 0 0 0 0 0 0 0 0 0 0 0 0 0 0 0 0 0 0 0 0 0 0 0 0 0 0 0 0 0 0 0 0 0 0 0 0 0 0 0 0 0 0 0 0 0 0 0 0 0 0 0 0 0 0 0 0 0 0 0 0 0 0 0 0 0 0 0 0 0 0 0 0 0 0 0 0 0 0 0 0 0 0 0 0 0 0 0 0 0 0 0 0 0 0 0 0 0 0 0 0 0 0 0 0 0 0 0 0 0 0 0 0 0 0 0 0 0 0 0 0 0 0 0 0 0 0 0 0 0 0 0 0 0 0 0 0 0 0 0 0 0 0 0 0 0 0 0 0 0 0 0 0 0 0 0 0 0 0 0 0 0 0 0 0 0 0 0 0 0 0 0 0 0 0 0 0 0 0 0 0 0 0 0 0 0 0 0 0 0 0 0 0 0 0 0 0 0 0 0 0 0 0 0 0 0 0 0 0 0 0 0 0 0 0 0 0 0 0 0 0 0 0 0 0 0 
0 0 0 0 0 0 0 0 0 0 0 0 0 0 0 0 0 0 0 0 0 0 0 0 0 0 0 0 0 0 0 0 0 0 0 0 0 0 0 0 0 0 0 0 0 0 0 0 0 0 0 0 0 0 0 0 0 0 0 0 0 0 0 0 0 0 0 0 0 0 0 0 0 0 0 0 0 0 0 0 0 0 0 0 0 0 0 0 0 0 0 0 0 0 0 0 0 0 0 0 0 0 0 0 0 0 0 0 0 0 0 0 0 0 0 0 0 0 0 0 0 0 0 0 0 0 0 0 0 0 0 0 0 0 0 0 0 0 0 0 0 0 0 0 0 0 0 0 0 0 0 0 0 0 0 0 0 0 0 0 0 0 0 0 0 0 0 0 0 0 0 0 0 0 0 0 0 0 0 0 0 0 0 0 0 0 0 0 0 0 0 0 0 0 0 0 0 0 0 0 0 0 0 0 0 0 0 0 0 0 0 0 0 0 0 0 0 0 0 0 0 0 0 0 0 0 0 0 0 0 0 0 0 0 0 0 0 0 0 0 0 0 0 0 0 0 0 0 0 0 0 0 0 0 0 0 
0 0 0 0 0 0 0 0 0 0 0 0 0 0 0 0 0 0 0 0 0 0 0 0 0 0 0 0 0 0 0 0 0 0 0 0 0 0 0 0 0 0 0 0 0 0 0 0 0 0 0 0 0 0 0 0 0 0 0 0 0 0 0 0 0 0 0 0 0 0 0 0 0 0 0 0 0 0 0 0 0 0 0 0 0 0 0 0 0 0 0 0 0 0 0 0 0 0 0 0 0 0 0 0 0 0 0 0 0 0 0 0 0 0 0 0 0 0 0 0 0 0 0 0 0 0 0 0 0 0 0 0 0 0 0 0 0 0 0 0 0 0 0 0 0 0 0 0 0 0 0 0 0 0 0 0 0 0 0 0 0 0 0 0 0 0 0 0 0 0 0 0 0 0 0 0 0 0 0 0 0 0 0 0 0 0 0 0 0 0 0 0 0 0 0 0 0 0 0 0 0 0 0 0 0 0 0 0 0 0 0 0 0 0 0 0 0 0 0 0 0 0 0 0 0 0 0 0 0 0 0 0 0 0 0 0 0 0 0 0 0 0 0 0 0 0 0 0 0 0 0 0 0 0 0 0 
0 0 0 0 0 0 0 0 0 0 0 0 0 0 0 0 0 0 0 0 0 0 0 0 0 0 0 0 0 0 0 0 0 0 0 0 0 0 0 0 0 0 0 0 0 0 0 0 0 0 0 0 0 0 0 0 0 0 0 0 0 0 0 0 0 0 0 0 0 0 0 0 0 0 0 0 0 0 0 0 0 0 0 0 0 0 0 0 0 0 0 0 0 0 0 0 0 0 0 0 0 0 0 0 0 0 0 0 0 0 0 0 0 0 0 0 0 0 0 0 0 0 0 0 0 0 0 0 0 0 0 0 0 0 0 0 0 0 0 0 0 0 0 0 0 0 0 0 0 0 0 0 0 0 0 0 0 0 0 0 0 0 0 0 0 0 0 0 0 0 0 0 0 0 0 0 0 0 0 0 0 0 0 0 0 0 0 0 0 0 0 0 0 0 0 0 0 0 0 0 0 0 0 0 0 0 0 0 0 0 0 0 0 0 0 0 0 0 0 0 0 0 0 0 0 0 0 0 0 0 0 0 0 0 0 0 0 0 0 0 0 0 0 0 0 0 0 0 0 0 0 0 0 0 0 0 
0 0 0 0 0 0 0 0 0 0 0 0 0 0 0 0 0 0 0 0 0 0 0 0 0 0 0 0 0 0 0 0 0 0 0 0 0 0 0 0 0 0 0 0 0 0 0 0 0 0 0 0 0 0 0 0 0 0 0 0 0 0 0 0 0 0 0 0 0 0 0 0 0 0 0 0 0 0 0 0 0 0 0 0 0 0 0 0 0 0 0 0 0 0 0 0 0 0 0 0 0 0 0 0 0 0 0 0 0 0 0 0 0 0 0 0 0 0 0 0 0 0 0 0 0 0 0 0 0 0 0 0 0 0 0 0 0 0 0 0 0 0 0 0 0 0 0 0 0 0 0 0 0 0 0 0 0 0 0 0 0 0 0 0 0 0 0 0 0 0 0 0 0 0 0 0 0 0 0 0 0 0 0 0 0 0 0 0 0 0 0 0 0 0 0 0 0 0 0 0 0 0 0 0 0 0 0 0 0 0 0 0 0 0 0 0 0 0 0 0 0 0 0 0 0 0 0 0 0 0 0 0 0 0 0 0 0 0 0 0 0 0 0 0 0 0 0 0 0 0 0 0 0 0 0 0 
# Events [detector/detector.dat] N:
0 0 0 0 0 0 0 0 0 0 0 0 0 0 0 0 0 0 0 0 0 0 0 0 0 0 0 0 0 0 0 0 0 0 0 0 0 0 0 0 0 0 0 0 0 0 0 0 0 0 0 0 0 0 0 0 0 0 0 0 0 0 0 0 0 0 0 0 0 0 0 0 0 0 0 0 0 0 0 0 0 0 0 0 0 0 0 0 0 0 0 0 0 0 0 0 0 0 0 0 0 0 0 0 0 0 0 0 0 0 0 0 0 0 0 0 0 0 0 0 0 0 0 0 0 0 0 0 0 0 0 0 0 0 0 0 0 0 0 0 0 0 0 0 0 0 0 0 0 0 0 0 0 0 0 0 0 0 0 0 0 0 0 0 0 0 0 0 0 0 0 0 0 0 0 0 0 0 0 0 0 0 0 0 0 0 0 0 0 0 0 0 0 0 0 0 0 0 0 0 0 0 0 0 0 0 0 0 0 0 0 0 0 0 0 0 0 0 0 0 0 0 0 0 0 0 0 0 0 0 0 0 0 0 0 0 0 0 0 0 0 0 0 0 0 0 0 0 0 0 0 0 0 0 0 0 
0 0 0 0 0 0 0 0 0 0 0 0 0 0 0 0 0 0 0 0 0 0 0 0 0 0 0 0 0 0 0 0 0 0 0 0 0 0 0 0 0 0 0 0 0 0 0 0 0 0 0 0 0 0 0 0 0 0 0 0 0 0 0 0 0 0 0 0 0 0 0 0 0 0 0 0 0 0 0 0 0 0 0 0 0 0 0 0 0 0 0 0 0 0 0 0 0 0 0 0 0 0 0 0 0 0 0 0 0 0 0 0 0 0 0 0 0 0 0 0 0 0 0 0 0 0 0 0 0 0 0 0 0 0 0 0 0 0 0 0 0 0 0 0 0 0 0 0 0 0 0 0 0 0 0 0 0 0 0 0 0 0 0 0 0 0 0 0 0 0 0 0 0 0 0 0 0 0 0 0 0 0 0 0 0 0 0 0 0 0 0 0 0 0 0 0 0 0 0 0 0 0 0 0 0 0 0 0 0 0 0 0 0 0 0 0 0 0 0 0 0 0 0 0 0 0 0 0 0 0 0 0 0 0 0 0 0 0 0 0 0 0 0 0 0 0 0 0 0 0 0 0 0 0 0 0 
0 0 0 0 0 0 0 0 0 0 0 0 0 0 0 0 0 0 0 0 0 0 0 0 0 0 0 0 0 0 0 0 0 0 0 0 0 0 0 0 0 0 0 0 0 0 0 0 0 0 0 0 0 0 0 0 0 0 0 0 0 0 0 0 0 0 0 0 0 0 0 0 0 0 0 0 0 0 0 0 0 0 0 0 0 0 0 0 0 0 0 0 0 0 0 0 0 0 0 0 0 0 0 0 0 0 0 0 0 0 0 0 0 0 0 0 0 0 0 0 0 0 0 0 0 0 0 0 0 0 0 0 0 0 0 0 0 0 0 0 0 0 0 0 0 0 0 0 0 0 0 0 0 0 0 0 0 0 0 0 0 0 0 0 0 0 0 0 0 0 0 0 0 0 0 0 0 0 0 0 0 0 0 0 0 0 0 0 0 0 0 0 0 0 0 0 0 0 0 0 0 0 0 0 0 0 0 0 0 0 0 0 0 0 0 0 0 0 0 0 0 0 0 0 0 0 0 0 0 0 0 0 0 0 0 0 0 0 0 0 0 0 0 0 0 0 0 0 0 0 0 0 0 0 0 0 
0 0 0 0 0 0 0 0 0 0 0 0 0 0 0 0 0 0 0 0 0 0 0 0 0 0 0 0 0 0 0 0 0 0 0 0 0 0 0 0 0 0 0 0 0 0 0 0 0 0 0 0 0 0 0 0 0 0 0 0 0 0 0 0 0 0 0 0 0 0 0 0 0 0 0 0 0 0 0 0 0 0 0 0 0 0 0 0 0 0 0 0 0 0 0 0 0 0 0 0 0 0 0 0 0 0 0 0 0 0 0 0 0 0 0 0 0 0 0 0 0 0 0 0 0 0 0 0 0 0 0 0 0 0 0 0 0 0 0 0 0 0 0 0 0 0 0 0 0 0 0 0 0 0 0 0 0 0 0 0 0 0 0 0 0 0 0 0 0 0 0 0 0 0 0 0 0 0 0 0 0 0 0 0 0 0 0 0 0 0 0 0 0 0 0 0 0 0 0 0 0 0 0 0 0 0 0 0 0 0 0 0 0 0 0 0 0 0 0 0 0 0 0 0 0 0 0 0 0 0 0 0 0 0 0 0 0 0 0 0 0 0 0 0 0 0 0 0 0 0 0 0 0 0 0 0 
0 0 0 0 0 0 0 0 0 0 0 0 0 0 0 0 0 0 0 0 0 0 0 0 0 0 0 0 0 0 0 0 0 0 0 0 0 0 0 0 0 0 0 0 0 0 0 0 0 0 0 0 0 0 0 0 0 0 0 0 0 0 0 0 0 0 0 0 0 0 0 0 0 0 0 0 0 0 0 0 0 0 0 0 0 0 0 0 0 0 0 0 0 0 0 0 0 0 0 0 0 0 0 0 0 0 0 0 0 0 0 0 0 0 0 0 0 0 0 0 0 0 0 0 0 0 0 0 0 0 0 0 0 0 0 0 0 0 0 0 0 0 0 0 0 0 0 0 0 0 0 0 0 0 0 0 0 0 0 0 0 0 0 0 0 0 0 0 0 0 0 0 0 0 0 0 0 0 0 0 0 0 0 0 0 0 0 0 0 0 0 0 0 0 0 0 0 0 0 0 0 0 0 0 0 0 0 0 0 0 0 0 0 0 0 0 0 0 0 0 0 0 0 0 0 0 0 0 0 0 0 0 0 0 0 0 0 0 0 0 0 0 0 0 0 0 0 0 0 0 0 0 0 0 0 0 
0 0 0 0 0 0 0 0 0 0 0 0 0 0 0 0 0 0 0 0 0 0 0 0 0 0 0 0 0 0 0 0 0 0 0 0 0 0 0 0 0 0 0 0 0 0 0 0 0 0 0 0 0 0 0 0 0 0 0 0 0 0 0 0 0 0 0 0 0 0 0 0 0 0 0 0 0 0 0 0 0 0 0 0 0 0 0 0 0 0 0 0 0 0 0 0 0 0 0 0 0 0 0 0 0 0 0 0 0 0 0 0 0 0 0 0 0 0 0 0 0 0 0 0 0 0 0 0 0 0 0 0 0 0 0 0 0 0 0 0 0 0 0 0 0 0 0 0 0 0 0 0 0 0 0 0 0 0 0 0 0 0 0 0 0 0 0 0 0 0 0 0 0 0 0 0 0 0 0 0 0 0 0 0 0 0 0 0 0 0 0 0 0 0 0 0 0 0 0 0 0 0 0 0 0 0 0 0 0 0 0 0 0 0 0 0 0 0 0 0 0 0 0 0 0 0 0 0 0 0 0 0 0 0 0 0 0 0 0 0 0 0 0 0 0 0 0 0 0 0 0 0 0 0 0 0 
0 0 0 0 0 0 0 0 0 0 0 0 0 0 0 0 0 0 0 0 0 0 0 0 0 0 0 0 0 0 0 0 0 0 0 0 0 0 0 0 0 0 0 0 0 0 0 0 0 0 0 0 0 0 0 0 0 0 0 0 0 0 0 0 0 0 0 0 0 0 0 0 0 0 0 0 0 0 0 0 0 0 0 0 0 0 0 0 0 0 0 0 0 0 0 0 0 0 0 0 0 0 0 0 0 0 0 0 0 0 0 0 0 0 0 0 0 0 0 0 0 0 0 0 0 0 0 0 0 0 0 0 0 0 0 0 0 0 0 0 0 0 0 0 0 0 0 0 0 0 0 0 0 0 0 0 0 0 0 0 0 0 0 0 0 0 0 0 0 0 0 0 0 0 0 0 0 0 0 0 0 0 0 0 0 0 0 0 0 0 0 0 0 0 0 0 0 0 0 0 0 0 0 0 0 0 0 0 0 0 0 0 0 0 0 0 0 0 0 0 0 0 0 0 0 0 0 0 0 0 0 0 0 0 0 0 0 0 0 0 0 0 0 0 0 0 0 0 0 0 0 0 0 0 0 0 
0 0 0 0 0 0 0 0 0 0 0 0 0 0 0 0 0 0 0 0 0 0 0 0 0 0 0 0 0 0 0 0 0 0 0 0 0 0 0 0 0 0 0 0 0 0 0 0 0 0 0 0 0 0 0 0 0 0 0 0 0 0 0 0 0 0 0 0 0 0 0 0 0 0 0 0 0 0 0 0 0 0 0 0 0 0 0 0 0 0 0 0 0 0 0 0 0 0 0 0 0 0 0 0 0 0 0 0 0 0 0 0 0 0 0 0 0 0 0 0 0 0 0 0 0 0 0 0 0 0 0 0 0 0 0 0 0 0 0 0 0 0 0 0 0 0 0 0 0 0 0 0 0 0 0 0 0 0 0 0 0 0 0 0 0 0 0 0 0 0 0 0 0 0 0 0 0 0 0 0 0 0 0 0 0 0 0 0 0 0 0 0 0 0 0 0 0 0 0 0 0 0 0 0 0 0 0 0 0 0 0 0 0 0 0 0 0 0 0 0 0 0 0 0 0 0 0 0 0 0 0 0 0 0 0 0 0 0 0 0 0 0 0 0 0 0 0 0 0 0 0 0 0 0 0 0 
0 0 0 0 0 0 0 0 0 0 0 0 0 0 0 0 0 0 0 0 0 0 0 0 0 0 0 0 0 0 0 0 0 0 0 0 0 0 0 0 0 0 0 0 0 0 0 0 0 0 0 0 0 0 0 0 0 0 0 0 0 0 0 0 0 0 0 0 0 0 0 0 0 0 0 0 0 0 0 0 0 0 0 0 0 0 0 0 0 0 0 0 0 0 0 0 0 0 0 0 0 0 0 0 0 0 0 0 0 0 0 0 0 0 0 0 0 0 0 0 0 0 0 0 0 0 0 0 0 0 0 0 0 0 0 0 0 0 0 0 0 0 0 0 0 0 0 0 0 0 0 0 0 0 0 0 0 0 0 0 0 0 0 0 0 0 0 0 0 0 0 0 0 0 0 0 0 0 0 0 0 0 0 0 0 0 0 0 0 0 0 0 0 0 0 0 0 0 0 0 0 0 0 0 0 0 0 0 0 0 0 0 0 0 0 0 0 0 0 0 0 0 0 0 0 0 0 0 0 0 0 0 0 0 0 0 0 0 0 0 0 0 0 0 0 0 0 0 0 0 0 0 0 0 0 0 
0 0 0 0 0 0 0 0 0 0 0 0 0 0 0 0 0 0 0 0 0 0 0 0 0 0 0 0 0 0 0 0 0 0 0 0 0 0 0 0 0 0 0 0 0 0 0 0 0 0 0 0 0 0 0 0 0 0 0 0 0 0 0 0 0 0 0 0 0 0 0 0 0 0 0 0 0 0 0 0 0 0 0 0 0 0 0 0 0 0 0 0 0 0 0 0 0 0 0 0 0 0 0 0 0 0 0 0 0 0 0 0 0 0 0 0 0 0 0 0 0 0 0 0 0 0 0 0 0 0 0 0 0 0 0 0 0 0 0 0 0 0 0 0 0 0 0 0 0 0 0 0 0 0 0 0 0 0 0 0 0 0 0 0 0 0 0 0 0 0 0 0 0 0 0 0 0 0 0 0 0 0 0 0 0 0 0 0 0 0 0 0 0 0 0 0 0 0 0 0 0 0 0 0 0 0 0 0 0 0 0 0 0 0 0 0 0 0 0 0 0 0 0 0 0 0 0 0 0 0 0 0 0 0 0 0 0 0 0 0 0 0 0 0 0 0 0 0 0 0 0 0 0 0 0 0 
0 0 0 0 0 0 0 0 0 0 0 0 0 0 0 0 0 0 0 0 0 0 0 0 0 0 0 0 0 0 0 0 0 0 0 0 0 0 0 0 0 0 0 0 0 0 0 0 0 0 0 0 0 0 0 0 0 0 0 0 0 0 0 0 0 0 0 0 0 0 0 0 0 0 0 0 0 0 0 0 0 0 0 0 0 0 0 0 0 0 0 0 0 0 0 0 0 0 0 0 0 0 0 0 0 0 0 0 0 0 0 0 0 0 0 0 0 0 0 0 0 0 0 0 0 0 0 0 0 0 0 0 0 0 0 0 0 0 0 0 0 0 0 0 0 0 0 0 0 0 0 0 0 0 0 0 0 0 0 0 0 0 0 0 0 0 0 0 0 0 0 0 0 0 0 0 0 0 0 0 0 0 0 0 0 0 0 0 0 0 0 0 0 0 0 0 0 0 0 0 0 0 0 0 0 0 0 0 0 0 0 0 0 0 0 0 0 0 0 0 0 0 0 0 0 0 0 0 0 0 0 0 0 0 0 0 0 0 0 0 0 0 0 0 0 0 0 0 0 0 0 0 0 0 0 0 
0 0 0 0 0 0 0 0 0 0 0 0 0 0 0 0 0 0 0 0 0 0 0 0 0 0 0 0 0 0 0 0 0 0 0 0 0 0 0 0 0 0 0 0 0 0 0 0 0 0 0 0 0 0 0 0 0 0 0 0 0 0 0 0 0 0 0 0 0 0 0 0 0 0 0 0 0 0 0 0 0 0 0 0 0 0 0 0 0 0 0 0 0 0 0 0 0 0 0 0 0 0 0 0 0 0 0 0 0 0 0 0 0 0 0 0 0 0 0 0 0 0 0 0 0 0 0 0 0 0 0 0 0 0 0 0 0 0 0 0 0 0 0 0 0 0 0 0 0 0 0 0 0 0 0 0 0 0 0 0 0 0 0 0 0 0 0 0 0 0 0 0 0 0 0 0 0 0 0 0 0 0 0 0 0 0 0 0 0 0 0 0 0 0 0 0 0 0 0 0 0 0 0 0 0 0 0 0 0 0 0 0 0 0 0 0 0 0 0 0 0 0 0 0 0 0 0 0 0 0 0 0 0 0 0 0 0 0 0 0 0 0 0 0 0 0 0 0 0 0 0 0 0 0 0 0 
0 0 0 0 0 0 0 0 0 0 0 0 0 0 0 0 0 0 0 0 0 0 0 0 0 0 0 0 0 0 0 0 0 0 0 0 0 0 0 0 0 0 0 0 0 0 0 0 0 0 0 0 0 0 0 0 0 0 0 0 0 0 0 0 0 0 0 0 0 0 0 0 0 0 0 0 0 0 0 0 0 0 0 0 0 0 0 0 0 0 0 0 0 0 0 0 0 0 0 0 0 0 0 0 0 0 0 0 0 0 0 0 0 0 0 0 0 0 0 0 0 0 0 0 0 0 0 0 0 0 0 0 0 0 0 0 0 0 0 0 0 0 0 0 0 0 0 0 0 0 0 0 0 0 0 0 0 0 0 0 0 0 0 0 0 0 0 0 0 0 0 0 0 0 0 0 0 0 0 0 0 0 0 0 0 0 0 0 0 0 0 0 0 0 0 0 0 0 0 0 0 0 0 0 0 0 0 0 0 0 0 0 0 0 0 0 0 0 0 0 0 0 0 0 0 0 0 0 0 0 0 0 0 0 0 0 0 0 0 0 0 0 0 0 0 0 0 0 0 0 0 0 0 0 0 0 
0 0 0 0 0 0 0 0 0 0 0 0 0 0 0 0 0 0 0 0 0 0 0 0 0 0 0 0 0 0 0 0 0 0 0 0 0 0 0 0 0 0 0 0 0 0 0 0 0 0 0 0 0 0 0 0 0 0 0 0 0 0 0 0 0 0 0 0 0 0 0 0 0 0 0 0 0 0 0 0 0 0 0 0 0 0 0 0 0 0 0 0 0 0 0 0 0 0 0 0 0 0 0 0 0 0 0 0 0 0 0 0 0 0 0 0 0 0 0 0 0 0 0 0 0 0 0 0 0 0 0 0 0 0 0 0 0 0 0 0 0 0 0 0 0 0 0 0 0 0 0 0 0 0 0 0 0 0 0 0 0 0 0 0 0 0 0 0 0 0 0 0 0 0 0 0 0 0 0 0 0 0 0 0 0 0 0 0 0 0 0 0 0 0 0 0 0 0 0 0 0 0 0 0 0 0 0 0 0 0 0 0 0 0 0 0 0 0 0 0 0 0 0 0 0 0 0 0 0 0 0 0 0 0 0 0 0 0 0 0 0 0 0 0 0 0 0 0 0 0 0 0 0 0 0 0 
0 0 0 0 0 0 0 0 0 0 0 0 0 0 0 0 0 0 0 0 0 0 0 0 0 0 0 0 0 0 0 0 0 0 0 0 0 0 0 0 0 0 0 0 0 0 0 0 0 0 0 0 0 0 0 0 0 0 0 0 0 0 0 0 0 0 0 0 0 0 0 0 0 0 0 0 0 0 0 0 0 0 0 0 0 0 0 0 0 0 0 0 0 0 0 0 0 0 0 0 0 0 0 0 0 0 0 0 0 0 0 0 0 0 0 0 0 0 0 0 0 0 0 0 0 0 0 0 0 0 0 0 0 0 0 0 0 0 0 0 0 0 0 0 0 0 0 0 0 0 0 0 0 0 0 0 0 0 0 0 0 0 0 0 0 0 0 0 0 0 0 0 0 0 0 0 0 0 0 0 0 0 0 0 0 0 0 0 0 0 0 0 0 0 0 0 0 0 0 0 0 0 0 0 0 0 0 0 0 0 0 0 0 0 0 0 0 0 0 0 0 0 0 0 0 0 0 0 0 0 0 0 0 0 0 0 0 0 0 0 0 0 0 0 0 0 0 0 0 0 0 0 0 0 0 0 
0 0 0 0 0 0 0 0 0 0 0 0 0 0 0 0 0 0 0 0 0 0 0 0 0 0 0 0 0 0 0 0 0 0 0 0 0 0 0 0 0 0 0 0 0 0 0 0 0 0 0 0 0 0 0 0 0 0 0 0 0 0 0 0 0 0 0 0 0 0 0 0 0 0 0 0 0 0 0 0 0 0 0 0 0 0 0 0 0 0 0 0 0 0 0 0 0 0 0 0 0 0 0 0 0 0 0 0 0 0 0 0 0 0 0 0 0 0 0 0 0 0 0 0 0 0 0 0 0 0 0 0 0 0 0 0 0 0 0 0 0 0 0 0 0 0 0 0 0 0 0 0 0 0 0 0 0 0 0 0 0 0 0 0 0 0 0 0 0 0 0 0 0 0 0 0 0 0 0 0 0 0 0 0 0 0 0 0 0 0 0 0 0 0 0 0 0 0 0 0 0 0 0 0 0 0 0 0 0 0 0 0 0 0 0 0 0 0 0 0 0 0 0 0 0 0 0 0 0 0 0 0 0 0 0 0 0 0 0 0 0 0 0 0 0 0 0 0 0 0 0 0 0 0 0 0 
0 0 0 0 0 0 0 0 0 0 0 0 0 0 0 0 0 0 0 0 0 0 0 0 0 0 0 0 0 0 0 0 0 0 0 0 0 0 0 0 0 0 0 0 0 0 0 0 0 0 0 0 0 0 0 0 0 0 0 0 0 0 0 0 0 0 0 0 0 0 0 0 0 0 0 0 0 0 0 0 0 0 0 0 0 0 0 0 0 0 0 0 0 0 0 0 0 0 0 0 0 0 0 0 0 0 0 0 0 0 0 0 0 0 0 0 0 0 0 0 0 0 0 0 0 0 0 0 0 0 0 0 0 0 0 0 0 0 0 0 0 0 0 0 0 0 0 0 0 0 0 0 0 0 0 0 0 0 0 0 0 0 0 0 0 0 0 0 0 0 0 0 0 0 0 0 0 0 0 0 0 0 0 0 0 0 0 0 0 0 0 0 0 0 0 0 0 0 0 0 0 0 0 0 0 0 0 0 0 0 0 0 0 0 0 0 0 0 0 0 0 0 0 0 0 0 0 0 0 0 0 0 0 0 0 0 0 0 0 0 0 0 0 0 0 0 0 0 0 0 0 0 0 0 0 0 
0 0 0 0 0 0 0 0 0 0 0 0 0 0 0 0 0 0 0 0 0 0 0 0 0 0 0 0 0 0 0 0 0 0 0 0 0 0 0 0 0 0 0 0 0 0 0 0 0 0 0 0 0 0 0 0 0 0 0 0 0 0 0 0 0 0 0 0 0 0 0 0 0 0 0 0 0 0 0 0 0 0 0 0 0 0 0 0 0 0 0 0 0 0 0 0 0 0 0 0 0 0 0 0 0 0 0 0 0 0 0 0 0 0 0 0 0 0 0 0 0 0 0 0 0 0 0 0 0 0 0 0 0 0 0 0 0 0 0 0 0 0 0 0 0 0 0 0 0 0 0 0 0 0 0 0 0 0 0 0 0 0 0 0 0 0 0 0 0 0 0 0 0 0 0 0 0 0 0 0 0 0 0 0 0 0 0 0 0 0 0 0 0 0 0 0 0 0 0 0 0 0 0 0 0 0 0 0 0 0 0 0 0 0 0 0 0 0 0 0 0 0 0 0 0 0 0 0 0 0 0 0 0 0 0 0 0 0 0 0 0 0 0 0 0 0 0 0 0 0 0 0 0 0 0 0 
0 0 0 0 0 0 0 0 0 0 0 0 0 0 0 0 0 0 0 0 0 0 0 0 0 0 0 0 0 0 0 0 0 0 0 0 0 0 0 0 0 0 0 0 0 0 0 0 0 0 0 0 0 0 0 0 0 0 0 0 0 0 0 0 0 0 0 0 0 0 0 0 0 0 0 0 0 0 0 0 0 0 0 0 0 0 0 0 0 0 0 0 0 0 0 0 0 0 0 0 0 0 0 0 0 0 0 0 0 0 0 0 0 0 0 0 0 0 0 0 0 0 0 0 0 0 0 0 0 0 0 0 0 0 0 0 0 0 0 0 0 0 0 0 0 0 0 0 0 0 0 0 0 0 0 0 0 0 0 0 0 0 0 0 0 0 0 0 0 0 0 0 0 0 0 0 0 0 0 0 0 0 0 0 0 0 0 0 0 0 0 0 0 0 0 0 0 0 0 0 0 0 0 0 0 0 0 0 0 0 0 0 0 0 0 0 0 0 0 0 0 0 0 0 0 0 0 0 0 0 0 0 0 0 0 0 0 0 0 0 0 0 0 0 0 0 0 0 0 0 0 0 0 0 0 0 
0 0 0 0 0 0 0 0 0 0 0 0 0 0 0 0 0 0 0 0 0 0 0 0 0 0 0 0 0 0 0 0 0 0 0 0 0 0 0 0 0 0 0 0 0 0 0 0 0 0 0 0 0 0 0 0 0 0 0 0 0 0 0 0 0 0 0 0 0 0 0 0 0 0 0 0 0 0 0 0 0 0 0 0 0 0 0 0 0 0 0 0 0 0 0 0 0 0 0 0 0 0 0 0 0 0 0 0 0 0 0 0 0 0 0 0 0 0 0 0 0 0 0 0 0 0 0 0 0 0 0 0 0 0 0 0 0 0 0 0 0 0 0 0 0 0 0 0 0 0 0 0 0 0 0 0 0 0 0 0 0 0 0 0 0 0 0 0 0 0 0 0 0 0 0 0 0 0 0 0 0 0 0 0 0 0 0 0 0 0 0 0 0 0 0 0 0 0 0 0 0 0 0 0 0 0 0 0 0 0 0 0 0 0 0 0 0 0 0 0 0 0 0 0 0 0 0 0 0 0 0 0 0 0 0 0 0 0 0 0 0 0 0 0 0 0 0 0 0 0 0 0 0 0 0 0 
0 0 0 0 0 0 0 0 0 0 0 0 0 0 0 0 0 0 0 0 0 0 0 0 0 0 0 0 0 0 0 0 0 0 0 0 0 0 0 0 0 0 0 0 0 0 0 0 0 0 0 0 0 0 0 0 0 0 0 0 0 0 0 0 0 0 0 0 0 0 0 0 0 0 0 0 0 0 0 0 0 0 0 0 0 0 0 0 0 0 0 0 0 1 0 0 0 0 0 0 0 0 0 0 0 0 0 0 0 0 0 0 0 0 0 0 0 0 0 0 0 0 0 0 0 0 0 0 0 0 0 0 0 0 0 0 0 0 0 0 0 1 0 0 0 0 0 0 0 0 0 0 0 0 0 0 0 0 0 0 0 0 0 0 0 0 0 0 0 0 0 0 0 0 0 0 0 0 0 0 0 0 0 0 0 0 0 0 0 0 0 0 0 0 0 0 0 0 0 0 0 0 0 0 0 0 0 0 0 0 0 0 0 0 0 0 0 0 0 0 0 0 0 0 0 0 0 0 0 0 0 0 0 0 0 0 0 0 0 0 0 0 0 0 0 0 0 0 0 0 0 0 0 0 0 0 
0 0 0 0 0 0 0 0 0 0 0 0 0 0 0 0 0 0 0 0 0 0 0 0 0 0 0 0 0 0 0 0 0 0 0 0 0 0 0 0 0 0 0 0 0 0 0 0 0 0 0 0 0 0 0 0 0 0 0 0 0 0 0 0 0 0 0 0 0 0 0 0 0 0 0 0 0 0 0 0 0 0 0 0 0 0 0 0 0 0 0 0 0 0 0 0 0 0 0 0 0 0 0 0 0 0 0 0 0 0 0 0 0 0 1 0 0 0 0 0 0 0 0 0 0 0 0 0 0 1 0 0 0 0 0 0 0 0 0 0 0 0 0 0 0 0 0 0 0 0 0 0 0 0 0 0 0 0 0 0 0 0 0 0 0 0 0 0 0 0 0 0 0 0 0 0 0 0 0 0 0 0 0 0 0 0 0 0 0 0 0 0 0 0 0 0 0 0 0 0 0 0 0 0 0 0 0 0 0 0 0 0 0 0 0 0 0 0 0 0 0 0 0 0 0 0 0 0 0 0 0 0 0 0 0 0 0 0 0 0 0 0 0 0 0 0 0 0 0 0 0 0 0 0 0 0 
0 0 0 0 0 0 0 0 0 0 0 0 0 0 0 0 0 0 0 0 0 0 0 0 0 0 0 0 0 0 0 0 0 0 0 0 0 0 0 0 0 0 0 0 0 0 0 0 0 0 0 0 0 0 0 0 0 0 0 0 0 0 0 0 0 0 0 0 0 0 0 0 0 0 0 0 0 0 0 0 0 0 0 0 0 0 0 0 0 0 0 0 0 0 0 0 0 0 0 0 0 0 0 0 0 0 0 0 0 0 0 0 0 0 0 0 0 0 0 0 0 0 0 0 0 0 0 0 0 0 0 0 1 0 0 0 0 0 0 0 1 0 0 0 0 0 0 0 0 0 0 0 0 0 0 0 0 0 0 0 0 0 0 0 0 0 0 0 0 0 0 0 0 0 0 0 0 0 0 0 0 0 0 0 0 0 0 0 0 0 0 0 0 0 0 0 0 0 0 0 0 0 0 0 0 0 0 0 0 0 0 0 0 0 0 0 0 0 0 0 0 0 0 0 0 0 0 0 0 0 0 0 0 0 0 0 0 0 0 0 0 0 0 0 0 0 0 0 0 0 0 0 0 0 0 0 
0 0 0 0 0 0 0 0 0 0 0 0 0 0 0 0 0 0 0 0 0 0 0 0 0 0 0 0 0 0 0 0 0 0 0 0 0 0 0 0 0 0 0 0 0 0 0 0 0 0 0 0 0 0 0 0 0 0 0 0 0 0 0 0 0 0 0 0 0 0 0 0 0 0 0 0 0 0 0 0 0 0 0 0 0 0 0 0 0 0 0 0 0 0 0 0 0 0 0 0 0 0 0 0 0 0 0 0 0 0 0 0 0 0 0 0 0 0 0 0 0 0 0 0 0 0 0 0 0 0 0 0 0 0 0 0 0 0 0 0 0 0 0 0 0 0 0 0 0 0 0 0 0 0 0 0 0 0 0 0 0 0 0 0 0 0 0 0 0 0 0 0 0 0 0 0 0 0 0 0 0 0 0 0 0 0 0 0 0 0 0 0 0 0 0 0 0 0 0 0 0 0 0 0 0 0 0 0 0 0 0 0 0 0 0 0 0 0 0 0 0 0 0 0 0 0 0 0 0 0 0 0 0 0 0 0 0 0 0 0 0 0 0 0 0 0 0 0 0 0 0 0 0 0 0 0 
0 0 0 0 0 0 0 0 0 0 0 0 0 0 0 0 0 0 0 0 0 0 0 0 0 0 0 0 0 0 0 0 0 0 0 0 0 0 0 0 0 0 0 0 0 0 0 0 0 0 0 0 0 0 0 0 0 0 0 0 0 0 0 0 0 0 0 0 0 0 0 0 0 0 0 0 0 0 0 0 0 0 0 0 0 0 0 0 0 0 0 0 0 0 0 0 0 0 0 1 0 0 0 0 0 0 0 0 0 0 0 0 0 0 0 0 0 0 0 0 0 0 0 0 0 0 0 0 0 0 0 0 0 0 0 0 0 0 0 0 0 0 0 0 0 0 0 0 0 0 0 0 0 0 0 0 0 0 0 0 0 0 0 0 0 0 0 0 0 0 0 0 0 0 0 0 0 0 0 0 0 0 0 0 0 0 0 0 0 0 0 0 0 0 0 0 0 0 0 0 0 0 0 0 0 0 0 0 0 0 0 0 0 0 0 0 0 0 0 0 0 0 0 0 0 0 0 0 0 0 0 0 0 0 0 0 0 0 0 0 0 0 0 0 0 0 0 0 0 0 0 0 0 0 0 0 
0 0 0 0 0 0 0 0 0 0 0 0 0 0 0 0 0 0 0 0 0 0 0 0 0 0 0 0 0 0 0 0 0 0 0 0 0 0 0 0 0 0 0 0 0 0 0 0 0 0 0 0 0 0 0 0 0 0 0 0 0 0 0 0 0 0 0 0 0 0 0 0 0 0 0 0 0 0 0 0 0 0 0 0 0 0 0 0 0 0 0 0 0 0 0 0 0 0 0 0 0 0 0 0 0 0 0 0 0 0 0 0 0 0 0 0 0 0 0 0 0 0 0 0 0 0 0 0 0 0 0 0 0 0 0 0 0 0 0 0 0 0 0 0 0 0 0 0 0 0 0 0 0 0 0 0 0 0 0 0 0 0 0 0 0 0 0 0 0 0 0 0 0 0 0 0 0 0 0 0 0 0 0 0 0 0 0 0 0 0 0 0 0 0 0 0 0 0 0 0 0 0 0 0 0 0 0 0 0 0 0 0 0 0 0 0 0 0 0 0 0 0 0 0 0 0 0 0 0 0 0 0 0 0 0 0 0 0 0 0 0 0 0 0 0 0 0 0 0 0 0 0 0 0 0 0 
0 0 0 0 0 0 0 0 0 0 0 0 0 0 0 0 0 0 0 0 0 0 0 0 0 0 0 0 0 0 0 0 0 0 0 0 0 0 0 0 0 0 0 0 0 0 0 0 0 0 0 0 0 0 0 0 0 0 0 0 0 0 0 0 0 0 0 0 0 0 0 0 0 0 0 0 0 0 0 0 0 0 0 0 0 0 0 0 0 0 0 0 0 0 0 1 0 0 0 0 0 0 0 0 0 0 0 0 0 0 0 1 0 0 0 0 0 0 0 0 0 0 0 0 0 0 0 0 0 0 0 0 0 0 0 0 0 0 0 0 0 0 0 0 0 0 0 0 0 0 0 0 0 0 0 0 0 0 0 0 0 0 0 0 0 0 0 0 0 0 0 0 0 0 0 0 0 0 0 0 0 0 0 0 0 0 0 0 0 0 0 0 0 0 0 0 0 0 0 0 0 0 0 0 0 0 0 0 0 0 0 0 0 0 0 0 0 0 0 0 0 0 0 0 0 0 0 0 0 0 0 0 0 0 0 0 0 0 0 0 0 0 0 0 0 0 0 0 0 0 0 0 0 0 0 0 
0 0 0 0 0 0 0 0 0 0 0 0 0 0 0 0 0 0 0 0 0 0 0 0 0 0 0 0 0 0 0 0 0 0 0 0 0 0 0 0 0 0 0 0 0 0 0 0 0 0 0 0 0 0 0 0 0 0 0 0 0 0 0 0 0 0 0 0 0 0 0 0 0 0 0 0 0 0 0 0 0 0 0 0 0 0 0 0 0 0 0 0 0 1 1 0 0 0 0 0 0 0 0 1 0 0 0 0 0 0 0 0 0 0 0 0 0 0 0 0 0 0 0 0 0 0 1 0 0 0 0 0 0 0 0 1 0 0 0 0 0 0 0 0 0 0 0 0 0 0 0 0 0 0 0 0 0 0 1 0 0 0 0 0 0 0 0 0 0 0 0 0 0 0 0 0 0 0 0 0 0 0 0 0 0 0 0 0 0 0 0 0 0 0 0 0 0 0 0 0 0 0 0 0 0 0 0 0 0 0 0 0 0 0 0 0 0 0 0 0 0 0 0 0 0 0 0 0 0 0 0 0 0 0 0 0 0 0 0 0 0 0 0 0 0 0 0 0 0 0 0 0 0 0 0 0 
0 0 0 0 0 0 0 0 0 0 0 0 0 0 0 0 0 0 0 0 0 0 0 0 0 0 0 0 0 0 0 0 0 0 0 0 0 0 0 0 0 0 0 0 0 0 0 0 0 0 0 0 0 0 0 0 0 0 0 0 0 0 0 0 0 0 0 0 0 0 0 0 0 0 0 0 0 0 0 0 0 0 0 0 0 0 0 0 0 0 0 0 0 0 1 1 0 0 0 0 0 0 0 0 0 0 0 0 1 0 0 0 0 0 0 0 0 1 0 0 0 0 0 0 0 0 0 0 0 0 1 0 0 0 0 0 0 0 0 0 0 0 0 0 0 0 0 0 0 0 0 0 0 0 0 0 0 0 0 0 0 0 0 0 0 0 0 0 0 0 0 0 0 0 0 0 0 0 0 0 0 0 0 0 0 0 0 0 0 0 0 0 0 0 0 0 0 0 0 0 0 0 0 0 0 0 0 0 0 0 0 0 0 0 0 0 0 0 0 0 0 0 0 0 0 0 0 0 0 0 0 0 0 0 0 0 0 0 0 0 0 0 0 0 0 0 0 0 0 0 0 0 0 0 0 0 
0 0 0 0 0 0 0 0 0 0 0 0 0 0 0 0 0 0 0 0 0 0 0 0 0 0 0 0 0 0 0 0 0 0 0 0 0 0 0 0 0 0 0 0 0 0 0 0 0 0 0 0 0 0 0 0 0 0 0 0 0 0 0 0 0 0 0 0 0 0 0 0 0 0 0 0 0 0 0 0 0 0 0 0 0 0 0 0 0 0 0 0 0 0 0 0 0 0 0 0 0 0 0 0 0 0 0 0 0 0 0 0 0 0 0 0 0 0 0 0 0 0 0 0 0 1 0 0 0 0 0 0 0 0 0 0 0 0 0 0 0 1 0 0 0 0 0 0 0 0 1 0 0 0 0 0 0 0 0 0 0 0 0 0 0 0 0 0 0 0 0 0 0 0 0 0 0 0 0 0 0 0 0 0 0 0 0 0 0 0 0 0 0 0 0 0 0 0 0 0 0 0 0 0 0 0 0 0 0 0 0 0 0 0 0 0 0 0 0 0 0 0 0 0 0 0 0 0 0 0 0 0 0 0 0 0 0 0 0 0 0 0 0 0 0 0 0 0 0 0 0 0 0 0 0 0 
0 0 0 0 0 0 0 0 0 0 0 0 0 0 0 0 0 0 0 0 0 0 0 0 0 0 0 0 0 0 0 0 0 0 0 0 0 0 0 0 0 0 0 0 0 0 0 0 0 0 0 0 0 0 0 0 0 0 0 0 0 0 0 0 0 0 0 0 0 0 0 0 0 0 0 0 0 0 0 0 0 0 0 0 0 0 0 0 0 0 0 0 0 0 0 0 0 0 0 0 0 0 0 0 0 0 0 0 0 0 0 0 0 0 0 0 0 0 0 0 0 0 0 0 0 0 0 0 0 1 1 0 0 0 0 0 0 0 0 0 1 0 0 0 0 0 0 0 0 0 0 0 0 0 0 0 0 0 0 0 0 0 0 0 0 0 0 0 0 0 0 0 0 0 0 0 0 0 0 0 0 0 0 0 0 0 0 0 0 0 0 0 0 0 0 0 0 0 0 0 0 0 0 0 0 0 0 0 0 0 0 0 0 0 0 0 0 0 0 0 0 0 0 0 0 0 0 0 0 0 0 0 0 0 0 0 0 0 0 0 0 0 0 0 0 0 0 0 0 0 0 0 0 0 0 0 
0 0 0 0 0 0 0 0 0 0 0 0 0 0 0 0 0 0 0 0 0 0 0 0 0 0 0 0 0 0 0 0 0 0 0 0 0 0 0 0 0 0 0 0 0 0 0 0 0 0 0 0 0 0 0 0 0 0 0 0 0 0 0 0 0 0 0 0 0 0 0 0 0 0 0 0 0 0 0 0 0 0 0 0 0 0 0 0 0 0 0 0 0 0 0 0 0 0 0 0 0 0 0 0 0 0 0 0 0 0 0 0 0 0 0 0 0 0 0 0 0 0 0 0 0 0 0 0 0 0 0 0 1 1 0 0 0 0 0 0 0 0 0 0 0 0 0 0 0 0 0 0 0 0 0 0 0 0 0 0 0 0 0 0 0 0 0 0 0 0 0 0 0 0 0 0 0 0 0 0 0 0 0 0 0 0 0 0 0 0 0 0 0 0 0 0 0 0 0 0 0 0 0 0 0 0 0 0 0 0 0 0 0 0 0 0 0 0 0 0 0 0 0 0 0 0 0 0 0 0 0 0 0 0 0 0 0 0 0 0 0 0 0 0 0 0 0 0 0 0 0 0 0 0 0 0 
0 0 0 0 0 0 0 0 0 0 0 0 0 0 0 0 0 0 0 0 0 0 0 0 0 0 0 0 0 0 0 0 0 0 0 0 0 0 0 0 0 0 0 0 0 0 0 0 0 0 0 0 0 0 0 0 0 0 0 0 0 0 0 0 0 0 0 0 0 0 0 0 0 0 0 0 0 0 0 0 0 0 0 0 0 0 0 0 0 0 0 0 0 0 0 0 0 0 0 0 0 0 0 0 0 0 0 0 0 0 0 0 0 0 0 0 0 0 0 0 0 0 0 0 0 0 0 0 0 0 0 0 0 0 0 0 0 0 1 0 0 0 0 0 0 0 0 0 0 0 0 0 1 0 0 0 0 0 0 0 0 0 0 0 0 0 0 0 0 0 0 0 0 0 0 0 0 0 0 0 0 0 0 0 0 0 0 0 0 0 0 0 0 0 0 0 0 0 0 0 0 0 0 0 0 0 0 0 0 0 0 0 0 0 0 0 0 0 0 0 0 0 0 0 0 0 0 0 0 0 0 0 0 0 0 0 0 0 0 0 0 0 0 0 0 0 0 0 0 0 0 0 0 0 0 0 
0 0 0 0 0 0 0 0 0 0 0 0 0 0 0 0 0 0 0 0 0 0 0 0 0 0 0 0 0 0 0 0 0 0 0 0 0 0 0 0 0 0 0 0 0 0 0 0 0 0 0 0 0 0 0 0 0 0 0 0 0 0 0 0 0 0 0 0 0 0 0 0 0 0 0 0 0 0 0 0 0 0 0 0 0 0 0 0 0 0 0 0 1 0 0 0 0 0 0 0 0 0 0 0 0 0 0 0 0 0 0 0 2 0 0 0 1 0 0 0 0 0 0 0 0 0 0 0 0 0 0 0 0 1 0 0 0 0 0 0 0 0 1 0 1 0 0 0 0 0 0 0 0 0 0 1 0 0 0 0 0 0 1 0 0 0 0 0 0 0 0 0 0 0 0 0 0 0 0 0 0 0 0 0 0 0 0 0 0 0 0 0 0 0 0 0 0 0 0 0 0 0 0 0 0 0 0 0 0 0 0 0 0 0 0 0 0 0 0 0 0 0 0 0 0 0 0 0 0 0 0 0 0 0 0 0 0 0 0 0 0 0 0 0 0 0 0 0 0 0 0 0 0 0 0 0 
0 0 0 0 0 0 0 0 0 0 0 0 0 0 0 0 0 0 0 0 0 0 0 0 0 0 0 0 0 0 0 0 0 0 0 0 0 0 0 0 0 0 0 0 0 0 0 0 0 0 0 0 0 0 0 0 0 0 0 0 0 0 0 0 0 0 0 0 0 0 0 0 0 0 0 0 0 0 0 0 0 0 0 0 0 0 0 0 0 0 0 1 0 0 0 0 0 0 0 0 0 0 1 0 0 0 0 0 0 0 0 0 0 0 0 0 0 0 0 0 0 0 0 0 0 0 0 0 0 1 0 0 0 1 0 0 1 0 0 0 0 0 0 0 0 1 0 0 0 1 0 0 0 0 1 0 0 0 0 0 0 0 1 0 0 0 0 0 0 0 0 0 0 0 0 0 0 0 0 0 0 0 0 0 0 0 0 0 0 0 0 0 0 0 0 0 0 0 0 0 0 0 0 0 0 0 0 0 0 0 0 0 0 0 0 0 0 0 0 0 0 0 0 0 0 0 0 0 0 0 0 0 0 0 0 0 0 0 0 0 0 0 0 0 0 0 0 0 0 0 0 0 0 0 0 0 
0 0 0 0 0 0 0 0 0 0 0 0 0 0 0 0 0 0 0 0 0 0 0 0 0 0 0 0 0 0 0 0 0 0 0 0 0 0 0 0 0 0 0 0 0 0 0 0 0 0 0 0 0 0 0 0 0 0 0 0 0 0 0 0 0 0 0 0 0 0 0 0 0 0 0 0 0 0 0 0 0 0 0 0 0 0 0 0 0 0 1 0 0 0 0 0 0 0 0 0 1 0 0 0 0 0 0 0 0 0 0 1 0 0 0 0 0 0 0 0 0 0 0 0 0 0 0 0 0 0 0 1 0 1 0 0 0 0 0 0 0 0 0 0 0 0 0 0 0 0 0 0 0 0 0 0 0 1 0 0 0 0 0 0 0 0 0 0 0 0 0 0 0 0 0 0 0 0 0 0 0 0 0 0 0 0 0 0 0 0 0 0 0 0 0 0 0 0 0 0 0 0 0 0 0 0 0 0 0 0 0 0 0 0 0 0 0 0 0 0 0 0 0 0 0 0 0 0 0 0 0 0 0 0 0 0 0 0 0 0 0 0 0 0 0 0 0 0 0 0 0 0 0 0 0 0 
0 0 0 0 0 0 0 0 0 0 0 0 0 0 0 0 0 0 0 0 0 0 0 0 0 0 0 0 0 0 0 0 0 0 0 0 0 0 0 0 0 0 0 0 0 0 0 0 0 0 0 0 0 0 0 0 0 0 0 0 0 0 0 0 0 0 0 0 0 0 0 0 0 0 0 0 0 0 0 0 0 0 0 0 0 0 0 0 0 0 0 1 0 0 0 0 0 0 0 0 0 0 0 0 0 0 1 0 0 0 0 0 0 0 0 0 0 0 0 0 0 0 0 1 0 0 0 0 0 0 1 0 0 0 0 0 0 0 0 1 0 0 0 0 0 0 0 0 0 0 0 0 0 0 0 1 0 0 0 0 0 0 0 0 0 0 0 0 0 0 0 0 0 0 0 0 0 0 0 0 0 0 0 0 0 0 0 0 0 0 0 0 0 0 0 0 0 0 0 0 0 0 0 0 0 0 0 0 0 0 0 0 0 0 0 0 0 0 0 0 0 0 0 0 0 0 0 0 0 0 0 0 0 0 0 0 0 0 0 0 0 0 0 0 0 0 0 0 0 0 0 0 0 0 0 0 
0 0 0 0 0 0 0 0 0 0 0 0 0 0 0 0 0 0 0 0 0 0 0 0 0 0 0 0 0 0 0 0 0 0 0 0 0 0 0 0 0 0 0 0 0 0 0 0 0 0 0 0 0 0 0 0 0 0 0 0 0 0 0 0 0 0 0 0 0 0 0 0 0 0 0 0 0 0 0 0 0 0 0 0 0 0 0 0 0 0 0 0 1 0 0 0 0 0 0 0 0 0 0 0 1 0 0 0 0 0 0 0 0 0 0 0 0 2 0 0 0 0 0 0 0 1 0 0 0 0 0 0 0 0 0 1 0 0 0 0 1 1 0 0 0 0 0 0 0 0 0 0 0 0 0 0 0 0 0 0 0 0 0 0 0 0 0 0 0 0 0 0 0 0 0 0 0 0 0 0 0 0 0 0 0 0 0 0 0 0 0 0 0 0 0 0 0 0 0 0 0 0 0 0 0 0 0 0 0 0 0 0 0 0 0 0 0 0 0 0 0 0 0 0 0 0 0 0 0 0 0 0 0 0 0 0 0 0 0 0 0 0 0 0 0 0 0 0 0 0 0 0 0 0 0 0 
0 0 0 0 0 0 0 0 0 0 0 0 0 0 0 0 0 0 0 0 0 0 0 0 0 0 0 0 0 0 0 0 0 0 0 0 0 0 0 0 0 0 0 0 0 0 0 0 0 0 0 0 0 0 0 0 0 0 0 0 0 0 0 0 0 0 0 0 0 0 0 0 0 0 0 0 0 0 0 0 0 0 0 0 0 0 0 0 0 0 0 0 0 0 0 0 0 0 0 0 1 0 0 0 0 0 0 1 0 0 0 0 0 0 0 1 0 0 0 0 0 0 0 0 0 0 0 0 0 0 0 0 0 0 0 1 0 0 0 0 0 0 0 0 0 0 0 0 0 0 0 0 0 0 0 0 0 0 0 0 0 0 0 0 0 0 0 0 0 0 0 0 0 0 0 0 0 0 0 0 0 0 0 0 0 0 0 0 0 0 0 0 0 0 0 0 0 0 0 0 0 0 0 0 0 0 0 0 0 0 0 0 0 0 0 0 0 0 0 0 0 0 0 0 0 0 0 0 0 0 0 0 0 0 0 0 0 0 0 0 0 0 0 0 0 0 0 0 0 0 0 0 0 0 0 0 
0 0 0 0 0 0 0 0 0 0 0 0 0 0 0 0 0 0 0 0 0 0 0 0 0 0 0 0 0 0 0 0 0 0 0 0 0 0 0 0 0 0 0 0 0 0 0 0 0 0 0 0 0 0 0 0 0 0 0 0 0 0 0 0 0 0 0 0 0 0 0 0 0 0 0 0 0 0 0 0 0 0 0 0 0 0 0 0 0 0 0 0 0 0 0 0 1 0 0 1 0 0 0 0 0 1 0 0 0 0 0 0 0 0 0 0 0 0 0 0 0 0 0 0 0 1 0 1 0 0 0 0 0 0 1 0 0 0 0 0 1 0 0 0 0 0 0 0 1 0 0 0 0 0 0 0 0 0 0 0 0 0 0 0 0 0 0 0 0 0 0 0 0 0 0 0 0 0 0 0 0 0 0 0 0 0 0 0 0 0 0 0 0 0 0 0 0 0 0 0 0 0 0 0 0 0 0 0 0 0 0 0 0 0 0 0 0 0 0 0 0 0 0 0 0 0 0 0 0 0 0 0 0 0 0 0 0 0 0 0 0 0 0 0 0 0 0 0 0 0 0 0 0 0 0 0 
0 0 0 0 0 0 0 0 0 0 0 0 0 0 0 0 0 0 0 0 0 0 0 0 0 0 0 0 0 0 0 0 0 0 0 0 0 0 0 0 0 0 0 0 0 0 0 0 0 0 0 0 0 0 0 0 0 0 0 0 0 0 0 0 0 0 0 0 0 0 0 0 0 0 0 0 0 0 0 0 0 0 0 0 0 0 0 0 0 0 0 0 0 0 0 0 0 1 0 0 0 1 0 0 0 0 0 0 0 0 0 0 0 0 0 0 0 0 0 0 0 0 1 0 0 0 1 0 1 0 1 1 0 1 0 0 0 1 0 0 1 0 0 0 0 0 0 0 0 0 0 0 0 0 1 0 0 0 0 0 1 0 0 0 0 0 0 0 0 0 0 0 0 0 0 0 0 0 0 0 0 0 0 0 0 0 0 0 0 0 0 0 0 0 0 0 0 0 0 0 0 0 0 0 0 0 0 0 0 0 0 0 0 0 0 0 0 0 0 0 0 0 0 0 0 0 0 0 0 0 0 0 0 0 0 0 0 0 0 0 0 0 0 0 0 0 0 0 0 0 0 0 0 0 0 0 
0 0 0 0 0 0 0 0 0 0 0 0 0 0 0 0 0 0 0 0 0 0 0 0 0 0 0 0 0 0 0 0 0 0 0 0 0 0 0 0 0 0 0 0 0 0 0 0 0 0 0 0 0 0 0 0 0 0 0 0 0 0 0 0 0 0 0 0 0 0 0 0 0 0 0 0 0 0 0 0 0 0 0 0 0 0 0 0 0 0 0 0 0 1 0 0 0 0 0 1 0 0 0 1 0 0 0 0 0 0 1 0 0 1 0 0 0 0 0 0 0 0 1 0 1 2 0 0 1 0 0 1 0 1 0 0 0 0 0 0 0 0 0 0 0 0 0 0 0 0 0 0 0 0 0 0 0 1 0 0 0 0 0 0 0 0 0 0 0 0 0 0 0 0 0 0 0 0 0 0 0 0 0 0 0 0 0 0 0 0 0 0 0 0 0 0 0 0 0 0 0 0 0 0 0 0 0 0 0 0 0 0 0 0 0 0 0 0 0 0 0 0 0 0 0 0 0 0 0 0 0 0 0 0 0 0 0 0 0 0 0 0 0 0 0 0 0 0 0 0 0 0 0 0 0 0 
0 0 0 0 0 0 0 0 0 0 0 0 0 0 0 0 0 0 0 0 0 0 0 0 0 0 0 0 0 0 0 0 0 0 0 0 0 0 0 0 0 0 0 0 0 0 0 0 0 0 0 0 0 0 0 0 0 0 0 0 0 0 0 0 0 0 0 0 0 0 0 0 0 0 0 0 0 0 0 0 0 0 0 0 0 0 0 0 0 0 0 0 1 0 0 0 0 0 0 1 0 0 0 0 0 0 0 0 0 0 0 0 0 0 0 0 0 0 0 1 1 0 0 0 1 0 0 0 0 2 0 0 0 0 0 0 0 0 0 0 0 0 0 0 0 0 0 0 0 0 0 0 0 0 0 1 1 1 0 1 0 0 0 0 0 0 0 0 0 0 0 0 0 0 0 0 0 0 0 0 0 0 0 0 0 0 0 0 0 0 0 0 0 0 0 0 0 0 0 0 0 0 0 0 0 0 0 0 0 0 0 0 0 0 0 0 0 0 0 0 0 0 0 0 0 0 0 0 0 0 0 0 0 0 0 0 0 0 0 0 0 0 0 0 0 0 0 0 0 0 0 0 0 0 0 0 
0 0 0 0 0 0 0 0 0 0 0 0 0 0 0 0 0 0 0 0 0 0 0 0 0 0 0 0 0 0 0 0 0 0 0 0 0 0 0 0 0 0 0 0 0 0 0 0 0 0 0 0 0 0 0 0 0 0 0 0 0 0 0 0 0 0 0 0 0 0 0 0 0 0 0 0 0 0 0 0 0 0 0 0 0 0 0 0 0 0 0 0 0 0 0 0 0 3 0 0 0 0 0 0 0 1 0 0 0 0 0 0 0 0 0 0 0 0 0 0 0 0 0 0 0 1 2 0 1 1 2 1 1 0 1 1 1 0 0 0 1 0 1 0 0 0 0 0 1 1 0 0 0 0 0 0 0 0 0 0 0 0 0 0 0 0 0 0 0 0 0 0 0 0 0 0 0 0 0 0 0 0 0 0 0 0 0 0 0 0 0 0 0 0 0 0 0 0 0 0 0 0 0 0 0 0 0 0 0 0 0 0 0 0 0 0 0 0 0 0 0 0 0 0 0 0 0 0 0 0 0 0 0 0 0 0 0 0 0 0 0 0 0 0 0 0 0 0 0 0 0 0 0 0 0 0 
0 0 0 0 0 0 0 0 0 0 0 0 0 0 0 0 0 0 0 0 0 0 0 0 0 0 0 0 0 0 0 0 0 0 0 0 0 0 0 0 0 0 0 0 0 0 0 0 0 0 0 0 0 0 0 0 0 0 0 0 0 0 0 0 0 0 0 0 0 0 0 0 0 0 0 0 0 0 0 0 0 0 0 0 0 0 0 0 0 0 0 1 0 0 1 0 0 0 0 0 0 0 0 0 0 0 0 0 1 0 0 1 0 0 0 0 0 0 2 0 0 0 0 1 1 0 1 0 1 0 0 0 0 0 0 1 0 0 0 1 0 1 2 0 0 0 1 0 0 0 0 0 1 0 0 0 0 0 0 1 0 0 0 0 0 0 0 0 0 0 0 0 0 0 0 0 0 0 0 0 0 0 0 0 0 0 0 0 0 0 0 0 0 0 0 0 0 0 0 0 0 0 0 0 0 0 0 0 0 0 0 0 0 0 0 0 0 0 0 0 0 0 0 0 0 0 0 0 0 0 0 0 0 0 0 0 0 0 0 0 0 0 0 0 0 0 0 0 0 0 0 0 0 0 0 0 
0 0 0 0 0 0 0 0 0 0 0 0 0 0 0 0 0 0 0 0 0 0 0 0 0 0 0 0 0 0 0 0 0 0 0 0 0 0 0 0 0 0 0 0 0 0 0 0 0 0 0 0 0 0 0 0 0 0 0 0 0 0 0 0 0 0 0 0 0 0 0 0 0 0 0 0 0 0 0 0 0 0 0 0 0 0 0 0 0 0 0 0 1 0 0 0 0 1 0 0 0 1 0 0 1 0 0 0 0 0 0 0 0 0 0 0 1 1 0 1 0 0 1 1 0 1 0 0 1 0 0 1 0 1 0 0 0 0 0 0 0 0 0 0 0 0 0 0 0 1 0 0 0 0 0 0 0 0 0 0 0 0 0 0 0 0 0 0 0 0 0 0 0 0 0 0 0 0 0 0 0 0 0 0 0 0 0 0 0 0 0 0 0 0 0 0 0 0 0 0 0 0 0 0 0 0 0 0 0 0 0 0 0 0 0 0 0 0 0 0 0 0 0 0 0 0 0 0 0 0 0 0 0 0 0 0 0 0 0 0 0 0 0 0 0 0 0 0 0 0 0 0 0 0 0 0 
0 0 0 0 0 0 0 0 0 0 0 0 0 0 0 0 0 0 0 0 0 0 0 0 0 0 0 0 0 0 0 0 0 0 0 0 0 0 0 0 0 0 0 0 0 0 0 0 0 0 0 0 0 0 0 0 0 0 0 0 0 0 0 0 0 0 0 0 0 0 0 0 0 0 0 0 0 0 0 0 0 0 0 0 0 0 0 0 0 0 0 1 0 0 0 0 0 1 0 0 0 0 0 0 0 0 0 0 0 0 0 0 0 0 0 0 0 0 0 0 0 0 0 0 1 0 0 1 0 1 0 0 0 1 2 0 0 0 0 0 0 0 0 0 0 0 1 0 0 0 0 0 0 1 0 0 0 0 0 0 0 1 0 0 0 0 0 0 0 0 0 0 0 0 0 0 0 0 0 0 0 0 0 0 0 0 0 0 0 0 0 0 0 0 0 0 0 0 0 0 0 0 0 0 0 0 0 0 0 0 0 0 0 0 0 0 0 0 0 0 0 0 0 0 0 0 0 0 0 0 0 0 0 0 0 0 0 0 0 0 0 0 0 0 0 0 0 0 0 0 0 0 0 0 0 0 
0 0 0 0 0 0 0 0 0 0 0 0 0 0 0 0 0 0 0 0 0 0 0 0 0 0 0 0 0 0 0 0 0 0 0 0 0 0 0 0 0 0 0 0 0 0 0 0 0 0 0 0 0 0 0 0 0 0 0 0 0 0 0 0 0 0 0 0 0 0 0 0 0 0 0 0 0 0 0 0 0 0 0 0 0 0 0 0 1 0 0 0 0 0 0 0 0 0 0 0 0 0 0 1 0 0 0 0 0 0 0 0 0 0 0 0 1 0 0 0 0 0 1 0 1 0 0 0 0 0 0 0 0 0 1 1 0 0 0 1 1 0 0 1 0 1 0 0 1 0 1 0 0 0 1 0 0 0 0 0 0 0 1 0 0 0 0 0 0 0 0 0 0 0 0 0 0 0 0 0 0 0 0 0 0 0 0 0 0 0 0 0 0 0 0 0 0 0 0 0 0 0 0 0 0 0 0 0 0 0 0 0 0 0 0 0 0 0 0 0 0 0 0 0 0 0 0 0 0 0 0 0 0 0 0 0 0 0 0 0 0 0 0 0 0 0 0 0 0 0 0 0 0 0 0 0 
0 0 0 0 0 0 0 0 0 0 0 0 0 0 0 0 0 0 0 0 0 0 0 0 0 0 0 0 0 0 0 0 0 0 0 0 0 0 0 0 0 0 0 0 0 0 0 0 0 0 0 0 0 0 0 0 0 0 0 0 0 0 0 0 0 0 0 0 0 0 0 0 0 0 0 0 0 0 0 0 0 0 0 0 0 0 0 0 0 0 0 1 0 1 0 1 0 0 0 1 0 0 0 0 0 0 1 0 1 0 0 1 0 0 0 0 0 0 0 0 0 1 0 0 0 1 1 0 0 1 0 0 0 0 0 0 0 0 0 2 1 2 0 0 0 1 1 0 1 0 1 0 0 0 0 0 0 0 0 0 0 0 0 0 0 0 0 0 0 0 0 0 0 0 0 0 0 0 0 0 0 0 0 0 0 0 0 0 0 0 0 0 0 0 0 0 0 0 0 0 0 0 0 0 0 0 0 0 0 0 0 0 0 0 0 0 0 0 0 0 0 0 0 0 0 0 0 0 0 0 0 0 0 0 0 0 0 0 0 0 0 0 0 0 0 0 0 0 0 0 0 0 0 0 0 0 
0 0 0 0 0 0 0 0 0 0 0 0 0 0 0 0 0 0 0 0 0 0 0 0 0 0 0 0 0 0 0 0 0 0 0 0 0 0 0 0 0 0 0 0 0 0 0 0 0 0 0 0 0 0 0 0 0 0 0 0 0 0 0 0 0 0 0 0 0 0 0 0 0 0 0 0 0 0 0 0 0 0 0 0 0 0 0 0 0 0 0 0 0 0 0 0 0 0 0 0 0 0 1 0 0 0 0 1 0 0 0 0 0 0 0 0 2 0 0 0 0 0 0 1 0 0 1 1 1 0 1 0 1 0 0 0 0 0 1 0 1 0 1 0 0 0 0 0 0 1 0 1 0 0 0 0 1 0 0 0 0 0 0 0 0 0 0 0 0 0 0 0 0 0 0 0 0 0 0 0 0 0 0 0 0 0 0 0 0 0 0 0 0 0 0 0 0 0 0 0 0 0 0 0 0 0 0 0 0 0 0 0 0 0 0 0 0 0 0 0 0 0 0 0 0 0 0 0 0 0 0 0 0 0 0 0 0 0 0 0 0 0 0 0 0 0 0 0 0 0 0 0 0 0 0 0 
0 0 0 0 0 0 0 0 0 0 0 0 0 0 0 0 0 0 0 0 0 0 0 0 0 0 0 0 0 0 0 0 0 0 0 0 0 0 0 0 0 0 0 0 0 0 0 0 0 0 0 0 0 0 0 0 0 0 0 0 0 0 0 0 0 0 0 0 0 0 0 0 0 0 0 0 0 0 0 0 0 0 0 0 0 0 0 0 0 0 1 1 1 2 0 0 0 0 0 0 1 1 0 0 0 0 0 0 1 0 1 0 0 0 0 0 1 0 2 0 2 0 0 0 0 2 1 0 1 1 0 0 0 0 1 0 0 1 0 0 0 0 1 2 0 0 0 0 0 0 0 1 0 2 0 0 0 1 0 0 0 0 0 0 0 0 0 0 0 0 0 0 0 0 0 0 0 0 0 0 0 0 0 0 0 0 0 0 0 0 0 0 0 0 0 0 0 0 0 0 0 0 0 0 0 0 0 0 0 0 0 0 0 0 0 0 0 0 0 0 0 0 0 0 0 0 0 0 0 0 0 0 0 0 0 0 0 0 0 0 0 0 0 0 0 0 0 0 0 0 0 0 0 0 0 0 
0 0 0 0 0 0 0 0 0 0 0 0 0 0 0 0 0 0 0 0 0 0 0 0 0 0 0 0 0 0 0 0 0 0 0 0 0 0 0 0 0 0 0 0 0 0 0 0 0 0 0 0 0 0 0 0 0 0 0 0 0 0 0 0 0 0 0 0 0 0 0 0 0 0 0 0 0 0 0 0 0 0 0 0 0 0 0 0 0 0 0 0 0 1 0 0 0 0 0 0 1 0 0 1 0 0 0 1 0 1 0 0 0 0 0 0 0 0 2 0 0 0 1 2 0 1 2 1 0 0 1 0 1 1 2 1 0 0 0 2 1 1 0 1 0 0 0 0 0 0 0 1 1 0 0 0 2 0 0 1 0 0 0 0 0 0 0 0 0 0 0 0 0 0 0 0 0 0 0 0 0 0 0 0 0 0 0 0 0 0 0 0 0 0 0 0 0 0 0 0 0 0 0 0 0 0 0 0 0 0 0 0 0 0 0 0 0 0 0 0 0 0 0 0 0 0 0 0 0 0 0 0 0 0 0 0 0 0 0 0 0 0 0 0 0 0 0 0 0 0 0 0 0 0 0 0 
0 0 0 0 0 0 0 0 0 0 0 0 0 0 0 0 0 0 0 0 0 0 0 0 0 0 0 0 0 0 0 0 0 0 0 0 0 0 0 0 0 0 0 0 0 0 0 0 0 0 0 0 0 0 0 0 0 0 0 0 0 0 0 0 0 0 0 0 0 0 0 0 0 0 0 0 0 0 0 0 0 0 0 0 0 0 0 0 0 0 0 0 0 1 0 0 0 0 0 1 0 1 0 0 0 0 0 0 0 0 0 1 1 0 0 1 0 0 0 0 0 0 0 0 0 0 1 0 0 0 1 0 0 0 0 1 1 1 0 0 0 1 1 1 0 0 0 0 1 0 1 2 0 0 0 1 1 0 1 0 1 0 0 0 0 0 0 0 0 0 0 0 0 0 0 0 0 0 0 0 0 0 0 0 0 0 0 0 0 0 0 0 0 0 0 0 0 0 0 0 0 0 0 0 0 0 0 0 0 0 0 0 0 0 0 0 0 0 0 0 0 0 0 0 0 0 0 0 0 0 0 0 0 0 0 0 0 0 0 0 0 0 0 0 0 0 0 0 0 0 0 0 0 0 0 0 
0 0 0 0 0 0 0 0 0 0 0 0 0 0 0 0 0 0 0 0 0 0 0 0 0 0 0 0 0 0 0 0 0 0 0 0 0 0 0 0 0 0 0 0 0 0 0 0 0 0 0 0 0 0 0 0 0 0 0 0 0 0 0 0 0 0 0 0 0 0 0 0 0 0 0 0 0 0 0 0 0 0 0 0 0 0 0 0 1 0 0 0 0 0 1 2 0 2 0 1 0 0 0 0 0 0 0 0 0 0 0 0 0 1 0 1 1 0 0 0 0 0 1 0 2 0 2 0 0 1 1 0 1 1 0 0 0 0 0 0 1 0 1 0 1 0 0 0 0 3 2 0 0 4 1 0 0 2 1 0 0 0 0 0 0 0 0 0 0 0 0 0 0 0 0 0 0 0 0 0 0 0 0 0 0 0 0 0 0 0 0 0 0 0 0 0 0 0 0 0 0 0 0 0 0 0 0 0 0 0 0 0 0 0 0 0 0 0 0 0 0 0 0 0 0 0 0 0 0 0 0 0 0 0 0 0 0 0 0 0 0 0 0 0 0 0 0 0 0 0 0 0 0 0 0 0 
0 0 0 0 0 0 0 0 0 0 0 0 0 0 0 0 0 0 0 0 0 0 0 0 0 0 0 0 0 0 0 0 0 0 0 0 0 0 0 0 0 0 0 0 0 0 0 0 0 0 0 0 0 0 0 0 0 0 0 0 0 0 0 0 0 0 0 0 0 0 0 0 0 0 0 0 0 0 0 0 0 0 0 0 0 0 0 0 0 0 0 0 0 0 0 0 0 0 1 0 0 0 1 0 0 0 0 0 0 0 0 0 0 1 0 0 2 0 0 2 0 0 1 1 0 1 0 1 1 1 0 0 1 1 2 2 0 2 0 1 0 1 0 1 1 1 0 0 1 1 2 1 0 2 0 0 0 2 0 0 0 0 0 0 0 0 0 0 0 0 0 0 0 0 0 0 0 0 0 0 0 0 0 0 0 0 0 0 0 0 0 0 0 0 0 0 0 0 0 0 0 0 0 0 0 0 0 0 0 0 0 0 0 0 0 0 0 0 0 0 0 0 0 0 0 0 0 0 0 0 0 0 0 0 0 0 0 0 0 0 0 0 0 0 0 0 0 0 0 0 0 0 0 0 0 0 
0 0 0 0 0 0 0 0 0 0 0 0 0 0 0 0 0 0 0 0 0 0 0 0 0 0 0 0 0 0 0 0 0 0 0 0 0 0 0 0 0 0 0 0 0 0 0 0 0 0 0 0 0 0 0 0 0 0 0 0 0 0 0 0 0 0 0 0 0 0 0 0 0 0 0 0 0 0 0 0 0 0 0 0 0 0 0 0 0 0 0 0 2 0 0 1 0 0 0 0 1 0 0 2 0 0 0 0 1 0 0 0 0 0 0 1 1 0 1 1 1 0 1 0 2 2 1 0 1 1 0 0 0 2 1 0 1 0 2 1 2 2 1 1 1 0 1 0 0 0 1 0 1 0 0 0 1 0 0 0 0 0 2 0 0 0 0 0 0 0 0 0 0 0 0 0 0 0 0 0 0 0 0 0 0 0 0 0 0 0 0 0 0 0 0 0 0 0 0 0 0 0 0 0 0 0 0 0 0 0 0 0 0 0 0 0 0 0 0 0 0 0 0 0 0 0 0 0 0 0 0 0 0 0 0 0 0 0 0 0 0 0 0 0 0 0 0 0 0 0 0 0 0 0 0 0 
0 0 0 0 0 0 0 0 0 0 0 0 0 0 0 0 0 0 0 0 0 0 0 0 0 0 0 0 0 0 0 0 0 0 0 0 0 0 0 0 0 0 0 0 0 0 0 0 0 0 0 0 0 0 0 0 0 0 0 0 0 0 0 0 0 0 0 0 0 0 0 0 0 0 0 0 0 0 0 0 0 0 0 0 0 0 0 0 0 1 2 0 0 0 0 1 0 2 0 0 0 0 0 1 0 1 0 0 0 0 0 1 1 0 1 0 0 0 1 2 2 1 0 4 1 0 1 0 2 0 1 3 0 2 4 0 1 1 1 1 0 1 1 1 1 1 1 2 0 0 1 0 1 0 0 0 1 0 2 0 0 0 0 0 0 0 0 0 0 0 0 0 0 0 0 0 0 0 0 0 0 0 0 0 0 0 0 0 0 0 0 0 0 0 0 0 0 0 0 0 0 0 0 0 0 0 0 0 0 0 0 0 0 0 0 0 0 0 0 0 0 0 0 0 0 0 0 0 0 0 0 0 0 0 0 0 0 0 0 0 0 0 0 0 0 0 0 0 0 0 0 0 0 0 0 0 
0 0 0 0 0 0 0 0 0 0 0 0 0 0 0 0 0 0 0 0 0 0 0 0 0 0 0 0 0 0 0 0 0 0 0 0 0 0 0 0 0 0 0 0 0 0 0 0 0 0 0 0 0 0 0 0 0 0 0 0 0 0 0 0 0 0 0 0 0 0 0 0 0 0 0 0 0 0 0 0 0 0 0 0 0 0 0 0 0 1 1 0 1 0 0 1 1 1 2 0 0 0 0 0 0 0 0 0 0 0 1 0 0 0 0 0 1 0 0 1 0 0 0 0 1 2 0 1 0 0 3 0 0 2 1 2 0 1 1 0 1 1 1 0 1 0 0 0 1 0 1 0 0 0 0 1 0 0 0 0 0 1 0 0 0 0 0 0 0 0 0 0 0 0 0 0 0 0 0 0 0 0 0 0 0 0 0 0 0 0 0 0 0 0 0 0 0 0 0 0 0 0 0 0 0 0 0 0 0 0 0 0 0 0 0 0 0 0 0 0 0 0 0 0 0 0 0 0 0 0 0 0 0 0 0 0 0 0 0 0 0 0 0 0 0 0 0 0 0 0 0 0 0 0 0 0 
0 0 0 0 0 0 0 0 0 0 0 0 0 0 0 0 0 0 0 0 0 0 0 0 0 0 0 0 0 0 0 0 0 0 0 0 0 0 0 0 0 0 0 0 0 0 0 0 0 0 0 0 0 0 0 0 0 0 0 0 0 0 0 0 0 0 0 0 0 0 0 0 0 0 0 0 0 0 0 0 0 0 0 0 0 0 0 0 0 0 0 0 0 0 0 0 0 1 0 2 0 0 0 1 0 0 2 0 0 0 1 0 0 0 0 2 0 2 0 1 0 0 1 6 1 0 0 3 0 1 1 0 3 1 0 1 0 3 2 0 0 0 1 3 1 0 0 1 0 1 0 0 0 1 1 0 0 0 0 0 0 0 0 0 0 0 0 0 0 0 0 0 0 0 0 0 0 0 0 0 0 0 0 0 0 0 0 0 0 0 0 0 0 0 0 0 0 0 0 0 0 0 0 0 0 0 0 0 0 0 0 0 0 0 0 0 0 0 0 0 0 0 0 0 0 0 0 0 0 0 0 0 0 0 0 0 0 0 0 0 0 0 0 0 0 0 0 0 0 0 0 0 0 0 0 0 
0 0 0 0 0 0 0 0 0 0 0 0 0 0 0 0 0 0 0 0 0 0 0 0 0 0 0 0 0 0 0 0 0 0 0 0 0 0 0 0 0 0 0 0 0 0 0 0 0 0 0 0 0 0 0 0 0 0 0 0 0 0 0 0 0 0 0 0 0 0 0 0 0 0 0 0 0 0 0 0 0 0 0 0 0 0 0 0 0 0 0 1 0 0 1 0 0 1 0 0 0 0 0 1 0 0 0 0 1 0 0 0 0 0 0 1 0 1 3 1 1 1 3 0 1 1 0 0 0 1 0 1 2 1 2 0 1 0 0 1 1 0 3 0 1 0 0 0 0 0 1 0 0 0 1 0 0 1 2 1 1 1 0 0 0 0 0 0 0 0 0 0 0 0 0 0 0 0 0 0 0 0 0 0 0 0 0 0 0 0 0 0 0 0 0 0 0 0 0 0 0 0 0 0 0 0 0 0 0 0 0 0 0 0 0 0 0 0 0 0 0 0 0 0 0 0 0 0 0 0 0 0 0 0 0 0 0 0 0 0 0 0 0 0 0 0 0 0 0 0 0 0 0 0 0 0 
0 0 0 0 0 0 0 0 0 0 0 0 0 0 0 0 0 0 0 0 0 0 0 0 0 0 0 0 0 0 0 0 0 0 0 0 0 0 0 0 0 0 0 0 0 0 0 0 0 0 0 0 0 0 0 0 0 0 0 0 0 0 0 0 0 0 0 0 0 0 0 0 0 0 0 0 0 0 0 0 0 0 0 0 0 0 0 0 0 0 0 0 0 0 0 1 0 0 0 0 1 0 0 1 1 1 1 2 1 1 0 1 0 1 0 1 3 1 2 0 1 0 0 1 1 1 0 2 0 2 2 0 1 0 1 0 0 1 1 2 2 1 2 0 0 1 1 0 0 0 1 1 1 1 1 1 1 0 1 1 0 0 0 0 0 0 0 0 0 0 0 0 0 0 0 0 0 0 0 0 0 0 0 0 0 0 0 0 0 0 0 0 0 0 0 0 0 0 0 0 0 0 0 0 0 0 0 0 0 0 0 0 0 0 0 0 0 0 0 0 0 0 0 0 0 0 0 0 0 0 0 0 0 0 0 0 0 0 0 0 0 0 0 0 0 0 0 0 0 0 0 0 0 0 0 0 
0 0 0 0 0 0 0 0 0 0 0 0 0 0 0 0 0 0 0 0 0 0 0 0 0 0 0 0 0 0 0 0 0 0 0 0 0 0 0 0 0 0 0 0 0 0 0 0 0 0 0 0 0 0 0 0 0 0 0 0 0 0 0 0 0 0 0 0 0 0 0 0 0 0 0 0 0 0 0 0 0 0 0 0 0 0 0 0 0 0 0 0 1 1 1 0 0 0 1 3 2 0 0 1 1 0 3 2 1 1 0 0 1 0 0 1 0 0 2 0 0 2 0 1 0 0 1 1 0 0 1 0 1 2 0 0 0 2 1 1 1 0 0 2 0 2 0 2 1 2 0 2 0 0 1 0 0 0 0 0 0 0 0 0 0 0 0 0 0 0 0 0 0 0 0 0 0 0 0 0 0 0 0 0 0 0 0 0 0 0 0 0 0 0 0 0 0 0 0 0 0 0 0 0 0 0 0 0 0 0 0 0 0 0 0 0 0 0 0 0 0 0 0 0 0 0 0 0 0 0 0 0 0 0 0 0 0 0 0 0 0 0 0 0 0 0 0 0 0 0 0 0 0 0 0 0 
0 0 0 0 0 0 0 0 0 0 0 0 0 0 0 0 0 0 0 0 0 0 0 0 0 0 0 0 0 0 0 0 0 0 0 0 0 0 0 0 0 0 0 0 0 0 0 0 0 0 0 0 0 0 0 0 0 0 0 0 0 0 0 0 0 0 0 0 0 0 0 0 0 0 0 0 0 0 0 0 0 0 0 0 0 0 0 0 0 0 0 0 0 0 1 0 0 1 0 1 1 0 0 0 0 0 0 0 0 0 0 0 0 0 3 0 0 1 2 3 0 2 0 1 2 1 0 1 0 2 0 0 2 0 1 1 1 2 0 1 0 0 0 0 1 1 0 1 1 2 0 0 1 1 0 1 2 1 0 1 0 0 1 0 0 0 0 0 0 0 0 0 0 0 0 0 0 0 0 0 0 0 0 0 0 0 0 0 0 0 0 0 0 0 0 0 0 0 0 0 0 0 0 0 0 0 0 0 0 0 0 0 0 0 0 0 0 0 0 0 0 0 0 0 0 0 0 0 0 0 0 0 0 0 0 0 0 0 0 0 0 0 0 0 0 0 0 0 0 0 0 0 0 0 0 0 
0 0 0 0 0 0 0 0 0 0 0 0 0 0 0 0 0 0 0 0 0 0 0 0 0 0 0 0 0 0 0 0 0 0 0 0 0 0 0 0 0 0 0 0 0 0 0 0 0 0 0 0 0 0 0 0 0 0 0 0 0 0 0 0 0 0 0 0 0 0 0 0 0 0 0 0 0 0 0 0 0 0 0 0 0 0 0 0 0 0 1 1 0 0 1 0 0 0 0 2 0 0 0 1 0 0 0 0 0 0 0 2 0 0 2 0 0 0 0 1 1 0 1 0 1 1 1 1 0 0 0 1 0 2 1 0 0 1 0 0 1 2 1 0 0 1 1 2 0 1 0 1 0 2 1 1 1 0 1 1 0 0 0 0 0 0 0 0 0 0 0 0 0 0 0 0 0 0 0 0 0 0 0 0 0 0 0 0 0 0 0 0 0 0 0 0 0 0 0 0 0 0 0 0 0 0 0 0 0 0 0 0 0 0 0 0 0 0 0 0 0 0 0 0 0 0 0 0 0 0 0 0 0 0 0 0 0 0 0 0 0 0 0 0 0 0 0 0 0 0 0 0 0 0 0 0 
0 0 0 0 0 0 0 0 0 0 0 0 0 0 0 0 0 0 0 0 0 0 0 0 0 0 0 0 0 0 0 0 0 0 0 0 0 0 0 0 0 0 0 0 0 0 0 0 0 0 0 0 0 0 0 0 0 0 0 0 0 0 0 0 0 0 0 0 0 0 0 0 0 0 0 0 0 0 0 0 0 0 0 0 0 0 0 0 1 1 0 0 0 1 1 1 0 1 0 1 0 0 1 0 0 0 1 0 0 0 1 1 0 0 0 1 0 1 0 1 1 0 0 1 0 0 1 0 1 1 1 2 2 0 2 3 1 0 0 0 3 3 1 0 0 1 1 0 0 0 1 1 0 0 0 1 0 0 1 1 0 1 0 0 0 0 0 0 0 0 0 0 0 0 0 0 0 0 0 0 0 0 0 0 0 0 0 0 0 0 0 0 0 0 0 0 0 0 0 0 0 0 0 0 0 0 0 0 0 0 0 0 0 0 0 0 0 0 0 0 0 0 0 0 0 0 0 0 0 0 0 0 0 0 0 0 0 0 0 0 0 0 0 0 0 0 0 0 0 0 0 0 0 0 0 0 
0 0 0 0 0 0 0 0 0 0 0 0 0 0 0 0 0 0 0 0 0 0 0 0 0 0 0 0 0 0 0 0 0 0 0 0 0 0 0 0 0 0 0 0 0 0 0 0 0 0 0 0 0 0 0 0 0 0 0 0 0 0 0 0 0 0 0 0 0 0 0 0 0 0 0 0 0 0 0 0 0 0 0 0 0 0 0 1 0 1 0 1 0 1 0 1 1 1 1 1 2 1 1 0 0 0 0 0 0 1 0 0 1 1 1 0 2 2 0 1 1 0 1 0 2 1 0 2 2 1 1 0 1 3 1 2 2 2 1 1 0 0 1 2 2 1 0 0 0 1 0 0 0 2 0 1 0 0 2 0 4 0 0 0 0 0 0 0 0 0 0 0 0 0 0 0 0 0 0 0 0 0 0 0 0 0 0 0 0 0 0 0 0 0 0 0 0 0 0 0 0 0 0 0 0 0 0 0 0 0 0 0 0 0 0 0 0 0 0 0 0 0 0 0 0 0 0 0 0 0 0 0 0 0 0 0 0 0 0 0 0 0 0 0 0 0 0 0 0 0 0 0 0 0 0 0 
0 0 0 0 0 0 0 0 0 0 0 0 0 0 0 0 0 0 0 0 0 0 0 0 0 0 0 0 0 0 0 0 0 0 0 0 0 0 0 0 0 0 0 0 0 0 0 0 0 0 0 0 0 0 0 0 0 0 0 0 0 0 0 0 0 0 0 0 0 0 0 0 0 0 0 0 0 0 0 0 0 0 0 0 0 0 0 0 0 0 1 0 0 1 4 0 0 2 1 0 2 2 0 0 1 0 1 0 0 0 1 1 1 1 2 1 2 5 0 0 0 0 3 2 2 0 0 0 2 0 1 6 3 1 2 0 2 2 1 0 2 2 2 1 0 0 1 2 1 0 0 0 0 1 1 1 2 0 2 1 0 1 0 0 0 0 0 0 0 0 0 0 0 0 0 0 0 0 0 0 0 0 0 0 0 0 0 0 0 0 0 0 0 0 0 0 0 0 0 0 0 0 0 0 0 0 0 0 0 0 0 0 0 0 0 0 0 0 0 0 0 0 0 0 0 0 0 0 0 0 0 0 0 0 0 0 0 0 0 0 0 0 0 0 0 0 0 0 0 0 0 0 0 0 0 0 
0 0 0 0 0 0 0 0 0 0 0 0 0 0 0 0 0 0 0 0 0 0 0 0 0 0 0 0 0 0 0 0 0 0 0 0 0 0 0 0 0 0 0 0 0 0 0 0 0 0 0 0 0 0 0 0 0 0 0 0 0 0 0 0 0 0 0 0 0 0 0 0 0 0 0 0 0 0 0 0 0 0 0 0 0 0 0 0 0 0 0 1 1 0 4 0 4 0 0 0 0 1 0 0 0 0 0 2 2 0 0 1 1 3 0 1 2 1 1 2 2 2 1 2 3 2 1 1 0 2 1 2 1 1 0 0 4 2 3 1 1 1 3 1 2 1 0 1 0 0 0 0 1 1 1 0 0 1 0 0 1 1 1 0 0 0 0 0 0 0 0 0 0 0 0 0 0 0 0 0 0 0 0 0 0 0 0 0 0 0 0 0 0 0 0 0 0 0 0 0 0 0 0 0 0 0 0 0 0 0 0 0 0 0 0 0 0 0 0 0 0 0 0 0 0 0 0 0 0 0 0 0 0 0 0 0 0 0 0 0 0 0 0 0 0 0 0 0 0 0 0 0 0 0 0 0 
0 0 0 0 0 0 0 0 0 0 0 0 0 0 0 0 0 0 0 0 0 0 0 0 0 0 0 0 0 0 0 0 0 0 0 0 0 0 0 0 0 0 0 0 0 0 0 0 0 0 0 0 0 0 0 0 0 0 0 0 0 0 0 0 0 0 0 0 0 0 0 0 0 0 0 0 0 0 0 0 0 0 0 0 0 0 0 0 0 0 0 4 0 1 1 1 0 3 3 0 0 0 0 0 0 0 0 2 0 2 0 0 1 1 0 2 1 1 1 1 1 1 2 2 0 0 1 3 1 2 4 3 2 2 0 0 3 2 1 3 0 1 1 1 0 1 0 2 3 0 0 0 0 0 2 0 1 0 1 0 1 0 0 0 0 0 0 0 0 0 0 0 0 0 0 0 0 0 0 0 0 0 0 0 0 0 0 0 0 0 0 0 0 0 0 0 0 0 0 0 0 0 0 0 0 0 0 0 0 0 0 0 0 0 0 0 0 0 0 0 0 0 0 0 0 0 0 0 0 0 0 0 0 0 0 0 0 0 0 0 0 0 0 0 0 0 0 0 0 0 0 0 0 0 0 0 
0 0 0 0 0 0 0 0 0 0 0 0 0 0 0 0 0 0 0 0 0 0 0 0 0 0 0 0 0 0 0 0 0 0 0 0 0 0 0 0 0 0 0 0 0 0 0 0 0 0 0 0 0 0 0 0 0 0 0 0 0 0 0 0 0 0 0 0 0 0 0 0 0 0 0 0 0 0 0 0 0 0 0 0 0 0 0 0 0 0 0 2 0 1 0 1 0 1 0 0 0 0 0 0 0 1 0 0 0 0 0 1 0 0 0 1 2 3 2 0 0 4 3 1 3 2 2 1 5 0 2 0 1 2 2 3 1 1 2 1 0 1 2 1 1 2 0 1 1 2 1 1 0 2 1 2 0 2 0 1 0 0 0 0 0 0 0 0 0 0 0 0 0 0 0 0 0 0 0 0 0 0 0 0 0 0 0 0 0 0 0 0 0 0 0 0 0 0 0 0 0 0 0 0 0 0 0 0 0 0 0 0 0 0 0 0 0 0 0 0 0 0 0 0 0 0 0 0 0 0 0 0 0 0 0 0 0 0 0 0 0 0 0 0 0 0 0 0 0 0 0 0 0 0 0 0 
0 0 0 0 0 0 0 0 0 0 0 0 0 0 0 0 0 0 0 0 0 0 0 0 0 0 0 0 0 0 0 0 0 0 0 0 0 0 0 0 0 0 0 0 0 0 0 0 0 0 0 0 0 0 0 0 0 0 0 0 0 0 0 0 0 0 0 0 0 0 0 0 0 0 0 0 0 0 0 0 0 0 0 0 0 0 0 0 1 0 0 0 3 1 4 1 2 1 1 1 2 0 3 0 0 1 0 0 0 0 0 0 0 0 2 1 3 2 1 2 1 1 4 0 0 2 1 3 2 3 1 3 3 0 2 3 5 2 3 0 1 2 3 0 5 3 1 1 0 3 0 2 1 4 2 1 1 0 1 0 0 0 1 1 0 0 0 0 0 0 0 0 0 0 0 0 0 0 0 0 0 0 0 0 0 0 0 0 0 0 0 0 0 0 0 0 0 0 0 0 0 0 0 0 0 0 0 0 0 0 0 0 0 0 0 0 0 0 0 0 0 0 0 0 0 0 0 0 0 0 0 0 0 0 0 0 0 0 0 0 0 0 0 0 0 0 0 0 0 0 0 0 0 0 0 0 
0 0 0 0 0 0 0 0 0 0 0 0 0 0 0 0 0 0 0 0 0 0 0 0 0 0 0 0 0 0 0 0 0 0 0 0 0 0 0 0 0 0 0 0 0 0 0 0 0 0 0 0 0 0 0 0 0 0 0 0 0 0 0 0 0 0 0 0 0 0 0 0 0 0 0 0 0 0 0 0 0 0 0 0 0 0 0 0 0 0 0 1 1 1 2 2 0 2 1 0 1 0 0 1 2 0 0 3 0 0 2 1 2 2 0 1 0 2 3 0 6 2 3 1 4 5 5 0 1 1 5 4 2 2 4 1 0 0 3 2 2 2 1 4 0 1 4 1 0 5 0 1 0 2 0 1 1 2 1 2 2 0 0 0 0 0 0 0 0 0 0 0 0 0 0 0 0 0 0 0 0 0 0 0 0 0 0 0 0 0 0 0 0 0 0 0 0 0 0 0 0 0 0 0 0 0 0 0 0 0 0 0 0 0 0 0 0 0 0 0 0 0 0 0 0 0 0 0 0 0 0 0 0 0 0 0 0 0 0 0 0 0 0 0 0 0 0 0 0 0 0 0 0 0 0 0 
0 0 0 0 0 0 0 0 0 0 0 0 0 0 0 0 0 0 0 0 0 0 0 0 0 0 0 0 0 0 0 0 0 0 0 0 0 0 0 0 0 0 0 0 0 0 0 0 0 0 0 0 0 0 0 0 0 0 0 0 0 0 0 0 0 0 0 0 0 0 0 0 0 0 0 0 0 0 0 0 0 0 0 0 0 0 0 0 0 0 2 0 1 5 1 2 2 2 0 2 1 0 2 0 1 0 1 0 1 0 1 1 2 1 2 2 2 2 2 2 0 1 2 6 0 2 0 1 3 4 4 1 0 1 5 4 2 6 2 1 0 3 1 1 0 1 2 1 1 2 2 1 3 2 3 1 1 1 2 1 0 0 1 1 0 0 0 0 0 0 0 0 0 0 0 0 0 0 0 0 0 0 0 0 0 0 0 0 0 0 0 0 0 0 0 0 0 0 0 0 0 0 0 0 0 0 0 0 0 0 0 0 0 0 0 0 0 0 0 0 0 0 0 0 0 0 0 0 0 0 0 0 0 0 0 0 0 0 0 0 0 0 0 0 0 0 0 0 0 0 0 0 0 0 0 0 
0 0 0 0 0 0 0 0 0 0 0 0 0 0 0 0 0 0 0 0 0 0 0 0 0 0 0 0 0 0 0 0 0 0 0 0 0 0 0 0 0 0 0 0 0 0 0 0 0 0 0 0 0 0 0 0 0 0 0 0 0 0 0 0 0 0 0 0 0 0 0 0 0 0 0 0 0 0 0 0 0 0 0 0 0 0 0 0 0 1 1 1 0 2 2 2 2 0 1 2 1 1 1 3 1 0 0 1 0 1 1 1 1 2 1 1 3 2 2 5 2 1 2 2 1 0 3 3 5 4 2 1 0 2 2 3 2 1 3 2 3 4 4 5 0 2 2 1 2 1 2 2 2 0 1 3 1 0 1 2 0 1 0 0 0 0 0 0 0 0 0 0 0 0 0 0 0 0 0 0 0 0 0 0 0 0 0 0 0 0 0 0 0 0 0 0 0 0 0 0 0 0 0 0 0 0 0 0 0 0 0 0 0 0 0 0 0 0 0 0 0 0 0 0 0 0 0 0 0 0 0 0 0 0 0 0 0 0 0 0 0 0 0 0 0 0 0 0 0 0 0 0 0 0 0 0 
0 0 0 0 0 0 0 0 0 0 0 0 0 0 0 0 0 0 0 0 0 0 0 0 0 0 0 0 0 0 0 0 0 0 0 0 0 0 0 0 0 0 0 0 0 0 0 0 0 0 0 0 0 0 0 0 0 0 0 0 0 0 0 0 0 0 0 0 0 0 0 0 0 0 0 0 0 0 0 0 0 0 0 0 0 0 0 0 0 1 1 1 1 3 1 2 3 4 2 1 3 4 0 0 1 0 0 0 0 0 0 1 1 0 1 2 0 1 1 1 5 0 4 5 0 1 4 0 1 1 2 6 4 4 5 2 7 3 3 4 4 5 3 3 2 2 1 1 2 1 0 2 1 1 3 3 4 2 1 0 2 1 0 1 0 0 0 0 0 0 0 0 0 0 0 0 0 0 0 0 0 0 0 0 0 0 0 0 0 0 0 0 0 0 0 0 0 0 0 0 0 0 0 0 0 0 0 0 0 0 0 0 0 0 0 0 0 0 0 0 0 0 0 0 0 0 0 0 0 0 0 0 0 0 0 0 0 0 0 0 0 0 0 0 0 0 0 0 0 0 0 0 0 0 0 0 
0 0 0 0 0 0 0 0 0 0 0 0 0 0 0 0 0 0 0 0 0 0 0 0 0 0 0 0 0 0 0 0 0 0 0 0 0 0 0 0 0 0 0 0 0 0 0 0 0 0 0 0 0 0 0 0 0 0 0 0 0 0 0 0 0 0 0 0 0 0 0 0 0 0 0 0 0 0 0 0 0 0 0 0 0 0 0 0 0 0 0 1 1 2 2 1 2 1 2 2 1 1 2 1 0 1 1 0 0 2 0 1 1 1 1 0 2 4 4 3 4 2 3 5 2 3 4 3 1 3 2 2 1 2 3 2 3 1 3 1 3 3 5 1 3 0 2 4 0 3 3 1 1 2 2 1 0 2 0 3 1 0 0 1 0 0 0 0 0 0 0 0 0 0 0 0 0 0 0 0 0 0 0 0 0 0 0 0 0 0 0 0 0 0 0 0 0 0 0 0 0 0 0 0 0 0 0 0 0 0 0 0 0 0 0 0 0 0 0 0 0 0 0 0 0 0 0 0 0 0 0 0 0 0 0 0 0 0 0 0 0 0 0 0 0 0 0 0 0 0 0 0 0 0 0 0 
0 0 0 0 0 0 0 0 0 0 0 0 0 0 0 0 0 0 0 0 0 0 0 0 0 0 0 0 0 0 0 0 0 0 0 0 0 0 0 0 0 0 0 0 0 0 0 0 0 0 0 0 0 0 0 0 0 0 0 0 0 0 0 0 0 0 0 0 0 0 0 0 0 0 0 0 0 0 0 0 0 0 0 0 0 0 0 0 2 0 1 1 0 1 4 1 2 2 1 1 0 2 3 0 1 0 2 1 1 0 0 1 2 1 0 0 3 0 3 2 2 2 1 3 2 2 3 0 1 2 1 4 4 0 4 1 2 3 0 1 6 7 6 3 3 3 0 2 2 0 4 0 3 2 5 0 0 3 0 4 0 2 0 0 0 0 0 0 0 0 0 0 0 0 0 0 0 0 0 0 0 0 0 0 0 0 0 0 0 0 0 0 0 0 0 0 0 0 0 0 0 0 0 0 0 0 0 0 0 0 0 0 0 0 0 0 0 0 0 0 0 0 0 0 0 0 0 0 0 0 0 0 0 0 0 0 0 0 0 0 0 0 0 0 0 0 0 0 0 0 0 0 0 0 0 0 
0 0 0 0 0 0 0 0 0 0 0 0 0 0 0 0 0 0 0 0 0 0 0 0 0 0 0 0 0 0 0 0 0 0 0 0 0 0 0 0 0 0 0 0 0 0 0 0 0 0 0 0 0 0 0 0 0 0 0 0 0 0 0 0 0 0 0 0 0 0 0 0 0 0 0 0 0 0 0 0 0 0 0 0 0 0 0 0 1 1 0 0 1 1 2 2 1 1 0 3 4 1 1 0 1 1 0 0 0 0 0 0 3 1 0 2 4 2 2 3 5 4 2 2 1 0 0 6 4 1 4 4 6 1 2 4 3 5 6 5 1 1 3 1 1 5 0 1 5 2 5 1 2 0 4 1 1 3 0 3 1 1 0 0 0 0 0 0 0 0 0 0 0 0 0 0 0 0 0 0 0 0 0 0 0 0 0 0 0 0 0 0 0 0 0 0 0 0 0 0 0 0 0 0 0 0 0 0 0 0 0 0 0 0 0 0 0 0 0 0 0 0 0 0 0 0 0 0 0 0 0 0 0 0 0 0 0 0 0 0 0 0 0 0 0 0 0 0 0 0 0 0 0 0 0 0 
0 0 0 0 0 0 0 0 0 0 0 0 0 0 0 0 0 0 0 0 0 0 0 0 0 0 0 0 0 0 0 0 0 0 0 0 0 0 0 0 0 0 0 0 0 0 0 0 0 0 0 0 0 0 0 0 0 0 0 0 0 0 0 0 0 0 0 0 0 0 0 0 0 0 0 0 0 0 0 0 0 0 0 0 0 0 0 0 0 1 2 2 1 2 0 1 3 1 4 2 1 2 2 0 3 0 0 0 0 0 1 0 2 1 0 2 2 0 1 5 2 4 3 3 1 4 2 3 1 1 2 2 2 3 5 3 3 6 4 3 3 5 4 3 2 3 5 2 0 3 1 1 0 2 3 0 0 3 2 0 0 1 1 1 0 0 0 0 0 0 0 0 0 0 0 0 0 0 0 0 0 0 0 0 0 0 0 0 0 0 0 0 0 0 0 0 0 0 0 0 0 0 0 0 0 0 0 0 0 0 0 0 0 0 0 0 0 0 0 0 0 0 0 0 0 0 0 0 0 0 0 0 0 0 0 0 0 0 0 0 0 0 0 0 0 0 0 0 0 0 0 0 0 0 0 0 
0 0 0 0 0 0 0 0 0 0 0 0 0 0 0 0 0 0 0 0 0 0 0 0 0 0 0 0 0 0 0 0 0 0 0 0 0 0 0 0 0 0 0 0 0 0 0 0 0 0 0 0 0 0 0 0 0 0 0 0 0 0 0 0 0 0 0 0 0 0 0 0 0 0 0 0 0 0 0 0 0 0 0 0 0 0 0 0 1 0 1 1 0 2 2 4 0 2 2 0 2 2 2 2 2 2 1 3 1 0 0 1 0 1 1 2 2 3 2 1 1 6 4 2 4 2 1 2 6 3 0 1 4 5 3 2 3 1 2 3 2 1 3 0 1 1 2 0 3 2 2 1 2 1 2 1 1 1 2 2 1 2 0 0 0 0 0 0 0 0 0 0 0 0 0 0 0 0 0 0 0 0 0 0 0 0 0 0 0 0 0 0 0 0 0 0 0 0 0 0 0 0 0 0 0 0 0 0 0 0 0 0 0 0 0 0 0 0 0 0 0 0 0 0 0 0 0 0 0 0 0 0 0 0 0 0 0 0 0 0 0 0 0 0 0 0 0 0 0 0 0 0 0 0 0 0 
0 0 0 0 0 0 0 0 0 0 0 0 0 0 0 0 0 0 0 0 0 0 0 0 0 0 0 0 0 0 0 0 0 0 0 0 0 0 0 0 0 0 0 0 0 0 0 0 0 0 0 0 0 0 0 0 0 0 0 0 0 0 0 0 0 0 0 0 0 0 0 0 0 0 0 0 0 0 0 0 0 0 0 0 0 0 0 0 2 0 0 3 0 2 1 3 1 3 1 1 2 0 0 1 2 0 0 3 1 0 0 0 1 1 0 1 3 3 1 6 2 3 3 4 1 1 2 1 3 2 5 2 4 1 0 3 1 5 1 2 2 1 4 3 1 2 1 0 1 1 0 2 1 0 2 1 3 0 0 0 0 1 1 0 0 0 0 0 0 0 0 0 0 0 0 0 0 0 0 0 0 0 0 0 0 0 0 0 0 0 0 0 0 0 0 0 0 0 0 0 0 0 0 0 0 0 0 0 0 0 0 0 0 0 0 0 0 0 0 0 0 0 0 0 0 0 0 0 0 0 0 0 0 0 0 0 0 0 0 0 0 0 0 0 0 0 0 0 0 0 0 0 0 0 0 0 
0 0 0 0 0 0 0 0 0 0 0 0 0 0 0 0 0 0 0 0 0 0 0 0 0 0 0 0 0 0 0 0 0 0 0 0 0 0 0 0 0 0 0 0 0 0 0 0 0 0 0 0 0 0 0 0 0 0 0 0 0 0 0 0 0 0 0 0 0 0 0 0 0 0 0 0 0 0 0 0 0 0 0 0 0 0 0 0 0 0 0 2 4 2 1 2 2 1 3 3 0 3 1 2 0 0 1 2 0 0 0 1 1 0 0 1 0 0 4 0 1 2 1 2 2 6 2 2 3 4 3 5 1 2 3 2 1 1 0 2 0 2 3 2 3 0 2 6 4 1 0 0 1 3 2 2 2 2 1 0 0 2 1 0 0 0 0 0 0 0 0 0 0 0 0 0 0 0 0 0 0 0 0 0 0 0 0 0 0 0 0 0 0 0 0 0 0 0 0 0 0 0 0 0 0 0 0 0 0 0 0 0 0 0 0 0 0 0 0 0 0 0 0 0 0 0 0 0 0 0 0 0 0 0 0 0 0 0 0 0 0 0 0 0 0 0 0 0 0 0 0 0 0 0 0 0 
0 0 0 0 0 0 0 0 0 0 0 0 0 0 0 0 0 0 0 0 0 0 0 0 0 0 0 0 0 0 0 0 0 0 0 0 0 0 0 0 0 0 0 0 0 0 0 0 0 0 0 0 0 0 0 0 0 0 0 0 0 0 0 0 0 0 0 0 0 0 0 0 0 0 0 0 0 0 0 0 0 0 0 0 0 0 0 0 0 0 1 2 2 0 3 2 0 1 2 0 5 2 5 2 0 0 0 1 0 1 0 0 2 4 0 2 3 5 6 3 4 6 4 3 1 2 3 3 4 4 4 3 5 5 6 4 2 3 3 3 2 6 5 0 4 2 1 1 0 1 5 3 4 3 1 4 1 0 2 1 0 1 0 1 0 0 0 0 0 0 0 0 0 0 0 0 0 0 0 0 0 0 0 0 0 0 0 0 0 0 0 0 0 0 0 0 0 0 0 0 0 0 0 0 0 0 0 0 0 0 0 0 0 0 0 0 0 0 0 0 0 0 0 0 0 0 0 0 0 0 0 0 0 0 0 0 0 0 0 0 0 0 0 0 0 0 0 0 0 0 0 0 0 0 0 0 
0 0 0 0 0 0 0 0 0 0 0 0 0 0 0 0 0 0 0 0 0 0 0 0 0 0 0 0 0 0 0 0 0 0 0 0 0 0 0 0 0 0 0 0 0 0 0 0 0 0 0 0 0 0 0 0 0 0 0 0 0 0 0 0 0 0 0 0 0 0 0 0 0 0 0 0 0 0 0 0 0 0 0 0 0 0 0 0 1 0 1 0 0 5 1 1 1 1 1 5 3 3 1 0 1 0 1 0 0 2 0 4 1 0 1 0 2 4 2 3 4 5 1 2 4 3 3 4 2 0 4 1 2 2 3 3 3 7 1 4 3 5 2 1 2 4 1 1 2 4 2 2 4 1 5 0 2 0 3 1 1 3 0 0 0 0 0 0 0 0 0 0 0 0 0 0 0 0 0 0 0 0 0 0 0 0 0 0 0 0 0 0 0 0 0 0 0 0 0 0 0 0 0 0 0 0 0 0 0 0 0 0 0 0 0 0 0 0 0 0 0 0 0 0 0 0 0 0 0 0 0 0 0 0 0 0 0 0 0 0 0 0 0 0 0 0 0 0 0 0 0 0 0 0 0 0 
0 0 0 0 0 0 0 0 0 0 0 0 0 0 0 0 0 0 0 0 0 0 0 0 0 0 0 0 0 0 0 0 0 0 0 0 0 0 0 0 0 0 0 0 0 0 0 0 0 0 0 0 0 0 0 0 0 0 0 0 0 0 0 0 0 0 0 0 0 0 0 0 0 0 0 0 0 0 0 0 0 0 0 0 0 0 0 1 1 0 1 2 2 1 1 3 3 0 1 3 1 3 2 3 3 2 1 1 2 1 1 0 0 0 1 1 5 1 3 0 3 5 1 2 6 6 5 6 3 1 4 3 3 2 2 2 5 4 4 2 4 2 7 4 0 0 4 1 1 2 5 3 2 1 5 3 2 4 2 0 1 2 3 0 0 0 0 0 0 0 0 0 0 0 0 0 0 0 0 0 0 0 0 0 0 0 0 0 0 0 0 0 0 0 0 0 0 0 0 0 0 0 0 0 0 0 0 0 0 0 0 0 0 0 0 0 0 0 0 0 0 0 0 0 0 0 0 0 0 0 0 0 0 0 0 0 0 0 0 0 0 0 0 0 0 0 0 0 0 0 0 0 0 0 0 0 
0 0 0 0 0 0 0 0 0 0 0 0 0 0 0 0 0 0 0 0 0 0 0 0 0 0 0 0 0 0 0 0 0 0 0 0 0 0 0 0 0 0 0 0 0 0 0 0 0 0 0 0 0 0 0 0 0 0 0 0 0 0 0 0 0 0 0 0 0 0 0 0 0 0 0 0 0 0 0 0 0 0 0 0 0 0 0 0 0 1 1 0 1 2 1 0 2 3 1 0 2 3 1 1 1 0 0 1 2 0 0 0 2 3 1 2 1 2 6 4 2 2 5 3 1 1 3 1 2 1 3 3 3 4 4 6 3 5 9 0 1 2 1 5 4 1 1 2 2 0 1 5 3 3 1 3 3 3 2 2 2 1 1 0 0 0 0 0 0 0 0 0 0 0 0 0 0 0 0 0 0 0 0 0 0 0 0 0 0 0 0 0 0 0 0 0 0 0 0 0 0 0 0 0 0 0 0 0 0 0 0 0 0 0 0 0 0 0 0 0 0 0 0 0 0 0 0 0 0 0 0 0 0 0 0 0 0 0 0 0 0 0 0 0 0 0 0 0 0 0 0 0 0 0 0 0 
0 0 0 0 0 0 0 0 0 0 0 0 0 0 0 0 0 0 0 0 0 0 0 0 0 0 0 0 0 0 0 0 0 0 0 0 0 0 0 0 0 0 0 0 0 0 0 0 0 0 0 0 0 0 0 0 0 0 0 0 0 0 0 0 0 0 0 0 0 0 0 0 0 0 0 0 0 0 0 0 0 0 0 0 0 0 0 0 0 0 1 4 0 1 0 2 2 2 4 3 1 1 2 1 1 3 3 2 1 1 1 1 5 2 2 1 2 2 2 2 4 3 2 0 1 4 6 5 0 4 3 3 5 4 4 5 6 5 6 4 3 4 3 5 1 4 2 7 1 3 1 4 2 4 3 1 1 2 2 4 1 0 3 0 0 0 0 0 0 0 0 0 0 0 0 0 0 0 0 0 0 0 0 0 0 0 0 0 0 0 0 0 0 0 0 0 0 0 0 0 0 0 0 0 0 0 0 0 0 0 0 0 0 0 0 0 0 0 0 0 0 0 0 0 0 0 0 0 0 0 0 0 0 0 0 0 0 0 0 0 0 0 0 0 0 0 0 0 0 0 0 0 0 0 0 0 
0 0 0 0 0 0 0 0 0 0 0 0 0 0 0 0 0 0 0 0 0 0 0 0 0 0 0 0 0 0 0 0 0 0 0 0 0 0 0 0 0 0 0 0 0 0 0 0 0 0 0 0 0 0 0 0 0 0 0 0 0 0 0 0 0 0 0 0 0 0 0 0 0 0 0 0 0 0 0 0 0 0 0 0 0 0 0 0 0 2 1 2 2 1 4 0 1 3 2 3 2 2 4 0 0 0 1 0 1 2 0 3 4 1 1 1 2 3 6 2 4 5 4 1 3 3 3 1 1 4 4 5 2 1 5 3 6 7 4 5 4 2 5 4 2 3 2 1 2 1 5 1 3 3 3 1 5 2 1 0 1 0 1 0 0 0 0 0 0 0 0 0 0 0 0 0 0 0 0 0 0 0 0 0 0 0 0 0 0 0 0 0 0 0 0 0 0 0 0 0 0 0 0 0 0 0 0 0 0 0 0 0 0 0 0 0 0 0 0 0 0 0 0 0 0 0 0 0 0 0 0 0 0 0 0 0 0 0 0 0 0 0 0 0 0 0 0 0 0 0 0 0 0 0 0 0 
0 0 0 0 0 0 0 0 0 0 0 0 0 0 0 0 0 0 0 0 0 0 0 0 0 0 0 0 0 0 0 0 0 0 0 0 0 0 0 0 0 0 0 0 0 0 0 0 0 0 0 0 0 0 0 0 0 0 0 0 0 0 0 0 0 0 0 0 0 0 0 0 0 0 0 0 0 0 0 0 0 0 0 0 0 0 0 0 0 0 3 1 1 2 2 3 3 1 3 4 3 3 3 1 0 1 2 0 0 1 0 1 2 2 0 0 4 5 5 2 3 1 2 3 5 5 1 3 4 3 7 1 3 4 3 9 5 5 3 3 3 4 7 3 5 2 3 2 1 2 0 2 6 1 5 3 2 3 1 1 1 2 0 1 0 0 0 0 0 0 0 0 0 0 0 0 0 0 0 0 0 0 0 0 0 0 0 0 0 0 0 0 0 0 0 0 0 0 0 0 0 0 0 0 0 0 0 0 0 0 0 0 0 0 0 0 0 0 0 0 0 0 0 0 0 0 0 0 0 0 0 0 0 0 0 0 0 0 0 0 0 0 0 0 0 0 0 0 0 0 0 0 0 0 0 0 
0 0 0 0 0 0 0 0 0 0 0 0 0 0 0 0 0 0 0 0 0 0 0 0 0 0 0 0 0 0 0 0 0 0 0 0 0 0 0 0 0 0 0 0 0 0 0 0 0 0 0 0 0 0 0 0 0 0 0 0 0 0 0 0 0 0 0 0 0 0 0 0 0 0 0 0 0 0 0 0 0 0 0 0 0 0 0 0 1 2 3 1 1 3 7 4 2 1 1 3 3 4 0 0 0 1 1 1 1 2 1 1 0 0 2 2 2 2 2 3 3 4 2 1 1 8 2 4 3 5 4 4 3 2 0 2 3 6 0 5 3 7 3 0 1 1 4 2 2 1 3 3 5 4 1 0 1 1 0 2 2 0 1 0 0 0 0 0 0 0 0 0 0 0 0 0 0 0 0 0 0 0 0 0 0 0 0 0 0 0 0 0 0 0 0 0 0 0 0 0 0 0 0 0 0 0 0 0 0 0 0 0 0 0 0 0 0 0 0 0 0 0 0 0 0 0 0 0 0 0 0 0 0 0 0 0 0 0 0 0 0 0 0 0 0 0 0 0 0 0 0 0 0 0 0 0 
0 0 0 0 0 0 0 0 0 0 0 0 0 0 0 0 0 0 0 0 0 0 0 0 0 0 0 0 0 0 0 0 0 0 0 0 0 0 0 0 0 0 0 0 0 0 0 0 0 0 0 0 0 0 0 0 0 0 0 0 0 0 0 0 0 0 0 0 0 0 0 0 0 0 0 0 0 0 0 0 0 0 0 0 0 0 0 0 0 0 0 0 2 2 1 2 1 4 1 4 4 1 3 3 0 0 0 0 0 0 2 1 2 3 2 0 1 2 2 5 4 6 5 2 2 5 7 3 3 6 3 1 3 2 8 3 2 4 7 3 3 2 4 4 1 6 2 2 1 4 2 6 5 1 1 5 0 3 0 1 3 0 0 0 0 0 0 0 0 0 0 0 0 0 0 0 0 0 0 0 0 0 0 0 0 0 0 0 0 0 0 0 0 0 0 0 0 0 0 0 0 0 0 0 0 0 0 0 0 0 0 0 0 0 0 0 0 0 0 0 0 0 0 0 0 0 0 0 0 0 0 0 0 0 0 0 0 0 0 0 0 0 0 0 0 0 0 0 0 0 0 0 0 0 0 0 
0 0 0 0 0 0 0 0 0 0 0 0 0 0 0 0 0 0 0 0 0 0 0 0 0 0 0 0 0 0 0 0 0 0 0 0 0 0 0 0 0 0 0 0 0 0 0 0 0 0 0 0 0 0 0 0 0 0 0 0 0 0 0 0 0 0 0 0 0 0 0 0 0 0 0 0 0 0 0 0 0 0 0 0 0 0 0 0 0 0 2 2 3 3 4 2 3 2 2 4 2 0 2 1 0 4 0 0 0 1 0 2 4 1 2 1 3 2 3 3 5 2 3 4 4 4 3 3 1 4 3 5 1 5 3 5 1 5 4 4 3 3 1 2 1 1 1 1 3 2 1 6 2 4 2 1 2 3 1 3 0 0 1 0 0 0 0 0 0 0 0 0 0 0 0 0 0 0 0 0 0 0 0 0 0 0 0 0 0 0 0 0 0 0 0 0 0 0 0 0 0 0 0 0 0 0 0 0 0 0 0 0 0 0 0 0 0 0 0 0 0 0 0 0 0 0 0 0 0 0 0 0 0 0 0 0 0 0 0 0 0 0 0 0 0 0 0 0 0 0 0 0 0 0 0 0 
0 0 0 0 0 0 0 0 0 0 0 0 0 0 0 0 0 0 0 0 0 0 0 0 0 0 0 0 0 0 0 0 0 0 0 0 0 0 0 0 0 0 0 0 0 0 0 0 0 0 0 0 0 0 0 0 0 0 0 0 0 0 0 0 0 0 0 0 0 0 0 0 0 0 0 0 0 0 0 0 0 0 0 0 0 0 0 0 0 1 2 0 0 2 1 3 4 2 5 1 2 2 2 0 4 2 1 0 0 1 1 0 0 1 3 5 2 4 3 8 4 8 5 7 6 1 6 2 6 5 4 1 5 3 4 6 3 8 3 4 1 3 3 0 0 4 4 3 3 2 4 1 3 3 4 1 3 3 1 1 0 0 0 0 0 0 0 0 0 0 0 0 0 0 0 0 0 0 0 0 0 0 0 0 0 0 0 0 0 0 0 0 0 0 0 0 0 0 0 0 0 0 0 0 0 0 0 0 0 0 0 0 0 0 0 0 0 0 0 0 0 0 0 0 0 0 0 0 0 0 0 0 0 0 0 0 0 0 0 0 0 0 0 0 0 0 0 0 0 0 0 0 0 0 0 0 
0 0 0 0 0 0 0 0 0 0 0 0 0 0 0 0 0 0 0 0 0 0 0 0 0 0 0 0 0 0 0 0 0 0 0 0 0 0 0 0 0 0 0 0 0 0 0 0 0 0 0 0 0 0 0 0 0 0 0 0 0 0 0 0 0 0 0 0 0 0 0 0 0 0 0 0 0 0 0 0 0 0 0 0 0 0 0 1 2 1 0 2 1 2 2 3 0 2 4 2 4 3 2 2 0 2 2 2 0 0 1 0 2 3 1 4 2 1 0 3 3 1 3 5 4 2 3 7 8 3 3 4 8 3 3 5 3 0 4 5 6 4 2 4 4 3 5 2 4 8 1 2 4 0 3 3 3 3 0 2 2 0 0 0 0 0 0 0 0 0 0 0 0 0 0 0 0 0 0 0 0 0 0 0 0 0 0 0 0 0 0 0 0 0 0 0 0 0 0 0 0 0 0 0 0 0 0 0 0 0 0 0 0 0 0 0 0 0 0 0 0 0 0 0 0 0 0 0 0 0 0 0 0 0 0 0 0 0 0 0 0 0 0 0 0 0 0 0 0 0 0 0 0 0 0 0 
0 0 0 0 0 0 0 0 0 0 0 0 0 0 0 0 0 0 0 0 0 0 0 0 0 0 0 0 0 0 0 0 0 0 0 0 0 0 0 0 0 0 0 0 0 0 0 0 0 0 0 0 0 0 0 0 0 0 0 0 0 0 0 0 0 0 0 0 0 0 0 0 0 0 0 0 0 0 0 0 0 0 0 0 0 0 0 0 0 0 1 2 1 0 1 3 4 1 3 0 2 0 2 0 2 0 0 0 1 0 0 1 2 2 2 2 6 1 2 2 6 0 3 5 2 0 5 2 1 4 5 3 3 4 3 6 3 5 4 5 2 4 3 3 5 2 1 2 1 1 0 4 2 0 2 1 4 1 0 1 1 1 1 0 0 0 0 0 0 0 0 0 0 0 0 0 0 0 0 0 0 0 0 0 0 0 0 0 0 0 0 0 0 0 0 0 0 0 0 0 0 0 0 0 0 0 0 0 0 0 0 0 0 0 0 0 0 0 0 0 0 0 0 0 0 0 0 0 0 0 0 0 0 0 0 0 0 0 0 0 0 0 0 0 0 0 0 0 0 0 0 0 0 0 0 0 
0 0 0 0 0 0 0 0 0 0 0 0 0 0 0 0 0 0 0 0 0 0 0 0 0 0 0 0 0 0 0 0 0 0 0 0 0 0 0 0 0 0 0 0 0 0 0 0 0 0 0 0 0 0 0 0 0 0 0 0 0 0 0 0 0 0 0 0 0 0 0 0 0 0 0 0 0 0 0 0 0 0 0 0 0 0 0 1 0 0 0 0 3 2 1 2 0 2 6 2 2 2 4 1 1 1 0 2 1 0 0 0 0 2 1 1 2 3 5 4 5 4 3 3 5 5 0 2 1 7 6 3 3 3 3 6 3 3 3 6 2 3 7 3 3 0 2 4 1 0 2 1 3 1 0 0 1 1 0 2 1 1 0 0 0 0 0 0 0 0 0 0 0 0 0 0 0 0 0 0 0 0 0 0 0 0 0 0 0 0 0 0 0 0 0 0 0 0 0 0 0 0 0 0 0 0 0 0 0 0 0 0 0 0 0 0 0 0 0 0 0 0 0 0 0 0 0 0 0 0 0 0 0 0 0 0 0 0 0 0 0 0 0 0 0 0 0 0 0 0 0 0 0 0 0 0 
0 0 0 0 0 0 0 0 0 0 0 0 0 0 0 0 0 0 0 0 0 0 0 0 0 0 0 0 0 0 0 0 0 0 0 0 0 0 0 0 0 0 0 0 0 0 0 0 0 0 0 0 0 0 0 0 0 0 0 0 0 0 0 0 0 0 0 0 0 0 0 0 0 0 0 0 0 0 0 0 0 0 0 0 0 0 0 1 1 0 1 1 3 2 3 1 3 1 5 2 2 1 3 1 0 0 2 2 2 0 2 2 3 4 1 1 5 2 3 0 4 2 4 3 1 0 1 5 7 4 5 5 4 3 2 1 4 2 6 1 3 4 3 2 1 3 2 2 1 3 1 3 0 4 4 2 0 2 1 1 0 2 1 1 0 0 0 0 0 0 0 0 0 0 0 0 0 0 0 0 0 0 0 0 0 0 0 0 0 0 0 0 0 0 0 0 0 0 0 0 0 0 0 0 0 0 0 0 0 0 0 0 0 0 0 0 0 0 0 0 0 0 0 0 0 0 0 0 0 0 0 0 0 0 0 0 0 0 0 0 0 0 0 0 0 0 0 0 0 0 0 0 0 0 0 0 
0 0 0 0 0 0 0 0 0 0 0 0 0 0 0 0 0 0 0 0 0 0 0 0 0 0 0 0 0 0 0 0 0 0 0 0 0 0 0 0 0 0 0 0 0 0 0 0 0 0 0 0 0 0 0 0 0 0 0 0 0 0 0 0 0 0 0 0 0 0 0 0 0 0 0 0 0 0 0 0 0 0 0 0 0 0 0 0 1 0 0 0 1 1 0 4 0 1 0 2 1 1 3 3 1 2 3 1 1 0 3 0 2 1 1 2 2 3 4 3 2 1 5 2 2 3 4 8 7 2 3 1 4 1 1 1 3 4 2 4 4 1 8 4 2 2 3 1 4 1 7 2 3 2 2 3 0 2 1 2 3 0 0 0 0 0 0 0 0 0 0 0 0 0 0 0 0 0 0 0 0 0 0 0 0 0 0 0 0 0 0 0 0 0 0 0 0 0 0 0 0 0 0 0 0 0 0 0 0 0 0 0 0 0 0 0 0 0 0 0 0 0 0 0 0 0 0 0 0 0 0 0 0 0 0 0 0 0 0 0 0 0 0 0 0 0 0 0 0 0 0 0 0 0 0 0 
0 0 0 0 0 0 0 0 0 0 0 0 0 0 0 0 0 0 0 0 0 0 0 0 0 0 0 0 0 0 0 0 0 0 0 0 0 0 0 0 0 0 0 0 0 0 0 0 0 0 0 0 0 0 0 0 0 0 0 0 0 0 0 0 0 0 0 0 0 0 0 0 0 0 0 0 0 0 0 0 0 0 0 0 0 0 0 1 1 0 2 0 2 1 6 1 4 1 3 6 3 0 1 1 0 1 1 2 0 2 4 3 2 3 2 4 3 6 4 4 3 3 7 7 5 10 2 2 2 1 3 5 2 7 0 6 5 2 5 5 7 1 3 9 1 3 1 2 3 3 3 2 3 6 1 3 4 3 1 3 0 4 0 1 0 0 0 0 0 0 0 0 0 0 0 0 0 0 0 0 0 0 0 0 0 0 0 0 0 0 0 0 0 0 0 0 0 0 0 0 0 0 0 0 0 0 0 0 0 0 0 0 0 0 0 0 0 0 0 0 0 0 0 0 0 0 0 0 0 0 0 0 0 0 0 0 0 0 0 0 0 0 0 0 0 0 0 0 0 0 0 0 0 0 0 0 
0 0 0 0 0 0 0 0 0 0 0 0 0 0 0 0 0 0 0 0 0 0 0 0 0 0 0 0 0 0 0 0 0 0 0 0 0 0 0 0 0 0 0 0 0 0 0 0 0 0 0 0 0 0 0 0 0 0 0 0 0 0 0 0 0 0 0 0 0 0 0 0 0 0 0 0 0 0 0 0 0 0 0 0 0 0 0 0 0 4 0 1 1 3 7 0 0 1 0 2 3 4 2 0 1 2 0 0 0 2 2 3 1 2 2 5 3 3 4 5 3 4 6 3 6 5 1 6 1 3 2 4 6 5 4 3 3 4 6 6 3 5 6 5 1 3 4 2 1 2 1 2 3 4 3 4 3 0 0 2 1 1 0 0 0 0 0 0 0 0 0 0 0 0 0 0 0 0 0 0 0 0 0 0 0 0 0 0 0 0 0 0 0 0 0 0 0 0 0 0 0 0 0 0 0 0 0 0 0 0 0 0 0 0 0 0 0 0 0 0 0 0 0 0 0 0 0 0 0 0 0 0 0 0 0 0 0 0 0 0 0 0 0 0 0 0 0 0 0 0 0 0 0 0 0 0 
0 0 0 0 0 0 0 0 0 0 0 0 0 0 0 0 0 0 0 0 0 0 0 0 0 0 0 0 0 0 0 0 0 0 0 0 0 0 0 0 0 0 0 0 0 0 0 0 0 0 0 0 0 0 0 0 0 0 0 0 0 0 0 0 0 0 0 0 0 0 0 0 0 0 0 0 0 0 0 0 0 0 0 0 0 0 0 0 0 0 1 1 2 3 3 7 0 3 2 3 2 1 0 1 2 1 2 1 3 1 1 1 0 3 5 1 1 3 2 3 6 6 3 3 3 4 2 2 4 3 4 0 6 6 3 6 6 2 7 5 6 4 2 3 2 1 3 7 4 4 7 4 4 1 3 3 4 3 1 2 1 1 0 0 0 0 0 0 0 0 0 0 0 0 0 0 0 0 0 0 0 0 0 0 0 0 0 0 0 0 0 0 0 0 0 0 0 0 0 0 0 0 0 0 0 0 0 0 0 0 0 0 0 0 0 0 0 0 0 0 0 0 0 0 0 0 0 0 0 0 0 0 0 0 0 0 0 0 0 0 0 0 0 0 0 0 0 0 0 0 0 0 0 0 0 0 
0 0 0 0 0 0 0 0 0 0 0 0 0 0 0 0 0 0 0 0 0 0 0 0 0 0 0 0 0 0 0 0 0 0 0 0 0 0 0 0 0 0 0 0 0 0 0 0 0 0 0 0 0 0 0 0 0 0 0 0 0 0 0 0 0 0 0 0 0 0 0 0 0 0 0 0 0 0 0 0 0 0 0 0 0 0 0 0 0 2 0 1 3 2 1 3 3 2 2 4 4 2 3 1 1 2 0 1 2 0 1 1 0 1 4 1 4 2 3 4 1 4 3 6 5 5 1 5 0 4 2 2 8 7 5 0 4 1 8 4 3 4 8 5 0 4 3 6 4 2 5 5 3 3 5 1 3 1 2 2 2 2 0 1 0 0 0 0 0 0 0 0 0 0 0 0 0 0 0 0 0 0 0 0 0 0 0 0 0 0 0 0 0 0 0 0 0 0 0 0 0 0 0 0 0 0 0 0 0 0 0 0 0 0 0 0 0 0 0 0 0 0 0 0 0 0 0 0 0 0 0 0 0 0 0 0 0 0 0 0 0 0 0 0 0 0 0 0 0 0 0 0 0 0 0 0 
0 0 0 0 0 0 0 0 0 0 0 0 0 0 0 0 0 0 0 0 0 0 0 0 0 0 0 0 0 0 0 0 0 0 0 0 0 0 0 0 0 0 0 0 0 0 0 0 0 0 0 0 0 0 0 0 0 0 0 0 0 0 0 0 0 0 0 0 0 0 0 0 0 0 0 0 0 0 0 0 0 0 0 0 0 0 0 1 0 0 3 0 4 2 4 4 3 3 3 2 1 4 2 2 1 0 0 2 1 0 1 0 2 4 4 2 2 2 3 2 5 0 4 6 2 4 2 3 4 5 4 5 5 3 3 4 4 7 3 7 2 7 8 4 0 4 3 3 5 1 6 6 2 2 1 1 4 0 2 1 0 1 0 1 1 0 0 0 0 0 0 0 0 0 0 0 0 0 0 0 0 0 0 0 0 0 0 0 0 0 0 0 0 0 0 0 0 0 0 0 0 0 0 0 0 0 0 0 0 0 0 0 0 0 0 0 0 0 0 0 0 0 0 0 0 0 0 0 0 0 0 0 0 0 0 0 0 0 0 0 0 0 0 0 0 0 0 0 0 0 0 0 0 0 0 0 
0 0 0 0 0 0 0 0 0 0 0 0 0 0 0 0 0 0 0 0 0 0 0 0 0 0 0 0 0 0 0 0 0 0 0 0 0 0 0 0 0 0 0 0 0 0 0 0 0 0 0 0 0 0 0 0 0 0 0 0 0 0 0 0 0 0 0 0 0 0 0 0 0 0 0 0 0 0 0 0 0 0 0 0 0 0 0 0 1 0 0 1 0 3 2 2 2 3 3 3 1 4 1 0 3 0 1 0 1 1 3 0 2 1 5 1 4 4 7 0 4 5 3 3 4 3 3 5 9 2 3 3 3 4 3 7 3 4 3 2 3 6 8 2 3 2 3 3 1 2 2 3 1 1 3 2 0 3 3 0 2 2 0 0 0 0 0 0 0 0 0 0 0 0 0 0 0 0 0 0 0 0 0 0 0 0 0 0 0 0 0 0 0 0 0 0 0 0 0 0 0 0 0 0 0 0 0 0 0 0 0 0 0 0 0 0 0 0 0 0 0 0 0 0 0 0 0 0 0 0 0 0 0 0 0 0 0 0 0 0 0 0 0 0 0 0 0 0 0 0 0 0 0 0 0 0 
0 0 0 0 0 0 0 0 0 0 0 0 0 0 0 0 0 0 0 0 0 0 0 0 0 0 0 0 0 0 0 0 0 0 0 0 0 0 0 0 0 0 0 0 0 0 0 0 0 0 0 0 0 0 0 0 0 0 0 0 0 0 0 0 0 0 0 0 0 0 0 0 0 0 0 0 0 0 0 0 0 0 0 0 0 0 0 0 0 2 1 0 2 2 5 2 4 1 4 5 3 4 5 1 1 1 2 3 2 0 3 1 3 3 2 4 5 3 3 4 3 6 4 5 8 4 2 6 4 3 3 2 6 0 6 4 6 6 2 8 1 3 2 4 4 0 4 4 2 1 0 2 2 2 2 3 4 3 0 1 2 1 0 0 0 0 0 0 0 0 0 0 0 0 0 0 0 0 0 0 0 0 0 0 0 0 0 0 0 0 0 0 0 0 0 0 0 0 0 0 0 0 0 0 0 0 0 0 0 0 0 0 0 0 0 0 0 0 0 0 0 0 0 0 0 0 0 0 0 0 0 0 0 0 0 0 0 0 0 0 0 0 0 0 0 0 0 0 0 0 0 0 0 0 0 0 
0 0 0 0 0 0 0 0 0 0 0 0 0 0 0 0 0 0 0 0 0 0 0 0 0 0 0 0 0 0 0 0 0 0 0 0 0 0 0 0 0 0 0 0 0 0 0 0 0 0 0 0 0 0 0 0 0 0 0 0 0 0 0 0 0 0 0 0 0 0 0 0 0 0 0 0 0 0 0 0 0 0 0 0 0 0 0 1 0 1 1 0 4 5 4 2 1 0 2 0 1 3 0 0 1 2 0 1 1 0 1 1 4 0 2 0 3 4 3 5 0 2 2 7 3 3 1 2 4 2 9 5 3 6 3 8 7 4 4 3 3 4 2 2 2 2 3 2 5 3 1 5 7 3 6 1 3 3 2 1 0 0 0 0 0 0 0 0 0 0 0 0 0 0 0 0 0 0 0 0 0 0 0 0 0 0 0 0 0 0 0 0 0 0 0 0 0 0 0 0 0 0 0 0 0 0 0 0 0 0 0 0 0 0 0 0 0 0 0 0 0 0 0 0 0 0 0 0 0 0 0 0 0 0 0 0 0 0 0 0 0 0 0 0 0 0 0 0 0 0 0 0 0 0 0 0 
0 0 0 0 0 0 0 0 0 0 0 0 0 0 0 0 0 0 0 0 0 0 0 0 0 0 0 0 0 0 0 0 0 0 0 0 0 0 0 0 0 0 0 0 0 0 0 0 0 0 0 0 0 0 0 0 0 0 0 0 0 0 0 0 0 0 0 0 0 0 0 0 0 0 0 0 0 0 0 0 0 0 0 0 0 0 0 0 1 0 0 3 3 4 1 1 5 4 2 2 4 2 2 1 1 0 1 0 1 0 1 2 3 4 2 5 1 3 2 6 2 5 5 4 5 4 10 2 1 2 8 3 9 1 7 2 1 5 8 4 2 4 3 4 2 7 0 3 0 3 6 4 3 3 2 1 3 3 3 1 2 1 1 0 0 0 0 0 0 0 0 0 0 0 0 0 0 0 0 0 0 0 0 0 0 0 0 0 0 0 0 0 0 0 0 0 0 0 0 0 0 0 0 0 0 0 0 0 0 0 0 0 0 0 0 0 0 0 0 0 0 0 0 0 0 0 0 0 0 0 0 0 0 0 0 0 0 0 0 0 0 0 0 0 0 0 0 0 0 0 0 0 0 0 0 0 
0 0 0 0 0 0 0 0 0 0 0 0 0 0 0 0 0 0 0 0 0 0 0 0 0 0 0 0 0 0 0 0 0 0 0 0 0 0 0 0 0 0 0 0 0 0 0 0 0 0 0 0 0 0 0 0 0 0 0 0 0 0 0 0 0 0 0 0 0 0 0 0 0 0 0 0 0 0 0 0 0 0 0 0 0 0 0 0 0 0 0 1 6 5 4 2 2 6 3 1 1 2 3 0 1 1 2 0 1 0 1 1 0 4 3 2 4 2 3 2 4 3 6 4 3 2 1 3 3 8 4 5 3 5 4 2 3 6 10 2 2 4 7 5 4 3 2 1 2 4 3 3 4 3 1 4 6 1 3 2 3 1 0 0 0 0 0 0 0 0 0 0 0 0 0 0 0 0 0 0 0 0 0 0 0 0 0 0 0 0 0 0 0 0 0 0 0 0 0 0 0 0 0 0 0 0 0 0 0 0 0 0 0 0 0 0 0 0 0 0 0 0 0 0 0 0 0 0 0 0 0 0 0 0 0 0 0 0 0 0 0 0 0 0 0 0 0 0 0 0 0 0 0 0 0 0 
0 0 0 0 0 0 0 0 0 0 0 0 0 0 0 0 0 0 0 0 0 0 0 0 0 0 0 0 0 0 0 0 0 0 0 0 0 0 0 0 0 0 0 0 0 0 0 0 0 0 0 0 0 0 0 0 0 0 0 0 0 0 0 0 0 0 0 0 0 0 0 0 0 0 0 0 0 0 0 0 0 0 0 0 0 0 0 0 0 1 1 0 1 2 2 3 1 4 0 1 2 1 2 1 0 0 3 0 0 1 1 3 0 2 1 4 4 3 1 6 1 4 7 0 7 2 6 6 3 3 6 4 5 4 7 3 2 7 5 6 5 2 7 3 5 1 2 7 2 5 1 0 3 0 2 3 2 1 3 3 2 1 0 0 0 0 0 0 0 0 0 0 0 0 0 0 0 0 0 0 0 0 0 0 0 0 0 0 0 0 0 0 0 0 0 0 0 0 0 0 0 0 0 0 0 0 0 0 0 0 0 0 0 0 0 0 0 0 0 0 0 0 0 0 0 0 0 0 0 0 0 0 0 0 0 0 0 0 0 0 0 0 0 0 0 0 0 0 0 0 0 0 0 0 0 0 
0 0 0 0 0 0 0 0 0 0 0 0 0 0 0 0 0 0 0 0 0 0 0 0 0 0 0 0 0 0 0 0 0 0 0 0 0 0 0 0 0 0 0 0 0 0 0 0 0 0 0 0 0 0 0 0 0 0 0 0 0 0 0 0 0 0 0 0 0 0 0 0 0 0 0 0 0 0 0 0 0 0 0 0 0 0 0 0 0 2 2 2 1 2 2 5 0 4 6 1 2 1 1 1 2 0 3 3 1 3 1 1 2 2 1 3 2 4 2 4 4 5 3 2 4 4 5 4 4 4 3 5 11 6 3 5 7 3 5 6 4 6 5 5 3 4 2 2 2 3 1 1 3 3 1 1 0 0 2 1 0 0 1 0 0 0 0 0 0 0 0 0 0 0 0 0 0 0 0 0 0 0 0 0 0 0 0 0 0 0 0 0 0 0 0 0 0 0 0 0 0 0 0 0 0 0 0 0 0 0 0 0 0 0 0 0 0 0 0 0 0 0 0 0 0 0 0 0 0 0 0 0 0 0 0 0 0 0 0 0 0 0 0 0 0 0 0 0 0 0 0 0 0 0 0 0 
0 0 0 0 0 0 0 0 0 0 0 0 0 0 0 0 0 0 0 0 0 0 0 0 0 0 0 0 0 0 0 0 0 0 0 0 0 0 0 0 0 0 0 0 0 0 0 0 0 0 0 0 0 0 0 0 0 0 0 0 0 0 0 0 0 0 0 0 0 0 0 0 0 0 0 0 0 0 0 0 0 0 0 0 0 0 0 1 2 0 2 2 2 3 1 1 2 3 5 0 3 4 3 2 0 0 1 0 1 0 1 1 4 3 3 4 6 3 1 3 9 6 5 4 9 0 5 4 4 3 7 2 6 3 4 7 5 4 7 6 3 8 3 9 2 6 3 5 7 3 7 5 4 2 8 2 2 1 1 1 0 0 0 1 0 0 0 0 0 0 0 0 0 0 0 0 0 0 0 0 0 0 0 0 0 0 0 0 0 0 0 0 0 0 0 0 0 0 0 0 0 0 0 0 0 0 0 0 0 0 0 0 0 0 0 0 0 0 0 0 0 0 0 0 0 0 0 0 0 0 0 0 0 0 0 0 0 0 0 0 0 0 0 0 0 0 0 0 0 0 0 0 0 0 0 0 
0 0 0 0 0 0 0 0 0 0 0 0 0 0 0 0 0 0 0 0 0 0 0 0 0 0 0 0 0 0 0 0 0 0 0 0 0 0 0 0 0 0 0 0 0 0 0 0 0 0 0 0 0 0 0 0 0 0 0 0 0 0 0 0 0 0 0 0 0 0 0 0 0 0 0 0 0 0 0 0 0 0 0 0 0 0 0 0 1 1 0 1 1 4 3 0 2 2 5 3 2 4 1 3 0 0 3 2 1 2 1 2 2 2 4 2 5 2 1 5 1 6 3 4 6 3 8 6 10 3 3 5 3 9 6 7 1 3 7 2 4 5 1 3 3 3 4 3 2 4 1 4 1 1 3 2 1 2 1 2 3 2 0 1 1 0 0 0 0 0 0 0 0 0 0 0 0 0 0 0 0 0 0 0 0 0 0 0 0 0 0 0 0 0 0 0 0 0 0 0 0 0 0 0 0 0 0 0 0 0 0 0 0 0 0 0 0 0 0 0 0 0 0 0 0 0 0 0 0 0 0 0 0 0 0 0 0 0 0 0 0 0 0 0 0 0 0 0 0 0 0 0 0 0 0 0 
0 0 0 0 0 0 0 0 0 0 0 0 0 0 0 0 0 0 0 0 0 0 0 0 0 0 0 0 0 0 0 0 0 0 0 0 0 0 0 0 0 0 0 0 0 0 0 0 0 0 0 0 0 0 0 0 0 0 0 0 0 0 0 0 0 0 0 0 0 0 0 0 0 0 0 0 0 0 0 0 0 0 0 0 0 0 0 0 0 4 1 2 3 2 3 1 2 2 4 4 4 1 3 2 1 0 1 1 0 0 1 1 2 2 1 4 3 6 3 3 2 2 6 5 5 3 7 5 8 3 4 4 5 5 3 3 5 2 7 6 6 8 8 5 5 3 2 8 4 5 3 3 7 3 6 2 2 4 2 2 2 1 0 0 0 0 0 0 0 0 0 0 0 0 0 0 0 0 0 0 0 0 0 0 0 0 0 0 0 0 0 0 0 0 0 0 0 0 0 0 0 0 0 0 0 0 0 0 0 0 0 0 0 0 0 0 0 0 0 0 0 0 0 0 0 0 0 0 0 0 0 0 0 0 0 0 0 0 0 0 0 0 0 0 0 0 0 0 0 0 0 0 0 0 0 0 
0 0 0 0 0 0 0 0 0 0 0 0 0 0 0 0 0 0 0 0 0 0 0 0 0 0 0 0 0 0 0 0 0 0 0 0 0 0 0 0 0 0 0 0 0 0 0 0 0 0 0 0 0 0 0 0 0 0 0 0 0 0 0 0 0 0 0 0 0 0 0 0 0 0 0 0 0 0 0 0 0 0 0 0 0 0 0 0 0 1 2 0 2 1 1 0 1 2 4 3 4 2 0 1 3 2 3 2 3 0 0 1 1 2 3 3 7 3 4 4 4 10 5 4 1 5 0 4 4 4 5 5 7 3 6 4 3 4 5 5 7 3 7 6 2 2 4 2 3 0 1 0 5 4 3 2 2 3 1 3 3 0 2 0 0 0 0 0 0 0 0 0 0 0 0 0 0 0 0 0 0 0 0 0 0 0 0 0 0 0 0 0 0 0 0 0 0 0 0 0 0 0 0 0 0 0 0 0 0 0 0 0 0 0 0 0 0 0 0 0 0 0 0 0 0 0 0 0 0 0 0 0 0 0 0 0 0 0 0 0 0 0 0 0 0 0 0 0 0 0 0 0 0 0 0 0 
0 0 0 0 0 0 0 0 0 0 0 0 0 0 0 0 0 0 0 0 0 0 0 0 0 0 0 0 0 0 0 0 0 0 0 0 0 0 0 0 0 0 0 0 0 0 0 0 0 0 0 0 0 0 0 0 0 0 0 0 0 0 0 0 0 0 0 0 0 0 0 0 0 0 0 0 0 0 0 0 0 0 0 0 0 0 0 0 1 2 2 3 2 1 2 4 3 4 5 5 6 1 5 1 0 2 0 0 1 1 2 1 0 1 1 3 2 2 4 4 6 4 6 1 6 4 4 5 2 11 6 5 4 1 7 5 5 7 4 6 6 3 6 6 6 3 4 2 3 1 5 3 3 7 4 3 3 4 2 3 2 1 1 0 0 0 0 0 0 0 0 0 0 0 0 0 0 0 0 0 0 0 0 0 0 0 0 0 0 0 0 0 0 0 0 0 0 0 0 0 0 0 0 0 0 0 0 0 0 0 0 0 0 0 0 0 0 0 0 0 0 0 0 0 0 0 0 0 0 0 0 0 0 0 0 0 0 0 0 0 0 0 0 0 0 0 0 0 0 0 0 0 0 0 0 0 
0 0 0 0 0 0 0 0 0 0 0 0 0 0 0 0 0 0 0 0 0 0 0 0 0 0 0 0 0 0 0 0 0 0 0 0 0 0 0 0 0 0 0 0 0 0 0 0 0 0 0 0 0 0 0 0 0 0 0 0 0 0 0 0 0 0 0 0 0 0 0 0 0 0 0 0 0 0 0 0 0 0 0 0 0 0 0 0 2 3 2 3 3 1 4 2 1 1 4 4 6 4 4 2 1 2 2 1 0 0 0 1 4 0 5 7 3 3 8 6 4 4 3 3 6 1 5 5 6 4 6 3 8 9 1 3 3 7 12 3 8 3 5 2 5 6 2 3 4 2 3 1 2 4 2 3 4 3 2 1 1 2 0 0 0 0 0 0 0 0 0 0 0 0 0 0 0 0 0 0 0 0 0 0 0 0 0 0 0 0 0 0 0 0 0 0 0 0 0 0 0 0 0 0 0 0 0 0 0 0 0 0 0 0 0 0 0 0 0 0 0 0 0 0 0 0 0 0 0 0 0 0 0 0 0 0 0 0 0 0 0 0 0 0 0 0 0 0 0 0 0 0 0 0 0 0 
0 0 0 0 0 0 0 0 0 0 0 0 0 0 0 0 0 0 0 0 0 0 0 0 0 0 0 0 0 0 0 0 0 0 0 0 0 0 0 0 0 0 0 0 0 0 0 0 0 0 0 0 0 0 0 0 0 0 0 0 0 0 0 0 0 0 0 0 0 0 0 0 0 0 0 0 0 0 0 0 0 0 0 0 0 0 0 1 2 2 1 2 1 1 2 4 2 2 4 0 4 4 3 0 1 1 2 1 0 1 1 1 1 2 1 5 5 10 4 4 3 2 4 2 2 4 3 3 5 1 8 3 1 3 1 4 5 5 3 6 3 4 4 11 5 5 0 4 4 3 3 4 2 2 8 6 4 3 1 1 3 1 1 1 0 0 0 0 0 0 0 0 0 0 0 0 0 0 0 0 0 0 0 0 0 0 0 0 0 0 0 0 0 0 0 0 0 0 0 0 0 0 0 0 0 0 0 0 0 0 0 0 0 0 0 0 0 0 0 0 0 0 0 0 0 0 0 0 0 0 0 0 0 0 0 0 0 0 0 0 0 0 0 0 0 0 0 0 0 0 0 0 0 0 0 0 
0 0 0 0 0 0 0 0 0 0 0 0 0 0 0 0 0 0 0 0 0 0 0 0 0 0 0 0 0 0 0 0 0 0 0 0 0 0 0 0 0 0 0 0 0 0 0 0 0 0 0 0 0 0 0 0 0 0 0 0 0 0 0 0 0 0 0 0 0 0 0 0 0 0 0 0 0 0 0 0 0 0 0 0 0 0 0 1 1 2 1 2 2 3 2 3 5 3 5 6 2 3 2 3 0 1 1 1 0 0 1 1 2 5 0 2 0 3 4 2 6 2 3 4 4 4 3 5 2 5 5 3 6 4 5 3 5 6 6 7 8 3 3 2 5 3 9 5 2 4 3 4 3 4 7 3 5 2 0 0 4 0 0 0 0 0 0 0 0 0 0 0 0 0 0 0 0 0 0 0 0 0 0 0 0 0 0 0 0 0 0 0 0 0 0 0 0 0 0 0 0 0 0 0 0 0 0 0 0 0 0 0 0 0 0 0 0 0 0 0 0 0 0 0 0 0 0 0 0 0 0 0 0 0 0 0 0 0 0 0 0 0 0 0 0 0 0 0 0 0 0 0 0 0 0 0 
0 0 0 0 0 0 0 0 0 0 0 0 0 0 0 0 0 0 0 0 0 0 0 0 0 0 0 0 0 0 0 0 0 0 0 0 0 0 0 0 0 0 0 0 0 0 0 0 0 0 0 0 0 0 0 0 0 0 0 0 0 0 0 0 0 0 0 0 0 0 0 0 0 0 0 0 0 0 0 0 0 0 0 0 0 0 0 0 2 0 0 2 1 3 4 5 2 2 3 5 2 1 1 4 0 0 2 0 1 0 1 2 2 1 5 3 3 4 9 4 7 6 10 3 3 3 4 2 5 5 3 2 9 10 5 6 6 5 4 5 8 9 8 3 2 3 2 2 1 0 5 4 2 4 5 2 1 1 0 1 2 2 0 0 0 0 0 0 0 0 0 0 0 0 0 0 0 0 0 0 0 0 0 0 0 0 0 0 0 0 0 0 0 0 0 0 0 0 0 0 0 0 0 0 0 0 0 0 0 0 0 0 0 0 0 0 0 0 0 0 0 0 0 0 0 0 0 0 0 0 0 0 0 0 0 0 0 0 0 0 0 0 0 0 0 0 0 0 0 0 0 0 0 0 0 0 
0 0 0 0 0 0 0 0 0 0 0 0 0 0 0 0 0 0 0 0 0 0 0 0 0 0 0 0 0 0 0 0 0 0 0 0 0 0 0 0 0 0 0 0 0 0 0 0 0 0 0 0 0 0 0 0 0 0 0 0 0 0 0 0 0 0 0 0 0 0 0 0 0 0 0 0 0 0 0 0 0 0 0 0 0 0 0 0 1 2 2 1 4 4 1 3 2 3 4 2 0 2 1 3 2 1 0 2 0 1 0 0 1 2 0 7 3 3 2 3 4 3 2 3 7 3 5 4 7 3 3 4 5 5 0 4 2 7 11 3 6 5 5 5 5 4 5 3 1 1 3 3 3 1 6 3 3 1 0 2 0 1 0 0 0 0 0 0 0 0 0 0 0 0 0 0 0 0 0 0 0 0 0 0 0 0 0 0 0 0 0 0 0 0 0 0 0 0 0 0 0 0 0 0 0 0 0 0 0 0 0 0 0 0 0 0 0 0 0 0 0 0 0 0 0 0 0 0 0 0 0 0 0 0 0 0 0 0 0 0 0 0 0 0 0 0 0 0 0 0 0 0 0 0 0 0 
0 0 0 0 0 0 0 0 0 0 0 0 0 0 0 0 0 0 0 0 0 0 0 0 0 0 0 0 0 0 0 0 0 0 0 0 0 0 0 0 0 0 0 0 0 0 0 0 0 0 0 0 0 0 0 0 0 0 0 0 0 0 0 0 0 0 0 0 0 0 0 0 0 0 0 0 0 0 0 0 0 0 0 0 0 0 0 0 0 1 1 2 2 1 1 1 0 6 2 2 0 1 1 0 1 0 0 0 1 3 2 1 1 5 0 2 2 4 4 3 5 3 3 3 3 5 4 5 3 11 2 5 5 4 7 3 11 3 4 6 5 5 4 4 2 3 6 2 4 3 6 5 2 5 1 8 5 1 0 2 3 2 0 0 0 0 0 0 0 0 0 0 0 0 0 0 0 0 0 0 0 0 0 0 0 0 0 0 0 0 0 0 0 0 0 0 0 0 0 0 0 0 0 0 0 0 0 0 0 0 0 0 0 0 0 0 0 0 0 0 0 0 0 0 0 0 0 0 0 0 0 0 0 0 0 0 0 0 0 0 0 0 0 0 0 0 0 0 0 0 0 0 0 0 0 0 
0 0 0 0 0 0 0 0 0 0 0 0 0 0 0 0 0 0 0 0 0 0 0 0 0 0 0 0 0 0 0 0 0 0 0 0 0 0 0 0 0 0 0 0 0 0 0 0 0 0 0 0 0 0 0 0 0 0 0 0 0 0 0 0 0 0 0 0 0 0 0 0 0 0 0 0 0 0 0 0 0 0 0 0 0 0 0 0 1 1 1 2 2 1 0 3 1 2 1 4 5 3 2 1 3 1 1 1 0 1 0 0 1 3 3 1 3 6 1 10 2 4 9 3 2 1 5 7 5 5 7 5 7 1 2 2 11 8 7 3 5 3 4 6 4 2 3 2 3 1 2 6 3 6 4 4 1 2 2 4 0 0 1 0 0 0 0 0 0 0 0 0 0 0 0 0 0 0 0 0 0 0 0 0 0 0 0 0 0 0 0 0 0 0 0 0 0 0 0 0 0 0 0 0 0 0 0 0 0 0 0 0 0 0 0 0 0 0 0 0 0 0 0 0 0 0 0 0 0 0 0 0 0 0 0 0 0 0 0 0 0 0 0 0 0 0 0 0 0 0 0 0 0 0 0 0 
0 0 0 0 0 0 0 0 0 0 0 0 0 0 0 0 0 0 0 0 0 0 0 0 0 0 0 0 0 0 0 0 0 0 0 0 0 0 0 0 0 0 0 0 0 0 0 0 0 0 0 0 0 0 0 0 0 0 0 0 0 0 0 0 0 0 0 0 0 0 0 0 0 0 0 0 0 0 0 0 0 0 0 0 0 0 0 0 2 1 3 1 2 1 4 3 4 5 7 2 1 5 0 2 1 3 1 3 1 0 3 0 0 0 2 3 1 5 4 2 2 7 4 4 7 3 2 4 5 3 3 5 3 7 4 6 6 6 5 5 5 5 9 4 4 2 3 5 2 8 4 8 2 6 2 3 2 2 3 4 2 3 1 0 0 0 0 0 0 0 0 0 0 0 0 0 0 0 0 0 0 0 0 0 0 0 0 0 0 0 0 0 0 0 0 0 0 0 0 0 0 0 0 0 0 0 0 0 0 0 0 0 0 0 0 0 0 0 0 0 0 0 0 0 0 0 0 0 0 0 0 0 0 0 0 0 0 0 0 0 0 0 0 0 0 0 0 0 0 0 0 0 0 0 0 0 
0 0 0 0 0 0 0 0 0 0 0 0 0 0 0 0 0 0 0 0 0 0 0 0 0 0 0 0 0 0 0 0 0 0 0 0 0 0 0 0 0 0 0 0 0 0 0 0 0 0 0 0 0 0 0 0 0 0 0 0 0 0 0 0 0 0 0 0 0 0 0 0 0 0 0 0 0 0 0 0 0 0 0 0 0 0 0 0 1 1 0 2 3 0 2 6 3 3 3 3 2 1 1 1 2 3 0 1 1 2 0 1 4 3 3 4 4 2 4 6 1 4 4 5 12 6 3 4 11 7 4 6 7 8 6 6 6 4 9 9 5 2 6 3 2 4 4 1 4 1 1 0 2 3 3 2 3 3 1 2 2 0 0 1 1 0 0 0 0 0 0 0 0 0 0 0 0 0 0 0 0 0 0 0 0 0 0 0 0 0 0 0 0 0 0 0 0 0 0 0 0 0 0 0 0 0 0 0 0 0 0 0 0 0 0 0 0 0 0 0 0 0 0 0 0 0 0 0 0 0 0 0 0 0 0 0 0 0 0 0 0 0 0 0 0 0 0 0 0 0 0 0 0 0 0 0 
0 0 0 0 0 0 0 0 0 0 0 0 0 0 0 0 0 0 0 0 0 0 0 0 0 0 0 0 0 0 0 0 0 0 0 0 0 0 0 0 0 0 0 0 0 0 0 0 0 0 0 0 0 0 0 0 0 0 0 0 0 0 0 0 0 0 0 0 0 0 0 0 0 0 0 0 0 0 0 0 0 0 0 0 0 0 0 0 0 0 0 1 3 3 1 4 2 4 4 1 2 3 1 3 2 0 4 1 3 3 0 2 3 1 3 3 4 5 5 2 1 7 4 7 6 7 3 7 3 5 4 8 8 3 2 7 4 6 9 3 5 4 4 6 5 4 2 3 4 1 2 1 4 6 4 2 3 5 0 3 2 2 0 0 0 0 0 0 0 0 0 0 0 0 0 0 0 0 0 0 0 0 0 0 0 0 0 0 0 0 0 0 0 0 0 0 0 0 0 0 0 0 0 0 0 0 0 0 0 0 0 0 0 0 0 0 0 0 0 0 0 0 0 0 0 0 0 0 0 0 0 0 0 0 0 0 0 0 0 0 0 0 0 0 0 0 0 0 0 0 0 0 0 0 0 0 
0 0 0 0 0 0 0 0 0 0 0 0 0 0 0 0 0 0 0 0 0 0 0 0 0 0 0 0 0 0 0 0 0 0 0 0 0 0 0 0 0 0 0 0 0 0 0 0 0 0 0 0 0 0 0 0 0 0 0 0 0 0 0 0 0 0 0 0 0 0 0 0 0 0 0 0 0 0 0 0 0 0 0 0 0 0 0 1 1 1 2 5 4 4 2 2 2 1 6 4 3 3 2 2 2 0 0 0 3 2 0 1 3 4 2 1 3 5 6 7 6 3 7 0 7 5 6 3 9 5 4 4 3 5 2 6 2 5 5 3 4 3 2 4 8 4 5 1 6 1 5 4 4 3 4 3 4 2 3 3 1 2 0 0 0 0 0 0 0 0 0 0 0 0 0 0 0 0 0 0 0 0 0 0 0 0 0 0 0 0 0 0 0 0 0 0 0 0 0 0 0 0 0 0 0 0 0 0 0 0 0 0 0 0 0 0 0 0 0 0 0 0 0 0 0 0 0 0 0 0 0 0 0 0 0 0 0 0 0 0 0 0 0 0 0 0 0 0 0 0 0 0 0 0 0 0 
0 0 0 0 0 0 0 0 0 0 0 0 0 0 0 0 0 0 0 0 0 0 0 0 0 0 0 0 0 0 0 0 0 0 0 0 0 0 0 0 0 0 0 0 0 0 0 0 0 0 0 0 0 0 0 0 0 0 0 0 0 0 0 0 0 0 0 0 0 0 0 0 0 0 0 0 0 0 0 0 0 0 0 0 0 0 0 0 1 0 1 4 0 3 6 2 2 1 4 5 2 6 2 2 1 0 2 0 2 0 1 2 3 1 2 2 1 4 2 9 4 4 5 6 4 1 8 1 8 8 4 8 2 7 2 1 3 2 4 4 4 7 3 1 2 6 4 6 2 5 5 5 3 3 3 1 4 1 2 1 0 1 3 2 0 0 0 0 0 0 0 0 0 0 0 0 0 0 0 0 0 0 0 0 0 0 0 0 0 0 0 0 0 0 0 0 0 0 0 0 0 0 0 0 0 0 0 0 0 0 0 0 0 0 0 0 0 0 0 0 0 0 0 0 0 0 0 0 0 0 0 0 0 0 0 0 0 0 0 0 0 0 0 0 0 0 0 0 0 0 0 0 0 0 0 0 
0 0 0 0 0 0 0 0 0 0 0 0 0 0 0 0 0 0 0 0 0 0 0 0 0 0 0 0 0 0 0 0 0 0 0 0 0 0 0 0 0 0 0 0 0 0 0 0 0 0 0 0 0 0 0 0 0 0 0 0 0 0 0 0 0 0 0 0 0 0 0 0 0 0 0 0 0 0 0 0 0 0 0 0 0 0 0 1 0 2 1 1 1 7 0 1 1 2 1 2 6 0 3 1 2 0 0 3 0 0 0 1 1 2 2 4 2 2 3 5 8 5 4 4 6 6 4 3 5 1 3 9 1 8 2 4 7 5 5 4 4 7 2 4 5 3 3 4 1 4 5 3 2 2 4 4 4 3 0 2 0 1 1 0 0 0 0 0 0 0 0 0 0 0 0 0 0 0 0 0 0 0 0 0 0 0 0 0 0 0 0 0 0 0 0 0 0 0 0 0 0 0 0 0 0 0 0 0 0 0 0 0 0 0 0 0 0 0 0 0 0 0 0 0 0 0 0 0 0 0 0 0 0 0 0 0 0 0 0 0 0 0 0 0 0 0 0 0 0 0 0 0 0 0 0 0 
0 0 0 0 0 0 0 0 0 0 0 0 0 0 0 0 0 0 0 0 0 0 0 0 0 0 0 0 0 0 0 0 0 0 0 0 0 0 0 0 0 0 0 0 0 0 0 0 0 0 0 0 0 0 0 0 0 0 0 0 0 0 0 0 0 0 0 0 0 0 0 0 0 0 0 0 0 0 0 0 0 0 0 0 0 0 0 0 1 1 2 1 2 2 2 1 3 3 1 6 2 1 2 2 2 2 3 2 1 0 1 0 0 0 2 5 3 6 6 2 3 7 7 5 4 3 6 3 4 3 6 1 3 9 3 3 4 7 2 5 6 8 5 6 3 4 4 5 7 2 1 5 6 3 5 7 3 4 3 1 1 1 0 0 0 0 0 0 0 0 0 0 0 0 0 0 0 0 0 0 0 0 0 0 0 0 0 0 0 0 0 0 0 0 0 0 0 0 0 0 0 0 0 0 0 0 0 0 0 0 0 0 0 0 0 0 0 0 0 0 0 0 0 0 0 0 0 0 0 0 0 0 0 0 0 0 0 0 0 0 0 0 0 0 0 0 0 0 0 0 0 0 0 0 0 0 
0 0 0 0 0 0 0 0 0 0 0 0 0 0 0 0 0 0 0 0 0 0 0 0 0 0 0 0 0 0 0 0 0 0 0 0 0 0 0 0 0 0 0 0 0 0 0 0 0 0 0 0 0 0 0 0 0 0 0 0 0 0 0 0 0 0 0 0 0 0 0 0 0 0 0 0 0 0 0 0 0 0 0 0 0 0 0 0 0 0 5 2 1 1 2 1 4 3 2 3 1 3 3 0 2 0 0 1 0 0 3 1 1 3 1 2 2 3 5 3 0 5 6 6 5 3 5 6 3 7 2 4 7 4 6 5 6 9 4 3 9 4 5 5 4 3 4 4 3 4 2 3 3 2 6 2 1 4 6 0 1 0 1 1 0 0 0 0 0 0 0 0 0 0 0 0 0 0 0 0 0 0 0 0 0 0 0 0 0 0 0 0 0 0 0 0 0 0 0 0 0 0 0 0 0 0 0 0 0 0 0 0 0 0 0 0 0 0 0 0 0 0 0 0 0 0 0 0 0 0 0 0 0 0 0 0 0 0 0 0 0 0 0 0 0 0 0 0 0 0 0 0 0 0 0 0 
0 0 0 0 0 0 0 0 0 0 0 0 0 0 0 0 0 0 0 0 0 0 0 0 0 0 0 0 0 0 0 0 0 0 0 0 0 0 0 0 0 0 0 0 0 0 0 0 0 0 0 0 0 0 0 0 0 0 0 0 0 0 0 0 0 0 0 0 0 0 0 0 0 0 0 0 0 0 0 0 0 0 0 0 0 0 0 0 0 1 1 1 1 2 2 3 4 5 1 2 3 2 1 2 2 1 1 1 1 1 2 0 1 0 3 3 2 3 3 6 3 7 3 8 7 3 4 1 4 1 2 9 1 6 5 5 3 3 4 6 5 6 3 9 6 2 3 1 5 0 4 0 4 1 2 4 5 1 5 0 1 1 1 0 0 0 0 0 0 0 0 0 0 0 0 0 0 0 0 0 0 0 0 0 0 0 0 0 0 0 0 0 0 0 0 0 0 0 0 0 0 0 0 0 0 0 0 0 0 0 0 0 0 0 0 0 0 0 0 0 0 0 0 0 0 0 0 0 0 0 0 0 0 0 0 0 0 0 0 0 0 0 0 0 0 0 0 0 0 0 0 0 0 0 0 0 
0 0 0 0 0 0 0 0 0 0 0 0 0 0 0 0 0 0 0 0 0 0 0 0 0 0 0 0 0 0 0 0 0 0 0 0 0 0 0 0 0 0 0 0 0 0 0 0 0 0 0 0 0 0 0 0 0 0 0 0 0 0 0 0 0 0 0 0 0 0 0 0 0 0 0 0 0 0 0 0 0 0 0 0 0 0 0 1 2 0 0 3 5 3 2 2 2 2 1 6 4 2 0 2 2 2 2 0 0 1 1 0 1 1 4 4 1 5 8 3 3 3 9 4 5 6 2 3 4 5 4 5 3 4 8 6 5 9 3 2 3 5 12 4 3 5 5 2 3 1 6 3 7 3 2 3 2 2 4 2 0 0 0 0 0 0 0 0 0 0 0 0 0 0 0 0 0 0 0 0 0 0 0 0 0 0 0 0 0 0 0 0 0 0 0 0 0 0 0 0 0 0 0 0 0 0 0 0 0 0 0 0 0 0 0 0 0 0 0 0 0 0 0 0 0 0 0 0 0 0 0 0 0 0 0 0 0 0 0 0 0 0 0 0 0 0 0 0 0 0 0 0 0 0 0 0 
0 0 0 0 0 0 0 0 0 0 0 0 0 0 0 0 0 0 0 0 0 0 0 0 0 0 0 0 0 0 0 0 0 0 0 0 0 0 0 0 0 0 0 0 0 0 0 0 0 0 0 0 0 0 0 0 0 0 0 0 0 0 0 0 0 0 0 0 0 0 0 0 0 0 0 0 0 0 0 0 0 0 0 0 0 0 0 0 1 0 0 2 1 3 4 3 4 3 5 1 0 2 1 2 0 1 2 1 1 1 2 1 1 3 3 1 4 2 7 2 5 3 4 3 2 6 6 5 9 9 3 6 6 5 5 2 5 3 6 4 2 5 8 5 6 5 4 4 8 6 3 5 7 5 10 6 7 2 3 2 0 1 2 0 0 0 0 0 0 0 0 0 0 0 0 0 0 0 0 0 0 0 0 0 0 0 0 0 0 0 0 0 0 0 0 0 0 0 0 0 0 0 0 0 0 0 0 0 0 0 0 0 0 0 0 0 0 0 0 0 0 0 0 0 0 0 0 0 0 0 0 0 0 0 0 0 0 0 0 0 0 0 0 0 0 0 0 0 0 0 0 0 0 0 0 0 
0 0 0 0 0 0 0 0 0 0 0 0 0 0 0 0 0 0 0 0 0 0 0 0 0 0 0 0 0 0 0 0 0 0 0 0 0 0 0 0 0 0 0 0 0 0 0 0 0 0 0 0 0 0 0 0 0 0 0 0 0 0 0 0 0 0 0 0 0 0 0 0 0 0 0 0 0 0 0 0 0 0 0 0 0 0 0 0 1 2 1 2 6 2 0 0 2 4 2 1 2 1 3 2 4 3 3 1 1 2 0 0 1 1 2 5 1 4 3 2 3 6 3 2 3 3 2 1 4 5 5 5 6 1 7 3 9 2 9 5 5 5 5 3 3 4 2 6 3 3 5 4 2 3 1 3 2 2 1 1 1 1 2 0 0 0 0 0 0 0 0 0 0 0 0 0 0 0 0 0 0 0 0 0 0 0 0 0 0 0 0 0 0 0 0 0 0 0 0 0 0 0 0 0 0 0 0 0 0 0 0 0 0 0 0 0 0 0 0 0 0 0 0 0 0 0 0 0 0 0 0 0 0 0 0 0 0 0 0 0 0 0 0 0 0 0 0 0 0 0 0 0 0 0 0 0 
0 0 0 0 0 0 0 0 0 0 0 0 0 0 0 0 0 0 0 0 0 0 0 0 0 0 0 0 0 0 0 0 0 0 0 0 0 0 0 0 0 0 0 0 0 0 0 0 0 0 0 0 0 0 0 0 0 0 0 0 0 0 0 0 0 0 0 0 0 0 0 0 0 0 0 0 0 0 0 0 0 0 0 0 0 0 0 0 0 1 1 2 1 4 2 4 3 6 5 3 4 5 3 2 3 3 1 0 0 0 2 4 1 2 1 2 2 4 3 7 6 5 7 4 5 2 3 6 11 7 11 4 5 7 2 8 8 4 1 5 4 6 4 6 4 3 2 1 1 3 4 5 4 4 2 5 5 4 4 2 0 2 0 0 0 0 0 0 0 0 0 0 0 0 0 0 0 0 0 0 0 0 0 0 0 0 0 0 0 0 0 0 0 0 0 0 0 0 0 0 0 0 0 0 0 0 0 0 0 0 0 0 0 0 0 0 0 0 0 0 0 0 0 0 0 0 0 0 0 0 0 0 0 0 0 0 0 0 0 0 0 0 0 0 0 0 0 0 0 0 0 0 0 0 0 0 
0 0 0 0 0 0 0 0 0 0 0 0 0 0 0 0 0 0 0 0 0 0 0 0 0 0 0 0 0 0 0 0 0 0 0 0 0 0 0 0 0 0 0 0 0 0 0 0 0 0 0 0 0 0 0 0 0 0 0 0 0 0 0 0 0 0 0 0 0 0 0 0 0 0 0 0 0 0 0 0 0 0 0 0 0 0 0 0 1 0 4 1 2 1 3 4 5 5 5 5 4 0 0 2 0 1 1 1 3 2 1 0 2 3 5 4 5 5 1 3 1 0 6 3 7 2 5 2 4 3 5 5 7 5 2 5 4 8 7 7 7 5 7 6 2 3 2 3 3 0 2 3 2 6 1 0 3 1 2 2 3 0 1 1 0 0 0 0 0 0 0 0 0 0 0 0 0 0 0 0 0 0 0 0 0 0 0 0 0 0 0 0 0 0 0 0 0 0 0 0 0 0 0 0 0 0 0 0 0 0 0 0 0 0 0 0 0 0 0 0 0 0 0 0 0 0 0 0 0 0 0 0 0 0 0 0 0 0 0 0 0 0 0 0 0 0 0 0 0 0 0 0 0 0 0 0 
0 0 0 0 0 0 0 0 0 0 0 0 0 0 0 0 0 0 0 0 0 0 0 0 0 0 0 0 0 0 0 0 0 0 0 0 0 0 0 0 0 0 0 0 0 0 0 0 0 0 0 0 0 0 0 0 0 0 0 0 0 0 0 0 0 0 0 0 0 0 0 0 0 0 0 0 0 0 0 0 0 0 0 0 0 0 0 0 0 2 1 2 4 3 1 6 3 3 5 4 1 2 1 0 1 2 0 2 0 0 0 1 2 3 3 0 5 4 1 4 5 4 3 5 1 5 8 7 1 6 6 2 3 5 4 7 4 3 4 6 4 1 7 5 4 3 2 4 4 1 1 2 4 1 1 1 4 1 1 2 2 0 1 1 0 0 0 0 0 0 0 0 0 0 0 0 0 0 0 0 0 0 0 0 0 0 0 0 0 0 0 0 0 0 0 0 0 0 0 0 0 0 0 0 0 0 0 0 0 0 0 0 0 0 0 0 0 0 0 0 0 0 0 0 0 0 0 0 0 0 0 0 0 0 0 0 0 0 0 0 0 0 0 0 0 0 0 0 0 0 0 0 0 0 0 0 
0 0 0 0 0 0 0 0 0 0 0 0 0 0 0 0 0 0 0 0 0 0 0 0 0 0 0 0 0 0 0 0 0 0 0 0 0 0 0 0 0 0 0 0 0 0 0 0 0 0 0 0 0 0 0 0 0 0 0 0 0 0 0 0 0 0 0 0 0 0 0 0 0 0 0 0 0 0 0 0 0 0 0 0 0 0 0 0 0 1 0 2 1 2 3 1 3 3 4 6 4 0 0 2 1 0 1 2 1 0 0 2 0 3 4 3 4 0 8 3 3 6 1 6 7 2 8 2 3 9 4 4 4 7 5 4 7 4 9 4 6 2 4 4 0 4 3 2 2 2 2 6 5 2 4 4 3 4 4 2 2 3 1 1 0 0 0 0 0 0 0 0 0 0 0 0 0 0 0 0 0 0 0 0 0 0 0 0 0 0 0 0 0 0 0 0 0 0 0 0 0 0 0 0 0 0 0 0 0 0 0 0 0 0 0 0 0 0 0 0 0 0 0 0 0 0 0 0 0 0 0 0 0 0 0 0 0 0 0 0 0 0 0 0 0 0 0 0 0 0 0 0 0 0 0 0 
0 0 0 0 0 0 0 0 0 0 0 0 0 0 0 0 0 0 0 0 0 0 0 0 0 0 0 0 0 0 0 0 0 0 0 0 0 0 0 0 0 0 0 0 0 0 0 0 0 0 0 0 0 0 0 0 0 0 0 0 0 0 0 0 0 0 0 0 0 0 0 0 0 0 0 0 0 0 0 0 0 0 0 0 0 0 0 0 0 0 0 3 0 1 1 4 2 1 3 3 4 2 2 1 0 2 1 1 0 0 0 0 5 1 5 1 1 7 5 3 5 1 7 0 3 7 6 4 5 4 7 4 2 4 5 9 6 4 7 7 4 5 11 3 3 3 4 2 2 2 2 1 4 5 5 3 0 5 1 3 3 2 0 2 1 0 0 0 0 0 0 0 0 0 0 0 0 0 0 0 0 0 0 0 0 0 0 0 0 0 0 0 0 0 0 0 0 0 0 0 0 0 0 0 0 0 0 0 0 0 0 0 0 0 0 0 0 0 0 0 0 0 0 0 0 0 0 0 0 0 0 0 0 0 0 0 0 0 0 0 0 0 0 0 0 0 0 0 0 0 0 0 0 0 0 0 
0 0 0 0 0 0 0 0 0 0 0 0 0 0 0 0 0 0 0 0 0 0 0 0 0 0 0 0 0 0 0 0 0 0 0 0 0 0 0 0 0 0 0 0 0 0 0 0 0 0 0 0 0 0 0 0 0 0 0 0 0 0 0 0 0 0 0 0 0 0 0 0 0 0 0 0 0 0 0 0 0 0 0 0 0 0 0 0 2 1 2 2 2 1 2 0 2 0 4 3 3 3 0 1 4 0 1 0 2 2 0 1 2 2 0 2 3 2 6 4 7 1 7 3 3 5 2 4 3 1 4 3 3 2 2 2 7 7 3 7 7 1 4 5 6 4 5 6 2 5 5 3 2 4 4 5 2 1 5 2 2 0 2 0 0 0 0 0 0 0 0 0 0 0 0 0 0 0 0 0 0 0 0 0 0 0 0 0 0 0 0 0 0 0 0 0 0 0 0 0 0 0 0 0 0 0 0 0 0 0 0 0 0 0 0 0 0 0 0 0 0 0 0 0 0 0 0 0 0 0 0 0 0 0 0 0 0 0 0 0 0 0 0 0 0 0 0 0 0 0 0 0 0 0 0 0 
0 0 0 0 0 0 0 0 0 0 0 0 0 0 0 0 0 0 0 0 0 0 0 0 0 0 0 0 0 0 0 0 0 0 0 0 0 0 0 0 0 0 0 0 0 0 0 0 0 0 0 0 0 0 0 0 0 0 0 0 0 0 0 0 0 0 0 0 0 0 0 0 0 0 0 0 0 0 0 0 0 0 0 0 0 0 0 0 1 0 2 1 2 5 0 2 5 1 1 1 1 2 1 3 1 0 2 2 1 0 2 0 2 6 1 4 3 3 1 5 2 4 8 4 1 8 4 3 4 3 5 6 2 6 7 8 4 4 2 8 4 5 5 2 3 5 3 1 2 0 4 5 7 6 4 1 3 2 4 2 2 2 1 0 1 0 0 0 0 0 0 0 0 0 0 0 0 0 0 0 0 0 0 0 0 0 0 0 0 0 0 0 0 0 0 0 0 0 0 0 0 0 0 0 0 0 0 0 0 0 0 0 0 0 0 0 0 0 0 0 0 0 0 0 0 0 0 0 0 0 0 0 0 0 0 0 0 0 0 0 0 0 0 0 0 0 0 0 0 0 0 0 0 0 0 0 
0 0 0 0 0 0 0 0 0 0 0 0 0 0 0 0 0 0 0 0 0 0 0 0 0 0 0 0 0 0 0 0 0 0 0 0 0 0 0 0 0 0 0 0 0 0 0 0 0 0 0 0 0 0 0 0 0 0 0 0 0 0 0 0 0 0 0 0 0 0 0 0 0 0 0 0 0 0 0 0 0 0 0 0 0 0 0 1 2 1 1 2 0 1 5 2 1 2 4 4 3 2 3 2 2 0 0 2 0 0 0 1 2 3 3 4 1 2 2 5 5 4 6 4 7 3 3 2 4 4 5 3 7 2 5 2 2 5 3 4 1 11 6 5 5 5 6 7 1 1 3 2 1 7 4 3 2 3 2 2 3 1 0 0 0 0 0 0 0 0 0 0 0 0 0 0 0 0 0 0 0 0 0 0 0 0 0 0 0 0 0 0 0 0 0 0 0 0 0 0 0 0 0 0 0 0 0 0 0 0 0 0 0 0 0 0 0 0 0 0 0 0 0 0 0 0 0 0 0 0 0 0 0 0 0 0 0 0 0 0 0 0 0 0 0 0 0 0 0 0 0 0 0 0 0 0 
0 0 0 0 0 0 0 0 0 0 0 0 0 0 0 0 0 0 0 0 0 0 0 0 0 0 0 0 0 0 0 0 0 0 0 0 0 0 0 0 0 0 0 0 0 0 0 0 0 0 0 0 0 0 0 0 0 0 0 0 0 0 0 0 0 0 0 0 0 0 0 0 0 0 0 0 0 0 0 0 0 0 0 0 0 0 0 1 0 2 0 1 2 1 4 3 2 6 2 4 5 3 2 1 0 0 1 0 3 1 1 0 2 2 2 3 2 3 5 5 3 1 5 3 2 9 7 8 4 4 4 3 4 3 7 3 8 3 5 2 3 7 1 3 3 2 3 1 6 1 2 6 1 1 3 2 3 2 1 2 1 0 1 1 1 0 0 0 0 0 0 0 0 0 0 0 0 0 0 0 0 0 0 0 0 0 0 0 0 0 0 0 0 0 0 0 0 0 0 0 0 0 0 0 0 0 0 0 0 0 0 0 0 0 0 0 0 0 0 0 0 0 0 0 0 0 0 0 0 0 0 0 0 0 0 0 0 0 0 0 0 0 0 0 0 0 0 0 0 0 0 0 0 0 0 0 
0 0 0 0 0 0 0 0 0 0 0 0 0 0 0 0 0 0 0 0 0 0 0 0 0 0 0 0 0 0 0 0 0 0 0 0 0 0 0 0 0 0 0 0 0 0 0 0 0 0 0 0 0 0 0 0 0 0 0 0 0 0 0 0 0 0 0 0 0 0 0 0 0 0 0 0 0 0 0 0 0 0 0 0 0 0 0 0 2 0 1 3 3 2 2 3 3 1 4 7 2 2 0 1 4 1 2 1 0 0 1 0 2 1 4 4 5 0 2 2 4 2 4 5 3 0 5 2 2 4 1 8 5 12 4 10 4 6 7 3 3 6 6 3 3 3 3 4 1 2 2 2 2 4 4 2 3 0 2 0 0 1 0 0 0 0 0 0 0 0 0 0 0 0 0 0 0 0 0 0 0 0 0 0 0 0 0 0 0 0 0 0 0 0 0 0 0 0 0 0 0 0 0 0 0 0 0 0 0 0 0 0 0 0 0 0 0 0 0 0 0 0 0 0 0 0 0 0 0 0 0 0 0 0 0 0 0 0 0 0 0 0 0 0 0 0 0 0 0 0 0 0 0 0 0 0 
0 0 0 0 0 0 0 0 0 0 0 0 0 0 0 0 0 0 0 0 0 0 0 0 0 0 0 0 0 0 0 0 0 0 0 0 0 0 0 0 0 0 0 0 0 0 0 0 0 0 0 0 0 0 0 0 0 0 0 0 0 0 0 0 0 0 0 0 0 0 0 0 0 0 0 0 0 0 0 0 0 0 0 0 0 0 0 0 0 0 1 1 1 0 8 1 5 2 2 4 0 0 3 0 0 0 1 1 0 1 0 0 3 3 1 4 0 3 2 1 3 2 3 4 4 6 4 4 4 2 5 4 8 7 4 3 4 2 2 3 4 4 7 1 2 2 2 1 3 2 6 1 1 6 7 8 4 4 3 4 0 1 0 0 0 0 0 0 0 0 0 0 0 0 0 0 0 0 0 0 0 0 0 0 0 0 0 0 0 0 0 0 0 0 0 0 0 0 0 0 0 0 0 0 0 0 0 0 0 0 0 0 0 0 0 0 0 0 0 0 0 0 0 0 0 0 0 0 0 0 0 0 0 0 0 0 0 0 0 0 0 0 0 0 0 0 0 0 0 0 0 0 0 0 0 0 
0 0 0 0 0 0 0 0 0 0 0 0 0 0 0 0 0 0 0 0 0 0 0 0 0 0 0 0 0 0 0 0 0 0 0 0 0 0 0 0 0 0 0 0 0 0 0 0 0 0 0 0 0 0 0 0 0 0 0 0 0 0 0 0 0 0 0 0 0 0 0 0 0 0 0 0 0 0 0 0 0 0 0 0 0 0 0 0 0 0 3 0 0 2 3 5 4 5 3 4 4 1 4 1 1 2 3 1 2 1 0 0 1 3 3 0 3 1 4 3 4 2 2 4 4 7 4 5 5 4 2 3 2 3 4 5 5 5 6 3 5 6 1 4 7 4 1 5 0 2 2 2 2 3 5 5 6 1 0 2 0 1 0 0 0 0 0 0 0 0 0 0 0 0 0 0 0 0 0 0 0 0 0 0 0 0 0 0 0 0 0 0 0 0 0 0 0 0 0 0 0 0 0 0 0 0 0 0 0 0 0 0 0 0 0 0 0 0 0 0 0 0 0 0 0 0 0 0 0 0 0 0 0 0 0 0 0 0 0 0 0 0 0 0 0 0 0 0 0 0 0 0 0 0 0 0 
0 0 0 0 0 0 0 0 0 0 0 0 0 0 0 0 0 0 0 0 0 0 0 0 0 0 0 0 0 0 0 0 0 0 0 0 0 0 0 0 0 0 0 0 0 0 0 0 0 0 0 0 0 0 0 0 0 0 0 0 0 0 0 0 0 0 0 0 0 0 0 0 0 0 0 0 0 0 0 0 0 0 0 0 0 0 0 0 2 1 0 1 2 2 1 2 2 2 4 1 6 4 1 2 0 3 1 4 0 2 1 1 0 1 4 4 4 5 3 2 4 3 8 9 1 8 7 5 4 3 3 3 2 6 4 1 2 6 5 5 4 3 1 6 6 2 3 5 1 1 4 3 1 4 4 2 4 0 5 1 0 0 0 0 0 0 0 0 0 0 0 0 0 0 0 0 0 0 0 0 0 0 0 0 0 0 0 0 0 0 0 0 0 0 0 0 0 0 0 0 0 0 0 0 0 0 0 0 0 0 0 0 0 0 0 0 0 0 0 0 0 0 0 0 0 0 0 0 0 0 0 0 0 0 0 0 0 0 0 0 0 0 0 0 0 0 0 0 0 0 0 0 0 0 0 0 
0 0 0 0 0 0 0 0 0 0 0 0 0 0 0 0 0 0 0 0 0 0 0 0 0 0 0 0 0 0 0 0 0 0 0 0 0 0 0 0 0 0 0 0 0 0 0 0 0 0 0 0 0 0 0 0 0 0 0 0 0 0 0 0 0 0 0 0 0 0 0 0 0 0 0 0 0 0 0 0 0 0 0 0 0 0 0 0 2 0 1 0 1 2 3 3 3 3 3 4 3 2 3 1 2 2 0 1 3 0 3 2 1 2 3 1 4 3 5 4 6 5 2 4 6 4 3 1 7 1 3 3 6 4 3 7 4 5 5 4 3 3 2 6 1 2 2 4 3 7 4 1 1 6 5 0 3 4 1 0 2 1 2 0 0 0 0 0 0 0 0 0 0 0 0 0 0 0 0 0 0 0 0 0 0 0 0 0 0 0 0 0 0 0 0 0 0 0 0 0 0 0 0 0 0 0 0 0 0 0 0 0 0 0 0 0 0 0 0 0 0 0 0 0 0 0 0 0 0 0 0 0 0 0 0 0 0 0 0 0 0 0 0 0 0 0 0 0 0 0 0 0 0 0 0 0 
0 0 0 0 0 0 0 0 0 0 0 0 0 0 0 0 0 0 0 0 0 0 0 0 0 0 0 0 0 0 0 0 0 0 0 0 0 0 0 0 0 0 0 0 0 0 0 0 0 0 0 0 0 0 0 0 0 0 0 0 0 0 0 0 0 0 0 0 0 0 0 0 0 0 0 0 0 0 0 0 0 0 0 0 0 0 0 1 0 0 0 2 3 4 2 3 5 2 3 1 1 4 2 4 0 0 4 1 0 0 2 1 2 3 3 6 0 3 3 5 8 2 6 5 4 3 6 4 8 3 3 8 4 5 5 6 4 4 1 5 5 3 5 4 3 3 2 2 2 3 4 4 2 1 3 3 2 0 2 6 3 0 0 1 0 0 0 0 0 0 0 0 0 0 0 0 0 0 0 0 0 0 0 0 0 0 0 0 0 0 0 0 0 0 0 0 0 0 0 0 0 0 0 0 0 0 0 0 0 0 0 0 0 0 0 0 0 0 0 0 0 0 0 0 0 0 0 0 0 0 0 0 0 0 0 0 0 0 0 0 0 0 0 0 0 0 0 0 0 0 0 0 0 0 0 0 
0 0 0 0 0 0 0 0 0 0 0 0 0 0 0 0 0 0 0 0 0 0 0 0 0 0 0 0 0 0 0 0 0 0 0 0 0 0 0 0 0 0 0 0 0 0 0 0 0 0 0 0 0 0 0 0 0 0 0 0 0 0 0 0 0 0 0 0 0 0 0 0 0 0 0 0 0 0 0 0 0 0 0 0 0 0 0 0 1 3 0 1 3 4 4 2 2 0 5 5 0 3 2 0 3 0 1 1 3 1 1 0 0 1 4 5 6 7 0 5 4 3 5 3 5 5 1 3 5 7 4 5 2 7 6 3 4 4 3 3 4 2 6 4 4 4 2 1 1 3 1 3 3 3 2 2 2 2 2 2 2 0 2 0 0 0 0 0 0 0 0 0 0 0 0 0 0 0 0 0 0 0 0 0 0 0 0 0 0 0 0 0 0 0 0 0 0 0 0 0 0 0 0 0 0 0 0 0 0 0 0 0 0 0 0 0 0 0 0 0 0 0 0 0 0 0 0 0 0 0 0 0 0 0 0 0 0 0 0 0 0 0 0 0 0 0 0 0 0 0 0 0 0 0 0 0 
0 0 0 0 0 0 0 0 0 0 0 0 0 0 0 0 0 0 0 0 0 0 0 0 0 0 0 0 0 0 0 0 0 0 0 0 0 0 0 0 0 0 0 0 0 0 0 0 0 0 0 0 0 0 0 0 0 0 0 0 0 0 0 0 0 0 0 0 0 0 0 0 0 0 0 0 0 0 0 0 0 0 0 0 0 0 0 0 2 3 0 2 3 1 2 1 2 2 3 2 1 1 3 0 0 0 2 2 0 0 2 0 2 2 3 2 2 6 6 0 5 2 5 4 3 4 5 2 8 3 3 5 3 4 2 2 6 6 8 1 5 5 6 2 0 5 3 4 3 3 1 3 3 2 2 1 3 3 5 2 0 1 2 0 0 0 0 0 0 0 0 0 0 0 0 0 0 0 0 0 0 0 0 0 0 0 0 0 0 0 0 0 0 0 0 0 0 0 0 0 0 0 0 0 0 0 0 0 0 0 0 0 0 0 0 0 0 0 0 0 0 0 0 0 0 0 0 0 0 0 0 0 0 0 0 0 0 0 0 0 0 0 0 0 0 0 0 0 0 0 0 0 0 0 0 0 
0 0 0 0 0 0 0 0 0 0 0 0 0 0 0 0 0 0 0 0 0 0 0 0 0 0 0 0 0 0 0 0 0 0 0 0 0 0 0 0 0 0 0 0 0 0 0 0 0 0 0 0 0 0 0 0 0 0 0 0 0 0 0 0 0 0 0 0 0 0 0 0 0 0 0 0 0 0 0 0 0 0 0 0 0 0 0 0 0 0 1 1 1 2 4 2 2 2 3 3 7 3 2 1 0 0 2 2 0 2 0 2 2 2 4 1 4 8 5 1 6 2 2 4 0 4 3 4 5 4 3 5 3 7 5 4 4 6 4 5 1 9 7 6 3 7 2 9 4 3 3 4 6 5 1 2 3 3 5 2 5 1 0 2 0 0 0 0 0 0 0 0 0 0 0 0 0 0 0 0 0 0 0 0 0 0 0 0 0 0 0 0 0 0 0 0 0 0 0 0 0 0 0 0 0 0 0 0 0 0 0 0 0 0 0 0 0 0 0 0 0 0 0 0 0 0 0 0 0 0 0 0 0 0 0 0 0 0 0 0 0 0 0 0 0 0 0 0 0 0 0 0 0 0 0 0 
0 0 0 0 0 0 0 0 0 0 0 0 0 0 0 0 0 0 0 0 0 0 0 0 0 0 0 0 0 0 0 0 0 0 0 0 0 0 0 0 0 0 0 0 0 0 0 0 0 0 0 0 0 0 0 0 0 0 0 0 0 0 0 0 0 0 0 0 0 0 0 0 0 0 0 0 0 0 0 0 0 0 0 0 0 0 0 0 1 0 1 0 0 2 2 1 2 5 3 2 1 2 1 2 1 0 0 0 0 1 0 1 0 3 3 1 3 2 4 5 2 2 4 2 3 4 4 4 4 2 4 1 2 10 2 6 8 5 7 7 6 2 4 5 8 2 8 4 2 5 3 2 4 3 3 1 3 1 1 2 1 0 0 0 0 0 0 0 0 0 0 0 0 0 0 0 0 0 0 0 0 0 0 0 0 0 0 0 0 0 0 0 0 0 0 0 0 0 0 0 0 0 0 0 0 0 0 0 0 0 0 0 0 0 0 0 0 0 0 0 0 0 0 0 0 0 0 0 0 0 0 0 0 0 0 0 0 0 0 0 0 0 0 0 0 0 0 0 0 0 0 0 0 0 0 0 
0 0 0 0 0 0 0 0 0 0 0 0 0 0 0 0 0 0 0 0 0 0 0 0 0 0 0 0 0 0 0 0 0 0 0 0 0 0 0 0 0 0 0 0 0 0 0 0 0 0 0 0 0 0 0 0 0 0 0 0 0 0 0 0 0 0 0 0 0 0 0 0 0 0 0 0 0 0 0 0 0 0 0 0 0 0 0 0 0 2 3 1 2 1 3 4 2 5 3 4 2 2 2 1 0 2 0 0 1 1 1 1 1 3 3 2 4 2 3 6 0 7 2 6 0 2 2 2 2 3 7 1 9 4 4 4 5 5 6 4 6 6 2 6 2 6 4 1 4 1 4 3 2 3 6 1 3 1 3 3 2 0 1 0 0 0 0 0 0 0 0 0 0 0 0 0 0 0 0 0 0 0 0 0 0 0 0 0 0 0 0 0 0 0 0 0 0 0 0 0 0 0 0 0 0 0 0 0 0 0 0 0 0 0 0 0 0 0 0 0 0 0 0 0 0 0 0 0 0 0 0 0 0 0 0 0 0 0 0 0 0 0 0 0 0 0 0 0 0 0 0 0 0 0 0 0 
0 0 0 0 0 0 0 0 0 0 0 0 0 0 0 0 0 0 0 0 0 0 0 0 0 0 0 0 0 0 0 0 0 0 0 0 0 0 0 0 0 0 0 0 0 0 0 0 0 0 0 0 0 0 0 0 0 0 0 0 0 0 0 0 0 0 0 0 0 0 0 0 0 0 0 0 0 0 0 0 0 0 0 0 0 0 0 0 0 2 0 2 1 1 1 0 4 1 6 3 0 1 1 1 1 0 0 3 0 1 0 3 1 3 2 3 3 3 7 6 4 1 3 5 6 1 4 2 5 2 6 6 6 6 5 4 8 5 3 5 4 3 2 4 3 1 2 2 2 7 5 2 3 2 3 4 4 6 3 0 1 0 0 0 0 0 0 0 0 0 0 0 0 0 0 0 0 0 0 0 0 0 0 0 0 0 0 0 0 0 0 0 0 0 0 0 0 0 0 0 0 0 0 0 0 0 0 0 0 0 0 0 0 0 0 0 0 0 0 0 0 0 0 0 0 0 0 0 0 0 0 0 0 0 0 0 0 0 0 0 0 0 0 0 0 0 0 0 0 0 0 0 0 0 0 0 
0 0 0 0 0 0 0 0 0 0 0 0 0 0 0 0 0 0 0 0 0 0 0 0 0 0 0 0 0 0 0 0 0 0 0 0 0 0 0 0 0 0 0 0 0 0 0 0 0 0 0 0 0 0 0 0 0 0 0 0 0 0 0 0 0 0 0 0 0 0 0 0 0 0 0 0 0 0 0 0 0 0 0 0 0 0 0 0 0 3 4 1 2 2 1 4 3 2 4 5 0 6 1 4 2 1 1 0 2 1 1 0 4 2 2 4 5 2 3 7 2 4 1 6 2 4 2 4 3 3 8 4 4 8 1 1 2 4 5 4 4 3 5 3 4 7 5 3 1 1 3 1 3 3 2 4 2 2 0 1 3 0 0 0 0 0 0 0 0 0 0 0 0 0 0 0 0 0 0 0 0 0 0 0 0 0 0 0 0 0 0 0 0 0 0 0 0 0 0 0 0 0 0 0 0 0 0 0 0 0 0 0 0 0 0 0 0 0 0 0 0 0 0 0 0 0 0 0 0 0 0 0 0 0 0 0 0 0 0 0 0 0 0 0 0 0 0 0 0 0 0 0 0 0 0 0 
0 0 0 0 0 0 0 0 0 0 0 0 0 0 0 0 0 0 0 0 0 0 0 0 0 0 0 0 0 0 0 0 0 0 0 0 0 0 0 0 0 0 0 0 0 0 0 0 0 0 0 0 0 0 0 0 0 0 0 0 0 0 0 0 0 0 0 0 0 0 0 0 0 0 0 0 0 0 0 0 0 0 0 0 0 0 0 0 0 0 3 0 2 4 5 2 2 3 3 6 1 1 2 1 0 1 2 0 0 2 1 1 1 4 2 0 5 3 5 2 2 5 3 3 5 2 3 6 3 4 5 3 2 3 4 3 4 7 3 3 4 2 5 2 3 4 2 4 3 2 1 2 4 1 4 6 3 3 1 2 3 0 2 0 0 0 0 0 0 0 0 0 0 0 0 0 0 0 0 0 0 0 0 0 0 0 0 0 0 0 0 0 0 0 0 0 0 0 0 0 0 0 0 0 0 0 0 0 0 0 0 0 0 0 0 0 0 0 0 0 0 0 0 0 0 0 0 0 0 0 0 0 0 0 0 0 0 0 0 0 0 0 0 0 0 0 0 0 0 0 0 0 0 0 0 0 
0 0 0 0 0 0 0 0 0 0 0 0 0 0 0 0 0 0 0 0 0 0 0 0 0 0 0 0 0 0 0 0 0 0 0 0 0 0 0 0 0 0 0 0 0 0 0 0 0 0 0 0 0 0 0 0 0 0 0 0 0 0 0 0 0 0 0 0 0 0 0 0 0 0 0 0 0 0 0 0 0 0 0 0 0 0 0 0 2 2 0 0 0 3 1 4 2 1 3 4 0 3 1 3 2 1 1 0 0 2 0 1 2 1 0 1 5 6 1 1 7 3 3 5 1 10 2 5 3 6 2 4 6 5 6 2 7 2 3 5 4 5 2 1 1 1 2 4 4 5 2 3 5 5 2 3 4 1 1 1 1 0 1 0 0 0 0 0 0 0 0 0 0 0 0 0 0 0 0 0 0 0 0 0 0 0 0 0 0 0 0 0 0 0 0 0 0 0 0 0 0 0 0 0 0 0 0 0 0 0 0 0 0 0 0 0 0 0 0 0 0 0 0 0 0 0 0 0 0 0 0 0 0 0 0 0 0 0 0 0 0 0 0 0 0 0 0 0 0 0 0 0 0 0 0 0 
0 0 0 0 0 0 0 0 0 0 0 0 0 0 0 0 0 0 0 0 0 0 0 0 0 0 0 0 0 0 0 0 0 0 0 0 0 0 0 0 0 0 0 0 0 0 0 0 0 0 0 0 0 0 0 0 0 0 0 0 0 0 0 0 0 0 0 0 0 0 0 0 0 0 0 0 0 0 0 0 0 0 0 0 0 0 0 0 1 0 3 1 3 2 4 0 2 2 4 4 3 4 2 1 0 1 0 2 1 0 2 1 1 2 3 1 1 4 1 1 2 3 1 7 8 4 6 0 5 5 3 3 0 6 3 4 2 5 5 5 3 3 4 4 2 5 6 5 3 5 2 6 3 3 4 1 5 1 0 2 2 1 1 1 0 0 0 0 0 0 0 0 0 0 0 0 0 0 0 0 0 0 0 0 0 0 0 0 0 0 0 0 0 0 0 0 0 0 0 0 0 0 0 0 0 0 0 0 0 0 0 0 0 0 0 0 0 0 0 0 0 0 0 0 0 0 0 0 0 0 0 0 0 0 0 0 0 0 0 0 0 0 0 0 0 0 0 0 0 0 0 0 0 0 0 0 
0 0 0 0 0 0 0 0 0 0 0 0 0 0 0 0 0 0 0 0 0 0 0 0 0 0 0 0 0 0 0 0 0 0 0 0 0 0 0 0 0 0 0 0 0 0 0 0 0 0 0 0 0 0 0 0 0 0 0 0 0 0 0 0 0 0 0 0 0 0 0 0 0 0 0 0 0 0 0 0 0 0 0 0 0 0 0 0 1 2 2 1 4 3 4 3 4 1 2 1 1 2 4 0 0 3 0 0 1 0 0 1 0 1 5 1 3 5 3 0 5 1 3 0 3 3 2 4 2 6 4 3 4 6 3 3 3 5 2 7 3 2 6 2 4 3 2 2 5 2 1 4 4 4 4 0 0 3 1 1 1 1 0 0 0 0 0 0 0 0 0 0 0 0 0 0 0 0 0 0 0 0 0 0 0 0 0 0 0 0 0 0 0 0 0 0 0 0 0 0 0 0 0 0 0 0 0 0 0 0 0 0 0 0 0 0 0 0 0 0 0 0 0 0 0 0 0 0 0 0 0 0 0 0 0 0 0 0 0 0 0 0 0 0 0 0 0 0 0 0 0 0 0 0 0 0 
0 0 0 0 0 0 0 0 0 0 0 0 0 0 0 0 0 0 0 0 0 0 0 0 0 0 0 0 0 0 0 0 0 0 0 0 0 0 0 0 0 0 0 0 0 0 0 0 0 0 0 0 0 0 0 0 0 0 0 0 0 0 0 0 0 0 0 0 0 0 0 0 0 0 0 0 0 0 0 0 0 0 0 0 0 0 0 0 0 3 2 0 1 0 3 2 3 2 2 2 5 2 0 1 1 0 0 1 1 2 0 0 2 2 1 2 3 1 1 1 2 1 0 4 3 4 4 2 6 1 2 5 3 3 2 2 2 2 1 3 6 3 2 4 6 4 3 4 2 4 2 1 1 5 2 3 1 4 2 0 3 0 0 1 0 0 0 0 0 0 0 0 0 0 0 0 0 0 0 0 0 0 0 0 0 0 0 0 0 0 0 0 0 0 0 0 0 0 0 0 0 0 0 0 0 0 0 0 0 0 0 0 0 0 0 0 0 0 0 0 0 0 0 0 0 0 0 0 0 0 0 0 0 0 0 0 0 0 0 0 0 0 0 0 0 0 0 0 0 0 0 0 0 0 0 0 
0 0 0 0 0 0 0 0 0 0 0 0 0 0 0 0 0 0 0 0 0 0 0 0 0 0 0 0 0 0 0 0 0 0 0 0 0 0 0 0 0 0 0 0 0 0 0 0 0 0 0 0 0 0 0 0 0 0 0 0 0 0 0 0 0 0 0 0 0 0 0 0 0 0 0 0 0 0 0 0 0 0 0 0 0 0 0 0 0 0 0 3 1 2 2 4 4 2 4 3 1 3 1 0 3 0 2 1 0 1 0 4 1 4 0 3 1 0 1 6 3 3 3 1 2 2 2 1 6 3 1 1 4 4 4 3 2 3 3 4 7 8 2 3 2 0 5 1 3 4 7 4 4 2 5 4 1 4 3 2 2 1 1 0 0 0 0 0 0 0 0 0 0 0 0 0 0 0 0 0 0 0 0 0 0 0 0 0 0 0 0 0 0 0 0 0 0 0 0 0 0 0 0 0 0 0 0 0 0 0 0 0 0 0 0 0 0 0 0 0 0 0 0 0 0 0 0 0 0 0 0 0 0 0 0 0 0 0 0 0 0 0 0 0 0 0 0 0 0 0 0 0 0 0 0 0 
0 0 0 0 0 0 0 0 0 0 0 0 0 0 0 0 0 0 0 0 0 0 0 0 0 0 0 0 0 0 0 0 0 0 0 0 0 0 0 0 0 0 0 0 0 0 0 0 0 0 0 0 0 0 0 0 0 0 0 0 0 0 0 0 0 0 0 0 0 0 0 0 0 0 0 0 0 0 0 0 0 0 0 0 0 0 0 0 0 1 0 0 0 3 1 0 2 2 4 1 1 0 2 2 1 0 0 0 2 0 1 1 3 1 4 0 2 1 2 2 4 2 4 1 6 0 2 6 2 3 7 4 4 3 4 3 3 3 5 4 2 1 2 1 0 1 0 7 3 0 1 3 2 1 3 3 1 2 1 2 1 0 0 0 0 0 0 0 0 0 0 0 0 0 0 0 0 0 0 0 0 0 0 0 0 0 0 0 0 0 0 0 0 0 0 0 0 0 0 0 0 0 0 0 0 0 0 0 0 0 0 0 0 0 0 0 0 0 0 0 0 0 0 0 0 0 0 0 0 0 0 0 0 0 0 0 0 0 0 0 0 0 0 0 0 0 0 0 0 0 0 0 0 0 0 0 
0 0 0 0 0 0 0 0 0 0 0 0 0 0 0 0 0 0 0 0 0 0 0 0 0 0 0 0 0 0 0 0 0 0 0 0 0 0 0 0 0 0 0 0 0 0 0 0 0 0 0 0 0 0 0 0 0 0 0 0 0 0 0 0 0 0 0 0 0 0 0 0 0 0 0 0 0 0 0 0 0 0 0 0 0 0 0 0 1 1 1 1 0 2 1 4 3 1 4 3 3 1 0 1 0 1 3 0 1 0 5 2 1 0 2 1 2 0 2 2 1 2 6 6 3 6 4 4 5 2 4 3 4 2 1 3 6 2 5 3 2 3 5 4 4 1 2 2 4 2 4 2 2 2 2 3 2 4 2 1 0 1 1 1 0 0 0 0 0 0 0 0 0 0 0 0 0 0 0 0 0 0 0 0 0 0 0 0 0 0 0 0 0 0 0 0 0 0 0 0 0 0 0 0 0 0 0 0 0 0 0 0 0 0 0 0 0 0 0 0 0 0 0 0 0 0 0 0 0 0 0 0 0 0 0 0 0 0 0 0 0 0 0 0 0 0 0 0 0 0 0 0 0 0 0 0 
0 0 0 0 0 0 0 0 0 0 0 0 0 0 0 0 0 0 0 0 0 0 0 0 0 0 0 0 0 0 0 0 0 0 0 0 0 0 0 0 0 0 0 0 0 0 0 0 0 0 0 0 0 0 0 0 0 0 0 0 0 0 0 0 0 0 0 0 0 0 0 0 0 0 0 0 0 0 0 0 0 0 0 0 0 0 0 0 1 1 0 1 3 1 2 3 5 5 0 2 4 6 2 1 0 1 2 3 1 0 2 2 1 2 1 5 3 4 3 1 5 1 2 2 5 3 2 4 3 1 3 7 4 3 3 5 6 4 4 1 5 5 6 3 5 3 2 1 2 2 0 0 3 2 4 3 0 4 0 5 0 0 1 0 0 0 0 0 0 0 0 0 0 0 0 0 0 0 0 0 0 0 0 0 0 0 0 0 0 0 0 0 0 0 0 0 0 0 0 0 0 0 0 0 0 0 0 0 0 0 0 0 0 0 0 0 0 0 0 0 0 0 0 0 0 0 0 0 0 0 0 0 0 0 0 0 0 0 0 0 0 0 0 0 0 0 0 0 0 0 0 0 0 0 0 0 
0 0 0 0 0 0 0 0 0 0 0 0 0 0 0 0 0 0 0 0 0 0 0 0 0 0 0 0 0 0 0 0 0 0 0 0 0 0 0 0 0 0 0 0 0 0 0 0 0 0 0 0 0 0 0 0 0 0 0 0 0 0 0 0 0 0 0 0 0 0 0 0 0 0 0 0 0 0 0 0 0 0 0 0 0 0 0 0 0 0 1 1 3 1 2 0 2 0 2 1 3 1 3 0 0 2 0 0 0 1 0 0 2 0 0 2 4 1 2 2 2 4 0 4 8 3 6 5 3 4 3 5 2 2 5 6 2 2 1 8 2 5 3 6 2 2 4 3 4 2 0 2 2 4 1 2 2 1 0 1 1 1 0 0 0 0 0 0 0 0 0 0 0 0 0 0 0 0 0 0 0 0 0 0 0 0 0 0 0 0 0 0 0 0 0 0 0 0 0 0 0 0 0 0 0 0 0 0 0 0 0 0 0 0 0 0 0 0 0 0 0 0 0 0 0 0 0 0 0 0 0 0 0 0 0 0 0 0 0 0 0 0 0 0 0 0 0 0 0 0 0 0 0 0 0 0 
0 0 0 0 0 0 0 0 0 0 0 0 0 0 0 0 0 0 0 0 0 0 0 0 0 0 0 0 0 0 0 0 0 0 0 0 0 0 0 0 0 0 0 0 0 0 0 0 0 0 0 0 0 0 0 0 0 0 0 0 0 0 0 0 0 0 0 0 0 0 0 0 0 0 0 0 0 0 0 0 0 0 0 0 0 0 0 0 0 1 0 0 1 3 0 1 1 2 3 1 3 4 1 0 1 1 0 1 1 1 2 0 2 2 3 2 2 4 7 4 3 2 8 5 3 2 7 2 6 6 4 3 2 3 6 2 5 2 2 2 4 7 3 1 5 2 3 0 1 1 2 1 3 2 2 1 1 1 0 3 1 0 1 0 0 0 0 0 0 0 0 0 0 0 0 0 0 0 0 0 0 0 0 0 0 0 0 0 0 0 0 0 0 0 0 0 0 0 0 0 0 0 0 0 0 0 0 0 0 0 0 0 0 0 0 0 0 0 0 0 0 0 0 0 0 0 0 0 0 0 0 0 0 0 0 0 0 0 0 0 0 0 0 0 0 0 0 0 0 0 0 0 0 0 0 0 
0 0 0 0 0 0 0 0 0 0 0 0 0 0 0 0 0 0 0 0 0 0 0 0 0 0 0 0 0 0 0 0 0 0 0 0 0 0 0 0 0 0 0 0 0 0 0 0 0 0 0 0 0 0 0 0 0 0 0 0 0 0 0 0 0 0 0 0 0 0 0 0 0 0 0 0 0 0 0 0 0 0 0 0 0 0 0 0 0 1 2 0 3 1 1 3 2 8 2 2 3 3 1 0 1 0 2 0 1 0 0 1 2 1 0 2 3 2 4 3 5 2 6 4 5 4 4 4 4 3 4 4 3 0 2 2 2 1 2 3 3 3 3 2 4 4 2 2 2 3 1 5 4 1 5 4 2 3 0 0 2 1 2 0 0 0 0 0 0 0 0 0 0 0 0 0 0 0 0 0 0 0 0 0 0 0 0 0 0 0 0 0 0 0 0 0 0 0 0 0 0 0 0 0 0 0 0 0 0 0 0 0 0 0 0 0 0 0 0 0 0 0 0 0 0 0 0 0 0 0 0 0 0 0 0 0 0 0 0 0 0 0 0 0 0 0 0 0 0 0 0 0 0 0 0 0 
0 0 0 0 0 0 0 0 0 0 0 0 0 0 0 0 0 0 0 0 0 0 0 0 0 0 0 0 0 0 0 0 0 0 0 0 0 0 0 0 0 0 0 0 0 0 0 0 0 0 0 0 0 0 0 0 0 0 0 0 0 0 0 0 0 0 0 0 0 0 0 0 0 0 0 0 0 0 0 0 0 0 0 0 0 0 0 0 0 1 1 1 0 1 3 2 2 1 2 4 0 4 2 1 0 3 2 2 0 0 1 1 0 0 0 3 3 4 1 4 4 4 5 0 5 2 4 7 6 3 7 2 2 2 7 7 1 4 2 4 7 3 4 5 0 5 2 2 4 2 0 5 1 1 3 1 3 2 4 0 1 0 1 0 0 0 0 0 0 0 0 0 0 0 0 0 0 0 0 0 0 0 0 0 0 0 0 0 0 0 0 0 0 0 0 0 0 0 0 0 0 0 0 0 0 0 0 0 0 0 0 0 0 0 0 0 0 0 0 0 0 0 0 0 0 0 0 0 0 0 0 0 0 0 0 0 0 0 0 0 0 0 0 0 0 0 0 0 0 0 0 0 0 0 0 0 
0 0 0 0 0 0 0 0 0 0 0 0 0 0 0 0 0 0 0 0 0 0 0 0 0 0 0 0 0 0 0 0 0 0 0 0 0 0 0 0 0 0 0 0 0 0 0 0 0 0 0 0 0 0 0 0 0 0 0 0 0 0 0 0 0 0 0 0 0 0 0 0 0 0 0 0 0 0 0 0 0 0 0 0 0 0 0 0 0 1 2 0 1 2 1 2 4 2 4 2 1 2 3 2 2 0 0 3 0 2 3 3 2 1 3 3 2 3 2 2 0 2 2 5 0 3 3 6 4 5 2 8 4 5 5 3 4 4 3 1 4 3 6 3 3 1 1 3 2 3 4 1 4 7 1 0 3 1 4 0 3 1 1 1 0 0 0 0 0 0 0 0 0 0 0 0 0 0 0 0 0 0 0 0 0 0 0 0 0 0 0 0 0 0 0 0 0 0 0 0 0 0 0 0 0 0 0 0 0 0 0 0 0 0 0 0 0 0 0 0 0 0 0 0 0 0 0 0 0 0 0 0 0 0 0 0 0 0 0 0 0 0 0 0 0 0 0 0 0 0 0 0 0 0 0 0 
0 0 0 0 0 0 0 0 0 0 0 0 0 0 0 0 0 0 0 0 0 0 0 0 0 0 0 0 0 0 0 0 0 0 0 0 0 0 0 0 0 0 0 0 0 0 0 0 0 0 0 0 0 0 0 0 0 0 0 0 0 0 0 0 0 0 0 0 0 0 0 0 0 0 0 0 0 0 0 0 0 0 0 0 0 0 0 0 3 1 1 4 4 1 1 1 3 2 1 5 1 3 2 1 0 2 2 0 0 0 2 1 1 0 1 1 0 5 2 5 2 2 3 5 3 7 2 0 3 3 3 1 5 2 3 5 1 3 4 2 9 3 6 3 2 4 3 2 4 1 2 2 0 1 1 7 2 0 1 1 1 0 0 1 0 0 0 0 0 0 0 0 0 0 0 0 0 0 0 0 0 0 0 0 0 0 0 0 0 0 0 0 0 0 0 0 0 0 0 0 0 0 0 0 0 0 0 0 0 0 0 0 0 0 0 0 0 0 0 0 0 0 0 0 0 0 0 0 0 0 0 0 0 0 0 0 0 0 0 0 0 0 0 0 0 0 0 0 0 0 0 0 0 0 0 0 
0 0 0 0 0 0 0 0 0 0 0 0 0 0 0 0 0 0 0 0 0 0 0 0 0 0 0 0 0 0 0 0 0 0 0 0 0 0 0 0 0 0 0 0 0 0 0 0 0 0 0 0 0 0 0 0 0 0 0 0 0 0 0 0 0 0 0 0 0 0 0 0 0 0 0 0 0 0 0 0 0 0 0 0 0 0 0 0 0 0 2 1 2 2 3 2 2 1 3 2 1 6 1 1 1 0 0 1 0 1 1 1 1 1 1 2 0 4 1 1 1 2 2 2 4 1 2 2 5 1 2 1 1 5 1 8 3 3 3 4 4 4 1 2 1 2 1 0 2 1 5 3 5 5 5 0 1 3 3 1 1 0 0 0 0 0 0 0 0 0 0 0 0 0 0 0 0 0 0 0 0 0 0 0 0 0 0 0 0 0 0 0 0 0 0 0 0 0 0 0 0 0 0 0 0 0 0 0 0 0 0 0 0 0 0 0 0 0 0 0 0 0 0 0 0 0 0 0 0 0 0 0 0 0 0 0 0 0 0 0 0 0 0 0 0 0 0 0 0 0 0 0 0 0 0 0 
0 0 0 0 0 0 0 0 0 0 0 0 0 0 0 0 0 0 0 0 0 0 0 0 0 0 0 0 0 0 0 0 0 0 0 0 0 0 0 0 0 0 0 0 0 0 0 0 0 0 0 0 0 0 0 0 0 0 0 0 0 0 0 0 0 0 0 0 0 0 0 0 0 0 0 0 0 0 0 0 0 0 0 0 0 0 0 0 0 0 0 0 1 3 1 2 2 3 3 2 1 1 2 3 4 0 1 1 0 2 0 0 1 1 3 3 1 1 4 4 6 3 6 3 3 2 1 2 4 6 3 2 4 1 1 8 5 3 5 0 3 3 3 1 5 3 3 1 3 1 2 5 1 1 0 2 5 1 0 1 0 1 0 0 0 0 0 0 0 0 0 0 0 0 0 0 0 0 0 0 0 0 0 0 0 0 0 0 0 0 0 0 0 0 0 0 0 0 0 0 0 0 0 0 0 0 0 0 0 0 0 0 0 0 0 0 0 0 0 0 0 0 0 0 0 0 0 0 0 0 0 0 0 0 0 0 0 0 0 0 0 0 0 0 0 0 0 0 0 0 0 0 0 0 0 0 
0 0 0 0 0 0 0 0 0 0 0 0 0 0 0 0 0 0 0 0 0 0 0 0 0 0 0 0 0 0 0 0 0 0 0 0 0 0 0 0 0 0 0 0 0 0 0 0 0 0 0 0 0 0 0 0 0 0 0 0 0 0 0 0 0 0 0 0 0 0 0 0 0 0 0 0 0 0 0 0 0 0 0 0 0 0 0 0 0 1 0 3 2 3 3 0 4 2 2 1 1 2 0 1 0 2 0 2 0 0 1 0 0 2 1 0 2 2 2 2 4 2 4 6 0 0 1 2 4 8 3 4 3 6 4 7 3 3 3 1 1 4 1 0 2 3 4 1 3 1 2 1 4 2 2 6 2 1 1 1 0 1 1 1 0 0 0 0 0 0 0 0 0 0 0 0 0 0 0 0 0 0 0 0 0 0 0 0 0 0 0 0 0 0 0 0 0 0 0 0 0 0 0 0 0 0 0 0 0 0 0 0 0 0 0 0 0 0 0 0 0 0 0 0 0 0 0 0 0 0 0 0 0 0 0 0 0 0 0 0 0 0 0 0 0 0 0 0 0 0 0 0 0 0 0 0 
0 0 0 0 0 0 0 0 0 0 0 0 0 0 0 0 0 0 0 0 0 0 0 0 0 0 0 0 0 0 0 0 0 0 0 0 0 0 0 0 0 0 0 0 0 0 0 0 0 0 0 0 0 0 0 0 0 0 0 0 0 0 0 0 0 0 0 0 0 0 0 0 0 0 0 0 0 0 0 0 0 0 0 0 0 0 0 0 0 0 1 0 5 2 0 3 2 2 1 8 2 1 3 2 0 1 0 1 0 0 0 1 0 4 2 2 3 1 2 2 2 3 3 3 2 3 5 2 4 6 3 1 0 5 4 3 0 3 3 1 2 6 0 4 7 0 2 5 2 3 2 3 2 5 1 0 1 2 3 2 0 2 0 0 0 0 0 0 0 0 0 0 0 0 0 0 0 0 0 0 0 0 0 0 0 0 0 0 0 0 0 0 0 0 0 0 0 0 0 0 0 0 0 0 0 0 0 0 0 0 0 0 0 0 0 0 0 0 0 0 0 0 0 0 0 0 0 0 0 0 0 0 0 0 0 0 0 0 0 0 0 0 0 0 0 0 0 0 0 0 0 0 0 0 0 0 
0 0 0 0 0 0 0 0 0 0 0 0 0 0 0 0 0 0 0 0 0 0 0 0 0 0 0 0 0 0 0 0 0 0 0 0 0 0 0 0 0 0 0 0 0 0 0 0 0 0 0 0 0 0 0 0 0 0 0 0 0 0 0 0 0 0 0 0 0 0 0 0 0 0 0 0 0 0 0 0 0 0 0 0 0 0 0 0 1 0 1 0 3 2 0 1 0 1 2 2 4 1 0 1 1 2 2 0 0 0 0 2 3 0 2 0 1 1 1 1 1 2 3 4 2 1 0 3 5 3 1 3 5 3 5 5 6 1 2 4 3 6 4 3 2 2 1 3 0 2 4 1 0 2 4 1 1 3 1 0 2 1 2 0 0 0 0 0 0 0 0 0 0 0 0 0 0 0 0 0 0 0 0 0 0 0 0 0 0 0 0 0 0 0 0 0 0 0 0 0 0 0 0 0 0 0 0 0 0 0 0 0 0 0 0 0 0 0 0 0 0 0 0 0 0 0 0 0 0 0 0 0 0 0 0 0 0 0 0 0 0 0 0 0 0 0 0 0 0 0 0 0 0 0 0 0 
0 0 0 0 0 0 0 0 0 0 0 0 0 0 0 0 0 0 0 0 0 0 0 0 0 0 0 0 0 0 0 0 0 0 0 0 0 0 0 0 0 0 0 0 0 0 0 0 0 0 0 0 0 0 0 0 0 0 0 0 0 0 0 0 0 0 0 0 0 0 0 0 0 0 0 0 0 0 0 0 0 0 0 0 0 0 0 0 1 0 0 2 1 3 1 0 3 4 4 2 1 0 2 1 1 0 0 0 0 0 1 0 1 0 2 1 1 5 2 1 3 3 7 1 2 2 4 0 3 1 6 4 2 3 3 1 4 5 1 3 0 5 3 3 3 3 1 1 0 2 1 3 1 4 3 1 1 5 2 0 3 1 0 0 0 0 0 0 0 0 0 0 0 0 0 0 0 0 0 0 0 0 0 0 0 0 0 0 0 0 0 0 0 0 0 0 0 0 0 0 0 0 0 0 0 0 0 0 0 0 0 0 0 0 0 0 0 0 0 0 0 0 0 0 0 0 0 0 0 0 0 0 0 0 0 0 0 0 0 0 0 0 0 0 0 0 0 0 0 0 0 0 0 0 0 0 
0 0 0 0 0 0 0 0 0 0 0 0 0 0 0 0 0 0 0 0 0 0 0 0 0 0 0 0 0 0 0 0 0 0 0 0 0 0 0 0 0 0 0 0 0 0 0 0 0 0 0 0 0 0 0 0 0 0 0 0 0 0 0 0 0 0 0 0 0 0 0 0 0 0 0 0 0 0 0 0 0 0 0 0 0 0 0 0 1 1 0 1 0 1 3 2 4 1 1 3 2 2 1 1 2 0 3 1 0 1 2 1 1 2 0 3 0 3 1 4 3 6 3 1 1 1 3 2 1 1 0 3 3 3 2 2 2 1 4 9 3 2 5 3 2 4 4 1 1 0 1 0 1 3 3 1 0 0 5 0 1 0 0 0 0 0 0 0 0 0 0 0 0 0 0 0 0 0 0 0 0 0 0 0 0 0 0 0 0 0 0 0 0 0 0 0 0 0 0 0 0 0 0 0 0 0 0 0 0 0 0 0 0 0 0 0 0 0 0 0 0 0 0 0 0 0 0 0 0 0 0 0 0 0 0 0 0 0 0 0 0 0 0 0 0 0 0 0 0 0 0 0 0 0 0 0 
0 0 0 0 0 0 0 0 0 0 0 0 0 0 0 0 0 0 0 0 0 0 0 0 0 0 0 0 0 0 0 0 0 0 0 0 0 0 0 0 0 0 0 0 0 0 0 0 0 0 0 0 0 0 0 0 0 0 0 0 0 0 0 0 0 0 0 0 0 0 0 0 0 0 0 0 0 0 0 0 0 0 0 0 0 0 0 0 0 2 1 3 2 1 0 1 4 1 3 3 0 3 0 1 0 0 0 1 1 0 0 1 0 1 3 2 0 2 2 1 2 1 0 3 2 3 2 3 3 2 3 0 2 2 0 3 1 3 0 1 3 6 1 4 3 0 2 0 2 6 1 4 1 3 3 1 0 3 0 3 1 0 0 0 0 0 0 0 0 0 0 0 0 0 0 0 0 0 0 0 0 0 0 0 0 0 0 0 0 0 0 0 0 0 0 0 0 0 0 0 0 0 0 0 0 0 0 0 0 0 0 0 0 0 0 0 0 0 0 0 0 0 0 0 0 0 0 0 0 0 0 0 0 0 0 0 0 0 0 0 0 0 0 0 0 0 0 0 0 0 0 0 0 0 0 0 
0 0 0 0 0 0 0 0 0 0 0 0 0 0 0 0 0 0 0 0 0 0 0 0 0 0 0 0 0 0 0 0 0 0 0 0 0 0 0 0 0 0 0 0 0 0 0 0 0 0 0 0 0 0 0 0 0 0 0 0 0 0 0 0 0 0 0 0 0 0 0 0 0 0 0 0 0 0 0 0 0 0 0 0 0 0 0 0 1 0 1 0 1 2 2 0 1 3 2 1 3 1 3 1 0 2 1 0 1 0 0 2 2 2 1 2 1 1 1 1 1 1 4 3 1 2 1 2 3 3 6 2 6 5 3 2 3 2 1 2 1 3 2 1 3 3 2 2 1 1 1 0 1 2 2 0 2 0 1 0 0 0 0 0 0 0 0 0 0 0 0 0 0 0 0 0 0 0 0 0 0 0 0 0 0 0 0 0 0 0 0 0 0 0 0 0 0 0 0 0 0 0 0 0 0 0 0 0 0 0 0 0 0 0 0 0 0 0 0 0 0 0 0 0 0 0 0 0 0 0 0 0 0 0 0 0 0 0 0 0 0 0 0 0 0 0 0 0 0 0 0 0 0 0 0 0 
0 0 0 0 0 0 0 0 0 0 0 0 0 0 0 0 0 0 0 0 0 0 0 0 0 0 0 0 0 0 0 0 0 0 0 0 0 0 0 0 0 0 0 0 0 0 0 0 0 0 0 0 0 0 0 0 0 0 0 0 0 0 0 0 0 0 0 0 0 0 0 0 0 0 0 0 0 0 0 0 0 0 0 0 0 0 0 0 0 0 0 0 1 1 1 2 0 3 1 1 1 2 1 0 2 0 1 0 0 0 2 2 3 2 2 1 3 1 3 2 1 2 1 2 1 2 1 3 3 1 5 1 3 8 1 3 4 4 4 3 3 0 1 0 0 2 2 1 2 1 0 0 0 0 4 1 4 0 2 2 1 0 0 0 0 0 0 0 0 0 0 0 0 0 0 0 0 0 0 0 0 0 0 0 0 0 0 0 0 0 0 0 0 0 0 0 0 0 0 0 0 0 0 0 0 0 0 0 0 0 0 0 0 0 0 0 0 0 0 0 0 0 0 0 0 0 0 0 0 0 0 0 0 0 0 0 0 0 0 0 0 0 0 0 0 0 0 0 0 0 0 0 0 0 0 0 
0 0 0 0 0 0 0 0 0 0 0 0 0 0 0 0 0 0 0 0 0 0 0 0 0 0 0 0 0 0 0 0 0 0 0 0 0 0 0 0 0 0 0 0 0 0 0 0 0 0 0 0 0 0 0 0 0 0 0 0 0 0 0 0 0 0 0 0 0 0 0 0 0 0 0 0 0 0 0 0 0 0 0 0 0 0 0 1 0 2 0 1 2 3 1 1 5 3 1 1 1 3 0 0 1 0 1 0 0 1 1 1 0 3 0 1 1 2 0 3 3 1 2 3 3 2 1 2 2 2 3 2 2 3 3 3 2 1 2 1 7 2 3 2 0 2 1 2 0 1 2 2 0 5 4 2 1 1 2 2 1 0 0 0 0 0 0 0 0 0 0 0 0 0 0 0 0 0 0 0 0 0 0 0 0 0 0 0 0 0 0 0 0 0 0 0 0 0 0 0 0 0 0 0 0 0 0 0 0 0 0 0 0 0 0 0 0 0 0 0 0 0 0 0 0 0 0 0 0 0 0 0 0 0 0 0 0 0 0 0 0 0 0 0 0 0 0 0 0 0 0 0 0 0 0 0 
0 0 0 0 0 0 0 0 0 0 0 0 0 0 0 0 0 0 0 0 0 0 0 0 0 0 0 0 0 0 0 0 0 0 0 0 0 0 0 0 0 0 0 0 0 0 0 0 0 0 0 0 0 0 0 0 0 0 0 0 0 0 0 0 0 0 0 0 0 0 0 0 0 0 0 0 0 0 0 0 0 0 0 0 0 0 0 0 0 0 0 0 3 3 0 2 1 2 0 1 1 1 1 0 3 2 0 0 0 2 1 0 0 0 3 2 2 0 3 1 2 3 3 0 1 5 2 2 0 1 1 3 0 1 4 1 1 1 3 2 3 2 4 4 2 2 1 2 3 1 2 3 2 1 0 1 2 0 0 1 2 0 1 0 0 0 0 0 0 0 0 0 0 0 0 0 0 0 0 0 0 0 0 0 0 0 0 0 0 0 0 0 0 0 0 0 0 0 0 0 0 0 0 0 0 0 0 0 0 0 0 0 0 0 0 0 0 0 0 0 0 0 0 0 0 0 0 0 0 0 0 0 0 0 0 0 0 0 0 0 0 0 0 0 0 0 0 0 0 0 0 0 0 0 0 0 
0 0 0 0 0 0 0 0 0 0 0 0 0 0 0 0 0 0 0 0 0 0 0 0 0 0 0 0 0 0 0 0 0 0 0 0 0 0 0 0 0 0 0 0 0 0 0 0 0 0 0 0 0 0 0 0 0 0 0 0 0 0 0 0 0 0 0 0 0 0 0 0 0 0 0 0 0 0 0 0 0 0 0 0 0 0 0 1 0 0 0 1 3 1 1 2 1 1 2 1 2 2 0 0 0 3 1 0 0 0 0 1 1 2 0 1 2 1 3 1 0 0 5 2 1 0 5 3 1 2 1 2 2 4 3 2 0 3 3 2 3 3 3 3 0 2 2 4 3 1 3 0 2 2 0 2 1 0 2 1 0 2 1 0 0 0 0 0 0 0 0 0 0 0 0 0 0 0 0 0 0 0 0 0 0 0 0 0 0 0 0 0 0 0 0 0 0 0 0 0 0 0 0 0 0 0 0 0 0 0 0 0 0 0 0 0 0 0 0 0 0 0 0 0 0 0 0 0 0 0 0 0 0 0 0 0 0 0 0 0 0 0 0 0 0 0 0 0 0 0 0 0 0 0 0 0 
0 0 0 0 0 0 0 0 0 0 0 0 0 0 0 0 0 0 0 0 0 0 0 0 0 0 0 0 0 0 0 0 0 0 0 0 0 0 0 0 0 0 0 0 0 0 0 0 0 0 0 0 0 0 0 0 0 0 0 0 0 0 0 0 0 0 0 0 0 0 0 0 0 0 0 0 0 0 0 0 0 0 0 0 0 0 0 0 0 0 1 1 1 2 0 0 1 0 2 1 1 1 1 1 0 1 2 1 0 0 1 0 2 2 1 1 0 3 4 2 1 1 2 2 1 3 4 0 2 2 3 1 2 2 2 1 2 2 2 3 4 2 7 4 0 1 3 1 3 2 0 3 0 1 1 2 1 2 0 0 0 0 0 0 0 0 0 0 0 0 0 0 0 0 0 0 0 0 0 0 0 0 0 0 0 0 0 0 0 0 0 0 0 0 0 0 0 0 0 0 0 0 0 0 0 0 0 0 0 0 0 0 0 0 0 0 0 0 0 0 0 0 0 0 0 0 0 0 0 0 0 0 0 0 0 0 0 0 0 0 0 0 0 0 0 0 0 0 0 0 0 0 0 0 0 0 
0 0 0 0 0 0 0 0 0 0 0 0 0 0 0 0 0 0 0 0 0 0 0 0 0 0 0 0 0 0 0 0 0 0 0 0 0 0 0 0 0 0 0 0 0 0 0 0 0 0 0 0 0 0 0 0 0 0 0 0 0 0 0 0 0 0 0 0 0 0 0 0 0 0 0 0 0 0 0 0 0 0 0 0 0 0 0 0 1 1 1 1 0 1 1 2 0 2 0 0 0 1 1 1 3 0 0 0 1 1 0 0 0 0 0 0 1 2 0 2 1 0 0 3 3 2 4 3 1 2 0 1 3 0 2 0 3 0 1 2 1 1 2 1 4 0 0 0 0 1 1 1 0 0 3 0 1 2 3 1 1 1 1 0 0 0 0 0 0 0 0 0 0 0 0 0 0 0 0 0 0 0 0 0 0 0 0 0 0 0 0 0 0 0 0 0 0 0 0 0 0 0 0 0 0 0 0 0 0 0 0 0 0 0 0 0 0 0 0 0 0 0 0 0 0 0 0 0 0 0 0 0 0 0 0 0 0 0 0 0 0 0 0 0 0 0 0 0 0 0 0 0 0 0 0 0 
0 0 0 0 0 0 0 0 0 0 0 0 0 0 0 0 0 0 0 0 0 0 0 0 0 0 0 0 0 0 0 0 0 0 0 0 0 0 0 0 0 0 0 0 0 0 0 0 0 0 0 0 0 0 0 0 0 0 0 0 0 0 0 0 0 0 0 0 0 0 0 0 0 0 0 0 0 0 0 0 0 0 0 0 0 0 0 0 0 0 0 0 1 2 0 3 1 1 0 2 2 1 2 3 2 0 0 0 0 0 0 0 0 1 0 0 1 1 2 0 1 1 0 4 1 3 3 0 0 1 3 1 2 2 1 2 1 1 1 4 4 1 2 3 0 3 0 0 0 2 1 1 0 1 0 1 2 1 0 0 0 0 0 0 0 0 0 0 0 0 0 0 0 0 0 0 0 0 0 0 0 0 0 0 0 0 0 0 0 0 0 0 0 0 0 0 0 0 0 0 0 0 0 0 0 0 0 0 0 0 0 0 0 0 0 0 0 0 0 0 0 0 0 0 0 0 0 0 0 0 0 0 0 0 0 0 0 0 0 0 0 0 0 0 0 0 0 0 0 0 0 0 0 0 0 0 
0 0 0 0 0 0 0 0 0 0 0 0 0 0 0 0 0 0 0 0 0 0 0 0 0 0 0 0 0 0 0 0 0 0 0 0 0 0 0 0 0 0 0 0 0 0 0 0 0 0 0 0 0 0 0 0 0 0 0 0 0 0 0 0 0 0 0 0 0 0 0 0 0 0 0 0 0 0 0 0 0 0 0 0 0 0 0 1 0 1 2 0 2 0 4 0 2 2 1 1 3 0 1 2 0 0 1 0 0 0 0 0 1 2 3 0 0 0 2 1 3 3 1 1 2 0 2 1 1 0 2 1 1 4 0 3 0 2 2 2 1 2 3 1 3 0 2 1 0 2 0 1 1 1 3 0 0 1 0 0 1 0 0 0 0 0 0 0 0 0 0 0 0 0 0 0 0 0 0 0 0 0 0 0 0 0 0 0 0 0 0 0 0 0 0 0 0 0 0 0 0 0 0 0 0 0 0 0 0 0 0 0 0 0 0 0 0 0 0 0 0 0 0 0 0 0 0 0 0 0 0 0 0 0 0 0 0 0 0 0 0 0 0 0 0 0 0 0 0 0 0 0 0 0 0 0 
0 0 0 0 0 0 0 0 0 0 0 0 0 0 0 0 0 0 0 0 0 0 0 0 0 0 0 0 0 0 0 0 0 0 0 0 0 0 0 0 0 0 0 0 0 0 0 0 0 0 0 0 0 0 0 0 0 0 0 0 0 0 0 0 0 0 0 0 0 0 0 0 0 0 0 0 0 0 0 0 0 0 0 0 0 0 0 0 0 0 1 0 0 0 0 0 0 1 0 1 1 1 0 0 0 1 0 1 0 0 0 0 0 0 0 1 1 0 0 2 3 2 0 1 1 1 3 1 0 0 4 2 0 2 3 2 1 5 2 2 1 1 4 2 3 0 0 2 1 1 2 0 1 2 1 0 1 0 0 0 0 1 0 0 0 0 0 0 0 0 0 0 0 0 0 0 0 0 0 0 0 0 0 0 0 0 0 0 0 0 0 0 0 0 0 0 0 0 0 0 0 0 0 0 0 0 0 0 0 0 0 0 0 0 0 0 0 0 0 0 0 0 0 0 0 0 0 0 0 0 0 0 0 0 0 0 0 0 0 0 0 0 0 0 0 0 0 0 0 0 0 0 0 0 0 0 
0 0 0 0 0 0 0 0 0 0 0 0 0 0 0 0 0 0 0 0 0 0 0 0 0 0 0 0 0 0 0 0 0 0 0 0 0 0 0 0 0 0 0 0 0 0 0 0 0 0 0 0 0 0 0 0 0 0 0 0 0 0 0 0 0 0 0 0 0 0 0 0 0 0 0 0 0 0 0 0 0 0 0 0 0 0 0 0 1 1 4 1 2 0 0 2 0 0 0 1 2 2 0 0 1 0 1 1 0 0 0 0 0 2 1 1 1 1 0 1 2 0 0 0 2 0 3 2 0 1 0 3 1 6 0 0 1 0 1 2 2 2 4 2 1 5 1 2 0 0 1 2 2 1 1 1 0 0 1 3 0 0 0 0 0 0 0 0 0 0 0 0 0 0 0 0 0 0 0 0 0 0 0 0 0 0 0 0 0 0 0 0 0 0 0 0 0 0 0 0 0 0 0 0 0 0 0 0 0 0 0 0 0 0 0 0 0 0 0 0 0 0 0 0 0 0 0 0 0 0 0 0 0 0 0 0 0 0 0 0 0 0 0 0 0 0 0 0 0 0 0 0 0 0 0 0 
0 0 0 0 0 0 0 0 0 0 0 0 0 0 0 0 0 0 0 0 0 0 0 0 0 0 0 0 0 0 0 0 0 0 0 0 0 0 0 0 0 0 0 0 0 0 0 0 0 0 0 0 0 0 0 0 0 0 0 0 0 0 0 0 0 0 0 0 0 0 0 0 0 0 0 0 0 0 0 0 0 0 0 0 0 0 0 1 0 2 1 0 0 0 0 2 0 0 1 1 0 0 1 1 0 1 0 0 0 1 0 0 0 2 0 0 1 0 2 1 1 1 3 2 0 2 1 2 2 0 1 2 1 1 0 0 0 0 2 0 1 0 1 0 1 1 1 2 0 1 0 0 1 0 0 0 2 0 1 0 1 0 0 0 0 0 0 0 0 0 0 0 0 0 0 0 0 0 0 0 0 0 0 0 0 0 0 0 0 0 0 0 0 0 0 0 0 0 0 0 0 0 0 0 0 0 0 0 0 0 0 0 0 0 0 0 0 0 0 0 0 0 0 0 0 0 0 0 0 0 0 0 0 0 0 0 0 0 0 0 0 0 0 0 0 0 0 0 0 0 0 0 0 0 0 0 
0 0 0 0 0 0 0 0 0 0 0 0 0 0 0 0 0 0 0 0 0 0 0 0 0 0 0 0 0 0 0 0 0 0 0 0 0 0 0 0 0 0 0 0 0 0 0 0 0 0 0 0 0 0 0 0 0 0 0 0 0 0 0 0 0 0 0 0 0 0 0 0 0 0 0 0 0 0 0 0 0 0 0 0 0 0 0 0 0 0 1 0 1 0 0 1 0 2 1 0 0 1 1 2 1 0 0 0 0 1 1 0 0 0 1 1 1 2 0 0 0 0 2 1 0 2 0 0 0 1 1 0 0 1 2 0 2 2 1 0 2 2 0 1 1 1 0 1 1 1 2 0 0 0 2 2 0 0 0 0 0 0 0 1 0 0 0 0 0 0 0 0 0 0 0 0 0 0 0 0 0 0 0 0 0 0 0 0 0 0 0 0 0 0 0 0 0 0 0 0 0 0 0 0 0 0 0 0 0 0 0 0 0 0 0 0 0 0 0 0 0 0 0 0 0 0 0 0 0 0 0 0 0 0 0 0 0 0 0 0 0 0 0 0 0 0 0 0 0 0 0 0 0 0 0 0 
0 0 0 0 0 0 0 0 0 0 0 0 0 0 0 0 0 0 0 0 0 0 0 0 0 0 0 0 0 0 0 0 0 0 0 0 0 0 0 0 0 0 0 0 0 0 0 0 0 0 0 0 0 0 0 0 0 0 0 0 0 0 0 0 0 0 0 0 0 0 0 0 0 0 0 0 0 0 0 0 0 0 0 0 0 0 0 0 1 0 0 1 0 0 0 1 2 0 1 0 1 0 0 1 1 0 1 0 0 0 0 0 0 1 0 1 1 1 0 1 0 1 1 1 2 2 0 0 0 0 0 0 1 1 2 2 2 1 0 2 4 2 1 1 1 2 0 0 1 0 1 1 0 0 0 0 0 0 0 1 0 0 0 0 0 0 0 0 0 0 0 0 0 0 0 0 0 0 0 0 0 0 0 0 0 0 0 0 0 0 0 0 0 0 0 0 0 0 0 0 0 0 0 0 0 0 0 0 0 0 0 0 0 0 0 0 0 0 0 0 0 0 0 0 0 0 0 0 0 0 0 0 0 0 0 0 0 0 0 0 0 0 0 0 0 0 0 0 0 0 0 0 0 0 0 0 
0 0 0 0 0 0 0 0 0 0 0 0 0 0 0 0 0 0 0 0 0 0 0 0 0 0 0 0 0 0 0 0 0 0 0 0 0 0 0 0 0 0 0 0 0 0 0 0 0 0 0 0 0 0 0 0 0 0 0 0 0 0 0 0 0 0 0 0 0 0 0 0 0 0 0 0 0 0 0 0 0 0 0 0 0 0 0 1 0 0 0 1 0 1 0 1 0 2 1 1 1 2 1 0 0 0 0 0 1 0 0 0 0 0 1 0 2 1 0 2 0 0 0 1 1 0 1 0 1 0 1 0 0 1 2 2 2 0 1 1 2 0 5 0 2 1 0 0 1 1 1 1 0 1 1 0 1 0 1 2 0 0 0 1 0 0 0 0 0 0 0 0 0 0 0 0 0 0 0 0 0 0 0 0 0 0 0 0 0 0 0 0 0 0 0 0 0 0 0 0 0 0 0 0 0 0 0 0 0 0 0 0 0 0 0 0 0 0 0 0 0 0 0 0 0 0 0 0 0 0 0 0 0 0 0 0 0 0 0 0 0 0 0 0 0 0 0 0 0 0 0 0 0 0 0 0 
0 0 0 0 0 0 0 0 0 0 0 0 0 0 0 0 0 0 0 0 0 0 0 0 0 0 0 0 0 0 0 0 0 0 0 0 0 0 0 0 0 0 0 0 0 0 0 0 0 0 0 0 0 0 0 0 0 0 0 0 0 0 0 0 0 0 0 0 0 0 0 0 0 0 0 0 0 0 0 0 0 0 0 0 0 0 0 0 0 1 0 2 1 0 1 2 0 1 1 0 2 1 0 1 1 0 0 1 1 1 0 0 0 2 2 0 2 0 0 1 2 0 0 2 2 1 0 1 0 1 3 0 1 0 1 1 1 1 1 1 0 1 2 0 0 0 1 0 0 2 5 1 0 1 0 1 0 2 2 0 0 0 0 0 0 0 0 0 0 0 0 0 0 0 0 0 0 0 0 0 0 0 0 0 0 0 0 0 0 0 0 0 0 0 0 0 0 0 0 0 0 0 0 0 0 0 0 0 0 0 0 0 0 0 0 0 0 0 0 0 0 0 0 0 0 0 0 0 0 0 0 0 0 0 0 0 0 0 0 0 0 0 0 0 0 0 0 0 0 0 0 0 0 0 0 0 
0 0 0 0 0 0 0 0 0 0 0 0 0 0 0 0 0 0 0 0 0 0 0 0 0 0 0 0 0 0 0 0 0 0 0 0 0 0 0 0 0 0 0 0 0 0 0 0 0 0 0 0 0 0 0 0 0 0 0 0 0 0 0 0 0 0 0 0 0 0 0 0 0 0 0 0 0 0 0 0 0 0 0 0 0 0 0 0 1 0 0 0 1 0 0 0 0 1 0 0 0 0 0 0 0 0 0 0 0 0 2 1 0 0 0 0 0 0 0 1 2 1 1 0 1 0 2 2 2 2 0 5 0 0 0 1 1 0 2 2 2 0 1 2 1 1 1 1 0 0 2 1 1 1 0 0 0 0 2 0 0 0 0 0 0 0 0 0 0 0 0 0 0 0 0 0 0 0 0 0 0 0 0 0 0 0 0 0 0 0 0 0 0 0 0 0 0 0 0 0 0 0 0 0 0 0 0 0 0 0 0 0 0 0 0 0 0 0 0 0 0 0 0 0 0 0 0 0 0 0 0 0 0 0 0 0 0 0 0 0 0 0 0 0 0 0 0 0 0 0 0 0 0 0 0 0 
0 0 0 0 0 0 0 0 0 0 0 0 0 0 0 0 0 0 0 0 0 0 0 0 0 0 0 0 0 0 0 0 0 0 0 0 0 0 0 0 0 0 0 0 0 0 0 0 0 0 0 0 0 0 0 0 0 0 0 0 0 0 0 0 0 0 0 0 0 0 0 0 0 0 0 0 0 0 0 0 0 0 0 0 0 0 0 0 0 0 0 0 0 0 0 2 1 1 1 0 0 0 0 1 0 2 0 0 1 1 1 0 0 0 0 1 1 0 1 0 0 2 2 1 0 0 2 0 2 1 0 1 2 0 4 1 0 1 0 1 0 2 0 1 4 1 0 0 0 1 0 0 1 0 0 0 0 1 0 0 0 0 0 0 0 0 0 0 0 0 0 0 0 0 0 0 0 0 0 0 0 0 0 0 0 0 0 0 0 0 0 0 0 0 0 0 0 0 0 0 0 0 0 0 0 0 0 0 0 0 0 0 0 0 0 0 0 0 0 0 0 0 0 0 0 0 0 0 0 0 0 0 0 0 0 0 0 0 0 0 0 0 0 0 0 0 0 0 0 0 0 0 0 0 0 0 
0 0 0 0 0 0 0 0 0 0 0 0 0 0 0 0 0 0 0 0 0 0 0 0 0 0 0 0 0 0 0 0 0 0 0 0 0 0 0 0 0 0 0 0 0 0 0 0 0 0 0 0 0 0 0 0 0 0 0 0 0 0 0 0 0 0 0 0 0 0 0 0 0 0 0 0 0 0 0 0 0 0 0 0 0 0 0 0 0 1 0 0 0 0 0 1 0 0 0 0 1 0 0 0 0 0 0 0 0 0 1 0 0 1 0 0 2 1 0 3 2 0 0 3 0 0 2 0 0 1 0 0 0 0 0 1 0 1 1 0 0 0 1 0 2 1 0 0 1 0 1 0 1 1 0 0 2 0 0 0 0 0 0 0 0 0 0 0 0 0 0 0 0 0 0 0 0 0 0 0 0 0 0 0 0 0 0 0 0 0 0 0 0 0 0 0 0 0 0 0 0 0 0 0 0 0 0 0 0 0 0 0 0 0 0 0 0 0 0 0 0 0 0 0 0 0 0 0 0 0 0 0 0 0 0 0 0 0 0 0 0 0 0 0 0 0 0 0 0 0 0 0 0 0 0 0 
0 0 0 0 0 0 0 0 0 0 0 0 0 0 0 0 0 0 0 0 0 0 0 0 0 0 0 0 0 0 0 0 0 0 0 0 0 0 0 0 0 0 0 0 0 0 0 0 0 0 0 0 0 0 0 0 0 0 0 0 0 0 0 0 0 0 0 0 0 0 0 0 0 0 0 0 0 0 0 0 0 0 0 0 0 0 0 0 0 0 1 1 0 0 0 0 0 0 0 0 0 0 0 1 0 0 0 1 0 1 0 2 0 0 0 1 0 0 0 0 1 0 0 2 1 1 1 0 0 2 0 1 1 2 1 0 1 1 2 1 1 1 0 1 2 1 0 1 1 0 1 0 0 0 1 1 1 1 1 0 1 0 0 0 0 0 0 0 0 0 0 0 0 0 0 0 0 0 0 0 0 0 0 0 0 0 0 0 0 0 0 0 0 0 0 0 0 0 0 0 0 0 0 0 0 0 0 0 0 0 0 0 0 0 0 0 0 0 0 0 0 0 0 0 0 0 0 0 0 0 0 0 0 0 0 0 0 0 0 0 0 0 0 0 0 0 0 0 0 0 0 0 0 0 0 0 
0 0 0 0 0 0 0 0 0 0 0 0 0 0 0 0 0 0 0 0 0 0 0 0 0 0 0 0 0 0 0 0 0 0 0 0 0 0 0 0 0 0 0 0 0 0 0 0 0 0 0 0 0 0 0 0 0 0 0 0 0 0 0 0 0 0 0 0 0 0 0 0 0 0 0 0 0 0 0 0 0 0 0 0 0 0 0 0 0 0 0 0 1 1 0 2 0 0 2 0 1 1 1 0 1 0 0 0 0 0 0 0 2 2 0 0 0 1 1 0 1 0 1 0 0 3 0 0 1 0 1 1 2 1 0 0 1 0 1 0 0 1 0 2 0 1 0 0 1 1 1 0 0 0 1 0 1 0 0 0 0 0 0 0 0 0 0 0 0 0 0 0 0 0 0 0 0 0 0 0 0 0 0 0 0 0 0 0 0 0 0 0 0 0 0 0 0 0 0 0 0 0 0 0 0 0 0 0 0 0 0 0 0 0 0 0 0 0 0 0 0 0 0 0 0 0 0 0 0 0 0 0 0 0 0 0 0 0 0 0 0 0 0 0 0 0 0 0 0 0 0 0 0 0 0 0 
0 0 0 0 0 0 0 0 0 0 0 0 0 0 0 0 0 0 0 0 0 0 0 0 0 0 0 0 0 0 0 0 0 0 0 0 0 0 0 0 0 0 0 0 0 0 0 0 0 0 0 0 0 0 0 0 0 0 0 0 0 0 0 0 0 0 0 0 0 0 0 0 0 0 0 0 0 0 0 0 0 0 0 0 0 0 0 0 0 0 0 0 0 1 1 2 0 1 0 0 0 0 0 0 1 1 0 0 0 2 1 1 0 1 0 0 2 0 0 0 1 0 3 4 1 1 1 2 1 0 0 1 0 1 0 1 1 1 0 2 0 1 0 0 1 2 1 1 0 0 1 0 0 0 0 0 0 0 0 0 0 0 0 0 0 0 0 0 0 0 0 0 0 0 0 0 0 0 0 0 0 0 0 0 0 0 0 0 0 0 0 0 0 0 0 0 0 0 0 0 0 0 0 0 0 0 0 0 0 0 0 0 0 0 0 0 0 0 0 0 0 0 0 0 0 0 0 0 0 0 0 0 0 0 0 0 0 0 0 0 0 0 0 0 0 0 0 0 0 0 0 0 0 0 0 0 
0 0 0 0 0 0 0 0 0 0 0 0 0 0 0 0 0 0 0 0 0 0 0 0 0 0 0 0 0 0 0 0 0 0 0 0 0 0 0 0 0 0 0 0 0 0 0 0 0 0 0 0 0 0 0 0 0 0 0 0 0 0 0 0 0 0 0 0 0 0 0 0 0 0 0 0 0 0 0 0 0 0 0 0 0 0 0 0 0 0 0 0 0 0 1 1 0 0 0 2 1 0 0 0 1 0 0 1 0 0 0 1 0 1 2 0 1 0 4 0 1 0 0 1 0 1 1 2 2 0 1 0 2 3 0 1 0 1 2 2 1 0 1 2 0 0 0 0 0 1 0 0 1 1 0 1 0 0 0 0 0 0 0 1 0 0 0 0 0 0 0 0 0 0 0 0 0 0 0 0 0 0 0 0 0 0 0 0 0 0 0 0 0 0 0 0 0 0 0 0 0 0 0 0 0 0 0 0 0 0 0 0 0 0 0 0 0 0 0 0 0 0 0 0 0 0 0 0 0 0 0 0 0 0 0 0 0 0 0 0 0 0 0 0 0 0 0 0 0 0 0 0 0 0 0 0 
0 0 0 0 0 0 0 0 0 0 0 0 0 0 0 0 0 0 0 0 0 0 0 0 0 0 0 0 0 0 0 0 0 0 0 0 0 0 0 0 0 0 0 0 0 0 0 0 0 0 0 0 0 0 0 0 0 0 0 0 0 0 0 0 0 0 0 0 0 0 0 0 0 0 0 0 0 0 0 0 0 0 0 0 0 0 0 0 0 0 0 0 0 1 1 0 1 0 1 0 2 1 1 2 0 0 0 0 1 0 0 0 1 0 0 1 0 0 0 1 1 0 1 1 0 1 0 2 1 1 0 2 2 0 1 2 2 1 1 3 0 1 0 2 1 1 0 0 0 0 1 0 1 1 0 1 0 1 1 0 0 0 0 0 0 0 0 0 0 0 0 0 0 0 0 0 0 0 0 0 0 0 0 0 0 0 0 0 0 0 0 0 0 0 0 0 0 0 0 0 0 0 0 0 0 0 0 0 0 0 0 0 0 0 0 0 0 0 0 0 0 0 0 0 0 0 0 0 0 0 0 0 0 0 0 0 0 0 0 0 0 0 0 0 0 0 0 0 0 0 0 0 0 0 0 0 
0 0 0 0 0 0 0 0 0 0 0 0 0 0 0 0 0 0 0 0 0 0 0 0 0 0 0 0 0 0 0 0 0 0 0 0 0 0 0 0 0 0 0 0 0 0 0 0 0 0 0 0 0 0 0 0 0 0 0 0 0 0 0 0 0 0 0 0 0 0 0 0 0 0 0 0 0 0 0 0 0 0 0 0 0 0 0 0 0 0 0 0 1 0 0 2 0 1 0 1 0 2 0 0 0 0 1 0 0 0 0 0 1 0 1 0 0 1 0 1 0 1 0 0 1 0 0 0 0 1 2 0 1 0 1 1 0 0 0 0 2 0 0 1 0 1 0 1 1 1 0 0 0 0 0 1 0 0 1 1 0 0 1 0 0 0 0 0 0 0 0 0 0 0 0 0 0 0 0 0 0 0 0 0 0 0 0 0 0 0 0 0 0 0 0 0 0 0 0 0 0 0 0 0 0 0 0 0 0 0 0 0 0 0 0 0 0 0 0 0 0 0 0 0 0 0 0 0 0 0 0 0 0 0 0 0 0 0 0 0 0 0 0 0 0 0 0 0 0 0 0 0 0 0 0 0 
0 0 0 0 0 0 0 0 0 0 0 0 0 0 0 0 0 0 0 0 0 0 0 0 0 0 0 0 0 0 0 0 0 0 0 0 0 0 0 0 0 0 0 0 0 0 0 0 0 0 0 0 0 0 0 0 0 0 0 0 0 0 0 0 0 0 0 0 0 0 0 0 0 0 0 0 0 0 0 0 0 0 0 0 0 0 0 0 0 1 0 1 1 1 0 0 0 0 1 0 0 0 1 0 0 0 2 0 1 0 2 1 0 1 0 0 1 0 1 0 2 0 0 0 2 0 1 2 2 2 0 0 2 0 0 0 1 1 1 2 1 0 2 0 0 0 1 1 0 1 1 0 0 0 0 0 0 1 0 0 0 0 0 0 0 0 0 0 0 0 0 0 0 0 0 0 0 0 0 0 0 0 0 0 0 0 0 0 0 0 0 0 0 0 0 0 0 0 0 0 0 0 0 0 0 0 0 0 0 0 0 0 0 0 0 0 0 0 0 0 0 0 0 0 0 0 0 0 0 0 0 0 0 0 0 0 0 0 0 0 0 0 0 0 0 0 0 0 0 0 0 0 0 0 0 0 
0 0 0 0 0 0 0 0 0 0 0 0 0 0 0 0 0 0 0 0 0 0 0 0 0 0 0 0 0 0 0 0 0 0 0 0 0 0 0 0 0 0 0 0 0 0 0 0 0 0 0 0 0 0 0 0 0 0 0 0 0 0 0 0 0 0 0 0 0 0 0 0 0 0 0 0 0 0 0 0 0 0 0 0 0 0 0 0 0 0 0 0 2 1 0 0 1 1 2 2 0 0 0 0 1 1 0 0 0 0 0 0 0 1 0 1 0 0 1 1 1 0 1 1 0 0 0 0 0 2 1 0 0 0 0 1 0 1 1 1 2 1 0 0 0 1 0 0 0 1 0 0 1 0 1 0 0 0 1 1 0 0 0 0 0 0 0 0 0 0 0 0 0 0 0 0 0 0 0 0 0 0 0 0 0 0 0 0 0 0 0 0 0 0 0 0 0 0 0 0 0 0 0 0 0 0 0 0 0 0 0 0 0 0 0 0 0 0 0 0 0 0 0 0 0 0 0 0 0 0 0 0 0 0 0 0 0 0 0 0 0 0 0 0 0 0 0 0 0 0 0 0 0 0 0 0 
0 0 0 0 0 0 0 0 0 0 0 0 0 0 0 0 0 0 0 0 0 0 0 0 0 0 0 0 0 0 0 0 0 0 0 0 0 0 0 0 0 0 0 0 0 0 0 0 0 0 0 0 0 0 0 0 0 0 0 0 0 0 0 0 0 0 0 0 0 0 0 0 0 0 0 0 0 0 0 0 0 0 0 0 0 0 0 0 0 0 0 0 0 0 0 0 0 0 0 0 0 1 0 0 0 0 0 0 0 1 0 0 1 0 0 0 0 0 0 0 1 0 0 1 1 0 0 0 1 3 0 2 1 1 1 0 1 0 0 3 1 0 0 0 2 0 1 1 0 0 0 0 0 0 0 0 0 0 1 0 0 0 1 0 0 0 0 0 0 0 0 0 0 0 0 0 0 0 0 0 0 0 0 0 0 0 0 0 0 0 0 0 0 0 0 0 0 0 0 0 0 0 0 0 0 0 0 0 0 0 0 0 0 0 0 0 0 0 0 0 0 0 0 0 0 0 0 0 0 0 0 0 0 0 0 0 0 0 0 0 0 0 0 0 0 0 0 0 0 0 0 0 0 0 0 0 
0 0 0 0 0 0 0 0 0 0 0 0 0 0 0 0 0 0 0 0 0 0 0 0 0 0 0 0 0 0 0 0 0 0 0 0 0 0 0 0 0 0 0 0 0 0 0 0 0 0 0 0 0 0 0 0 0 0 0 0 0 0 0 0 0 0 0 0 0 0 0 0 0 0 0 0 0 0 0 0 0 0 0 0 0 0 0 0 0 0 0 1 0 0 0 1 1 0 1 0 0 0 0 1 0 0 0 0 0 0 0 0 1 0 0 1 0 0 0 0 0 1 0 0 1 0 1 1 0 2 0 0 0 1 0 0 0 0 0 1 1 1 1 2 1 1 1 0 0 1 0 0 0 0 1 0 0 1 1 0 1 0 0 0 0 0 0 0 0 0 0 0 0 0 0 0 0 0 0 0 0 0 0 0 0 0 0 0 0 0 0 0 0 0 0 0 0 0 0 0 0 0 0 0 0 0 0 0 0 0 0 0 0 0 0 0 0 0 0 0 0 0 0 0 0 0 0 0 0 0 0 0 0 0 0 0 0 0 0 0 0 0 0 0 0 0 0 0 0 0 0 0 0 0 0 0 
0 0 0 0 0 0 0 0 0 0 0 0 0 0 0 0 0 0 0 0 0 0 0 0 0 0 0 0 0 0 0 0 0 0 0 0 0 0 0 0 0 0 0 0 0 0 0 0 0 0 0 0 0 0 0 0 0 0 0 0 0 0 0 0 0 0 0 0 0 0 0 0 0 0 0 0 0 0 0 0 0 0 0 0 0 0 0 0 0 0 0 0 1 1 0 0 0 0 1 0 0 0 0 0 0 0 0 0 0 0 1 0 1 0 2 1 0 0 1 1 0 1 1 1 1 0 0 1 0 0 1 0 0 0 0 0 1 0 0 0 1 0 0 0 1 1 0 1 1 0 0 1 0 0 1 0 0 0 0 0 0 0 0 0 0 0 0 0 0 0 0 0 0 0 0 0 0 0 0 0 0 0 0 0 0 0 0 0 0 0 0 0 0 0 0 0 0 0 0 0 0 0 0 0 0 0 0 0 0 0 0 0 0 0 0 0 0 0 0 0 0 0 0 0 0 0 0 0 0 0 0 0 0 0 0 0 0 0 0 0 0 0 0 0 0 0 0 0 0 0 0 0 0 0 0 0 
0 0 0 0 0 0 0 0 0 0 0 0 0 0 0 0 0 0 0 0 0 0 0 0 0 0 0 0 0 0 0 0 0 0 0 0 0 0 0 0 0 0 0 0 0 0 0 0 0 0 0 0 0 0 0 0 0 0 0 0 0 0 0 0 0 0 0 0 0 0 0 0 0 0 0 0 0 0 0 0 0 0 0 0 0 0 0 0 0 0 0 0 0 0 0 1 0 0 1 1 1 1 0 0 0 0 0 0 0 0 0 0 0 0 0 1 0 0 0 0 0 0 0 0 0 0 1 0 0 1 0 0 1 0 0 1 0 3 1 1 2 0 0 2 0 0 0 0 0 0 2 0 0 0 0 0 0 0 0 0 0 0 0 0 0 0 0 0 0 0 0 0 0 0 0 0 0 0 0 0 0 0 0 0 0 0 0 0 0 0 0 0 0 0 0 0 0 0 0 0 0 0 0 0 0 0 0 0 0 0 0 0 0 0 0 0 0 0 0 0 0 0 0 0 0 0 0 0 0 0 0 0 0 0 0 0 0 0 0 0 0 0 0 0 0 0 0 0 0 0 0 0 0 0 0 0 
0 0 0 0 0 0 0 0 0 0 0 0 0 0 0 0 0 0 0 0 0 0 0 0 0 0 0 0 0 0 0 0 0 0 0 0 0 0 0 0 0 0 0 0 0 0 0 0 0 0 0 0 0 0 0 0 0 0 0 0 0 0 0 0 0 0 0 0 0 0 0 0 0 0 0 0 0 0 0 0 0 0 0 0 0 0 0 0 1 0 0 0 1 0 0 0 1 0 0 0 1 1 0 0 1 0 0 0 0 1 0 0 0 0 1 0 1 0 0 1 0 3 0 1 0 0 1 0 1 1 0 1 1 1 0 0 0 0 1 1 1 0 0 1 0 0 1 0 0 0 0 1 0 0 0 0 0 0 0 1 0 0 0 0 0 0 0 0 0 0 0 0 0 0 0 0 0 0 0 0 0 0 0 0 0 0 0 0 0 0 0 0 0 0 0 0 0 0 0 0 0 0 0 0 0 0 0 0 0 0 0 0 0 0 0 0 0 0 0 0 0 0 0 0 0 0 0 0 0 0 0 0 0 0 0 0 0 0 0 0 0 0 0 0 0 0 0 0 0 0 0 0 0 0 0 0 
0 0 0 0 0 0 0 0 0 0 0 0 0 0 0 0 0 0 0 0 0 0 0 0 0 0 0 0 0 0 0 0 0 0 0 0 0 0 0 0 0 0 0 0 0 0 0 0 0 0 0 0 0 0 0 0 0 0 0 0 0 0 0 0 0 0 0 0 0 0 0 0 0 0 0 0 0 0 0 0 0 0 0 0 0 0 0 0 0 0 0 0 0 1 1 0 0 0 0 0 1 0 0 0 0 0 0 0 0 0 0 0 0 0 1 0 1 1 0 0 0 0 0 0 1 0 0 0 0 0 0 0 0 0 2 2 0 0 0 1 0 0 1 0 0 0 0 0 0 0 0 0 0 0 0 0 0 0 0 0 0 0 0 0 0 0 0 0 0 0 0 0 0 0 0 0 0 0 0 0 0 0 0 0 0 0 0 0 0 0 0 0 0 0 0 0 0 0 0 0 0 0 0 0 0 0 0 0 0 0 0 0 0 0 0 0 0 0 0 0 0 0 0 0 0 0 0 0 0 0 0 0 0 0 0 0 0 0 0 0 0 0 0 0 0 0 0 0 0 0 0 0 0 0 0 0 
0 0 0 0 0 0 0 0 0 0 0 0 0 0 0 0 0 0 0 0 0 0 0 0 0 0 0 0 0 0 0 0 0 0 0 0 0 0 0 0 0 0 0 0 0 0 0 0 0 0 0 0 0 0 0 0 0 0 0 0 0 0 0 0 0 0 0 0 0 0 0 0 0 0 0 0 0 0 0 0 0 0 0 0 0 0 0 0 0 0 0 0 1 0 1 0 0 0 0 0 0 0 1 0 0 0 0 0 0 1 0 0 0 0 0 0 0 0 0 0 0 0 0 0 1 0 0 0 0 0 0 0 0 0 0 0 0 0 0 0 2 0 0 1 0 0 0 0 0 0 0 0 0 0 0 0 0 0 0 0 1 0 0 0 0 0 0 0 0 0 0 0 0 0 0 0 0 0 0 0 0 0 0 0 0 0 0 0 0 0 0 0 0 0 0 0 0 0 0 0 0 0 0 0 0 0 0 0 0 0 0 0 0 0 0 0 0 0 0 0 0 0 0 0 0 0 0 0 0 0 0 0 0 0 0 0 0 0 0 0 0 0 0 0 0 0 0 0 0 0 0 0 0 0 0 0 
0 0 0 0 0 0 0 0 0 0 0 0 0 0 0 0 0 0 0 0 0 0 0 0 0 0 0 0 0 0 0 0 0 0 0 0 0 0 0 0 0 0 0 0 0 0 0 0 0 0 0 0 0 0 0 0 0 0 0 0 0 0 0 0 0 0 0 0 0 0 0 0 0 0 0 0 0 0 0 0 0 0 0 0 0 0 0 0 0 0 0 0 1 0 0 1 1 0 0 0 0 1 0 0 0 0 0 0 0 0 0 0 0 0 0 0 0 0 0 0 0 0 0 1 1 1 0 0 1 0 1 1 0 0 1 0 0 0 1 0 1 0 0 0 0 0 1 0 0 1 1 0 1 0 0 0 0 0 0 0 0 1 0 0 0 0 0 0 0 0 0 0 0 0 0 0 0 0 0 0 0 0 0 0 0 0 0 0 0 0 0 0 0 0 0 0 0 0 0 0 0 0 0 0 0 0 0 0 0 0 0 0 0 0 0 0 0 0 0 0 0 0 0 0 0 0 0 0 0 0 0 0 0 0 0 0 0 0 0 0 0 0 0 0 0 0 0 0 0 0 0 0 0 0 0 0 
0 0 0 0 0 0 0 0 0 0 0 0 0 0 0 0 0 0 0 0 0 0 0 0 0 0 0 0 0 0 0 0 0 0 0 0 0 0 0 0 0 0 0 0 0 0 0 0 0 0 0 0 0 0 0 0 0 0 0 0 0 0 0 0 0 0 0 0 0 0 0 0 0 0 0 0 0 0 0 0 0 0 0 0 0 0 0 0 0 0 0 1 2 1 0 0 0 0 0 0 0 0 0 0 0 0 0 0 0 0 0 1 0 1 0 0 0 0 0 0 0 1 1 0 0 0 0 0 1 0 0 0 1 0 0 0 0 0 0 1 0 0 1 1 0 0 0 0 0 0 1 0 0 0 1 0 0 0 0 0 0 0 0 0 0 0 0 0 0 0 0 0 0 0 0 0 0 0 0 0 0 0 0 0 0 0 0 0 0 0 0 0 0 0 0 0 0 0 0 0 0 0 0 0 0 0 0 0 0 0 0 0 0 0 0 0 0 0 0 0 0 0 0 0 0 0 0 0 0 0 0 0 0 0 0 0 0 0 0 0 0 0 0 0 0 0 0 0 0 0 0 0 0 0 0 0 
0 0 0 0 0 0 0 0 0 0 0 0 0 0 0 0 0 0 0 0 0 0 0 0 0 0 0 0 0 0 0 0 0 0 0 0 0 0 0 0 0 0 0 0 0 0 0 0 0 0 0 0 0 0 0 0 0 0 0 0 0 0 0 0 0 0 0 0 0 0 0 0 0 0 0 0 0 0 0 0 0 0 0 0 0 0 0 0 0 0 0 0 0 0 0 0 0 1 0 0 0 0 0 0 0 0 0 0 0 1 0 0 0 0 1 0 0 1 0 0 0 1 1 1 0 0 1 0 0 0 0 0 0 0 1 0 0 0 0 0 0 1 0 0 0 0 1 0 0 0 0 0 1 0 0 0 0 0 0 0 0 0 0 0 0 0 0 0 0 0 0 0 0 0 0 0 0 0 0 0 0 0 0 0 0 0 0 0 0 0 0 0 0 0 0 0 0 0 0 0 0 0 0 0 0 0 0 0 0 0 0 0 0 0 0 0 0 0 0 0 0 0 0 0 0 0 0 0 0 0 0 0 0 0 0 0 0 0 0 0 0 0 0 0 0 0 0 0 0 0 0 0 0 0 0 0 
0 0 0 0 0 0 0 0 0 0 0 0 0 0 0 0 0 0 0 0 0 0 0 0 0 0 0 0 0 0 0 0 0 0 0 0 0 0 0 0 0 0 0 0 0 0 0 0 0 0 0 0 0 0 0 0 0 0 0 0 0 0 0 0 0 0 0 0 0 0 0 0 0 0 0 0 0 0 0 0 0 0 0 0 0 0 0 0 0 0 0 0 0 0 0 0 0 0 0 0 0 0 0 0 0 0 0 0 0 0 0 0 0 0 0 0 0 0 0 0 0 1 0 0 0 0 0 0 0 0 1 0 1 0 0 0 0 0 0 0 0 0 0 0 0 0 0 0 0 0 0 0 0 0 0 0 0 0 0 0 0 0 0 0 0 0 0 0 0 0 0 0 0 0 0 0 0 0 0 0 0 0 0 0 0 0 0 0 0 0 0 0 0 0 0 0 0 0 0 0 0 0 0 0 0 0 0 0 0 0 0 0 0 0 0 0 0 0 0 0 0 0 0 0 0 0 0 0 0 0 0 0 0 0 0 0 0 0 0 0 0 0 0 0 0 0 0 0 0 0 0 0 0 0 0 0 
0 0 0 0 0 0 0 0 0 0 0 0 0 0 0 0 0 0 0 0 0 0 0 0 0 0 0 0 0 0 0 0 0 0 0 0 0 0 0 0 0 0 0 0 0 0 0 0 0 0 0 0 0 0 0 0 0 0 0 0 0 0 0 0 0 0 0 0 0 0 0 0 0 0 0 0 0 0 0 0 0 0 0 0 0 0 0 0 0 0 0 0 0 0 0 0 0 0 0 0 0 0 0 0 0 1 0 0 0 0 0 0 0 0 0 0 0 0 1 0 0 0 0 0 0 0 0 0 0 0 0 1 0 0 0 1 0 0 0 0 0 0 0 0 0 0 0 0 0 0 0 0 0 0 0 0 0 0 0 0 0 0 0 0 0 0 0 0 0 0 0 0 0 0 0 0 0 0 0 0 0 0 0 0 0 0 0 0 0 0 0 0 0 0 0 0 0 0 0 0 0 0 0 0 0 0 0 0 0 0 0 0 0 0 0 0 0 0 0 0 0 0 0 0 0 0 0 0 0 0 0 0 0 0 0 0 0 0 0 0 0 0 0 0 0 0 0 0 0 0 0 0 0 0 0 0 
0 0 0 0 0 0 0 0 0 0 0 0 0 0 0 0 0 0 0 0 0 0 0 0 0 0 0 0 0 0 0 0 0 0 0 0 0 0 0 0 0 0 0 0 0 0 0 0 0 0 0 0 0 0 0 0 0 0 0 0 0 0 0 0 0 0 0 0 0 0 0 0 0 0 0 0 0 0 0 0 0 0 0 0 0 0 0 0 0 1 0 0 1 0 0 0 0 0 0 0 0 0 0 0 0 0 0 0 0 0 0 0 1 0 0 0 0 0 0 0 2 0 0 0 0 0 0 0 0 0 0 0 0 0 0 0 0 0 0 0 1 0 0 2 1 0 0 0 0 0 0 0 0 1 0 0 0 0 0 0 0 0 0 0 0 0 0 0 0 0 0 0 0 0 0 0 0 0 0 0 0 0 0 0 0 0 0 0 0 0 0 0 0 0 0 0 0 0 0 0 0 0 0 0 0 0 0 0 0 0 0 0 0 0 0 0 0 0 0 0 0 0 0 0 0 0 0 0 0 0 0 0 0 0 0 0 0 0 0 0 0 0 0 0 0 0 0 0 0 0 0 0 0 0 0 0 
0 0 0 0 0 0 0 0 0 0 0 0 0 0 0 0 0 0 0 0 0 0 0 0 0 0 0 0 0 0 0 0 0 0 0 0 0 0 0 0 0 0 0 0 0 0 0 0 0 0 0 0 0 0 0 0 0 0 0 0 0 0 0 0 0 0 0 0 0 0 0 0 0 0 0 0 0 0 0 0 0 0 0 0 0 0 0 0 0 0 0 0 0 0 0 0 0 0 0 0 0 0 0 0 0 0 0 0 0 0 0 0 0 0 0 0 0 0 1 0 0 0 0 0 1 0 0 0 0 1 0 0 0 0 0 0 0 0 1 0 0 0 0 0 0 1 0 0 0 0 0 0 0 0 0 0 0 1 0 0 0 0 0 0 0 0 0 0 0 0 0 0 0 0 0 0 0 0 0 0 0 0 0 0 0 0 0 0 0 0 0 0 0 0 0 0 0 0 0 0 0 0 0 0 0 0 0 0 0 0 0 0 0 0 0 0 0 0 0 0 0 0 0 0 0 0 0 0 0 0 0 0 0 0 0 0 0 0 0 0 0 0 0 0 0 0 0 0 0 0 0 0 0 0 0 0 
0 0 0 0 0 0 0 0 0 0 0 0 0 0 0 0 0 0 0 0 0 0 0 0 0 0 0 0 0 0 0 0 0 0 0 0 0 0 0 0 0 0 0 0 0 0 0 0 0 0 0 0 0 0 0 0 0 0 0 0 0 0 0 0 0 0 0 0 0 0 0 0 0 0 0 0 0 0 0 0 0 0 0 0 0 0 0 0 2 0 0 1 0 0 0 0 0 0 0 0 0 0 0 0 0 0 0 0 0 0 0 0 0 0 0 0 1 0 1 0 0 2 0 1 0 0 0 0 0 0 0 0 1 0 1 0 0 0 0 0 0 0 0 0 0 0 0 0 0 0 0 0 0 0 0 0 0 0 0 0 0 0 0 0 0 0 0 0 0 0 0 0 0 0 0 0 0 0 0 0 0 0 0 0 0 0 0 0 0 0 0 0 0 0 0 0 0 0 0 0 0 0 0 0 0 0 0 0 0 0 0 0 0 0 0 0 0 0 0 0 0 0 0 0 0 0 0 0 0 0 0 0 0 0 0 0 0 0 0 0 0 0 0 0 0 0 0 0 0 0 0 0 0 0 0 0 
0 0 0 0 0 0 0 0 0 0 0 0 0 0 0 0 0 0 0 0 0 0 0 0 0 0 0 0 0 0 0 0 0 0 0 0 0 0 0 0 0 0 0 0 0 0 0 0 0 0 0 0 0 0 0 0 0 0 0 0 0 0 0 0 0 0 0 0 0 0 0 0 0 0 0 0 0 0 0 0 0 0 0 0 0 0 0 0 0 0 0 0 0 0 0 0 0 0 0 0 0 0 0 0 0 0 0 0 0 0 0 0 0 0 0 0 0 0 0 0 0 0 0 0 0 0 0 0 1 0 0 0 0 0 0 0 0 0 0 0 0 1 1 0 0 3 0 0 0 0 1 0 0 0 0 0 0 0 0 0 0 0 0 0 0 0 0 0 0 0 0 0 0 0 0 0 0 0 0 0 0 0 0 0 0 0 0 0 0 0 0 0 0 0 0 0 0 0 0 0 0 0 0 0 0 0 0 0 0 0 0 0 0 0 0 0 0 0 0 0 0 0 0 0 0 0 0 0 0 0 0 0 0 0 0 0 0 0 0 0 0 0 0 0 0 0 0 0 0 0 0 0 0 0 0 0 
0 0 0 0 0 0 0 0 0 0 0 0 0 0 0 0 0 0 0 0 0 0 0 0 0 0 0 0 0 0 0 0 0 0 0 0 0 0 0 0 0 0 0 0 0 0 0 0 0 0 0 0 0 0 0 0 0 0 0 0 0 0 0 0 0 0 0 0 0 0 0 0 0 0 0 0 0 0 0 0 0 0 0 0 0 0 0 0 0 0 0 0 0 0 0 0 0 0 0 0 0 0 0 0 0 0 0 0 0 0 0 0 0 0 0 0 0 0 0 0 0 0 0 1 0 0 0 1 0 0 0 0 0 0 0 0 0 1 0 0 0 0 0 0 0 0 0 0 0 0 1 0 0 0 0 0 0 0 0 0 0 0 0 0 0 0 0 0 0 0 0 0 0 0 0 0 0 0 0 0 0 0 0 0 0 0 0 0 0 0 0 0 0 0 0 0 0 0 0 0 0 0 0 0 0 0 0 0 0 0 0 0 0 0 0 0 0 0 0 0 0 0 0 0 0 0 0 0 0 0 0 0 0 0 0 0 0 0 0 0 0 0 0 0 0 0 0 0 0 0 0 0 0 0 0 0 
0 0 0 0 0 0 0 0 0 0 0 0 0 0 0 0 0 0 0 0 0 0 0 0 0 0 0 0 0 0 0 0 0 0 0 0 0 0 0 0 0 0 0 0 0 0 0 0 0 0 0 0 0 0 0 0 0 0 0 0 0 0 0 0 0 0 0 0 0 0 0 0 0 0 0 0 0 0 0 0 0 0 0 0 0 0 0 0 0 0 0 0 0 0 0 0 0 0 0 1 0 0 0 0 0 0 0 0 0 0 0 0 0 0 0 0 0 0 0 0 0 0 0 0 0 0 0 0 0 0 0 0 0 0 0 0 0 0 0 0 0 0 1 0 0 0 0 0 0 0 0 0 0 0 0 0 0 0 0 0 0 0 0 0 0 0 0 0 0 0 0 0 0 0 0 0 0 0 0 0 0 0 0 0 0 0 0 0 0 0 0 0 0 0 0 0 0 0 0 0 0 0 0 0 0 0 0 0 0 0 0 0 0 0 0 0 0 0 0 0 0 0 0 0 0 0 0 0 0 0 0 0 0 0 0 0 0 0 0 0 0 0 0 0 0 0 0 0 0 0 0 0 0 0 0 0 
0 0 0 0 0 0 0 0 0 0 0 0 0 0 0 0 0 0 0 0 0 0 0 0 0 0 0 0 0 0 0 0 0 0 0 0 0 0 0 0 0 0 0 0 0 0 0 0 0 0 0 0 0 0 0 0 0 0 0 0 0 0 0 0 0 0 0 0 0 0 0 0 0 0 0 0 0 0 0 0 0 0 0 0 0 0 0 0 0 0 0 0 0 0 0 0 0 0 0 0 0 0 0 0 0 0 0 0 0 0 0 0 0 0 0 0 0 0 0 0 0 0 0 1 0 0 0 0 0 0 0 0 0 0 0 0 0 0 0 0 0 0 0 0 0 0 0 0 0 0 0 0 0 0 0 0 0 0 0 0 0 0 0 0 0 0 0 0 0 0 0 0 0 0 0 0 0 0 0 0 0 0 0 0 0 0 0 0 0 0 0 0 0 0 0 0 0 0 0 0 0 0 0 0 0 0 0 0 0 0 0 0 0 0 0 0 0 0 0 0 0 0 0 0 0 0 0 0 0 0 0 0 0 0 0 0 0 0 0 0 0 0 0 0 0 0 0 0 0 0 0 0 0 0 0 0 
0 0 0 0 0 0 0 0 0 0 0 0 0 0 0 0 0 0 0 0 0 0 0 0 0 0 0 0 0 0 0 0 0 0 0 0 0 0 0 0 0 0 0 0 0 0 0 0 0 0 0 0 0 0 0 0 0 0 0 0 0 0 0 0 0 0 0 0 0 0 0 0 0 0 0 0 0 0 0 0 0 0 0 0 0 0 0 0 0 0 0 0 1 0 0 0 0 0 0 0 0 0 0 0 0 0 0 0 0 0 0 0 0 1 0 0 0 0 0 0 0 0 0 0 0 0 0 0 0 0 0 0 0 0 0 0 1 0 0 0 0 1 0 0 0 0 0 0 0 0 0 0 1 0 0 0 0 0 0 0 0 0 0 0 0 0 0 0 0 0 0 0 0 0 0 0 0 0 0 0 0 0 0 0 0 0 0 0 0 0 0 0 0 0 0 0 0 0 0 0 0 0 0 0 0 0 0 0 0 0 0 0 0 0 0 0 0 0 0 0 0 0 0 0 0 0 0 0 0 0 0 0 0 0 0 0 0 0 0 0 0 0 0 0 0 0 0 0 0 0 0 0 0 0 0 0 
0 0 0 0 0 0 0 0 0 0 0 0 0 0 0 0 0 0 0 0 0 0 0 0 0 0 0 0 0 0 0 0 0 0 0 0 0 0 0 0 0 0 0 0 0 0 0 0 0 0 0 0 0 0 0 0 0 0 0 0 0 0 0 0 0 0 0 0 0 0 0 0 0 0 0 0 0 0 0 0 0 0 0 0 0 0 0 0 0 0 0 1 0 0 0 0 0 0 0 0 1 0 0 0 0 0 0 0 0 0 0 0 0 1 0 0 0 0 0 0 0 0 0 0 0 0 0 0 0 0 0 0 0 0 0 0 0 0 0 0 1 0 1 0 1 0 0 0 0 1 0 0 0 0 0 0 0 0 0 0 0 0 0 0 0 0 0 0 0 0 0 0 0 0 0 0 0 0 0 0 0 0 0 0 0 0 0 0 0 0 0 0 0 0 0 0 0 0 0 0 0 0 0 0 0 0 0 0 0 0 0 0 0 0 0 0 0 0 0 0 0 0 0 0 0 0 0 0 0 0 0 0 0 0 0 0 0 0 0 0 0 0 0 0 0 0 0 0 0 0 0 0 0 0 0 0 
0 0 0 0 0 0 0 0 0 0 0 0 0 0 0 0 0 0 0 0 0 0 0 0 0 0 0 0 0 0 0 0 0 0 0 0 0 0 0 0 0 0 0 0 0 0 0 0 0 0 0 0 0 0 0 0 0 0 0 0 0 0 0 0 0 0 0 0 0 0 0 0 0 0 0 0 0 0 0 0 0 0 0 0 0 0 0 0 0 0 0 0 0 1 0 0 0 0 0 0 0 0 0 0 0 0 0 0 0 0 0 0 0 0 0 0 0 0 0 0 0 0 0 0 0 0 0 0 0 0 0 0 0 0 0 0 0 0 0 0 0 1 0 0 0 0 0 0 0 0 0 0 0 0 0 0 0 0 0 0 0 0 0 0 0 0 0 0 0 0 0 0 0 0 0 0 0 0 0 0 0 0 0 0 0 0 0 0 0 0 0 0 0 0 0 0 0 0 0 0 0 0 0 0 0 0 0 0 0 0 0 0 0 0 0 0 0 0 0 0 0 0 0 0 0 0 0 0 0 0 0 0 0 0 0 0 0 0 0 0 0 0 0 0 0 0 0 0 0 0 0 0 0 0 0 0 
0 0 0 0 0 0 0 0 0 0 0 0 0 0 0 0 0 0 0 0 0 0 0 0 0 0 0 0 0 0 0 0 0 0 0 0 0 0 0 0 0 0 0 0 0 0 0 0 0 0 0 0 0 0 0 0 0 0 0 0 0 0 0 0 0 0 0 0 0 0 0 0 0 0 0 0 0 0 0 0 0 0 0 0 0 0 0 0 0 0 0 0 0 0 0 0 0 0 0 0 0 0 0 0 0 0 0 0 0 0 0 0 0 0 0 0 0 0 0 0 0 0 0 0 0 0 0 0 0 0 0 0 0 0 0 0 0 0 0 0 0 0 0 0 0 0 0 0 0 0 0 0 0 0 0 0 0 0 0 0 0 0 0 0 0 0 0 0 0 0 0 0 0 0 0 0 0 0 0 0 0 0 0 0 0 0 0 0 0 0 0 0 0 0 0 0 0 0 0 0 0 0 0 0 0 0 0 0 0 0 0 0 0 0 0 0 0 0 0 0 0 0 0 0 0 0 0 0 0 0 0 0 0 0 0 0 0 0 0 0 0 0 0 0 0 0 0 0 0 0 0 0 0 0 0 0 
0 0 0 0 0 0 0 0 0 0 0 0 0 0 0 0 0 0 0 0 0 0 0 0 0 0 0 0 0 0 0 0 0 0 0 0 0 0 0 0 0 0 0 0 0 0 0 0 0 0 0 0 0 0 0 0 0 0 0 0 0 0 0 0 0 0 0 0 0 0 0 0 0 0 0 0 0 0 0 0 0 0 0 0 0 0 0 0 0 0 0 0 0 0 0 0 0 0 0 0 0 0 0 0 0 0 0 0 0 0 0 0 0 0 0 0 0 0 0 0 0 0 0 0 0 0 0 0 0 0 0 0 0 0 0 0 0 0 0 0 0 0 0 0 1 0 0 0 0 0 0 0 0 0 0 0 0 0 0 0 0 0 0 0 0 0 0 0 0 0 0 0 0 0 0 0 0 0 0 0 0 0 0 0 0 0 0 0 0 0 0 0 0 0 0 0 0 0 0 0 0 0 0 0 0 0 0 0 0 0 0 0 0 0 0 0 0 0 0 0 0 0 0 0 0 0 0 0 0 0 0 0 0 0 0 0 0 0 0 0 0 0 0 0 0 0 0 0 0 0 0 0 0 0 0 0 
0 0 0 0 0 0 0 0 0 0 0 0 0 0 0 0 0 0 0 0 0 0 0 0 0 0 0 0 0 0 0 0 0 0 0 0 0 0 0 0 0 0 0 0 0 0 0 0 0 0 0 0 0 0 0 0 0 0 0 0 0 0 0 0 0 0 0 0 0 0 0 0 0 0 0 0 0 0 0 0 0 0 0 0 0 0 0 0 0 0 0 0 0 0 0 0 0 0 0 0 0 0 0 0 0 0 0 0 0 0 0 0 0 0 0 0 0 1 0 0 0 0 0 0 0 0 0 0 0 0 0 0 0 0 0 0 0 0 0 0 0 0 0 1 0 0 0 0 0 0 0 0 0 0 0 0 0 0 0 0 0 0 0 0 0 0 0 0 0 0 0 0 0 0 0 0 0 0 0 0 0 0 0 0 0 0 0 0 0 0 0 0 0 0 0 0 0 0 0 0 0 0 0 0 0 0 0 0 0 0 0 0 0 0 0 0 0 0 0 0 0 0 0 0 0 0 0 0 0 0 0 0 0 0 0 0 0 0 0 0 0 0 0 0 0 0 0 0 0 0 0 0 0 0 0 0 
0 0 0 0 0 0 0 0 0 0 0 0 0 0 0 0 0 0 0 0 0 0 0 0 0 0 0 0 0 0 0 0 0 0 0 0 0 0 0 0 0 0 0 0 0 0 0 0 0 0 0 0 0 0 0 0 0 0 0 0 0 0 0 0 0 0 0 0 0 0 0 0 0 0 0 0 0 0 0 0 0 0 0 0 0 0 0 0 0 0 0 0 0 0 0 0 2 0 0 0 0 0 0 0 0 0 0 0 0 0 0 1 0 0 0 0 0 0 0 0 0 0 0 0 0 0 0 0 0 0 0 0 0 0 0 0 0 0 0 0 0 0 1 0 0 0 0 0 0 0 0 0 0 0 0 0 0 0 0 0 1 0 0 0 0 0 0 0 0 0 0 0 0 0 0 0 0 0 0 0 0 0 0 0 0 0 0 0 0 0 0 0 0 0 0 0 0 0 0 0 0 0 0 0 0 0 0 0 0 0 0 0 0 0 0 0 0 0 0 0 0 0 0 0 0 0 0 0 0 0 0 0 0 0 0 0 0 0 0 0 0 0 0 0 0 0 0 0 0 0 0 0 0 0 0 0 
0 0 0 0 0 0 0 0 0 0 0 0 0 0 0 0 0 0 0 0 0 0 0 0 0 0 0 0 0 0 0 0 0 0 0 0 0 0 0 0 0 0 0 0 0 0 0 0 0 0 0 0 0 0 0 0 0 0 0 0 0 0 0 0 0 0 0 0 0 0 0 0 0 0 0 0 0 0 0 0 0 0 0 0 0 0 0 0 0 0 0 0 0 0 0 0 0 0 0 0 0 0 0 0 0 0 0 0 0 0 0 0 0 0 0 0 0 0 0 0 0 0 0 0 0 0 0 0 0 0 0 0 0 0 0 0 0 0 0 0 0 0 0 0 0 0 0 0 0 0 0 0 0 0 0 0 0 0 0 0 0 0 0 0 0 0 0 0 0 0 0 0 0 0 0 0 0 0 0 0 0 0 0 0 0 0 0 0 0 0 0 0 0 0 0 0 0 0 0 0 0 0 0 0 0 0 0 0 0 0 0 0 0 0 0 0 0 0 0 0 0 0 0 0 0 0 0 0 0 0 0 0 0 0 0 0 0 0 0 0 0 0 0 0 0 0 0 0 0 0 0 0 0 0 0 0 
0 0 0 0 0 0 0 0 0 0 0 0 0 0 0 0 0 0 0 0 0 0 0 0 0 0 0 0 0 0 0 0 0 0 0 0 0 0 0 0 0 0 0 0 0 0 0 0 0 0 0 0 0 0 0 0 0 0 0 0 0 0 0 0 0 0 0 0 0 0 0 0 0 0 0 0 0 0 0 0 0 0 0 0 0 0 0 0 0 0 0 0 0 0 0 0 0 0 0 0 0 0 0 0 0 0 0 0 0 0 0 0 0 0 0 0 0 0 0 0 0 0 0 0 0 0 0 0 0 0 0 0 0 0 0 0 0 0 0 0 0 0 0 0 0 0 0 0 0 0 0 0 0 0 0 0 0 0 0 0 0 0 0 0 0 0 0 0 0 0 0 0 0 0 0 0 0 0 0 0 0 0 0 0 0 0 0 0 0 0 0 0 0 0 0 0 0 0 0 0 0 0 0 0 0 0 0 0 0 0 0 0 0 0 0 0 0 0 0 0 0 0 0 0 0 0 0 0 0 0 0 0 0 0 0 0 0 0 0 0 0 0 0 0 0 0 0 0 0 0 0 0 0 0 0 0 
0 0 0 0 0 0 0 0 0 0 0 0 0 0 0 0 0 0 0 0 0 0 0 0 0 0 0 0 0 0 0 0 0 0 0 0 0 0 0 0 0 0 0 0 0 0 0 0 0 0 0 0 0 0 0 0 0 0 0 0 0 0 0 0 0 0 0 0 0 0 0 0 0 0 0 0 0 0 0 0 0 0 0 0 0 0 0 0 0 0 0 0 0 0 0 0 0 0 0 0 0 0 0 0 0 0 0 0 0 0 0 0 0 0 0 0 0 0 0 0 0 0 0 0 0 0 0 0 0 0 0 0 0 0 0 0 0 0 0 0 0 0 0 0 0 0 0 0 0 0 0 0 0 0 0 0 0 0 0 0 0 0 0 0 0 0 0 0 0 0 0 0 0 0 0 0 0 0 0 0 0 0 0 0 0 0 0 0 0 0 0 0 0 0 0 0 0 0 0 0 0 0 0 0 0 0 0 0 0 0 0 0 0 0 0 0 0 0 0 0 0 0 0 0 0 0 0 0 0 0 0 0 0 0 0 0 0 0 0 0 0 0 0 0 0 0 0 0 0 0 0 0 0 0 0 0 
0 0 0 0 0 0 0 0 0 0 0 0 0 0 0 0 0 0 0 0 0 0 0 0 0 0 0 0 0 0 0 0 0 0 0 0 0 0 0 0 0 0 0 0 0 0 0 0 0 0 0 0 0 0 0 0 0 0 0 0 0 0 0 0 0 0 0 0 0 0 0 0 0 0 0 0 0 0 0 0 0 0 0 0 0 0 0 0 0 0 0 0 0 0 0 0 0 0 0 0 0 0 0 0 0 0 0 0 0 0 0 0 0 0 0 0 0 0 0 0 0 0 0 0 0 0 0 0 0 0 0 0 0 0 0 0 0 0 0 0 0 0 0 0 0 0 0 0 0 0 0 0 0 0 0 0 0 0 0 0 0 0 0 0 0 0 0 0 0 0 0 0 0 0 0 0 0 0 0 0 0 0 0 0 0 0 0 0 0 0 0 0 0 0 0 0 0 0 0 0 0 0 0 0 0 0 0 0 0 0 0 0 0 0 0 0 0 0 0 0 0 0 0 0 0 0 0 0 0 0 0 0 0 0 0 0 0 0 0 0 0 0 0 0 0 0 0 0 0 0 0 0 0 0 0 0 
0 0 0 0 0 0 0 0 0 0 0 0 0 0 0 0 0 0 0 0 0 0 0 0 0 0 0 0 0 0 0 0 0 0 0 0 0 0 0 0 0 0 0 0 0 0 0 0 0 0 0 0 0 0 0 0 0 0 0 0 0 0 0 0 0 0 0 0 0 0 0 0 0 0 0 0 0 0 0 0 0 0 0 0 0 0 0 0 0 0 0 0 0 0 0 0 0 0 0 0 0 0 0 0 0 0 0 0 0 0 0 0 0 0 0 0 0 0 0 0 0 0 0 0 0 0 0 0 0 0 0 0 0 0 0 0 0 0 0 0 0 0 0 0 0 0 0 0 0 0 0 0 0 0 0 0 0 0 0 0 0 0 0 0 0 0 0 0 0 0 0 0 0 0 0 0 0 0 0 0 0 0 0 0 0 0 0 0 0 0 0 0 0 0 0 0 0 0 0 0 0 0 0 0 0 0 0 0 0 0 0 0 0 0 0 0 0 0 0 0 0 0 0 0 0 0 0 0 0 0 0 0 0 0 0 0 0 0 0 0 0 0 0 0 0 0 0 0 0 0 0 0 0 0 0 0 
0 0 0 0 0 0 0 0 0 0 0 0 0 0 0 0 0 0 0 0 0 0 0 0 0 0 0 0 0 0 0 0 0 0 0 0 0 0 0 0 0 0 0 0 0 0 0 0 0 0 0 0 0 0 0 0 0 0 0 0 0 0 0 0 0 0 0 0 0 0 0 0 0 0 0 0 0 0 0 0 0 0 0 0 0 0 0 0 0 0 0 0 0 0 0 0 0 0 0 0 0 0 0 0 0 0 0 0 0 0 0 0 0 0 0 0 0 0 0 0 0 0 0 0 0 0 0 0 0 0 0 0 0 0 0 0 0 0 0 0 0 0 0 0 0 0 0 0 0 0 0 0 0 0 0 0 0 0 0 0 0 0 0 0 0 0 0 0 0 0 0 0 0 0 0 0 0 0 0 0 0 0 0 0 0 0 0 0 0 0 0 0 0 0 0 0 0 0 0 0 0 0 0 0 0 0 0 0 0 0 0 0 0 0 0 0 0 0 0 0 0 0 0 0 0 0 0 0 0 0 0 0 0 0 0 0 0 0 0 0 0 0 0 0 0 0 0 0 0 0 0 0 0 0 0 0 
0 0 0 0 0 0 0 0 0 0 0 0 0 0 0 0 0 0 0 0 0 0 0 0 0 0 0 0 0 0 0 0 0 0 0 0 0 0 0 0 0 0 0 0 0 0 0 0 0 0 0 0 0 0 0 0 0 0 0 0 0 0 0 0 0 0 0 0 0 0 0 0 0 0 0 0 0 0 0 0 0 0 0 0 0 0 0 0 0 0 0 0 0 0 0 0 0 0 0 0 0 0 0 0 0 0 0 0 0 0 0 0 0 0 0 0 0 0 0 0 0 0 0 0 0 0 0 0 0 0 0 0 0 0 0 0 0 0 0 0 0 0 0 0 0 0 0 0 0 0 0 0 0 0 0 0 0 0 0 0 0 0 0 0 0 0 0 0 0 0 0 0 0 0 0 0 0 0 0 0 0 0 0 0 0 0 0 0 0 0 0 0 0 0 0 0 0 0 0 0 0 0 0 0 0 0 0 0 0 0 0 0 0 0 0 0 0 0 0 0 0 0 0 0 0 0 0 0 0 0 0 0 0 0 0 0 0 0 0 0 0 0 0 0 0 0 0 0 0 0 0 0 0 0 0 0 
0 0 0 0 0 0 0 0 0 0 0 0 0 0 0 0 0 0 0 0 0 0 0 0 0 0 0 0 0 0 0 0 0 0 0 0 0 0 0 0 0 0 0 0 0 0 0 0 0 0 0 0 0 0 0 0 0 0 0 0 0 0 0 0 0 0 0 0 0 0 0 0 0 0 0 0 0 0 0 0 0 0 0 0 0 0 0 0 0 0 0 0 0 0 0 0 0 0 0 0 0 0 0 0 0 0 0 0 0 0 0 0 0 0 0 0 0 0 0 0 0 0 0 0 0 0 0 0 0 0 0 0 0 0 0 0 0 0 0 0 0 0 0 0 0 0 0 0 0 0 0 0 0 0 0 0 0 0 0 0 0 0 0 0 0 0 0 0 0 0 0 0 0 0 0 0 0 0 0 0 0 0 0 0 0 0 0 0 0 0 0 0 0 0 0 0 0 0 0 0 0 0 0 0 0 0 0 0 0 0 0 0 0 0 0 0 0 0 0 0 0 0 0 0 0 0 0 0 0 0 0 0 0 0 0 0 0 0 0 0 0 0 0 0 0 0 0 0 0 0 0 0 0 0 0 0 
0 0 0 0 0 0 0 0 0 0 0 0 0 0 0 0 0 0 0 0 0 0 0 0 0 0 0 0 0 0 0 0 0 0 0 0 0 0 0 0 0 0 0 0 0 0 0 0 0 0 0 0 0 0 0 0 0 0 0 0 0 0 0 0 0 0 0 0 0 0 0 0 0 0 0 0 0 0 0 0 0 0 0 0 0 0 0 0 0 0 0 0 0 0 0 0 0 0 0 0 0 0 0 0 0 0 0 0 0 0 0 0 0 0 0 0 0 0 0 0 0 0 0 0 0 0 0 0 0 0 0 0 0 0 0 0 0 0 0 0 0 0 0 0 0 0 0 0 0 0 0 0 0 0 0 0 0 0 0 0 0 0 0 0 0 0 0 0 0 0 0 0 0 0 0 0 0 0 0 0 0 0 0 0 0 0 0 0 0 0 0 0 0 0 0 0 0 0 0 0 0 0 0 0 0 0 0 0 0 0 0 0 0 0 0 0 0 0 0 0 0 0 0 0 0 0 0 0 0 0 0 0 0 0 0 0 0 0 0 0 0 0 0 0 0 0 0 0 0 0 0 0 0 0 0 0 
0 0 0 0 0 0 0 0 0 0 0 0 0 0 0 0 0 0 0 0 0 0 0 0 0 0 0 0 0 0 0 0 0 0 0 0 0 0 0 0 0 0 0 0 0 0 0 0 0 0 0 0 0 0 0 0 0 0 0 0 0 0 0 0 0 0 0 0 0 0 0 0 0 0 0 0 0 0 0 0 0 0 0 0 0 0 0 0 0 0 0 0 0 0 0 0 0 0 0 0 0 0 0 0 0 0 0 0 0 0 0 0 0 0 0 0 0 0 0 0 0 0 0 0 0 0 0 0 0 0 0 0 0 0 0 0 0 0 0 0 0 0 0 0 0 0 0 0 0 0 0 0 0 0 0 0 0 0 0 0 0 0 0 0 0 0 0 0 0 0 0 0 0 0 0 0 0 0 0 0 0 0 0 0 0 0 0 0 0 0 0 0 0 0 0 0 0 0 0 0 0 0 0 0 0 0 0 0 0 0 0 0 0 0 0 0 0 0 0 0 0 0 0 0 0 0 0 0 0 0 0 0 0 0 0 0 0 0 0 0 0 0 0 0 0 0 0 0 0 0 0 0 0 0 0 0 
0 0 0 0 0 0 0 0 0 0 0 0 0 0 0 0 0 0 0 0 0 0 0 0 0 0 0 0 0 0 0 0 0 0 0 0 0 0 0 0 0 0 0 0 0 0 0 0 0 0 0 0 0 0 0 0 0 0 0 0 0 0 0 0 0 0 0 0 0 0 0 0 0 0 0 0 0 0 0 0 0 0 0 0 0 0 0 0 0 0 0 0 0 0 0 0 0 0 0 0 0 0 0 0 0 0 0 0 0 0 0 0 0 0 0 0 0 0 0 0 0 0 0 0 0 0 0 0 0 0 0 0 0 0 0 0 0 0 0 0 0 0 0 0 0 0 0 0 0 0 0 0 0 0 0 0 0 0 0 0 0 0 0 0 0 0 0 0 0 0 0 0 0 0 0 0 0 0 0 0 0 0 0 0 0 0 0 0 0 0 0 0 0 0 0 0 0 0 0 0 0 0 0 0 0 0 0 0 0 0 0 0 0 0 0 0 0 0 0 0 0 0 0 0 0 0 0 0 0 0 0 0 0 0 0 0 0 0 0 0 0 0 0 0 0 0 0 0 0 0 0 0 0 0 0 0 
0 0 0 0 0 0 0 0 0 0 0 0 0 0 0 0 0 0 0 0 0 0 0 0 0 0 0 0 0 0 0 0 0 0 0 0 0 0 0 0 0 0 0 0 0 0 0 0 0 0 0 0 0 0 0 0 0 0 0 0 0 0 0 0 0 0 0 0 0 0 0 0 0 0 0 0 0 0 0 0 0 0 0 0 0 0 0 0 0 0 0 0 0 0 0 0 0 0 0 0 0 0 0 0 0 0 0 0 0 0 0 0 0 0 0 0 0 0 0 0 0 0 0 0 0 0 0 0 0 0 0 0 0 0 0 0 0 0 0 0 0 0 0 0 0 0 0 0 0 0 0 0 0 0 0 0 0 0 0 0 0 0 0 0 0 0 0 0 0 0 0 0 0 0 0 0 0 0 0 0 0 0 0 0 0 0 0 0 0 0 0 0 0 0 0 0 0 0 0 0 0 0 0 0 0 0 0 0 0 0 0 0 0 0 0 0 0 0 0 0 0 0 0 0 0 0 0 0 0 0 0 0 0 0 0 0 0 0 0 0 0 0 0 0 0 0 0 0 0 0 0 0 0 0 0 0 
0 0 0 0 0 0 0 0 0 0 0 0 0 0 0 0 0 0 0 0 0 0 0 0 0 0 0 0 0 0 0 0 0 0 0 0 0 0 0 0 0 0 0 0 0 0 0 0 0 0 0 0 0 0 0 0 0 0 0 0 0 0 0 0 0 0 0 0 0 0 0 0 0 0 0 0 0 0 0 0 0 0 0 0 0 0 0 0 0 0 0 0 0 0 0 0 0 0 0 0 0 0 0 0 0 0 0 0 0 0 0 0 0 0 0 0 0 0 0 0 0 0 0 0 0 0 0 0 0 0 0 0 0 0 0 0 0 0 0 0 0 0 0 0 0 0 0 0 0 0 0 0 0 0 0 0 0 0 0 0 0 0 0 0 0 0 0 0 0 0 0 0 0 0 0 0 0 0 0 0 0 0 0 0 0 0 0 0 0 0 0 0 0 0 0 0 0 0 0 0 0 0 0 0 0 0 0 0 0 0 0 0 0 0 0 0 0 0 0 0 0 0 0 0 0 0 0 0 0 0 0 0 0 0 0 0 0 0 0 0 0 0 0 0 0 0 0 0 0 0 0 0 0 0 0 0 
0 0 0 0 0 0 0 0 0 0 0 0 0 0 0 0 0 0 0 0 0 0 0 0 0 0 0 0 0 0 0 0 0 0 0 0 0 0 0 0 0 0 0 0 0 0 0 0 0 0 0 0 0 0 0 0 0 0 0 0 0 0 0 0 0 0 0 0 0 0 0 0 0 0 0 0 0 0 0 0 0 0 0 0 0 0 0 0 0 0 0 0 0 0 0 0 0 0 0 0 0 0 0 0 0 0 0 0 0 0 0 0 0 0 0 0 0 0 0 0 0 0 0 0 0 0 0 0 0 0 0 0 0 0 0 0 0 0 0 0 0 0 0 0 0 0 0 0 0 0 0 0 0 0 0 0 0 0 0 0 0 0 0 0 0 0 0 0 0 0 0 0 0 0 0 0 0 0 0 0 0 0 0 0 0 0 0 0 0 0 0 0 0 0 0 0 0 0 0 0 0 0 0 0 0 0 0 0 0 0 0 0 0 0 0 0 0 0 0 0 0 0 0 0 0 0 0 0 0 0 0 0 0 0 0 0 0 0 0 0 0 0 0 0 0 0 0 0 0 0 0 0 0 0 0 0 
0 0 0 0 0 0 0 0 0 0 0 0 0 0 0 0 0 0 0 0 0 0 0 0 0 0 0 0 0 0 0 0 0 0 0 0 0 0 0 0 0 0 0 0 0 0 0 0 0 0 0 0 0 0 0 0 0 0 0 0 0 0 0 0 0 0 0 0 0 0 0 0 0 0 0 0 0 0 0 0 0 0 0 0 0 0 0 0 0 0 0 0 0 0 0 0 0 0 0 0 0 0 0 0 0 0 0 0 0 0 0 0 0 0 0 0 0 0 0 0 0 0 0 0 0 0 0 0 0 0 0 0 0 0 0 0 0 0 0 0 0 0 0 0 0 0 0 0 0 0 0 0 0 0 0 0 0 0 0 0 0 0 0 0 0 0 0 0 0 0 0 0 0 0 0 0 0 0 0 0 0 0 0 0 0 0 0 0 0 0 0 0 0 0 0 0 0 0 0 0 0 0 0 0 0 0 0 0 0 0 0 0 0 0 0 0 0 0 0 0 0 0 0 0 0 0 0 0 0 0 0 0 0 0 0 0 0 0 0 0 0 0 0 0 0 0 0 0 0 0 0 0 0 0 0 0 
0 0 0 0 0 0 0 0 0 0 0 0 0 0 0 0 0 0 0 0 0 0 0 0 0 0 0 0 0 0 0 0 0 0 0 0 0 0 0 0 0 0 0 0 0 0 0 0 0 0 0 0 0 0 0 0 0 0 0 0 0 0 0 0 0 0 0 0 0 0 0 0 0 0 0 0 0 0 0 0 0 0 0 0 0 0 0 0 0 0 0 0 0 0 0 0 0 0 0 0 0 0 0 0 0 0 0 0 0 0 0 0 0 0 0 0 0 0 0 0 0 0 0 0 0 0 0 0 0 0 0 0 0 0 0 0 0 0 0 0 0 0 0 0 0 0 0 0 0 0 0 0 0 0 0 0 0 0 0 0 0 0 0 0 0 0 0 0 0 0 0 0 0 0 0 0 0 0 0 0 0 0 0 0 0 0 0 0 0 0 0 0 0 0 0 0 0 0 0 0 0 0 0 0 0 0 0 0 0 0 0 0 0 0 0 0 0 0 0 0 0 0 0 0 0 0 0 0 0 0 0 0 0 0 0 0 0 0 0 0 0 0 0 0 0 0 0 0 0 0 0 0 0 0 0 0 
0 0 0 0 0 0 0 0 0 0 0 0 0 0 0 0 0 0 0 0 0 0 0 0 0 0 0 0 0 0 0 0 0 0 0 0 0 0 0 0 0 0 0 0 0 0 0 0 0 0 0 0 0 0 0 0 0 0 0 0 0 0 0 0 0 0 0 0 0 0 0 0 0 0 0 0 0 0 0 0 0 0 0 0 0 0 0 0 0 0 0 0 0 0 0 0 0 0 0 0 0 0 0 0 0 0 0 0 0 0 0 0 0 0 0 0 0 0 0 0 0 0 0 0 0 0 0 0 0 0 0 0 0 0 0 0 0 0 0 0 0 0 0 0 0 0 0 0 0 0 0 0 0 0 0 0 0 0 0 0 0 0 0 0 0 0 0 0 0 0 0 0 0 0 0 0 0 0 0 0 0 0 0 0 0 0 0 0 0 0 0 0 0 0 0 0 0 0 0 0 0 0 0 0 0 0 0 0 0 0 0 0 0 0 0 0 0 0 0 0 0 0 0 0 0 0 0 0 0 0 0 0 0 0 0 0 0 0 0 0 0 0 0 0 0 0 0 0 0 0 0 0 0 0 0 0 
0 0 0 0 0 0 0 0 0 0 0 0 0 0 0 0 0 0 0 0 0 0 0 0 0 0 0 0 0 0 0 0 0 0 0 0 0 0 0 0 0 0 0 0 0 0 0 0 0 0 0 0 0 0 0 0 0 0 0 0 0 0 0 0 0 0 0 0 0 0 0 0 0 0 0 0 0 0 0 0 0 0 0 0 0 0 0 0 0 0 0 0 0 0 0 0 0 0 0 0 0 0 0 0 0 0 0 0 0 0 0 0 0 0 0 0 0 0 0 0 0 0 0 0 0 0 0 0 0 0 0 0 0 0 0 0 0 0 0 0 0 0 0 0 0 0 0 0 0 0 0 0 0 0 0 0 0 0 0 0 0 0 0 0 0 0 0 0 0 0 0 0 0 0 0 0 0 0 0 0 0 0 0 0 0 0 0 0 0 0 0 0 0 0 0 0 0 0 0 0 0 0 0 0 0 0 0 0 0 0 0 0 0 0 0 0 0 0 0 0 0 0 0 0 0 0 0 0 0 0 0 0 0 0 0 0 0 0 0 0 0 0 0 0 0 0 0 0 0 0 0 0 0 0 0 0 
0 0 0 0 0 0 0 0 0 0 0 0 0 0 0 0 0 0 0 0 0 0 0 0 0 0 0 0 0 0 0 0 0 0 0 0 0 0 0 0 0 0 0 0 0 0 0 0 0 0 0 0 0 0 0 0 0 0 0 0 0 0 0 0 0 0 0 0 0 0 0 0 0 0 0 0 0 0 0 0 0 0 0 0 0 0 0 0 0 0 0 0 0 0 0 0 0 0 0 0 0 0 0 0 0 0 0 0 0 0 0 0 0 0 0 0 0 0 0 0 0 0 0 0 0 0 0 0 0 0 0 0 0 0 0 0 0 0 0 0 0 0 0 0 0 0 0 0 0 0 0 0 0 0 0 0 0 0 0 0 0 0 0 0 0 0 0 0 0 0 0 0 0 0 0 0 0 0 0 0 0 0 0 0 0 0 0 0 0 0 0 0 0 0 0 0 0 0 0 0 0 0 0 0 0 0 0 0 0 0 0 0 0 0 0 0 0 0 0 0 0 0 0 0 0 0 0 0 0 0 0 0 0 0 0 0 0 0 0 0 0 0 0 0 0 0 0 0 0 0 0 0 0 0 0 0 
0 0 0 0 0 0 0 0 0 0 0 0 0 0 0 0 0 0 0 0 0 0 0 0 0 0 0 0 0 0 0 0 0 0 0 0 0 0 0 0 0 0 0 0 0 0 0 0 0 0 0 0 0 0 0 0 0 0 0 0 0 0 0 0 0 0 0 0 0 0 0 0 0 0 0 0 0 0 0 0 0 0 0 0 0 0 0 0 0 0 0 0 0 0 0 0 0 0 0 0 0 0 0 0 0 0 0 0 0 0 0 0 0 0 0 0 0 0 0 0 0 0 0 0 0 0 0 0 0 0 0 0 0 0 0 0 0 0 0 0 0 0 0 0 0 0 0 0 0 0 0 0 0 0 0 0 0 0 0 0 0 0 0 0 0 0 0 0 0 0 0 0 0 0 0 0 0 0 0 0 0 0 0 0 0 0 0 0 0 0 0 0 0 0 0 0 0 0 0 0 0 0 0 0 0 0 0 0 0 0 0 0 0 0 0 0 0 0 0 0 0 0 0 0 0 0 0 0 0 0 0 0 0 0 0 0 0 0 0 0 0 0 0 0 0 0 0 0 0 0 0 0 0 0 0 0 
0 0 0 0 0 0 0 0 0 0 0 0 0 0 0 0 0 0 0 0 0 0 0 0 0 0 0 0 0 0 0 0 0 0 0 0 0 0 0 0 0 0 0 0 0 0 0 0 0 0 0 0 0 0 0 0 0 0 0 0 0 0 0 0 0 0 0 0 0 0 0 0 0 0 0 0 0 0 0 0 0 0 0 0 0 0 0 0 0 0 0 0 0 0 0 0 0 0 0 0 0 0 0 0 0 0 0 0 0 0 0 0 0 0 0 0 0 0 0 0 0 0 0 0 0 0 0 0 0 0 0 0 0 0 0 0 0 0 0 0 0 0 0 0 0 0 0 0 0 0 0 0 0 0 0 0 0 0 0 0 0 0 0 0 0 0 0 0 0 0 0 0 0 0 0 0 0 0 0 0 0 0 0 0 0 0 0 0 0 0 0 0 0 0 0 0 0 0 0 0 0 0 0 0 0 0 0 0 0 0 0 0 0 0 0 0 0 0 0 0 0 0 0 0 0 0 0 0 0 0 0 0 0 0 0 0 0 0 0 0 0 0 0 0 0 0 0 0 0 0 0 0 0 0 0 0 
0 0 0 0 0 0 0 0 0 0 0 0 0 0 0 0 0 0 0 0 0 0 0 0 0 0 0 0 0 0 0 0 0 0 0 0 0 0 0 0 0 0 0 0 0 0 0 0 0 0 0 0 0 0 0 0 0 0 0 0 0 0 0 0 0 0 0 0 0 0 0 0 0 0 0 0 0 0 0 0 0 0 0 0 0 0 0 0 0 0 0 0 0 0 0 0 0 0 0 0 0 0 0 0 0 0 0 0 0 0 0 0 0 0 0 0 0 0 0 0 0 0 0 0 0 0 0 0 0 0 0 0 0 0 0 0 0 0 0 0 0 0 0 0 0 0 0 0 0 0 0 0 0 0 0 0 0 0 0 0 0 0 0 0 0 0 0 0 0 0 0 0 0 0 0 0 0 0 0 0 0 0 0 0 0 0 0 0 0 0 0 0 0 0 0 0 0 0 0 0 0 0 0 0 0 0 0 0 0 0 0 0 0 0 0 0 0 0 0 0 0 0 0 0 0 0 0 0 0 0 0 0 0 0 0 0 0 0 0 0 0 0 0 0 0 0 0 0 0 0 0 0 0 0 0 0 
0 0 0 0 0 0 0 0 0 0 0 0 0 0 0 0 0 0 0 0 0 0 0 0 0 0 0 0 0 0 0 0 0 0 0 0 0 0 0 0 0 0 0 0 0 0 0 0 0 0 0 0 0 0 0 0 0 0 0 0 0 0 0 0 0 0 0 0 0 0 0 0 0 0 0 0 0 0 0 0 0 0 0 0 0 0 0 0 0 0 0 0 0 0 0 0 0 0 0 0 0 0 0 0 0 0 0 0 0 0 0 0 0 0 0 0 0 0 0 0 0 0 0 0 0 0 0 0 0 0 0 0 0 0 0 0 0 0 0 0 0 0 0 0 0 0 0 0 0 0 0 0 0 0 0 0 0 0 0 0 0 0 0 0 0 0 0 0 0 0 0 0 0 0 0 0 0 0 0 0 0 0 0 0 0 0 0 0 0 0 0 0 0 0 0 0 0 0 0 0 0 0 0 0 0 0 0 0 0 0 0 0 0 0 0 0 0 0 0 0 0 0 0 0 0 0 0 0 0 0 0 0 0 0 0 0 0 0 0 0 0 0 0 0 0 0 0 0 0 0 0 0 0 0 0 0 
0 0 0 0 0 0 0 0 0 0 0 0 0 0 0 0 0 0 0 0 0 0 0 0 0 0 0 0 0 0 0 0 0 0 0 0 0 0 0 0 0 0 0 0 0 0 0 0 0 0 0 0 0 0 0 0 0 0 0 0 0 0 0 0 0 0 0 0 0 0 0 0 0 0 0 0 0 0 0 0 0 0 0 0 0 0 0 0 0 0 0 0 0 0 0 0 0 0 0 0 0 0 0 0 0 0 0 0 0 0 0 0 0 0 0 0 0 0 0 0 0 0 0 0 0 0 0 0 0 0 0 0 0 0 0 0 0 0 0 0 0 0 0 0 0 0 0 0 0 0 0 0 0 0 0 0 0 0 0 0 0 0 0 0 0 0 0 0 0 0 0 0 0 0 0 0 0 0 0 0 0 0 0 0 0 0 0 0 0 0 0 0 0 0 0 0 0 0 0 0 0 0 0 0 0 0 0 0 0 0 0 0 0 0 0 0 0 0 0 0 0 0 0 0 0 0 0 0 0 0 0 0 0 0 0 0 0 0 0 0 0 0 0 0 0 0 0 0 0 0 0 0 0 0 0 0 
