# Format: McCode with text headers
# URL: http://www.mccode.org
# Creator:  3.8.5, git
# Instrument: eqsans_sans.instr
# Ncount: 10000000
# Trace: no
# Gravitation: no
# Seed: 1790182947768515
# Directory: /Users/georgeyumnam/WORK/PANRAID/PaNRAID-results/Group2/panraidproject/scan_sans_sample/x+01_y+16
# Param: gx=0.001
# Param: gy=0.016
# Param: sample_on=1
# Param: R_sphere=100
# Param: Phi=0.01
# Param: bs_radius=0
# Param: samp_ap=0.01
# Date: Wed Sep 23 19:03:03 2026 (1790182983)
# type: array_2d(256, 256)
# Source: EQ_SANS_sample (eqsans_sans.instr)
# component: detector
# position: 0 0 22.28
# title: PSD monitor
# Ncount: 10000000
# filename: detector.dat
# statistics: X0=-0.599262; dX=9.34788; Y0=-1.79378; dY=9.78348;
# signal: Min=0; Max=1766.67; Mean=2.29556;
# values: 150442 9758.29 4827
# xvar: X 
# yvar: Y 
# xlabel: X position [cm]
# ylabel: Y position [cm]
# zvar: I
# zlabel: Signal per bin
# xylimits: -50 50 -70 70
# variables: I I_err N
# Data [detector/detector.dat] I:
0 0 0 0 0 0 0 0 0 0.004934777786 0 0 0 0 0 0 0 0 0 0 0 0 0 0 0 0 0.007089917279 0 0 0 0.05540249392 0 0 0 0.01550672625 0 0 0 1.537524675 0.07243963207 0 0 0 0 0 0 0.03997886821 0 0 0 0 0.2073624232 0 0 0 0 0 0 0 0 0 0 0 0 0 0 0 0 0 0 0 0 0 0 0 0 0 0 0 0 0 0.05552354636 0 0 0 0 0 0 0 0 0 0.02037446718 0 0 0.05418346576 0 0 0 0 0 0 0 0 0 0 0 0 0 0 0.1959489396 0 0 0 0 0 0 0 0 0 0 0 0 0 0 0 0 0 0 0 0 0 0 0 0 0 0 0 0 0 0 0 0 0 0 0 0 0 0 0 0 0 0 0 1.196951266 0 0 0 0 0 0 0 0.04885934803 0 0 0 0 0 0 0 0 0 0 0 0 0 0 0 0 0 0 0 0 0 0 0 0 0 0 0 0 0 0 0 0 0 0 0 0 0 0 0 0.07115251189 0 0 0 0 0 0 0 0 0 0 0 0 0 0 0 0 0 0 0 0 0 0 0 0 0 0 0 0 0 0 0 0 0 0 0 0 0 0 0 0 0 0 0 0.102193572 0 0 0 0 0 0.1306240862 0 0 0 0 
0 0 0 0 0 0 0 0 0 0 0 0 0 0 0 0 0 0 0 0 0 0 0 0 0 0 0 0 0 0 0 0 0 0 0 0 0.06366603466 0 0 0.01816041781 0 0.9211096137 0 0.04187254077 0 0 0 0 0 0 0 0 0 0 0 0 0 0 0 0 0 0 0 0 0 0 0 0 0 0 0.01523086895 0 0 0 0 0 0 0 0 0.476690494 0 0 0 0 0 0 0 0 0 0 0 0 0 0.895159279 0 0 0 0 0 0 0 0 0 0 0 0 0 0 0 0 0 0 0.1686002348 0 0 0 0 0 0 0 0 0 0 0 0 0 0 0 0 0 0 0 0 0 0 0 0 0 0 0 0 0 0 0 0 0 0 0 0 0 0 0 0 0 0.1152582881 0 0 0 0 0 0 0.02364210035 0 0 0 0 0 0 0 0 0 0 0 0.004184203894 0 0 0 0.7825247613 0 0 0 0 0 0 0 0 0 0 0.05823203606 0 0 0 0 0 0 0 0 0 0 0 0 0 0 0 0 0 0 0 0 0 0 0 0 0 0.1789589662 0 0 0 0 0 0 0 0 0 0 0 0 0 0 0 0 0 0 0 0 0 0 0 0 0 0 0 0 0 0 0 0 0 0 0 0 0 0 0 0 0 
0 0 0 0 0.06847714312 0 0 0 0 0 0.02898571735 0 0 0 0 0 0 0 0 0 0 0 0 0 0 0 0.1948669205 0 0 0 0 0 0 0 0 0 0.734464614 0 0 0 0 0 0 0 0 0 0 0 0 0 0 0 0 0 0.3932489452 0 0 0 0 0 0.05126442686 0 0 0 0 0.07522423878 0 0 0 0 0.05416155089 0 0 0 0 0 0 0.1984204783 0 0 0 0 0 0.05805056818 0 0 0 0 0 0.1069838459 0.1659805434 0 0 0 0 0 0 0 0 0.5602089864 0 0 0 0.07720292521 0 0 0 0 0 0 0 0 0 0 0 0 0 0 0 0 0 0 0 0 0 0 0 0 0 0 0 0 0 0 0 0 0 0 0.4496426643 0 0 0 0 0 0.4050005571 0 0 0 0 0 0 0 0 0 0 0 0 0 0 0 0 0 0 0 0 0 0.132630678 0 0 0 0 0 0 0 0 0 0.1200349488 0 0 0 0 0 0 0 0 0 0 0 0 0 0 0 0 0 0 0 0 0 0 0 0.1184364962 0 0 0 0 0 0 0 0.0005841179566 0 0 0 0 0 0.02859584738 0 0 0.235613327 0 0 0 0 0 0 0 0 0 0 0 0 0 0 0 0 0 0 0 0 0 0 0 0 0 0 0 0 0 0 0 0 0 0 0.008786658492 0 0 0 
0 0 0 0 0 0 0 0 0 0 0 0 0 0 0 0 0 0 0 0 0 0 0 0.06396991959 0 0.07281317395 0 0 0.01013294137 0 0 0 0 0 0 0 0 0 0 0 0 0 0 0 0 0.07424939978 0.1850230695 0 0 0.08622464252 0 0 0 0 0 0 0 0 0 0 0 0 0 0 0 0 0.4839128975 0 0 0 0 0 0 0 0 0.007703546839 0 0.4143139501 0 0 0 0 0 0 0 0 0 0 0 0 0 0 0 0.1289635451 0.01450258548 0 0 0 0 0 0 0 0 0 0 0 0 0 0 0 0 0 0 0 0 0.00977828251 0 0 0.0001467030777 0 1.138882657 0 0 0 0 0 0 0 0 0 0 0 0 0 0 0 0 0 0 0 0 0 0 0 0.1398808087 0 0 0 0.258157265 0.09052312521 0 0.7861470049 0 0 0 0 0 0 0 0 0 0 0 0 0 0.1123280537 0 0 0 0 0 0 0 0 0 0 0 0 0 0 0 0 0 0 0 0 0 0 0 0.07977957276 0 0 0 0 0 0 0 0 0 0 0 0 0 0 0 0 0 0 0 0 0 0 0 0 0 0 0 0 0 0 0 0 0 0.2054900721 0 0 0 0 0 0 0 0 0 0 0 0 0 0 0 0 0 0 0 0 0 0 0.02576923508 0 0 0 0 0 0 0 0 0 
0 0 0 0 0 0.0278649628 0 0 0 0 0 0 0 0 0 0 0 0 0 0 0 0 1.342860527 0 0 0 0 0 0 0 0 0 0 0 0 0 0 0 0 0 0.2658549561 0 0 0 0 0 0 0 0 0 0 0 0 0 0 0 0 0 0 0 0 0 0 0 0 0 1.226400226 0 0 0 0 0 0 0 0 0 0 0 0 1.408854876 0 0 0 0 0 0 0 0 0 0 0 0 0 0 0 0 0.00604958384 0 0 0 0 0 0 0 0 0 0 0 0 0 0 0 0 0 0 0 0 0 0 0 0 0 0 0 0 0 0 0 0 0 0 0 0 0 0 0 0 0 0 0 0 0 0 0 0 0 0 0 0 0 0 0 0 0 0 0 0 0 0 0 0 0 0 0 0 0 0 0 0 0 0 0 0 0 0 0 0 0 0 0 0.01984208492 0 0 0 0 0 0 0 0 0 0 0 0 0.02665565394 0 0 0 0.008675130238 0 0 0 0 0 0 0 0 0 0 0 0 0 0.281169966 0 0 0 0 0 0 0 0 0 0 0 0 0 0 0 0 0 0 0 0 0 0 0 0 0 0 0 0 0 0 0 0 0 0 0 0 0 0 0 0 0 0 0.09037461567 0 
0 0 0 0 0 0 0 0 0.04430128932 0 0 0 0 0.005466158055 0 0 0 0 0 0 0 0 0 0 0 0 0 0 0 0 0 0 0 0 0 0 0 0 0 0.76614071 0 0 0 0 0 0 0 0 0 0 0 0 0 0 0 0 0 0 0 0 0 0 0 0 0 0 0 0.1363525036 0 0 0 0 0 0.125758111 0 0 0 0 0 0 0 0 0 0 0 0 0 0 0 0 0 0 0 0 0.1309067471 0 0 0 0 0 0 0.01788141853 0 0 0.3805389133 0 0 0 0 0 0 0.04912192301 0 0 0 0 0 0 0 0 0 0 0 0 0 0 0 0 0 0 0 0 0 0.7354523145 0 0 0 0 0.02156939134 0 0 0 0 0 0.02408600058 0 0 0 0 0 0 0 0 0 0 0 0 0 0 0 0 0 0 0 0 0 0 0 0 0 0 0 0.001775795595 0 0 0 0 0 0 0 0 0 0 0 0 0.09254028956 0 0.06713622381 0 0 0 0 0 0 0 0 0 0 0 0 0 0 0 0 0 0 0 0 0 0 0 0 0 0 0 0 0 0 0 0 0 0 0 0.7715463898 0 0 0 0 0 0 0 0 0 0 0 0 0 1.273378659 0 0 0 0 0 0 0 0 0 0 0 0 0 0 0 0 0 0 
0 0 0 0 0 0 0 0.1490906175 0 0.2666623794 0 0 0 0 0 0 0 0 0 0 0 0 0 0 0 0 0 0 0 0 0 0 0 0 0 0 0 0 0 0 0 0 0 0 0 0 0 0.4510833205 0 0 0 0 0 0 0 0 0 0 0 0 0 0 0 0 0 0.1408914447 0 0 0 0 0 0 0 0 0.1345028481 0 0.02866980791 0 0 0 0 0 0 0 0 0 0 0 0 0 0 0 0 0 0 0.2458672083 0 0 0 0 0 0 0 0 0.3502514116 0 0 0 0 0 0 0 0 0 0 0 0 0 0 0 0 0 0 0 0 0 0 0 0 0 0 0 0 0 0 0 0 0.03725210972 0 0 0.07701572861 0 0 0 0 0 0 0 0 0 0 0 0 0 0 0 0 0 0 0 0.1456272406 0 0.1246811942 0 0 0 0 0 0 0.2079465303 0 0 0 0 0 0 0.1202472917 0 0 0 0 0 0 0 0 0 0 0 0 0 0 0.01046118935 0 0 0 0.2426257847 0 0 0 0 0 0 0 0 0 0 0 0.004236892294 0 0 0 0.08176831444 0.005389405642 0 0 0 0 0 0 0 0 0 0 0 0 0 0 0 0 0 0 0 0 0 0 0 0 0 0 0 0 0 0 0 0 0 0 0 0 0 0 0 0.03009764397 0 0 0 
0 0 0.05231781225 0 0 0 0 0 0 0.2798984134 0 0 0 0 0 0 0 0 0 0 0 0 0 0 0.1306979127 0 0 0 0 0 0.3407160277 0 0 0 0 0 0 0.3291220411 0 0 0 0 0 0 0 0 0 0 0 0.112971235 0 0 0.07160281002 0 0 0 0.4757358076 0 0 0 0 0 0 0 0 0.04230488203 0 0 0 0 0 0 0 0 0.1215966488 0 0 0 0 0 0 0 0 0 0 0 0 0.0007464250843 0 0 0 0 0 0 0 0 0 0 0 0 0 0 0 0 0 0.1570571116 0 0 0 0 0 0 0 0 0 0 0 0 0 0 0 0 0 0 0 0 0 0 0 0 0 0 0 0 0 0 0 0.007374058028 0.07599356601 0 0 0 0 0 0 0 0 0 0 0 0 0 0 0.07276013886 0 0 0 0 0 0 0 0 0 0 0 0 0 0 0 0 0 0 0 0 0 0 0 0 0.02386631185 0 0 0 0 0 0 0 0 0 0 0 0 0 0.3069866208 0 0 0 0.01079919513 0 0 0.4012627321 0 0 0 0.5062793172 0 0 0 0 0 0 0 0 0 0 1.317863719 0 0 0 0 0 0 0 0 0 0 0 0 0 0 0 0 0 0 0 0 0 0 0 0 0 0 0.02762701083 0 0 0 0 0 0 0 0 0 0 0 0 0 0 
0 0 0 0 0 0 0 0 0 0 0 0 0 0 0 0 0 0 0 0 0 0 0 0 0 0 0 0 0 0 0 0.0001509885549 0 0 0 0 0 0 0 0 0 0 0 0 0 0 0 0 0 0 0 0 0 0 0 0.1208442169 0 0 0 0 0 0 0 0 0 0 0.1304710409 0 0.03516209535 0 0 0 0 0 0 0 0.5244208532 0 0 0 0 0 0 0 0 0 0 0.3993311683 0 0 0 0 0.179131064 0 0 0 0 0 0 0 0 0 0.225283668 0 0 0 0 0 0 0 0 0 0 0 0 0 0 0 0 0 1.138628748 0 0 0 0 0 0.1983394274 0 0 0 0 0 0 0 0 0 0 0 0 0 0 0 0 0 0 0 0 0 0 0 0 1.350862334 0 0 0 0 0 0 0 0 0 0 0 0 0 0 0 0 0 0 0 0 0 0 0 0 0 0 0 0 0 0 0 0 0 0 0 0 0.1519746792 0 0 0.1267899672 0 0 0 0 0 0 0 0 0 0 0 0 0 0 0 0 0 0 0 0 0 0 0 0 0 0 0 0 0 0 0.1568779051 0 0 0 0 0 0 0 0 0 0 0 0 0 0 0 0 0 0 0.003389768669 0 0.04072235892 0 0.00996601982 0 0 0 0 0 0 0 0 0 0 
0 0 0 0 0 0 0 0 0 0 0 0 0 0 0 0 0 0 0 0 0 0 0 0 0 0 0 0.0963857506 0 0 0 0 0 0 0 0 0 0 0 0 0.1196778659 0 0 0 0 0 0 0.08972334642 0 0 0 0 0 0 0 0 0 0 0.05276409553 0 0 0 0 0 0 0.2055733254 0 0 0 0 0 1.148897534 0 0 0 0 0 0 0 0 0 0 0.1295181907 0 0 0 0 0.4209086637 0 0 0.4062470628 0 0 0 0 0 0 0.497550306 0 0 0 0 0 0.02344665908 0 0 0.1144176084 0.3785467865 0 0 0 0 0 0 0 0 0 0 0 0 0 0 0 0 0 0 0 0 0 0 0 0 0 0 0 0 0 0 0 0 1.360925273 0 0 0 0 0 0 0 0 0 0 0 0.9043629939 0 0 0 0 0 0 0 0 0 0.2179995281 0 0 0 0 0 0 0 0 0.4819370672 0 0 0 0 0.3369869634 0 0 0 0 0 0 0 0 0 0 0 0 0 0 0 0 0 0 0 0 0 0 0 0 0 0 0 0 0 0.06849419555 0 0 0 0 0 0 0 0 0 0 0.01076670969 0 0 0 0 0 0 0 0 0.1389311384 0 0 0 0 0 0 0 0 0 0 0 0 0 0 0.07824817705 0 0 0 0 0 0 0 0 0 0 0 0 0 0 
0 0 0 0 0 0.02891117219 0 0 0 0 0 0 0 0 0 0.08227992721 0 0 0 0 0 0 0 0.576866092 0 0 0 0 0 0 0 0 0 0 0 0 0 0 0 0 0 0 0 0 0 0 0 0 0 0.02547270156 0 0 0 0 0 0 0 0 0 0 0 0 0 0 0 0 0 0 0 0.02732336347 0 0 0 0 0 0 0 0 0 0 0 0 0 0 0 0.01702727879 0.03089916624 0.02255695018 0 0 0 0 0 0 0 0.04352879969 0 0 0 0 0 0 0 0 0.001763370062 0 0 1.474709281 0 0 0 0 0 0.2086188871 0 0 0.06653424379 0 0 0 0 0 0 0 0 0 0 0 0 0 0 0 0 0 0 0 0 0 0 0 0 0 0 0 0 0 0 1.19187405 0 0 0 0 0 0 0 0 0 0 0 0 0 0 0 0 0 0 0 0.2146278514 0 0 0 0 0 0 0 0 0 0 0 0 0.2213042612 0 0 0 0 0 0 0 0 0 0 0.8326032714 6.29659187e-05 0 0 0 0 0 0 0 0 0 0 0 0 0 0 0 0 0 0 0 0 0 0.01022053672 0.006203173148 0.03292924658 0 0 0 0 0 0 0 0 0 0.3714915344 0 0 0 0 0 0 0 0 0 0 0.1000112432 0 0 0.0881017649 0 0 0 0.0833595097 0 0 0 0 0 0 0 0 0 0 0 
0 0 0 0 0 0 0 0 0 0 0 0 0 0 0 0 0 0 0 0 0 0 0 0 0 0 0 0 0 0 0 0 0 0 0 0 0 0 0 0 0 0.2325499737 0 0 0 0 0 0 0 0 0 0 0 0 0 0 0 0 0 0 0 0 0 0 0.06531622647 0.1496973369 0 0 0 0 0 0.1308687215 0 0 0 0 0 0 0 0 0 0 0 0 0 0.2086503363 0 0 0 0 0.3494599096 0 0 0 0 0 0 0 0 0 0 0 0 0 0 0 0 0 0 0 0 0 0 0 0 0 0 0 0 0 0 0 0.004275276372 0 0 0 0 0 1.523120753 0 0 0.1269235277 0 0 0.2945387544 0 0 0 0 0 0 0 0 0 0 0 0 0 0 0 0 0 0 0 0 0 0 0 0 0.08664081998 0 0 0 0 1.053340639 0 0 0 0 0 0 0 0 0 0 0 0 0 0 0 0 0.1889608289 0 0 0 0 0 0 0 0 0 0 0 0 0 0 0 0 0 0 0 0 0 0 0 0 0 0 0 0 0 0 0 0 0 0 0 0 0 0 0 0 0 0 0 0 0 0 0 0 0 0 0 0 0 0 0 0 0 0 0 0 0 6.534335229e-05 0 0 0 0 0 0 0 0.04326439631 0 0 0 0 
0 0.01392613626 0 0 0 0 0 0 0 0 0 0 0 0.03901752094 0 0 0 0 0 0 0.03697331573 0 0 0 0 0 0 0 0 0 0 0 0 0.09456471433 0 0 0 0.08125546468 0 0 0 0 0.1546048046 0 0 0 0 0 0 0 0 0 0 0 0 0 0 0 0 0 0 0 0 0 0 0 0 0 0 0 0 0 0 0 0.3114207486 0 0 0.373073798 0 0 0 0 0 0 0 0 0 0 0 0 0 0 0 0 0 0 0 0 0 0.04509487178 0 0 0 0 0 0.315830602 0 0 0 0 0.009956023239 0 0 0 0 0 0 0 0 0 0 0 0 0 0 0 0 0 0 0 0 0 0 0.1743848284 0 0 0 0 0 0.5641142793 0 0 0 0 0 0 0 0 0 0 0 0 0.02343097884 0 0.3185524179 0 0.02979623563 0 0 0 0 0.03366842687 0 0 0 0 0.1743499401 0 0 0 0 0 0 0 0 0 0 0 0 0 0 0 0 0 0 0 0 0 0 0 0 0 0 0 0 0 0 0 0 0 0 0 0 0 0 0 0 0 0 0 0.1031299424 0 0 0 0 0 0 0 0 0 0.02153587251 0 0 0 0 0 0 0 0 0 0 0 0 0 0 0 0.0170467373 0 0 0.01314831879 0 0 0 0 0 0 0 0 0 0 0 0 0 0.005288417195 5.191290799e-05 0 
0 0 0 0 0 0 0 0 0 0 0 0 0 0 0 0 0 0.1986360124 0 0 0 0 0 0 0 0 0 0.1329760215 0 0 0.03653926573 0 0 0 0.1991213289 0 0 0.03400286763 0 0 0 0 0 0 0 0 0 0 0 0 0 0 0 0 0.001221316823 0 0 0 0 0 0 0 0 0 0 0 0.1919871198 0 0 0 0 0 0 0 0 0 0 0 0 0 0 0 0 0 0 0 0 0 0 0 0 0 0 0 0 0 0 0 0 0 0 0 0 0 0 0 0 0 0 0 0 0 0 0 0.1124763442 0 0 0 0 0 0 0 0 0 0 0.1203741588 0 0 0 0 0 1.055054415 0 0 0 0 0 0.08453434382 0 0 0 0 0 0 0 0 0 0 0 0.1916082575 0 0 0 0 0 0 0 0 0 0 0 0 0 0 0 0 0 0 0 0 0 0 0 0 0 0 0 0 0 0 0 0 0 0.1369594862 0 0 0 0 0 0 0 0 0 0 0 0 0 0 0 0 0 0 0 0.01509610916 0 0 0 0 0 0 0 0 0 0 0 0 0 0 0 0 0 0 0 0 0 0 0 0 0 0 0 0 0 0 0 0 0 0 0 0 0 0 0 0 0 0 0 0 0 0 0 0 0 0 0 0 
0 0 0 0 0 0 0 0 0 0 0 0 0 0 0 0 0 0 0 0 0 0 0 0.4192178736 0 0 0 0 0 0 0 0 0 0 0 0 0 0 0 0 0 0.1173010545 0 0 0 0 0 0 0 0 0 0 0 0 0 0 0 0 0 0 0.03233546934 0 0.09898950054 0 0 0 0 0 0 0 0 0 0 0 0 0 0 0 0 0 0 0 0 0 0 0 0 0 0 0 0 0 0 0 0 0 0 0 0 0 0 0 0 0 0 0 0 0 0 0 0 0 0 0 0 0 0 0 0 0 0 0 0 0 0 0 0 0 0 0.09894123721 0 0 0 0 0 0.06529631906 0.5020282381 0 0 0 0 0 0 0 0 0 0 0 0 0 0 0 0 0 0 0 0 0 0 0 0 0 0 0 0 0 0 0 0.2027683662 0.04870060609 0 0 0 0 0 0 0 0.1272393613 0.03175250988 0 0 0 0 0 0 0 0.001725943472 0 0 0 0 0 0 0 0 0 0 0 0 0 0 0 0 0 0 0 0 0 0 0 0 0 0 0 0 0 0 0 0 0 0 0 0 0 0 0 0 0 0 0 0 0 0.4060795065 0 0.00355976688 0 0 0 0 0 0 0 0 0 0 0 0 0 0 0 0 0 0 0 0 0 
0 0 0 0 0 0 0 0 0 0 0 0 0 0 0 0 0 0 0 0 0 0 0 0 0 0 0 0 0 0 0 0 0 0 0 0 0 0 0 0 1.472664712 0 0 0 0 0 0.03395016477 0 0 0.05436017214 0 0 0 0 0 0 0 0 0 0 0 0 0 0 0 0 0.06773798576 0 0 0 0 0 0 0 0 0 0 0 0 0 0 0 0 0 0 0 0 0 0 0 0 0 0 0 0 0 0 0 0 0 0 0 0 0 0 0 0 0 0 0 0 0 0 0 0 0 0 0 0 0 0 0 0 0 0 0 0 0 0.02183595729 0.9129961412 0 0 0 0 0.02563388788 1.126850953 0 0 0 0 0 0 0 0 0 0 0 0 0 0 0 0 0 0 0 0 0 0 0 1.64334975 0 0 0.1427010562 0 0 0 0 0 0 0 0 0 0 0 0 0.008569810182 0 0 0 0 0 0 0 0 0 0 0 0 0 0 0 0 0 0 0 0 0 0 0 0 0 0 0 0 0 0 0 0 0 0 0 0 0 0 0 0 0 0 0 0 0 0 0 0 0 0 0 0 0 0 0 0 0.007877079056 0 0 0 0 0 0 0 0 0 0 0 0 0 0 0 0 0 0 0 0 0 0 0 
0 0 0 0 0 0.1464138971 0 0 0 0 0 0 0 0 0 0 0 0 0 0 0 0 0 0 0 0 0 0 0 0.3297764235 0 0 0 0 0 0 0 0 0 0 0 0 0 0 0 0 0 0 0 0 0 0.889856218 0 0 0 0 0 0 0 0.06370097447 0 0 0 0 0 0 0 0 0 0 0 0.08221771116 0 0 0.02649066965 0 0 0 0 0 0 0 0 0 0 0 0 0 0 0 0 0 9.252047778e-06 0 0 0 0 0 0 0 0 0 0 0 0 0 0 0 0 0 0 0 0 0.0491546619 0 0 0 0 0 0 0 0 1.178397105 0 0 0 0 0 0.15540956 0 0 0 0 0 0 0 0 0 0 0 0 0 0 0 0 0 0 0 0 0 0 0 0 0 0 0 0 0 0 0 0 0 0 0 0 0 0 0 0 0 0 0 0 0 0 0 0 0 0 0 0 0 0 0 0 0 0 0 0 0 0 0 0 0 0 0 0 0.9326275102 0 0 0 0 0 0 0 0 0 0 0 0 0 0 0 0 0 0 0 0 0 0 0 0 0 0 0 0 0 0.8344568492 0 0 0 0 0 0 0 0 0 0 0 0 0 0 0 0 0 0 0 0 1.40244957 0 0 0 0 0 0 0 
0 0.08170962613 0 0 0 0 0 0 0 0 0 0 0 0 0 0 0.04422922331 0 0 0 0 0 0 0 0 0 0 0 0 0 0 0 0 0 0.05698648725 0 0 0 0 0 0 0 0 0.1413872651 0 0 0 0 0 0 0 0 0.1045931466 0 0 0.4641219389 0 0 0.1212502972 0 0.3229665808 0 0 0 0 0 0 0 0 0.1387986085 0 0 0 0 0 0 0 1.566002065 0 0 0 0 0 0.3662021021 0 1.581670205 0 0 0.1306985581 0 0 0 0 0 0 0 0 0 0 0 0 0 0 0 0 0 0 0 0 0.01705130012 0 0 0 0 0 0 0 0 0 0 0 0 0 0 0 0 0 0 0 0 0 0 0 0 0 0 0 0 0 0 0 0 0 0 0 0 0 0 0 0 0 0 0 0 0 0 0 0 0.6230505186 0 0 0 0 0 1.065297427 0 0 0 0 0 0 0 0 0 0 0 0 0 0 0 0 0 0 1.036516786 0 0 0 0 0 0 0 0 0 0 0 0 0 0 0 0 0 0.0386729438 0 0 0 0 0 0 0 0 0 0 0 0 0 0 0 0 0 0 0 0 0.02372431232 0 0 0 0 0 0 0 0 0 0 0 0 0 0.06981199769 0 0 0 0 0 0 1.440638114 0 0 0 0 0 0 0 0.0389484646 0 0 0 0 
0 0 0 0 0 0 0 0 0 0 0 0 0 0 0.1513798986 0 0 0 0 0 0 0 0 0 0 0 0 0 0 0 0 0 0 0 0 0 0 0 0 0 0 0 0 0 0.01126609756 0 0 0 0 0 0 0 0 0 0 0.3242189846 0 0 0 0 0 0 0 0 0 0 0 0 0 0 0 0 0 0 0 0 0 0 0 0 0.003314874678 0 0 0 0 0 0 0 0 0 0.0001008486266 0 0.05958001655 0 0 0 0 0 0 0 0 0 0 0 0 0.08226842385 0 0 0 0 0 0 0 0 0 0 0 0 0 0 0 0 0 0 0 0 0 0 0 0 0 0 0 0 0 0 0 0 0 0 1.027674408 0 0 0 0 0 0 0 0 0 0 0 0 0 0 0 0 0 0 0 0 0 0 0 0.7482873754 0 0 0 0 0 0.4268813345 1.051288887 0 0 0 0.1464604511 0 0 0 0 0 0 0 0 0 0 0 0 0 0 0 0 0.1069696094 0 0 0 0 0 0 0 0 0 0 0 0 0 0 0 0 0 0 0 0 0 0 0 0 0 0 0 0 0 0 0 0 0 0 0 0 0 0 0 0 0 0 0 0 0 0 0 0 0 0 0 0 0 0 0 0 0 0 0 0 0 0 0 
0 0 0 0 0 0 0 0 0 0 0 0 0 0 0 0.003779613939 0 0 0 0 0 0 0 0 0 0 0 0 0 0 0 0 0 0 0 0 0 0 0 0 0 0 0 0 0 0 0 0 0 0.09591757734 0 0 0 0 0 0 0 0 0 0 0 0 0 0 0 0 0 1.458476484 0 0 0 0 0 0 0 0 0 0 0 0 0 0 0 0 0 0 0 0 0 0 1.271331253 0 0 0 0 0 0.06753257591 0 0 0 0 0 0 0 0 0 0 0 0 0 0.07201739785 0 0 0 0 0 0 0 0 0 0 0 0 0 0 0 0 0 0 0 0 0.03791591999 0 0 0 0 0 0 0 0 0 0 0 5.532859185e-05 0 0 0 0.2513540833 0 0 0 0 0 0 0 0 0 0 0 0 0 0 0 0 0 0 0 0 0 0 0 0 0.1907822618 0 0.009624367865 0 0 0 0 0 0 0 0 0.4093281865 0 0 0 0 0 0 0.03665018827 1.213493666 0 0 0 0 0.02526732449 0 0 0 0 0 0 0 0 0 0 0 0 0 0 0.1806758275 0 0 0 0 0 0 0 0 0 0 0 0 0 0 0 0 0 0 0 0 0.07750422823 0.0005323805449 0 0 0 0 0 0 0 0.06858799806 0 0 0 0 0 0 0 0 0 0 0 0 0 0 
0 0 0 0 0 0 0 0 0 0 0 0 0 0 0 0 0 0 0 0 0 0 0 0 0 0 0 0 0 0 0 0 0 0 0 0 0 0 0 0 0.04108946768 0 0.01685596856 0 0 0 0 0.2295431648 0.1286955922 0 0 0 0 0.3141362335 0 0 0 0 0.3594143901 0 0 0 0 0 0 0 0 0 0 0 0 0 0 0 0.4111573189 0 0 0 0 0 0 0 0 0 0.4116022723 0 0 0 0 0 0 0 0 0 0 0 0 0 0 0 0 0 0 0 0 0 0 0 0 0 0 0 0 0 0 0 0 0.5918629482 0 0 0 0 0 0 0 0 0 0 0 0 0 0 0 0 0 0 0 0 0 0 0 0.1345445499 0 0 0 0 0 0 0 0 0 0 0 0 0 0 0 0 0 0 0 0 0 0 0 0 0 0 0 0 0 0 0 0 0 0 0 0 0 0 0 0 0 0.06988376574 0 0 0 0 0 0 0.002996493225 0 0 0 0 0 0 0 0 0 0 0 0 0 0 0 0 5.751586642e-05 0 0 0 0 0 0 0 0 0 0 0 0 0 0 0 0 0 0 0.06260062386 0 0 0 0 0 0 0 0 0 0 0 0 0 0 0 0 0 0 0 0 0 0 0 0 0 0 0 0 0 
0 0 0 0 0 0 0 0 0 0 0 0 0 0 0 0 0 0 0 0 0 0 0 0 0 0 0 0 0 0 0 0 0 0 0 1.712056465 0 0 0 0 0.4173696188 0 0 0 0 0 0 0 0 0 0 0 0 0 0 0 0 0 0 0 0 0 0 0 0 0 0 0 1.520106417 0 0 0 0 0 0 0 0 0 0.2045634569 0 0 0 0 0 0 0 0 0 0 0 0 0 0 0 0 0 0 0 0 0 0 0 0 0 0 0 0 0 0 0 0 0 0 0.4850755603 0 0.9173329186 0.2793959979 0 0 0.1252428946 0 0 0 0 0 0 0 0 0 0 0 0 0 0 0 0 0 0 0 0 0 0 0 0 0 0 0 0 0 0 0 0 0 0 0 0 0 0 0 0 0 0 0 0 0 0 0 0 0 0 0 0 0 0 0 0 0 0 0 0 0 0 0 0 0 0 0 0 0 0 0 0 0 0.3058292439 0 0.327872922 0 0 0 0 0 0.02097869991 0 0 0 0 0 0 0 0 0 0 0 0 0 0 0 0 0 0 0 0 0 0 0 0 0 0 0 0 0 0 0 0 0 0 0 0 0 0 0 0 0 0 0 0 0 0 0 0 0.1188079676 0 0 0 0 0 
0 0 0 0 0 0 0 0 0 0 0 0 0 0 0 0 0 0.1378660075 0 0 0 0 0 0 0 0 0 0 0 0 0 0 0 0 0 0 0 0 0 0 0 0 0 0 0 0 0 0 0.0003539738773 0 0 0 0 0 0 0 0 0 0 0.07320027687 0 0 0 0 0 0 0 0 0 0 0 0 0 0 0 0 0 0 0 0 0 1.19595152 0.5636619771 0 0 0 0 0 0 0 0 0 0 0 0 0 0 0 0 0 0 0 0.01702139316 0 0 0 0 0.00856637875 0 0 0.04250266893 0.6940102846 0 0.1129306249 0 0 0 0 0 0 0 0 0 0 0 0 0 0 0 0 0 0 0 0 0 0 0 0.1365817897 0 0 0 0 0 0 0 0 0 0 0 0.159130649 0 0 0 0 0 0 0 0 0 0 0 0 0 0 0 0 0 0 0 0 0 0.04500723852 0 0 0 0 0 0 0 0 0 0 0 0 0 0 0 0 0 0 0 0 0 0 0 0 0.1778605308 0 0 0 0 0 0 0 0 0 0 0 0 0 0 0 0 0.1467455687 0 0 0 0 0 0 0 0 0 0 0 0 0 0 0 0 0.04174763744 0 0 0 0 0 0 0 0 0.07259285455 0 0 0 0 0 0 0 0 0 0 0 0 0 0 0 0 
0 0 0 0 0 0 0 0.01625559752 0 0 0.1373158331 0 0.1407075843 0 0.1195936846 0 0 0 0 0 0 0 0 0 0 0 0 0 0 0 0 0 0 0 0 0 0 0 0 0 0 0 0 0 0.3984130306 0 0 0 0 0 0 0 0 0 0 0 0 0 0 0 0 0 0 0 0 0 0 0 0 0 0 0.1171356371 0 0 0 0 0 0 0 0 0 0 0 0 0 0 0 0 0 0 0 0 0 0 0 0 0 0 0 0 0 0 0 0.05284619615 0.6103736659 0 0 0 0 0 0 0 0 0 0 0 0.04740690518 0 0.03710814714 0 0 0 0 0 0 0 0.9371377795 0 1.405266664 0 0 0 1.673298444 0 0 0 0 0 0 0 0 0 0 0 0 0 0 0 0 0 0 0 0 0 1.30709575 0 0 0 0 0 0 0 0 0 0 0 0 1.476148305 0 0 0 0 0 0 0 0 0 0 0 0 0 0 0.7376793061 0 0 0 0 0 0 0 0 0 0 0 0 0 0 0 0 0.8280006018 0 0 0 0 0 0 0 0 0 0 0 0.03254280158 0 0 0 0 0 0 0 0 0 0.03805645751 0 0 0 0 0 0 0 0.3617850846 0 0 0 0 0.07386926582 0 0 0 0 0 0 0 0 0 0 0 0 0 0 0 0 0 0 0 0 0 
0 0 0.2009455903 0 0 0 0 0 0 0 0 0 0 0 0 0 0 0 0 0 0 0 0 0.3128769185 0 0 0 0 0 0 0 0 2.497882886e-06 0 0 0 0 0 0 0 0 0 0 0 0 0 0 0 0 0 0 0 0 0 0 0 0 0 0.02126189177 0 0 0 0 0 0 0 0 0 0 0 0 0 0 0 0 0 0 0 0 0 0 0 0.2896589005 0 0 0 0 0 0 0 0 0 0 0 0.05708880192 0 0 0 0 0 0 0 0 0.6315241658 0 0 0 0 0 0 0 0 0 0 0 0 0 0 0 0 0 0 0 0 0 0 0 0 0 0 0 0 0 0 0 0 0 0 0 0 0.2343587806 0 0 0 0 0 0 0 0 0 0 0 0 0 1.666084808 0 0 0 0 0 0 0 0 0 0 2.15017292 0 0 0 0 0 0 0 0 0 0 0 0 0 0 0 0 0 1.526233842 0 0 0 0 0 0 0 0 0 0 0 0 0 0 0 0 0 0 0 0 0 0 0 0 0 0 0 0 0 0 0 0 0 0 0 0 0 0.07200677576 0 0 0 0 0 0 0 0 0 0 0 0 0 0 0 0 0 0 0 0 0 0 0 0 1.320919217 0 0 0 0 0 0.03053884231 0 0 0 
0 0 0 0 0 0 0 0 0 0 0 0 0 0 0 0 0 0 0 0 0 0 0 0 0 0 0 0 0 0 0 0 0 0 0 0 0 0 0 0 0 0.0441725679 0 0.3138259066 0 0 0 0 0 0 0 0 0 0 0 0.1601679214 0 0 0 0 0 0 0 0 0 0 0 0 0 0 0 0 0 0 0 0 0 0 0.2938226129 0 0 0 0 0 0 0 0 0 0 0 0 0 0 0 0 0 0 0 0 0 0 0 0 0.2771914138 0 0 0 0 0 0 1.121843484 0.403075961 0 0 0 0 0 0 0 0 0 0 0 0 0 0 0 4.274072226 0 0 0 0 0 0 0.4886462108 0 0 0 0 0 0 0 0.4410606277 0 0 0 0.07931001468 0 0 0 0 0 1.466115722 0 0 0 0 0 0 0 0 0 0 0.0991440229 0 0 0 0 0 0 0 0 0 0 0 0 0 0 0 0 0 0 0 0 0 0 0 0 0 0 0.01723017492 0 0 0 0 0 0 0 0 0.03336786701 0 0 0 0 0 0 0 0.09704186788 0 0.8252834535 0 0 0 0 0 0 0 0 0 0 0 0 0 0.03858936612 0 0 0 0 0 0 0 0 0 0 0 0 0 0 0 0 0 0 0 0.1086337616 0 0 0 0 0 0 0 0 0 0 0 0 
0 0 0 0 0 0 0 0 0 0 0 0 0 0 0 0 0 0 0 0 0 0 0.0001681236418 0 0 0 0 0 0 0 0 0 0 0 0 0 0 0 0.1230603742 0 0 0 0 0 0 0 0 0 0.0001123430032 0 0 0 0 0 0 0 0 0 0 0 0 0 0 0 0 0 0 0 0 0 0 0 0 0 0 1.170763437 0 0 0 0 0 0 0 0 0 0 0 0 0 0 0 0 0 0 0 0 0 0 0 0 0 0 0 0 0 0 0 0.7880126593 0 0 0 0 0 0 0 0 0 0 0 0.009157013045 0 0 0 0 0 0 0 0 0 0 0 0 0 0 0.5178994793 0.7854634747 0 0 0 0 0 0 0 0 0.5117340432 0 0.1062214106 0 0 0 0 0 0 0 0 0 0 0 0 0 0 0 0 0 0 0 0 0 0 0 0 0 0 0 0 0 0 0 0 0 0 0 0.03290244614 0 0 0.1812061673 0 0 0 0 0 0 0 0 0 0 0 0 0 0 0 0 0 0 0 0 0 0 0 0 0 0 0 0 0 0 0 0 0 0 0 0 0 0 0 0 0 0 0 0 0 0 0 0 0 0 0 0 0 0 0 0 0 0 0 0 0 0 0 0 0 0 0 0 0 0 
0.08008363466 0 0 0 0 0 0 0 0 0 0 0 0.04842593862 0 0 0 0 0 0 0 0 0 0 0 0 0 0 0.0472502214 0 0 0 0 0 0 0 0 0 0 0 0 0 0 0 0 0 0 0 0 0 0 0 0 0.02227077134 0.008745941218 0 0 0.002686678845 0 0 0.1187560997 0 0 0 0.2974857005 0 0 0.1705775 0 0 0 0 0.03346798508 0 0 0 0 0 0 0.5131090913 0 0 0 0 0 0 0 0 0 0 0 0.3077525017 0 0 0 0 0 0 0 0 0 0 0 0 0 0 0 0 0 0 0 0 0 0 0 0 0 0 0 0 0.06823599856 0 0 1.442358635 0 0 0 0 0 0 0 0.02526456622 0 0 0 0 0 0 0 0 0.3882377666 0.3312803408 0 0 0 0 0 0 0 0 0 0 0 0 0.1518818822 0 0 0 0 0 0 0 0 0 0 0.6830730882 0 0 0 0 0 0 0 0 0 0 0 0.1287604149 0 0.7863546676 0 0 0 0 0.1341732041 0 0 0 0 0 0 0 0 0 0 0 0 0.005485726993 0 0.9689107811 0 0 0 0 0 0 0 0 0 0 0 0 0.3071540611 0 0 0 0 0.03305088568 0.1114553863 0.08277388312 0 0 0.1973582435 0.002551042747 0 0 0 0 0 0 0 0 0 0 0 0 0 0 0 0 0.01222476151 0 0 0 0 0 0 0 0 0 0 0 0 0 0 0 0 
0 0 0 0 0 0 0 0 0 0 0 0 0 0 0 0 0 0 0 0 0 0 0 0 0.1524439497 0 0 0 0 0 0.07335933531 0 0 0 0 0 0 0 0 0 0.1412479799 0 0 0 0 0 0 0 0 0 0 0 0 0 0 0 0 0.1739908949 0 0.4008515963 0 0 0 0 0 0 0 0 0 0.113918083 0 0 0 0 0 0 0 0 0 0 0 0.01742437049 0 0 0.2626517695 0 0 0 0 0 1.113126151 0 0 0 0 0 0 0 0.3619742276 0 0 0 0 0 0 0 0 0 0 0 0 0 0 0 0 0 0 0 0 0 0 0 0 0 0 0 0 0 0 0.3759956317 0 0 0 0 0 0 0 0 0 0 0.2996694283 0.0004968942678 0 0 0 0 0 0.1492299083 0 0 0 0 0 0 0 0 0 0 1.190231463 0 0 0 0 0 0 0 0 0 0 0 0 0.01142975398 0 0 0 0.4979838636 0 0 0 0 0 0 0 0 0 0.1377093904 0 0 0 0 0 0 0 0 0 0 0 0 4.696417471e-05 0 0 0 0 0 0 0 0 0 0 0 0 0.09546731796 0 0 0 0 0.2202606448 0 0 0 0 0 0 0 0 0 0 0 0 0 0 0 0 0 0 0 0 0 0 0 0 0 0 0 0 0 0 0 0 0 0 0 0 0 0 0 
0 0 0 0 0 0 0 0 0 0.06013127885 0 0 0 0 0 0 0.02353367307 0 0 0.07963645645 0 0 0 0 0 0 0 0 0 0 0 0 0.3246404386 0 0 0 0 0 0 0 0 0 0 0 0 0 0 0 0 0 0 0 0.007339303061 0.205682284 0 0 0 0 0 0 0 0 0 0 0 0 0 0 0 0 0 0 0 0 0 0 0 0 0 0 0 0 0 0.3874115912 0 0 0 0 0 0 0 0 0 0 0 0 0 0 0 0 0 0 0 0 0 0 0 0 0 0 0 0 0 0 0 1.70638573 0 0 0 0 0 0 0 0 0 0 0 0 0 0 0 0 0 0 0 0 0 0 0 0.09152276313 0 0 0 0 0 0 0 0 0 0 0 0 0 0 0 0.004372744577 0 0 0 0 0 0 0 0.2907411673 0 0 0 0 0 0 0 0 0 0 0 0 0 0 0 0 0 0 0 0.3457755687 0 0 1.637557114 0 0 0 0 0 0 0 0 0 0 0 0 0 0 0 0 0 0 0 0 0 0 0 0 0 0 0 0 0 0 0 0 0 0 0.07539349291 0 0 0 0 0 0 0 0 0.09333999251 0 0 0 0 0 0 0 0 0 0 0 0.1540453969 0 0 0 0 0 0 0 0 0.01143777788 0 0 0 0 
0 0 0 0 0 0 0 0 0.01285092323 0 0 0 0 0 0 0 0 0 0 0 0 0 0 0 0 0 0 0 0 0.07027817409 0 0 0 0.02550499809 0 0.3098787441 0.05372260483 0 0 0 0 0 0 0 0 0 0 0 0 0.1428008848 0.3131044174 0 0 0 0 0 0 0 0 0 0 0 0 0 0 0 0 0 0 0 0 0 0 0 0 0 0 0.3990119948 0.05571743404 0 0 1.113106461 0 0 0 0 0 0 0 0 0 0 0 0 0 2.348633481 0 0 0 0 0 0 0 0 0 0 6.169789897 0 0 0 0 0 0 0 0 0 0 0 0 0 0 0 0 0 0 0 0 0 0 0 0 0 0 0 0 0 0 0.1020704343 0 0 0 0 0 0 0 0 0 0 0 0 0 0 4.491905083 0 0 0.01701049406 0 0 0 0 0 0 0 0 1.158126217 0 0 0 0.9360354133 0 0.1244679488 0 0 0 0.0191832494 0 0 0 0 0 0 0 0 0 0.1195847374 0 0 0.2416417917 0 0 0 0 0 0 0 0 0 0 0 0 0 0 0 0 0 0 0 0 0.4725548477 0 0.05279635033 0 0 0 0 0 0 0 0 0 0 0 0 0 0.9979234548 0 0 0 0 0 0 0 0 0 0 0 0 0 0 0 0 0.378263111 0 0 0 0 0 0 0.002335297768 0 0 0 0 0 0 0 
0 0 0 0 0 0 1.304839271 0 0 0 0 0 0 0 0 0 0 0 0 0 0 0 0 0 0 0 0 0 0 0 0 0 0 0 0 0 0 0 0 0 0 0 0 0 0 0 0.131798707 0 0 0 0 0 0 0 0 0 0 0 0 0 0 0 0 0 0 0 0 0 0 0 0 0 0 0.347927234 0.2080478571 0 0 0 0 0 0 0 0 0 0 0 0 0 0 0.9382740424 0 0 0 0 0 0 0 0 0 0 0 0 0 0 0 0 0 0 0 0.3497045377 0.3709560515 0 0 0 0 0 0 0 0.6308370319 0 0 0 0 0 0 0 0 0 0 0 0 0 0 0 0 0 0 0 0 0 0 1.916988604 0 0 0 0 0.4598418459 0 0 0 0 0 0 0 0 0 0 0 0 0 0 0 0 0.006612334089 0 0 0 0 0 0 0 0 0 0 0 0 0 0 0 0 0 0 0 0 0.02252662422 0 0 0 0 0 0.2249457161 0 0 0 0 0 0 0 0 0 0 0 0 0 0 0 0 0 0 0 0 0 0 0 0 0 0 0 0 0 0.1238571274 0 0 0 0 0.2355257628 0 0 0 0 0 0 0 0 0 0 0 0 0 0 0 0 0 0 0 0 0 0 0 0 0 0 0 0 0 0 
0 0 0 0 0 0 0 0 0 0 0 0 0 0 0 0 0 0 0 0 0.3660641945 0 0 0 0 0 0 0 0 0 0.03237144309 0 0 0 0 0 0 1.63365516 0 0 0.01609182396 0 0 0.1059839846 0 0 0 0 0 0.2187536087 0 0 0 0 0 0 0 0 0 0 0 0 0 0 0 0 0 0 0 0 0.1593949171 0 0 0 0 0.06385613453 0.1074679753 0 0 0.2840843812 1.653218625 0 0 0 0 0 0 0 0 0 0 0 1.22995424 0 0 0 0 0 0.4018157351 0 0 0 0 0 0 0.2565523754 0.4784218137 0.1720041969 0 0 0 0 0 0 0 0 0 0 0 0 0 0 0 0 0 0 0 0 0 1.235952521 0 0 0.7503009787 0 0 0 0.4199098801 0 0.4918404968 0 0 0 0 0 0 0 0 0 0 0 0 0.5140276627 0 0 0 0 0 0 0 0 0 0 0 0.5042453314 0 0 0 0 0 0 0 0 0 0 0 0 0 0 0 0 0 0 0 0 0.3195545787 0 0 0 0 0 0 0 0 0 0 0 0 0 0 0 0 0 0 0 0 0 0 0 0 0 0 0 0 0 0.3531016179 0 0 0 0 0 0 0 0.06350195778 0 0 0 0.03704337289 0 0 0 0 0 0.4716048119 0 0 0 0 0 0 0 0 0 0.7941281008 0 0 0 0 0 0 0 0 0 0 0 0 0 
0 0 0 0 0 0 0 0 0 0 0 0 0 0 0 0 0 0 0 0 0 0 0 0 0 0 0 0 0 0 0 0 0 0 0 0 0 0 0 0 0 0 0.03012303561 0 0 0 0.7922807448 0 0 0 0.1421032869 0 0 0.1555606322 0 0 0 0 0 0.1364968307 0 0 0 0 0 0 0 0 0 0 0 0 0 0 0 0 0 0 0 0 0 0 0 0 0 0 0 0 0 0 0 0 0 0.3172934266 0 0 0 0 0 0 0 0 0 0.1775143394 0 0 0 0 0 0 0 0 0 0 0.009642273676 0 0 0 0 0.2708906746 0 0 0 0 0 0 0 0 0 0 0 0 0 0 0 0 0 0 0 0 0 0.3114960721 0 1.229735891 0 0 0 0 0 0 0 0.3582368469 0 0 0 0 0 0 0 0 0 0 0 0 0 0 0 0 0.269252166 0 0 0 0 0 0 0 0 0.1011637803 0 0 0.3319339731 0.1720340955 0 0 0 0 0 0 0 0 0 0 0 0 0 0 0 6.611589257e-05 0 0 0 0 0 0 0 0 0 0 0 0 0 0 0 0 0 0 0 0 0.4014867802 0 0 0 0 0 0 0 0 0 0 0 0 0 0 0 0 0 0 0 0 0 0 0 0 0 0 0 0 0 0 0.01309717116 0 0 0 0 0 0 
0 0 0 0 0 0 0 0 0 0 0 0 0 0 0 0 0 0 0 0 0 0 0 0 0 0 0 0 0 0 0 0 0.04863809251 0 0 0 0 0 0.004747726433 0 0 0 0 0 0 0 0 0 0 0 0 0 0 0 0 0 0 0 0 0 0 0.2309467293 0 0 0 0.12861851 0 0 0.1382547311 0 0.1699341191 0 0.0009310119217 0 0 0 0 0 0 0 0 0 0 0 0 0 0 0 0 0 0 0 0 0 0 0 0 0 0 1.539977349 0 0 0 0 0 0 0 0 0 0 0 0 0 0 0 0 0 0 0 4.806512993 0 0 0 0 0 0 0 0 0 0 0 0 0 0 0 0 0 0 0.01402066848 0 0 0.04500683987 0 0 0 0 0 0 0 0 0 0 0 0 0 0 0 0 0 0 0 0 0 0 0 0 0 0 0 0 0.01668309918 0 0 0.01838509781 0 0.1952523883 0 0 0 0 1.042721925 0 0 0.005167901974 0 0 0 0 0 0 0 0.02870776239 0 0 0 0.5610885267 0 0 0 0 0 0 0 0 0 0 0 0 0 0 0 0 0 0 0 0 0 0 0 0 0 0 0 0 0 0 0 0 0 0 0 0 0 0 0 0 0 0 0 0 0 0 0 0 0 0 0 0 0 0 0 0 0 0 0 0.007692428021 
0 0 0 0 0 0 0 0 0 0 1.236171904 0 0 0 0 0 0 0 0 0 0 0 0 0 0 0 0 0 0 0 0 0 0 0 0 0 0 0 0 0 0 0 0 0 0 0 0 0 0 0 0.1532372681 0 0 0 0 0 0 0 0 0 0 0 0 0 0 0 0 0 0 0 0 0 0 0 0 0 0 0 0 0 0 0 0 0 0 0 0 0 0 0 0 0 0 0 0.2532287496 0.0002652149308 0 0 0 0 0 0 0 0 0 0 0 0 0 0 0 0 0.3577025112 0 0 0 0 0 0 0 0 0 0 0 0 0 0 0 0 0 0 0 0 0 0 0 0 0 0 0 0 0 0 0 0 0 0 0 0 0 0 0 0 0 0 0 2.397871539 0 0 0 0 0.4907497711 0 0 0 0 0 0 0 0 0 0.7674686406 0 0 0 0 0 0 0 0 0 0 0 0 0 0 0 0 0 0 0.003927124385 0 0 0 0 0 0 0 0 0 0 0 0 0 0.4960819524 0 0.08460345678 0 0 0.4931838309 0 0 0 0 0 0 0 0 0 0 0 0 0 0 0 0 0 0 0 0 0 0 0 0 0 0 0 0 0 0.06295485 0 0 0 0 0 0 0 0 0 0 0.0001365462633 0 0.2797183124 0 0 0 
0 0 0 0 0 0.2940762363 0 0 0 0 0 0 0 0 0 0 0 0 0 0.1383407684 1.455271863 0 0 0 0 0 0 0 0 0 1.172143927 0 0 0 0 0 0 0 0 0 0 0 0 0 0 0.02655965054 0 0 0 0 0 0 0 0 0 0 0.0006996670571 0 0 0 0 0 0 0.561090993 0 0 0 0 0 0.0452940194 0 0 0 0 0.4527298606 0 0 0 0 0 1.795283517 0 0 0 0 0 0 0 0.05517473317 0 0 0 1.039864739 0 0 0 0 0 0 0 0.003620958164 0 0 0 0 0 0 0 0 0 0 0.01440721404 0 0 0.291968408 0 0 0 0 0 0 0 0 0.1412457235 0 0 0 0 0 0.06320909804 0 0 0 0 0 0 0.0005493358218 0.4902702301 0 0 0 0 0 0 0 0.1742061769 0 0 0 0.6411302088 0 0 0 0 0 0 0 0.1458067652 0 0 0.4082101387 0 0.0679861974 0 0 0 0 0 0 0 0 0 0 0 0 0 0 0 0 0 0 0 0 0 0 0 0 0 0 0 0 0 0 0 0 0 0 0 0.0339527242 0 0 1.095476318 0 0 0 0 0 0 0 0 0 0 0 0 0 0 0 0 0 0 0 0 0 0 0 0.01419594217 0 0 0 0 0 0 0 0 0 0 0 0 0 0 0 0 0 0.08008452846 0 0 0 0 0 0 0 0.09078809211 0 0.09917132888 0 0 
0 0 0 0 0 0 0 0 0 0 0 0 0 0 0 0 0 0 0 0.3988911113 0 0 0 0 0 0 0 0 0 0 0 0 0 0 0 0 0 0 0 0 0 0 0 0 0 0 0.007583671943 0 0 0 0 0 0 0 0 0 1.480579782 0 0 0 0 0 0 0 0 0 0 0 0 0 0 0.3252948951 0 0 0 0 0 0 0 0 0 0 0 0.1606161167 0 0 0 0 0 0 0 0 0 1.508702581 0 0 0 0 0 0 0 0 0 0 0 0 0 0 0 0 0 0 0 0 2.211408156 0 0 0 0 0 0 0 0 0 0.4933180382 0 0 0 0.4119723619 0 0 0 0 0 0 0 0 0 0 0 0 0 0 0 0 0 0 0 0.8776046683 0 0 0 0 0 0 0 0 0 0 0 0.01059742934 0 0 0 0 0 0 0.1251688956 0 7.240389253 0 0 0 0 0 0 0 0 0 0 0 0 0 0 0 0 0 0.2420826735 1.159498453 0 0 0 0 0 0 0 0 0 0 0 0 0 0 0.3680160368 0 0 0 0 0 0 0 0 0 0 0 0 0.04836438808 0 0 0 0 0 0 0 0 0 0 0 0 0 0 0.01982120209 0 0 0 0 0 0 0 0 0 0 0 0 0 0 0 0 0 0 0 0 0 0 0 0 
0 0 0 0 0 0 0 1.293381529 0 0 0 0 0 0 0 0 0 0 0 0 0 0 0.09770502302 0 0 0 0 0 0 0 0 0 0 0 0 0 0 0 0 0 0 0 0 0 0 0 0 0 0 0 0 0 0 0 0.08940314327 0 0 0 0 0 0 0 0 0 0 0 0 0 0 0 0 0 0 0 2.712982539 0 0 0 0 0 0 0 0 0 0 0 0 0 0 0 0.5236907371 0.3352957473 0 0 0 0 0 0 0 0 0 0 0 0 0 0 0 0 0 0 0 0 0 0 0 0 0 0 0 0 0 0 0 0 0 0 0 0 0 0 0 0 0 0 0 0 0 0 0 0 0 0 0 0 0 0 0 0 0 0 0 0 0 0 0 0 0.1731041064 0 0 0 0 0 0 0.09383305839 0 0 0 0 0 0 0 0 0 0 0 0 0 0 0 0 0 0 1.217735759 0 0 0 0 0 0 0 0 0.1072123494 0 0 0 0 0 0 0 0 0 0 0 0 0 0 0 0 0.6851575017 0 0 0.2606097401 0 0 0 0 0 0 0 0 0 0 0 0 0 0 0 0 0 0 0 0 1.310864132 0 0 0 0 0 0 0 0 0 0.09208562756 0 0 0 0 0 0 0 0 0 0 0 1.029794513 0 
0 0 0 0 0 0 0 0 0 0 0 0 0 0 0 0 0 0 0 0 0 0 0 0 0 0 0 0 0 0 0 0 0 0 0 0 0 0 0.4223101846 0 0 0 0 0.287419738 0.3376926389 0 0 0 0 0 0 0.01439499792 0 0 0 0 0 0 0 0.03057367369 0 0.06229973365 0 0 0 0 0 0 0 0 0 0.2879771061 0 0 0 0 0 0 0 0 0 0 0.3943905998 0.002196215404 0 0 0 0 0 0 0 0 0 0 0 0 0 0 0 0 0 0 0 0 0 0 0 0 0 0 0 0 0 0 0 0 0 0 0 0 0 0 0 0 0.07036833016 0 0 0 0 0 0 0 1.259053466 0 0 0 0 0 0 0 0 0 0 0 0 2.146882776 0 0 0 0 0 0 0 0 0 0 0 0 0 0 0 0 0 0 0 0 0 0 0 0 0 0 0 0 0 0 0 0 0 0 0 0 0 0 0 0 8.145663688 0 0 0 0 0 0 0.03066134386 0 0 0 0 0 0 0 0 0 0 0.923685097 0 0 0 0 0 0 0 0 0 0 0 0 0 0 0 0 0 0 0 0 0 0 0 0 0 0 0 0 0 0 0 0 0 0 0 0 0 0 0.4236505039 0 0 0.02458685179 0 0 0 0 0 0.3494069132 0 0 0 
0 0 0 0 0 0.03078417585 0 0 0 0 0.1592673166 0 0 0 0.06160854068 0 0 0 0 0 0 0 0.2456945405 0 0 0 0 0 0 0 0 0 0 0 0 0 0 0 0 0 0 0 0 0.06356240343 0 0 0 0 0 0 0.01399475681 0 2.400784336 0 0.8955063275 0 0.3038165714 0 0 0 0 0 0 0 0.03549904681 0 0 0 0 0 0 0 0 0 0 0 0 0 0 0 0 0 0 0 0 0 0 0 0 0 0 0 0 0 0 0 0 0.9010303882 0 0 0 0 0 0 0 0 0 0 0 0 0 0 0 0 0 0 0 0 0 0 0 0 0 0 0 0 0 8.70160662 0 0 0 0 0 0 0.8634491121 0 0 0 0 0 0 0 0 0 0 0 0 0 0 0 0 0 0 0.01663605865 0 0 0 0 0 0 0 0 0 0 0 0 1.86477014 3.994704807 0 0 0 0 0 0 0 0 0 0 0 0 0 0 0 0 0 0 0 0 0 0.06028568628 0 0 0 0 2.382359383 0 0 0 0 0 0.2095985821 0 0 0 0 0 0 0 0 0 0 0.2571264813 0.0008605452497 0 0 0 0 0 0 0 0 0 0 0 0 0 0 0 0 0 0 0 0 0 0 0 0 0 0 0 0 0 0 0 0 0 0 0 0 0 0 0 0 0 0 0 
0.01329983423 0 0 0 0 0.3700067387 0 0 0 0 0 0 0 0.01476029257 0 0 0 0 0 0 0 0 0 0 0 0 0 0 0 0 0 0 0 0 1.47325842 0.1348431021 0 0 0 0 0 0 0 0 0 0 0 0.0825516472 0 0 0 0 0 0 0 0 0 0 0 0 0 0 0 0 0 0 0 0 0 0 0 0 0 0 0 0 0 0 0 0.7730349397 0 0 0 0.7785674227 0 0 0 1.255178975 0 0 0 0 0 0 0 0 0 0 0 0 0 0 0.0004817612801 0 0 0 0 0 0 0 0 0 0 0 0 0 0 0 0 0 0 0 0 0 0 0 0 0 0 0 0 0 0 0 0.2360374679 0 0 0 0.2424874154 0 0 0 0 0 0 0 0 0 0 0 0.7682422288 0 0 0 0 0 0 0 0 0 0 0 0 0.9365833714 0.6968620095 0 0 0 0 0 0 0 0 0 0 0 0 0 0 0 0 0 0 0 0 0 0 0 0 0 0 0 0 0 0 0 0 0 0 0 0 0 0 0 0 0 0 0 0 0 0 0 0 0 0 0 0 0 0 0 0 0 0 0 0 0 0 0 0 0.05755014118 0 0 0 0 0 0 0 0 0 0 0 0 0 0 0 0 0 0 0 0 0 0 0 0 0 0 
0 0 0 0 0 0 0 0 0 0 0.2383676946 0 0 0 0 0 0 0 0 0 0 0.006010948035 0 0 0 0 0 0 0 0 0 0 0 0 0 0 0 0 0 0 1.617011588 0 0 0 0 0 0 1.298698383e-05 0 0 0 0 0 0 0 0 0 0 0 0 0 0 0 0 0 0 0 0 0 0 0 0 0 0 0 0.5253992412 0 0 0 0 0.3786536002 0 0 0 0 0.04929990601 0 0 0 0.3004936907 0 0.06046133039 0 0 0 0 0 0 0 0 0 0 0 0 0 0.04566295788 0 0 0 0 0 0 0 0 0 1.159110138 0 0 0 0 0 0 0 0 0.07458593089 0 0.3484949244 0 0.7872467067 0 0 0 0 0 0.9034466654 0 0 0 0 0 0 0 0 0 0 0 0 0 0 0 0 0 0 0 0 0 0 0.4565749787 0.3127567642 0 0 0 0 0 0 0 1.217581844 0 0 0 0 0 0 0 0 0 0 0 0 0 0 0 0 0 0 0 0 0 0 0 0 0 0 0 0 0 0 0 0 0 0 0 0 0 0 0 0 0 0 0 0 0 0 0 0 0 0 0 0 0 0 0 0 0 0 0 0 0 0 0 0 0 0 0 0 0 0 0 0.2619469237 0 0 0 0 0 0 0 0 0 0 0 0 0 0 0 0 0.9288188093 
0 0 0 0 0 0 0 0 0.1296503573 0 0 0 0 0 0 0 0 0 0 0 0 0 0 0 0.004445236651 0 0 0 0 0 0 0 0 0 0 0 0 0 0 0 0 0 0 0 0 0 0 0 0 0 0 0 0 0 0 0 0 0 0 0 0 0 0 0.8894402076 0 0 0.07309435278 0 0 0 0 0 0 0.4464008762 0 0.283731336 0 0 0 0 0 1.015211782 0 0 0 0 0 0 0 0.1152956067 0 0 0.8759800767 0 0 0 5.58719831 0 0 0 0 0 0 0 0 0 0 0 0 0 0 0 0 0 0 0 0 0 0 0 0 0 0 0 0 0.2308532491 1.218803486 0 0 0 1.370688699 0 0 0 0 0 0 0 0 0 0 0 0 0 0 0 0 0.5929729945 0 0 0 0 0 0 0 0 0 0 0 0 0 0 0 0 0 0 0 0 0 0 0 0 0 0 0 0 0 0 0 0 0 0 0 0 0 0 0 0 0 0 0 0 0.1014294059 0 0 0 0 0.3489444975 0 0 0 0 0 0 0 0 0 0 0 0 0 0 1.260186117 0 0 0 0 0 0 0 0.3405182953 0 0 0 0 0 0 0 0 0 0 0 0 0 0 0 0 0 0 0 0 0 0 0 0 0 0 0 0 0 0 0 0 0 0 0 
0 0 0 0 0 0 0 0 0 0 0 0 0 0 0 0 0 0 0 0 0.3035622555 0 0 0 0.2424394194 0 0 0.4316654035 0 0 0 0 0 0 0 0 0 0 0 0 0 0 0 0 0 0 0 0 0 0 0 0 0 0 0 0 0 0 0 0 0 0 0 0 0 0 0 0 0 0 0 0 0 0 0.0349947997 0 0 0 0 0 0.008383723699 0 0 0 0 0 0 0 1.437953341 0 0 0 0 0 0.5488381063 0 0 0 0 0 0 0 0 0 0 0 3.846512945 0 0 0 0 0 0 0 0 0 0 0 0 0 0 0 0 0 0 0 0 0 0 0 0 0 0 0 0 0.1973328181 0 1.12208103 0 0 0 0 0 0 0 0 0 0 0 0 0 0 0 0 0 0 0 0 0 0 0 0 0 0 0 0 0 0 0 0 0 0 0.01186638625 0 0 0 0 0 0 0 0 0 0 0.0002337789458 0 0 0.427688604 0 0 0 0 0 0 0 0 0 0 0 0 0 0 0 0 0 0 0 0 0 1.030721414 0 0 0 0 0 0 0 0 0 0 0 0 0 0 0 0 0 0 0 0 0 0.4525739012 0 0 0 0 0 0 0 0 0 0 0 0 0.06182201641 0 0 0.03767665404 0 0 0 0 0 0 0 0 0.2564106834 
0 0 0 0 0.05040304303 0 0 0 0 0 0 0 0 0.6082217705 0.259611068 0 0 0 0 0 0 0 0.1599543497 0 0 0 0.8359828063 0 0 0 0 0 0.03925971005 0 0 0 0 0 0 0 0 0 0 0 0.1998937624 0 0 0 0 0 0 0 0 0 0 0 0 0 0 0 0 0 0 0 0 0 0 0 7.13877306 0 0.05265876063 0 0 0 0 0 5.895484451 0 0 0 0 0 0 0 0 0 0 0 0 0 0 0 0 0 0 0.4172009681 0 0 0 0 0 0.9124378011 0 0 0 0 0 0 0 0 0 0 0 0 0 0 0 0 0 0 0 0 0 0 0 0 0 0 0 0 0 0 0 0 0 0 0 0 0 0 0 0 0 0 0 0 0 0 0 0 0 0 0 1.091347375 0 0 0 0 0 0 0 0 0 0 2.071170208 0 0 0 0 0.06531877219 0 0 0 0 0 0 0 0 0 0 0 0 0 0 0 0 0 0 0 0 0 0 0 0 0 0 0.3604178094 0 0 0 0 0 0 0 0 0 0 0 0 0 0 0 0 0 0 0 0 0 0 0 0 0 0 0 0 0 0 0 0 0 0 0 0 0 0 0 0 0 0 0 0 0 0 0 0 0 0 0 0 0.1431640054 0 0 0 0 0 0 
0 0 0 0 0 0 0 0 0 0 0 0 0 0 1.660024768 0 0 0 0 0 0 0 0 0 0 0 0.001706312434 0 0 0 0 0 0 0 0 0 0 0 0 0 0 0 0 0 0 0 0 0 0 0 0 0 0 0 0 0 0 0 0 0 0 0 0 0 0 0 0 0.4474378902 0 0 0 0 0.1007136635 0 0 0 0 0 0 0 0 0 0 0 0 0 0 0 0 0 0 0 0 0 0 0 0 0 0 0 0 0 0 0 0 0.07832684577 0 0 0 0 0 0 0 0 0 0 0 0 0 0 0 0 0 0 0 0 0 4.875708234 0.1526318294 0 0 0 0 5.781252657 0 0 0 0 0 0 0 0 0 0 0 0 0 0 0 0 0 0 0 0 0 0 0 0 0 0 0 0.2604543395 0 0 0 0 0 0 0 0 0.2594038133 0 0 0 0.2004532006 0 0 0 0 0 1.151766554 0 0 0 0 0 0 0 0 0 0 0 0 4.995800403 0 0 0 0.5401983251 0 0 0 0 0 0 0 0 0 0 0 0 0 0 0 0 0 0 0 0 0 0 0 0 0.1567401015 0 0 0 0 0 0 0 0 0 0 0 0 0 0 0 0 0 0 0 0 0 0 0 0 0 0 0 0 0 0 0 0 0 
0 0 0 0 0 0 0 0 0 0 0 0 0 0.03938450158 0 0 0 0 0 0 0 0 0 0 0 0 0 0.3747783604 0 0 0 0 0.9980859959 0 0 0 0 0 0 0 0 0 0 0 0 0 0 0 0 0 0 0 0 0 0 0 0 0 0 0 0 0 0 0 0 0 0 0 0 0 0 0 0 0 0 0 0 0 0 0 0 0 0 0 0 0 0 0 0 0 0 0 0 0 0 0 0 0 0 0 0 1.331749096 0 0 0 0 0 0 0 0 0 0 0 0 0 0 0 0 0 0 0 0 0 0 0 0 0 0 0 0 0.3744654586 0 0 0 0 0 0 0 0 0 0 0 0 0 0 0 0 0 0 1.500235794 0 0 0 0 0 0 0 0 0 0 0 0.4684620841 0 0 0 0.4018633518 0 0 0 0 0 0 0.01723172611 0 0 0 7.21145711 0 0 0 0 0 0 0 0 0.7991866894 0 0 0 0 0.4192510618 0 0 0 0 0 0 0 0 0.1440051573 0 0 0 6.236566963 0 0 0 0 0 0 0 0 0 0 0 0 0 0 0 0 0 0 0 0 0.05802211731 0 0 0 0 0 0 0 0 0 0 0 0.1782285791 0 0 0 0 0 0 0 0 0 0 0 0 0 0 0 0 0 0 0 
0 0 0 0.02104716842 0 0 0 0 0 0.9128219145 0.08157822772 0 0 0 0.01498230561 0 0 0 0 0 0.196006125 0 0 0 0 0 0 0 0 0 0.175894066 0 0 0 0 0 0 0 0 0 0 0 0 0 0 0.3692978795 0 0 0 0 0 0 0 0 1.643043274 0 0 0 0 0 0 0 0 0 0 0 0 0 0 0 0 0 0 0 0 0 0 0 0 0 6.111109741 0 0 0 0 0 0 0 0 0 0 0 0 0 0 0 0 0 0 0 0 0 0 0 0 0.7871300597 0 0 0 0 0 0 0 0 0 0 0 0 0 0 0 0 0 0 0 0 0 0 0 0 0.1712859051 0 0 0 0 0 0 0 0 0 0 0 0 0 0 0 0 0 0 0 0 0 0 0 0 0 0 0 0 0 0 0 0 0 0 0 0 0 0 0 0 0 0 0 1.076806956 0 0.1026709681 0 0 0 0 0.3314925999 0 0 0 0 0 0 0 0 0 0 0 0 0 0 0 0 0 0 0 0 0 0 0 0 0 0 0 0 0 0 0 0 1.010959149 0 0 0.01279213991 0 0 0 0 0.5515546437 0 0 0.02099402821 0 0 0 0 0 0 0 0 0 0 0 0 0 0 0 0 0.001255321093 0 0 0 0 0 0 0 0 0 0 0 0 0 
0 0 0 0 0 0 0 0 0 0 0 0 0 0 0 0 0.06639368635 0 0 0 0 0 0 0 0 0 0 0 0 0 0 0 0 0.02118703349 0 0 0 0 0 0 0 0 0 0 0 0 0 0 0 0 0 0 0 0 0 0 0 0 0 0 0 0 0 0 0 0 0 0 0 0 0 0.003812310816 0 0 0 0 0 0 0 0 0 0 0 0 0.0007510883967 1.155766081 0 0 0 0 0 0 0 1.778697221 0 0 0 0 0 0 0 0 0 0 0 0 0 0 0 0 0 0 0 0 0 0 0.5703227986 0 0 0 0 0 0 0.390161145 0 0 0 0 0.9904381997 0 0 0 0 0 0 0 0 0 0 0 0 0 0 0.5019808112 0 0 0 0 0 0 0 0 0.2149494327 0 0 0 0 0 0 0 0 0 0 0 0 0 0 0 0 0 0 0 0 0 0 0 0 0 0 0 0 0 0 0 0 0 0 0 7.232415927 0 0 0 0 0 0 0 0.3087589503 0 0 0 0 0 0 0 0 0 0 0 0 0 0 0 0.4163182405 0 0 0 0 0 0 0.01513964614 0 0 0 0 0 0 0 0 0 0 0 0 0 0 0 0 0.06902308897 0 0 0.1825068972 0 0 0 0 0.01966050815 0 0 0 0 0 0 0 0 0 0.1294337768 0 
0 0 0 0 0 0 0 0 0 0 0 0 0 0.3495448025 0 0 0 0 0 0 0 0 0 0 0 0 0 0 0 0 0 0 0 0 0 0 0 0 3.35427332 0 0 0 0 0 0 0 0 0 0 0 0 0 0 0 0 0 0 0 0 0 0 0 0 0.009374154409 0 0 0 0 0 0 0 0 0 0 0 0 0 0 0 0 0 0.8849166325 0 0 0 0 0 0 0 0 0 0 0 0 4.646765451 0 0 0 0 0 1.653371815 0 0 0 2.909177673 0 0 0 0 0 0 0 0 2.13855887 0 1.383061822 0 0 0 0 0 0 0.1538269929 0 6.59760856 0 0 0 0 0 0 0 0 0 0 0 0 0 0 0 0 0 0 0 4.14485797 0 0 0 0 0 0 0 0 0 0 0 0 0 0 0 0 0 0 0 0 0 0 0 0 0 0 0 0 0.1188218247 0 0 0 0 0 0 0 0 0 0 0 0 0 0 0.06336851687 0 0 0 0 0 0 0.06075058802 0 0 0 0 0 0 0 0 0 0 0 0 0 0 0 0 0 0 0.319843836 0 0 0 0 0 0 0 0 0 0 0 0 0 0.2001510909 0.001886352206 0 0 0 0 0 0 0 0 0 0 0 0 0 0 0 0 0 0 0 0 0 0 0 0.172476911 0 0 
0 0 0 0 0 0 0 0 0 0 0 0 0 0 0 0.7057798863 0 0.126799626 0 0 0 0 0 0.08169450126 0.05830897623 0 0 0 0 0 0 0 0 0 0 0.6068521899 0 0 0 0 0 0 0 0 0 0 0 0 0 0 0 0 0 0 0 0 0.05426299829 0 0 0 0.3224454353 0 0 0 0 0 0 0 0 0 0 0 0.2002943373 0 0 0 0 0 0 0 0 0 0 0 3.08280815 0 0 0 0 0 0 0 0 0 0 1.373991328 0 0 0 0 0 0 0 0 0 0 0 0 0 0 0 0 0.4855966737 0 0 0 0 0 0 0 0 0 0 0 0 0 0 0 0 0 1.267017195 0 0.015338827 0 0 0 0.9038116499 0 0 0 0 0 0 0 0 0 0 0 0.0002398899548 0 0 0 0 0 0 0 0 0 0 0 0 0.6431763643 0 0 0 0 0 0 0 0 0.01588500251 0 0 0 0 0 0 0 0 0 0 0 0 0 0 0 0 0 0.4523719116 0 0 0 0 0 0 0 0 0 0 0 0 0 0 0 0 0 0 0 0 0 0 0 0 0.8967260406 0 0 0 0 0 0 0 0 0.2552539331 0 0 0 0 0 0 0 0 0 0 0.3379813811 0 0 0 0 0 0 0 0 0 0 0 0 0 1.419334442 0 0 0.02491538442 0 0 0 0 0 
0 0 0.007827707683 0 0 0 0 0 0 0 0 0 0 0.1530159609 0 0 0 0 0 0 6.344992705e-05 0 0 0 0 0 0 0 0 0 0 0 0 0 0 0 0 0.7750045806 0 0 0 0 0 0 0 0 0 0 0 0 0 0 0 0 0 0 0 0 0 0 0 0 0.01530512383 0 0 0 0.2394400417 0 0 0 0 0 0 0 0 0 0 0 0 0 0 0 0 0 0 3.320442684 0 0 0 0 0 0 0 0 0 0 0 0 0 6.244448918 0 0 0 0 0 0 0 0 0 0 0 0 0 0 0 0 0 0 0 0 0 0 0 0 0 0 0 0 0 0 0 0 0 0 0 0 0 0 0 0 0 0 0 0 0 0 0 0 0 0 0 0 0 0.3591331745 0 2.976433213 0 0 0 0 0 0 0 0 0 0 0 0 0.3100665567 0 0 0 0 0 0 0 0 0 0 0 0 0 0 0 0 0 0.4286442297 0 0 0 0 0.7141177283 0 0 0 0 0 0 0 0 0 0 0 0 0 0.01853588824 0 0 0 0 0 0 0 0 0.1329401878 0 0 0 0 0 0 0 0 0 0 0 0 0 0.1341146966 0 0 0 0 0 0.9389493451 0 0 0 0 0 0 0 0 0 0 0 0 0 0.2646268732 0 0 0 0 0 0 0 
0 0 0 0 0 0 0 0 0 0 0 0 0 0 0 0 0 0 0 0 0 0 0 0 0 0 0 0 0 0 0.03185262966 0 0 0 1.265793002 0 0 0 0 0 0 0 0 0 0 0 0 0 0 0 0 0 0 0 0 0 0 0 0 0 0 0 0 0 0 0 0 0 0 0 0 0 0 0 0 1.544842488 0 0 0 0 0 0.08087344965 0 0 0 0.5482894405 0 0.1979509842 0 0 0 0 0 0 0 0 0 0 2.099057786 0 0 0 0 0 0 0 0 0 0 0 0 0 2.804765536 0 0 0 8.262598307 0 0 0 0 0 0 0 0 0 0 0 0 0 0 0 0 0 0 0 0 0 0 0.8638728335 0 0 0 0 0 0 9.789872829 0 0 0 0 0 0 0 0 0 0 0 0 0 0 0 0 0 0 0 0 0 0 0 0 0 0 0 0 0 0 0 0 0 0 0 0 0 0 3.458181213 0 0 0 1.470540121 0 0 0 0 0 0 0 0 0 0 0 0 0 0 0 2.275073326 0 0 0 0 0 0 0 0.3964089683 0 0 0 0 0 0 0 0 0 0 0 0 0 0 0.7333490556 0 0 0.09060813953 0 0.1317423716 0 0 0 0 0.08147641869 0 0 0 0 0 0 0 0 0 0 0.4041609309 0 0.0003851921479 0 0 0.009537290949 0 
0 0 0 0 0 0 0 0 0 0 0 0 0 0 0 0 0 0.01135742027 0 0 0 0 0 0 0 0 0 0 0 0 0 0 0 0 0 0 5.605254287 0 0 0 0 0 0.3543886519 0 0 0 0 0.02291463848 0 0 0 0 0 0 0 0 0 0 0 0 0 0 0.2212159402 0 0.6892196664 0 0 0 0 0 0 0 0 0 0 0 0 0.302829332 1.466141065 0 0 0 0 0 0 0 0 0 1.301738591 0 0 0 0 0 7.769579823 0 0 0 0 0 0 0 0 0 0 0 0 0 0 0 0 0 0 0 0 0 0 0 0 0 0 6.808812465 0 0 0 0 0 0 0 0 0 0 0 0 0 0 0 0 0 0 0 0 0 0 0 0 0.5995861555 0 0 0 0 0 0 0 0 0 0 0 0 0 0 0 0.2272832942 0 0 0 0 0 0 0 0 0 0 0 0 0 0 0 0 0 0 0 0 0 0 0 1.505203383 0 0 0 0 0 0 0 0 0 0 0 0 0 0 0 0 0 0 0 0 0 0 1.158168814 0 0 0 0 0 0 0 0 0 0 0 0 0 0 0 0 0 0 0 0 0 0 0 0 0 0 0 0 0 0 0.0288684202 0 0 0 0 0 0 0 0.0830584267 0 0 0 0 0 0 0 
0 0 0 0 0 0 0 0 0.0009067663424 0 0 0 0 0 0 0 0 0 0 0 0 0 0 0 0 0 0 0 0 0 0 0 0 0 0 0 0 0 0 0 0 0 0.8384553125 0 0 0 0 0 0 0 0 0 0 0 0 0 0 0.1970753018 0 0 0 0 0 0 0.457231084 0 0 0 0 0 0 0 0.0889182691 0 0 0 0 0 0 0 0 0 0 0 0 0 0 0 0 0 0 0 0 0 0 0.2786273558 0 0 0 0 1.043929723 0 0 0 0 0 0 0 0 0 0 0 0 0 0 0 0 0 0 0 0 0 0 0 0 0 0 0 0 0 0 0 0 0 0 0 0 0 0 0 0 0 0 0 0 0 0 0 0 0.1124683771 0 0 0 0 0 0 0 0 0 2.395085082 0 0 0 0.02500967579 0 0 0 0 0 0 0 0 0 0 0 0.09683719198 0 0 0 0 0 0 0 0.03570700249 0 0 0 0 0 0 0 0 0 0 0 0 0 0 0 0 0 0 0 0 0.09559353165 0 0 0 0 0 0 0 0 0 0 0 0 0 0 0 0 0 0 0 0 0 0 0 0 0 0 0 0 0 0 0 0 0 0 0 0 0 0 0 0 0 0 0.07001240615 0 0 0 0 0 0 0 0 
0 0 0.4767950795 1.193016416 0 0 0 0 0 0 0 0 0 0 0 0 0 0 0 0 0 0 0 0 0 0 0 0 0 0 0 0 0 0 0 0 0 0 0 0.0008187472241 0 0 0 0 0 0 0 0.05018133657 0 0 0 0 0 0 0 0 0 0 0 0 0 0 0 0 0 0 0 0 0 0 0 0 0 0 0 0 0 0 0 0.9378171182 0 0 0 0 0 0 0 0 0 0 0 0 0 0 0 0 0 0 0 0 0 0 0 0 0 0.9253496464 0 0 0 0 1.307537304 0 0 0.4529977194 0 0 0 0 0 0 0 1.117033727 1.327448555 0 0 0 0 0 0 0 7.555813694 0 0 0 0 0 0 0 1.718180669 0 0 0 0 0 0 7.738291065 0 0 0 0 0 0 0 0 0 0.03302638401 0 0 0 0 0 0 0 0 0.9384367559 0 0 0 0 0 0 0 0 0 0 0.4588610454 0 0 0 0 0 0 0 0 0 0 0 0 0 0 6.983157505 0 0 0 0 0 0 0 0 0 0 0 0 0 0 0 0.2931240382 0 0 0.3006045055 0 0 0 0 0 0 0 0 0.1162938604 0 0 0 0 0 0 0 0 0 0 0 0 0 0 0 0 0 0 0 0 0 0 0 0 0 0 0 0 0 0.03336706388 0 0 0 0 0 0 0.2254899392 
0 0 0 0 0 0 0 0 0 0.03850377275 0 0 0 0 0 0 0 0 0 0 0 0 0 0 1.000945755 0 0 0 0 0 0 0 0.0777184851 0 0 0 0 0 0 0 0 0 0 0 0 0 0 0 0 0 0 0 0 0 0 0 0 0 0 0 0 0 0 0 0 0 0 0 0 0 0 0 0 0 0 0 0 0 0 0 0 0 0 0 0 0 0 0 0 0 0 0 0 0 0 0 0 0 0 0 0 0 0 0 0 0 0 0 0 7.540380584 0 0 0 0 0 0 0 0.00217599759 0 0 0 0 0 0 0.2716679636 0 0 0 0 0 0 0 0 0 0 0 0 0 0 0 0 0 0 0 0 0 0 0 0 0 0 0 0 0 0 0 0 0 0 0 0 0 0 0 0 0 0 0 0 0 0 0 0 0 0 0 0 0 0 0 0 0 0 0 0 0 0 0 0 0 0 0 0 0 0 0 0 0 0.4921874908 0 0 0 0 0 0 0 0 0 0 0 0 0 0 0 0 0 0 0 0 0 0 0 0 0 0 0 0 0 0 0 0 0 0 0 0 0 0 0 0 0 0 0 0 0 1.581144027 0.1362914681 0.2923343566 0 0 0 0.359305815 0 0 0 0 0 
0 0 0 0 0 0 0 0 0 0 0 0 0 0 0 0 0 0 0.6084534248 0 0 0 0 0 0 0 0 0 0 0 0 0.1656674023 0 0 0 0 0 0 0 0 0 0 0 0 0 0 0 0 1.792211484 0 0.002589188756 0 0 0 0 0 0 0 0 0.967066548 0 0 0 0 0 4.903452911 0 0 0 0.4243327566 0 0 0 0 0 0 0.153377793 0 0 0 0 0 0 1.492535636 0 0 0 0 0 0 1.286613984 0 0 0 0 0 0 0 0 0 0 0 0 0 0 0 0 0 0 0 0 0 0 0 0 0 0 0 0 0 0 0 0 0 0 0 0 0 0 0 0 0 0 0 0 0 0 0 8.686863215 0 0 0 0 0 0 0 0 0 0 0 0 0 0 0 0 0 0 0 0 0 3.567663627 0 0 0 0 0 0 0 0 0 0 0.01517242651 0 0 0 1.261233319 0 0 0 0 0 0 0 0 0 0 0 0 0 0.5413445093 0 0 0 0 0 0 0 0 0 0 0.749913159 0 0 0 0.3586095188 1.52680612 0 0 0 0 0 0 0 0 0 0 0 0 0 0 0 0 0 0 0.02278860162 0 0 0 0 0 0 0 0 0 0 0 0 0 0 0 0 0 0 0 0 0 0 0 0 0 0 0 0 0 0 0 
0 0 0.05497025072 0 0 0 0 0 0 0 0 0 0 0 0 0 0 0 0 0 0 0 0 0 1.361362084 0 0 0 0 0 0 0 1.467677773 0 0 0 0 0 0 0 0 0 0 1.29380433 0 0 0 0 0 0 0 0 0 0 0 0 0 0 0 0 0 0 0 0 0 0 0 0 0 0 0 0 0 0 0 0 0 0 0 1.692243349 0 0 0 0 0 0 1.365311437 0.3977933814 0 0.2837643954 0 0.3258238682 0 0 0 0 0 0 0 0 0 0 0 0 0 0 0 0 0 0 0 0 0 0 0 0 0 0 0 0 0 0 0 0 0 0 0 0 0 3.605331621 0 0.8352449729 0 0 0 0 0 0 0 0 0 0 0 0 0 0 0 0 0 0 0 0 0 0 0 0 0 0 0 0 0 0 0 0 0 0 0 0 0 0 0 1.161363884 0 0 0 0 0 0 0 0 0 0 0 0 0 0 0 0 0 0 1.592306655 0 0.4120859357 0 0 0 0 0 0 0 0 0 0 0 0 0 0 0 0 0 0 0 0 0 0 0 0 0 0 0 0 0 0 0 0 0 0 0 0 0 0 0 0 0 0 0 0 0.2502750104 0 0 0.4307023413 0 0 0 0.3040994753 0 0 0.1201853423 0 0 0 0.7082133764 0 0 0 0 
0 0 0 0.2542975513 0 0 0 0 0 0 0 0.2000338925 0 0 0.004373649591 0 0 0 0.05347411534 0 0 0 0 0 0 0 0 0 0 0 0.180665093 0.1294362037 0 0 0 0 0 0 0 0 0 0 0 0 0 0 0 0 0 4.974172353 0 0 0 0 0 0 0 0 0 0 0 0 0 0 0 0 0 0 0 0 0 0 0 0 0 0 0 0 0 0 0 0 0 0 0 0 0 0 0 0 0 0 0 0 0 0 0 0 0 0 0 0 0 0 0 0 0 0 0 0 0 0 1.272188628 0 0 0 0 0 0 0 0 0 0 0.2144886855 0 0 0 0 0 0 0 0 0 0 0 0 0 0.5630301854 0 0 0 0 0 0 0 0 0 0 0 0 0 0 0.8630355967 0 0 0 0 0 0 0 0.6524563063 0 0.3449952326 0 0 0 0 0 0 0 0 0 0 0 0 0 0 0 0 0 0 0 0 0 0 1.087855118 0.03688348376 0 0 0 0 0 0 0 0 0 0 0 0 0 0 0 0.1585851022 0 0 0 0 0 0 0 0 0 0 0 0 0 0 0 0 0 0 0 0 0 0 0 0 0 0 0 0 0 0 0 0 0 0 0 0 0 0 0 0 0 0 0 0 1.015774473 0 0 0 0 0.09371267168 0 0 0 
0 0 0 0 0 0 0 0 3.446014418 0 0 0 0 0 0 0 0 0 0 0 0 0 0 0 0 0 0 0 0 0.2446782936 0 0 0 0 0 0 0 0 0 0 0 0 0 0 0 0.4336971827 0 0 0 0 0 0 0 0 0 0 0.2728031274 0 0 0 0 0 0 0 0 0 0 0 0 0 0.09798510224 0 0 0 0 0 0 0 0 0 0 0 0 0 0 0 0 0 0 0 0 0 4.601214289 0 0 0 0 0 0 0 0 0 0 0 0 0 0 0 0 0 0 0 0 0 0 0 0 0 0 8.261502503 0 0 0 0 0 0 0 0 0 0 0 0 0 9.031800088 0 4.438108536 0 0 0 0 0 0 0.7846503651 0 0 0 0 0 0 0 0 0 0 0 0 0 0 0 0 0 0 0 0 0 0 0 0 0 0 0 0 0 0 0 0 0 0 0 0 0 0 0 0 0 8.295526621 0 0 0 0 0 0 0 0 0 0 0 0 0 0 0 0 0 0.022475479 0 0 0 0 0 0 0 0 0 0 0.09605739299 0 0 0 0 0 0 0 0 0 0 0 0 0 0 0 0 0.5463437694 0 0 0 0 0 0 0 0 0 0 0 0 0 0 0 0 0 0 0 0 0 0 0 0 0.8541356154 
0 0 0 0 0 0 0 0 0.5279771047 0.08904384594 0 0 0 0 0 0 0 0 0 0 0 0 0 0.1817666412 0 0 0 0 0 0 0 0.3764664805 0 0 0 0 0 0 0 0 0 0 0.3098491599 1.246399753 0 0 0 0 0 0.6713386721 0 0 0.6438969915 0 0 0.3964792301 0 0.3120354837 0 0 0 0 0 0.3969324023 0 0 0 0 0.00750669075 0 0 0 0 0 0 0 0 0 0 0 0 0 0 0 0 0 0 0 0 0 0 0 0 0 0 0 0 0 0 0 0 0 0 0 0 0 0 0 0 0 0 0 0 0 0 0.6701844627 0 0 0 0 0 0 0 0 0 0 0 0 0 0 0 0 0 0 0 0 0 0 0.7377792976 0 0 0 0 0 0 0 0 0 9.40353479 0 0 0 0.007744597622 0 0 0 0 0 0 0 0 0 0 0 0 0 0 0 0 0 0 0 0 4.364976893 0 0 0 0 0 0 4.333867178 0 0 0 0 0 0 0 0 0 0.4780219309 0 0 0 0 0 0 0 0 0 0 0 0 0 0 0 0 0 0 0 0 0 0 0 0 0 0 0 0 0 0 0.1571192693 0 0 0 0 0 0 0 0 0 0 0 0 0 0 0 0 0 0 0 0 0 0 0 0 0 0 0 0 0 0 0 0 0 0 
0 0 0 0 0 0 0 0 0 0 0 0 0 0 0 0 0 0 0 0 0 0 0 0 0 0 0 0 0 0 0 0 0 0 2.135727415 0 0 0 0 0 0 0 0 0 0 0 0 0 0 0 0 0 0 0 0 0 0 1.337141955 0 0 0 0 0 0 0 0 0 0 0 0 0 0 0 0 1.315868531 6.847888941 0 0 0 0 0 0 0 0.7071724154 0 0 0 0 0 0 0 0 0 0 0 0 0 0 0 0 0 0 0 0 0 0 0 0 0 0 0 0 0 0 0 0 0 0 2.337062134 0 0 10.14507061 0 0 0 0 0 0 0 0 0 0 0 0 0 0 0 0 0 0 0 0 0 0 0.1558071041 0 0 0 0 0 0 0 0 0 0 0 0 0 0 0 6.918956375 0 0 0 0 0.6864809913 0 0 0 0 0 0 0 0 0 0 0 0 0 0 0 0 0 0 0 0 0 0 0 0 0 0 0.08132049136 0 0 3.765030417 0 0 0 0.172525736 0 0 0 0 0 0 0 0 0 0 0 0 0.05963016613 0 0 0 0 0 0 0 0 0 0 0 0 0 0 0 0 0.01644128035 0 0 1.211504927 0 0 0 0 0 0.729364701 0 0 0 0 0 0 0 0 0 0 0 0 0 0 0 0 0 
0 0 0 0 0 0 0 0 0 0 0 0 0 0 0 0 0 0 0 0 0 0 0.08863308271 0.7452290301 0 0 0 0 0 0 0 0 0 0 0 0 0 0 0 0 0 0 0 0 0 0 0 0 0 0 0 0 0 0 0 0 0 0 0 0 0 0 0 0 0 0 0 0 0 0 0 0 0 0 0 0 0 0 0 0 0 2.495794522 0 0 0.8346787209 0 0 0 0 0 0 0 0 0 0 0 0 0 4.210127449 0 0 0 0 0 0 0 0 0 0 0 0 0 0 0 0 0.6753008368 0 0 0 7.890578165 0 0 0.3349982819 0 0 0 0 0 0 0 0 0 0 0 0 0 0 0 0 0 0 0 0 0 0 0 0 0 0 0 0 0 0 0 0 0 0 0 0 0 0 0 0 0 0 0 0 0 0 0 0 0 0 0 0 1.383512886 0 0 0 0 0 0 0 0 0 0 0 0 0 0 0 0 0 0 0 0 0 0 0 0 0 0 0 0 0 0 0 0 0 0 1.322031856 0 0 0 0 0 0 0 0 0.9864809803 0 0 0 0 0 0.4537409455 0 0 0 0.07435908678 0 0 0 0 0 0 0 0.3150130494 0 0 0 0 0 0 0 0 0 0 0 0 0 0 0 0 0 0 
0 0 0 0 0 0 0 0 0 0 0 0 0 0.2030564438 0.4319761669 0 0 0 0 0 0 0 0 0 0 0 0 0 0.3524638584 0 0 0 0 0 0 0 0 0 0.0001814535903 0 0 0 0 0 0 0 0 0 0 0 0 0.1532696841 0 0 0 0 0 0 0 0 0 0 0 0 0 0 0 0 0 0 1.433247096e-05 0 0 0 0 0 0 0 0 0 0 0 0 0 0 0 0 0 0 0 0 0 0 0 0 0 0 0 0 0 0 0 0 0 0 0 0 0 0 0 0 0 0 0 0 0 0 1.21553326 0 0 0 0 0.1589323747 0 0 0 0 0 0 0 0 6.096131636 0 0 0 0 0 0 0 0.939836557 0 0 0 0.01072282125 0 3.475962792 0 4.545058892 0 0 0.03612937125 0 0 3.946020359 0 5.099506101 0 0.9293128755 0 0 0 0 0 0 0 0 0 0 0 0 0 0 0 0 0 0 0.3025277102 0 8.65002716 0 0 0 0 0 0 0 0 0 3.426709868 0 0 0 0 0 0 0 0 0 0 0 0 0 0 0 0 0 0 0 0 0 0 0 0 9.674719575 0 0 0 0 0 0 0.8811205369 0 0 0 0 0 0 0.02585884034 0 0 0 0 0 0 0 0 0 0 0 0 0 0 0 0 0 0 0 0 0 0 0 0 0.330097448 0 0 0.09109032168 
0 0 0 0 0 0 0 0 0 0 0 0 0 0 0 0 0 0 0 0 0 0 0 0.7400945849 0 0 0 0 0 0 0 0 0 0 1.689726044 0 0 0 0 0 0 0 0 1.310115571 0 0 0 0 0 0 0 0 4.083592708 0 0.4394551073 0 0 0 0 0 0 0 0 0 8.669377117 0 0 0.6436922276 0 0 0 0.7776534592 0 0 0.9282699032 0 0 0 0 0 0 0 0 0 0 0 5.582693949 0 0 0 0 0 0 0 0 0 0 0 0 0 0 0 0 0 0 0 0 0 0 0 0 0 0 0 0 0 0 0 0 0 0 0 0 0 0 0 0 0 0 0 0 0 0 0 0 0 0 0.1498101018 0 0 0 0 3.901132681 0 0 0 0 0 0 0 0 0 0 0 0 0 0 0 0 0 0 0 0 0 0 0 0 0 0 0 0 0 0 0 0 0 0 0 0 0.9206575252 0 0 0 2.563497652 0 0 0 3.534377039 0 0 0 0 0 0 0 0 0.8445208209 0 0 0 0 0 0 0 0 0 0 0 0 0 0 1.357762033 0 0 0 0 0 0 0 0 0 0 0 0 0 0 0 0 0 0 0 0 0 0 0 0 0 0 0 0.008207758771 0 0 0 0 0 0 0 0 0 0 0 0 0 0 0 0 
0 0 0 0 0 0 0 0 0 0 0 1.172756122 0 0 0.07969692073 0 0 0 0 0 0 0 0 0 0 0 0 0 0 0 0 0 0.490151678 0 0 0 0 0 0 0 0 0 0 0 0.1604929763 0 0 0 0 0 0 0 0 0 0 0.0001850446782 0 0 0 0 0 0 0 1.362816905 0 1.278186311 0 0 0 0 0 0 0 0 0 0 0 0 0 5.460883269 0 0 0 0 0 0 0 0 0 0 0 0 0 0 0 0 0 0 0 0.7086802737 0 0 9.328587894 0 0 0 0 0 0 0 0 0 0 0.003820752732 0 0 0 0 0 0 0 0 0 0 0.4578378188 0 0 0 0 0 0 0 0 0 0 0 0 0 0 0 0 0 0 0 0 0 0 0 0 0 1.160891757 0 0 0 0 0 0 0 0 0 0 0 3.450487358 0 0 0 0 0 0 0 0 0 0 0 0 0 0 0 0 0 0 0 0 0.184070029 0 0 0 0 0 0 0 0 0 0 0 0 0 0 0 0 0 0 0 0 1.001181155 0 0 0 0 0 0 0 0 0 0 0 0 0 0 0 0 0 0 0 0 0 0 0 0 0 0 0 0 0 0 0.9996117937 0 0 0 0 0 0 0 0 0 0 0 0.3057565526 0 0.1214317744 0 0 0 0 0 0 
0 0 0 0 0 0 0 0 0 0 0 0 0 0 0.7817549786 0 0 0 0 0.04934034315 0 0 0 0 0.09989833802 0 0 0 0 0 0 0 0 0 0 0 0 0 0 0 0 0 0 0.00385552857 0 0 0 0 0 0 0 6.528049117 0 0 0 0 0 0 0 0 0 0 0 0 0 0 0 0 0 0 9.759964361 0 0 0 0 0 2.313689536 1.43240015 0 0 0 0.6155203396 1.29942037 0 0 0 0 0 0 1.46392112 0 0.1081117574 0 0 0 0 0 0 0 0 0 0 0 0 0 0 0 0 0 0 0 0 0 0 0 0 0 0 0 0 0 0 0 0 0 0 0 0 0 0 0 0 0 0 0 0 0 0 0 0 0 0 0 0 0 0 0 0 0 6.594105297 0 0 0 9.697011511 0 0 0 0 0 0 0 0 0 0 0 0 0 0 0 0 1.341602777 0 0 0 0 0 0 0 0 1.267564441 0 0 0 0 0 0 0 0 0 0 0 0 0 0 0 0 0 0 0 0 0 0 0 0 0 0 0 0 0 0 0.0928931189 0 0 0 0 0 0 0 0 0 0 0 0 0 0 0 0 0 0 0 0 0 0 0 0 0 0 0 0 0 0 0 0 0 0 0 0 0.3170830902 0 0 0 0 0 0 0 0 
0 0 0 0.3149950935 0 0 0 0 0 0 1.292345302 0 0 0 0 0 0 0 0.2523794198 0 0 0 0 0 0 0.548812224 1.01875983 0 0 0 0 0 0 0 0 7.467404655 0 0 0 0 0 0 0 0 0 0.004141217597 0 0.8373249754 0 0 0.0761242489 0.6675964596 0.6627072766 0 0 0 0 0 0 0 0 0 0 0 0 0 0 0 0 0 0 0 0 0 0 0 0 0 0 0 0 0 0 0 0 0 0 0 0 0 0 0 0 0 0 0 0 0 0 0 0 0 2.06123899 0 0 0 0 0 0 0 6.443629281 0 0 0 0 0 40.52757871 0 0.0002221633291 0 0 0 0 0 0 0 0 0.5714063568 0 0 0 0 0 0 0 0 0 0 0 0 0 0 0 0 0 0 0 0 2.926475229 0 0 0 0 0 0 0 0 0 0 0 0 0 0 0 0 0 0 0 0 0 0 0 0 0 0 0 0 0 0 0 0 0 0 0 0 0 0 0 0 0 0 0 0 0 0 0 0 0 0 0 0 0.6943473584 0 0 0 1.50048208 0 0 0 0 0 0 0 0 0 0 0 0 0 0 0 0 0 0.528880289 0 0 0 0 0 0 0 0 0 0 0 0 0 0 0 0.01364123851 0 0 0 0.02599105544 0.190852589 0 0 0 0 0 0 0 0 0 0 0 
0 0 0 0 0 0 0 0 0 0 0 0 0 0 0 0 0 0 0 0 0 0 0 0 0 0 0 0 0 0 0 0 0.3360052841 0.2080944224 0 0 0.5608068951 0 0 0 0 0 0.5700242483 5.532874408 0 0 0 0 0 0 0 0 0 0 0 0 0 0 0 0 0 0 0 0 0 0 0 0 0 0 0 5.919632028 0 0.645972004 0 0 0 0 0 0 0 0 0 0 0 0 0 0 0 0 0 0 0 0 0 0 0 0 0 0 0 0 0 0 0 0 0 0 0 0 0 0 0 0 0 0 0 0 0 0.6713189173 0 0.4287238156 0 0 0 0 0 0 0 0 0 0 0 0 0 0 0 0 0 0.1126799071 0 0.04066538065 2.457059772 0 0 0 0 0 0 0 0 0 0 35.98942958 0 0 0 0 0 0 0 0 1.24321488 0 0 0 2.845116787 0.6563116892 0 1.06198342 0 8.513792909 0 0 0 0 7.927144251 0 0 0 0 0 0 0 0 0 0 0 0 0 0 0 0 0 0 0 0 0.52094386 0 0 0 0 0 0 0 0 0 0 0 0 4.088705489 0.0154950158 0.844468521 0 0 0 0 0 0 0 0 0 0 0 1.497007051 0.2441647671 0 0 0 0 0 0 0 0 0 0 0 0 0 0 0 0 0 0 0.1404036033 0.0351534868 0 0.3619498496 0 0 0 0.2037920718 0 0 0 0 
0 0 0 0 0 0 0 0 0 0 0 0 0 0 0 0 0 0 0 0 0 0 0 0 0 0 0 0 0 0 0.5381734455 0 0 0 0 0 0 0 0 0 0 0 0 0 0 0 0.8202945192 0 0 0 0 0 0 0 0 0 0 0.6883505085 0.4853372249 0 0 0 0 0 0 0 0 0 0 0.8685821715 0.7482090484 0 0 0 0.7368391562 0 1.503931664 0 0 0 0 0 0 0 0 0.7248251522 0 0 0 3.526787595 0 0 3.999641406 0 0 0 0 0 0 0 0 0 1.291025871 0 0 0 0 0 0 0 0 0 0 0 0 0 0 0 0 0 0 0 0 0 0.2690661377 0 0 0 0 0 0 0 0 16.11786857 0 0 0 7.196097764 0 0 0 0 0 0 0 0 0 0 0 0 0 0 0 0 0 0 0 0 0 0 0 0 0 0 0 0 0 0 0 0 0 0 0 0 0 0 0 0 0 0 0 0 0 0 0 0.1485807396 0 0 0 0 0 0 0 0 0 0 0 0 0 0 0 0 0 0 0 0 0 1.239059636 0 0 0 0 0 0 0 0.8245394843 0 0 0 0 0 0 0 0 0 0.08296945259 0 0 0 0 0 0 0 0 0 0 0 0 0 0 0 0 0 0 0 0 0 0 0 0 0 0 0 0 0 0 
0 0 0 0 0 0 1.574334568 0 0 0 0 0 0 0 0 0 0 0 0 0 0 0 0.03277182049 0 0 0 0 0 0 0 0 0 0 0 0 0 0 0 0 1.261393291 0 0 0 0 0 0 0 0 0 0 0 0 0 0 0 0 0 0 0 0 0 0 0 0 0 0 0 0 0 0 0 0 0 0 0 0 0 0 0 0 0 0 3.393299261 0 0 0 0 0 0 0 0 0 0 0 0 0 0 0 0 0 0 0 0 0 0 0 0 0 1.939903661 0 0 2.011673174 0 0 0 0 0 0 0 0 0 0 0 0 0 0 0 0 0 0 0 7.260963479 0 0 0 0 0 0 0 0 0 2.260082078 0 0 0 0 0 0 0 0 0 5.936025735 0 0 1.174846176 0 0 0 0 0 0 0 0 0 0 0 0 0 0 0.7023578586 0 0 0 0 0 0 0 0 0 0 0 0 0 0 0 0 0 0 0 0 0 0 0 0.002794104068 0 0 0 0 0 0 0 0 0 0 0 0 0 0 0 0 0 0.2842388748 0 0 0 0 0 0 0 0 0 0 0 0 0 0 0 0 0 0 0 0 0 0 0 0 0.3432508476 0 0 0 0 0 0 0 0 0 0 0 0 0 0.3083999672 0 0 0 0 0 
0 0 0 0 0 0 0 0 0 0 0 0 0 0 0 0 0 0 0 0 0 0 0 0 0 0 0 0 0 0 0 0 0 0.06696290975 0 0 0 0 0.4495498153 0 0 0 0 0 0 0.001906642209 0 0 0 0 0 0 0 0 0 0 0 0 0 0 0 0 0 0 0.4317542336 0 0 0 0 0 0 0 0 2.397511862 0 0 0 1.23420296 0 0 0 0 0 0 0 0 0 0 0 0 0 0 0 0 0 0 0 15.83808365 7.1103829 0 0 0 0 0 0 0 0 0 0 0 0 0 0 0 0 0 0 0 0 0 0 0 0.8816395815 0 0 0 0 0 0 0 0 0 0 0 0 2.297676011 0 0 0 0 0 0 0 0 0 0 0 0 0 0 0 0 0 0 0 0 0 0 0 0 0 0 0 0 0 0 0 0 0 8.835447866 0 0 4.836666717 0 0 0 0 0 0 0 0 0 0 0 0.3685805819 0 0 5.684099063 0 0 0 0 0 0 0 0 0 0 0 0 0 0 0 0 0 0 0 0 0 0 0 0 0 0 0 0 0 0 0 0 0 0 0 0 0 0 0 0 0 0 0 0 0 0 0 0 0 0 0 0 0 0 0 0 0 0 0 0 0 0 0 0 0 0 0 0 
0 0 0 0 0 0 0 0 0 0 0 0 0 0 0 0 0 0 0 0 0 0 0 0 0 0 0 0 0 0 0 0 0 0 0 0 0 1.268947006 0 0 0 0.1093787053 0 0 0 0 0 0 0 0 0 0 0 0 0 0 0 0 0 0 0 0 0 0 0 0 0 0 0 0 0 0 0 0 0 0 0 0 0 0 0 0.002986678113 0 0 0 0 0 0 0 0 0 0 0 0 0 0 0 0 0 0 0 0 0 0 0 0 0 0 0 0 0 0.5793498432 0 0 0 0 0.003229706701 0 6.925456961 0 0 0 0 0 0 0 0 0 0 10.11992736 0 0 0 0 2.050930463 0 0 0 0 0 0 0 0 0 5.731693405 0 0 0 0 0 0 0 0 0 0 0 0 0 0 0 0 0 0 0 0.8125684474 0 0 0 0 2.173822325 0 0 0 0 0 0 0 0 0 0 1.49153717 0 0 0 0 0 0 0 0 0 0.03654956254 0 0 0 0 0 0 0 0 0 0 0 0 0 1.718109455 0 0 0 0 0 0 0 0 0 0 0 0 0 0 0 0 0 0 0 0 0 0 0 0.4313431922 0 0 0 0.03825328058 0 0 0 0 0 0 0 0.5155494707 0 0 0 0 0 0 0 0 0.4262879326 0 0 0 0 0 0 
0 0 0 0 0 0 0 0 0 0 0 0 0 0 0 0 0 0 0 0 0 1.335855817 0.1429771129 0 0 0 0 0.1177021784 0 0 0 0 1.049120607 0 0 0 0.387923239 0 0 0 0 0 0 0 0 0 0 0 0 0 4.915687301 0 0 0 0 0 0 0 0 0 0 0 0 0 0 0 0 0 0 0 0 0 0 0 0 0 0 0.4549168129 0 0 0 0 0 0 0 0 0 0 0 0 0 12.91843408 0 10.04758895 0 0 0 0 0 0 0 0 7.06295516 0 0 0 0 0 0 0 0 0 0 0 0 2.723391257 6.950005926 0 0 0 0 0 0 0 0 0 0 0 0 0 0 0 0 0 5.381698758 0 0 0 0 0 0 0 0 0 0 0 6.219851496 0 0 0 0 4.534869771 14.36138331 8.902619894 0 0 0 0 0 0 0 1.237551021 0 0 0 0 0 0 0 0 0 0 0 0.02467120188 0 0 0 0 0 0 0 0 0 0 0 0 0 0 0 0 0 0 0 0 0 0 0 0 0 0 0 0 0 0 0 0 0 5.294958809 0 0 0 0 0 0 0 0 0 0 0 0 0 0 0 0 0 0 0 0 0 0 0 0 0 0 0.9527806255 0 0 0 0 0 0 0 0 0 0 0 0 0 0 0 0 0 0 0 0 0 
0 0 0 0 0 0 0 0 0 0 0 0 0 0 0 0 0 0 0 0 0 0 0 0 0 0 0 0 0 0 0 0 0 0 0 0 0 0 0 0 0 0 0 0 0 0 0 0 0 0 0 0 0 0 0 0 0 0 0 0 1.08822535 0 0 0 0 0 0 0 0.03289090369 0 0 0 0 0 0 0 0 0 0 0 0 0 8.562057893 0 0 0 0 0 0 0 0 0 0 0 0 0 0 0 0 0 0 0 0 0 0 0 0 0 0 0 0 0 0 0 0 0 0 0 0 37.70860958 0 0 0 2.793109244 0 0 0 0 0 0 0 0 0 0 0 0 0 0 0 0 0 9.825565964 0 0 0 0 0 0 0 0 0 6.808870172 0 0 0 8.443484093 0 0 0 0 4.759410722 0 0 0 0 0 0 0 0 0 0 0 0 0 0 0 0 0 0 0 0 0 0 0 0 0 0 0 0 0 0 0 0.0001722983662 0 0 0 0 0 0.1755088494 0 0 0 0 3.89234664e-05 0 0 0 0 5.526832259 0 0 0 0 0 0 0 0 0 0 0 0 0 0 0 0 0 0.5709018343 0 0 0 0 0 0 0 0 0 0 0 0 0 0 0 0 0 0 0 0 0 0 0 0 0 0 0 0 0 
0 0 0 0 0 0 0 0 0 2.33767122 0 0 0 0 0 0 0 0 0 0 0 0 0 0 0 0 0 0 0 0 0 0 0 0 0 0 0 0 0 0 0.6056411718 0 0 0 0 0 0 0 0 0 0 0 0 0 0 0 0 0 0 0 0 0 0 0 0 0 0 0 0 0 0 0 0 0 0.1205836792 0 0 0 0 0 0 0 0 0 0 0 0 0 0 0 0 0 0 0 0 0 0 0 0 0 2.265495151 0 0 0 0 0 0 0 0 2.509040902 0 0 0 0 0 0 0 0 0 0 0 0 0 0 0.2881209288 0 0 0 0 0 0 0 0 0 0 0 0.3200833899 0 0 0 0 0 2.216643017 0 0 0 2.859923162 0 0 0 0 0 0 0 0 0 0 0 0 0 0 0 0 0 0 0 0 0 0 0 0 0 0 0 0 0 0 0 0 0 0 0 0 0 0 0 0 0 0 0 0 1.036418178 0 0 0 0 0 0 0 0 0 0 0 0 0 0 0.04170119959 0 0 0 0 0 0 0 0 0 0 0 0 0 0 0 0 0 0 0 0 0 0 0 0 0 0 0 0 0 0 0 0 0 0 0 0 0 0 0 0 0 0 0 0 0.09114717206 0 0 0 0 
0 0 0 0 0 0 0 0 0 0 0 0 0 1.153541137 0 0 0 0 0 0 0 0 0 0 0 0 0 0 0 0 0 0 0 0 0 0 0 0 0 0 0 0 0 0 0 0 0 0 0 0 0 0 0 0 0 0 0 0 0 0 0 0.6883465668 0 0 0 0 0 0 0 0 0 0 0 0 0 0 0.001673198733 0 0 0 0 0 0 0 0 0 0 0 2.434831583 0 0 0 0 0 0 0 0 0 0 0 0 0 0 0 0 0 0 0 0 0 0 0 0 0 0 0 0 0 0 0 0 0 0 0 0 0 0 0 0 0 0 0 0 0 0 0 8.261687146 0 0 0 0 0 0 0 0 0 0 0 0 0 0 0 0 0 0 0 0 0 0 0 0 0 0 0 0 0.004436047505 5.691897369 0 0 0 0 0 0 0 0 0 0 0 0 0 0 0 0 0 0 0 0 0 0 0 0 0 0 0 0 0 0 0 0 0 0 0 0 0 0 0 0 0 0 0 0 0 0 0 0 0 0 0 0 0 0 0 0 0 0 0 0 0.4438830152 0 0 0 0 0 0 0 0 0 0 0 0 0 0 0 0 0 0 0 0 0 0 0 0 0 0 0.08316961959 0.2604555234 
0 0 0 0 0.4534662067 0.2894166559 0 0 0 0 0 0 0 0 0 0 0 0 0.08528658557 0.3725782573 0 0 0 0 0 0 0 0 0 0 0 0 0 0 0 0 0 0 0 0 0 0 0 0 0 0 0 0 0 0 0 0 0 0 0 0 0 0 0 0 0 0 0 0 0 0 0 0 0 0 0 0 0 0 0 0 0.00438380853 0 0 0 0 0 0 0 0 0 5.872143657 0 0 0 0 7.160299926 0.3448821419 0 0 0 0 0 0 0 0.08380919367 0 0 0 0 0 0 1.653367442 0 0 0 0 0 0 0 0 0 0 0.06974682869 0 6.061952068 0 0 0 0 0 0 7.294310925 0 0 0 0 0 0 0 0 4.792977326 0 0 0 0 0 0 0 0 0 0 0 0.7728304285 2.604676391 0 0 0 0 0 0 0 0 0 0 8.850293591 0 0 0 0 0 0 0 0 0 0 0 0 0 0 0.02193586434 0 0.5158260822 0 0 0.6458133078 0 0 0.01875234634 0 0 0 0 0 0 0 0 0 0 0 0 0 0 0 0 0 0 0 0 0 0 0 0 0 0 0 0 0 0 0 0 0 0 0 0 0 0 0 0 0 0 0 0 0 0.3480863592 0.2650611727 0 0 0 0 0 0 0 0 0 0 0 0 0 0 0 0 0 0 0 0 0 0 0 0 0 
0 0 0 0 0 0 0 0.1842519914 0.5239976164 0 0 0 0 0 0 0 0 0 0 0 0 0 0 0 0 0 0 0 0 0 0 0 0 0 0 0 0 0 0 0 0 1.255156667 0 0 0 0 0 0 0 0 0 0 0 0 0 0 0 0 0 0 0 0 0 0 0 1.727682057 0 0 0 0.007189115458 0 0 0 0 0 0 0 0 0 0 0 0 0 0 0 0 0 0 0 0 0 0 0 0 0 0 0 0 0 0 0 0 0 7.929202296 0 0 0 0 0 0 0 0 0 0 0 0 0 0 0 0 0 0 0 0 0 0 0 0 0 0 0 0 0 0 1.535257814 0 0 9.017022374 0 0 0 0 0 0 0 0 0 0 0 0 0 0 0 0 0 0 0 0 0 0 6.005324898 0 0 0 0 0 0 0 0 0 0 0 0 0 0 1.132858089 0 0 0 0 0 0 0 0 0 0 0 0 0 0 0 0 0 0 0 0 0 0 0 0 0 0 0 0.1572495783 0 0 0 0 0 1.142660297 0 0 0.1188377043 0 0 0 0 0 0 0 0 0 0 0 0 0.003164368499 0 0 0 0 0 0 0 0 0 0 0.3879411039 0 0 0 0 0 0 0 0 0 0 0 0 0 0 0 0 0 0 0 
0 0 0 0.01440918948 0 0.1550320534 0 0 0 0 0 0 0 0 0 0 0 0 0 0.06332794913 0 0 4.587300488 0 0 0 0 0 0 0 0 0.7296822104 0 0 0 0 0 0 0 0 0 0 0 0 0 0 0 0 0 0 0 0 0 0 0 0 0 0 0 0 0 0 0 0 0 0 0 0 0 0 0 0 0 0 0 0 0 0 0 0 0 0 0 0 0 10.74711614 0 0 0 0 0 0 0 0 0 0 0 0 0 1.244893566 0 0 0 0 0 0 0 0 0 0 0 67.27230957 0 0 0 0 0 0 0 0 0 0 0 0 0 0 0 0 0 0 0 0 0 0 0 0 0 0 0 0 0 0 2.326298539 0 0 0 0 0 0 0 0 0 0 0 0 0 0 0 0 0 0 0 0 0 0 3.222976691 0 0 0 0 0 0 0 0 0 0 0 0 0 0 0 0 0 0 0 0 0 0 0 0 7.391523714 0 0.4268571846 0 0 0 0 0 0 2.937732836 0 0 0 0 0 0 0 0.3555906549 0 0 0 0 0 0 3.782517538 0 0 0 0 0 0 0 0 0 0 0.4855612049 0 0 0 0 0 0 0 0 0 0 0 0 0 0 0 0.4984231463 0 0 0 0 0 0 0 0 0 0 0 0 0 0 
0 0 0 0 0 0 0 0 0 0 0 0 0 0 0 0 0 0 0 0 0 0 1.41098823 0 0 0 0 0 0 0 0 0 0 0 0 0 0 0.7856173228 1.215791724 0.01831222641 0 0 0 0 0 0 0 0 0 0 0 0 0 0 0 0 0 0 0 0 0 0 0 0 0 0 0 0 0 0 0 0 0 27.39710977 0 0 0 0 0 0 4.369223785 0 0 0 0 0 0 0 0 0 0 67.44244561 0 0 0 0 0 8.736328232 0 0 0 0 0 0 0 0 0 0 0 0 0 0 0 0 7.625591067 0 0 0 0 0 0 0 0 0 0 0 0 0 0 2.322976306 0 0 0 0 12.50047133 0 0 0 0 0 0 0 0 0 0 0 0 0 0 0 0 0 0 0 6.681950984 0 9.663882948 0 0 0 0 4.949590356 0 0 0 0 0 0.02084389866 0 0 0 0 0 0 0 0 0 0 0.00127581271 0 0 0 0 0 0 0 0 0 0 0 0 0 0 0 0 0 0 0 0 0 0 0 0.3326179431 0 0 0 0 0 0 0 0 0 0 0 0 0 0 0 0 0 0 0 0 0.01272956675 0 0 0 0 0 0 0 0 0 0 0 0 0 0 0.3376062833 0 0 0 0 0 0 0 0 0 0 0 0 0 0 0 0 0 
0 0 0 0 0 0 0 0 0 0 0 0 0 0 0 0 0 1.725241418 0 0 0 0 0 0.0122539674 0 0 0 0 0 0 0 0 0 0 0 0 0 0 0 0.1712133729 0 0 0 0.4784642638 0 0 0 0 0 0 0 0 0 0 0 0 0 0 0 0 0 0 0 0 0 0 0 0 0 0 0.7483181951 0 0 0 0 0 0 3.016950887 0 0 0 0 0 0 0 0 0 0 0 0 0 0 0 0 0 3.113517788 0 0 0 0 0 0 0 0 0 0 7.080036272 0 0 0 0 0 0 120.2660622 0 0 0 0 15.63893494 13.67319687 0 0 0 0 0 0 0 0 0 0 0 0 0 0 0 0 0 0 0 0 0 0 0 0 0 0 0 0 0 0 0 0 0 0 0 0 0 0 0 0 0 0 0 0 0 0 0 0 0 0 0 0 0 4.598424334 0 0 0 0 0 0.3370633627 0 0 0 0 0 0 0 0 0 0 0 0.9472740648 0.01482572464 0 0 5.516314006 0 0 0 0 0 3.716643907 1.79229402 0 0 0 0 0 0 0 0 0 0 0 0 0 0 0 0 0 0 0 0 0 0 0 0 0 0 0 0 0 0.2348416583 0 0 0 0 0 0 0 0 0 0 0 0 0 0 0 0 0 0 0 0 0 0 0 
0 0 0 0 0 0 0 0 0 0 0 0 0 0 0 0 0 0 0 0 0 0 0 0 0 0 0 0 1.129644467 3.491613788 0 0 0 0 0 0 0 0 0 0 0 0 0 0 0 0 0 9.509654174 0 0 0 0 0 0 0 0 0 0 0 0 0 0 0 0 0 0 0 0 0 0 0 4.624072548 0 0 0 0 12.59208739 0 0 0 0 0 0 0 0 0 0 0 0 0 0 0 0 0 0 0 0 0 0 0 0 0 0 0 0 0 0 0 0 0 0 0 0 6.380140942 0 0 0 0 0 0 0 0 0 143.4084455 0 0.9133626991 0 4.401325408 0 0 0 0 0 0 0 0 0 0 0 0 0 0 0 12.67913124 0 0 0 0 0 0 0 0 0 8.747207331 0 0 3.175524754 0 0 0 0 0 12.30117688 0 0 0 0 0 0 0 0 0 0 0 0 0 0 0 0 0 4.076595417 0 0 0 0 0 0 0 0 0 0 0 0 0 0 0 1.116987654 0 0 0.07546977426 0 0 0 0 0.9670206097 0 0 0 0 0 0 0 0 0 0 0 0 0 0 0 0 0 0 0 0 0 0 0.01000686848 0 0 0 0.1246679393 0 0 0 0 0 0 0 0 0 0 0 0 0 0 0 0 0 0 0 0 0 0 0 0 
0 0.9782754012 0 0 0 0 0 0 0 0 0 2.448285014 1.621342218 0 0 0 0 0 0 0 0 0 0 0 0 0 0 0 0 0 0 0 0 0 0 0 0 0 0 0 0 0 0 0 0 0 0 0 0 0 0 0 0 0 0 0 0 0 0 0 0 0 0 0 0 0 0 0 0 0 0 0 0 0 0 0 0 0 0 0 0 0 0 0 0 7.103560804 0 0 0 0 0 0 0 0 0 0 0 0 0 0 0 0 0 0 0 0 0 0 0 0 0 0 0 0 0 0 0 0 0 0 0 0 0 0 0 0 0 0 0 8.053369464 4.83845033 0 0 11.5557072 0 0 0 0 0 0 0 0 0 0 0 0 0 0 0 0 0 0 0 0 0 0 0 0 0 0 0 0 0 0 0 0 0 0 0 6.188594 0 0 0 0 1.349967352 0 0 0 0 0 0 0 0 0 0 0 0 0 0 0 0 0 0 1.435549654 0 0 0 0 0 0 0 0 0 0 0 0 0 0 0 0 0 0 0 0 0 0 0 0 0 0 0 0 0 0 0 0 0 0 0 0 0 0.4106067132 0 0 0 0 0 0 0 0.4521201044 0 0 0 0 0 0 0 0.01897002933 0 0 0 0 0.4182994216 0 0 0 
0 0 0 0 0 0 0 0 0 0 0 0 0 1.622971582 0 0.001454660686 0 0 0 0 0 0 0 0 0 0 0 0 0 0 0 3.57951986 0 0 0 0 0 0 0 0 0 0 0 0 0.1442220636 0 1.094010359 0 1.517586753 0 0 7.466898027 0 0 0 0 0 0 0 0 0 0 0 0 0 0 0 0 0 0 0 0 0 0 0 0 0 0 0 0 0 0 0 0 0 0 0 0.6574772133 0 0 7.424819741 0 0 0 0 0 0 0 0 0 0 0 0 85.6208808 0 0 41.96622756 0 0 0 0.02785816662 0 0 0 0 0 0 0 20.21380217 0 0 0 0 0 0 0 0 0 0 0 0 0 0 0 22.27064823 0 22.6394115 0 0 0 0 0 0 0 0 0 3.343948222 0 0 0 0 0 0 0 0 0 0 0 0 0 0 0.9694308458 0 0 0 0 0 0 0 0.002615439711 0 0 0 0 0 0 0 0 0 0 0 0 0 0 0 0 0 0 0 0 0 0 0 0 0 0 0 0 1.055943397 0 0 0 0 0 0 0 0 0 0 0 0 0 0 0 0 0 0 0 0 0 0 0 0 1.249020061 0 0 0 0 1.29780838 1.45097711 0 0 0 0 0 0 0 0 0 0 1.015055709 0 0 0 0 0 0 0 0 0 0 0 0 0 0 0 
0 0 0 0 0 0 0 0 0 0 0 0 0 0 0 0 0.1650843122 0 0.5289920754 0 0 0 0 0 0 0 0.2710517129 0 0 0 0 0 0 0 0 0 0 0 0 0 0 0 0 0 0.5010352933 0.1188004146 0 0 0 0 0 0 0 0 0 0 0 0 0 3.054052604 0 0 0 0 0 0 0 0 0 0 0 0 0 0 0 0 0 0 0 0 15.41754853 0 0 0 0 0 0 0 0 0 0 0 0 0 0 0 0 0 0 0 0 0 0 0 0 0 0 0 0 0 0 0 0 0 0 0 0 0 0 0 0 0 0 0 0 0 0 0 0 0 0 0 0 0 0 0 0 0 0 0 0 0 0 0 0 0 9.362411584 0 0 0 0 0 0 0 0 0 0 0 0 0 0 0 0 0 0 0 0 0 0 0 0 0 0 0 0 0 0 0 0 0 0 0 6.101330533 0 0 0 0 0 0 0 0 0 0 0 0 0 0 0.4639319281 8.344511148 0 0 0 0 0 0 0 0 0 0 0 0 0 0 0 7.351146213 0.5285013291 0 0 0 0 0 0 0 0 2.344346247 0 0 0 0 0 0 0 0 0 0 0 0 0 0 0 0 0 0 0 0 0 0 0 0 0 0 0 0 0 0 0 
0 0 0 0 0 0 0 0 0 0 0 0 0 0 0 0 0 0 0 0.0928124325 0.172633458 0 0 0 0 0 0 0 0 0 0 0 0 0 0 0 0 0 0 0 0 0 0.4077028326 0 0 0.1240266714 0 0 1.071239889 0 0 0 0 0 0 6.858140132 0 0 0 0 0 0 0 0 0 0.4573986526 0 0 0 0 0 0 0 0 0 0 0 0 0 0 0 0 0 0 0 0 0 0 7.296124274 0 0 0 0 0 0 0 0 0 0 0 0 5.052969956 0 0 0 0 0 0 0 0 0 0 0 0 0 0 0 0 0 0 0 0 0 0 0 0 0 0 0 0 0 0.9201927629 0 0 0 0 0 0 0 0 0 0 0 0 0 0 0.7133445221 0 0 15.65960663 8.482807467 0 0 0 0 0 0 0 180.0079982 0 0 0 0 0.004192660225 0 0 0 0 0 0 0 0 0 0 0 0 0 0 0 0 0 0 0 0 0 0 0 0 0 0 0 0.007857388082 0 0 0 0 0 0 0 0 0 0 0 0 0 0 0 0 0 0 0 0 0 0 0 1.001696296 0 0 0 5.555529263 0 0 0 0 0 0 0 0 0 0 0 0 0 0 0 0 0 0 0 0 0 0 0 0 0 0 0 0 0.1656872958 0 0 0 0 0 0 0 
0 0 0 0 0 0 0 4.691163103 0 0 0 0 0.353202831 0 0 0 0 0 0 0 0 0 0 0 0 0 0 0 0 0 0 0 0 0 0 0 0 0 0 0 0 0 0 0 0 0 0 0 0 0 0 0 0 0 0 0 0 0 0 0 0 0 0 0 0.01177712405 0 0 0 0 7.157203297 0 0 0 0 0 0.8510523295 0 0 0 0 0 0 0 0 0 0 0 0 0 0 0 0 0 0 0 0 0 0 0 0 7.377132841 0 0 0 0 0 0 0 4.458435481 0 0 36.62922278 0 0 0 0 0 8.462783337 0 0 0 0 0 0 0 56.12846002 0 0 0 0 0 0 0 0 311.7186643 0 0 0 0 0 0 0 0 122.7128704 0 0 0 0 0 0 0 0 0 0 0 0 0 0 0 0 0 0 0 0 0 0 0 0 0 0 0 0 0 6.170276502 9.665528171 0 0 0 0 0 0 0 0 0 0 0 0 0 0 0 0 0 0 0 0 0 0 0 0 3.718466255 0 0.67215195 0 0 0 0 0 0 0 0 0 0 0 0 0 0 3.981066426 0.7215305075 0 0 0 0 0 0 0 0 0 0 0 0.02298593345 0 0 0 0 0 0 0 0 0 0 0.8724950466 0 0 0 0 0 0 0 0 0 0 0 0 0 0 0 
0 0 0 0 0 0 0 0 0 0 0 0 0 0 0 0 0 0 0 0 0 0 0 0 0 0 0 0 0 0 0 0 0.8694183146 0 0 0 0 0 0 0 0 0 0 0 0 0 0 0 0 0 0 0 0 0 0 0 0 0 0 0 0 5.214259872 0 0 0 0 0 0 0 0 5.761251544 3.673115883 0 0 0 0 0 0 0 0 0 0 0 0 0 0 0 0 0 0 0 0 0 0 0 0 0 216.5954597 151.6904958 0 0 0 0 0 0 0 0 0 0 0 0 0 0 0 0 0.3611948246 0 0 0 0 0 0 0 0 0 0 0 159.9408711 0 0 0 0 0 0 0 0 0 0 0 0 0 0 108.1443005 0 0 0 0 0 0 0 0 0 0 0 8.057004812 0 0 0 0 0 0 0 0 0 29.8602405 0 0 0 0 3.24937542 0 0 0 0 0 0 2.238267446 0 0 5.954163587 0 0 0 0 0 0 0 0 0 0 0 0 0 0 0 0 3.973522557 0 0 0 0 7.430911839 0 0 0 0 0 0 0 0 0 0 0 0 1.099864083 0 0 0 3.986374868 0 0 0 0 0 0 0 0 0 0 0 0 0 0 0 0 0 0 0 0.2431209641 0 0 0 0 0 0 0 0 0 0 0 0 0 0 0.4310801861 0 0 
0 0 0 0 0 0 0 0 0 0.03781973253 0 0 0 0 0 0 0 0 0 0 0 6.067597387 0 1.316438181 0 0 0 0 1.583147577 0 0 0 0 0 0 0 0 0 0 0.2634330938 0 0 0 0 0 0 0 0 0 0 0 0 0 0 0 0 0 0 0 0 0 0 0 0 0 0 0 0 0 0 0 0 20.08210555 0 0 0 5.637200169 0 0 0 0 0 0 0 0 0 0 0 0 0 0 9.965107931 0 0 0 0 0 197.5517172 0 27.41095772 0 0 0 0 0 0 0 0 59.35513213 0 0 0 0 0 0 0 0 0 0 0 0 0 0 0 0 0 0 0 0 0 0 0 0 0 51.5652632 0 0 0 0 0 0 0 0 0 0 0 0 0 0 0 0 0 1.14037434 0 10.4042103 0 0.8577089007 0 0 70.20685499 0 0 0 0 0 0 0 0 0 0 0 0 0 0 0 0 0 0 0 0 0 0 0 0 0 0 0.03320428071 0 0 0 0 0 0 0 0 0 0 0 3.27482672 0 0 0 0 0 0 0 0 0 0 0 0 0 0 0 0 0 0 0 0 0 0 0 0 0 0 0 0 0 0 0 0 0 0 0 0 0 0 0 0 0 0 0 0 0 0 0 0.2807721563 1.381399044 0 0 0 0 0 0 0 0 
0 0.4510084859 0 0 0 0 0 0 0 0 0 0 0 0 0 0 0 0 0 0 0 0 0 0 0 0 0 0 0 0 0 6.491217942 0 0 0 0 0 0 0 0 0 0 0 0 0 0 0 1.275956453 0 0 0 0 0 0 0 0 0 0 0 0 0 0 0 0 0 0 0 0 0 0 0 1.380585078 0 0 0 0 0 0 0 0 0 0 0 0 0 0 0 0 0 0 0 0 0 0 0 0 0 2.389499731 0 0 0 0 0 0 0 0 0 0 0 0 0 0 0 0 0 0 0 0 0 0 0 0 0 0 0 88.59083375 0 0 0 0 0.008230980286 0 0 0 0 0 0 0 0 0 0 0 0 0.5532206325 0 0 0 0 0 0 0 0 0 0 0 0 0 0 0 0 0 4.920789082 0 0 151.9282599 0 0 0 0 0 0 0 0 0 0 0 0 0 0 0 0 0 0 0 0 0 0 0 0 5.252218892 0 0 0 0 0 0 0 0 0 5.902679082 0 0 0.6103477353 0 0 0 0 0 0 0 0 0 0 0 0 0 0 0 0 1.420957398 0 0 0 0 0 0 0 0 0 0 0 0 0 0 0 0 0 0 0 0 0 0 0 0 0 0 0 0 0.4513564226 0 0 0 0 1.276224754 0 0 
0.4363598824 0 0 0 0 0 1.657884922 0 0 0 0 0 0 0 0 0 0 0 0 0 0 0 0 0 0 0 0 0 0 0 0 0 0 0 0 0 0 1.453975512 0 0 0 0 0 0 0 0 0 0 6.284416138 0 0 0 0 0 0 0 0 0 0.9686706126 0 2.292668728 0 0 0 0 0 0 0 0 0 0 0 21.65388354 0 0 0 0 0 0 0 7.636286033 0 0 0 0 0 0 0 0 0 0 0 0 0 0 0 0 0 0 0 0 0 0 0 0 3.518483172 0 0 0 0 0 0 0 0 0 0 0 0 0 0 0 0 0 0 0 0 0 0 0 0 0 0 0 0 0 0 0 159.8522847 0 0 0 0 0 4.727125596 0 0 0 81.0239396 0 0 0 0 0 0 0 0 0 0 0 0 0 0 55.82540013 0 0 0 0 0 0 0 0 0 0 0 0 0 0 0 0 0 0 0 0 0 0 5.618019056 0 0 0 0 0 0 0 0 0 8.468013171 0 0 0 0 0 0 0 0 0 0 0 0 1.020704547 0 0 0 0 0 0 0 0 0 0 0 0.09828653117 0 0 0 0 0 0 0 0 0 0 0 0 0 0 0 0 0 0 0 0 0 0 0 0 0 0 0 0 0.2494758755 0 0.04991948761 0 0.2997860036 0 0 
0 0 0 0 0 0 0 0 0 0 0 0.1502737319 0 0 0 0 0 0 0 0 0 0 0 0 0 0 0 0.9520252974 0 0 0 0 1.955557427 0 0 0 0 0 0 0 0 0 0 0 0 0 0 0 0 0 0 0 0 0 0 0 0 0 0 0 0 0 0 0 0 0 0 0 0 0 0 7.429404609 0 0 0 0 0 0 0 0 0 0 0 0 0 0 0 0 0 0 0 0 0 0 0 0 0 126.3251129 0 0 0 0 0 0 0 0 0 0 0 0 0 0 0 0 0 0 0 0 0 0 0 0 0 0 0 0 0 0 0 0 0 0 0 148.7579903 0 0 242.1626089 0 0 0 0 0 0 0 0 0 85.13068975 18.29522859 0 0 0 0 0 0 0 0 0 0 0 0 0 0 0 0 0.6620855813 0 0 0 0 0 0 4.040417643 0 0 0 0 0 0 0 4.587537765 0 0 0 0 0 0 0 0 0 0 0 0 0 2.437439991 3.243343577 9.496568302 0 0 0 0 0 0 0 0 0 0 0 0 0 0 0 0 0 0 0 0 0 0 0 0 0 0 0 0 0 0 0 0 0 0 0 0 0 0 0 0 0 0 0 0 0 0 0 0.3824882384 0 0 0 0 0 0 0 0 0 0 0 0 
0 0 0 1.101109196 0 0.9940567658 0 0 0 0 0 0 0 0 0 0 0 0 0 0 0 0 0 0 0 0 0 0 0 0 2.143208434 0 0 0 0 0 0 0 0 0 0 0 0 0 0 0 0 0 0 0 0 0 0 0 0 1.027489518 0 0 1.653500303 0 0 0 0 0 0 0 0 0 0 0 0 4.194700212 0 0 0 0 0 6.702924049 0 0 0 0 0 0 2.197483126 0 0 0 0 0 0 0 0 0 0 0 9.855321021 0 0 34.33769412 0 0 0 0 0 0 0 0 0 0 0 0 0 0 0 0 0 0 0 0 0 0 0 0 0 0 0 0 0 206.3210968 0 199.1553865 0 0 0 0 0 0 0 0 0 0 0 0 100.872698 0 5.107214728 0 0 0 0 0 0 0 10.41851322 0 0 0 0 0 0 0 0 0 0 0 0 0 0 0 0 0 0 0 0 0 0 0 0 0 0 0 0 0 0 0 0 0 0 0 0 0 4.423733745 0 0 0 0 0 0 0 0 0 0 0 0 0 0 0 0 0 0 0 0 0 0 0 0 0 0 2.160655607 0 0 0 0 0 0 0 0 0 0 0 0 0 0 0 0 0.02155145173 0 0 0 0 0 0 0 0.3491310099 0 0 0 0 0 0 0 0 0 0 0 
0 0 5.523710589 0 0 0 0.3951954684 0 0 0 0 0 0 0 0 0 0 0 0 0 0 0 0 0 0 0 0 0 0 0.0001290578978 0 0 0 1.224406034 0 0 0 6.710581633 0 0 0 0 0 0 0 0 0 0 0 0 0 0 0 6.478536205 0 0 0 0 0 0 0 0 0 0 0 0 0 0 0 0 0 0 0 0 3.194256897 0 0 0 0 0 0 0 0 0 0 0 16.64982217 0 187.5318331 0 0 0 0 0 0 0 0 0 0 0 0 0 0 0 0 0 0 0 0 0 0 12.47424696 0 0 0 0 0 0 0 0 0 0 0 0 0 60.20615397 0 0 0 0 0 0 0 0 0 0 0 0 0 0 0 0 0 0 0 0 0 0 0 0 0 0 0 0 0 0 0 0 0 0 0 71.54734578 0 0 0 0 0 0 0 0 0 0 0 0 0 0 0 0 0 0 0 0 0 0 0 0 0 0 0 0 0 0 0 0 0 1.297460787 0 0 0 0 0 0 0 8.60915289 0 0 0 0 0 9.34068186 0 0 0 0 0 1.717557285 0 0 0 0 0 0 0 0 2.290689416 0 0.4379716443 0 0.985442942 0 0 0 0 0 0 0 0 0 7.125999933e-05 0 0 0 0 0 0 0 0 0 0 0 0 0 0 0 0 0 
0 0 0 0 0 0 0 0 0 0 0 0 0 0 0 0 0 0 0 0 0 0 0 0 0 0 0 0 0 0 0 0 0 0 0 0 0 0 0 0 0 0 0 8.436677507 0 0 0 0 0 0 0 0 0 0 0 0 0 0 0 0 0 0 0 0 0 0 0 0 0 0 0 0 0 0 0 0 0 0 0 0 0 0 0 0 0 0 0 0 0 0 0 0 0 0 0 0 0 0 0 0 0 0 0 0 0 0 0 0 0 0 0 0 0 37.48633632 0 0 0 0 0 0 0 51.93265851 0 0 0 0 0 0 0 0 0 0 0 0 0 0 0 0 2.926450242 0 0 0 9.034537922 0 0 0 0 0 0 0 0 0 0 0 0 0 0 0 0 0 0 0 6.125064049 0 0 0 0 0 0 0 0 0 0 0 5.786744334 7.36886705 8.979428701 0 0 0 24.46632488 0 0 0 0 0 0 0 0 7.590138905 1.470406279 0 0 0 0 0 0 0 0 0 0 0 0 0 0 0 0 0 0 0 0 0 0 0 0 0 0 0 0 0 0 0 4.746489087 0 0 0 0 0 0 0 0 0 0 0 0 0 0 0 0.1841097681 0 0 0 0 0 0 0 0 0.9240748243 0 0 0 0 0 0 0 0.2983696918 
0 0 0 0.2534294974 0 0 0 0 0 1.870160891 0 0.2364010683 0 0 0 0 0 1.538290373 0 0 0.5176593348 0 0 0 0 0 0 0 0 0 0 0 4.101988483 0 0 0 0 0 0 0 0 0 0 0 0 0 0 0 0 0 0 0 0 0 0 0 0 0 0 0.03239708204 0 0 0 0 0 0 0 0.3393955946 0 0 0.06446673656 0 0 0 0 0 0 0 0 0 0 0 0 0 0 0 0 15.92086875 0 0 0 0 0 0 0 0 0 0 0 0 182.4097971 0 0 0 0 0 0 0 0 0 0 4.054880905 63.04560217 0 0 0 0 330.9254133 0 0 0 0 0 0 157.8348996 301.1396839 0 0 0 0 0 0 0 0 0 0 0 0 0 0 0 0 0 0 0 0 0 0 0 0 0 0 0 0 0 0 0 0 0 0 0 0 0 0 0 0 0 0 0 0 0 0 0 0 0 0 0 0 0 0 0 0 0 0 0 0 0 0 0 0 0 0 0 5.681417008 0 0 0 0 0 0 0 0 0 0 0 0 0 0 0 0 0 0 7.369923779 0 0 0 0 6.438343985e-05 0 0 0 0 0 0 0 0 0 0 0 0 0 0 0 0.01862130425 0 0 0 0 0 0 0.056253454 0 0.1923764975 0 0 0 0 0 0 0 0 0 0 0 0 0 
0.133300886 0 0 0 0 0 0 0 0 0 0 0 0 0 0 0 0 0 0 0 0 0 0 0.03643718301 0 0 0 0 0 0 0.2626054685 0 0 0 0.07930672389 1.030837411 9.819855193 0 0 0 0 0 0 0 0 0 0 0 0 0 0 0 0 0 0 0 0 0 0 0 0 7.481639981 0 0 0 0 7.852069011 0 0 0 0 0 0 0 1.076245997 0 0 0 0 0 0 0 0 170.543434 0 0 0 0 0 151.0399809 0 0 0 0 0 0 0 0 0 0 0 0 0 0 0 0 0 0 0 0 0 0 0 0 0 0 0 0 0 0 0 0 0 0 0 0 0 0 0 0 0 0 0 0 0 0 0 0 0 0 0 0 0 0 0 0 92.22139484 0 0 0 0 0 0 0 0 0 0 0 0 0 0 0 0 0 0 0 0 0 0 0 0 0 0 0 0 0 0 0 0 0 0 0 0 0 7.36150032 0 0 0 0 0 0 0 0 0 0 0 0 0 0 0 0 0 0 0 7.918350075 0 0 0 0 1.148123504 0 0.2360841424 0 0 0 0 0 0 0 0 0 0 0 0 0 0 0 0 1.557890799 0 0 0 0.4406696404 0 0 0 0 4.005747759 0 0 0 0 0 0 0 0 0 0 0 0 0 0 0.02988053767 0 0 0 
0 0.04697033794 0 0 0 0 0 0 0 0 0 0 0 0 0 0 0 0 0 0 0 0 0 0 0 0 0 0 0 0 0 0 0 0 0 3.662809759 0 0 0 0 0 0 0 0 0 1.273265115e-05 0 0 0 0 0.02525674402 0 0 0 0 0 0 0 0 0 0 0 0 0 0 0 0 0 0 0 0 0 0 0 0 0 0 0 0 0 0 0 0 0 0 0 0 0 0 0 0 0 0 0 0 0 0 0 0 0 0 0 0.005285089107 0 0 0 0 0 0 0 0 0 0 0 0 0 0 0 0 0 0 0 0 0 0 0 0 0 0 0 0 0 0 0 0 0 0 0 0 0 0 0 0 0 0 0 0 0 0 0 0 10.76035873 0 0 0 0 0 0 246.6419337 0 0 0 0 0 0 0 0 0 0 0 0 0 0 0 0 0.9140002769 0 0 0 0 52.64212122 0 0 0 0 0 0 0 0 0 0 0 0 0 2.097688822 0 0 0 0 0 0 0 8.460968287 0.02676520714 0 0 0 0 9.619997942 0 0.310235329 8.230679253 0 0 0 0.1831626254 0 0 0 0 0 0 0 0 0 0 0 0 0 0 0 0 0 0 0 0 0 0 0 0 0 0 0 0 0 0 0 0 0 0 0 0 0 0 0 0 
0 0 0.0006589323426 0 0 0 0 0 0 0 0 0 0 1.560290569 0 0 0 0 0 0 0 0 0 0 0 0 0 0 0 0 0 0 0 0 0 0 0 0 0 0.5377797439 0 0 0 0 0 0 5.012473466 0 0 0 0 0 0 0 0 0 0 0 0 0 0 0 0 0 0 0 0 0 0 0 0 0 0 0 0 0 0 0 0 0 0 0 0 0 0 0 0 0 0 0 177.8984759 0 0 0 0 0 0 0 5.935288554 0 0 0 0 0 0 0 0 0 0 0 0 0 0 0 0 0 0 0 0 0 0 0 0 0 0 0 0 0 0 0 0 0 0 0 376.6565842 0 0 0 0 0 0 0 0 0 0 0 0 0 0 0 0 0 0 0 0 0 0 0 0 0 0 1.475049052 0 123.8788227 0 172.3753519 0 0 0 0 0 0 0 0 0 0 0 0 0 0 0 0 0 0 0 2.464420259 0 0 0 0 0 0 0 0 8.823532962 0 1.564751345 0 0 0 3.131832802 0 0 0 0 0 0 0 0 0 0 0 0 0 0 0 0 0 0 0 0 0 0 0 0 5.435370093 0 0 0 0 0 0 0 0 0 0 0 0 0 0 0 0 0 0 0.01226633318 0 0.3726675941 0 0 0 0 0 0 0 0 0 
0 0 0 0 0 0 0 0 0 0 0 0 0 0.3598098079 0 0 0 0 0 0 0 0.7898453843 0 0 0 0 0 0 0 0 0 0 0.4815234644 0 0 9.394303865 0 0 0 0 0 0 0 0 0 0 0 0 0 0 0 1.576967372 0 0 0 0 0 0 0 0 5.011914021 0 0 0 0 0 0 0 0 0 0 0 0 0 26.49496434 0 0 0 59.07575229 0 0 0 0 0 0 0 0 0 0 0 0 0 0 0 0 0 0 0 0 0 0 0 0 0 0 0 0 0 0 0 15.39524944 41.03536794 0 0 0 0 0 0 0 0 0 0 0 0 0 0 0 0 0 0 0 583.1990554 0 0 0 0 0 0 0 0 0 0 0 0 0 0 0 0 0 0 0 0 0 0 0 0 0 0 0 0 0 0 0 0 0 0 0 0 0 0 0 0 0 0 0 0 1.623155808 0 0 0 0.06946626647 0 0 0 0 0 5.363971102 0 5.246469178 0 0 0 0 0 0 0 0 0 0 0 0 0 0 7.354747158 0 0 0 0 0 0 0 0 0 0 0 0 0 0 1.775222872 0 0 0 0 0 0 0 0 0 0 0 0 0 0 0 0 0 6.281557759 0 0 0 0 0 0 0 0 0 0 0 0 0 0 0 0 0 0 0 
0 0 0 0 0 0 0 0 0 0.1274104967 0 0 0 0 0 0 0 0.2096995995 0.9117569028 0 0 0 0 0 1.601708538 0 0 0 0 1.906938171 0 0 0 0 0 0 0 0 0 0 0 0 0 0 0.1516153026 0 0 0 0 0.5679937061 0 0 0 22.91360139 0 0 0 0 0 0 0 0 0 0 0 0 3.259865952 0 0 0 0 8.988825492 0 0 0 0 0 0 0 0 0 0 2.848447716 0 0 0 0 0 0 0 0 0 0 0 0 234.9372488 0 0 0 0 0 0 0 0 0 189.5979118 0 19.34681479 0 0 0 0 0 0 0 0 0 0 0 0 0 0 0 225.6226242 0 0 0 0 0 0 0 0 0 0 0 120.3182017 0 0 0 0 0 0 0 0 0 0 0 35.1915814 0 0 0 0 0 0 0 0 0 0 0 0 0.01693923687 0 0 0 0 0 0 0 0 0 0 0 0 0 0 0 0 10.14905248 0 0 0.2466298272 0 0 0 0 0 0 0 0 0 0 0 0 0 0 0 0 0 0 0 0 0.444179479 0 0 0 0 0 3.78413422 0 0 0 0 0 0 0 0 0 0 0 0 0 0 0 0 0 0 0 0 0 0 0 0 0 0 0 0 0 0 0 0 0 0 0 0 0 0.4548832632 0 0 0 0 0 0 0 0 0 0 
0 0 0 0 0 0 0 0 0 0 0 0 0 0 0 0 0 0 0 0 0 0 0 0 0 0 0 0 0 0 0 0 0.821601286 0 0 0 0 0 0 0 0 0 0 0 0 0 0 0.7818151435 0 0.2143464259 0 0 0 0 0 0 0 0 0 0 0 0 0 0 0 0 0 0 0 0 0 0 0 0 0 0 0 0 0 0 0 0 2.858104251 0 0 0 1.162595521 0 0 3.19404059 0 0 0.3455295654 0 0 0 0 0 0 0 0 0 0 0 0 0 0 0 0 0 24.31323884 390.7285329 0 0 333.5372208 0 0 0 0 0 0 0 0 0 0 0 0 0 0 0 0 0 0 0 0 0 0 0 0 0 0 0 0 0 138.6218357 203.4536839 0 0 0 0 0 0 0 0 0 0 0 0 0 0 0 0 0 0 0 0 72.80437022 0 0 0 0 0 0 0 86.96265992 0 0 6.224379645 0 0 0 0 0 0 0 0 0 0 0 0 80.56627516 0 0 0 0 0 0 0 0 0 0 0 0 0 0 0 0 0 0 0 0 0.009541993723 0 0 0 0 0 0 0 0 0 0 0 0 0 0 0 0 0 0 0 0 0 0 0 0 0.8879112711 0 0 0 0 0 0 0 0 0 0 0 0 0 0 0 0 0 1.056335802 0 
0 0 3.485414435 0 0 0 0 0 0 0 0 0 0 0 0 0 0.3446763296 0 0 0 0 0 0 0 1.658340178 0 0 0 0 0 0 1.52271626 0 0 0 0 0 0 0 0 0 0 0 0 0 0.1210058573 0 0 0 0 0 0 0 0 0 0 0 0 0 0 0 0 0 0 0 0 0 0 0 0 0 0 0 0 0 0 0 7.303840408 0 0 4.762505403 0 0 0 0 0 0 1.78042896 0 0 0 0 0 0 0 0 0 0 60.97101673 0 0 0 18.23003101 0 0 0 0 0 0 0 0 0 0 0 0 0 0 0 0 0 0 0 110.5412366 0 0 0 0 0 0 0 0 0 0 0 0 0 361.7733376 0 0 0 0 0 0 0 0 0 0 0 0 0 0 0 0 0 0 0 0 0 0 0 0 0 0 0 0 0 0 0 0 0 0 0 0 0 0 0 8.457989738 0 0 0 0 0 0.6843610093 0 0 0 0 0 0 0 0 0 0 0 0 0 0 0 0 0 1.510119062 0 0 0 0 0 1.205044182 0 0 0 0 0 0.6026358535 0 0.03779313923 0 0 0 0 0.007005545531 0 0 0 0 0 0 0 0 0 0 0 0 0 0 0 0 3.456542559 0 0 0 0 0 0 0 0 0 0 0 0 0 0 0 0 0 1.375752998 0 
0 0.7202325353 0 0.5578893473 0 0 0 0 0 0 1.797850947 5.020261811 0 0.9087041555 0 0 0.6755723777 0 0 0 0 0 0 0 0 0 0 0 0 5.308410082 0 0 0 0 0 0 0 0.01700967066 0 0 0 0 0 0 0 0 0 1.329378818 0 0 0 0 0 0 0 0 0 0 0 0 0 0 0 6.98894754 0 1.399908087 0 0 0 0 210.8571032 0 0 0 0 0 0 0 0 0 0 0 0 0 0 0 0 0 0 0 0 5.223410452 0 0 125.3936297 0 0 0 0 0 0 0 0 0 18.13515798 0 0 0 0 758.7591103 0 0 0 0 0 0 0 0 0 0 0 0 0 989.5768338 0 0 0 0 0 817.3816348 0 0 0 0 0 0 0 0 0 0 0 0 791.1186088 0 0 0 0 0 117.1544498 293.786559 0 0 0 0 0 0 0 0 0 0 376.6336379 2.03882467 0 0 0 0 0 0 5.9074625 0 0 0 5.450368251 0 0 5.505343361 0 0 0 0 0 0 0 0 0 0 0 0 0 0 0 0 0 2.8506652 0 0 0 0 0 0 0 0 0 0 0 0 0 0 0 0 0 0 0 0 0 0 0 0 0 0 1.517736538 0 0 0 0 0 0 0 0 0 0 0.01000226678 0 0 0 0 0 0 0 0 0 0 0 0 0.2681464854 0 0 0 0 0 0 6.734998268 2.42687986 0 0 0 
0 0 0 6.673148011 0 0 0 0 0 0 0 0 0 0 0 0 0.1229966276 0 0 0 0 0 0 0 0 0 0 0 0 0 0 0 0 0 0 0 0 0 0 0 0 0 0 0 0 0 0 0 0 0 0 0 0 0 2.648301625 0 3.416198379 0 0 0 0 0 4.353516091 0 0 0 0 0 0 0 0 0.6840002849 0 0 0 0 0 0 0 0 0 6.57111789 0 0 0 0 0 0 0 0 0 0 0 0 0 154.3546861 0 0 0 52.30464368 0 0 0 0 0 0 0 0 0 0 0 2.768209715 0 0 0 0 0 681.561948 0 0 0 0 0 0 267.0509838 0 0 0 0 0 0 0 0 0 0 345.0995192 0 0 0 0 0 617.1506313 0 0 0 12.85610497 0 0 0 0 0 0 0 0 457.4646963 0 0 0 0 0 0 0 0 0 0 0 0 0 0 0 0 0 0 0 0 0 0 0 0 0 0 7.599455282 0 0 0 0 0 0 0 0 0 0 0 0 0 0.4895053718 0 0 0 0 0 0 0 15.25755149 0 0 0 0 0 0 0 0 0 0 0 0 0 0 0 0 0 0 0 0 0 0 0 0 0 0.6182029806 0 0 0 0 0 0 0 0 0.2019301383 0 0 0 0 0 0 0 0.3244562187 0 0 0 0 0 0 0 0 0 
0 0 0 0 0 0 0 0 0 0 0 0 0 0 0 0 0 0 0 0 0 0 0 0 0 0 0 0 0 0 0 0 0 0 0 0 0 0 0 0.477670582 0 0 0 0 0 0 2.524114158 0 0 0 0 0 0 0 0 0 0 0 0 2.492700736 0 0 0 0 0 0 0 0 0 0 0 0 0 0 0 0 0 0 0 0 0 0 0 0 0 0 0 0 0 0 0 0 0 0 0 0 0 0 0 0 0 62.63432097 0 0 0 438.0260617 0 513.9946322 0 0 0 0 0 0 0 0 162.2915719 0 0 146.6477566 0 0 0 0 0 253.5855491 0 0 0 0 665.2777434 0 0 0 0 0 0 0 0 0 0 0 0 0 0 0 0 0 0 815.5866316 0 0 0 0 0 0 0 0 0 0 0 0 0 0 0 0 0 0 0 0 0 0 0 0 0 0 0 0 0 0 0 0 0 0 0 0 0 0 0 0 0 0 0 0 0 0 0 0 0 0 0 0 0 0 0 0 0 0 0 0 0 0 0 0 0 0 0 0 0.02876921746 0 0 0 0 0 0 0 0 0 0 0 0 0 0 0 0 0 0 0 0 0 0 0 0 0 0.6034601089 0 0 0 0 0 0 0 0 0 0 6.406621751 
0 0 0 0 0 0 0 0 0 0 0 0 0 0 0 0 0 0 0 0 0 0 0 0 6.065216968 0 0 0 0 0 1.118614787 0 0 1.320854134 0 0 0 0 0 0 0 0 0 0 0 0 0 0 0 0 0 0 0 0 0 0 2.43338302 0 0 0 4.593598229 0 0 0 0 0 0 0 0 0 0 0 0 0 3.531636634 0 0 0 0 0 0 0 0 0 0 0 0 0 0 0 0 0 0 0 0 0 0 0 0 0 0 0 0 0 0 0 0 0 0 0 0 0 371.8769998 0 0 0 0 748.869865 0 0 0 0 0 0 0 0 0 0 0 0 0 0 0 0 0 0 0 0 0 0 0 0 0 0 0 0 0 0 0 0 0 0 437.9339103 0 0 0 0 0 0 0 0 0 0 0 0 0 0 0 0 0 0 0 0 30.46273861 0 0 0 0 3.239511752 0 0 0 0 0.07685131548 0 0 0 135.7564673 0 0 0 0 0 0 0 0 0 0 4.565897727 0 0 0 0 0 0 0 0 0 0 0 0 0 0 0 0 0 0 0 0 0 0 0 0 0 0 5.284692061 0 0 0.4485837427 0 0 0 0 2.190811024 0 0.1021473761 0 0 0 0 0 0 0 0 0 0 0.4570260793 0 0 0 0 0 0 0 0 0 
0 0 0 0 0 0 0 0 0 0 1.622001529 0 0 0 0 1.543451409 0 0 0.09862882242 0 0 0 0 0 0 0 0 0 0 0 0 0 1.263842159 0 0 0 0 0 0 0 0 0 0 0 0 0 0 0 0 0 0 0 2.382959811 0 0 0 0 0 0 0.7154426725 0 0 0 0 0 0 0 0 0 0 0 0 0 0 0 0 0 0 0 0 0 0 0 0 0 0 0 0 0 0 0 0 0 0 0 497.8268726 0 93.50379024 0 0 0 0 0 0 0 0 0 0 0 0 0 0 0 0 0 0 0 0 0 0 786.5379717 0 537.179197 0 0 0 0 0 0 0 0 0 0 0 0 0 0 0 0 0 0 0 0 195.4978162 0 0 0 0 0 0 0 0 0 0 0 351.2201098 0 0 515.3800078 0 0 0 0 0 0 0 0 0 0 0 0 0 0 0 0 0 0 0 0 0 0 0 0.2258775981 0 0 0 0 0 0 0 0 0 5.06904739 0 0 0 0 0 0 0.05967708695 0 0 0 0 0 0 0 0 0 0 0 0 0 0 0 0.4487872072 0 0 0 0 0 0 0 0 0 0 0.6560050405 0 1.908531184 0 0 0 0 0 0 0 0 0 0 0 0 0 0 0 0 0 0 0 0 0 0 0 0 0 0 0 
0 0 0 0 0.01745152788 0 0 0 0 0 0 0 0 0 0 0 0 0 0 0 1.446422695 0 0 0 0 0 0 0 0 0 0 0 0 0 0 0 0 0 1.49454007 0 0 0 0 0 0 0 0 0 0 0 0 0 0 0 0 0 0 0 0 0 0 0 0 0 0 0 0 0 0 0 0 0 0 0 0 0 0 0 0 0 0 0 0 0 0.07058500497 0 0 51.4251168 0 0 0 0 0 0 0 4.480179073 0 0 0 0 0 247.2315643 0 0 0 0 0 0 0 0 0 0 0 0 0 0 0 0 0 0 0 0 0 0 0 959.2411581 0 0 0 0 0 0 0 0 0 0 0 0 0 0 0 0 0 703.0721437 0 0 0 0 98.62474512 298.871255 0 0 0 0 0 0 0 0 0 0 0 0 0 0 0 0 0 0 0 0 0 0 0 0 0 0 0 0 0 0 0 0 61.09058809 0 0 0 0 0 0 0 0 0 0 0 0 0 0 0 0 0 0 0 0 0 0 0 0 0 0 2.160784335 0 0 0 0 0 0 0 0 0 0 0 0 0 0 0 0 0 0 0 0 0 0 0 0 0 0 0 0 0 0 0 0 0 0 0 0.1714744686 0 0 4.619697516 0 0 0 0 0 0 0 
0 0 0 0 0 0 0 0 0.6598383284 0 0 0 0 0 0 0 0 0 0 0.2906570893 0 0 0 0 0 0 0.07168508993 0 0 0 0 0.05649838168 0 0 0 0 0 0 0 0 0 0 0 0 0 0 0 0 3.822745526 0 0 0.00590302193 0 0 0 0.7832345994 0 0 0 1.106438114 0 0 0 0 0 0 0 0 8.285194203 0 0 0 0 0 0 0 0 0 0 0 0 0 0 0 0 0 0 0 0 0 0 0 0 0 0 0 0 0 0 0 0 0 636.0056179 0 0 0 0 0 0 0 0 244.9994512 0 0 0 0 0 0 0 0 0 0 871.0588847 0 0 0 0 0 0 0 0 0 0 0 0 0 0 0 0 0 0 0 0 0 0 0 381.4512854 0 0 0 0 0 0 0 0 0 0 0 0 0 0 0 0 0 0 0 0 0 0 0 0 0 0 0 0 0 0 0 0 0 0 0 0 0 0 0 0 0 0 0 0 0 0 4.538865905 0 0 0 0 0 0 0 0 0 0 0 0 0 0 0 0 0 0 0 0 0 0 0 0 0 0 0 0 0 0 0 0 0 0 0 0 0 0 0 0 0 0.1285770774 0 0 0 0 0 0 0 0 0 0 0 0 0 0 0 0 0 0 0 0 
0 0 0 0 0 0 0 0 0 0 0 0 0 0 0 0 0 0.8828970971 0 0 0 0 0 0 0 0 0 0 0 0 0 0 0 0 0.07437145709 0 0 0 0 0 0.7297983317 0 0 0 2.550571893 0 0 0 0 0 0 1.892110307 0 0 0 0 0 0 0 0.7304271523 0 0 0 0 0 0 0 0 0 0 0 0 0 0 0 0 0 0 0 0 0 0 0 0 0 91.54561002 0 0 0 0 121.5363998 0 0 0 0 0 0 0 0 0 0 0 0 0 0 0 0 0 0 0 0 0 0 0 0 0 0 0 0 0 0 0 0 0 0 0 0 0 0 0 456.8581325 0 0 0 0 0 0 0 0 0 0 0 0 0 0 0 0 0 0 0 0 0 53.32815183 113.2891864 0 0 0 0 0 0 0 0 2.405896662 0 0 0 0 171.7548381 2.581333235 0 0 0 0 283.6577769 0 0 0 0 0 0 0 0 0 0 0 0 0 0 31.24782812 0 0 0 0 0 0 0 0 0 0 0 0 0 0 0 0 0 0 0 0 0 0 0 0 0 0 0 0 0 0 0 0 0 0 0 0 0 0 0 0.345842178 0 0 0 0 0 0 0 0 0 0 0 0 0 1.912133512 0 0 0 5.592845352 0.4937850604 0 0 0 0 0 0 0 0 
0 0 0 0 0 0 0 0 0.05662114847 0 0 0.02508530594 0 0 0 0 0 0 0 0 0 0 0 0 0 0 0 0 0 0 0 0 0 0 0 0 0 0 0 0 0 0 0 0 0 0 0 0 0 0 0 0 0 0 0 0 0 1.260718953 0 0 0 0 0 0 0 0 0 0 0 0 0 0 0 0 0 0 0 0 0 0 0 0 0 0 0 0 0 0 0 0 0 0 0 0 0 0 0 0 0 0 470.6995895 0 0 530.3457469 0 0 0 0 0 0 0 0 0 0 0 0 0 0 0 765.3778604 0 0 0 0 0 0 0 0 0 0 0 0 0 0 0 0 0 0 0 0 0 0 993.3994864 0 0 46.21989953 0 0 0 0 0 0 0 308.1844236 0 0 0 0 0 0 0 0 0 0 0 0 0 0 150.7635935 0 0 0 87.62617253 0 0 0 0 0 0 0 0 0 0 0 0 0 0 0 0 0 0 0 0 0 0 0 0 0 0 0 0 0 0 0 0 0 0 0 0 4.858288151 0 0 0 0 0 8.620653635 0 2.754052927 0 0 0 0.6940704831 0 0 0 0 10.05729958 0 0 0 0 0 0 0 0 0 0.7459283425 0 0 0 0 0 0 0 0 0 0 0 0 0 0 0 0 0 0 0 
0 0.3751632934 0 0 0 0 0 0 0 0 0 0 0 0 0 0 0 0 0 0 0 0 0 0 0 0 0 0 0 0 0.01044374113 0 0 0 0 6.457104297 0 0 0 0 0 0 0 0 0 0 0 0 0 0 0 0 0 0 0 0 0 0 45.4641468 0 0 0 0 0 0 0 0 0 0 0 0 0 0 0 0 0 0 0 0 0 0 0 0 0 0 0 0 0 0 0 0 0 0 0 0 0 0 0 0 0 0 0 0 0 344.3745865 0 0 0 0 0 0 0 0 0 0 0 0 0 0 0 0 0 0 0 0 0 0 0 483.5361038 0 0 0 0 0 0 0 0 0 0 864.2016305 0 0 0 0 0 0 0 0 0 0 0 0 0 0 0 0 0 0 230.8595702 0 0 74.34578856 0 356.7531591 0 0 0 0 0 0 0 0 0 0 0 0 0 0 0 0 0 0 0 0 0 0 0 0 0 2.067663671 0 0 0 0 0 0 0 0 0 0 0 0 0 0 0 0 0 0 0 0 0 0 0 0 0 0 0 0 0 0 0 0 0 0 0 0 0 0 0 0 0 0 0 0 0 0 0 0 0 0 0 0 0 0 0 0 0 0 0 0 0 0 0 0 0 0 
0 0 0 0 0 0.683311928 0 0 0 0 0 0 0.5384165417 0 0 0 0 0 0 0 0 0 0.442673574 0 0 0 0.05665505554 0 0 0 0 0 0 0 0 3.449333891 0 0 0 0 0 0 0 0 0 0 0.02537369755 0 0 0 0 0 0 0 0 0 0 0 0 0 0 0 0 0 0 0 0 0 0 0 0 0 0 0 0.0554352656 0.4738887621 0 0 0 0 0 0 0 0 0 0 0 0 98.41452755 0 0 0 0 0 0 0 364.9736621 0 0 0 0 0 0 0 0 0 0 945.6203923 0 0 0 0 0 0 0 0 0 0 0 0 0 0 0 0 0 0 0 0 0 0 0 0 0 0 0 0 0 0 0 648.7521753 0 0 0 0 0 0 0 0 0 0 0 0 0 307.7607871 0 0 0 0 0.01702975278 0 0 52.91751151 0 0 0 0 0 0 0 0 0 0 0.09435864534 0 17.96978406 0 0 0 0 0 198.6243516 0 0 0 0 0 0 0 0 0 0 0 0 0 9.190395811 0 0 0 0 0.2539623205 0 0 0 0 0 0 0 0 0 0 0 0 0 0 0 0 2.042023835 0 0 0 0 0 0 0 0 0 0 0 0 0 0 0 0 0 0 0 0 0 0 0 0 0 0.2148570082 0 0 0 0 0 0 0 0 0 0 0 0 0 
0 0 0 0 0 0 0 0.07145164731 0 0 0 0 0 0 0 0 0 0 0 0 0 0 0 0 0 0 0 0 0 0 0 0 0 0 0 0 0 0.9039961191 0 0 1.05815845 0 0 0 0 0 0.2438097485 0 0 0 0 0 0 0 0 0 0 0 0 0 0 0 0 0 0 0 0 0 0 0 0 0 0 0 0 0 0 4.247487881 0 0 0 0 0 0 0 0 0 0 0 0 0 0 0 0 0 0 656.4678002 0 0 0 0 0 0 0 0 0 0 0 0 0 0 0 0 0 0 1766.666319 898.4517729 0 0 0 0 0 0 0 0 1000.703918 0 0 0 0 1127.463198 0 0 0 0 0 0 0 0 0 0 0 0 0 0 0 0 0 0 0 0 0 0 0 0 0 0 0 0 0 0 0 0 0 0 0 0 0 0 0 0 0 0 0 0 0 0 0 0 0 0 0 0 0 0 0 0 0 0 0 0 0 0 0 0 0 0 0 0 0 0 0 0 0 0 0 0 0 0 0 0 1.195777839 0 0 0 0 0 0 0 0 0 0 0 0 0 0 0 0 0 0 0 0 0 0 0 0 0 0 0 0 0 0 0 0 0 0 0 0 0 0 0 0.3632857302 0 0 0 0 
0 0 0 0 0 0 0 0 0 0 0 0 0 0 0 0 0 0 0 0 0 0.001861252744 0 0 0 0 0 0 0 0 0 0 0 0 0 2.622916466 0 0 0 0 9.273156641 0 0 0 0 0 0 0 0 0 0 0 9.318138794 0 0 0 0 0 0 0 0 0 0 0 0 0 0 0 0 0 0 0 0 0 0 0 0 0 0 0 0 62.50382105 0 0 64.85373807 0 0 0 0 0 0 0 538.2924873 0 0 0 0 0 0 0 0 0 0 0 0 0 0 0 0 73.82209652 0 0 0 0 0 0 0 0 0 0 0 0 0 774.7499107 0 0 0 0 0 0 0 0 773.7792095 0 0 0 0 0 0 0 0 0 0 228.0513718 0 0 0 0 0 0 0 0 0 0 0 0 0 0 0 0 0 0 0 0 71.91125784 0 0 185.915784 0 0 0 113.2521711 0 0 0 0 0 0 0 0 0 0 0 0 0 0 0 0 0 0 0 0 0 0 0 0.07039600533 0 0 0 0 0 9.25770155 0 0 0 0 0 0 0 0 0 0 0 0 0 0 0 0 0 0 0 0 0 0.8349815498 0 0 0 0 0 0 0 0 0 0 0 0 0 0 0 0 0 0 0 0 0 0 0 0 0 0.1782290265 0 0 0 0 0 0 
0 0.5303939269 0 0 0 0 0 0 0 0 0 0 0 0 0 0 0 0 0 0 0 0 0 0 0 0 0 0 0 0 0 0.3042274421 0 0 0 1.472938079 0 0 0 0 0 0 0 0 0 0 0 0 5.40241463 0 0 0 0 0 0 0 0 0 0 0 0 0 6.346886686 0 0 0 0 0 0 0 0 129.3178909 0.0918592122 0 0 0 0 0 0 0 0 0 0 0 0 0 0 0 0 0 0.351822676 0 0 393.234822 0 0 0 2.563281876 0 0 0 0 0 0 0 0 0 0 0 0 0 0 0 0 0 989.8397032 0 0 0 0 1234.639138 0 0 0 0 0 0 0 1339.898952 0 0 0 0 0 0 0 0 0 0 0 0 0 0 0 0 0 0 0 571.5938959 0 0 0 0 0 0 0 0 0 0 0 0 0 0 0 0 0 0 0 0 0 126.0963369 0 0 0 105.8988092 0 0 0 0 0 0 0 0 0 0 0 0 0 7.257762431 0 0 0 0 0 0 0 0 2.73626276 0 0 0 16.64522072 0 0 0 0 0 0 6.199747265e-05 0 9.050876349 0 0 0 0 0 0 0 1.696802175 0 0 0 1.247967221 0 0 0 0 0 0 0 0 0 0 0 0 0 0 0 0 0 0 0 0 0 0 0 0 0 0 0 0 0 0 0 0 0 
0 0 0 0 0 0 0 0.5518147721 0 0 0 0 0 0 0 0 0 6.653392276 0 0 0 0 0 0 0 0 0 0 0 0 0 0 0 0 0 0 0 0 0 0 0 0 0 0 0 0 0 0 0 0 0 0 0 0 0 0 0 0 0 0 0 0 0 0 0 0 0 74.90284435 0 0 0 0 0 0 0 0 0 0 0 0 0 0 0 0 0 0 0 0 0 0 0 0 0 0 0 0 0 0 0 0 0 0 0 0 0 0 0 0 380.1346837 0 0 922.2428078 0 0 0 0 0 0 1130.380988 0 666.7967132 0 0 0 0 0 0 0 0 0 0 0 0 0 0 0 0 0 0 0 0 0 0 0 0 0 0 0 0 0 0 0 198.6282569 0 0 0 0 0 227.0079122 0 0 0 0 11.71937836 0 0 0 0 0 0 0 0 0 0 0 0 0 0 0 0 0 0 0 0 0 0 0 0 0 0 0 0 0 0 0 0 0 0 0 0 0 0 0 0 0 0 8.145269297 0 0 0 0 0 0 0 0 0 0 0 0 0 0 0 0 0 0 7.458847352 0 0 0 0 0 0 0 0 0 0 0 0 0 0 0 0 0 0 0 0 0 0 0 0 0 0 0 0 0 0 
0 0 0 0 0 0 0 0.0002124150111 0 0 0 0 0.1570597078 0 0 0 0 0 0 1.763139615 0 0 0 0 5.283277961 0 0 0 0 0 0 0 0 0 0 0 0 0 0 0 0 0 0 0 0 0 0 0 0 0 7.928677627 0 0 0 0 0 5.983226276 0 0 0 0 0 0 0 0 0.1246151869 0 0 0 0 0 0 0 0 0 0 0 0 0 0 46.53983768 0 0 0 0 0 0 0 0 0 0 0 0 0 0 0 0 0 0 0 0 0 0 0 567.2797417 0 0 0 0 0 0 0 0 0 0 0 0 0 0 0 0 0 1055.50382 0 0 0 0 0 1099.04572 0 0 0 0 0 0 0 0 1193.489504 0 0 0 0 0 0 0 0 0 0 688.0963532 0 0 0 0 0 0 0 0 0 0 0 0 0 314.9217061 0 0 0 0.2319861927 0 0 0 0 38.35096349 0 0 0 0 0 0 0 0 0 0 0 0 0 0 10.46585018 0 0 0 0 0 0 0 0 3.533530892 0 0 0 1.878459856 0 0 0 0 0 0 0 0 0 0 0 0 0 0 0 0 0 0 0 0 0 0 0 0 0 0 0 0 0 0 0 0 0 0 0 0 0 0 0 0 0 0 0 0 0 0 0 0 0 0 0 0 0 7.444489237 0 0 
0 0 0.2144463284 0 0 0 0 0 0 0 0 0 1.244935389 0 0 0 0 0 0 0 0 0 0 0 0 7.380968741 0 0 0 0 0 0 0 0 0 0 0 0 0 0 0 6.123802657 0 7.012381212 0 0.7906132079 0 0 0 0.2157421774 0 0 0 0 0 0 0 0 0 0 0 0 0 0 0 0 0 0 0 0 0 0 0 0 0 0 0 0 0 0 0 0 0 0 0 0 0 0 0 0 0 54.47692448 0 0 0 290.8989313 0 0 0 0 0 454.6008519 0 0 0 0 0 0 0 0 0 424.1009027 0 0 0 0 0 0 0 0 0 0 0 0 0 1350.001848 0 0 0 0 0 0 0 0 0 0 0 0 0 0 0 0 0 0 807.0935568 0 0 0 811.1677669 0 0 0 0 0 0 0 0 0 0 0 0 0 0 0 0 0 0 0 0 0 0 0 0 0 0 0 0 0 0 0 0 0 0 0 0 0 0 0 0 0 0 7.455866935 0 0 0 0 0 0 0 0 0 0 0 0 0 0 0 0 0 0 0 0 0 0 0 0 0 0 0 0 0 0 0 0.03167646974 0 0 0 0 0 0 0 0 0 0 0 0 0 0 0 0 0 0 0 0 5.54651282 0 0 0 0 0 0 0 0 0.2944450503 0 0 
1.201270492 0 0 0 0 0 0 0 0 0 0 0 0 0 0 0 0 0 0 0 0 5.947941452 0 0 0 0 0 0 0 0 0 0 0 0 0 0 0 0 0 0 0 0 0 0.716934164 0 0 0 0 4.402186537 0 0 0 0 0 0.4852957076 0 0 0 0 0 0 0 0 0 0 0 0 0 0 0 0 9.384639128 0 0 0 0 0 0 0 0 0 0 0 0 0 0 64.09586761 0 0 482.7852518 0 0 247.1523369 0 0 0 0 0 0 0 0 0 1.88264455 0 0 0 0 0 0 0 0 0 0 0 880.7191626 0 0 0 594.3899777 0 0 0 0 0 0 0 0 0 0 0 0 0 0 0 0 0 0 0 0 0 0 0 0 0 0 0 0 0 0 0 0 0 0 0 0 0 0 0 0 0 0 0 0 0 0 0 0 0 0 0 0 0 0 0 0 0 0 0 0 0 0 0 0 0 0 0 0 0 0 0 0 8.204074886 0 0 0 0 0 0 0 0 0 0 0 0 0 0 0 0 0 0 0 0 0 0 0 0 0 0 0 0 0 0 0 0 0 0 0 0 0 0 0 0 0 0 0 0 0 0 0 0 0 0 1.218360002 0 0 0 0 0 0 0 0 0 0 0 0 0 
0 0 0.01666463011 0 0 0 0 0 0 0.2783399755 0 0 0 0 0 0 0 0 0 0 0 0 0 0 0 0 0 0 0 0 0 0 0 0 0 4.31753326 0 0 0 0 0 0 0 0 0 0 1.809307949 0 0 1.179199362 0 0 0 0 0 0 0 0 0 0 0 0 0 0 0 0 0 0 0 19.21181574 0 153.7705409 0 0 0 0 0 0 0 0 0 0 0 0 0 0 0 0 1.108611272 0 0 0 0 0 0 0 0 0 0 0 0 0 0 0 0 0 0 0 0 0 872.7985857 705.0202755 0 0 0 0 0 0 0 915.1469183 0 0 0 0 0 0 0 1073.590144 991.5902426 0 1207.799102 0 0 0 0 0 0 0 0 0 0 0 0 0 0 95.04542098 0 0 0 0 0 0 0 0 0 0 0 0 0 0 0 0 0 414.4203961 0 0 0 0 0 0 0 4.902592951 0 0 0 0 0 169.4011334 0 0 0 0 0 0 5.95018335 0 0 0 0 0 0 0 0 0 0 0 0 0 0 0 0 0.9395298821 0 0 0 0 0 0 0 0 0 0 0 0 0 0 0 0 0 0 0 0 0 0 0 0 0 0 0 0 0 0 0 0 0 0 0 0 0 0 0 0 0 0 0 0 0 0 0 0 0 0 0.1108414738 0 0 0 
0 0 0 0 0 0 0 0 0 0 0 0 0 0 0 0 0 0 0 0 0 0 0.3650949812 0 0 0 0 0 0 0 0 0 0 0 0 0 0 0 0 0 0 0 0 0 0 0 7.712722723 0 0 0 0 0 0 0 0 0 0 0 0 0 0 46.88598319 0 0 9.327856951 0 0 0 0 0 0.8255877737 0 0 0.002980673632 0 0 0 0 0 0 0 0 0 0 0 0 0 0 30.83097553 0 0 0 0 0 0 0 0 290.2862907 0 0 0 0 0 0 0 0 0 0 0 0 0 0 0 0 0 0 0 0 0 0 0 0 0 1390.247619 1123.904572 0 0 0 1263.880137 0 0 0 0 0 0 1305.292684 0 0 0 0 0 0 0 0 0 0 0 0 0 678.056416 0 0 0 0 0 0 76.35266527 0 0 0 0 0 79.81416344 0 0 0 140.9461792 0 0 0 0 0 0 0 0 0 0 0 0 0 0 0 0 0 0 0 0 0 0 0 0 0 0 31.62029959 0 0 0 0 0 0 0 0 0 5.351629165 0 0 0 0 0 0 0 0 0 0 0 0 0 0 0 0 0 0 0 0 0 0 0 0 0 0 0 0 0 0.1497658631 0 0 0 0 0 0 0 0 0 0 0 0 0 0 0 0 0 0 0 0 0 0 
0 0 0.3320579014 0 0 0 0 0 0 0 0 0 0 0 0.9633014614 0 0 0 0 0 0 0 0 0 0 0 0 0 0 0 0 0 0 0 0 0 0 0 0 0 0 0 1.54996043 0 0 0 0 0 0 0 0 0 0 0 0 0 0 0 40.23889085 0 0 4.145212149 0 0 0 0 0 0 0 0 0 0 0 139.8795597 0 0 5.346972988 0 0 9.840599745 0 0 0 0 0 0 0 0 0 541.384472 0 0 0 0 0 0 0 0 0 0 0 0 0 0 0 0 0 0 0 0 0 0 0 0 0 0 0 0 0 0 963.2483364 0 0 0 0 1339.315691 0 0 0 0 0 0 0 0 0 0 0 0 0 0 0 0 0 0 0 0 0 0 0 0 0 0 0 0 0 0 0 0 0 0 0 0 0 479.2283372 0 0 0 0 0 0 0 0 18.80429719 0 0 0 0 0 0 0 0 0 0 0 0 0 0 0 0 0 17.3003902 0 0 0 7.629092208 0 0 0 0 0 0 0 0 0 0 0 0 0 0 0 0 0 0 0 0 0 0 0 1.681832451 0 0 0 0 0 0 0 0 0 0 0 0 0 0 0 0 0 0 0 0 0 0 0 0 0 0 0 0 0 0 0 0 0 0 0 0 0.01763480347 
0 0 0.6355608091 0 0 0 0.2386725778 0 9.076731509 0 0 0 0 4.2109626 0 0 0 0 0 0 0 0 0 0 0 0 3.906147788 0.9800095819 0 1.511776042 0 0 0 0 0 0 0 0 0 0 0 0 0 0 0 0 0 0 0 0 0 0 0 0 0 0 0 0 0 0 0 0 0 0 0 0 0 0 0 0 0 0 0 0 9.137311998 0 0 0 0 0 0 0 0 0 0 0 0 0 0 0 0 0 0 0 0 0 0 0 0 0 0 440.4558057 34.49267649 0 0 750.4212222 0 0 0 0 0 0 0 0 824.4460741 0 0 0 0 0 0 0 0 0 0 0 756.1678882 0 0 0 0 0 1149.090542 0 0 0 0 0 0 776.6471782 288.3993275 0 0 0 0 0 0 0 0 0 0 0 7.629727742 0 0 0 0 387.2514825 0 0 0 327.6564688 0 0 0 0 0 0 0 0 0 0 0 0 0 0 0 0 0 0 0 0 0 0 0 0 0 8.425755445 112.9641523 8.262728134 0 0 0 0 0 0 0 6.441516332 0 0 0.5334758385 0 0 0 0 0 0 0 0 0 0 0 0 0 0 0 0 0 0 0 0 1.891696643 0 0 0 0 0 0 0 0 0 0.3780111466 0 0 0 0 0 0 0 0 0 0 0 0 0 0.07090171765 0 0 0 0.5416715368 0 0 0 0 0 0 
0 0 0 0 0 0.280105623 0 0 0 0 0 0 0 0 0 0 0 0 0 0 0.9515597611 0 0 0 0 0 0 0 0 0 0 0 0 0 0 0 0 0 0 0 9.167381236 0 0 0 0 0 0 0 0.6766810037 0 0 0 1.348899558 0 0 0 0 0 0 0 0 0 0 0 0 0 0 0 0.8211922396 0 7.251666337 0 0 0 0 0 0 103.5186442 0 0 0 0 0 0 0 0 0 0 0 0 0 0 0 0 0 0 0 0 0 333.8358957 0 0 0 0 0 0 0 0 514.8495395 568.2647353 0 0 0 0 0 0 0 0 0 0 0 0 0 0 0 0 945.9236065 0 0 0 0 0 0 0 0 0 0 0 0 0 0 286.3762494 0 0 0 0 0 0 0 0 0 0 0 0 0 0 0 0 0 0 0 0 0 0 0 0 0 6.788851699 0 0 4.910876249 0 0 18.70263827 0 0 0 0 0 0 0 0 0 0 0 0.8710469944 5.544066529 0 0 0 0 0 0 0 0 0 0 0 0 0 0 0 0 0 0 0 0 0 0 0 0 0 0 0 0 0 3.613156437 0 0 0 0 0 0 0 0 0 0 0.9795488203 0 0 0 0 0 0 0 1.655494102e-06 0 0 0 0 0 0 0 0 0 0 0 0 0 0 0.127406323 0 0 0 0 0 
0 0 0 0 0.521445936 0 0 0 0 0 0 0 0 0 0 0 0 0 0 0 0 0 0 0 0 0 0 0 0 0 0 0.04132439984 0 0 0 0 0 0 0 0 0 0 0 0 0 0 0 27.8582025 0 0 0 0 0 0 0 0 0 0 2.55635377 0 0 0 0 0 0 0 0 0 0 0 0 0 0 0 0 0 0 0 0 0 0 0 0 0 0 0 0 0 0 0 0 0 0 0 0 0 0 0 0 0 0 0 0 0 0 0 861.4260232 0 0 0 0 0 0 0 0 0 0 0 0 0 0 0 0 0 0 0 0 0 0 0 0 0 0 0 0 0 0 0 676.2322069 0 0 0 0 0 0 0 0 0 0 0 0 0 0 0 0 0 0 0 0 0 0 0 0 11.4818841 0 0 0 0 0 0 0 0 0 0 0 0 0 0 0 0 0 0 0 0 0 0 0 0 0 0 0 0 0 0 0 0 2.193807524 0 0 0 0 0 0 0 0 0 0 0 0 0 7.239841866 0 0 0 0 0 0 1.359645968 0 0 0 0 0 0 0 0 0 0.004099361366 0 0 0 0 0.5510475943 0 0 0 0 0.1317671982 5.119206879 0 0 0 0 0 0 0 0 0 0 0.6847109361 0 0 0 0 0 0 
0 0 0 0 0 0 0 0 0 0 0 1.400742343 0 0 1.272124842 0 0 0 0 0 0 0 0 0 0 0 0 0 0 0 0.009672415482 0 0 0 0 0 0 0 0 0 0 0 0 0 0 0 0 9.748800357 0 0 0 0 0 0 0 0 0 0 0 0 0 0 0 0 0 0 0 0 0 0 0.7498428067 0 0 0 0 0 0 0 0 0 0.2034679495 0 0 0 0 0 0 0 0 0 0 0 0 0 0 0 0 0 0 0 0 0 0 0 0 0 0 0 0 0 0 0 0 0 0 0 0 0 0 0 0 0 0 0 0 0 0 0 1210.949776 749.781825 0 0 0 0 0 0 0 0 0 0 0 678.3406992 0 0 236.5696177 990.4001024 0 0 0 0 565.14581 0 0 0 0 0 0 0 0 0 0 0 0 0 0 0 0 0 0 147.9963143 0 0 0 0 0 0 0 48.54040957 0 0 0 0 0 0 0 57.38535603 0 0 0 0 0 0 0 0 0 0 0 0 0 0 0 0 0 0 0 0 0 0 0 0 0 0 0 0 0 0 0 0 0 0 0 0 0 0 0 0 0 0 0 0 0 0 0 0 0 0 0 0 0 0 0 0 0 0 0 0 0 0 0 0 0 0 0 0 0 0 
0 0 0 0 0 0 0 0 0 0 0 0 0 0 0 0.8040976962 0 0 0 0 0 0 0 0 0 0 0 0 0.2264465295 0 0 0 0 0 1.635555452 0 0.5207145709 0.2982948361 0 0 0 0 0 0 0 0 0 0 0 0 0 9.186664401 0 0 0 4.923709566 0 0 0.7011278261 0 0 6.582427416 0 0 0 0 0 0 0 0 0 0 0 0 0 0 0 0 0 0 0 0 0 0 0 0 0 0 0 0 0 0 0 0 0 0 0 0 0 545.4623111 0 0 0 0 0 0 0 0 0 944.9449293 0 0 0 0 0 0 0 0 0 0 0 622.4210957 0 0 0 0 0 0 0 0 0 0 0 0 0 0 0 0 0 0 0 0 0 0 0 0 0 0 0 0 0 0 0 0 0 0 0 0 0 0 0 0 0 0 0 0 0 0 0 2.302083142 0 0 0 0 0 0 0 0 0 0 0 0 0 0 0 0 0 0 0 0 0 6.515403588 0 0 0 0 0 0 21.65903049 0 0 0 0 0 0 0 0 0 0 0 0 0 0 0 0 0 0 0 0 0 0 0 0.604198832 0 0 0 0 0.4614303741 0 0 0 0 0 0 0 0 0 0 0 0 0 0 0 0 0 0 0 0 0 0 0 0 0 0 0 0 
0.02676369334 6.553186056 0 0.2451910008 0 0 0.2151987139 0 0 0.1379057352 0 0 0 0 0 0 0 0 0 0 0 0 0 0 0 0 0 0 0 0 0 0 0 1.129364351 0 0 0 0 0 0 0 0 0 0 0 0 0 0 53.71123156 0 0 0 0 0 0 0 0 0 0 0 0 0 0 0 0 0 0 0 1.741944798 0 0 0 0 0 0 0 0 0.6824950715 0 0 0 3.118233539 0 0 0 0 0 0 65.0114189 0 0 0 160.7465542 0 0 0 0 0 0 0 0 0 0 0 0 0 0 0 0 0 0 0 0 0 0 0 0 0 0 0 0 0 542.1635365 1109.1298 0 0 0 0 0 0 0 0 685.5174856 0 0 0 0 0 0 0 0 0 0 0 0 0 0 0 0 0 0 0 0 0 0 0 0 0 0 0 0 0 0 0 0 0 0 0 0 0 0 0 0 0 0 0 0 0 0 0 0 0 0 0 0 0 0 0 2.403656825 0 0 0 0 0 0 0 0 0 0 0 0 0 0 0 0 0 0 0 0 0 0 2.196077069 0 0 0 0 0 0 0 0 0 0 0 0 0 0 0 0 0 0 0 0.5343905441 0 0 0 0 0 0 0 0 0 0 0 0 0 0 0 0 0 0 0 0 0 0 1.072214426 0 
0 0 0 0 0 0 0 0 0 0 0 0 0 0 0 0 1.686141723 0 0 0 0 0 0 0 0 0 0 0 0 2.327578896 0 0 0 0 0 0 0 0 0 0 0 0 0 0 0 0 0 0 0 0 0 0 0 0 0 0 0 0 0 0 0 0 0 0 0 0 0 0 0 0 0 0 0 0 0 0 0 0 0 0 0 0 0 0 0 0 0 0 0 0 0 0 0 0 0 0 0 0 0 0 0 0 0 0 0 0 0 0 0 0 0 0 0 0 0 0 0 1070.422594 1204.42776 0 0 0 0 959.5335517 0 0 0 0 0 0 0 0 0 0 0 0 0 0 0 0 0 0 0 907.1661046 0 0 0 0 0 0 857.8533752 0 0 0 368.7279479 0 0 0 0 66.80487836 241.1009774 123.8215655 0 0 0 0 0 59.47112097 0 0 0 0 7.61150393 0 0 86.03335809 0 136.9749247 0 0 0 0 0 7.262478995 0 0 0 0 0 0 0 0 0 0 8.505932168 0 0 0 0 0 0 0 11.88244057 0 2.805427513 0 0 0 0 0 0 0 0 1.217454604 0.4396947699 0 0 0 0 0 0 0 0 4.255733028 0 0 0 0 0 0 0 1.128044948 0 0 0 0 0 0 0.9533197389 0 0 0 0 0 0 0 0 0 0 0 0 0 0 0 0 0 
0 0 0 0 0 0 0 0 0 0 0 0 0 0 0 0 0 0 0 0 0 0.7245399931 0 0 0 2.94803521 0 0 0 0 0 0.02634407314 0 0 0 0 0 0 0 0 0 0 0 0 0 0 0 0 0 0 0 0 0 0 0 0 0 0 0.5935689735 0 0 0 0 0 0 0 0 0 0 0 0 0 0 0 0 0 0 0 0 23.09933415 0 0 0 0 0 0 0 0 0 0 0 0 0 0 0 0 0 0 0 0 0 0 0 0 0 0 0 0 0 0 0 0 0 0 0 0 0 0 0 0 0 0 0 221.0442475 0 0 0 0 0 0 0 0 0 1203.335952 0 0 0 0 0 0 0 0 0 572.8927466 0 0 0 0 0 0 0 0 0 0 0 0 0 0 0 0 0 0 0 0 0 0 0 0 0 0 0 0 0 0 0 0 0 0 0 91.72330305 0 0 0 0 0 8.977105701 0 0 0 0 0 0 0 0 0 0 0 0 0 0 0 0 0 0 0 0.2543498359 0 0 0 0 0 0 0 0 0.001749199897 0 0 0 0 0 0 4.693700353 0 0 0 0 0 0 0 0 0 0 0 0 0 0 0 0 0 0 0 1.580197363 0 0 0 0 0 0 0 0 0 0 0 0 0 0 
0 0 0 0 0 0.3474905225 0 0 0 0 0 0 0 0 0 0 0 0 0.1319641431 0 0 0 0 0 0 0 0 0 0 0 0 0 0 0 0 0 0 0 0 0 0 0 0 0 0 0 0 0 0 0 0 0 0 0 0 0 0 0 0 0 0 0 0 0 0 0 0 0 0 0 0 0 0 0 0 0 0.3114307546 0 0 0 0 0 0 0 0 0 0 0 0 0 0 0 0 0 0 0 0 0 0 0 0 0 0 0 0 0 0 0 0 0 0 0 0 0 0 0 0 0 0 0 0 0 963.5916051 0 0 0 0 0 0 0 0 0 0 0 0 0 0 0 0 0 0 0 0 0 0 0 0 0 0 0 0 0 0 0 0 0 0 0 0 0 0 0 0 0 3.131354754 0 0 0 0 0 0 0 0 0 0 0 0 0 0 0 0 0 0 0 0 0 0 0 0 0 0 0 46.36424709 0 0 0 0 0 0 0 0 0 0 0 0 0 0 0 0 0 1.026158626 0 0 0 0 0 0 0 0 0 0 0 0 0 2.833246379 0.1317762257 0 0 0 0 0 0 0 0 0 3.112609489 0 0 0 0 0 0 0 0 0 0 0 0 0.3734778628 0 0 0 0 0 0 0 
0 0 0 0 0 0 0 0 0 1.525769514 0 0 0 0 0 0 0 0 0 0 1.240956997 0 2.026229714 0 0 0 0.8989682097 0 0 0 0 0 0 0 0 4.210999389 0 0 0 0 0 0 0 0.2723916223 0 0 0 0 0 0 0 0 0 0 0 0 0 0 0 0 0 0 0 7.655450276 0 0 44.11018156 0 0 0 0 0 0 0 7.231497992 0 0 0 0 0 72.81219678 0 0 0 0 0 0 0 0 0 0 0 0 0 0 0 0 0 0 0 0 0 0 0 0 0 0 0 0 0 0 0 0 0 0 0 0 0 0 0 0 0 0 0 0 0 414.6292482 0 0 0 830.8836537 0 0 0 0 0 0 0 0 0 0 0 0 0 0 0 0 0 0 0 0 0 0 67.26874768 0 0 0 0 0 0 0 0 0 0 0 0 0 66.48631019 0 0 0 0 0 0 0 0 0 0 0 0 0 0 0 0 0 0 0 0 0 0 0 0 0 0 0 0 0 0 0.1345369477 0 0 0 0 0 4.000438995 0 0 0 0.01373166645 0 0 0 0 0 0 0 0 0 0 0 0 0 1.279518076 0 0 1.407504753 0 0 0 0 0 0 0 0.3130124328 0 0 0 0 0 0 0 0 0 0 0 0 0 0 2.833239456 0 0 0 0 0 0 0 
0 0 0 0 0 0.9320974848 0 0 0 0 0 0 0 0 0 0 0 0 0 0 0 0 0 0 0 0 0 0 0 0 0 0 0 0 0 0 0 0 0 0 0 0 0 0 0 0 0 0 0 0 0 0 0 0 0 0 0 0 0 0 0 0 0 0 0 0 0 0 0 0 0 0 0 0 0 0 0 0 285.3918902 0 0 0 0 0 0 0 0 0 0 0 418.9388847 0 0 0 0 0 0 0 0 0 0 0 0 0 0 0 0 0 0 0 0 0 0 0 0 0 0 0 0 0 0 0 0 0 0 0 0 0 0 0 0 0 654.1101349 0 0 0 0 0 0 0 0 0 0 0 0 0 0 0 0 0 0 0 0 0 0 20.6625552 0 0 0 176.2103886 0 0 0 0 0 0 2.134383468 0 0 0 0 0 0 0 0 0 0 0 0 0 0 0 0 0 0 0 0 0 0 0 0 0 0 0 0 0 77.76498952 0 0 0 0 0 0 0 0 0 0 0 0 0 0 0 0 0 0 0 0 0 0 0 0 0 0 0 0 0 0 0 0 0 0 0 0 0 0 0 0 0 0 0 0 0.05880640678 10.64745618 0 0 0 0 0 0 0 0 0 0 0 0 0 
0 0 0 0.00636499587 0 0 0.04189843016 0 0 0.538642808 0 0 0 0 0 7.466421988 0 0 0 0 0 0 0 0 0 0 0 0 0 0 0 0 0 0 0 0 0 0 0 0 0 9.365158786 0 0 0 0 0 0 0 0 0 0 0 0 0 4.248524801 0 0 0 0 0 0 2.753183435 0 0 0 0 0 76.7061434 0 0 0 0 0 0 0 0 0 0 0 0 0 0 0 0 0 0 0 0 0 0 0 0 0 0 24.0334342 0 0 0 0 477.231326 0 0 472.5287584 0 0 0 869.0833722 0 0 139.5411999 0 0 0 0 0 0 0 0 0 0 0 0 0 0 0 0 0 0 0 0 0 0 0 0 0 0 0 0 0 357.8783436 0 0 0 0 0 0 0 0 0 399.0345144 0 0 0 0 0 0 0 0 0 0 0 0 0 0 0 0 0 0 0 0 0 0 0 0 0 0 0 0 0 0 0 0 0 0.988231856 0 0 0 0 3.263797136 0 0 0 2.154123758 0 0 0 0 0 0 0 0 0 0 0 0 0 0 0 0 0 0 0 0 0 0 4.853159043 0 0 0 0 0 0 0 0 0 0 0 0 0 0 0 0 0 0 0 0 0 0 0 0.0004552420685 0 0 0 0 0 0 0 0 0 0 0 0 0 0 0 
0 0 0 0 0 0 0 0 0 0 0 0 0 0 0 0 0 0 0 0 0 0 0 0 0 0 0 0 0 0.8148751522 0 0 0 0 4.727924226 0 0 0 0 0 5.611492742 0 0 0 0.9207591983 0 0 0 0 0 0 0 0.4009268398 0 0 0 0 0 0 0 9.184730753 0 0 0 0 0 0 0 42.01723816 0 0 0 0 0 0 8.915536695 0 1.476949646 0 0.5676345323 0 0 0 0 0 0 0.8693581609 0 0 0 0 0 0 0 0 0 0 0 0 0 0 0 0 191.2550364 0 0 0 0 0 0 0 0 0 0 0 0 553.2899262 0 0 0 0 0 0 0 0 0 0 0 0 0 1067.101787 0 0 0 0 0 0 295.9467945 0 0 0 0 0 0 0 0 0 0 0 0 0 0 0 0 0 0 0 130.0990047 0 0 0 0 0 0 0 0 0 0 0 0 0 0 0 0 0 0 0 0 0 0 0 0 0.2470232685 0 0 0 0 0 0 0 0 101.8147396 0 0 0 0 0 0 0 0 0 3.780973098 0 0 0 0 0 0 0 0 0 0 0 0 0 0 0 0 0 0 0 0 0 0 0 0 0 0 0 0 0 0 0 0 0 0 0 0 0 0 0 0 0 0 1.682226024 0 0 0 0 0 0 0 0 0 0 0 
1.072800264 0 0 0 0 0.1986590118 0 0 0 0 0 0 0 0 0 0 0 0 0 0 0 0 0 0 0 0 0 0 0 0 0 0.7432116396 0 0 0 0 0 0 0 0 0 0 0 0 0 0 0.6313397958 0 0 0 0 0 0 0 0 0 0 0 0 0 7.213570857 0 0 0 0 0 0 8.082982804 6.370734912 0 0 0 0 0 0 0 0 0 0 0 0 0 0 0 0 0 0 0 0 0 0 0 0 0 0 0 0 0 0 0 467.3397814 0 0 0 0 0 0 812.6350433 0 0 0 0 687.4327715 0 0 0 563.5774455 0 0 0 0 0 0 0 0 0 0 0 0 0 0 0 309.7231411 0 0 473.319667 0 0 0 0 0 0 0 0 0 0 0 0 0 0 0 0 0 0 0 0 0 0 0 0 0 0 0 0 0 0 14.6719846 0.7866522031 0 0 0 0 0 0 0 0 277.3527085 0 0 0 0 0 10.15718137 0 0 0 0 0 0 0 0 0 0 0 0 0 2.587962718 0 0 0 0 0 0 0 1.599345525 3.58287599 0 0 0 0 0 0 0 0 0 0 0 0 0 0 0 0 0 0.09758375956 0 0 0 0.3332804726 0 0 0 0 0 0 0 0 0 0 0 0 0 0 0 0 0 0 0 0 0 0 0 0 0 0 0 0.04693748469 
0 0 0 0 0 0 0 0 0 0 0.5643736677 0 0 0 0 0 0 0 0 0 0.09336111645 0 0 0 0 0 0 0 0 0 0 0 0 0 0 0 0 0 5.474375579 0 0 0 0 0.8201544213 0 0 0 0 0 0.3744628727 0 2.259217204 0 0 0 0 0 0 0 0 0 0 0 0 0 0 0 0 0 0 0 0 0 0 0 0 0 0 0 0 0 0 0 0 86.9498043 0 0 14.86981973 0 0 0 0 0 0 0 494.0197878 0 0 0 0 0 0 539.6156579 0 0 0 0 0 0 0 0 0 0 0 0 0 0 0 0 0 0 0 0 0 0 0 0 0 0 0 0 0 0 0 0 0 0 0 0 0 0 0 941.5207239 0 0 0 29.28356879 0 0 0 0 257.3977448 0 0 0 0 0 0 0 0 0 0 0 0 0 0 0 0 0.1917958792 0 0 0 0 0 0 0 0 0 0 0 0 0 0 0 0 0 0 0.236704782 5.223751403 0 0 0 0 0 0 0 0 0 6.602925571 0 0 0 0 0 0 0 0 0 0 0 0 0 0 0 0 0 0 0 0 0 0 0 0 0 0 0 0 0 0 0 0 0 0 0 0 0 0 0 0 0 0 0 0 0.6504833811 0 0 0.0699927337 0 0 0 0 0 0 0 0 0 
0 0 0 0 0 0 0 0.7570208398 0 0 0 0 0 0 0 0 0 0 0 0 0 0 0 0 0 0 0.001589428593 0 0 0 0 0 0 0 0 0 0 0 0 0 0 0 0 0 0 0 0 0 0 0 0 0 0 0 0 0 0 0 0 0 0 0 0 0 0 0 0 0 0 0 0 0 0 0 1.826518404 0 0 0 0 0 0 0 0 0 0 0 0 0 70.09935647 0 0 0 0 0 0 0 0 0 0 0 0 0 0 0 110.2223527 0 431.1866478 0 0 208.1011455 0 0 0 0 0 0 0 0 0 0 0 0 0 0 0 0 0 0 0 0 0 0 0 0 0 0 0 0 0 0 0 0 0 0 0 0 0 0 0 0 0 0 0 0 0 0 0 0 0 0 0 0 0 0 1.584340148 0 0 0 0 0 0 0 0 0 0 0 0 0 0 0 0 0 0 0 0 0 0 0 0 0 0 0 0 22.1092652 0 0 0.16900914 0 0 0 0 0 0 7.882385213 0 0 0 0 0 0 0 0 0 0 0 0 0 0 0 0 0 0 0 0 0.1513269839 0 0 0 0 0 0 0.4013282239 0 0 0 0 0 0 0 0 0 0 0 0 0 0 0 0 0 0 0 0 0 0 1.029993579 0 
0 0 1.069853278 0 0 0 0.002040271058 0 0 0 0 0 0.06081155845 0 0 0 0 0 0 0 0 0 0 0 0 0 4.317800225 0 0 0 0 0 0 0 0 0 0 0 0 0 0 0 0 0 0 0 0 0 0 0 0 0 0 0 0 0 0 0 0 0 11.00665372 5.635196186 0 0 5.105953371 0 0 3.427294545 0 0 0 0 0 7.764731394 202.534056 0 0 0 0 0 0 0 0 0 0 0 0 0 0 0 0 0 0 0 0 0 0 0 0 0 0 0 0 0 0 0 0 0 0 403.2609584 0 0 0 64.77988426 0 0 0 0 0 0 0 0 0 0 0 610.4848657 0 0 0 0 0 0 0 0 0 0 0 0 0 0 0 0 0 0 0 0 0 0 141.8918092 0 0 0 0 0 0 0 0 0 0 0 0 0 0 0 0 0 0 0 0 0 0 0 0 0 0 0 0 0 0 0 0 0 0 0 0 0 0 0 0 0 0 0 0 0 0 0.753787361 0 2.853943762 0 0 0 0 3.998508361 0 0 0 0 0 0 5.227203277 0 0 0 0 0 0 0 0 0 0 0 0 0 0 0 0 0 0 0 0 0 0.002453471044 0 0 0 0 0 0 0 0 0 0 0.4779642463 0 0 0 0 0 0 0 0 0 0 0 0 0 
0 0 0.9269759672 0 0 0 0 0 0 0 0 0 0 0 0 0 0 0 0 0 0 0.05692139417 0 0 0 0 0 0 0.9446829321 0 0 0 0 0 0 0 0 0 0 0 0 0 0 0 0 5.626364668 0 0 0 0 0 0 0 0 0 0 0 0 0 0 0 0 0 0 0 0 0 0 0 0 0 0 0 0 0 0 0 0 0 0 0 2.297577666 0 0 0 0 0 0 0 0 326.7756636 0 158.7416463 0 71.40593306 0 0 0 0 0 0 0 0 0 0 0.001991239784 0 0 45.92867617 0 0 0 0 0 0 0 0 0 0 0 0 0 0 218.5565851 0 0 0 0 487.3767202 0 0 0 385.8723522 0 0 0 0 0 0 0 0 0 0 0 0 0 0 0 0 0 0 0 0 0 0 0 0 0 0 0 215.4333575 0 0 0 0 0 0 0 0 0 0 0 0 0 0 0 0 0 0 0 0 3.920816844 0 22.3766617 0 0 0 3.41255301 0 0 0 0 0 0 0.2919763195 0 0 0 0 7.268501882 0 0.356633977 0 0 0 0 0 0 0 0 0 0 0 0 0 0 0 0 0 0 0 0 0 0 0 0 0 0 0 0 0 0 0 0 0 1.063597138 0 0.6976944306 0 0 0 0 0.08461173493 0 0 0 0 0 0 0 0 0 0 0 0 0 
0 0 0 0 0 0 0 0 0 0 0 0 0 0 0 0 0 0 0 0 0 0 0 0 0 0 0 0.9883704081 0 0 0 0 0 0 0 0 0 0 0 0 1.983015847 0 0 0 0 0 0 0 0 0 0 0 0 0 0 0 0 0 0 0 0 0 0 0 0 0 0 0 0 0 0 0 0 0 0 0 2.72821662 0 0 0 0 0 0 0 0 5.378659706 0 365.1034959 0 0 0 0 0 0 0 0 0 0 0 0 0 0 0 0 0 0 0 0 0 0 0 0 0 47.3095976 0 0 0 0 0 0 0 0 0 0 0 372.5228731 0 0 0 0 0 0 0 0 0 0 0 0 0 0 0 204.0445187 0 0 0 585.6647165 0 0 0 0 0 0 0 0 0 0 0 174.4773771 0 0 0 0 0 0 0 0 0 0 0 0 0 0 0 0 0 0 0 0 0 0 0 0 0 0 0 0.1754525638 9.666813229 0 0 0 0 0 0 0 0 0 0 0 0 0 0 0 0 0 0 0 0 0 0 0 0 0 0 0 0 0 0 0 0 0 0 0 0 0 0.01406874128 0 0 0 0 0 0 0 0 0.3894562733 0 0 0 0 0 0 0 0 0 0 0 0.7774086044 0 0 0 0 0 0 0 0.3614869224 0 0 
0 0 0 0 0 0 0 0 0 0 0 0.02944599215 0 0 0 0 0 0 0 0 0 0 0 0 0 0 0 0 0 0 0 0 0 0 0 0 0 0 0 0 0 0 2.433772729 0 0 0 0 0 0 0 0 0 4.190053553 0 0 0.5389156308 0 0 0 0 0 0 0 0 0 0 0 0 0 0 0 0 0 0 0 0 0 0 0 0 0 0 0 0 0 0 0 0 0 0 0 0 0 0 0 0 0 0 0 0 0 0 0 0 0 0 0 0 0 0 0 0 0 0 0 0 0 0 0 0 0 0 0 0 0 0 0 0 0 0 0 0 0 127.8300501 0 0 0 0 0 0 0 0 0 0 0 0 0 0 0 0 0 0 93.708733 0 0 0 459.5059677 0 0 0 0 0 0 0 0 0 0 0 0 0 0 0 0 0 77.22434519 0 0 0 0 0 0 0 0 0 0 0 0 0 0 0 0 0 0 0 0 0 0 0 0 0 0 0 0 0 0 0 0 0 7.165725565 0 0 0 0 0 0 0 0 0 0 0 0 0 0 0 0 0 0 0 1.760912305 0 0 0 0 0 0 0 0 0 0 0 0 0 0 0 0 0 0 0 0 0 0 0 0 0 0 0.03490816345 
0 0 0 0 0 0 0 0 0 0 0 0 0.0001717957317 0 0 0 0 0 0 0 0 0 0 0 0 0 0 0 0 0 0 0 0 0 0 0 0 0 0 0 0 0 0 0 0 0 0 0 0 0 0 0 0 0 0 0 0 0 0 0 0 0 0 0 0 5.376103672 0 0 0 0 0 0 0 0 7.805734781 0 0 0 0 0 0 0 0 0 0 0 0 0 0 0 0 0 0 0 0 0 0 0 0 0 0 0 0 0 0 0 0 0 0 0 533.5977531 0 0 167.8123939 166.7187211 0 260.8422133 517.0911527 0 0 0 0 0 0 0 0 0 0 0 0 0 0 0 0 0 0 0 0 0 0 0 0 0 0 0 0 0 0 487.7496842 229.5179556 0 0 0 0 0 0 0 0 0 0 422.4996443 0 0 0 0 0 0 0 0 0 0 0 0 0 0 0 0 6.738765213 0 0 0 0 0 0.00439309827 0 0 0 0 0 0 0 0 0 0 0 0 0 0 0 0 0 0 0 0 0 0 0 0 0 0 0 0 0 0.4660107108 0 0 0 0 0 0 0 0 0 0.05993091496 0 0 0 0 0 0 0 0 0 0 0 0 0 0 0 0 0 0 0 0 0 0 0 0 0 0 0 0 0 0 0 0 
0.1534759403 0 0 0 0 0 0 0 0 0 0 0 0 0.0375626698 0 0 0 0 0 0 0 0 0 0 0 0 0 0 0.1556952512 0 0 0 0 0 0 0 0 0 0 0 0.03247073276 0 0 0 0 0 0 0 0 1.456630402 0 0 0 0 0 0 0 6.882266935 0 0 0 0 0 0 0 0 0 0 0 0 0 0 0 0 0 0 0 0 0 0 0 0 0 0 0 0 0 0 0 0 0 0 0 0 0 0 0 0 0 0 0 0 0 0 0 0 0 0 0 0 0 0 0 54.85225907 0 0 0 0 0 0 0 0 0 0 0 0 0 0 0 0 0 0 0 0 0 0 0 0 0 0 0 0 0 0 0 0 0 0 0 0 0 0 0 165.1662051 0 0 0 0 0 0 0 0 0 0 0 0 0 0 0 0 24.24113975 0 0 0 0 0 0 0 0 0 0 0 0 0 0 0 0 0 0 3.748155015 0 0 0 0 0 0 0 0 0 0 0 0 0 0 0 0 1.054514868 0 0 1.427681928 0 0 0 0 0 0 0 0 0 0 0 0 0 0 0 0 0 0 0 0 0 0 0 0 0 0 0 0 0 0 0 0 0 0 0 0 0 0 0 0 0 0 0 0 0 0 
0 0 0 0 0 0 0 0 0 0 0 0 0 0 0 0 0 0 0 0 0 0 0 0 0 0 0 0 0 0.1418178949 0 0 0.5752802448 0 0 0 0 0 0 0 0 0 0 0 0.3916696669 0 0 0 0 0 0 0 0 0 0 0 0 0 0 0.8817738336 0 0 0 0 0 0 0 0 0 0 0 0 0 0 0 0 0 0 0 0 0 0 0 0 0 0 0 0 0 0 0 0 0 0 0 0 0 0 25.26499237 0 0 0 0 0 0 0 0 0 0 0 0 0 0 0 0 0 0 0 0 0 0 268.82421 0 0 0 0 0 0 0 0 0 0 0 0 0 0 0 0 0 0 0 0 0 0 0 0 0 0 0 0 0 0 0 0 0 0 0 0 0 0 0 0 0 0 0 0 0 0 0 0 0 0 0 0 0 0 0 0 0 0 0 0 0 0 0 0 0 0 0 0 0 0 17.79421678 0 0 0 0 0 0 0 0 0 0.9433800321 0 0 0 0 0 0 0 0 0 0 0 0 0 0 0 0 0 0 0 0 0 0 0 0 0.03107545713 0 0 0 0 0 0 0 0 0 0 0 0 0 0 0 0 0 0 0 0 0 3.681213804 0 0 0 0 0 0.4390113782 
0 0 0 0 0 0 0 0 0 0 0 0 0 0 0 0 0 0 0.002207029105 0 0 0 0 0 0 0 0 0 0 0 0 0 0 0 0 0 0 0 0 0 0 0 0 0 0 7.687645123 0 0 0 0 0 0 0 0 0 0 0 0 0 0 0 0 0 0 0 44.1819128 0 0 0 0 0 0 1.618519561 0 0 0 0 0 0 0 0 0 0 100.3804911 0 0 0 0 0 0 0 0 0 0 0 0 0 0 0 0 0 0 0 0 0 0 0 0 0 0 0 0 0 0 0 0 0 0 0 0 0 0 0 0 0 0 0 0 0 0 0 0 0 0 0 0 0 0 0 0 27.60342711 0 0 0 0 0 0 0 0 106.4167354 0 0 0 0 0 0 0 0 0 0 0 0 0 0 0 0 0 0 0 0 25.63100636 0 0 0 0 0 0 4.422217429 0 0 0 0 0 0 0 0 0 0 0 0 4.71913448 0 0 0 0.4555697509 1.599057198 2.160272581 0 0 0 0 0 0 0 0 0 0 0 0 0 0 0 0 0 0 0 0 0 0 0 0 0 0 0 0 0 0 0 0 0 0 0 0 0 0 0 0 0 0 0 0 0 0 0 0 0 0.1183079646 0 0 0 0.425237391 0 0 0 0 0 
0 0 0 0 0 0 0 0 0 0 0 0 0 0 0 0 0 0 0 0 0 0 0 0 0 0 0 0 0 0 0 0 0 0 0 0 0 0 0 0 0 0 1.444278322 0 0 0 0 0 0 0 0 0 3.651726434 0 0 0 0 0 2.794073842 0 0 0 0 0.4794359419 0 0 0 0 0 0 0 0 0 0 0 0 0 0 0 0 0 0 0 0 0 0 0 0 0 0 0 0 0 0 0 0 0 0 0 0 0 0 0 0 0 0 0 0 0 0 0 0 0 0 0 0 0 0 0 0 0 0 0 0 0 0 0 64.49807419 0 0 0 0 0 0 0 0 0 0 0 0 0 0 0 0 407.1914209 0 0 0 0 0 0 0 0 0 0 0 0 0 0 0 0 0 0 0 0 0 0 0 0 0 0 0 0 0 0 0 0 0 3.145275203 0 0 0 4.918471068 8.39594932 0 0 0 0 0 0 0 0 0 0 0 0 0.6589791784 0 0 0 0 0 0 0 0 0 0 0 0 0 0 0 0 0 0 0 7.149063231 0 0 0 0 0 0 0 0 0 0 0 0 0 0.0002279967603 0 0 0 0 0 0 0 0 0 0 0 0 0 0 0 0 0 0 0 0 0 0 0 0 0 
0 0 0 0 0 0 0 0 0 0 0 0 0 0 0 0 0 0 0 0 0 0 0 0 0 0 0 0 0 0 0 0 0 0 0 0 0 0 0 0 0 0 0 0 0 0.08159194004 0 0.5006912051 0 0 0.08064101882 0 0 0 0 0 0 0 0 0 0 0 0 0.9072193549 0 0 0 0 0.3114530816 0.411789983 0 0 0 0 0 0 0 0 0 0 0 0 0 0 0 0 0 0 0 0 0 0 0 0 71.36770137 0 0 0 0 0 0 0 0 0 0 0 0 0 0 0 0 427.3435122 0 0 0 0 0 0 0 0 0 0 0 0 0 0 0 0 0 0 0 0 0 0 0 0 0 0 0 0 0 0 0 0 0 0 0 0 0 0 0 0 0 0 0 0 5.76207366 0 3.882392955 0 0 0 0 0 0 0 0 0 0 0 0 0 0 166.3365062 0 0 0 0 0 0 0 0 0 0 0 0 0 0 0 7.824931886 0 0 0 0 0 0 0 0 0 0 0 0.2325359285 0 0 0 0 0 0 0 0 0 0 0 0 0 0 0 0 0 0 0 0 0 0 0 0 0 0 0 0 0.4986733346 0 0.271527333 0 0 0 0 0 0 0.03235050013 0 0 0 0 0 0 0 1.445206371 0 0 0.1591708289 0.1359377418 0 0 0 0 
0 0 0 0 0 0 0 0 0 0 0 0 0 0 0 0 0 0 0 0.1664720452 0 0 0.7252550084 0 0 0 0 0 0 0 0 0 0 0 0 0 0 0 0 0 0 0 0 0 0 0 0 0 0 0 0 0 0 0 0 1.143385713 1.114822849 0 0 0.04412108917 0 0 0 0 0 0 0 0 0 0 0 0 7.491683716 0 5.80354701 0 0 0 0 0 0.09524141081 0 0 0 0 0 0 0 0 0 0 0 0 0 0.7486964738 0 0 0 0 0 0 0 0 0 0 0 0 0.8890491504 0 102.4085887 103.6827991 0 0 0 0 0 0 0 0 0 0 0 68.89657917 0 0 0 0 53.59805991 0 0 0 0 0 0 0 0 0 0 0 0 0 0 0 0 0 0 0 0 0 0 0 0 0 0 0 0 0 0 0 0 0 0 0 0 0 0 0 0 0 0 4.905560569 0 0 0 0 0 0 0 0 0 0 0 0 0 0 16.33710875 0 0 0 0 0 0 0 0 0 0 0 0 0 0 0 0 0 0 0 0 0 0 0 0 1.628265302 0 0 2.695892105 0 0 0 0 0 0 0 0 1.909400809 0 0 0 0 0 0 0 0 0 0 0 0 0 0 0 0 0 0 0 1.504616473 0 0 0 0 0 0 0 0 0 0 0 0 0 
8.688215646 0 0 0 0.03615500342 0 0 0.233795104 0 0 0 0 0 0 0 0 0 0 0 0 0 0 0 0 3.478646283 0 0 3.190023902 0.0423211377 0 0 0 0 0 0 0 0 0 0 0 0 0 0 0 0 0 0 0 0 0 2.13462183 0 0 0 0 0 0 0 2.868046501 0 1.446328675 0 0 0 0 0 0 0 0 2.639663291 0 0 0 0 5.459355315 0 0 0 0 0 0 6.843476647 0 0 0.7316331343 0 0 0 0 0 0 0 0 0 0 0 7.479054247 0 0 0 0 0 0 0 0 0 0 0 0 0 0 0 0 0 0 0 0 0 0 0 0 0 0 0 0 8.288164045 0 0 217.9317536 0 58.27331702 0 0 0 0 0.794171633 0 0 0 0 0 0 160.6853187 0 0 0 0 0 0 0 174.0702533 112.4631331 0 0 0 76.95337782 0 0 0 0 0 0 0 0 0 0 0 0 0 0 0.01426595187 0 0 0 0 0 0 0 3.944598499 0 0 0 0 0 3.801956616 0 0.6001770663 0 0 0 0 0 0 8.816908659 0 0 0 0 0 0 0 0 0 0 0 0 0 0 0 0 0 0 0 0 0 0 0 0 0 0 0 0 0 0 0 0 0 0.1194462469 0.1511328986 0 0.05534739288 0 0 0.2920750591 0 0 0 0 0 0 0 0 0 0 0 0 0 0 0 0 0 0 0 0 0 0 
0 0 0.7454231233 0 0 0 0 0 0 0 3.743342212 0 0 0 0 0 0 0 0 0 0 0 0 0 0 0 0 0 0 0 0 0 0 0 0 0 0 0 0 0 0 0 0 0 0 0 0 0 0 0 0 0 0 0 0 0 0 0 0 0 0 0 0 0 0 0 0 0 0 0 0 0 0 0 0 0 0 16.87790038 0 0 0 9.696253745 0 0 0 0 0 0 0 0 52.56378631 0 117.3787324 0 0 0 0 0 0 0 0 4.246101603 0 0 0 0 0 0 0 0 0 0 0 0 0 0 0 0 54.65116086 0 0 0 0 0 0 0 0 0 0 4.93739024 0 0 202.0099003 0 0 0 0 0 0 191.3618362 0 0 0 0 0 0 0 0 0 0 0 0 0 0 0 0 0 0 0 0 0 0 0 0 8.001445473 0 0 0 0 0 0 0 6.154740435 9.384863958 0 0 0 0 0 0 0 0 0 0 0 0 0 0 0 0 0 0 0 0 0 0 0 0 0 0 0 0 0 0 0 0 0 0 0 0 0 0 0 0 0 0 0 0 0 0 0 0 0 0 0 0 0 0 0 0 0 0 0 0 0 0 0 0 0 0 0 0 0 0 0 0 0 0 0 0 0 0 0 0 0 0 
0.2758286136 0 0 0 0 0 0 0 0 0 0 0 0 0 0 0 0 0 0 0 0 0 0 0 0 0 0 0 0 0 0 0 0 0 0 0 0 0 0 4.99543752 0.001629836926 0 0 0 0 0 0 0 0 0 0 0 0 0 5.215421768 0 2.730088415 0 0 0 0 0 0 0 0 1.089332173 0 43.71808699 0 0 0 0 0 0 0 0 0 0 0 0 0 0 0 3.420510502 4.768681238 0 0 0 0 0 0 0 0 0 0 0 0 0 0 0 0 0 0 90.22399126 0 0 0 0 0 0 0 0 0 0 0 1.664176509 0 0 0 0 0 0 0 78.81652996 0 0 0 4.410993507 0 0 0 0 0 0 0 0 0 0 0 0 0 0 0 0 0 0 0 0 0 0 0 4.023809551 0 0 0 0 0 1.532257156 0 0 28.23967987 308.6091868 8.158769848 0 0 0 0 0 0 0 0 0 0 65.86319954 0 0 0 0 0 1.553681019 0 0 0 0 0 0 0 0 0 0 0 0 0 0 0 0 0 0 0 0 0 2.43324494 0 0 0 0 0 0 0 0 0 0 0 0 0 0 0 0 0 0 0 0 0 0 0 0 0 0 0 0 0 0 0.5573041141 0 0 0 0 0 0 0 0 0 0 0 0 0 0 0 0 0 0 0 0 0 0 0 
7.243166465 0 0.02187032209 0 0 0 0 0 0 0 0 0 0 0 0 0 0 0.2137258166 0.1757941326 0 0 0 0 0 0 0 0 0 0 0 0 0 0 0 0 0 0 0 0 0 0.2833036996 0 0 9.157725152 0 0 0 0 0 5.032482728 0 0 0 0 0 0 0 9.739913413 0 0.699447795 0 0 0 0 0 0 0 0 0 0 0 0 0 0 0 0 0 0 0 0 0 0 0 177.7634238 0 0 2.307617955 0 0 0 0 0 0 0 0.4355664562 2.038821238 0 0 0 0 0 0 0 0 0 0 0 0 0 0 0 0 0 0 0 0 0 0 0 0 0 0 0 0 0 0 0 0 0 0 283.1042972 0 0 0 0 0 0 0 0 0 0 0 0 0 0 0 0 0 0 0 0 0 0 0 0 0 0 0 0 0 5.186748342 0 0 0 0 0 0 0 0 0 0 0 0 0 4.067327742 0 0 0 0 0 0 0 0 0 0 0 0 0 0 0 0 0 0 0 0 0 0 0 0 0 0 0 0 0 0 0 0 0.9544567708 0 0 0 9.789410993 0.9510457469 0 0 0 0 0 1.060618008 0 0 0 0 0 0 0 0 0 0 0 0 0 5.672742466 0 0 0 0 0 0 0 0 0 0 0 0 0 0 0 0 0 0 0 0 0 0 0 
0 0 0 0 0 0 0 0 0 0 0 0 0 0 0 0 0 0 0 0 0 0 0 0 0 0 0 0 0 0 0 0 0 0 0 0 0 2.228116497 0 0 0 0 0 0 0 0 0 0 0 0 0 4.345576868 0 0 0 0 0.003349808772 0 0 0 0 0 0 0 0 0 0 0 0 0 0 0 0 0 0 0 0 0 0 0 0 0 8.916389361 0 0 0 0 0 0 0 0 0 0 0 0 0 0 0 0 0 0 0 0 0 0 0 0 0 0 0 0 0 0 65.41241811 0 0 0 0 0 0 0 0 154.4006846 0 0 0 0 0.9038391333 0 0 0 0 0 0 0 3.214085637 0 0 0 0 0 0 99.61400576 0 0 0 0 0 0 0 0 0 0 0 0 0 0 0 0 0 0 0 0 0 0.5489851527 0 0 0 0 0 0 0 4.30812157 0 2.039401177 0 0 0 0 0 0 0 0 0 0 0 0 0 2.907022255 0 0 0 0 0 0 0 0 0 0 0 0 0 0 0 0 0 0 0 0 0 0 0 0 0 0 0 0 0 0 0 0 0 0 0 0 0 0 0 0 0 0 0 0 0 0 0 0 0 0 0 0 1.717489422 0 0 0 0 0 0 0 0 0 0 0 0 0 0 
0 0 0 0.01265429837 0 0 0 0 0 0 0 0 0 0 0 0 0 0 0.2497275695 0 0 0 0 0 0 0 0 0 0 0 0 0 0 0 0 0 0 0 0 0 0 0 0 0 0 0 0 0 1.435126634 0 0 0 0 5.624763365 0 0 0 0 0 0 0 0 0 0 0 0 0 0 0 0 0 0 0 0 0 0 0 8.269438571 0 0 0 0 0 0 0 0 0 0 0 0 0 0 0 0 0 0 0 0 0 0 0 0 0 0 0 0 0 0 0 0 0 0 0 0 0 0 0 0 0 0 0 0 0 0 0 0 0 0 0 0 0 0 0 0 0 0 0 0 0 0 0 0 0 0 0 0 0 0 0 0 0 0 0 0 0 0 0 0 0 0 0 0 0 3.909098666 0 0 0 0 0 0 0 0 0 0 0 2.245114214 0 0 0 0 0 0 0 0 0 0 0 0 0 0 0 0 0 0 0 0 0.1819908268 0 0 0 0 6.760161501 0 0 0 0 0 0 0 0 0 0 0 0 0 0 0 0 0 0 0 0 0 0 0 0 0.03664271845 0 0 0 0 0 0 0 0 0 0 0 0 0.7110457298 0 0 0 0 0 0 0 0 0.111832451 0 0 0 0 0 0 0 
0 0 0 0 0.5406203465 0 0 0 0 0 0.8722326769 0 0 0 0 0.2203648752 0 0 0 0 0 0 0 0 0 0 0 0 0 0 0 0 0 0 0 0 0 0 0 0 0 0 0 0 0 0 0 0 0 0 0 0 0 0 0 0 0 0 0 0 0 0 0 0 0 0 0 0 0 0 0 0 0 0 0 0 0 0 0 0 0 0 0 0 0 0 0 0 0 0 0 0.6099192784 0 0 33.37674894 0 0 0 0 0 0 0 0 0 0 0 0 0 0 0 0 0 0 0 0 0 0 0 0 0 0 0 0 0 0 0 0 0 0 0 0 0 0 0 0 0 0 0 0 0 0 0 0 0 0 0 0 0 0 0 0 0 0 0 0 0 0 0 0 6.304493524 0 0 0 0 0 0 0 0 0 0 0 0 0 0 0 0 5.467710117 0 0 0 0 0 0 0 0 0 0 0 0 0 0 0 0 0 0 0 0 0 0 0 0.09157055441 0 0 0 0 0 0 0 0 0 0 4.460615405 6.923169598 0 0 0 0 0 0 0 0 0 0 0 0 0 0 0 0 0 0 0 0 0 0 0 0 0 0 0 0 0 0 0 0 0.1125164504 0 0 0 0.05874704803 0 0 0 0 0 0 
0 0 0 0 0 0 0 0.8134992508 0 0 0 0 0 0 0 0 0 0 0 0 0 0 0.05246397427 0 0 0 5.694984967 0 0 0 0 0 0 0 0 0 0 0 0 0 0 0 0 0 0 0 0 0 0 0 0 0 0 0.3754540841 0 4.651145625 0 0 0 0 0 0 0 0 0 3.869613698 0 0 0 0 0 0 0 0 0 0 0 0 0 0 0 0 0 0 0 6.936916846 0 0 4.321996735 0 0 0 0 0 0 0 0 0 0 0 0 0 16.64451189 0 0 0 0 0 0 0 47.82112675 0 0 0 0 0 0 0 0 0 0 0 0 0 0 0 0 0 0 0 0 0 0 0 0 0 0 0 0 0 0 0 0 48.07335706 0 0 0 0 0 0 0 0 0 0.9181838394 0 0 0 0 6.170585282 0 0 5.988824575 0 0 0 0 0 0.8775445011 0 0 0 0 0 0 0 0 0 0 0 0 0 0 0 0 0 0 0 0 0 3.366626793 0 0 0 5.018809223 0 0 0 0 0 0 0 0 0 0 0 0 0 0 0 0 0 0 0 0 0 1.316545486 0 0 0 0 0 0 0 0 0 0 0 0 0 0 0 0.003715928759 0 0 0 0 0.05592422093 0.2655253061 0 0 0 0 0 0 0 0 0 0 0 0.1544604811 0 0 0 0 0 0 
0 0 0 0 0 0 0.346048101 0 0 0.3271929797 0 0 0 0 0 0 0 0 0 0 0 0 0 0 0 0 2.920380964 0 0 0.119762166 0 0 0 8.70562889 0 0 0 0 0 0 0 0 7.212891376 0 0 0 0 0 0 0 0 0 0 8.834089312 0.09063333172 0 0 0 0 0 0 0 0 0 0 0 0 0 0 0 0 0 0 0 15.31510692 0 0 0 0 0 0 0 0 0 0 0 0 0 0 0 0 0 0 0 0 0 0 0 0 0 0 0 0 0 0 0 0 0 0 0 0 0 0 0 0 0 0 0 0 0 0 0 0 0 0 0 0 0 0 0 0 0 0 0 0 4.996791083 0 0 0 0 0 0 114.9199985 0 4.402723331 0 0 0 0 0 0 0 0 2.654975874 0 0 297.0510548 0 92.07329697 0 0 2.554784302 0 0 0 0 0 0 0 0 0 0 0 0 0 0 0 0 0 0 1.56811435 0 0 0 0 0 0 0 0 0 0 0 0 0 3.104406264 0 0 0 0 0 0 0 0 0 0 0 0 0 0 0 0.4242473727 0 0 0 0 0.008503771133 0 0 6.280619103 0 0 0 0.4632603209 0 0 0 0 0 0 0 0 0.06656040897 0 0 0 0 0 0 0 0 0 0 0 0 0.9405612451 0 0 0 0 0 0 0 0.09555461755 0 0 0 
0 0 0 1.636062813 0 0 0 0 0 0 0 0 0 0 0 0 0 0 0 0 0 0 0 0 0 0 0 0 0 0 0 0 0 0 0 0 0 0 0 0 0 0 0 0 0 0 0 0 0 0 0 0 0 0 0 0 0 0 0 0 0 0.008166315994 0 0 0 0 0 0 0 0 0 0 0 0 0 0 0 0 0 0 0 0 0 0 0 0 0 0 0 0 0 0 0 0 0 0 0 0 0 0 0 0 0 0 0 0 0 0 0 4.839859604 0 0 0 0 0 0 0 0 0 0 0 0 0 0 0 0 0 0 0 0 0 0 0 0 0 0 0 0 0 0 0 0 0 0 0 0 0 0 0 0 0 0 0 0 0 61.93586925 0 0 0 0 0 0 0 0 0 0 0 0 0 0 0 0 0 0 0 0 0 0 0 0 0 0 0 0 2.497236467 0.4509461123 0 0 0 0.102769737 0 0 0 4.43972713 0 0 0 0 0 0 0.02995563675 0.4227139077 0 0 0 0 0 0 0 0 0 0 0.1065150217 4.037381096 0 0 0 0 0 0 8.165204419 0 0 0 0 0 0 0 0 0 0 0 0 0 0 0 0 0 0 0.4549707785 0 0 0 0 0 0 0 0 0 0 0 0 0 0 0 0 
0 0 0 0 0 1.267177227 0 0.2901464642 0 0 0 0 0 0 0 0 0 0 0 0 0 0 0 1.531744693 0 0 0 0 0 0 0 0 0 0 0 0 0 0 0 0 0 0 0 0.02922754634 0 0 0 0 0 0 0 0 0 0 0 0 0 0 0 0 0 0 0 0 0 0 0 0 0 0 0 0 0 0 0 0 0 0 0 0 0 0 0 0 0 0 0 0 9.561083337 0 0 0 0 0 0 0 0 0 0 0 0 0 1.674456939 0 0 0 14.77875722 0 0 0 0 0 0 0 0 0 0 0 0 0 0 0 0 0 0 0 0 0 0 0 0 0 0 0 0 0 0 0.7085187307 0 0 0 0.1333597899 0 0 0 0 0 0 0 0 0 5.096883912 0 0 0 7.217958489 0 0 0 0 0 0 0 0 0 0 0 0 3.182828689 0 0 49.37012453 0 0 0 0 0 0 0 0 0 0 0 0 0 0 0 0 0 0 0 0 0 0 0 0 0 0 0 1.519314487 0 0 0 0 0 0 0 0 0 0 0 0 0 0 0 0 0 0.3463282092 0 0 0.3167355288 0 0 0 0 0 0 0 0.9218453232 0 0 0 0 0 0 0.2833847668 0 0 0 0 0 0 0 0 0 0 0 0 0.4469409643 0 0 0 0 0 0 0 
0 0 0 0 0 0 0 0 0 0 0 0 1.090567679 0 0 0.149597661 0 0 0 0 0 0 0 0 0 0 0 0 0 0 0 0 0 0 0 0 1.041583673 0 0 0 0 0 0 0 0 0 0 0 0 0 0 0 1.045585638 0 0 0 0 0 0 0 0 0 0 0 0 0 0 0 0 0 0 0 0 0 0 0 0 0 0 0 0 0 2.545147842 0 0 0 0 0 0 0 0 0 0 0 0 0 0 0 0 22.76688632 0 0 0 0 0 0 0 0 0 161.0534528 0 0 0 0 0 0 0 0 0 0 0 0 30.39317516 0 0 0 0 0 0 0 0 0 86.3418405 5.114629669 0.6369951318 0 0 0 0 0 0 0 0 0.6057763151 0 0 0 0 0 0 0 4.698479541 13.58261919 0 0 0 0 0 0 0 0 0 0 0 0 0 0 0 0 0 0 0 0 0 0 0 0 0 0 0 0 0 0 0 0 0 0 0 0 0 7.006490359 0 10.20602248 0 0 0 0 0 0 0 0 0 0 0 0 0 0 0 6.340043513 0 0 0 0 0 0 0 0 0 0 0 0 0 0 0 0 0 0 1.460429772 0 0 0 0 0 0 0 0 0 0 0 0 0.005672430706 0 0 0.000631749569 0 0.03775036338 0 0 0 0 0 0 0 0 0 0 
0 0 0 0 0 0 0 0 0 0 0.02848160874 0.08797891496 0 0 0 0 0 0 0 0 0 0 0 0 0 0 0 0 0 0 0 0 0 0 0 6.009368015 0 0 0.2805786027 0 0 0 0 0 0 0 0 0 0 0 0 0 0 0 0 1.281814004 0 0 0 0 0 0 0 0 0 0 0 0 0 0 0 0 0 0 0 0 0 0 0 0 4.201177906 0 0 0 5.082096776 0 0 0 0 0.5863802795 0 0 0 0 0 0 0 0 0 0 0 0 0 0 0 0 2.643077343 0 0 0 0 0 0 0 0 0 0 0 0 0 0 0 0 0 0 0 0 0 0 0 0 0 0 0 0 0 0 0 0 0 0 0 0 0 0 0 0 0 0 0 0 0 0 0 0 0 0 0 0 0 0 0 0 0 0 0 0 0 0 0 0 0 0 0 0 0 0 0 0 0 0 13.49388836 0 0 0 5.970919351 0 0 0 0 0 0 0 0 0.04085272463 0 0 0 0 0 0.005967365796 0 0 0 0 8.565399679 0 0 0 0 2.66801355 0 0 0 0 0 0 0 0 0 0 0 0 0 0 0 0 0 0 0 0 0 0 0 0 0 0.08555638521 0 0 0 0 0 0 0 0 0 0 0 0 0 0 0.2299499061 0 0 0 0 
0.2023232321 0 0 0 0.06716906697 0 0 0 0 1.455802636 0 0.5046918602 0 0 0 0 0 0 0 0 0 0 0 0 0 0 0.1367183449 0 0 0 0 0 0 0.4489199438 0 0 0 0 0 4.906049279 0 0 0 0 0 0 0 0 0 0.07132673333 0 0 0 0 0 1.177579112 0 0 0 0 0 0 0 0 0 0 0 0 0 0 0.5445153398 0 0 0 0 0 0 0 0 0 0 0 0 0 0.2812417013 0 1.327014889 0 0 0 0 0 0 0 0 0 0 0 0 8.665912069 0 6.708657628 0 0 0 0 0 0 0 0 0 0 0 0 0 0 0 0 0 0 0 0 0 0 0 0 0 0 64.30341927 0 0 0 0 0 0 0 0 0 0 4.25314589 0 0 0 0 0 0 0 0 0 0 0 0 0 0 0 0 0 0 0 0 0 0 0 0 0 0 0 0 0 0 0 0 0 0 0 0 0 0 0 0 0 0 0 0 0 0 0 0 0 0 0 0 0 0 0 0 0 0 0 0 0.4294150657 0 0 0 0.861563669 0 0 0 0 0 0 0 0 0 0 0 0 0 0 0 0 0 0 0 0 0 0 0 0 0 0.1426552711 0 0 0 0 0.1197396959 0 0 0 0 0 0 0 0 0 0 0 0 0 0 0 0 0 0 0 0 
0 0 0 0 0 0 0 0 0.484210542 0 0.09484688339 0 0 0 0 0 0 0 0 1.579523607 0 0 0.9253720057 0 0 0 0 0 0 0 0.1114244628 0 0 0 3.102474544e-05 0 0 0 0 0 0 0 0 0 0 0 0 0 0 0 0 0 0 0 0 0 0 0 0 0 0 0 0 0 0 0 0 0 0 0 0 0.4765884141 0 0 0 0 0 0 0 0 0 0 0 0 0 0 0 0 0.8804032544 0 0 0 0 0 0 0 0 0 0 0 0 0 0 0 0 0 0 0 0 0 6.733523783 0 0 0 0 0 0 0 0 0 0 0 0 0 0 0 0 0 0 0 0 0 0 0 10.78228931 0 0 0 0 0 0 0 0 0 0 0 0 0.03541627971 0 0.09892531464 0 0 0 0 0 0 0 0 0 0 0 0 0 0 0 0 0 0 0 0 0 0 0 0 0 0 0 0 0 0 0 0 0 0 0 0 0.5612461088 0 0 0 0 0 0.0002019726897 0 0 0 0 0 0 0 0 0 0 0 0 0 0 0 0 0 0 0 0 0 0 0 0 0 0 0 0 0 0 0 0 0 0 0 0 0 0 0 0 0 0 0 0 0 0 0 0 0 0 0 0 0 0.4055663186 0 0 0 0 0 0 0 0 0 
0 0 0 0 0 0 2.864346924 0 0 0 0 0 0 0 0 0 0 0 0 0.7560201784 0 0 0 0 0 0 0.3127405038 0 0 0 0 0 0 0 0 0.2870654794 0 0 0 0 8.930865601 0 0 0 0 0 1.352192402 0 0 0 0 0 0 0 0 0 0 0 0 0 0 0 0 1.548958708 0 0 0 0 0 0 0 0 0 0 0 0 0 0 0 0 0 0 3.555856035 0 0 0 0 0 7.415431222 0 0 0 0 3.541797717 6.452628903 0 0 0 8.22796308 0 0 0 0 0 0 0 0 1.610685687 0 0 0 0 0 0 0 0 0 0 0 0 0 0 0 0 0 0 0 0 0 0 0 0 33.06016548 0 0 0 0 0 0 8.694208387 0 0 0 0 0 0 0 0 0 0 4.354126382 0 0 0 0 0 0 0 0 0 0 0 0 0 0 0 0 0 0 0 0 0 0 0 0 0 0 0 0 0 0 0 0 0 0 0 0 0 0 0 0 0 0 0 0 0 0 0 0 0 0 0 0 0 0 0 0 0 0 0 0 0 0 0 0 0 0 0 0 0 6.887868445 0 0 0 0 0 0 1.339008467 0 0 0 8.137834552 0 0 0 0 0 0 0.4732749807 0 0 0 0 0.09073866679 0 0 0 0 0 0 0 0 0 0 0 0.1679033453 
0 0 0 0 0 0 0 0.485015998 0 0 0 0 0 0 0 0 0 0 0 0 0 0 0 0 0 0 0 0 0 0 0 0 0 0 0 0 0 0 0 0 0 0 0 0 0 0 0 0 0 0 0 0 0 0 1.073126287 0 0 0.09295816278 0 0 10.16923733 0 0 0 0 1.429824459 0 0 0 0 0 0 0 2.024248568 0 0 0 0 0 0 1.117815573 0 0 0 0 0 0 0 0 0 0 0 0 0.8195379695 0 0 0 0 0 0 0 0 0 0 0 0 2.918821779 0 0 0 0 41.39897158 0 0 0 0 0 0 0 0 0 0 0 0 3.718501762 0 0 0 0 0 0 4.75781791 0 0 0 0 0 0 0 10.05329039 0 5.980829964 0 0 0 0 0 0 0 0 0 0 0 0 0 0 4.258984821 0.04329152914 0 0 0 0 0 0 0 0 0 0 0 0 12.85691772 0 0 0 0 0 0 0 6.382502067 0 0 0 0 0.06055172553 0 0 0 0 0 0 0 0 0 0 0 0 0 0 0 0 0 0 0 0 0 0 0 0 0 0 0 0 0 0 0 0 0 0 0 0 0 0 0 0 0 0 0 0 0 0.2935178277 0 0 0 0 0 0 0 0 0.3566550572 0.9425851921 0 0 0 0 0 0 0 0 0 0 0 0 0 0 0 0.1560685106 
0 0 0 0 0 0 0 0 0 0 0 0 0 0 0 0 0 0 0 0 0 0 0 0 0 1.020571989 0 0 0 0 0 0 0 0 0 0 0 0 0 0 0 0 0 0 0 0 0 0 0 0 0 0 0 0 0 0 0 0 0 0 0 0 0 0 1.018755463 0 0 0 0 0 0 0 0 0 0 0 0 0 0 0 0 0 0 0 0 0 0 0 0 0 0.8747581672 6.674623573 0 0 0 0 8.720914784 0 0 0 0 0 0 0 0 0 0 0 0 0 0 0 0 0 0 0 0 0 0 0 0 0 0 0 0 0 0 0 0 0 0 0 0 0 0 0 0 0 0 43.7524258 0 0 0 0 0 0 0 0 0 0 0 0 0 6.342136541 0 0 0 0 0 0 0 0 0 0 0 0 8.291669853 0 0 0 0 0 0 0 0 0 4.253335983 0 0 0 0 0 0 0 0 0 0 0 0 0 0 0 0 0 0 0 0 0 0 0 0 0 0 0 0 0 0 0 0 0 0 0 0 0 0 0 0 0 0 0 0 0 0 0 0 0 0 0.1490260309 0 0 0 0 0 0 0 0 0 0 0 0 0.09378164758 0 0 0 0 0 0 0 0.1173189117 0 0.0754385002 0 0 0 0 0 
0 0 0 0 0 0 0 2.569744081 0 0 0 0 0 0 0 0 0 0 0 0 0 0 0 0 0 0 0 0.08076735585 0 0 0 0 0 0 0 0 0 0 0 0 0 0 0 0 0 0 0 0 0 0 0 0 0 0 0 0 0 0 18.9929517 0 0 0 0 0 0 0 0 0 0 0 0 0 0 0 0 0 0.4481606323 0 0 0 0 0 0 0 0 0 0 0 0 0 0 0 0 0 0 0 0 6.30473445 0 0 0 0 0 0 60.3750375 0 0 0 0 0 0 0 0 0 0 0 0 0 0 0 0 0 0 0 0 0 0 107.0700676 0 0 0 0 0 0 0 0 0 0 0 0 0 0 0 0 0 0 0 0 0 0 0 0 0 0 0 0 0 0 0 0 0 0 0 0 0.2450648747 0 0 0 0 0 0 0 0 0 0 4.083533605 0 0 0 0 0 0 0.8909461656 0 0 0 0 0 0.9708832122 0.9868280742 0 0 0 7.953895013 0 0 0 0 0 0 0 0 0 0 0.1864093972 0 0 6.697816652 0 0 0 0 0 0 0 0 0 0 0.07578340334 0.1053006756 0 0 0 0 0 0 0 0 0 0.2719717582 0 1.418985016 0 0.08112970661 0 0 0 0 0 0 0 0 0.2471463643 0 0 0 0 0 0 0 0 0 0 0 0 0 
0 0 0 0 0 0 0 0 0 0 0.1316965151 0 0 0 0 0 0 0 0 0 0 0 0 0 0 0 0 0 0 0 0 0 0 0 0 0 0 0 0 0 0 0.1581608368 0 0 0 1.357683881 0 0 0 0 0 0 0 0 0 0.7176459587 0 0 0 0 0 0 0 0 0 0 0 0 0 0 0 0 0 0 0 0 0 0 0 0 0 0 0 0 0 0 0 0 0 0 0 0 0 0 0 0 0 0 0 0 0 0 0 0 0 0 0 0 0 0 0 0 0 0 0 0 0 0 0 0 0 0 0 0 0 0 0 0 0.2134914006 0 0 0 0 0 0 0 0 0 0 0 0 0 0 0 0 0 0 0 0 0 0 0 74.21824062 0 0 0 0 0 1.690074074 0 0 0 0 0 0 0 6.593503903 0 0 0 0 0 0 2.644125025 0 0 0 0 0 0 0 0 0 0 0 0 0 0 0 0 0 0 0 0 1.534760623 0 0 0 0 0 0 0 0 0 0 7.815536014 0 0 0 0 0 0 0 0 0 0.4274033012 0 0 0 0 0 0 0 1.277437522 0 0 7.097668431 0 0 0 1.13249684 0 1.3798949e-05 0 0 0 0 0 0 1.529798953 0 0 0 0 0.1151229804 0 0 0 0.1832839657 0.009176188446 0 0 0 0 0 0 
0 0 0 0 0 0 0 0 0 0.1463050258 0 0 0 0 0 0 0 0 0.7026564074 0.02703525591 0 0 0 0.03092941347 0 0.4667110609 0 0 0 0 0 0 0 0 0 0 1.733235814 0 0 0 0 0 0 0 0 0 0 0 0 0 0 0 0 0 0 0 0 0.04744622722 0 0 0 0 0 0 0 0 0.3065737236 0 0 0 0 0 0 0 0 0.2042394135 0 0 0 0 0 0 0 0 0 0.3280379432 0 0 0 0 0 0 0 0 0 0 0 0 0 0 0 0 0 0 0 0 0 0 0 0 4.612447936 0 0 0 0 0 0 0 0 0 0 0 0 0 0 0 0 0 0 0 0 0 0 0 0 0 0 0 0 0 0 0 0 0 0 0 0 0 0 10.5685933 0 0 0 0 0 0 0 0 0 2.09168698 0 0 0 0 0 0 5.279657484 0 0 0.01517937202 0 0 0 0 0 0 0 0 0 0 0 0 0 0 0 0 0 0.5791412106 0 0 0 0 6.472713293 0 0 0 0 0 0 0 0 1.204902058 0 0 0 0 0 0 0 0 0 0 0 0 0 0 0 0 0 0 0 0 0 0 0 0 0 0 0 0 0 0.1825828263 0 0 0 0 0 0 0 0 0 0 0 0 0.009272623433 0 0 0 0 0 0 0 0 0 0 0 
0 0 0 0 0 0 0 0 0 0 0 0 0 0 0 0 0 0 0 0 0 0 0 0 0 0 0 0 0 0 0 0 0 0 0 0 0 0 0 0 0 0 0 0 0 0 0 0 0.08526742039 0 0 0 0 0 0 0 0 9.399008697 0 0 0 0 0 0 0 0 0 0 0 0.08834136429 0 0 0 7.158404885 0 0 0 0 0 0 0 0 0 0 0 0 0 0 1.081823994 0 0 0 0 0 0 5.138541646 0 6.21281525 0 0 0 0 0 0 0 0 0 0 0 0 7.774027345 0 0 0 0 0 0 0 0 0 0 0 0 0 1.175793075 0 5.100528978 0 0 0 0 0 0 0 0 0 0 0 0 3.348210323 0 0 0 0 6.316881514 0.222602428 1.330481505 0 0 0 0 0 0.2232449996 0 0 0 0 0 0 0 0 0 0 0 0 0 0 0 0 0 0 0 0 0 0 0 0 0 0 0 0 0 0 1.451284328 0 0 0 0 0 4.847492521 0 0 0 0 0 0 0 0 0 0 0 0 0 0 0 0 0 0 0 0 0 1.183464009 0 0.013301188 0 0 0 0 1.754518249 0 0 0 0 0 0 0 0 0 0 0 0 0 0 0 0 0 0 0 0 0 0 0 0 0 0 0 0 0 0 0 0 0 0 0 0 0 
0 0 0 0 0.2825226189 0 0 0 0 0 0 0 0 0 0 0 0 0 0 0 0 0 0 0 0 0 0 0 0 0 0.7493709624 0 0 0 0 0 0 0 0 0 0 0 0 0 0 0 0 0 0 0 0 0 0 0 0 0 0 0 0.5245333247 0 0 0 0 0 0 0 0 0 0 0 0 0 0 0 0 0 0 1.795663822 0 0 0 0 0 7.061352317 0 0 0 0 0 0 0 0 0 0 0 0 0 0 0 0 0 0 1.609939611 0 0 0 0 0 0 0 0 0 0 0 0 0 0 0 0 8.347178239 0 0 1.945126822 0 0 0 0 6.140848704 0 0 0 0 0 0 0 0 0 0 0 0 0 0 0 0 0 0 0 0 0.7632584172 0 0 7.253812634 0 0 0 0 0 0 0 0 0 0 0 0 0 0 0 0 0 7.795520433 0 0 0 0 0 0 0 0 0 0 0 0 0 1.361640506 0 0 0 0 0 0 0 0 0 0 0 0 0 0 0 0 0 0 0 0 1.203093236 0 0 0 0 0 0 0 0 0 0 0 0 0 0 0 0 0 0 0 0 0 0 0.194773152 0 0 0.3694855091 0 0 0 0 0 0 0 0 0 0 0 0 0 0 0 0 0.05866722777 0 0 0 0 0.209374392 0 0 0 
0 0 0 0 0 0 0 0 0 0 0 0 0 0 0 0 0.1043116519 0 0 0 0 0 0 0 0 0 0 0 0 0 0 1.191172446 0 0 0 0 0 0 0 0 0 0 0 1.477362264 0 0 0 0 0 0 0 0 0 0 0 0 0 0 0 0 0 0 1.554933046 0 0 0 0 0 0 0 0 0 0 0 0 0 0 0 0 0 0 0 1.21797934 0 0 0 0 0 0 0 0 0 0 0 0 1.119685854 0 0 0 0 0 0 0 0 0 0 0 0.0293510398 0 0 0 0 0 0 0 0 0 0 0 0.2758465958 0 0 0 0 0 0 0 0 0 0 0 0 0 17.83465353 0 0 0 0 0 0 0 0 0 0 0 0 0 0 10.37029002 0 0 0 0 0 0 0 0 0 0 0 0 0 0 0 0 0 0.1029695294 0 0 0 0 0 2.671180289 0 0 0 0.9884160207 0 0 0 0 0 0 0 0 0 0 1.330226009 0 0 0.9533959802 0 0 0 0 0 0 0 0 0 0 0 0 0 0 0 0 0 0 0 0 0 1.31086421 0 0 0 0 0 0 0 0 0 0 0 0 0 0 0.5286154071 0 0 0 0 0 0 0 0 0 0 0 0 0 0 0 0 0 0 0 0 0 0 0 0 0 0 0 0 
0 0 0 0 0 0 0 0 0 0 0 0 0 0 0 0 0 0 0 0 0 0 0 0 0 0 0 0 0 0 0 0 0 0 0 0.3610568345 0 0 0 0.1920289766 0 0 0 0 0.7360088481 1.006720935 0 0 0 0 0 0 0 0 6.037985526 0 0 0 0.1410267695 0 1.105048452 0 0 0 0 0 0 0 0 0 0 0 0 0 0 0 0 0 0 0 0 0 0 0 0 0 0 0 0 0 0 0 0 0 0 0 0 0 0 0 0 0 0 0 0 0 0 1.189618721 0 0 0 0 0 0 0 0 0 0 0 0.5634527188 0 0.1657836645 0 0 0.07104993927 0 0 0 0 0 0 0 0 0.3118816778 0 0 0 0 0 0 0 0 0 0 0 0 0 0 0 0 0 0 0 0 0 0 8.688008157 0 0 0 0 0 0 0.3187091404 0 0 0 0 0 0 0 0 0 0 0 0 0 0 0 0 0 0 0 0 7.028139513 0 0 0 0 0 0 0 0 0.5091578946 0 0 0 0 0 0 0 0 0.2825302241 0 0 0 0 0 0 0 0 0 0 0 0 6.149010848 0 0 0 0 0 0 0 0 0 0 0 0 0 0 0 0 0 0 0 0 0 0 0 0 0 0 0 0 0 0 0 0 0 0 0 0 0 0 0 0 
0 0 0 0 0 0 0 0 0 0 0 0 0 0 0 0 0 0 0 0 0 0 0 0 0 1.362700528 0 0 0 0 0 0 0 0 0 0 0 0 0 0 0 0 0 0 0 0 0 0 0 0 0 0 0.1503395928 0 0 0 0 0 0 0 0 0 1.810040735 0 0 0 0 0 0 0 0 0 0 0 0 0 0 0 0 8.278133182 0 0 0 0 0 0 0 0 0 0 6.616427058 0 0 0 0 1.113558719 0 0 0 0 0 0 0 0 0 0 0 0 0 0 4.902966809 0 0 0 0 4.672160642 0 0 0 0 0 0 0 0 0 0 0 0 0 0 0 0 0 0 0 0 0 0 0 6.661612127 0 0 0 0 0 0 0 0 4.204410471 0 0 0 0 5.591345136 0 0 0 0 0 0 0.3405725485 0 0 0 0 0 0 0 7.031608795 0 0 0 0 0.1906658693 0 0 0 0 4.535513047 0 0 0 0 0 0 0 0 4.24372647 0 1.700609168 0 0 0 0 0 0 0 0 0 0.04568530226 0 0 0 1.099426133 0 0 0 0 0 1.106022272 0 0 0 0 0 0 0 0 0 0 0 0 0 0 1.290635718 0 0 0 0 0 0 0 0 0 0 0 0 0 0 0 0 0 0 0 0 0 0 0 0 0 0 0 0.001254007949 0 0 0 
3.513533136 0 0 0 0 0 0 0 0 0.4186898038 0 0 0 0 0 0 1.655215235 0 0 0 0 0 0 0 0 0 0 0 0 0 0 0.4750337623 0 0 0 0 0 0 0 0 0 0 0 0 0 0 0 0 0 0 0 0 0 0 0 0 0 0 0 0 0 0.07494217674 0 6.965627803 0 0.9314587982 0 0 0 0 0 0 0 0 0 0 0 0 0 0 0 0 0 0 0 0 0 0 0 7.631451384 0 0 0 0 6.374597799 0 0 0 0 0 0 0 0 0 0 7.465935392 4.650882475 0 0 0 0 6.199840382 0 1.035919063 0 0 0 0 0 0 0 0 1.212954717 0 0 6.783414054 0 0 0 0 0.06516469815 0 0 0 0 0 0.9920170222 0 8.314625137 1.228458211 0 0 9.733297658 0 0 0 0 0 0 0 0 0 0 0 0 2.134272568 3.944994685 0 0 0 0 0.001597380287 0 0 0 0 0 0 0 0 0.005671151274 0 0 0 0 0 0 0 0 0 0 0 0 0 0.4544073137 0 8.282315579 0 0 0 0 0 0 0 0 0 0 0 0 0 0 0 0 0 0 0 0 0 0.1869814416 0 0 0 0 0 0 0 0 0 0 0 0 0 0 0 0 0 0 0 0 0 0 0 0 0 0 0 0 0 0 0 0 0 0 0 0 0.003027232612 0 0 0 0 0 0 0 0.1531303436 0 0 
0 0 0 0.1379893443 0 0 0 0 0 0 0 0 0 0 0 0 0 0 0 0 0 0 0 0 0 0 0 0 0 0 0 0 0 0 0 0 0 0 0 2.769777311 0 0 8.044868107 0 0 0 0 0 0 0 0 0 0 0 0 0.01448991768 0 0 0 0 0 0 0 0 0 0 0 0 0 0 0 0 4.943368739 0 0 0.04847489998 0 0 0 0 1.464369025 0 0 0 0 0 0 0 0 0 0 0 0 0 0 0 0 0 0 0 1.02172072 0 2.772944586 0 0 0 0 0 0 0 0 5.553306168 0 0 0 3.102550056 0 0 0 0 0 0 0 0 0 0 0 0 0 0 0 0 0 0 0 0 0 0 0 0 0 0 0 0 0 0 0 0 0 0 0 0 0 0 0 0 0 0 8.788372265 0 0 0 0 0 0 0 0 0 0 0 3.579721519 0 0 0 0 0 0 0 0 0 0 0 0 1.6950849 0 0 0 0 0 0 0 0 0 0 0 0 0 0 0 0 0 0 0 0 0 0 0 0 0 0 0 0 0 0 0 0 0 0 0 0 0 0 0 0 0 0 0 0 0 0 0 0 0 0 0 0 0 0 0 0 0 0 0 0 0 0 0 0 0 0 0 0 0 0 0 0 
0 0 0 0 0 0 0 0 0 0 0 0 0 0 0 0 0 0 0 0 0 0 0 0 0 0 0 0 0 0 0 0 0 0 0 0 0 0 0 0 0 0 0 0 0.2849208678 0 0 0.4037523856 0 0 0 0 0 0 7.976389023 0 0 0 0 0 0.5864114604 0 0.936228866 0 0 0 0 0 0 0 0 0 0 0 0 0.8118091396 0 0 0 0 0 0 0 0 0 0 6.325787362 0 0 5.479391149 0 0 0 0 0 1.045020842 0 0 0 0 0 1.007963207 0 0 0 0 0 0 0 0 0 0 0 0 0 0 0 0 0 0 0 0 0 0 0 0 113.26127 0 0 0 0 0 0 0 0 0 0 0 0 0 2.79844332 0 0 0 0 0 0 0 0 0 0 0 0 0 2.848656633 0 0 0 0 0 0 0 1.089947527 0 0 0 0 0 0 0 0 0 0 0 0 0 3.176354038 0 5.923698854 0 0 0 0 0 0 0 0 0 0 0 0 7.088075955 0 0 0 0 0 0 2.467784289 0 0 0 0 0 0 0 0 0 0 0 0 0 0 0 0 0 0 0 0 0 0 0 0 0 0 0 0 0 0 0 0 0 0 0 0.86894772 0 0 0 0 0 1.558970321 0 0 0 0 0 0 0 0 0 0 0 0 0 0 0 
0 0 0 0 0 0.2634028638 0 0 0 0 0 0 0 0 0 0 0 0 1.284448363 0 0 0 0 0 0 0 0 0 0 0.05664208897 0 0 0 0 0 1.472257797 5.21038023 0 0 0 0 0 0 0 0 0 0 0.9880188396 0 0 0 0 0 0 0 0 0 0 0 0 0 0 0 0 0 0 0 0 0 0 0 0 0 0 0 0 0 0 0 0 0 0.1710098706 0.532358391 3.121970145 0 0 0 0 0 0 0 0 0 0 10.23191744 0 0 0 0 0 0 0 0 0 0 0 1.42162393 0 0 0 0 0 0 0 0 0 0 8.454973306 0 0 0 0 0 0 0 0 0 0 0 0 0 0 0 0 0 0 0 0 0 0 0 0 0 0 0 0 0.6079446777 0 0 0.002199166562 0 4.923697963 0.1197736814 0 0 7.132102171 0 0 0 0 0 0 0 0 0 0 0 0 0 0 0 0 0 0 0 0 0 0 0 0 0 0 0 0 0 7.359798499 0 0 0 0 0 0 0 0 0 0 0 0 0 0 0 0 0 0 0 0 0 0 0 0 0 0 0 1.011172015 0 0 0 0 0 0 0 0 0 0 0 0 0 0 0 0 0 0 0 0 0 0 0 0 0 0 0 0 0 0 0 0 0 0 0 0 0 0 0 0 0 0 
0 0 0 0 0 0 0 0 0 0 0 0.09704070092 0 0 0 0 0 0 0 0 0 0 0 0 0.01706726245 0 0 0 0 0 0 0 0 0 0 0 0 0 0 0 0 0 0 0 0 0 0 0 0 0 0 0 0 0 0 0 0 0 0 0 0 0 0 0 0 0 0 0 0 0 0 0 0 0 1.575821556 0 0 0 0 0 0 0 0 0 0 0 0 0 0 0 0 0 0 0.07199840471 0 0 0 0 0 0 0 0 0 0 0 0 0 0 0 0 0 0 0 0 0 0 0 0 0 0 0 0 0 2.951816956 0 0 0 0 0 0 0 6.526870679 0 0 0 0 0 0 0 0 0 6.163556303 19.80829442 0 0 0 0 0 0 0 0 0 0 0 0 0 0 0 0 0.03871637557 0 0 0 0 0 0 0 0 0 0 7.008553627 0 0 0 0 0 0 0 0 0 0 0 0 0 0 0 0.9182059974 0 0 0 0 0 0 0 0 0 0 1.703760538 0 0 0 0 0 0 0.6011949988 0 0.573532737 0 0 0 0 0 0 0 0 0 0 0 0 0 7.205914354 0 0 0 0 0 0 0 0 0 0 0 0 0 0 0 0 0 0 0 0 0 0 0 0 0 0 0 0 0 0 0 0 0 0.009482842587 0 
0 0 0 0 0 0 0 0 0 0 0 0 0 0 0 0 0 0 0 0 0 0 0 0 0 0 0 0 0 0 0 0 0 0 0 0 0 0 0 0 0 0 0 0 0 0 0 0 0 0 0 0 0 0 0 0 0.009191412106 0 0 0 0 0 0 0 0 0 0 0 0 0 0 0 0 0 0 0 0 0 0 0 0 0 0 0 0 0 0 0 0 0 0 0 0 0 0 0 0 0 0 0 0 0 0 0 0 6.49261767 0 0 0 0 0 0 0 0 0 0 0 0 0 0 0 0 0 1.428115291 0 0 0 0 0 0 0 0 0 0 0 0 0 0 0 0 0 0 0 0 4.370896063 0.3156844414 0 0 0 0 0 0 0 0 0 0 0 0 0 0 0 0 0 0 0 0.8791950507 0 0 0 0 0 0 0 0 0 0 0 0 0 0 0 0 0 0 0 0 0 0 0 0 0 0 0 0 0 0 0 0 0 0 0 0 0 0 0 0 0 0 0 0 0 0 0 0 0 0 0 0 0 0 0 0 0 0 0 0.5302137403 0 0 0 0 0 0 0 0 0 0 0 0 4.325481668 0 0 0 0 0 0 0 0 0 0 0 0 0 0 0 0.02377863527 0 
0 0 0 0 0 0 0 0 0 0 0 0 0 0 0 0 0 0 0 0.006425751181 0.0559780538 0 0 0 0 0 0.5010944752 0 0 0 0 0 0 0.2327196611 0 0 0 0 0.02330972183 0 0 0 0 0 0 0 0 0 0 0 0 0 0 0 0 0 0 0 0 0 0 0 0 0 0 0 0.3062739009 0 0 0 0 0 0 0.546581198 1.511456034 0 0 0 0.0003085978176 0 0 0 0 0 0 0 0 0 0 0 0 0 0 0 0 0 0 0 0 0 0 0 0 0 0 0 0 0 0 0 0 0 0 0 0 0 0 0 0 0 5.469514332 0 0 0 0 0 0 0 0 0 0 0 0 0 0 0 0 1.516598129 0 0 1.045523654 0 0 0 0 0 0 0 0 0 0 0 0 0 0 0 0 0 0 0 0 0 0 0.9685514385 0 0 0 0 0 0 0 0 0.202895651 0 0 0 0 0 0 0.03394898456 0 0 1.440586995 0 0 0 0 0.08628922118 0 0 0 0 0 0 0 0 0 0 0 0 0 0 0 0 0 0.0009884290192 0 0 0 0 0 0.52467965 0 0 0 1.538208885 0 0 0.2612475224 0 0 0 0 0 0 0 0 0 0.0844163739 0 0 0 0 0 0 0 0 0 0 0 0 0.003049849815 0 0 0 0 0 0 0 0 0 0 0 0 0 0 
0 0 0 0 0 0 0 0 0 0 0 0 0 0 0 0 0 0 0 0 0 0 0 0 0 0 0.8732949532 0 0 0 0 0 0 0 0 0 0 0 0 0 0 0 0 0 0 0 0 0 0 0 0 0 0 0 0 0 0 0 0 0 0 0 0 0 0 0 0 0 0 0 0 0 1.7354642 0.6222941649 0 0 0.000766093314 0 0 0 0 0 0 0 0 0 0 0 0 0 0 0 0 0 0 0 0 0 0 0 0 0 0 0 8.37337212 0 0 0 0 0 0 0 0 0 0 0 0 4.749543067 0 0 0 0 0 0.9483641057 0 0 0 0.7338560655 0 0 0 0 0 0 0 0 0 0 0 0 0 0.1856613036 0 0 0 0 0 0 0 0 0 0 0 0 0 0 0 0 0 0 0 0 0 0 0 0 0 0 0 0 0 0 0 0 0 0 0 0 0 0 0 0 0 0 0 0 0 0 0 0 0 0 0 0 0 5.125382178 0 0 0.2687957291 0 1.098862939 0 0.3666330095 0 0 0 0 0 0 0 0 0.2175815642 0.3113788845 0 0.6521988089 0 0 0 0 0 0 0 0 0 0 0 0 0.0976340671 0 0 0 0 0.2568457024 0 0 0 0 0 0 0 0 0 0 0 0 0 0 0 0 0 0 0 0 0 0 0 
0 0 0 0 0 0 0 0 0 0 0 0 0 0 0 0 0 0 0 0 0 0 0 0 0 0 0 0 0 0.08443586401 0 0 0 0 0 0 0 0 0 0 0 0 0 0 0 0 0.07177791411 0 0 0 0 0 0 0 0 0 0 0 0 0 0 0 0 0 0 0 0 0 0 0 0 1.103741433 4.148041152 0 0 0 0 0 0 0 0 0 0 0 0 0 0 0 0.01034957064 0 0 0 0 0 0 0 0 0 0 0 0 0 0 0 0 0 0 0 0 0.366306414 0 0 0 0.8343555758 0 0 0 0 0 0 0 0 0 0 0 0 0 0 0 0 0 0 0 0 0 0 3.538981168 0.7445356091 0 0 0 0 0 0 0 0 0 0 0 0 1.783108508 0 0 0 0 0 0 0 0 0 0 0 0 0 0 0 0 0 0 0 0.8358056738 0 0 0 0 0 0 0 0 0 0 0 0 0 0 0 0 0 0 0 0 0 0 0 0 0 0 0 0 0 0 0 0 0 0 0 0 0 0 0 0 0 0 0 0 0 1.190836797 0 0 0 0 0 0 0 0 0 0 0 0 0 0 0 0 0 0 0 0 0 0 0 0 0 0 0 0 0 0 0 0 0 0 0 0 0 0 0 
0 0 0 0 0 0 0 0 0 0 0 0 0 0 0 0 0 0 0 0 0.04282439764 0 0 0 0 0 0 0 0 0 0 0.4164326085 1.374573948 0 0 0 0 0 0 0 0 0 0 0 0 0 0.009014800219 0 7.229709619 0 0 0 0 0 0 0 0 0 0 0.4743897301 0 0 0 0 0 0 0 0 0 0 0 0 0 0 0 0 0 0 0 0.02425525914 0 0.02271143516 0.6378069186 0 0.3234714892 0 0 0 0 0 0 0 0 0 0 0 0 0 0 0 0 0 0 0 0 0 0 0 0 0 0 0 0 0 3.500215236 0 0.7482409084 1.364353665 0 10.16383104 0 0 0 0 0 0 0 3.237563414 0 0 0 0 0 0 0 0 0 0 0 0 0 0 0 0 0.8175153264 0 0 0 0 0 0 0 0 0 0 0 0 0 0 0 0 0 0 0 0 0 0 0 0 0 0 0 0 0 0 0 0 0.2536891594 0 0 0 0 0 0 0.2993096454 0 0 0 0 0 0 0 0 0 0 0 0 0 0 0 0 0 0 0 0 0 0 0 0 0 0 0 1.069903198 0 0 5.175254554 0 0 0 0 0 0 0.04240716775 0 0 0 0 0 0 0 0 0 0 0 0 0 0 0 0 0 0 0 0 0 0 0 0 0 0 0 0 0 0 0 0 0 
0 0 0 0 0 0 0 0 0 0 0 0 0 0 0 0 0 0 0 0 0 0 0 0 0 0 0 0 0 0 0.2775897427 0 0 0 0 0 0 0 0 0 0 0 0 0 0 0 0 0 0 0 0 0 0 0 0 0 0 0 0 0 0 0 0 0 0 0 0 0 0 0 0 0 0 0 0 0 0 0 0 0 0 1.485248718 0 0 0 0 0 0 0 0 0.5125297458 0 0 0 0 0 0 0 0 0 0 0 0 0 0 4.414157414 0 0 0 0 0 0 2.491096717 0 6.254129346 0 0 0.001978342747 0 0 0 0 0 0 0 0 0 0 0 0 0 0 0 0 0 0 0 0 0 0 0 0 0 0 0 0 0 0 0 0 0 0 0 0 0 0 0 0 2.058844394 0 0 0 0 0 0 0 0 0 0 0 0 0 0 0 0 0 0 0 0 0 0 0 1.636160789 0.4780718011 0.4292650344 0 0 0.8515491943 0 0 0 0 0.294478625 0 0 0 0 0 0 0 0 0 0 0 0 0 0 0 0 0 0 0.5317961782 0 1.136172023 1.530655143 0 0 0 0 0 0 0 0 0 0 0 0 0 0 0 0 0.4560437772 0 0 0 0 0 0 0 1.495695353 0 0.1549360142 0 0 0 0 0 0 0 0 0 0 0.5950338228 1.47957395 0 0 
0 0.1862876426 0 0 0 0 0 0 0 0 0 0 0 0 0 0 0 0 0 0 0 0 0 0 0 0 0 0.1988698103 0 0 0 0 0 0 0 0 0 0 0 0 0 0 0 0 0 0 0 0 0 0 0 0.5673573797 0 0 0 0 0 0 0 0 0 0 0 0 0 0 0 0 0 0 0 0 0 0 0 0 0 0 0 0 0 0 0 0 0 0 0 0 0 0 0 0 7.623648483 0 0.005897832765 0 0 0 0 0 0 0 0 0 0 0 0 0 0 0.7991445979 0 0 0 0 0 0 0 0 0 1.481076853 0 0 0 0 0 0 0 0 0 0.182893864 0 0 0 0 0 0 9.673503412 0 0 0 0 0 0 0 0 0 0 0 0 0 0 0 0 0 0 0 0 0 0 0 0 7.8284613 0 0 0 0 0 0 0 0 0 0 0 0 0 0 0 0 0 0 0 0 0 0 0 0 0 0 0 0 0 0 0 0 0 8.488128705 0 0 0 0 0 0 0 0 0 0 0 0 0 0 0 0 0 0 0 0 0 0 0.2694346857 0 0.4381961756 0 0 0 0 0 0 0 0.4163252421 0 0 0 0 0 0 0.2298627127 0 0 0 0 0 0 0.3186171206 2.466300769 0 0 0 0 0 0 0 0.0006959470259 0 0 0 0 
0 0 0 0 0 0 0 0 0 0 0 0 0 0 0 0 0 0 0 0 0 0 0 0 0 0 0 0 0 0 0 0 0 0 0 0 0 0 0 0 0.4798086867 0 0 0 0 0.1538647275 1.093211732 0 0 0 0 0 0 0 0 0 0 0 0 0 0 0.01303630747 0 0 0 0 0 0 0 0 0 0 0.1079321047 3.950516967 0 0 0 0 0 0 0 0 0 0 0 0 0 0 0 0 0 0 0 0 0 0 0 0 0 0 0 0 0 0 0 0 0 0 0 0 0 0 0 0 0 0.8409906228 0 0 0 0 0 1.371722798 0 0 0.08975064138 0 0 0 0 0 0 0 0 0 0 0 0 0 0 1.198422936 0.5840359417 0 0 0 0 0 0 0 0 0 0 0 0 0 0 0 0 0 0 0 0 0 0 0 0 0 0 0 0 0 0 0 0 0 0 0 0 0 0.1948565072 0 0 0 0 0 6.776636533 0 0 0 0 0 0 0 0 0 0 0 0 0 0 0 0 0 0 0 0 0 0 0 0 0 0 0 0 0 0 0 0 0 0 0 0 0 0 0 0 0 0.2524459243 0 0 0 0 0 0 0 0 0 0 0 0 0.26248663 0 0 0 0 0 0 0 0 0 0 0 0 0 0 0 0.000141996965 
0 0 0 0 0 0 0 0 0 0 0.4061892257 0 0 0 1.114312879 0.9105793582 0 0 0 0 0 0 0 0 0 0.4377729051 0.01079862079 0 0 0 0 0 0 0 0 0 0 0.4206969834 0 0 0 0 0 0 0 0 0 0 0 0 0 0 0 0 0 0 1.304070312 0 0 0 0 0 5.926303917 0 0 0 0.1422797477 0 1.39863751 0 0 0 0 0 0 0 0 0 0 0 0.7729288813 0 0 0 9.824694845 0 0 0 0 0 0 0 0 0 9.347607739e-05 0 0 0 0 0 0 0 0 0 0 0 0 0 0 0 0 0 0 0 0 0 0 0 0 0 0 0 0 0 0 0.5636583268 0 0 0 0 0 0 0 0 0 0 0 0 0 0 0 0 0 0 0 0 0 0 0 0 0 0 0 0 0 0 1.686156439 0 0 0 0 0 0 0.9999889571 0 0 0 0 0 0 5.449653904 0 0 0 0 0 0 0 0 0 0 0 0 0 0 0 0.3153379258 0 0 0 0 0 0 0 0 0 0 0 0 0.4565790157 0 0 0 0 0 0 0 0 0 1.479842793 0 0 0 0 0 0 0 0.01245810183 0 0 0 0 0 0 0 0 0 0 0 0 0 0 0 0 0 0.5070959218 0 0 0 0 0 0 0 0 0 0 0 0 0 0 0 0 0 0 0 0 
0 0 0 0 0 0 0 0 0 0 0 0 0 0 0 0 0 0 0 0 0 0 0 0 0 0 0 0 0.6950899872 0 0 0 0 0 0 0 0 0 0 0 0 0.986785111 0 0 0 0.5540029473 0 0 0 0 0.3323315937 0 0 0 0 0 0 0 0 0.9729981303 0 0 0 0 0 0 0 0 0 0 0 0 0 0 0 0 0 0 0 0 0 0 0 0 0 0 0 0 0 0 0 0 0 0 0 0 1.08611037 0.1003214736 0 0 0 0 0 0 0 0 0 0 0 0 0 0 0 0 0 0 0 0 0 0 0 0 0 0 0 1.452876239 0 0 0 0 0 0 0 0 0 0 0 0 0 0 0 0 0 0 0 0 0 0 0 0 0 0 0 0 0 0 0 0 0 0 0 0 0 0 0 0 0 0 0 0 0 0 0 0 0 0 0 0 0 0 0 0 0 0 0 0 0 0 0 0 0 0 0 0 0 0 0 0 0 0 0 0 0 0 0 0.4664726615 0 0 0 0 0 0 0 0 0 0 0.00471517954 0.2489871625 0 0 0 0 0 0 0 0 0 0 0 0 0 0 0 0 0 0 0 0 0 0 0 0.01082379069 0 0 0 0 0 0 0 1.737986838 0 0 0 0 0.01052893294 0 
0 0.02898862724 0 0 0 0 0 0 0 0 0 0 0 0 0 0 0 0 0 1.230614247 0 0 0 0 0 0 0 0 0 0 0.05307846592 0 0 0 0 0 0 0 0 0 0 0 0 0 0 0 0 0 0 0 0 0 0 0 0 0 0 0 0 0 0 0 0 0 0 0 0 0 0 0 0 0 0 0 0 0 0 0 0 0 0 0 0 0 0 0 0 0 0 0 0 0 0 0.06533708541 0 0 0 0 0 0 0 0 0 0 0 0 0 0 0 0 0 0 0 0 0 0 0 9.271468875 0 0 0 0 0 0 0 0 0 0 0 0 0 0 0 0 0 0 0 0 0 0 0 0 0 0 0 0 0 0 1.436361138 0 0 0 0 0 0 0 0 0.4732308086 0 0 0 0 0 0 0 0 0 0 3.632841007 0 0 0 0 0 0 0 0 0 0 0 0 0 0 0 0 0 0 0 0 0.9762255238 0 0 0 0 0 0 0 0 0 0 0.01458642995 0 0 0 0 0 0 0 0 0 0 0 0 0.04025662476 0 0 0 0 0.1492908174 0 0 0 0 0 0 0.9820921472 0 0 0 0 0 0 0 0 0 0 0 0 0 0 0 0 0 0 0 0 0 0 0 0 0 0.009079902649 0 0 0 0 
0 0 0 0 0 0 0 0 0 0 0 0 0 0 0 0 0 0 0 0 0 0 0 0 0 0 0 0 0 0 0 0 0 0 0 0 0 0 0 1.09002146 0 0 1.362031804 0 0.2827441028 0 0 0 0 0 0 0 0 0 0 0 0 0 0 0 0.9273517402 0.2766757339 0 0 0 0 0 0 0 0 0 0 0 0 0 0 0 0 0 0 1.938772649 0 0 0 0 0 0 0.3908408286 0 0 0.7782358492 0 0 0 0 0 0 0 0 0 0 0 0 0 0 0 0 0 0 0 0 0 0 0 0 0 0 0 0 0.0667316263 0 0 0 0 0 0 0 0 0 0 0 0 0 5.924168502 0 0 0 0 0 0 0 0 0 0 6.400770565 0 0 0 0.6952271806 0 0 0 0 0 0 0 0 0 0 0 0 0 0 0 0 0 0 0 0 0 0 0 0 0 0 0 0 0 0 0 0 0 0 0 0 0 0 0 0 0 0 0 0 0 0 0 0 0 0 0 0 0 0 0 0 0 0 0 0.4068838269 0 0.9347749938 0 0 0 0 0 0 0 0 0 0 0 0 0 0 0 0 0 0 0 0 0 0 0 0 0.3427602363 0 0 0 0 0 0 0 0 0 0 0 0 0 0 0 0 0.1578872887 0 0 0 
0 0.02121293338 0.3532547168 0 0 0.09199389388 0 0 0 0 0 0 0 0 0 0 0 0 0 0 0 0 0 0 0 0 0 0 0 0 0 0 0 0 0 0 0 0 0 0 1.722767025 0 0 0 0 0 0 0 0 0 0 0 0 0 0 0 0 0 0 0 0.4158853825 0 0 0 0 0.02697794255 0 0 0 0 0 0 0 0 0 0 0 0 0 0 0 0 6.719565886 0 0 0 9.368057265 0 0 0 0 0 0 0 0 0 0 0 0 0 0 0 0 0 0 0 0 0 0 0 0 0 0 0 0 0 0 0 0 0 0 0 0 0 0 0 0 0 0 0 0 0 0 0 0 1.318593597 0 0 0 0 0 0 0 0 0 0 0 0 0 0 0 0 1.069003825 0 0 0 0 0.09276598228 0 0 0 0 0 0 0 0 0 0 0 0 0 0 0 0 0 0 0 0 0 0 1.724325504 0 0 0 0 0 0 0 0 0 0 0 0 0 0 0 0 0 0 0.1602268273 0 0 0 0 0 0 0 0 0 0 0 0 0 0 0.5473863714 0.4926502938 0 0 0 0 0 0 0 0.09866151049 0 0 0 0.5973911181 0 0 0 0 0 0 1.018515081 0 0 0 0 0 0 0 0 0 0 0.06955114832 0 0 0 0 0 0 0 1.057787832 0 0 
0 0 0 0 0.7728005312 0 0 0 0 0 0 0 0 0 0 0 0 0 0 0 0 0 0 0 0 0 0 0 0 0.2441090455 0.8425983574 0 0 0 0 0 0 0 0 0 0 0 0 0 0 0.267601266 0 0 0 0 0 0 0 0 0 0 0 0 0 0 2.752164458 0 0 0.9008392504 0 0 0 0 0 0 0 0 0 0 0 0 0 0 0 0 0 0 0 0 1.005660129 0 0 0 0 0 0 0 0 0 0 0 0 0 0 0 0 0 0 0 0 0 0 0 0 0 0 0 0 0 0 0 0 0 0 0 0 0 0 0 0 0 0 0 0 0 0 0 0 0 0 0 1.239260714 0 0 0 0 0 0 0 0 0 0 0 0 0 0 0 0 0 0 0 0 0 0 0 0 0 0 0 0 0 0 8.862400366 0 0 0 0 0 0 0 0 0 0 0 0 0 0 0 0 0 0 0 1.144414273 0 0 0 0 0 0 0 0 1.471288373 0 0 0 0 0 0 0 0 0 0 0 0.5088440805 0 0 0 0 0 0 0 0 0 0 0 0 0 0 0 0 0 0 0.002237916199 0 0 0 0 0 0 0 0 0.3413079769 0 0 0 0 0 0.0007540449369 0 0 0 0 0 0 0 0 0 0 0 0 0 
0 0 0 0 0 0 0 0 0 0 0 0 0 0 0 0 0 0.1676905292 0 0 0 1.650902865 0 0 0 0 0 0 0 0 0 0 0 0 0 0 0 0 0.3260977732 0 0 0 0 0 0 0 0 0 0 0.00257523465 0 0 0 0 0 0 0 0 0 0 0 0 0 0 0 0 0 0 0 0 0 0 0 0 0 0 0 0 0 0 0 0 0 0 0 0 0 0 0 0.4251466352 0.2311299858 7.306266256 0 0 0 0 0 0 0 0 0 0 0 0 0 0 0 0 0 0 0 0 0 0 0 0 0 0 0 0 0 0 0 0 0 0 0 0.1202003351 0 0 0 0 0 0 0 0 0 0.249985394 0 0 0 0 0 0 0 0 0 0 0 0 0 0 0 0 0 0.5971504496 0 0 0 0 0 0 0 4.401980993 0 0 0 0 6.514431281 0 0 0 0 0 0 0 0 0 0.3250145049 0 0 0 0 0 0 0 0 0 0 0 0 0 0 0 0 0 0.4358770001 0 0 0 0 0 1.004220617 0 0 0 0 0 0 0 0 0 0 0 0 0 0 0 0 0 0 0 0 0 0 0 0 0 0 0 0 0 0 0 0 0 0 0 0 0 0 0 0 0 0 0 0 0 0 0 0 0.0557070321 0 0 0 0 
0 0.1989433607 0 0 0 0 0 0 0 0 0 0 0 0 0 0 0 0 0 0 0 0 0 0 0 0 0 0 0 0 0 0 0 0 0 0 0 0 0 0 0 0 0 0.0397782197 0 0 0 0.7676862855 0 0 0 0 0 0 0 0 0 0 0 0 0 0 0 0 0.08733861467 0 0 0 0 0 0 0 0 0 0 0 0 0 0 0 0 0 0 0 0 0 0 0 0 0 0 0 0 0 0 0 0.355566949 0 1.568704028 0 0 0 0 0 0 0 0 0 0.8688302186 0 0 0 0 0 0 0 0 0 0 0 0 0 0 0 0 1.523793262 0 0 0 0 0 0 0 0 0 0 0 0.2610777392 0 0 0 0 0 0 0 0 0 0 0 0 0 0 0 0 0 0 0 1.134952611 0.0211148581 0 0 0 0 0 0 0 0 0 0 0 0 0 0 0 0 0 0 0 0 0 0 0 0 0 0 0.319048796 0 0 0 0 0 0 0 0.09613085559 0 0 0.4000702925 0 0 0 0 0 0 0 0 0 0 0 0 0 0 0 0 0 0 0 0 0 0 0 0 0 0 0 0.03595166844 0 0 0 0 0 0 0 0 0 0 0 0 0 0 0 0 0 0.03877471923 0 0 0 0 0 0 0 0 1.665162601 0 0 0 0 
0 0 0 0 0 0 0 0 0 0 0 0 0 0 0 0 0 0 0 0 0 0 0 0 0.1467276973 0 0 0 0 0 0 0 0 0 0 0 0 0 0 0 0 0 0 0 0 0 0 0 0 0 0 0 0 0 0 0.006527362012 0 0 0 0 0 0 0 0 0.0005236708372 0 0 0 0 0 0 0 0 0 0 0 0 0.01527462494 0 0 0 0 0 0 0 0 0 0 0 0 0 0 0 0 0 0 0 0 0 0 0 0 0.4926944439 0 0 0 0 0 0 0 0 0 0 0 0 0 0 0 0 0 3.839408118 0 0 0 0 0 0 0 0 0 0 0 0 0.8691435044 0 0 0 0 0 0 0 0 0 0 0 0 0 0 0 0 0 0 0 0 0 0 0 0 0 0 0 0 0 0 0 1.993430732 0 0 0 0 0 0 0 0 0 0 0 0 0 0 0.6194560827 0 0 0 0 0 0 0 0 0 0 0 0 0 0 0 0 0 0 0 0 0 0 0 0 0 0 0 0 0 0 0 0 0 0 0.240794587 0 0 0 0 0 0 0 0 0.20514021 0 0 0 0.6683076721 0 0 0 0 0.152124633 0 0 0 0 0 0 0.01853899121 0 0 0 0 0 0 0 0 0 0 0 0 0 0 0 
0 0 0 0 0 0.2622003176 0 0 0 0 0 0 0 0 0 0 0 0 0 0 0.06632385078 0 1.173521475 0 0 0 0 0 0 0 0 0 0 0 0 0 0 0 0 0 0 0 0.1609745697 0.09719097884 0 0 0 0 0 0 0.2791719857 0 0 0 0 0 0 0 0 0 0 0 0 0 0 0 0 0 0 0 0 0 0.517108735 0 0 0 0 0 0 0 0 0 0 0 0 0 0 0 0 0 0.3898369257 0 0 0 0 2.063623427 0 0 0 0 0 0 0 0 0 0 0 0 0 0 0 0 1.542201784 0 0.1158699166 0 0 0 0 0 0 0.5055123172 0 0 0 0 0 0 0 0 0 0 0 0 0 0 0 0 0 0 0 0 0 0 0 0 0 0 0 0 0 0.0243817772 0 0 0 0 0 0 0 0 0 0 0 0 0 0 0 0 0 0 0 0 0 0 0 0 0 0 0 0 0 0 0 0 0 0 0 0 0 0 0 0 0 0 0 0 0 0 0 0 0 0 0 0 0 0 0 0 0 0 0.4961844308 0.5487435547 0 0 0 0 0 1.576245198 0 0 0 0 0 0 0 0 0 0 0 0 0 0 0.992446047 0 0 0 0.00112162758 0 0 0 0 0 0.004482600415 0.1478031634 0 0 0 0 0 0 0.2207899196 0 0 0 0 0.1279136849 
0 0 0 0 0 0 0 0 0 0 0 0 0 0 0 0 0 0 0.002036393275 0 0 1.220360676 0 0 0 0 0 0 0 0 0 0 0 0 0 0 0 0 0 0 0 0 0 0 0 0 0 0 0 0 0 0 0.20278282 0 0 0 0 0 0 0 0 0 0 0 0 0 0 0 0 0 0 0 0 0 0 0 0 0 0 0 0 0 0 0 0 0 0 0.2484294186 0 0 0 0 0 0 0 0 0 0 0 0 0 0 0 0 0 0 0 0.1063177901 0 0 0 0 0 0 0 0 0 0 0 0 0 0 0 0 0 0.6241477708 0 0 0 0 0 0 0 0 0 0 0 0 0 0 0 0 0 0 0 0 0.1949800035 0 0 0 0 0 0 0 0 0 0 0 0 0 0 0 0 0 0 0 0 0 0 0 0 0 0 0 0 0 0 0 0 0 2.200670025 0 0 0.2874679912 0 0 0 0 0 0 0 0 0 0 0 0 0 0 0 0 0 0 0 0 0 0 0 0 0 0 0 0 0 0 0 0 0 0 0 0 0 0 0 0 0 0 0 0 0 0 0 0 0 0 0 0 0 0 0 0.02114572334 0 0 0 0 0 0 0 0 0 0 0 0 0 0 0 0 
0 0 0 0 0 0 0 0 0 0 0 0 0 0 0 0.2570795385 0 0 0 0 0 0 0 0 0 0 0 0 0 0 0 0 0 0 0 0 0 0 0 0.5130666856 0 0 0 0 0 0 0 0 0 0.04074621889 0 0 0 1.171048344 0 0 0 1.300009978 0 0 0 0 0 0.06768113356 1.732516766 0 0 0 0 0 0 0.04200448926 0 3.675854414 0 0 0 4.807042112 0 0 0 0 0 0 0 0 0 0 0 1.509617001 0 0 0 0 0 0 0 0 0 0 0 0 0 0 0 0 0 0 0 0 0 0 0.956348099 0 0 0 0 0 0 0 0 0.1428280912 0 0 0 0 0 0 0 0 0 0 0 0 0 0 1.326268323 0 0 0 0 0 0 0 0 0 0 0 0 0 0 0 0 0 0 0 0 0 0 0 0 0 0 0 0 0 0 0 0 0 0 0 0 0 0.1127238748 0 0 0 0 0 0 0 0 0 0 0 0 0 0 0 0 0 0 0 0 0 0 0 0 0 0 0 0 0 0 0 0 0 0 0 0 0 0 0 0 0 0 0 0 0 0 0 0 0 0.6298854472 0 0 0.02251451663 0 0 0 0 0 0 0 0.02845719666 0 0 0 0 0 0 0 0.0003895235868 0 0 0 0 0 0 0.9606422842 0 0 0 0.1353917461 0 
0 0 0 0 0 0 0 0 0 0 0 0 0 0.08168614239 0 0 0.5139713155 0 0.1578866033 0 0 0 0 0 0 0.09692833299 0 0 0 0 0.1952101187 0 0 0 0 0 0 0.1053799854 0 0 0 0 0 0 0 0 0 0 0 0 0 0 0 0 0 0 0 0 0 0 0 0 0 0 0 0 0 0 0 0 0 0.4254329328 0 0 0 0 0 0 0.2635304877 0 0 0 0 0 0 1.405406653 0 0 0 0 0 0 0 0 0 0 0 0 0 0 0 0.4486596239 0 0 0 0 0 0 0 0 0 0 0 0 1.391515259 0 0 0 0 0 0 0 0 0 0 0 0 0 0 0 0 0 0 0 0 0 0 0 0 0 0 0 0 0 0 0 0 0 0 0 0 0 0 0 0 0 0 0 0 0 0 0 0 0 0 0 0 0 0 0 0 0 0 0 0 0 0 0 0 0 0 0 0 0 0 0 0 0 0 0 0 0 0 0 0 0 0 0 0 0 0 0 0.2911561707 0 0.5609663948 0 0 0 0 0 0.02460411935 0 0 0 0 0 0 0 0 0 0 0 0 0 0 0 0 0 0 0 0 0 0 0 0 0 0 0 1.026416944 0 0 0 0 0 0 0.004344639174 0 0 0 0 0 0 0 0 0 0 
0 0 0 0 0 0 0 0 0 0 0 0 0 0 0 0 0 0 0 0 0 0 0 0 0 0 0 0 0 0 0 0 0 0 0 0 0 0 0 0 0 0 0 0 0 0 0 0 0 0 1.130665667 0 0 0 0 0 0 0 0 0 0 0 0 0 0.08540867251 0 0 0 0 0 0 1.253260328 0 0 0 0 0 0 0 0 0 0 0 0 0 0 0 0 0 0 0.06392062922 0.2708362207 0 0 0 0 0 0 0 0 0 0 0 0 0 0 0 0 0 0 0 0 0 0.8003789146 0 0 0 0 0 0 0 0.6468870047 0 0 0.0310974492 0 0 0 0 0 0 0 0 0 0 0 0.9893396935 0 0 0 0 0 0 0 0 0 0.4332308531 0 0 0.2234224719 0 0 0 0 0 0 0 0 0 0 0 0 0 0 0 0 0 0 0 0 0 0.02845377186 0 0 0 0 0 0 0 0 0 0 0 0 0 0 0 0 0 0 0 0 0 0 0 0 0 0 0 0.2249764798 0 0 0 0 0 0 0 0 0 0 0 0 0 0 0 0 0 0 0 0 0.1865178038 0.1085301534 0 0 0 0 0 0 0 0 0 0 0 0 0 0 0 0 0 0 0.447527003 0 0 0 0 0 0 0 0 0 0 0 0 0 0 0 
0 0 0 0 0 0 0 0.03542920485 0 0 0 0.6785827221 0 0 0 0 0 0.01650675882 0 0 0 0.9824167995 0 0 0 0.01490325629 0 0 0 0 0 0 0 0 0 0 0 0 0 0 0 0.05609768764 0 0 0 0 0 0 0 0 0 0 0 0 0.04093057573 0 0 0 0 0 0 0 0 0 0 0 0 0 0 0 0 0 0 0 1.141267284 0 0 0 0 0 0 0 0 0 0 0 0 0 0 0 0 0 0 0 0 0 0 0 0 0 0 0 0 0 0 0 0 0 0 0 0 0 0 0 0 0 0 0 0 0 0 0 0 0 0.156725384 0 0 0 0 0 0 0 0 0 0 0 0 0 0 0 0 0 0.9988592223 0 0 0 0 0 0 0 0 0 0 0 0.6568639329 0 0 0 0 0 0 0 0 0 0 0 0 0 0 0 0 0 0 0 0 0 0 0.3728685989 0 0 0 0 0 1.451306544 0 0 0 0 0 0 0 0 0 0 0 0 0 0 0 0 0 0 0 0 0 0 0 0 0 0 0 0 0 0 0 0 0 0 0 0 0.1367855756 0 0 0 0 0 0 0 0 0 0 0 0 0 0 0 0 0.3794739576 0 0.4498439546 0 0 0 0 0 0 0 0 0 0 0 0 0.04811888848 0 0 0 
0 0 0 0.1715734543 0 0 0 0 0 0 0 0 0 0 0 0 0.3273377353 0 0 0 0 0 0 0 0 0 0 0 0 0 0 0 0 0 0 0 0 0 0 0 0 0 0 0 0 0.007906279457 0 0.3308669544 0 0 0 0 0 0 0 0 0 0 0 0 0 0 0 0 0 0 0 0 0 0 0 0 0 0 0 0 0 0 0 0 0 0 0 0 0 1.406381933 0 0 0 0 0 0 0 0 0 0 0.4420913578 0 0 0 0 0 0.03055821505 0 0 0.0916015883 0 0 0 0 0 0 0 0 0 0 0 9.176751564 0 0 0 0 0 0 0 0 0 0 0 0 0 0 0 0 0 0 0 0 0 0 0 0 0 0 0 0 0 0 0 0 0 0.4372715278 0.1693495424 0 0 0 0 0 0 0 0 0 0 0 0 0 0 0 0 0 0 0 0 0 0 0 0 0 0 0 0 0 0 0 0 0 0 0 0 0 0 0 0 0 0 0 0 0 0 0 0 0 0 0 0 0 1.294255794 0 0 0 0 0 0 0 0 0 0 0 0 0 0 0 0 0 0 0 0 0 0 0 0 0 0 0 0 0 0 0 0 0 0 0 0 0 0 0 0 0 0 0.1290965782 0 0 0 0 0 0.01425277376 
0 0 0 0 0 0 0.09535481539 0 0 0 0 0 0 0 0 0 0.1121022484 0.1530471988 0 0.009132705305 0 0.003431442686 0 0 0 0 0.7313500701 0 0 0 0 0 0 0 0.1952346649 0 0 0.02727767101 0 0.05035321345 0.1231513992 0 0 0 0 0 0 0 0 0 0 0 0.0005052407867 0 0 0 0 0 0.3520475204 0 0 0 0 0 0.9830482173 0 0 0 0 0 0 0 0 0 0 0 0 0 0 0 0 0 0 0 0 0 0 0 0 0 0 0 0 0 0 0 0 0 0 0 0 0.1674595349 0 0 0 0 0 0 0 0 0 0 0 0 0 0 0 1.476690292 0 0 0 0.3372325848 0 0 0 0 0 0 0 0 0 0 0 0 0 0 0 0 1.124243853 0 0 0.093236513 0 2.127691124 0.1175275701 0 0 0 0 0 0 0 0 0 0 0 0 0 0 0 0 0 0 0 0 0 0 0 0 0 0 0 0 0 0 0 0 0 0 0 0 0 0 0 0 0.209883098 0 0 1.485165007 0 0 0 0 0.03508429486 0 0.3908893017 0 0 0 0 0 0 0 0 0 0 0 0 0 0 0 0 0.2037616173 0 0 0 0 0 0 1.350088082 0 0 0 0 0 0 0 0 0 0 0 0 0 0 0 0 0 0 0 0 0 0 0 0 0 0.05993693073 0 0 0 0 1.727999756 0 0 0 0 0 
0 0.01198517412 0 0 0 0.009587261383 0 0 0 0.1139314245 0 0 0 0 0.1562019388 0 0 0 0 0 0 0.2872480582 0 0 0 0 0.08997882393 0 0 0 0 0 0 0 0 0 0 0 0 0 0 0 0 0 0 0 0 0 0 0 0 0 0 0 0 0 0 0 0 0 0 0 0 0 0 0 0 0 1.128725914 0 0 0 0 0 0 0 0 0 0 0 0 0 0 0.3755334464 0 0 0 0 0 0 0 0 0 0 0 0 0 0 0 0 0 0 0 0 0 0 0 0 0 0 0 0 0 0 0 0 0 0 0 0.4904266196 0 0 0 0 0 0 0 0 0 0 0 0 0 0 0 0 0 0.1809067239 0 0 0 0 0 0 0 0 0 0 0 0 0 0 0 0 0 0.08094051968 0 0 0 0 0 0 0 0 0 0 0 0 0 0 0 0 0 0 0 0 0 0 0 0 0 0 0 0 0 0.3028917639 0 0 0 0 0 0 0.2408941869 0 0.2242820666 0 0 0 0 0 0 0 0 0 0 0 0 0 0 0 0 0 0 0 0 0 0 0 0 0 0 0 0 0.7173431988 0 0 0 0 0 0 0 0 0.2337727987 0 0 0 0 0 0 0 0 0 0 0 0 0 0 0 0 0 0 0 0 0 0 0 
0 0 0 0.08415358701 0 0 0.1871589919 0 0 0 0.115817984 0 0 0 0 0 0 0 0 0.02882490966 0.0512102176 0 0 0.01784299254 0 0 0 0.3472841174 0 0.1983517414 0 0 0 0 0 0 0 0 0 0.05758921485 0 0 0 0 0 0 0 0 0 0 0 0 0 0 0 0 0 0 0 0 0 0 0 0 0 0 0 0 0 0 0 0 0 0 0 0 0 0 0 0 0 0 0 0 0 0 0 0 0 0 0 0 0 0 0 0 0 0 0 0.9948306908 0 0 0 0 0 0.729713553 0 0 0 0 0 0 0 0 0 0 0 0 0 0 0 0 0 0.3444917544 0 0 0 0 0 0 0 0 0 0 0 0 0 0 0 0 0 0 0 0 0 0 0 0 0 0 0 0 0 0 0 0.1104536223 0 0 0 0 0 0 0 0 0 0 0 0 0 0 0 0 0.173818352 0 0 0 0 0.1331782592 0 0 0 0 0 0 0 0 0 0 0 0 0 0 0 0 0 0 0.1940797764 0 0.03701088076 0 0 0 0 1.384786426 0 0 0 0 0 0 0 0.2378424767 0.1425967066 0 0 0 0 0 0 0 0 0 0 0 0 0 0 0 0 0 0 0 0 0 0 0 0 0 0 0 0 0 0 0 0 0 0 0 0 0 0 0 0 0.3974880124 0.09011061326 0 
0 0 0 0 0 0.04841467621 0 0 0 0 0 0 0.1489162056 0 0 0 0 0.5268554395 0 0 0 0 0 0 0 0 0.1462332718 0 0 0 0 0 0 0 0 0 0 0 0.0277077465 0 0 0 0 0 0 0 0 0 0 0 0.07890043806 0 0 0 0 0 0 0 1.514554746 0 0 0 0 0 0 0 0 0 0 0 0 0 0 0.2617595517 0 0 0 0 0 0 0 0 0 0 0 0 0 0 0 0.4872985319 0 0 0 0 0.6720202454 0 0 0 0 0 0 0 0 0 0 0 0 0 0 0 0 0 0 0 0 0 0.03121274788 0 0 0 0 0 0 0 0 0 0 0 0 0 0 0 0 0 0 0 0 6.954027638 0 0 0.1125539479 0 0 0 0 0 0 5.535245041 0 0 0 0 0 0.4539854479 0 0.1135266624 0 0 0.3784986294 0 0 0 0 0 0 0 0 0 0.09290936815 0 0 0 0 0 0 0 0 0 0 0 0 0 0 0 0 0 0 0 0 0 0 0 0 0 0.1806424233 0 0 0 0 0 0.3912571097 0 0 0 0 0 0.3032377578 0 0 0 0 0 0 0 0 0 0 0 0 0 0 0 0 0 0 0 0 0 0 0 0 0 0 0 0 0 0 0 0 0 0 0 0 0 0.1539509335 0.3685127318 0 0 0 0 0 0 0 0 0 0 
0 0 0 0 0.095277826 0 0 0 0 0.09996467153 0 0 0 0 0 0 0.02193233424 0 0 0 0 0 0 0 0 0 0 0 0 0 0 0 0 0 0 0 0.2607465203 0 0 0 0 0 0 0 0 0 0 0 0 0 0 0 0 0.03950537533 0 0 0 0 0 0 0 0 0 0 0 0.4574339869 0 0 0 0 0 0 0 0 3.388225569 0 0 0 0 0 0 0 0 0.01917185825 0 0 0 0 0 1.16938772 0 0 0 0 0 0 0 0 0 0 0 0 0 0 0 0 0 0 0 0 0 0 0 0 0 0 0 0 0 0 0 0 0 0 0 0 0 0 0 0 0 1.215620174 0 0 0 0 0 0 0.06114606274 0 0 0 0 0 0 0.333252868 0 0 0 0 0 0 0 0.1478755068 1.254506616 0 0 0 0 0 0 0 0 0 0 0 0 0 0 0 0 0 0.1998882775 0.3435560844 0 0.1590102523 0 0 0 0.1307826791 0 0 0 0 0 0 0 0 0 0 0 0.283874467 0 0 0 0 0 0 0 0 0 0 0 0 0 0 0 0.2340769232 0 0 0 0 0 0 0 0 0 0 0 0 0 0 0 0 0 0 0 0.4640617533 0 0 0 0 0 0 0 0 0 0 0 0 0 0 0 0 0 0 0 0 0 0 0 0 0.1169800135 0.3014754174 0 0 
0 0 0 0 0.9913251528 0 0 0 0 0 0 0 0 0 0 0 0 0 0 0 0 0 0 0 0 0 0 0 0.05007610016 0 0 0 0 0 0 0 0 0 0 0 0 0 0 0 0 0 0 0 0 0 0 0 0 0 0 0 0 0 0 0 0 0 0 0 0 0 0 0 0 0.05562218025 0.2511667695 0 0 0 0 0.2811592268 0 0 0 0 0 0.3896227611 0 0 0 0 0 0 0 0 0 0 0 0 0 0 0 0 0 0 0.6459858477 0 0 0 0 0 0 0 0 0 0 0 0 0 0 0 0 0 0 0 0 0 0 0 0 0 0 0 0 0 0 7.747553266 0 0 0 0 0 0 0 0 0 0 0 0 0 0 0 0 0 0 0 0 0 0 0 0 0 0 0 0 0 0.3465572456 0 0 0 0 0 0 0 0 0 0 0 0 0 0 0 0 0 0 0 0 0 0 0 0 0 0 0 0 0 0 0 0 0 0 0.3087763637 0 0 0 0 0 0 0 0 0 0 0 0 0 0 0 0.7087853092 0 0 0 0 0 0.197159503 0 0 0 0 0 0 0 0 0 0 0 0 0 0 0 0 0 0 0 0 0 0 0 0 0 0 0 0 0 0 0 0 0 0 0 0 0 
0.8701218932 0 0 0 0 0 0 0 0 0 0 0 0 0 0 0 0 0 0 0 0 0 0 0 0 0 0 0 0 0 0 0 0 0 0 0 0 0 0.08067604074 0 0 0.03926654676 0 0 0 0 0 0 0 0 0 0 0 0 0.06872660432 0 0 0 0 0.4223887322 0.1171756584 0 0 0 0 0 0 0 0 0 0 0 0 0 0.1440066038 0 0 0.2486095293 0.02591564905 0 0 0 0 0 0 0 0 0 0 0 0 0 0 0 0 0 0 0.1528438815 0 0 0 0 0 0 0 0 0 0.1343491934 0 0 0 0.4616201989 0 0 0 0 0 0 0 0 0 0 0 0 0 0 0 0.1301193196 8.119296875 0 6.050119812e-05 0 0 0 0 0 0 0 0 0 0 0 0 0 0 0.1308811717 0 0.2160101154 0 0 0 0 0 0 0 0 0.3846401209 0 0 0 0 0 0 0 0 0 0 0 0 0 0 0.1493743663 0 0 0 0 0 0 0 0 0 0 0 0 0 0 0 0 0 0 0 0 2.955857272 0 0 0 0 0 0 0 0 0 0.4583893053 0 0 0 0 0 0 0 0 0 0 0.1955676263 0 0 0 0 0 0 0 0 0 0 0 0 0 0 0 0 0 0 0 0 0 0 0.5711343052 0 0 0 0 0 0 0 0 0 0 0 0 0 0 0 0 0 0 0 
0 0 0 0.211333226 0 0 0 0 0.003176589148 0 0 0 0 0 0 0 0 2.288520996 0 0 0 0 0 0 0 0 0 0 0 0 0.751935565 0 0 0 0 0 0 0.3150938978 0 0 0 0 0 0 0 0 0 0 0 0 0 0 0 0 0 0 0 0 0 0 0 0 0 0 0 0 0 0 0 0 0.04981900511 0 0 0 0 0 0 0 0 0 0 0 0 0 0 0 0 0 0 0 0 1.371581944 0 0 0 0 0 0.2746449586 0 0 0 0 0 0 0 0 0 0 0 0 0 0 0 0 0 0 0 0 0 0.0001394303817 0 0 0 0 0 0 0 0 0 0 0 0 0 0 0 0 0 0 0 0 0 0 0 0 0.5833389963 0 0 0 0 0 0 0 0 0 0 0 0 0 0 0 0.001641749283 0 0 0 0 0 0 0 0 0 0 0 0 0 0 0 0 0 0 0 0 0 0 0 0 0.1353181542 0 0 0 0 0 0 0 0.1904745909 0 0 0 0 0 0 0 0 0 0 0 0 0 0 0 0 0 0 0.02970929264 0 0 0 0 0 0 0 0 0 0 0.1719076541 0 0 0 0 0 0 0 0 0 0 0 0 1.126263486 0 0 0 0 0 0 0 0 0 0.0002447789128 0 0 0 0 0 0 0 0 0 
0 0 0 0 0 0 0 0 0 0.0500040369 0 0 0 0 0 0 0 0 0 0 0 0 0 0.0156227772 0 0 0 0 0 0 0 0 0 0 0 0 0 0 0 0 0 0 0 0 0 0 0 0 0 0 0 0 0.1743750606 0 0 0.366352904 0 0 0 0 0 0 0 0 0 0 0 0 0 0 0.02906020118 0 0 0.03652021302 0 0 0 0 0 0 0 0 0 0 0 0 0 0 0 0 0 0 0 0 0 0 0 0.3796899183 0 0 0 0 0 0 0 0.4472124355 0 0.4295683154 0 0 0 0 0 0 0 0 0 0 0 0 0 0 0 0 0 0 0 0 0 0 0 0 0 0 0 0 0 0 0 0 0 0 0 0 0 0 0.109564459 0 0 0 0 0 0 0.9106959541 0 0 0 0.309729708 0 0 0 0 0 0 0 0 0 0 0.04444116474 1.073151181 0 0 0 0 0 0 0 0 0 0 0 0 0 0 0 0 0.3145116816 0 0 0 0 0 0 0 0 0 0 0 0 0 0 0.001664241485 0 0 0 0 0 0 0 0 0 0 0 0 0 0 0 0 0 0 0 0 0 0 0 0 0 0 0 0 0 0 0 0 0 0 0 0 0 0 0 0 0 0 0 0 0 0 0 0 0 0 0 0 0 0 
0 0 0 0 0 0 0 0 0 0 0 0 0 0.159757782 0 0 0 0.08220120986 0 0 0.0006815737042 0 0 0 0 0 0 0 0.06487078076 0 0 0 0.1473552353 0 0 0 0 0 0 0 0 0 0 0 0 0 0 0 0 0 0 0 0 0 0 0 0 0 0 0 0 0 0 0 0 0 0 0 0 0 0 0 0 0 0 0 0 0 0 0 0 0 0 0 0 0 1.305581868 0 0 0 0 0 0 0 0 0 0 0 0 0 0 0 2.699753779 0 0 0 0 0 0 0 0 0 0 0 0 0 0 0 0 0 0 0 0 0 0 0 0 0 0 0 0 0 0 0.5427861779 0 0 0 0 0 0 0 0 0 0 0 0 0 0 0 0 0 0 1.106407539 0 0 0.1374510101 0 0 0.2161480293 0 0 0 0 0 0 0 0 0 0 0 0 0 0 0 0 0 0.4543814049 0 0 0 0 0 0 0 0 0 0 0 0 0.0503359396 0 0 0 0 0 0 0 0 0 0 0 0.05753742992 0 0 0 0 0.8340200765 0 0.1519971229 0 0 0 0 0 0 0 0 0.8402428889 0 0.04628023317 0 0.3516154663 0 0 0 0 0 0 0 0 0 0 0 0 0 0 0 0 0 0 0 0 0 0 0 0 0 0 0.002847886654 0 0 0 0 0 0 0 
0 0 0 0 0 0 0.1263080051 0 0 0 0 0 0.4379815789 0.07229079114 0 0.8709130653 0 0 0 0 0 0 0 0 0 0 0 0 0 0 0 0 0 0 0 0 0 0 0 0 0 0 0 0 0 0 0 0 0 0 0 0 0 0 0 0 0 0 0.08575444992 0 0 0 0 0 0 0 0 0.204509899 0 0 0 0 0 0 0.868158294 0 0 0 0 0 0 0 0 0 0 0 0 0 0 0 0 0 0 0 0 0 0.5321307134 0 0 0 0.06928437409 0 0 0 1.006918996 0 0 0 0 0 0 0 0 0 0 0 0 0 0 0 0 0 0 0 0 0 0 0 0 0 0 0 0 0 0 0 0 0 0 0 0 0 0 0 0 0 0 0 0 0 0 0 0 0 0 0 0 0 0 0 0 0 0 0 0 0 0.4755812208 0 0 0 0.6454134754 0 0 0 0 0 0 0 0 0 0 0 0 0 0 0 0 0 0 0 0 0 0.4034876898 0 0 0 0 0 0 0 0 0.4091939951 1.201853371 0 0 0 0 0 0 0 0 0 0 0 0 0 0 0 0 0 0 0 0 0 0 0 0.04458666991 0 0 0 0 0 0 0 0 0 0 0 0 0 0 0 0 0 0 0 0 0 0 0 0 0 0.07932365917 0 0 0 
0 0 0 0 0.1771777192 0 0 0 0 0 0.1486451536 1.305776849 0 0.6454957067 0 0 0 0.2619486389 0.5460139123 0 0 0 0 0 0 0 0 0 0 0 0 0 0 0 0 0 0 0 1.207946309 0 0 0 0 0 0 0 0 0 0 0 0 0 0 0 0 0 0 0 0 0 0 0 0.7034628421 0 0 0 0 0 0 0 0 0 0 0 0 0 0 0 0 0 0 0 0 0 0 0 0 0 0 1.979401661 0 0 0 0 0 0 0.3961712169 0 0 0 0 0 0 0 0 0 0 0 0 0 0 0 0 0 0 7.299446113 0 0 0.1157927646 0 0 0 0 0 0 0 0 0 0 0 0 0 0 0 0 0 0 0 0 0 0 0 0 0 0 0 0 0 0 0 0 0 0 0 0 0 0 0 0 0 1.188495728 0 0 0 0 0 0 0 0 0 0 0 0 0 0 0 0 0 0 0 0 0 0 0 0 0 0 0 0 0 0 0 0 0.1312169143 0.0001415029301 0.0526554689 0 0 0 0.363158657 0 0 0 0 0 0 0 0 0 0 0 0 0 0.3756728449 0 0 0 0 0 0 0 0 0.002408643882 0 0 0 0 0 0 0 0 0 0 0 0.02899791638 0 0 0 0 0 0 1.702183696 0 0 0 0 0 0 0 0 0 0.2023216225 0 0 0 0 
0 0 0 0 0 0 0 0 0 0 0 0 0 0 0 0 0 0 0 0 0 0 0 0 0 0 0 0 0 0 0 0 0 0 0 0 0 0 0 0 0 0 0 0.0572187407 0 0 0 0 0 0.01472790127 0 0 0 0.06057627267 0 0 0 0 0 0 0 0 0 0 0 0 0 0 0 0 0 0 0 0 0 0 0 0 0 0 0 0 0 0 0 0 0 0 0 0 0 0 0.2750549464 0 0 0 0 0 0 0 0 0 0 0 0 0 0 0 0 0 0.4304361811 0 0 0 0 0 0 0 0 0 0 0 0 0 0 0 0 0 0 0 0 0.05461508766 0 0 0 0 0 0 0 0 0 0 0 0 0 0 0 0 0 0 0.4188489549 0 0 0.01721073705 0 0 0 0 0 0 0 0 0 0 0 0 0 0 0.03461626276 0 0 0 0 0 0 0 0 0 0 0 0 0 0 0 0 0 0 0 0 0 0 0 0 0 0 0 0 0 0 0 0 0 0 0 0.467968191 0.3235189183 0 0 0 0 0 0 0 0 0 0 0 0 0 0 0 0 0 0 0 0 0 0 0 0 0 0 0 0 0 0 0 0 0 0 0 0 0 0 0 0 0 0 0 0 0 0 0 0 0 0 
0 0 0 0 0 0 0 0 0 0 0 0 0 0.05371343249 0 0 0 0 0 0 0 0 0 0 0 0.703933782 0 0 0 0 0 0 0 0 0 0 0.008083501847 0 0 0 0 0 0 0 0 0 0 0 0 0 0 0 0.04974207151 0 0 0 0 0 0 0 0 0 0 0 0 0 0 0 0 0 0 0 0 0 0 0 0 0 0 0 0 0 0 0 0 0 0 0 0 0 0 0 0 0 0 0 0 0 0 0 0 0 0 0 0 0 0 0 0 0 0 0 0 0 1.017314424 0 0 0 0 0 0 0 0 0 0 0 0.6869352995 0 0 0 0 0 0 0 0 0 0 0 0 0 0 0 0 0 0 0 0 0 0 0 0 0 0.2151333254 0 0 0.2061899232 0 0 0 0.03708317832 1.164042653 0 0.4733315204 0 0 0 0 0 0 0 0.1133473103 0 0 0 0 0 0 0 0 0 0 0 0 0 0 0 0 0.0267358714 0 0 0 0 0 0 0 0 0 0 0 0.4406625115 0 0 0 0 0 0 0 0 0 0 0 0 0 0 0 0 0 0 0 0 0 0 0 0 0 0 0 0 0 0 0 0 0 0 0.001253607396 0 0 0 0 0.05689680928 0 0 0.1018278574 0 0 0 0 0 0 1.371716489 0 0 0 0 0 0 
0 0 0 0 0 0 0 0 0 0 0 0.9670062838 0 0 0 0 0 0 0 0 0.3960427597 0 0 0 0 0 0 0.1242101053 0 0 0 0 0 0 0 0 0 0 0 0 0 0 0 0 0 0 0.1553209468 0 0 0 0 0 0 0 0 0 0 0 0 0 0 0 0 0 0 0 0 0 0 0 0 0 0 0 0 0 0 0 0 0 0 0 0 0 0 0 0 0 0 0.3682300136 0 0 0 0 0.1216375773 0 0 0 0 0.2886603769 0.09466928123 0 0 0.005496474856 0 0 0 0 0 0 0.8169739065 0 0 0 0 0 0 0 0 0 0 0 0.1563922545 0 0 0 0 0 0 0 0 0 0 0 0 0 0 0 0.2067429905 0 0 0 0 0.07896047435 0 0 1.452312427 0.09028292365 0 0 0 0 0 0 0 0 0 0 0 0 0 0 0 0 0.2380563741 0 0 0 0 0 0 0 0 0 0 0 0 0 0 0.2541901446 0 0 0 0 0 0 0 0 0 0 0 0 0 0 0 0 0 0 0 0 0 0 0 0 0 0 0.816142982 0.2287241323 0 0 0 0 0 0 0 0 0 0 0 0 0 0 0 0 0 0 0 0 0 0 0 0 0 0 0 0 0 0 0.00391841174 0 0 0.2991209744 0 0 0 0 0 0 0 0 0 0 0 0 0 0 
0 0 0 0 0 0 0.0286614222 0 0 0 0 0 0 0 0 0 0 0 0 0 0 0 0.01003759608 0 0 0 0 0 0 0 0 0 0 0 0 0.5547140254 0 0 0 0 0 0 0 0 0 0 0 0 0 0 0 0 0.01038276359 0 0 0 0 0 0 0 0 0 0 0 0 0 0 0 0 0 0 0 0 1.176906595 0 0 0 0 0 0 0 0 0 0 0 0 0.09705644568 0 0 0 0 0.125836273 0 0 0 0 0 0 0.2281282038 0 0 1.612927147 0 0 0 0 0 5.506622827e-05 0 0 0 0 0.02846748442 0 0 0 0 0.006487468113 0 0 0 0 0 0 0 0 0.5323382403 0 0 0 0 0.01310608982 0 0 0 0 0 0 0 0 0 0 0 0 0 0 0 0 0 0 0 0 0 0 0.0333176305 0 0 0 0 0 0 0 0 0 0 0 0 0 0 0 0 0 0 0 0 0 0 0.3480885363 0 0 0 0 0 0 0 0 0 0 0 0 0 0 0 0 0 0 0 0 0 0.1835510617 0 0 0 0 0.1531276989 0 0 0 0 0 0 0 0 0 0 0 0 0 0 0 0.03813956988 0.2554318909 0 0 0 0 0 0 0 0 0 0 0 0 0.05046115762 0 0 0 0 0 0 0 0 0 0 0 0 0 0 0 0 0 0 0 0 0 
0.1650480721 0 0 0 0 0 0 0 0 0 0 0.02072725469 0 0 0 0 0 0 0 0 0 0 0 0 0 0 0 0 0 0 0 0.1155769362 0 0 0 0 0 0 0 0 0 0 0 0 0 0 0 0 0 0 0 0 0 0 0 0 0 0.2199740733 0 0 0 0 0 0 0 0 0 0 0.1241710885 0.08466975877 0 0 0 0 0.1079254729 0 0 0.4615916794 0 0 0 0.3488237241 0 0 0 0 0 0 0 0 0 0 0 0 0 0 0 0 0 0 0.4100152118 0 0 0 0 0 0 0 0 0 0 0 0 0 0 0 0 0 0 0 0 0 0 0 0 0 0 0 0 0 0 0 0 0 0 0 0 0 0 0 0.002915725906 0 0 0 0 0 0 0 0 0 0 0 0 0 0 0 0 0 0 0 0 0 0 0 0 0 0 0 0 0 0 0.3129530065 0 0 0 0 0 0 0 0 0.0003178446338 0 0 0 0 0 0 0 0 0 0.7032441852 0 0 0 0 0 0 0 0 0 0 0 0 0 0 0 0.3679735274 0 0 0 0 0 0.06677641319 0 0 0.155211609 0.01471376821 0 0 0 0 0 0 0 0.1888876987 0 0 0 0 0 0 0 0 0 0 0 0 0 0 0 0 0 0 0 0 0 0 0 0 0 0.05225446884 0 0 0 0 0 
0 0 0 0 0 0.0009542403924 0 0 0 0 0 0 0 0 0 0 0 0 0.0008004237757 0 0 0 0 0 0 0 0 0 0 0 0 0 0 0 0 0 0 0 0 0 0 0 0 0 0 0 0 0 0 0 0 0 0 0 0 0 0 0 0 0 0 0 0 0 0 0 0 0 0.1733585395 0 0 0 0 0 0 0 0 0 0 0 2.328082454 0 0 0 0 0 0 0 0 0 0 0.1115429887 0 0 0 1.104839636 0 0 0 0 0 0 0 0 0 0 0 0.4989759571 0 0 0 0 0 0 0 0 2.830258824 0 0 0 1.4209936 0 0 0 0 0.133097271 0 0 0 0 0 0 0.5124257274 0.4027862344 0 0 0 0 1.308993493 0 0 0 0 0 0 0 0 0 0 0 0 0 0 0 0 0 0 0 0 0 0 0.006260256582 0 0 0 0 0 0 0 0 0 0 0 0 0.01833279401 0 0 0 0 0 0 0 0 0.1710097291 0 0 0 0 0 0 0 0 0.2694339693 0 0 0 0 0 0 0 0 0 0 0 0 0 0 0 0 0 0 0 0 0 0 0 0 0 0 0 0 0.1167080724 0 0 0 0 0 0 0 0 0 0 0.1568815603 0 0 0 0 0 0 0 0 0 0 0 0 0 0 0 0 0 0 0 0 0 0 0 
0 0 0 0.01731610617 0 0 0 0 0 0 0 0 0 0.2127728471 0 0.01058446563 0 0 0 0.01892332167 0 0 0 0 0 0 0 0.02152867276 0 0 0.0337537155 0 0 0 0 0 0 0 0 0 0 0 0 0 0 0 0 0 0 0 0 0 0 0 0 0 0 0 0 0 0 0 0 0 0 0 0 0 0 0 0 0 0 0 0 0 0 0 0 0 0.04600752104 0 0 0 0 0 0 0 0 0 0 0 0 0.1591417046 0 0 0 0 0.3803018935 0 0 0 0 0 0 0 0.9996769411 0 0.01371648207 0 0 0 0 0 0 0 0 0 0 0 0 0 0 0 0 0 0 0 0 0 0 0 0 0 0 0 0 0 0 0 0 0 0 0.2177297741 0 0 0 0.0542108975 0 0 0 0 0 0 0 0 0 0 0 0 0 0.3477018101 0 0 0 0 0 0 0 0 0 0 0 0 0 0 0 0 0 0 0 0 0 0 0 0 0.06310072117 0 0 0 0 0 0 0 0 0 0 0 0 0 0 0 0 0 0 0 0 0 0 0 0 0 0 0 0 0 0 0 0 0 0 0 0 0 0 0 0 0 0 0 0 0 0 0 0 0 0 0 0 0 0 0 0 0 0 0 0 0 0 0 0 0.1012006052 0 0 0.01212875853 0 
0.01220845881 0 0 0 0 0 0 0 0 0 0 0 0 0 0 0 0 0 0 0 0 0 0 0.2435087752 0 0 0 0 0 0.1159959922 0 0 0 0 0.06511225768 0 0 0 0 0 5.887278558e-05 0 0 0 0 0 0 0 0 0 0 0 0 0 0 0 0 0 0 0 0 0 0 0 0 0 0 0 0 0 0 0.2286396868 0 0 0 0 0 0 0 0 0 0 0 0 0 0 0 0 0 0 0 0 0 0 0 0 0 0.2538953454 0 0 0 0 0 0 0 0 0 0 0 0 0.1378020072 0 0 0 0 0 0 0 0 0 0 0 0 0 0 0 0 0.1354592328 0.1035060678 0 0 0 0 0 0 0 0 0 0 0 4.941732175 0 0 0 0 0 0 0 0 0 0 0 0 0 0 0.001474447367 0 0 0 0 0 0 0 0 0.08560888677 0.3870708855 0 0 0 0 0 0 0 0 0 0 0 0 0 0 0 0 0 0 0 0 0.2077241234 0 0 0 0 0 0 0 0 0 0 0.04362274892 0 0 0 0 0 0.2896612766 0 1.426248392 0 0 0 0 0 0 0 0 0 0 0 0 0 0.04574510952 0 0 0 0 0 0 0 0 0 0 0.1744632002 0 0 0 0.045323494 0 0 0 0 0 0 0 0 0 0 0 0 0 0 0 0 0 0 0 0 0 
0 0 0 0 0 0 0 0 0 0 0 0 0 0 0 0 0 0 0.08218675585 0 0 0 0 1.076054776 0 0 0.003226406773 0 0 0 0 0 0.1445484656 0 0 0 0 0 0 0 0 0 0 0 0 0 0 0 0 0 0.0731447932 0 0.2099894808 0 0 0 0 0 0 0 0 0 0 0.1407698076 0 0 0 0 0 0 0 0 0 0 0 0 0 0 0 0 0 0 0.3616744156 0 0 0 0 0 0 0 0 0 0 0 0 0 0 0 0 0 0 0 0 0 0 0 0 0 0 0 0 0 0 0 0 0.07600802732 0 0 0 0 0 0.005795456824 0 0 0 0 0 0.4074190653 0 0 0 0 0 0 0 0.2097747063 0 0 0 0 0 0 0 0 0 0 0 0 0 0 0 0 0 0 0 0 0 0.0271191291 0 0 0 0 0 0 0.5413651496 0 0 0 0 0 0 0 0 0 0 0 0 0 0 0 0 0 0 0 0 0 0 0 0 0 0 0 0 0.2198802315 0 0 0.03669309278 0 0 0 0 0 0 0 0 0 0 0 0 0 0 0 0 0 0 0 0 0 0 0 0 0 0 0 0 0 0 0 0.09393252502 0 0 0 0 0 0 0 0 0 0 0 0 0 0 0 0 0 0 0 0 0 0 0 0 0 0.3026227182 0 
0 0 0 0 0 0 0 0 0 0 0 0 0 0 0.0003368824892 0 0 0 0 0 0 0 0 0 0 0 0 0 0 0 0 0 0 0.5082573199 0 0 0 0 0 0 0 0 0 0 0 0 0 0.4039918531 0 0 0 0 0 0 0 0 0 0 0.1371961564 0 0 0 0 0 0 0 0 0.1072372254 0 0 0 0 0 0 0 0.1034679506 0 0 0 0 0 0 0 0 0 0 0 0 0.47183749 0 0 0 0 0 0 0.02898485783 0 0 0 0 0 0 0 1.338899068 0 0 0 0.004110757023 0 0 0.1589147625 0 0 0 0 0 0 0 0 0 0 0 0 0 0 0 0 0 0 0.1602309156 0 0 0 0 0 0 0 0 0 0.9073894927 0 0.2078979466 0 0 0 0 0 0 0 0 0 0 0 0 0 0 0 0 0 0.6874864202 0 0 0 0 0 0 0 0 0 0 0 0.004050137617 0 0 0 0 0 0 0.001606387225 0 0 0 0.01887985814 0 0 0 0 0.4048116334 0 0 0 0 0 0 0 0 0 0 0 0 0 0 1.257570207 0 0 0.1890151134 0 0 0.001488848768 0 0 0 0.08621788824 0 0 0.1251308846 0 0 0 0 0 0 0.08457045206 0 0 0 0 0 0 0 0 0 0 0 0 0 0 0 0 0 0 0 0 0 0 0.00167813889 0 0 0 0 0 0 0 0 0 0 
0 0 0 0 0 0 0 0 0 0 0 0 0 0 0 0 0 0 0 0 0 0 0 0 0 0.05508306012 0 0 0 0 0 0 0 0 0 0 0 0 0.44485164 0 0 0 0 0 0 0 0 0 0 0 0 0 0 0 0 0 0 0 0.2697541964 0 0 0 0.2722719457 0 0 0 0 0 0 0 0 0 0 0 0 0 0 0 0 0 0 0 0 0 0 0 0 0 0 0.004499173438 0 0 0 0.1291168619 0.177399154 0 0 0 0 0 0 0 0 0 0.1020365857 0 0 0 0 0 0 0 0 1.360812188 0 0 0 0 0 0 0 0 0 0.1948876845 0 0 0 0 0 0 0 0 0 0 0 0 0 0 0 0 0 0 0 0.287118436 0 0 0 0 0.2181160765 0 0 0 0 0 0 0 0 0.47183776 0 0 0.1005675282 0 0 0 0 0 0 0 0 0 0 0 0 0 0 0 0 0 0 0 0 0 0 0 0 0.1251388993 0 0 0 0 0 0 0 0 0 0 0 0 0 0.1225061352 0 0 0 0 0 0 0 0 0 0 0 0 0 0 0 0 0 0 0 0 0 0 0 0 0 0 0.2820970326 0 0 0 0.2840927682 0 0 0 0 0 0 0 0 0 0 0 0 0 0 0 0 0 0 0 0.011386133 0.0273601662 0 0 0 0 
0 0 0 0 0 0 0 0 0 0 0.04198413878 0 0 0.4791519329 0 0 0 0 0 0 0 0 0 0 0 0 0 0 0 0 0.3896573241 0 0 0 0 0 0 0 0 0 0 0 0 0 0 0 0 0 0 0 0 0 0 0 0 0 0 0 0 0 0 0 0 0 0 0 0 0 0 0 0 0 0 0 0 0 0 0 0 0 0 0 0 0 0 0 0 0 0 0 0 0 0 0 0 0 0 0 0 0 0 0 0 0 0 0 0.007807147351 0 0 0.1884353408 0 0 0 0 0 0 0 0 0 0 0 0 0 0 0.1086346066 0 0 0 0 0 0 0 0 0 0 0 0 0 0 0 0 0 0 0 0 0 0 0 0 0 0 0.2341564531 0 0 0 0 0 0 0 0 0 0 0 0 0 0 0 0 0 0 0 1.479171833 0 0 0 0 0 0 0 0 0 0 0 0 0 0 0 0 0 0 0.1719326312 0 0 0 0 0 0 0 0 0 0 0 0 0 0 0 0 0 0 0 0 0 0 0 0 0 0 0 0 0 0 0 0 0 0 0 0 0.494368981 0 0 0 0 0 0 0 0 0 0 0 0 0 0 0 0 0 0 0 0 0.2829844366 0 0 0 0 0 0 0 
0 0 0 0.08454686586 0 0 0 0 0 0 0 0 0 0 0 0 0 0 0 0 0 0 0 0 0 0 0 0 0 0 0 0 0 0.03007646077 0.09879283835 0 0 0 0 0 0 0.006981520013 0 0.2981348052 0.01655457186 0 0 0 0 0.04020617035 0 0 0 0 0 0 0.3732288985 0 0 0 0 0 0 0 0 0 0 0 0.01296086295 0 0 0.2289251453 0 0.180625252 0 0.1374208293 0 0 0 0 0 0 0 0 0 0 0 0 0 0 0 0 0 0.856420721 0 0 0 0 0 0 0 0 0 0 0 0 0 0 0 0 0 0 0 0.2124997377 0 0 0 0 0 0 0 0 0 0 0 0.3964608862 0 0 0 0 0.1905744103 0 0 0 0 0 0 0 0 0 0 0 0 1.472041536 0 0 0 0 0 0 0 0 0 0 0 0 0 0 0 0 0 0 0 0 0 0 0 0 1.049802132 0 1.320769864 0 0 0 0.1202995477 0 0 0 0 0 0 0 0 0 0 0 0 0 0.007746445705 0 0 0 0 1.100946438 0.0006865384046 0 0 0 0 0 0 0 0 0 0 0 0 0 0 0 0 0 0 0 0 0 0 0 0 0 0 0 0 0 0 0 0 0 0 0 0 0 0 0 0 0 0 0 0.1262049903 0.02820495533 0 0 0 0 0 0 0 0 0 0 0 0.003076479206 0 0 0 0 
0 0.1247706466 0 0 0 0 0 0 0 0 0 0 0 0 0 0 0 0 0 0 0 0 0 0 0 0 0 0 0 0 0 0.04258956471 0 0 0 0.09492913784 0 0 0 0 0 0.8932756254 0 0 0.005240985643 0 0 0 0 0.5133540986 0 0 0 0.07030131943 0 0 0 0 0 0 0 0 0 0 0 0 0 0 0 0 0 0 0 0 0 0 0 0 0 0 0 0 0 0 0 0.1302912637 0.7265696582 0.1340386707 0 0 0 0 0 0 0 0 0 0 0 0 0 0 0 0 0 0 0 0 0 0 0 0 0 0 0 0 0 0 0 0 0 0.09593255767 0 0 0 0 0 0 0 0 0 0 0 0 0 0 0 0 0.2373693242 0 0 0 0 0 0 0 0 0 0 0.5393067901 0.1463324261 0 0 0 0 0 0 0 0 0 0 0 0 0 0 0 0 0 0 0 0 0 0 0 0 0 0 0 0 0 0 0 0 0 0 0 0 0 0 0 0 0 0 0.03290952104 0 0 0 0 0 0 0 0 0 0 0 0 0.1707092098 0 0.02821813432 0 0 0 0 0 0 0 0 0 0 0 0 0.05344264714 0.003268347005 0 0 0 0 0 1.367713102 0 0 0 0.1400924912 0 0 0 0 0 0 0 0 0 0 0 0 0 0 0 0 0 0.0001076705462 0 0 0 0 0 
0 0 0 0 0 0 0.1553212203 0 0 0 0 0 0 0 0 0 0 0 0 0 0 0 0 0 0 0.1213088772 0 0 0 0 0 0 0 0 0 0 0 0 0 0 0 0 0 0 0 0.1193782885 0 0 0 0 0 0 0.1639021534 0 0 0 0 0 0 0 0 0 0 0 0 0 0 0 0 0 0 0 0 0 0 0 0 0 0 0 0 0 0 0 0 0 0 0 0 0 0 0 0 0 0 0 0.04892742311 0 0 0 0 0 0 0 0 0 0 0 0 0 0 0 0 0 0 0 0 0 0 0 0 0 0.2792587361 0 0 0 0 0 0 0 0 0 0 0 0 0 0 0 0 0 0 0 0 0.1185890816 0 0.3365400767 0 0 0 0 0 0 0 0 0 0 0 0 0 0 0 0 0 0 0 0 0 0 0 0 0 0 0.2494188124 0.02754169123 0 0 0 0 0 0 0 0 0 0 0 0 0.178101997 0 0 0.375176703 0 0 0 0 0 0 0 0 0 0 0 0 0 0 0.0052001616 0 0 0 0 0 0 0 0 0 0 0 0 0 0 0 0 0.1187217133 0 0 0 0 0 0 0 0 0.370798475 0 0 0 0 0 0.1088464429 0 0 0 0.1114211654 0 0 0 0 0 0 0 0 0 0 0 0 0 0 0 
0 0 0 0 0 0 0 0 0 0 0 0 0 0 0 0 0 0 0 0 0 0 0 0 0 0 0 0 0 0 0 0 0 0 0 0 0 0 0 0 0 0 0 0 0 0 0 0 0 0 0 0 0.1551567317 0 0 0 0 0 0 0 0 0 0 0 0 0 0 0.9253259409 0 0 0 0 0 0 0 0 0 0 0 0 0.005440471044 0 0 0 0 0 0 0.9580772878 0 0 0 0 0 0 0 0 0 0 0 0 0 0 0 0 0 0 0 0 0 0 0 0.04080866553 0 0 0 0 0 0 0.02131937806 0 0 0 0 0 0 0 0 0 0 0 0 0 0 0 0.3042566787 0 0 0 0.1165775595 0 0 0 0 0 0 0 0 0 0 0 0 0 0 0 0 0 0 0 0 0 0 0 0 0 0 0 0 0 0 0 0 0 0 0 0 0 0 0 0 0 0 0 0 0 0 0 0 0 0 0 0 0 0 0 0 0 0 0 0 0 0 0 0 0 0 0.2490730064 0 0 0 0 0 0 0 0 0 0 0 0 0 0 0 0 0.008905094366 0 0 0 0 0 0 0 0.1989739552 0 0 0.8953457621 0 0 0 0 0 0 0 0 0 0 0.3142997927 0 0 0 0.3551706952 3.971235528e-05 0 0 0 0 0 0 
0 0 0 0 0 0 0 0.4015062919 0.04774561098 0 0 0 0 0 0 0 0 0 0 0 0 0 0 0 0 0 0 0.02149701586 0 0 0 0 0 0 0 0 0 0 0 0 0 0 0 0 0 0 0 0 0 0 0 0 0 0 0 0 0 0.05421521432 0 0 0 0 0 0 0 0 0 1.283745818 0 0 0 0 0 0 0 0 0 0.1433120548 0 0 0 0 0 0 0.1050770636 0 0 0 0.01045671773 0 0 0 1.444803987 0 0 0 0 0 0 0 0 0 0 0 0 0 0 0 0 0 0 0 0 0 0 0 0 0 0 0 0 0 0 0 0 0 0 0 0 0 0 0 0 0 0 0 0 0 0 0 0 0.5084111559 0 0 0 0 0 0 0 0 0 0 0 0 0 0 0 0 0 0 0 0 0 0 0.2087707891 0.1295171619 0 0 0 0 0 0.03397064477 0 0 0.1963268642 0 0.05414339825 0 0 0 0 0 0 0 0 0 0 0 0 0 0 0 0 0 0 0 0 0.09417374329 0 0 0 0 0 0 0 0 0 0 0 0 0 0 0 0 0 0 0 0 0 0 0 0 0 0 0 0 0 0 0 0 0 0 0 0 0.1609381693 0 0 0 0 0 0 0 0 0 0 0 0 0 0 0 0.147341894 0 0 0 0 0.03092424567 
0 0 0 0 0 0 0 0 0 0 0 0 0 0 0 0 0.1218232849 0 0 0.7297097308 0 0 0 0.0335605747 0 0.02328585182 0 0 0.05243754686 0 0 0 0 0.0206742452 0 0 0 0 0 0 0 0 0 0 0 0 0 0 0 0 0 0 0 0 0 0 0 0 0 0 0 0 0 0 0 0 0 0 0 0 0 0 0 0 0 0 0 0 0 0 0 0 0 0 0 0 0 0 0 0 0.004181478253 0 0.1002949733 0 0 0 0 0 0 0 0 0 0 0 0 0 0 0 0 0 0 0 0 0 0 0 0 0 0 0 0 0 0 0 0 0 0 0 0 0 0 0 0 0 0 0 0 0 0 0 0 0 0 0 0 0 0 0 0 0 0 0 0 0.2081858965 0.00920307625 0 0 0 0 0 0 0 0 0 0 0 0 0.01607058857 0 0.4255834336 0 0 0 0 0 0 0 0 0 0 0 0 0 0 0 0 0 0 0.03392242311 0 0 0 0 0 0 0 0 0 0 0 0 0 0 0.296541373 0 0.08967690931 0 0 0 0 0 0 0 0 0 0 0 0 0 0 0 0 0 0 0 0 0 1.65271679 0 0 0 0 0 0 0 0 0 0 0 0 0 0 0 0 0.07645275369 0 0.2483849939 0 0 0 0 0 0.01004034186 0 0 0 
0 0 0 0 0 0 0 0 0 0 0 0 0 0 0 0 0 0 0 0 0 0.1351719994 0.5165349042 0 0 0 0 0 0 0 0 0 0 0 0 0 0 0 0 0 0 0 0 0 0 0 0 0 0 0 0 0 0 0 0 0 0 0 0 0 0 0 0 0 0 0 0 0 0 0 0 0 0 0 0.09310885715 0 0 0 0 0 0 0 0 0 0 0 0 0 0 0 0 0 0 0 0 0 0 0 0 0 0 0 0 0 0 0 0 0 0.09859222796 0 0 0 0 0.2852790948 0 0 0 0 0 0 0 0 0 0 0 0 0 0 0 0 0 0 0 0 0 0 0 0 0 0 0 0 0 0 0 0 0 0 0 0 0 0 0 0 0 0 0 0 0 0 0 0 0 0 0 0 0 0 0 0 0.4946991974 0 0 0 0 0 0 0 0 0 0 0 0.007320916687 0 0 0 0 0 0.1573552844 0 0 0 0 0 0 0 0 0 0 0 0 0 0.2723969026 0 0 0 0 0 0 0 0 0 0 0 0 0 0 0 0 0 0.07573072116 0 0.001598245625 0 0 0 0 0 0 0 0 0 0 0 0 0.4123302217 0 0 0 0 0 0 0 0 0 0 0 0 0 0 0 0 0.03812637339 0 0.2032070725 0 
0 0 0 0.04568536267 0 0 0 0 0 0 0 0 0 0 0.03084547399 0 0.04242063782 0 0 0 0 0 0 0 0 0 0 0 0 0 0 0 0 0 0 0.02354883186 0 0 0 0 0 0 0 0 0 0 0.06949532788 0 0 0 0 0 0 0 0 0 0 0 0 0 0 0.06768058572 0 0 0 0 0 0 0 0 0 0 0 0 0 0 0 0.01034539689 0 0 0 0 0 0.02154259558 0 0.00115698951 0 0 0 0 0 0 0 0 0 0 0 0 0 0 0 0 0.004859522719 0 0 0 0 0 0 0 0 0 0 0 0 0 0 0 0.4256184351 0 0.09369327213 0.3657953346 0 0 0 0 0 0 0.09673747491 0 0 0 0 0 0 0 0 0 0 0 0 0 0 0 0 0 0 0 0 0 0 0 0 0 0 0 0 0.9729593579 0 0 0 0 0 0 0 0 0 0 0 0 0 0 0 0 0 0 0 0 0 0 0 0 0 0 0 0 0 0 0 0 0 0 0 0 0 0 0 0 0 0.0005867270435 0 0 0 0 0 0.116005253 0 0 0 0 0 0 0 0 0 0 0 0 0 0 0 0 0 0 0 0 0 0 0 0 0 6.107832571e-05 0 0 0 0 0.008594847969 0 0 0 0 0 0.1277885262 0 0 0 0 0 0 0 0 0 0 0 0 0 
0 0 0.0441022642 0 0 0 0 0 0 0 0 0 0 0 0 0 0 0 0 0 0 0 0 0 0 0 0 0 0 0 0.1338906712 0 0.1700883081 0 0 0 0 0 0 0 0 0 0 0 0 0 0 0 0 0 0 0 0 0 0 0 0 0 0 0.01764150738 0 0.1961145455 0 0 0 0 0 0 0 0 0 0 0 0 0 0 0 0 0 0 1.52740339 0 0 0 0 0 0 0 0 0 0 0 0 0 0 0 0 0 0 0 0 0 0 0 0 0 0 0 0.08011783747 0 0 0 0 0 0 0 0 0 0 0 0 0 0 0 0 0 0 0 0 0 0 0.03214552653 0 0 0 0 0 0.3108697449 0 0 0 0 0 0 0 0 0 0 0 0 0 0 0 0 0 0 0.4557249674 0 0 0 0 0 0 0 0 0 0 0 0 0 0 0 0 0 0 0 0 0 0 0 0 0 0 0 0 0 0 0 0.9381283409 0 0 0 0 0 0 0 0 0 0.06334284605 0 0 0 0 0 0 0 0 0 0 0 0 0 0 0 0 0 0 0.01978578316 0 0 0 0.003395643867 0 0 0 0 0 0 0 0 0 0 0 0 0 0.3132208403 0 0 0 0 0 0 0 0 0 0 1.63139612 0.09286175994 0 0 0 0 0 0 0 0 
0 0 0 0 0 0 0 0 0 0 0 0 0 0 0 0 0 0 0 0 0 0 0 0 0 0 0 0 0 0.2357475067 0.3574947718 0 0 0 0 0 0 0 0 0 0 0 0 0.6579940379 0 0 0 0 0 1.42782119 0 0 0 0 0 0 0 0 0 0 0 0 0 0 0 0 0 0 0 0 0 0 7.276850777e-05 0 0 0 0 0.007670476258 0 0 0 0 0 0 0 0 0 0 0 0 0 0 0 0 0 0 0 0 0 0 0 0 0 0 0 0 0 0 0 0 0 0 0 0.008710279361 0 0.1200731763 0 0 0 0 0 0 0 0 0 0.01122774728 0 0 0 0 0 0 1.080867359 0 0 0 0 0 0 0 0 0 0 0 0 0 0 0 0 0 0 0 0.01510996211 0 0 0 0 0.007098358489 0 0 0 0 0 0 0 0 0 0 0 0 0 0 0 0 0 0 0 0 0 0 0 0 0 0 0 0 0 0 0 0 0 0 0 0 0 0 0 0.1862880079 0 0 0 0 0.1425812598 0 0 0 0 0 0 0 0 0 0 0 0 0 0 0 0.03022806197 0 0 0 0 0 0 0 0 0 0 0 0 0 0.04769976956 0 0 0 0 0 0 0 0 0.03348173982 0 0 0 0 0 0 0 0 0 0 0 0 0 0 
0 0 0 0 0 0.02090843012 0 0.1043298995 0 0 0 0 0 0 0 0 0 0 0 0 0.03363023286 1.265849547 0 0 0 0 0 0 0 0 0 0 0 0 0 0 0 0 0 0 0 0 0 0 0 0 0 0 0 0 0 0 0 0 0 0 0 0 0 0 0 0 0 0 0 0 0 0.01364433137 0 0.05533668676 0 0 0 0 0 0.342615664 0 0 0 0 0.09024228543 0 0 0 0 0 0.351015169 0 0.02071941419 0 0.004306766149 0 0 0 0 0 0 0 0 0 0.1206608908 0 0 0 0.009543085473 0 0 0 0 0 0 0 0 0 0 0 0 0 0 0 0 0 0 0 0 0 0 0 0 0 0 0 0 0 0.156310884 0 0 0 0 0 0 0 0 0 0 0 0 0 0 0 0 0 0 0 0 0 0 0 0 0 0 0 0 0 0 0 0 0 0 0 0.3704229052 0 0.2281313824 0 0 0 0 0 0 0 0 0 0 0 0 0 0 0 0 0 0.4181721123 0 0 0 0 0 0 0 0 0 0 0 0 0 0 0 0 0 0 0.07493261451 0 0 0 0 0 0 0 0 0 0 0 0 0 0 0 0 0 0.06448483144 0 0 0 0 0 0 0 0 0 0 0 0 0 0 0 1.017302184 0 0 0 0 0 0 0 0 0 0 0 0 
0.02223491531 0 0 5.864703602e-05 0.02563378644 0 0 0 0 1.390286114 0 0 0 0 0 0 0 0 0 0 0 0 0 0 0.08897309595 0 0 0 0 0 0 0 0 0 0 0 0 0 0 0 0 0 0 0 0 0 0 0 0 0 0 0 0 0.04551990914 0 0 0 0 0 0 0 0 0 0 0 0 0 0 0 0.1278486465 0 0 0 0 0.003643293881 0 0 0 0 0 0 0 0 1.18704877 0 0 0 0.05214587169 0 0 0 0 0 0 0 0 0 0 0.1733675717 0 0 0 0.3640512427 0 0 0 0 0 0 0 0 0 0 0 0 0 0.0003302481882 0 0 0 0 0 0 0 0 0 0 0 0 0 0 0 0 0 0 0 0 0.0002598353065 0.01750848116 0 0 0 0 0 0 0 0 0.5309491385 0 0 0 0 0 0 0 0 0 0 0 0 0 0 0 0 0 0 0 0 0 0 0 0.09958310466 0 0 0 0 0 0 0 0 0 0.3684679632 0 0 0 0 0 0 0 0 0 0 0.1689930575 0 0 0 0 0 0.07835295602 0 0 0 0 0 0 0 0 0 0 0 0 0 0 0 0 0 0 0.05444456206 0 0 0 0.02533614184 0 0 0 0 0 0 0 0 0 0 0.03751723095 0 0 0 0 0 0 0 0 0 0 0 0.008313098751 0 0 0 0 0 0 0 0 0 0 0 
0 0 0 0.06776494479 0 0 0 0 0 0 0 0 0 0 0 0 0 0 0 0 0 0 0 0 0 0 0 0 0 0 0 0.236264252 0 0 0 0 0 0 0 0 0 0 0 0 0 0 0 0 0.1543661771 0 0 0 0 0 0 0 0 0 0.1966296178 0 0 0 0 0 0 0 0 0 0 0 0 0 0.07824717486 0 0 0 0 0 0 0 0 0 0 0 0 0 0 0 0 0 1.104754558 0 0 0.3735164842 0 0 0.1933896387 0 0 0 0 0 0 0 0 0 0 0 0 0 0 0 0 0 0 0 0.3283036375 0 0 0 0 0 0 0 0 0 0 0 0 0 0 0 0 0.1370793404 0.006932826328 0 0 0 0 0.001695159905 0 0 0.00320115804 0 0 0 0 0 0 0 0 0 0 0 0 0 0 0 0 0 0 0 0 0 0 0 0 0 0 0 0 0 0 0 0 0 0 1.134133584 0 0.05516286096 0.06381868824 0 1.137199433 0 0 0 0 0 0.248990464 0.07232734109 0.3444664061 0 0 0 0 0 0 0 0 0 0 0 0 0 0 0 0 0 0 0 0 0 0.4241190769 0 0 0 0 0 0 0.1146093976 0 0 0 0 0 0 0 0 0 0 0 0 0 0 0 0 0 0 0 0 0 0 0 0 0 0 0 0 0.3528181142 0 0 0 0 0 0 0 
0 0 0 0 0 0 0 0 0 0 0 0 0 0 0 0 0 0 0 0 0 0 0 0 0 0 0 0 0 0 0 0 0 0 0 0 0 0 0 0 0.0001032497296 0 0 0 0 0 0 0 0 0 0 0 0 0.4550906052 0 0 0 0 0 0 0 0.1693361619 0.03729907618 0 0 0 0 0.4587737111 0 0.003276083558 0 0 0 0.09739912154 0 0 0 0 0 0 0 0 0 0 0.5334025244 0 0 0 0 0 0 0.2091670419 0 0 0 0 0 0 0 0.2034661708 0 0.08338349311 0 0 0 0 0 0 0 0 0 0 0 0 0.02101305542 0 0 0 0 0 0 0 0 0 0 0 0 0 0 0 0 0 0.09620485104 0 0 0 0 0 0 0 0 0 0 0 0 0 0 0 0 0 0 0 0 0 0 0 0 0 0 0 0 0 0 0 0 0 0 0 0 0 0 0 0 0.06617191498 0 0 0 0 0 0 0 0.1001222703 0 0 0 0 0 0 0 0 0 0 0.007674800012 0 0 0 0.006453749623 0 0 0 0 0 0 0 0 0 0 0 0.1691154795 0 0 0 0 0 0 0 0 0 0 0 0 0 0 0 0 0 0 0 0 0.0001870640845 0 0 0.02144031393 0 0 0 0 0 0 0.4949160921 0 0 0 0 0 0 0 0 0 0 0 0 0 0 0 0 
0 0 0 0 0 0 0.01992636366 0 0 0 0 0 0 0 0 0 0 0 0 0 0 0.1351861059 0 0 0 0 0 0 0 0 0 0 0 0 0 0 0 0 0 0 0 0 0 0 0 0 0 0 0 0 0 0 0 0 0 0 0 0 0 0 0.1980238683 0 0 0 0 0 0.03650091142 0 0 0 0 0 0 0 0 0 0 0 0 0 0 0 0 0 0.07966082708 0 0 0 0 0 0 0 0 0 0 0 0.2203762035 0 0 0 0 0 0 0 0 0 0 0 0 0 0 0.1656810971 1.626508882 0 0 0 0 0 0 0 0 0 0 0 0 0 0 0 0 0 0 0 0 0 0 0 0 0 0 0 0 0 0 0.434104684 0 0 0 0 0 0.1279413251 0 0 0 0 0 0 0 0 0 0 0 0 0 0 0 0 0 0 0 0 0 0 0 0 0 0 0 0 0 0 0 0 0 0 0 0 0 0 0 0 0 0 0 0 0 0 1.457653487e-05 0 0 0 0 0 0 0 0 0 0 0 0 0 0 0 0 0 0 0 0 1.605959109 0 0 0 0 0 0 0 0 0 0 0 0 0 0 0 0 0 0 0 0 0 0 0 0 0 0 0 0 0 0 0.06270342752 0 0 0 0 0 0 0 
0 0 0 0 0 0 0 0 0 0 0 0 0 0 0 2.984753268e-05 0 0 0 0 0 0 0 0 0 0 0 0 0 0 0 0 0 0 0 0 0 0 0 0 0 0 0 0.04690217117 0 0 0 0 0 0 0 1.210067706 0 0 0.1918083983 0 0 0 0 0 0 0 0 0 0 0 0 0 0 0 0 0 0 0 0 0 0 0 0 0 0.03097383683 0 0 0 0 0 0 0 0 0 0 0 0 0 0 0 0 0 0 0 0 0 0 0.07256351582 0 0 0 0 0 0 0 0 0 0 0 0 0 0 0 0 0.3081653338 0 0 0 0 0 0 1.714531657 0 0.001621004316 0 0 0 0 0 0 0 0 0 0 0 0 0 0 0 0 0 0 0 0 0 0 0 0 0 0 0 0 0 0 0 0 0 0 0 0 0 0 0 0 0 0 0 0 0 0 0 0 0 0 0 0.2853762158 0.3830761541 0 0 0.08648090923 0 0 0 0 0 0 0 0 0 0 0 0 0 0 0 0 0 0 0 0.01251836442 0 0 0 0.05926568311 0 0 0 0 0 0 0 0 0 0 0 0 0 0 0 0 0.05233824707 0 0 0 0 0 0 0 0 0 0 0 0 0.1869256689 0 0 0 0 0 0 0 0 0 0 0 0 0 0 0 0 
0 0 0 0 0 0 0 0.008918272196 0 0 0 0 0 0 0 0 0 0 0 0 0.3138084842 0 0 0 0 0 0 0 0 0 0 0 0 0.02924005143 0 0 0 0 0 0.4599296263 0 0 0 0.05233254448 0 0 0.005280379126 0 0 0 0 0.005598372414 0 0 0 0 0 0.3762471715 0 0 0 0 0 0 0 0 0 0 0 0 0 0 0 0 0 0 0 0 0.02557848907 0 0 0 0 0 0 0 0 0 0 0 0 0 0 0 0 0 0 0 0 0 0 0 0 0 0.01224036411 0 0 0 0 0 0 0 0 0.03594065898 0 0 0 0 0 0 0 0 0 0 0 0 0 0 0 0 0.2252747519 0 0 0.07696557108 0 0 0 0 0 0 0 0 0 0 0 0 0 0 0 0 0 0 0 0 0 0 0 0 0 0 0 0 0 0 0 0 0 0 0 0 0 0 0 0.0152776577 0 0 0 0 0 0 0 0 0 0 0 0 0 0 0.02078846389 0 0.4335363771 0 0 0 0 0 0 0 0 0 0 0 0 0 0.00379093037 0 0 0.04404008731 0 0 0 0 0 0 0 0 0 0 0.0008240337791 0 0 0 0 0 0 0 0 0 0 0 0 0 0 0 0 0 0 0 0.1414468607 0 0.0811211257 0 0 0 0.078433005 0 0 0 0 0 0 0 0 0 0 0 
0 0 0 0 0 0 0 0 0 0 0 0 0 0 0 0 0 0 0 0 0 0 0 0 0 0 0 0 0 0 0 0 0 0 0 0 0 0 0 0 0 0 0 0 0 0 0 0 0 0 0 0 0 0 0 0 0 0 0 0 0 0 0 0 0.09378957516 0 0 0 0 0 0 0 0 0.02369873648 0 0 0 0 0.1795721103 0 0 0 0 0 0 0 0 0 0 0 0 0 0 0 0 0 0 0 0 0 0 0 0 0 0 0 0 0 0 0 0 0 0 0 0 0 0 0 0 0 0 0 0 0 0 0 1.247991244 0 0 0 0 0 0 0 0 0 0 0 0 0 0 0 0 0 0 0 0 0 0 0 0 0 0 0 0 0 0.00685090813 0 0 0 0 0 0 0 0 0 0.2246998247 0 0 0 0 0 0 0 0 0 0 0 0 0 0 0 0 0.0003868577486 0 0 0 0 0 0.05387480907 0 0 0 0 0 0 0 0 0 0 0 0 0 0 0 0 0 0 0 0 0 0 0 0 0 0 0 0 0 0 0 0 0 0 0 0 0 0 0 0 0 0 0 0 0 0 0 0 0 0 0 0 0 0 0 0.05175382583 0 0.04908506249 0 0 0 0 0 0 0 0 
0 0 0 0 0 0 0 0 0 0 0 0 0 6.962677139e-05 0 0 0 0.0472887565 0 0 0 0 0 0 0 0 0 0 0 0 0 0 0 0.02643439714 0 0 0 0.2610716883 0 0 0 0 0 0 0 0 0 0 0.1262968671 0 0 0 0 0 0 0 0 0 0 0 0 0 0 0 0 0.1034826936 0 0 0 0 0 0 0 0 0 0 0 0 0 0 0.001988187692 0 0 0 0 0 0 0 0 0 0 0 0 0 0 0 0 0 0 0 0 0 0 0 0 0 0 0 0 0 0 0 0 0 0 0 0 0 0.02858490259 0 0.03542422307 0 0 0 0 0 0 0 0 0 0 0 0.3780751415 0 0 0 0.07267786638 0 0 0 0 0 0 0 0 0 0 0 0 0 0 0 0 0 0 0 1.536449754 0 0 0 0 0 0 0 0 0 0 0 0 0 0 0 0.1916707754 0 0 0.1537667732 0 0 0 0 0 0 0 0 0 0 0 0 0 0 0 0 0 0 0 0 0 0 0 0 0 0 0.02155730658 0 0 0.01305492558 0 0 0 0 0 0 0 0 0.3564016028 0 0 0 0 0 0 0 0 0 0 0 0 0 0 0 0 0 0 0 0 0 0 0 0 0 0 0 0 0 0 0 0 0 0 0 0 0 0 0 0 0 
0 0 0 0 0 0 0 0 0 0 0 0 0 0 0 0 0.02859181953 0 0 0 0 0 0 0 0 0 0 0 0 0 0 0 0 0 0 0.07542727912 0 0 0 0 0 0 0 0 0 0 0 0 0 0 0 0 0 0 0 0 0 0 0 0 0 0 0 0 0 0 0 0 0 0 0 0 0.1014696121 0 0 0 0 0 0 0 0 0 0 0 0.007092125348 0 0 0 0 0 0 0 0.02776221654 0 0 0 0.004656069396 0 0 0 0 0 0 0 0 0 0 0 0 0 0 0 0 0 0 0 0.03991373566 0 0 0 0 0 0 0 0 0 0 0 0 0 0 0 0 0 0 0 0 0 0 0 0 0 0 0 0 0 0 0 0 0 0 0 0.0431090279 0 0 0 0 0 0 0 0.7337989195 0 0 0 0 0 0 0 0 0 0 0 0 0 0 0 0 0 0.8795188418 0 0 0 0 0 0 0 0 0 0 0 0 0 0 0 0 0 0 0 0 0 0 0 0 0 0 0 0 0 0 0 0 0.6745699757 0 0 0 0 0 0 0 0 0 1.283305981 0 0 0 0 0 0 0 0 0 0 0.00129448182 0 0 0.004564534346 0 0 0 0 0 0 0.3586063656 0 0 0 0 0 0 0 0 0 0 0 0 0 
0 0 0 0 0 0 0 0 0 0 0 0 0 0.00592789091 0 0 0 0 0 0 0 0 0 0 0 0 0 0 0 0 0 0 0 0 0 0 0 0 0 0.8329585457 0 0 0 0.0818613681 0 0 0 0 0 0 0 0 0 0 0 0.1372234368 0 0 0 0 0 0 0 0 0 0 0 0 0 0 0 0 0 0 0 0 0 0 0 0 0 0 0 0 0 0 0 0 0 0.006543742675 0.1752023076 0 0 0 0 0 0 0 0 0 0 0 0 0 0 0.102289942 0 0 0 0 0 0 0 0 0 1.470295673 0 0 0 0 0 0 0 0 0 0 0 0 0 0 0 0 0 0 0 0 0 0 0 0 0 0 0 0 0 0 0 0.002525685756 0 0 0 0 0 0 0 0 0 0 0 0 0 0 0 0 0 0 0 0 0 0 0 0 0 0 0 0 0.02975926913 0 0 0 0 0 0.1146317505 0 0 0 0 0 0.01626303208 0 0 0 0 0 0 0 0 0 0 1.391311638 0 0 0 0 0 0.1083051999 0 0 0 0 0 0.0005143553288 0 0 0 0 0 0 0 0 0 0 0 0 0 0 0 0 0 0 0 0 0 0 0 0 0 0 0 0 0 0 0 0 0 0 0 0 0 0 0 0 0 0 0 0 
0.0006251117075 0 0 0 0.2921550383 0.1010758589 0 0 0 0 0 0 0 0 0 0 0 0.05674679717 0 0.009180861889 0.0006524956891 0 0 0 0 0 0 0 0 0 0 0 0 0 0 0 0 0 0 0 0 0 0 0 0 0 0 0 0 0 0 0 0 0 0 0 0 0 0 0 0 0 0 0 0 0 0 0 0 0 0 0 0 0 0 0 0 0 0 0 0.6831911429 0 0 0 0 0 0 0 0 0 0 0 0 0 0 0 0 0 0 0 0 0 0 0 0 0 0 0 0 0 0 0 0 0 0 0 0 0 0 0 0 0 0 0 0 0 0 0 0 0 0 0 0 0 0 0 0 0 0.01814954712 0 0 0 0 0 0 0 0 0 0 0 0 0 0 0 0.08012865306 0 0 0 0 0.08358028586 0 0 0.1806339568 0 0 0 0 0 0 0 0 0 0 0 0.116659131 0 0 0 0 0 0 0 0 0 0 0 0 0.2740721825 0 0 0 0 0 0 0 0 0 0 0 0 0 0 0.02482046458 0 0 0 0 0 0 0 0 0 0 0 0 0 1.419032892 0 0.1843041303 0 0 0 0 0 0 0 0 0 0 0 0 0 0 0 0 0.04697622398 0 0 0 0 0 0 0 0 0.4028814608 0 0 0 0 0 0.0006742691403 0 0 0 0 0 
0 0 0 0 0 0.3628820163 0 0 0 0 0 0 0 0 0 0 0 0 0 0 0 0.03622473067 0 0 0 0 0 0 0 0 0 0 0 0 0 0 0 0 0 0 0 0 0 0 0 0 0 0 0 0 0 0 0 0.1514363573 0 0 0 0 0 0.02706572812 0 0 0 0 0 0 0 0 0.05374661874 0 0.04643417518 0 0 0 0 0 0 0 0 0 0 0 0 0 0 0 0 0 0 0 0 0 0 0 0 0.08275563267 0 0 0 0 0 0 0 0 0 0 0 0 0 0 0 0 0.01634940344 0 0 0 0 0 0 0 0 0.03726436085 0 0 0 0 0 0 0 0.4906064984 0 0 0 0 0 0 0 0.2150054144 0 0 0 0 0 0 0 0 0 0 0 0 0 0 0.1551536873 0 0 0 0 0 0 0 0 0 0 0 0 0 0 0 0 0 0 0 0 0 0 0 0 0 0 0 0.1929542117 0 0 0 0.2027484421 0 0 0.0463624579 0 0 0.03839968656 0 0.04293338822 0 0 0 0 0 0 0 0 0 0 0 0 0 0 0 0 0 0 0 0 0 0 0 0 0 0 0 0 0 0 0 0 0 0.08241349325 0 0 0 0 0 0 0 0 0 0 0 0 0 0 0 0 0 0 0 0 0 0 0 0 0 0 0 0 0 
# Errors [detector/detector.dat] I_err:
0 0 0 0 0 0 0 0 0 0.004934777786 0 0 0 0 0 0 0 0 0 0 0 0 0 0 0 0 0.007089917279 0 0 0 0.05540249392 0 0 0 0.01550672625 0 0 0 1.537524675 0.07243963207 0 0 0 0 0 0 0.03997886821 0 0 0 0 0.2073624232 0 0 0 0 0 0 0 0 0 0 0 0 0 0 0 0 0 0 0 0 0 0 0 0 0 0 0 0 0 0.05552354636 0 0 0 0 0 0 0 0 0 0.02037446718 0 0 0.05418346576 0 0 0 0 0 0 0 0 0 0 0 0 0 0 0.1959489396 0 0 0 0 0 0 0 0 0 0 0 0 0 0 0 0 0 0 0 0 0 0 0 0 0 0 0 0 0 0 0 0 0 0 0 0 0 0 0 0 0 0 0 1.196951266 0 0 0 0 0 0 0 0.04885934803 0 0 0 0 0 0 0 0 0 0 0 0 0 0 0 0 0 0 0 0 0 0 0 0 0 0 0 0 0 0 0 0 0 0 0 0 0 0 0 0.07115251189 0 0 0 0 0 0 0 0 0 0 0 0 0 0 0 0 0 0 0 0 0 0 0 0 0 0 0 0 0 0 0 0 0 0 0 0 0 0 0 0 0 0 0 0.102193572 0 0 0 0 0 0.1306240862 0 0 0 0 
0 0 0 0 0 0 0 0 0 0 0 0 0 0 0 0 0 0 0 0 0 0 0 0 0 0 0 0 0 0 0 0 0 0 0 0 0.06366603466 0 0 0.01816041781 0 0.9211096137 0 0.04187254077 0 0 0 0 0 0 0 0 0 0 0 0 0 0 0 0 0 0 0 0 0 0 0 0 0 0 0.01523086895 0 0 0 0 0 0 0 0 0.476690494 0 0 0 0 0 0 0 0 0 0 0 0 0 0.895159279 0 0 0 0 0 0 0 0 0 0 0 0 0 0 0 0 0 0 0.1686002348 0 0 0 0 0 0 0 0 0 0 0 0 0 0 0 0 0 0 0 0 0 0 0 0 0 0 0 0 0 0 0 0 0 0 0 0 0 0 0 0 0 0.1152582881 0 0 0 0 0 0 0.02364210035 0 0 0 0 0 0 0 0 0 0 0 0.004184203894 0 0 0 0.7825247613 0 0 0 0 0 0 0 0 0 0 0.05823203606 0 0 0 0 0 0 0 0 0 0 0 0 0 0 0 0 0 0 0 0 0 0 0 0 0 0.1789589662 0 0 0 0 0 0 0 0 0 0 0 0 0 0 0 0 0 0 0 0 0 0 0 0 0 0 0 0 0 0 0 0 0 0 0 0 0 0 0 0 0 
0 0 0 0 0.06847714312 0 0 0 0 0 0.02898571735 0 0 0 0 0 0 0 0 0 0 0 0 0 0 0 0.1948669205 0 0 0 0 0 0 0 0 0 0.734464614 0 0 0 0 0 0 0 0 0 0 0 0 0 0 0 0 0 0.3932489452 0 0 0 0 0 0.05126442686 0 0 0 0 0.07522423878 0 0 0 0 0.05416155089 0 0 0 0 0 0 0.1984204783 0 0 0 0 0 0.05805056818 0 0 0 0 0 0.09269812368 0.1659805434 0 0 0 0 0 0 0 0 0.5602089864 0 0 0 0.07720292521 0 0 0 0 0 0 0 0 0 0 0 0 0 0 0 0 0 0 0 0 0 0 0 0 0 0 0 0 0 0 0 0 0 0 0.4496426643 0 0 0 0 0 0.4050005571 0 0 0 0 0 0 0 0 0 0 0 0 0 0 0 0 0 0 0 0 0 0.132630678 0 0 0 0 0 0 0 0 0 0.1200349488 0 0 0 0 0 0 0 0 0 0 0 0 0 0 0 0 0 0 0 0 0 0 0 0.1184364962 0 0 0 0 0 0 0 0.0005841179566 0 0 0 0 0 0.02859584738 0 0 0.235613327 0 0 0 0 0 0 0 0 0 0 0 0 0 0 0 0 0 0 0 0 0 0 0 0 0 0 0 0 0 0 0 0 0 0 0.008786658492 0 0 0 
0 0 0 0 0 0 0 0 0 0 0 0 0 0 0 0 0 0 0 0 0 0 0 0.06396991959 0 0.07281317395 0 0 0.01013294137 0 0 0 0 0 0 0 0 0 0 0 0 0 0 0 0 0.07424939978 0.1850230695 0 0 0.08622464252 0 0 0 0 0 0 0 0 0 0 0 0 0 0 0 0 0.4839128975 0 0 0 0 0 0 0 0 0.007703546839 0 0.4143139501 0 0 0 0 0 0 0 0 0 0 0 0 0 0 0 0.1289635451 0.01450258548 0 0 0 0 0 0 0 0 0 0 0 0 0 0 0 0 0 0 0 0 0.00977828251 0 0 0.0001467030777 0 1.138882657 0 0 0 0 0 0 0 0 0 0 0 0 0 0 0 0 0 0 0 0 0 0 0 0.1398808087 0 0 0 0.3084371381 0.09052312521 0 0.7861470049 0 0 0 0 0 0 0 0 0 0 0 0 0 0.1123280537 0 0 0 0 0 0 0 0 0 0 0 0 0 0 0 0 0 0 0 0 0 0 0 0.07977957276 0 0 0 0 0 0 0 0 0 0 0 0 0 0 0 0 0 0 0 0 0 0 0 0 0 0 0 0 0 0 0 0 0 0.2054900721 0 0 0 0 0 0 0 0 0 0 0 0 0 0 0 0 0 0 0 0 0 0 0.02576923508 0 0 0 0 0 0 0 0 0 
0 0 0 0 0 0.0278649628 0 0 0 0 0 0 0 0 0 0 0 0 0 0 0 0 1.342860527 0 0 0 0 0 0 0 0 0 0 0 0 0 0 0 0 0 0.2658549561 0 0 0 0 0 0 0 0 0 0 0 0 0 0 0 0 0 0 0 0 0 0 0 0 0 1.226400226 0 0 0 0 0 0 0 0 0 0 0 0 1.639366452 0 0 0 0 0 0 0 0 0 0 0 0 0 0 0 0 0.00604958384 0 0 0 0 0 0 0 0 0 0 0 0 0 0 0 0 0 0 0 0 0 0 0 0 0 0 0 0 0 0 0 0 0 0 0 0 0 0 0 0 0 0 0 0 0 0 0 0 0 0 0 0 0 0 0 0 0 0 0 0 0 0 0 0 0 0 0 0 0 0 0 0 0 0 0 0 0 0 0 0 0 0 0 0.01984208492 0 0 0 0 0 0 0 0 0 0 0 0 0.02665565394 0 0 0 0.008675130238 0 0 0 0 0 0 0 0 0 0 0 0 0 0.205366107 0 0 0 0 0 0 0 0 0 0 0 0 0 0 0 0 0 0 0 0 0 0 0 0 0 0 0 0 0 0 0 0 0 0 0 0 0 0 0 0 0 0 0.09037461567 0 
0 0 0 0 0 0 0 0 0.04430128932 0 0 0 0 0.005466158055 0 0 0 0 0 0 0 0 0 0 0 0 0 0 0 0 0 0 0 0 0 0 0 0 0 0.76614071 0 0 0 0 0 0 0 0 0 0 0 0 0 0 0 0 0 0 0 0 0 0 0 0 0 0 0 0.1363525036 0 0 0 0 0 0.09036778575 0 0 0 0 0 0 0 0 0 0 0 0 0 0 0 0 0 0 0 0 0.1309067471 0 0 0 0 0 0 0.01788141853 0 0 0.3805389133 0 0 0 0 0 0 0.04912192301 0 0 0 0 0 0 0 0 0 0 0 0 0 0 0 0 0 0 0 0 0 0.6250487651 0 0 0 0 0.02156939134 0 0 0 0 0 0.02408600058 0 0 0 0 0 0 0 0 0 0 0 0 0 0 0 0 0 0 0 0 0 0 0 0 0 0 0 0.001775795595 0 0 0 0 0 0 0 0 0 0 0 0 0.09254028956 0 0.06713622381 0 0 0 0 0 0 0 0 0 0 0 0 0 0 0 0 0 0 0 0 0 0 0 0 0 0 0 0 0 0 0 0 0 0 0 0.7715463898 0 0 0 0 0 0 0 0 0 0 0 0 0 1.273378659 0 0 0 0 0 0 0 0 0 0 0 0 0 0 0 0 0 0 
0 0 0 0 0 0 0 0.1490906175 0 0.2666623794 0 0 0 0 0 0 0 0 0 0 0 0 0 0 0 0 0 0 0 0 0 0 0 0 0 0 0 0 0 0 0 0 0 0 0 0 0 0.4510833205 0 0 0 0 0 0 0 0 0 0 0 0 0 0 0 0 0 0.1408914447 0 0 0 0 0 0 0 0 0.1345028481 0 0.02866980791 0 0 0 0 0 0 0 0 0 0 0 0 0 0 0 0 0 0 0.2458672083 0 0 0 0 0 0 0 0 0.3502514116 0 0 0 0 0 0 0 0 0 0 0 0 0 0 0 0 0 0 0 0 0 0 0 0 0 0 0 0 0 0 0 0 0.03725210972 0 0 0.07701572861 0 0 0 0 0 0 0 0 0 0 0 0 0 0 0 0 0 0 0 0.1456272406 0 0.08866700669 0 0 0 0 0 0 0.2079465303 0 0 0 0 0 0 0.1202472917 0 0 0 0 0 0 0 0 0 0 0 0 0 0 0.01046118935 0 0 0 0.2426257847 0 0 0 0 0 0 0 0 0 0 0 0.004236892294 0 0 0 0.08176831444 0.005389405642 0 0 0 0 0 0 0 0 0 0 0 0 0 0 0 0 0 0 0 0 0 0 0 0 0 0 0 0 0 0 0 0 0 0 0 0 0 0 0 0.03009764397 0 0 0 
0 0 0.05231781225 0 0 0 0 0 0 0.2124610619 0 0 0 0 0 0 0 0 0 0 0 0 0 0 0.1306979127 0 0 0 0 0 0.3407160277 0 0 0 0 0 0 0.3291220411 0 0 0 0 0 0 0 0 0 0 0 0.112971235 0 0 0.07160281002 0 0 0 0.4757358076 0 0 0 0 0 0 0 0 0.04230488203 0 0 0 0 0 0 0 0 0.1215966488 0 0 0 0 0 0 0 0 0 0 0 0 0.0007464250843 0 0 0 0 0 0 0 0 0 0 0 0 0 0 0 0 0 0.1570571116 0 0 0 0 0 0 0 0 0 0 0 0 0 0 0 0 0 0 0 0 0 0 0 0 0 0 0 0 0 0 0 0.007374058028 0.07599356601 0 0 0 0 0 0 0 0 0 0 0 0 0 0 0.07276013886 0 0 0 0 0 0 0 0 0 0 0 0 0 0 0 0 0 0 0 0 0 0 0 0 0.02386631185 0 0 0 0 0 0 0 0 0 0 0 0 0 0.3069866208 0 0 0 0.01079919513 0 0 0.4012627321 0 0 0 0.5062793172 0 0 0 0 0 0 0 0 0 0 1.317863719 0 0 0 0 0 0 0 0 0 0 0 0 0 0 0 0 0 0 0 0 0 0 0 0 0 0 0.02762701083 0 0 0 0 0 0 0 0 0 0 0 0 0 0 
0 0 0 0 0 0 0 0 0 0 0 0 0 0 0 0 0 0 0 0 0 0 0 0 0 0 0 0 0 0 0 0.0001509885549 0 0 0 0 0 0 0 0 0 0 0 0 0 0 0 0 0 0 0 0 0 0 0 0.1208442169 0 0 0 0 0 0 0 0 0 0 0.1304710409 0 0.03516209535 0 0 0 0 0 0 0 0.5109199411 0 0 0 0 0 0 0 0 0 0 0.3993311683 0 0 0 0 0.179131064 0 0 0 0 0 0 0 0 0 0.225283668 0 0 0 0 0 0 0 0 0 0 0 0 0 0 0 0 0 1.138628748 0 0 0 0 0 0.1983394274 0 0 0 0 0 0 0 0 0 0 0 0 0 0 0 0 0 0 0 0 0 0 0 0 1.350862334 0 0 0 0 0 0 0 0 0 0 0 0 0 0 0 0 0 0 0 0 0 0 0 0 0 0 0 0 0 0 0 0 0 0 0 0 0.1519746792 0 0 0.1267899672 0 0 0 0 0 0 0 0 0 0 0 0 0 0 0 0 0 0 0 0 0 0 0 0 0 0 0 0 0 0 0.1568779051 0 0 0 0 0 0 0 0 0 0 0 0 0 0 0 0 0 0 0.003389768669 0 0.04072235892 0 0.00996601982 0 0 0 0 0 0 0 0 0 0 
0 0 0 0 0 0 0 0 0 0 0 0 0 0 0 0 0 0 0 0 0 0 0 0 0 0 0 0.0963857506 0 0 0 0 0 0 0 0 0 0 0 0 0.1196778659 0 0 0 0 0 0 0.08972334642 0 0 0 0 0 0 0 0 0 0 0.05276409553 0 0 0 0 0 0 0.2055733254 0 0 0 0 0 1.148897534 0 0 0 0 0 0 0 0 0 0 0.1295181907 0 0 0 0 0.4209086637 0 0 0.4062470628 0 0 0 0 0 0 0.497550306 0 0 0 0 0 0.02344665908 0 0 0.1144176084 0.3785467865 0 0 0 0 0 0 0 0 0 0 0 0 0 0 0 0 0 0 0 0 0 0 0 0 0 0 0 0 0 0 0 0 1.360925273 0 0 0 0 0 0 0 0 0 0 0 0.9043629939 0 0 0 0 0 0 0 0 0 0.2179995281 0 0 0 0 0 0 0 0 0.4819370672 0 0 0 0 0.3369869634 0 0 0 0 0 0 0 0 0 0 0 0 0 0 0 0 0 0 0 0 0 0 0 0 0 0 0 0 0 0.06849419555 0 0 0 0 0 0 0 0 0 0 0.01076670969 0 0 0 0 0 0 0 0 0.1389311384 0 0 0 0 0 0 0 0 0 0 0 0 0 0 0.07824817705 0 0 0 0 0 0 0 0 0 0 0 0 0 0 
0 0 0 0 0 0.02891117219 0 0 0 0 0 0 0 0 0 0.08227992721 0 0 0 0 0 0 0 0.576866092 0 0 0 0 0 0 0 0 0 0 0 0 0 0 0 0 0 0 0 0 0 0 0 0 0 0.02547270156 0 0 0 0 0 0 0 0 0 0 0 0 0 0 0 0 0 0 0 0.02732336347 0 0 0 0 0 0 0 0 0 0 0 0 0 0 0 0.01702727879 0.03089916624 0.02255695018 0 0 0 0 0 0 0 0.04352879969 0 0 0 0 0 0 0 0 0.001763370062 0 0 1.474709281 0 0 0 0 0 0.1899521191 0 0 0.06653424379 0 0 0 0 0 0 0 0 0 0 0 0 0 0 0 0 0 0 0 0 0 0 0 0 0 0 0 0 0 0 1.19187405 0 0 0 0 0 0 0 0 0 0 0 0 0 0 0 0 0 0 0 0.2146278514 0 0 0 0 0 0 0 0 0 0 0 0 0.2213042612 0 0 0 0 0 0 0 0 0 0 0.8326032714 6.29659187e-05 0 0 0 0 0 0 0 0 0 0 0 0 0 0 0 0 0 0 0 0 0 0.01022053672 0.006203173148 0.03292924658 0 0 0 0 0 0 0 0 0 0.3714915344 0 0 0 0 0 0 0 0 0 0 0.1000112432 0 0 0.0881017649 0 0 0 0.0833595097 0 0 0 0 0 0 0 0 0 0 0 
0 0 0 0 0 0 0 0 0 0 0 0 0 0 0 0 0 0 0 0 0 0 0 0 0 0 0 0 0 0 0 0 0 0 0 0 0 0 0 0 0 0.2325499737 0 0 0 0 0 0 0 0 0 0 0 0 0 0 0 0 0 0 0 0 0 0 0.06531622647 0.1496973369 0 0 0 0 0 0.1308687215 0 0 0 0 0 0 0 0 0 0 0 0 0 0.2086503363 0 0 0 0 0.3494599096 0 0 0 0 0 0 0 0 0 0 0 0 0 0 0 0 0 0 0 0 0 0 0 0 0 0 0 0 0 0 0 0.004275276372 0 0 0 0 0 1.523120753 0 0 0.1269235277 0 0 0.2945387544 0 0 0 0 0 0 0 0 0 0 0 0 0 0 0 0 0 0 0 0 0 0 0 0 0.08664081998 0 0 0 0 1.053340639 0 0 0 0 0 0 0 0 0 0 0 0 0 0 0 0 0.1889608289 0 0 0 0 0 0 0 0 0 0 0 0 0 0 0 0 0 0 0 0 0 0 0 0 0 0 0 0 0 0 0 0 0 0 0 0 0 0 0 0 0 0 0 0 0 0 0 0 0 0 0 0 0 0 0 0 0 0 0 0 0 6.534335229e-05 0 0 0 0 0 0 0 0.04326439631 0 0 0 0 
0 0.01392613626 0 0 0 0 0 0 0 0 0 0 0 0.03901752094 0 0 0 0 0 0 0.0341197827 0 0 0 0 0 0 0 0 0 0 0 0 0.09456471433 0 0 0 0.08125546468 0 0 0 0 0.1546048046 0 0 0 0 0 0 0 0 0 0 0 0 0 0 0 0 0 0 0 0 0 0 0 0 0 0 0 0 0 0 0 0.3114207486 0 0 0.373073798 0 0 0 0 0 0 0 0 0 0 0 0 0 0 0 0 0 0 0 0 0 0.04509487178 0 0 0 0 0 0.315830602 0 0 0 0 0.009956023239 0 0 0 0 0 0 0 0 0 0 0 0 0 0 0 0 0 0 0 0 0 0 0.1743848284 0 0 0 0 0 0.5641142793 0 0 0 0 0 0 0 0 0 0 0 0 0.02343097884 0 0.3185524179 0 0.02979623563 0 0 0 0 0.03366842687 0 0 0 0 0.1743499401 0 0 0 0 0 0 0 0 0 0 0 0 0 0 0 0 0 0 0 0 0 0 0 0 0 0 0 0 0 0 0 0 0 0 0 0 0 0 0 0 0 0 0 0.1031299424 0 0 0 0 0 0 0 0 0 0.02153587251 0 0 0 0 0 0 0 0 0 0 0 0 0 0 0 0.0170467373 0 0 0.01314831879 0 0 0 0 0 0 0 0 0 0 0 0 0 0.005288417195 5.191290799e-05 0 
0 0 0 0 0 0 0 0 0 0 0 0 0 0 0 0 0 0.1986360124 0 0 0 0 0 0 0 0 0 0.1329760215 0 0 0.03653926573 0 0 0 0.1991213289 0 0 0.03400286763 0 0 0 0 0 0 0 0 0 0 0 0 0 0 0 0 0.001221316823 0 0 0 0 0 0 0 0 0 0 0 0.1919871198 0 0 0 0 0 0 0 0 0 0 0 0 0 0 0 0 0 0 0 0 0 0 0 0 0 0 0 0 0 0 0 0 0 0 0 0 0 0 0 0 0 0 0 0 0 0 0 0.1124763442 0 0 0 0 0 0 0 0 0 0 0.1203741588 0 0 0 0 0 1.055054415 0 0 0 0 0 0.08453434382 0 0 0 0 0 0 0 0 0 0 0 0.1916082575 0 0 0 0 0 0 0 0 0 0 0 0 0 0 0 0 0 0 0 0 0 0 0 0 0 0 0 0 0 0 0 0 0 0.1369594862 0 0 0 0 0 0 0 0 0 0 0 0 0 0 0 0 0 0 0 0.01509610916 0 0 0 0 0 0 0 0 0 0 0 0 0 0 0 0 0 0 0 0 0 0 0 0 0 0 0 0 0 0 0 0 0 0 0 0 0 0 0 0 0 0 0 0 0 0 0 0 0 0 0 0 
0 0 0 0 0 0 0 0 0 0 0 0 0 0 0 0 0 0 0 0 0 0 0 0.4192178736 0 0 0 0 0 0 0 0 0 0 0 0 0 0 0 0 0 0.1173010545 0 0 0 0 0 0 0 0 0 0 0 0 0 0 0 0 0 0 0.03233546934 0 0.09898950054 0 0 0 0 0 0 0 0 0 0 0 0 0 0 0 0 0 0 0 0 0 0 0 0 0 0 0 0 0 0 0 0 0 0 0 0 0 0 0 0 0 0 0 0 0 0 0 0 0 0 0 0 0 0 0 0 0 0 0 0 0 0 0 0 0 0 0.09894123721 0 0 0 0 0 0.06529631906 0.5020282381 0 0 0 0 0 0 0 0 0 0 0 0 0 0 0 0 0 0 0 0 0 0 0 0 0 0 0 0 0 0 0 0.2027683662 0.04870060609 0 0 0 0 0 0 0 0.1272393613 0.03175250988 0 0 0 0 0 0 0 0.001725943472 0 0 0 0 0 0 0 0 0 0 0 0 0 0 0 0 0 0 0 0 0 0 0 0 0 0 0 0 0 0 0 0 0 0 0 0 0 0 0 0 0 0 0 0 0 0.4060795065 0 0.00355976688 0 0 0 0 0 0 0 0 0 0 0 0 0 0 0 0 0 0 0 0 0 
0 0 0 0 0 0 0 0 0 0 0 0 0 0 0 0 0 0 0 0 0 0 0 0 0 0 0 0 0 0 0 0 0 0 0 0 0 0 0 0 1.472664712 0 0 0 0 0 0.03395016477 0 0 0.05436017214 0 0 0 0 0 0 0 0 0 0 0 0 0 0 0 0 0.07651386205 0 0 0 0 0 0 0 0 0 0 0 0 0 0 0 0 0 0 0 0 0 0 0 0 0 0 0 0 0 0 0 0 0 0 0 0 0 0 0 0 0 0 0 0 0 0 0 0 0 0 0 0 0 0 0 0 0 0 0 0 0 0.02183595729 0.9129961412 0 0 0 0 0.02563388788 1.126850953 0 0 0 0 0 0 0 0 0 0 0 0 0 0 0 0 0 0 0 0 0 0 0 1.64334975 0 0 0.1427010562 0 0 0 0 0 0 0 0 0 0 0 0 0.008569810182 0 0 0 0 0 0 0 0 0 0 0 0 0 0 0 0 0 0 0 0 0 0 0 0 0 0 0 0 0 0 0 0 0 0 0 0 0 0 0 0 0 0 0 0 0 0 0 0 0 0 0 0 0 0 0 0 0.007877079056 0 0 0 0 0 0 0 0 0 0 0 0 0 0 0 0 0 0 0 0 0 0 0 
0 0 0 0 0 0.1464138971 0 0 0 0 0 0 0 0 0 0 0 0 0 0 0 0 0 0 0 0 0 0 0 0.2413139616 0 0 0 0 0 0 0 0 0 0 0 0 0 0 0 0 0 0 0 0 0 0.889856218 0 0 0 0 0 0 0 0.06370097447 0 0 0 0 0 0 0 0 0 0 0 0.08221771116 0 0 0.02649066965 0 0 0 0 0 0 0 0 0 0 0 0 0 0 0 0 0 9.252047778e-06 0 0 0 0 0 0 0 0 0 0 0 0 0 0 0 0 0 0 0 0 0.0491546619 0 0 0 0 0 0 0 0 1.178397105 0 0 0 0 0 0.15540956 0 0 0 0 0 0 0 0 0 0 0 0 0 0 0 0 0 0 0 0 0 0 0 0 0 0 0 0 0 0 0 0 0 0 0 0 0 0 0 0 0 0 0 0 0 0 0 0 0 0 0 0 0 0 0 0 0 0 0 0 0 0 0 0 0 0 0 0 0.9326275102 0 0 0 0 0 0 0 0 0 0 0 0 0 0 0 0 0 0 0 0 0 0 0 0 0 0 0 0 0 1.001903905 0 0 0 0 0 0 0 0 0 0 0 0 0 0 0 0 0 0 0 0 1.40244957 0 0 0 0 0 0 0 
0 0.08170962613 0 0 0 0 0 0 0 0 0 0 0 0 0 0 0.04422922331 0 0 0 0 0 0 0 0 0 0 0 0 0 0 0 0 0 0.05698648725 0 0 0 0 0 0 0 0 0.1413872651 0 0 0 0 0 0 0 0 0.1045931466 0 0 0.4641219389 0 0 0.1212502972 0 0.2302731939 0 0 0 0 0 0 0 0 0.1387986085 0 0 0 0 0 0 0 1.566002065 0 0 0 0 0 0.3662021021 0 1.581670205 0 0 0.1306985581 0 0 0 0 0 0 0 0 0 0 0 0 0 0 0 0 0 0 0 0 0.01705130012 0 0 0 0 0 0 0 0 0 0 0 0 0 0 0 0 0 0 0 0 0 0 0 0 0 0 0 0 0 0 0 0 0 0 0 0 0 0 0 0 0 0 0 0 0 0 0 0 0.6230505186 0 0 0 0 0 1.065297427 0 0 0 0 0 0 0 0 0 0 0 0 0 0 0 0 0 0 1.036516786 0 0 0 0 0 0 0 0 0 0 0 0 0 0 0 0 0 0.0386729438 0 0 0 0 0 0 0 0 0 0 0 0 0 0 0 0 0 0 0 0 0.02372431232 0 0 0 0 0 0 0 0 0 0 0 0 0 0.06981199769 0 0 0 0 0 0 1.440638114 0 0 0 0 0 0 0 0.0389484646 0 0 0 0 
0 0 0 0 0 0 0 0 0 0 0 0 0 0 0.1513798986 0 0 0 0 0 0 0 0 0 0 0 0 0 0 0 0 0 0 0 0 0 0 0 0 0 0 0 0 0 0.01126609756 0 0 0 0 0 0 0 0 0 0 0.3242189846 0 0 0 0 0 0 0 0 0 0 0 0 0 0 0 0 0 0 0 0 0 0 0 0 0.003314874678 0 0 0 0 0 0 0 0 0 0.0001008486266 0 0.05958001655 0 0 0 0 0 0 0 0 0 0 0 0 0.08226842385 0 0 0 0 0 0 0 0 0 0 0 0 0 0 0 0 0 0 0 0 0 0 0 0 0 0 0 0 0 0 0 0 0 0 1.027674408 0 0 0 0 0 0 0 0 0 0 0 0 0 0 0 0 0 0 0 0 0 0 0 0.7482873754 0 0 0 0 0 0.4268813345 1.051288887 0 0 0 0.1464604511 0 0 0 0 0 0 0 0 0 0 0 0 0 0 0 0 0.1069696094 0 0 0 0 0 0 0 0 0 0 0 0 0 0 0 0 0 0 0 0 0 0 0 0 0 0 0 0 0 0 0 0 0 0 0 0 0 0 0 0 0 0 0 0 0 0 0 0 0 0 0 0 0 0 0 0 0 0 0 0 0 0 0 
0 0 0 0 0 0 0 0 0 0 0 0 0 0 0 0.003779613939 0 0 0 0 0 0 0 0 0 0 0 0 0 0 0 0 0 0 0 0 0 0 0 0 0 0 0 0 0 0 0 0 0 0.09591757734 0 0 0 0 0 0 0 0 0 0 0 0 0 0 0 0 0 1.458476484 0 0 0 0 0 0 0 0 0 0 0 0 0 0 0 0 0 0 0 0 0 0 1.271331253 0 0 0 0 0 0.06753257591 0 0 0 0 0 0 0 0 0 0 0 0 0 0.07201739785 0 0 0 0 0 0 0 0 0 0 0 0 0 0 0 0 0 0 0 0 0.03791591999 0 0 0 0 0 0 0 0 0 0 0 5.532859185e-05 0 0 0 0.2513540833 0 0 0 0 0 0 0 0 0 0 0 0 0 0 0 0 0 0 0 0 0 0 0 0 0.1907822618 0 0.009624367865 0 0 0 0 0 0 0 0 0.4093281865 0 0 0 0 0 0 0.03665018827 1.213493666 0 0 0 0 0.02526732449 0 0 0 0 0 0 0 0 0 0 0 0 0 0 0.1806758275 0 0 0 0 0 0 0 0 0 0 0 0 0 0 0 0 0 0 0 0 0.07750422823 0.0005323805449 0 0 0 0 0 0 0 0.04901620692 0 0 0 0 0 0 0 0 0 0 0 0 0 0 
0 0 0 0 0 0 0 0 0 0 0 0 0 0 0 0 0 0 0 0 0 0 0 0 0 0 0 0 0 0 0 0 0 0 0 0 0 0 0 0 0.04108946768 0 0.01685596856 0 0 0 0 0.2295431648 0.1286955922 0 0 0 0 0.3141362335 0 0 0 0 0.3594143901 0 0 0 0 0 0 0 0 0 0 0 0 0 0 0 0.4111573189 0 0 0 0 0 0 0 0 0 0.4116022723 0 0 0 0 0 0 0 0 0 0 0 0 0 0 0 0 0 0 0 0 0 0 0 0 0 0 0 0 0 0 0 0 0.5918629482 0 0 0 0 0 0 0 0 0 0 0 0 0 0 0 0 0 0 0 0 0 0 0 0.1345445499 0 0 0 0 0 0 0 0 0 0 0 0 0 0 0 0 0 0 0 0 0 0 0 0 0 0 0 0 0 0 0 0 0 0 0 0 0 0 0 0 0 0.06988376574 0 0 0 0 0 0 0.002996493225 0 0 0 0 0 0 0 0 0 0 0 0 0 0 0 0 5.751586642e-05 0 0 0 0 0 0 0 0 0 0 0 0 0 0 0 0 0 0 0.06260062386 0 0 0 0 0 0 0 0 0 0 0 0 0 0 0 0 0 0 0 0 0 0 0 0 0 0 0 0 0 
0 0 0 0 0 0 0 0 0 0 0 0 0 0 0 0 0 0 0 0 0 0 0 0 0 0 0 0 0 0 0 0 0 0 0 1.712056465 0 0 0 0 0.4703309443 0 0 0 0 0 0 0 0 0 0 0 0 0 0 0 0 0 0 0 0 0 0 0 0 0 0 0 1.520106417 0 0 0 0 0 0 0 0 0 0.2045634569 0 0 0 0 0 0 0 0 0 0 0 0 0 0 0 0 0 0 0 0 0 0 0 0 0 0 0 0 0 0 0 0 0 0 0.4850755603 0 0.8003860074 0.2793959979 0 0 0.1252428946 0 0 0 0 0 0 0 0 0 0 0 0 0 0 0 0 0 0 0 0 0 0 0 0 0 0 0 0 0 0 0 0 0 0 0 0 0 0 0 0 0 0 0 0 0 0 0 0 0 0 0 0 0 0 0 0 0 0 0 0 0 0 0 0 0 0 0 0 0 0 0 0 0 0.3058292439 0 0.327872922 0 0 0 0 0 0.02097869991 0 0 0 0 0 0 0 0 0 0 0 0 0 0 0 0 0 0 0 0 0 0 0 0 0 0 0 0 0 0 0 0 0 0 0 0 0 0 0 0 0 0 0 0 0 0 0 0 0.08406987818 0 0 0 0 0 
0 0 0 0 0 0 0 0 0 0 0 0 0 0 0 0 0 0.1378660075 0 0 0 0 0 0 0 0 0 0 0 0 0 0 0 0 0 0 0 0 0 0 0 0 0 0 0 0 0 0 0.0003539738773 0 0 0 0 0 0 0 0 0 0 0.07320027687 0 0 0 0 0 0 0 0 0 0 0 0 0 0 0 0 0 0 0 0 0 1.19595152 0.5636619771 0 0 0 0 0 0 0 0 0 0 0 0 0 0 0 0 0 0 0 0.01702139316 0 0 0 0 0.00856637875 0 0 0.04250266893 0.6940102846 0 0.1129306249 0 0 0 0 0 0 0 0 0 0 0 0 0 0 0 0 0 0 0 0 0 0 0 0.1365817897 0 0 0 0 0 0 0 0 0 0 0 0.159130649 0 0 0 0 0 0 0 0 0 0 0 0 0 0 0 0 0 0 0 0 0 0.04500723852 0 0 0 0 0 0 0 0 0 0 0 0 0 0 0 0 0 0 0 0 0 0 0 0 0.1778605308 0 0 0 0 0 0 0 0 0 0 0 0 0 0 0 0 0.1467455687 0 0 0 0 0 0 0 0 0 0 0 0 0 0 0 0 0.04174763744 0 0 0 0 0 0 0 0 0.07259285455 0 0 0 0 0 0 0 0 0 0 0 0 0 0 0 0 
0 0 0 0 0 0 0 0.01625559752 0 0 0.1373158331 0 0.1407075843 0 0.1195936846 0 0 0 0 0 0 0 0 0 0 0 0 0 0 0 0 0 0 0 0 0 0 0 0 0 0 0 0 0 0.3984130306 0 0 0 0 0 0 0 0 0 0 0 0 0 0 0 0 0 0 0 0 0 0 0 0 0 0 0.1171356371 0 0 0 0 0 0 0 0 0 0 0 0 0 0 0 0 0 0 0 0 0 0 0 0 0 0 0 0 0 0 0 0.05284619615 0.6103736659 0 0 0 0 0 0 0 0 0 0 0 0.04740690518 0 0.03710814714 0 0 0 0 0 0 0 0.9371377795 0 1.405266664 0 0 0 1.673298444 0 0 0 0 0 0 0 0 0 0 0 0 0 0 0 0 0 0 0 0 0 1.30709575 0 0 0 0 0 0 0 0 0 0 0 0 1.476148305 0 0 0 0 0 0 0 0 0 0 0 0 0 0 0.7376793061 0 0 0 0 0 0 0 0 0 0 0 0 0 0 0 0 0.8280006018 0 0 0 0 0 0 0 0 0 0 0 0.03254280158 0 0 0 0 0 0 0 0 0 0.03805645751 0 0 0 0 0 0 0 0.3617850846 0 0 0 0 0.07386926582 0 0 0 0 0 0 0 0 0 0 0 0 0 0 0 0 0 0 0 0 0 
0 0 0.2009455903 0 0 0 0 0 0 0 0 0 0 0 0 0 0 0 0 0 0 0 0 0.3820483944 0 0 0 0 0 0 0 0 2.497882886e-06 0 0 0 0 0 0 0 0 0 0 0 0 0 0 0 0 0 0 0 0 0 0 0 0 0 0.02126189177 0 0 0 0 0 0 0 0 0 0 0 0 0 0 0 0 0 0 0 0 0 0 0 0.2896589005 0 0 0 0 0 0 0 0 0 0 0 0.05708880192 0 0 0 0 0 0 0 0 0.6315241658 0 0 0 0 0 0 0 0 0 0 0 0 0 0 0 0 0 0 0 0 0 0 0 0 0 0 0 0 0 0 0 0 0 0 0 0 0.2343587806 0 0 0 0 0 0 0 0 0 0 0 0 0 1.666084808 0 0 0 0 0 0 0 0 0 0 2.15017292 0 0 0 0 0 0 0 0 0 0 0 0 0 0 0 0 0 1.526233842 0 0 0 0 0 0 0 0 0 0 0 0 0 0 0 0 0 0 0 0 0 0 0 0 0 0 0 0 0 0 0 0 0 0 0 0 0 0.07200677576 0 0 0 0 0 0 0 0 0 0 0 0 0 0 0 0 0 0 0 0 0 0 0 0 1.320919217 0 0 0 0 0 0.03053884231 0 0 0 
0 0 0 0 0 0 0 0 0 0 0 0 0 0 0 0 0 0 0 0 0 0 0 0 0 0 0 0 0 0 0 0 0 0 0 0 0 0 0 0 0 0.0441725679 0 0.3138259066 0 0 0 0 0 0 0 0 0 0 0 0.1601679214 0 0 0 0 0 0 0 0 0 0 0 0 0 0 0 0 0 0 0 0 0 0 0.2938226129 0 0 0 0 0 0 0 0 0 0 0 0 0 0 0 0 0 0 0 0 0 0 0 0 0.2771914138 0 0 0 0 0 0 1.121843484 0.403075961 0 0 0 0 0 0 0 0 0 0 0 0 0 0 0 4.274072226 0 0 0 0 0 0 0.4886462108 0 0 0 0 0 0 0 0.4410606277 0 0 0 0.07931001468 0 0 0 0 0 1.466115722 0 0 0 0 0 0 0 0 0 0 0.0991440229 0 0 0 0 0 0 0 0 0 0 0 0 0 0 0 0 0 0 0 0 0 0 0 0 0 0 0.01723017492 0 0 0 0 0 0 0 0 0.03336786701 0 0 0 0 0 0 0 0.09704186788 0 0.8252834535 0 0 0 0 0 0 0 0 0 0 0 0 0 0.03858936612 0 0 0 0 0 0 0 0 0 0 0 0 0 0 0 0 0 0 0 0.08437697684 0 0 0 0 0 0 0 0 0 0 0 0 
0 0 0 0 0 0 0 0 0 0 0 0 0 0 0 0 0 0 0 0 0 0 0.0001681236418 0 0 0 0 0 0 0 0 0 0 0 0 0 0 0 0.1230603742 0 0 0 0 0 0 0 0 0 0.0001123430032 0 0 0 0 0 0 0 0 0 0 0 0 0 0 0 0 0 0 0 0 0 0 0 0 0 0 1.170763437 0 0 0 0 0 0 0 0 0 0 0 0 0 0 0 0 0 0 0 0 0 0 0 0 0 0 0 0 0 0 0 0.7880126593 0 0 0 0 0 0 0 0 0 0 0 0.009157013045 0 0 0 0 0 0 0 0 0 0 0 0 0 0 0.5178994793 0.4793862413 0 0 0 0 0 0 0 0 0.5117340432 0 0.1062214106 0 0 0 0 0 0 0 0 0 0 0 0 0 0 0 0 0 0 0 0 0 0 0 0 0 0 0 0 0 0 0 0 0 0 0 0.03290244614 0 0 0.1812061673 0 0 0 0 0 0 0 0 0 0 0 0 0 0 0 0 0 0 0 0 0 0 0 0 0 0 0 0 0 0 0 0 0 0 0 0 0 0 0 0 0 0 0 0 0 0 0 0 0 0 0 0 0 0 0 0 0 0 0 0 0 0 0 0 0 0 0 0 0 0 
0.08008363466 0 0 0 0 0 0 0 0 0 0 0 0.04842593862 0 0 0 0 0 0 0 0 0 0 0 0 0 0 0.0472502214 0 0 0 0 0 0 0 0 0 0 0 0 0 0 0 0 0 0 0 0 0 0 0 0 0.02227077134 0.008745941218 0 0 0.002686678845 0 0 0.1187560997 0 0 0 0.2974857005 0 0 0.1705775 0 0 0 0 0.03346798508 0 0 0 0 0 0 0.5131090913 0 0 0 0 0 0 0 0 0 0 0 0.3077525017 0 0 0 0 0 0 0 0 0 0 0 0 0 0 0 0 0 0 0 0 0 0 0 0 0 0 0 0 0.06823599856 0 0 1.442358635 0 0 0 0 0 0 0 0.02526456622 0 0 0 0 0 0 0 0 0.3882377666 0.3312803408 0 0 0 0 0 0 0 0 0 0 0 0 0.1518818822 0 0 0 0 0 0 0 0 0 0 0.6830730882 0 0 0 0 0 0 0 0 0 0 0 0.1287604149 0 0.7084109806 0 0 0 0 0.1341732041 0 0 0 0 0 0 0 0 0 0 0 0 0.005485726993 0 0.9689107811 0 0 0 0 0 0 0 0 0 0 0 0 0.3071540611 0 0 0 0 0.03305088568 0.1114553863 0.08277388312 0 0 0.1973582435 0.002551042747 0 0 0 0 0 0 0 0 0 0 0 0 0 0 0 0 0.01222476151 0 0 0 0 0 0 0 0 0 0 0 0 0 0 0 0 
0 0 0 0 0 0 0 0 0 0 0 0 0 0 0 0 0 0 0 0 0 0 0 0 0.1524439497 0 0 0 0 0 0.07335933531 0 0 0 0 0 0 0 0 0 0.1412479799 0 0 0 0 0 0 0 0 0 0 0 0 0 0 0 0 0.1739908949 0 0.4008515963 0 0 0 0 0 0 0 0 0 0.113918083 0 0 0 0 0 0 0 0 0 0 0 0.01742437049 0 0 0.2626517695 0 0 0 0 0 1.113126151 0 0 0 0 0 0 0 0.3619742276 0 0 0 0 0 0 0 0 0 0 0 0 0 0 0 0 0 0 0 0 0 0 0 0 0 0 0 0 0 0 0.3759956317 0 0 0 0 0 0 0 0 0 0 0.2996694283 0.0004968942678 0 0 0 0 0 0.1492299083 0 0 0 0 0 0 0 0 0 0 1.190231463 0 0 0 0 0 0 0 0 0 0 0 0 0.01142975398 0 0 0 0.4979838636 0 0 0 0 0 0 0 0 0 0.1377093904 0 0 0 0 0 0 0 0 0 0 0 0 4.696417471e-05 0 0 0 0 0 0 0 0 0 0 0 0 0.09546731796 0 0 0 0 0.2202606448 0 0 0 0 0 0 0 0 0 0 0 0 0 0 0 0 0 0 0 0 0 0 0 0 0 0 0 0 0 0 0 0 0 0 0 0 0 0 0 
0 0 0 0 0 0 0 0 0 0.06013127885 0 0 0 0 0 0 0.02353367307 0 0 0.07963645645 0 0 0 0 0 0 0 0 0 0 0 0 0.3246404386 0 0 0 0 0 0 0 0 0 0 0 0 0 0 0 0 0 0 0 0.007339303061 0.205682284 0 0 0 0 0 0 0 0 0 0 0 0 0 0 0 0 0 0 0 0 0 0 0 0 0 0 0 0 0 0.3874115912 0 0 0 0 0 0 0 0 0 0 0 0 0 0 0 0 0 0 0 0 0 0 0 0 0 0 0 0 0 0 0 1.70638573 0 0 0 0 0 0 0 0 0 0 0 0 0 0 0 0 0 0 0 0 0 0 0 0.09152276313 0 0 0 0 0 0 0 0 0 0 0 0 0 0 0 0.004372744577 0 0 0 0 0 0 0 0.2907411673 0 0 0 0 0 0 0 0 0 0 0 0 0 0 0 0 0 0 0 0.3457755687 0 0 1.637557114 0 0 0 0 0 0 0 0 0 0 0 0 0 0 0 0 0 0 0 0 0 0 0 0 0 0 0 0 0 0 0 0 0 0 0.07539349291 0 0 0 0 0 0 0 0 0.09333999251 0 0 0 0 0 0 0 0 0 0 0 0.1540453969 0 0 0 0 0 0 0 0 0.01143777788 0 0 0 0 
0 0 0 0 0 0 0 0 0.01285092323 0 0 0 0 0 0 0 0 0 0 0 0 0 0 0 0 0 0 0 0 0.07027817409 0 0 0 0.02550499809 0 0.3098787441 0.05372260483 0 0 0 0 0 0 0 0 0 0 0 0 0.1428008848 0.3131044174 0 0 0 0 0 0 0 0 0 0 0 0 0 0 0 0 0 0 0 0 0 0 0 0 0 0 0.3990119948 0.05571743404 0 0 1.113106461 0 0 0 0 0 0 0 0 0 0 0 0 0 2.348633481 0 0 0 0 0 0 0 0 0 0 6.169789897 0 0 0 0 0 0 0 0 0 0 0 0 0 0 0 0 0 0 0 0 0 0 0 0 0 0 0 0 0 0 0.1020704343 0 0 0 0 0 0 0 0 0 0 0 0 0 0 4.491905083 0 0 0.01701049406 0 0 0 0 0 0 0 0 1.158126217 0 0 0 1.144084271 0 0.1244679488 0 0 0 0.0191832494 0 0 0 0 0 0 0 0 0 0.1195847374 0 0 0.2416417917 0 0 0 0 0 0 0 0 0 0 0 0 0 0 0 0 0 0 0 0 0.4725548477 0 0.05279635033 0 0 0 0 0 0 0 0 0 0 0 0 0 0.9979234548 0 0 0 0 0 0 0 0 0 0 0 0 0 0 0 0 0.378263111 0 0 0 0 0 0 0.002335297768 0 0 0 0 0 0 0 
0 0 0 0 0 0 1.304839271 0 0 0 0 0 0 0 0 0 0 0 0 0 0 0 0 0 0 0 0 0 0 0 0 0 0 0 0 0 0 0 0 0 0 0 0 0 0 0 0.131798707 0 0 0 0 0 0 0 0 0 0 0 0 0 0 0 0 0 0 0 0 0 0 0 0 0 0 0.347927234 0.2080478571 0 0 0 0 0 0 0 0 0 0 0 0 0 0 0.9382740424 0 0 0 0 0 0 0 0 0 0 0 0 0 0 0 0 0 0 0 0.3497045377 0.3709560515 0 0 0 0 0 0 0 0.6308370319 0 0 0 0 0 0 0 0 0 0 0 0 0 0 0 0 0 0 0 0 0 0 1.916988604 0 0 0 0 0.4598418459 0 0 0 0 0 0 0 0 0 0 0 0 0 0 0 0 0.006612334089 0 0 0 0 0 0 0 0 0 0 0 0 0 0 0 0 0 0 0 0 0.02252662422 0 0 0 0 0 0.2249457161 0 0 0 0 0 0 0 0 0 0 0 0 0 0 0 0 0 0 0 0 0 0 0 0 0 0 0 0 0 0.1238571274 0 0 0 0 0.2355257628 0 0 0 0 0 0 0 0 0 0 0 0 0 0 0 0 0 0 0 0 0 0 0 0 0 0 0 0 0 0 
0 0 0 0 0 0 0 0 0 0 0 0 0 0 0 0 0 0 0 0 0.3660641945 0 0 0 0 0 0 0 0 0 0.03237144309 0 0 0 0 0 0 1.63365516 0 0 0.01609182396 0 0 0.1059839846 0 0 0 0 0 0.2187536087 0 0 0 0 0 0 0 0 0 0 0 0 0 0 0 0 0 0 0 0 0.1593949171 0 0 0 0 0.06385613453 0.1074679753 0 0 0.2840843812 1.653218625 0 0 0 0 0 0 0 0 0 0 0 1.22995424 0 0 0 0 0 0.4018157351 0 0 0 0 0 0 0.2565523754 0.4784218137 0.1720041969 0 0 0 0 0 0 0 0 0 0 0 0 0 0 0 0 0 0 0 0 0 1.235952521 0 0 0.7503009787 0 0 0 0.3490329589 0 0.4918404968 0 0 0 0 0 0 0 0 0 0 0 0 0.5140276627 0 0 0 0 0 0 0 0 0 0 0 0.5042453314 0 0 0 0 0 0 0 0 0 0 0 0 0 0 0 0 0 0 0 0 0.3195545787 0 0 0 0 0 0 0 0 0 0 0 0 0 0 0 0 0 0 0 0 0 0 0 0 0 0 0 0 0 0.3531016179 0 0 0 0 0 0 0 0.06350195778 0 0 0 0.03704337289 0 0 0 0 0 0.4716048119 0 0 0 0 0 0 0 0 0 0.7941281008 0 0 0 0 0 0 0 0 0 0 0 0 0 
0 0 0 0 0 0 0 0 0 0 0 0 0 0 0 0 0 0 0 0 0 0 0 0 0 0 0 0 0 0 0 0 0 0 0 0 0 0 0 0 0 0 0.03012303561 0 0 0 0.7922807448 0 0 0 0.1421032869 0 0 0.1555606322 0 0 0 0 0 0.1364968307 0 0 0 0 0 0 0 0 0 0 0 0 0 0 0 0 0 0 0 0 0 0 0 0 0 0 0 0 0 0 0 0 0 0.3172934266 0 0 0 0 0 0 0 0 0 0.1775143394 0 0 0 0 0 0 0 0 0 0 0.009642273676 0 0 0 0 0.2034410808 0 0 0 0 0 0 0 0 0 0 0 0 0 0 0 0 0 0 0 0 0 0.3114960721 0 1.229735891 0 0 0 0 0 0 0 0.3582368469 0 0 0 0 0 0 0 0 0 0 0 0 0 0 0 0 0.269252166 0 0 0 0 0 0 0 0 0.1011637803 0 0 0.3319339731 0.1720340955 0 0 0 0 0 0 0 0 0 0 0 0 0 0 0 6.611589257e-05 0 0 0 0 0 0 0 0 0 0 0 0 0 0 0 0 0 0 0 0 0.4014867802 0 0 0 0 0 0 0 0 0 0 0 0 0 0 0 0 0 0 0 0 0 0 0 0 0 0 0 0 0 0 0.01309717116 0 0 0 0 0 0 
0 0 0 0 0 0 0 0 0 0 0 0 0 0 0 0 0 0 0 0 0 0 0 0 0 0 0 0 0 0 0 0 0.04863809251 0 0 0 0 0 0.004747726433 0 0 0 0 0 0 0 0 0 0 0 0 0 0 0 0 0 0 0 0 0 0 0.2309467293 0 0 0 0.12861851 0 0 0.1382547311 0 0.1699341191 0 0.0009310119217 0 0 0 0 0 0 0 0 0 0 0 0 0 0 0 0 0 0 0 0 0 0 0 0 0 0 1.539977349 0 0 0 0 0 0 0 0 0 0 0 0 0 0 0 0 0 0 0 4.806512993 0 0 0 0 0 0 0 0 0 0 0 0 0 0 0 0 0 0 0.01402066848 0 0 0.04500683987 0 0 0 0 0 0 0 0 0 0 0 0 0 0 0 0 0 0 0 0 0 0 0 0 0 0 0 0 0.01668309918 0 0 0.01838509781 0 0.1952523883 0 0 0 0 1.042721925 0 0 0.005167901974 0 0 0 0 0 0 0 0.02870776239 0 0 0 0.5610885267 0 0 0 0 0 0 0 0 0 0 0 0 0 0 0 0 0 0 0 0 0 0 0 0 0 0 0 0 0 0 0 0 0 0 0 0 0 0 0 0 0 0 0 0 0 0 0 0 0 0 0 0 0 0 0 0 0 0 0 0.007692428021 
0 0 0 0 0 0 0 0 0 0 1.236171904 0 0 0 0 0 0 0 0 0 0 0 0 0 0 0 0 0 0 0 0 0 0 0 0 0 0 0 0 0 0 0 0 0 0 0 0 0 0 0 0.1532372681 0 0 0 0 0 0 0 0 0 0 0 0 0 0 0 0 0 0 0 0 0 0 0 0 0 0 0 0 0 0 0 0 0 0 0 0 0 0 0 0 0 0 0 0.2532287496 0.0002652149308 0 0 0 0 0 0 0 0 0 0 0 0 0 0 0 0 0.3577025112 0 0 0 0 0 0 0 0 0 0 0 0 0 0 0 0 0 0 0 0 0 0 0 0 0 0 0 0 0 0 0 0 0 0 0 0 0 0 0 0 0 0 0 2.397871539 0 0 0 0 0.4907497711 0 0 0 0 0 0 0 0 0 0.7674686406 0 0 0 0 0 0 0 0 0 0 0 0 0 0 0 0 0 0 0.003927124385 0 0 0 0 0 0 0 0 0 0 0 0 0 0.4960819524 0 0.08460345678 0 0 0.4931838309 0 0 0 0 0 0 0 0 0 0 0 0 0 0 0 0 0 0 0 0 0 0 0 0 0 0 0 0 0 0.06295485 0 0 0 0 0 0 0 0 0 0 0.0001365462633 0 0.2797183124 0 0 0 
0 0 0 0 0 0.2940762363 0 0 0 0 0 0 0 0 0 0 0 0 0 0.1383407684 1.455271863 0 0 0 0 0 0 0 0 0 1.172143927 0 0 0 0 0 0 0 0 0 0 0 0 0 0 0.02655965054 0 0 0 0 0 0 0 0 0 0 0.0006996670571 0 0 0 0 0 0 0.561090993 0 0 0 0 0 0.0452940194 0 0 0 0 0.4527298606 0 0 0 0 0 1.795283517 0 0 0 0 0 0 0 0.05517473317 0 0 0 1.039864739 0 0 0 0 0 0 0 0.003620958164 0 0 0 0 0 0 0 0 0 0 0.01440721404 0 0 0.291968408 0 0 0 0 0 0 0 0 0.1412457235 0 0 0 0 0 0.06320909804 0 0 0 0 0 0 0.0005493358218 0.4902702301 0 0 0 0 0 0 0 0.1742061769 0 0 0 0.6411302088 0 0 0 0 0 0 0 0.1458067652 0 0 0.4082101387 0 0.0679861974 0 0 0 0 0 0 0 0 0 0 0 0 0 0 0 0 0 0 0 0 0 0 0 0 0 0 0 0 0 0 0 0 0 0 0 0.0339527242 0 0 1.095476318 0 0 0 0 0 0 0 0 0 0 0 0 0 0 0 0 0 0 0 0 0 0 0 0.01419594217 0 0 0 0 0 0 0 0 0 0 0 0 0 0 0 0 0 0.08008452846 0 0 0 0 0 0 0 0.09078809211 0 0.09917132888 0 0 
0 0 0 0 0 0 0 0 0 0 0 0 0 0 0 0 0 0 0 0.3988911113 0 0 0 0 0 0 0 0 0 0 0 0 0 0 0 0 0 0 0 0 0 0 0 0 0 0 0.007583671943 0 0 0 0 0 0 0 0 0 1.480579782 0 0 0 0 0 0 0 0 0 0 0 0 0 0 0.3252948951 0 0 0 0 0 0 0 0 0 0 0 0.1606161167 0 0 0 0 0 0 0 0 0 1.508702581 0 0 0 0 0 0 0 0 0 0 0 0 0 0 0 0 0 0 0 0 2.211408156 0 0 0 0 0 0 0 0 0 0.4933180382 0 0 0 0.4119723619 0 0 0 0 0 0 0 0 0 0 0 0 0 0 0 0 0 0 0 0.8776046683 0 0 0 0 0 0 0 0 0 0 0 0.01059742934 0 0 0 0 0 0 0.1251688956 0 7.240389253 0 0 0 0 0 0 0 0 0 0 0 0 0 0 0 0 0 0.2420826735 1.159498453 0 0 0 0 0 0 0 0 0 0 0 0 0 0 0.3680160368 0 0 0 0 0 0 0 0 0 0 0 0 0.04836438808 0 0 0 0 0 0 0 0 0 0 0 0 0 0 0.01982120209 0 0 0 0 0 0 0 0 0 0 0 0 0 0 0 0 0 0 0 0 0 0 0 0 
0 0 0 0 0 0 0 1.566799243 0 0 0 0 0 0 0 0 0 0 0 0 0 0 0.09770502302 0 0 0 0 0 0 0 0 0 0 0 0 0 0 0 0 0 0 0 0 0 0 0 0 0 0 0 0 0 0 0 0.08940314327 0 0 0 0 0 0 0 0 0 0 0 0 0 0 0 0 0 0 0 2.712982539 0 0 0 0 0 0 0 0 0 0 0 0 0 0 0 0.5236907371 0.3352957473 0 0 0 0 0 0 0 0 0 0 0 0 0 0 0 0 0 0 0 0 0 0 0 0 0 0 0 0 0 0 0 0 0 0 0 0 0 0 0 0 0 0 0 0 0 0 0 0 0 0 0 0 0 0 0 0 0 0 0 0 0 0 0 0 0.1731041064 0 0 0 0 0 0 0.09383305839 0 0 0 0 0 0 0 0 0 0 0 0 0 0 0 0 0 0 1.217735759 0 0 0 0 0 0 0 0 0.1072123494 0 0 0 0 0 0 0 0 0 0 0 0 0 0 0 0 0.6851575017 0 0 0.2606097401 0 0 0 0 0 0 0 0 0 0 0 0 0 0 0 0 0 0 0 0 1.310864132 0 0 0 0 0 0 0 0 0 0.09208562756 0 0 0 0 0 0 0 0 0 0 0 1.029794513 0 
0 0 0 0 0 0 0 0 0 0 0 0 0 0 0 0 0 0 0 0 0 0 0 0 0 0 0 0 0 0 0 0 0 0 0 0 0 0 0.4223101846 0 0 0 0 0.287419738 0.3376926389 0 0 0 0 0 0 0.01439499792 0 0 0 0 0 0 0 0.03057367369 0 0.06229973365 0 0 0 0 0 0 0 0 0 0.2879771061 0 0 0 0 0 0 0 0 0 0 0.3943905998 0.002196215404 0 0 0 0 0 0 0 0 0 0 0 0 0 0 0 0 0 0 0 0 0 0 0 0 0 0 0 0 0 0 0 0 0 0 0 0 0 0 0 0 0.07036833016 0 0 0 0 0 0 0 1.32661677 0 0 0 0 0 0 0 0 0 0 0 0 2.146882776 0 0 0 0 0 0 0 0 0 0 0 0 0 0 0 0 0 0 0 0 0 0 0 0 0 0 0 0 0 0 0 0 0 0 0 0 0 0 0 0 8.145663688 0 0 0 0 0 0 0.03066134386 0 0 0 0 0 0 0 0 0 0 0.923685097 0 0 0 0 0 0 0 0 0 0 0 0 0 0 0 0 0 0 0 0 0 0 0 0 0 0 0 0 0 0 0 0 0 0 0 0 0 0 0.4236505039 0 0 0.02458685179 0 0 0 0 0 0.3494069132 0 0 0 
0 0 0 0 0 0.03078417585 0 0 0 0 0.1592673166 0 0 0 0.06160854068 0 0 0 0 0 0 0 0.2456945405 0 0 0 0 0 0 0 0 0 0 0 0 0 0 0 0 0 0 0 0 0.06356240343 0 0 0 0 0 0 0.01399475681 0 2.400784336 0 0.8955063275 0 0.3038165714 0 0 0 0 0 0 0 0.03549904681 0 0 0 0 0 0 0 0 0 0 0 0 0 0 0 0 0 0 0 0 0 0 0 0 0 0 0 0 0 0 0 0 0.9010303882 0 0 0 0 0 0 0 0 0 0 0 0 0 0 0 0 0 0 0 0 0 0 0 0 0 0 0 0 0 8.70160662 0 0 0 0 0 0 1.052973942 0 0 0 0 0 0 0 0 0 0 0 0 0 0 0 0 0 0 0.01663605865 0 0 0 0 0 0 0 0 0 0 0 0 2.021725833 3.994704807 0 0 0 0 0 0 0 0 0 0 0 0 0 0 0 0 0 0 0 0 0 0.06028568628 0 0 0 0 2.382359383 0 0 0 0 0 0.2095985821 0 0 0 0 0 0 0 0 0 0 0.2571264813 0.0008605452497 0 0 0 0 0 0 0 0 0 0 0 0 0 0 0 0 0 0 0 0 0 0 0 0 0 0 0 0 0 0 0 0 0 0 0 0 0 0 0 0 0 0 0 
0.01329983423 0 0 0 0 0.3700067387 0 0 0 0 0 0 0 0.01476029257 0 0 0 0 0 0 0 0 0 0 0 0 0 0 0 0 0 0 0 0 1.598259295 0.1348431021 0 0 0 0 0 0 0 0 0 0 0 0.0825516472 0 0 0 0 0 0 0 0 0 0 0 0 0 0 0 0 0 0 0 0 0 0 0 0 0 0 0 0 0 0 0 0.7730349397 0 0 0 0.7785674227 0 0 0 1.255178975 0 0 0 0 0 0 0 0 0 0 0 0 0 0 0.0004817612801 0 0 0 0 0 0 0 0 0 0 0 0 0 0 0 0 0 0 0 0 0 0 0 0 0 0 0 0 0 0 0 0.2360374679 0 0 0 0.2424874154 0 0 0 0 0 0 0 0 0 0 0 0.7682422288 0 0 0 0 0 0 0 0 0 0 0 0 0.9365833714 0.6968620095 0 0 0 0 0 0 0 0 0 0 0 0 0 0 0 0 0 0 0 0 0 0 0 0 0 0 0 0 0 0 0 0 0 0 0 0 0 0 0 0 0 0 0 0 0 0 0 0 0 0 0 0 0 0 0 0 0 0 0 0 0 0 0 0 0.05755014118 0 0 0 0 0 0 0 0 0 0 0 0 0 0 0 0 0 0 0 0 0 0 0 0 0 0 
0 0 0 0 0 0 0 0 0 0 0.2383676946 0 0 0 0 0 0 0 0 0 0 0.006010948035 0 0 0 0 0 0 0 0 0 0 0 0 0 0 0 0 0 0 1.617011588 0 0 0 0 0 0 1.298698383e-05 0 0 0 0 0 0 0 0 0 0 0 0 0 0 0 0 0 0 0 0 0 0 0 0 0 0 0 0.5253992412 0 0 0 0 0.3786536002 0 0 0 0 0.04929990601 0 0 0 0.3004936907 0 0.06046133039 0 0 0 0 0 0 0 0 0 0 0 0 0 0.04566295788 0 0 0 0 0 0 0 0 0 1.159110138 0 0 0 0 0 0 0 0 0.05999625306 0 0.3484949244 0 0.7872467067 0 0 0 0 0 0.9034466654 0 0 0 0 0 0 0 0 0 0 0 0 0 0 0 0 0 0 0 0 0 0 0.4565749787 0.3127567642 0 0 0 0 0 0 0 1.217581844 0 0 0 0 0 0 0 0 0 0 0 0 0 0 0 0 0 0 0 0 0 0 0 0 0 0 0 0 0 0 0 0 0 0 0 0 0 0 0 0 0 0 0 0 0 0 0 0 0 0 0 0 0 0 0 0 0 0 0 0 0 0 0 0 0 0 0 0 0 0 0 0.2619469237 0 0 0 0 0 0 0 0 0 0 0 0 0 0 0 0 0.9288188093 
0 0 0 0 0 0 0 0 0.1296503573 0 0 0 0 0 0 0 0 0 0 0 0 0 0 0 0.004445236651 0 0 0 0 0 0 0 0 0 0 0 0 0 0 0 0 0 0 0 0 0 0 0 0 0 0 0 0 0 0 0 0 0 0 0 0 0 0 0.8894402076 0 0 0.07309435278 0 0 0 0 0 0 0.4464008762 0 0.283731336 0 0 0 0 0 1.015211782 0 0 0 0 0 0 0 0.1152956067 0 0 0.6959340451 0 0 0 5.58719831 0 0 0 0 0 0 0 0 0 0 0 0 0 0 0 0 0 0 0 0 0 0 0 0 0 0 0 0 0.2308532491 1.218803486 0 0 0 1.370688699 0 0 0 0 0 0 0 0 0 0 0 0 0 0 0 0 0.5929729945 0 0 0 0 0 0 0 0 0 0 0 0 0 0 0 0 0 0 0 0 0 0 0 0 0 0 0 0 0 0 0 0 0 0 0 0 0 0 0 0 0 0 0 0 0.1014294059 0 0 0 0 0.3489444975 0 0 0 0 0 0 0 0 0 0 0 0 0 0 1.260186117 0 0 0 0 0 0 0 0.3405182953 0 0 0 0 0 0 0 0 0 0 0 0 0 0 0 0 0 0 0 0 0 0 0 0 0 0 0 0 0 0 0 0 0 0 0 
0 0 0 0 0 0 0 0 0 0 0 0 0 0 0 0 0 0 0 0 0.3035622555 0 0 0 0.2424394194 0 0 0.4316654035 0 0 0 0 0 0 0 0 0 0 0 0 0 0 0 0 0 0 0 0 0 0 0 0 0 0 0 0 0 0 0 0 0 0 0 0 0 0 0 0 0 0 0 0 0 0 0.0349947997 0 0 0 0 0 0.008383723699 0 0 0 0 0 0 0 1.437953341 0 0 0 0 0 0.5488381063 0 0 0 0 0 0 0 0 0 0 0 3.846512945 0 0 0 0 0 0 0 0 0 0 0 0 0 0 0 0 0 0 0 0 0 0 0 0 0 0 0 0 0.1973328181 0 1.12208103 0 0 0 0 0 0 0 0 0 0 0 0 0 0 0 0 0 0 0 0 0 0 0 0 0 0 0 0 0 0 0 0 0 0 0.01186638625 0 0 0 0 0 0 0 0 0 0 0.0002337789458 0 0 0.427688604 0 0 0 0 0 0 0 0 0 0 0 0 0 0 0 0 0 0 0 0 0 1.030721414 0 0 0 0 0 0 0 0 0 0 0 0 0 0 0 0 0 0 0 0 0 0.4525739012 0 0 0 0 0 0 0 0 0 0 0 0 0.06182201641 0 0 0.03767665404 0 0 0 0 0 0 0 0 0.2564106834 
0 0 0 0 0.05040304303 0 0 0 0 0 0 0 0 0.6082217705 0.259611068 0 0 0 0 0 0 0 0.1599543497 0 0 0 0.8359828063 0 0 0 0 0 0.03925971005 0 0 0 0 0 0 0 0 0 0 0 0.1998937624 0 0 0 0 0 0 0 0 0 0 0 0 0 0 0 0 0 0 0 0 0 0 0 7.984273334 0 0.05265876063 0 0 0 0 0 5.895484451 0 0 0 0 0 0 0 0 0 0 0 0 0 0 0 0 0 0 0.4172009681 0 0 0 0 0 0.9124378011 0 0 0 0 0 0 0 0 0 0 0 0 0 0 0 0 0 0 0 0 0 0 0 0 0 0 0 0 0 0 0 0 0 0 0 0 0 0 0 0 0 0 0 0 0 0 0 0 0 0 0 1.145822415 0 0 0 0 0 0 0 0 0 0 2.071170208 0 0 0 0 0.06531877219 0 0 0 0 0 0 0 0 0 0 0 0 0 0 0 0 0 0 0 0 0 0 0 0 0 0 0.3604178094 0 0 0 0 0 0 0 0 0 0 0 0 0 0 0 0 0 0 0 0 0 0 0 0 0 0 0 0 0 0 0 0 0 0 0 0 0 0 0 0 0 0 0 0 0 0 0 0 0 0 0 0 0.1431640054 0 0 0 0 0 0 
0 0 0 0 0 0 0 0 0 0 0 0 0 0 1.660024768 0 0 0 0 0 0 0 0 0 0 0 0.001706312434 0 0 0 0 0 0 0 0 0 0 0 0 0 0 0 0 0 0 0 0 0 0 0 0 0 0 0 0 0 0 0 0 0 0 0 0 0 0 0 0 0.4474378902 0 0 0 0 0.1007136635 0 0 0 0 0 0 0 0 0 0 0 0 0 0 0 0 0 0 0 0 0 0 0 0 0 0 0 0 0 0 0 0 0.07832684577 0 0 0 0 0 0 0 0 0 0 0 0 0 0 0 0 0 0 0 0 0 4.875708234 0.1526318294 0 0 0 0 5.781252657 0 0 0 0 0 0 0 0 0 0 0 0 0 0 0 0 0 0 0 0 0 0 0 0 0 0 0 0.2604543395 0 0 0 0 0 0 0 0 0.2594038133 0 0 0 0.2004532006 0 0 0 0 0 1.151766554 0 0 0 0 0 0 0 0 0 0 0 0 4.995800403 0 0 0 0.5401983251 0 0 0 0 0 0 0 0 0 0 0 0 0 0 0 0 0 0 0 0 0 0 0 0 0.1567401015 0 0 0 0 0 0 0 0 0 0 0 0 0 0 0 0 0 0 0 0 0 0 0 0 0 0 0 0 0 0 0 0 0 
0 0 0 0 0 0 0 0 0 0 0 0 0 0.03938450158 0 0 0 0 0 0 0 0 0 0 0 0 0 0.3747783604 0 0 0 0 0.9980859959 0 0 0 0 0 0 0 0 0 0 0 0 0 0 0 0 0 0 0 0 0 0 0 0 0 0 0 0 0 0 0 0 0 0 0 0 0 0 0 0 0 0 0 0 0 0 0 0 0 0 0 0 0 0 0 0 0 0 0 0 0 0 0 0 0 0 0 0 1.331749096 0 0 0 0 0 0 0 0 0 0 0 0 0 0 0 0 0 0 0 0 0 0 0 0 0 0 0 0 0.3744654586 0 0 0 0 0 0 0 0 0 0 0 0 0 0 0 0 0 0 1.500235794 0 0 0 0 0 0 0 0 0 0 0 0.4684620841 0 0 0 0.4018633518 0 0 0 0 0 0 0.01723172611 0 0 0 7.21145711 0 0 0 0 0 0 0 0 0.7991866894 0 0 0 0 0.4192510618 0 0 0 0 0 0 0 0 0.1440051573 0 0 0 6.236566963 0 0 0 0 0 0 0 0 0 0 0 0 0 0 0 0 0 0 0 0 0.05802211731 0 0 0 0 0 0 0 0 0 0 0 0.1782285791 0 0 0 0 0 0 0 0 0 0 0 0 0 0 0 0 0 0 0 
0 0 0 0.02104716842 0 0 0 0 0 0.9128219145 0.08157822772 0 0 0 0.01498230561 0 0 0 0 0 0.196006125 0 0 0 0 0 0 0 0 0 0.175894066 0 0 0 0 0 0 0 0 0 0 0 0 0 0 0.3692978795 0 0 0 0 0 0 0 0 1.643043274 0 0 0 0 0 0 0 0 0 0 0 0 0 0 0 0 0 0 0 0 0 0 0 0 0 6.111109741 0 0 0 0 0 0 0 0 0 0 0 0 0 0 0 0 0 0 0 0 0 0 0 0 0.9120894306 0 0 0 0 0 0 0 0 0 0 0 0 0 0 0 0 0 0 0 0 0 0 0 0 0.1712859051 0 0 0 0 0 0 0 0 0 0 0 0 0 0 0 0 0 0 0 0 0 0 0 0 0 0 0 0 0 0 0 0 0 0 0 0 0 0 0 0 0 0 0 1.076806956 0 0.1026709681 0 0 0 0 0.3314925999 0 0 0 0 0 0 0 0 0 0 0 0 0 0 0 0 0 0 0 0 0 0 0 0 0 0 0 0 0 0 0 0 1.010959149 0 0 0.01279213991 0 0 0 0 0.6300139474 0 0 0.02099402821 0 0 0 0 0 0 0 0 0 0 0 0 0 0 0 0 0.001255321093 0 0 0 0 0 0 0 0 0 0 0 0 0 
0 0 0 0 0 0 0 0 0 0 0 0 0 0 0 0 0.06639368635 0 0 0 0 0 0 0 0 0 0 0 0 0 0 0 0 0.02118703349 0 0 0 0 0 0 0 0 0 0 0 0 0 0 0 0 0 0 0 0 0 0 0 0 0 0 0 0 0 0 0 0 0 0 0 0 0 0.003812310816 0 0 0 0 0 0 0 0 0 0 0 0 0.0007510883967 0.8349651447 0 0 0 0 0 0 0 1.778697221 0 0 0 0 0 0 0 0 0 0 0 0 0 0 0 0 0 0 0 0 0 0 0.5703227986 0 0 0 0 0 0 0.390161145 0 0 0 0 0.9904381997 0 0 0 0 0 0 0 0 0 0 0 0 0 0 0.5019808112 0 0 0 0 0 0 0 0 0.2149494327 0 0 0 0 0 0 0 0 0 0 0 0 0 0 0 0 0 0 0 0 0 0 0 0 0 0 0 0 0 0 0 0 0 0 0 7.232415927 0 0 0 0 0 0 0 0.3087589503 0 0 0 0 0 0 0 0 0 0 0 0 0 0 0 0.4163182405 0 0 0 0 0 0 0.01513964614 0 0 0 0 0 0 0 0 0 0 0 0 0 0 0 0 0.06902308897 0 0 0.1825068972 0 0 0 0 0.01966050815 0 0 0 0 0 0 0 0 0 0.1294337768 0 
0 0 0 0 0 0 0 0 0 0 0 0 0 0.3495448025 0 0 0 0 0 0 0 0 0 0 0 0 0 0 0 0 0 0 0 0 0 0 0 0 3.35427332 0 0 0 0 0 0 0 0 0 0 0 0 0 0 0 0 0 0 0 0 0 0 0 0 0.009374154409 0 0 0 0 0 0 0 0 0 0 0 0 0 0 0 0 0 0.8849166325 0 0 0 0 0 0 0 0 0 0 0 0 4.646765451 0 0 0 0 0 1.653371815 0 0 0 2.909177673 0 0 0 0 0 0 0 0 2.13855887 0 1.383061822 0 0 0 0 0 0 0.1538269929 0 6.59760856 0 0 0 0 0 0 0 0 0 0 0 0 0 0 0 0 0 0 0 4.14485797 0 0 0 0 0 0 0 0 0 0 0 0 0 0 0 0 0 0 0 0 0 0 0 0 0 0 0 0 0.1188218247 0 0 0 0 0 0 0 0 0 0 0 0 0 0 0.06336851687 0 0 0 0 0 0 0.06075058802 0 0 0 0 0 0 0 0 0 0 0 0 0 0 0 0 0 0 0.319843836 0 0 0 0 0 0 0 0 0 0 0 0 0 0.2001510909 0.001886352206 0 0 0 0 0 0 0 0 0 0 0 0 0 0 0 0 0 0 0 0 0 0 0 0.2003948574 0 0 
0 0 0 0 0 0 0 0 0 0 0 0 0 0 0 0.7057798863 0 0.126799626 0 0 0 0 0 0.08169450126 0.05830897623 0 0 0 0 0 0 0 0 0 0 0.6068521899 0 0 0 0 0 0 0 0 0 0 0 0 0 0 0 0 0 0 0 0 0.05426299829 0 0 0 0.3224454353 0 0 0 0 0 0 0 0 0 0 0 0.2002943373 0 0 0 0 0 0 0 0 0 0 0 3.08280815 0 0 0 0 0 0 0 0 0 0 1.373991328 0 0 0 0 0 0 0 0 0 0 0 0 0 0 0 0 0.4855966737 0 0 0 0 0 0 0 0 0 0 0 0 0 0 0 0 0 1.267017195 0 0.015338827 0 0 0 0.9038116499 0 0 0 0 0 0 0 0 0 0 0 0.0002398899548 0 0 0 0 0 0 0 0 0 0 0 0 0.6431763643 0 0 0 0 0 0 0 0 0.01588500251 0 0 0 0 0 0 0 0 0 0 0 0 0 0 0 0 0 0.4523719116 0 0 0 0 0 0 0 0 0 0 0 0 0 0 0 0 0 0 0 0 0 0 0 0 0.8967260406 0 0 0 0 0 0 0 0 0.2552539331 0 0 0 0 0 0 0 0 0 0 0.3379813811 0 0 0 0 0 0 0 0 0 0 0 0 0 1.564333177 0 0 0.02069191836 0 0 0 0 0 
0 0 0.007827707683 0 0 0 0 0 0 0 0 0 0 0.1530159609 0 0 0 0 0 0 6.344992705e-05 0 0 0 0 0 0 0 0 0 0 0 0 0 0 0 0 0.7750045806 0 0 0 0 0 0 0 0 0 0 0 0 0 0 0 0 0 0 0 0 0 0 0 0 0.01530512383 0 0 0 0.2394400417 0 0 0 0 0 0 0 0 0 0 0 0 0 0 0 0 0 0 3.320442684 0 0 0 0 0 0 0 0 0 0 0 0 0 6.244448918 0 0 0 0 0 0 0 0 0 0 0 0 0 0 0 0 0 0 0 0 0 0 0 0 0 0 0 0 0 0 0 0 0 0 0 0 0 0 0 0 0 0 0 0 0 0 0 0 0 0 0 0 0 0.3591331745 0 2.976433213 0 0 0 0 0 0 0 0 0 0 0 0 0.3346839253 0 0 0 0 0 0 0 0 0 0 0 0 0 0 0 0 0 0.4286442297 0 0 0 0 0.7141177283 0 0 0 0 0 0 0 0 0 0 0 0 0 0.01853588824 0 0 0 0 0 0 0 0 0.1329401878 0 0 0 0 0 0 0 0 0 0 0 0 0 0.1341146966 0 0 0 0 0 0.9389493451 0 0 0 0 0 0 0 0 0 0 0 0 0 0.2646268732 0 0 0 0 0 0 0 
0 0 0 0 0 0 0 0 0 0 0 0 0 0 0 0 0 0 0 0 0 0 0 0 0 0 0 0 0 0 0.03185262966 0 0 0 1.265793002 0 0 0 0 0 0 0 0 0 0 0 0 0 0 0 0 0 0 0 0 0 0 0 0 0 0 0 0 0 0 0 0 0 0 0 0 0 0 0 0 1.544842488 0 0 0 0 0 0.08087344965 0 0 0 0.5482894405 0 0.1979509842 0 0 0 0 0 0 0 0 0 0 2.099057786 0 0 0 0 0 0 0 0 0 0 0 0 0 1.997286397 0 0 0 8.262598307 0 0 0 0 0 0 0 0 0 0 0 0 0 0 0 0 0 0 0 0 0 0 0.8638728335 0 0 0 0 0 0 9.789872829 0 0 0 0 0 0 0 0 0 0 0 0 0 0 0 0 0 0 0 0 0 0 0 0 0 0 0 0 0 0 0 0 0 0 0 0 0 0 3.458181213 0 0 0 1.470540121 0 0 0 0 0 0 0 0 0 0 0 0 0 0 0 2.275073326 0 0 0 0 0 0 0 0.3964089683 0 0 0 0 0 0 0 0 0 0 0 0 0 0 0.4382642835 0 0 0.09060813953 0 0.1317423716 0 0 0 0 0.08147641869 0 0 0 0 0 0 0 0 0 0 0.4041609309 0 0.0003851921479 0 0 0.009537290949 0 
0 0 0 0 0 0 0 0 0 0 0 0 0 0 0 0 0 0.01135742027 0 0 0 0 0 0 0 0 0 0 0 0 0 0 0 0 0 0 5.605254287 0 0 0 0 0 0.3543886519 0 0 0 0 0.02291463848 0 0 0 0 0 0 0 0 0 0 0 0 0 0 0.2212159402 0 0.6892196664 0 0 0 0 0 0 0 0 0 0 0 0 0.302829332 1.466141065 0 0 0 0 0 0 0 0 0 1.301738591 0 0 0 0 0 7.769579823 0 0 0 0 0 0 0 0 0 0 0 0 0 0 0 0 0 0 0 0 0 0 0 0 0 0 6.808812465 0 0 0 0 0 0 0 0 0 0 0 0 0 0 0 0 0 0 0 0 0 0 0 0 0.5995861555 0 0 0 0 0 0 0 0 0 0 0 0 0 0 0 0.2272832942 0 0 0 0 0 0 0 0 0 0 0 0 0 0 0 0 0 0 0 0 0 0 0 1.505203383 0 0 0 0 0 0 0 0 0 0 0 0 0 0 0 0 0 0 0 0 0 0 1.158168814 0 0 0 0 0 0 0 0 0 0 0 0 0 0 0 0 0 0 0 0 0 0 0 0 0 0 0 0 0 0 0.0288684202 0 0 0 0 0 0 0 0.0830584267 0 0 0 0 0 0 0 
0 0 0 0 0 0 0 0 0.0009067663424 0 0 0 0 0 0 0 0 0 0 0 0 0 0 0 0 0 0 0 0 0 0 0 0 0 0 0 0 0 0 0 0 0 0.8384553125 0 0 0 0 0 0 0 0 0 0 0 0 0 0 0.1970753018 0 0 0 0 0 0 0.457231084 0 0 0 0 0 0 0 0.0889182691 0 0 0 0 0 0 0 0 0 0 0 0 0 0 0 0 0 0 0 0 0 0 0.2786273558 0 0 0 0 1.043929723 0 0 0 0 0 0 0 0 0 0 0 0 0 0 0 0 0 0 0 0 0 0 0 0 0 0 0 0 0 0 0 0 0 0 0 0 0 0 0 0 0 0 0 0 0 0 0 0 0.1124683771 0 0 0 0 0 0 0 0 0 2.395085082 0 0 0 0.02500967579 0 0 0 0 0 0 0 0 0 0 0 0.09683719198 0 0 0 0 0 0 0 0.03570700249 0 0 0 0 0 0 0 0 0 0 0 0 0 0 0 0 0 0 0 0 0.09559353165 0 0 0 0 0 0 0 0 0 0 0 0 0 0 0 0 0 0 0 0 0 0 0 0 0 0 0 0 0 0 0 0 0 0 0 0 0 0 0 0 0 0 0.07001240615 0 0 0 0 0 0 0 0 
0 0 0.4767950795 1.193016416 0 0 0 0 0 0 0 0 0 0 0 0 0 0 0 0 0 0 0 0 0 0 0 0 0 0 0 0 0 0 0 0 0 0 0 0.0008187472241 0 0 0 0 0 0 0 0.05018133657 0 0 0 0 0 0 0 0 0 0 0 0 0 0 0 0 0 0 0 0 0 0 0 0 0 0 0 0 0 0 0 0.9378171182 0 0 0 0 0 0 0 0 0 0 0 0 0 0 0 0 0 0 0 0 0 0 0 0 0 0.9253496464 0 0 0 0 1.307537304 0 0 0.4529977194 0 0 0 0 0 0 0 1.117033727 1.327448555 0 0 0 0 0 0 0 7.555813694 0 0 0 0 0 0 0 1.718180669 0 0 0 0 0 0 7.738291065 0 0 0 0 0 0 0 0 0 0.03302638401 0 0 0 0 0 0 0 0 0.9384367559 0 0 0 0 0 0 0 0 0 0 0.4588610454 0 0 0 0 0 0 0 0 0 0 0 0 0 0 7.217331765 0 0 0 0 0 0 0 0 0 0 0 0 0 0 0 0.2931240382 0 0 0.3006045055 0 0 0 0 0 0 0 0 0.1162938604 0 0 0 0 0 0 0 0 0 0 0 0 0 0 0 0 0 0 0 0 0 0 0 0 0 0 0 0 0 0.03336706388 0 0 0 0 0 0 0.2254899392 
0 0 0 0 0 0 0 0 0 0.03850377275 0 0 0 0 0 0 0 0 0 0 0 0 0 0 1.000945755 0 0 0 0 0 0 0 0.0777184851 0 0 0 0 0 0 0 0 0 0 0 0 0 0 0 0 0 0 0 0 0 0 0 0 0 0 0 0 0 0 0 0 0 0 0 0 0 0 0 0 0 0 0 0 0 0 0 0 0 0 0 0 0 0 0 0 0 0 0 0 0 0 0 0 0 0 0 0 0 0 0 0 0 0 0 0 7.540380584 0 0 0 0 0 0 0 0.00217599759 0 0 0 0 0 0 0.2716679636 0 0 0 0 0 0 0 0 0 0 0 0 0 0 0 0 0 0 0 0 0 0 0 0 0 0 0 0 0 0 0 0 0 0 0 0 0 0 0 0 0 0 0 0 0 0 0 0 0 0 0 0 0 0 0 0 0 0 0 0 0 0 0 0 0 0 0 0 0 0 0 0 0 0.4921874908 0 0 0 0 0 0 0 0 0 0 0 0 0 0 0 0 0 0 0 0 0 0 0 0 0 0 0 0 0 0 0 0 0 0 0 0 0 0 0 0 0 0 0 0 0 1.581144027 0.1362914681 0.2923343566 0 0 0 0.359305815 0 0 0 0 0 
0 0 0 0 0 0 0 0 0 0 0 0 0 0 0 0 0 0 0.6084534248 0 0 0 0 0 0 0 0 0 0 0 0 0.1656674023 0 0 0 0 0 0 0 0 0 0 0 0 0 0 0 0 1.792211484 0 0.002589188756 0 0 0 0 0 0 0 0 0.967066548 0 0 0 0 0 4.903452911 0 0 0 0.4243327566 0 0 0 0 0 0 0.153377793 0 0 0 0 0 0 1.492535636 0 0 0 0 0 0 1.286613984 0 0 0 0 0 0 0 0 0 0 0 0 0 0 0 0 0 0 0 0 0 0 0 0 0 0 0 0 0 0 0 0 0 0 0 0 0 0 0 0 0 0 0 0 0 0 0 8.686863215 0 0 0 0 0 0 0 0 0 0 0 0 0 0 0 0 0 0 0 0 0 3.567663627 0 0 0 0 0 0 0 0 0 0 0.01517242651 0 0 0 1.261233319 0 0 0 0 0 0 0 0 0 0 0 0 0 0.5413445093 0 0 0 0 0 0 0 0 0 0 0.749913159 0 0 0 0.3586095188 1.52680612 0 0 0 0 0 0 0 0 0 0 0 0 0 0 0 0 0 0 0.02278860162 0 0 0 0 0 0 0 0 0 0 0 0 0 0 0 0 0 0 0 0 0 0 0 0 0 0 0 0 0 0 0 
0 0 0.05497025072 0 0 0 0 0 0 0 0 0 0 0 0 0 0 0 0 0 0 0 0 0 1.361362084 0 0 0 0 0 0 0 1.467677773 0 0 0 0 0 0 0 0 0 0 1.29380433 0 0 0 0 0 0 0 0 0 0 0 0 0 0 0 0 0 0 0 0 0 0 0 0 0 0 0 0 0 0 0 0 0 0 0 1.692243349 0 0 0 0 0 0 1.212155822 0.3977933814 0 0.2837643954 0 0.3258238682 0 0 0 0 0 0 0 0 0 0 0 0 0 0 0 0 0 0 0 0 0 0 0 0 0 0 0 0 0 0 0 0 0 0 0 0 0 3.605331621 0 0.7518917069 0 0 0 0 0 0 0 0 0 0 0 0 0 0 0 0 0 0 0 0 0 0 0 0 0 0 0 0 0 0 0 0 0 0 0 0 0 0 0 1.161363884 0 0 0 0 0 0 0 0 0 0 0 0 0 0 0 0 0 0 1.592306655 0 0.4120859357 0 0 0 0 0 0 0 0 0 0 0 0 0 0 0 0 0 0 0 0 0 0 0 0 0 0 0 0 0 0 0 0 0 0 0 0 0 0 0 0 0 0 0 0 0.2502750104 0 0 0.4307023413 0 0 0 0.3040994753 0 0 0.1201853423 0 0 0 0.7082133764 0 0 0 0 
0 0 0 0.2542975513 0 0 0 0 0 0 0 0.2000338925 0 0 0.004373649591 0 0 0 0.05347411534 0 0 0 0 0 0 0 0 0 0 0 0.180665093 0.1294362037 0 0 0 0 0 0 0 0 0 0 0 0 0 0 0 0 0 4.974172353 0 0 0 0 0 0 0 0 0 0 0 0 0 0 0 0 0 0 0 0 0 0 0 0 0 0 0 0 0 0 0 0 0 0 0 0 0 0 0 0 0 0 0 0 0 0 0 0 0 0 0 0 0 0 0 0 0 0 0 0 0 0 1.272188628 0 0 0 0 0 0 0 0 0 0 0.2144886855 0 0 0 0 0 0 0 0 0 0 0 0 0 0.5630301854 0 0 0 0 0 0 0 0 0 0 0 0 0 0 0.8630355967 0 0 0 0 0 0 0 0.6524563063 0 0.3449952326 0 0 0 0 0 0 0 0 0 0 0 0 0 0 0 0 0 0 0 0 0 0 1.087855118 0.03688348376 0 0 0 0 0 0 0 0 0 0 0 0 0 0 0 0.1585851022 0 0 0 0 0 0 0 0 0 0 0 0 0 0 0 0 0 0 0 0 0 0 0 0 0 0 0 0 0 0 0 0 0 0 0 0 0 0 0 0 0 0 0 0 1.015774473 0 0 0 0 0.09371267168 0 0 0 
0 0 0 0 0 0 0 0 3.446014418 0 0 0 0 0 0 0 0 0 0 0 0 0 0 0 0 0 0 0 0 0.2446782936 0 0 0 0 0 0 0 0 0 0 0 0 0 0 0 0.309022997 0 0 0 0 0 0 0 0 0 0 0.2728031274 0 0 0 0 0 0 0 0 0 0 0 0 0 0.09798510224 0 0 0 0 0 0 0 0 0 0 0 0 0 0 0 0 0 0 0 0 0 4.601214289 0 0 0 0 0 0 0 0 0 0 0 0 0 0 0 0 0 0 0 0 0 0 0 0 0 0 8.261502503 0 0 0 0 0 0 0 0 0 0 0 0 0 6.484274744 0 4.438108536 0 0 0 0 0 0 0.7846503651 0 0 0 0 0 0 0 0 0 0 0 0 0 0 0 0 0 0 0 0 0 0 0 0 0 0 0 0 0 0 0 0 0 0 0 0 0 0 0 0 0 8.295526621 0 0 0 0 0 0 0 0 0 0 0 0 0 0 0 0 0 0.022475479 0 0 0 0 0 0 0 0 0 0 0.09605739299 0 0 0 0 0 0 0 0 0 0 0 0 0 0 0 0 0.5463437694 0 0 0 0 0 0 0 0 0 0 0 0 0 0 0 0 0 0 0 0 0 0 0 0 0.8541356154 
0 0 0 0 0 0 0 0 0.5279771047 0.08904384594 0 0 0 0 0 0 0 0 0 0 0 0 0 0.1817666412 0 0 0 0 0 0 0 0.3764664805 0 0 0 0 0 0 0 0 0 0 0.3098491599 1.246399753 0 0 0 0 0 0.6713386721 0 0 0.6438969915 0 0 0.3964792301 0 0.3120354837 0 0 0 0 0 0.3969324023 0 0 0 0 0.00750669075 0 0 0 0 0 0 0 0 0 0 0 0 0 0 0 0 0 0 0 0 0 0 0 0 0 0 0 0 0 0 0 0 0 0 0 0 0 0 0 0 0 0 0 0 0 0 0.6701844627 0 0 0 0 0 0 0 0 0 0 0 0 0 0 0 0 0 0 0 0 0 0 0.7377792976 0 0 0 0 0 0 0 0 0 9.40353479 0 0 0 0.007744597622 0 0 0 0 0 0 0 0 0 0 0 0 0 0 0 0 0 0 0 0 4.364976893 0 0 0 0 0 0 4.333867178 0 0 0 0 0 0 0 0 0 0.4780219309 0 0 0 0 0 0 0 0 0 0 0 0 0 0 0 0 0 0 0 0 0 0 0 0 0 0 0 0 0 0 0.1571192693 0 0 0 0 0 0 0 0 0 0 0 0 0 0 0 0 0 0 0 0 0 0 0 0 0 0 0 0 0 0 0 0 0 0 
0 0 0 0 0 0 0 0 0 0 0 0 0 0 0 0 0 0 0 0 0 0 0 0 0 0 0 0 0 0 0 0 0 0 2.135727415 0 0 0 0 0 0 0 0 0 0 0 0 0 0 0 0 0 0 0 0 0 0 1.337141955 0 0 0 0 0 0 0 0 0 0 0 0 0 0 0 0 1.315868531 6.847888941 0 0 0 0 0 0 0 0.7071724154 0 0 0 0 0 0 0 0 0 0 0 0 0 0 0 0 0 0 0 0 0 0 0 0 0 0 0 0 0 0 0 0 0 0 2.337062134 0 0 10.14507061 0 0 0 0 0 0 0 0 0 0 0 0 0 0 0 0 0 0 0 0 0 0 0.1558071041 0 0 0 0 0 0 0 0 0 0 0 0 0 0 0 6.918956375 0 0 0 0 0.6864809913 0 0 0 0 0 0 0 0 0 0 0 0 0 0 0 0 0 0 0 0 0 0 0 0 0 0 0.08132049136 0 0 3.765030417 0 0 0 0.172525736 0 0 0 0 0 0 0 0 0 0 0 0 0.05963016613 0 0 0 0 0 0 0 0 0 0 0 0 0 0 0 0 0.01644128035 0 0 1.211504927 0 0 0 0 0 0.729364701 0 0 0 0 0 0 0 0 0 0 0 0 0 0 0 0 0 
0 0 0 0 0 0 0 0 0 0 0 0 0 0 0 0 0 0 0 0 0 0 0.08863308271 0.7452290301 0 0 0 0 0 0 0 0 0 0 0 0 0 0 0 0 0 0 0 0 0 0 0 0 0 0 0 0 0 0 0 0 0 0 0 0 0 0 0 0 0 0 0 0 0 0 0 0 0 0 0 0 0 0 0 0 0 2.495794522 0 0 0.8346787209 0 0 0 0 0 0 0 0 0 0 0 0 0 4.210127449 0 0 0 0 0 0 0 0 0 0 0 0 0 0 0 0 0.6753008368 0 0 0 7.890578165 0 0 0.3349982819 0 0 0 0 0 0 0 0 0 0 0 0 0 0 0 0 0 0 0 0 0 0 0 0 0 0 0 0 0 0 0 0 0 0 0 0 0 0 0 0 0 0 0 0 0 0 0 0 0 0 0 0 1.383512886 0 0 0 0 0 0 0 0 0 0 0 0 0 0 0 0 0 0 0 0 0 0 0 0 0 0 0 0 0 0 0 0 0 0 1.322031856 0 0 0 0 0 0 0 0 0.9864809803 0 0 0 0 0 0.4537409455 0 0 0 0.07435908678 0 0 0 0 0 0 0 0.3150130494 0 0 0 0 0 0 0 0 0 0 0 0 0 0 0 0 0 0 
0 0 0 0 0 0 0 0 0 0 0 0 0 0.2030564438 0.4319761669 0 0 0 0 0 0 0 0 0 0 0 0 0 0.3524638584 0 0 0 0 0 0 0 0 0 0.0001814535903 0 0 0 0 0 0 0 0 0 0 0 0 0.1532696841 0 0 0 0 0 0 0 0 0 0 0 0 0 0 0 0 0 0 1.433247096e-05 0 0 0 0 0 0 0 0 0 0 0 0 0 0 0 0 0 0 0 0 0 0 0 0 0 0 0 0 0 0 0 0 0 0 0 0 0 0 0 0 0 0 0 0 0 0 1.21553326 0 0 0 0 0.1589323747 0 0 0 0 0 0 0 0 6.096131636 0 0 0 0 0 0 0 0.939836557 0 0 0 0.01072282125 0 3.475962792 0 4.545058892 0 0 0.03612937125 0 0 3.946020359 0 5.099506101 0 0.9293128755 0 0 0 0 0 0 0 0 0 0 0 0 0 0 0 0 0 0 0.3025277102 0 8.65002716 0 0 0 0 0 0 0 0 0 3.426709868 0 0 0 0 0 0 0 0 0 0 0 0 0 0 0 0 0 0 0 0 0 0 0 0 9.674719575 0 0 0 0 0 0 0.8811205369 0 0 0 0 0 0 0.02585884034 0 0 0 0 0 0 0 0 0 0 0 0 0 0 0 0 0 0 0 0 0 0 0 0 0.330097448 0 0 0.09109032168 
0 0 0 0 0 0 0 0 0 0 0 0 0 0 0 0 0 0 0 0 0 0 0 0.7400945849 0 0 0 0 0 0 0 0 0 0 1.556200008 0 0 0 0 0 0 0 0 1.310115571 0 0 0 0 0 0 0 0 4.083592708 0 0.4394551073 0 0 0 0 0 0 0 0 0 8.669377117 0 0 0.6436922276 0 0 0 0.7776534592 0 0 0.9282699032 0 0 0 0 0 0 0 0 0 0 0 5.582693949 0 0 0 0 0 0 0 0 0 0 0 0 0 0 0 0 0 0 0 0 0 0 0 0 0 0 0 0 0 0 0 0 0 0 0 0 0 0 0 0 0 0 0 0 0 0 0 0 0 0 0.1498101018 0 0 0 0 3.901132681 0 0 0 0 0 0 0 0 0 0 0 0 0 0 0 0 0 0 0 0 0 0 0 0 0 0 0 0 0 0 0 0 0 0 0 0 0.9206575252 0 0 0 2.563497652 0 0 0 3.534377039 0 0 0 0 0 0 0 0 0.8445208209 0 0 0 0 0 0 0 0 0 0 0 0 0 0 1.357762033 0 0 0 0 0 0 0 0 0 0 0 0 0 0 0 0 0 0 0 0 0 0 0 0 0 0 0 0.008207758771 0 0 0 0 0 0 0 0 0 0 0 0 0 0 0 0 
0 0 0 0 0 0 0 0 0 0 0 1.172756122 0 0 0.07969692073 0 0 0 0 0 0 0 0 0 0 0 0 0 0 0 0 0 0.490151678 0 0 0 0 0 0 0 0 0 0 0 0.1604929763 0 0 0 0 0 0 0 0 0 0 0.0001850446782 0 0 0 0 0 0 0 1.362816905 0 1.278186311 0 0 0 0 0 0 0 0 0 0 0 0 0 5.460883269 0 0 0 0 0 0 0 0 0 0 0 0 0 0 0 0 0 0 0 0.7086802737 0 0 9.328587894 0 0 0 0 0 0 0 0 0 0 0.003820752732 0 0 0 0 0 0 0 0 0 0 0.4578378188 0 0 0 0 0 0 0 0 0 0 0 0 0 0 0 0 0 0 0 0 0 0 0 0 0 1.160891757 0 0 0 0 0 0 0 0 0 0 0 3.450487358 0 0 0 0 0 0 0 0 0 0 0 0 0 0 0 0 0 0 0 0 0.184070029 0 0 0 0 0 0 0 0 0 0 0 0 0 0 0 0 0 0 0 0 1.001181155 0 0 0 0 0 0 0 0 0 0 0 0 0 0 0 0 0 0 0 0 0 0 0 0 0 0 0 0 0 0 0.9996117937 0 0 0 0 0 0 0 0 0 0 0 0.3057565526 0 0.1214317744 0 0 0 0 0 0 
0 0 0 0 0 0 0 0 0 0 0 0 0 0 0.7817549786 0 0 0 0 0.04934034315 0 0 0 0 0.09989833802 0 0 0 0 0 0 0 0 0 0 0 0 0 0 0 0 0 0 0.00385552857 0 0 0 0 0 0 0 6.528049117 0 0 0 0 0 0 0 0 0 0 0 0 0 0 0 0 0 0 11.25570594 0 0 0 0 0 2.313689536 1.43240015 0 0 0 0.6155203396 1.29942037 0 0 0 0 0 0 1.46392112 0 0.1081117574 0 0 0 0 0 0 0 0 0 0 0 0 0 0 0 0 0 0 0 0 0 0 0 0 0 0 0 0 0 0 0 0 0 0 0 0 0 0 0 0 0 0 0 0 0 0 0 0 0 0 0 0 0 0 0 0 0 6.594105297 0 0 0 9.697011511 0 0 0 0 0 0 0 0 0 0 0 0 0 0 0 0 1.341602777 0 0 0 0 0 0 0 0 1.267564441 0 0 0 0 0 0 0 0 0 0 0 0 0 0 0 0 0 0 0 0 0 0 0 0 0 0 0 0 0 0 0.0928931189 0 0 0 0 0 0 0 0 0 0 0 0 0 0 0 0 0 0 0 0 0 0 0 0 0 0 0 0 0 0 0 0 0 0 0 0 0.3170830902 0 0 0 0 0 0 0 0 
0 0 0 0.3149950935 0 0 0 0 0 0 1.292345302 0 0 0 0 0 0 0 0.2523794198 0 0 0 0 0 0 0.548812224 1.01875983 0 0 0 0 0 0 0 0 7.467404655 0 0 0 0 0 0 0 0 0 0.004141217597 0 0.8373249754 0 0 0.0761242489 0.6675964596 0.6627072766 0 0 0 0 0 0 0 0 0 0 0 0 0 0 0 0 0 0 0 0 0 0 0 0 0 0 0 0 0 0 0 0 0 0 0 0 0 0 0 0 0 0 0 0 0 0 0 0 0 2.06123899 0 0 0 0 0 0 0 6.443629281 0 0 0 0 0 40.52757871 0 0.0002221633291 0 0 0 0 0 0 0 0 0.5714063568 0 0 0 0 0 0 0 0 0 0 0 0 0 0 0 0 0 0 0 0 2.926475229 0 0 0 0 0 0 0 0 0 0 0 0 0 0 0 0 0 0 0 0 0 0 0 0 0 0 0 0 0 0 0 0 0 0 0 0 0 0 0 0 0 0 0 0 0 0 0 0 0 0 0 0 0.6943473584 0 0 0 1.50048208 0 0 0 0 0 0 0 0 0 0 0 0 0 0 0 0 0 0.528880289 0 0 0 0 0 0 0 0 0 0 0 0 0 0 0 0.01364123851 0 0 0 0.02599105544 0.190852589 0 0 0 0 0 0 0 0 0 0 0 
0 0 0 0 0 0 0 0 0 0 0 0 0 0 0 0 0 0 0 0 0 0 0 0 0 0 0 0 0 0 0 0 0.3360052841 0.2080944224 0 0 0.5608068951 0 0 0 0 0 0.5700242483 5.532874408 0 0 0 0 0 0 0 0 0 0 0 0 0 0 0 0 0 0 0 0 0 0 0 0 0 0 0 5.919632028 0 0.6457535535 0 0 0 0 0 0 0 0 0 0 0 0 0 0 0 0 0 0 0 0 0 0 0 0 0 0 0 0 0 0 0 0 0 0 0 0 0 0 0 0 0 0 0 0 0 0.6713189173 0 0.4287238156 0 0 0 0 0 0 0 0 0 0 0 0 0 0 0 0 0 0.1126799071 0 0.04066538065 2.457059772 0 0 0 0 0 0 0 0 0 0 35.98942958 0 0 0 0 0 0 0 0 1.24321488 0 0 0 3.440462776 0.6563116892 0 1.06198342 0 8.513792909 0 0 0 0 7.927144251 0 0 0 0 0 0 0 0 0 0 0 0 0 0 0 0 0 0 0 0 0.52094386 0 0 0 0 0 0 0 0 0 0 0 0 4.088705489 0.0154950158 0.844468521 0 0 0 0 0 0 0 0 0 0 0 1.497007051 0.2441647671 0 0 0 0 0 0 0 0 0 0 0 0 0 0 0 0 0 0 0.1404036033 0.0351534868 0 0.3619498496 0 0 0 0.2037920718 0 0 0 0 
0 0 0 0 0 0 0 0 0 0 0 0 0 0 0 0 0 0 0 0 0 0 0 0 0 0 0 0 0 0 0.5381734455 0 0 0 0 0 0 0 0 0 0 0 0 0 0 0 0.8202945192 0 0 0 0 0 0 0 0 0 0 0.6883505085 0.4853372249 0 0 0 0 0 0 0 0 0 0 0.8685821715 0.7482090484 0 0 0 0.7368391562 0 1.503931664 0 0 0 0 0 0 0 0 0.7248251522 0 0 0 3.526787595 0 0 3.999641406 0 0 0 0 0 0 0 0 0 1.291025871 0 0 0 0 0 0 0 0 0 0 0 0 0 0 0 0 0 0 0 0 0 0.2690661377 0 0 0 0 0 0 0 0 11.46488329 0 0 0 7.196097764 0 0 0 0 0 0 0 0 0 0 0 0 0 0 0 0 0 0 0 0 0 0 0 0 0 0 0 0 0 0 0 0 0 0 0 0 0 0 0 0 0 0 0 0 0 0 0 0.1485807396 0 0 0 0 0 0 0 0 0 0 0 0 0 0 0 0 0 0 0 0 0 1.239059636 0 0 0 0 0 0 0 0.8245394843 0 0 0 0 0 0 0 0 0 0.08296945259 0 0 0 0 0 0 0 0 0 0 0 0 0 0 0 0 0 0 0 0 0 0 0 0 0 0 0 0 0 0 
0 0 0 0 0 0 1.574334568 0 0 0 0 0 0 0 0 0 0 0 0 0 0 0 0.03277182049 0 0 0 0 0 0 0 0 0 0 0 0 0 0 0 0 1.261393291 0 0 0 0 0 0 0 0 0 0 0 0 0 0 0 0 0 0 0 0 0 0 0 0 0 0 0 0 0 0 0 0 0 0 0 0 0 0 0 0 0 0 3.393299261 0 0 0 0 0 0 0 0 0 0 0 0 0 0 0 0 0 0 0 0 0 0 0 0 0 1.939903661 0 0 2.011673174 0 0 0 0 0 0 0 0 0 0 0 0 0 0 0 0 0 0 0 7.260963479 0 0 0 0 0 0 0 0 0 2.260082078 0 0 0 0 0 0 0 0 0 5.936025735 0 0 1.174846176 0 0 0 0 0 0 0 0 0 0 0 0 0 0 0.7023578586 0 0 0 0 0 0 0 0 0 0 0 0 0 0 0 0 0 0 0 0 0 0 0 0.002794104068 0 0 0 0 0 0 0 0 0 0 0 0 0 0 0 0 0 0.2842388748 0 0 0 0 0 0 0 0 0 0 0 0 0 0 0 0 0 0 0 0 0 0 0 0 0.3432508476 0 0 0 0 0 0 0 0 0 0 0 0 0 0.3083999672 0 0 0 0 0 
0 0 0 0 0 0 0 0 0 0 0 0 0 0 0 0 0 0 0 0 0 0 0 0 0 0 0 0 0 0 0 0 0 0.06696290975 0 0 0 0 0.4495498153 0 0 0 0 0 0 0.001906642209 0 0 0 0 0 0 0 0 0 0 0 0 0 0 0 0 0 0 0.4317542336 0 0 0 0 0 0 0 0 2.397511862 0 0 0 1.23420296 0 0 0 0 0 0 0 0 0 0 0 0 0 0 0 0 0 0 0 11.27060665 7.1103829 0 0 0 0 0 0 0 0 0 0 0 0 0 0 0 0 0 0 0 0 0 0 0 0.8816395815 0 0 0 0 0 0 0 0 0 0 0 0 2.297676011 0 0 0 0 0 0 0 0 0 0 0 0 0 0 0 0 0 0 0 0 0 0 0 0 0 0 0 0 0 0 0 0 0 8.835447866 0 0 4.836666717 0 0 0 0 0 0 0 0 0 0 0 0.3685805819 0 0 5.684099063 0 0 0 0 0 0 0 0 0 0 0 0 0 0 0 0 0 0 0 0 0 0 0 0 0 0 0 0 0 0 0 0 0 0 0 0 0 0 0 0 0 0 0 0 0 0 0 0 0 0 0 0 0 0 0 0 0 0 0 0 0 0 0 0 0 0 0 0 
0 0 0 0 0 0 0 0 0 0 0 0 0 0 0 0 0 0 0 0 0 0 0 0 0 0 0 0 0 0 0 0 0 0 0 0 0 1.268947006 0 0 0 0.1093787053 0 0 0 0 0 0 0 0 0 0 0 0 0 0 0 0 0 0 0 0 0 0 0 0 0 0 0 0 0 0 0 0 0 0 0 0 0 0 0 0.002986678113 0 0 0 0 0 0 0 0 0 0 0 0 0 0 0 0 0 0 0 0 0 0 0 0 0 0 0 0 0 0.5793498432 0 0 0 0 0.003229706701 0 6.925456961 0 0 0 0 0 0 0 0 0 0 10.11992736 0 0 0 0 2.050930463 0 0 0 0 0 0 0 0 0 5.731693405 0 0 0 0 0 0 0 0 0 0 0 0 0 0 0 0 0 0 0 0.8125684474 0 0 0 0 2.662377453 0 0 0 0 0 0 0 0 0 0 1.49153717 0 0 0 0 0 0 0 0 0 0.03654956254 0 0 0 0 0 0 0 0 0 0 0 0 0 1.718109455 0 0 0 0 0 0 0 0 0 0 0 0 0 0 0 0 0 0 0 0 0 0 0 0.4313431922 0 0 0 0.03825328058 0 0 0 0 0 0 0 0.5155494707 0 0 0 0 0 0 0 0 0.4262879326 0 0 0 0 0 0 
0 0 0 0 0 0 0 0 0 0 0 0 0 0 0 0 0 0 0 0 0 1.335855817 0.1429771129 0 0 0 0 0.1177021784 0 0 0 0 1.049120607 0 0 0 0.387923239 0 0 0 0 0 0 0 0 0 0 0 0 0 4.915687301 0 0 0 0 0 0 0 0 0 0 0 0 0 0 0 0 0 0 0 0 0 0 0 0 0 0 0.4549168129 0 0 0 0 0 0 0 0 0 0 0 0 0 9.960129579 0 10.04758895 0 0 0 0 0 0 0 0 7.06295516 0 0 0 0 0 0 0 0 0 0 0 0 2.723391257 6.950005926 0 0 0 0 0 0 0 0 0 0 0 0 0 0 0 0 0 5.381698758 0 0 0 0 0 0 0 0 0 0 0 6.219851496 0 0 0 0 4.534869771 14.36138331 8.902619894 0 0 0 0 0 0 0 1.237551021 0 0 0 0 0 0 0 0 0 0 0 0.02467120188 0 0 0 0 0 0 0 0 0 0 0 0 0 0 0 0 0 0 0 0 0 0 0 0 0 0 0 0 0 0 0 0 0 5.294958809 0 0 0 0 0 0 0 0 0 0 0 0 0 0 0 0 0 0 0 0 0 0 0 0 0 0 0.9527806255 0 0 0 0 0 0 0 0 0 0 0 0 0 0 0 0 0 0 0 0 0 
0 0 0 0 0 0 0 0 0 0 0 0 0 0 0 0 0 0 0 0 0 0 0 0 0 0 0 0 0 0 0 0 0 0 0 0 0 0 0 0 0 0 0 0 0 0 0 0 0 0 0 0 0 0 0 0 0 0 0 0 1.08822535 0 0 0 0 0 0 0 0.03289090369 0 0 0 0 0 0 0 0 0 0 0 0 0 8.562057893 0 0 0 0 0 0 0 0 0 0 0 0 0 0 0 0 0 0 0 0 0 0 0 0 0 0 0 0 0 0 0 0 0 0 0 0 37.70860958 0 0 0 2.793109244 0 0 0 0 0 0 0 0 0 0 0 0 0 0 0 0 0 9.825565964 0 0 0 0 0 0 0 0 0 6.808870172 0 0 0 8.443484093 0 0 0 0 4.759410722 0 0 0 0 0 0 0 0 0 0 0 0 0 0 0 0 0 0 0 0 0 0 0 0 0 0 0 0 0 0 0 0.0001722983662 0 0 0 0 0 0.1755088494 0 0 0 0 3.89234664e-05 0 0 0 0 5.526832259 0 0 0 0 0 0 0 0 0 0 0 0 0 0 0 0 0 0.5709018343 0 0 0 0 0 0 0 0 0 0 0 0 0 0 0 0 0 0 0 0 0 0 0 0 0 0 0 0 0 
0 0 0 0 0 0 0 0 0 1.799749911 0 0 0 0 0 0 0 0 0 0 0 0 0 0 0 0 0 0 0 0 0 0 0 0 0 0 0 0 0 0 0.6056411718 0 0 0 0 0 0 0 0 0 0 0 0 0 0 0 0 0 0 0 0 0 0 0 0 0 0 0 0 0 0 0 0 0 0.1205836792 0 0 0 0 0 0 0 0 0 0 0 0 0 0 0 0 0 0 0 0 0 0 0 0 0 2.265495151 0 0 0 0 0 0 0 0 2.509040902 0 0 0 0 0 0 0 0 0 0 0 0 0 0 0.2881209288 0 0 0 0 0 0 0 0 0 0 0 0.3200833899 0 0 0 0 0 2.216643017 0 0 0 2.859923162 0 0 0 0 0 0 0 0 0 0 0 0 0 0 0 0 0 0 0 0 0 0 0 0 0 0 0 0 0 0 0 0 0 0 0 0 0 0 0 0 0 0 0 0 1.036418178 0 0 0 0 0 0 0 0 0 0 0 0 0 0 0.04170119959 0 0 0 0 0 0 0 0 0 0 0 0 0 0 0 0 0 0 0 0 0 0 0 0 0 0 0 0 0 0 0 0 0 0 0 0 0 0 0 0 0 0 0 0 0.09114717206 0 0 0 0 
0 0 0 0 0 0 0 0 0 0 0 0 0 1.153541137 0 0 0 0 0 0 0 0 0 0 0 0 0 0 0 0 0 0 0 0 0 0 0 0 0 0 0 0 0 0 0 0 0 0 0 0 0 0 0 0 0 0 0 0 0 0 0 0.6883465668 0 0 0 0 0 0 0 0 0 0 0 0 0 0 0.001673198733 0 0 0 0 0 0 0 0 0 0 0 2.434831583 0 0 0 0 0 0 0 0 0 0 0 0 0 0 0 0 0 0 0 0 0 0 0 0 0 0 0 0 0 0 0 0 0 0 0 0 0 0 0 0 0 0 0 0 0 0 0 8.261687146 0 0 0 0 0 0 0 0 0 0 0 0 0 0 0 0 0 0 0 0 0 0 0 0 0 0 0 0 0.004436047505 5.691897369 0 0 0 0 0 0 0 0 0 0 0 0 0 0 0 0 0 0 0 0 0 0 0 0 0 0 0 0 0 0 0 0 0 0 0 0 0 0 0 0 0 0 0 0 0 0 0 0 0 0 0 0 0 0 0 0 0 0 0 0 0.4438830152 0 0 0 0 0 0 0 0 0 0 0 0 0 0 0 0 0 0 0 0 0 0 0 0 0 0 0.08316961959 0.2604555234 
0 0 0 0 0.4534662067 0.2894166559 0 0 0 0 0 0 0 0 0 0 0 0 0.08528658557 0.3725782573 0 0 0 0 0 0 0 0 0 0 0 0 0 0 0 0 0 0 0 0 0 0 0 0 0 0 0 0 0 0 0 0 0 0 0 0 0 0 0 0 0 0 0 0 0 0 0 0 0 0 0 0 0 0 0 0 0.00438380853 0 0 0 0 0 0 0 0 0 5.872143657 0 0 0 0 7.160299926 0.3448821419 0 0 0 0 0 0 0 0.08380919367 0 0 0 0 0 0 1.653367442 0 0 0 0 0 0 0 0 0 0 0.06974682869 0 6.061952068 0 0 0 0 0 0 7.294310925 0 0 0 0 0 0 0 0 4.792977326 0 0 0 0 0 0 0 0 0 0 0 0.7728304285 2.604676391 0 0 0 0 0 0 0 0 0 0 8.850293591 0 0 0 0 0 0 0 0 0 0 0 0 0 0 0.02193586434 0 0.5158260822 0 0 0.6458133078 0 0 0.01875234634 0 0 0 0 0 0 0 0 0 0 0 0 0 0 0 0 0 0 0 0 0 0 0 0 0 0 0 0 0 0 0 0 0 0 0 0 0 0 0 0 0 0 0 0 0 0.3480863592 0.2650611727 0 0 0 0 0 0 0 0 0 0 0 0 0 0 0 0 0 0 0 0 0 0 0 0 0 
0 0 0 0 0 0 0 0.1842519914 0.5239976164 0 0 0 0 0 0 0 0 0 0 0 0 0 0 0 0 0 0 0 0 0 0 0 0 0 0 0 0 0 0 0 0 1.255156667 0 0 0 0 0 0 0 0 0 0 0 0 0 0 0 0 0 0 0 0 0 0 0 1.727682057 0 0 0 0.007189115458 0 0 0 0 0 0 0 0 0 0 0 0 0 0 0 0 0 0 0 0 0 0 0 0 0 0 0 0 0 0 0 0 0 7.929202296 0 0 0 0 0 0 0 0 0 0 0 0 0 0 0 0 0 0 0 0 0 0 0 0 0 0 0 0 0 0 1.535257814 0 0 9.017022374 0 0 0 0 0 0 0 0 0 0 0 0 0 0 0 0 0 0 0 0 0 0 6.005324898 0 0 0 0 0 0 0 0 0 0 0 0 0 0 1.132858089 0 0 0 0 0 0 0 0 0 0 0 0 0 0 0 0 0 0 0 0 0 0 0 0 0 0 0 0.1572495783 0 0 0 0 0 1.142660297 0 0 0.1188377043 0 0 0 0 0 0 0 0 0 0 0 0 0.003164368499 0 0 0 0 0 0 0 0 0 0 0.3879411039 0 0 0 0 0 0 0 0 0 0 0 0 0 0 0 0 0 0 0 
0 0 0 0.01440918948 0 0.1550320534 0 0 0 0 0 0 0 0 0 0 0 0 0 0.06332794913 0 0 4.587300488 0 0 0 0 0 0 0 0 0.7296822104 0 0 0 0 0 0 0 0 0 0 0 0 0 0 0 0 0 0 0 0 0 0 0 0 0 0 0 0 0 0 0 0 0 0 0 0 0 0 0 0 0 0 0 0 0 0 0 0 0 0 0 0 0 10.74711614 0 0 0 0 0 0 0 0 0 0 0 0 0 1.244893566 0 0 0 0 0 0 0 0 0 0 0 67.27230957 0 0 0 0 0 0 0 0 0 0 0 0 0 0 0 0 0 0 0 0 0 0 0 0 0 0 0 0 0 0 2.326298539 0 0 0 0 0 0 0 0 0 0 0 0 0 0 0 0 0 0 0 0 0 0 3.222976691 0 0 0 0 0 0 0 0 0 0 0 0 0 0 0 0 0 0 0 0 0 0 0 0 7.391523714 0 0.4268571846 0 0 0 0 0 0 2.937732836 0 0 0 0 0 0 0 0.3555906549 0 0 0 0 0 0 3.782517538 0 0 0 0 0 0 0 0 0 0 0.4855612049 0 0 0 0 0 0 0 0 0 0 0 0 0 0 0 0.4984231463 0 0 0 0 0 0 0 0 0 0 0 0 0 0 
0 0 0 0 0 0 0 0 0 0 0 0 0 0 0 0 0 0 0 0 0 0 1.41098823 0 0 0 0 0 0 0 0 0 0 0 0 0 0 0.7856173228 1.215791724 0.01831222641 0 0 0 0 0 0 0 0 0 0 0 0 0 0 0 0 0 0 0 0 0 0 0 0 0 0 0 0 0 0 0 0 0 27.39710977 0 0 0 0 0 0 4.369223785 0 0 0 0 0 0 0 0 0 0 67.44244561 0 0 0 0 0 8.736328232 0 0 0 0 0 0 0 0 0 0 0 0 0 0 0 0 7.625591067 0 0 0 0 0 0 0 0 0 0 0 0 0 0 2.322976306 0 0 0 0 10.99880562 0 0 0 0 0 0 0 0 0 0 0 0 0 0 0 0 0 0 0 6.681950984 0 9.663882948 0 0 0 0 4.949590356 0 0 0 0 0 0.02084389866 0 0 0 0 0 0 0 0 0 0 0.00127581271 0 0 0 0 0 0 0 0 0 0 0 0 0 0 0 0 0 0 0 0 0 0 0 0.3326179431 0 0 0 0 0 0 0 0 0 0 0 0 0 0 0 0 0 0 0 0 0.01272956675 0 0 0 0 0 0 0 0 0 0 0 0 0 0 0.3376062833 0 0 0 0 0 0 0 0 0 0 0 0 0 0 0 0 0 
0 0 0 0 0 0 0 0 0 0 0 0 0 0 0 0 0 1.725241418 0 0 0 0 0 0.0122539674 0 0 0 0 0 0 0 0 0 0 0 0 0 0 0 0.1712133729 0 0 0 0.4784642638 0 0 0 0 0 0 0 0 0 0 0 0 0 0 0 0 0 0 0 0 0 0 0 0 0 0 0.7483181951 0 0 0 0 0 0 3.016950887 0 0 0 0 0 0 0 0 0 0 0 0 0 0 0 0 0 3.113517788 0 0 0 0 0 0 0 0 0 0 7.080036272 0 0 0 0 0 0 137.0107152 0 0 0 0 15.63893494 13.67319687 0 0 0 0 0 0 0 0 0 0 0 0 0 0 0 0 0 0 0 0 0 0 0 0 0 0 0 0 0 0 0 0 0 0 0 0 0 0 0 0 0 0 0 0 0 0 0 0 0 0 0 0 0 4.598424334 0 0 0 0 0 0.3370633627 0 0 0 0 0 0 0 0 0 0 0 0.9472740648 0.01482572464 0 0 5.516314006 0 0 0 0 0 3.716643907 1.79229402 0 0 0 0 0 0 0 0 0 0 0 0 0 0 0 0 0 0 0 0 0 0 0 0 0 0 0 0 0 0.2348416583 0 0 0 0 0 0 0 0 0 0 0 0 0 0 0 0 0 0 0 0 0 0 0 
0 0 0 0 0 0 0 0 0 0 0 0 0 0 0 0 0 0 0 0 0 0 0 0 0 0 0 0 1.129644467 3.491613788 0 0 0 0 0 0 0 0 0 0 0 0 0 0 0 0 0 9.509654174 0 0 0 0 0 0 0 0 0 0 0 0 0 0 0 0 0 0 0 0 0 0 0 4.624072548 0 0 0 0 12.59208739 0 0 0 0 0 0 0 0 0 0 0 0 0 0 0 0 0 0 0 0 0 0 0 0 0 0 0 0 0 0 0 0 0 0 0 0 6.380140942 0 0 0 0 0 0 0 0 0 143.4084455 0 0.9133626991 0 4.401325408 0 0 0 0 0 0 0 0 0 0 0 0 0 0 0 12.67913124 0 0 0 0 0 0 0 0 0 8.747207331 0 0 3.175524754 0 0 0 0 0 8.716654674 0 0 0 0 0 0 0 0 0 0 0 0 0 0 0 0 0 4.076595417 0 0 0 0 0 0 0 0 0 0 0 0 0 0 0 1.116987654 0 0 0.07546977426 0 0 0 0 0.9670206097 0 0 0 0 0 0 0 0 0 0 0 0 0 0 0 0 0 0 0 0 0 0 0.01000686848 0 0 0 0.1246679393 0 0 0 0 0 0 0 0 0 0 0 0 0 0 0 0 0 0 0 0 0 0 0 0 
0 0.9782754012 0 0 0 0 0 0 0 0 0 2.448285014 1.621342218 0 0 0 0 0 0 0 0 0 0 0 0 0 0 0 0 0 0 0 0 0 0 0 0 0 0 0 0 0 0 0 0 0 0 0 0 0 0 0 0 0 0 0 0 0 0 0 0 0 0 0 0 0 0 0 0 0 0 0 0 0 0 0 0 0 0 0 0 0 0 0 0 7.103560804 0 0 0 0 0 0 0 0 0 0 0 0 0 0 0 0 0 0 0 0 0 0 0 0 0 0 0 0 0 0 0 0 0 0 0 0 0 0 0 0 0 0 0 8.053369464 4.83845033 0 0 11.5557072 0 0 0 0 0 0 0 0 0 0 0 0 0 0 0 0 0 0 0 0 0 0 0 0 0 0 0 0 0 0 0 0 0 0 0 6.188594 0 0 0 0 1.349967352 0 0 0 0 0 0 0 0 0 0 0 0 0 0 0 0 0 0 1.435549654 0 0 0 0 0 0 0 0 0 0 0 0 0 0 0 0 0 0 0 0 0 0 0 0 0 0 0 0 0 0 0 0 0 0 0 0 0 0.4106067132 0 0 0 0 0 0 0 0.4521201044 0 0 0 0 0 0 0 0.01897002933 0 0 0 0 0.4182994216 0 0 0 
0 0 0 0 0 0 0 0 0 0 0 0 0 1.622971582 0 0.001454660686 0 0 0 0 0 0 0 0 0 0 0 0 0 0 0 4.094040802 0 0 0 0 0 0 0 0 0 0 0 0 0.1442220636 0 1.094010359 0 1.517586753 0 0 7.466898027 0 0 0 0 0 0 0 0 0 0 0 0 0 0 0 0 0 0 0 0 0 0 0 0 0 0 0 0 0 0 0 0 0 0 0 0.6574772133 0 0 7.424819741 0 0 0 0 0 0 0 0 0 0 0 0 85.6208808 0 0 41.96622756 0 0 0 0.02785816662 0 0 0 0 0 0 0 20.21380217 0 0 0 0 0 0 0 0 0 0 0 0 0 0 0 22.27064823 0 22.6394115 0 0 0 0 0 0 0 0 0 3.343948222 0 0 0 0 0 0 0 0 0 0 0 0 0 0 0.9694308458 0 0 0 0 0 0 0 0.002615439711 0 0 0 0 0 0 0 0 0 0 0 0 0 0 0 0 0 0 0 0 0 0 0 0 0 0 0 0 1.055943397 0 0 0 0 0 0 0 0 0 0 0 0 0 0 0 0 0 0 0 0 0 0 0 0 1.249020061 0 0 0 0 1.29780838 1.45097711 0 0 0 0 0 0 0 0 0 0 1.015055709 0 0 0 0 0 0 0 0 0 0 0 0 0 0 0 
0 0 0 0 0 0 0 0 0 0 0 0 0 0 0 0 0.1650843122 0 0.5289920754 0 0 0 0 0 0 0 0.2710517129 0 0 0 0 0 0 0 0 0 0 0 0 0 0 0 0 0 0.5010352933 0.1188004146 0 0 0 0 0 0 0 0 0 0 0 0 0 2.23753544 0 0 0 0 0 0 0 0 0 0 0 0 0 0 0 0 0 0 0 0 10.90880893 0 0 0 0 0 0 0 0 0 0 0 0 0 0 0 0 0 0 0 0 0 0 0 0 0 0 0 0 0 0 0 0 0 0 0 0 0 0 0 0 0 0 0 0 0 0 0 0 0 0 0 0 0 0 0 0 0 0 0 0 0 0 0 0 0 9.362411584 0 0 0 0 0 0 0 0 0 0 0 0 0 0 0 0 0 0 0 0 0 0 0 0 0 0 0 0 0 0 0 0 0 0 0 6.101330533 0 0 0 0 0 0 0 0 0 0 0 0 0 0 0.4639319281 8.344511148 0 0 0 0 0 0 0 0 0 0 0 0 0 0 0 8.8322869 0.5285013291 0 0 0 0 0 0 0 0 2.344346247 0 0 0 0 0 0 0 0 0 0 0 0 0 0 0 0 0 0 0 0 0 0 0 0 0 0 0 0 0 0 0 
0 0 0 0 0 0 0 0 0 0 0 0 0 0 0 0 0 0 0 0.0928124325 0.172633458 0 0 0 0 0 0 0 0 0 0 0 0 0 0 0 0 0 0 0 0 0 0.4077028326 0 0 0.1240266714 0 0 1.071239889 0 0 0 0 0 0 6.858140132 0 0 0 0 0 0 0 0 0 0.4573986526 0 0 0 0 0 0 0 0 0 0 0 0 0 0 0 0 0 0 0 0 0 0 7.481475326 0 0 0 0 0 0 0 0 0 0 0 0 5.052969956 0 0 0 0 0 0 0 0 0 0 0 0 0 0 0 0 0 0 0 0 0 0 0 0 0 0 0 0 0 0.9201927629 0 0 0 0 0 0 0 0 0 0 0 0 0 0 0.7133445221 0 0 15.65960663 8.482807467 0 0 0 0 0 0 0 180.0079982 0 0 0 0 0.004192660225 0 0 0 0 0 0 0 0 0 0 0 0 0 0 0 0 0 0 0 0 0 0 0 0 0 0 0 0.007857388082 0 0 0 0 0 0 0 0 0 0 0 0 0 0 0 0 0 0 0 0 0 0 0 1.001696296 0 0 0 5.555529263 0 0 0 0 0 0 0 0 0 0 0 0 0 0 0 0 0 0 0 0 0 0 0 0 0 0 0 0 0.1656872958 0 0 0 0 0 0 0 
0 0 0 0 0 0 0 4.691163103 0 0 0 0 0.353202831 0 0 0 0 0 0 0 0 0 0 0 0 0 0 0 0 0 0 0 0 0 0 0 0 0 0 0 0 0 0 0 0 0 0 0 0 0 0 0 0 0 0 0 0 0 0 0 0 0 0 0 0.01177712405 0 0 0 0 7.157203297 0 0 0 0 0 0.8510523295 0 0 0 0 0 0 0 0 0 0 0 0 0 0 0 0 0 0 0 0 0 0 0 0 7.377132841 0 0 0 0 0 0 0 4.458435481 0 0 36.62922278 0 0 0 0 0 8.462783337 0 0 0 0 0 0 0 56.12846002 0 0 0 0 0 0 0 0 311.7186643 0 0 0 0 0 0 0 0 122.7128704 0 0 0 0 0 0 0 0 0 0 0 0 0 0 0 0 0 0 0 0 0 0 0 0 0 0 0 0 0 6.170276502 9.665528171 0 0 0 0 0 0 0 0 0 0 0 0 0 0 0 0 0 0 0 0 0 0 0 0 3.718466255 0 0.67215195 0 0 0 0 0 0 0 0 0 0 0 0 0 0 3.981066426 0.7215305075 0 0 0 0 0 0 0 0 0 0 0 0.02298593345 0 0 0 0 0 0 0 0 0 0 0.8724950466 0 0 0 0 0 0 0 0 0 0 0 0 0 0 0 
0 0 0 0 0 0 0 0 0 0 0 0 0 0 0 0 0 0 0 0 0 0 0 0 0 0 0 0 0 0 0 0 0.8694183146 0 0 0 0 0 0 0 0 0 0 0 0 0 0 0 0 0 0 0 0 0 0 0 0 0 0 0 0 5.214259872 0 0 0 0 0 0 0 0 5.761251544 3.673115883 0 0 0 0 0 0 0 0 0 0 0 0 0 0 0 0 0 0 0 0 0 0 0 0 0 216.5954597 151.6904958 0 0 0 0 0 0 0 0 0 0 0 0 0 0 0 0 0.3611948246 0 0 0 0 0 0 0 0 0 0 0 159.9408711 0 0 0 0 0 0 0 0 0 0 0 0 0 0 108.1443005 0 0 0 0 0 0 0 0 0 0 0 8.057004812 0 0 0 0 0 0 0 0 0 29.8602405 0 0 0 0 3.24937542 0 0 0 0 0 0 2.238267446 0 0 5.954163587 0 0 0 0 0 0 0 0 0 0 0 0 0 0 0 0 3.973522557 0 0 0 0 7.430911839 0 0 0 0 0 0 0 0 0 0 0 0 1.099864083 0 0 0 3.986374868 0 0 0 0 0 0 0 0 0 0 0 0 0 0 0 0 0 0 0 0.2431209641 0 0 0 0 0 0 0 0 0 0 0 0 0 0 0.4310801861 0 0 
0 0 0 0 0 0 0 0 0 0.03781973253 0 0 0 0 0 0 0 0 0 0 0 6.067597387 0 1.316438181 0 0 0 0 1.583147577 0 0 0 0 0 0 0 0 0 0 0.2634330938 0 0 0 0 0 0 0 0 0 0 0 0 0 0 0 0 0 0 0 0 0 0 0 0 0 0 0 0 0 0 0 0 20.08210555 0 0 0 5.637200169 0 0 0 0 0 0 0 0 0 0 0 0 0 0 9.965107931 0 0 0 0 0 197.5517172 0 27.41095772 0 0 0 0 0 0 0 0 59.35513213 0 0 0 0 0 0 0 0 0 0 0 0 0 0 0 0 0 0 0 0 0 0 0 0 0 51.5652632 0 0 0 0 0 0 0 0 0 0 0 0 0 0 0 0 0 1.14037434 0 10.4042103 0 0.8577089007 0 0 70.20685499 0 0 0 0 0 0 0 0 0 0 0 0 0 0 0 0 0 0 0 0 0 0 0 0 0 0 0.03320428071 0 0 0 0 0 0 0 0 0 0 0 3.27482672 0 0 0 0 0 0 0 0 0 0 0 0 0 0 0 0 0 0 0 0 0 0 0 0 0 0 0 0 0 0 0 0 0 0 0 0 0 0 0 0 0 0 0 0 0 0 0 0.2807721563 1.381399044 0 0 0 0 0 0 0 0 
0 0.4510084859 0 0 0 0 0 0 0 0 0 0 0 0 0 0 0 0 0 0 0 0 0 0 0 0 0 0 0 0 0 6.491217942 0 0 0 0 0 0 0 0 0 0 0 0 0 0 0 0.9732283089 0 0 0 0 0 0 0 0 0 0 0 0 0 0 0 0 0 0 0 0 0 0 0 1.380585078 0 0 0 0 0 0 0 0 0 0 0 0 0 0 0 0 0 0 0 0 0 0 0 0 0 2.389499731 0 0 0 0 0 0 0 0 0 0 0 0 0 0 0 0 0 0 0 0 0 0 0 0 0 0 0 88.59083375 0 0 0 0 0.008230980286 0 0 0 0 0 0 0 0 0 0 0 0 0.5532206325 0 0 0 0 0 0 0 0 0 0 0 0 0 0 0 0 0 4.920789082 0 0 151.9282599 0 0 0 0 0 0 0 0 0 0 0 0 0 0 0 0 0 0 0 0 0 0 0 0 5.252218892 0 0 0 0 0 0 0 0 0 5.902679082 0 0 0.6103477353 0 0 0 0 0 0 0 0 0 0 0 0 0 0 0 0 1.420957398 0 0 0 0 0 0 0 0 0 0 0 0 0 0 0 0 0 0 0 0 0 0 0 0 0 0 0 0 0.4513564226 0 0 0 0 1.276224754 0 0 
0.4363598824 0 0 0 0 0 1.657884922 0 0 0 0 0 0 0 0 0 0 0 0 0 0 0 0 0 0 0 0 0 0 0 0 0 0 0 0 0 0 1.453975512 0 0 0 0 0 0 0 0 0 0 6.324566163 0 0 0 0 0 0 0 0 0 0.9686706126 0 2.292668728 0 0 0 0 0 0 0 0 0 0 0 21.65388354 0 0 0 0 0 0 0 7.636286033 0 0 0 0 0 0 0 0 0 0 0 0 0 0 0 0 0 0 0 0 0 0 0 0 3.518483172 0 0 0 0 0 0 0 0 0 0 0 0 0 0 0 0 0 0 0 0 0 0 0 0 0 0 0 0 0 0 0 159.8522847 0 0 0 0 0 4.727125596 0 0 0 81.0239396 0 0 0 0 0 0 0 0 0 0 0 0 0 0 55.82540013 0 0 0 0 0 0 0 0 0 0 0 0 0 0 0 0 0 0 0 0 0 0 5.618019056 0 0 0 0 0 0 0 0 0 8.468013171 0 0 0 0 0 0 0 0 0 0 0 0 1.020704547 0 0 0 0 0 0 0 0 0 0 0 0.09828653117 0 0 0 0 0 0 0 0 0 0 0 0 0 0 0 0 0 0 0 0 0 0 0 0 0 0 0 0 0.2494758755 0 0.04991948761 0 0.2997860036 0 0 
0 0 0 0 0 0 0 0 0 0 0 0.1502737319 0 0 0 0 0 0 0 0 0 0 0 0 0 0 0 0.9520252974 0 0 0 0 1.955557427 0 0 0 0 0 0 0 0 0 0 0 0 0 0 0 0 0 0 0 0 0 0 0 0 0 0 0 0 0 0 0 0 0 0 0 0 0 0 7.429404609 0 0 0 0 0 0 0 0 0 0 0 0 0 0 0 0 0 0 0 0 0 0 0 0 0 126.3251129 0 0 0 0 0 0 0 0 0 0 0 0 0 0 0 0 0 0 0 0 0 0 0 0 0 0 0 0 0 0 0 0 0 0 0 148.7579903 0 0 242.1626089 0 0 0 0 0 0 0 0 0 85.13068975 18.29522859 0 0 0 0 0 0 0 0 0 0 0 0 0 0 0 0 0.6620855813 0 0 0 0 0 0 4.040417643 0 0 0 0 0 0 0 4.587537765 0 0 0 0 0 0 0 0 0 0 0 0 0 2.437439991 3.243343577 9.496568302 0 0 0 0 0 0 0 0 0 0 0 0 0 0 0 0 0 0 0 0 0 0 0 0 0 0 0 0 0 0 0 0 0 0 0 0 0 0 0 0 0 0 0 0 0 0 0 0.3824882384 0 0 0 0 0 0 0 0 0 0 0 0 
0 0 0 1.101109196 0 0.9940567658 0 0 0 0 0 0 0 0 0 0 0 0 0 0 0 0 0 0 0 0 0 0 0 0 2.143208434 0 0 0 0 0 0 0 0 0 0 0 0 0 0 0 0 0 0 0 0 0 0 0 0 1.027489518 0 0 1.653500303 0 0 0 0 0 0 0 0 0 0 0 0 4.194700212 0 0 0 0 0 6.702924049 0 0 0 0 0 0 2.197483126 0 0 0 0 0 0 0 0 0 0 0 9.855321021 0 0 34.33769412 0 0 0 0 0 0 0 0 0 0 0 0 0 0 0 0 0 0 0 0 0 0 0 0 0 0 0 0 0 208.1992144 0 199.1553865 0 0 0 0 0 0 0 0 0 0 0 0 100.872698 0 5.107214728 0 0 0 0 0 0 0 10.41851322 0 0 0 0 0 0 0 0 0 0 0 0 0 0 0 0 0 0 0 0 0 0 0 0 0 0 0 0 0 0 0 0 0 0 0 0 0 5.381040398 0 0 0 0 0 0 0 0 0 0 0 0 0 0 0 0 0 0 0 0 0 0 0 0 0 0 2.160655607 0 0 0 0 0 0 0 0 0 0 0 0 0 0 0 0 0.02155145173 0 0 0 0 0 0 0 0.3491310099 0 0 0 0 0 0 0 0 0 0 0 
0 0 5.523710589 0 0 0 0.3951954684 0 0 0 0 0 0 0 0 0 0 0 0 0 0 0 0 0 0 0 0 0 0 0.0001290578978 0 0 0 1.224406034 0 0 0 6.710581633 0 0 0 0 0 0 0 0 0 0 0 0 0 0 0 6.478536205 0 0 0 0 0 0 0 0 0 0 0 0 0 0 0 0 0 0 0 0 3.194256897 0 0 0 0 0 0 0 0 0 0 0 16.64982217 0 187.5318331 0 0 0 0 0 0 0 0 0 0 0 0 0 0 0 0 0 0 0 0 0 0 12.47424696 0 0 0 0 0 0 0 0 0 0 0 0 0 60.20615397 0 0 0 0 0 0 0 0 0 0 0 0 0 0 0 0 0 0 0 0 0 0 0 0 0 0 0 0 0 0 0 0 0 0 0 71.54734578 0 0 0 0 0 0 0 0 0 0 0 0 0 0 0 0 0 0 0 0 0 0 0 0 0 0 0 0 0 0 0 0 0 1.297460787 0 0 0 0 0 0 0 8.607494223 0 0 0 0 0 9.34068186 0 0 0 0 0 1.717557285 0 0 0 0 0 0 0 0 2.290689416 0 0.4379716443 0 0.8470569459 0 0 0 0 0 0 0 0 0 7.125999933e-05 0 0 0 0 0 0 0 0 0 0 0 0 0 0 0 0 0 
0 0 0 0 0 0 0 0 0 0 0 0 0 0 0 0 0 0 0 0 0 0 0 0 0 0 0 0 0 0 0 0 0 0 0 0 0 0 0 0 0 0 0 8.436677507 0 0 0 0 0 0 0 0 0 0 0 0 0 0 0 0 0 0 0 0 0 0 0 0 0 0 0 0 0 0 0 0 0 0 0 0 0 0 0 0 0 0 0 0 0 0 0 0 0 0 0 0 0 0 0 0 0 0 0 0 0 0 0 0 0 0 0 0 0 37.48633632 0 0 0 0 0 0 0 51.93265851 0 0 0 0 0 0 0 0 0 0 0 0 0 0 0 0 2.926450242 0 0 0 9.034537922 0 0 0 0 0 0 0 0 0 0 0 0 0 0 0 0 0 0 0 6.125064049 0 0 0 0 0 0 0 0 0 0 0 5.786744334 7.36886705 8.979428701 0 0 0 24.46632488 0 0 0 0 0 0 0 0 7.590138905 1.470406279 0 0 0 0 0 0 0 0 0 0 0 0 0 0 0 0 0 0 0 0 0 0 0 0 0 0 0 0 0 0 0 4.746489087 0 0 0 0 0 0 0 0 0 0 0 0 0 0 0 0.1841097681 0 0 0 0 0 0 0 0 0.9240748243 0 0 0 0 0 0 0 0.2983696918 
0 0 0 0.2534294974 0 0 0 0 0 1.870160891 0 0.2364010683 0 0 0 0 0 1.538290373 0 0 0.5176593348 0 0 0 0 0 0 0 0 0 0 0 4.101988483 0 0 0 0 0 0 0 0 0 0 0 0 0 0 0 0 0 0 0 0 0 0 0 0 0 0 0.03239708204 0 0 0 0 0 0 0 0.3393955946 0 0 0.06446673656 0 0 0 0 0 0 0 0 0 0 0 0 0 0 0 0 15.92086875 0 0 0 0 0 0 0 0 0 0 0 0 182.4097971 0 0 0 0 0 0 0 0 0 0 4.054880905 63.04560217 0 0 0 0 330.9254133 0 0 0 0 0 0 167.4046138 301.1396839 0 0 0 0 0 0 0 0 0 0 0 0 0 0 0 0 0 0 0 0 0 0 0 0 0 0 0 0 0 0 0 0 0 0 0 0 0 0 0 0 0 0 0 0 0 0 0 0 0 0 0 0 0 0 0 0 0 0 0 0 0 0 0 0 0 0 0 5.681417008 0 0 0 0 0 0 0 0 0 0 0 0 0 0 0 0 0 0 7.369923779 0 0 0 0 6.438343985e-05 0 0 0 0 0 0 0 0 0 0 0 0 0 0 0 0.01862130425 0 0 0 0 0 0 0.056253454 0 0.1923764975 0 0 0 0 0 0 0 0 0 0 0 0 0 
0.133300886 0 0 0 0 0 0 0 0 0 0 0 0 0 0 0 0 0 0 0 0 0 0 0.03643718301 0 0 0 0 0 0 0.2626054685 0 0 0 0.07930672389 1.030837411 9.819855193 0 0 0 0 0 0 0 0 0 0 0 0 0 0 0 0 0 0 0 0 0 0 0 0 7.481639981 0 0 0 0 7.852069011 0 0 0 0 0 0 0 1.076245997 0 0 0 0 0 0 0 0 170.543434 0 0 0 0 0 151.0399809 0 0 0 0 0 0 0 0 0 0 0 0 0 0 0 0 0 0 0 0 0 0 0 0 0 0 0 0 0 0 0 0 0 0 0 0 0 0 0 0 0 0 0 0 0 0 0 0 0 0 0 0 0 0 0 0 92.22139484 0 0 0 0 0 0 0 0 0 0 0 0 0 0 0 0 0 0 0 0 0 0 0 0 0 0 0 0 0 0 0 0 0 0 0 0 0 7.36150032 0 0 0 0 0 0 0 0 0 0 0 0 0 0 0 0 0 0 0 7.918350075 0 0 0 0 1.148123504 0 0.2360841424 0 0 0 0 0 0 0 0 0 0 0 0 0 0 0 0 1.557890799 0 0 0 0.4406696404 0 0 0 0 4.005747759 0 0 0 0 0 0 0 0 0 0 0 0 0 0 0.02988053767 0 0 0 
0 0.04697033794 0 0 0 0 0 0 0 0 0 0 0 0 0 0 0 0 0 0 0 0 0 0 0 0 0 0 0 0 0 0 0 0 0 3.662809759 0 0 0 0 0 0 0 0 0 1.273265115e-05 0 0 0 0 0.02525674402 0 0 0 0 0 0 0 0 0 0 0 0 0 0 0 0 0 0 0 0 0 0 0 0 0 0 0 0 0 0 0 0 0 0 0 0 0 0 0 0 0 0 0 0 0 0 0 0 0 0 0 0.005285089107 0 0 0 0 0 0 0 0 0 0 0 0 0 0 0 0 0 0 0 0 0 0 0 0 0 0 0 0 0 0 0 0 0 0 0 0 0 0 0 0 0 0 0 0 0 0 0 0 10.76035873 0 0 0 0 0 0 246.6419337 0 0 0 0 0 0 0 0 0 0 0 0 0 0 0 0 0.9140002769 0 0 0 0 52.64212122 0 0 0 0 0 0 0 0 0 0 0 0 0 2.097688822 0 0 0 0 0 0 0 8.460968287 0.02676520714 0 0 0 0 9.619997942 0 0.310235329 8.230679253 0 0 0 0.1831626254 0 0 0 0 0 0 0 0 0 0 0 0 0 0 0 0 0 0 0 0 0 0 0 0 0 0 0 0 0 0 0 0 0 0 0 0 0 0 0 0 
0 0 0.0006589323426 0 0 0 0 0 0 0 0 0 0 1.560290569 0 0 0 0 0 0 0 0 0 0 0 0 0 0 0 0 0 0 0 0 0 0 0 0 0 0.5377797439 0 0 0 0 0 0 5.012473466 0 0 0 0 0 0 0 0 0 0 0 0 0 0 0 0 0 0 0 0 0 0 0 0 0 0 0 0 0 0 0 0 0 0 0 0 0 0 0 0 0 0 0 177.8984759 0 0 0 0 0 0 0 5.935288554 0 0 0 0 0 0 0 0 0 0 0 0 0 0 0 0 0 0 0 0 0 0 0 0 0 0 0 0 0 0 0 0 0 0 0 376.6565842 0 0 0 0 0 0 0 0 0 0 0 0 0 0 0 0 0 0 0 0 0 0 0 0 0 0 1.475049052 0 123.8788227 0 172.3753519 0 0 0 0 0 0 0 0 0 0 0 0 0 0 0 0 0 0 0 2.464420259 0 0 0 0 0 0 0 0 8.823532962 0 1.564751345 0 0 0 3.131832802 0 0 0 0 0 0 0 0 0 0 0 0 0 0 0 0 0 0 0 0 0 0 0 0 5.435370093 0 0 0 0 0 0 0 0 0 0 0 0 0 0 0 0 0 0 0.01226633318 0 0.3726675941 0 0 0 0 0 0 0 0 0 
0 0 0 0 0 0 0 0 0 0 0 0 0 0.365861369 0 0 0 0 0 0 0 0.7898453843 0 0 0 0 0 0 0 0 0 0 0.4815234644 0 0 9.394303865 0 0 0 0 0 0 0 0 0 0 0 0 0 0 0 1.576967372 0 0 0 0 0 0 0 0 5.011914021 0 0 0 0 0 0 0 0 0 0 0 0 0 26.49496434 0 0 0 59.07575229 0 0 0 0 0 0 0 0 0 0 0 0 0 0 0 0 0 0 0 0 0 0 0 0 0 0 0 0 0 0 0 15.39524944 41.03536794 0 0 0 0 0 0 0 0 0 0 0 0 0 0 0 0 0 0 0 583.1990554 0 0 0 0 0 0 0 0 0 0 0 0 0 0 0 0 0 0 0 0 0 0 0 0 0 0 0 0 0 0 0 0 0 0 0 0 0 0 0 0 0 0 0 0 1.623155808 0 0 0 0.06946626647 0 0 0 0 0 5.363971102 0 6.089035267 0 0 0 0 0 0 0 0 0 0 0 0 0 0 7.354747158 0 0 0 0 0 0 0 0 0 0 0 0 0 0 1.775222872 0 0 0 0 0 0 0 0 0 0 0 0 0 0 0 0 0 6.281557759 0 0 0 0 0 0 0 0 0 0 0 0 0 0 0 0 0 0 0 
0 0 0 0 0 0 0 0 0 0.1274104967 0 0 0 0 0 0 0 0.2096995995 0.9117569028 0 0 0 0 0 1.601708538 0 0 0 0 1.906938171 0 0 0 0 0 0 0 0 0 0 0 0 0 0 0.1516153026 0 0 0 0 0.5679937061 0 0 0 22.91360139 0 0 0 0 0 0 0 0 0 0 0 0 3.928735553 0 0 0 0 8.988825492 0 0 0 0 0 0 0 0 0 0 2.848447716 0 0 0 0 0 0 0 0 0 0 0 0 234.9372488 0 0 0 0 0 0 0 0 0 189.5979118 0 19.34681479 0 0 0 0 0 0 0 0 0 0 0 0 0 0 0 225.6226242 0 0 0 0 0 0 0 0 0 0 0 120.3182017 0 0 0 0 0 0 0 0 0 0 0 35.1915814 0 0 0 0 0 0 0 0 0 0 0 0 0.01693923687 0 0 0 0 0 0 0 0 0 0 0 0 0 0 0 0 10.14905248 0 0 0.2466298272 0 0 0 0 0 0 0 0 0 0 0 0 0 0 0 0 0 0 0 0 0.444179479 0 0 0 0 0 3.78413422 0 0 0 0 0 0 0 0 0 0 0 0 0 0 0 0 0 0 0 0 0 0 0 0 0 0 0 0 0 0 0 0 0 0 0 0 0 0.4548832632 0 0 0 0 0 0 0 0 0 0 
0 0 0 0 0 0 0 0 0 0 0 0 0 0 0 0 0 0 0 0 0 0 0 0 0 0 0 0 0 0 0 0 0.821601286 0 0 0 0 0 0 0 0 0 0 0 0 0 0 0.7818151435 0 0.2143464259 0 0 0 0 0 0 0 0 0 0 0 0 0 0 0 0 0 0 0 0 0 0 0 0 0 0 0 0 0 0 0 0 2.858104251 0 0 0 1.162595521 0 0 3.19404059 0 0 0.3455295654 0 0 0 0 0 0 0 0 0 0 0 0 0 0 0 0 0 24.31323884 390.7285329 0 0 333.5372208 0 0 0 0 0 0 0 0 0 0 0 0 0 0 0 0 0 0 0 0 0 0 0 0 0 0 0 0 0 138.6218357 203.4536839 0 0 0 0 0 0 0 0 0 0 0 0 0 0 0 0 0 0 0 0 72.80437022 0 0 0 0 0 0 0 86.96265992 0 0 6.224379645 0 0 0 0 0 0 0 0 0 0 0 0 80.56627516 0 0 0 0 0 0 0 0 0 0 0 0 0 0 0 0 0 0 0 0 0.009541993723 0 0 0 0 0 0 0 0 0 0 0 0 0 0 0 0 0 0 0 0 0 0 0 0 0.8879112711 0 0 0 0 0 0 0 0 0 0 0 0 0 0 0 0 0 1.056335802 0 
0 0 3.485414435 0 0 0 0 0 0 0 0 0 0 0 0 0 0.3446763296 0 0 0 0 0 0 0 1.658340178 0 0 0 0 0 0 1.569158289 0 0 0 0 0 0 0 0 0 0 0 0 0 0.1210058573 0 0 0 0 0 0 0 0 0 0 0 0 0 0 0 0 0 0 0 0 0 0 0 0 0 0 0 0 0 0 0 8.457254671 0 0 4.762505403 0 0 0 0 0 0 1.78042896 0 0 0 0 0 0 0 0 0 0 60.97101673 0 0 0 18.23003101 0 0 0 0 0 0 0 0 0 0 0 0 0 0 0 0 0 0 0 110.5412366 0 0 0 0 0 0 0 0 0 0 0 0 0 361.7733376 0 0 0 0 0 0 0 0 0 0 0 0 0 0 0 0 0 0 0 0 0 0 0 0 0 0 0 0 0 0 0 0 0 0 0 0 0 0 0 8.457989738 0 0 0 0 0 0.6843610093 0 0 0 0 0 0 0 0 0 0 0 0 0 0 0 0 0 1.510119062 0 0 0 0 0 1.205044182 0 0 0 0 0 0.6026358535 0 0.03779313923 0 0 0 0 0.007005545531 0 0 0 0 0 0 0 0 0 0 0 0 0 0 0 0 3.456542559 0 0 0 0 0 0 0 0 0 0 0 0 0 0 0 0 0 1.375752998 0 
0 0.7202325353 0 0.5578893473 0 0 0 0 0 0 1.797850947 5.020261811 0 0.9087041555 0 0 0.6755723777 0 0 0 0 0 0 0 0 0 0 0 0 5.308410082 0 0 0 0 0 0 0 0.01700967066 0 0 0 0 0 0 0 0 0 1.329378818 0 0 0 0 0 0 0 0 0 0 0 0 0 0 0 6.98894754 0 1.399908087 0 0 0 0 210.8571032 0 0 0 0 0 0 0 0 0 0 0 0 0 0 0 0 0 0 0 0 5.223410452 0 0 125.3936297 0 0 0 0 0 0 0 0 0 18.13515798 0 0 0 0 758.7591103 0 0 0 0 0 0 0 0 0 0 0 0 0 1109.198112 0 0 0 0 0 817.3816348 0 0 0 0 0 0 0 0 0 0 0 0 791.1186088 0 0 0 0 0 117.1544498 293.786559 0 0 0 0 0 0 0 0 0 0 376.6336379 2.03882467 0 0 0 0 0 0 5.9074625 0 0 0 5.450368251 0 0 5.505343361 0 0 0 0 0 0 0 0 0 0 0 0 0 0 0 0 0 2.8506652 0 0 0 0 0 0 0 0 0 0 0 0 0 0 0 0 0 0 0 0 0 0 0 0 0 0 1.517736538 0 0 0 0 0 0 0 0 0 0 0.01000226678 0 0 0 0 0 0 0 0 0 0 0 0 0.2681464854 0 0 0 0 0 0 6.734998268 2.42687986 0 0 0 
0 0 0 6.673148011 0 0 0 0 0 0 0 0 0 0 0 0 0.1229966276 0 0 0 0 0 0 0 0 0 0 0 0 0 0 0 0 0 0 0 0 0 0 0 0 0 0 0 0 0 0 0 0 0 0 0 0 0 2.648301625 0 3.416198379 0 0 0 0 0 4.353516091 0 0 0 0 0 0 0 0 0.6840002849 0 0 0 0 0 0 0 0 0 7.501390567 0 0 0 0 0 0 0 0 0 0 0 0 0 154.3546861 0 0 0 52.30464368 0 0 0 0 0 0 0 0 0 0 0 2.768209715 0 0 0 0 0 681.561948 0 0 0 0 0 0 267.0509838 0 0 0 0 0 0 0 0 0 0 345.0995192 0 0 0 0 0 617.1506313 0 0 0 12.85610497 0 0 0 0 0 0 0 0 457.4646963 0 0 0 0 0 0 0 0 0 0 0 0 0 0 0 0 0 0 0 0 0 0 0 0 0 0 7.599455282 0 0 0 0 0 0 0 0 0 0 0 0 0 0.4895053718 0 0 0 0 0 0 0 15.25755149 0 0 0 0 0 0 0 0 0 0 0 0 0 0 0 0 0 0 0 0 0 0 0 0 0 0.6182029806 0 0 0 0 0 0 0 0 0.2019301383 0 0 0 0 0 0 0 0.3244562187 0 0 0 0 0 0 0 0 0 
0 0 0 0 0 0 0 0 0 0 0 0 0 0 0 0 0 0 0 0 0 0 0 0 0 0 0 0 0 0 0 0 0 0 0 0 0 0 0 0.477670582 0 0 0 0 0 0 2.524114158 0 0 0 0 0 0 0 0 0 0 0 0 2.492700736 0 0 0 0 0 0 0 0 0 0 0 0 0 0 0 0 0 0 0 0 0 0 0 0 0 0 0 0 0 0 0 0 0 0 0 0 0 0 0 0 0 62.63432097 0 0 0 438.0260617 0 513.9946322 0 0 0 0 0 0 0 0 162.2915719 0 0 146.6477566 0 0 0 0 0 253.5855491 0 0 0 0 665.2777434 0 0 0 0 0 0 0 0 0 0 0 0 0 0 0 0 0 0 815.5866316 0 0 0 0 0 0 0 0 0 0 0 0 0 0 0 0 0 0 0 0 0 0 0 0 0 0 0 0 0 0 0 0 0 0 0 0 0 0 0 0 0 0 0 0 0 0 0 0 0 0 0 0 0 0 0 0 0 0 0 0 0 0 0 0 0 0 0 0 0.02876921746 0 0 0 0 0 0 0 0 0 0 0 0 0 0 0 0 0 0 0 0 0 0 0 0 0 0.6034601089 0 0 0 0 0 0 0 0 0 0 7.58088905 
0 0 0 0 0 0 0 0 0 0 0 0 0 0 0 0 0 0 0 0 0 0 0 0 6.065216968 0 0 0 0 0 1.118614787 0 0 1.320854134 0 0 0 0 0 0 0 0 0 0 0 0 0 0 0 0 0 0 0 0 0 0 2.43338302 0 0 0 4.593598229 0 0 0 0 0 0 0 0 0 0 0 0 0 3.531636634 0 0 0 0 0 0 0 0 0 0 0 0 0 0 0 0 0 0 0 0 0 0 0 0 0 0 0 0 0 0 0 0 0 0 0 0 0 371.8769998 0 0 0 0 748.869865 0 0 0 0 0 0 0 0 0 0 0 0 0 0 0 0 0 0 0 0 0 0 0 0 0 0 0 0 0 0 0 0 0 0 437.9339103 0 0 0 0 0 0 0 0 0 0 0 0 0 0 0 0 0 0 0 0 30.46273861 0 0 0 0 3.239511752 0 0 0 0 0.07685131548 0 0 0 135.7564673 0 0 0 0 0 0 0 0 0 0 4.565897727 0 0 0 0 0 0 0 0 0 0 0 0 0 0 0 0 0 0 0 0 0 0 0 0 0 0 5.284692061 0 0 0.4485837427 0 0 0 0 2.190811024 0 0.1021473761 0 0 0 0 0 0 0 0 0 0 0.4570260793 0 0 0 0 0 0 0 0 0 
0 0 0 0 0 0 0 0 0 0 1.622001529 0 0 0 0 1.543451409 0 0 0.09862882242 0 0 0 0 0 0 0 0 0 0 0 0 0 1.263842159 0 0 0 0 0 0 0 0 0 0 0 0 0 0 0 0 0 0 0 2.382959811 0 0 0 0 0 0 0.7154426725 0 0 0 0 0 0 0 0 0 0 0 0 0 0 0 0 0 0 0 0 0 0 0 0 0 0 0 0 0 0 0 0 0 0 0 497.8268726 0 93.50379024 0 0 0 0 0 0 0 0 0 0 0 0 0 0 0 0 0 0 0 0 0 0 786.5379717 0 537.179197 0 0 0 0 0 0 0 0 0 0 0 0 0 0 0 0 0 0 0 0 195.4978162 0 0 0 0 0 0 0 0 0 0 0 351.2201098 0 0 515.3800078 0 0 0 0 0 0 0 0 0 0 0 0 0 0 0 0 0 0 0 0 0 0 0 0.2258775981 0 0 0 0 0 0 0 0 0 5.06904739 0 0 0 0 0 0 0.05967708695 0 0 0 0 0 0 0 0 0 0 0 0 0 0 0 0.4487872072 0 0 0 0 0 0 0 0 0 0 0.6560050405 0 1.908531184 0 0 0 0 0 0 0 0 0 0 0 0 0 0 0 0 0 0 0 0 0 0 0 0 0 0 0 
0 0 0 0 0.01745152788 0 0 0 0 0 0 0 0 0 0 0 0 0 0 0 1.446422695 0 0 0 0 0 0 0 0 0 0 0 0 0 0 0 0 0 1.49454007 0 0 0 0 0 0 0 0 0 0 0 0 0 0 0 0 0 0 0 0 0 0 0 0 0 0 0 0 0 0 0 0 0 0 0 0 0 0 0 0 0 0 0 0 0 0.07058500497 0 0 51.4251168 0 0 0 0 0 0 0 4.480179073 0 0 0 0 0 247.2315643 0 0 0 0 0 0 0 0 0 0 0 0 0 0 0 0 0 0 0 0 0 0 0 959.2411581 0 0 0 0 0 0 0 0 0 0 0 0 0 0 0 0 0 703.0721437 0 0 0 0 98.62474512 298.871255 0 0 0 0 0 0 0 0 0 0 0 0 0 0 0 0 0 0 0 0 0 0 0 0 0 0 0 0 0 0 0 0 61.09058809 0 0 0 0 0 0 0 0 0 0 0 0 0 0 0 0 0 0 0 0 0 0 0 0 0 0 2.160784335 0 0 0 0 0 0 0 0 0 0 0 0 0 0 0 0 0 0 0 0 0 0 0 0 0 0 0 0 0 0 0 0 0 0 0 0.1714744686 0 0 4.619697516 0 0 0 0 0 0 0 
0 0 0 0 0 0 0 0 0.6598383284 0 0 0 0 0 0 0 0 0 0 0.2906570893 0 0 0 0 0 0 0.07168508993 0 0 0 0 0.05649838168 0 0 0 0 0 0 0 0 0 0 0 0 0 0 0 0 3.822745526 0 0 0.00590302193 0 0 0 0.7832345994 0 0 0 1.106438114 0 0 0 0 0 0 0 0 8.285194203 0 0 0 0 0 0 0 0 0 0 0 0 0 0 0 0 0 0 0 0 0 0 0 0 0 0 0 0 0 0 0 0 0 636.0056179 0 0 0 0 0 0 0 0 244.9994512 0 0 0 0 0 0 0 0 0 0 871.0588847 0 0 0 0 0 0 0 0 0 0 0 0 0 0 0 0 0 0 0 0 0 0 0 381.4512854 0 0 0 0 0 0 0 0 0 0 0 0 0 0 0 0 0 0 0 0 0 0 0 0 0 0 0 0 0 0 0 0 0 0 0 0 0 0 0 0 0 0 0 0 0 0 4.538865905 0 0 0 0 0 0 0 0 0 0 0 0 0 0 0 0 0 0 0 0 0 0 0 0 0 0 0 0 0 0 0 0 0 0 0 0 0 0 0 0 0 0.1285770774 0 0 0 0 0 0 0 0 0 0 0 0 0 0 0 0 0 0 0 0 
0 0 0 0 0 0 0 0 0 0 0 0 0 0 0 0 0 0.8828970971 0 0 0 0 0 0 0 0 0 0 0 0 0 0 0 0 0.07437145709 0 0 0 0 0 0.524379112 0 0 0 2.550571893 0 0 0 0 0 0 1.892110307 0 0 0 0 0 0 0 0.7304271523 0 0 0 0 0 0 0 0 0 0 0 0 0 0 0 0 0 0 0 0 0 0 0 0 0 91.54561002 0 0 0 0 121.5363998 0 0 0 0 0 0 0 0 0 0 0 0 0 0 0 0 0 0 0 0 0 0 0 0 0 0 0 0 0 0 0 0 0 0 0 0 0 0 0 456.8581325 0 0 0 0 0 0 0 0 0 0 0 0 0 0 0 0 0 0 0 0 0 53.32815183 113.2891864 0 0 0 0 0 0 0 0 2.405896662 0 0 0 0 171.7548381 2.581333235 0 0 0 0 283.6577769 0 0 0 0 0 0 0 0 0 0 0 0 0 0 31.24782812 0 0 0 0 0 0 0 0 0 0 0 0 0 0 0 0 0 0 0 0 0 0 0 0 0 0 0 0 0 0 0 0 0 0 0 0 0 0 0 0.345842178 0 0 0 0 0 0 0 0 0 0 0 0 0 1.912133512 0 0 0 6.619705249 0.4937850604 0 0 0 0 0 0 0 0 
0 0 0 0 0 0 0 0 0.05662114847 0 0 0.02508530594 0 0 0 0 0 0 0 0 0 0 0 0 0 0 0 0 0 0 0 0 0 0 0 0 0 0 0 0 0 0 0 0 0 0 0 0 0 0 0 0 0 0 0 0 0 1.260718953 0 0 0 0 0 0 0 0 0 0 0 0 0 0 0 0 0 0 0 0 0 0 0 0 0 0 0 0 0 0 0 0 0 0 0 0 0 0 0 0 0 0 470.6995895 0 0 530.3457469 0 0 0 0 0 0 0 0 0 0 0 0 0 0 0 765.3778604 0 0 0 0 0 0 0 0 0 0 0 0 0 0 0 0 0 0 0 0 0 0 993.3994864 0 0 46.21989953 0 0 0 0 0 0 0 308.1844236 0 0 0 0 0 0 0 0 0 0 0 0 0 0 150.7635935 0 0 0 87.62617253 0 0 0 0 0 0 0 0 0 0 0 0 0 0 0 0 0 0 0 0 0 0 0 0 0 0 0 0 0 0 0 0 0 0 0 0 4.858288151 0 0 0 0 0 8.620653635 0 2.754052927 0 0 0 0.6940704831 0 0 0 0 10.05729958 0 0 0 0 0 0 0 0 0 0.7459283425 0 0 0 0 0 0 0 0 0 0 0 0 0 0 0 0 0 0 0 
0 0.3751632934 0 0 0 0 0 0 0 0 0 0 0 0 0 0 0 0 0 0 0 0 0 0 0 0 0 0 0 0 0.01044374113 0 0 0 0 6.457104297 0 0 0 0 0 0 0 0 0 0 0 0 0 0 0 0 0 0 0 0 0 0 45.4641468 0 0 0 0 0 0 0 0 0 0 0 0 0 0 0 0 0 0 0 0 0 0 0 0 0 0 0 0 0 0 0 0 0 0 0 0 0 0 0 0 0 0 0 0 0 344.3745865 0 0 0 0 0 0 0 0 0 0 0 0 0 0 0 0 0 0 0 0 0 0 0 483.5361038 0 0 0 0 0 0 0 0 0 0 864.2016305 0 0 0 0 0 0 0 0 0 0 0 0 0 0 0 0 0 0 230.8595702 0 0 74.34578856 0 356.7531591 0 0 0 0 0 0 0 0 0 0 0 0 0 0 0 0 0 0 0 0 0 0 0 0 0 2.067663671 0 0 0 0 0 0 0 0 0 0 0 0 0 0 0 0 0 0 0 0 0 0 0 0 0 0 0 0 0 0 0 0 0 0 0 0 0 0 0 0 0 0 0 0 0 0 0 0 0 0 0 0 0 0 0 0 0 0 0 0 0 0 0 0 0 0 
0 0 0 0 0 0.683311928 0 0 0 0 0 0 0.5384165417 0 0 0 0 0 0 0 0 0 0.442673574 0 0 0 0.05665505554 0 0 0 0 0 0 0 0 3.449333891 0 0 0 0 0 0 0 0 0 0 0.02537369755 0 0 0 0 0 0 0 0 0 0 0 0 0 0 0 0 0 0 0 0 0 0 0 0 0 0 0 0.0554352656 0.4738887621 0 0 0 0 0 0 0 0 0 0 0 0 98.41452755 0 0 0 0 0 0 0 364.9736621 0 0 0 0 0 0 0 0 0 0 945.6203923 0 0 0 0 0 0 0 0 0 0 0 0 0 0 0 0 0 0 0 0 0 0 0 0 0 0 0 0 0 0 0 648.7521753 0 0 0 0 0 0 0 0 0 0 0 0 0 307.7607871 0 0 0 0 0.01702975278 0 0 52.91751151 0 0 0 0 0 0 0 0 0 0 0.09435864534 0 17.96978406 0 0 0 0 0 198.6243516 0 0 0 0 0 0 0 0 0 0 0 0 0 9.190395811 0 0 0 0 0.2539623205 0 0 0 0 0 0 0 0 0 0 0 0 0 0 0 0 2.042023835 0 0 0 0 0 0 0 0 0 0 0 0 0 0 0 0 0 0 0 0 0 0 0 0 0 0.2148570082 0 0 0 0 0 0 0 0 0 0 0 0 0 
0 0 0 0 0 0 0 0.07145164731 0 0 0 0 0 0 0 0 0 0 0 0 0 0 0 0 0 0 0 0 0 0 0 0 0 0 0 0 0 0.9039961191 0 0 1.05815845 0 0 0 0 0 0.2438097485 0 0 0 0 0 0 0 0 0 0 0 0 0 0 0 0 0 0 0 0 0 0 0 0 0 0 0 0 0 0 4.247487881 0 0 0 0 0 0 0 0 0 0 0 0 0 0 0 0 0 0 656.4678002 0 0 0 0 0 0 0 0 0 0 0 0 0 0 0 0 0 0 1259.929147 898.4517729 0 0 0 0 0 0 0 0 1000.703918 0 0 0 0 1127.463198 0 0 0 0 0 0 0 0 0 0 0 0 0 0 0 0 0 0 0 0 0 0 0 0 0 0 0 0 0 0 0 0 0 0 0 0 0 0 0 0 0 0 0 0 0 0 0 0 0 0 0 0 0 0 0 0 0 0 0 0 0 0 0 0 0 0 0 0 0 0 0 0 0 0 0 0 0 0 0 0 1.195777839 0 0 0 0 0 0 0 0 0 0 0 0 0 0 0 0 0 0 0 0 0 0 0 0 0 0 0 0 0 0 0 0 0 0 0 0 0 0 0 0.3632857302 0 0 0 0 
0 0 0 0 0 0 0 0 0 0 0 0 0 0 0 0 0 0 0 0 0 0.001861252744 0 0 0 0 0 0 0 0 0 0 0 0 0 2.622916466 0 0 0 0 9.273156641 0 0 0 0 0 0 0 0 0 0 0 9.318138794 0 0 0 0 0 0 0 0 0 0 0 0 0 0 0 0 0 0 0 0 0 0 0 0 0 0 0 0 62.50382105 0 0 64.85373807 0 0 0 0 0 0 0 538.2924873 0 0 0 0 0 0 0 0 0 0 0 0 0 0 0 0 73.82209652 0 0 0 0 0 0 0 0 0 0 0 0 0 774.7499107 0 0 0 0 0 0 0 0 773.7792095 0 0 0 0 0 0 0 0 0 0 228.0513718 0 0 0 0 0 0 0 0 0 0 0 0 0 0 0 0 0 0 0 0 71.91125784 0 0 185.915784 0 0 0 113.2521711 0 0 0 0 0 0 0 0 0 0 0 0 0 0 0 0 0 0 0 0 0 0 0 0.07039600533 0 0 0 0 0 9.25770155 0 0 0 0 0 0 0 0 0 0 0 0 0 0 0 0 0 0 0 0 0 0.8349815498 0 0 0 0 0 0 0 0 0 0 0 0 0 0 0 0 0 0 0 0 0 0 0 0 0 0.1782290265 0 0 0 0 0 0 
0 0.5303939269 0 0 0 0 0 0 0 0 0 0 0 0 0 0 0 0 0 0 0 0 0 0 0 0 0 0 0 0 0 0.3042274421 0 0 0 1.472938079 0 0 0 0 0 0 0 0 0 0 0 0 5.40241463 0 0 0 0 0 0 0 0 0 0 0 0 0 6.346886686 0 0 0 0 0 0 0 0 129.3178909 0.0918592122 0 0 0 0 0 0 0 0 0 0 0 0 0 0 0 0 0 0.351822676 0 0 393.234822 0 0 0 2.563281876 0 0 0 0 0 0 0 0 0 0 0 0 0 0 0 0 0 989.8397032 0 0 0 0 1234.639138 0 0 0 0 0 0 0 1339.898952 0 0 0 0 0 0 0 0 0 0 0 0 0 0 0 0 0 0 0 571.5938959 0 0 0 0 0 0 0 0 0 0 0 0 0 0 0 0 0 0 0 0 0 126.0963369 0 0 0 105.8988092 0 0 0 0 0 0 0 0 0 0 0 0 0 7.257762431 0 0 0 0 0 0 0 0 2.73626276 0 0 0 16.64522072 0 0 0 0 0 0 6.199747265e-05 0 9.050876349 0 0 0 0 0 0 0 1.926101878 0 0 0 1.247967221 0 0 0 0 0 0 0 0 0 0 0 0 0 0 0 0 0 0 0 0 0 0 0 0 0 0 0 0 0 0 0 0 0 
0 0 0 0 0 0 0 0.5518147721 0 0 0 0 0 0 0 0 0 6.653392276 0 0 0 0 0 0 0 0 0 0 0 0 0 0 0 0 0 0 0 0 0 0 0 0 0 0 0 0 0 0 0 0 0 0 0 0 0 0 0 0 0 0 0 0 0 0 0 0 0 74.90284435 0 0 0 0 0 0 0 0 0 0 0 0 0 0 0 0 0 0 0 0 0 0 0 0 0 0 0 0 0 0 0 0 0 0 0 0 0 0 0 0 380.1346837 0 0 922.2428078 0 0 0 0 0 0 1130.380988 0 666.7967132 0 0 0 0 0 0 0 0 0 0 0 0 0 0 0 0 0 0 0 0 0 0 0 0 0 0 0 0 0 0 0 198.6282569 0 0 0 0 0 227.0079122 0 0 0 0 11.71937836 0 0 0 0 0 0 0 0 0 0 0 0 0 0 0 0 0 0 0 0 0 0 0 0 0 0 0 0 0 0 0 0 0 0 0 0 0 0 0 0 0 0 8.145269297 0 0 0 0 0 0 0 0 0 0 0 0 0 0 0 0 0 0 7.458847352 0 0 0 0 0 0 0 0 0 0 0 0 0 0 0 0 0 0 0 0 0 0 0 0 0 0 0 0 0 0 
0 0 0 0 0 0 0 0.0002124150111 0 0 0 0 0.1570597078 0 0 0 0 0 0 1.763139615 0 0 0 0 5.283277961 0 0 0 0 0 0 0 0 0 0 0 0 0 0 0 0 0 0 0 0 0 0 0 0 0 7.928677627 0 0 0 0 0 5.983226276 0 0 0 0 0 0 0 0 0.1246151869 0 0 0 0 0 0 0 0 0 0 0 0 0 0 46.53983768 0 0 0 0 0 0 0 0 0 0 0 0 0 0 0 0 0 0 0 0 0 0 0 567.2797417 0 0 0 0 0 0 0 0 0 0 0 0 0 0 0 0 0 1055.50382 0 0 0 0 0 1099.04572 0 0 0 0 0 0 0 0 1193.489504 0 0 0 0 0 0 0 0 0 0 688.0963532 0 0 0 0 0 0 0 0 0 0 0 0 0 314.9217061 0 0 0 0.2319861927 0 0 0 0 38.35096349 0 0 0 0 0 0 0 0 0 0 0 0 0 0 10.46585018 0 0 0 0 0 0 0 0 3.533530892 0 0 0 1.878459856 0 0 0 0 0 0 0 0 0 0 0 0 0 0 0 0 0 0 0 0 0 0 0 0 0 0 0 0 0 0 0 0 0 0 0 0 0 0 0 0 0 0 0 0 0 0 0 0 0 0 0 0 0 7.444489237 0 0 
0 0 0.2144463284 0 0 0 0 0 0 0 0 0 1.244935389 0 0 0 0 0 0 0 0 0 0 0 0 7.380968741 0 0 0 0 0 0 0 0 0 0 0 0 0 0 0 6.123802657 0 7.012381212 0 0.7906132079 0 0 0 0.2157421774 0 0 0 0 0 0 0 0 0 0 0 0 0 0 0 0 0 0 0 0 0 0 0 0 0 0 0 0 0 0 0 0 0 0 0 0 0 0 0 0 0 54.47692448 0 0 0 290.8989313 0 0 0 0 0 454.6008519 0 0 0 0 0 0 0 0 0 424.1009027 0 0 0 0 0 0 0 0 0 0 0 0 0 1350.001848 0 0 0 0 0 0 0 0 0 0 0 0 0 0 0 0 0 0 807.0935568 0 0 0 811.1677669 0 0 0 0 0 0 0 0 0 0 0 0 0 0 0 0 0 0 0 0 0 0 0 0 0 0 0 0 0 0 0 0 0 0 0 0 0 0 0 0 0 0 7.455866935 0 0 0 0 0 0 0 0 0 0 0 0 0 0 0 0 0 0 0 0 0 0 0 0 0 0 0 0 0 0 0 0.03167646974 0 0 0 0 0 0 0 0 0 0 0 0 0 0 0 0 0 0 0 0 5.54651282 0 0 0 0 0 0 0 0 0.2944450503 0 0 
1.201270492 0 0 0 0 0 0 0 0 0 0 0 0 0 0 0 0 0 0 0 0 5.947941452 0 0 0 0 0 0 0 0 0 0 0 0 0 0 0 0 0 0 0 0 0 0.716934164 0 0 0 0 4.402186537 0 0 0 0 0 0.4852957076 0 0 0 0 0 0 0 0 0 0 0 0 0 0 0 0 9.384639128 0 0 0 0 0 0 0 0 0 0 0 0 0 0 64.09586761 0 0 482.7852518 0 0 247.1523369 0 0 0 0 0 0 0 0 0 1.88264455 0 0 0 0 0 0 0 0 0 0 0 880.7191626 0 0 0 594.3899777 0 0 0 0 0 0 0 0 0 0 0 0 0 0 0 0 0 0 0 0 0 0 0 0 0 0 0 0 0 0 0 0 0 0 0 0 0 0 0 0 0 0 0 0 0 0 0 0 0 0 0 0 0 0 0 0 0 0 0 0 0 0 0 0 0 0 0 0 0 0 0 0 9.812471264 0 0 0 0 0 0 0 0 0 0 0 0 0 0 0 0 0 0 0 0 0 0 0 0 0 0 0 0 0 0 0 0 0 0 0 0 0 0 0 0 0 0 0 0 0 0 0 0 0 0 1.218360002 0 0 0 0 0 0 0 0 0 0 0 0 0 
0 0 0.01666463011 0 0 0 0 0 0 0.2783399755 0 0 0 0 0 0 0 0 0 0 0 0 0 0 0 0 0 0 0 0 0 0 0 0 0 4.31753326 0 0 0 0 0 0 0 0 0 0 1.809307949 0 0 1.179199362 0 0 0 0 0 0 0 0 0 0 0 0 0 0 0 0 0 0 0 19.21181574 0 153.7705409 0 0 0 0 0 0 0 0 0 0 0 0 0 0 0 0 1.108611272 0 0 0 0 0 0 0 0 0 0 0 0 0 0 0 0 0 0 0 0 0 872.7985857 705.0202755 0 0 0 0 0 0 0 915.1469183 0 0 0 0 0 0 0 1073.590144 991.5902426 0 1207.799102 0 0 0 0 0 0 0 0 0 0 0 0 0 0 95.04542098 0 0 0 0 0 0 0 0 0 0 0 0 0 0 0 0 0 414.4203961 0 0 0 0 0 0 0 4.902592951 0 0 0 0 0 169.4011334 0 0 0 0 0 0 5.95018335 0 0 0 0 0 0 0 0 0 0 0 0 0 0 0 0 0.9395298821 0 0 0 0 0 0 0 0 0 0 0 0 0 0 0 0 0 0 0 0 0 0 0 0 0 0 0 0 0 0 0 0 0 0 0 0 0 0 0 0 0 0 0 0 0 0 0 0 0 0 0.1108414738 0 0 0 
0 0 0 0 0 0 0 0 0 0 0 0 0 0 0 0 0 0 0 0 0 0 0.3650949812 0 0 0 0 0 0 0 0 0 0 0 0 0 0 0 0 0 0 0 0 0 0 0 7.712722723 0 0 0 0 0 0 0 0 0 0 0 0 0 0 54.05559288 0 0 9.327856951 0 0 0 0 0 0.8255877737 0 0 0.002980673632 0 0 0 0 0 0 0 0 0 0 0 0 0 0 30.83097553 0 0 0 0 0 0 0 0 290.2862907 0 0 0 0 0 0 0 0 0 0 0 0 0 0 0 0 0 0 0 0 0 0 0 0 0 1390.247619 1123.904572 0 0 0 1263.880137 0 0 0 0 0 0 1305.292684 0 0 0 0 0 0 0 0 0 0 0 0 0 678.056416 0 0 0 0 0 0 76.35266527 0 0 0 0 0 79.81416344 0 0 0 140.9461792 0 0 0 0 0 0 0 0 0 0 0 0 0 0 0 0 0 0 0 0 0 0 0 0 0 0 31.62029959 0 0 0 0 0 0 0 0 0 5.351629165 0 0 0 0 0 0 0 0 0 0 0 0 0 0 0 0 0 0 0 0 0 0 0 0 0 0 0 0 0 0.1497658631 0 0 0 0 0 0 0 0 0 0 0 0 0 0 0 0 0 0 0 0 0 0 
0 0 0.3320579014 0 0 0 0 0 0 0 0 0 0 0 0.9633014614 0 0 0 0 0 0 0 0 0 0 0 0 0 0 0 0 0 0 0 0 0 0 0 0 0 0 0 1.54996043 0 0 0 0 0 0 0 0 0 0 0 0 0 0 0 40.23889085 0 0 4.145212149 0 0 0 0 0 0 0 0 0 0 0 139.8795597 0 0 5.346972988 0 0 9.840599745 0 0 0 0 0 0 0 0 0 541.384472 0 0 0 0 0 0 0 0 0 0 0 0 0 0 0 0 0 0 0 0 0 0 0 0 0 0 0 0 0 0 963.2483364 0 0 0 0 1339.315691 0 0 0 0 0 0 0 0 0 0 0 0 0 0 0 0 0 0 0 0 0 0 0 0 0 0 0 0 0 0 0 0 0 0 0 0 0 479.2283372 0 0 0 0 0 0 0 0 18.80429719 0 0 0 0 0 0 0 0 0 0 0 0 0 0 0 0 0 17.3003902 0 0 0 7.629092208 0 0 0 0 0 0 0 0 0 0 0 0 0 0 0 0 0 0 0 0 0 0 0 1.681832451 0 0 0 0 0 0 0 0 0 0 0 0 0 0 0 0 0 0 0 0 0 0 0 0 0 0 0 0 0 0 0 0 0 0 0 0 0.01763480347 
0 0 0.6355608091 0 0 0 0.2386725778 0 9.076731509 0 0 0 0 4.2109626 0 0 0 0 0 0 0 0 0 0 0 0 3.906147788 0.9800095819 0 1.511776042 0 0 0 0 0 0 0 0 0 0 0 0 0 0 0 0 0 0 0 0 0 0 0 0 0 0 0 0 0 0 0 0 0 0 0 0 0 0 0 0 0 0 0 0 9.137311998 0 0 0 0 0 0 0 0 0 0 0 0 0 0 0 0 0 0 0 0 0 0 0 0 0 0 440.4558057 34.49267649 0 0 750.4212222 0 0 0 0 0 0 0 0 824.4460741 0 0 0 0 0 0 0 0 0 0 0 756.1678882 0 0 0 0 0 1149.090542 0 0 0 0 0 0 776.6471782 288.3993275 0 0 0 0 0 0 0 0 0 0 0 7.629727742 0 0 0 0 387.2514825 0 0 0 327.6564688 0 0 0 0 0 0 0 0 0 0 0 0 0 0 0 0 0 0 0 0 0 0 0 0 0 8.425755445 112.9641523 8.262728134 0 0 0 0 0 0 0 6.441516332 0 0 0.5334758385 0 0 0 0 0 0 0 0 0 0 0 0 0 0 0 0 0 0 0 0 1.891696643 0 0 0 0 0 0 0 0 0 0.3780111466 0 0 0 0 0 0 0 0 0 0 0 0 0 0.07090171765 0 0 0 0.5416715368 0 0 0 0 0 0 
0 0 0 0 0 0.280105623 0 0 0 0 0 0 0 0 0 0 0 0 0 0 0.9515597611 0 0 0 0 0 0 0 0 0 0 0 0 0 0 0 0 0 0 0 9.167381236 0 0 0 0 0 0 0 0.6766810037 0 0 0 1.348899558 0 0 0 0 0 0 0 0 0 0 0 0 0 0 0 0.8211922396 0 7.251666337 0 0 0 0 0 0 103.5186442 0 0 0 0 0 0 0 0 0 0 0 0 0 0 0 0 0 0 0 0 0 333.8358957 0 0 0 0 0 0 0 0 514.8495395 568.2647353 0 0 0 0 0 0 0 0 0 0 0 0 0 0 0 0 945.9236065 0 0 0 0 0 0 0 0 0 0 0 0 0 0 286.3762494 0 0 0 0 0 0 0 0 0 0 0 0 0 0 0 0 0 0 0 0 0 0 0 0 0 6.788851699 0 0 4.910876249 0 0 18.70263827 0 0 0 0 0 0 0 0 0 0 0 0.8710469944 5.544066529 0 0 0 0 0 0 0 0 0 0 0 0 0 0 0 0 0 0 0 0 0 0 0 0 0 0 0 0 0 3.613156437 0 0 0 0 0 0 0 0 0 0 0.9795488203 0 0 0 0 0 0 0 1.655494102e-06 0 0 0 0 0 0 0 0 0 0 0 0 0 0 0.127406323 0 0 0 0 0 
0 0 0 0 0.521445936 0 0 0 0 0 0 0 0 0 0 0 0 0 0 0 0 0 0 0 0 0 0 0 0 0 0 0.04132439984 0 0 0 0 0 0 0 0 0 0 0 0 0 0 0 27.8582025 0 0 0 0 0 0 0 0 0 0 2.55635377 0 0 0 0 0 0 0 0 0 0 0 0 0 0 0 0 0 0 0 0 0 0 0 0 0 0 0 0 0 0 0 0 0 0 0 0 0 0 0 0 0 0 0 0 0 0 0 861.4260232 0 0 0 0 0 0 0 0 0 0 0 0 0 0 0 0 0 0 0 0 0 0 0 0 0 0 0 0 0 0 0 676.2322069 0 0 0 0 0 0 0 0 0 0 0 0 0 0 0 0 0 0 0 0 0 0 0 0 11.4818841 0 0 0 0 0 0 0 0 0 0 0 0 0 0 0 0 0 0 0 0 0 0 0 0 0 0 0 0 0 0 0 0 2.193807524 0 0 0 0 0 0 0 0 0 0 0 0 0 7.239841866 0 0 0 0 0 0 1.359645968 0 0 0 0 0 0 0 0 0 0.004099361366 0 0 0 0 0.5510475943 0 0 0 0 0.1317671982 5.119206879 0 0 0 0 0 0 0 0 0 0 0.6847109361 0 0 0 0 0 0 
0 0 0 0 0 0 0 0 0 0 0 1.400742343 0 0 1.272124842 0 0 0 0 0 0 0 0 0 0 0 0 0 0 0 0.009672415482 0 0 0 0 0 0 0 0 0 0 0 0 0 0 0 0 9.748800357 0 0 0 0 0 0 0 0 0 0 0 0 0 0 0 0 0 0 0 0 0 0 0.7498428067 0 0 0 0 0 0 0 0 0 0.2034679495 0 0 0 0 0 0 0 0 0 0 0 0 0 0 0 0 0 0 0 0 0 0 0 0 0 0 0 0 0 0 0 0 0 0 0 0 0 0 0 0 0 0 0 0 0 0 0 1210.949776 749.781825 0 0 0 0 0 0 0 0 0 0 0 678.3406992 0 0 236.5696177 990.4001024 0 0 0 0 565.14581 0 0 0 0 0 0 0 0 0 0 0 0 0 0 0 0 0 0 147.9963143 0 0 0 0 0 0 0 48.54040957 0 0 0 0 0 0 0 57.38535603 0 0 0 0 0 0 0 0 0 0 0 0 0 0 0 0 0 0 0 0 0 0 0 0 0 0 0 0 0 0 0 0 0 0 0 0 0 0 0 0 0 0 0 0 0 0 0 0 0 0 0 0 0 0 0 0 0 0 0 0 0 0 0 0 0 0 0 0 0 0 
0 0 0 0 0 0 0 0 0 0 0 0 0 0 0 0.8040976962 0 0 0 0 0 0 0 0 0 0 0 0 0.2264465295 0 0 0 0 0 1.635555452 0 0.5207145709 0.2982948361 0 0 0 0 0 0 0 0 0 0 0 0 0 9.186664401 0 0 0 4.923709566 0 0 0.7011278261 0 0 6.582427416 0 0 0 0 0 0 0 0 0 0 0 0 0 0 0 0 0 0 0 0 0 0 0 0 0 0 0 0 0 0 0 0 0 0 0 0 0 545.4623111 0 0 0 0 0 0 0 0 0 944.9449293 0 0 0 0 0 0 0 0 0 0 0 622.4210957 0 0 0 0 0 0 0 0 0 0 0 0 0 0 0 0 0 0 0 0 0 0 0 0 0 0 0 0 0 0 0 0 0 0 0 0 0 0 0 0 0 0 0 0 0 0 0 2.302083142 0 0 0 0 0 0 0 0 0 0 0 0 0 0 0 0 0 0 0 0 0 6.515403588 0 0 0 0 0 0 21.65903049 0 0 0 0 0 0 0 0 0 0 0 0 0 0 0 0 0 0 0 0 0 0 0 0.604198832 0 0 0 0 0.4614303741 0 0 0 0 0 0 0 0 0 0 0 0 0 0 0 0 0 0 0 0 0 0 0 0 0 0 0 0 
0.02676369334 6.553186056 0 0.2451910008 0 0 0.2151987139 0 0 0.1379057352 0 0 0 0 0 0 0 0 0 0 0 0 0 0 0 0 0 0 0 0 0 0 0 1.129364351 0 0 0 0 0 0 0 0 0 0 0 0 0 0 53.71123156 0 0 0 0 0 0 0 0 0 0 0 0 0 0 0 0 0 0 0 1.741944798 0 0 0 0 0 0 0 0 0.6824950715 0 0 0 3.118233539 0 0 0 0 0 0 65.0114189 0 0 0 160.7465542 0 0 0 0 0 0 0 0 0 0 0 0 0 0 0 0 0 0 0 0 0 0 0 0 0 0 0 0 0 542.1635365 1109.1298 0 0 0 0 0 0 0 0 685.5174856 0 0 0 0 0 0 0 0 0 0 0 0 0 0 0 0 0 0 0 0 0 0 0 0 0 0 0 0 0 0 0 0 0 0 0 0 0 0 0 0 0 0 0 0 0 0 0 0 0 0 0 0 0 0 0 2.403656825 0 0 0 0 0 0 0 0 0 0 0 0 0 0 0 0 0 0 0 0 0 0 2.196077069 0 0 0 0 0 0 0 0 0 0 0 0 0 0 0 0 0 0 0 0.5343905441 0 0 0 0 0 0 0 0 0 0 0 0 0 0 0 0 0 0 0 0 0 0 1.072214426 0 
0 0 0 0 0 0 0 0 0 0 0 0 0 0 0 0 1.686141723 0 0 0 0 0 0 0 0 0 0 0 0 2.327578896 0 0 0 0 0 0 0 0 0 0 0 0 0 0 0 0 0 0 0 0 0 0 0 0 0 0 0 0 0 0 0 0 0 0 0 0 0 0 0 0 0 0 0 0 0 0 0 0 0 0 0 0 0 0 0 0 0 0 0 0 0 0 0 0 0 0 0 0 0 0 0 0 0 0 0 0 0 0 0 0 0 0 0 0 0 0 0 1070.422594 1204.42776 0 0 0 0 959.5335517 0 0 0 0 0 0 0 0 0 0 0 0 0 0 0 0 0 0 0 907.1661046 0 0 0 0 0 0 857.8533752 0 0 0 339.0103546 0 0 0 0 66.80487836 241.1009774 123.8215655 0 0 0 0 0 71.88952957 0 0 0 0 7.61150393 0 0 86.03335809 0 136.9749247 0 0 0 0 0 7.262478995 0 0 0 0 0 0 0 0 0 0 8.505932168 0 0 0 0 0 0 0 11.88244057 0 3.418152408 0 0 0 0 0 0 0 0 1.217454604 0.4396947699 0 0 0 0 0 0 0 0 4.255733028 0 0 0 0 0 0 0 1.128044948 0 0 0 0 0 0 0.9533197389 0 0 0 0 0 0 0 0 0 0 0 0 0 0 0 0 0 
0 0 0 0 0 0 0 0 0 0 0 0 0 0 0 0 0 0 0 0 0 0.7245399931 0 0 0 2.94803521 0 0 0 0 0 0.02634407314 0 0 0 0 0 0 0 0 0 0 0 0 0 0 0 0 0 0 0 0 0 0 0 0 0 0 0.5935689735 0 0 0 0 0 0 0 0 0 0 0 0 0 0 0 0 0 0 0 0 23.09933415 0 0 0 0 0 0 0 0 0 0 0 0 0 0 0 0 0 0 0 0 0 0 0 0 0 0 0 0 0 0 0 0 0 0 0 0 0 0 0 0 0 0 0 221.0442475 0 0 0 0 0 0 0 0 0 1203.335952 0 0 0 0 0 0 0 0 0 572.8927466 0 0 0 0 0 0 0 0 0 0 0 0 0 0 0 0 0 0 0 0 0 0 0 0 0 0 0 0 0 0 0 0 0 0 0 91.72330305 0 0 0 0 0 8.977105701 0 0 0 0 0 0 0 0 0 0 0 0 0 0 0 0 0 0 0 0.2543498359 0 0 0 0 0 0 0 0 0.001749199897 0 0 0 0 0 0 4.693700353 0 0 0 0 0 0 0 0 0 0 0 0 0 0 0 0 0 0 0 1.580197363 0 0 0 0 0 0 0 0 0 0 0 0 0 0 
0 0 0 0 0 0.3474905225 0 0 0 0 0 0 0 0 0 0 0 0 0.1319641431 0 0 0 0 0 0 0 0 0 0 0 0 0 0 0 0 0 0 0 0 0 0 0 0 0 0 0 0 0 0 0 0 0 0 0 0 0 0 0 0 0 0 0 0 0 0 0 0 0 0 0 0 0 0 0 0 0 0.3114307546 0 0 0 0 0 0 0 0 0 0 0 0 0 0 0 0 0 0 0 0 0 0 0 0 0 0 0 0 0 0 0 0 0 0 0 0 0 0 0 0 0 0 0 0 0 963.5916051 0 0 0 0 0 0 0 0 0 0 0 0 0 0 0 0 0 0 0 0 0 0 0 0 0 0 0 0 0 0 0 0 0 0 0 0 0 0 0 0 0 3.131354754 0 0 0 0 0 0 0 0 0 0 0 0 0 0 0 0 0 0 0 0 0 0 0 0 0 0 0 46.36424709 0 0 0 0 0 0 0 0 0 0 0 0 0 0 0 0 0 1.026158626 0 0 0 0 0 0 0 0 0 0 0 0 0 2.833246379 0.1317762257 0 0 0 0 0 0 0 0 0 3.112609489 0 0 0 0 0 0 0 0 0 0 0 0 0.3734778628 0 0 0 0 0 0 0 
0 0 0 0 0 0 0 0 0 1.525769514 0 0 0 0 0 0 0 0 0 0 1.240956997 0 1.626409106 0 0 0 0.8989682097 0 0 0 0 0 0 0 0 5.075053259 0 0 0 0 0 0 0 0.2723916223 0 0 0 0 0 0 0 0 0 0 0 0 0 0 0 0 0 0 0 7.655450276 0 0 44.11018156 0 0 0 0 0 0 0 7.231497992 0 0 0 0 0 72.81219678 0 0 0 0 0 0 0 0 0 0 0 0 0 0 0 0 0 0 0 0 0 0 0 0 0 0 0 0 0 0 0 0 0 0 0 0 0 0 0 0 0 0 0 0 0 414.6292482 0 0 0 830.8836537 0 0 0 0 0 0 0 0 0 0 0 0 0 0 0 0 0 0 0 0 0 0 67.26874768 0 0 0 0 0 0 0 0 0 0 0 0 0 66.48631019 0 0 0 0 0 0 0 0 0 0 0 0 0 0 0 0 0 0 0 0 0 0 0 0 0 0 0 0 0 0 0.1345369477 0 0 0 0 0 4.000438995 0 0 0 0.01373166645 0 0 0 0 0 0 0 0 0 0 0 0 0 1.279518076 0 0 1.407504753 0 0 0 0 0 0 0 0.3130124328 0 0 0 0 0 0 0 0 0 0 0 0 0 0 2.833239456 0 0 0 0 0 0 0 
0 0 0 0 0 0.9320974848 0 0 0 0 0 0 0 0 0 0 0 0 0 0 0 0 0 0 0 0 0 0 0 0 0 0 0 0 0 0 0 0 0 0 0 0 0 0 0 0 0 0 0 0 0 0 0 0 0 0 0 0 0 0 0 0 0 0 0 0 0 0 0 0 0 0 0 0 0 0 0 0 285.3918902 0 0 0 0 0 0 0 0 0 0 0 418.9388847 0 0 0 0 0 0 0 0 0 0 0 0 0 0 0 0 0 0 0 0 0 0 0 0 0 0 0 0 0 0 0 0 0 0 0 0 0 0 0 0 0 654.1101349 0 0 0 0 0 0 0 0 0 0 0 0 0 0 0 0 0 0 0 0 0 0 20.6625552 0 0 0 176.2103886 0 0 0 0 0 0 2.134383468 0 0 0 0 0 0 0 0 0 0 0 0 0 0 0 0 0 0 0 0 0 0 0 0 0 0 0 0 0 77.76498952 0 0 0 0 0 0 0 0 0 0 0 0 0 0 0 0 0 0 0 0 0 0 0 0 0 0 0 0 0 0 0 0 0 0 0 0 0 0 0 0 0 0 0 0 0.05880640678 8.535946475 0 0 0 0 0 0 0 0 0 0 0 0 0 
0 0 0 0.00636499587 0 0 0.04189843016 0 0 0.538642808 0 0 0 0 0 7.466421988 0 0 0 0 0 0 0 0 0 0 0 0 0 0 0 0 0 0 0 0 0 0 0 0 0 9.365158786 0 0 0 0 0 0 0 0 0 0 0 0 0 4.248524801 0 0 0 0 0 0 2.753183435 0 0 0 0 0 76.7061434 0 0 0 0 0 0 0 0 0 0 0 0 0 0 0 0 0 0 0 0 0 0 0 0 0 0 24.0334342 0 0 0 0 477.231326 0 0 472.5287584 0 0 0 869.0833722 0 0 139.5411999 0 0 0 0 0 0 0 0 0 0 0 0 0 0 0 0 0 0 0 0 0 0 0 0 0 0 0 0 0 357.8783436 0 0 0 0 0 0 0 0 0 399.0345144 0 0 0 0 0 0 0 0 0 0 0 0 0 0 0 0 0 0 0 0 0 0 0 0 0 0 0 0 0 0 0 0 0 0.988231856 0 0 0 0 3.263797136 0 0 0 2.154123758 0 0 0 0 0 0 0 0 0 0 0 0 0 0 0 0 0 0 0 0 0 0 4.853159043 0 0 0 0 0 0 0 0 0 0 0 0 0 0 0 0 0 0 0 0 0 0 0 0.0004552420685 0 0 0 0 0 0 0 0 0 0 0 0 0 0 0 
0 0 0 0 0 0 0 0 0 0 0 0 0 0 0 0 0 0 0 0 0 0 0 0 0 0 0 0 0 0.8148751522 0 0 0 0 4.727924226 0 0 0 0 0 6.116911874 0 0 0 0.9207591983 0 0 0 0 0 0 0 0.4009268398 0 0 0 0 0 0 0 9.184730753 0 0 0 0 0 0 0 42.01723816 0 0 0 0 0 0 8.915536695 0 1.476949646 0 0.5676345323 0 0 0 0 0 0 0.8693581609 0 0 0 0 0 0 0 0 0 0 0 0 0 0 0 0 191.2550364 0 0 0 0 0 0 0 0 0 0 0 0 553.2899262 0 0 0 0 0 0 0 0 0 0 0 0 0 1067.101787 0 0 0 0 0 0 295.9467945 0 0 0 0 0 0 0 0 0 0 0 0 0 0 0 0 0 0 0 130.0990047 0 0 0 0 0 0 0 0 0 0 0 0 0 0 0 0 0 0 0 0 0 0 0 0 0.2470232685 0 0 0 0 0 0 0 0 101.8147396 0 0 0 0 0 0 0 0 0 3.780973098 0 0 0 0 0 0 0 0 0 0 0 0 0 0 0 0 0 0 0 0 0 0 0 0 0 0 0 0 0 0 0 0 0 0 0 0 0 0 0 0 0 0 1.682226024 0 0 0 0 0 0 0 0 0 0 0 
1.072800264 0 0 0 0 0.1986590118 0 0 0 0 0 0 0 0 0 0 0 0 0 0 0 0 0 0 0 0 0 0 0 0 0 0.7432116396 0 0 0 0 0 0 0 0 0 0 0 0 0 0 0.6313397958 0 0 0 0 0 0 0 0 0 0 0 0 0 7.213570857 0 0 0 0 0 0 8.082982804 6.370734912 0 0 0 0 0 0 0 0 0 0 0 0 0 0 0 0 0 0 0 0 0 0 0 0 0 0 0 0 0 0 0 467.3397814 0 0 0 0 0 0 812.6350433 0 0 0 0 687.4327715 0 0 0 563.5774455 0 0 0 0 0 0 0 0 0 0 0 0 0 0 0 309.7231411 0 0 473.319667 0 0 0 0 0 0 0 0 0 0 0 0 0 0 0 0 0 0 0 0 0 0 0 0 0 0 0 0 0 0 14.6719846 0.7866522031 0 0 0 0 0 0 0 0 277.3527085 0 0 0 0 0 10.15718137 0 0 0 0 0 0 0 0 0 0 0 0 0 2.587962718 0 0 0 0 0 0 0 1.599345525 3.756927482 0 0 0 0 0 0 0 0 0 0 0 0 0 0 0 0 0 0.09758375956 0 0 0 0.3332804726 0 0 0 0 0 0 0 0 0 0 0 0 0 0 0 0 0 0 0 0 0 0 0 0 0 0 0 0.04693748469 
0 0 0 0 0 0 0 0 0 0 0.5643736677 0 0 0 0 0 0 0 0 0 0.09336111645 0 0 0 0 0 0 0 0 0 0 0 0 0 0 0 0 0 5.474375579 0 0 0 0 0.8201544213 0 0 0 0 0 0.3744628727 0 2.259217204 0 0 0 0 0 0 0 0 0 0 0 0 0 0 0 0 0 0 0 0 0 0 0 0 0 0 0 0 0 0 0 0 86.9498043 0 0 14.86981973 0 0 0 0 0 0 0 494.0197878 0 0 0 0 0 0 539.6156579 0 0 0 0 0 0 0 0 0 0 0 0 0 0 0 0 0 0 0 0 0 0 0 0 0 0 0 0 0 0 0 0 0 0 0 0 0 0 0 941.5207239 0 0 0 29.28356879 0 0 0 0 257.3977448 0 0 0 0 0 0 0 0 0 0 0 0 0 0 0 0 0.1917958792 0 0 0 0 0 0 0 0 0 0 0 0 0 0 0 0 0 0 0.236704782 5.223751403 0 0 0 0 0 0 0 0 0 6.602925571 0 0 0 0 0 0 0 0 0 0 0 0 0 0 0 0 0 0 0 0 0 0 0 0 0 0 0 0 0 0 0 0 0 0 0 0 0 0 0 0 0 0 0 0 0.6504833811 0 0 0.0699927337 0 0 0 0 0 0 0 0 0 
0 0 0 0 0 0 0 0.7570208398 0 0 0 0 0 0 0 0 0 0 0 0 0 0 0 0 0 0 0.001589428593 0 0 0 0 0 0 0 0 0 0 0 0 0 0 0 0 0 0 0 0 0 0 0 0 0 0 0 0 0 0 0 0 0 0 0 0 0 0 0 0 0 0 0 0 0 0 0 1.826518404 0 0 0 0 0 0 0 0 0 0 0 0 0 70.09935647 0 0 0 0 0 0 0 0 0 0 0 0 0 0 0 110.2223527 0 431.1866478 0 0 208.1011455 0 0 0 0 0 0 0 0 0 0 0 0 0 0 0 0 0 0 0 0 0 0 0 0 0 0 0 0 0 0 0 0 0 0 0 0 0 0 0 0 0 0 0 0 0 0 0 0 0 0 0 0 0 0 1.584340148 0 0 0 0 0 0 0 0 0 0 0 0 0 0 0 0 0 0 0 0 0 0 0 0 0 0 0 0 22.1092652 0 0 0.16900914 0 0 0 0 0 0 7.882385213 0 0 0 0 0 0 0 0 0 0 0 0 0 0 0 0 0 0 0 0 0.1513269839 0 0 0 0 0 0 0.4013282239 0 0 0 0 0 0 0 0 0 0 0 0 0 0 0 0 0 0 0 0 0 0 1.029993579 0 
0 0 1.069853278 0 0 0 0.002040271058 0 0 0 0 0 0.06081155845 0 0 0 0 0 0 0 0 0 0 0 0 0 4.317800225 0 0 0 0 0 0 0 0 0 0 0 0 0 0 0 0 0 0 0 0 0 0 0 0 0 0 0 0 0 0 0 0 0 11.00665372 5.635196186 0 0 5.105953371 0 0 3.427294545 0 0 0 0 0 7.764731394 202.534056 0 0 0 0 0 0 0 0 0 0 0 0 0 0 0 0 0 0 0 0 0 0 0 0 0 0 0 0 0 0 0 0 0 0 403.2609584 0 0 0 64.77988426 0 0 0 0 0 0 0 0 0 0 0 610.4848657 0 0 0 0 0 0 0 0 0 0 0 0 0 0 0 0 0 0 0 0 0 0 141.8918092 0 0 0 0 0 0 0 0 0 0 0 0 0 0 0 0 0 0 0 0 0 0 0 0 0 0 0 0 0 0 0 0 0 0 0 0 0 0 0 0 0 0 0 0 0 0 0.753787361 0 2.853943762 0 0 0 0 3.998508361 0 0 0 0 0 0 5.227203277 0 0 0 0 0 0 0 0 0 0 0 0 0 0 0 0 0 0 0 0 0 0.002453471044 0 0 0 0 0 0 0 0 0 0 0.4779642463 0 0 0 0 0 0 0 0 0 0 0 0 0 
0 0 0.9269759672 0 0 0 0 0 0 0 0 0 0 0 0 0 0 0 0 0 0 0.05692139417 0 0 0 0 0 0 0.9446829321 0 0 0 0 0 0 0 0 0 0 0 0 0 0 0 0 5.626364668 0 0 0 0 0 0 0 0 0 0 0 0 0 0 0 0 0 0 0 0 0 0 0 0 0 0 0 0 0 0 0 0 0 0 0 2.297577666 0 0 0 0 0 0 0 0 326.7756636 0 158.7416463 0 71.40593306 0 0 0 0 0 0 0 0 0 0 0.001991239784 0 0 45.92867617 0 0 0 0 0 0 0 0 0 0 0 0 0 0 218.5565851 0 0 0 0 487.3767202 0 0 0 385.8723522 0 0 0 0 0 0 0 0 0 0 0 0 0 0 0 0 0 0 0 0 0 0 0 0 0 0 0 215.4333575 0 0 0 0 0 0 0 0 0 0 0 0 0 0 0 0 0 0 0 0 3.920816844 0 22.3766617 0 0 0 3.41255301 0 0 0 0 0 0 0.2919763195 0 0 0 0 7.268501882 0 0.356633977 0 0 0 0 0 0 0 0 0 0 0 0 0 0 0 0 0 0 0 0 0 0 0 0 0 0 0 0 0 0 0 0 0 1.063597138 0 0.6976944306 0 0 0 0 0.08461173493 0 0 0 0 0 0 0 0 0 0 0 0 0 
0 0 0 0 0 0 0 0 0 0 0 0 0 0 0 0 0 0 0 0 0 0 0 0 0 0 0 0.9883704081 0 0 0 0 0 0 0 0 0 0 0 0 1.983015847 0 0 0 0 0 0 0 0 0 0 0 0 0 0 0 0 0 0 0 0 0 0 0 0 0 0 0 0 0 0 0 0 0 0 0 2.72821662 0 0 0 0 0 0 0 0 5.378659706 0 365.1034959 0 0 0 0 0 0 0 0 0 0 0 0 0 0 0 0 0 0 0 0 0 0 0 0 0 47.3095976 0 0 0 0 0 0 0 0 0 0 0 372.5228731 0 0 0 0 0 0 0 0 0 0 0 0 0 0 0 204.0445187 0 0 0 585.6647165 0 0 0 0 0 0 0 0 0 0 0 174.4773771 0 0 0 0 0 0 0 0 0 0 0 0 0 0 0 0 0 0 0 0 0 0 0 0 0 0 0 0.1754525638 9.666813229 0 0 0 0 0 0 0 0 0 0 0 0 0 0 0 0 0 0 0 0 0 0 0 0 0 0 0 0 0 0 0 0 0 0 0 0 0 0.01406874128 0 0 0 0 0 0 0 0 0.3894562733 0 0 0 0 0 0 0 0 0 0 0 0.7774086044 0 0 0 0 0 0 0 0.3614869224 0 0 
0 0 0 0 0 0 0 0 0 0 0 0.02944599215 0 0 0 0 0 0 0 0 0 0 0 0 0 0 0 0 0 0 0 0 0 0 0 0 0 0 0 0 0 0 2.433772729 0 0 0 0 0 0 0 0 0 4.190053553 0 0 0.5389156308 0 0 0 0 0 0 0 0 0 0 0 0 0 0 0 0 0 0 0 0 0 0 0 0 0 0 0 0 0 0 0 0 0 0 0 0 0 0 0 0 0 0 0 0 0 0 0 0 0 0 0 0 0 0 0 0 0 0 0 0 0 0 0 0 0 0 0 0 0 0 0 0 0 0 0 0 0 127.8300501 0 0 0 0 0 0 0 0 0 0 0 0 0 0 0 0 0 0 93.708733 0 0 0 459.5059677 0 0 0 0 0 0 0 0 0 0 0 0 0 0 0 0 0 77.22434519 0 0 0 0 0 0 0 0 0 0 0 0 0 0 0 0 0 0 0 0 0 0 0 0 0 0 0 0 0 0 0 0 0 7.165725565 0 0 0 0 0 0 0 0 0 0 0 0 0 0 0 0 0 0 0 1.760912305 0 0 0 0 0 0 0 0 0 0 0 0 0 0 0 0 0 0 0 0 0 0 0 0 0 0 0.03490816345 
0 0 0 0 0 0 0 0 0 0 0 0 0.0001717957317 0 0 0 0 0 0 0 0 0 0 0 0 0 0 0 0 0 0 0 0 0 0 0 0 0 0 0 0 0 0 0 0 0 0 0 0 0 0 0 0 0 0 0 0 0 0 0 0 0 0 0 0 5.376103672 0 0 0 0 0 0 0 0 7.805734781 0 0 0 0 0 0 0 0 0 0 0 0 0 0 0 0 0 0 0 0 0 0 0 0 0 0 0 0 0 0 0 0 0 0 0 533.5977531 0 0 167.8123939 204.0185048 0 260.8422133 517.0911527 0 0 0 0 0 0 0 0 0 0 0 0 0 0 0 0 0 0 0 0 0 0 0 0 0 0 0 0 0 0 487.7496842 229.5179556 0 0 0 0 0 0 0 0 0 0 422.4996443 0 0 0 0 0 0 0 0 0 0 0 0 0 0 0 0 6.738765213 0 0 0 0 0 0.00439309827 0 0 0 0 0 0 0 0 0 0 0 0 0 0 0 0 0 0 0 0 0 0 0 0 0 0 0 0 0 0.4660107108 0 0 0 0 0 0 0 0 0 0.05993091496 0 0 0 0 0 0 0 0 0 0 0 0 0 0 0 0 0 0 0 0 0 0 0 0 0 0 0 0 0 0 0 0 
0.1534759403 0 0 0 0 0 0 0 0 0 0 0 0 0.0375626698 0 0 0 0 0 0 0 0 0 0 0 0 0 0 0.1556952512 0 0 0 0 0 0 0 0 0 0 0 0.03247073276 0 0 0 0 0 0 0 0 1.456630402 0 0 0 0 0 0 0 6.882266935 0 0 0 0 0 0 0 0 0 0 0 0 0 0 0 0 0 0 0 0 0 0 0 0 0 0 0 0 0 0 0 0 0 0 0 0 0 0 0 0 0 0 0 0 0 0 0 0 0 0 0 0 0 0 0 54.85225907 0 0 0 0 0 0 0 0 0 0 0 0 0 0 0 0 0 0 0 0 0 0 0 0 0 0 0 0 0 0 0 0 0 0 0 0 0 0 0 165.1662051 0 0 0 0 0 0 0 0 0 0 0 0 0 0 0 0 24.24113975 0 0 0 0 0 0 0 0 0 0 0 0 0 0 0 0 0 0 3.748155015 0 0 0 0 0 0 0 0 0 0 0 0 0 0 0 0 1.054514868 0 0 1.427681928 0 0 0 0 0 0 0 0 0 0 0 0 0 0 0 0 0 0 0 0 0 0 0 0 0 0 0 0 0 0 0 0 0 0 0 0 0 0 0 0 0 0 0 0 0 0 
0 0 0 0 0 0 0 0 0 0 0 0 0 0 0 0 0 0 0 0 0 0 0 0 0 0 0 0 0 0.1418178949 0 0 0.5752802448 0 0 0 0 0 0 0 0 0 0 0 0.3916696669 0 0 0 0 0 0 0 0 0 0 0 0 0 0 0.8817738336 0 0 0 0 0 0 0 0 0 0 0 0 0 0 0 0 0 0 0 0 0 0 0 0 0 0 0 0 0 0 0 0 0 0 0 0 0 0 30.7752209 0 0 0 0 0 0 0 0 0 0 0 0 0 0 0 0 0 0 0 0 0 0 268.82421 0 0 0 0 0 0 0 0 0 0 0 0 0 0 0 0 0 0 0 0 0 0 0 0 0 0 0 0 0 0 0 0 0 0 0 0 0 0 0 0 0 0 0 0 0 0 0 0 0 0 0 0 0 0 0 0 0 0 0 0 0 0 0 0 0 0 0 0 0 0 17.79421678 0 0 0 0 0 0 0 0 0 0.9433800321 0 0 0 0 0 0 0 0 0 0 0 0 0 0 0 0 0 0 0 0 0 0 0 0 0.03107545713 0 0 0 0 0 0 0 0 0 0 0 0 0 0 0 0 0 0 0 0 0 3.681213804 0 0 0 0 0 0.4390113782 
0 0 0 0 0 0 0 0 0 0 0 0 0 0 0 0 0 0 0.002207029105 0 0 0 0 0 0 0 0 0 0 0 0 0 0 0 0 0 0 0 0 0 0 0 0 0 0 7.687645123 0 0 0 0 0 0 0 0 0 0 0 0 0 0 0 0 0 0 0 44.1819128 0 0 0 0 0 0 1.618519561 0 0 0 0 0 0 0 0 0 0 100.3804911 0 0 0 0 0 0 0 0 0 0 0 0 0 0 0 0 0 0 0 0 0 0 0 0 0 0 0 0 0 0 0 0 0 0 0 0 0 0 0 0 0 0 0 0 0 0 0 0 0 0 0 0 0 0 0 0 27.60342711 0 0 0 0 0 0 0 0 106.4167354 0 0 0 0 0 0 0 0 0 0 0 0 0 0 0 0 0 0 0 0 25.63100636 0 0 0 0 0 0 4.422217429 0 0 0 0 0 0 0 0 0 0 0 0 4.71913448 0 0 0 0.4555697509 1.599057198 2.160272581 0 0 0 0 0 0 0 0 0 0 0 0 0 0 0 0 0 0 0 0 0 0 0 0 0 0 0 0 0 0 0 0 0 0 0 0 0 0 0 0 0 0 0 0 0 0 0 0 0 0.1183079646 0 0 0 0.425237391 0 0 0 0 0 
0 0 0 0 0 0 0 0 0 0 0 0 0 0 0 0 0 0 0 0 0 0 0 0 0 0 0 0 0 0 0 0 0 0 0 0 0 0 0 0 0 0 1.444278322 0 0 0 0 0 0 0 0 0 3.651726434 0 0 0 0 0 2.935489872 0 0 0 0 0.4794359419 0 0 0 0 0 0 0 0 0 0 0 0 0 0 0 0 0 0 0 0 0 0 0 0 0 0 0 0 0 0 0 0 0 0 0 0 0 0 0 0 0 0 0 0 0 0 0 0 0 0 0 0 0 0 0 0 0 0 0 0 0 0 0 64.49807419 0 0 0 0 0 0 0 0 0 0 0 0 0 0 0 0 407.1914209 0 0 0 0 0 0 0 0 0 0 0 0 0 0 0 0 0 0 0 0 0 0 0 0 0 0 0 0 0 0 0 0 0 3.145275203 0 0 0 4.918471068 8.39594932 0 0 0 0 0 0 0 0 0 0 0 0 0.6589791784 0 0 0 0 0 0 0 0 0 0 0 0 0 0 0 0 0 0 0 7.149063231 0 0 0 0 0 0 0 0 0 0 0 0 0 0.0002279967603 0 0 0 0 0 0 0 0 0 0 0 0 0 0 0 0 0 0 0 0 0 0 0 0 0 
0 0 0 0 0 0 0 0 0 0 0 0 0 0 0 0 0 0 0 0 0 0 0 0 0 0 0 0 0 0 0 0 0 0 0 0 0 0 0 0 0 0 0 0 0 0.08159194004 0 0.5006912051 0 0 0.08064101882 0 0 0 0 0 0 0 0 0 0 0 0 0.9072193549 0 0 0 0 0.3114530816 0.411789983 0 0 0 0 0 0 0 0 0 0 0 0 0 0 0 0 0 0 0 0 0 0 0 0 71.36770137 0 0 0 0 0 0 0 0 0 0 0 0 0 0 0 0 427.3435122 0 0 0 0 0 0 0 0 0 0 0 0 0 0 0 0 0 0 0 0 0 0 0 0 0 0 0 0 0 0 0 0 0 0 0 0 0 0 0 0 0 0 0 0 5.76207366 0 3.882392955 0 0 0 0 0 0 0 0 0 0 0 0 0 0 166.3365062 0 0 0 0 0 0 0 0 0 0 0 0 0 0 0 7.824931886 0 0 0 0 0 0 0 0 0 0 0 0.2325359285 0 0 0 0 0 0 0 0 0 0 0 0 0 0 0 0 0 0 0 0 0 0 0 0 0 0 0 0 0.4986733346 0 0.271527333 0 0 0 0 0 0 0.03235050013 0 0 0 0 0 0 0 1.445206371 0 0 0.1591708289 0.1359377418 0 0 0 0 
0 0 0 0 0 0 0 0 0 0 0 0 0 0 0 0 0 0 0 0.1664720452 0 0 0.7252550084 0 0 0 0 0 0 0 0 0 0 0 0 0 0 0 0 0 0 0 0 0 0 0 0 0 0 0 0 0 0 0 0 1.143385713 1.114822849 0 0 0.04412108917 0 0 0 0 0 0 0 0 0 0 0 0 7.491683716 0 5.80354701 0 0 0 0 0 0.09524141081 0 0 0 0 0 0 0 0 0 0 0 0 0 0.7486964738 0 0 0 0 0 0 0 0 0 0 0 0 0.8890491504 0 102.4085887 103.6827991 0 0 0 0 0 0 0 0 0 0 0 68.89657917 0 0 0 0 53.59805991 0 0 0 0 0 0 0 0 0 0 0 0 0 0 0 0 0 0 0 0 0 0 0 0 0 0 0 0 0 0 0 0 0 0 0 0 0 0 0 0 0 0 4.905560569 0 0 0 0 0 0 0 0 0 0 0 0 0 0 16.33710875 0 0 0 0 0 0 0 0 0 0 0 0 0 0 0 0 0 0 0 0 0 0 0 0 1.628265302 0 0 2.695892105 0 0 0 0 0 0 0 0 1.909400809 0 0 0 0 0 0 0 0 0 0 0 0 0 0 0 0 0 0 0 1.504616473 0 0 0 0 0 0 0 0 0 0 0 0 0 
8.688215646 0 0 0 0.03615500342 0 0 0.233795104 0 0 0 0 0 0 0 0 0 0 0 0 0 0 0 0 3.478646283 0 0 3.190023902 0.0423211377 0 0 0 0 0 0 0 0 0 0 0 0 0 0 0 0 0 0 0 0 0 2.13462183 0 0 0 0 0 0 0 2.868046501 0 1.446328675 0 0 0 0 0 0 0 0 2.639663291 0 0 0 0 5.459355315 0 0 0 0 0 0 6.843476647 0 0 0.7316331343 0 0 0 0 0 0 0 0 0 0 0 7.479054247 0 0 0 0 0 0 0 0 0 0 0 0 0 0 0 0 0 0 0 0 0 0 0 0 0 0 0 0 8.288164045 0 0 217.9317536 0 58.27331702 0 0 0 0 0.794171633 0 0 0 0 0 0 160.6853187 0 0 0 0 0 0 0 174.0702533 112.4631331 0 0 0 76.95337782 0 0 0 0 0 0 0 0 0 0 0 0 0 0 0.01426595187 0 0 0 0 0 0 0 3.944598499 0 0 0 0 0 3.801956616 0 0.6001770663 0 0 0 0 0 0 8.816908659 0 0 0 0 0 0 0 0 0 0 0 0 0 0 0 0 0 0 0 0 0 0 0 0 0 0 0 0 0 0 0 0 0 0.1194462469 0.1511328986 0 0.05534739288 0 0 0.2920750591 0 0 0 0 0 0 0 0 0 0 0 0 0 0 0 0 0 0 0 0 0 0 
0 0 0.7454231233 0 0 0 0 0 0 0 3.743342212 0 0 0 0 0 0 0 0 0 0 0 0 0 0 0 0 0 0 0 0 0 0 0 0 0 0 0 0 0 0 0 0 0 0 0 0 0 0 0 0 0 0 0 0 0 0 0 0 0 0 0 0 0 0 0 0 0 0 0 0 0 0 0 0 0 0 16.87790038 0 0 0 9.696253745 0 0 0 0 0 0 0 0 52.56378631 0 117.3787324 0 0 0 0 0 0 0 0 4.246101603 0 0 0 0 0 0 0 0 0 0 0 0 0 0 0 0 54.65116086 0 0 0 0 0 0 0 0 0 0 4.93739024 0 0 202.0099003 0 0 0 0 0 0 191.3618362 0 0 0 0 0 0 0 0 0 0 0 0 0 0 0 0 0 0 0 0 0 0 0 0 8.001445473 0 0 0 0 0 0 0 6.154740435 9.384863958 0 0 0 0 0 0 0 0 0 0 0 0 0 0 0 0 0 0 0 0 0 0 0 0 0 0 0 0 0 0 0 0 0 0 0 0 0 0 0 0 0 0 0 0 0 0 0 0 0 0 0 0 0 0 0 0 0 0 0 0 0 0 0 0 0 0 0 0 0 0 0 0 0 0 0 0 0 0 0 0 0 0 
0.2758286136 0 0 0 0 0 0 0 0 0 0 0 0 0 0 0 0 0 0 0 0 0 0 0 0 0 0 0 0 0 0 0 0 0 0 0 0 0 0 4.99543752 0.001629836926 0 0 0 0 0 0 0 0 0 0 0 0 0 5.215421768 0 2.730088415 0 0 0 0 0 0 0 0 1.089332173 0 43.71808699 0 0 0 0 0 0 0 0 0 0 0 0 0 0 0 3.420510502 4.768681238 0 0 0 0 0 0 0 0 0 0 0 0 0 0 0 0 0 0 90.22399126 0 0 0 0 0 0 0 0 0 0 0 1.664176509 0 0 0 0 0 0 0 78.81652996 0 0 0 4.410993507 0 0 0 0 0 0 0 0 0 0 0 0 0 0 0 0 0 0 0 0 0 0 0 4.023809551 0 0 0 0 0 1.532257156 0 0 28.23967987 308.6091868 8.158769848 0 0 0 0 0 0 0 0 0 0 65.86319954 0 0 0 0 0 1.553681019 0 0 0 0 0 0 0 0 0 0 0 0 0 0 0 0 0 0 0 0 0 2.43324494 0 0 0 0 0 0 0 0 0 0 0 0 0 0 0 0 0 0 0 0 0 0 0 0 0 0 0 0 0 0 0.5573041141 0 0 0 0 0 0 0 0 0 0 0 0 0 0 0 0 0 0 0 0 0 0 0 
7.243166465 0 0.02187032209 0 0 0 0 0 0 0 0 0 0 0 0 0 0 0.2137258166 0.1757941326 0 0 0 0 0 0 0 0 0 0 0 0 0 0 0 0 0 0 0 0 0 0.2833036996 0 0 9.157725152 0 0 0 0 0 5.032482728 0 0 0 0 0 0 0 9.739913413 0 0.699447795 0 0 0 0 0 0 0 0 0 0 0 0 0 0 0 0 0 0 0 0 0 0 0 177.7634238 0 0 2.307617955 0 0 0 0 0 0 0 0.4355664562 2.038821238 0 0 0 0 0 0 0 0 0 0 0 0 0 0 0 0 0 0 0 0 0 0 0 0 0 0 0 0 0 0 0 0 0 0 283.1042972 0 0 0 0 0 0 0 0 0 0 0 0 0 0 0 0 0 0 0 0 0 0 0 0 0 0 0 0 0 5.186748342 0 0 0 0 0 0 0 0 0 0 0 0 0 4.067327742 0 0 0 0 0 0 0 0 0 0 0 0 0 0 0 0 0 0 0 0 0 0 0 0 0 0 0 0 0 0 0 0 0.9544567708 0 0 0 9.789410993 0.9510457469 0 0 0 0 0 1.060618008 0 0 0 0 0 0 0 0 0 0 0 0 0 5.672742466 0 0 0 0 0 0 0 0 0 0 0 0 0 0 0 0 0 0 0 0 0 0 0 
0 0 0 0 0 0 0 0 0 0 0 0 0 0 0 0 0 0 0 0 0 0 0 0 0 0 0 0 0 0 0 0 0 0 0 0 0 2.228116497 0 0 0 0 0 0 0 0 0 0 0 0 0 4.345576868 0 0 0 0 0.003349808772 0 0 0 0 0 0 0 0 0 0 0 0 0 0 0 0 0 0 0 0 0 0 0 0 0 8.916389361 0 0 0 0 0 0 0 0 0 0 0 0 0 0 0 0 0 0 0 0 0 0 0 0 0 0 0 0 0 0 75.3394765 0 0 0 0 0 0 0 0 154.4006846 0 0 0 0 0.9038391333 0 0 0 0 0 0 0 3.214085637 0 0 0 0 0 0 99.61400576 0 0 0 0 0 0 0 0 0 0 0 0 0 0 0 0 0 0 0 0 0 0.5489851527 0 0 0 0 0 0 0 4.30812157 0 2.039401177 0 0 0 0 0 0 0 0 0 0 0 0 0 2.1741847 0 0 0 0 0 0 0 0 0 0 0 0 0 0 0 0 0 0 0 0 0 0 0 0 0 0 0 0 0 0 0 0 0 0 0 0 0 0 0 0 0 0 0 0 0 0 0 0 0 0 0 0 1.717489422 0 0 0 0 0 0 0 0 0 0 0 0 0 0 
0 0 0 0.01265429837 0 0 0 0 0 0 0 0 0 0 0 0 0 0 0.2497275695 0 0 0 0 0 0 0 0 0 0 0 0 0 0 0 0 0 0 0 0 0 0 0 0 0 0 0 0 0 1.435126634 0 0 0 0 5.624763365 0 0 0 0 0 0 0 0 0 0 0 0 0 0 0 0 0 0 0 0 0 0 0 8.269438571 0 0 0 0 0 0 0 0 0 0 0 0 0 0 0 0 0 0 0 0 0 0 0 0 0 0 0 0 0 0 0 0 0 0 0 0 0 0 0 0 0 0 0 0 0 0 0 0 0 0 0 0 0 0 0 0 0 0 0 0 0 0 0 0 0 0 0 0 0 0 0 0 0 0 0 0 0 0 0 0 0 0 0 0 0 3.909098666 0 0 0 0 0 0 0 0 0 0 0 2.245114214 0 0 0 0 0 0 0 0 0 0 0 0 0 0 0 0 0 0 0 0 0.1819908268 0 0 0 0 6.760161501 0 0 0 0 0 0 0 0 0 0 0 0 0 0 0 0 0 0 0 0 0 0 0 0 0.03664271845 0 0 0 0 0 0 0 0 0 0 0 0 0.7110457298 0 0 0 0 0 0 0 0 0.111832451 0 0 0 0 0 0 0 
0 0 0 0 0.5406203465 0 0 0 0 0 0.8722326769 0 0 0 0 0.2203648752 0 0 0 0 0 0 0 0 0 0 0 0 0 0 0 0 0 0 0 0 0 0 0 0 0 0 0 0 0 0 0 0 0 0 0 0 0 0 0 0 0 0 0 0 0 0 0 0 0 0 0 0 0 0 0 0 0 0 0 0 0 0 0 0 0 0 0 0 0 0 0 0 0 0 0 0.6099192784 0 0 33.37674894 0 0 0 0 0 0 0 0 0 0 0 0 0 0 0 0 0 0 0 0 0 0 0 0 0 0 0 0 0 0 0 0 0 0 0 0 0 0 0 0 0 0 0 0 0 0 0 0 0 0 0 0 0 0 0 0 0 0 0 0 0 0 0 0 6.304493524 0 0 0 0 0 0 0 0 0 0 0 0 0 0 0 0 5.467710117 0 0 0 0 0 0 0 0 0 0 0 0 0 0 0 0 0 0 0 0 0 0 0 0.09157055441 0 0 0 0 0 0 0 0 0 0 4.460615405 6.923169598 0 0 0 0 0 0 0 0 0 0 0 0 0 0 0 0 0 0 0 0 0 0 0 0 0 0 0 0 0 0 0 0 0.1125164504 0 0 0 0.05874704803 0 0 0 0 0 0 
0 0 0 0 0 0 0 0.8134992508 0 0 0 0 0 0 0 0 0 0 0 0 0 0 0.05246397427 0 0 0 5.694984967 0 0 0 0 0 0 0 0 0 0 0 0 0 0 0 0 0 0 0 0 0 0 0 0 0 0 0.3754540841 0 4.651145625 0 0 0 0 0 0 0 0 0 3.869613698 0 0 0 0 0 0 0 0 0 0 0 0 0 0 0 0 0 0 0 6.936916846 0 0 4.321996735 0 0 0 0 0 0 0 0 0 0 0 0 0 16.64451189 0 0 0 0 0 0 0 47.82112675 0 0 0 0 0 0 0 0 0 0 0 0 0 0 0 0 0 0 0 0 0 0 0 0 0 0 0 0 0 0 0 0 48.07335706 0 0 0 0 0 0 0 0 0 0.9181838394 0 0 0 0 6.170585282 0 0 5.988824575 0 0 0 0 0 0.8775445011 0 0 0 0 0 0 0 0 0 0 0 0 0 0 0 0 0 0 0 0 0 3.366626793 0 0 0 5.018809223 0 0 0 0 0 0 0 0 0 0 0 0 0 0 0 0 0 0 0 0 0 1.316545486 0 0 0 0 0 0 0 0 0 0 0 0 0 0 0 0.003715928759 0 0 0 0 0.05592422093 0.2655253061 0 0 0 0 0 0 0 0 0 0 0 0.1544604811 0 0 0 0 0 0 
0 0 0 0 0 0 0.346048101 0 0 0.3271929797 0 0 0 0 0 0 0 0 0 0 0 0 0 0 0 0 2.920380964 0 0 0.119762166 0 0 0 8.70562889 0 0 0 0 0 0 0 0 7.212891376 0 0 0 0 0 0 0 0 0 0 8.834089312 0.09063333172 0 0 0 0 0 0 0 0 0 0 0 0 0 0 0 0 0 0 0 15.31510692 0 0 0 0 0 0 0 0 0 0 0 0 0 0 0 0 0 0 0 0 0 0 0 0 0 0 0 0 0 0 0 0 0 0 0 0 0 0 0 0 0 0 0 0 0 0 0 0 0 0 0 0 0 0 0 0 0 0 0 0 4.996791083 0 0 0 0 0 0 114.9199985 0 4.402723331 0 0 0 0 0 0 0 0 2.654975874 0 0 297.0510548 0 92.07329697 0 0 2.554784302 0 0 0 0 0 0 0 0 0 0 0 0 0 0 0 0 0 0 1.56811435 0 0 0 0 0 0 0 0 0 0 0 0 0 3.104406264 0 0 0 0 0 0 0 0 0 0 0 0 0 0 0 0.4242473727 0 0 0 0 0.008503771133 0 0 6.280619103 0 0 0 0.4632603209 0 0 0 0 0 0 0 0 0.06656040897 0 0 0 0 0 0 0 0 0 0 0 0 0.9405612451 0 0 0 0 0 0 0 0.09555461755 0 0 0 
0 0 0 1.636062813 0 0 0 0 0 0 0 0 0 0 0 0 0 0 0 0 0 0 0 0 0 0 0 0 0 0 0 0 0 0 0 0 0 0 0 0 0 0 0 0 0 0 0 0 0 0 0 0 0 0 0 0 0 0 0 0 0 0.008166315994 0 0 0 0 0 0 0 0 0 0 0 0 0 0 0 0 0 0 0 0 0 0 0 0 0 0 0 0 0 0 0 0 0 0 0 0 0 0 0 0 0 0 0 0 0 0 0 4.839859604 0 0 0 0 0 0 0 0 0 0 0 0 0 0 0 0 0 0 0 0 0 0 0 0 0 0 0 0 0 0 0 0 0 0 0 0 0 0 0 0 0 0 0 0 0 61.93586925 0 0 0 0 0 0 0 0 0 0 0 0 0 0 0 0 0 0 0 0 0 0 0 0 0 0 0 0 2.497236467 0.4509461123 0 0 0 0.102769737 0 0 0 4.43972713 0 0 0 0 0 0 0.02995563675 0.4227139077 0 0 0 0 0 0 0 0 0 0 0.1065150217 4.037381096 0 0 0 0 0 0 8.165204419 0 0 0 0 0 0 0 0 0 0 0 0 0 0 0 0 0 0 0.4549707785 0 0 0 0 0 0 0 0 0 0 0 0 0 0 0 0 
0 0 0 0 0 1.267177227 0 0.2901464642 0 0 0 0 0 0 0 0 0 0 0 0 0 0 0 1.531744693 0 0 0 0 0 0 0 0 0 0 0 0 0 0 0 0 0 0 0 0.02922754634 0 0 0 0 0 0 0 0 0 0 0 0 0 0 0 0 0 0 0 0 0 0 0 0 0 0 0 0 0 0 0 0 0 0 0 0 0 0 0 0 0 0 0 0 9.561083337 0 0 0 0 0 0 0 0 0 0 0 0 0 1.674456939 0 0 0 14.77875722 0 0 0 0 0 0 0 0 0 0 0 0 0 0 0 0 0 0 0 0 0 0 0 0 0 0 0 0 0 0 0.7085187307 0 0 0 0.1333597899 0 0 0 0 0 0 0 0 0 5.096883912 0 0 0 7.217958489 0 0 0 0 0 0 0 0 0 0 0 0 3.182828689 0 0 49.37012453 0 0 0 0 0 0 0 0 0 0 0 0 0 0 0 0 0 0 0 0 0 0 0 0 0 0 0 1.519314487 0 0 0 0 0 0 0 0 0 0 0 0 0 0 0 0 0 0.3463282092 0 0 0.3167355288 0 0 0 0 0 0 0 0.9218453232 0 0 0 0 0 0 0.2833847668 0 0 0 0 0 0 0 0 0 0 0 0 0.4469409643 0 0 0 0 0 0 0 
0 0 0 0 0 0 0 0 0 0 0 0 1.090567679 0 0 0.149597661 0 0 0 0 0 0 0 0 0 0 0 0 0 0 0 0 0 0 0 0 1.041583673 0 0 0 0 0 0 0 0 0 0 0 0 0 0 0 1.045585638 0 0 0 0 0 0 0 0 0 0 0 0 0 0 0 0 0 0 0 0 0 0 0 0 0 0 0 0 0 2.545147842 0 0 0 0 0 0 0 0 0 0 0 0 0 0 0 0 22.76688632 0 0 0 0 0 0 0 0 0 161.0534528 0 0 0 0 0 0 0 0 0 0 0 0 30.39317516 0 0 0 0 0 0 0 0 0 86.3418405 5.114629669 0.6369951318 0 0 0 0 0 0 0 0 0.6057763151 0 0 0 0 0 0 0 4.698479541 13.58261919 0 0 0 0 0 0 0 0 0 0 0 0 0 0 0 0 0 0 0 0 0 0 0 0 0 0 0 0 0 0 0 0 0 0 0 0 0 7.006490359 0 10.20602248 0 0 0 0 0 0 0 0 0 0 0 0 0 0 0 6.340043513 0 0 0 0 0 0 0 0 0 0 0 0 0 0 0 0 0 0 1.460429772 0 0 0 0 0 0 0 0 0 0 0 0 0.005672430706 0 0 0.000631749569 0 0.03775036338 0 0 0 0 0 0 0 0 0 0 
0 0 0 0 0 0 0 0 0 0 0.02848160874 0.08797891496 0 0 0 0 0 0 0 0 0 0 0 0 0 0 0 0 0 0 0 0 0 0 0 6.009368015 0 0 0.2805786027 0 0 0 0 0 0 0 0 0 0 0 0 0 0 0 0 1.281814004 0 0 0 0 0 0 0 0 0 0 0 0 0 0 0 0 0 0 0 0 0 0 0 0 4.201177906 0 0 0 5.082096776 0 0 0 0 0.5863802795 0 0 0 0 0 0 0 0 0 0 0 0 0 0 0 0 2.643077343 0 0 0 0 0 0 0 0 0 0 0 0 0 0 0 0 0 0 0 0 0 0 0 0 0 0 0 0 0 0 0 0 0 0 0 0 0 0 0 0 0 0 0 0 0 0 0 0 0 0 0 0 0 0 0 0 0 0 0 0 0 0 0 0 0 0 0 0 0 0 0 0 0 0 13.49388836 0 0 0 5.970919351 0 0 0 0 0 0 0 0 0.04085272463 0 0 0 0 0 0.005967365796 0 0 0 0 8.565399679 0 0 0 0 2.66801355 0 0 0 0 0 0 0 0 0 0 0 0 0 0 0 0 0 0 0 0 0 0 0 0 0 0.08555638521 0 0 0 0 0 0 0 0 0 0 0 0 0 0 0.2299499061 0 0 0 0 
0.2023232321 0 0 0 0.06716906697 0 0 0 0 1.455802636 0 0.5046918602 0 0 0 0 0 0 0 0 0 0 0 0 0 0 0.1367183449 0 0 0 0 0 0 0.4489199438 0 0 0 0 0 4.906049279 0 0 0 0 0 0 0 0 0 0.07132673333 0 0 0 0 0 1.177579112 0 0 0 0 0 0 0 0 0 0 0 0 0 0 0.5445153398 0 0 0 0 0 0 0 0 0 0 0 0 0 0.2812417013 0 1.327014889 0 0 0 0 0 0 0 0 0 0 0 0 8.665912069 0 6.708657628 0 0 0 0 0 0 0 0 0 0 0 0 0 0 0 0 0 0 0 0 0 0 0 0 0 0 64.30341927 0 0 0 0 0 0 0 0 0 0 4.25314589 0 0 0 0 0 0 0 0 0 0 0 0 0 0 0 0 0 0 0 0 0 0 0 0 0 0 0 0 0 0 0 0 0 0 0 0 0 0 0 0 0 0 0 0 0 0 0 0 0 0 0 0 0 0 0 0 0 0 0 0 0.4294150657 0 0 0 0.861563669 0 0 0 0 0 0 0 0 0 0 0 0 0 0 0 0 0 0 0 0 0 0 0 0 0 0.1609502988 0 0 0 0 0.1197396959 0 0 0 0 0 0 0 0 0 0 0 0 0 0 0 0 0 0 0 0 
0 0 0 0 0 0 0 0 0.484210542 0 0.09484688339 0 0 0 0 0 0 0 0 1.579523607 0 0 0.9253720057 0 0 0 0 0 0 0 0.1114244628 0 0 0 3.102474544e-05 0 0 0 0 0 0 0 0 0 0 0 0 0 0 0 0 0 0 0 0 0 0 0 0 0 0 0 0 0 0 0 0 0 0 0 0 0.4765884141 0 0 0 0 0 0 0 0 0 0 0 0 0 0 0 0 0.8804032544 0 0 0 0 0 0 0 0 0 0 0 0 0 0 0 0 0 0 0 0 0 6.733523783 0 0 0 0 0 0 0 0 0 0 0 0 0 0 0 0 0 0 0 0 0 0 0 10.78228931 0 0 0 0 0 0 0 0 0 0 0 0 0.03541627971 0 0.09892531464 0 0 0 0 0 0 0 0 0 0 0 0 0 0 0 0 0 0 0 0 0 0 0 0 0 0 0 0 0 0 0 0 0 0 0 0 0.5612461088 0 0 0 0 0 0.0002019726897 0 0 0 0 0 0 0 0 0 0 0 0 0 0 0 0 0 0 0 0 0 0 0 0 0 0 0 0 0 0 0 0 0 0 0 0 0 0 0 0 0 0 0 0 0 0 0 0 0 0 0 0 0 0.4055663186 0 0 0 0 0 0 0 0 0 
0 0 0 0 0 0 2.02548532 0 0 0 0 0 0 0 0 0 0 0 0 0.7560201784 0 0 0 0 0 0 0.3127405038 0 0 0 0 0 0 0 0 0.2870654794 0 0 0 0 8.930865601 0 0 0 0 0 1.352192402 0 0 0 0 0 0 0 0 0 0 0 0 0 0 0 0 1.548958708 0 0 0 0 0 0 0 0 0 0 0 0 0 0 0 0 0 0 3.555856035 0 0 0 0 0 7.415431222 0 0 0 0 3.541797717 6.452628903 0 0 0 8.22796308 0 0 0 0 0 0 0 0 1.610685687 0 0 0 0 0 0 0 0 0 0 0 0 0 0 0 0 0 0 0 0 0 0 0 0 33.06016548 0 0 0 0 0 0 8.694208387 0 0 0 0 0 0 0 0 0 0 4.354126382 0 0 0 0 0 0 0 0 0 0 0 0 0 0 0 0 0 0 0 0 0 0 0 0 0 0 0 0 0 0 0 0 0 0 0 0 0 0 0 0 0 0 0 0 0 0 0 0 0 0 0 0 0 0 0 0 0 0 0 0 0 0 0 0 0 0 0 0 0 6.887868445 0 0 0 0 0 0 1.339008467 0 0 0 8.137834552 0 0 0 0 0 0 0.4732749807 0 0 0 0 0.09073866679 0 0 0 0 0 0 0 0 0 0 0 0.1679033453 
0 0 0 0 0 0 0 0.485015998 0 0 0 0 0 0 0 0 0 0 0 0 0 0 0 0 0 0 0 0 0 0 0 0 0 0 0 0 0 0 0 0 0 0 0 0 0 0 0 0 0 0 0 0 0 0 1.073126287 0 0 0.09295816278 0 0 10.16923733 0 0 0 0 1.429824459 0 0 0 0 0 0 0 2.024248568 0 0 0 0 0 0 1.117815573 0 0 0 0 0 0 0 0 0 0 0 0 0.8195379695 0 0 0 0 0 0 0 0 0 0 0 0 2.918821779 0 0 0 0 41.39897158 0 0 0 0 0 0 0 0 0 0 0 0 3.718501762 0 0 0 0 0 0 4.75781791 0 0 0 0 0 0 0 10.05329039 0 5.980829964 0 0 0 0 0 0 0 0 0 0 0 0 0 0 4.258984821 0.04329152914 0 0 0 0 0 0 0 0 0 0 0 0 12.85691772 0 0 0 0 0 0 0 6.382502067 0 0 0 0 0.06055172553 0 0 0 0 0 0 0 0 0 0 0 0 0 0 0 0 0 0 0 0 0 0 0 0 0 0 0 0 0 0 0 0 0 0 0 0 0 0 0 0 0 0 0 0 0 0.2935178277 0 0 0 0 0 0 0 0 0.3566550572 0.9425851921 0 0 0 0 0 0 0 0 0 0 0 0 0 0 0 0.1560685106 
0 0 0 0 0 0 0 0 0 0 0 0 0 0 0 0 0 0 0 0 0 0 0 0 0 1.020571989 0 0 0 0 0 0 0 0 0 0 0 0 0 0 0 0 0 0 0 0 0 0 0 0 0 0 0 0 0 0 0 0 0 0 0 0 0 0 1.018755463 0 0 0 0 0 0 0 0 0 0 0 0 0 0 0 0 0 0 0 0 0 0 0 0 0 0.8747581672 6.674623573 0 0 0 0 8.720914784 0 0 0 0 0 0 0 0 0 0 0 0 0 0 0 0 0 0 0 0 0 0 0 0 0 0 0 0 0 0 0 0 0 0 0 0 0 0 0 0 0 0 43.7524258 0 0 0 0 0 0 0 0 0 0 0 0 0 6.342136541 0 0 0 0 0 0 0 0 0 0 0 0 8.291669853 0 0 0 0 0 0 0 0 0 4.253335983 0 0 0 0 0 0 0 0 0 0 0 0 0 0 0 0 0 0 0 0 0 0 0 0 0 0 0 0 0 0 0 0 0 0 0 0 0 0 0 0 0 0 0 0 0 0 0 0 0 0 0.1490260309 0 0 0 0 0 0 0 0 0 0 0 0 0.09378164758 0 0 0 0 0 0 0 0.1173189117 0 0.0754385002 0 0 0 0 0 
0 0 0 0 0 0 0 2.569744081 0 0 0 0 0 0 0 0 0 0 0 0 0 0 0 0 0 0 0 0.08076735585 0 0 0 0 0 0 0 0 0 0 0 0 0 0 0 0 0 0 0 0 0 0 0 0 0 0 0 0 0 0 18.9929517 0 0 0 0 0 0 0 0 0 0 0 0 0 0 0 0 0 0.4481606323 0 0 0 0 0 0 0 0 0 0 0 0 0 0 0 0 0 0 0 0 6.30473445 0 0 0 0 0 0 73.8171103 0 0 0 0 0 0 0 0 0 0 0 0 0 0 0 0 0 0 0 0 0 0 107.0700676 0 0 0 0 0 0 0 0 0 0 0 0 0 0 0 0 0 0 0 0 0 0 0 0 0 0 0 0 0 0 0 0 0 0 0 0 0.2450648747 0 0 0 0 0 0 0 0 0 0 4.083533605 0 0 0 0 0 0 0.8909461656 0 0 0 0 0 0.9708832122 0.9868280742 0 0 0 7.953895013 0 0 0 0 0 0 0 0 0 0 0.1864093972 0 0 6.697816652 0 0 0 0 0 0 0 0 0 0 0.07578340334 0.1053006756 0 0 0 0 0 0 0 0 0 0.2719717582 0 1.418985016 0 0.08112970661 0 0 0 0 0 0 0 0 0.2471463643 0 0 0 0 0 0 0 0 0 0 0 0 0 
0 0 0 0 0 0 0 0 0 0 0.1316965151 0 0 0 0 0 0 0 0 0 0 0 0 0 0 0 0 0 0 0 0 0 0 0 0 0 0 0 0 0 0 0.1581608368 0 0 0 1.357683881 0 0 0 0 0 0 0 0 0 0.7176459587 0 0 0 0 0 0 0 0 0 0 0 0 0 0 0 0 0 0 0 0 0 0 0 0 0 0 0 0 0 0 0 0 0 0 0 0 0 0 0 0 0 0 0 0 0 0 0 0 0 0 0 0 0 0 0 0 0 0 0 0 0 0 0 0 0 0 0 0 0 0 0 0 0.2134914006 0 0 0 0 0 0 0 0 0 0 0 0 0 0 0 0 0 0 0 0 0 0 0 74.21824062 0 0 0 0 0 1.690074074 0 0 0 0 0 0 0 6.593503903 0 0 0 0 0 0 2.644125025 0 0 0 0 0 0 0 0 0 0 0 0 0 0 0 0 0 0 0 0 1.850440443 0 0 0 0 0 0 0 0 0 0 7.897733856 0 0 0 0 0 0 0 0 0 0.4274033012 0 0 0 0 0 0 0 1.277437522 0 0 7.097668431 0 0 0 1.13249684 0 1.3798949e-05 0 0 0 0 0 0 1.529798953 0 0 0 0 0.1151229804 0 0 0 0.1832839657 0.009176188446 0 0 0 0 0 0 
0 0 0 0 0 0 0 0 0 0.1463050258 0 0 0 0 0 0 0 0 0.7026564074 0.02703525591 0 0 0 0.03092941347 0 0.4667110609 0 0 0 0 0 0 0 0 0 0 1.733235814 0 0 0 0 0 0 0 0 0 0 0 0 0 0 0 0 0 0 0 0 0.04744622722 0 0 0 0 0 0 0 0 0.3065737236 0 0 0 0 0 0 0 0 0.2042394135 0 0 0 0 0 0 0 0 0 0.3280379432 0 0 0 0 0 0 0 0 0 0 0 0 0 0 0 0 0 0 0 0 0 0 0 0 4.612447936 0 0 0 0 0 0 0 0 0 0 0 0 0 0 0 0 0 0 0 0 0 0 0 0 0 0 0 0 0 0 0 0 0 0 0 0 0 0 10.5685933 0 0 0 0 0 0 0 0 0 2.09168698 0 0 0 0 0 0 5.279657484 0 0 0.01517937202 0 0 0 0 0 0 0 0 0 0 0 0 0 0 0 0 0 0.5791412106 0 0 0 0 6.472713293 0 0 0 0 0 0 0 0 1.204902058 0 0 0 0 0 0 0 0 0 0 0 0 0 0 0 0 0 0 0 0 0 0 0 0 0 0 0 0 0 0.1825828263 0 0 0 0 0 0 0 0 0 0 0 0 0.009272623433 0 0 0 0 0 0 0 0 0 0 0 
0 0 0 0 0 0 0 0 0 0 0 0 0 0 0 0 0 0 0 0 0 0 0 0 0 0 0 0 0 0 0 0 0 0 0 0 0 0 0 0 0 0 0 0 0 0 0 0 0.08526742039 0 0 0 0 0 0 0 0 9.399008697 0 0 0 0 0 0 0 0 0 0 0 0.08834136429 0 0 0 7.158404885 0 0 0 0 0 0 0 0 0 0 0 0 0 0 1.081823994 0 0 0 0 0 0 5.138541646 0 6.21281525 0 0 0 0 0 0 0 0 0 0 0 0 7.774027345 0 0 0 0 0 0 0 0 0 0 0 0 0 1.175793075 0 5.100528978 0 0 0 0 0 0 0 0 0 0 0 0 3.348210323 0 0 0 0 6.316881514 0.222602428 1.330481505 0 0 0 0 0 0.2232449996 0 0 0 0 0 0 0 0 0 0 0 0 0 0 0 0 0 0 0 0 0 0 0 0 0 0 0 0 0 0 1.451284328 0 0 0 0 0 4.847492521 0 0 0 0 0 0 0 0 0 0 0 0 0 0 0 0 0 0 0 0 0 1.183464009 0 0.013301188 0 0 0 0 1.754518249 0 0 0 0 0 0 0 0 0 0 0 0 0 0 0 0 0 0 0 0 0 0 0 0 0 0 0 0 0 0 0 0 0 0 0 0 0 
0 0 0 0 0.2825226189 0 0 0 0 0 0 0 0 0 0 0 0 0 0 0 0 0 0 0 0 0 0 0 0 0 0.7493709624 0 0 0 0 0 0 0 0 0 0 0 0 0 0 0 0 0 0 0 0 0 0 0 0 0 0 0 0.5245333247 0 0 0 0 0 0 0 0 0 0 0 0 0 0 0 0 0 0 1.795663822 0 0 0 0 0 7.061352317 0 0 0 0 0 0 0 0 0 0 0 0 0 0 0 0 0 0 1.609939611 0 0 0 0 0 0 0 0 0 0 0 0 0 0 0 0 8.347178239 0 0 1.945126822 0 0 0 0 6.140848704 0 0 0 0 0 0 0 0 0 0 0 0 0 0 0 0 0 0 0 0 0.7632584172 0 0 7.253812634 0 0 0 0 0 0 0 0 0 0 0 0 0 0 0 0 0 7.795520433 0 0 0 0 0 0 0 0 0 0 0 0 0 1.361640506 0 0 0 0 0 0 0 0 0 0 0 0 0 0 0 0 0 0 0 0 1.203093236 0 0 0 0 0 0 0 0 0 0 0 0 0 0 0 0 0 0 0 0 0 0 0.194773152 0 0 0.4175662551 0 0 0 0 0 0 0 0 0 0 0 0 0 0 0 0 0.05866722777 0 0 0 0 0.209374392 0 0 0 
0 0 0 0 0 0 0 0 0 0 0 0 0 0 0 0 0.1043116519 0 0 0 0 0 0 0 0 0 0 0 0 0 0 1.191172446 0 0 0 0 0 0 0 0 0 0 0 1.477362264 0 0 0 0 0 0 0 0 0 0 0 0 0 0 0 0 0 0 1.554933046 0 0 0 0 0 0 0 0 0 0 0 0 0 0 0 0 0 0 0 1.21797934 0 0 0 0 0 0 0 0 0 0 0 0 1.119685854 0 0 0 0 0 0 0 0 0 0 0 0.0293510398 0 0 0 0 0 0 0 0 0 0 0 0.2758465958 0 0 0 0 0 0 0 0 0 0 0 0 0 17.83465353 0 0 0 0 0 0 0 0 0 0 0 0 0 0 10.37029002 0 0 0 0 0 0 0 0 0 0 0 0 0 0 0 0 0 0.1029695294 0 0 0 0 0 1.899280754 0 0 0 0.9884160207 0 0 0 0 0 0 0 0 0 0 1.330226009 0 0 0.9533959802 0 0 0 0 0 0 0 0 0 0 0 0 0 0 0 0 0 0 0 0 0 1.31086421 0 0 0 0 0 0 0 0 0 0 0 0 0 0 0.5286154071 0 0 0 0 0 0 0 0 0 0 0 0 0 0 0 0 0 0 0 0 0 0 0 0 0 0 0 0 
0 0 0 0 0 0 0 0 0 0 0 0 0 0 0 0 0 0 0 0 0 0 0 0 0 0 0 0 0 0 0 0 0 0 0 0.3610568345 0 0 0 0.1920289766 0 0 0 0 0.7360088481 1.006720935 0 0 0 0 0 0 0 0 6.037985526 0 0 0 0.1410267695 0 1.105048452 0 0 0 0 0 0 0 0 0 0 0 0 0 0 0 0 0 0 0 0 0 0 0 0 0 0 0 0 0 0 0 0 0 0 0 0 0 0 0 0 0 0 0 0 0 0 1.189618721 0 0 0 0 0 0 0 0 0 0 0 0.5634527188 0 0.1657836645 0 0 0.07104993927 0 0 0 0 0 0 0 0 0.3118816778 0 0 0 0 0 0 0 0 0 0 0 0 0 0 0 0 0 0 0 0 0 0 8.688008157 0 0 0 0 0 0 0.3187091404 0 0 0 0 0 0 0 0 0 0 0 0 0 0 0 0 0 0 0 0 7.028139513 0 0 0 0 0 0 0 0 0.5091578946 0 0 0 0 0 0 0 0 0.2825302241 0 0 0 0 0 0 0 0 0 0 0 0 6.149010848 0 0 0 0 0 0 0 0 0 0 0 0 0 0 0 0 0 0 0 0 0 0 0 0 0 0 0 0 0 0 0 0 0 0 0 0 0 0 0 0 
0 0 0 0 0 0 0 0 0 0 0 0 0 0 0 0 0 0 0 0 0 0 0 0 0 1.362700528 0 0 0 0 0 0 0 0 0 0 0 0 0 0 0 0 0 0 0 0 0 0 0 0 0 0 0.1503395928 0 0 0 0 0 0 0 0 0 1.810040735 0 0 0 0 0 0 0 0 0 0 0 0 0 0 0 0 10.13538268 0 0 0 0 0 0 0 0 0 0 6.616427058 0 0 0 0 1.113558719 0 0 0 0 0 0 0 0 0 0 0 0 0 0 4.902966809 0 0 0 0 4.672160642 0 0 0 0 0 0 0 0 0 0 0 0 0 0 0 0 0 0 0 0 0 0 0 6.661612127 0 0 0 0 0 0 0 0 4.204410471 0 0 0 0 5.591345136 0 0 0 0 0 0 0.3405725485 0 0 0 0 0 0 0 7.031608795 0 0 0 0 0.1906658693 0 0 0 0 4.535513047 0 0 0 0 0 0 0 0 4.24372647 0 1.700609168 0 0 0 0 0 0 0 0 0 0.04568530226 0 0 0 1.099426133 0 0 0 0 0 1.106022272 0 0 0 0 0 0 0 0 0 0 0 0 0 0 1.290635718 0 0 0 0 0 0 0 0 0 0 0 0 0 0 0 0 0 0 0 0 0 0 0 0 0 0 0 0.001254007949 0 0 0 
3.513533136 0 0 0 0 0 0 0 0 0.4186898038 0 0 0 0 0 0 1.655215235 0 0 0 0 0 0 0 0 0 0 0 0 0 0 0.4750337623 0 0 0 0 0 0 0 0 0 0 0 0 0 0 0 0 0 0 0 0 0 0 0 0 0 0 0 0 0 0.07494217674 0 6.965627803 0 0.9314587982 0 0 0 0 0 0 0 0 0 0 0 0 0 0 0 0 0 0 0 0 0 0 0 7.631451384 0 0 0 0 7.738955555 0 0 0 0 0 0 0 0 0 0 7.465935392 4.650882475 0 0 0 0 6.199840382 0 1.035919063 0 0 0 0 0 0 0 0 1.212954717 0 0 8.216482058 0 0 0 0 0.06516469815 0 0 0 0 0 0.9920170222 0 8.314625137 1.228458211 0 0 9.733297658 0 0 0 0 0 0 0 0 0 0 0 0 2.134272568 3.944994685 0 0 0 0 0.001597380287 0 0 0 0 0 0 0 0 0.005671151274 0 0 0 0 0 0 0 0 0 0 0 0 0 0.4544073137 0 8.282315579 0 0 0 0 0 0 0 0 0 0 0 0 0 0 0 0 0 0 0 0 0 0.1869814416 0 0 0 0 0 0 0 0 0 0 0 0 0 0 0 0 0 0 0 0 0 0 0 0 0 0 0 0 0 0 0 0 0 0 0 0 0.003027232612 0 0 0 0 0 0 0 0.1531303436 0 0 
0 0 0 0.1379893443 0 0 0 0 0 0 0 0 0 0 0 0 0 0 0 0 0 0 0 0 0 0 0 0 0 0 0 0 0 0 0 0 0 0 0 2.769777311 0 0 8.044868107 0 0 0 0 0 0 0 0 0 0 0 0 0.01448991768 0 0 0 0 0 0 0 0 0 0 0 0 0 0 0 0 4.943368739 0 0 0.04847489998 0 0 0 0 1.464369025 0 0 0 0 0 0 0 0 0 0 0 0 0 0 0 0 0 0 0 1.02172072 0 2.772944586 0 0 0 0 0 0 0 0 6.783166818 0 0 0 3.102550056 0 0 0 0 0 0 0 0 0 0 0 0 0 0 0 0 0 0 0 0 0 0 0 0 0 0 0 0 0 0 0 0 0 0 0 0 0 0 0 0 0 0 8.788372265 0 0 0 0 0 0 0 0 0 0 0 3.579721519 0 0 0 0 0 0 0 0 0 0 0 0 1.6950849 0 0 0 0 0 0 0 0 0 0 0 0 0 0 0 0 0 0 0 0 0 0 0 0 0 0 0 0 0 0 0 0 0 0 0 0 0 0 0 0 0 0 0 0 0 0 0 0 0 0 0 0 0 0 0 0 0 0 0 0 0 0 0 0 0 0 0 0 0 0 0 0 
0 0 0 0 0 0 0 0 0 0 0 0 0 0 0 0 0 0 0 0 0 0 0 0 0 0 0 0 0 0 0 0 0 0 0 0 0 0 0 0 0 0 0 0 0.2849208678 0 0 0.4037523856 0 0 0 0 0 0 7.976389023 0 0 0 0 0 0.5864114604 0 0.936228866 0 0 0 0 0 0 0 0 0 0 0 0 0.8118091396 0 0 0 0 0 0 0 0 0 0 6.325787362 0 0 5.479391149 0 0 0 0 0 1.045020842 0 0 0 0 0 1.007963207 0 0 0 0 0 0 0 0 0 0 0 0 0 0 0 0 0 0 0 0 0 0 0 0 113.26127 0 0 0 0 0 0 0 0 0 0 0 0 0 2.79844332 0 0 0 0 0 0 0 0 0 0 0 0 0 2.848656633 0 0 0 0 0 0 0 1.089947527 0 0 0 0 0 0 0 0 0 0 0 0 0 3.176354038 0 5.923698854 0 0 0 0 0 0 0 0 0 0 0 0 7.088075955 0 0 0 0 0 0 2.467784289 0 0 0 0 0 0 0 0 0 0 0 0 0 0 0 0 0 0 0 0 0 0 0 0 0 0 0 0 0 0 0 0 0 0 0 0.86894772 0 0 0 0 0 1.558970321 0 0 0 0 0 0 0 0 0 0 0 0 0 0 0 
0 0 0 0 0 0.2634028638 0 0 0 0 0 0 0 0 0 0 0 0 1.284448363 0 0 0 0 0 0 0 0 0 0 0.05664208897 0 0 0 0 0 1.472257797 5.21038023 0 0 0 0 0 0 0 0 0 0 0.9880188396 0 0 0 0 0 0 0 0 0 0 0 0 0 0 0 0 0 0 0 0 0 0 0 0 0 0 0 0 0 0 0 0 0 0.1710098706 0.532358391 3.121970145 0 0 0 0 0 0 0 0 0 0 10.23191744 0 0 0 0 0 0 0 0 0 0 0 1.42162393 0 0 0 0 0 0 0 0 0 0 8.454973306 0 0 0 0 0 0 0 0 0 0 0 0 0 0 0 0 0 0 0 0 0 0 0 0 0 0 0 0 0.6079446777 0 0 0.002199166562 0 4.923697963 0.1197736814 0 0 7.132102171 0 0 0 0 0 0 0 0 0 0 0 0 0 0 0 0 0 0 0 0 0 0 0 0 0 0 0 0 0 7.359798499 0 0 0 0 0 0 0 0 0 0 0 0 0 0 0 0 0 0 0 0 0 0 0 0 0 0 0 1.011172015 0 0 0 0 0 0 0 0 0 0 0 0 0 0 0 0 0 0 0 0 0 0 0 0 0 0 0 0 0 0 0 0 0 0 0 0 0 0 0 0 0 0 
0 0 0 0 0 0 0 0 0 0 0 0.09704070092 0 0 0 0 0 0 0 0 0 0 0 0 0.01706726245 0 0 0 0 0 0 0 0 0 0 0 0 0 0 0 0 0 0 0 0 0 0 0 0 0 0 0 0 0 0 0 0 0 0 0 0 0 0 0 0 0 0 0 0 0 0 0 0 0 1.575821556 0 0 0 0 0 0 0 0 0 0 0 0 0 0 0 0 0 0 0.07199840471 0 0 0 0 0 0 0 0 0 0 0 0 0 0 0 0 0 0 0 0 0 0 0 0 0 0 0 0 0 2.951816956 0 0 0 0 0 0 0 6.526870679 0 0 0 0 0 0 0 0 0 6.163556303 22.69309025 0 0 0 0 0 0 0 0 0 0 0 0 0 0 0 0 0.03871637557 0 0 0 0 0 0 0 0 0 0 7.008553627 0 0 0 0 0 0 0 0 0 0 0 0 0 0 0 0.9182059974 0 0 0 0 0 0 0 0 0 0 1.703760538 0 0 0 0 0 0 0.6011949988 0 0.573532737 0 0 0 0 0 0 0 0 0 0 0 0 0 7.205914354 0 0 0 0 0 0 0 0 0 0 0 0 0 0 0 0 0 0 0 0 0 0 0 0 0 0 0 0 0 0 0 0 0 0.009482842587 0 
0 0 0 0 0 0 0 0 0 0 0 0 0 0 0 0 0 0 0 0 0 0 0 0 0 0 0 0 0 0 0 0 0 0 0 0 0 0 0 0 0 0 0 0 0 0 0 0 0 0 0 0 0 0 0 0 0.009191412106 0 0 0 0 0 0 0 0 0 0 0 0 0 0 0 0 0 0 0 0 0 0 0 0 0 0 0 0 0 0 0 0 0 0 0 0 0 0 0 0 0 0 0 0 0 0 0 0 6.49261767 0 0 0 0 0 0 0 0 0 0 0 0 0 0 0 0 0 1.428115291 0 0 0 0 0 0 0 0 0 0 0 0 0 0 0 0 0 0 0 0 4.370896063 0.3156844414 0 0 0 0 0 0 0 0 0 0 0 0 0 0 0 0 0 0 0 0.8791950507 0 0 0 0 0 0 0 0 0 0 0 0 0 0 0 0 0 0 0 0 0 0 0 0 0 0 0 0 0 0 0 0 0 0 0 0 0 0 0 0 0 0 0 0 0 0 0 0 0 0 0 0 0 0 0 0 0 0 0 0.5302137403 0 0 0 0 0 0 0 0 0 0 0 0 4.325481668 0 0 0 0 0 0 0 0 0 0 0 0 0 0 0 0.02377863527 0 
0 0 0 0 0 0 0 0 0 0 0 0 0 0 0 0 0 0 0 0.006425751181 0.0559780538 0 0 0 0 0 0.5010944752 0 0 0 0 0 0 0.2327196611 0 0 0 0 0.02330972183 0 0 0 0 0 0 0 0 0 0 0 0 0 0 0 0 0 0 0 0 0 0 0 0 0 0 0 0.3062739009 0 0 0 0 0 0 0.546581198 1.511456034 0 0 0 0.0003085978176 0 0 0 0 0 0 0 0 0 0 0 0 0 0 0 0 0 0 0 0 0 0 0 0 0 0 0 0 0 0 0 0 0 0 0 0 0 0 0 0 0 5.469514332 0 0 0 0 0 0 0 0 0 0 0 0 0 0 0 0 1.516598129 0 0 1.045523654 0 0 0 0 0 0 0 0 0 0 0 0 0 0 0 0 0 0 0 0 0 0 0.9685514385 0 0 0 0 0 0 0 0 0.202895651 0 0 0 0 0 0 0.03394898456 0 0 1.440586995 0 0 0 0 0.08628922118 0 0 0 0 0 0 0 0 0 0 0 0 0 0 0 0 0 0.0009884290192 0 0 0 0 0 0.52467965 0 0 0 1.34503726 0 0 0.2612475224 0 0 0 0 0 0 0 0 0 0.0844163739 0 0 0 0 0 0 0 0 0 0 0 0 0.003049849815 0 0 0 0 0 0 0 0 0 0 0 0 0 0 
0 0 0 0 0 0 0 0 0 0 0 0 0 0 0 0 0 0 0 0 0 0 0 0 0 0 0.8732949532 0 0 0 0 0 0 0 0 0 0 0 0 0 0 0 0 0 0 0 0 0 0 0 0 0 0 0 0 0 0 0 0 0 0 0 0 0 0 0 0 0 0 0 0 0 1.7354642 0.6222941649 0 0 0.000766093314 0 0 0 0 0 0 0 0 0 0 0 0 0 0 0 0 0 0 0 0 0 0 0 0 0 0 0 8.37337212 0 0 0 0 0 0 0 0 0 0 0 0 4.749543067 0 0 0 0 0 0.9483641057 0 0 0 0.7338560655 0 0 0 0 0 0 0 0 0 0 0 0 0 0.1856613036 0 0 0 0 0 0 0 0 0 0 0 0 0 0 0 0 0 0 0 0 0 0 0 0 0 0 0 0 0 0 0 0 0 0 0 0 0 0 0 0 0 0 0 0 0 0 0 0 0 0 0 0 0 5.125382178 0 0 0.2687957291 0 1.098862939 0 0.3666330095 0 0 0 0 0 0 0 0 0.2175815642 0.3113788845 0 0.6521988089 0 0 0 0 0 0 0 0 0 0 0 0 0.0976340671 0 0 0 0 0.2568457024 0 0 0 0 0 0 0 0 0 0 0 0 0 0 0 0 0 0 0 0 0 0 0 
0 0 0 0 0 0 0 0 0 0 0 0 0 0 0 0 0 0 0 0 0 0 0 0 0 0 0 0 0 0.08443586401 0 0 0 0 0 0 0 0 0 0 0 0 0 0 0 0 0.07177791411 0 0 0 0 0 0 0 0 0 0 0 0 0 0 0 0 0 0 0 0 0 0 0 0 0.8900378219 4.148041152 0 0 0 0 0 0 0 0 0 0 0 0 0 0 0 0.01034957064 0 0 0 0 0 0 0 0 0 0 0 0 0 0 0 0 0 0 0 0 0.366306414 0 0 0 0.8343555758 0 0 0 0 0 0 0 0 0 0 0 0 0 0 0 0 0 0 0 0 0 0 3.538981168 0.7445356091 0 0 0 0 0 0 0 0 0 0 0 0 1.783108508 0 0 0 0 0 0 0 0 0 0 0 0 0 0 0 0 0 0 0 0.8358056738 0 0 0 0 0 0 0 0 0 0 0 0 0 0 0 0 0 0 0 0 0 0 0 0 0 0 0 0 0 0 0 0 0 0 0 0 0 0 0 0 0 0 0 0 0 1.190836797 0 0 0 0 0 0 0 0 0 0 0 0 0 0 0 0 0 0 0 0 0 0 0 0 0 0 0 0 0 0 0 0 0 0 0 0 0 0 0 
0 0 0 0 0 0 0 0 0 0 0 0 0 0 0 0 0 0 0 0 0.04282439764 0 0 0 0 0 0 0 0 0 0 0.4164326085 1.374573948 0 0 0 0 0 0 0 0 0 0 0 0 0 0.009014800219 0 7.229709619 0 0 0 0 0 0 0 0 0 0 0.4743897301 0 0 0 0 0 0 0 0 0 0 0 0 0 0 0 0 0 0 0 0.02425525914 0 0.02271143516 0.6378069186 0 0.3234714892 0 0 0 0 0 0 0 0 0 0 0 0 0 0 0 0 0 0 0 0 0 0 0 0 0 0 0 0 0 3.500215236 0 0.7482409084 1.364353665 0 10.16383104 0 0 0 0 0 0 0 3.237563414 0 0 0 0 0 0 0 0 0 0 0 0 0 0 0 0 0.7175655846 0 0 0 0 0 0 0 0 0 0 0 0 0 0 0 0 0 0 0 0 0 0 0 0 0 0 0 0 0 0 0 0 0.2536891594 0 0 0 0 0 0 0.2993096454 0 0 0 0 0 0 0 0 0 0 0 0 0 0 0 0 0 0 0 0 0 0 0 0 0 0 0 1.069903198 0 0 5.175254554 0 0 0 0 0 0 0.04240716775 0 0 0 0 0 0 0 0 0 0 0 0 0 0 0 0 0 0 0 0 0 0 0 0 0 0 0 0 0 0 0 0 0 
0 0 0 0 0 0 0 0 0 0 0 0 0 0 0 0 0 0 0 0 0 0 0 0 0 0 0 0 0 0 0.2775897427 0 0 0 0 0 0 0 0 0 0 0 0 0 0 0 0 0 0 0 0 0 0 0 0 0 0 0 0 0 0 0 0 0 0 0 0 0 0 0 0 0 0 0 0 0 0 0 0 0 0 1.485248718 0 0 0 0 0 0 0 0 0.5125297458 0 0 0 0 0 0 0 0 0 0 0 0 0 0 4.414157414 0 0 0 0 0 0 2.491096717 0 6.254129346 0 0 0.001978342747 0 0 0 0 0 0 0 0 0 0 0 0 0 0 0 0 0 0 0 0 0 0 0 0 0 0 0 0 0 0 0 0 0 0 0 0 0 0 0 0 2.058844394 0 0 0 0 0 0 0 0 0 0 0 0 0 0 0 0 0 0 0 0 0 0 0 1.636160789 0.5770870045 0.4292650344 0 0 0.8515491943 0 0 0 0 0.294478625 0 0 0 0 0 0 0 0 0 0 0 0 0 0 0 0 0 0 0.5317961782 0 1.136172023 1.530655143 0 0 0 0 0 0 0 0 0 0 0 0 0 0 0 0 0.4560437772 0 0 0 0 0 0 0 1.495695353 0 0.1549360142 0 0 0 0 0 0 0 0 0 0 0.5950338228 1.47957395 0 0 
0 0.1862876426 0 0 0 0 0 0 0 0 0 0 0 0 0 0 0 0 0 0 0 0 0 0 0 0 0 0.1988698103 0 0 0 0 0 0 0 0 0 0 0 0 0 0 0 0 0 0 0 0 0 0 0 0.5673573797 0 0 0 0 0 0 0 0 0 0 0 0 0 0 0 0 0 0 0 0 0 0 0 0 0 0 0 0 0 0 0 0 0 0 0 0 0 0 0 0 7.623648483 0 0.005897832765 0 0 0 0 0 0 0 0 0 0 0 0 0 0 0.7991445979 0 0 0 0 0 0 0 0 0 1.481076853 0 0 0 0 0 0 0 0 0 0.182893864 0 0 0 0 0 0 10.56726161 0 0 0 0 0 0 0 0 0 0 0 0 0 0 0 0 0 0 0 0 0 0 0 0 7.8284613 0 0 0 0 0 0 0 0 0 0 0 0 0 0 0 0 0 0 0 0 0 0 0 0 0 0 0 0 0 0 0 0 0 8.488128705 0 0 0 0 0 0 0 0 0 0 0 0 0 0 0 0 0 0 0 0 0 0 0.2694346857 0 0.4381961756 0 0 0 0 0 0 0 0.4163252421 0 0 0 0 0 0 0.2298627127 0 0 0 0 0 0 0.2479934197 2.466300769 0 0 0 0 0 0 0 0.0006959470259 0 0 0 0 
0 0 0 0 0 0 0 0 0 0 0 0 0 0 0 0 0 0 0 0 0 0 0 0 0 0 0 0 0 0 0 0 0 0 0 0 0 0 0 0 0.4798086867 0 0 0 0 0.1538647275 1.093211732 0 0 0 0 0 0 0 0 0 0 0 0 0 0 0.01303630747 0 0 0 0 0 0 0 0 0 0 0.1079321047 3.950516967 0 0 0 0 0 0 0 0 0 0 0 0 0 0 0 0 0 0 0 0 0 0 0 0 0 0 0 0 0 0 0 0 0 0 0 0 0 0 0 0 0 0.8409906228 0 0 0 0 0 1.371722798 0 0 0.08975064138 0 0 0 0 0 0 0 0 0 0 0 0 0 0 1.198422936 0.5840359417 0 0 0 0 0 0 0 0 0 0 0 0 0 0 0 0 0 0 0 0 0 0 0 0 0 0 0 0 0 0 0 0 0 0 0 0 0 0.1948565072 0 0 0 0 0 6.776636533 0 0 0 0 0 0 0 0 0 0 0 0 0 0 0 0 0 0 0 0 0 0 0 0 0 0 0 0 0 0 0 0 0 0 0 0 0 0 0 0 0 0.2524459243 0 0 0 0 0 0 0 0 0 0 0 0 0.26248663 0 0 0 0 0 0 0 0 0 0 0 0 0 0 0 0.000141996965 
0 0 0 0 0 0 0 0 0 0 0.4061892257 0 0 0 1.114312879 0.9105793582 0 0 0 0 0 0 0 0 0 0.4377729051 0.01079862079 0 0 0 0 0 0 0 0 0 0 0.4206969834 0 0 0 0 0 0 0 0 0 0 0 0 0 0 0 0 0 0 1.304070312 0 0 0 0 0 5.479105006 0 0 0 0.1422797477 0 1.39863751 0 0 0 0 0 0 0 0 0 0 0 0.7729288813 0 0 0 9.824694845 0 0 0 0 0 0 0 0 0 9.347607739e-05 0 0 0 0 0 0 0 0 0 0 0 0 0 0 0 0 0 0 0 0 0 0 0 0 0 0 0 0 0 0 0.5636583268 0 0 0 0 0 0 0 0 0 0 0 0 0 0 0 0 0 0 0 0 0 0 0 0 0 0 0 0 0 0 1.686156439 0 0 0 0 0 0 0.9999889571 0 0 0 0 0 0 5.449653904 0 0 0 0 0 0 0 0 0 0 0 0 0 0 0 0.3153379258 0 0 0 0 0 0 0 0 0 0 0 0 0.4565790157 0 0 0 0 0 0 0 0 0 1.479842793 0 0 0 0 0 0 0 0.01245810183 0 0 0 0 0 0 0 0 0 0 0 0 0 0 0 0 0 0.5070959218 0 0 0 0 0 0 0 0 0 0 0 0 0 0 0 0 0 0 0 0 
0 0 0 0 0 0 0 0 0 0 0 0 0 0 0 0 0 0 0 0 0 0 0 0 0 0 0 0 0.6950899872 0 0 0 0 0 0 0 0 0 0 0 0 0.986785111 0 0 0 0.5540029473 0 0 0 0 0.3323315937 0 0 0 0 0 0 0 0 0.9729981303 0 0 0 0 0 0 0 0 0 0 0 0 0 0 0 0 0 0 0 0 0 0 0 0 0 0 0 0 0 0 0 0 0 0 0 0 1.08611037 0.1003214736 0 0 0 0 0 0 0 0 0 0 0 0 0 0 0 0 0 0 0 0 0 0 0 0 0 0 0 1.452876239 0 0 0 0 0 0 0 0 0 0 0 0 0 0 0 0 0 0 0 0 0 0 0 0 0 0 0 0 0 0 0 0 0 0 0 0 0 0 0 0 0 0 0 0 0 0 0 0 0 0 0 0 0 0 0 0 0 0 0 0 0 0 0 0 0 0 0 0 0 0 0 0 0 0 0 0 0 0 0 0.4664726615 0 0 0 0 0 0 0 0 0 0 0.00471517954 0.2489871625 0 0 0 0 0 0 0 0 0 0 0 0 0 0 0 0 0 0 0 0 0 0 0 0.01082379069 0 0 0 0 0 0 0 1.737986838 0 0 0 0 0.01052893294 0 
0 0.02898862724 0 0 0 0 0 0 0 0 0 0 0 0 0 0 0 0 0 1.230614247 0 0 0 0 0 0 0 0 0 0 0.05307846592 0 0 0 0 0 0 0 0 0 0 0 0 0 0 0 0 0 0 0 0 0 0 0 0 0 0 0 0 0 0 0 0 0 0 0 0 0 0 0 0 0 0 0 0 0 0 0 0 0 0 0 0 0 0 0 0 0 0 0 0 0 0 0.06533708541 0 0 0 0 0 0 0 0 0 0 0 0 0 0 0 0 0 0 0 0 0 0 0 9.271468875 0 0 0 0 0 0 0 0 0 0 0 0 0 0 0 0 0 0 0 0 0 0 0 0 0 0 0 0 0 0 1.436361138 0 0 0 0 0 0 0 0 0.4732308086 0 0 0 0 0 0 0 0 0 0 3.632841007 0 0 0 0 0 0 0 0 0 0 0 0 0 0 0 0 0 0 0 0 0.9762255238 0 0 0 0 0 0 0 0 0 0 0.01458642995 0 0 0 0 0 0 0 0 0 0 0 0 0.04025662476 0 0 0 0 0.1492908174 0 0 0 0 0 0 0.9820921472 0 0 0 0 0 0 0 0 0 0 0 0 0 0 0 0 0 0 0 0 0 0 0 0 0 0.009079902649 0 0 0 0 
0 0 0 0 0 0 0 0 0 0 0 0 0 0 0 0 0 0 0 0 0 0 0 0 0 0 0 0 0 0 0 0 0 0 0 0 0 0 0 1.09002146 0 0 1.362031804 0 0.2827441028 0 0 0 0 0 0 0 0 0 0 0 0 0 0 0 0.9273517402 0.2766757339 0 0 0 0 0 0 0 0 0 0 0 0 0 0 0 0 0 0 1.938772649 0 0 0 0 0 0 0.3908408286 0 0 0.7782358492 0 0 0 0 0 0 0 0 0 0 0 0 0 0 0 0 0 0 0 0 0 0 0 0 0 0 0 0 0.0667316263 0 0 0 0 0 0 0 0 0 0 0 0 0 5.924168502 0 0 0 0 0 0 0 0 0 0 6.400770565 0 0 0 0.6952271806 0 0 0 0 0 0 0 0 0 0 0 0 0 0 0 0 0 0 0 0 0 0 0 0 0 0 0 0 0 0 0 0 0 0 0 0 0 0 0 0 0 0 0 0 0 0 0 0 0 0 0 0 0 0 0 0 0 0 0 0.4068838269 0 0.9347749938 0 0 0 0 0 0 0 0 0 0 0 0 0 0 0 0 0 0 0 0 0 0 0 0 0.3427602363 0 0 0 0 0 0 0 0 0 0 0 0 0 0 0 0 0.1578872887 0 0 0 
0 0.02121293338 0.3532547168 0 0 0.09199389388 0 0 0 0 0 0 0 0 0 0 0 0 0 0 0 0 0 0 0 0 0 0 0 0 0 0 0 0 0 0 0 0 0 0 1.722767025 0 0 0 0 0 0 0 0 0 0 0 0 0 0 0 0 0 0 0 0.4158853825 0 0 0 0 0.02697794255 0 0 0 0 0 0 0 0 0 0 0 0 0 0 0 0 6.719565886 0 0 0 9.368057265 0 0 0 0 0 0 0 0 0 0 0 0 0 0 0 0 0 0 0 0 0 0 0 0 0 0 0 0 0 0 0 0 0 0 0 0 0 0 0 0 0 0 0 0 0 0 0 0 1.318593597 0 0 0 0 0 0 0 0 0 0 0 0 0 0 0 0 1.069003825 0 0 0 0 0.09276598228 0 0 0 0 0 0 0 0 0 0 0 0 0 0 0 0 0 0 0 0 0 0 1.724325504 0 0 0 0 0 0 0 0 0 0 0 0 0 0 0 0 0 0 0.1602268273 0 0 0 0 0 0 0 0 0 0 0 0 0 0 0.5473863714 0.4926502938 0 0 0 0 0 0 0 0.09866151049 0 0 0 0.5973911181 0 0 0 0 0 0 1.018515081 0 0 0 0 0 0 0 0 0 0 0.06955114832 0 0 0 0 0 0 0 1.057787832 0 0 
0 0 0 0 0.7728005312 0 0 0 0 0 0 0 0 0 0 0 0 0 0 0 0 0 0 0 0 0 0 0 0 0.2441090455 0.8425983574 0 0 0 0 0 0 0 0 0 0 0 0 0 0 0.3193696487 0 0 0 0 0 0 0 0 0 0 0 0 0 0 2.752164458 0 0 0.9008392504 0 0 0 0 0 0 0 0 0 0 0 0 0 0 0 0 0 0 0 0 1.005660129 0 0 0 0 0 0 0 0 0 0 0 0 0 0 0 0 0 0 0 0 0 0 0 0 0 0 0 0 0 0 0 0 0 0 0 0 0 0 0 0 0 0 0 0 0 0 0 0 0 0 0 1.239260714 0 0 0 0 0 0 0 0 0 0 0 0 0 0 0 0 0 0 0 0 0 0 0 0 0 0 0 0 0 0 8.862400366 0 0 0 0 0 0 0 0 0 0 0 0 0 0 0 0 0 0 0 1.144414273 0 0 0 0 0 0 0 0 1.471288373 0 0 0 0 0 0 0 0 0 0 0 0.5088440805 0 0 0 0 0 0 0 0 0 0 0 0 0 0 0 0 0 0 0.002237916199 0 0 0 0 0 0 0 0 0.3413079769 0 0 0 0 0 0.0007540449369 0 0 0 0 0 0 0 0 0 0 0 0 0 
0 0 0 0 0 0 0 0 0 0 0 0 0 0 0 0 0 0.1676905292 0 0 0 1.650902865 0 0 0 0 0 0 0 0 0 0 0 0 0 0 0 0 0.3260977732 0 0 0 0 0 0 0 0 0 0 0.00257523465 0 0 0 0 0 0 0 0 0 0 0 0 0 0 0 0 0 0 0 0 0 0 0 0 0 0 0 0 0 0 0 0 0 0 0 0 0 0 0 0.4251466352 0.2311299858 7.306266256 0 0 0 0 0 0 0 0 0 0 0 0 0 0 0 0 0 0 0 0 0 0 0 0 0 0 0 0 0 0 0 0 0 0 0 0.1202003351 0 0 0 0 0 0 0 0 0 0.249985394 0 0 0 0 0 0 0 0 0 0 0 0 0 0 0 0 0 0.5971504496 0 0 0 0 0 0 0 4.401980993 0 0 0 0 6.514431281 0 0 0 0 0 0 0 0 0 0.3250145049 0 0 0 0 0 0 0 0 0 0 0 0 0 0 0 0 0 0.4358770001 0 0 0 0 0 1.004220617 0 0 0 0 0 0 0 0 0 0 0 0 0 0 0 0 0 0 0 0 0 0 0 0 0 0 0 0 0 0 0 0 0 0 0 0 0 0 0 0 0 0 0 0 0 0 0 0 0.0557070321 0 0 0 0 
0 0.1989433607 0 0 0 0 0 0 0 0 0 0 0 0 0 0 0 0 0 0 0 0 0 0 0 0 0 0 0 0 0 0 0 0 0 0 0 0 0 0 0 0 0 0.0397782197 0 0 0 0.7676862855 0 0 0 0 0 0 0 0 0 0 0 0 0 0 0 0 0.08733861467 0 0 0 0 0 0 0 0 0 0 0 0 0 0 0 0 0 0 0 0 0 0 0 0 0 0 0 0 0 0 0 0.355566949 0 1.568704028 0 0 0 0 0 0 0 0 0 0.8688302186 0 0 0 0 0 0 0 0 0 0 0 0 0 0 0 0 1.523793262 0 0 0 0 0 0 0 0 0 0 0 0.2610777392 0 0 0 0 0 0 0 0 0 0 0 0 0 0 0 0 0 0 0 1.134952611 0.0211148581 0 0 0 0 0 0 0 0 0 0 0 0 0 0 0 0 0 0 0 0 0 0 0 0 0 0 0.319048796 0 0 0 0 0 0 0 0.09613085559 0 0 0.4000702925 0 0 0 0 0 0 0 0 0 0 0 0 0 0 0 0 0 0 0 0 0 0 0 0 0 0 0 0.03595166844 0 0 0 0 0 0 0 0 0 0 0 0 0 0 0 0 0 0.03877471923 0 0 0 0 0 0 0 0 1.665162601 0 0 0 0 
0 0 0 0 0 0 0 0 0 0 0 0 0 0 0 0 0 0 0 0 0 0 0 0 0.1467276973 0 0 0 0 0 0 0 0 0 0 0 0 0 0 0 0 0 0 0 0 0 0 0 0 0 0 0 0 0 0 0.006527362012 0 0 0 0 0 0 0 0 0.0005236708372 0 0 0 0 0 0 0 0 0 0 0 0 0.01527462494 0 0 0 0 0 0 0 0 0 0 0 0 0 0 0 0 0 0 0 0 0 0 0 0 0.4926944439 0 0 0 0 0 0 0 0 0 0 0 0 0 0 0 0 0 4.126206747 0 0 0 0 0 0 0 0 0 0 0 0 0.8691435044 0 0 0 0 0 0 0 0 0 0 0 0 0 0 0 0 0 0 0 0 0 0 0 0 0 0 0 0 0 0 0 1.993430732 0 0 0 0 0 0 0 0 0 0 0 0 0 0 0.6194560827 0 0 0 0 0 0 0 0 0 0 0 0 0 0 0 0 0 0 0 0 0 0 0 0 0 0 0 0 0 0 0 0 0 0 0.240794587 0 0 0 0 0 0 0 0 0.20514021 0 0 0 0.6683076721 0 0 0 0 0.152124633 0 0 0 0 0 0 0.01853899121 0 0 0 0 0 0 0 0 0 0 0 0 0 0 0 
0 0 0 0 0 0.2622003176 0 0 0 0 0 0 0 0 0 0 0 0 0 0 0.06632385078 0 1.173521475 0 0 0 0 0 0 0 0 0 0 0 0 0 0 0 0 0 0 0 0.1609745697 0.09719097884 0 0 0 0 0 0 0.2791719857 0 0 0 0 0 0 0 0 0 0 0 0 0 0 0 0 0 0 0 0 0 0.517108735 0 0 0 0 0 0 0 0 0 0 0 0 0 0 0 0 0 0.3898369257 0 0 0 0 2.063623427 0 0 0 0 0 0 0 0 0 0 0 0 0 0 0 0 1.542201784 0 0.1158699166 0 0 0 0 0 0 0.5055123172 0 0 0 0 0 0 0 0 0 0 0 0 0 0 0 0 0 0 0 0 0 0 0 0 0 0 0 0 0 0.0243817772 0 0 0 0 0 0 0 0 0 0 0 0 0 0 0 0 0 0 0 0 0 0 0 0 0 0 0 0 0 0 0 0 0 0 0 0 0 0 0 0 0 0 0 0 0 0 0 0 0 0 0 0 0 0 0 0 0 0 0.4961844308 0.6229945925 0 0 0 0 0 1.576245198 0 0 0 0 0 0 0 0 0 0 0 0 0 0 0.992446047 0 0 0 0.00112162758 0 0 0 0 0 0.004482600415 0.1478031634 0 0 0 0 0 0 0.2207899196 0 0 0 0 0.1279136849 
0 0 0 0 0 0 0 0 0 0 0 0 0 0 0 0 0 0 0.002036393275 0 0 1.220360676 0 0 0 0 0 0 0 0 0 0 0 0 0 0 0 0 0 0 0 0 0 0 0 0 0 0 0 0 0 0 0.20278282 0 0 0 0 0 0 0 0 0 0 0 0 0 0 0 0 0 0 0 0 0 0 0 0 0 0 0 0 0 0 0 0 0 0 0.2484294186 0 0 0 0 0 0 0 0 0 0 0 0 0 0 0 0 0 0 0 0.1063177901 0 0 0 0 0 0 0 0 0 0 0 0 0 0 0 0 0 0.6241477708 0 0 0 0 0 0 0 0 0 0 0 0 0 0 0 0 0 0 0 0 0.1949800035 0 0 0 0 0 0 0 0 0 0 0 0 0 0 0 0 0 0 0 0 0 0 0 0 0 0 0 0 0 0 0 0 0 2.200670025 0 0 0.2874679912 0 0 0 0 0 0 0 0 0 0 0 0 0 0 0 0 0 0 0 0 0 0 0 0 0 0 0 0 0 0 0 0 0 0 0 0 0 0 0 0 0 0 0 0 0 0 0 0 0 0 0 0 0 0 0 0.02114572334 0 0 0 0 0 0 0 0 0 0 0 0 0 0 0 0 
0 0 0 0 0 0 0 0 0 0 0 0 0 0 0 0.2570795385 0 0 0 0 0 0 0 0 0 0 0 0 0 0 0 0 0 0 0 0 0 0 0 0.5130666856 0 0 0 0 0 0 0 0 0 0.04074621889 0 0 0 1.171048344 0 0 0 1.300009978 0 0 0 0 0 0.06768113356 1.732516766 0 0 0 0 0 0 0.04200448926 0 3.675854414 0 0 0 3.888956444 0 0 0 0 0 0 0 0 0 0 0 1.509617001 0 0 0 0 0 0 0 0 0 0 0 0 0 0 0 0 0 0 0 0 0 0 0.956348099 0 0 0 0 0 0 0 0 0.102249858 0 0 0 0 0 0 0 0 0 0 0 0 0 0 1.326268323 0 0 0 0 0 0 0 0 0 0 0 0 0 0 0 0 0 0 0 0 0 0 0 0 0 0 0 0 0 0 0 0 0 0 0 0 0 0.1127238748 0 0 0 0 0 0 0 0 0 0 0 0 0 0 0 0 0 0 0 0 0 0 0 0 0 0 0 0 0 0 0 0 0 0 0 0 0 0 0 0 0 0 0 0 0 0 0 0 0 0.6298854472 0 0 0.02251451663 0 0 0 0 0 0 0 0.02845719666 0 0 0 0 0 0 0 0.0003895235868 0 0 0 0 0 0 0.8640471665 0 0 0 0.1353917461 0 
0 0 0 0 0 0 0 0 0 0 0 0 0 0.08168614239 0 0 0.5139713155 0 0.1578866033 0 0 0 0 0 0 0.09692833299 0 0 0 0 0.1952101187 0 0 0 0 0 0 0.1053799854 0 0 0 0 0 0 0 0 0 0 0 0 0 0 0 0 0 0 0 0 0 0 0 0 0 0 0 0 0 0 0 0 0 0.4254329328 0 0 0 0 0 0 0.2635304877 0 0 0 0 0 0 1.405406653 0 0 0 0 0 0 0 0 0 0 0 0 0 0 0 0.4486596239 0 0 0 0 0 0 0 0 0 0 0 0 1.391515259 0 0 0 0 0 0 0 0 0 0 0 0 0 0 0 0 0 0 0 0 0 0 0 0 0 0 0 0 0 0 0 0 0 0 0 0 0 0 0 0 0 0 0 0 0 0 0 0 0 0 0 0 0 0 0 0 0 0 0 0 0 0 0 0 0 0 0 0 0 0 0 0 0 0 0 0 0 0 0 0 0 0 0 0 0 0 0 0.2911561707 0 0.5609663948 0 0 0 0 0 0.02460411935 0 0 0 0 0 0 0 0 0 0 0 0 0 0 0 0 0 0 0 0 0 0 0 0 0 0 0 1.026416944 0 0 0 0 0 0 0.004344639174 0 0 0 0 0 0 0 0 0 0 
0 0 0 0 0 0 0 0 0 0 0 0 0 0 0 0 0 0 0 0 0 0 0 0 0 0 0 0 0 0 0 0 0 0 0 0 0 0 0 0 0 0 0 0 0 0 0 0 0 0 1.130665667 0 0 0 0 0 0 0 0 0 0 0 0 0 0.08540867251 0 0 0 0 0 0 1.253260328 0 0 0 0 0 0 0 0 0 0 0 0 0 0 0 0 0 0 0.06392062922 0.2708362207 0 0 0 0 0 0 0 0 0 0 0 0 0 0 0 0 0 0 0 0 0 0.8003789146 0 0 0 0 0 0 0 0.6468870047 0 0 0.0310974492 0 0 0 0 0 0 0 0 0 0 0 0.8387850488 0 0 0 0 0 0 0 0 0 0.4332308531 0 0 0.2234224719 0 0 0 0 0 0 0 0 0 0 0 0 0 0 0 0 0 0 0 0 0 0.02845377186 0 0 0 0 0 0 0 0 0 0 0 0 0 0 0 0 0 0 0 0 0 0 0 0 0 0 0 0.2249764798 0 0 0 0 0 0 0 0 0 0 0 0 0 0 0 0 0 0 0 0 0.1865178038 0.1085301534 0 0 0 0 0 0 0 0 0 0 0 0 0 0 0 0 0 0 0.447527003 0 0 0 0 0 0 0 0 0 0 0 0 0 0 0 
0 0 0 0 0 0 0 0.03542920485 0 0 0 0.6785827221 0 0 0 0 0 0.01650675882 0 0 0 0.9824167995 0 0 0 0.01490325629 0 0 0 0 0 0 0 0 0 0 0 0 0 0 0 0.05609768764 0 0 0 0 0 0 0 0 0 0 0 0 0.04093057573 0 0 0 0 0 0 0 0 0 0 0 0 0 0 0 0 0 0 0 1.141267284 0 0 0 0 0 0 0 0 0 0 0 0 0 0 0 0 0 0 0 0 0 0 0 0 0 0 0 0 0 0 0 0 0 0 0 0 0 0 0 0 0 0 0 0 0 0 0 0 0 0.156725384 0 0 0 0 0 0 0 0 0 0 0 0 0 0 0 0 0 0.9988592223 0 0 0 0 0 0 0 0 0 0 0 0.6568639329 0 0 0 0 0 0 0 0 0 0 0 0 0 0 0 0 0 0 0 0 0 0 0.3728685989 0 0 0 0 0 1.451306544 0 0 0 0 0 0 0 0 0 0 0 0 0 0 0 0 0 0 0 0 0 0 0 0 0 0 0 0 0 0 0 0 0 0 0 0 0.1367855756 0 0 0 0 0 0 0 0 0 0 0 0 0 0 0 0 0.3794739576 0 0.4498439546 0 0 0 0 0 0 0 0 0 0 0 0 0.04811888848 0 0 0 
0 0 0 0.1363647357 0 0 0 0 0 0 0 0 0 0 0 0 0.3273377353 0 0 0 0 0 0 0 0 0 0 0 0 0 0 0 0 0 0 0 0 0 0 0 0 0 0 0 0 0.007906279457 0 0.3308669544 0 0 0 0 0 0 0 0 0 0 0 0 0 0 0 0 0 0 0 0 0 0 0 0 0 0 0 0 0 0 0 0 0 0 0 0 0 1.406381933 0 0 0 0 0 0 0 0 0 0 0.4420913578 0 0 0 0 0 0.03055821505 0 0 0.0916015883 0 0 0 0 0 0 0 0 0 0 0 9.176751564 0 0 0 0 0 0 0 0 0 0 0 0 0 0 0 0 0 0 0 0 0 0 0 0 0 0 0 0 0 0 0 0 0 0.4372715278 0.1693495424 0 0 0 0 0 0 0 0 0 0 0 0 0 0 0 0 0 0 0 0 0 0 0 0 0 0 0 0 0 0 0 0 0 0 0 0 0 0 0 0 0 0 0 0 0 0 0 0 0 0 0 0 0 1.294255794 0 0 0 0 0 0 0 0 0 0 0 0 0 0 0 0 0 0 0 0 0 0 0 0 0 0 0 0 0 0 0 0 0 0 0 0 0 0 0 0 0 0 0.1290965782 0 0 0 0 0 0.01425277376 
0 0 0 0 0 0 0.09535481539 0 0 0 0 0 0 0 0 0 0.1121022484 0.1530471988 0 0.009132705305 0 0.003431442686 0 0 0 0 0.7313500701 0 0 0 0 0 0 0 0.1952346649 0 0 0.02727767101 0 0.05035321345 0.1231513992 0 0 0 0 0 0 0 0 0 0 0 0.0005052407867 0 0 0 0 0 0.3520475204 0 0 0 0 0 0.9830482173 0 0 0 0 0 0 0 0 0 0 0 0 0 0 0 0 0 0 0 0 0 0 0 0 0 0 0 0 0 0 0 0 0 0 0 0 0.1674595349 0 0 0 0 0 0 0 0 0 0 0 0 0 0 0 1.476690292 0 0 0 0.3372325848 0 0 0 0 0 0 0 0 0 0 0 0 0 0 0 0 1.124243853 0 0 0.093236513 0 2.127691124 0.1175275701 0 0 0 0 0 0 0 0 0 0 0 0 0 0 0 0 0 0 0 0 0 0 0 0 0 0 0 0 0 0 0 0 0 0 0 0 0 0 0 0 0.209883098 0 0 1.485165007 0 0 0 0 0.03508429486 0 0.3908893017 0 0 0 0 0 0 0 0 0 0 0 0 0 0 0 0 0.2037616173 0 0 0 0 0 0 1.350088082 0 0 0 0 0 0 0 0 0 0 0 0 0 0 0 0 0 0 0 0 0 0 0 0 0 0.05993693073 0 0 0 0 1.727999756 0 0 0 0 0 
0 0.01198517412 0 0 0 0.009587261383 0 0 0 0.1139314245 0 0 0 0 0.1562019388 0 0 0 0 0 0 0.2872480582 0 0 0 0 0.08997882393 0 0 0 0 0 0 0 0 0 0 0 0 0 0 0 0 0 0 0 0 0 0 0 0 0 0 0 0 0 0 0 0 0 0 0 0 0 0 0 0 0 1.128725914 0 0 0 0 0 0 0 0 0 0 0 0 0 0 0.3755334464 0 0 0 0 0 0 0 0 0 0 0 0 0 0 0 0 0 0 0 0 0 0 0 0 0 0 0 0 0 0 0 0 0 0 0 0.4904266196 0 0 0 0 0 0 0 0 0 0 0 0 0 0 0 0 0 0.1809067239 0 0 0 0 0 0 0 0 0 0 0 0 0 0 0 0 0 0.08094051968 0 0 0 0 0 0 0 0 0 0 0 0 0 0 0 0 0 0 0 0 0 0 0 0 0 0 0 0 0 0.3028917639 0 0 0 0 0 0 0.2408941869 0 0.2242820666 0 0 0 0 0 0 0 0 0 0 0 0 0 0 0 0 0 0 0 0 0 0 0 0 0 0 0 0 0.7173431988 0 0 0 0 0 0 0 0 0.2337727987 0 0 0 0 0 0 0 0 0 0 0 0 0 0 0 0 0 0 0 0 0 0 0 
0 0 0 0.08415358701 0 0 0.1871589919 0 0 0 0.115817984 0 0 0 0 0 0 0 0 0.02882490966 0.0512102176 0 0 0.01784299254 0 0 0 0.3472841174 0 0.1983517414 0 0 0 0 0 0 0 0 0 0.05758921485 0 0 0 0 0 0 0 0 0 0 0 0 0 0 0 0 0 0 0 0 0 0 0 0 0 0 0 0 0 0 0 0 0 0 0 0 0 0 0 0 0 0 0 0 0 0 0 0 0 0 0 0 0 0 0 0 0 0 0 0.9948306908 0 0 0 0 0 0.729713553 0 0 0 0 0 0 0 0 0 0 0 0 0 0 0 0 0 0.3444917544 0 0 0 0 0 0 0 0 0 0 0 0 0 0 0 0 0 0 0 0 0 0 0 0 0 0 0 0 0 0 0 0.1104536223 0 0 0 0 0 0 0 0 0 0 0 0 0 0 0 0 0.173818352 0 0 0 0 0.1331782592 0 0 0 0 0 0 0 0 0 0 0 0 0 0 0 0 0 0 0.1940797764 0 0.03701088076 0 0 0 0 1.384786426 0 0 0 0 0 0 0 0.2378424767 0.1425967066 0 0 0 0 0 0 0 0 0 0 0 0 0 0 0 0 0 0 0 0 0 0 0 0 0 0 0 0 0 0 0 0 0 0 0 0 0 0 0 0 0.3974880124 0.09011061326 0 
0 0 0 0 0 0.04841467621 0 0 0 0 0 0 0.1489162056 0 0 0 0 0.5268554395 0 0 0 0 0 0 0 0 0.1462332718 0 0 0 0 0 0 0 0 0 0 0 0.0277077465 0 0 0 0 0 0 0 0 0 0 0 0.07890043806 0 0 0 0 0 0 0 1.514554746 0 0 0 0 0 0 0 0 0 0 0 0 0 0 0.2617595517 0 0 0 0 0 0 0 0 0 0 0 0 0 0 0 0.4872985319 0 0 0 0 0.6720202454 0 0 0 0 0 0 0 0 0 0 0 0 0 0 0 0 0 0 0 0 0 0.03121274788 0 0 0 0 0 0 0 0 0 0 0 0 0 0 0 0 0 0 0 0 8.311658935 0 0 0.1125539479 0 0 0 0 0 0 5.535245041 0 0 0 0 0 0.4539854479 0 0.09759307243 0 0 0.3784986294 0 0 0 0 0 0 0 0 0 0.09290936815 0 0 0 0 0 0 0 0 0 0 0 0 0 0 0 0 0 0 0 0 0 0 0 0 0 0.1806424233 0 0 0 0 0 0.3912571097 0 0 0 0 0 0.3032377578 0 0 0 0 0 0 0 0 0 0 0 0 0 0 0 0 0 0 0 0 0 0 0 0 0 0 0 0 0 0 0 0 0 0 0 0 0 0.1539509335 0.3685127318 0 0 0 0 0 0 0 0 0 0 
0 0 0 0 0.095277826 0 0 0 0 0.09996467153 0 0 0 0 0 0 0.02193233424 0 0 0 0 0 0 0 0 0 0 0 0 0 0 0 0 0 0 0 0.2607465203 0 0 0 0 0 0 0 0 0 0 0 0 0 0 0 0 0.03950537533 0 0 0 0 0 0 0 0 0 0 0 0.4574339869 0 0 0 0 0 0 0 0 3.388225569 0 0 0 0 0 0 0 0 0.01917185825 0 0 0 0 0 1.16938772 0 0 0 0 0 0 0 0 0 0 0 0 0 0 0 0 0 0 0 0 0 0 0 0 0 0 0 0 0 0 0 0 0 0 0 0 0 0 0 0 0 1.215620174 0 0 0 0 0 0 0.06114606274 0 0 0 0 0 0 0.333252868 0 0 0 0 0 0 0 0.1478755068 1.254506616 0 0 0 0 0 0 0 0 0 0 0 0 0 0 0 0 0 0.1998882775 0.3435560844 0 0.1590102523 0 0 0 0.1307826791 0 0 0 0 0 0 0 0 0 0 0 0.283874467 0 0 0 0 0 0 0 0 0 0 0 0 0 0 0 0.2340769232 0 0 0 0 0 0 0 0 0 0 0 0 0 0 0 0 0 0 0 0.4640617533 0 0 0 0 0 0 0 0 0 0 0 0 0 0 0 0 0 0 0 0 0 0 0 0 0.1169800135 0.3014754174 0 0 
0 0 0 0 0.9913251528 0 0 0 0 0 0 0 0 0 0 0 0 0 0 0 0 0 0 0 0 0 0 0 0.05007610016 0 0 0 0 0 0 0 0 0 0 0 0 0 0 0 0 0 0 0 0 0 0 0 0 0 0 0 0 0 0 0 0 0 0 0 0 0 0 0 0 0.05562218025 0.2511667695 0 0 0 0 0.2811592268 0 0 0 0 0 0.3896227611 0 0 0 0 0 0 0 0 0 0 0 0 0 0 0 0 0 0 0.6459858477 0 0 0 0 0 0 0 0 0 0 0 0 0 0 0 0 0 0 0 0 0 0 0 0 0 0 0 0 0 0 7.747553266 0 0 0 0 0 0 0 0 0 0 0 0 0 0 0 0 0 0 0 0 0 0 0 0 0 0 0 0 0 0.275367624 0 0 0 0 0 0 0 0 0 0 0 0 0 0 0 0 0 0 0 0 0 0 0 0 0 0 0 0 0 0 0 0 0 0 0.3087763637 0 0 0 0 0 0 0 0 0 0 0 0 0 0 0 0.7087853092 0 0 0 0 0 0.197159503 0 0 0 0 0 0 0 0 0 0 0 0 0 0 0 0 0 0 0 0 0 0 0 0 0 0 0 0 0 0 0 0 0 0 0 0 0 
0.8701218932 0 0 0 0 0 0 0 0 0 0 0 0 0 0 0 0 0 0 0 0 0 0 0 0 0 0 0 0 0 0 0 0 0 0 0 0 0 0.08067604074 0 0 0.03926654676 0 0 0 0 0 0 0 0 0 0 0 0 0.06872660432 0 0 0 0 0.4223887322 0.1171756584 0 0 0 0 0 0 0 0 0 0 0 0 0 0.1440066038 0 0 0.2486095293 0.02591564905 0 0 0 0 0 0 0 0 0 0 0 0 0 0 0 0 0 0 0.1528438815 0 0 0 0 0 0 0 0 0 0.1343491934 0 0 0 0.4616201989 0 0 0 0 0 0 0 0 0 0 0 0 0 0 0 0.1301193196 8.119296875 0 6.050119812e-05 0 0 0 0 0 0 0 0 0 0 0 0 0 0 0.1308811717 0 0.2160101154 0 0 0 0 0 0 0 0 0.3846401209 0 0 0 0 0 0 0 0 0 0 0 0 0 0 0.1493743663 0 0 0 0 0 0 0 0 0 0 0 0 0 0 0 0 0 0 0 0 2.955857272 0 0 0 0 0 0 0 0 0 0.4583893053 0 0 0 0 0 0 0 0 0 0 0.1955676263 0 0 0 0 0 0 0 0 0 0 0 0 0 0 0 0 0 0 0 0 0 0 0.5711343052 0 0 0 0 0 0 0 0 0 0 0 0 0 0 0 0 0 0 0 
0 0 0 0.211333226 0 0 0 0 0.003176589148 0 0 0 0 0 0 0 0 1.670104066 0 0 0 0 0 0 0 0 0 0 0 0 0.751935565 0 0 0 0 0 0 0.3150938978 0 0 0 0 0 0 0 0 0 0 0 0 0 0 0 0 0 0 0 0 0 0 0 0 0 0 0 0 0 0 0 0 0.04981900511 0 0 0 0 0 0 0 0 0 0 0 0 0 0 0 0 0 0 0 0 1.511364126 0 0 0 0 0 0.2746449586 0 0 0 0 0 0 0 0 0 0 0 0 0 0 0 0 0 0 0 0 0 0.0001394303817 0 0 0 0 0 0 0 0 0 0 0 0 0 0 0 0 0 0 0 0 0 0 0 0 0.5833389963 0 0 0 0 0 0 0 0 0 0 0 0 0 0 0 0.001641749283 0 0 0 0 0 0 0 0 0 0 0 0 0 0 0 0 0 0 0 0 0 0 0 0 0.1353181542 0 0 0 0 0 0 0 0.1904745909 0 0 0 0 0 0 0 0 0 0 0 0 0 0 0 0 0 0 0.02970929264 0 0 0 0 0 0 0 0 0 0 0.1306311415 0 0 0 0 0 0 0 0 0 0 0 0 1.126263486 0 0 0 0 0 0 0 0 0 0.0002447789128 0 0 0 0 0 0 0 0 0 
0 0 0 0 0 0 0 0 0 0.0500040369 0 0 0 0 0 0 0 0 0 0 0 0 0 0.0156227772 0 0 0 0 0 0 0 0 0 0 0 0 0 0 0 0 0 0 0 0 0 0 0 0 0 0 0 0 0.1743750606 0 0 0.366352904 0 0 0 0 0 0 0 0 0 0 0 0 0 0 0.02906020118 0 0 0.03652021302 0 0 0 0 0 0 0 0 0 0 0 0 0 0 0 0 0 0 0 0 0 0 0 0.3796899183 0 0 0 0 0 0 0 0.4472124355 0 0.4295683154 0 0 0 0 0 0 0 0 0 0 0 0 0 0 0 0 0 0 0 0 0 0 0 0 0 0 0 0 0 0 0 0 0 0 0 0 0 0 0.109564459 0 0 0 0 0 0 0.9106959541 0 0 0 0.309729708 0 0 0 0 0 0 0 0 0 0 0.04444116474 1.073151181 0 0 0 0 0 0 0 0 0 0 0 0 0 0 0 0 0.3145116816 0 0 0 0 0 0 0 0 0 0 0 0 0 0 0.001664241485 0 0 0 0 0 0 0 0 0 0 0 0 0 0 0 0 0 0 0 0 0 0 0 0 0 0 0 0 0 0 0 0 0 0 0 0 0 0 0 0 0 0 0 0 0 0 0 0 0 0 0 0 0 0 
0 0 0 0 0 0 0 0 0 0 0 0 0 0.159757782 0 0 0 0.08220120986 0 0 0.0006815737042 0 0 0 0 0 0 0 0.06487078076 0 0 0 0.1473552353 0 0 0 0 0 0 0 0 0 0 0 0 0 0 0 0 0 0 0 0 0 0 0 0 0 0 0 0 0 0 0 0 0 0 0 0 0 0 0 0 0 0 0 0 0 0 0 0 0 0 0 0 0 1.305581868 0 0 0 0 0 0 0 0 0 0 0 0 0 0 0 2.699753779 0 0 0 0 0 0 0 0 0 0 0 0 0 0 0 0 0 0 0 0 0 0 0 0 0 0 0 0 0 0 0.5427861779 0 0 0 0 0 0 0 0 0 0 0 0 0 0 0 0 0 0 1.106407539 0 0 0.1374510101 0 0 0.2161480293 0 0 0 0 0 0 0 0 0 0 0 0 0 0 0 0 0 0.4543814049 0 0 0 0 0 0 0 0 0 0 0 0 0.0503359396 0 0 0 0 0 0 0 0 0 0 0 0.05753742992 0 0 0 0 0.8340200765 0 0.1519971229 0 0 0 0 0 0 0 0 0.8402428889 0 0.04628023317 0 0.3516154663 0 0 0 0 0 0 0 0 0 0 0 0 0 0 0 0 0 0 0 0 0 0 0 0 0 0 0.002847886654 0 0 0 0 0 0 0 
0 0 0 0 0 0 0.1263080051 0 0 0 0 0 0.4379815789 0.07229079114 0 0.8709130653 0 0 0 0 0 0 0 0 0 0 0 0 0 0 0 0 0 0 0 0 0 0 0 0 0 0 0 0 0 0 0 0 0 0 0 0 0 0 0 0 0 0 0.08575444992 0 0 0 0 0 0 0 0 0.204509899 0 0 0 0 0 0 0.868158294 0 0 0 0 0 0 0 0 0 0 0 0 0 0 0 0 0 0 0 0 0 0.5321307134 0 0 0 0.06928437409 0 0 0 1.006918996 0 0 0 0 0 0 0 0 0 0 0 0 0 0 0 0 0 0 0 0 0 0 0 0 0 0 0 0 0 0 0 0 0 0 0 0 0 0 0 0 0 0 0 0 0 0 0 0 0 0 0 0 0 0 0 0 0 0 0 0 0 0.4755812208 0 0 0 0.6454134754 0 0 0 0 0 0 0 0 0 0 0 0 0 0 0 0 0 0 0 0 0 0.4034876898 0 0 0 0 0 0 0 0 0.4091939951 1.201853371 0 0 0 0 0 0 0 0 0 0 0 0 0 0 0 0 0 0 0 0 0 0 0 0.04458666991 0 0 0 0 0 0 0 0 0 0 0 0 0 0 0 0 0 0 0 0 0 0 0 0 0 0.07932365917 0 0 0 
0 0 0 0 0.1771777192 0 0 0 0 0 0.1486451536 1.305776849 0 0.6454957067 0 0 0 0.1910465201 0.5646157079 0 0 0 0 0 0 0 0 0 0 0 0 0 0 0 0 0 0 0 1.207946309 0 0 0 0 0 0 0 0 0 0 0 0 0 0 0 0 0 0 0 0 0 0 0 0.7034628421 0 0 0 0 0 0 0 0 0 0 0 0 0 0 0 0 0 0 0 0 0 0 0 0 0 0 1.998823299 0 0 0 0 0 0 0.3961712169 0 0 0 0 0 0 0 0 0 0 0 0 0 0 0 0 0 0 7.299446113 0 0 0.1157927646 0 0 0 0 0 0 0 0 0 0 0 0 0 0 0 0 0 0 0 0 0 0 0 0 0 0 0 0 0 0 0 0 0 0 0 0 0 0 0 0 0 1.188495728 0 0 0 0 0 0 0 0 0 0 0 0 0 0 0 0 0 0 0 0 0 0 0 0 0 0 0 0 0 0 0 0 0.1312169143 0.0001415029301 0.0526554689 0 0 0 0.363158657 0 0 0 0 0 0 0 0 0 0 0 0 0 0.3756728449 0 0 0 0 0 0 0 0 0.002408643882 0 0 0 0 0 0 0 0 0 0 0 0.02899791638 0 0 0 0 0 0 1.702183696 0 0 0 0 0 0 0 0 0 0.2023216225 0 0 0 0 
0 0 0 0 0 0 0 0 0 0 0 0 0 0 0 0 0 0 0 0 0 0 0 0 0 0 0 0 0 0 0 0 0 0 0 0 0 0 0 0 0 0 0 0.0572187407 0 0 0 0 0 0.01472790127 0 0 0 0.06057627267 0 0 0 0 0 0 0 0 0 0 0 0 0 0 0 0 0 0 0 0 0 0 0 0 0 0 0 0 0 0 0 0 0 0 0 0 0 0 0.2750549464 0 0 0 0 0 0 0 0 0 0 0 0 0 0 0 0 0 0.4304361811 0 0 0 0 0 0 0 0 0 0 0 0 0 0 0 0 0 0 0 0 0.05461508766 0 0 0 0 0 0 0 0 0 0 0 0 0 0 0 0 0 0 0.4188489549 0 0 0.01721073705 0 0 0 0 0 0 0 0 0 0 0 0 0 0 0.03461626276 0 0 0 0 0 0 0 0 0 0 0 0 0 0 0 0 0 0 0 0 0 0 0 0 0 0 0 0 0 0 0 0 0 0 0 0.3920890359 0.3235189183 0 0 0 0 0 0 0 0 0 0 0 0 0 0 0 0 0 0 0 0 0 0 0 0 0 0 0 0 0 0 0 0 0 0 0 0 0 0 0 0 0 0 0 0 0 0 0 0 0 0 
0 0 0 0 0 0 0 0 0 0 0 0 0 0.05371343249 0 0 0 0 0 0 0 0 0 0 0 0.703933782 0 0 0 0 0 0 0 0 0 0 0.008083501847 0 0 0 0 0 0 0 0 0 0 0 0 0 0 0 0.04974207151 0 0 0 0 0 0 0 0 0 0 0 0 0 0 0 0 0 0 0 0 0 0 0 0 0 0 0 0 0 0 0 0 0 0 0 0 0 0 0 0 0 0 0 0 0 0 0 0 0 0 0 0 0 0 0 0 0 0 0 0 0 1.017314424 0 0 0 0 0 0 0 0 0 0 0 0.6869352995 0 0 0 0 0 0 0 0 0 0 0 0 0 0 0 0 0 0 0 0 0 0 0 0 0 0.2151333254 0 0 0.2061899232 0 0 0 0.03708317832 1.164042653 0 0.4733315204 0 0 0 0 0 0 0 0.1133473103 0 0 0 0 0 0 0 0 0 0 0 0 0 0 0 0 0.0267358714 0 0 0 0 0 0 0 0 0 0 0 0.4406625115 0 0 0 0 0 0 0 0 0 0 0 0 0 0 0 0 0 0 0 0 0 0 0 0 0 0 0 0 0 0 0 0 0 0 0.001253607396 0 0 0 0 0.05689680928 0 0 0.1018278574 0 0 0 0 0 0 1.371716489 0 0 0 0 0 0 
0 0 0 0 0 0 0 0 0 0 0 0.9670062838 0 0 0 0 0 0 0 0 0.3960427597 0 0 0 0 0 0 0.1242101053 0 0 0 0 0 0 0 0 0 0 0 0 0 0 0 0 0 0 0.1553209468 0 0 0 0 0 0 0 0 0 0 0 0 0 0 0 0 0 0 0 0 0 0 0 0 0 0 0 0 0 0 0 0 0 0 0 0 0 0 0 0 0 0 0.3682300136 0 0 0 0 0.1216375773 0 0 0 0 0.2886603769 0.09466928123 0 0 0.005496474856 0 0 0 0 0 0 0.8169739065 0 0 0 0 0 0 0 0 0 0 0 0.1563922545 0 0 0 0 0 0 0 0 0 0 0 0 0 0 0 0.2067429905 0 0 0 0 0.07896047435 0 0 1.452312427 0.09028292365 0 0 0 0 0 0 0 0 0 0 0 0 0 0 0 0 0.2380563741 0 0 0 0 0 0 0 0 0 0 0 0 0 0 0.2541901446 0 0 0 0 0 0 0 0 0 0 0 0 0 0 0 0 0 0 0 0 0 0 0 0 0 0 0.816142982 0.2287241323 0 0 0 0 0 0 0 0 0 0 0 0 0 0 0 0 0 0 0 0 0 0 0 0 0 0 0 0 0 0 0.00391841174 0 0 0.2991209744 0 0 0 0 0 0 0 0 0 0 0 0 0 0 
0 0 0 0 0 0 0.0286614222 0 0 0 0 0 0 0 0 0 0 0 0 0 0 0 0.01003759608 0 0 0 0 0 0 0 0 0 0 0 0 0.4774776451 0 0 0 0 0 0 0 0 0 0 0 0 0 0 0 0 0.01038276359 0 0 0 0 0 0 0 0 0 0 0 0 0 0 0 0 0 0 0 0 1.176906595 0 0 0 0 0 0 0 0 0 0 0 0 0.09705644568 0 0 0 0 0.125836273 0 0 0 0 0 0 0.2281282038 0 0 1.612927147 0 0 0 0 0 5.506622827e-05 0 0 0 0 0.02846748442 0 0 0 0 0.006487468113 0 0 0 0 0 0 0 0 0.5323382403 0 0 0 0 0.01310608982 0 0 0 0 0 0 0 0 0 0 0 0 0 0 0 0 0 0 0 0 0 0 0.0333176305 0 0 0 0 0 0 0 0 0 0 0 0 0 0 0 0 0 0 0 0 0 0 0.3480885363 0 0 0 0 0 0 0 0 0 0 0 0 0 0 0 0 0 0 0 0 0 0.1835510617 0 0 0 0 0.1531276989 0 0 0 0 0 0 0 0 0 0 0 0 0 0 0 0.03813956988 0.2554318909 0 0 0 0 0 0 0 0 0 0 0 0 0.05046115762 0 0 0 0 0 0 0 0 0 0 0 0 0 0 0 0 0 0 0 0 0 
0.1650480721 0 0 0 0 0 0 0 0 0 0 0.02072725469 0 0 0 0 0 0 0 0 0 0 0 0 0 0 0 0 0 0 0 0.1155769362 0 0 0 0 0 0 0 0 0 0 0 0 0 0 0 0 0 0 0 0 0 0 0 0 0 0.2199740733 0 0 0 0 0 0 0 0 0 0 0.1241710885 0.08466975877 0 0 0 0 0.1079254729 0 0 0.4615916794 0 0 0 0.3488237241 0 0 0 0 0 0 0 0 0 0 0 0 0 0 0 0 0 0 0.4100152118 0 0 0 0 0 0 0 0 0 0 0 0 0 0 0 0 0 0 0 0 0 0 0 0 0 0 0 0 0 0 0 0 0 0 0 0 0 0 0 0.002915725906 0 0 0 0 0 0 0 0 0 0 0 0 0 0 0 0 0 0 0 0 0 0 0 0 0 0 0 0 0 0 0.3129530065 0 0 0 0 0 0 0 0 0.0003178446338 0 0 0 0 0 0 0 0 0 0.7032441852 0 0 0 0 0 0 0 0 0 0 0 0 0 0 0 0.3679735274 0 0 0 0 0 0.06677641319 0 0 0.155211609 0.01471376821 0 0 0 0 0 0 0 0.1888876987 0 0 0 0 0 0 0 0 0 0 0 0 0 0 0 0 0 0 0 0 0 0 0 0 0 0.05225446884 0 0 0 0 0 
0 0 0 0 0 0.0009542403924 0 0 0 0 0 0 0 0 0 0 0 0 0.0008004237757 0 0 0 0 0 0 0 0 0 0 0 0 0 0 0 0 0 0 0 0 0 0 0 0 0 0 0 0 0 0 0 0 0 0 0 0 0 0 0 0 0 0 0 0 0 0 0 0 0 0.1733585395 0 0 0 0 0 0 0 0 0 0 0 2.328082454 0 0 0 0 0 0 0 0 0 0 0.1115429887 0 0 0 1.104839636 0 0 0 0 0 0 0 0 0 0 0 0.4989759571 0 0 0 0 0 0 0 0 2.830258824 0 0 0 1.4209936 0 0 0 0 0.133097271 0 0 0 0 0 0 0.5124257274 0.4027862344 0 0 0 0 1.308993493 0 0 0 0 0 0 0 0 0 0 0 0 0 0 0 0 0 0 0 0 0 0 0.006260256582 0 0 0 0 0 0 0 0 0 0 0 0 0.01833279401 0 0 0 0 0 0 0 0 0.1710097291 0 0 0 0 0 0 0 0 0.2694339693 0 0 0 0 0 0 0 0 0 0 0 0 0 0 0 0 0 0 0 0 0 0 0 0 0 0 0 0 0.1167080724 0 0 0 0 0 0 0 0 0 0 0.1568815603 0 0 0 0 0 0 0 0 0 0 0 0 0 0 0 0 0 0 0 0 0 0 0 
0 0 0 0.01731610617 0 0 0 0 0 0 0 0 0 0.2127728471 0 0.01058446563 0 0 0 0.01892332167 0 0 0 0 0 0 0 0.02152867276 0 0 0.0337537155 0 0 0 0 0 0 0 0 0 0 0 0 0 0 0 0 0 0 0 0 0 0 0 0 0 0 0 0 0 0 0 0 0 0 0 0 0 0 0 0 0 0 0 0 0 0 0 0 0 0.04600752104 0 0 0 0 0 0 0 0 0 0 0 0 0.1591417046 0 0 0 0 0.3803018935 0 0 0 0 0 0 0 0.9996769411 0 0.01371648207 0 0 0 0 0 0 0 0 0 0 0 0 0 0 0 0 0 0 0 0 0 0 0 0 0 0 0 0 0 0 0 0 0 0 0.2177297741 0 0 0 0.0542108975 0 0 0 0 0 0 0 0 0 0 0 0 0 0.3477018101 0 0 0 0 0 0 0 0 0 0 0 0 0 0 0 0 0 0 0 0 0 0 0 0 0.06310072117 0 0 0 0 0 0 0 0 0 0 0 0 0 0 0 0 0 0 0 0 0 0 0 0 0 0 0 0 0 0 0 0 0 0 0 0 0 0 0 0 0 0 0 0 0 0 0 0 0 0 0 0 0 0 0 0 0 0 0 0 0 0 0 0 0.1012006052 0 0 0.01212875853 0 
0.01220845881 0 0 0 0 0 0 0 0 0 0 0 0 0 0 0 0 0 0 0 0 0 0 0.2435087752 0 0 0 0 0 0.1159959922 0 0 0 0 0.06511225768 0 0 0 0 0 5.887278558e-05 0 0 0 0 0 0 0 0 0 0 0 0 0 0 0 0 0 0 0 0 0 0 0 0 0 0 0 0 0 0 0.1957819241 0 0 0 0 0 0 0 0 0 0 0 0 0 0 0 0 0 0 0 0 0 0 0 0 0 0.2538953454 0 0 0 0 0 0 0 0 0 0 0 0 0.1378020072 0 0 0 0 0 0 0 0 0 0 0 0 0 0 0 0 0.1354592328 0.1035060678 0 0 0 0 0 0 0 0 0 0 0 4.941732175 0 0 0 0 0 0 0 0 0 0 0 0 0 0 0.001474447367 0 0 0 0 0 0 0 0 0.08560888677 0.3870708855 0 0 0 0 0 0 0 0 0 0 0 0 0 0 0 0 0 0 0 0 0.2077241234 0 0 0 0 0 0 0 0 0 0 0.04362274892 0 0 0 0 0 0.2896612766 0 1.426248392 0 0 0 0 0 0 0 0 0 0 0 0 0 0.04574510952 0 0 0 0 0 0 0 0 0 0 0.1744632002 0 0 0 0.045323494 0 0 0 0 0 0 0 0 0 0 0 0 0 0 0 0 0 0 0 0 0 
0 0 0 0 0 0 0 0 0 0 0 0 0 0 0 0 0 0 0.08218675585 0 0 0 0 1.076054776 0 0 0.003226406773 0 0 0 0 0 0.1445484656 0 0 0 0 0 0 0 0 0 0 0 0 0 0 0 0 0 0.0731447932 0 0.2099894808 0 0 0 0 0 0 0 0 0 0 0.1407698076 0 0 0 0 0 0 0 0 0 0 0 0 0 0 0 0 0 0 0.3616744156 0 0 0 0 0 0 0 0 0 0 0 0 0 0 0 0 0 0 0 0 0 0 0 0 0 0 0 0 0 0 0 0 0.07600802732 0 0 0 0 0 0.005795456824 0 0 0 0 0 0.4074190653 0 0 0 0 0 0 0 0.2097747063 0 0 0 0 0 0 0 0 0 0 0 0 0 0 0 0 0 0 0 0 0 0.0271191291 0 0 0 0 0 0 0.5413651496 0 0 0 0 0 0 0 0 0 0 0 0 0 0 0 0 0 0 0 0 0 0 0 0 0 0 0 0 0.1764137133 0 0 0.03669309278 0 0 0 0 0 0 0 0 0 0 0 0 0 0 0 0 0 0 0 0 0 0 0 0 0 0 0 0 0 0 0 0.09393252502 0 0 0 0 0 0 0 0 0 0 0 0 0 0 0 0 0 0 0 0 0 0 0 0 0 0.3026227182 0 
0 0 0 0 0 0 0 0 0 0 0 0 0 0 0.0003368824892 0 0 0 0 0 0 0 0 0 0 0 0 0 0 0 0 0 0 0.5082573199 0 0 0 0 0 0 0 0 0 0 0 0 0 0.4039918531 0 0 0 0 0 0 0 0 0 0 0.1371961564 0 0 0 0 0 0 0 0 0.1072372254 0 0 0 0 0 0 0 0.1034679506 0 0 0 0 0 0 0 0 0 0 0 0 0.47183749 0 0 0 0 0 0 0.02898485783 0 0 0 0 0 0 0 1.417119673 0 0 0 0.004110757023 0 0 0.1589147625 0 0 0 0 0 0 0 0 0 0 0 0 0 0 0 0 0 0 0.1602309156 0 0 0 0 0 0 0 0 0 0.9073894927 0 0.2078979466 0 0 0 0 0 0 0 0 0 0 0 0 0 0 0 0 0 0.6874864202 0 0 0 0 0 0 0 0 0 0 0 0.004050137617 0 0 0 0 0 0 0.001606387225 0 0 0 0.01887985814 0 0 0 0 0.4048116334 0 0 0 0 0 0 0 0 0 0 0 0 0 0 1.257570207 0 0 0.1890151134 0 0 0.001488848768 0 0 0 0.08621788824 0 0 0.1251308846 0 0 0 0 0 0 0.08457045206 0 0 0 0 0 0 0 0 0 0 0 0 0 0 0 0 0 0 0 0 0 0 0.00167813889 0 0 0 0 0 0 0 0 0 0 
0 0 0 0 0 0 0 0 0 0 0 0 0 0 0 0 0 0 0 0 0 0 0 0 0 0.05508306012 0 0 0 0 0 0 0 0 0 0 0 0 0.44485164 0 0 0 0 0 0 0 0 0 0 0 0 0 0 0 0 0 0 0 0.2697541964 0 0 0 0.2722719457 0 0 0 0 0 0 0 0 0 0 0 0 0 0 0 0 0 0 0 0 0 0 0 0 0 0 0.004499173438 0 0 0 0.1291168619 0.177399154 0 0 0 0 0 0 0 0 0 0.1020365857 0 0 0 0 0 0 0 0 1.360812188 0 0 0 0 0 0 0 0 0 0.1948876845 0 0 0 0 0 0 0 0 0 0 0 0 0 0 0 0 0 0 0 0.287118436 0 0 0 0 0.2181160765 0 0 0 0 0 0 0 0 0.47183776 0 0 0.1005675282 0 0 0 0 0 0 0 0 0 0 0 0 0 0 0 0 0 0 0 0 0 0 0 0 0.1251388993 0 0 0 0 0 0 0 0 0 0 0 0 0 0.1225061352 0 0 0 0 0 0 0 0 0 0 0 0 0 0 0 0 0 0 0 0 0 0 0 0 0 0 0.2820970326 0 0 0 0.2840927682 0 0 0 0 0 0 0 0 0 0 0 0 0 0 0 0 0 0 0 0.011386133 0.0273601662 0 0 0 0 
0 0 0 0 0 0 0 0 0 0 0.04198413878 0 0 0.4791519329 0 0 0 0 0 0 0 0 0 0 0 0 0 0 0 0 0.3896573241 0 0 0 0 0 0 0 0 0 0 0 0 0 0 0 0 0 0 0 0 0 0 0 0 0 0 0 0 0 0 0 0 0 0 0 0 0 0 0 0 0 0 0 0 0 0 0 0 0 0 0 0 0 0 0 0 0 0 0 0 0 0 0 0 0 0 0 0 0 0 0 0 0 0 0 0.007807147351 0 0 0.1884353408 0 0 0 0 0 0 0 0 0 0 0 0 0 0 0.1086346066 0 0 0 0 0 0 0 0 0 0 0 0 0 0 0 0 0 0 0 0 0 0 0 0 0 0 0.2341564531 0 0 0 0 0 0 0 0 0 0 0 0 0 0 0 0 0 0 0 1.479171833 0 0 0 0 0 0 0 0 0 0 0 0 0 0 0 0 0 0 0.1719326312 0 0 0 0 0 0 0 0 0 0 0 0 0 0 0 0 0 0 0 0 0 0 0 0 0 0 0 0 0 0 0 0 0 0 0 0 0.494368981 0 0 0 0 0 0 0 0 0 0 0 0 0 0 0 0 0 0 0 0 0.2829844366 0 0 0 0 0 0 0 
0 0 0 0.08454686586 0 0 0 0 0 0 0 0 0 0 0 0 0 0 0 0 0 0 0 0 0 0 0 0 0 0 0 0 0 0.03007646077 0.09879283835 0 0 0 0 0 0 0.006981520013 0 0.2981348052 0.01655457186 0 0 0 0 0.04020617035 0 0 0 0 0 0 0.3732288985 0 0 0 0 0 0 0 0 0 0 0 0.01296086295 0 0 0.2289251453 0 0.180625252 0 0.1374208293 0 0 0 0 0 0 0 0 0 0 0 0 0 0 0 0 0 0.856420721 0 0 0 0 0 0 0 0 0 0 0 0 0 0 0 0 0 0 0 0.2124997377 0 0 0 0 0 0 0 0 0 0 0 0.3964608862 0 0 0 0 0.1905744103 0 0 0 0 0 0 0 0 0 0 0 0 1.472041536 0 0 0 0 0 0 0 0 0 0 0 0 0 0 0 0 0 0 0 0 0 0 0 0 1.049802132 0 1.320769864 0 0 0 0.1202995477 0 0 0 0 0 0 0 0 0 0 0 0 0 0.007746445705 0 0 0 0 1.100946438 0.0006865384046 0 0 0 0 0 0 0 0 0 0 0 0 0 0 0 0 0 0 0 0 0 0 0 0 0 0 0 0 0 0 0 0 0 0 0 0 0 0 0 0 0 0 0 0.1262049903 0.02066766893 0 0 0 0 0 0 0 0 0 0 0 0.003076479206 0 0 0 0 
0 0.1247706466 0 0 0 0 0 0 0 0 0 0 0 0 0 0 0 0 0 0 0 0 0 0 0 0 0 0 0 0 0 0.04258956471 0 0 0 0.09492913784 0 0 0 0 0 0.8932756254 0 0 0.005240985643 0 0 0 0 0.5133540986 0 0 0 0.07030131943 0 0 0 0 0 0 0 0 0 0 0 0 0 0 0 0 0 0 0 0 0 0 0 0 0 0 0 0 0 0 0 0.1302912637 0.7265696582 0.1340386707 0 0 0 0 0 0 0 0 0 0 0 0 0 0 0 0 0 0 0 0 0 0 0 0 0 0 0 0 0 0 0 0 0 0.09593255767 0 0 0 0 0 0 0 0 0 0 0 0 0 0 0 0 0.2072298764 0 0 0 0 0 0 0 0 0 0 0.5393067901 0.1463324261 0 0 0 0 0 0 0 0 0 0 0 0 0 0 0 0 0 0 0 0 0 0 0 0 0 0 0 0 0 0 0 0 0 0 0 0 0 0 0 0 0 0 0.03290952104 0 0 0 0 0 0 0 0 0 0 0 0 0.1707092098 0 0.02821813432 0 0 0 0 0 0 0 0 0 0 0 0 0.05344264714 0.003268347005 0 0 0 0 0 1.367713102 0 0 0 0.1400924912 0 0 0 0 0 0 0 0 0 0 0 0 0 0 0 0 0 0.0001076705462 0 0 0 0 0 
0 0 0 0 0 0 0.1553212203 0 0 0 0 0 0 0 0 0 0 0 0 0 0 0 0 0 0 0.1213088772 0 0 0 0 0 0 0 0 0 0 0 0 0 0 0 0 0 0 0 0.1193782885 0 0 0 0 0 0 0.1639021534 0 0 0 0 0 0 0 0 0 0 0 0 0 0 0 0 0 0 0 0 0 0 0 0 0 0 0 0 0 0 0 0 0 0 0 0 0 0 0 0 0 0 0 0.04892742311 0 0 0 0 0 0 0 0 0 0 0 0 0 0 0 0 0 0 0 0 0 0 0 0 0 0.2792587361 0 0 0 0 0 0 0 0 0 0 0 0 0 0 0 0 0 0 0 0 0.1185890816 0 0.3365400767 0 0 0 0 0 0 0 0 0 0 0 0 0 0 0 0 0 0 0 0 0 0 0 0 0 0 0.2494188124 0.02754169123 0 0 0 0 0 0 0 0 0 0 0 0 0.178101997 0 0 0.375176703 0 0 0 0 0 0 0 0 0 0 0 0 0 0 0.0052001616 0 0 0 0 0 0 0 0 0 0 0 0 0 0 0 0 0.1187217133 0 0 0 0 0 0 0 0 0.370798475 0 0 0 0 0 0.1088464429 0 0 0 0.1114211654 0 0 0 0 0 0 0 0 0 0 0 0 0 0 0 
0 0 0 0 0 0 0 0 0 0 0 0 0 0 0 0 0 0 0 0 0 0 0 0 0 0 0 0 0 0 0 0 0 0 0 0 0 0 0 0 0 0 0 0 0 0 0 0 0 0 0 0 0.1551567317 0 0 0 0 0 0 0 0 0 0 0 0 0 0 0.9253259409 0 0 0 0 0 0 0 0 0 0 0 0 0.005440471044 0 0 0 0 0 0 0.9580772878 0 0 0 0 0 0 0 0 0 0 0 0 0 0 0 0 0 0 0 0 0 0 0 0.04080866553 0 0 0 0 0 0 0.02131937806 0 0 0 0 0 0 0 0 0 0 0 0 0 0 0 0.3042566787 0 0 0 0.1165775595 0 0 0 0 0 0 0 0 0 0 0 0 0 0 0 0 0 0 0 0 0 0 0 0 0 0 0 0 0 0 0 0 0 0 0 0 0 0 0 0 0 0 0 0 0 0 0 0 0 0 0 0 0 0 0 0 0 0 0 0 0 0 0 0 0 0 0.2490730064 0 0 0 0 0 0 0 0 0 0 0 0 0 0 0 0 0.008905094366 0 0 0 0 0 0 0 0.1989739552 0 0 0.8953457621 0 0 0 0 0 0 0 0 0 0 0.3142997927 0 0 0 0.3213952194 3.971235528e-05 0 0 0 0 0 0 
0 0 0 0 0 0 0 0.2968474709 0.04774561098 0 0 0 0 0 0 0 0 0 0 0 0 0 0 0 0 0 0 0.02149701586 0 0 0 0 0 0 0 0 0 0 0 0 0 0 0 0 0 0 0 0 0 0 0 0 0 0 0 0 0 0.05421521432 0 0 0 0 0 0 0 0 0 1.283745818 0 0 0 0 0 0 0 0 0 0.1433120548 0 0 0 0 0 0 0.07520947666 0 0 0 0.01045671773 0 0 0 1.444803987 0 0 0 0 0 0 0 0 0 0 0 0 0 0 0 0 0 0 0 0 0 0 0 0 0 0 0 0 0 0 0 0 0 0 0 0 0 0 0 0 0 0 0 0 0 0 0 0 0.5084111559 0 0 0 0 0 0 0 0 0 0 0 0 0 0 0 0 0 0 0 0 0 0 0.2087707891 0.1295171619 0 0 0 0 0 0.03397064477 0 0 0.1963268642 0 0.05414339825 0 0 0 0 0 0 0 0 0 0 0 0 0 0 0 0 0 0 0 0 0.09417374329 0 0 0 0 0 0 0 0 0 0 0 0 0 0 0 0 0 0 0 0 0 0 0 0 0 0 0 0 0 0 0 0 0 0 0 0 0.1609381693 0 0 0 0 0 0 0 0 0 0 0 0 0 0 0 0.147341894 0 0 0 0 0.03588390234 
0 0 0 0 0 0 0 0 0 0 0 0 0 0 0 0 0.1218232849 0 0 0.7297097308 0 0 0 0.0335605747 0 0.02328585182 0 0 0.05243754686 0 0 0 0 0.0206742452 0 0 0 0 0 0 0 0 0 0 0 0 0 0 0 0 0 0 0 0 0 0 0 0 0 0 0 0 0 0 0 0 0 0 0 0 0 0 0 0 0 0 0 0 0 0 0 0 0 0 0 0 0 0 0 0 0.004181478253 0 0.1002949733 0 0 0 0 0 0 0 0 0 0 0 0 0 0 0 0 0 0 0 0 0 0 0 0 0 0 0 0 0 0 0 0 0 0 0 0 0 0 0 0 0 0 0 0 0 0 0 0 0 0 0 0 0 0 0 0 0 0 0 0 0.2081858965 0.00920307625 0 0 0 0 0 0 0 0 0 0 0 0 0.01607058857 0 0.4255834336 0 0 0 0 0 0 0 0 0 0 0 0 0 0 0 0 0 0 0.03392242311 0 0 0 0 0 0 0 0 0 0 0 0 0 0 0.296541373 0 0.08967690931 0 0 0 0 0 0 0 0 0 0 0 0 0 0 0 0 0 0 0 0 0 1.65271679 0 0 0 0 0 0 0 0 0 0 0 0 0 0 0 0 0.07645275369 0 0.2483849939 0 0 0 0 0 0.01004034186 0 0 0 
0 0 0 0 0 0 0 0 0 0 0 0 0 0 0 0 0 0 0 0 0 0.1351719994 0.5165349042 0 0 0 0 0 0 0 0 0 0 0 0 0 0 0 0 0 0 0 0 0 0 0 0 0 0 0 0 0 0 0 0 0 0 0 0 0 0 0 0 0 0 0 0 0 0 0 0 0 0 0 0.09310885715 0 0 0 0 0 0 0 0 0 0 0 0 0 0 0 0 0 0 0 0 0 0 0 0 0 0 0 0 0 0 0 0 0 0.09859222796 0 0 0 0 0.2852790948 0 0 0 0 0 0 0 0 0 0 0 0 0 0 0 0 0 0 0 0 0 0 0 0 0 0 0 0 0 0 0 0 0 0 0 0 0 0 0 0 0 0 0 0 0 0 0 0 0 0 0 0 0 0 0 0 0.4946991974 0 0 0 0 0 0 0 0 0 0 0 0.007320916687 0 0 0 0 0 0.1573552844 0 0 0 0 0 0 0 0 0 0 0 0 0 0.2723969026 0 0 0 0 0 0 0 0 0 0 0 0 0 0 0 0 0 0.07573072116 0 0.001598245625 0 0 0 0 0 0 0 0 0 0 0 0 0.4123302217 0 0 0 0 0 0 0 0 0 0 0 0 0 0 0 0 0.03812637339 0 0.2032070725 0 
0 0 0 0.04574077614 0 0 0 0 0 0 0 0 0 0 0.03084547399 0 0.04242063782 0 0 0 0 0 0 0 0 0 0 0 0 0 0 0 0 0 0 0.02354883186 0 0 0 0 0 0 0 0 0 0 0.06949532788 0 0 0 0 0 0 0 0 0 0 0 0 0 0 0.06768058572 0 0 0 0 0 0 0 0 0 0 0 0 0 0 0 0.01034539689 0 0 0 0 0 0.02154259558 0 0.00115698951 0 0 0 0 0 0 0 0 0 0 0 0 0 0 0 0 0.004859522719 0 0 0 0 0 0 0 0 0 0 0 0 0 0 0 0.4256184351 0 0.09369327213 0.3657953346 0 0 0 0 0 0 0.09673747491 0 0 0 0 0 0 0 0 0 0 0 0 0 0 0 0 0 0 0 0 0 0 0 0 0 0 0 0 0.9729593579 0 0 0 0 0 0 0 0 0 0 0 0 0 0 0 0 0 0 0 0 0 0 0 0 0 0 0 0 0 0 0 0 0 0 0 0 0 0 0 0 0 0.0005867270435 0 0 0 0 0 0.116005253 0 0 0 0 0 0 0 0 0 0 0 0 0 0 0 0 0 0 0 0 0 0 0 0 0 6.107832571e-05 0 0 0 0 0.008594847969 0 0 0 0 0 0.1277885262 0 0 0 0 0 0 0 0 0 0 0 0 0 
0 0 0.0441022642 0 0 0 0 0 0 0 0 0 0 0 0 0 0 0 0 0 0 0 0 0 0 0 0 0 0 0 0.1338906712 0 0.1700883081 0 0 0 0 0 0 0 0 0 0 0 0 0 0 0 0 0 0 0 0 0 0 0 0 0 0 0.01764150738 0 0.1961145455 0 0 0 0 0 0 0 0 0 0 0 0 0 0 0 0 0 0 1.52740339 0 0 0 0 0 0 0 0 0 0 0 0 0 0 0 0 0 0 0 0 0 0 0 0 0 0 0 0.08011783747 0 0 0 0 0 0 0 0 0 0 0 0 0 0 0 0 0 0 0 0 0 0 0.03214552653 0 0 0 0 0 0.3682046742 0 0 0 0 0 0 0 0 0 0 0 0 0 0 0 0 0 0 0.4557249674 0 0 0 0 0 0 0 0 0 0 0 0 0 0 0 0 0 0 0 0 0 0 0 0 0 0 0 0 0 0 0 0.9381283409 0 0 0 0 0 0 0 0 0 0.06334284605 0 0 0 0 0 0 0 0 0 0 0 0 0 0 0 0 0 0 0.01978578316 0 0 0 0.003395643867 0 0 0 0 0 0 0 0 0 0 0 0 0 0.3132208403 0 0 0 0 0 0 0 0 0 0 1.63139612 0.09286175994 0 0 0 0 0 0 0 0 
0 0 0 0 0 0 0 0 0 0 0 0 0 0 0 0 0 0 0 0 0 0 0 0 0 0 0 0 0 0.2357475067 0.3574947718 0 0 0 0 0 0 0 0 0 0 0 0 0.6579940379 0 0 0 0 0 1.224021455 0 0 0 0 0 0 0 0 0 0 0 0 0 0 0 0 0 0 0 0 0 0 7.276850777e-05 0 0 0 0 0.007670476258 0 0 0 0 0 0 0 0 0 0 0 0 0 0 0 0 0 0 0 0 0 0 0 0 0 0 0 0 0 0 0 0 0 0 0 0.008710279361 0 0.1200731763 0 0 0 0 0 0 0 0 0 0.01122774728 0 0 0 0 0 0 1.080867359 0 0 0 0 0 0 0 0 0 0 0 0 0 0 0 0 0 0 0 0.01510996211 0 0 0 0 0.007098358489 0 0 0 0 0 0 0 0 0 0 0 0 0 0 0 0 0 0 0 0 0 0 0 0 0 0 0 0 0 0 0 0 0 0 0 0 0 0 0 0.1862880079 0 0 0 0 0.1425812598 0 0 0 0 0 0 0 0 0 0 0 0 0 0 0 0.03022806197 0 0 0 0 0 0 0 0 0 0 0 0 0 0.04769976956 0 0 0 0 0 0 0 0 0.03348173982 0 0 0 0 0 0 0 0 0 0 0 0 0 0 
0 0 0 0 0 0.02090843012 0 0.08061470001 0 0 0 0 0 0 0 0 0 0 0 0 0.03363023286 1.265849547 0 0 0 0 0 0 0 0 0 0 0 0 0 0 0 0 0 0 0 0 0 0 0 0 0 0 0 0 0 0 0 0 0 0 0 0 0 0 0 0 0 0 0 0 0 0.01364433137 0 0.05533668676 0 0 0 0 0 0.342615664 0 0 0 0 0.09024228543 0 0 0 0 0 0.351015169 0 0.02071941419 0 0.004306766149 0 0 0 0 0 0 0 0 0 0.1206608908 0 0 0 0.009543085473 0 0 0 0 0 0 0 0 0 0 0 0 0 0 0 0 0 0 0 0 0 0 0 0 0 0 0 0 0 0.156310884 0 0 0 0 0 0 0 0 0 0 0 0 0 0 0 0 0 0 0 0 0 0 0 0 0 0 0 0 0 0 0 0 0 0 0 0.3704229052 0 0.2281313824 0 0 0 0 0 0 0 0 0 0 0 0 0 0 0 0 0 0.4181721123 0 0 0 0 0 0 0 0 0 0 0 0 0 0 0 0 0 0 0.07493261451 0 0 0 0 0 0 0 0 0 0 0 0 0 0 0 0 0 0.06448483144 0 0 0 0 0 0 0 0 0 0 0 0 0 0 0 1.017302184 0 0 0 0 0 0 0 0 0 0 0 0 
0.02223491531 0 0 5.864703602e-05 0.02563378644 0 0 0 0 1.390286114 0 0 0 0 0 0 0 0 0 0 0 0 0 0 0.08897309595 0 0 0 0 0 0 0 0 0 0 0 0 0 0 0 0 0 0 0 0 0 0 0 0 0 0 0 0 0.04551990914 0 0 0 0 0 0 0 0 0 0 0 0 0 0 0 0.1278486465 0 0 0 0 0.003643293881 0 0 0 0 0 0 0 0 1.18704877 0 0 0 0.05214587169 0 0 0 0 0 0 0 0 0 0 0.1733675717 0 0 0 0.3640512427 0 0 0 0 0 0 0 0 0 0 0 0 0 0.0003302481882 0 0 0 0 0 0 0 0 0 0 0 0 0 0 0 0 0 0 0 0 0.0002598353065 0.01750848116 0 0 0 0 0 0 0 0 0.5309491385 0 0 0 0 0 0 0 0 0 0 0 0 0 0 0 0 0 0 0 0 0 0 0 0.09958310466 0 0 0 0 0 0 0 0 0 0.3684679632 0 0 0 0 0 0 0 0 0 0 0.1689930575 0 0 0 0 0 0.07835295602 0 0 0 0 0 0 0 0 0 0 0 0 0 0 0 0 0 0 0.05444456206 0 0 0 0.02533614184 0 0 0 0 0 0 0 0 0 0 0.03751723095 0 0 0 0 0 0 0 0 0 0 0 0.00659608797 0 0 0 0 0 0 0 0 0 0 0 
0 0 0 0.06776494479 0 0 0 0 0 0 0 0 0 0 0 0 0 0 0 0 0 0 0 0 0 0 0 0 0 0 0 0.236264252 0 0 0 0 0 0 0 0 0 0 0 0 0 0 0 0 0.1543661771 0 0 0 0 0 0 0 0 0 0.1966296178 0 0 0 0 0 0 0 0 0 0 0 0 0 0.07824717486 0 0 0 0 0 0 0 0 0 0 0 0 0 0 0 0 0 1.104754558 0 0 0.3735164842 0 0 0.1933896387 0 0 0 0 0 0 0 0 0 0 0 0 0 0 0 0 0 0 0 0.3283036375 0 0 0 0 0 0 0 0 0 0 0 0 0 0 0 0 0.1370793404 0.006932826328 0 0 0 0 0.001695159905 0 0 0.00320115804 0 0 0 0 0 0 0 0 0 0 0 0 0 0 0 0 0 0 0 0 0 0 0 0 0 0 0 0 0 0 0 0 0 0 1.134133584 0 0.05516286096 0.06381868824 0 1.137199433 0 0 0 0 0 0.248990464 0.07232734109 0.3444664061 0 0 0 0 0 0 0 0 0 0 0 0 0 0 0 0 0 0 0 0 0 0.4529227187 0 0 0 0 0 0 0.1146093976 0 0 0 0 0 0 0 0 0 0 0 0 0 0 0 0 0 0 0 0 0 0 0 0 0 0 0 0 0.3528181142 0 0 0 0 0 0 0 
0 0 0 0 0 0 0 0 0 0 0 0 0 0 0 0 0 0 0 0 0 0 0 0 0 0 0 0 0 0 0 0 0 0 0 0 0 0 0 0 0.0001032497296 0 0 0 0 0 0 0 0 0 0 0 0 0.4550906052 0 0 0 0 0 0 0 0.1693361619 0.03729907618 0 0 0 0 0.4587737111 0 0.003276083558 0 0 0 0.09739912154 0 0 0 0 0 0 0 0 0 0 0.5334025244 0 0 0 0 0 0 0.2091670419 0 0 0 0 0 0 0 0.2034661708 0 0.08338349311 0 0 0 0 0 0 0 0 0 0 0 0 0.02101305542 0 0 0 0 0 0 0 0 0 0 0 0 0 0 0 0 0 0.09620485104 0 0 0 0 0 0 0 0 0 0 0 0 0 0 0 0 0 0 0 0 0 0 0 0 0 0 0 0 0 0 0 0 0 0 0 0 0 0 0 0 0.06617191498 0 0 0 0 0 0 0 0.1001222703 0 0 0 0 0 0 0 0 0 0 0.007674800012 0 0 0 0.006453749623 0 0 0 0 0 0 0 0 0 0 0 0.1691154795 0 0 0 0 0 0 0 0 0 0 0 0 0 0 0 0 0 0 0 0 0.0001870640845 0 0 0.02144031393 0 0 0 0 0 0 0.4949160921 0 0 0 0 0 0 0 0 0 0 0 0 0 0 0 0 
0 0 0 0 0 0 0.01992636366 0 0 0 0 0 0 0 0 0 0 0 0 0 0 0.1351861059 0 0 0 0 0 0 0 0 0 0 0 0 0 0 0 0 0 0 0 0 0 0 0 0 0 0 0 0 0 0 0 0 0 0 0 0 0 0 0.1980238683 0 0 0 0 0 0.03650091142 0 0 0 0 0 0 0 0 0 0 0 0 0 0 0 0 0 0.07966082708 0 0 0 0 0 0 0 0 0 0 0 0.2203762035 0 0 0 0 0 0 0 0 0 0 0 0 0 0 0.1656810971 1.626508882 0 0 0 0 0 0 0 0 0 0 0 0 0 0 0 0 0 0 0 0 0 0 0 0 0 0 0 0 0 0 0.434104684 0 0 0 0 0 0.1279413251 0 0 0 0 0 0 0 0 0 0 0 0 0 0 0 0 0 0 0 0 0 0 0 0 0 0 0 0 0 0 0 0 0 0 0 0 0 0 0 0 0 0 0 0 0 0 1.457653487e-05 0 0 0 0 0 0 0 0 0 0 0 0 0 0 0 0 0 0 0 0 1.605959109 0 0 0 0 0 0 0 0 0 0 0 0 0 0 0 0 0 0 0 0 0 0 0 0 0 0 0 0 0 0 0.06270342752 0 0 0 0 0 0 0 
0 0 0 0 0 0 0 0 0 0 0 0 0 0 0 2.984753268e-05 0 0 0 0 0 0 0 0 0 0 0 0 0 0 0 0 0 0 0 0 0 0 0 0 0 0 0 0.04690217117 0 0 0 0 0 0 0 1.210067706 0 0 0.1918083983 0 0 0 0 0 0 0 0 0 0 0 0 0 0 0 0 0 0 0 0 0 0 0 0 0 0.03097383683 0 0 0 0 0 0 0 0 0 0 0 0 0 0 0 0 0 0 0 0 0 0 0.07256351582 0 0 0 0 0 0 0 0 0 0 0 0 0 0 0 0 0.3081653338 0 0 0 0 0 0 1.714531657 0 0.001621004316 0 0 0 0 0 0 0 0 0 0 0 0 0 0 0 0 0 0 0 0 0 0 0 0 0 0 0 0 0 0 0 0 0 0 0 0 0 0 0 0 0 0 0 0 0 0 0 0 0 0 0 0.2853762158 0.3830761541 0 0 0.08648090923 0 0 0 0 0 0 0 0 0 0 0 0 0 0 0 0 0 0 0 0.01251836442 0 0 0 0.05926568311 0 0 0 0 0 0 0 0 0 0 0 0 0 0 0 0 0.05233824707 0 0 0 0 0 0 0 0 0 0 0 0 0.1869256689 0 0 0 0 0 0 0 0 0 0 0 0 0 0 0 0 
0 0 0 0 0 0 0 0.008918272196 0 0 0 0 0 0 0 0 0 0 0 0 0.3138084842 0 0 0 0 0 0 0 0 0 0 0 0 0.02924005143 0 0 0 0 0 0.4599296263 0 0 0 0.05233254448 0 0 0.005280379126 0 0 0 0 0.005598372414 0 0 0 0 0 0.3762471715 0 0 0 0 0 0 0 0 0 0 0 0 0 0 0 0 0 0 0 0 0.02557848907 0 0 0 0 0 0 0 0 0 0 0 0 0 0 0 0 0 0 0 0 0 0 0 0 0 0.01164155604 0 0 0 0 0 0 0 0 0.02724280016 0 0 0 0 0 0 0 0 0 0 0 0 0 0 0 0 0.2252747519 0 0 0.07696557108 0 0 0 0 0 0 0 0 0 0 0 0 0 0 0 0 0 0 0 0 0 0 0 0 0 0 0 0 0 0 0 0 0 0 0 0 0 0 0 0.0152776577 0 0 0 0 0 0 0 0 0 0 0 0 0 0 0.02078846389 0 0.4335363771 0 0 0 0 0 0 0 0 0 0 0 0 0 0.00379093037 0 0 0.04404008731 0 0 0 0 0 0 0 0 0 0 0.0008240337791 0 0 0 0 0 0 0 0 0 0 0 0 0 0 0 0 0 0 0 0.1414468607 0 0.08689253433 0 0 0 0.078433005 0 0 0 0 0 0 0 0 0 0 0 
0 0 0 0 0 0 0 0 0 0 0 0 0 0 0 0 0 0 0 0 0 0 0 0 0 0 0 0 0 0 0 0 0 0 0 0 0 0 0 0 0 0 0 0 0 0 0 0 0 0 0 0 0 0 0 0 0 0 0 0 0 0 0 0 0.09378957516 0 0 0 0 0 0 0 0 0.02369873648 0 0 0 0 0.1795721103 0 0 0 0 0 0 0 0 0 0 0 0 0 0 0 0 0 0 0 0 0 0 0 0 0 0 0 0 0 0 0 0 0 0 0 0 0 0 0 0 0 0 0 0 0 0 0 1.247991244 0 0 0 0 0 0 0 0 0 0 0 0 0 0 0 0 0 0 0 0 0 0 0 0 0 0 0 0 0 0.00685090813 0 0 0 0 0 0 0 0 0 0.2246998247 0 0 0 0 0 0 0 0 0 0 0 0 0 0 0 0 0.0003868577486 0 0 0 0 0 0.05387480907 0 0 0 0 0 0 0 0 0 0 0 0 0 0 0 0 0 0 0 0 0 0 0 0 0 0 0 0 0 0 0 0 0 0 0 0 0 0 0 0 0 0 0 0 0 0 0 0 0 0 0 0 0 0 0 0.05175382583 0 0.04908506249 0 0 0 0 0 0 0 0 
0 0 0 0 0 0 0 0 0 0 0 0 0 6.962677139e-05 0 0 0 0.0472887565 0 0 0 0 0 0 0 0 0 0 0 0 0 0 0 0.02643439714 0 0 0 0.2610716883 0 0 0 0 0 0 0 0 0 0 0.1262968671 0 0 0 0 0 0 0 0 0 0 0 0 0 0 0 0 0.1034826936 0 0 0 0 0 0 0 0 0 0 0 0 0 0 0.001988187692 0 0 0 0 0 0 0 0 0 0 0 0 0 0 0 0 0 0 0 0 0 0 0 0 0 0 0 0 0 0 0 0 0 0 0 0 0 0.02858490259 0 0.03542422307 0 0 0 0 0 0 0 0 0 0 0 0.3780751415 0 0 0 0.07267786638 0 0 0 0 0 0 0 0 0 0 0 0 0 0 0 0 0 0 0 1.536449754 0 0 0 0 0 0 0 0 0 0 0 0 0 0 0 0.1916707754 0 0 0.1095598693 0 0 0 0 0 0 0 0 0 0 0 0 0 0 0 0 0 0 0 0 0 0 0 0 0 0 0.02155730658 0 0 0.01305492558 0 0 0 0 0 0 0 0 0.3564016028 0 0 0 0 0 0 0 0 0 0 0 0 0 0 0 0 0 0 0 0 0 0 0 0 0 0 0 0 0 0 0 0 0 0 0 0 0 0 0 0 0 
0 0 0 0 0 0 0 0 0 0 0 0 0 0 0 0 0.02859181953 0 0 0 0 0 0 0 0 0 0 0 0 0 0 0 0 0 0 0.07542727912 0 0 0 0 0 0 0 0 0 0 0 0 0 0 0 0 0 0 0 0 0 0 0 0 0 0 0 0 0 0 0 0 0 0 0 0 0.1014696121 0 0 0 0 0 0 0 0 0 0 0 0.007092125348 0 0 0 0 0 0 0 0.02776221654 0 0 0 0.004656069396 0 0 0 0 0 0 0 0 0 0 0 0 0 0 0 0 0 0 0 0.03991373566 0 0 0 0 0 0 0 0 0 0 0 0 0 0 0 0 0 0 0 0 0 0 0 0 0 0 0 0 0 0 0 0 0 0 0 0.0431090279 0 0 0 0 0 0 0 0.7337989195 0 0 0 0 0 0 0 0 0 0 0 0 0 0 0 0 0 0.8795188418 0 0 0 0 0 0 0 0 0 0 0 0 0 0 0 0 0 0 0 0 0 0 0 0 0 0 0 0 0 0 0 0 0.7474251441 0 0 0 0 0 0 0 0 0 1.283305981 0 0 0 0 0 0 0 0 0 0 0.00129448182 0 0 0.004564534346 0 0 0 0 0 0 0.3586063656 0 0 0 0 0 0 0 0 0 0 0 0 0 
0 0 0 0 0 0 0 0 0 0 0 0 0 0.00592789091 0 0 0 0 0 0 0 0 0 0 0 0 0 0 0 0 0 0 0 0 0 0 0 0 0 0.8329585457 0 0 0 0.0818613681 0 0 0 0 0 0 0 0 0 0 0 0.1372234368 0 0 0 0 0 0 0 0 0 0 0 0 0 0 0 0 0 0 0 0 0 0 0 0 0 0 0 0 0 0 0 0 0 0.006543742675 0.1752023076 0 0 0 0 0 0 0 0 0 0 0 0 0 0 0.102289942 0 0 0 0 0 0 0 0 0 1.470295673 0 0 0 0 0 0 0 0 0 0 0 0 0 0 0 0 0 0 0 0 0 0 0 0 0 0 0 0 0 0 0 0.002525685756 0 0 0 0 0 0 0 0 0 0 0 0 0 0 0 0 0 0 0 0 0 0 0 0 0 0 0 0 0.02975926913 0 0 0 0 0 0.1146317505 0 0 0 0 0 0.01626303208 0 0 0 0 0 0 0 0 0 0 1.391311638 0 0 0 0 0 0.1083051999 0 0 0 0 0 0.0005143553288 0 0 0 0 0 0 0 0 0 0 0 0 0 0 0 0 0 0 0 0 0 0 0 0 0 0 0 0 0 0 0 0 0 0 0 0 0 0 0 0 0 0 0 0 
0.0006251117075 0 0 0 0.2921550383 0.1010758589 0 0 0 0 0 0 0 0 0 0 0 0.05674679717 0 0.009180861889 0.0006524956891 0 0 0 0 0 0 0 0 0 0 0 0 0 0 0 0 0 0 0 0 0 0 0 0 0 0 0 0 0 0 0 0 0 0 0 0 0 0 0 0 0 0 0 0 0 0 0 0 0 0 0 0 0 0 0 0 0 0 0 0.6831911429 0 0 0 0 0 0 0 0 0 0 0 0 0 0 0 0 0 0 0 0 0 0 0 0 0 0 0 0 0 0 0 0 0 0 0 0 0 0 0 0 0 0 0 0 0 0 0 0 0 0 0 0 0 0 0 0 0 0.01814954712 0 0 0 0 0 0 0 0 0 0 0 0 0 0 0 0.08012865306 0 0 0 0 0.08358028586 0 0 0.1806339568 0 0 0 0 0 0 0 0 0 0 0 0.116659131 0 0 0 0 0 0 0 0 0 0 0 0 0.2371029522 0 0 0 0 0 0 0 0 0 0 0 0 0 0 0.02482046458 0 0 0 0 0 0 0 0 0 0 0 0 0 1.419032892 0 0.1843041303 0 0 0 0 0 0 0 0 0 0 0 0 0 0 0 0 0.04697622398 0 0 0 0 0 0 0 0 0.4028814608 0 0 0 0 0 0.0006742691403 0 0 0 0 0 
0 0 0 0 0 0.3628820163 0 0 0 0 0 0 0 0 0 0 0 0 0 0 0 0.03622473067 0 0 0 0 0 0 0 0 0 0 0 0 0 0 0 0 0 0 0 0 0 0 0 0 0 0 0 0 0 0 0 0.1514363573 0 0 0 0 0 0.02706572812 0 0 0 0 0 0 0 0 0.05374661874 0 0.04643417518 0 0 0 0 0 0 0 0 0 0 0 0 0 0 0 0 0 0 0 0 0 0 0 0 0.08275563267 0 0 0 0 0 0 0 0 0 0 0 0 0 0 0 0 0.01634940344 0 0 0 0 0 0 0 0 0.03726436085 0 0 0 0 0 0 0 0.4906064984 0 0 0 0 0 0 0 0.2150054144 0 0 0 0 0 0 0 0 0 0 0 0 0 0 0.1551536873 0 0 0 0 0 0 0 0 0 0 0 0 0 0 0 0 0 0 0 0 0 0 0 0 0 0 0 0.1929542117 0 0 0 0.2027484421 0 0 0.0463624579 0 0 0.03839968656 0 0.04293338822 0 0 0 0 0 0 0 0 0 0 0 0 0 0 0 0 0 0 0 0 0 0 0 0 0 0 0 0 0 0 0 0 0 0.08241349325 0 0 0 0 0 0 0 0 0 0 0 0 0 0 0 0 0 0 0 0 0 0 0 0 0 0 0 0 0 
# Events [detector/detector.dat] N:
0 0 0 0 0 0 0 0 0 1 0 0 0 0 0 0 0 0 0 0 0 0 0 0 0 0 1 0 0 0 1 0 0 0 1 0 0 0 1 1 0 0 0 0 0 0 1 0 0 0 0 1 0 0 0 0 0 0 0 0 0 0 0 0 0 0 0 0 0 0 0 0 0 0 0 0 0 0 0 0 0 1 0 0 0 0 0 0 0 0 0 1 0 0 1 0 0 0 0 0 0 0 0 0 0 0 0 0 0 1 0 0 0 0 0 0 0 0 0 0 0 0 0 0 0 0 0 0 0 0 0 0 0 0 0 0 0 0 0 0 0 0 0 0 0 0 0 0 0 0 0 0 0 1 0 0 0 0 0 0 0 1 0 0 0 0 0 0 0 0 0 0 0 0 0 0 0 0 0 0 0 0 0 0 0 0 0 0 0 0 0 0 0 0 0 0 0 0 0 0 0 1 0 0 0 0 0 0 0 0 0 0 0 0 0 0 0 0 0 0 0 0 0 0 0 0 0 0 0 0 0 0 0 0 0 0 0 0 0 0 0 0 0 0 0 1 0 0 0 0 0 1 0 0 0 0 
0 0 0 0 0 0 0 0 0 0 0 0 0 0 0 0 0 0 0 0 0 0 0 0 0 0 0 0 0 0 0 0 0 0 0 0 1 0 0 1 0 1 0 1 0 0 0 0 0 0 0 0 0 0 0 0 0 0 0 0 0 0 0 0 0 0 0 0 0 0 1 0 0 0 0 0 0 0 0 1 0 0 0 0 0 0 0 0 0 0 0 0 0 1 0 0 0 0 0 0 0 0 0 0 0 0 0 0 0 0 0 0 1 0 0 0 0 0 0 0 0 0 0 0 0 0 0 0 0 0 0 0 0 0 0 0 0 0 0 0 0 0 0 0 0 0 0 0 0 0 0 0 0 0 1 0 0 0 0 0 0 1 0 0 0 0 0 0 0 0 0 0 0 1 0 0 0 1 0 0 0 0 0 0 0 0 0 0 1 0 0 0 0 0 0 0 0 0 0 0 0 0 0 0 0 0 0 0 0 0 0 0 0 0 1 0 0 0 0 0 0 0 0 0 0 0 0 0 0 0 0 0 0 0 0 0 0 0 0 0 0 0 0 0 0 0 0 0 0 0 0 0 0 0 0 0 
0 0 0 0 1 0 0 0 0 0 1 0 0 0 0 0 0 0 0 0 0 0 0 0 0 0 1 0 0 0 0 0 0 0 0 0 1 0 0 0 0 0 0 0 0 0 0 0 0 0 0 0 0 0 1 0 0 0 0 0 1 0 0 0 0 1 0 0 0 0 1 0 0 0 0 0 0 1 0 0 0 0 0 1 0 0 0 0 0 2 1 0 0 0 0 0 0 0 0 1 0 0 0 1 0 0 0 0 0 0 0 0 0 0 0 0 0 0 0 0 0 0 0 0 0 0 0 0 0 0 0 0 0 0 0 0 0 0 1 0 0 0 0 0 1 0 0 0 0 0 0 0 0 0 0 0 0 0 0 0 0 0 0 0 0 0 1 0 0 0 0 0 0 0 0 0 1 0 0 0 0 0 0 0 0 0 0 0 0 0 0 0 0 0 0 0 0 0 0 0 1 0 0 0 0 0 0 0 1 0 0 0 0 0 1 0 0 1 0 0 0 0 0 0 0 0 0 0 0 0 0 0 0 0 0 0 0 0 0 0 0 0 0 0 0 0 0 0 0 0 0 0 1 0 0 0 
0 0 0 0 0 0 0 0 0 0 0 0 0 0 0 0 0 0 0 0 0 0 0 1 0 1 0 0 1 0 0 0 0 0 0 0 0 0 0 0 0 0 0 0 0 1 1 0 0 1 0 0 0 0 0 0 0 0 0 0 0 0 0 0 0 0 1 0 0 0 0 0 0 0 0 1 0 1 0 0 0 0 0 0 0 0 0 0 0 0 0 0 0 1 1 0 0 0 0 0 0 0 0 0 0 0 0 0 0 0 0 0 0 0 0 1 0 0 1 0 1 0 0 0 0 0 0 0 0 0 0 0 0 0 0 0 0 0 0 0 0 0 0 0 1 0 0 0 2 1 0 1 0 0 0 0 0 0 0 0 0 0 0 0 0 1 0 0 0 0 0 0 0 0 0 0 0 0 0 0 0 0 0 0 0 0 0 0 0 1 0 0 0 0 0 0 0 0 0 0 0 0 0 0 0 0 0 0 0 0 0 0 0 0 0 0 0 0 0 0 0 0 0 1 0 0 0 0 0 0 0 0 0 0 0 0 0 0 0 0 0 0 0 0 0 0 1 0 0 0 0 0 0 0 0 0 
0 0 0 0 0 1 0 0 0 0 0 0 0 0 0 0 0 0 0 0 0 0 1 0 0 0 0 0 0 0 0 0 0 0 0 0 0 0 0 0 1 0 0 0 0 0 0 0 0 0 0 0 0 0 0 0 0 0 0 0 0 0 0 0 0 0 1 0 0 0 0 0 0 0 0 0 0 0 0 2 0 0 0 0 0 0 0 0 0 0 0 0 0 0 0 0 1 0 0 0 0 0 0 0 0 0 0 0 0 0 0 0 0 0 0 0 0 0 0 0 0 0 0 0 0 0 0 0 0 0 0 0 0 0 0 0 0 0 0 0 0 0 0 0 0 0 0 0 0 0 0 0 0 0 0 0 0 0 0 0 0 0 0 0 0 0 0 0 0 0 0 0 0 0 0 0 0 0 0 0 1 0 0 0 0 0 0 0 0 0 0 0 0 1 0 0 0 1 0 0 0 0 0 0 0 0 0 0 0 0 0 2 0 0 0 0 0 0 0 0 0 0 0 0 0 0 0 0 0 0 0 0 0 0 0 0 0 0 0 0 0 0 0 0 0 0 0 0 0 0 0 0 0 0 1 0 
0 0 0 0 0 0 0 0 1 0 0 0 0 1 0 0 0 0 0 0 0 0 0 0 0 0 0 0 0 0 0 0 0 0 0 0 0 0 0 1 0 0 0 0 0 0 0 0 0 0 0 0 0 0 0 0 0 0 0 0 0 0 0 0 0 0 0 1 0 0 0 0 0 2 0 0 0 0 0 0 0 0 0 0 0 0 0 0 0 0 0 0 0 0 1 0 0 0 0 0 0 1 0 0 1 0 0 0 0 0 0 1 0 0 0 0 0 0 0 0 0 0 0 0 0 0 0 0 0 0 0 0 0 2 0 0 0 0 1 0 0 0 0 0 1 0 0 0 0 0 0 0 0 0 0 0 0 0 0 0 0 0 0 0 0 0 0 0 0 0 0 0 1 0 0 0 0 0 0 0 0 0 0 0 0 1 0 1 0 0 0 0 0 0 0 0 0 0 0 0 0 0 0 0 0 0 0 0 0 0 0 0 0 0 0 0 0 0 0 0 0 0 0 1 0 0 0 0 0 0 0 0 0 0 0 0 0 1 0 0 0 0 0 0 0 0 0 0 0 0 0 0 0 0 0 0 
0 0 0 0 0 0 0 1 0 1 0 0 0 0 0 0 0 0 0 0 0 0 0 0 0 0 0 0 0 0 0 0 0 0 0 0 0 0 0 0 0 0 0 0 0 0 0 1 0 0 0 0 0 0 0 0 0 0 0 0 0 0 0 0 0 1 0 0 0 0 0 0 0 0 1 0 1 0 0 0 0 0 0 0 0 0 0 0 0 0 0 0 0 0 0 1 0 0 0 0 0 0 0 0 1 0 0 0 0 0 0 0 0 0 0 0 0 0 0 0 0 0 0 0 0 0 0 0 0 0 0 0 0 0 0 0 0 1 0 0 1 0 0 0 0 0 0 0 0 0 0 0 0 0 0 0 0 0 0 0 1 0 2 0 0 0 0 0 0 1 0 0 0 0 0 0 1 0 0 0 0 0 0 0 0 0 0 0 0 0 0 1 0 0 0 1 0 0 0 0 0 0 0 0 0 0 0 1 0 0 0 1 1 0 0 0 0 0 0 0 0 0 0 0 0 0 0 0 0 0 0 0 0 0 0 0 0 0 0 0 0 0 0 0 0 0 0 0 0 0 0 0 1 0 0 0 
0 0 1 0 0 0 0 0 0 2 0 0 0 0 0 0 0 0 0 0 0 0 0 0 1 0 0 0 0 0 1 0 0 0 0 0 0 1 0 0 0 0 0 0 0 0 0 0 0 1 0 0 1 0 0 0 1 0 0 0 0 0 0 0 0 1 0 0 0 0 0 0 0 0 1 0 0 0 0 0 0 0 0 0 0 0 0 1 0 0 0 0 0 0 0 0 0 0 0 0 0 0 0 0 0 1 0 0 0 0 0 0 0 0 0 0 0 0 0 0 0 0 0 0 0 0 0 0 0 0 0 0 0 0 0 0 0 1 1 0 0 0 0 0 0 0 0 0 0 0 0 0 0 1 0 0 0 0 0 0 0 0 0 0 0 0 0 0 0 0 0 0 0 0 0 0 0 0 1 0 0 0 0 0 0 0 0 0 0 0 0 0 1 0 0 0 1 0 0 1 0 0 0 1 0 0 0 0 0 0 0 0 0 0 1 0 0 0 0 0 0 0 0 0 0 0 0 0 0 0 0 0 0 0 0 0 0 0 0 0 0 1 0 0 0 0 0 0 0 0 0 0 0 0 0 0 
0 0 0 0 0 0 0 0 0 0 0 0 0 0 0 0 0 0 0 0 0 0 0 0 0 0 0 0 0 0 0 1 0 0 0 0 0 0 0 0 0 0 0 0 0 0 0 0 0 0 0 0 0 0 0 1 0 0 0 0 0 0 0 0 0 0 1 0 1 0 0 0 0 0 0 0 2 0 0 0 0 0 0 0 0 0 0 1 0 0 0 0 1 0 0 0 0 0 0 0 0 0 1 0 0 0 0 0 0 0 0 0 0 0 0 0 0 0 0 0 1 0 0 0 0 0 1 0 0 0 0 0 0 0 0 0 0 0 0 0 0 0 0 0 0 0 0 0 0 0 0 1 0 0 0 0 0 0 0 0 0 0 0 0 0 0 0 0 0 0 0 0 0 0 0 0 0 0 0 0 0 0 0 0 0 0 0 0 1 0 0 1 0 0 0 0 0 0 0 0 0 0 0 0 0 0 0 0 0 0 0 0 0 0 0 0 0 0 0 0 0 0 1 0 0 0 0 0 0 0 0 0 0 0 0 0 0 0 0 0 0 1 0 1 0 1 0 0 0 0 0 0 0 0 0 0 
0 0 0 0 0 0 0 0 0 0 0 0 0 0 0 0 0 0 0 0 0 0 0 0 0 0 0 1 0 0 0 0 0 0 0 0 0 0 0 0 1 0 0 0 0 0 0 1 0 0 0 0 0 0 0 0 0 0 1 0 0 0 0 0 0 1 0 0 0 0 0 1 0 0 0 0 0 0 0 0 0 0 1 0 0 0 0 1 0 0 1 0 0 0 0 0 0 1 0 0 0 0 0 1 0 0 1 1 0 0 0 0 0 0 0 0 0 0 0 0 0 0 0 0 0 0 0 0 0 0 0 0 0 0 0 0 0 0 0 0 1 0 0 0 0 0 0 0 0 0 0 0 1 0 0 0 0 0 0 0 0 0 1 0 0 0 0 0 0 0 0 1 0 0 0 0 1 0 0 0 0 0 0 0 0 0 0 0 0 0 0 0 0 0 0 0 0 0 0 0 0 0 0 0 0 0 1 0 0 0 0 0 0 0 0 0 0 1 0 0 0 0 0 0 0 0 1 0 0 0 0 0 0 0 0 0 0 0 0 0 0 1 0 0 0 0 0 0 0 0 0 0 0 0 0 0 
0 0 0 0 0 1 0 0 0 0 0 0 0 0 0 1 0 0 0 0 0 0 0 1 0 0 0 0 0 0 0 0 0 0 0 0 0 0 0 0 0 0 0 0 0 0 0 0 0 1 0 0 0 0 0 0 0 0 0 0 0 0 0 0 0 0 0 0 0 1 0 0 0 0 0 0 0 0 0 0 0 0 0 0 0 1 1 1 0 0 0 0 0 0 0 1 0 0 0 0 0 0 0 0 1 0 0 1 0 0 0 0 0 2 0 0 1 0 0 0 0 0 0 0 0 0 0 0 0 0 0 0 0 0 0 0 0 0 0 0 0 0 0 0 0 0 0 1 0 0 0 0 0 0 0 0 0 0 0 0 0 0 0 0 0 0 0 1 0 0 0 0 0 0 0 0 0 0 0 0 1 0 0 0 0 0 0 0 0 0 0 1 1 0 0 0 0 0 0 0 0 0 0 0 0 0 0 0 0 0 0 0 0 0 1 1 1 0 0 0 0 0 0 0 0 0 1 0 0 0 0 0 0 0 0 0 0 1 0 0 1 0 0 0 1 0 0 0 0 0 0 0 0 0 0 0 
0 0 0 0 0 0 0 0 0 0 0 0 0 0 0 0 0 0 0 0 0 0 0 0 0 0 0 0 0 0 0 0 0 0 0 0 0 0 0 0 0 1 0 0 0 0 0 0 0 0 0 0 0 0 0 0 0 0 0 0 0 0 0 0 1 1 0 0 0 0 0 1 0 0 0 0 0 0 0 0 0 0 0 0 0 1 0 0 0 0 1 0 0 0 0 0 0 0 0 0 0 0 0 0 0 0 0 0 0 0 0 0 0 0 0 0 0 0 0 0 0 0 1 0 0 0 0 0 1 0 0 1 0 0 1 0 0 0 0 0 0 0 0 0 0 0 0 0 0 0 0 0 0 0 0 0 0 0 0 1 0 0 0 0 1 0 0 0 0 0 0 0 0 0 0 0 0 0 0 0 0 1 0 0 0 0 0 0 0 0 0 0 0 0 0 0 0 0 0 0 0 0 0 0 0 0 0 0 0 0 0 0 0 0 0 0 0 0 0 0 0 0 0 0 0 0 0 0 0 0 0 0 0 0 0 0 0 0 0 0 0 0 0 1 0 0 0 0 0 0 0 1 0 0 0 0 
0 1 0 0 0 0 0 0 0 0 0 0 0 1 0 0 0 0 0 0 2 0 0 0 0 0 0 0 0 0 0 0 0 1 0 0 0 1 0 0 0 0 1 0 0 0 0 0 0 0 0 0 0 0 0 0 0 0 0 0 0 0 0 0 0 0 0 0 0 0 0 0 0 0 1 0 0 1 0 0 0 0 0 0 0 0 0 0 0 0 0 0 0 0 0 0 0 0 0 1 0 0 0 0 0 1 0 0 0 0 1 0 0 0 0 0 0 0 0 0 0 0 0 0 0 0 0 0 0 0 0 0 0 1 0 0 0 0 0 1 0 0 0 0 0 0 0 0 0 0 0 0 1 0 1 0 1 0 0 0 0 1 0 0 0 0 1 0 0 0 0 0 0 0 0 0 0 0 0 0 0 0 0 0 0 0 0 0 0 0 0 0 0 0 0 0 0 0 0 0 0 0 0 0 0 0 0 0 0 0 1 0 0 0 0 0 0 0 0 0 1 0 0 0 0 0 0 0 0 0 0 0 0 0 0 0 1 0 0 1 0 0 0 0 0 0 0 0 0 0 0 0 0 1 1 0 
0 0 0 0 0 0 0 0 0 0 0 0 0 0 0 0 0 1 0 0 0 0 0 0 0 0 0 1 0 0 1 0 0 0 1 0 0 1 0 0 0 0 0 0 0 0 0 0 0 0 0 0 0 0 1 0 0 0 0 0 0 0 0 0 0 0 1 0 0 0 0 0 0 0 0 0 0 0 0 0 0 0 0 0 0 0 0 0 0 0 0 0 0 0 0 0 0 0 0 0 0 0 0 0 0 0 0 0 0 0 0 0 0 0 1 0 0 0 0 0 0 0 0 0 0 1 0 0 0 0 0 1 0 0 0 0 0 1 0 0 0 0 0 0 0 0 0 0 0 1 0 0 0 0 0 0 0 0 0 0 0 0 0 0 0 0 0 0 0 0 0 0 0 0 0 0 0 0 0 0 0 0 0 1 0 0 0 0 0 0 0 0 0 0 0 0 0 0 0 0 0 0 0 1 0 0 0 0 0 0 0 0 0 0 0 0 0 0 0 0 0 0 0 0 0 0 0 0 0 0 0 0 0 0 0 0 0 0 0 0 0 0 0 0 0 0 0 0 0 0 0 0 0 0 0 0 
0 0 0 0 0 0 0 0 0 0 0 0 0 0 0 0 0 0 0 0 0 0 0 1 0 0 0 0 0 0 0 0 0 0 0 0 0 0 0 0 0 1 0 0 0 0 0 0 0 0 0 0 0 0 0 0 0 0 0 0 1 0 1 0 0 0 0 0 0 0 0 0 0 0 0 0 0 0 0 0 0 0 0 0 0 0 0 0 0 0 0 0 0 0 0 0 0 0 0 0 0 0 0 0 0 0 0 0 0 0 0 0 0 0 0 0 0 0 0 0 0 0 0 0 0 0 0 0 0 1 0 0 0 0 0 1 1 0 0 0 0 0 0 0 0 0 0 0 0 0 0 0 0 0 0 0 0 0 0 0 0 0 0 0 0 0 0 0 1 1 0 0 0 0 0 0 0 1 1 0 0 0 0 0 0 0 1 0 0 0 0 0 0 0 0 0 0 0 0 0 0 0 0 0 0 0 0 0 0 0 0 0 0 0 0 0 0 0 0 0 0 0 0 0 0 0 0 0 0 0 0 0 1 0 1 0 0 0 0 0 0 0 0 0 0 0 0 0 0 0 0 0 0 0 0 0 
0 0 0 0 0 0 0 0 0 0 0 0 0 0 0 0 0 0 0 0 0 0 0 0 0 0 0 0 0 0 0 0 0 0 0 0 0 0 0 0 1 0 0 0 0 0 1 0 0 1 0 0 0 0 0 0 0 0 0 0 0 0 0 0 0 0 2 0 0 0 0 0 0 0 0 0 0 0 0 0 0 0 0 0 0 0 0 0 0 0 0 0 0 0 0 0 0 0 0 0 0 0 0 0 0 0 0 0 0 0 0 0 0 0 0 0 0 0 0 0 0 0 0 0 0 0 0 0 1 1 0 0 0 0 1 1 0 0 0 0 0 0 0 0 0 0 0 0 0 0 0 0 0 0 0 0 0 0 0 1 0 0 1 0 0 0 0 0 0 0 0 0 0 0 0 1 0 0 0 0 0 0 0 0 0 0 0 0 0 0 0 0 0 0 0 0 0 0 0 0 0 0 0 0 0 0 0 0 0 0 0 0 0 0 0 0 0 0 0 0 0 0 0 0 0 0 0 0 0 0 0 0 1 0 0 0 0 0 0 0 0 0 0 0 0 0 0 0 0 0 0 0 0 0 0 0 
0 0 0 0 0 1 0 0 0 0 0 0 0 0 0 0 0 0 0 0 0 0 0 0 0 0 0 0 0 2 0 0 0 0 0 0 0 0 0 0 0 0 0 0 0 0 0 0 0 0 0 1 0 0 0 0 0 0 0 1 0 0 0 0 0 0 0 0 0 0 0 1 0 0 1 0 0 0 0 0 0 0 0 0 0 0 0 0 0 0 0 0 1 0 0 0 0 0 0 0 0 0 0 0 0 0 0 0 0 0 0 0 0 1 0 0 0 0 0 0 0 0 1 0 0 0 0 0 1 0 0 0 0 0 0 0 0 0 0 0 0 0 0 0 0 0 0 0 0 0 0 0 0 0 0 0 0 0 0 0 0 0 0 0 0 0 0 0 0 0 0 0 0 0 0 0 0 0 0 0 0 0 0 0 0 0 0 0 0 0 0 0 0 0 0 0 0 1 0 0 0 0 0 0 0 0 0 0 0 0 0 0 0 0 0 0 0 0 0 0 0 0 0 0 0 0 0 2 0 0 0 0 0 0 0 0 0 0 0 0 0 0 0 0 0 0 0 0 1 0 0 0 0 0 0 0 
0 1 0 0 0 0 0 0 0 0 0 0 0 0 0 0 1 0 0 0 0 0 0 0 0 0 0 0 0 0 0 0 0 0 1 0 0 0 0 0 0 0 0 1 0 0 0 0 0 0 0 0 1 0 0 1 0 0 1 0 2 0 0 0 0 0 0 0 0 1 0 0 0 0 0 0 0 1 0 0 0 0 0 1 0 1 0 0 1 0 0 0 0 0 0 0 0 0 0 0 0 0 0 0 0 0 0 0 0 1 0 0 0 0 0 0 0 0 0 0 0 0 0 0 0 0 0 0 0 0 0 0 0 0 0 0 0 0 0 0 0 0 0 0 0 0 0 0 0 0 0 0 0 0 0 0 0 0 1 0 0 0 0 0 1 0 0 0 0 0 0 0 0 0 0 0 0 0 0 0 0 0 0 1 0 0 0 0 0 0 0 0 0 0 0 0 0 0 0 0 0 1 0 0 0 0 0 0 0 0 0 0 0 0 0 0 0 0 0 0 0 0 1 0 0 0 0 0 0 0 0 0 0 0 0 0 1 0 0 0 0 0 0 1 0 0 0 0 0 0 0 1 0 0 0 0 
0 0 0 0 0 0 0 0 0 0 0 0 0 0 1 0 0 0 0 0 0 0 0 0 0 0 0 0 0 0 0 0 0 0 0 0 0 0 0 0 0 0 0 0 1 0 0 0 0 0 0 0 0 0 0 1 0 0 0 0 0 0 0 0 0 0 0 0 0 0 0 0 0 0 0 0 0 0 0 0 1 0 0 0 0 0 0 0 0 0 1 0 1 0 0 0 0 0 0 0 0 0 0 0 0 1 0 0 0 0 0 0 0 0 0 0 0 0 0 0 0 0 0 0 0 0 0 0 0 0 0 0 0 0 0 0 0 0 0 0 1 0 0 0 0 0 0 0 0 0 0 0 0 0 0 0 0 0 0 0 0 0 0 0 1 0 0 0 0 0 1 1 0 0 0 1 0 0 0 0 0 0 0 0 0 0 0 0 0 0 0 0 1 0 0 0 0 0 0 0 0 0 0 0 0 0 0 0 0 0 0 0 0 0 0 0 0 0 0 0 0 0 0 0 0 0 0 0 0 0 0 0 0 0 0 0 0 0 0 0 0 0 0 0 0 0 0 0 0 0 0 0 0 0 0 0 
0 0 0 0 0 0 0 0 0 0 0 0 0 0 0 1 0 0 0 0 0 0 0 0 0 0 0 0 0 0 0 0 0 0 0 0 0 0 0 0 0 0 0 0 0 0 0 0 0 1 0 0 0 0 0 0 0 0 0 0 0 0 0 0 0 0 0 1 0 0 0 0 0 0 0 0 0 0 0 0 0 0 0 0 0 0 0 0 0 0 1 0 0 0 0 0 1 0 0 0 0 0 0 0 0 0 0 0 0 0 1 0 0 0 0 0 0 0 0 0 0 0 0 0 0 0 0 0 0 0 0 1 0 0 0 0 0 0 0 0 0 0 0 1 0 0 0 1 0 0 0 0 0 0 0 0 0 0 0 0 0 0 0 0 0 0 0 0 0 0 0 0 1 0 1 0 0 0 0 0 0 0 0 1 0 0 0 0 0 0 1 1 0 0 0 0 1 0 0 0 0 0 0 0 0 0 0 0 0 0 0 1 0 0 0 0 0 0 0 0 0 0 0 0 0 0 0 0 0 0 0 0 1 1 0 0 0 0 0 0 0 2 0 0 0 0 0 0 0 0 0 0 0 0 0 0 
0 0 0 0 0 0 0 0 0 0 0 0 0 0 0 0 0 0 0 0 0 0 0 0 0 0 0 0 0 0 0 0 0 0 0 0 0 0 0 0 1 0 1 0 0 0 0 1 1 0 0 0 0 1 0 0 0 0 1 0 0 0 0 0 0 0 0 0 0 0 0 0 0 0 1 0 0 0 0 0 0 0 0 0 1 0 0 0 0 0 0 0 0 0 0 0 0 0 0 0 0 0 0 0 0 0 0 0 0 0 0 0 0 0 0 0 0 1 0 0 0 0 0 0 0 0 0 0 0 0 0 0 0 0 0 0 0 0 0 0 0 1 0 0 0 0 0 0 0 0 0 0 0 0 0 0 0 0 0 0 0 0 0 0 0 0 0 0 0 0 0 0 0 0 0 0 0 0 0 0 0 0 0 1 0 0 0 0 0 0 1 0 0 0 0 0 0 0 0 0 0 0 0 0 0 0 0 1 0 0 0 0 0 0 0 0 0 0 0 0 0 0 0 0 0 0 1 0 0 0 0 0 0 0 0 0 0 0 0 0 0 0 0 0 0 0 0 0 0 0 0 0 0 0 0 0 
0 0 0 0 0 0 0 0 0 0 0 0 0 0 0 0 0 0 0 0 0 0 0 0 0 0 0 0 0 0 0 0 0 0 0 1 0 0 0 0 2 0 0 0 0 0 0 0 0 0 0 0 0 0 0 0 0 0 0 0 0 0 0 0 0 0 0 0 1 0 0 0 0 0 0 0 0 0 1 0 0 0 0 0 0 0 0 0 0 0 0 0 0 0 0 0 0 0 0 0 0 0 0 0 0 0 0 0 0 0 0 0 0 1 0 2 1 0 0 1 0 0 0 0 0 0 0 0 0 0 0 0 0 0 0 0 0 0 0 0 0 0 0 0 0 0 0 0 0 0 0 0 0 0 0 0 0 0 0 0 0 0 0 0 0 0 0 0 0 0 0 0 0 0 0 0 0 0 0 0 0 0 0 0 0 0 0 0 0 0 0 0 0 1 0 1 0 0 0 0 0 1 0 0 0 0 0 0 0 0 0 0 0 0 0 0 0 0 0 0 0 0 0 0 0 0 0 0 0 0 0 0 0 0 0 0 0 0 0 0 0 0 0 0 0 0 0 0 0 0 2 0 0 0 0 0 
0 0 0 0 0 0 0 0 0 0 0 0 0 0 0 0 0 1 0 0 0 0 0 0 0 0 0 0 0 0 0 0 0 0 0 0 0 0 0 0 0 0 0 0 0 0 0 0 1 0 0 0 0 0 0 0 0 0 0 1 0 0 0 0 0 0 0 0 0 0 0 0 0 0 0 0 0 0 0 0 0 1 1 0 0 0 0 0 0 0 0 0 0 0 0 0 0 0 0 0 0 0 1 0 0 0 0 1 0 0 1 1 0 1 0 0 0 0 0 0 0 0 0 0 0 0 0 0 0 0 0 0 0 0 0 0 0 1 0 0 0 0 0 0 0 0 0 0 0 1 0 0 0 0 0 0 0 0 0 0 0 0 0 0 0 0 0 0 0 0 0 1 0 0 0 0 0 0 0 0 0 0 0 0 0 0 0 0 0 0 0 0 0 0 0 0 1 0 0 0 0 0 0 0 0 0 0 0 0 0 0 0 0 1 0 0 0 0 0 0 0 0 0 0 0 0 0 0 0 0 1 0 0 0 0 0 0 0 0 1 0 0 0 0 0 0 0 0 0 0 0 0 0 0 0 0 
0 0 0 0 0 0 0 1 0 0 1 0 1 0 1 0 0 0 0 0 0 0 0 0 0 0 0 0 0 0 0 0 0 0 0 0 0 0 0 0 0 0 0 0 1 0 0 0 0 0 0 0 0 0 0 0 0 0 0 0 0 0 0 0 0 0 0 0 0 0 0 1 0 0 0 0 0 0 0 0 0 0 0 0 0 0 0 0 0 0 0 0 0 0 0 0 0 0 0 0 0 0 0 1 1 0 0 0 0 0 0 0 0 0 0 0 1 0 1 0 0 0 0 0 0 0 1 0 1 0 0 0 1 0 0 0 0 0 0 0 0 0 0 0 0 0 0 0 0 0 0 0 0 0 1 0 0 0 0 0 0 0 0 0 0 0 0 1 0 0 0 0 0 0 0 0 0 0 0 0 0 0 1 0 0 0 0 0 0 0 0 0 0 0 0 0 0 0 0 1 0 0 0 0 0 0 0 0 0 0 0 1 0 0 0 0 0 0 0 0 0 1 0 0 0 0 0 0 0 1 0 0 0 0 1 0 0 0 0 0 0 0 0 0 0 0 0 0 0 0 0 0 0 0 0 0 
0 0 1 0 0 0 0 0 0 0 0 0 0 0 0 0 0 0 0 0 0 0 0 2 0 0 0 0 0 0 0 0 1 0 0 0 0 0 0 0 0 0 0 0 0 0 0 0 0 0 0 0 0 0 0 0 0 0 1 0 0 0 0 0 0 0 0 0 0 0 0 0 0 0 0 0 0 0 0 0 0 0 1 0 0 0 0 0 0 0 0 0 0 0 1 0 0 0 0 0 0 0 0 1 0 0 0 0 0 0 0 0 0 0 0 0 0 0 0 0 0 0 0 0 0 0 0 0 0 0 0 0 0 0 0 0 0 0 0 0 1 0 0 0 0 0 0 0 0 0 0 0 0 0 1 0 0 0 0 0 0 0 0 0 0 1 0 0 0 0 0 0 0 0 0 0 0 0 0 0 0 0 0 1 0 0 0 0 0 0 0 0 0 0 0 0 0 0 0 0 0 0 0 0 0 0 0 0 0 0 0 0 0 0 0 0 0 0 0 0 0 1 0 0 0 0 0 0 0 0 0 0 0 0 0 0 0 0 0 0 0 0 0 0 0 0 1 0 0 0 0 0 1 0 0 0 
0 0 0 0 0 0 0 0 0 0 0 0 0 0 0 0 0 0 0 0 0 0 0 0 0 0 0 0 0 0 0 0 0 0 0 0 0 0 0 0 0 1 0 1 0 0 0 0 0 0 0 0 0 0 0 1 0 0 0 0 0 0 0 0 0 0 0 0 0 0 0 0 0 0 0 0 0 0 1 0 0 0 0 0 0 0 0 0 0 0 0 0 0 0 0 0 0 0 0 0 0 0 0 1 0 0 0 0 0 0 1 1 0 0 0 0 0 0 0 0 0 0 0 0 0 0 0 1 0 0 0 0 0 0 1 0 0 0 0 0 0 0 1 0 0 0 1 0 0 0 0 0 1 0 0 0 0 0 0 0 0 0 0 1 0 0 0 0 0 0 0 0 0 0 0 0 0 0 0 0 0 0 0 0 0 0 0 0 0 0 1 0 0 0 0 0 0 0 0 1 0 0 0 0 0 0 0 1 0 1 0 0 0 0 0 0 0 0 0 0 0 0 0 1 0 0 0 0 0 0 0 0 0 0 0 0 0 0 0 0 0 0 0 2 0 0 0 0 0 0 0 0 0 0 0 0 
0 0 0 0 0 0 0 0 0 0 0 0 0 0 0 0 0 0 0 0 0 0 1 0 0 0 0 0 0 0 0 0 0 0 0 0 0 0 1 0 0 0 0 0 0 0 0 0 1 0 0 0 0 0 0 0 0 0 0 0 0 0 0 0 0 0 0 0 0 0 0 0 0 0 0 1 0 0 0 0 0 0 0 0 0 0 0 0 0 0 0 0 0 0 0 0 0 0 0 0 0 0 0 0 0 0 0 1 0 0 0 0 0 0 0 0 0 0 0 1 0 0 0 0 0 0 0 0 0 0 0 0 0 0 1 3 0 0 0 0 0 0 0 0 1 0 1 0 0 0 0 0 0 0 0 0 0 0 0 0 0 0 0 0 0 0 0 0 0 0 0 0 0 0 0 0 0 0 0 0 0 0 1 0 0 1 0 0 0 0 0 0 0 0 0 0 0 0 0 0 0 0 0 0 0 0 0 0 0 0 0 0 0 0 0 0 0 0 0 0 0 0 0 0 0 0 0 0 0 0 0 0 0 0 0 0 0 0 0 0 0 0 0 0 0 0 0 0 0 0 0 0 0 0 0 0 
1 0 0 0 0 0 0 0 0 0 0 0 1 0 0 0 0 0 0 0 0 0 0 0 0 0 0 1 0 0 0 0 0 0 0 0 0 0 0 0 0 0 0 0 0 0 0 0 0 0 0 0 1 1 0 0 1 0 0 1 0 0 0 1 0 0 1 0 0 0 0 1 0 0 0 0 0 0 1 0 0 0 0 0 0 0 0 0 0 0 1 0 0 0 0 0 0 0 0 0 0 0 0 0 0 0 0 0 0 0 0 0 0 0 0 0 0 0 0 1 0 0 1 0 0 0 0 0 0 0 1 0 0 0 0 0 0 0 0 1 1 0 0 0 0 0 0 0 0 0 0 0 0 1 0 0 0 0 0 0 0 0 0 0 1 0 0 0 0 0 0 0 0 0 0 0 1 0 2 0 0 0 0 1 0 0 0 0 0 0 0 0 0 0 0 0 1 0 1 0 0 0 0 0 0 0 0 0 0 0 0 1 0 0 0 0 1 1 1 0 0 1 1 0 0 0 0 0 0 0 0 0 0 0 0 0 0 0 0 1 0 0 0 0 0 0 0 0 0 0 0 0 0 0 0 0 
0 0 0 0 0 0 0 0 0 0 0 0 0 0 0 0 0 0 0 0 0 0 0 0 1 0 0 0 0 0 1 0 0 0 0 0 0 0 0 0 1 0 0 0 0 0 0 0 0 0 0 0 0 0 0 0 0 1 0 1 0 0 0 0 0 0 0 0 0 1 0 0 0 0 0 0 0 0 0 0 0 1 0 0 1 0 0 0 0 0 1 0 0 0 0 0 0 0 1 0 0 0 0 0 0 0 0 0 0 0 0 0 0 0 0 0 0 0 0 0 0 0 0 0 0 0 0 0 0 1 0 0 0 0 0 0 0 0 0 0 1 1 0 0 0 0 0 1 0 0 0 0 0 0 0 0 0 0 1 0 0 0 0 0 0 0 0 0 0 0 0 1 0 0 0 1 0 0 0 0 0 0 0 0 0 1 0 0 0 0 0 0 0 0 0 0 0 0 1 0 0 0 0 0 0 0 0 0 0 0 0 1 0 0 0 0 1 0 0 0 0 0 0 0 0 0 0 0 0 0 0 0 0 0 0 0 0 0 0 0 0 0 0 0 0 0 0 0 0 0 0 0 0 0 0 0 
0 0 0 0 0 0 0 0 0 1 0 0 0 0 0 0 1 0 0 1 0 0 0 0 0 0 0 0 0 0 0 0 1 0 0 0 0 0 0 0 0 0 0 0 0 0 0 0 0 0 0 0 1 1 0 0 0 0 0 0 0 0 0 0 0 0 0 0 0 0 0 0 0 0 0 0 0 0 0 0 0 0 0 1 0 0 0 0 0 0 0 0 0 0 0 0 0 0 0 0 0 0 0 0 0 0 0 0 0 0 0 0 0 0 0 1 0 0 0 0 0 0 0 0 0 0 0 0 0 0 0 0 0 0 0 0 0 0 0 1 0 0 0 0 0 0 0 0 0 0 0 0 0 0 0 1 0 0 0 0 0 0 0 1 0 0 0 0 0 0 0 0 0 0 0 0 0 0 0 0 0 0 0 1 0 0 1 0 0 0 0 0 0 0 0 0 0 0 0 0 0 0 0 0 0 0 0 0 0 0 0 0 0 0 0 0 0 0 0 0 0 1 0 0 0 0 0 0 0 0 1 0 0 0 0 0 0 0 0 0 0 0 1 0 0 0 0 0 0 0 0 1 0 0 0 0 
0 0 0 0 0 0 0 0 1 0 0 0 0 0 0 0 0 0 0 0 0 0 0 0 0 0 0 0 0 1 0 0 0 1 0 1 1 0 0 0 0 0 0 0 0 0 0 0 0 1 1 0 0 0 0 0 0 0 0 0 0 0 0 0 0 0 0 0 0 0 0 0 0 0 0 0 0 1 1 0 0 1 0 0 0 0 0 0 0 0 0 0 0 0 0 1 0 0 0 0 0 0 0 0 0 0 1 0 0 0 0 0 0 0 0 0 0 0 0 0 0 0 0 0 0 0 0 0 0 0 0 0 0 0 0 0 0 1 0 0 0 0 0 0 0 0 0 0 0 0 0 0 1 0 0 1 0 0 0 0 0 0 0 0 1 0 0 0 2 0 1 0 0 0 1 0 0 0 0 0 0 0 0 0 1 0 0 1 0 0 0 0 0 0 0 0 0 0 0 0 0 0 0 0 0 0 0 0 1 0 1 0 0 0 0 0 0 0 0 0 0 0 0 0 1 0 0 0 0 0 0 0 0 0 0 0 0 0 0 0 0 1 0 0 0 0 0 0 1 0 0 0 0 0 0 0 
0 0 0 0 0 0 1 0 0 0 0 0 0 0 0 0 0 0 0 0 0 0 0 0 0 0 0 0 0 0 0 0 0 0 0 0 0 0 0 0 0 0 0 0 0 0 1 0 0 0 0 0 0 0 0 0 0 0 0 0 0 0 0 0 0 0 0 0 0 0 0 0 0 1 1 0 0 0 0 0 0 0 0 0 0 0 0 0 0 1 0 0 0 0 0 0 0 0 0 0 0 0 0 0 0 0 0 0 0 1 1 0 0 0 0 0 0 0 1 0 0 0 0 0 0 0 0 0 0 0 0 0 0 0 0 0 0 0 0 0 0 1 0 0 0 0 1 0 0 0 0 0 0 0 0 0 0 0 0 0 0 0 0 1 0 0 0 0 0 0 0 0 0 0 0 0 0 0 0 0 0 0 0 0 1 0 0 0 0 0 1 0 0 0 0 0 0 0 0 0 0 0 0 0 0 0 0 0 0 0 0 0 0 0 0 0 0 0 0 0 1 0 0 0 0 1 0 0 0 0 0 0 0 0 0 0 0 0 0 0 0 0 0 0 0 0 0 0 0 0 0 0 0 0 0 0 
0 0 0 0 0 0 0 0 0 0 0 0 0 0 0 0 0 0 0 0 1 0 0 0 0 0 0 0 0 0 1 0 0 0 0 0 0 1 0 0 1 0 0 1 0 0 0 0 0 1 0 0 0 0 0 0 0 0 0 0 0 0 0 0 0 0 0 0 0 0 1 0 0 0 0 1 1 0 0 1 1 0 0 0 0 0 0 0 0 0 0 0 1 0 0 0 0 0 1 0 0 0 0 0 0 1 1 1 0 0 0 0 0 0 0 0 0 0 0 0 0 0 0 0 0 0 0 0 0 1 0 0 1 0 0 0 2 0 1 0 0 0 0 0 0 0 0 0 0 0 0 1 0 0 0 0 0 0 0 0 0 0 0 1 0 0 0 0 0 0 0 0 0 0 0 0 0 0 0 0 0 0 0 0 1 0 0 0 0 0 0 0 0 0 0 0 0 0 0 0 0 0 0 0 0 0 0 0 0 0 0 0 0 0 1 0 0 0 0 0 0 0 1 0 0 0 1 0 0 0 0 0 1 0 0 0 0 0 0 0 0 0 1 0 0 0 0 0 0 0 0 0 0 0 0 0 
0 0 0 0 0 0 0 0 0 0 0 0 0 0 0 0 0 0 0 0 0 0 0 0 0 0 0 0 0 0 0 0 0 0 0 0 0 0 0 0 0 0 1 0 0 0 1 0 0 0 1 0 0 1 0 0 0 0 0 1 0 0 0 0 0 0 0 0 0 0 0 0 0 0 0 0 0 0 0 0 0 0 0 0 0 0 0 0 0 0 0 0 0 1 0 0 0 0 0 0 0 0 0 1 0 0 0 0 0 0 0 0 0 0 1 0 0 0 0 2 0 0 0 0 0 0 0 0 0 0 0 0 0 0 0 0 0 0 0 0 0 1 0 1 0 0 0 0 0 0 0 1 0 0 0 0 0 0 0 0 0 0 0 0 0 0 0 0 1 0 0 0 0 0 0 0 0 1 0 0 1 1 0 0 0 0 0 0 0 0 0 0 0 0 0 0 0 1 0 0 0 0 0 0 0 0 0 0 0 0 0 0 0 0 0 0 0 0 1 0 0 0 0 0 0 0 0 0 0 0 0 0 0 0 0 0 0 0 0 0 0 0 0 0 0 0 0 0 0 1 0 0 0 0 0 0 
0 0 0 0 0 0 0 0 0 0 0 0 0 0 0 0 0 0 0 0 0 0 0 0 0 0 0 0 0 0 0 0 1 0 0 0 0 0 1 0 0 0 0 0 0 0 0 0 0 0 0 0 0 0 0 0 0 0 0 0 0 1 0 0 0 1 0 0 1 0 1 0 1 0 0 0 0 0 0 0 0 0 0 0 0 0 0 0 0 0 0 0 0 0 0 0 0 0 0 1 0 0 0 0 0 0 0 0 0 0 0 0 0 0 0 0 0 0 0 1 0 0 0 0 0 0 0 0 0 0 0 0 0 0 0 0 0 0 1 0 0 1 0 0 0 0 0 0 0 0 0 0 0 0 0 0 0 0 0 0 0 0 0 0 0 0 0 0 0 0 1 0 0 1 0 1 0 0 0 0 1 0 0 1 0 0 0 0 0 0 0 1 0 0 0 1 0 0 0 0 0 0 0 0 0 0 0 0 0 0 0 0 0 0 0 0 0 0 0 0 0 0 0 0 0 0 0 0 0 0 0 0 0 0 0 0 0 0 0 0 0 0 0 0 0 0 0 0 0 0 0 0 0 0 0 1 
0 0 0 0 0 0 0 0 0 0 1 0 0 0 0 0 0 0 0 0 0 0 0 0 0 0 0 0 0 0 0 0 0 0 0 0 0 0 0 0 0 0 0 0 0 0 0 0 0 0 1 0 0 0 0 0 0 0 0 0 0 0 0 0 0 0 0 0 0 0 0 0 0 0 0 0 0 0 0 0 0 0 0 0 0 0 0 0 0 0 0 0 0 0 1 1 0 0 0 0 0 0 0 0 0 0 0 0 0 0 0 0 1 0 0 0 0 0 0 0 0 0 0 0 0 0 0 0 0 0 0 0 0 0 0 0 0 0 0 0 0 0 0 0 0 0 0 0 0 0 0 0 0 0 0 0 1 0 0 0 0 1 0 0 0 0 0 0 0 0 0 1 0 0 0 0 0 0 0 0 0 0 0 0 0 0 0 0 0 0 1 0 0 0 0 0 0 0 0 0 0 0 0 0 1 0 1 0 0 1 0 0 0 0 0 0 0 0 0 0 0 0 0 0 0 0 0 0 0 0 0 0 0 0 0 0 0 0 0 1 0 0 0 0 0 0 0 0 0 0 1 0 1 0 0 0 
0 0 0 0 0 1 0 0 0 0 0 0 0 0 0 0 0 0 0 1 1 0 0 0 0 0 0 0 0 0 1 0 0 0 0 0 0 0 0 0 0 0 0 0 0 1 0 0 0 0 0 0 0 0 0 0 1 0 0 0 0 0 0 1 0 0 0 0 0 1 0 0 0 0 1 0 0 0 0 0 1 0 0 0 0 0 0 0 1 0 0 0 1 0 0 0 0 0 0 0 1 0 0 0 0 0 0 0 0 0 0 1 0 0 1 0 0 0 0 0 0 0 0 1 0 0 0 0 0 1 0 0 0 0 0 0 1 1 0 0 0 0 0 0 0 1 0 0 0 1 0 0 0 0 0 0 0 1 0 0 1 0 1 0 0 0 0 0 0 0 0 0 0 0 0 0 0 0 0 0 0 0 0 0 0 0 0 0 0 0 0 0 0 0 0 0 0 0 1 0 0 1 0 0 0 0 0 0 0 0 0 0 0 0 0 0 0 0 0 0 0 0 0 0 0 1 0 0 0 0 0 0 0 0 0 0 0 0 0 0 0 0 0 1 0 0 0 0 0 0 0 1 0 1 0 0 
0 0 0 0 0 0 0 0 0 0 0 0 0 0 0 0 0 0 0 1 0 0 0 0 0 0 0 0 0 0 0 0 0 0 0 0 0 0 0 0 0 0 0 0 0 0 1 0 0 0 0 0 0 0 0 0 1 0 0 0 0 0 0 0 0 0 0 0 0 0 0 1 0 0 0 0 0 0 0 0 0 0 0 1 0 0 0 0 0 0 0 0 0 1 0 0 0 0 0 0 0 0 0 0 0 0 0 0 0 0 0 0 0 0 1 0 0 0 0 0 0 0 0 0 1 0 0 0 1 0 0 0 0 0 0 0 0 0 0 0 0 0 0 0 0 0 0 0 1 0 0 0 0 0 0 0 0 0 0 0 1 0 0 0 0 0 0 1 0 1 0 0 0 0 0 0 0 0 0 0 0 0 0 0 0 0 0 1 1 0 0 0 0 0 0 0 0 0 0 0 0 0 0 1 0 0 0 0 0 0 0 0 0 0 0 0 1 0 0 0 0 0 0 0 0 0 0 0 0 0 0 1 0 0 0 0 0 0 0 0 0 0 0 0 0 0 0 0 0 0 0 0 0 0 0 0 
0 0 0 0 0 0 0 2 0 0 0 0 0 0 0 0 0 0 0 0 0 0 1 0 0 0 0 0 0 0 0 0 0 0 0 0 0 0 0 0 0 0 0 0 0 0 0 0 0 0 0 0 0 0 1 0 0 0 0 0 0 0 0 0 0 0 0 0 0 0 0 0 0 0 1 0 0 0 0 0 0 0 0 0 0 0 0 0 0 0 1 1 0 0 0 0 0 0 0 0 0 0 0 0 0 0 0 0 0 0 0 0 0 0 0 0 0 0 0 0 0 0 0 0 0 0 0 0 0 0 0 0 0 0 0 0 0 0 0 0 0 0 0 0 0 0 0 0 0 0 0 0 0 0 0 0 1 0 0 0 0 0 0 1 0 0 0 0 0 0 0 0 0 0 0 0 0 0 0 0 0 0 1 0 0 0 0 0 0 0 0 1 0 0 0 0 0 0 0 0 0 0 0 0 0 0 0 0 1 0 0 1 0 0 0 0 0 0 0 0 0 0 0 0 0 0 0 0 0 0 0 0 1 0 0 0 0 0 0 0 0 0 1 0 0 0 0 0 0 0 0 0 0 0 1 0 
0 0 0 0 0 0 0 0 0 0 0 0 0 0 0 0 0 0 0 0 0 0 0 0 0 0 0 0 0 0 0 0 0 0 0 0 0 0 1 0 0 0 0 1 1 0 0 0 0 0 0 1 0 0 0 0 0 0 0 1 0 1 0 0 0 0 0 0 0 0 0 1 0 0 0 0 0 0 0 0 0 0 1 1 0 0 0 0 0 0 0 0 0 0 0 0 0 0 0 0 0 0 0 0 0 0 0 0 0 0 0 0 0 0 0 0 0 0 0 0 0 0 0 0 1 0 0 0 0 0 0 0 2 0 0 0 0 0 0 0 0 0 0 0 0 1 0 0 0 0 0 0 0 0 0 0 0 0 0 0 0 0 0 0 0 0 0 0 0 0 0 0 0 0 0 0 0 0 0 0 0 0 0 0 0 0 1 0 0 0 0 0 0 1 0 0 0 0 0 0 0 0 0 0 1 0 0 0 0 0 0 0 0 0 0 0 0 0 0 0 0 0 0 0 0 0 0 0 0 0 0 0 0 0 0 0 0 0 0 0 0 0 0 1 0 0 1 0 0 0 0 0 1 0 0 0 
0 0 0 0 0 1 0 0 0 0 1 0 0 0 1 0 0 0 0 0 0 0 1 0 0 0 0 0 0 0 0 0 0 0 0 0 0 0 0 0 0 0 0 1 0 0 0 0 0 0 1 0 1 0 1 0 1 0 0 0 0 0 0 0 1 0 0 0 0 0 0 0 0 0 0 0 0 0 0 0 0 0 0 0 0 0 0 0 0 0 0 0 0 0 0 0 0 1 0 0 0 0 0 0 0 0 0 0 0 0 0 0 0 0 0 0 0 0 0 0 0 0 0 0 0 0 0 1 0 0 0 0 0 0 2 0 0 0 0 0 0 0 0 0 0 0 0 0 0 0 0 0 0 1 0 0 0 0 0 0 0 0 0 0 0 0 2 1 0 0 0 0 0 0 0 0 0 0 0 0 0 0 0 0 0 0 0 0 0 1 0 0 0 0 1 0 0 0 0 0 1 0 0 0 0 0 0 0 0 0 0 1 1 0 0 0 0 0 0 0 0 0 0 0 0 0 0 0 0 0 0 0 0 0 0 0 0 0 0 0 0 0 0 0 0 0 0 0 0 0 0 0 0 0 0 0 
1 0 0 0 0 1 0 0 0 0 0 0 0 1 0 0 0 0 0 0 0 0 0 0 0 0 0 0 0 0 0 0 0 0 3 1 0 0 0 0 0 0 0 0 0 0 0 1 0 0 0 0 0 0 0 0 0 0 0 0 0 0 0 0 0 0 0 0 0 0 0 0 0 0 0 0 0 0 0 1 0 0 0 1 0 0 0 1 0 0 0 0 0 0 0 0 0 0 0 0 0 0 1 0 0 0 0 0 0 0 0 0 0 0 0 0 0 0 0 0 0 0 0 0 0 0 0 0 0 0 0 0 0 0 1 0 0 0 1 0 0 0 0 0 0 0 0 0 0 0 1 0 0 0 0 0 0 0 0 0 0 0 0 1 1 0 0 0 0 0 0 0 0 0 0 0 0 0 0 0 0 0 0 0 0 0 0 0 0 0 0 0 0 0 0 0 0 0 0 0 0 0 0 0 0 0 0 0 0 0 0 0 0 0 0 0 0 0 0 0 0 0 0 0 0 0 0 0 0 1 0 0 0 0 0 0 0 0 0 0 0 0 0 0 0 0 0 0 0 0 0 0 0 0 0 0 
0 0 0 0 0 0 0 0 0 0 1 0 0 0 0 0 0 0 0 0 0 1 0 0 0 0 0 0 0 0 0 0 0 0 0 0 0 0 0 0 1 0 0 0 0 0 0 1 0 0 0 0 0 0 0 0 0 0 0 0 0 0 0 0 0 0 0 0 0 0 0 0 0 0 0 1 0 0 0 0 1 0 0 0 0 1 0 0 0 1 0 1 0 0 0 0 0 0 0 0 0 0 0 0 0 1 0 0 0 0 0 0 0 0 0 1 0 0 0 0 0 0 0 0 2 0 1 0 1 0 0 0 0 0 1 0 0 0 0 0 0 0 0 0 0 0 0 0 0 0 0 0 0 0 0 0 0 1 1 0 0 0 0 0 0 0 1 0 0 0 0 0 0 0 0 0 0 0 0 0 0 0 0 0 0 0 0 0 0 0 0 0 0 0 0 0 0 0 0 0 0 0 0 0 0 0 0 0 0 0 0 0 0 0 0 0 0 0 0 0 0 0 0 0 0 0 0 0 0 0 0 0 0 0 0 0 0 0 1 0 0 0 0 0 0 0 0 0 0 0 0 0 0 0 0 1 
0 0 0 0 0 0 0 0 1 0 0 0 0 0 0 0 0 0 0 0 0 0 0 0 1 0 0 0 0 0 0 0 0 0 0 0 0 0 0 0 0 0 0 0 0 0 0 0 0 0 0 0 0 0 0 0 0 0 0 0 0 0 0 1 0 0 1 0 0 0 0 0 0 1 0 1 0 0 0 0 0 1 0 0 0 0 0 0 0 1 0 0 2 0 0 0 1 0 0 0 0 0 0 0 0 0 0 0 0 0 0 0 0 0 0 0 0 0 0 0 0 0 0 0 0 1 1 0 0 0 1 0 0 0 0 0 0 0 0 0 0 0 0 0 0 0 0 1 0 0 0 0 0 0 0 0 0 0 0 0 0 0 0 0 0 0 0 0 0 0 0 0 0 0 0 0 0 0 0 0 0 0 0 0 0 0 0 0 0 0 0 0 1 0 0 0 0 1 0 0 0 0 0 0 0 0 0 0 0 0 0 0 1 0 0 0 0 0 0 0 1 0 0 0 0 0 0 0 0 0 0 0 0 0 0 0 0 0 0 0 0 0 0 0 0 0 0 0 0 0 0 0 0 0 0 0 
0 0 0 0 0 0 0 0 0 0 0 0 0 0 0 0 0 0 0 0 1 0 0 0 1 0 0 1 0 0 0 0 0 0 0 0 0 0 0 0 0 0 0 0 0 0 0 0 0 0 0 0 0 0 0 0 0 0 0 0 0 0 0 0 0 0 0 0 0 0 0 0 0 0 1 0 0 0 0 0 1 0 0 0 0 0 0 0 1 0 0 0 0 0 1 0 0 0 0 0 0 0 0 0 0 0 1 0 0 0 0 0 0 0 0 0 0 0 0 0 0 0 0 0 0 0 0 0 0 0 0 0 0 0 0 1 0 1 0 0 0 0 0 0 0 0 0 0 0 0 0 0 0 0 0 0 0 0 0 0 0 0 0 0 0 0 0 0 0 0 0 0 1 0 0 0 0 0 0 0 0 0 0 1 0 0 1 0 0 0 0 0 0 0 0 0 0 0 0 0 0 0 0 0 0 0 0 0 1 0 0 0 0 0 0 0 0 0 0 0 0 0 0 0 0 0 0 0 0 0 1 0 0 0 0 0 0 0 0 0 0 0 0 1 0 0 1 0 0 0 0 0 0 0 0 1 
0 0 0 0 1 0 0 0 0 0 0 0 0 1 1 0 0 0 0 0 0 0 1 0 0 0 1 0 0 0 0 0 1 0 0 0 0 0 0 0 0 0 0 0 1 0 0 0 0 0 0 0 0 0 0 0 0 0 0 0 0 0 0 0 0 0 0 0 2 0 1 0 0 0 0 0 1 0 0 0 0 0 0 0 0 0 0 0 0 0 0 0 0 0 0 1 0 0 0 0 0 1 0 0 0 0 0 0 0 0 0 0 0 0 0 0 0 0 0 0 0 0 0 0 0 0 0 0 0 0 0 0 0 0 0 0 0 0 0 0 0 0 0 0 0 0 0 0 0 0 0 0 0 2 0 0 0 0 0 0 0 0 0 0 1 0 0 0 0 1 0 0 0 0 0 0 0 0 0 0 0 0 0 0 0 0 0 0 0 0 0 0 0 0 0 0 1 0 0 0 0 0 0 0 0 0 0 0 0 0 0 0 0 0 0 0 0 0 0 0 0 0 0 0 0 0 0 0 0 0 0 0 0 0 0 0 0 0 0 0 0 0 0 0 0 0 0 0 0 1 0 0 0 0 0 0 
0 0 0 0 0 0 0 0 0 0 0 0 0 0 1 0 0 0 0 0 0 0 0 0 0 0 1 0 0 0 0 0 0 0 0 0 0 0 0 0 0 0 0 0 0 0 0 0 0 0 0 0 0 0 0 0 0 0 0 0 0 0 0 0 0 0 0 1 0 0 0 0 1 0 0 0 0 0 0 0 0 0 0 0 0 0 0 0 0 0 0 0 0 0 0 0 0 0 0 0 0 0 0 0 0 1 0 0 0 0 0 0 0 0 0 0 0 0 0 0 0 0 0 0 0 0 0 1 1 0 0 0 0 1 0 0 0 0 0 0 0 0 0 0 0 0 0 0 0 0 0 0 0 0 0 0 0 0 0 0 0 1 0 0 0 0 0 0 0 0 1 0 0 0 1 0 0 0 0 0 1 0 0 0 0 0 0 0 0 0 0 0 0 1 0 0 0 1 0 0 0 0 0 0 0 0 0 0 0 0 0 0 0 0 0 0 0 0 0 0 0 0 1 0 0 0 0 0 0 0 0 0 0 0 0 0 0 0 0 0 0 0 0 0 0 0 0 0 0 0 0 0 0 0 0 0 
0 0 0 0 0 0 0 0 0 0 0 0 0 1 0 0 0 0 0 0 0 0 0 0 0 0 0 1 0 0 0 0 1 0 0 0 0 0 0 0 0 0 0 0 0 0 0 0 0 0 0 0 0 0 0 0 0 0 0 0 0 0 0 0 0 0 0 0 0 0 0 0 0 0 0 0 0 0 0 0 0 0 0 0 0 0 0 0 0 0 0 0 0 0 0 0 0 0 0 0 0 1 0 0 0 0 0 0 0 0 0 0 0 0 0 0 0 0 0 0 0 0 0 0 0 0 0 0 0 0 1 0 0 0 0 0 0 0 0 0 0 0 0 0 0 0 0 0 0 1 0 0 0 0 0 0 0 0 0 0 0 1 0 0 0 1 0 0 0 0 0 0 1 0 0 0 1 0 0 0 0 0 0 0 0 1 0 0 0 0 1 0 0 0 0 0 0 0 0 1 0 0 0 1 0 0 0 0 0 0 0 0 0 0 0 0 0 0 0 0 0 0 0 0 1 0 0 0 0 0 0 0 0 0 0 0 1 0 0 0 0 0 0 0 0 0 0 0 0 0 0 0 0 0 0 0 
0 0 0 1 0 0 0 0 0 1 1 0 0 0 1 0 0 0 0 0 1 0 0 0 0 0 0 0 0 0 1 0 0 0 0 0 0 0 0 0 0 0 0 0 0 1 0 0 0 0 0 0 0 0 1 0 0 0 0 0 0 0 0 0 0 0 0 0 0 0 0 0 0 0 0 0 0 0 0 0 1 0 0 0 0 0 0 0 0 0 0 0 0 0 0 0 0 0 0 0 0 0 0 0 0 2 0 0 0 0 0 0 0 0 0 0 0 0 0 0 0 0 0 0 0 0 0 0 0 0 1 0 0 0 0 0 0 0 0 0 0 0 0 0 0 0 0 0 0 0 0 0 0 0 0 0 0 0 0 0 0 0 0 0 0 0 0 0 0 0 0 0 0 0 1 0 1 0 0 0 0 1 0 0 0 0 0 0 0 0 0 0 0 0 0 0 0 0 0 0 0 0 0 0 0 0 0 0 0 0 0 0 0 0 1 0 0 1 0 0 0 0 2 0 0 1 0 0 0 0 0 0 0 0 0 0 0 0 0 0 0 0 1 0 0 0 0 0 0 0 0 0 0 0 0 0 
0 0 0 0 0 0 0 0 0 0 0 0 0 0 0 0 1 0 0 0 0 0 0 0 0 0 0 0 0 0 0 0 0 1 0 0 0 0 0 0 0 0 0 0 0 0 0 0 0 0 0 0 0 0 0 0 0 0 0 0 0 0 0 0 0 0 0 0 0 0 0 1 0 0 0 0 0 0 0 0 0 0 0 0 1 2 0 0 0 0 0 0 0 1 0 0 0 0 0 0 0 0 0 0 0 0 0 0 0 0 0 0 0 0 0 0 1 0 0 0 0 0 0 1 0 0 0 0 1 0 0 0 0 0 0 0 0 0 0 0 0 0 0 1 0 0 0 0 0 0 0 0 1 0 0 0 0 0 0 0 0 0 0 0 0 0 0 0 0 0 0 0 0 0 0 0 0 0 0 0 0 0 0 0 0 0 0 0 1 0 0 0 0 0 0 0 1 0 0 0 0 0 0 0 0 0 0 0 0 0 0 0 1 0 0 0 0 0 0 1 0 0 0 0 0 0 0 0 0 0 0 0 0 0 0 0 1 0 0 1 0 0 0 0 1 0 0 0 0 0 0 0 0 0 1 0 
0 0 0 0 0 0 0 0 0 0 0 0 0 1 0 0 0 0 0 0 0 0 0 0 0 0 0 0 0 0 0 0 0 0 0 0 0 0 1 0 0 0 0 0 0 0 0 0 0 0 0 0 0 0 0 0 0 0 0 0 0 0 0 1 0 0 0 0 0 0 0 0 0 0 0 0 0 0 0 0 0 1 0 0 0 0 0 0 0 0 0 0 0 0 1 0 0 0 0 0 1 0 0 0 1 0 0 0 0 0 0 0 0 1 0 1 0 0 0 0 0 0 1 0 1 0 0 0 0 0 0 0 0 0 0 0 0 0 0 0 0 0 0 0 1 0 0 0 0 0 0 0 0 0 0 0 0 0 0 0 0 0 0 0 0 0 0 0 0 0 0 0 0 1 0 0 0 0 0 0 0 0 0 0 0 0 0 0 1 0 0 0 0 0 0 1 0 0 0 0 0 0 0 0 0 0 0 0 0 0 0 0 0 0 1 0 0 0 0 0 0 0 0 0 0 0 0 0 1 1 0 0 0 0 0 0 0 0 0 0 0 0 0 0 0 0 0 0 0 0 0 0 0 2 0 0 
0 0 0 0 0 0 0 0 0 0 0 0 0 0 0 1 0 1 0 0 0 0 0 1 1 0 0 0 0 0 0 0 0 0 0 1 0 0 0 0 0 0 0 0 0 0 0 0 0 0 0 0 0 0 0 0 1 0 0 0 1 0 0 0 0 0 0 0 0 0 0 0 1 0 0 0 0 0 0 0 0 0 0 0 1 0 0 0 0 0 0 0 0 0 0 1 0 0 0 0 0 0 0 0 0 0 0 0 0 0 0 0 1 0 0 0 0 0 0 0 0 0 0 0 0 0 0 0 0 0 1 0 1 0 0 0 1 0 0 0 0 0 0 0 0 0 0 0 1 0 0 0 0 0 0 0 0 0 0 0 0 1 0 0 0 0 0 0 0 0 1 0 0 0 0 0 0 0 0 0 0 0 0 0 0 0 0 0 1 0 0 0 0 0 0 0 0 0 0 0 0 0 0 0 0 0 0 0 0 0 0 0 0 1 0 0 0 0 0 0 0 0 1 0 0 0 0 0 0 0 0 0 0 1 0 0 0 0 0 0 0 0 0 0 0 0 0 2 0 0 2 0 0 0 0 0 
0 0 1 0 0 0 0 0 0 0 0 0 0 1 0 0 0 0 0 0 1 0 0 0 0 0 0 0 0 0 0 0 0 0 0 0 0 1 0 0 0 0 0 0 0 0 0 0 0 0 0 0 0 0 0 0 0 0 0 0 0 0 1 0 0 0 1 0 0 0 0 0 0 0 0 0 0 0 0 0 0 0 0 0 0 1 0 0 0 0 0 0 0 0 0 0 0 0 0 1 0 0 0 0 0 0 0 0 0 0 0 0 0 0 0 0 0 0 0 0 0 0 0 0 0 0 0 0 0 0 0 0 0 0 0 0 0 0 0 0 0 0 0 0 0 0 0 0 0 0 0 0 0 1 0 1 0 0 0 0 0 0 0 0 0 0 0 0 2 0 0 0 0 0 0 0 0 0 0 0 0 0 0 0 0 0 1 0 0 0 0 1 0 0 0 0 0 0 0 0 0 0 0 0 0 1 0 0 0 0 0 0 0 0 1 0 0 0 0 0 0 0 0 0 0 0 0 0 1 0 0 0 0 0 1 0 0 0 0 0 0 0 0 0 0 0 0 0 1 0 0 0 0 0 0 0 
0 0 0 0 0 0 0 0 0 0 0 0 0 0 0 0 0 0 0 0 0 0 0 0 0 0 0 0 0 0 1 0 0 0 1 0 0 0 0 0 0 0 0 0 0 0 0 0 0 0 0 0 0 0 0 0 0 0 0 0 0 0 0 0 0 0 0 0 0 0 0 0 0 0 0 1 0 0 0 0 0 1 0 0 0 1 0 1 0 0 0 0 0 0 0 0 0 0 1 0 0 0 0 0 0 0 0 0 0 0 0 0 2 0 0 0 1 0 0 0 0 0 0 0 0 0 0 0 0 0 0 0 0 0 0 0 0 0 0 1 0 0 0 0 0 0 1 0 0 0 0 0 0 0 0 0 0 0 0 0 0 0 0 0 0 0 0 0 0 0 0 0 0 0 0 0 0 0 0 0 0 0 0 0 0 1 0 0 0 1 0 0 0 0 0 0 0 0 0 0 0 0 0 0 0 1 0 0 0 0 0 0 0 1 0 0 0 0 0 0 0 0 0 0 0 0 0 0 3 0 0 1 0 1 0 0 0 0 1 0 0 0 0 0 0 0 0 0 0 1 0 1 0 0 1 0 
0 0 0 0 0 0 0 0 0 0 0 0 0 0 0 0 0 1 0 0 0 0 0 0 0 0 0 0 0 0 0 0 0 0 0 0 1 0 0 0 0 0 1 0 0 0 0 1 0 0 0 0 0 0 0 0 0 0 0 0 0 0 1 0 1 0 0 0 0 0 0 0 0 0 0 0 0 1 1 0 0 0 0 0 0 0 0 0 1 0 0 0 0 0 1 0 0 0 0 0 0 0 0 0 0 0 0 0 0 0 0 0 0 0 0 0 0 0 0 0 0 1 0 0 0 0 0 0 0 0 0 0 0 0 0 0 0 0 0 0 0 0 0 0 0 0 1 0 0 0 0 0 0 0 0 0 0 0 0 0 0 0 1 0 0 0 0 0 0 0 0 0 0 0 0 0 0 0 0 0 0 0 0 0 0 0 1 0 0 0 0 0 0 0 0 0 0 0 0 0 0 0 0 0 0 0 0 0 0 1 0 0 0 0 0 0 0 0 0 0 0 0 0 0 0 0 0 0 0 0 0 0 0 0 0 0 0 0 0 0 1 0 0 0 0 0 0 0 1 0 0 0 0 0 0 0 
0 0 0 0 0 0 0 0 1 0 0 0 0 0 0 0 0 0 0 0 0 0 0 0 0 0 0 0 0 0 0 0 0 0 0 0 0 0 0 0 0 0 1 0 0 0 0 0 0 0 0 0 0 0 0 0 0 1 0 0 0 0 0 0 1 0 0 0 0 0 0 0 1 0 0 0 0 0 0 0 0 0 0 0 0 0 0 0 0 0 0 0 0 0 0 1 0 0 0 0 1 0 0 0 0 0 0 0 0 0 0 0 0 0 0 0 0 0 0 0 0 0 0 0 0 0 0 0 0 0 0 0 0 0 0 0 0 0 0 0 0 0 0 0 0 0 0 0 0 1 0 0 0 0 0 0 0 0 0 1 0 0 0 1 0 0 0 0 0 0 0 0 0 0 0 1 0 0 0 0 0 0 0 1 0 0 0 0 0 0 0 0 0 0 0 0 0 0 0 0 0 0 0 0 1 0 0 0 0 0 0 0 0 0 0 0 0 0 0 0 0 0 0 0 0 0 0 0 0 0 0 0 0 0 0 0 0 0 0 0 0 0 0 0 0 0 0 1 0 0 0 0 0 0 0 0 
0 0 1 1 0 0 0 0 0 0 0 0 0 0 0 0 0 0 0 0 0 0 0 0 0 0 0 0 0 0 0 0 0 0 0 0 0 0 0 1 0 0 0 0 0 0 0 1 0 0 0 0 0 0 0 0 0 0 0 0 0 0 0 0 0 0 0 0 0 0 0 0 0 0 0 0 0 0 0 1 0 0 0 0 0 0 0 0 0 0 0 0 0 0 0 0 0 0 0 0 0 0 0 0 0 1 0 0 0 0 1 0 0 1 0 0 0 0 0 0 0 1 1 0 0 0 0 0 0 0 1 0 0 0 0 0 0 0 1 0 0 0 0 0 0 1 0 0 0 0 0 0 0 0 0 1 0 0 0 0 0 0 0 0 1 0 0 0 0 0 0 0 0 0 0 1 0 0 0 0 0 0 0 0 0 0 0 0 0 0 2 0 0 0 0 0 0 0 0 0 0 0 0 0 0 0 1 0 0 1 0 0 0 0 0 0 0 0 1 0 0 0 0 0 0 0 0 0 0 0 0 0 0 0 0 0 0 0 0 0 0 0 0 0 0 0 0 0 1 0 0 0 0 0 0 1 
0 0 0 0 0 0 0 0 0 1 0 0 0 0 0 0 0 0 0 0 0 0 0 0 1 0 0 0 0 0 0 0 1 0 0 0 0 0 0 0 0 0 0 0 0 0 0 0 0 0 0 0 0 0 0 0 0 0 0 0 0 0 0 0 0 0 0 0 0 0 0 0 0 0 0 0 0 0 0 0 0 0 0 0 0 0 0 0 0 0 0 0 0 0 0 0 0 0 0 0 0 0 0 0 0 0 0 0 0 1 0 0 0 0 0 0 0 1 0 0 0 0 0 0 1 0 0 0 0 0 0 0 0 0 0 0 0 0 0 0 0 0 0 0 0 0 0 0 0 0 0 0 0 0 0 0 0 0 0 0 0 0 0 0 0 0 0 0 0 0 0 0 0 0 0 0 0 0 0 0 0 0 0 0 0 0 0 0 0 0 0 0 0 0 0 0 0 0 1 0 0 0 0 0 0 0 0 0 0 0 0 0 0 0 0 0 0 0 0 0 0 0 0 0 0 0 0 0 0 0 0 0 0 0 0 0 0 0 0 0 0 0 0 0 1 1 1 0 0 0 1 0 0 0 0 0 
0 0 0 0 0 0 0 0 0 0 0 0 0 0 0 0 0 0 1 0 0 0 0 0 0 0 0 0 0 0 0 1 0 0 0 0 0 0 0 0 0 0 0 0 0 0 0 0 1 0 1 0 0 0 0 0 0 0 0 1 0 0 0 0 0 1 0 0 0 1 0 0 0 0 0 0 1 0 0 0 0 0 0 1 0 0 0 0 0 0 1 0 0 0 0 0 0 0 0 0 0 0 0 0 0 0 0 0 0 0 0 0 0 0 0 0 0 0 0 0 0 0 0 0 0 0 0 0 0 0 0 0 0 0 0 0 0 0 1 0 0 0 0 0 0 0 0 0 0 0 0 0 0 0 0 0 0 0 0 0 1 0 0 0 0 0 0 0 0 0 0 1 0 0 0 1 0 0 0 0 0 0 0 0 0 0 0 0 0 1 0 0 0 0 0 0 0 0 0 0 1 0 0 0 1 1 0 0 0 0 0 0 0 0 0 0 0 0 0 0 0 0 0 0 1 0 0 0 0 0 0 0 0 0 0 0 0 0 0 0 0 0 0 0 0 0 0 0 0 0 0 0 0 0 0 0 
0 0 1 0 0 0 0 0 0 0 0 0 0 0 0 0 0 0 0 0 0 0 0 0 1 0 0 0 0 0 0 0 1 0 0 0 0 0 0 0 0 0 0 1 0 0 0 0 0 0 0 0 0 0 0 0 0 0 0 0 0 0 0 0 0 0 0 0 0 0 0 0 0 0 0 0 0 0 0 1 0 0 0 0 0 0 2 1 0 1 0 1 0 0 0 0 0 0 0 0 0 0 0 0 0 0 0 0 0 0 0 0 0 0 0 0 0 0 0 0 0 0 0 0 0 0 0 0 0 1 0 2 0 0 0 0 0 0 0 0 0 0 0 0 0 0 0 0 0 0 0 0 0 0 0 0 0 0 0 0 0 0 0 0 0 0 0 0 0 0 0 1 0 0 0 0 0 0 0 0 0 0 0 0 0 0 0 0 0 0 1 0 1 0 0 0 0 0 0 0 0 0 0 0 0 0 0 0 0 0 0 0 0 0 0 0 0 0 0 0 0 0 0 0 0 0 0 0 0 0 0 0 0 0 0 0 0 1 0 0 1 0 0 0 1 0 0 1 0 0 0 1 0 0 0 0 
0 0 0 1 0 0 0 0 0 0 0 1 0 0 1 0 0 0 1 0 0 0 0 0 0 0 0 0 0 0 1 1 0 0 0 0 0 0 0 0 0 0 0 0 0 0 0 0 0 1 0 0 0 0 0 0 0 0 0 0 0 0 0 0 0 0 0 0 0 0 0 0 0 0 0 0 0 0 0 0 0 0 0 0 0 0 0 0 0 0 0 0 0 0 0 0 0 0 0 0 0 0 0 0 0 0 0 0 0 0 0 0 1 0 0 0 0 0 0 0 0 0 0 1 0 0 0 0 0 0 0 0 0 0 0 0 0 1 0 0 0 0 0 0 0 0 0 0 0 0 0 0 1 0 0 0 0 0 0 0 1 0 1 0 0 0 0 0 0 0 0 0 0 0 0 0 0 0 0 0 0 0 0 0 0 1 1 0 0 0 0 0 0 0 0 0 0 0 0 0 0 0 1 0 0 0 0 0 0 0 0 0 0 0 0 0 0 0 0 0 0 0 0 0 0 0 0 0 0 0 0 0 0 0 0 0 0 0 0 0 0 0 0 0 0 0 0 1 0 0 0 0 1 0 0 0 
0 0 0 0 0 0 0 0 1 0 0 0 0 0 0 0 0 0 0 0 0 0 0 0 0 0 0 0 0 1 0 0 0 0 0 0 0 0 0 0 0 0 0 0 0 2 0 0 0 0 0 0 0 0 0 0 1 0 0 0 0 0 0 0 0 0 0 0 0 0 1 0 0 0 0 0 0 0 0 0 0 0 0 0 0 0 0 0 0 0 0 0 1 0 0 0 0 0 0 0 0 0 0 0 0 0 0 0 0 0 0 0 0 0 0 0 0 0 0 1 0 0 0 0 0 0 0 0 0 0 0 0 0 2 0 1 0 0 0 0 0 0 1 0 0 0 0 0 0 0 0 0 0 0 0 0 0 0 0 0 0 0 0 0 0 0 0 0 0 0 0 0 0 0 0 0 0 0 0 0 0 0 0 0 1 0 0 0 0 0 0 0 0 0 0 0 0 0 0 0 0 0 1 0 0 0 0 0 0 0 0 0 0 1 0 0 0 0 0 0 0 0 0 0 0 0 0 0 0 0 1 0 0 0 0 0 0 0 0 0 0 0 0 0 0 0 0 0 0 0 0 0 0 0 0 1 
0 0 0 0 0 0 0 0 1 1 0 0 0 0 0 0 0 0 0 0 0 0 0 1 0 0 0 0 0 0 0 1 0 0 0 0 0 0 0 0 0 0 1 1 0 0 0 0 0 1 0 0 1 0 0 1 0 1 0 0 0 0 0 1 0 0 0 0 1 0 0 0 0 0 0 0 0 0 0 0 0 0 0 0 0 0 0 0 0 0 0 0 0 0 0 0 0 0 0 0 0 0 0 0 0 0 0 0 0 0 0 0 0 0 0 1 0 0 0 0 0 0 0 0 0 0 0 0 0 0 0 0 0 0 0 0 0 0 1 0 0 0 0 0 0 0 0 0 1 0 0 0 1 0 0 0 0 0 0 0 0 0 0 0 0 0 0 0 0 0 0 0 0 1 0 0 0 0 0 0 1 0 0 0 0 0 0 0 0 0 1 0 0 0 0 0 0 0 0 0 0 0 0 0 0 0 0 0 0 0 0 0 0 0 0 0 0 0 0 0 0 1 0 0 0 0 0 0 0 0 0 0 0 0 0 0 0 0 0 0 0 0 0 0 0 0 0 0 0 0 0 0 0 0 0 0 
0 0 0 0 0 0 0 0 0 0 0 0 0 0 0 0 0 0 0 0 0 0 0 0 0 0 0 0 0 0 0 0 0 0 1 0 0 0 0 0 0 0 0 0 0 0 0 0 0 0 0 0 0 0 0 0 0 1 0 0 0 0 0 0 0 0 0 0 0 0 0 0 0 0 1 1 0 0 0 0 0 0 0 1 0 0 0 0 0 0 0 0 0 0 0 0 0 0 0 0 0 0 0 0 0 0 0 0 0 0 0 0 0 0 0 0 0 0 1 0 0 1 0 0 0 0 0 0 0 0 0 0 0 0 0 0 0 0 0 0 0 0 0 0 1 0 0 0 0 0 0 0 0 0 0 0 0 0 0 0 1 0 0 0 0 1 0 0 0 0 0 0 0 0 0 0 0 0 0 0 0 0 0 0 0 0 0 0 0 0 0 0 1 0 0 1 0 0 0 1 0 0 0 0 0 0 0 0 0 0 0 0 1 0 0 0 0 0 0 0 0 0 0 0 0 0 0 0 0 1 0 0 1 0 0 0 0 0 1 0 0 0 0 0 0 0 0 0 0 0 0 0 0 0 0 0 
0 0 0 0 0 0 0 0 0 0 0 0 0 0 0 0 0 0 0 0 0 0 1 1 0 0 0 0 0 0 0 0 0 0 0 0 0 0 0 0 0 0 0 0 0 0 0 0 0 0 0 0 0 0 0 0 0 0 0 0 0 0 0 0 0 0 0 0 0 0 0 0 0 0 0 0 0 0 0 0 0 1 0 0 1 0 0 0 0 0 0 0 0 0 0 0 0 0 1 0 0 0 0 0 0 0 0 0 0 0 0 0 0 0 0 1 0 0 0 1 0 0 1 0 0 0 0 0 0 0 0 0 0 0 0 0 0 0 0 0 0 0 0 0 0 0 0 0 0 0 0 0 0 0 0 0 0 0 0 0 0 0 0 0 0 0 0 0 0 0 0 0 0 0 0 1 0 0 0 0 0 0 0 0 0 0 0 0 0 0 0 0 0 0 0 0 0 0 0 0 0 0 0 0 0 0 0 0 0 0 1 0 0 0 0 0 0 0 0 1 0 0 0 0 0 1 0 0 0 1 0 0 0 0 0 0 0 1 0 0 0 0 0 0 0 0 0 0 0 0 0 0 0 0 0 0 
0 0 0 0 0 0 0 0 0 0 0 0 0 1 1 0 0 0 0 0 0 0 0 0 0 0 0 0 1 0 0 0 0 0 0 0 0 0 1 0 0 0 0 0 0 0 0 0 0 0 0 1 0 0 0 0 0 0 0 0 0 0 0 0 0 0 0 0 0 0 1 0 0 0 0 0 0 0 0 0 0 0 0 0 0 0 0 0 0 0 0 0 0 0 0 0 0 0 0 0 0 0 0 0 0 0 0 0 0 0 0 0 0 0 0 0 0 1 0 0 0 0 1 0 0 0 0 0 0 0 0 1 0 0 0 0 0 0 0 1 0 0 0 1 0 1 0 1 0 0 1 0 0 1 0 1 0 1 0 0 0 0 0 0 0 0 0 0 0 0 0 0 0 0 0 0 1 0 1 0 0 0 0 0 0 0 0 0 1 0 0 0 0 0 0 0 0 0 0 0 0 0 0 0 0 0 0 0 0 0 0 0 0 1 0 0 0 0 0 0 1 0 0 0 0 0 0 1 0 0 0 0 0 0 0 0 0 0 0 0 0 0 0 0 0 0 0 0 0 0 0 0 1 0 0 1 
0 0 0 0 0 0 0 0 0 0 0 0 0 0 0 0 0 0 0 0 0 0 0 1 0 0 0 0 0 0 0 0 0 0 2 0 0 0 0 0 0 0 0 1 0 0 0 0 0 0 0 0 1 0 1 0 0 0 0 0 0 0 0 0 1 0 0 1 0 0 0 1 0 0 1 0 0 0 0 0 0 0 0 0 0 0 1 0 0 0 0 0 0 0 0 0 0 0 0 0 0 0 0 0 0 0 0 0 0 0 0 0 0 0 0 0 0 0 0 0 0 0 0 0 0 0 0 0 0 0 0 0 0 0 0 0 0 1 0 0 0 0 1 0 0 0 0 0 0 0 0 0 0 0 0 0 0 0 0 0 0 0 0 0 0 0 0 0 0 0 0 0 0 0 0 0 0 0 0 1 0 0 0 1 0 0 0 1 0 0 0 0 0 0 0 0 1 0 0 0 0 0 0 0 0 0 0 0 0 0 0 1 0 0 0 0 0 0 0 0 0 0 0 0 0 0 0 0 0 0 0 0 0 0 0 0 0 0 0 1 0 0 0 0 0 0 0 0 0 0 0 0 0 0 0 0 
0 0 0 0 0 0 0 0 0 0 0 1 0 0 1 0 0 0 0 0 0 0 0 0 0 0 0 0 0 0 0 0 1 0 0 0 0 0 0 0 0 0 0 0 1 0 0 0 0 0 0 0 0 0 0 1 0 0 0 0 0 0 0 1 0 1 0 0 0 0 0 0 0 0 0 0 0 0 0 1 0 0 0 0 0 0 0 0 0 0 0 0 0 0 0 0 0 0 0 1 0 0 1 0 0 0 0 0 0 0 0 0 0 1 0 0 0 0 0 0 0 0 0 0 1 0 0 0 0 0 0 0 0 0 0 0 0 0 0 0 0 0 0 0 0 0 0 0 0 0 1 0 0 0 0 0 0 0 0 0 0 0 1 0 0 0 0 0 0 0 0 0 0 0 0 0 0 0 0 0 0 0 0 1 0 0 0 0 0 0 0 0 0 0 0 0 0 0 0 0 0 0 0 0 1 0 0 0 0 0 0 0 0 0 0 0 0 0 0 0 0 0 0 0 0 0 0 0 0 0 0 0 0 0 0 1 0 0 0 0 0 0 0 0 0 0 0 1 0 1 0 0 0 0 0 0 
0 0 0 0 0 0 0 0 0 0 0 0 0 0 1 0 0 0 0 1 0 0 0 0 1 0 0 0 0 0 0 0 0 0 0 0 0 0 0 0 0 0 0 1 0 0 0 0 0 0 0 1 0 0 0 0 0 0 0 0 0 0 0 0 0 0 0 0 0 0 2 0 0 0 0 0 1 1 0 0 0 1 1 0 0 0 0 0 0 1 0 1 0 0 0 0 0 0 0 0 0 0 0 0 0 0 0 0 0 0 0 0 0 0 0 0 0 0 0 0 0 0 0 0 0 0 0 0 0 0 0 0 0 0 0 0 0 0 0 0 0 0 0 0 0 0 0 0 0 1 0 0 0 1 0 0 0 0 0 0 0 0 0 0 0 0 0 0 0 0 1 0 0 0 0 0 0 0 0 1 0 0 0 0 0 0 0 0 0 0 0 0 0 0 0 0 0 0 0 0 0 0 0 0 0 0 0 0 0 0 1 0 0 0 0 0 0 0 0 0 0 0 0 0 0 0 0 0 0 0 0 0 0 0 0 0 0 0 0 0 0 0 0 0 0 0 0 1 0 0 0 0 0 0 0 0 
0 0 0 1 0 0 0 0 0 0 1 0 0 0 0 0 0 0 1 0 0 0 0 0 0 1 1 0 0 0 0 0 0 0 0 1 0 0 0 0 0 0 0 0 0 1 0 1 0 0 1 1 1 0 0 0 0 0 0 0 0 0 0 0 0 0 0 0 0 0 0 0 0 0 0 0 0 0 0 0 0 0 0 0 0 0 0 0 0 0 0 0 0 0 0 0 0 0 0 0 0 0 1 0 0 0 0 0 0 0 1 0 0 0 0 0 1 0 1 0 0 0 0 0 0 0 0 1 0 0 0 0 0 0 0 0 0 0 0 0 0 0 0 0 0 0 0 0 1 0 0 0 0 0 0 0 0 0 0 0 0 0 0 0 0 0 0 0 0 0 0 0 0 0 0 0 0 0 0 0 0 0 0 0 0 0 0 0 0 0 0 0 0 0 0 0 0 0 0 0 0 1 0 0 0 1 0 0 0 0 0 0 0 0 0 0 0 0 0 0 0 0 0 1 0 0 0 0 0 0 0 0 0 0 0 0 0 0 0 1 0 0 0 1 1 0 0 0 0 0 0 0 0 0 0 0 
0 0 0 0 0 0 0 0 0 0 0 0 0 0 0 0 0 0 0 0 0 0 0 0 0 0 0 0 0 0 0 0 1 1 0 0 1 0 0 0 0 0 1 1 0 0 0 0 0 0 0 0 0 0 0 0 0 0 0 0 0 0 0 0 0 0 0 0 0 0 0 1 0 2 0 0 0 0 0 0 0 0 0 0 0 0 0 0 0 0 0 0 0 0 0 0 0 0 0 0 0 0 0 0 0 0 0 0 0 0 0 0 0 0 0 0 0 0 0 1 0 1 0 0 0 0 0 0 0 0 0 0 0 0 0 0 0 0 0 1 0 1 1 0 0 0 0 0 0 0 0 0 0 1 0 0 0 0 0 0 0 0 1 0 0 0 2 1 0 1 0 1 0 0 0 0 1 0 0 0 0 0 0 0 0 0 0 0 0 0 0 0 0 0 0 0 0 1 0 0 0 0 0 0 0 0 0 0 0 0 1 1 1 0 0 0 0 0 0 0 0 0 0 0 1 1 0 0 0 0 0 0 0 0 0 0 0 0 0 0 0 0 0 0 1 1 0 1 0 0 0 1 0 0 0 0 
0 0 0 0 0 0 0 0 0 0 0 0 0 0 0 0 0 0 0 0 0 0 0 0 0 0 0 0 0 0 1 0 0 0 0 0 0 0 0 0 0 0 0 0 0 0 1 0 0 0 0 0 0 0 0 0 0 1 1 0 0 0 0 0 0 0 0 0 0 1 1 0 0 0 1 0 1 0 0 0 0 0 0 0 0 1 0 0 0 1 0 0 1 0 0 0 0 0 0 0 0 0 1 0 0 0 0 0 0 0 0 0 0 0 0 0 0 0 0 0 0 0 0 0 1 0 0 0 0 0 0 0 0 2 0 0 0 1 0 0 0 0 0 0 0 0 0 0 0 0 0 0 0 0 0 0 0 0 0 0 0 0 0 0 0 0 0 0 0 0 0 0 0 0 0 0 0 0 0 0 0 0 0 0 0 1 0 0 0 0 0 0 0 0 0 0 0 0 0 0 0 0 0 0 0 0 0 1 0 0 0 0 0 0 0 1 0 0 0 0 0 0 0 0 0 1 0 0 0 0 0 0 0 0 0 0 0 0 0 0 0 0 0 0 0 0 0 0 0 0 0 0 0 0 0 0 
0 0 0 0 0 0 1 0 0 0 0 0 0 0 0 0 0 0 0 0 0 0 1 0 0 0 0 0 0 0 0 0 0 0 0 0 0 0 0 1 0 0 0 0 0 0 0 0 0 0 0 0 0 0 0 0 0 0 0 0 0 0 0 0 0 0 0 0 0 0 0 0 0 0 0 0 0 0 0 0 0 0 1 0 0 0 0 0 0 0 0 0 0 0 0 0 0 0 0 0 0 0 0 0 0 0 0 0 1 0 0 1 0 0 0 0 0 0 0 0 0 0 0 0 0 0 0 0 0 0 0 1 0 0 0 0 0 0 0 0 0 1 0 0 0 0 0 0 0 0 0 1 0 0 1 0 0 0 0 0 0 0 0 0 0 0 0 0 0 1 0 0 0 0 0 0 0 0 0 0 0 0 0 0 0 0 0 0 0 0 0 0 0 1 0 0 0 0 0 0 0 0 0 0 0 0 0 0 0 0 0 1 0 0 0 0 0 0 0 0 0 0 0 0 0 0 0 0 0 0 0 0 0 0 0 0 1 0 0 0 0 0 0 0 0 0 0 0 0 0 1 0 0 0 0 0 
0 0 0 0 0 0 0 0 0 0 0 0 0 0 0 0 0 0 0 0 0 0 0 0 0 0 0 0 0 0 0 0 0 1 0 0 0 0 1 0 0 0 0 0 0 1 0 0 0 0 0 0 0 0 0 0 0 0 0 0 0 0 0 0 1 0 0 0 0 0 0 0 0 1 0 0 0 1 0 0 0 0 0 0 0 0 0 0 0 0 0 0 0 0 0 0 0 2 1 0 0 0 0 0 0 0 0 0 0 0 0 0 0 0 0 0 0 0 0 0 0 0 1 0 0 0 0 0 0 0 0 0 0 0 0 1 0 0 0 0 0 0 0 0 0 0 0 0 0 0 0 0 0 0 0 0 0 0 0 0 0 0 0 0 0 0 0 0 0 1 0 0 1 0 0 0 0 0 0 0 0 0 0 0 1 0 0 1 0 0 0 0 0 0 0 0 0 0 0 0 0 0 0 0 0 0 0 0 0 0 0 0 0 0 0 0 0 0 0 0 0 0 0 0 0 0 0 0 0 0 0 0 0 0 0 0 0 0 0 0 0 0 0 0 0 0 0 0 0 0 0 0 0 0 0 0 
0 0 0 0 0 0 0 0 0 0 0 0 0 0 0 0 0 0 0 0 0 0 0 0 0 0 0 0 0 0 0 0 0 0 0 0 0 1 0 0 0 1 0 0 0 0 0 0 0 0 0 0 0 0 0 0 0 0 0 0 0 0 0 0 0 0 0 0 0 0 0 0 0 0 0 0 0 0 0 0 0 1 0 0 0 0 0 0 0 0 0 0 0 0 0 0 0 0 0 0 0 0 0 0 0 0 0 0 0 0 0 1 0 0 0 0 1 0 1 0 0 0 0 0 0 0 0 0 0 1 0 0 0 0 1 0 0 0 0 0 0 0 0 0 1 0 0 0 0 0 0 0 0 0 0 0 0 0 0 0 0 0 0 0 1 0 0 0 0 2 0 0 0 0 0 0 0 0 0 0 1 0 0 0 0 0 0 0 0 0 1 0 0 0 0 0 0 0 0 0 0 0 0 0 1 0 0 0 0 0 0 0 0 0 0 0 0 0 0 0 0 0 0 0 0 0 0 0 1 0 0 0 1 0 0 0 0 0 0 0 1 0 0 0 0 0 0 0 0 1 0 0 0 0 0 0 
0 0 0 0 0 0 0 0 0 0 0 0 0 0 0 0 0 0 0 0 0 1 1 0 0 0 0 1 0 0 0 0 1 0 0 0 1 0 0 0 0 0 0 0 0 0 0 0 0 0 1 0 0 0 0 0 0 0 0 0 0 0 0 0 0 0 0 0 0 0 0 0 0 0 0 0 0 1 0 0 0 0 0 0 0 0 0 0 0 0 0 2 0 1 0 0 0 0 0 0 0 0 1 0 0 0 0 0 0 0 0 0 0 0 0 1 1 0 0 0 0 0 0 0 0 0 0 0 0 0 0 0 0 0 1 0 0 0 0 0 0 0 0 0 0 0 1 0 0 0 0 1 1 1 0 0 0 0 0 0 0 1 0 0 0 0 0 0 0 0 0 0 0 1 0 0 0 0 0 0 0 0 0 0 0 0 0 0 0 0 0 0 0 0 0 0 0 0 0 0 0 0 0 0 0 0 0 1 0 0 0 0 0 0 0 0 0 0 0 0 0 0 0 0 0 0 0 0 0 0 0 0 0 0 1 0 0 0 0 0 0 0 0 0 0 0 0 0 0 0 0 0 0 0 0 0 
0 0 0 0 0 0 0 0 0 0 0 0 0 0 0 0 0 0 0 0 0 0 0 0 0 0 0 0 0 0 0 0 0 0 0 0 0 0 0 0 0 0 0 0 0 0 0 0 0 0 0 0 0 0 0 0 0 0 0 0 1 0 0 0 0 0 0 0 1 0 0 0 0 0 0 0 0 0 0 0 0 0 1 0 0 0 0 0 0 0 0 0 0 0 0 0 0 0 0 0 0 0 0 0 0 0 0 0 0 0 0 0 0 0 0 0 0 0 0 1 0 0 0 1 0 0 0 0 0 0 0 0 0 0 0 0 0 0 0 0 0 1 0 0 0 0 0 0 0 0 0 1 0 0 0 1 0 0 0 0 1 0 0 0 0 0 0 0 0 0 0 0 0 0 0 0 0 0 0 0 0 0 0 0 0 0 0 0 0 0 0 0 1 0 0 0 0 0 1 0 0 0 0 1 0 0 0 0 1 0 0 0 0 0 0 0 0 0 0 0 0 0 0 0 0 0 1 0 0 0 0 0 0 0 0 0 0 0 0 0 0 0 0 0 0 0 0 0 0 0 0 0 0 0 0 0 
0 0 0 0 0 0 0 0 0 2 0 0 0 0 0 0 0 0 0 0 0 0 0 0 0 0 0 0 0 0 0 0 0 0 0 0 0 0 0 0 1 0 0 0 0 0 0 0 0 0 0 0 0 0 0 0 0 0 0 0 0 0 0 0 0 0 0 0 0 0 0 0 0 0 1 0 0 0 0 0 0 0 0 0 0 0 0 0 0 0 0 0 0 0 0 0 0 0 0 0 1 0 0 0 0 0 0 0 0 1 0 0 0 0 0 0 0 0 0 0 0 0 0 0 1 0 0 0 0 0 0 0 0 0 0 0 1 0 0 0 0 0 1 0 0 0 1 0 0 0 0 0 0 0 0 0 0 0 0 0 0 0 0 0 0 0 0 0 0 0 0 0 0 0 0 0 0 0 0 0 0 0 0 0 0 0 0 0 0 0 0 1 0 0 0 0 0 0 0 0 0 0 0 0 0 0 1 0 0 0 0 0 0 0 0 0 0 0 0 0 0 0 0 0 0 0 0 0 0 0 0 0 0 0 0 0 0 0 0 0 0 0 0 0 0 0 0 0 0 0 0 1 0 0 0 0 
0 0 0 0 0 0 0 0 0 0 0 0 0 1 0 0 0 0 0 0 0 0 0 0 0 0 0 0 0 0 0 0 0 0 0 0 0 0 0 0 0 0 0 0 0 0 0 0 0 0 0 0 0 0 0 0 0 0 0 0 0 1 0 0 0 0 0 0 0 0 0 0 0 0 0 0 1 0 0 0 0 0 0 0 0 0 0 0 1 0 0 0 0 0 0 0 0 0 0 0 0 0 0 0 0 0 0 0 0 0 0 0 0 0 0 0 0 0 0 0 0 0 0 0 0 0 0 0 0 0 0 0 0 0 0 0 1 0 0 0 0 0 0 0 0 0 0 0 0 0 0 0 0 0 0 0 0 0 0 0 0 0 0 0 0 1 1 0 0 0 0 0 0 0 0 0 0 0 0 0 0 0 0 0 0 0 0 0 0 0 0 0 0 0 0 0 0 0 0 0 0 0 0 0 0 0 0 0 0 0 0 0 0 0 0 0 0 0 0 0 0 0 0 0 0 0 0 1 0 0 0 0 0 0 0 0 0 0 0 0 0 0 0 0 0 0 0 0 0 0 0 0 0 0 1 1 
0 0 0 0 1 1 0 0 0 0 0 0 0 0 0 0 0 0 1 1 0 0 0 0 0 0 0 0 0 0 0 0 0 0 0 0 0 0 0 0 0 0 0 0 0 0 0 0 0 0 0 0 0 0 0 0 0 0 0 0 0 0 0 0 0 0 0 0 0 0 0 0 0 0 0 0 1 0 0 0 0 0 0 0 0 0 1 0 0 0 0 1 1 0 0 0 0 0 0 0 1 0 0 0 0 0 0 1 0 0 0 0 0 0 0 0 0 0 1 0 1 0 0 0 0 0 0 1 0 0 0 0 0 0 0 0 1 0 0 0 0 0 0 0 0 0 0 0 1 1 0 0 0 0 0 0 0 0 0 0 1 0 0 0 0 0 0 0 0 0 0 0 0 0 0 1 0 1 0 0 1 0 0 1 0 0 0 0 0 0 0 0 0 0 0 0 0 0 0 0 0 0 0 0 0 0 0 0 0 0 0 0 0 0 0 0 0 0 0 0 0 0 0 0 0 0 0 0 0 1 1 0 0 0 0 0 0 0 0 0 0 0 0 0 0 0 0 0 0 0 0 0 0 0 0 0 
0 0 0 0 0 0 0 1 1 0 0 0 0 0 0 0 0 0 0 0 0 0 0 0 0 0 0 0 0 0 0 0 0 0 0 0 0 0 0 0 0 1 0 0 0 0 0 0 0 0 0 0 0 0 0 0 0 0 0 0 0 0 0 0 0 1 0 0 0 1 0 0 0 0 0 0 0 0 0 0 0 0 0 0 0 0 0 0 0 0 0 0 0 0 0 0 0 0 0 0 0 0 0 1 0 0 0 0 0 0 0 0 0 0 0 0 0 0 0 0 0 0 0 0 0 0 0 0 0 0 0 0 0 0 1 0 0 1 0 0 0 0 0 0 0 0 0 0 0 0 0 0 0 0 0 0 0 0 0 0 1 0 0 0 0 0 0 0 0 0 0 0 0 0 0 1 0 0 0 0 0 0 0 0 0 0 0 0 0 0 0 0 0 0 0 0 0 0 0 0 0 0 0 1 0 0 0 0 0 1 0 0 1 0 0 0 0 0 0 0 0 0 0 0 0 1 0 0 0 0 0 0 0 0 0 0 1 0 0 0 0 0 0 0 0 0 0 0 0 0 0 0 0 0 0 0 
0 0 0 1 0 1 0 0 0 0 0 0 0 0 0 0 0 0 0 1 0 0 1 0 0 0 0 0 0 0 0 1 0 0 0 0 0 0 0 0 0 0 0 0 0 0 0 0 0 0 0 0 0 0 0 0 0 0 0 0 0 0 0 0 0 0 0 0 0 0 0 0 0 0 0 0 0 0 0 0 0 0 0 0 0 1 0 0 0 0 0 0 0 0 0 0 0 0 0 1 0 0 0 0 0 0 0 0 0 0 0 1 0 0 0 0 0 0 0 0 0 0 0 0 0 0 0 0 0 0 0 0 0 0 0 0 0 0 0 0 0 0 1 0 0 0 0 0 0 0 0 0 0 0 0 0 0 0 0 0 0 0 0 0 0 1 0 0 0 0 0 0 0 0 0 0 0 0 0 0 0 0 0 0 0 0 0 0 0 0 1 0 1 0 0 0 0 0 0 1 0 0 0 0 0 0 0 1 0 0 0 0 0 0 1 0 0 0 0 0 0 0 0 0 0 1 0 0 0 0 0 0 0 0 0 0 0 0 0 0 0 1 0 0 0 0 0 0 0 0 0 0 0 0 0 0 
0 0 0 0 0 0 0 0 0 0 0 0 0 0 0 0 0 0 0 0 0 0 1 0 0 0 0 0 0 0 0 0 0 0 0 0 0 1 1 1 0 0 0 0 0 0 0 0 0 0 0 0 0 0 0 0 0 0 0 0 0 0 0 0 0 0 0 0 0 0 0 0 0 1 0 0 0 0 0 0 1 0 0 0 0 0 0 0 0 0 0 1 0 0 0 0 0 1 0 0 0 0 0 0 0 0 0 0 0 0 0 0 0 0 1 0 0 0 0 0 0 0 0 0 0 0 0 0 0 1 0 0 0 0 2 0 0 0 0 0 0 0 0 0 0 0 0 0 0 0 0 0 0 0 1 0 1 0 0 0 0 1 0 0 0 0 0 1 0 0 0 0 0 0 0 0 0 0 1 0 0 0 0 0 0 0 0 0 0 0 0 0 0 0 0 0 0 0 0 0 0 0 1 0 0 0 0 0 0 0 0 0 0 0 0 0 0 0 0 0 0 0 0 1 0 0 0 0 0 0 0 0 0 0 0 0 0 0 1 0 0 0 0 0 0 0 0 0 0 0 0 0 0 0 0 0 
0 0 0 0 0 0 0 0 0 0 0 0 0 0 0 0 0 1 0 0 0 0 0 1 0 0 0 0 0 0 0 0 0 0 0 0 0 0 0 1 0 0 0 1 0 0 0 0 0 0 0 0 0 0 0 0 0 0 0 0 0 0 0 0 0 0 0 0 0 0 1 0 0 0 0 0 0 1 0 0 0 0 0 0 0 0 0 0 0 0 0 0 0 0 0 1 0 0 0 0 0 0 0 0 0 0 1 0 0 0 0 0 0 2 0 0 0 0 1 1 0 0 0 0 0 0 0 0 0 0 0 0 0 0 0 0 0 0 0 0 0 0 0 0 0 0 0 0 0 0 0 0 0 0 0 0 0 0 0 0 0 0 0 0 0 0 0 0 0 0 0 0 0 1 0 0 0 0 0 1 0 0 0 0 0 0 0 0 0 0 0 1 1 0 0 1 0 0 0 0 0 1 1 0 0 0 0 0 0 0 0 0 0 0 0 0 0 0 0 0 0 0 0 0 0 0 0 0 0 0 0 0 1 0 0 0 0 0 0 0 0 0 0 0 0 0 0 0 0 0 0 0 0 0 0 0 
0 0 0 0 0 0 0 0 0 0 0 0 0 0 0 0 0 0 0 0 0 0 0 0 0 0 0 0 1 1 0 0 0 0 0 0 0 0 0 0 0 0 0 0 0 0 0 1 0 0 0 0 0 0 0 0 0 0 0 0 0 0 0 0 0 0 0 0 0 0 0 1 0 0 0 0 1 0 0 0 0 0 0 0 0 0 0 0 0 0 0 0 0 0 0 0 0 0 0 0 0 0 0 0 0 0 0 0 0 0 0 0 0 1 0 0 0 0 0 0 0 0 0 1 0 1 0 1 0 0 0 0 0 0 0 0 0 0 0 0 0 0 0 1 0 0 0 0 0 0 0 0 0 1 0 0 1 0 0 0 0 0 2 0 0 0 0 0 0 0 0 0 0 0 0 0 0 0 0 0 1 0 0 0 0 0 0 0 0 0 0 0 0 0 0 0 1 0 0 1 0 0 0 0 1 0 0 0 0 0 0 0 0 0 0 0 0 0 0 0 0 0 0 0 0 0 0 1 0 0 0 1 0 0 0 0 0 0 0 0 0 0 0 0 0 0 0 0 0 0 0 0 0 0 0 0 
0 1 0 0 0 0 0 0 0 0 0 1 1 0 0 0 0 0 0 0 0 0 0 0 0 0 0 0 0 0 0 0 0 0 0 0 0 0 0 0 0 0 0 0 0 0 0 0 0 0 0 0 0 0 0 0 0 0 0 0 0 0 0 0 0 0 0 0 0 0 0 0 0 0 0 0 0 0 0 0 0 0 0 0 0 1 0 0 0 0 0 0 0 0 0 0 0 0 0 0 0 0 0 0 0 0 0 0 0 0 0 0 0 0 0 0 0 0 0 0 0 0 0 0 0 0 0 0 0 1 1 0 0 1 0 0 0 0 0 0 0 0 0 0 0 0 0 0 0 0 0 0 0 0 0 0 0 0 0 0 0 0 0 0 0 0 0 0 0 1 0 0 0 0 1 0 0 0 0 0 0 0 0 0 0 0 0 0 0 0 0 0 0 1 0 0 0 0 0 0 0 0 0 0 0 0 0 0 0 0 0 0 0 0 0 0 0 0 0 0 0 0 0 0 0 0 0 0 0 0 0 1 0 0 0 0 0 0 0 1 0 0 0 0 0 0 0 1 0 0 0 0 1 0 0 0 
0 0 0 0 0 0 0 0 0 0 0 0 0 1 0 1 0 0 0 0 0 0 0 0 0 0 0 0 0 0 0 2 0 0 0 0 0 0 0 0 0 0 0 0 1 0 1 0 1 0 0 1 0 0 0 0 0 0 0 0 0 0 0 0 0 0 0 0 0 0 0 0 0 0 0 0 0 0 0 0 0 0 0 0 0 0 0 1 0 0 1 0 0 0 0 0 0 0 0 0 0 0 0 1 0 0 1 0 0 0 1 0 0 0 0 0 0 0 1 0 0 0 0 0 0 0 0 0 0 0 0 0 0 0 1 0 1 0 0 0 0 0 0 0 0 0 1 0 0 0 0 0 0 0 0 0 0 0 0 0 0 1 0 0 0 0 0 0 0 1 0 0 0 0 0 0 0 0 0 0 0 0 0 0 0 0 0 0 0 0 0 0 0 0 0 0 0 0 1 0 0 0 0 0 0 0 0 0 0 0 0 0 0 0 0 0 0 0 0 0 0 0 0 1 0 0 0 0 1 1 0 0 0 0 0 0 0 0 0 0 1 0 0 0 0 0 0 0 0 0 0 0 0 0 0 0 
0 0 0 0 0 0 0 0 0 0 0 0 0 0 0 0 1 0 1 0 0 0 0 0 0 0 1 0 0 0 0 0 0 0 0 0 0 0 0 0 0 0 0 0 1 1 0 0 0 0 0 0 0 0 0 0 0 0 0 2 0 0 0 0 0 0 0 0 0 0 0 0 0 0 0 0 0 0 0 0 2 0 0 0 0 0 0 0 0 0 0 0 0 0 0 0 0 0 0 0 0 0 0 0 0 0 0 0 0 0 0 0 0 0 0 0 0 0 0 0 0 0 0 0 0 0 0 0 0 0 0 0 0 0 0 0 0 0 0 0 0 0 0 0 0 0 1 0 0 0 0 0 0 0 0 0 0 0 0 0 0 0 0 0 0 0 0 0 0 0 0 0 0 0 0 0 0 0 0 0 0 0 1 0 0 0 0 0 0 0 0 0 0 0 0 0 0 1 1 0 0 0 0 0 0 0 0 0 0 0 0 0 0 0 2 1 0 0 0 0 0 0 0 0 1 0 0 0 0 0 0 0 0 0 0 0 0 0 0 0 0 0 0 0 0 0 0 0 0 0 0 0 0 0 0 0 
0 0 0 0 0 0 0 0 0 0 0 0 0 0 0 0 0 0 0 1 1 0 0 0 0 0 0 0 0 0 0 0 0 0 0 0 0 0 0 0 0 0 1 0 0 1 0 0 1 0 0 0 0 0 0 1 0 0 0 0 0 0 0 0 0 1 0 0 0 0 0 0 0 0 0 0 0 0 0 0 0 0 0 0 0 0 0 0 2 0 0 0 0 0 0 0 0 0 0 0 0 1 0 0 0 0 0 0 0 0 0 0 0 0 0 0 0 0 0 0 0 0 0 0 0 0 0 0 0 0 0 1 0 0 0 0 0 0 0 0 0 0 0 0 0 0 1 0 0 1 1 0 0 0 0 0 0 0 1 0 0 0 0 1 0 0 0 0 0 0 0 0 0 0 0 0 0 0 0 0 0 0 0 0 0 0 0 0 0 0 0 1 0 0 0 0 0 0 0 0 0 0 0 0 0 0 0 0 0 0 0 0 0 0 0 1 0 0 0 1 0 0 0 0 0 0 0 0 0 0 0 0 0 0 0 0 0 0 0 0 0 0 0 0 0 0 0 0 1 0 0 0 0 0 0 0 
0 0 0 0 0 0 0 1 0 0 0 0 1 0 0 0 0 0 0 0 0 0 0 0 0 0 0 0 0 0 0 0 0 0 0 0 0 0 0 0 0 0 0 0 0 0 0 0 0 0 0 0 0 0 0 0 0 0 0 0 0 0 0 0 1 0 0 0 0 1 0 0 0 0 0 1 0 0 0 0 0 0 0 0 0 0 0 0 0 0 0 0 0 0 0 0 0 0 0 0 1 0 0 0 0 0 0 0 1 0 0 1 0 0 0 0 0 1 0 0 0 0 0 0 0 1 0 0 0 0 0 0 0 0 1 0 0 0 0 0 0 0 0 1 0 0 0 0 0 0 0 0 0 0 0 0 0 0 0 0 0 0 0 0 0 0 0 0 0 0 0 0 0 1 1 0 0 0 0 0 0 0 0 0 0 0 0 0 0 0 0 0 0 0 0 0 0 0 0 1 0 1 0 0 0 0 0 0 0 0 0 0 0 0 0 0 1 1 0 0 0 0 0 0 0 0 0 0 0 1 0 0 0 0 0 0 0 0 0 0 1 0 0 0 0 0 0 0 0 0 0 0 0 0 0 0 
0 0 0 0 0 0 0 0 0 0 0 0 0 0 0 0 0 0 0 0 0 0 0 0 0 0 0 0 0 0 0 0 1 0 0 0 0 0 0 0 0 0 0 0 0 0 0 0 0 0 0 0 0 0 0 0 0 0 0 0 0 1 0 0 0 0 0 0 0 0 1 1 0 0 0 0 0 0 0 0 0 0 0 0 0 0 0 0 0 0 0 0 0 0 0 0 0 1 1 0 0 0 0 0 0 0 0 0 0 0 0 0 0 0 0 1 0 0 0 0 0 0 0 0 0 0 0 1 0 0 0 0 0 0 0 0 0 0 0 0 0 0 1 0 0 0 0 0 0 0 0 0 0 0 1 0 0 0 0 0 0 0 0 0 1 0 0 0 0 1 0 0 0 0 0 0 1 0 0 1 0 0 0 0 0 0 0 0 0 0 0 0 0 0 0 0 1 0 0 0 0 1 0 0 0 0 0 0 0 0 0 0 0 0 1 0 0 0 1 0 0 0 0 0 0 0 0 0 0 0 0 0 0 0 0 0 0 0 1 0 0 0 0 0 0 0 0 0 0 0 0 0 0 1 0 0 
0 0 0 0 0 0 0 0 0 1 0 0 0 0 0 0 0 0 0 0 0 1 0 1 0 0 0 0 1 0 0 0 0 0 0 0 0 0 0 1 0 0 0 0 0 0 0 0 0 0 0 0 0 0 0 0 0 0 0 0 0 0 0 0 0 0 0 0 0 0 0 0 1 0 0 0 1 0 0 0 0 0 0 0 0 0 0 0 0 0 0 1 0 0 0 0 0 1 0 1 0 0 0 0 0 0 0 0 1 0 0 0 0 0 0 0 0 0 0 0 0 0 0 0 0 0 0 0 0 0 0 0 0 0 1 0 0 0 0 0 0 0 0 0 0 0 0 0 0 0 0 0 1 0 1 0 1 0 0 1 0 0 0 0 0 0 0 0 0 0 0 0 0 0 0 0 0 0 0 0 0 0 0 0 0 0 1 0 0 0 0 0 0 0 0 0 0 0 1 0 0 0 0 0 0 0 0 0 0 0 0 0 0 0 0 0 0 0 0 0 0 0 0 0 0 0 0 0 0 0 0 0 0 0 0 0 0 0 0 0 0 0 0 0 0 0 1 1 0 0 0 0 0 0 0 0 
0 1 0 0 0 0 0 0 0 0 0 0 0 0 0 0 0 0 0 0 0 0 0 0 0 0 0 0 0 0 0 1 0 0 0 0 0 0 0 0 0 0 0 0 0 0 0 2 0 0 0 0 0 0 0 0 0 0 0 0 0 0 0 0 0 0 0 0 0 0 0 1 0 0 0 0 0 0 0 0 0 0 0 0 0 0 0 0 0 0 0 0 0 0 0 0 0 1 0 0 0 0 0 0 0 0 0 0 0 0 0 0 0 0 0 0 0 0 0 0 0 0 0 0 0 1 0 0 0 0 1 0 0 0 0 0 0 0 0 0 0 0 0 1 0 0 0 0 0 0 0 0 0 0 0 0 0 0 0 0 0 1 0 0 1 0 0 0 0 0 0 0 0 0 0 0 0 0 0 0 0 0 0 0 0 0 0 0 0 1 0 0 0 0 0 0 0 0 0 1 0 0 1 0 0 0 0 0 0 0 0 0 0 0 0 0 0 0 0 1 0 0 0 0 0 0 0 0 0 0 0 0 0 0 0 0 0 0 0 0 0 0 0 0 0 0 0 0 1 0 0 0 0 1 0 0 
1 0 0 0 0 0 1 0 0 0 0 0 0 0 0 0 0 0 0 0 0 0 0 0 0 0 0 0 0 0 0 0 0 0 0 0 0 1 0 0 0 0 0 0 0 0 0 0 2 0 0 0 0 0 0 0 0 0 1 0 1 0 0 0 0 0 0 0 0 0 0 0 1 0 0 0 0 0 0 0 1 0 0 0 0 0 0 0 0 0 0 0 0 0 0 0 0 0 0 0 0 0 0 0 0 1 0 0 0 0 0 0 0 0 0 0 0 0 0 0 0 0 0 0 0 0 0 0 0 0 0 0 0 0 0 0 0 1 0 0 0 0 0 1 0 0 0 1 0 0 0 0 0 0 0 0 0 0 0 0 0 0 1 0 0 0 0 0 0 0 0 0 0 0 0 0 0 0 0 0 0 0 0 0 0 1 0 0 0 0 0 0 0 0 0 1 0 0 0 0 0 0 0 0 0 0 0 0 1 0 0 0 0 0 0 0 0 0 0 0 1 0 0 0 0 0 0 0 0 0 0 0 0 0 0 0 0 0 0 0 0 0 0 0 0 0 0 0 0 1 0 1 0 1 0 0 
0 0 0 0 0 0 0 0 0 0 0 1 0 0 0 0 0 0 0 0 0 0 0 0 0 0 0 1 0 0 0 0 1 0 0 0 0 0 0 0 0 0 0 0 0 0 0 0 0 0 0 0 0 0 0 0 0 0 0 0 0 0 0 0 0 0 0 0 0 0 0 1 0 0 0 0 0 0 0 0 0 0 0 0 0 0 0 0 0 0 0 0 0 0 0 0 0 1 0 0 0 0 0 0 0 0 0 0 0 0 0 0 0 0 0 0 0 0 0 0 0 0 0 0 0 0 0 0 0 0 0 0 0 1 0 0 1 0 0 0 0 0 0 0 0 0 1 1 0 0 0 0 0 0 0 0 0 0 0 0 0 0 0 0 1 0 0 0 0 0 0 1 0 0 0 0 0 0 0 1 0 0 0 0 0 0 0 0 0 0 0 0 0 1 1 1 0 0 0 0 0 0 0 0 0 0 0 0 0 0 0 0 0 0 0 0 0 0 0 0 0 0 0 0 0 0 0 0 0 0 0 0 0 0 0 0 0 0 0 0 0 0 0 1 0 0 0 0 0 0 0 0 0 0 0 0 
0 0 0 1 0 1 0 0 0 0 0 0 0 0 0 0 0 0 0 0 0 0 0 0 0 0 0 0 0 0 1 0 0 0 0 0 0 0 0 0 0 0 0 0 0 0 0 0 0 0 0 0 0 0 0 1 0 0 1 0 0 0 0 0 0 0 0 0 0 0 0 1 0 0 0 0 0 1 0 0 0 0 0 0 1 0 0 0 0 0 0 0 0 0 0 0 1 0 0 1 0 0 0 0 0 0 0 0 0 0 0 0 0 0 0 0 0 0 0 0 0 0 0 0 0 0 0 0 0 2 0 1 0 0 0 0 0 0 0 0 0 0 0 0 1 0 1 0 0 0 0 0 0 0 1 0 0 0 0 0 0 0 0 0 0 0 0 0 0 0 0 0 0 0 0 0 0 0 0 0 0 0 0 0 0 0 0 0 0 0 0 0 2 0 0 0 0 0 0 0 0 0 0 0 0 0 0 0 0 0 0 0 0 0 0 0 0 0 0 1 0 0 0 0 0 0 0 0 0 0 0 0 0 0 0 0 1 0 0 0 0 0 0 0 1 0 0 0 0 0 0 0 0 0 0 0 
0 0 1 0 0 0 1 0 0 0 0 0 0 0 0 0 0 0 0 0 0 0 0 0 0 0 0 0 0 1 0 0 0 1 0 0 0 1 0 0 0 0 0 0 0 0 0 0 0 0 0 0 0 1 0 0 0 0 0 0 0 0 0 0 0 0 0 0 0 0 0 0 0 0 1 0 0 0 0 0 0 0 0 0 0 0 1 0 1 0 0 0 0 0 0 0 0 0 0 0 0 0 0 0 0 0 0 0 0 0 0 1 0 0 0 0 0 0 0 0 0 0 0 0 0 1 0 0 0 0 0 0 0 0 0 0 0 0 0 0 0 0 0 0 0 0 0 0 0 0 0 0 0 0 0 0 0 0 0 0 0 1 0 0 0 0 0 0 0 0 0 0 0 0 0 0 0 0 0 0 0 0 0 0 0 0 0 0 0 0 0 0 0 0 0 1 0 0 0 0 0 0 0 2 0 0 0 0 0 1 0 0 0 0 0 1 0 0 0 0 0 0 0 0 1 0 1 0 2 0 0 0 0 0 0 0 0 0 1 0 0 0 0 0 0 0 0 0 0 0 0 0 0 0 0 0 
0 0 0 0 0 0 0 0 0 0 0 0 0 0 0 0 0 0 0 0 0 0 0 0 0 0 0 0 0 0 0 0 0 0 0 0 0 0 0 0 0 0 0 1 0 0 0 0 0 0 0 0 0 0 0 0 0 0 0 0 0 0 0 0 0 0 0 0 0 0 0 0 0 0 0 0 0 0 0 0 0 0 0 0 0 0 0 0 0 0 0 0 0 0 0 0 0 0 0 0 0 0 0 0 0 0 0 0 0 0 0 0 0 1 0 0 0 0 0 0 0 1 0 0 0 0 0 0 0 0 0 0 0 0 0 0 0 0 1 0 0 0 1 0 0 0 0 0 0 0 0 0 0 0 0 0 0 0 0 0 0 0 1 0 0 0 0 0 0 0 0 0 0 0 1 1 1 0 0 0 1 0 0 0 0 0 0 0 0 1 1 0 0 0 0 0 0 0 0 0 0 0 0 0 0 0 0 0 0 0 0 0 0 0 0 0 0 0 0 0 0 0 1 0 0 0 0 0 0 0 0 0 0 0 0 0 0 0 1 0 0 0 0 0 0 0 0 1 0 0 0 0 0 0 0 1 
0 0 0 1 0 0 0 0 0 1 0 1 0 0 0 0 0 1 0 0 1 0 0 0 0 0 0 0 0 0 0 0 1 0 0 0 0 0 0 0 0 0 0 0 0 0 0 0 0 0 0 0 0 0 0 0 0 0 0 1 0 0 0 0 0 0 0 1 0 0 1 0 0 0 0 0 0 0 0 0 0 0 0 0 0 0 0 1 0 0 0 0 0 0 0 0 0 0 0 0 1 0 0 0 0 0 0 0 0 0 0 1 1 0 0 0 0 1 0 0 0 0 0 0 2 1 0 0 0 0 0 0 0 0 0 0 0 0 0 0 0 0 0 0 0 0 0 0 0 0 0 0 0 0 0 0 0 0 0 0 0 0 0 0 0 0 0 0 0 0 0 0 0 0 0 0 0 0 0 0 0 0 0 0 0 0 0 0 0 0 0 0 0 1 0 0 0 0 0 0 0 0 0 0 0 0 0 0 0 0 0 0 1 0 0 0 0 1 0 0 0 0 0 0 0 0 0 0 0 0 0 0 0 1 0 0 0 0 0 0 1 0 1 0 0 0 0 0 0 0 0 0 0 0 0 0 
1 0 0 0 0 0 0 0 0 0 0 0 0 0 0 0 0 0 0 0 0 0 0 1 0 0 0 0 0 0 1 0 0 0 1 1 1 0 0 0 0 0 0 0 0 0 0 0 0 0 0 0 0 0 0 0 0 0 0 0 0 1 0 0 0 0 1 0 0 0 0 0 0 0 1 0 0 0 0 0 0 0 0 1 0 0 0 0 0 1 0 0 0 0 0 0 0 0 0 0 0 0 0 0 0 0 0 0 0 0 0 0 0 0 0 0 0 0 0 0 0 0 0 0 0 0 0 0 0 0 0 0 0 0 0 0 0 0 0 0 0 0 0 0 0 0 1 0 0 0 0 0 0 0 0 0 0 0 0 0 0 0 0 0 0 0 0 0 0 0 0 0 0 0 0 0 0 0 0 0 0 0 0 0 1 0 0 0 0 0 0 0 0 0 0 0 0 0 0 0 0 0 0 0 1 0 0 0 0 1 0 1 0 0 0 0 0 0 0 0 0 0 0 0 0 0 0 0 1 0 0 0 1 0 0 0 0 1 0 0 0 0 0 0 0 0 0 0 0 0 0 0 1 0 0 0 
0 1 0 0 0 0 0 0 0 0 0 0 0 0 0 0 0 0 0 0 0 0 0 0 0 0 0 0 0 0 0 0 0 0 0 1 0 0 0 0 0 0 0 0 0 1 0 0 0 0 1 0 0 0 0 0 0 0 0 0 0 0 0 0 0 0 0 0 0 0 0 0 0 0 0 0 0 0 0 0 0 0 0 0 0 0 0 0 0 0 0 0 0 0 0 0 0 0 0 0 0 0 1 0 0 0 0 0 0 0 0 0 0 0 0 0 0 0 0 0 0 0 0 0 0 0 0 0 0 0 0 0 0 0 0 0 0 0 0 0 0 0 0 0 0 0 0 0 0 0 0 1 0 0 0 0 0 0 1 0 0 0 0 0 0 0 0 0 0 0 0 0 0 0 0 1 0 0 0 0 1 0 0 0 0 0 0 0 0 0 0 0 0 0 1 0 0 0 0 0 0 0 1 1 0 0 0 0 1 0 1 1 0 0 0 1 0 0 0 0 0 0 0 0 0 0 0 0 0 0 0 0 0 0 0 0 0 0 0 0 0 0 0 0 0 0 0 0 0 0 0 0 0 0 0 0 
0 0 1 0 0 0 0 0 0 0 0 0 0 1 0 0 0 0 0 0 0 0 0 0 0 0 0 0 0 0 0 0 0 0 0 0 0 0 0 1 0 0 0 0 0 0 1 0 0 0 0 0 0 0 0 0 0 0 0 0 0 0 0 0 0 0 0 0 0 0 0 0 0 0 0 0 0 0 0 0 0 0 0 0 0 0 0 0 0 0 1 0 0 0 0 0 0 0 1 0 0 0 0 0 0 0 0 0 0 0 0 0 0 0 0 0 0 0 0 0 0 0 0 0 0 0 0 0 0 0 0 0 0 0 1 0 0 0 0 0 0 0 0 0 0 0 0 0 0 0 0 0 0 0 0 0 0 0 0 0 0 1 0 1 0 1 0 0 0 0 0 0 0 0 0 0 0 0 0 0 0 0 0 0 0 1 0 0 0 0 0 0 0 0 1 0 1 0 0 0 1 0 0 0 0 0 0 0 0 0 0 0 0 0 0 0 0 0 0 0 0 0 0 0 0 1 0 0 0 0 0 0 0 0 0 0 0 0 0 0 0 0 0 0 1 0 1 0 0 0 0 0 0 0 0 0 
0 0 0 0 0 0 0 0 0 0 0 0 0 2 0 0 0 0 0 0 0 1 0 0 0 0 0 0 0 0 0 0 1 0 0 1 0 0 0 0 0 0 0 0 0 0 0 0 0 0 0 1 0 0 0 0 0 0 0 0 1 0 0 0 0 0 0 0 0 0 0 0 0 0 1 0 0 0 1 0 0 0 0 0 0 0 0 0 0 0 0 0 0 0 0 0 0 0 0 0 0 0 0 0 0 0 0 0 0 0 1 1 0 0 0 0 0 0 0 0 0 0 0 0 0 0 0 0 0 0 0 1 0 0 0 0 0 0 0 0 0 0 0 0 0 0 0 0 0 0 0 0 0 0 0 0 0 0 0 0 0 0 0 0 0 0 0 0 0 0 0 0 0 0 0 0 1 0 0 0 1 0 0 0 0 0 1 0 2 0 0 0 0 0 0 0 0 0 0 0 0 0 0 1 0 0 0 0 0 0 0 0 0 0 0 0 0 0 1 0 0 0 0 0 0 0 0 0 0 0 0 0 0 0 0 0 1 0 0 0 0 0 0 0 0 0 0 0 0 0 0 0 0 0 0 0 
0 0 0 0 0 0 0 0 0 1 0 0 0 0 0 0 0 1 1 0 0 0 0 0 1 0 0 0 0 1 0 0 0 0 0 0 0 0 0 0 0 0 0 0 1 0 0 0 0 1 0 0 0 1 0 0 0 0 0 0 0 0 0 0 0 0 2 0 0 0 0 1 0 0 0 0 0 0 0 0 0 0 1 0 0 0 0 0 0 0 0 0 0 0 0 1 0 0 0 0 0 0 0 0 0 1 0 1 0 0 0 0 0 0 0 0 0 0 0 0 0 0 0 1 0 0 0 0 0 0 0 0 0 0 0 1 0 0 0 0 0 0 0 0 0 0 0 1 0 0 0 0 0 0 0 0 0 0 0 0 1 0 0 0 0 0 0 0 0 0 0 0 0 0 0 0 0 1 0 0 1 0 0 0 0 0 0 0 0 0 0 0 0 0 0 0 0 0 0 0 0 1 0 0 0 0 0 1 0 0 0 0 0 0 0 0 0 0 0 0 0 0 0 0 0 0 0 0 0 0 0 0 0 0 0 0 0 0 0 0 0 0 0 0 0 1 0 0 0 0 0 0 0 0 0 0 
0 0 0 0 0 0 0 0 0 0 0 0 0 0 0 0 0 0 0 0 0 0 0 0 0 0 0 0 0 0 0 0 1 0 0 0 0 0 0 0 0 0 0 0 0 0 0 1 0 1 0 0 0 0 0 0 0 0 0 0 0 0 0 0 0 0 0 0 0 0 0 0 0 0 0 0 0 0 0 0 0 0 1 0 0 0 1 0 0 1 0 0 1 0 0 0 0 0 0 0 0 0 0 0 0 0 0 0 0 0 1 1 0 0 1 0 0 0 0 0 0 0 0 0 0 0 0 0 0 0 0 0 0 0 0 0 0 0 0 0 0 0 0 0 1 1 0 0 0 0 0 0 0 0 0 0 0 0 0 0 0 0 0 0 0 0 1 0 0 0 0 0 0 0 1 0 0 1 0 0 0 0 0 0 0 0 0 0 0 0 1 0 0 0 0 0 0 0 0 0 0 0 0 0 0 0 0 0 0 0 0 1 0 0 0 0 0 0 0 0 0 0 0 0 0 0 0 0 0 0 0 0 0 0 0 0 1 0 0 0 0 0 0 0 0 0 0 0 0 0 0 0 0 0 1 0 
0 0 1 0 0 0 0 0 0 0 0 0 0 0 0 0 1 0 0 0 0 0 0 0 1 0 0 0 0 0 0 2 0 0 0 0 0 0 0 0 0 0 0 0 0 1 0 0 0 0 0 0 0 0 0 0 0 0 0 0 0 0 0 0 0 0 0 0 0 0 0 0 0 0 0 0 0 2 0 0 1 0 0 0 0 0 0 1 0 0 0 0 0 0 0 0 0 0 1 0 0 0 1 0 0 0 0 0 0 0 0 0 0 0 0 0 0 0 0 0 0 0 1 0 0 0 0 0 0 0 0 0 0 0 0 0 1 0 0 0 0 0 0 0 0 0 0 0 0 0 0 0 0 0 0 0 0 0 0 0 0 0 0 0 0 0 0 0 0 0 0 0 0 0 0 0 1 0 0 0 0 0 1 0 0 0 0 0 0 0 0 0 0 0 0 0 0 0 0 0 1 0 0 0 0 0 1 0 0 0 0 0 1 0 1 0 0 0 0 1 0 0 0 0 0 0 0 0 0 0 0 0 0 0 0 0 1 0 0 0 0 0 0 0 0 0 0 0 0 0 0 0 0 0 1 0 
0 1 0 1 0 0 0 0 0 0 1 1 0 1 0 0 1 0 0 0 0 0 0 0 0 0 0 0 0 1 0 0 0 0 0 0 0 1 0 0 0 0 0 0 0 0 0 1 0 0 0 0 0 0 0 0 0 0 0 0 0 0 0 1 0 1 0 0 0 0 1 0 0 0 0 0 0 0 0 0 0 0 0 0 0 0 0 0 0 0 0 1 0 0 1 0 0 0 0 0 0 0 0 0 1 0 0 0 0 1 0 0 0 0 0 0 0 0 0 0 0 0 0 2 0 0 0 0 0 1 0 0 0 0 0 0 0 0 0 0 0 0 1 0 0 0 0 0 1 1 0 0 0 0 0 0 0 0 0 0 1 1 0 0 0 0 0 0 1 0 0 0 1 0 0 1 0 0 0 0 0 0 0 0 0 0 0 0 0 0 0 0 0 1 0 0 0 0 0 0 0 0 0 0 0 0 0 0 0 0 0 0 0 0 0 0 0 0 0 0 1 0 0 0 0 0 0 0 0 0 0 1 0 0 0 0 0 0 0 0 0 0 0 0 1 0 0 0 0 0 0 1 1 0 0 0 
0 0 0 1 0 0 0 0 0 0 0 0 0 0 0 0 1 0 0 0 0 0 0 0 0 0 0 0 0 0 0 0 0 0 0 0 0 0 0 0 0 0 0 0 0 0 0 0 0 0 0 0 0 0 1 0 1 0 0 0 0 0 1 0 0 0 0 0 0 0 0 1 0 0 0 0 0 0 0 0 0 2 0 0 0 0 0 0 0 0 0 0 0 0 0 1 0 0 0 1 0 0 0 0 0 0 0 0 0 0 0 1 0 0 0 0 0 1 0 0 0 0 0 0 1 0 0 0 0 0 0 0 0 0 0 1 0 0 0 0 0 1 0 0 0 1 0 0 0 0 0 0 0 0 1 0 0 0 0 0 0 0 0 0 0 0 0 0 0 0 0 0 0 0 0 0 0 0 0 0 0 1 0 0 0 0 0 0 0 0 0 0 0 0 0 1 0 0 0 0 0 0 0 1 0 0 0 0 0 0 0 0 0 0 0 0 0 0 0 0 0 0 0 0 0 0 0 0 0 1 0 0 0 0 0 0 0 0 1 0 0 0 0 0 0 0 1 0 0 0 0 0 0 0 0 0 
0 0 0 0 0 0 0 0 0 0 0 0 0 0 0 0 0 0 0 0 0 0 0 0 0 0 0 0 0 0 0 0 0 0 0 0 0 0 0 1 0 0 0 0 0 0 1 0 0 0 0 0 0 0 0 0 0 0 0 1 0 0 0 0 0 0 0 0 0 0 0 0 0 0 0 0 0 0 0 0 0 0 0 0 0 0 0 0 0 0 0 0 0 0 0 0 0 0 0 0 0 1 0 0 0 1 0 1 0 0 0 0 0 0 0 0 1 0 0 1 0 0 0 0 0 1 0 0 0 0 1 0 0 0 0 0 0 0 0 0 0 0 0 0 0 0 0 0 0 1 0 0 0 0 0 0 0 0 0 0 0 0 0 0 0 0 0 0 0 0 0 0 0 0 0 0 0 0 0 0 0 0 0 0 0 0 0 0 0 0 0 0 0 0 0 0 0 0 0 0 0 0 0 0 0 0 0 0 0 0 0 0 0 0 0 0 0 0 1 0 0 0 0 0 0 0 0 0 0 0 0 0 0 0 0 0 0 0 0 0 0 0 0 0 1 0 0 0 0 0 0 0 0 0 0 2 
0 0 0 0 0 0 0 0 0 0 0 0 0 0 0 0 0 0 0 0 0 0 0 0 1 0 0 0 0 0 1 0 0 1 0 0 0 0 0 0 0 0 0 0 0 0 0 0 0 0 0 0 0 0 0 0 1 0 0 0 1 0 0 0 0 0 0 0 0 0 0 0 0 0 1 0 0 0 0 0 0 0 0 0 0 0 0 0 0 0 0 0 0 0 0 0 0 0 0 0 0 0 0 0 0 0 0 0 0 0 0 0 1 0 0 0 0 1 0 0 0 0 0 0 0 0 0 0 0 0 0 0 0 0 0 0 0 0 0 0 0 0 0 0 0 0 0 0 0 0 0 0 1 0 0 0 0 0 0 0 0 0 0 0 0 0 0 0 0 0 0 0 0 1 0 0 0 0 1 0 0 0 0 1 0 0 0 1 0 0 0 0 0 0 0 0 0 0 1 0 0 0 0 0 0 0 0 0 0 0 0 0 0 0 0 0 0 0 0 0 0 0 0 0 0 1 0 0 1 0 0 0 0 1 0 1 0 0 0 0 0 0 0 0 0 0 1 0 0 0 0 0 0 0 0 0 
0 0 0 0 0 0 0 0 0 0 1 0 0 0 0 1 0 0 1 0 0 0 0 0 0 0 0 0 0 0 0 0 1 0 0 0 0 0 0 0 0 0 0 0 0 0 0 0 0 0 0 0 1 0 0 0 0 0 0 1 0 0 0 0 0 0 0 0 0 0 0 0 0 0 0 0 0 0 0 0 0 0 0 0 0 0 0 0 0 0 0 0 0 0 0 1 0 1 0 0 0 0 0 0 0 0 0 0 0 0 0 0 0 0 0 0 0 0 0 0 1 0 1 0 0 0 0 0 0 0 0 0 0 0 0 0 0 0 0 0 0 0 0 1 0 0 0 0 0 0 0 0 0 0 0 1 0 0 1 0 0 0 0 0 0 0 0 0 0 0 0 0 0 0 0 0 0 0 0 0 0 0 1 0 0 0 0 0 0 0 0 0 1 0 0 0 0 0 0 1 0 0 0 0 0 0 0 0 0 0 0 0 0 0 0 1 0 0 0 0 0 0 0 0 0 0 1 0 1 0 0 0 0 0 0 0 0 0 0 0 0 0 0 0 0 0 0 0 0 0 0 0 0 0 0 0 
0 0 0 0 1 0 0 0 0 0 0 0 0 0 0 0 0 0 0 0 1 0 0 0 0 0 0 0 0 0 0 0 0 0 0 0 0 0 1 0 0 0 0 0 0 0 0 0 0 0 0 0 0 0 0 0 0 0 0 0 0 0 0 0 0 0 0 0 0 0 0 0 0 0 0 0 0 0 0 0 0 0 0 0 1 0 0 1 0 0 0 0 0 0 0 1 0 0 0 0 0 1 0 0 0 0 0 0 0 0 0 0 0 0 0 0 0 0 0 0 0 0 0 0 0 1 0 0 0 0 0 0 0 0 0 0 0 0 0 0 0 0 0 1 0 0 0 0 1 1 0 0 0 0 0 0 0 0 0 0 0 0 0 0 0 0 0 0 0 0 0 0 0 0 0 0 0 0 0 0 0 0 1 0 0 0 0 0 0 0 0 0 0 0 0 0 0 0 0 0 0 0 0 0 0 0 0 0 0 1 0 0 0 0 0 0 0 0 0 0 0 0 0 0 0 0 0 0 0 0 0 0 0 0 0 0 0 0 0 0 0 0 0 0 0 1 0 0 1 0 0 0 0 0 0 0 
0 0 0 0 0 0 0 0 1 0 0 0 0 0 0 0 0 0 0 1 0 0 0 0 0 0 1 0 0 0 0 1 0 0 0 0 0 0 0 0 0 0 0 0 0 0 0 0 1 0 0 1 0 0 0 1 0 0 0 1 0 0 0 0 0 0 0 0 1 0 0 0 0 0 0 0 0 0 0 0 0 0 0 0 0 0 0 0 0 0 0 0 0 0 0 0 0 0 0 0 0 0 1 0 0 0 0 0 0 0 0 1 0 0 0 0 0 0 0 0 0 0 1 0 0 0 0 0 0 0 0 0 0 0 0 0 0 0 0 0 0 0 0 0 0 0 1 0 0 0 0 0 0 0 0 0 0 0 0 0 0 0 0 0 0 0 0 0 0 0 0 0 0 0 0 0 0 0 0 0 0 0 0 0 0 0 0 0 0 0 0 0 0 1 0 0 0 0 0 0 0 0 0 0 0 0 0 0 0 0 0 0 0 0 0 0 0 0 0 0 0 0 0 0 0 0 0 0 0 0 0 0 0 0 0 1 0 0 0 0 0 0 0 0 0 0 0 0 0 0 0 0 0 0 0 0 
0 0 0 0 0 0 0 0 0 0 0 0 0 0 0 0 0 1 0 0 0 0 0 0 0 0 0 0 0 0 0 0 0 0 1 0 0 0 0 0 2 0 0 0 1 0 0 0 0 0 0 1 0 0 0 0 0 0 0 1 0 0 0 0 0 0 0 0 0 0 0 0 0 0 0 0 0 0 0 0 0 0 0 0 0 1 0 0 0 0 1 0 0 0 0 0 0 0 0 0 0 0 0 0 0 0 0 0 0 0 0 0 0 0 0 0 0 0 0 0 0 0 0 0 0 0 0 0 0 0 1 0 0 0 0 0 0 0 0 0 0 0 0 0 0 0 0 0 0 0 0 0 1 1 0 0 0 0 0 0 0 0 1 0 0 0 0 1 1 0 0 0 0 1 0 0 0 0 0 0 0 0 0 0 0 0 0 0 1 0 0 0 0 0 0 0 0 0 0 0 0 0 0 0 0 0 0 0 0 0 0 0 0 0 0 0 0 0 0 0 0 0 0 0 0 0 0 0 1 0 0 0 0 0 0 0 0 0 0 0 0 0 1 0 0 0 2 1 0 0 0 0 0 0 0 0 
0 0 0 0 0 0 0 0 1 0 0 1 0 0 0 0 0 0 0 0 0 0 0 0 0 0 0 0 0 0 0 0 0 0 0 0 0 0 0 0 0 0 0 0 0 0 0 0 0 0 0 0 0 0 0 0 0 1 0 0 0 0 0 0 0 0 0 0 0 0 0 0 0 0 0 0 0 0 0 0 0 0 0 0 0 0 0 0 0 0 0 0 0 0 0 0 0 0 0 0 1 0 0 1 0 0 0 0 0 0 0 0 0 0 0 0 0 0 0 1 0 0 0 0 0 0 0 0 0 0 0 0 0 0 0 0 0 0 0 0 0 0 1 0 0 1 0 0 0 0 0 0 0 1 0 0 0 0 0 0 0 0 0 0 0 0 0 0 1 0 0 0 1 0 0 0 0 0 0 0 0 0 0 0 0 0 0 0 0 0 0 0 0 0 0 0 0 0 0 0 0 0 0 0 0 0 0 0 0 1 0 0 0 0 0 1 0 1 0 0 0 1 0 0 0 0 1 0 0 0 0 0 0 0 0 0 1 0 0 0 0 0 0 0 0 0 0 0 0 0 0 0 0 0 0 0 
0 1 0 0 0 0 0 0 0 0 0 0 0 0 0 0 0 0 0 0 0 0 0 0 0 0 0 0 0 0 1 0 0 0 0 1 0 0 0 0 0 0 0 0 0 0 0 0 0 0 0 0 0 0 0 0 0 0 1 0 0 0 0 0 0 0 0 0 0 0 0 0 0 0 0 0 0 0 0 0 0 0 0 0 0 0 0 0 0 0 0 0 0 0 0 0 0 0 0 0 0 0 0 0 1 0 0 0 0 0 0 0 0 0 0 0 0 0 0 0 0 0 0 0 0 0 0 0 1 0 0 0 0 0 0 0 0 0 0 1 0 0 0 0 0 0 0 0 0 0 0 0 0 0 0 0 0 0 1 0 0 1 0 1 0 0 0 0 0 0 0 0 0 0 0 0 0 0 0 0 0 0 0 0 0 0 0 0 0 1 0 0 0 0 0 0 0 0 0 0 0 0 0 0 0 0 0 0 0 0 0 0 0 0 0 0 0 0 0 0 0 0 0 0 0 0 0 0 0 0 0 0 0 0 0 0 0 0 0 0 0 0 0 0 0 0 0 0 0 0 0 0 0 0 0 0 
0 0 0 0 0 1 0 0 0 0 0 0 1 0 0 0 0 0 0 0 0 0 1 0 0 0 1 0 0 0 0 0 0 0 0 1 0 0 0 0 0 0 0 0 0 0 1 0 0 0 0 0 0 0 0 0 0 0 0 0 0 0 0 0 0 0 0 0 0 0 0 0 0 0 1 1 0 0 0 0 0 0 0 0 0 0 0 0 1 0 0 0 0 0 0 0 1 0 0 0 0 0 0 0 0 0 0 1 0 0 0 0 0 0 0 0 0 0 0 0 0 0 0 0 0 0 0 0 0 0 0 0 0 0 0 0 0 0 0 1 0 0 0 0 0 0 0 0 0 0 0 0 0 1 0 0 0 0 1 0 0 1 0 0 0 0 0 0 0 0 0 0 1 0 1 0 0 0 0 0 1 0 0 0 0 0 0 0 0 0 0 0 0 0 1 0 0 0 0 1 0 0 0 0 0 0 0 0 0 0 0 0 0 0 0 0 1 0 0 0 0 0 0 0 0 0 0 0 0 0 0 0 0 0 0 0 0 0 0 0 0 0 1 0 0 0 0 0 0 0 0 0 0 0 0 0 
0 0 0 0 0 0 0 1 0 0 0 0 0 0 0 0 0 0 0 0 0 0 0 0 0 0 0 0 0 0 0 0 0 0 0 0 0 1 0 0 1 0 0 0 0 0 1 0 0 0 0 0 0 0 0 0 0 0 0 0 0 0 0 0 0 0 0 0 0 0 0 0 0 0 0 0 0 1 0 0 0 0 0 0 0 0 0 0 0 0 0 0 0 0 0 0 1 0 0 0 0 0 0 0 0 0 0 0 0 0 0 0 0 0 0 2 1 0 0 0 0 0 0 0 0 1 0 0 0 0 1 0 0 0 0 0 0 0 0 0 0 0 0 0 0 0 0 0 0 0 0 0 0 0 0 0 0 0 0 0 0 0 0 0 0 0 0 0 0 0 0 0 0 0 0 0 0 0 0 0 0 0 0 0 0 0 0 0 0 0 0 0 0 0 0 0 0 0 0 0 0 0 0 0 0 0 0 0 0 0 0 1 0 0 0 0 0 0 0 0 0 0 0 0 0 0 0 0 0 0 0 0 0 0 0 0 0 0 0 0 0 0 0 0 0 0 0 0 0 0 0 1 0 0 0 0 
0 0 0 0 0 0 0 0 0 0 0 0 0 0 0 0 0 0 0 0 0 1 0 0 0 0 0 0 0 0 0 0 0 0 0 1 0 0 0 0 1 0 0 0 0 0 0 0 0 0 0 0 1 0 0 0 0 0 0 0 0 0 0 0 0 0 0 0 0 0 0 0 0 0 0 0 0 0 0 0 0 1 0 0 1 0 0 0 0 0 0 0 1 0 0 0 0 0 0 0 0 0 0 0 0 0 0 0 0 1 0 0 0 0 0 0 0 0 0 0 0 0 0 1 0 0 0 0 0 0 0 0 1 0 0 0 0 0 0 0 0 0 0 1 0 0 0 0 0 0 0 0 0 0 0 0 0 0 0 0 0 0 0 0 1 0 0 1 0 0 0 1 0 0 0 0 0 0 0 0 0 0 0 0 0 0 0 0 0 0 0 0 0 0 0 1 0 0 0 0 0 1 0 0 0 0 0 0 0 0 0 0 0 0 0 0 0 0 0 0 0 0 0 1 0 0 0 0 0 0 0 0 0 0 0 0 0 0 0 0 0 0 0 0 0 0 0 0 0 1 0 0 0 0 0 0 
0 1 0 0 0 0 0 0 0 0 0 0 0 0 0 0 0 0 0 0 0 0 0 0 0 0 0 0 0 0 0 1 0 0 0 1 0 0 0 0 0 0 0 0 0 0 0 0 1 0 0 0 0 0 0 0 0 0 0 0 0 0 1 0 0 0 0 0 0 0 0 1 1 0 0 0 0 0 0 0 0 0 0 0 0 0 0 0 0 0 1 0 0 1 0 0 0 1 0 0 0 0 0 0 0 0 0 0 0 0 0 0 0 0 0 1 0 0 0 0 1 0 0 0 0 0 0 0 1 0 0 0 0 0 0 0 0 0 0 0 0 0 0 0 0 0 0 0 1 0 0 0 0 0 0 0 0 0 0 0 0 0 0 0 0 0 0 0 0 0 1 0 0 0 1 0 0 0 0 0 0 0 0 0 0 0 0 0 1 0 0 0 0 0 0 0 0 1 0 0 0 1 0 0 0 0 0 0 1 0 1 0 0 0 0 0 0 0 2 0 0 0 1 0 0 0 0 0 0 0 0 0 0 0 0 0 0 0 0 0 0 0 0 0 0 0 0 0 0 0 0 0 0 0 0 0 
0 0 0 0 0 0 0 1 0 0 0 0 0 0 0 0 0 1 0 0 0 0 0 0 0 0 0 0 0 0 0 0 0 0 0 0 0 0 0 0 0 0 0 0 0 0 0 0 0 0 0 0 0 0 0 0 0 0 0 0 0 0 0 0 0 0 0 1 0 0 0 0 0 0 0 0 0 0 0 0 0 0 0 0 0 0 0 0 0 0 0 0 0 0 0 0 0 0 0 0 0 0 0 0 0 0 0 0 1 0 0 1 0 0 0 0 0 0 1 0 1 0 0 0 0 0 0 0 0 0 0 0 0 0 0 0 0 0 0 0 0 0 0 0 0 0 0 0 0 0 0 0 1 0 0 0 0 0 1 0 0 0 0 1 0 0 0 0 0 0 0 0 0 0 0 0 0 0 0 0 0 0 0 0 0 0 0 0 0 0 0 0 0 0 0 0 0 0 0 0 0 0 0 0 0 0 1 0 0 0 0 0 0 0 0 0 0 0 0 0 0 0 0 0 0 1 0 0 0 0 0 0 0 0 0 0 0 0 0 0 0 0 0 0 0 0 0 0 0 0 0 0 0 0 0 0 
0 0 0 0 0 0 0 1 0 0 0 0 1 0 0 0 0 0 0 1 0 0 0 0 1 0 0 0 0 0 0 0 0 0 0 0 0 0 0 0 0 0 0 0 0 0 0 0 0 0 1 0 0 0 0 0 1 0 0 0 0 0 0 0 0 1 0 0 0 0 0 0 0 0 0 0 0 0 0 0 1 0 0 0 0 0 0 0 0 0 0 0 0 0 0 0 0 0 0 0 0 0 0 0 1 0 0 0 0 0 0 0 0 0 0 0 0 0 0 0 0 0 1 0 0 0 0 0 1 0 0 0 0 0 0 0 0 1 0 0 0 0 0 0 0 0 0 0 1 0 0 0 0 0 0 0 0 0 0 0 0 0 1 0 0 0 1 0 0 0 0 1 0 0 0 0 0 0 0 0 0 0 0 0 0 0 1 0 0 0 0 0 0 0 0 1 0 0 0 1 0 0 0 0 0 0 0 0 0 0 0 0 0 0 0 0 0 0 0 0 0 0 0 0 0 0 0 0 0 0 0 0 0 0 0 0 0 0 0 0 0 0 0 0 0 0 0 0 0 0 0 0 0 1 0 0 
0 0 1 0 0 0 0 0 0 0 0 0 1 0 0 0 0 0 0 0 0 0 0 0 0 1 0 0 0 0 0 0 0 0 0 0 0 0 0 0 0 1 0 1 0 1 0 0 0 1 0 0 0 0 0 0 0 0 0 0 0 0 0 0 0 0 0 0 0 0 0 0 0 0 0 0 0 0 0 0 0 0 0 0 0 0 0 0 0 0 0 1 0 0 0 1 0 0 0 0 0 1 0 0 0 0 0 0 0 0 0 1 0 0 0 0 0 0 0 0 0 0 0 0 0 1 0 0 0 0 0 0 0 0 0 0 0 0 0 0 0 0 0 0 1 0 0 0 1 0 0 0 0 0 0 0 0 0 0 0 0 0 0 0 0 0 0 0 0 0 0 0 0 0 0 0 0 0 0 0 0 0 0 0 0 0 0 0 0 0 0 1 0 0 0 0 0 0 0 0 0 0 0 0 0 0 0 0 0 0 0 0 0 0 0 0 0 0 0 0 0 0 0 1 0 0 0 0 0 0 0 0 0 0 0 0 0 0 0 0 0 0 0 0 1 0 0 0 0 0 0 0 0 1 0 0 
1 0 0 0 0 0 0 0 0 0 0 0 0 0 0 0 0 0 0 0 0 1 0 0 0 0 0 0 0 0 0 0 0 0 0 0 0 0 0 0 0 0 0 1 0 0 0 0 1 0 0 0 0 0 1 0 0 0 0 0 0 0 0 0 0 0 0 0 0 0 0 1 0 0 0 0 0 0 0 0 0 0 0 0 0 0 1 0 0 1 0 0 1 0 0 0 0 0 0 0 0 0 1 0 0 0 0 0 0 0 0 0 0 0 1 0 0 0 1 0 0 0 0 0 0 0 0 0 0 0 0 0 0 0 0 0 0 0 0 0 0 0 0 0 0 0 0 0 0 0 0 0 0 0 0 0 0 0 0 0 0 0 0 0 0 0 0 0 0 0 0 0 0 0 0 0 0 0 0 0 0 0 0 0 0 0 0 0 0 0 0 2 0 0 0 0 0 0 0 0 0 0 0 0 0 0 0 0 0 0 0 0 0 0 0 0 0 0 0 0 0 0 0 0 0 0 0 0 0 0 0 0 0 0 0 0 0 0 0 0 0 0 1 0 0 0 0 0 0 0 0 0 0 0 0 0 
0 0 1 0 0 0 0 0 0 1 0 0 0 0 0 0 0 0 0 0 0 0 0 0 0 0 0 0 0 0 0 0 0 0 0 1 0 0 0 0 0 0 0 0 0 0 1 0 0 1 0 0 0 0 0 0 0 0 0 0 0 0 0 0 0 0 0 0 0 1 0 1 0 0 0 0 0 0 0 0 0 0 0 0 0 0 0 0 1 0 0 0 0 0 0 0 0 0 0 0 0 0 0 0 0 0 0 0 0 0 1 1 0 0 0 0 0 0 0 1 0 0 0 0 0 0 0 1 1 0 1 0 0 0 0 0 0 0 0 0 0 0 0 0 0 1 0 0 0 0 0 0 0 0 0 0 0 0 0 0 0 0 0 1 0 0 0 0 0 0 0 1 0 0 0 0 0 1 0 0 0 0 0 0 1 0 0 0 0 0 0 0 0 0 0 0 0 0 0 0 0 1 0 0 0 0 0 0 0 0 0 0 0 0 0 0 0 0 0 0 0 0 0 0 0 0 0 0 0 0 0 0 0 0 0 0 0 0 0 0 0 0 0 0 0 0 0 0 0 0 0 0 1 0 0 0 
0 0 0 0 0 0 0 0 0 0 0 0 0 0 0 0 0 0 0 0 0 0 1 0 0 0 0 0 0 0 0 0 0 0 0 0 0 0 0 0 0 0 0 0 0 0 1 0 0 0 0 0 0 0 0 0 0 0 0 0 0 2 0 0 1 0 0 0 0 0 1 0 0 1 0 0 0 0 0 0 0 0 0 0 0 0 0 0 1 0 0 0 0 0 0 0 0 1 0 0 0 0 0 0 0 0 0 0 0 0 0 0 0 0 0 0 0 0 0 0 0 0 0 1 1 0 0 0 1 0 0 0 0 0 0 1 0 0 0 0 0 0 0 0 0 0 0 0 0 1 0 0 0 0 0 0 1 0 0 0 0 0 1 0 0 0 1 0 0 0 0 0 0 0 0 0 0 0 0 0 0 0 0 0 0 0 0 0 0 0 0 0 0 1 0 0 0 0 0 0 0 0 0 1 0 0 0 0 0 0 0 0 0 0 0 0 0 0 0 0 0 0 0 0 0 0 0 0 0 0 0 0 0 1 0 0 0 0 0 0 0 0 0 0 0 0 0 0 0 0 0 0 0 0 0 0 
0 0 1 0 0 0 0 0 0 0 0 0 0 0 1 0 0 0 0 0 0 0 0 0 0 0 0 0 0 0 0 0 0 0 0 0 0 0 0 0 0 0 1 0 0 0 0 0 0 0 0 0 0 0 0 0 0 0 1 0 0 1 0 0 0 0 0 0 0 0 0 0 0 1 0 0 1 0 0 1 0 0 0 0 0 0 0 0 0 1 0 0 0 0 0 0 0 0 0 0 0 0 0 0 0 0 0 0 0 0 0 0 0 0 0 0 0 0 0 0 1 0 0 0 0 1 0 0 0 0 0 0 0 0 0 0 0 0 0 0 0 0 0 0 0 0 0 0 0 0 0 0 0 0 0 0 0 0 0 0 0 0 0 1 0 0 0 0 0 0 0 0 1 0 0 0 0 0 0 0 0 0 0 0 0 0 0 0 0 0 1 0 0 0 1 0 0 0 0 0 0 0 0 0 0 0 0 0 0 0 0 0 0 0 0 0 0 0 1 0 0 0 0 0 0 0 0 0 0 0 0 0 0 0 0 0 0 0 0 0 0 0 0 0 0 0 0 0 0 0 0 0 0 0 0 1 
0 0 1 0 0 0 1 0 1 0 0 0 0 1 0 0 0 0 0 0 0 0 0 0 0 0 1 1 0 1 0 0 0 0 0 0 0 0 0 0 0 0 0 0 0 0 0 0 0 0 0 0 0 0 0 0 0 0 0 0 0 0 0 0 0 0 0 0 0 0 0 0 0 0 1 0 0 0 0 0 0 0 0 0 0 0 0 0 0 0 0 0 0 0 0 0 0 0 0 0 0 1 1 0 0 1 0 0 0 0 0 0 0 0 1 0 0 0 0 0 0 0 0 0 0 0 1 0 0 0 0 0 1 0 0 0 0 0 0 1 1 0 0 0 0 0 0 0 0 0 0 0 1 0 0 0 0 1 0 0 0 1 0 0 0 0 0 0 0 0 0 0 0 0 0 0 0 0 0 0 0 0 0 0 0 0 0 1 1 1 0 0 0 0 0 0 0 1 0 0 1 0 0 0 0 0 0 0 0 0 0 0 0 0 0 0 0 0 0 0 0 1 0 0 0 0 0 0 0 0 0 1 0 0 0 0 0 0 0 0 0 0 0 0 0 1 0 0 0 1 0 0 0 0 0 0 
0 0 0 0 0 1 0 0 0 0 0 0 0 0 0 0 0 0 0 0 1 0 0 0 0 0 0 0 0 0 0 0 0 0 0 0 0 0 0 0 1 0 0 0 0 0 0 0 1 0 0 0 1 0 0 0 0 0 0 0 0 0 0 0 0 0 0 0 1 0 1 0 0 0 0 0 0 1 0 0 0 0 0 0 0 0 0 0 0 0 0 0 0 0 0 0 0 0 0 1 0 0 0 0 0 0 0 0 1 1 0 0 0 0 0 0 0 0 0 0 0 0 0 0 0 0 1 0 0 0 0 0 0 0 0 0 0 0 0 0 0 1 0 0 0 0 0 0 0 0 0 0 0 0 0 0 0 0 0 0 0 0 0 0 0 0 0 1 0 0 1 0 0 1 0 0 0 0 0 0 0 0 0 0 0 1 1 0 0 0 0 0 0 0 0 0 0 0 0 0 0 0 0 0 0 0 0 0 0 0 0 0 0 0 0 0 1 0 0 0 0 0 0 0 0 0 0 1 0 0 0 0 0 0 0 1 0 0 0 0 0 0 0 0 0 0 0 0 0 0 1 0 0 0 0 0 
0 0 0 0 1 0 0 0 0 0 0 0 0 0 0 0 0 0 0 0 0 0 0 0 0 0 0 0 0 0 0 1 0 0 0 0 0 0 0 0 0 0 0 0 0 0 0 1 0 0 0 0 0 0 0 0 0 0 1 0 0 0 0 0 0 0 0 0 0 0 0 0 0 0 0 0 0 0 0 0 0 0 0 0 0 0 0 0 0 0 0 0 0 0 0 0 0 0 0 0 0 0 0 0 0 0 1 0 0 0 0 0 0 0 0 0 0 0 0 0 0 0 0 0 0 0 0 0 0 0 0 0 0 0 0 0 0 0 1 0 0 0 0 0 0 0 0 0 0 0 0 0 0 0 0 0 0 0 0 0 0 0 0 1 0 0 0 0 0 0 0 0 0 0 0 0 0 0 0 0 0 0 0 0 0 0 0 0 0 0 0 0 0 0 0 0 1 0 0 0 0 0 0 0 0 0 0 0 0 0 1 0 0 0 0 0 0 1 0 0 0 0 0 0 0 0 0 1 0 0 0 0 1 0 0 0 0 1 1 0 0 0 0 0 0 0 0 0 0 1 0 0 0 0 0 0 
0 0 0 0 0 0 0 0 0 0 0 1 0 0 1 0 0 0 0 0 0 0 0 0 0 0 0 0 0 0 1 0 0 0 0 0 0 0 0 0 0 0 0 0 0 0 0 1 0 0 0 0 0 0 0 0 0 0 0 0 0 0 0 0 0 0 0 0 0 0 1 0 0 0 0 0 0 0 0 0 1 0 0 0 0 0 0 0 0 0 0 0 0 0 0 0 0 0 0 0 0 0 0 0 0 0 0 0 0 0 0 0 0 0 0 0 0 0 0 0 0 0 0 0 0 0 0 0 1 1 0 0 0 0 0 0 0 0 0 0 0 1 0 0 1 1 0 0 0 0 1 0 0 0 0 0 0 0 0 0 0 0 0 0 0 0 0 0 0 1 0 0 0 0 0 0 0 1 0 0 0 0 0 0 0 1 0 0 0 0 0 0 0 0 0 0 0 0 0 0 0 0 0 0 0 0 0 0 0 0 0 0 0 0 0 0 0 0 0 0 0 0 0 0 0 0 0 0 0 0 0 0 0 0 0 0 0 0 0 0 0 0 0 0 0 0 0 0 0 0 0 0 0 0 0 0 
0 0 0 0 0 0 0 0 0 0 0 0 0 0 0 1 0 0 0 0 0 0 0 0 0 0 0 0 1 0 0 0 0 0 1 0 1 1 0 0 0 0 0 0 0 0 0 0 0 0 0 1 0 0 0 1 0 0 1 0 0 1 0 0 0 0 0 0 0 0 0 0 0 0 0 0 0 0 0 0 0 0 0 0 0 0 0 0 0 0 0 0 0 0 0 0 0 0 0 1 0 0 0 0 0 0 0 0 0 1 0 0 0 0 0 0 0 0 0 0 0 1 0 0 0 0 0 0 0 0 0 0 0 0 0 0 0 0 0 0 0 0 0 0 0 0 0 0 0 0 0 0 0 0 0 0 0 0 0 0 0 0 0 0 0 0 0 0 0 1 0 0 0 0 0 0 0 0 0 0 0 0 0 0 0 0 0 0 0 0 0 1 0 0 0 0 0 0 1 0 0 0 0 0 0 0 0 0 0 0 0 0 0 0 0 0 0 0 0 0 0 0 1 0 0 0 0 1 0 0 0 0 0 0 0 0 0 0 0 0 0 0 0 0 0 0 0 0 0 0 0 0 0 0 0 0 
1 1 0 1 0 0 1 0 0 1 0 0 0 0 0 0 0 0 0 0 0 0 0 0 0 0 0 0 0 0 0 0 0 1 0 0 0 0 0 0 0 0 0 0 0 0 0 0 1 0 0 0 0 0 0 0 0 0 0 0 0 0 0 0 0 0 0 0 1 0 0 0 0 0 0 0 0 1 0 0 0 1 0 0 0 0 0 0 1 0 0 0 1 0 0 0 0 0 0 0 0 0 0 0 0 0 0 0 0 0 0 0 0 0 0 0 0 0 0 0 0 0 1 1 0 0 0 0 0 0 0 0 1 0 0 0 0 0 0 0 0 0 0 0 0 0 0 0 0 0 0 0 0 0 0 0 0 0 0 0 0 0 0 0 0 0 0 0 0 0 0 0 0 0 0 0 0 0 0 0 0 0 0 0 0 0 0 0 1 0 0 0 0 0 0 0 0 0 0 0 0 0 0 0 0 0 0 0 0 0 0 1 0 0 0 0 0 0 0 0 0 0 0 0 0 0 0 0 0 0 0 1 0 0 0 0 0 0 0 0 0 0 0 0 0 0 0 0 0 0 0 0 0 0 1 0 
0 0 0 0 0 0 0 0 0 0 0 0 0 0 0 0 1 0 0 0 0 0 0 0 0 0 0 0 0 1 0 0 0 0 0 0 0 0 0 0 0 0 0 0 0 0 0 0 0 0 0 0 0 0 0 0 0 0 0 0 0 0 0 0 0 0 0 0 0 0 0 0 0 0 0 0 0 0 0 0 0 0 0 0 0 0 0 0 0 0 0 0 0 0 0 0 0 0 0 0 0 0 0 0 0 0 0 0 0 0 0 0 0 0 0 0 0 1 1 0 0 0 0 1 0 0 0 0 0 0 0 0 0 0 0 0 0 0 0 0 0 0 0 1 0 0 0 0 0 0 1 0 0 0 2 0 0 0 0 1 1 1 0 0 0 0 0 2 0 0 0 0 1 0 0 1 0 1 0 0 0 0 0 1 0 0 0 0 0 0 0 0 0 0 1 0 0 0 0 0 0 0 1 0 2 0 0 0 0 0 0 0 0 1 1 0 0 0 0 0 0 0 0 1 0 0 0 0 0 0 0 1 0 0 0 0 0 0 1 0 0 0 0 0 0 0 0 0 0 0 0 0 0 0 0 0 
0 0 0 0 0 0 0 0 0 0 0 0 0 0 0 0 0 0 0 0 0 1 0 0 0 1 0 0 0 0 0 1 0 0 0 0 0 0 0 0 0 0 0 0 0 0 0 0 0 0 0 0 0 0 0 0 0 0 1 0 0 0 0 0 0 0 0 0 0 0 0 0 0 0 0 0 0 0 0 1 0 0 0 0 0 0 0 0 0 0 0 0 0 0 0 0 0 0 0 0 0 0 0 0 0 0 0 0 0 0 0 0 0 0 0 0 0 0 0 0 0 0 0 1 0 0 0 0 0 0 0 0 0 1 0 0 0 0 0 0 0 0 0 1 0 0 0 0 0 0 0 0 0 0 0 0 0 0 0 0 0 0 0 0 0 0 0 0 0 0 0 0 0 0 0 0 0 0 0 1 0 0 0 0 0 1 0 0 0 0 0 0 0 0 0 0 0 0 0 0 0 0 0 0 0 1 0 0 0 0 0 0 0 0 1 0 0 0 0 0 0 1 0 0 0 0 0 0 0 0 0 0 0 0 0 0 0 0 0 0 0 1 0 0 0 0 0 0 0 0 0 0 0 0 0 0 
0 0 0 0 0 1 0 0 0 0 0 0 0 0 0 0 0 0 1 0 0 0 0 0 0 0 0 0 0 0 0 0 0 0 0 0 0 0 0 0 0 0 0 0 0 0 0 0 0 0 0 0 0 0 0 0 0 0 0 0 0 0 0 0 0 0 0 0 0 0 0 0 0 0 0 0 1 0 0 0 0 0 0 0 0 0 0 0 0 0 0 0 0 0 0 0 0 0 0 0 0 0 0 0 0 0 0 0 0 0 0 0 0 0 0 0 0 0 0 0 0 0 1 0 0 0 0 0 0 0 0 0 0 0 0 0 0 0 0 0 0 0 0 0 0 0 0 0 0 0 0 0 0 0 0 0 0 0 0 0 0 0 0 0 1 0 0 0 0 0 0 0 0 0 0 0 0 0 0 0 0 0 0 0 0 0 0 0 0 0 0 0 1 0 0 0 0 0 0 0 0 0 0 0 0 0 0 0 0 0 1 0 0 0 0 0 0 0 0 0 0 0 0 0 1 1 0 0 0 0 0 0 0 0 0 1 0 0 0 0 0 0 0 0 0 0 0 0 1 0 0 0 0 0 0 0 
0 0 0 0 0 0 0 0 0 1 0 0 0 0 0 0 0 0 0 0 1 0 2 0 0 0 1 0 0 0 0 0 0 0 0 2 0 0 0 0 0 0 0 1 0 0 0 0 0 0 0 0 0 0 0 0 0 0 0 0 0 0 0 1 0 0 1 0 0 0 0 0 0 0 1 0 0 0 0 0 1 0 0 0 0 0 0 0 0 0 0 0 0 0 0 0 0 0 0 0 0 0 0 0 0 0 0 0 0 0 0 0 0 0 0 0 0 0 0 0 0 0 0 0 0 0 1 0 0 0 1 0 0 0 0 0 0 0 0 0 0 0 0 0 0 0 0 0 0 0 0 0 0 1 0 0 0 0 0 0 0 0 0 0 0 0 0 1 0 0 0 0 0 0 0 0 0 0 0 0 0 0 0 0 0 0 0 0 0 0 0 0 0 0 0 0 0 0 1 0 0 0 0 0 1 0 0 0 1 0 0 0 0 0 0 0 0 0 0 0 0 0 1 0 0 1 0 0 0 0 0 0 0 1 0 0 0 0 0 0 0 0 0 0 0 0 0 0 1 0 0 0 0 0 0 0 
0 0 0 0 0 1 0 0 0 0 0 0 0 0 0 0 0 0 0 0 0 0 0 0 0 0 0 0 0 0 0 0 0 0 0 0 0 0 0 0 0 0 0 0 0 0 0 0 0 0 0 0 0 0 0 0 0 0 0 0 0 0 0 0 0 0 0 0 0 0 0 0 0 0 0 0 0 0 1 0 0 0 0 0 0 0 0 0 0 0 1 0 0 0 0 0 0 0 0 0 0 0 0 0 0 0 0 0 0 0 0 0 0 0 0 0 0 0 0 0 0 0 0 0 0 0 0 0 0 0 0 0 1 0 0 0 0 0 0 0 0 0 0 0 0 0 0 0 0 0 0 0 0 0 0 1 0 0 0 1 0 0 0 0 0 0 1 0 0 0 0 0 0 0 0 0 0 0 0 0 0 0 0 0 0 0 0 0 0 0 0 0 0 0 0 0 1 0 0 0 0 0 0 0 0 0 0 0 0 0 0 0 0 0 0 0 0 0 0 0 0 0 0 0 0 0 0 0 0 0 0 0 0 0 0 0 0 0 0 0 0 1 2 0 0 0 0 0 0 0 0 0 0 0 0 0 
0 0 0 1 0 0 1 0 0 1 0 0 0 0 0 1 0 0 0 0 0 0 0 0 0 0 0 0 0 0 0 0 0 0 0 0 0 0 0 0 0 1 0 0 0 0 0 0 0 0 0 0 0 0 0 1 0 0 0 0 0 0 1 0 0 0 0 0 1 0 0 0 0 0 0 0 0 0 0 0 0 0 0 0 0 0 0 0 0 0 0 0 0 0 0 1 0 0 0 0 1 0 0 1 0 0 0 1 0 0 1 0 0 0 0 0 0 0 0 0 0 0 0 0 0 0 0 0 0 0 0 0 0 0 0 0 0 0 0 0 1 0 0 0 0 0 0 0 0 0 1 0 0 0 0 0 0 0 0 0 0 0 0 0 0 0 0 0 0 0 0 0 0 0 0 0 0 0 0 0 0 0 0 0 1 0 0 0 0 1 0 0 0 1 0 0 0 0 0 0 0 0 0 0 0 0 0 0 0 0 0 0 0 0 0 0 1 0 0 0 0 0 0 0 0 0 0 0 0 0 0 0 0 0 0 0 0 0 0 0 1 0 0 0 0 0 0 0 0 0 0 0 0 0 0 0 
0 0 0 0 0 0 0 0 0 0 0 0 0 0 0 0 0 0 0 0 0 0 0 0 0 0 0 0 0 1 0 0 0 0 1 0 0 0 0 0 2 0 0 0 1 0 0 0 0 0 0 0 1 0 0 0 0 0 0 0 1 0 0 0 0 0 0 0 1 0 0 0 0 0 0 1 0 1 0 1 0 0 0 0 0 0 1 0 0 0 0 0 0 0 0 0 0 0 0 0 0 0 0 1 0 0 0 0 0 0 0 0 0 0 0 0 1 0 0 0 0 0 0 0 0 0 0 0 0 0 1 0 0 0 0 0 0 1 0 0 0 0 0 0 0 0 0 0 0 0 0 0 0 0 0 0 0 1 0 0 0 0 0 0 0 0 0 0 0 0 0 0 0 0 0 0 0 0 0 0 0 0 1 0 0 0 0 0 0 0 0 1 0 0 0 0 0 0 0 0 0 1 0 0 0 0 0 0 0 0 0 0 0 0 0 0 0 0 0 0 0 0 0 0 0 0 0 0 0 0 0 0 0 0 0 0 0 0 0 0 0 0 0 0 1 0 0 0 0 0 0 0 0 0 0 0 
1 0 0 0 0 1 0 0 0 0 0 0 0 0 0 0 0 0 0 0 0 0 0 0 0 0 0 0 0 0 0 1 0 0 0 0 0 0 0 0 0 0 0 0 0 0 1 0 0 0 0 0 0 0 0 0 0 0 0 0 1 0 0 0 0 0 0 1 1 0 0 0 0 0 0 0 0 0 0 0 0 0 0 0 0 0 0 0 0 0 0 0 0 0 0 0 0 0 0 0 1 0 0 0 0 0 0 1 0 0 0 0 1 0 0 0 1 0 0 0 0 0 0 0 0 0 0 0 0 0 0 0 1 0 0 1 0 0 0 0 0 0 0 0 0 0 0 0 0 0 0 0 0 0 0 0 0 0 0 0 0 0 0 0 0 0 1 1 0 0 0 0 0 0 0 0 1 0 0 0 0 0 1 0 0 0 0 0 0 0 0 0 0 0 0 0 1 0 0 0 0 0 0 0 1 2 0 0 0 0 0 0 0 0 0 0 0 0 0 0 0 0 0 1 0 0 0 1 0 0 0 0 0 0 0 0 0 0 0 0 0 0 0 0 0 0 0 0 0 0 0 0 0 0 0 1 
0 0 0 0 0 0 0 0 0 0 1 0 0 0 0 0 0 0 0 0 1 0 0 0 0 0 0 0 0 0 0 0 0 0 0 0 0 0 1 0 0 0 0 1 0 0 0 0 0 1 0 1 0 0 0 0 0 0 0 0 0 0 0 0 0 0 0 0 0 0 0 0 0 0 0 0 0 0 0 0 0 0 0 0 1 0 0 1 0 0 0 0 0 0 0 1 0 0 0 0 0 0 1 0 0 0 0 0 0 0 0 0 0 0 0 0 0 0 0 0 0 0 0 0 0 0 0 0 0 0 0 0 0 0 0 0 0 0 0 0 0 0 1 0 0 0 1 0 0 0 0 1 0 0 0 0 0 0 0 0 0 0 0 0 0 0 0 0 1 0 0 0 0 0 0 0 0 0 0 0 0 0 0 0 0 0 0 1 1 0 0 0 0 0 0 0 0 0 1 0 0 0 0 0 0 0 0 0 0 0 0 0 0 0 0 0 0 0 0 0 0 0 0 0 0 0 0 0 0 0 0 0 0 0 0 0 0 0 0 0 0 0 0 1 0 0 1 0 0 0 0 0 0 0 0 0 
0 0 0 0 0 0 0 1 0 0 0 0 0 0 0 0 0 0 0 0 0 0 0 0 0 0 1 0 0 0 0 0 0 0 0 0 0 0 0 0 0 0 0 0 0 0 0 0 0 0 0 0 0 0 0 0 0 0 0 0 0 0 0 0 0 0 0 0 0 0 0 0 0 0 1 0 0 0 0 0 0 0 0 0 0 0 0 0 1 0 0 0 0 0 0 0 0 0 0 0 0 0 0 0 1 0 1 0 0 1 0 0 0 0 0 0 0 0 0 0 0 0 0 0 0 0 0 0 0 0 0 0 0 0 0 0 0 0 0 0 0 0 0 0 0 0 0 0 0 0 0 0 0 0 0 0 0 0 0 0 0 0 0 0 1 0 0 0 0 0 0 0 0 0 0 0 0 0 0 0 0 0 0 0 0 0 0 0 0 0 0 0 0 1 0 0 1 0 0 0 0 0 0 1 0 0 0 0 0 0 0 0 0 0 0 0 0 0 0 0 0 0 0 0 1 0 0 0 0 0 0 1 0 0 0 0 0 0 0 0 0 0 0 0 0 0 0 0 0 0 0 0 0 0 1 0 
0 0 1 0 0 0 1 0 0 0 0 0 1 0 0 0 0 0 0 0 0 0 0 0 0 0 1 0 0 0 0 0 0 0 0 0 0 0 0 0 0 0 0 0 0 0 0 0 0 0 0 0 0 0 0 0 0 0 0 0 1 1 0 0 1 0 0 1 0 0 0 0 0 1 1 0 0 0 0 0 0 0 0 0 0 0 0 0 0 0 0 0 0 0 0 0 0 0 0 0 0 0 0 0 0 0 0 0 0 1 0 0 0 1 0 0 0 0 0 0 0 0 0 0 0 1 0 0 0 0 0 0 0 0 0 0 0 0 0 0 0 0 0 0 0 0 0 0 1 0 0 0 0 0 0 0 0 0 0 0 0 0 0 0 0 0 0 0 0 0 0 0 0 0 0 0 0 0 0 0 0 0 0 0 0 0 0 0 0 0 0 0 0 0 0 1 0 1 0 0 0 0 1 0 0 0 0 0 0 1 0 0 0 0 0 0 0 0 0 0 0 0 0 0 0 0 0 0 0 0 0 1 0 0 0 0 0 0 0 0 0 0 1 0 0 0 0 0 0 0 0 0 0 0 0 0 
0 0 1 0 0 0 0 0 0 0 0 0 0 0 0 0 0 0 0 0 0 1 0 0 0 0 0 0 1 0 0 0 0 0 0 0 0 0 0 0 0 0 0 0 0 1 0 0 0 0 0 0 0 0 0 0 0 0 0 0 0 0 0 0 0 0 0 0 0 0 0 0 0 0 0 0 0 0 0 0 0 1 0 0 0 0 0 0 0 0 1 0 1 0 1 0 0 0 0 0 0 0 0 0 0 1 0 0 1 0 0 0 0 0 0 0 0 0 0 0 0 0 0 1 0 0 0 0 1 0 0 0 1 0 0 0 0 0 0 0 0 0 0 0 0 0 0 0 0 0 0 0 0 0 0 0 0 0 0 0 1 0 0 0 0 0 0 0 0 0 0 0 0 0 0 0 0 0 0 0 0 1 0 1 0 0 0 1 0 0 0 0 0 0 1 0 0 0 0 1 0 1 0 0 0 0 0 0 0 0 0 0 0 0 0 0 0 0 0 0 0 0 0 0 0 0 0 0 0 0 0 0 0 0 0 1 0 1 0 0 0 0 1 0 0 0 0 0 0 0 0 0 0 0 0 0 
0 0 0 0 0 0 0 0 0 0 0 0 0 0 0 0 0 0 0 0 0 0 0 0 0 0 0 1 0 0 0 0 0 0 0 0 0 0 0 0 1 0 0 0 0 0 0 0 0 0 0 0 0 0 0 0 0 0 0 0 0 0 0 0 0 0 0 0 0 0 0 0 0 0 0 0 1 0 0 0 0 0 0 0 0 1 0 1 0 0 0 0 0 0 0 0 0 0 0 0 0 0 0 0 0 0 0 0 0 0 0 0 0 1 0 0 0 0 0 0 0 0 0 0 0 1 0 0 0 0 0 0 0 0 0 0 0 0 0 0 0 1 0 0 0 1 0 0 0 0 0 0 0 0 0 0 0 1 0 0 0 0 0 0 0 0 0 0 0 0 0 0 0 0 0 0 0 0 0 0 0 0 0 0 0 1 1 0 0 0 0 0 0 0 0 0 0 0 0 0 0 0 0 0 0 0 0 0 0 0 0 0 0 0 0 0 0 0 0 0 0 0 0 0 1 0 0 0 0 0 0 0 0 1 0 0 0 0 0 0 0 0 0 0 0 1 0 0 0 0 0 0 0 1 0 0 
0 0 0 0 0 0 0 0 0 0 0 1 0 0 0 0 0 0 0 0 0 0 0 0 0 0 0 0 0 0 0 0 0 0 0 0 0 0 0 0 0 0 1 0 0 0 0 0 0 0 0 0 1 0 0 1 0 0 0 0 0 0 0 0 0 0 0 0 0 0 0 0 0 0 0 0 0 0 0 0 0 0 0 0 0 0 0 0 0 0 0 0 0 0 0 0 0 0 0 0 0 0 0 0 0 0 0 0 0 0 0 0 0 0 0 0 0 0 0 0 0 0 0 0 0 0 0 0 0 0 0 0 0 1 0 0 0 0 0 0 0 0 0 0 0 0 0 0 0 0 0 0 1 0 0 0 1 0 0 0 0 0 0 0 0 0 0 0 0 0 0 0 0 0 1 0 0 0 0 0 0 0 0 0 0 0 0 0 0 0 0 0 0 0 0 0 0 0 0 0 0 0 0 0 0 0 0 0 1 0 0 0 0 0 0 0 0 0 0 0 0 0 0 0 0 0 0 0 1 0 0 0 0 0 0 0 0 0 0 0 0 0 0 0 0 0 0 0 0 0 0 0 0 0 0 1 
0 0 0 0 0 0 0 0 0 0 0 0 1 0 0 0 0 0 0 0 0 0 0 0 0 0 0 0 0 0 0 0 0 0 0 0 0 0 0 0 0 0 0 0 0 0 0 0 0 0 0 0 0 0 0 0 0 0 0 0 0 0 0 0 0 1 0 0 0 0 0 0 0 0 1 0 0 0 0 0 0 0 0 0 0 0 0 0 0 0 0 0 0 0 0 0 0 0 0 0 0 0 0 0 0 0 0 0 0 0 1 0 0 1 2 0 1 1 0 0 0 0 0 0 0 0 0 0 0 0 0 0 0 0 0 0 0 0 0 0 0 0 0 0 0 0 0 0 1 1 0 0 0 0 0 0 0 0 0 0 1 0 0 0 0 0 0 0 0 0 0 0 0 0 0 0 0 1 0 0 0 0 0 1 0 0 0 0 0 0 0 0 0 0 0 0 0 0 0 0 0 0 0 0 0 0 0 0 0 0 0 0 0 1 0 0 0 0 0 0 0 0 0 1 0 0 0 0 0 0 0 0 0 0 0 0 0 0 0 0 0 0 0 0 0 0 0 0 0 0 0 0 0 0 0 0 
1 0 0 0 0 0 0 0 0 0 0 0 0 1 0 0 0 0 0 0 0 0 0 0 0 0 0 0 1 0 0 0 0 0 0 0 0 0 0 0 1 0 0 0 0 0 0 0 0 1 0 0 0 0 0 0 0 1 0 0 0 0 0 0 0 0 0 0 0 0 0 0 0 0 0 0 0 0 0 0 0 0 0 0 0 0 0 0 0 0 0 0 0 0 0 0 0 0 0 0 0 0 0 0 0 0 0 0 0 0 0 0 0 1 0 0 0 0 0 0 0 0 0 0 0 0 0 0 0 0 0 0 0 0 0 0 0 0 0 0 0 0 0 0 0 0 0 0 0 0 0 0 0 1 0 0 0 0 0 0 0 0 0 0 0 0 0 0 0 0 1 0 0 0 0 0 0 0 0 0 0 0 0 0 0 0 0 0 0 1 0 0 0 0 0 0 0 0 0 0 0 0 0 0 0 0 1 0 0 1 0 0 0 0 0 0 0 0 0 0 0 0 0 0 0 0 0 0 0 0 0 0 0 0 0 0 0 0 0 0 0 0 0 0 0 0 0 0 0 0 0 0 0 0 0 0 
0 0 0 0 0 0 0 0 0 0 0 0 0 0 0 0 0 0 0 0 0 0 0 0 0 0 0 0 0 1 0 0 1 0 0 0 0 0 0 0 0 0 0 0 1 0 0 0 0 0 0 0 0 0 0 0 0 0 0 1 0 0 0 0 0 0 0 0 0 0 0 0 0 0 0 0 0 0 0 0 0 0 0 0 0 0 0 0 0 0 0 0 0 0 0 0 0 0 2 0 0 0 0 0 0 0 0 0 0 0 0 0 0 0 0 0 0 0 0 0 0 1 0 0 0 0 0 0 0 0 0 0 0 0 0 0 0 0 0 0 0 0 0 0 0 0 0 0 0 0 0 0 0 0 0 0 0 0 0 0 0 0 0 0 0 0 0 0 0 0 0 0 0 0 0 0 0 0 0 0 0 0 0 0 0 0 0 0 0 0 0 0 1 0 0 0 0 0 0 0 0 0 1 0 0 0 0 0 0 0 0 0 0 0 0 0 0 0 0 0 0 0 0 0 0 0 0 1 0 0 0 0 0 0 0 0 0 0 0 0 0 0 0 0 0 0 0 0 0 1 0 0 0 0 0 1 
0 0 0 0 0 0 0 0 0 0 0 0 0 0 0 0 0 0 1 0 0 0 0 0 0 0 0 0 0 0 0 0 0 0 0 0 0 0 0 0 0 0 0 0 0 1 0 0 0 0 0 0 0 0 0 0 0 0 0 0 0 0 0 0 0 1 0 0 0 0 0 0 1 0 0 0 0 0 0 0 0 0 0 1 0 0 0 0 0 0 0 0 0 0 0 0 0 0 0 0 0 0 0 0 0 0 0 0 0 0 0 0 0 0 0 0 0 0 0 0 0 0 0 0 0 0 0 0 0 0 0 0 0 0 0 0 0 0 0 0 1 0 0 0 0 0 0 0 0 1 0 0 0 0 0 0 0 0 0 0 0 0 0 0 0 0 0 0 0 0 1 0 0 0 0 0 0 1 0 0 0 0 0 0 0 0 0 0 0 0 1 0 0 0 1 1 1 0 0 0 0 0 0 0 0 0 0 0 0 0 0 0 0 0 0 0 0 0 0 0 0 0 0 0 0 0 0 0 0 0 0 0 0 0 0 0 0 0 0 0 0 0 0 0 0 0 1 0 0 0 1 0 0 0 0 0 
0 0 0 0 0 0 0 0 0 0 0 0 0 0 0 0 0 0 0 0 0 0 0 0 0 0 0 0 0 0 0 0 0 0 0 0 0 0 0 0 0 0 1 0 0 0 0 0 0 0 0 0 1 0 0 0 0 0 2 0 0 0 0 1 0 0 0 0 0 0 0 0 0 0 0 0 0 0 0 0 0 0 0 0 0 0 0 0 0 0 0 0 0 0 0 0 0 0 0 0 0 0 0 0 0 0 0 0 0 0 0 0 0 0 0 0 0 0 0 0 0 0 0 0 0 0 0 1 0 0 0 0 0 0 0 0 0 0 0 0 0 0 0 0 1 0 0 0 0 0 0 0 0 0 0 0 0 0 0 0 0 0 0 0 0 0 0 0 0 0 0 0 0 0 0 0 0 0 1 0 0 0 1 1 0 0 0 0 0 0 0 0 0 0 0 0 1 0 0 0 0 0 0 0 0 0 0 0 0 0 0 0 0 0 0 0 1 0 0 0 0 0 0 0 0 0 0 0 0 0 1 0 0 0 0 0 0 0 0 0 0 0 0 0 0 0 0 0 0 0 0 0 0 0 0 0 
0 0 0 0 0 0 0 0 0 0 0 0 0 0 0 0 0 0 0 0 0 0 0 0 0 0 0 0 0 0 0 0 0 0 0 0 0 0 0 0 0 0 0 0 0 1 0 1 0 0 1 0 0 0 0 0 0 0 0 0 0 0 0 1 0 0 0 0 1 1 0 0 0 0 0 0 0 0 0 0 0 0 0 0 0 0 0 0 0 0 0 0 0 0 1 0 0 0 0 0 0 0 0 0 0 0 0 0 0 0 0 1 0 0 0 0 0 0 0 0 0 0 0 0 0 0 0 0 0 0 0 0 0 0 0 0 0 0 0 0 0 0 0 0 0 0 0 0 0 0 0 0 0 0 0 0 1 0 1 0 0 0 0 0 0 0 0 0 0 0 0 0 0 1 0 0 0 0 0 0 0 0 0 0 0 0 0 0 0 1 0 0 0 0 0 0 0 0 0 0 0 1 0 0 0 0 0 0 0 0 0 0 0 0 0 0 0 0 0 0 0 0 0 0 0 0 0 0 0 0 1 0 1 0 0 0 0 0 0 1 0 0 0 0 0 0 0 1 0 0 1 1 0 0 0 0 
0 0 0 0 0 0 0 0 0 0 0 0 0 0 0 0 0 0 0 1 0 0 1 0 0 0 0 0 0 0 0 0 0 0 0 0 0 0 0 0 0 0 0 0 0 0 0 0 0 0 0 0 0 0 0 1 1 0 0 1 0 0 0 0 0 0 0 0 0 0 0 0 1 0 1 0 0 0 0 0 1 0 0 0 0 0 0 0 0 0 0 0 0 0 1 0 0 0 0 0 0 0 0 0 0 0 0 1 0 1 1 0 0 0 0 0 0 0 0 0 0 0 1 0 0 0 0 1 0 0 0 0 0 0 0 0 0 0 0 0 0 0 0 0 0 0 0 0 0 0 0 0 0 0 0 0 0 0 0 0 0 0 0 0 0 0 0 0 0 0 1 0 0 0 0 0 0 0 0 0 0 0 0 0 0 1 0 0 0 0 0 0 0 0 0 0 0 0 0 0 0 0 0 0 0 0 0 0 0 0 1 0 0 1 0 0 0 0 0 0 0 0 1 0 0 0 0 0 0 0 0 0 0 0 0 0 0 0 0 0 0 0 1 0 0 0 0 0 0 0 0 0 0 0 0 0 
1 0 0 0 1 0 0 1 0 0 0 0 0 0 0 0 0 0 0 0 0 0 0 0 1 0 0 1 1 0 0 0 0 0 0 0 0 0 0 0 0 0 0 0 0 0 0 0 0 0 1 0 0 0 0 0 0 0 1 0 1 0 0 0 0 0 0 0 0 1 0 0 0 0 1 0 0 0 0 0 0 1 0 0 1 0 0 0 0 0 0 0 0 0 0 0 1 0 0 0 0 0 0 0 0 0 0 0 0 0 0 0 0 0 0 0 0 0 0 0 0 0 0 0 0 1 0 0 1 0 1 0 0 0 0 1 0 0 0 0 0 0 1 0 0 0 0 0 0 0 1 1 0 0 0 1 0 0 0 0 0 0 0 0 0 0 0 0 0 0 1 0 0 0 0 0 0 0 1 0 0 0 0 0 1 0 1 0 0 0 0 0 0 1 0 0 0 0 0 0 0 0 0 0 0 0 0 0 0 0 0 0 0 0 0 0 0 0 0 0 0 0 0 0 0 0 0 1 1 0 1 0 0 1 0 0 0 0 0 0 0 0 0 0 0 0 0 0 0 0 0 0 0 0 0 0 
0 0 1 0 0 0 0 0 0 0 1 0 0 0 0 0 0 0 0 0 0 0 0 0 0 0 0 0 0 0 0 0 0 0 0 0 0 0 0 0 0 0 0 0 0 0 0 0 0 0 0 0 0 0 0 0 0 0 0 0 0 0 0 0 0 0 0 0 0 0 0 0 0 0 0 0 0 1 0 0 0 1 0 0 0 0 0 0 0 0 1 0 1 0 0 0 0 0 0 0 0 1 0 0 0 0 0 0 0 0 0 0 0 0 0 0 0 0 1 0 0 0 0 0 0 0 0 0 0 1 0 0 1 0 0 0 0 0 0 1 0 0 0 0 0 0 0 0 0 0 0 0 0 0 0 0 0 0 0 0 0 0 0 0 1 0 0 0 0 0 0 0 1 1 0 0 0 0 0 0 0 0 0 0 0 0 0 0 0 0 0 0 0 0 0 0 0 0 0 0 0 0 0 0 0 0 0 0 0 0 0 0 0 0 0 0 0 0 0 0 0 0 0 0 0 0 0 0 0 0 0 0 0 0 0 0 0 0 0 0 0 0 0 0 0 0 0 0 0 0 0 0 0 0 0 0 
1 0 0 0 0 0 0 0 0 0 0 0 0 0 0 0 0 0 0 0 0 0 0 0 0 0 0 0 0 0 0 0 0 0 0 0 0 0 0 1 1 0 0 0 0 0 0 0 0 0 0 0 0 0 1 0 1 0 0 0 0 0 0 0 0 1 0 1 0 0 0 0 0 0 0 0 0 0 0 0 0 0 0 1 1 0 0 0 0 0 0 0 0 0 0 0 0 0 0 0 0 0 0 1 0 0 0 0 0 0 0 0 0 0 0 1 0 0 0 0 0 0 0 1 0 0 0 1 0 0 0 0 0 0 0 0 0 0 0 0 0 0 0 0 0 0 0 0 0 0 0 1 0 0 0 0 0 1 0 0 1 1 1 0 0 0 0 0 0 0 0 0 0 1 0 0 0 0 0 1 0 0 0 0 0 0 0 0 0 0 0 0 0 0 0 0 0 0 0 0 0 1 0 0 0 0 0 0 0 0 0 0 0 0 0 0 0 0 0 0 0 0 0 0 0 0 0 0 0 0 0 0 1 0 0 0 0 0 0 0 0 0 0 0 0 0 0 0 0 0 0 0 0 0 0 0 
1 0 1 0 0 0 0 0 0 0 0 0 0 0 0 0 0 1 1 0 0 0 0 0 0 0 0 0 0 0 0 0 0 0 0 0 0 0 0 0 1 0 0 1 0 0 0 0 0 1 0 0 0 0 0 0 0 1 0 1 0 0 0 0 0 0 0 0 0 0 0 0 0 0 0 0 0 0 0 0 0 0 0 1 0 0 1 0 0 0 0 0 0 0 1 1 0 0 0 0 0 0 0 0 0 0 0 0 0 0 0 0 0 0 0 0 0 0 0 0 0 0 0 0 0 0 0 0 0 0 1 0 0 0 0 0 0 0 0 0 0 0 0 0 0 0 0 0 0 0 0 0 0 0 0 0 0 0 0 0 1 0 0 0 0 0 0 0 0 0 0 0 0 0 1 0 0 0 0 0 0 0 0 0 0 0 0 0 0 0 0 0 0 0 0 0 0 0 0 0 0 0 0 0 0 0 0 1 0 0 0 1 1 0 0 0 0 0 1 0 0 0 0 0 0 0 0 0 0 0 0 0 1 0 0 0 0 0 0 0 0 0 0 0 0 0 0 0 0 0 0 0 0 0 0 0 
0 0 0 0 0 0 0 0 0 0 0 0 0 0 0 0 0 0 0 0 0 0 0 0 0 0 0 0 0 0 0 0 0 0 0 0 0 1 0 0 0 0 0 0 0 0 0 0 0 0 0 1 0 0 0 0 1 0 0 0 0 0 0 0 0 0 0 0 0 0 0 0 0 0 0 0 0 0 0 0 0 0 1 0 0 0 0 0 0 0 0 0 0 0 0 0 0 0 0 0 0 0 0 0 0 0 0 0 0 0 0 0 0 2 0 0 0 0 0 0 0 0 1 0 0 0 0 1 0 0 0 0 0 0 0 1 0 0 0 0 0 0 1 0 0 0 0 0 0 0 0 0 0 0 0 0 0 0 0 0 0 0 0 0 1 0 0 0 0 0 0 0 1 0 1 0 0 0 0 0 0 0 0 0 0 0 0 0 2 0 0 0 0 0 0 0 0 0 0 0 0 0 0 0 0 0 0 0 0 0 0 0 0 0 0 0 0 0 0 0 0 0 0 0 0 0 0 0 0 0 0 0 0 0 0 0 0 0 0 0 0 1 0 0 0 0 0 0 0 0 0 0 0 0 0 0 
0 0 0 1 0 0 0 0 0 0 0 0 0 0 0 0 0 0 1 0 0 0 0 0 0 0 0 0 0 0 0 0 0 0 0 0 0 0 0 0 0 0 0 0 0 0 0 0 1 0 0 0 0 1 0 0 0 0 0 0 0 0 0 0 0 0 0 0 0 0 0 0 0 0 0 0 0 1 0 0 0 0 0 0 0 0 0 0 0 0 0 0 0 0 0 0 0 0 0 0 0 0 0 0 0 0 0 0 0 0 0 0 0 0 0 0 0 0 0 0 0 0 0 0 0 0 0 0 0 0 0 0 0 0 0 0 0 0 0 0 0 0 0 0 0 0 0 0 0 0 0 0 0 0 0 0 0 0 0 0 0 0 0 1 0 0 0 0 0 0 0 0 0 0 0 1 0 0 0 0 0 0 0 0 0 0 0 0 0 0 0 0 0 0 0 0 1 0 0 0 0 1 0 0 0 0 0 0 0 0 0 0 0 0 0 0 0 0 0 0 0 0 0 0 0 0 1 0 0 0 0 0 0 0 0 0 0 0 0 1 0 0 0 0 0 0 0 0 1 0 0 0 0 0 0 0 
0 0 0 0 1 0 0 0 0 0 1 0 0 0 0 1 0 0 0 0 0 0 0 0 0 0 0 0 0 0 0 0 0 0 0 0 0 0 0 0 0 0 0 0 0 0 0 0 0 0 0 0 0 0 0 0 0 0 0 0 0 0 0 0 0 0 0 0 0 0 0 0 0 0 0 0 0 0 0 0 0 0 0 0 0 0 0 0 0 0 0 1 0 0 1 0 0 0 0 0 0 0 0 0 0 0 0 0 0 0 0 0 0 0 0 0 0 0 0 0 0 0 0 0 0 0 0 0 0 0 0 0 0 0 0 0 0 0 0 0 0 0 0 0 0 0 0 0 0 0 0 0 0 0 0 0 0 0 0 1 0 0 0 0 0 0 0 0 0 0 0 0 0 0 0 0 1 0 0 0 0 0 0 0 0 0 0 0 0 0 0 0 0 0 0 0 0 0 0 0 1 0 0 0 0 0 0 0 0 0 0 1 1 0 0 0 0 0 0 0 0 0 0 0 0 0 0 0 0 0 0 0 0 0 0 0 0 0 0 0 0 0 0 0 0 1 0 0 0 1 0 0 0 0 0 0 
0 0 0 0 0 0 0 1 0 0 0 0 0 0 0 0 0 0 0 0 0 0 1 0 0 0 1 0 0 0 0 0 0 0 0 0 0 0 0 0 0 0 0 0 0 0 0 0 0 0 0 0 0 1 0 1 0 0 0 0 0 0 0 0 0 1 0 0 0 0 0 0 0 0 0 0 0 0 0 0 0 0 0 0 0 1 0 0 1 0 0 0 0 0 0 0 0 0 0 0 0 0 1 0 0 0 0 0 0 0 1 0 0 0 0 0 0 0 0 0 0 0 0 0 0 0 0 0 0 0 0 0 0 0 0 0 0 0 0 0 0 0 0 1 0 0 0 0 0 0 0 0 0 1 0 0 0 0 1 0 0 1 0 0 0 0 0 1 0 0 0 0 0 0 0 0 0 0 0 0 0 0 0 0 0 0 0 0 0 1 0 0 0 1 0 0 0 0 0 0 0 0 0 0 0 0 0 0 0 0 0 0 0 0 0 1 0 0 0 0 0 0 0 0 0 0 0 0 0 0 0 1 0 0 0 0 1 1 0 0 0 0 0 0 0 0 0 0 0 1 0 0 0 0 0 0 
0 0 0 0 0 0 1 0 0 1 0 0 0 0 0 0 0 0 0 0 0 0 0 0 0 0 1 0 0 1 0 0 0 1 0 0 0 0 0 0 0 0 1 0 0 0 0 0 0 0 0 0 0 1 1 0 0 0 0 0 0 0 0 0 0 0 0 0 0 0 0 0 0 0 1 0 0 0 0 0 0 0 0 0 0 0 0 0 0 0 0 0 0 0 0 0 0 0 0 0 0 0 0 0 0 0 0 0 0 0 0 0 0 0 0 0 0 0 0 0 0 0 0 0 0 0 0 0 0 0 0 0 0 0 0 1 0 0 0 0 0 0 1 0 1 0 0 0 0 0 0 0 0 1 0 0 1 0 1 0 0 1 0 0 0 0 0 0 0 0 0 0 0 0 0 0 0 0 0 0 1 0 0 0 0 0 0 0 0 0 0 0 0 0 1 0 0 0 0 0 0 0 0 0 0 0 0 0 0 0 1 0 0 0 0 1 0 0 1 0 0 0 1 0 0 0 0 0 0 0 0 1 0 0 0 0 0 0 0 0 0 0 0 0 1 0 0 0 0 0 0 0 1 0 0 0 
0 0 0 1 0 0 0 0 0 0 0 0 0 0 0 0 0 0 0 0 0 0 0 0 0 0 0 0 0 0 0 0 0 0 0 0 0 0 0 0 0 0 0 0 0 0 0 0 0 0 0 0 0 0 0 0 0 0 0 0 0 1 0 0 0 0 0 0 0 0 0 0 0 0 0 0 0 0 0 0 0 0 0 0 0 0 0 0 0 0 0 0 0 0 0 0 0 0 0 0 0 0 0 0 0 0 0 0 0 1 0 0 0 0 0 0 0 0 0 0 0 0 0 0 0 0 0 0 0 0 0 0 0 0 0 0 0 0 0 0 0 0 0 0 0 0 0 0 0 0 0 0 0 0 0 1 0 0 0 0 0 0 0 0 0 0 0 0 0 0 0 0 0 0 0 0 0 0 0 0 0 0 0 0 1 1 0 0 0 1 0 0 0 1 0 0 0 0 0 0 1 1 0 0 0 0 0 0 0 0 0 0 1 1 0 0 0 0 0 0 1 0 0 0 0 0 0 0 0 0 0 0 0 0 0 0 0 0 0 1 0 0 0 0 0 0 0 0 0 0 0 0 0 0 0 0 
0 0 0 0 0 1 0 1 0 0 0 0 0 0 0 0 0 0 0 0 0 0 0 1 0 0 0 0 0 0 0 0 0 0 0 0 0 0 0 0 0 0 0 1 0 0 0 0 0 0 0 0 0 0 0 0 0 0 0 0 0 0 0 0 0 0 0 0 0 0 0 0 0 0 0 0 0 0 0 0 0 0 0 0 0 0 0 0 1 0 0 0 0 0 0 0 0 0 0 0 0 0 1 0 0 0 1 0 0 0 0 0 0 0 0 0 0 0 0 0 0 0 0 0 0 0 0 0 0 0 0 0 0 0 0 0 0 1 0 0 0 1 0 0 0 0 0 0 0 0 0 1 0 0 0 1 0 0 0 0 0 0 0 0 0 0 0 0 1 0 0 1 0 0 0 0 0 0 0 0 0 0 0 0 0 0 0 0 0 0 0 0 0 0 0 0 0 0 0 1 0 0 0 0 0 0 0 0 0 0 0 0 0 0 0 0 0 1 0 0 1 0 0 0 0 0 0 0 1 0 0 0 0 0 0 1 0 0 0 0 0 0 0 0 0 0 0 0 1 0 0 0 0 0 0 0 
0 0 0 0 0 0 0 0 0 0 0 0 1 0 0 1 0 0 0 0 0 0 0 0 0 0 0 0 0 0 0 0 0 0 0 0 1 0 0 0 0 0 0 0 0 0 0 0 0 0 0 0 1 0 0 0 0 0 0 0 0 0 0 0 0 0 0 0 0 0 0 0 0 0 0 0 0 0 0 0 0 0 1 0 0 0 0 0 0 0 0 0 0 0 0 0 0 0 0 1 0 0 0 0 0 0 0 0 0 1 0 0 0 0 0 0 0 0 0 0 0 0 1 0 0 0 0 0 0 0 0 0 1 1 1 0 0 0 0 0 0 0 0 1 0 0 0 0 0 0 0 1 1 0 0 0 0 0 0 0 0 0 0 0 0 0 0 0 0 0 0 0 0 0 0 0 0 0 0 0 0 0 0 0 0 0 0 0 0 0 1 0 1 0 0 0 0 0 0 0 0 0 0 0 0 0 0 0 1 0 0 0 0 0 0 0 0 0 0 0 0 0 0 0 0 0 0 1 0 0 0 0 0 0 0 0 0 0 0 0 1 0 0 1 0 1 0 0 0 0 0 0 0 0 0 0 
0 0 0 0 0 0 0 0 0 0 1 1 0 0 0 0 0 0 0 0 0 0 0 0 0 0 0 0 0 0 0 0 0 0 0 1 0 0 1 0 0 0 0 0 0 0 0 0 0 0 0 0 0 0 0 1 0 0 0 0 0 0 0 0 0 0 0 0 0 0 0 0 0 0 0 0 0 0 0 0 1 0 0 0 1 0 0 0 0 1 0 0 0 0 0 0 0 0 0 0 0 0 0 0 0 0 1 0 0 0 0 0 0 0 0 0 0 0 0 0 0 0 0 0 0 0 0 0 0 0 0 0 0 0 0 0 0 0 0 0 0 0 0 0 0 0 0 0 0 0 0 0 0 0 0 0 0 0 0 0 0 0 0 0 0 0 0 0 0 0 0 0 0 0 0 0 0 0 0 0 0 1 0 0 0 1 0 0 0 0 0 0 0 0 1 0 0 0 0 0 1 0 0 0 0 1 0 0 0 0 1 0 0 0 0 0 0 0 0 0 0 0 0 0 0 0 0 0 0 0 0 0 0 0 0 0 1 0 0 0 0 0 0 0 0 0 0 0 0 0 0 1 0 0 0 0 
1 0 0 0 1 0 0 0 0 1 0 1 0 0 0 0 0 0 0 0 0 0 0 0 0 0 1 0 0 0 0 0 0 1 0 0 0 0 0 1 0 0 0 0 0 0 0 0 0 1 0 0 0 0 0 1 0 0 0 0 0 0 0 0 0 0 0 0 0 0 1 0 0 0 0 0 0 0 0 0 0 0 0 0 1 0 1 0 0 0 0 0 0 0 0 0 0 0 0 1 0 1 0 0 0 0 0 0 0 0 0 0 0 0 0 0 0 0 0 0 0 0 0 0 0 0 0 0 1 0 0 0 0 0 0 0 0 0 0 1 0 0 0 0 0 0 0 0 0 0 0 0 0 0 0 0 0 0 0 0 0 0 0 0 0 0 0 0 0 0 0 0 0 0 0 0 0 0 0 0 0 0 0 0 0 0 0 0 0 0 0 0 0 0 0 0 0 0 0 0 1 0 0 0 1 0 0 0 0 0 0 0 0 0 0 0 0 0 0 0 0 0 0 0 0 0 0 0 0 0 2 0 0 0 0 1 0 0 0 0 0 0 0 0 0 0 0 0 0 0 0 0 0 0 0 0 
0 0 0 0 0 0 0 0 1 0 1 0 0 0 0 0 0 0 0 1 0 0 1 0 0 0 0 0 0 0 1 0 0 0 1 0 0 0 0 0 0 0 0 0 0 0 0 0 0 0 0 0 0 0 0 0 0 0 0 0 0 0 0 0 0 0 0 0 0 0 0 1 0 0 0 0 0 0 0 0 0 0 0 0 0 0 0 0 1 0 0 0 0 0 0 0 0 0 0 0 0 0 0 0 0 0 0 0 0 0 1 0 0 0 0 0 0 0 0 0 0 0 0 0 0 0 0 0 0 0 0 0 0 0 1 0 0 0 0 0 0 0 0 0 0 0 0 1 0 1 0 0 0 0 0 0 0 0 0 0 0 0 0 0 0 0 0 0 0 0 0 0 0 0 0 0 0 0 0 0 0 0 0 0 0 0 1 0 0 0 0 0 1 0 0 0 0 0 0 0 0 0 0 0 0 0 0 0 0 0 0 0 0 0 0 0 0 0 0 0 0 0 0 0 0 0 0 0 0 0 0 0 0 0 0 0 0 0 0 0 0 0 0 0 0 0 1 0 0 0 0 0 0 0 0 0 
0 0 0 0 0 0 2 0 0 0 0 0 0 0 0 0 0 0 0 1 0 0 0 0 0 0 1 0 0 0 0 0 0 0 0 1 0 0 0 0 1 0 0 0 0 0 1 0 0 0 0 0 0 0 0 0 0 0 0 0 0 0 0 1 0 0 0 0 0 0 0 0 0 0 0 0 0 0 0 0 0 0 1 0 0 0 0 0 1 0 0 0 0 1 1 0 0 0 1 0 0 0 0 0 0 0 0 1 0 0 0 0 0 0 0 0 0 0 0 0 0 0 0 0 0 0 0 0 0 0 0 0 1 0 0 0 0 0 0 1 0 0 0 0 0 0 0 0 0 0 1 0 0 0 0 0 0 0 0 0 0 0 0 0 0 0 0 0 0 0 0 0 0 0 0 0 0 0 0 0 0 0 0 0 0 0 0 0 0 0 0 0 0 0 0 0 0 0 0 0 0 0 0 0 0 0 0 0 0 0 0 0 0 0 0 0 0 0 0 0 1 0 0 0 0 0 0 1 0 0 0 1 0 0 0 0 0 0 1 0 0 0 0 1 0 0 0 0 0 0 0 0 0 0 0 1 
0 0 0 0 0 0 0 1 0 0 0 0 0 0 0 0 0 0 0 0 0 0 0 0 0 0 0 0 0 0 0 0 0 0 0 0 0 0 0 0 0 0 0 0 0 0 0 0 0 0 0 0 0 0 1 0 0 1 0 0 1 0 0 0 0 1 0 0 0 0 0 0 0 1 0 0 0 0 0 0 1 0 0 0 0 0 0 0 0 0 0 0 0 1 0 0 0 0 0 0 0 0 0 0 0 0 1 0 0 0 0 1 0 0 0 0 0 0 0 0 0 0 0 0 1 0 0 0 0 0 0 1 0 0 0 0 0 0 0 1 0 1 0 0 0 0 0 0 0 0 0 0 0 0 0 0 1 1 0 0 0 0 0 0 0 0 0 0 0 0 1 0 0 0 0 0 0 0 1 0 0 0 0 1 0 0 0 0 0 0 0 0 0 0 0 0 0 0 0 0 0 0 0 0 0 0 0 0 0 0 0 0 0 0 0 0 0 0 0 0 0 0 0 0 0 0 0 0 0 1 0 0 0 0 0 0 0 0 1 1 0 0 0 0 0 0 0 0 0 0 0 0 0 0 0 1 
0 0 0 0 0 0 0 0 0 0 0 0 0 0 0 0 0 0 0 0 0 0 0 0 0 1 0 0 0 0 0 0 0 0 0 0 0 0 0 0 0 0 0 0 0 0 0 0 0 0 0 0 0 0 0 0 0 0 0 0 0 0 0 0 1 0 0 0 0 0 0 0 0 0 0 0 0 0 0 0 0 0 0 0 0 0 0 0 0 0 1 1 0 0 0 0 1 0 0 0 0 0 0 0 0 0 0 0 0 0 0 0 0 0 0 0 0 0 0 0 0 0 0 0 0 0 0 0 0 0 0 0 0 0 0 0 0 0 0 1 0 0 0 0 0 0 0 0 0 0 0 0 0 1 0 0 0 0 0 0 0 0 0 0 0 0 1 0 0 0 0 0 0 0 0 0 1 0 0 0 0 0 0 0 0 0 0 0 0 0 0 0 0 0 0 0 0 0 0 0 0 0 0 0 0 0 0 0 0 0 0 0 0 0 0 0 0 0 0 0 0 0 0 0 0 0 0 1 0 0 0 0 0 0 0 0 0 0 0 0 1 0 0 0 0 0 0 0 1 0 1 0 0 0 0 0 
0 0 0 0 0 0 0 1 0 0 0 0 0 0 0 0 0 0 0 0 0 0 0 0 0 0 0 1 0 0 0 0 0 0 0 0 0 0 0 0 0 0 0 0 0 0 0 0 0 0 0 0 0 0 0 0 0 0 1 0 0 0 0 0 0 0 0 0 0 0 0 0 0 0 0 0 1 0 0 0 0 0 0 0 0 0 0 0 0 0 0 0 0 0 0 0 0 1 0 0 0 0 0 0 2 0 0 0 0 0 0 0 0 0 0 0 0 0 0 0 0 0 0 0 0 0 0 1 0 0 0 0 0 0 0 0 0 0 0 0 0 0 0 0 0 0 0 0 0 0 0 0 0 0 0 0 0 0 0 0 0 0 0 0 1 0 0 0 0 0 0 0 0 0 0 1 0 0 0 0 0 0 1 0 0 0 0 0 1 1 0 0 0 1 0 0 0 0 0 0 0 0 0 0 1 0 0 1 0 0 0 0 0 0 0 0 0 0 1 1 0 0 0 0 0 0 0 0 0 1 0 1 0 1 0 0 0 0 0 0 0 0 1 0 0 0 0 0 0 0 0 0 0 0 0 0 
0 0 0 0 0 0 0 0 0 0 1 0 0 0 0 0 0 0 0 0 0 0 0 0 0 0 0 0 0 0 0 0 0 0 0 0 0 0 0 0 0 1 0 0 0 1 0 0 0 0 0 0 0 0 0 1 0 0 0 0 0 0 0 0 0 0 0 0 0 0 0 0 0 0 0 0 0 0 0 0 0 0 0 0 0 0 0 0 0 0 0 0 0 0 0 0 0 0 0 0 0 0 0 0 0 0 0 0 0 0 0 0 0 0 0 0 0 0 0 0 0 0 0 0 0 0 0 0 1 0 0 0 0 0 0 0 0 0 0 0 0 0 0 0 0 0 0 0 0 0 0 0 1 0 0 0 0 0 1 0 0 0 0 0 0 0 1 0 0 0 0 0 0 1 0 0 0 0 0 0 0 0 0 0 0 0 0 0 0 0 0 0 0 0 2 0 0 0 0 0 0 0 0 0 0 2 0 0 0 0 0 0 0 0 0 1 0 0 0 0 0 0 0 1 0 0 1 0 0 0 1 0 1 0 0 0 0 0 0 1 0 0 0 0 1 0 0 0 1 1 0 0 0 0 0 0 
0 0 0 0 0 0 0 0 0 1 0 0 0 0 0 0 0 0 1 1 0 0 0 1 0 1 0 0 0 0 0 0 0 0 0 0 1 0 0 0 0 0 0 0 0 0 0 0 0 0 0 0 0 0 0 0 0 1 0 0 0 0 0 0 0 0 1 0 0 0 0 0 0 0 0 1 0 0 0 0 0 0 0 0 0 1 0 0 0 0 0 0 0 0 0 0 0 0 0 0 0 0 0 0 0 0 0 0 0 0 1 0 0 0 0 0 0 0 0 0 0 0 0 0 0 0 0 0 0 0 0 0 0 0 0 0 0 0 0 0 0 0 0 0 0 0 0 0 0 1 0 0 0 0 0 0 0 0 0 1 0 0 0 0 0 0 1 0 0 1 0 0 0 0 0 0 0 0 0 0 0 0 0 0 0 0 0 1 0 0 0 0 1 0 0 0 0 0 0 0 0 1 0 0 0 0 0 0 0 0 0 0 0 0 0 0 0 0 0 0 0 0 0 0 0 0 0 0 0 0 0 1 0 0 0 0 0 0 0 0 0 0 0 0 1 0 0 0 0 0 0 0 0 0 0 0 
0 0 0 0 0 0 0 0 0 0 0 0 0 0 0 0 0 0 0 0 0 0 0 0 0 0 0 0 0 0 0 0 0 0 0 0 0 0 0 0 0 0 0 0 0 0 0 0 1 0 0 0 0 0 0 0 0 1 0 0 0 0 0 0 0 0 0 0 0 1 0 0 0 1 0 0 0 0 0 0 0 0 0 0 0 0 0 0 1 0 0 0 0 0 0 1 0 1 0 0 0 0 0 0 0 0 0 0 0 0 1 0 0 0 0 0 0 0 0 0 0 0 0 0 1 0 1 0 0 0 0 0 0 0 0 0 0 0 0 1 0 0 0 0 1 1 1 0 0 0 0 0 1 0 0 0 0 0 0 0 0 0 0 0 0 0 0 0 0 0 0 0 0 0 0 0 0 0 0 0 0 0 0 1 0 0 0 0 0 1 0 0 0 0 0 0 0 0 0 0 0 0 0 0 0 0 0 0 0 0 0 1 0 1 0 0 0 0 1 0 0 0 0 0 0 0 0 0 0 0 0 0 0 0 0 0 0 0 0 0 0 0 0 0 0 0 0 0 0 0 0 0 0 0 0 0 
0 0 0 0 1 0 0 0 0 0 0 0 0 0 0 0 0 0 0 0 0 0 0 0 0 0 0 0 0 0 1 0 0 0 0 0 0 0 0 0 0 0 0 0 0 0 0 0 0 0 0 0 0 0 0 0 0 0 1 0 0 0 0 0 0 0 0 0 0 0 0 0 0 0 0 0 0 1 0 0 0 0 0 1 0 0 0 0 0 0 0 0 0 0 0 0 0 0 0 0 0 0 1 0 0 0 0 0 0 0 0 0 0 0 0 0 0 0 0 1 0 0 1 0 0 0 0 1 0 0 0 0 0 0 0 0 0 0 0 0 0 0 0 0 0 0 0 0 1 0 0 1 0 0 0 0 0 0 0 0 0 0 0 0 0 0 0 0 0 1 0 0 0 0 0 0 0 0 0 0 0 0 0 1 0 0 0 0 0 0 0 0 0 0 0 0 0 0 0 0 0 0 0 0 1 0 0 0 0 0 0 0 0 0 0 0 0 0 0 0 0 0 0 0 0 0 0 1 0 0 2 0 0 0 0 0 0 0 0 0 0 0 0 0 0 0 0 1 0 0 0 0 1 0 0 0 
0 0 0 0 0 0 0 0 0 0 0 0 0 0 0 0 1 0 0 0 0 0 0 0 0 0 0 0 0 0 0 1 0 0 0 0 0 0 0 0 0 0 0 1 0 0 0 0 0 0 0 0 0 0 0 0 0 0 0 0 0 0 1 0 0 0 0 0 0 0 0 0 0 0 0 0 0 0 0 0 0 0 1 0 0 0 0 0 0 0 0 0 0 0 0 1 0 0 0 0 0 0 0 0 0 0 0 1 0 0 0 0 0 0 0 0 0 0 0 1 0 0 0 0 0 0 0 0 0 0 0 0 0 1 0 0 0 0 0 0 0 0 0 0 0 0 0 0 1 0 0 0 0 0 0 0 0 0 0 0 0 0 0 0 0 0 1 0 0 0 0 0 2 0 0 0 1 0 0 0 0 0 0 0 0 0 0 1 0 0 1 0 0 0 0 0 0 0 0 0 0 0 0 0 0 0 0 0 0 0 0 0 1 0 0 0 0 0 0 0 0 0 0 0 0 0 0 1 0 0 0 0 0 0 0 0 0 0 0 0 0 0 0 0 0 0 0 0 0 0 0 0 0 0 0 0 
0 0 0 0 0 0 0 0 0 0 0 0 0 0 0 0 0 0 0 0 0 0 0 0 0 0 0 0 0 0 0 0 0 0 0 1 0 0 0 1 0 0 0 0 1 1 0 0 0 0 0 0 0 0 1 0 0 0 1 0 1 0 0 0 0 0 0 0 0 0 0 0 0 0 0 0 0 0 0 0 0 0 0 0 0 0 0 0 0 0 0 0 0 0 0 0 0 0 0 0 0 0 0 0 0 0 0 1 0 0 0 0 0 0 0 0 0 0 0 1 0 1 0 0 1 0 0 0 0 0 0 0 0 1 0 0 0 0 0 0 0 0 0 0 0 0 0 0 0 0 0 0 0 0 0 0 1 0 0 0 0 0 0 1 0 0 0 0 0 0 0 0 0 0 0 0 0 0 0 0 0 0 0 0 1 0 0 0 0 0 0 0 0 1 0 0 0 0 0 0 0 0 1 0 0 0 0 0 0 0 0 0 0 0 0 1 0 0 0 0 0 0 0 0 0 0 0 0 0 0 0 0 0 0 0 0 0 0 0 0 0 0 0 0 0 0 0 0 0 0 0 0 0 0 0 0 
0 0 0 0 0 0 0 0 0 0 0 0 0 0 0 0 0 0 0 0 0 0 0 0 0 1 0 0 0 0 0 0 0 0 0 0 0 0 0 0 0 0 0 0 0 0 0 0 0 0 0 0 1 0 0 0 0 0 0 0 0 0 1 0 0 0 0 0 0 0 0 0 0 0 0 0 0 0 0 2 0 0 0 0 0 0 0 0 0 0 1 0 0 0 0 1 0 0 0 0 0 0 0 0 0 0 0 0 0 0 1 0 0 0 0 1 0 0 0 0 0 0 0 0 0 0 0 0 0 0 0 0 0 0 0 0 0 0 0 1 0 0 0 0 0 0 0 0 1 0 0 0 0 1 0 0 0 0 0 0 1 0 0 0 0 0 0 0 1 0 0 0 0 1 0 0 0 0 1 0 0 0 0 0 0 0 0 1 0 1 0 0 0 0 0 0 0 0 0 1 0 0 0 1 0 0 0 0 0 1 0 0 0 0 0 0 0 0 0 0 0 0 0 0 1 0 0 0 0 0 0 0 0 0 0 0 0 0 0 0 0 0 0 0 0 0 0 0 0 0 0 0 1 0 0 0 
1 0 0 0 0 0 0 0 0 1 0 0 0 0 0 0 1 0 0 0 0 0 0 0 0 0 0 0 0 0 0 1 0 0 0 0 0 0 0 0 0 0 0 0 0 0 0 0 0 0 0 0 0 0 0 0 0 0 0 0 0 1 0 1 0 1 0 0 0 0 0 0 0 0 0 0 0 0 0 0 0 0 0 0 0 0 0 0 0 1 0 0 0 0 2 0 0 0 0 0 0 0 0 0 0 1 1 0 0 0 0 1 0 1 0 0 0 0 0 0 0 0 1 0 0 2 0 0 0 0 1 0 0 0 0 0 1 0 1 1 0 0 1 0 0 0 0 0 0 0 0 0 0 0 0 1 1 0 0 0 0 1 0 0 0 0 0 0 0 0 1 0 0 0 0 0 0 0 0 0 0 0 0 0 1 0 1 0 0 0 0 0 0 0 0 0 0 0 0 0 0 0 0 0 0 0 0 0 1 0 0 0 0 0 0 0 0 0 0 0 0 0 0 0 0 0 0 0 0 0 0 0 0 0 0 0 0 0 0 0 0 0 0 0 0 1 0 0 0 0 0 0 0 1 0 0 
0 0 0 1 0 0 0 0 0 0 0 0 0 0 0 0 0 0 0 0 0 0 0 0 0 0 0 0 0 0 0 0 0 0 0 0 0 0 0 1 0 0 1 0 0 0 0 0 0 0 0 0 0 0 0 1 0 0 0 0 0 0 0 0 0 0 0 0 0 0 0 0 1 0 0 1 0 0 0 0 1 0 0 0 0 0 0 0 0 0 0 0 0 0 0 0 0 0 0 0 1 0 1 0 0 0 0 0 0 0 0 2 0 0 0 1 0 0 0 0 0 0 0 0 0 0 0 0 0 0 0 0 0 0 0 0 0 0 0 0 0 0 0 0 0 0 0 0 0 0 0 0 0 0 0 0 0 0 1 0 0 0 0 0 0 0 0 0 0 0 1 0 0 0 0 0 0 0 0 0 0 0 0 1 0 0 0 0 0 0 0 0 0 0 0 0 0 0 0 0 0 0 0 0 0 0 0 0 0 0 0 0 0 0 0 0 0 0 0 0 0 0 0 0 0 0 0 0 0 0 0 0 0 0 0 0 0 0 0 0 0 0 0 0 0 0 0 0 0 0 0 0 0 0 0 0 
0 0 0 0 0 0 0 0 0 0 0 0 0 0 0 0 0 0 0 0 0 0 0 0 0 0 0 0 0 0 0 0 0 0 0 0 0 0 0 0 0 0 0 0 1 0 0 1 0 0 0 0 0 0 1 0 0 0 0 0 1 0 1 0 0 0 0 0 0 0 0 0 0 0 0 1 0 0 0 0 0 0 0 0 0 0 1 0 0 1 0 0 0 0 0 1 0 0 0 0 0 1 0 0 0 0 0 0 0 0 0 0 0 0 0 0 0 0 0 0 0 0 0 0 0 0 1 0 0 0 0 0 0 0 0 0 0 0 0 0 1 0 0 0 0 0 0 0 0 0 0 0 0 0 1 0 0 0 0 0 0 0 1 0 0 0 0 0 0 0 0 0 0 0 0 0 1 0 1 0 0 0 0 0 0 0 0 0 0 0 0 1 0 0 0 0 0 0 1 0 0 0 0 0 0 0 0 0 0 0 0 0 0 0 0 0 0 0 0 0 0 0 0 0 0 0 0 0 0 0 0 0 0 0 1 0 0 0 0 0 1 0 0 0 0 0 0 0 0 0 0 0 0 0 0 0 
0 0 0 0 0 1 0 0 0 0 0 0 0 0 0 0 0 0 1 0 0 0 0 0 0 0 0 0 0 1 0 0 0 0 0 1 1 0 0 0 0 0 0 0 0 0 0 1 0 0 0 0 0 0 0 0 0 0 0 0 0 0 0 0 0 0 0 0 0 0 0 0 0 0 0 0 0 0 0 0 0 1 1 1 0 0 0 0 0 0 0 0 0 0 1 0 0 0 0 0 0 0 0 0 0 0 1 0 0 0 0 0 0 0 0 0 0 1 0 0 0 0 0 0 0 0 0 0 0 0 0 0 0 0 0 0 0 0 0 0 0 0 0 0 0 0 1 0 0 1 0 1 1 0 0 1 0 0 0 0 0 0 0 0 0 0 0 0 0 0 0 0 0 0 0 0 0 0 0 0 0 0 0 0 0 1 0 0 0 0 0 0 0 0 0 0 0 0 0 0 0 0 0 0 0 0 0 0 0 0 0 0 0 1 0 0 0 0 0 0 0 0 0 0 0 0 0 0 0 0 0 0 0 0 0 0 0 0 0 0 0 0 0 0 0 0 0 0 0 0 0 0 0 0 0 0 
0 0 0 0 0 0 0 0 0 0 0 1 0 0 0 0 0 0 0 0 0 0 0 0 1 0 0 0 0 0 0 0 0 0 0 0 0 0 0 0 0 0 0 0 0 0 0 0 0 0 0 0 0 0 0 0 0 0 0 0 0 0 0 0 0 0 0 0 0 0 0 0 0 0 1 0 0 0 0 0 0 0 0 0 0 0 0 0 0 0 0 0 0 1 0 0 0 0 0 0 0 0 0 0 0 0 0 0 0 0 0 0 0 0 0 0 0 0 0 0 0 0 0 1 0 0 0 0 0 0 0 1 0 0 0 0 0 0 0 0 0 1 2 0 0 0 0 0 0 0 0 0 0 0 0 0 0 0 0 1 0 0 0 0 0 0 0 0 0 0 1 0 0 0 0 0 0 0 0 0 0 0 0 0 0 0 1 0 0 0 0 0 0 0 0 0 0 1 0 0 0 0 0 0 1 0 1 0 0 0 0 0 0 0 0 0 0 0 0 0 1 0 0 0 0 0 0 0 0 0 0 0 0 0 0 0 0 0 0 0 0 0 0 0 0 0 0 0 0 0 0 0 0 0 1 0 
0 0 0 0 0 0 0 0 0 0 0 0 0 0 0 0 0 0 0 0 0 0 0 0 0 0 0 0 0 0 0 0 0 0 0 0 0 0 0 0 0 0 0 0 0 0 0 0 0 0 0 0 0 0 0 0 1 0 0 0 0 0 0 0 0 0 0 0 0 0 0 0 0 0 0 0 0 0 0 0 0 0 0 0 0 0 0 0 0 0 0 0 0 0 0 0 0 0 0 0 0 0 0 0 0 1 0 0 0 0 0 0 0 0 0 0 0 0 0 0 0 0 0 1 0 0 0 0 0 0 0 0 0 0 0 0 0 0 0 0 0 0 0 0 1 1 0 0 0 0 0 0 0 0 0 0 0 0 0 0 0 0 0 0 0 1 0 0 0 0 0 0 0 0 0 0 0 0 0 0 0 0 0 0 0 0 0 0 0 0 0 0 0 0 0 0 0 0 0 0 0 0 0 0 0 0 0 0 0 0 0 0 0 0 0 0 0 0 0 0 0 0 0 0 0 1 0 0 0 0 0 0 0 0 0 0 0 0 1 0 0 0 0 0 0 0 0 0 0 0 0 0 0 0 1 0 
0 0 0 0 0 0 0 0 0 0 0 0 0 0 0 0 0 0 0 1 1 0 0 0 0 0 1 0 0 0 0 0 0 1 0 0 0 0 1 0 0 0 0 0 0 0 0 0 0 0 0 0 0 0 0 0 0 0 0 0 0 0 0 0 0 0 1 0 0 0 0 0 0 1 1 0 0 0 1 0 0 0 0 0 0 0 0 0 0 0 0 0 0 0 0 0 0 0 0 0 0 0 0 0 0 0 0 0 0 0 0 0 0 0 0 0 0 0 0 0 1 0 0 0 0 0 0 0 0 0 0 0 0 0 0 0 0 1 0 0 1 0 0 0 0 0 0 0 0 0 0 0 0 0 0 0 0 0 0 0 0 0 0 1 0 0 0 0 0 0 0 0 1 0 0 0 0 0 0 1 0 0 1 0 0 0 0 1 0 0 0 0 0 0 0 0 0 0 0 0 0 0 0 0 0 1 0 0 0 0 0 1 0 0 0 2 0 0 1 0 0 0 0 0 0 0 0 0 1 0 0 0 0 0 0 0 0 0 0 0 0 1 0 0 0 0 0 0 0 0 0 0 0 0 0 0 
0 0 0 0 0 0 0 0 0 0 0 0 0 0 0 0 0 0 0 0 0 0 0 0 0 0 1 0 0 0 0 0 0 0 0 0 0 0 0 0 0 0 0 0 0 0 0 0 0 0 0 0 0 0 0 0 0 0 0 0 0 0 0 0 0 0 0 0 0 0 0 0 1 1 0 0 1 0 0 0 0 0 0 0 0 0 0 0 0 0 0 0 0 0 0 0 0 0 0 0 0 0 0 0 1 0 0 0 0 0 0 0 0 0 0 0 0 1 0 0 0 0 0 1 0 0 0 1 0 0 0 0 0 0 0 0 0 0 0 0 0 1 0 0 0 0 0 0 0 0 0 0 0 0 0 0 0 0 0 0 0 0 0 0 0 0 0 0 0 0 0 0 0 0 0 0 0 0 0 0 0 0 0 0 0 0 0 0 0 0 0 0 0 0 0 1 0 0 1 0 1 0 1 0 0 0 0 0 0 0 0 1 1 0 1 0 0 0 0 0 0 0 0 0 0 0 0 1 0 0 0 0 1 0 0 0 0 0 0 0 0 0 0 0 0 0 0 0 0 0 0 0 0 0 0 0 
0 0 0 0 0 0 0 0 0 0 0 0 0 0 0 0 0 0 0 0 0 0 0 0 0 0 0 0 0 1 0 0 0 0 0 0 0 0 0 0 0 0 0 0 0 0 1 0 0 0 0 0 0 0 0 0 0 0 0 0 0 0 0 0 0 0 0 0 0 0 0 2 1 0 0 0 0 0 0 0 0 0 0 0 0 0 0 0 1 0 0 0 0 0 0 0 0 0 0 0 0 0 0 0 0 0 0 0 0 1 0 0 0 1 0 0 0 0 0 0 0 0 0 0 0 0 0 0 0 0 0 0 0 0 0 0 1 1 0 0 0 0 0 0 0 0 0 0 0 0 1 0 0 0 0 0 0 0 0 0 0 0 0 0 0 0 0 0 0 0 1 0 0 0 0 0 0 0 0 0 0 0 0 0 0 0 0 0 0 0 0 0 0 0 0 0 0 0 0 0 0 0 0 0 0 0 0 0 0 0 0 0 0 0 0 0 1 0 0 0 0 0 0 0 0 0 0 0 0 0 0 0 0 0 0 0 0 0 0 0 0 0 0 0 0 0 0 0 0 0 0 0 0 0 0 0 
0 0 0 0 0 0 0 0 0 0 0 0 0 0 0 0 0 0 0 0 1 0 0 0 0 0 0 0 0 0 0 1 1 0 0 0 0 0 0 0 0 0 0 0 0 0 1 0 1 0 0 0 0 0 0 0 0 0 0 1 0 0 0 0 0 0 0 0 0 0 0 0 0 0 0 0 0 0 0 1 0 1 1 0 1 0 0 0 0 0 0 0 0 0 0 0 0 0 0 0 0 0 0 0 0 0 0 0 0 0 0 0 0 0 1 0 1 1 0 1 0 0 0 0 0 0 0 1 0 0 0 0 0 0 0 0 0 0 0 0 0 0 0 0 2 0 0 0 0 0 0 0 0 0 0 0 0 0 0 0 0 0 0 0 0 0 0 0 0 0 0 0 0 0 0 0 0 1 0 0 0 0 0 0 1 0 0 0 0 0 0 0 0 0 0 0 0 0 0 0 0 0 0 0 0 0 0 0 0 0 0 0 1 0 0 1 0 0 0 0 0 0 1 0 0 0 0 0 0 0 0 0 0 0 0 0 0 0 0 0 0 0 0 0 0 0 0 0 0 0 0 0 0 0 0 0 
0 0 0 0 0 0 0 0 0 0 0 0 0 0 0 0 0 0 0 0 0 0 0 0 0 0 0 0 0 0 1 0 0 0 0 0 0 0 0 0 0 0 0 0 0 0 0 0 0 0 0 0 0 0 0 0 0 0 0 0 0 0 0 0 0 0 0 0 0 0 0 0 0 0 0 0 0 0 0 0 0 1 0 0 0 0 0 0 0 0 1 0 0 0 0 0 0 0 0 0 0 0 0 0 0 1 0 0 0 0 0 0 1 0 1 0 0 1 0 0 0 0 0 0 0 0 0 0 0 0 0 0 0 0 0 0 0 0 0 0 0 0 0 0 0 0 0 0 0 0 0 0 0 0 0 0 0 0 1 0 0 0 0 0 0 0 0 0 0 0 0 0 0 0 0 0 0 0 0 0 0 0 1 2 1 0 0 1 0 0 0 0 1 0 0 0 0 0 0 0 0 0 0 0 0 0 0 0 0 0 0 1 0 1 1 0 0 0 0 0 0 0 0 0 0 0 0 0 0 0 0 1 0 0 0 0 0 0 0 1 0 1 0 0 0 0 0 0 0 0 0 0 1 1 0 0 
0 1 0 0 0 0 0 0 0 0 0 0 0 0 0 0 0 0 0 0 0 0 0 0 0 0 0 1 0 0 0 0 0 0 0 0 0 0 0 0 0 0 0 0 0 0 0 0 0 0 0 1 0 0 0 0 0 0 0 0 0 0 0 0 0 0 0 0 0 0 0 0 0 0 0 0 0 0 0 0 0 0 0 0 0 0 0 0 0 0 0 0 1 0 1 0 0 0 0 0 0 0 0 0 0 0 0 0 0 1 0 0 0 0 0 0 0 0 0 1 0 0 0 0 0 0 0 0 0 1 0 0 0 0 0 0 2 0 0 0 0 0 0 0 0 0 0 0 0 0 0 0 0 0 0 0 0 0 0 0 0 1 0 0 0 0 0 0 0 0 0 0 0 0 0 0 0 0 0 0 0 0 0 0 0 0 0 0 0 0 0 0 0 0 0 1 0 0 0 0 0 0 0 0 0 0 0 0 0 0 0 0 0 0 0 0 0 0 1 0 1 0 0 0 0 0 0 0 1 0 0 0 0 0 0 1 0 0 0 0 0 0 2 1 0 0 0 0 0 0 0 1 0 0 0 0 
0 0 0 0 0 0 0 0 0 0 0 0 0 0 0 0 0 0 0 0 0 0 0 0 0 0 0 0 0 0 0 0 0 0 0 0 0 0 0 0 1 0 0 0 0 1 1 0 0 0 0 0 0 0 0 0 0 0 0 0 0 1 0 0 0 0 0 0 0 0 0 0 1 1 0 0 0 0 0 0 0 0 0 0 0 0 0 0 0 0 0 0 0 0 0 0 0 0 0 0 0 0 0 0 0 0 0 0 0 0 0 0 0 0 0 1 0 0 0 0 0 1 0 0 1 0 0 0 0 0 0 0 0 0 0 0 0 0 0 1 1 0 0 0 0 0 0 0 0 0 0 0 0 0 0 0 0 0 0 0 0 0 0 0 0 0 0 0 0 0 0 0 0 0 0 0 0 0 1 0 0 0 0 0 1 0 0 0 0 0 0 0 0 0 0 0 0 0 0 0 0 0 0 0 0 0 0 0 0 0 0 0 0 0 0 0 0 0 0 0 0 0 0 0 0 0 1 0 0 0 0 0 0 0 0 0 0 0 0 1 0 0 0 0 0 0 0 0 0 0 0 0 0 0 0 1 
0 0 0 0 0 0 0 0 0 0 1 0 0 0 1 1 0 0 0 0 0 0 0 0 0 1 1 0 0 0 0 0 0 0 0 0 0 1 0 0 0 0 0 0 0 0 0 0 0 0 0 0 0 0 0 0 1 0 0 0 0 0 2 0 0 0 1 0 1 0 0 0 0 0 0 0 0 0 0 0 1 0 0 0 1 0 0 0 0 0 0 0 0 0 1 0 0 0 0 0 0 0 0 0 0 0 0 0 0 0 0 0 0 0 0 0 0 0 0 0 0 0 0 0 0 1 0 0 0 0 0 0 0 0 0 0 0 0 0 0 0 0 0 0 0 0 0 0 0 0 0 0 0 0 0 0 1 0 0 0 0 0 0 1 0 0 0 0 0 0 1 0 0 0 0 0 0 0 0 0 0 0 0 0 0 0 1 0 0 0 0 0 0 0 0 0 0 0 0 1 0 0 0 0 0 0 0 0 0 1 0 0 0 0 0 0 0 1 0 0 0 0 0 0 0 0 0 0 0 0 0 0 0 0 0 1 0 0 0 0 0 0 0 0 0 0 0 0 0 0 0 0 0 0 0 0 
0 0 0 0 0 0 0 0 0 0 0 0 0 0 0 0 0 0 0 0 0 0 0 0 0 0 0 0 1 0 0 0 0 0 0 0 0 0 0 0 0 1 0 0 0 1 0 0 0 0 1 0 0 0 0 0 0 0 0 1 0 0 0 0 0 0 0 0 0 0 0 0 0 0 0 0 0 0 0 0 0 0 0 0 0 0 0 0 0 0 0 0 0 0 0 0 1 1 0 0 0 0 0 0 0 0 0 0 0 0 0 0 0 0 0 0 0 0 0 0 0 0 0 0 0 1 0 0 0 0 0 0 0 0 0 0 0 0 0 0 0 0 0 0 0 0 0 0 0 0 0 0 0 0 0 0 0 0 0 0 0 0 0 0 0 0 0 0 0 0 0 0 0 0 0 0 0 0 0 0 0 0 0 0 0 0 0 0 0 0 0 0 0 0 0 0 0 0 0 0 0 0 0 0 0 1 0 0 0 0 0 0 0 0 0 0 1 1 0 0 0 0 0 0 0 0 0 0 0 0 0 0 0 0 0 0 0 0 0 0 0 1 0 0 0 0 0 0 0 1 0 0 0 0 1 0 
0 1 0 0 0 0 0 0 0 0 0 0 0 0 0 0 0 0 0 1 0 0 0 0 0 0 0 0 0 0 1 0 0 0 0 0 0 0 0 0 0 0 0 0 0 0 0 0 0 0 0 0 0 0 0 0 0 0 0 0 0 0 0 0 0 0 0 0 0 0 0 0 0 0 0 0 0 0 0 0 0 0 0 0 0 0 0 0 0 0 0 0 0 1 0 0 0 0 0 0 0 0 0 0 0 0 0 0 0 0 0 0 0 0 0 0 0 1 0 0 0 0 0 0 0 0 0 0 0 0 0 0 0 0 0 0 0 0 0 0 0 0 0 0 0 0 0 0 1 0 0 0 0 0 0 0 0 1 0 0 0 0 0 0 0 0 0 0 1 0 0 0 0 0 0 0 0 0 0 0 0 0 0 0 0 0 0 0 0 1 0 0 0 0 0 0 0 0 0 0 1 0 0 0 0 0 0 0 0 0 0 0 0 1 0 0 0 0 1 0 0 0 0 0 0 1 0 0 0 0 0 0 0 0 0 0 0 0 0 0 0 0 0 0 0 0 0 0 0 0 0 1 0 0 0 0 
0 0 0 0 0 0 0 0 0 0 0 0 0 0 0 0 0 0 0 0 0 0 0 0 0 0 0 0 0 0 0 0 0 0 0 0 0 0 0 1 0 0 1 0 1 0 0 0 0 0 0 0 0 0 0 0 0 0 0 0 1 1 0 0 0 0 0 0 0 0 0 0 0 0 0 0 0 0 0 0 1 0 0 0 0 0 0 1 0 0 1 0 0 0 0 0 0 0 0 0 0 0 0 0 0 0 0 0 0 0 0 0 0 0 0 0 0 0 0 1 0 0 0 0 0 0 0 0 0 0 0 0 0 1 0 0 0 0 0 0 0 0 0 0 1 0 0 0 1 0 0 0 0 0 0 0 0 0 0 0 0 0 0 0 0 0 0 0 0 0 0 0 0 0 0 0 0 0 0 0 0 0 0 0 0 0 0 0 0 0 0 0 0 0 0 0 0 0 0 0 0 0 0 0 0 0 0 0 1 0 1 0 0 0 0 0 0 0 0 0 0 0 0 0 0 0 0 0 0 0 0 0 0 0 0 1 0 0 0 0 0 0 0 0 0 0 0 0 0 0 0 0 1 0 0 0 
0 1 1 0 0 1 0 0 0 0 0 0 0 0 0 0 0 0 0 0 0 0 0 0 0 0 0 0 0 0 0 0 0 0 0 0 0 0 0 0 1 0 0 0 0 0 0 0 0 0 0 0 0 0 0 0 0 0 0 0 1 0 0 0 0 1 0 0 0 0 0 0 0 0 0 0 0 0 0 0 0 0 1 0 0 0 1 0 0 0 0 0 0 0 0 0 0 0 0 0 0 0 0 0 0 0 0 0 0 0 0 0 0 0 0 0 0 0 0 0 0 0 0 0 0 0 0 0 0 0 0 0 0 0 0 1 0 0 0 0 0 0 0 0 0 0 0 0 0 0 0 0 1 0 0 0 0 1 0 0 0 0 0 0 0 0 0 0 0 0 0 0 0 0 0 0 0 0 0 0 1 0 0 0 0 0 0 0 0 0 0 0 0 0 0 0 0 0 0 1 0 0 0 0 0 0 0 0 0 0 0 0 0 0 1 1 0 0 0 0 0 0 0 1 0 0 0 1 0 0 0 0 0 0 1 0 0 0 0 0 0 0 0 0 0 1 0 0 0 0 0 0 0 1 0 0 
0 0 0 0 1 0 0 0 0 0 0 0 0 0 0 0 0 0 0 0 0 0 0 0 0 0 0 0 0 1 1 0 0 0 0 0 0 0 0 0 0 0 0 0 0 2 0 0 0 0 0 0 0 0 0 0 0 0 0 0 1 0 0 1 0 0 0 0 0 0 0 0 0 0 0 0 0 0 0 0 0 0 0 0 1 0 0 0 0 0 0 0 0 0 0 0 0 0 0 0 0 0 0 0 0 0 0 0 0 0 0 0 0 0 0 0 0 0 0 0 0 0 0 0 0 0 0 0 0 0 0 0 0 0 0 0 1 0 0 0 0 0 0 0 0 0 0 0 0 0 0 0 0 0 0 0 0 0 0 0 0 0 0 0 0 0 0 1 0 0 0 0 0 0 0 0 0 0 0 0 0 0 0 0 0 0 0 1 0 0 0 0 0 0 0 0 1 0 0 0 0 0 0 0 0 0 0 0 1 0 0 0 0 0 0 0 0 0 0 0 0 0 0 0 0 0 0 1 0 0 0 0 0 0 0 0 1 0 0 0 0 0 1 0 0 0 0 0 0 0 0 0 0 0 0 0 
0 0 0 0 0 0 0 0 0 0 0 0 0 0 0 0 0 1 0 0 0 1 0 0 0 0 0 0 0 0 0 0 0 0 0 0 0 0 1 0 0 0 0 0 0 0 0 0 0 1 0 0 0 0 0 0 0 0 0 0 0 0 0 0 0 0 0 0 0 0 0 0 0 0 0 0 0 0 0 0 0 0 0 0 0 0 0 0 0 1 1 1 0 0 0 0 0 0 0 0 0 0 0 0 0 0 0 0 0 0 0 0 0 0 0 0 0 0 0 0 0 0 0 0 0 0 0 1 0 0 0 0 0 0 0 0 0 1 0 0 0 0 0 0 0 0 0 0 0 0 0 0 0 0 0 1 0 0 0 0 0 0 0 1 0 0 0 0 1 0 0 0 0 0 0 0 0 0 1 0 0 0 0 0 0 0 0 0 0 0 0 0 0 0 0 0 1 0 0 0 0 0 1 0 0 0 0 0 0 0 0 0 0 0 0 0 0 0 0 0 0 0 0 0 0 0 0 0 0 0 0 0 0 0 0 0 0 0 0 0 0 0 0 0 0 0 0 0 0 0 0 1 0 0 0 0 
0 1 0 0 0 0 0 0 0 0 0 0 0 0 0 0 0 0 0 0 0 0 0 0 0 0 0 0 0 0 0 0 0 0 0 0 0 0 0 0 0 0 0 1 0 0 0 1 0 0 0 0 0 0 0 0 0 0 0 0 0 0 0 0 1 0 0 0 0 0 0 0 0 0 0 0 0 0 0 0 0 0 0 0 0 0 0 0 0 0 0 0 0 0 0 0 1 0 1 0 0 0 0 0 0 0 0 0 1 0 0 0 0 0 0 0 0 0 0 0 0 0 0 0 0 1 0 0 0 0 0 0 0 0 0 0 0 1 0 0 0 0 0 0 0 0 0 0 0 0 0 0 0 0 0 0 0 1 1 0 0 0 0 0 0 0 0 0 0 0 0 0 0 0 0 0 0 0 0 0 0 0 0 0 0 1 0 0 0 0 0 0 0 1 0 0 1 0 0 0 0 0 0 0 0 0 0 0 0 0 0 0 0 0 0 0 0 0 0 0 0 0 0 0 1 0 0 0 0 0 0 0 0 0 0 0 0 0 0 0 0 0 1 0 0 0 0 0 0 0 0 1 0 0 0 0 
0 0 0 0 0 0 0 0 0 0 0 0 0 0 0 0 0 0 0 0 0 0 0 0 1 0 0 0 0 0 0 0 0 0 0 0 0 0 0 0 0 0 0 0 0 0 0 0 0 0 0 0 0 0 0 1 0 0 0 0 0 0 0 0 1 0 0 0 0 0 0 0 0 0 0 0 0 1 0 0 0 0 0 0 0 0 0 0 0 0 0 0 0 0 0 0 0 0 0 0 0 0 1 0 0 0 0 0 0 0 0 0 0 0 0 0 0 0 0 0 2 0 0 0 0 0 0 0 0 0 0 0 0 1 0 0 0 0 0 0 0 0 0 0 0 0 0 0 0 0 0 0 0 0 0 0 0 0 0 0 0 0 0 0 0 1 0 0 0 0 0 0 0 0 0 0 0 0 0 0 1 0 0 0 0 0 0 0 0 0 0 0 0 0 0 0 0 0 0 0 0 0 0 0 0 0 0 0 0 0 0 0 0 0 0 1 0 0 0 0 0 0 0 0 1 0 0 0 1 0 0 0 0 1 0 0 0 0 0 0 1 0 0 0 0 0 0 0 0 0 0 0 0 0 0 0 
0 0 0 0 0 1 0 0 0 0 0 0 0 0 0 0 0 0 0 0 1 0 1 0 0 0 0 0 0 0 0 0 0 0 0 0 0 0 0 0 0 0 1 1 0 0 0 0 0 0 1 0 0 0 0 0 0 0 0 0 0 0 0 0 0 0 0 0 0 0 0 0 1 0 0 0 0 0 0 0 0 0 0 0 0 0 0 0 0 0 1 0 0 0 0 1 0 0 0 0 0 0 0 0 0 0 0 0 0 0 0 0 1 0 1 0 0 0 0 0 0 1 0 0 0 0 0 0 0 0 0 0 0 0 0 0 0 0 0 0 0 0 0 0 0 0 0 0 0 0 0 1 0 0 0 0 0 0 0 0 0 0 0 0 0 0 0 0 0 0 0 0 0 0 0 0 0 0 0 0 0 0 0 0 0 0 0 0 0 0 0 0 0 0 0 0 0 0 0 0 0 0 0 0 0 0 0 0 0 0 1 2 0 0 0 0 0 1 0 0 0 0 0 0 0 0 0 0 0 0 0 0 1 0 0 0 1 0 0 0 0 0 1 1 0 0 0 0 0 0 1 0 0 0 0 1 
0 0 0 0 0 0 0 0 0 0 0 0 0 0 0 0 0 0 1 0 0 1 0 0 0 0 0 0 0 0 0 0 0 0 0 0 0 0 0 0 0 0 0 0 0 0 0 0 0 0 0 0 1 0 0 0 0 0 0 0 0 0 0 0 0 0 0 0 0 0 0 0 0 0 0 0 0 0 0 0 0 0 0 0 0 0 0 1 0 0 0 0 0 0 0 0 0 0 0 0 0 0 0 0 0 0 0 1 0 0 0 0 0 0 0 0 0 0 0 0 0 0 0 0 0 1 0 0 0 0 0 0 0 0 0 0 0 0 0 0 0 0 0 0 0 0 1 0 0 0 0 0 0 0 0 0 0 0 0 0 0 0 0 0 0 0 0 0 0 0 0 0 0 0 0 0 0 0 0 0 1 0 0 1 0 0 0 0 0 0 0 0 0 0 0 0 0 0 0 0 0 0 0 0 0 0 0 0 0 0 0 0 0 0 0 0 0 0 0 0 0 0 0 0 0 0 0 0 0 0 0 0 0 0 0 0 0 0 0 1 0 0 0 0 0 0 0 0 0 0 0 0 0 0 0 0 
0 0 0 0 0 0 0 0 0 0 0 0 0 0 0 1 0 0 0 0 0 0 0 0 0 0 0 0 0 0 0 0 0 0 0 0 0 0 0 1 0 0 0 0 0 0 0 0 0 1 0 0 0 1 0 0 0 1 0 0 0 0 0 1 1 0 0 0 0 0 0 1 0 1 0 0 0 2 0 0 0 0 0 0 0 0 0 0 0 1 0 0 0 0 0 0 0 0 0 0 0 0 0 0 0 0 0 0 0 0 0 0 1 0 0 0 0 0 0 0 0 2 0 0 0 0 0 0 0 0 0 0 0 0 0 0 1 0 0 0 0 0 0 0 0 0 0 0 0 0 0 0 0 0 0 0 0 0 0 0 0 0 0 0 0 0 0 0 0 0 0 0 0 0 1 0 0 0 0 0 0 0 0 0 0 0 0 0 0 0 0 0 0 0 0 0 0 0 0 0 0 0 0 0 0 0 0 0 0 0 0 0 0 0 0 0 0 0 0 0 0 0 0 0 1 0 0 1 0 0 0 0 0 0 0 1 0 0 0 0 0 0 0 1 0 0 0 0 0 0 2 0 0 0 1 0 
0 0 0 0 0 0 0 0 0 0 0 0 0 1 0 0 1 0 1 0 0 0 0 0 0 1 0 0 0 0 1 0 0 0 0 0 0 1 0 0 0 0 0 0 0 0 0 0 0 0 0 0 0 0 0 0 0 0 0 0 0 0 0 0 0 0 0 0 0 0 0 1 0 0 0 0 0 0 1 0 0 0 0 0 0 1 0 0 0 0 0 0 0 0 0 0 0 0 0 0 0 1 0 0 0 0 0 0 0 0 0 0 0 0 1 0 0 0 0 0 0 0 0 0 0 0 0 0 0 0 0 0 0 0 0 0 0 0 0 0 0 0 0 0 0 0 0 0 0 0 0 0 0 0 0 0 0 0 0 0 0 0 0 0 0 0 0 0 0 0 0 0 0 0 0 0 0 0 0 0 0 0 0 0 0 0 0 0 0 0 0 0 0 0 0 0 0 0 0 0 0 0 1 0 1 0 0 0 0 0 1 0 0 0 0 0 0 0 0 0 0 0 0 0 0 0 0 0 0 0 0 0 0 0 0 0 0 0 1 0 0 0 0 0 0 1 0 0 0 0 0 0 0 0 0 0 
0 0 0 0 0 0 0 0 0 0 0 0 0 0 0 0 0 0 0 0 0 0 0 0 0 0 0 0 0 0 0 0 0 0 0 0 0 0 0 0 0 0 0 0 0 0 0 0 0 0 1 0 0 0 0 0 0 0 0 0 0 0 0 0 1 0 0 0 0 0 0 1 0 0 0 0 0 0 0 0 0 0 0 0 0 0 0 0 0 0 1 1 0 0 0 0 0 0 0 0 0 0 0 0 0 0 0 0 0 0 0 0 0 1 0 0 0 0 0 0 0 1 0 0 1 0 0 0 0 0 0 0 0 0 0 0 2 0 0 0 0 0 0 0 0 0 1 0 0 1 0 0 0 0 0 0 0 0 0 0 0 0 0 0 0 0 0 0 0 0 0 1 0 0 0 0 0 0 0 0 0 0 0 0 0 0 0 0 0 0 0 0 0 0 0 0 0 0 0 1 0 0 0 0 0 0 0 0 0 0 0 0 0 0 0 0 0 0 0 0 1 1 0 0 0 0 0 0 0 0 0 0 0 0 0 0 0 0 0 0 1 0 0 0 0 0 0 0 0 0 0 0 0 0 0 0 
0 0 0 0 0 0 0 1 0 0 0 1 0 0 0 0 0 1 0 0 0 1 0 0 0 1 0 0 0 0 0 0 0 0 0 0 0 0 0 0 0 1 0 0 0 0 0 0 0 0 0 0 0 0 1 0 0 0 0 0 0 0 0 0 0 0 0 0 0 0 0 0 0 0 1 0 0 0 0 0 0 0 0 0 0 0 0 0 0 0 0 0 0 0 0 0 0 0 0 0 0 0 0 0 0 0 0 0 0 0 0 0 0 0 0 0 0 0 0 0 0 0 0 0 1 0 0 0 0 0 0 0 0 0 0 0 0 0 0 0 0 0 1 0 0 0 0 0 0 0 0 0 0 0 1 0 0 0 0 0 0 0 0 0 0 0 0 0 0 0 0 0 0 0 0 0 0 1 0 0 0 0 0 1 0 0 0 0 0 0 0 0 0 0 0 0 0 0 0 0 0 0 0 0 0 0 0 0 0 0 0 0 0 0 0 0 0 0 0 0 1 0 0 0 0 0 0 0 0 0 0 0 0 0 0 0 0 1 0 1 0 0 0 0 0 0 0 0 0 0 0 0 1 0 0 0 
0 0 0 2 0 0 0 0 0 0 0 0 0 0 0 0 1 0 0 0 0 0 0 0 0 0 0 0 0 0 0 0 0 0 0 0 0 0 0 0 0 0 0 0 0 1 0 1 0 0 0 0 0 0 0 0 0 0 0 0 0 0 0 0 0 0 0 0 0 0 0 0 0 0 0 0 0 0 0 0 0 0 0 0 0 1 0 0 0 0 0 0 0 0 0 0 1 0 0 0 0 0 1 0 0 1 0 0 0 0 0 0 0 0 0 0 0 1 0 0 0 0 0 0 0 0 0 0 0 0 0 0 0 0 0 0 0 0 0 0 0 0 0 0 0 0 0 0 0 0 0 1 1 0 0 0 0 0 0 0 0 0 0 0 0 0 0 0 0 0 0 0 0 0 0 0 0 0 0 0 0 0 0 0 0 0 0 0 0 0 0 0 0 0 0 0 0 0 0 0 0 0 0 0 0 0 1 0 0 0 0 0 0 0 0 0 0 0 0 0 0 0 0 0 0 0 0 0 0 0 0 0 0 0 0 0 0 0 0 0 0 0 0 0 0 0 0 0 0 1 0 0 0 0 0 1 
0 0 0 0 0 0 1 0 0 0 0 0 0 0 0 0 1 1 0 1 0 1 0 0 0 0 1 0 0 0 0 0 0 0 1 0 0 1 0 1 1 0 0 0 0 0 0 0 0 0 0 0 1 0 0 0 0 0 1 0 0 0 0 0 1 0 0 0 0 0 0 0 0 0 0 0 0 0 0 0 0 0 0 0 0 0 0 0 0 0 0 0 0 0 0 0 0 0 0 0 0 1 0 0 0 0 0 0 0 0 0 0 0 0 0 0 0 1 0 0 0 1 0 0 0 0 0 0 0 0 0 0 0 0 0 0 0 0 1 0 0 1 0 1 1 0 0 0 0 0 0 0 0 0 0 0 0 0 0 0 0 0 0 0 0 0 0 0 0 0 0 0 0 0 0 0 0 0 0 0 0 0 0 0 0 1 0 0 1 0 0 0 0 1 0 1 0 0 0 0 0 0 0 0 0 0 0 0 0 0 0 0 1 0 0 0 0 0 0 1 0 0 0 0 0 0 0 0 0 0 0 0 0 0 0 0 0 0 0 0 0 0 0 0 0 1 0 0 0 0 1 0 0 0 0 0 
0 1 0 0 0 1 0 0 0 1 0 0 0 0 1 0 0 0 0 0 0 1 0 0 0 0 1 0 0 0 0 0 0 0 0 0 0 0 0 0 0 0 0 0 0 0 0 0 0 0 0 0 0 0 0 0 0 0 0 0 0 0 0 0 0 0 0 0 1 0 0 0 0 0 0 0 0 0 0 0 0 0 0 1 0 0 0 0 0 0 0 0 0 0 0 0 0 0 0 0 0 0 0 0 0 0 0 0 0 0 0 0 0 0 0 0 0 0 0 1 0 0 0 0 0 0 0 0 0 0 0 0 0 0 0 0 0 1 0 0 0 0 0 0 0 0 0 0 0 0 0 0 0 0 0 1 0 0 0 0 0 0 0 0 0 0 0 0 0 0 0 0 0 0 0 0 0 0 0 0 0 0 0 0 0 1 0 0 0 0 0 0 1 0 1 0 0 0 0 0 0 0 0 0 0 0 0 0 0 0 0 0 0 0 0 0 0 0 0 0 0 0 0 1 0 0 0 0 0 0 0 0 1 0 0 0 0 0 0 0 0 0 0 0 0 0 0 0 0 0 0 0 0 0 0 0 
0 0 0 1 0 0 1 0 0 0 1 0 0 0 0 0 0 0 0 1 1 0 0 1 0 0 0 1 0 1 0 0 0 0 0 0 0 0 0 1 0 0 0 0 0 0 0 0 0 0 0 0 0 0 0 0 0 0 0 0 0 0 0 0 0 0 0 0 0 0 0 0 0 0 0 0 0 0 0 0 0 0 0 0 0 0 0 0 0 0 0 0 0 0 0 0 0 0 0 1 0 0 0 0 0 1 0 0 0 0 0 0 0 0 0 0 0 0 0 0 0 0 0 1 0 0 0 0 0 0 0 0 0 0 0 0 0 0 0 0 0 0 0 0 0 0 0 0 0 0 0 0 0 0 0 1 0 0 0 0 0 0 0 0 0 0 0 0 0 0 0 0 1 0 0 0 0 1 0 0 0 0 0 0 0 0 0 0 0 0 0 0 0 0 0 0 1 0 1 0 0 0 0 1 0 0 0 0 0 0 0 1 1 0 0 0 0 0 0 0 0 0 0 0 0 0 0 0 0 0 0 0 0 0 0 0 0 0 0 0 0 0 0 0 0 0 0 0 0 0 0 0 0 1 1 0 
0 0 0 0 0 1 0 0 0 0 0 0 1 0 0 0 0 1 0 0 0 0 0 0 0 0 1 0 0 0 0 0 0 0 0 0 0 0 1 0 0 0 0 0 0 0 0 0 0 0 1 0 0 0 0 0 0 0 1 0 0 0 0 0 0 0 0 0 0 0 0 0 0 1 0 0 0 0 0 0 0 0 0 0 0 0 0 0 0 1 0 0 0 0 1 0 0 0 0 0 0 0 0 0 0 0 0 0 0 0 0 0 0 0 0 0 1 0 0 0 0 0 0 0 0 0 0 0 0 0 0 0 0 0 0 0 0 2 0 0 1 0 0 0 0 0 0 1 0 0 0 0 0 1 0 2 0 0 1 0 0 0 0 0 0 0 0 0 1 0 0 0 0 0 0 0 0 0 0 0 0 0 0 0 0 0 0 0 0 0 0 0 0 0 1 0 0 0 0 0 1 0 0 0 0 0 1 0 0 0 0 0 0 0 0 0 0 0 0 0 0 0 0 0 0 0 0 0 0 0 0 0 0 0 0 0 0 0 0 0 0 0 0 0 1 1 0 0 0 0 0 0 0 0 0 0 
0 0 0 0 1 0 0 0 0 1 0 0 0 0 0 0 1 0 0 0 0 0 0 0 0 0 0 0 0 0 0 0 0 0 0 0 1 0 0 0 0 0 0 0 0 0 0 0 0 0 0 0 0 1 0 0 0 0 0 0 0 0 0 0 0 1 0 0 0 0 0 0 0 0 1 0 0 0 0 0 0 0 0 1 0 0 0 0 0 1 0 0 0 0 0 0 0 0 0 0 0 0 0 0 0 0 0 0 0 0 0 0 0 0 0 0 0 0 0 0 0 0 0 0 0 0 0 0 0 0 0 1 0 0 0 0 0 0 1 0 0 0 0 0 0 1 0 0 0 0 0 0 0 1 1 0 0 0 0 0 0 0 0 0 0 0 0 0 0 0 0 0 1 1 0 1 0 0 0 1 0 0 0 0 0 0 0 0 0 0 0 1 0 0 0 0 0 0 0 0 0 0 0 0 0 0 0 1 0 0 0 0 0 0 0 0 0 0 0 0 0 0 0 0 0 0 0 1 0 0 0 0 0 0 0 0 0 0 0 0 0 0 0 0 0 0 0 0 0 0 0 0 1 1 0 0 
0 0 0 0 1 0 0 0 0 0 0 0 0 0 0 0 0 0 0 0 0 0 0 0 0 0 0 0 1 0 0 0 0 0 0 0 0 0 0 0 0 0 0 0 0 0 0 0 0 0 0 0 0 0 0 0 0 0 0 0 0 0 0 0 0 0 0 0 0 1 1 0 0 0 0 1 0 0 0 0 0 1 0 0 0 0 0 0 0 0 0 0 0 0 0 0 0 0 0 0 1 0 0 0 0 0 0 0 0 0 0 0 0 0 0 0 0 0 0 0 0 0 0 0 0 0 0 0 0 0 0 1 0 0 0 0 0 0 0 0 0 0 0 0 0 0 0 0 0 0 0 0 0 0 0 0 0 0 0 0 0 2 0 0 0 0 0 0 0 0 0 0 0 0 0 0 0 0 0 0 0 0 0 0 0 0 0 0 0 0 0 0 0 0 0 0 1 0 0 0 0 0 0 0 0 0 0 0 0 0 0 0 1 0 0 0 0 0 1 0 0 0 0 0 0 0 0 0 0 0 0 0 0 0 0 0 0 0 0 0 0 0 0 0 0 0 0 0 0 0 0 0 0 0 0 0 
1 0 0 0 0 0 0 0 0 0 0 0 0 0 0 0 0 0 0 0 0 0 0 0 0 0 0 0 0 0 0 0 0 0 0 0 0 0 1 0 0 1 0 0 0 0 0 0 0 0 0 0 0 0 1 0 0 0 0 1 1 0 0 0 0 0 0 0 0 0 0 0 0 0 1 0 0 1 1 0 0 0 0 0 0 0 0 0 0 0 0 0 0 0 0 0 0 1 0 0 0 0 0 0 0 0 0 1 0 0 0 1 0 0 0 0 0 0 0 0 0 0 0 0 0 0 0 1 1 0 1 0 0 0 0 0 0 0 0 0 0 0 0 0 0 1 0 1 0 0 0 0 0 0 0 0 1 0 0 0 0 0 0 0 0 0 0 0 0 0 0 1 0 0 0 0 0 0 0 0 0 0 0 0 0 0 0 0 0 0 0 0 1 0 0 0 0 0 0 0 0 0 1 0 0 0 0 0 0 0 0 0 0 1 0 0 0 0 0 0 0 0 0 0 0 0 0 0 0 0 0 0 0 0 0 0 1 0 0 0 0 0 0 0 0 0 0 0 0 0 0 0 0 0 0 0 
0 0 0 1 0 0 0 0 1 0 0 0 0 0 0 0 0 2 0 0 0 0 0 0 0 0 0 0 0 0 1 0 0 0 0 0 0 1 0 0 0 0 0 0 0 0 0 0 0 0 0 0 0 0 0 0 0 0 0 0 0 0 0 0 0 0 0 0 0 0 1 0 0 0 0 0 0 0 0 0 0 0 0 0 0 0 0 0 0 0 0 2 0 0 0 0 0 1 0 0 0 0 0 0 0 0 0 0 0 0 0 0 0 0 0 0 0 0 0 1 0 0 0 0 0 0 0 0 0 0 0 0 0 0 0 0 0 0 0 0 0 0 0 0 1 0 0 0 0 0 0 0 0 0 0 0 0 0 0 0 1 0 0 0 0 0 0 0 0 0 0 0 0 0 0 0 0 0 0 0 0 0 0 0 0 1 0 0 0 0 0 0 0 1 0 0 0 0 0 0 0 0 0 0 0 0 0 0 0 0 0 0 1 0 0 0 0 0 0 0 0 0 0 2 0 0 0 0 0 0 0 0 0 0 0 0 1 0 0 0 0 0 0 0 0 0 1 0 0 0 0 0 0 0 0 0 
0 0 0 0 0 0 0 0 0 1 0 0 0 0 0 0 0 0 0 0 0 0 0 1 0 0 0 0 0 0 0 0 0 0 0 0 0 0 0 0 0 0 0 0 0 0 0 0 0 0 0 0 1 0 0 1 0 0 0 0 0 0 0 0 0 0 0 0 0 0 1 0 0 1 0 0 0 0 0 0 0 0 0 0 0 0 0 0 0 0 0 0 0 0 0 0 0 1 0 0 0 0 0 0 0 1 0 1 0 0 0 0 0 0 0 0 0 0 0 0 0 0 0 0 0 0 0 0 0 0 0 0 0 0 0 0 0 0 0 0 0 0 0 0 0 0 1 0 0 0 0 0 0 1 0 0 0 1 0 0 0 0 0 0 0 0 0 0 1 1 0 0 0 0 0 0 0 0 0 0 0 0 0 0 0 0 1 0 0 0 0 0 0 0 0 0 0 0 0 0 0 1 0 0 0 0 0 0 0 0 0 0 0 0 0 0 0 0 0 0 0 0 0 0 0 0 0 0 0 0 0 0 0 0 0 0 0 0 0 0 0 0 0 0 0 0 0 0 0 0 0 0 0 0 0 0 
0 0 0 0 0 0 0 0 0 0 0 0 0 1 0 0 0 1 0 0 1 0 0 0 0 0 0 0 1 0 0 0 1 0 0 0 0 0 0 0 0 0 0 0 0 0 0 0 0 0 0 0 0 0 0 0 0 0 0 0 0 0 0 0 0 0 0 0 0 0 0 0 0 0 0 0 0 0 0 0 0 0 0 0 0 0 1 0 0 0 0 0 0 0 0 0 0 0 0 0 0 0 1 0 0 0 0 0 0 0 0 0 0 0 0 0 0 0 0 0 0 0 0 0 0 0 0 0 0 0 0 0 0 1 0 0 0 0 0 0 0 0 0 0 0 0 0 0 0 0 0 0 1 0 0 1 0 0 1 0 0 0 0 0 0 0 0 0 0 0 0 0 0 0 0 0 1 0 0 0 0 0 0 0 0 0 0 0 0 1 0 0 0 0 0 0 0 0 0 0 0 1 0 0 0 0 1 0 1 0 0 0 0 0 0 0 0 1 0 1 0 1 0 0 0 0 0 0 0 0 0 0 0 0 0 0 0 0 0 0 0 0 0 0 0 0 0 0 1 0 0 0 0 0 0 0 
0 0 0 0 0 0 1 0 0 0 0 0 1 1 0 1 0 0 0 0 0 0 0 0 0 0 0 0 0 0 0 0 0 0 0 0 0 0 0 0 0 0 0 0 0 0 0 0 0 0 0 0 0 0 0 0 0 0 1 0 0 0 0 0 0 0 0 1 0 0 0 0 0 0 1 0 0 0 0 0 0 0 0 0 0 0 0 0 0 0 0 0 0 0 0 0 1 0 0 0 1 0 0 0 1 0 0 0 0 0 0 0 0 0 0 0 0 0 0 0 0 0 0 0 0 0 0 0 0 0 0 0 0 0 0 0 0 0 0 0 0 0 0 0 0 0 0 0 0 0 0 0 0 0 0 0 0 0 0 0 0 0 0 0 0 0 1 0 0 0 1 0 0 0 0 0 0 0 0 0 0 0 0 0 0 0 0 0 0 0 0 0 1 0 0 0 0 0 0 0 0 1 1 0 0 0 0 0 0 0 0 0 0 0 0 0 0 0 0 0 0 0 0 0 0 0 1 0 0 0 0 0 0 0 0 0 0 0 0 0 0 0 0 0 0 0 0 0 0 0 0 0 1 0 0 0 
0 0 0 0 1 0 0 0 0 0 1 1 0 1 0 0 0 2 2 0 0 0 0 0 0 0 0 0 0 0 0 0 0 0 0 0 0 0 1 0 0 0 0 0 0 0 0 0 0 0 0 0 0 0 0 0 0 0 0 0 0 0 1 0 0 0 0 0 0 0 0 0 0 0 0 0 0 0 0 0 0 0 0 0 0 0 0 0 0 2 0 0 0 0 0 0 1 0 0 0 0 0 0 0 0 0 0 0 0 0 0 0 0 0 0 1 0 0 1 0 0 0 0 0 0 0 0 0 0 0 0 0 0 0 0 0 0 0 0 0 0 0 0 0 0 0 0 0 0 0 0 0 0 0 0 0 0 0 0 0 1 0 0 0 0 0 0 0 0 0 0 0 0 0 0 0 0 0 0 0 0 0 0 0 0 0 0 0 0 0 0 0 0 1 1 1 0 0 0 1 0 0 0 0 0 0 0 0 0 0 0 0 0 1 0 0 0 0 0 0 0 0 1 0 0 0 0 0 0 0 0 0 0 0 1 0 0 0 0 0 0 1 0 0 0 0 0 0 0 0 0 1 0 0 0 0 
0 0 0 0 0 0 0 0 0 0 0 0 0 0 0 0 0 0 0 0 0 0 0 0 0 0 0 0 0 0 0 0 0 0 0 0 0 0 0 0 0 0 0 1 0 0 0 0 0 1 0 0 0 1 0 0 0 0 0 0 0 0 0 0 0 0 0 0 0 0 0 0 0 0 0 0 0 0 0 0 0 0 0 0 0 0 0 0 0 0 0 0 1 0 0 0 0 0 0 0 0 0 0 0 0 0 0 0 0 0 1 0 0 0 0 0 0 0 0 0 0 0 0 0 0 0 0 0 0 0 0 1 0 0 0 0 0 0 0 0 0 0 0 0 0 0 0 0 0 0 1 0 0 1 0 0 0 0 0 0 0 0 0 0 0 0 0 0 1 0 0 0 0 0 0 0 0 0 0 0 0 0 0 0 0 0 0 0 0 0 0 0 0 0 0 0 0 0 0 0 0 0 0 0 2 1 0 0 0 0 0 0 0 0 0 0 0 0 0 0 0 0 0 0 0 0 0 0 0 0 0 0 0 0 0 0 0 0 0 0 0 0 0 0 0 0 0 0 0 0 0 0 0 0 0 0 
0 0 0 0 0 0 0 0 0 0 0 0 0 1 0 0 0 0 0 0 0 0 0 0 0 1 0 0 0 0 0 0 0 0 0 0 1 0 0 0 0 0 0 0 0 0 0 0 0 0 0 0 1 0 0 0 0 0 0 0 0 0 0 0 0 0 0 0 0 0 0 0 0 0 0 0 0 0 0 0 0 0 0 0 0 0 0 0 0 0 0 0 0 0 0 0 0 0 0 0 0 0 0 0 0 0 0 0 0 0 0 0 0 0 1 0 0 0 0 0 0 0 0 0 0 0 1 0 0 0 0 0 0 0 0 0 0 0 0 0 0 0 0 0 0 0 0 0 0 0 0 0 1 0 0 1 0 0 0 1 1 0 1 0 0 0 0 0 0 0 1 0 0 0 0 0 0 0 0 0 0 0 0 0 0 0 0 1 0 0 0 0 0 0 0 0 0 0 0 1 0 0 0 0 0 0 0 0 0 0 0 0 0 0 0 0 0 0 0 0 0 0 0 0 0 0 0 0 0 0 0 0 0 0 1 0 0 0 0 1 0 0 1 0 0 0 0 0 0 1 0 0 0 0 0 0 
0 0 0 0 0 0 0 0 0 0 0 1 0 0 0 0 0 0 0 0 1 0 0 0 0 0 0 1 0 0 0 0 0 0 0 0 0 0 0 0 0 0 0 0 0 0 1 0 0 0 0 0 0 0 0 0 0 0 0 0 0 0 0 0 0 0 0 0 0 0 0 0 0 0 0 0 0 0 0 0 0 0 0 0 0 0 0 0 0 1 0 0 0 0 1 0 0 0 0 1 1 0 0 1 0 0 0 0 0 0 1 0 0 0 0 0 0 0 0 0 0 0 1 0 0 0 0 0 0 0 0 0 0 0 0 0 0 0 1 0 0 0 0 1 0 0 1 1 0 0 0 0 0 0 0 0 0 0 0 0 0 0 0 0 1 0 0 0 0 0 0 0 0 0 0 0 0 0 0 1 0 0 0 0 0 0 0 0 0 0 0 0 0 0 0 0 0 0 0 0 0 0 0 0 0 0 1 1 0 0 0 0 0 0 0 0 0 0 0 0 0 0 0 0 0 0 0 0 0 0 0 0 0 0 0 0 0 0 1 0 0 1 0 0 0 0 0 0 0 0 0 0 0 0 0 0 
0 0 0 0 0 0 1 0 0 0 0 0 0 0 0 0 0 0 0 0 0 0 1 0 0 0 0 0 0 0 0 0 0 0 0 2 0 0 0 0 0 0 0 0 0 0 0 0 0 0 0 0 1 0 0 0 0 0 0 0 0 0 0 0 0 0 0 0 0 0 0 0 0 1 0 0 0 0 0 0 0 0 0 0 0 0 1 0 0 0 0 1 0 0 0 0 0 0 1 0 0 1 0 0 0 0 0 1 0 0 0 0 1 0 0 0 0 1 0 0 0 0 0 0 0 0 1 0 0 0 0 1 0 0 0 0 0 0 0 0 0 0 0 0 0 0 0 0 0 0 0 0 0 0 1 0 0 0 0 0 0 0 0 0 0 0 0 0 0 0 0 0 0 0 0 0 0 1 0 0 0 0 0 0 0 0 0 0 0 0 0 0 0 0 0 0 0 0 0 1 0 0 0 0 1 0 0 0 0 0 0 0 0 0 0 0 0 0 0 0 1 1 0 0 0 0 0 0 0 0 0 0 0 0 1 0 0 0 0 0 0 0 0 0 0 0 0 0 0 0 0 0 0 0 0 0 
1 0 0 0 0 0 0 0 0 0 0 1 0 0 0 0 0 0 0 0 0 0 0 0 0 0 0 0 0 0 0 1 0 0 0 0 0 0 0 0 0 0 0 0 0 0 0 0 0 0 0 0 0 0 0 0 0 1 0 0 0 0 0 0 0 0 0 0 1 1 0 0 0 0 1 0 0 1 0 0 0 1 0 0 0 0 0 0 0 0 0 0 0 0 0 0 0 0 0 0 1 0 0 0 0 0 0 0 0 0 0 0 0 0 0 0 0 0 0 0 0 0 0 0 0 0 0 0 0 0 0 0 0 0 0 0 0 0 0 0 1 0 0 0 0 0 0 0 0 0 0 0 0 0 0 0 0 0 0 0 0 0 0 0 0 0 0 0 0 0 0 1 0 0 0 0 0 0 0 0 1 0 0 0 0 0 0 0 0 0 1 0 0 0 0 0 0 0 0 0 0 0 0 0 0 0 1 0 0 0 0 0 1 0 0 1 1 0 0 0 0 0 0 0 1 0 0 0 0 0 0 0 0 0 0 0 0 0 0 0 0 0 0 0 0 0 0 0 0 0 1 0 0 0 0 0 
0 0 0 0 0 1 0 0 0 0 0 0 0 0 0 0 0 0 1 0 0 0 0 0 0 0 0 0 0 0 0 0 0 0 0 0 0 0 0 0 0 0 0 0 0 0 0 0 0 0 0 0 0 0 0 0 0 0 0 0 0 0 0 0 0 0 0 0 1 0 0 0 0 0 0 0 0 0 0 0 1 0 0 0 0 0 0 0 0 0 0 1 0 0 0 1 0 0 0 0 0 0 0 0 0 0 0 1 0 0 0 0 0 0 0 0 1 0 0 0 1 0 0 0 0 1 0 0 0 0 0 0 1 1 0 0 0 0 1 0 0 0 0 0 0 0 0 0 0 0 0 0 0 0 0 0 0 0 0 0 0 1 0 0 0 0 0 0 0 0 0 0 0 0 1 0 0 0 0 0 0 0 0 1 0 0 0 0 0 0 0 0 1 0 0 0 0 0 0 0 0 0 0 0 0 0 0 0 0 0 0 0 0 0 0 0 0 0 0 0 0 1 0 0 0 0 0 0 0 0 0 0 1 0 0 0 0 0 0 0 0 0 0 0 0 0 0 0 0 0 0 0 0 0 0 0 
0 0 0 1 0 0 0 0 0 0 0 0 0 1 0 1 0 0 0 1 0 0 0 0 0 0 0 1 0 0 1 0 0 0 0 0 0 0 0 0 0 0 0 0 0 0 0 0 0 0 0 0 0 0 0 0 0 0 0 0 0 0 0 0 0 0 0 0 0 0 0 0 0 0 0 0 0 0 0 0 1 0 0 0 0 0 0 0 0 0 0 0 0 1 0 0 0 0 1 0 0 0 0 0 0 0 1 0 1 0 0 0 0 0 0 0 0 0 0 0 0 0 0 0 0 0 0 0 0 0 0 0 0 0 0 0 0 0 0 0 0 0 0 1 0 0 0 1 0 0 0 0 0 0 0 0 0 0 0 0 0 1 0 0 0 0 0 0 0 0 0 0 0 0 0 0 0 0 0 0 0 0 0 0 0 0 1 0 0 0 0 0 0 0 0 0 0 0 0 0 0 0 0 0 0 0 0 0 0 0 0 0 0 0 0 0 0 0 0 0 0 0 0 0 0 0 0 0 0 0 0 0 0 0 0 0 0 0 0 0 0 0 0 0 0 0 0 0 0 0 0 1 0 0 1 0 
1 0 0 0 0 0 0 0 0 0 0 0 0 0 0 0 0 0 0 0 0 0 0 1 0 0 0 0 0 1 0 0 0 0 1 0 0 0 0 0 1 0 0 0 0 0 0 0 0 0 0 0 0 0 0 0 0 0 0 0 0 0 0 0 0 0 0 0 0 0 0 3 0 0 0 0 0 0 0 0 0 0 0 0 0 0 0 0 0 0 0 0 0 0 0 0 0 1 0 0 0 0 0 0 0 0 0 0 0 0 1 0 0 0 0 0 0 0 0 0 0 0 0 0 0 0 0 1 1 0 0 0 0 0 0 0 0 0 0 0 1 0 0 0 0 0 0 0 0 0 0 0 0 0 0 1 0 0 0 0 0 0 0 0 1 1 0 0 0 0 0 0 0 0 0 0 0 0 0 0 0 0 0 0 0 0 1 0 0 0 0 0 0 0 0 0 0 1 0 0 0 0 0 1 0 1 0 0 0 0 0 0 0 0 0 0 0 0 0 1 0 0 0 0 0 0 0 0 0 0 1 0 0 0 1 0 0 0 0 0 0 0 0 0 0 0 0 0 0 0 0 0 0 0 0 0 
0 0 0 0 0 0 0 0 0 0 0 0 0 0 0 0 0 0 1 0 0 0 0 1 0 0 1 0 0 0 0 0 1 0 0 0 0 0 0 0 0 0 0 0 0 0 0 0 0 0 1 0 1 0 0 0 0 0 0 0 0 0 0 1 0 0 0 0 0 0 0 0 0 0 0 0 0 0 0 0 0 0 1 0 0 0 0 0 0 0 0 0 0 0 0 0 0 0 0 0 0 0 0 0 0 0 0 0 0 0 0 0 0 0 0 1 0 0 0 0 0 1 0 0 0 0 0 1 0 0 0 0 0 0 0 1 0 0 0 0 0 0 0 0 0 0 0 0 0 0 0 0 0 0 0 0 0 1 0 0 0 0 0 0 1 0 0 0 0 0 0 0 0 0 0 0 0 0 0 0 0 0 0 0 0 0 0 0 0 0 0 0 0 2 0 0 1 0 0 0 0 0 0 0 0 0 0 0 0 0 0 0 0 0 0 0 0 0 0 0 0 0 0 0 0 0 0 0 1 0 0 0 0 0 0 0 0 0 0 0 0 0 0 0 0 0 0 0 0 0 0 0 0 0 1 0 
0 0 0 0 0 0 0 0 0 0 0 0 0 0 1 0 0 0 0 0 0 0 0 0 0 0 0 0 0 0 0 0 0 1 0 0 0 0 0 0 0 0 0 0 0 0 0 1 0 0 0 0 0 0 0 0 0 0 1 0 0 0 0 0 0 0 0 1 0 0 0 0 0 0 0 1 0 0 0 0 0 0 0 0 0 0 0 0 1 0 0 0 0 0 0 1 0 0 0 0 0 0 0 2 0 0 0 1 0 0 1 0 0 0 0 0 0 0 0 0 0 0 0 0 0 0 0 0 0 1 0 0 0 0 0 0 0 0 0 1 0 1 0 0 0 0 0 0 0 0 0 0 0 0 0 0 0 0 0 1 0 0 0 0 0 0 0 0 0 0 0 1 0 0 0 0 0 0 1 0 0 0 1 0 0 0 0 1 0 0 0 0 0 0 0 0 0 0 0 0 0 0 1 0 0 1 0 0 1 0 0 0 1 0 0 1 0 0 0 0 0 0 1 0 0 0 0 0 0 0 0 0 0 0 0 0 0 0 0 0 0 0 0 0 0 1 0 0 0 0 0 0 0 0 0 0 
0 0 0 0 0 0 0 0 0 0 0 0 0 0 0 0 0 0 0 0 0 0 0 0 0 1 0 0 0 0 0 0 0 0 0 0 0 0 1 0 0 0 0 0 0 0 0 0 0 0 0 0 0 0 0 0 0 0 1 0 0 0 1 0 0 0 0 0 0 0 0 0 0 0 0 0 0 0 0 0 0 0 0 0 0 0 0 0 0 1 0 0 0 1 1 0 0 0 0 0 0 0 0 0 1 0 0 0 0 0 0 0 0 1 0 0 0 0 0 0 0 0 0 1 0 0 0 0 0 0 0 0 0 0 0 0 0 0 0 0 0 0 0 1 0 0 0 0 1 0 0 0 0 0 0 0 0 1 0 0 1 0 0 0 0 0 0 0 0 0 0 0 0 0 0 0 0 0 0 0 0 0 0 0 0 1 0 0 0 0 0 0 0 0 0 0 0 0 0 1 0 0 0 0 0 0 0 0 0 0 0 0 0 0 0 0 0 0 0 0 0 0 0 0 0 0 1 0 0 0 1 0 0 0 0 0 0 0 0 0 0 0 0 0 0 0 0 0 0 0 1 1 0 0 0 0 
0 0 0 0 0 0 0 0 0 0 1 0 0 1 0 0 0 0 0 0 0 0 0 0 0 0 0 0 0 0 1 0 0 0 0 0 0 0 0 0 0 0 0 0 0 0 0 0 0 0 0 0 0 0 0 0 0 0 0 0 0 0 0 0 0 0 0 0 0 0 0 0 0 0 0 0 0 0 0 0 0 0 0 0 0 0 0 0 0 0 0 0 0 0 0 0 0 0 0 0 0 0 0 0 0 0 1 0 0 1 0 0 0 0 0 0 0 0 0 0 0 0 0 0 1 0 0 0 0 0 0 0 0 0 0 0 0 0 0 0 0 0 0 0 0 0 0 0 0 0 0 1 0 0 0 0 0 0 0 0 0 0 0 0 0 0 0 0 0 0 0 1 0 0 0 0 0 0 0 0 0 0 0 0 0 0 0 0 0 0 1 0 0 0 0 0 0 0 0 0 0 0 0 0 0 0 0 0 0 0 0 0 0 0 0 0 0 0 0 0 0 0 0 0 0 0 0 1 0 0 0 0 0 0 0 0 0 0 0 0 0 0 0 0 0 0 0 0 1 0 0 0 0 0 0 0 
0 0 0 1 0 0 0 0 0 0 0 0 0 0 0 0 0 0 0 0 0 0 0 0 0 0 0 0 0 0 0 0 0 1 1 0 0 0 0 0 0 1 0 1 1 0 0 0 0 1 0 0 0 0 0 0 1 0 0 0 0 0 0 0 0 0 0 0 1 0 0 1 0 1 0 1 0 0 0 0 0 0 0 0 0 0 0 0 0 0 0 0 0 1 0 0 0 0 0 0 0 0 0 0 0 0 0 0 0 0 0 0 0 1 0 0 0 0 0 0 0 0 0 0 0 1 0 0 0 0 1 0 0 0 0 0 0 0 0 0 0 0 0 1 0 0 0 0 0 0 0 0 0 0 0 0 0 0 0 0 0 0 0 0 0 0 0 0 1 0 1 0 0 0 1 0 0 0 0 0 0 0 0 0 0 0 0 0 1 0 0 0 0 1 1 0 0 0 0 0 0 0 0 0 0 0 0 0 0 0 0 0 0 0 0 0 0 0 0 0 0 0 0 0 0 0 0 0 0 0 0 0 0 0 0 0 0 0 1 2 0 0 0 0 0 0 0 0 0 0 0 1 0 0 0 0 
0 1 0 0 0 0 0 0 0 0 0 0 0 0 0 0 0 0 0 0 0 0 0 0 0 0 0 0 0 0 0 1 0 0 0 1 0 0 0 0 0 1 0 0 1 0 0 0 0 1 0 0 0 1 0 0 0 0 0 0 0 0 0 0 0 0 0 0 0 0 0 0 0 0 0 0 0 0 0 0 0 0 0 0 0 1 1 1 0 0 0 0 0 0 0 0 0 0 0 0 0 0 0 0 0 0 0 0 0 0 0 0 0 0 0 0 0 0 0 0 0 1 0 0 0 0 0 0 0 0 0 0 0 0 0 0 0 0 2 0 0 0 0 0 0 0 0 0 0 1 1 0 0 0 0 0 0 0 0 0 0 0 0 0 0 0 0 0 0 0 0 0 0 0 0 0 0 0 0 0 0 0 0 0 0 0 0 0 0 0 0 0 0 1 0 0 0 0 0 0 0 0 0 0 0 0 1 0 1 0 0 0 0 0 0 0 0 0 0 0 0 1 1 0 0 0 0 0 1 0 0 0 1 0 0 0 0 0 0 0 0 0 0 0 0 0 0 0 0 0 1 0 0 0 0 0 
0 0 0 0 0 0 1 0 0 0 0 0 0 0 0 0 0 0 0 0 0 0 0 0 0 1 0 0 0 0 0 0 0 0 0 0 0 0 0 0 0 0 0 0 0 1 0 0 0 0 0 0 1 0 0 0 0 0 0 0 0 0 0 0 0 0 0 0 0 0 0 0 0 0 0 0 0 0 0 0 0 0 0 0 0 0 0 0 0 0 0 0 0 0 0 0 1 0 0 0 0 0 0 0 0 0 0 0 0 0 0 0 0 0 0 0 0 0 0 0 0 0 1 0 0 0 0 0 0 0 0 0 0 0 0 0 0 0 0 0 0 0 0 1 0 1 0 0 0 0 0 0 0 0 0 0 0 0 0 0 0 0 0 0 0 0 0 0 0 0 0 0 1 1 0 0 0 0 0 0 0 0 0 0 0 0 1 0 0 1 0 0 0 0 0 0 0 0 0 0 0 0 0 0 1 0 0 0 0 0 0 0 0 0 0 0 0 0 0 0 0 1 0 0 0 0 0 0 0 0 1 0 0 0 0 0 1 0 0 0 1 0 0 0 0 0 0 0 0 0 0 0 0 0 0 0 
0 0 0 0 0 0 0 0 0 0 0 0 0 0 0 0 0 0 0 0 0 0 0 0 0 0 0 0 0 0 0 0 0 0 0 0 0 0 0 0 0 0 0 0 0 0 0 0 0 0 0 0 1 0 0 0 0 0 0 0 0 0 0 0 0 0 0 1 0 0 0 0 0 0 0 0 0 0 0 0 1 0 0 0 0 0 0 1 0 0 0 0 0 0 0 0 0 0 0 0 0 0 0 0 0 0 0 0 0 0 0 1 0 0 0 0 0 0 1 0 0 0 0 0 0 0 0 0 0 0 0 0 0 0 1 0 0 0 1 0 0 0 0 0 0 0 0 0 0 0 0 0 0 0 0 0 0 0 0 0 0 0 0 0 0 0 0 0 0 0 0 0 0 0 0 0 0 0 0 0 0 0 0 0 0 0 0 0 0 0 0 0 0 0 0 0 0 0 0 0 0 0 0 0 0 1 0 0 0 0 0 0 0 0 0 0 0 0 0 0 0 0 1 0 0 0 0 0 0 0 1 0 0 1 0 0 0 0 0 0 0 0 0 0 1 0 0 0 2 1 0 0 0 0 0 0 
0 0 0 0 0 0 0 2 1 0 0 0 0 0 0 0 0 0 0 0 0 0 0 0 0 0 0 1 0 0 0 0 0 0 0 0 0 0 0 0 0 0 0 0 0 0 0 0 0 0 0 0 0 0 0 0 0 1 0 0 0 0 0 0 0 0 0 1 0 0 0 0 0 0 0 0 0 1 0 0 0 0 0 0 2 0 0 0 1 0 0 0 1 0 0 0 0 0 0 0 0 0 0 0 0 0 0 0 0 0 0 0 0 0 0 0 0 0 0 0 0 0 0 0 0 0 0 0 0 0 0 0 0 0 0 0 0 0 0 0 0 1 0 0 0 0 0 0 0 0 0 0 0 0 0 0 0 0 0 0 0 0 0 0 1 1 0 0 0 0 0 1 0 0 1 0 1 0 0 0 0 0 0 0 0 0 0 0 0 0 0 0 0 0 0 0 0 1 0 0 0 0 0 0 0 0 0 0 0 0 0 0 0 0 0 0 0 0 0 0 0 0 0 0 0 0 0 0 0 0 0 0 0 0 1 0 0 0 0 0 0 0 0 0 0 0 0 0 0 0 1 0 0 0 0 2 
0 0 0 0 0 0 0 0 0 0 0 0 0 0 0 0 1 0 0 1 0 0 0 1 0 1 0 0 1 0 0 0 0 1 0 0 0 0 0 0 0 0 0 0 0 0 0 0 0 0 0 0 0 0 0 0 0 0 0 0 0 0 0 0 0 0 0 0 0 0 0 0 0 0 0 0 0 0 0 0 0 0 0 0 0 0 0 0 0 0 1 0 1 0 0 0 0 0 0 0 0 0 0 0 0 0 0 0 0 0 0 0 0 0 0 0 0 0 0 0 0 0 0 0 0 0 0 0 0 0 0 0 0 0 0 0 0 0 0 0 0 0 0 0 0 0 0 0 0 0 0 0 0 1 1 0 0 0 0 0 0 0 0 0 0 0 0 1 0 1 0 0 0 0 0 0 0 0 0 0 0 0 0 0 0 0 0 0 1 0 0 0 0 0 0 0 0 0 0 0 0 0 0 1 0 1 0 0 0 0 0 0 0 0 0 0 0 0 0 0 0 0 0 0 0 0 0 1 0 0 0 0 0 0 0 0 0 0 0 0 0 0 0 0 1 0 1 0 0 0 0 0 1 0 0 0 
0 0 0 0 0 0 0 0 0 0 0 0 0 0 0 0 0 0 0 0 0 1 1 0 0 0 0 0 0 0 0 0 0 0 0 0 0 0 0 0 0 0 0 0 0 0 0 0 0 0 0 0 0 0 0 0 0 0 0 0 0 0 0 0 0 0 0 0 0 0 0 0 0 0 1 0 0 0 0 0 0 0 0 0 0 0 0 0 0 0 0 0 0 0 0 0 0 0 0 0 0 0 0 0 0 0 0 0 1 0 0 0 0 1 0 0 0 0 0 0 0 0 0 0 0 0 0 0 0 0 0 0 0 0 0 0 0 0 0 0 0 0 0 0 0 0 0 0 0 0 0 0 0 0 0 0 0 0 0 0 0 0 0 0 0 0 0 0 0 0 1 0 0 0 0 0 0 0 0 0 0 0 1 0 0 0 0 0 1 0 0 0 0 0 0 0 0 0 0 0 0 0 1 0 0 0 0 0 0 0 0 0 0 0 0 0 0 0 0 0 1 0 1 0 0 0 0 0 0 0 0 0 0 0 0 1 0 0 0 0 0 0 0 0 0 0 0 0 0 0 0 0 1 0 1 0 
0 0 0 2 0 0 0 0 0 0 0 0 0 0 1 0 1 0 0 0 0 0 0 0 0 0 0 0 0 0 0 0 0 0 0 1 0 0 0 0 0 0 0 0 0 0 1 0 0 0 0 0 0 0 0 0 0 0 0 0 0 1 0 0 0 0 0 0 0 0 0 0 0 0 0 0 0 1 0 0 0 0 0 1 0 1 0 0 0 0 0 0 0 0 0 0 0 0 0 0 0 0 1 0 0 0 0 0 0 0 0 0 0 0 0 0 0 0 1 0 1 1 0 0 0 0 0 0 1 0 0 0 0 0 0 0 0 0 0 0 0 0 0 0 0 0 0 0 0 0 0 0 0 0 0 0 0 1 0 0 0 0 0 0 0 0 0 0 0 0 0 0 0 0 0 0 0 0 0 0 0 0 0 0 0 0 0 0 0 0 0 0 0 0 0 0 0 0 0 1 0 0 0 0 0 1 0 0 0 0 0 0 0 0 0 0 0 0 0 0 0 0 0 0 0 0 0 0 0 0 0 1 0 0 0 0 1 0 0 0 0 0 1 0 0 0 0 0 0 0 0 0 0 0 0 0 
0 0 1 0 0 0 0 0 0 0 0 0 0 0 0 0 0 0 0 0 0 0 0 0 0 0 0 0 0 0 1 0 1 0 0 0 0 0 0 0 0 0 0 0 0 0 0 0 0 0 0 0 0 0 0 0 0 0 0 1 0 1 0 0 0 0 0 0 0 0 0 0 0 0 0 0 0 0 0 0 1 0 0 0 0 0 0 0 0 0 0 0 0 0 0 0 0 0 0 0 0 0 0 0 0 0 0 0 1 0 0 0 0 0 0 0 0 0 0 0 0 0 0 0 0 0 0 0 0 0 0 1 0 0 0 0 0 2 0 0 0 0 0 0 0 0 0 0 0 0 0 0 0 0 0 0 1 0 0 0 0 0 0 0 0 0 0 0 0 0 0 0 0 0 0 0 0 0 0 0 0 0 0 0 0 0 0 0 1 0 0 0 0 0 0 0 0 0 1 0 0 0 0 0 0 0 0 0 0 0 0 0 0 0 0 0 0 1 0 0 0 1 0 0 0 0 0 0 0 0 0 0 0 0 0 1 0 0 0 0 0 0 0 0 0 0 1 1 0 0 0 0 0 0 0 0 
0 0 0 0 0 0 0 0 0 0 0 0 0 0 0 0 0 0 0 0 0 0 0 0 0 0 0 0 0 1 1 0 0 0 0 0 0 0 0 0 0 0 0 1 0 0 0 0 0 2 0 0 0 0 0 0 0 0 0 0 0 0 0 0 0 0 0 0 0 0 0 0 1 0 0 0 0 1 0 0 0 0 0 0 0 0 0 0 0 0 0 0 0 0 0 0 0 0 0 0 0 0 0 0 0 0 0 0 0 0 0 0 0 1 0 1 0 0 0 0 0 0 0 0 0 1 0 0 0 0 0 0 1 0 0 0 0 0 0 0 0 0 0 0 0 0 0 0 0 0 0 0 1 0 0 0 0 1 0 0 0 0 0 0 0 0 0 0 0 0 0 0 0 0 0 0 0 0 0 0 0 0 0 0 0 0 0 0 0 0 0 0 0 0 0 0 0 1 0 0 0 0 1 0 0 0 0 0 0 0 0 0 0 0 0 0 0 0 1 0 0 0 0 0 0 0 0 0 0 0 0 0 1 0 0 0 0 0 0 0 0 1 0 0 0 0 0 0 0 0 0 0 0 0 0 0 
0 0 0 0 0 1 0 2 0 0 0 0 0 0 0 0 0 0 0 0 1 1 0 0 0 0 0 0 0 0 0 0 0 0 0 0 0 0 0 0 0 0 0 0 0 0 0 0 0 0 0 0 0 0 0 0 0 0 0 0 0 0 0 0 0 0 0 1 0 1 0 0 0 0 0 1 0 0 0 0 1 0 0 0 0 0 1 0 1 0 1 0 0 0 0 0 0 0 0 0 1 0 0 0 1 0 0 0 0 0 0 0 0 0 0 0 0 0 0 0 0 0 0 0 0 0 0 0 0 0 0 0 0 0 1 0 0 0 0 0 0 0 0 0 0 0 0 0 0 0 0 0 0 0 0 0 0 0 0 0 0 0 0 0 0 0 0 0 0 0 1 0 1 0 0 0 0 0 0 0 0 0 0 0 0 0 0 0 0 0 1 0 0 0 0 0 0 0 0 0 0 0 0 0 0 0 0 0 0 1 0 0 0 0 0 0 0 0 0 0 0 0 0 0 0 0 0 1 0 0 0 0 0 0 0 0 0 0 0 0 0 0 0 1 0 0 0 0 0 0 0 0 0 0 0 0 
1 0 0 1 1 0 0 0 0 1 0 0 0 0 0 0 0 0 0 0 0 0 0 0 1 0 0 0 0 0 0 0 0 0 0 0 0 0 0 0 0 0 0 0 0 0 0 0 0 0 0 0 0 1 0 0 0 0 0 0 0 0 0 0 0 0 0 0 0 1 0 0 0 0 1 0 0 0 0 0 0 0 0 1 0 0 0 1 0 0 0 0 0 0 0 0 0 0 1 0 0 0 1 0 0 0 0 0 0 0 0 0 0 0 0 0 1 0 0 0 0 0 0 0 0 0 0 0 0 0 0 0 0 0 0 0 0 1 1 0 0 0 0 0 0 0 0 1 0 0 0 0 0 0 0 0 0 0 0 0 0 0 0 0 0 0 0 0 0 0 0 1 0 0 0 0 0 0 0 0 0 1 0 0 0 0 0 0 0 0 0 0 1 0 0 0 0 0 1 0 0 0 0 0 0 0 0 0 0 0 0 0 0 0 0 0 0 1 0 0 0 1 0 0 0 0 0 0 0 0 0 0 1 0 0 0 0 0 0 0 0 0 0 0 2 0 0 0 0 0 0 0 0 0 0 0 
0 0 0 1 0 0 0 0 0 0 0 0 0 0 0 0 0 0 0 0 0 0 0 0 0 0 0 0 0 0 0 1 0 0 0 0 0 0 0 0 0 0 0 0 0 0 0 0 1 0 0 0 0 0 0 0 0 0 1 0 0 0 0 0 0 0 0 0 0 0 0 0 1 0 0 0 0 0 0 0 0 0 0 0 0 0 0 0 0 0 1 0 0 1 0 0 1 0 0 0 0 0 0 0 0 0 0 0 0 0 0 0 0 0 0 0 1 0 0 0 0 0 0 0 0 0 0 0 0 0 0 0 0 1 1 0 0 0 0 1 0 0 1 0 0 0 0 0 0 0 0 0 0 0 0 0 0 0 0 0 0 0 0 0 0 0 0 0 0 0 0 0 0 0 0 0 0 1 0 1 1 0 1 0 0 0 0 0 1 1 1 0 0 0 0 0 0 0 0 0 0 0 0 0 0 0 0 0 0 0 0 0 2 0 0 0 0 0 0 1 0 0 0 0 0 0 0 0 0 0 0 0 0 0 0 0 0 0 0 0 0 0 0 0 0 0 0 0 1 0 0 0 0 0 0 0 
0 0 0 0 0 0 0 0 0 0 0 0 0 0 0 0 0 0 0 0 0 0 0 0 0 0 0 0 0 0 0 0 0 0 0 0 0 0 0 0 1 0 0 0 0 0 0 0 0 0 0 0 0 1 0 0 0 0 0 0 0 1 1 0 0 0 0 1 0 1 0 0 0 1 0 0 0 0 0 0 0 0 0 0 1 0 0 0 0 0 0 1 0 0 0 0 0 0 0 1 0 1 0 0 0 0 0 0 0 0 0 0 0 0 1 0 0 0 0 0 0 0 0 0 0 0 0 0 0 0 0 0 1 0 0 0 0 0 0 0 0 0 0 0 0 0 0 0 0 0 0 0 0 0 0 0 0 0 0 0 0 0 0 0 0 0 0 0 0 0 0 0 0 1 0 0 0 0 0 0 0 1 0 0 0 0 0 0 0 0 0 0 1 0 0 0 1 0 0 0 0 0 0 0 0 0 0 0 1 0 0 0 0 0 0 0 0 0 0 0 0 0 0 0 0 0 0 0 0 1 0 0 1 0 0 0 0 0 0 1 0 0 0 0 0 0 0 0 0 0 0 0 0 0 0 0 
0 0 0 0 0 0 1 0 0 0 0 0 0 0 0 0 0 0 0 0 0 1 0 0 0 0 0 0 0 0 0 0 0 0 0 0 0 0 0 0 0 0 0 0 0 0 0 0 0 0 0 0 0 0 0 0 0 0 0 0 1 0 0 0 0 0 1 0 0 0 0 0 0 0 0 0 0 0 0 0 0 0 0 0 1 0 0 0 0 0 0 0 0 0 0 0 1 0 0 0 0 0 0 0 0 0 0 0 0 0 0 1 1 0 0 0 0 0 0 0 0 0 0 0 0 0 0 0 0 0 0 0 0 0 0 0 0 0 0 0 0 0 0 1 0 0 0 0 0 1 0 0 0 0 0 0 0 0 0 0 0 0 0 0 0 0 0 0 0 0 0 0 0 0 0 0 0 0 0 0 0 0 0 0 0 0 0 0 0 0 0 0 0 0 0 0 1 0 0 0 0 0 0 0 0 0 0 0 0 0 0 0 0 0 0 0 0 1 0 0 0 0 0 0 0 0 0 0 0 0 0 0 0 0 0 0 0 0 0 0 0 0 0 0 0 0 0 0 1 0 0 0 0 0 0 0 
0 0 0 0 0 0 0 0 0 0 0 0 0 0 0 1 0 0 0 0 0 0 0 0 0 0 0 0 0 0 0 0 0 0 0 0 0 0 0 0 0 0 0 1 0 0 0 0 0 0 0 1 0 0 1 0 0 0 0 0 0 0 0 0 0 0 0 0 0 0 0 0 0 0 0 0 0 0 0 0 1 0 0 0 0 0 0 0 0 0 0 0 0 0 0 0 0 0 0 0 0 0 0 1 0 0 0 0 0 0 0 0 0 0 0 0 0 0 0 0 1 0 0 0 0 0 0 1 0 1 0 0 0 0 0 0 0 0 0 0 0 0 0 0 0 0 0 0 0 0 0 0 0 0 0 0 0 0 0 0 0 0 0 0 0 0 0 0 0 0 0 0 0 0 0 0 0 0 0 0 0 1 1 0 0 1 0 0 0 0 0 0 0 0 0 0 0 0 0 0 0 0 0 0 0 1 0 0 0 1 0 0 0 0 0 0 0 0 0 0 0 0 0 0 0 0 1 0 0 0 0 0 0 0 0 0 0 0 0 1 0 0 0 0 0 0 0 0 0 0 0 0 0 0 0 0 
0 0 0 0 0 0 0 1 0 0 0 0 0 0 0 0 0 0 0 0 1 0 0 0 0 0 0 0 0 0 0 0 0 1 0 0 0 0 0 1 0 0 0 1 0 0 1 0 0 0 0 1 0 0 0 0 0 1 0 0 0 0 0 0 0 0 0 0 0 0 0 0 0 0 0 0 0 0 1 0 0 0 0 0 0 0 0 0 0 0 0 0 0 0 0 0 0 0 0 0 0 0 0 0 2 0 0 0 0 0 0 0 0 2 0 0 0 0 0 0 0 0 0 0 0 0 0 0 0 0 1 0 0 1 0 0 0 0 0 0 0 0 0 0 0 0 0 0 0 0 0 0 0 0 0 0 0 0 0 0 0 0 0 0 0 0 0 0 0 0 0 0 0 1 0 0 0 0 0 0 0 0 0 0 0 0 0 0 1 0 1 0 0 0 0 0 0 0 0 0 0 0 0 0 1 0 0 1 0 0 0 0 0 0 0 0 0 0 1 0 0 0 0 0 0 0 0 0 0 0 0 0 0 0 0 0 0 0 1 0 2 0 0 0 1 0 0 0 0 0 0 0 0 0 0 0 
0 0 0 0 0 0 0 0 0 0 0 0 0 0 0 0 0 0 0 0 0 0 0 0 0 0 0 0 0 0 0 0 0 0 0 0 0 0 0 0 0 0 0 0 0 0 0 0 0 0 0 0 0 0 0 0 0 0 0 0 0 0 0 0 1 0 0 0 0 0 0 0 0 1 0 0 0 0 1 0 0 0 0 0 0 0 0 0 0 0 0 0 0 0 0 0 0 0 0 0 0 0 0 0 0 0 0 0 0 0 0 0 0 0 0 0 0 0 0 0 0 0 0 0 0 0 1 0 0 0 0 0 0 0 0 0 0 0 0 0 0 0 0 0 0 0 0 0 0 0 0 0 0 0 0 0 1 0 0 0 0 0 0 0 0 0 1 0 0 0 0 0 0 0 0 0 0 0 0 0 0 0 0 1 0 0 0 0 0 1 0 0 0 0 0 0 0 0 0 0 0 0 0 0 0 0 0 0 0 0 0 0 0 0 0 0 0 0 0 0 0 0 0 0 0 0 0 0 0 0 0 0 0 0 0 0 0 0 0 0 0 0 0 0 0 1 0 1 0 0 0 0 0 0 0 0 
0 0 0 0 0 0 0 0 0 0 0 0 0 1 0 0 0 1 0 0 0 0 0 0 0 0 0 0 0 0 0 0 0 1 0 0 0 1 0 0 0 0 0 0 0 0 0 0 1 0 0 0 0 0 0 0 0 0 0 0 0 0 0 0 0 1 0 0 0 0 0 0 0 0 0 0 0 0 0 0 1 0 0 0 0 0 0 0 0 0 0 0 0 0 0 0 0 0 0 0 0 0 0 0 0 0 0 0 0 0 0 0 0 0 0 0 0 0 1 0 1 0 0 0 0 0 0 0 0 0 0 0 1 0 0 0 1 0 0 0 0 0 0 0 0 0 0 0 0 0 0 0 0 0 0 0 1 0 0 0 0 0 0 0 0 0 0 0 0 0 0 0 1 0 0 2 0 0 0 0 0 0 0 0 0 0 0 0 0 0 0 0 0 0 0 0 0 0 0 0 0 0 1 0 0 1 0 0 0 0 0 0 0 0 1 0 0 0 0 0 0 0 0 0 0 0 0 0 0 0 0 0 0 0 0 0 0 0 0 0 0 0 0 0 0 0 0 0 0 0 0 0 0 0 0 0 
0 0 0 0 0 0 0 0 0 0 0 0 0 0 0 0 1 0 0 0 0 0 0 0 0 0 0 0 0 0 0 0 0 0 0 1 0 0 0 0 0 0 0 0 0 0 0 0 0 0 0 0 0 0 0 0 0 0 0 0 0 0 0 0 0 0 0 0 0 0 0 0 1 0 0 0 0 0 0 0 0 0 0 0 1 0 0 0 0 0 0 0 1 0 0 0 1 0 0 0 0 0 0 0 0 0 0 0 0 0 0 0 0 0 0 0 1 0 0 0 0 0 0 0 0 0 0 0 0 0 0 0 0 0 0 0 0 0 0 0 0 0 0 0 0 0 0 0 0 0 0 0 1 0 0 0 0 0 0 0 1 0 0 0 0 0 0 0 0 0 0 0 0 0 0 0 0 0 1 0 0 0 0 0 0 0 0 0 0 0 0 0 0 0 0 0 0 0 0 0 0 0 0 0 0 0 0 0 0 0 0 2 0 0 0 0 0 0 0 0 0 1 0 0 0 0 0 0 0 0 0 0 1 0 0 1 0 0 0 0 0 0 1 0 0 0 0 0 0 0 0 0 0 0 0 0 
0 0 0 0 0 0 0 0 0 0 0 0 0 1 0 0 0 0 0 0 0 0 0 0 0 0 0 0 0 0 0 0 0 0 0 0 0 0 0 1 0 0 0 1 0 0 0 0 0 0 0 0 0 0 0 1 0 0 0 0 0 0 0 0 0 0 0 0 0 0 0 0 0 0 0 0 0 0 0 0 0 0 0 0 0 0 0 0 0 1 1 0 0 0 0 0 0 0 0 0 0 0 0 0 0 1 0 0 0 0 0 0 0 0 0 1 0 0 0 0 0 0 0 0 0 0 0 0 0 0 0 0 0 0 0 0 0 0 0 0 0 0 0 0 0 0 0 1 0 0 0 0 0 0 0 0 0 0 0 0 0 0 0 0 0 0 0 0 0 0 0 0 0 0 0 0 1 0 0 0 0 0 1 0 0 0 0 0 1 0 0 0 0 0 0 0 0 0 0 1 0 0 0 0 0 1 0 0 0 0 0 1 0 0 0 0 0 0 0 0 0 0 0 0 0 0 0 0 0 0 0 0 0 0 0 0 0 0 0 0 0 0 0 0 0 0 0 0 0 0 0 0 0 0 0 0 
1 0 0 0 1 1 0 0 0 0 0 0 0 0 0 0 0 1 0 1 1 0 0 0 0 0 0 0 0 0 0 0 0 0 0 0 0 0 0 0 0 0 0 0 0 0 0 0 0 0 0 0 0 0 0 0 0 0 0 0 0 0 0 0 0 0 0 0 0 0 0 0 0 0 0 0 0 0 0 0 1 0 0 0 0 0 0 0 0 0 0 0 0 0 0 0 0 0 0 0 0 0 0 0 0 0 0 0 0 0 0 0 0 0 0 0 0 0 0 0 0 0 0 0 0 0 0 0 0 0 0 0 0 0 0 0 0 0 1 0 0 0 0 0 0 0 0 0 0 0 0 0 0 0 1 0 0 0 0 1 0 0 1 0 0 0 0 0 0 0 0 0 0 0 1 0 0 0 0 0 0 0 0 0 0 0 0 2 0 0 0 0 0 0 0 0 0 0 0 0 0 0 1 0 0 0 0 0 0 0 0 0 0 0 0 0 1 0 1 0 0 0 0 0 0 0 0 0 0 0 0 0 0 0 0 1 0 0 0 0 0 0 0 0 1 0 0 0 0 0 1 0 0 0 0 0 
0 0 0 0 0 1 0 0 0 0 0 0 0 0 0 0 0 0 0 0 0 1 0 0 0 0 0 0 0 0 0 0 0 0 0 0 0 0 0 0 0 0 0 0 0 0 0 0 0 0 0 0 0 1 0 0 0 0 0 1 0 0 0 0 0 0 0 0 1 0 1 0 0 0 0 0 0 0 0 0 0 0 0 0 0 0 0 0 0 0 0 0 0 0 0 1 0 0 0 0 0 0 0 0 0 0 0 0 0 0 0 0 1 0 0 0 0 0 0 0 0 1 0 0 0 0 0 0 0 1 0 0 0 0 0 0 0 1 0 0 0 0 0 0 0 0 0 0 0 0 0 0 1 0 0 0 0 0 0 0 0 0 0 0 0 0 0 0 0 0 0 0 0 0 0 0 0 0 0 0 1 0 0 0 1 0 0 1 0 0 1 0 1 0 0 0 0 0 0 0 0 0 0 0 0 0 0 0 0 0 0 0 0 0 0 0 0 0 0 0 0 0 0 0 0 0 1 0 0 0 0 0 0 0 0 0 0 0 0 0 0 0 0 0 0 0 0 0 0 0 0 0 0 0 0 0 
